datum,uhrzeit_start,uhrzeit_ende,zaehlstelle,richtung_1,richtung_2,gesamt
2026.02.01,00:00,00:15,Arnulf,1,0,1
2026.02.01,00:15,00:30,Arnulf,0,1,1
2026.02.01,00:30,00:45,Arnulf,1,0,1
2026.02.01,00:45,01:00,Arnulf,0,0,0
2026.02.01,01:00,01:15,Arnulf,1,1,2
2026.02.01,01:15,01:30,Arnulf,2,1,3
2026.02.01,01:30,01:45,Arnulf,0,2,2
2026.02.01,01:45,02:00,Arnulf,4,0,4
2026.02.01,02:00,02:15,Arnulf,1,0,1
2026.02.01,02:15,02:30,Arnulf,0,0,0
2026.02.01,02:30,02:45,Arnulf,1,0,1
2026.02.01,02:45,03:00,Arnulf,2,0,2
2026.02.01,03:00,03:15,Arnulf,3,0,3
2026.02.01,03:15,03:30,Arnulf,1,1,2
2026.02.01,03:30,03:45,Arnulf,0,0,0
2026.02.01,03:45,04:00,Arnulf,2,0,2
2026.02.01,04:00,04:15,Arnulf,2,0,2
2026.02.01,04:15,04:30,Arnulf,0,0,0
2026.02.01,04:30,04:45,Arnulf,1,0,1
2026.02.01,04:45,05:00,Arnulf,3,1,4
2026.02.01,05:00,05:15,Arnulf,0,0,0
2026.02.01,05:15,05:30,Arnulf,1,0,1
2026.02.01,05:30,05:45,Arnulf,3,0,3
2026.02.01,05:45,06:00,Arnulf,3,0,3
2026.02.01,06:00,06:15,Arnulf,1,0,1
2026.02.01,06:15,06:30,Arnulf,1,0,1
2026.02.01,06:30,06:45,Arnulf,2,0,2
2026.02.01,06:45,07:00,Arnulf,1,0,1
2026.02.01,07:00,07:15,Arnulf,2,0,2
2026.02.01,07:15,07:30,Arnulf,1,0,1
2026.02.01,07:30,07:45,Arnulf,1,0,1
2026.02.01,07:45,08:00,Arnulf,3,0,3
2026.02.01,08:00,08:15,Arnulf,0,1,1
2026.02.01,08:15,08:30,Arnulf,2,0,2
2026.02.01,08:30,08:45,Arnulf,2,0,2
2026.02.01,08:45,09:00,Arnulf,3,0,3
2026.02.01,09:00,09:15,Arnulf,1,1,2
2026.02.01,09:15,09:30,Arnulf,3,0,3
2026.02.01,09:30,09:45,Arnulf,1,0,1
2026.02.01,09:45,10:00,Arnulf,4,1,5
2026.02.01,10:00,10:15,Arnulf,2,0,2
2026.02.01,10:15,10:30,Arnulf,2,2,4
2026.02.01,10:30,10:45,Arnulf,1,0,1
2026.02.01,10:45,11:00,Arnulf,7,0,7
2026.02.01,11:00,11:15,Arnulf,7,0,7
2026.02.01,11:15,11:30,Arnulf,11,0,11
2026.02.01,11:30,11:45,Arnulf,6,0,6
2026.02.01,11:45,12:00,Arnulf,5,6,11
2026.02.01,12:00,12:15,Arnulf,4,2,6
2026.02.01,12:15,12:30,Arnulf,5,0,5
2026.02.01,12:30,12:45,Arnulf,4,1,5
2026.02.01,12:45,13:00,Arnulf,3,0,3
2026.02.01,13:00,13:15,Arnulf,5,1,6
2026.02.01,13:15,13:30,Arnulf,14,0,14
2026.02.01,13:30,13:45,Arnulf,10,0,10
2026.02.01,13:45,14:00,Arnulf,12,2,14
2026.02.01,14:00,14:15,Arnulf,7,0,7
2026.02.01,14:15,14:30,Arnulf,8,1,9
2026.02.01,14:30,14:45,Arnulf,6,0,6
2026.02.01,14:45,15:00,Arnulf,11,0,11
2026.02.01,15:00,15:15,Arnulf,11,1,12
2026.02.01,15:15,15:30,Arnulf,5,0,5
2026.02.01,15:30,15:45,Arnulf,3,0,3
2026.02.01,15:45,16:00,Arnulf,6,2,8
2026.02.01,16:00,16:15,Arnulf,4,1,5
2026.02.01,16:15,16:30,Arnulf,9,1,10
2026.02.01,16:30,16:45,Arnulf,8,1,9
2026.02.01,16:45,17:00,Arnulf,9,0,9
2026.02.01,17:00,17:15,Arnulf,6,0,6
2026.02.01,17:15,17:30,Arnulf,8,1,9
2026.02.01,17:30,17:45,Arnulf,10,2,12
2026.02.01,17:45,18:00,Arnulf,15,0,15
2026.02.01,18:00,18:15,Arnulf,2,5,7
2026.02.01,18:15,18:30,Arnulf,3,0,3
2026.02.01,18:30,18:45,Arnulf,5,0,5
2026.02.01,18:45,19:00,Arnulf,6,0,6
2026.02.01,19:00,19:15,Arnulf,6,0,6
2026.02.01,19:15,19:30,Arnulf,2,0,2
2026.02.01,19:30,19:45,Arnulf,4,0,4
2026.02.01,19:45,20:00,Arnulf,6,0,6
2026.02.01,20:00,20:15,Arnulf,3,0,3
2026.02.01,20:15,20:30,Arnulf,12,2,14
2026.02.01,20:30,20:45,Arnulf,6,0,6
2026.02.01,20:45,21:00,Arnulf,1,0,1
2026.02.01,21:00,21:15,Arnulf,0,1,1
2026.02.01,21:15,21:30,Arnulf,3,0,3
2026.02.01,21:30,21:45,Arnulf,1,0,1
2026.02.01,21:45,22:00,Arnulf,4,0,4
2026.02.01,22:00,22:15,Arnulf,2,0,2
2026.02.01,22:15,22:30,Arnulf,7,0,7
2026.02.01,22:30,22:45,Arnulf,4,0,4
2026.02.01,22:45,23:00,Arnulf,1,0,1
2026.02.01,23:00,23:15,Arnulf,1,0,1
2026.02.01,23:15,23:30,Arnulf,0,0,0
2026.02.01,23:30,23:45,Arnulf,1,0,1
2026.02.01,23:45,00:00,Arnulf,2,0,2
2026.02.02,00:00,00:15,Arnulf,1,0,1
2026.02.02,00:15,00:30,Arnulf,1,1,2
2026.02.02,00:30,00:45,Arnulf,0,0,0
2026.02.02,00:45,01:00,Arnulf,0,0,0
2026.02.02,01:00,01:15,Arnulf,0,0,0
2026.02.02,01:15,01:30,Arnulf,0,0,0
2026.02.02,01:30,01:45,Arnulf,0,0,0
2026.02.02,01:45,02:00,Arnulf,0,0,0
2026.02.02,02:00,02:15,Arnulf,0,0,0
2026.02.02,02:15,02:30,Arnulf,0,0,0
2026.02.02,02:30,02:45,Arnulf,0,0,0
2026.02.02,02:45,03:00,Arnulf,1,0,1
2026.02.02,03:00,03:15,Arnulf,0,0,0
2026.02.02,03:15,03:30,Arnulf,0,0,0
2026.02.02,03:30,03:45,Arnulf,1,0,1
2026.02.02,03:45,04:00,Arnulf,0,0,0
2026.02.02,04:00,04:15,Arnulf,1,0,1
2026.02.02,04:15,04:30,Arnulf,0,0,0
2026.02.02,04:30,04:45,Arnulf,2,0,2
2026.02.02,04:45,05:00,Arnulf,5,0,5
2026.02.02,05:00,05:15,Arnulf,5,0,5
2026.02.02,05:15,05:30,Arnulf,4,0,4
2026.02.02,05:30,05:45,Arnulf,2,0,2
2026.02.02,05:45,06:00,Arnulf,5,0,5
2026.02.02,06:00,06:15,Arnulf,9,0,9
2026.02.02,06:15,06:30,Arnulf,9,1,10
2026.02.02,06:30,06:45,Arnulf,9,0,9
2026.02.02,06:45,07:00,Arnulf,19,0,19
2026.02.02,07:00,07:15,Arnulf,26,2,28
2026.02.02,07:15,07:30,Arnulf,22,0,22
2026.02.02,07:30,07:45,Arnulf,31,1,32
2026.02.02,07:45,08:00,Arnulf,52,1,53
2026.02.02,08:00,08:15,Arnulf,52,1,53
2026.02.02,08:15,08:30,Arnulf,57,2,59
2026.02.02,08:30,08:45,Arnulf,47,3,50
2026.02.02,08:45,09:00,Arnulf,63,2,65
2026.02.02,09:00,09:15,Arnulf,32,1,33
2026.02.02,09:15,09:30,Arnulf,29,0,29
2026.02.02,09:30,09:45,Arnulf,28,2,30
2026.02.02,09:45,10:00,Arnulf,35,2,37
2026.02.02,10:00,10:15,Arnulf,19,0,19
2026.02.02,10:15,10:30,Arnulf,20,0,20
2026.02.02,10:30,10:45,Arnulf,15,1,16
2026.02.02,10:45,11:00,Arnulf,18,1,19
2026.02.02,11:00,11:15,Arnulf,13,0,13
2026.02.02,11:15,11:30,Arnulf,9,0,9
2026.02.02,11:30,11:45,Arnulf,14,1,15
2026.02.02,11:45,12:00,Arnulf,12,3,15
2026.02.02,12:00,12:15,Arnulf,8,0,8
2026.02.02,12:15,12:30,Arnulf,23,1,24
2026.02.02,12:30,12:45,Arnulf,14,2,16
2026.02.02,12:45,13:00,Arnulf,19,0,19
2026.02.02,13:00,13:15,Arnulf,11,0,11
2026.02.02,13:15,13:30,Arnulf,30,3,33
2026.02.02,13:30,13:45,Arnulf,9,0,9
2026.02.02,13:45,14:00,Arnulf,16,5,21
2026.02.02,14:00,14:15,Arnulf,9,1,10
2026.02.02,14:15,14:30,Arnulf,11,2,13
2026.02.02,14:30,14:45,Arnulf,21,2,23
2026.02.02,14:45,15:00,Arnulf,18,2,20
2026.02.02,15:00,15:15,Arnulf,26,2,28
2026.02.02,15:15,15:30,Arnulf,18,0,18
2026.02.02,15:30,15:45,Arnulf,22,1,23
2026.02.02,15:45,16:00,Arnulf,14,2,16
2026.02.02,16:00,16:15,Arnulf,27,3,30
2026.02.02,16:15,16:30,Arnulf,21,2,23
2026.02.02,16:30,16:45,Arnulf,28,4,32
2026.02.02,16:45,17:00,Arnulf,31,2,33
2026.02.02,17:00,17:15,Arnulf,26,0,26
2026.02.02,17:15,17:30,Arnulf,36,0,36
2026.02.02,17:30,17:45,Arnulf,38,1,39
2026.02.02,17:45,18:00,Arnulf,44,2,46
2026.02.02,18:00,18:15,Arnulf,47,0,47
2026.02.02,18:15,18:30,Arnulf,27,3,30
2026.02.02,18:30,18:45,Arnulf,32,0,32
2026.02.02,18:45,19:00,Arnulf,33,1,34
2026.02.02,19:00,19:15,Arnulf,26,3,29
2026.02.02,19:15,19:30,Arnulf,15,1,16
2026.02.02,19:30,19:45,Arnulf,21,0,21
2026.02.02,19:45,20:00,Arnulf,25,1,26
2026.02.02,20:00,20:15,Arnulf,20,0,20
2026.02.02,20:15,20:30,Arnulf,16,0,16
2026.02.02,20:30,20:45,Arnulf,15,2,17
2026.02.02,20:45,21:00,Arnulf,10,0,10
2026.02.02,21:00,21:15,Arnulf,9,0,9
2026.02.02,21:15,21:30,Arnulf,14,1,15
2026.02.02,21:30,21:45,Arnulf,7,0,7
2026.02.02,21:45,22:00,Arnulf,10,1,11
2026.02.02,22:00,22:15,Arnulf,11,0,11
2026.02.02,22:15,22:30,Arnulf,7,0,7
2026.02.02,22:30,22:45,Arnulf,6,0,6
2026.02.02,22:45,23:00,Arnulf,2,0,2
2026.02.02,23:00,23:15,Arnulf,3,0,3
2026.02.02,23:15,23:30,Arnulf,4,1,5
2026.02.02,23:30,23:45,Arnulf,1,0,1
2026.02.02,23:45,00:00,Arnulf,2,0,2
2026.02.03,00:00,00:15,Arnulf,1,0,1
2026.02.03,00:15,00:30,Arnulf,1,1,2
2026.02.03,00:30,00:45,Arnulf,1,1,2
2026.02.03,00:45,01:00,Arnulf,0,0,0
2026.02.03,01:00,01:15,Arnulf,0,0,0
2026.02.03,01:15,01:30,Arnulf,1,0,1
2026.02.03,01:30,01:45,Arnulf,2,0,2
2026.02.03,01:45,02:00,Arnulf,0,0,0
2026.02.03,02:00,02:15,Arnulf,0,0,0
2026.02.03,02:15,02:30,Arnulf,0,1,1
2026.02.03,02:30,02:45,Arnulf,0,0,0
2026.02.03,02:45,03:00,Arnulf,0,0,0
2026.02.03,03:00,03:15,Arnulf,0,0,0
2026.02.03,03:15,03:30,Arnulf,0,0,0
2026.02.03,03:30,03:45,Arnulf,1,0,1
2026.02.03,03:45,04:00,Arnulf,0,0,0
2026.02.03,04:00,04:15,Arnulf,1,0,1
2026.02.03,04:15,04:30,Arnulf,0,0,0
2026.02.03,04:30,04:45,Arnulf,1,0,1
2026.02.03,04:45,05:00,Arnulf,1,0,1
2026.02.03,05:00,05:15,Arnulf,1,0,1
2026.02.03,05:15,05:30,Arnulf,2,0,2
2026.02.03,05:30,05:45,Arnulf,5,0,5
2026.02.03,05:45,06:00,Arnulf,1,0,1
2026.02.03,06:00,06:15,Arnulf,1,0,1
2026.02.03,06:15,06:30,Arnulf,2,0,2
2026.02.03,06:30,06:45,Arnulf,6,1,7
2026.02.03,06:45,07:00,Arnulf,10,2,12
2026.02.03,07:00,07:15,Arnulf,16,1,17
2026.02.03,07:15,07:30,Arnulf,14,2,16
2026.02.03,07:30,07:45,Arnulf,24,1,25
2026.02.03,07:45,08:00,Arnulf,32,3,35
2026.02.03,08:00,08:15,Arnulf,37,1,38
2026.02.03,08:15,08:30,Arnulf,37,3,40
2026.02.03,08:30,08:45,Arnulf,33,1,34
2026.02.03,08:45,09:00,Arnulf,35,0,35
2026.02.03,09:00,09:15,Arnulf,28,3,31
2026.02.03,09:15,09:30,Arnulf,14,3,17
2026.02.03,09:30,09:45,Arnulf,16,0,16
2026.02.03,09:45,10:00,Arnulf,16,2,18
2026.02.03,10:00,10:15,Arnulf,14,0,14
2026.02.03,10:15,10:30,Arnulf,15,0,15
2026.02.03,10:30,10:45,Arnulf,12,0,12
2026.02.03,10:45,11:00,Arnulf,12,1,13
2026.02.03,11:00,11:15,Arnulf,10,0,10
2026.02.03,11:15,11:30,Arnulf,7,1,8
2026.02.03,11:30,11:45,Arnulf,6,2,8
2026.02.03,11:45,12:00,Arnulf,17,1,18
2026.02.03,12:00,12:15,Arnulf,12,2,14
2026.02.03,12:15,12:30,Arnulf,15,0,15
2026.02.03,12:30,12:45,Arnulf,11,4,15
2026.02.03,12:45,13:00,Arnulf,10,1,11
2026.02.03,13:00,13:15,Arnulf,7,2,9
2026.02.03,13:15,13:30,Arnulf,13,3,16
2026.02.03,13:30,13:45,Arnulf,12,1,13
2026.02.03,13:45,14:00,Arnulf,14,0,14
2026.02.03,14:00,14:15,Arnulf,10,0,10
2026.02.03,14:15,14:30,Arnulf,9,2,11
2026.02.03,14:30,14:45,Arnulf,13,1,14
2026.02.03,14:45,15:00,Arnulf,16,2,18
2026.02.03,15:00,15:15,Arnulf,13,5,18
2026.02.03,15:15,15:30,Arnulf,15,0,15
2026.02.03,15:30,15:45,Arnulf,14,2,16
2026.02.03,15:45,16:00,Arnulf,14,3,17
2026.02.03,16:00,16:15,Arnulf,12,2,14
2026.02.03,16:15,16:30,Arnulf,16,4,20
2026.02.03,16:30,16:45,Arnulf,24,1,25
2026.02.03,16:45,17:00,Arnulf,18,1,19
2026.02.03,17:00,17:15,Arnulf,9,3,12
2026.02.03,17:15,17:30,Arnulf,21,1,22
2026.02.03,17:30,17:45,Arnulf,33,2,35
2026.02.03,17:45,18:00,Arnulf,22,3,25
2026.02.03,18:00,18:15,Arnulf,25,3,28
2026.02.03,18:15,18:30,Arnulf,25,3,28
2026.02.03,18:30,18:45,Arnulf,18,2,20
2026.02.03,18:45,19:00,Arnulf,22,0,22
2026.02.03,19:00,19:15,Arnulf,20,3,23
2026.02.03,19:15,19:30,Arnulf,14,1,15
2026.02.03,19:30,19:45,Arnulf,11,0,11
2026.02.03,19:45,20:00,Arnulf,8,1,9
2026.02.03,20:00,20:15,Arnulf,6,0,6
2026.02.03,20:15,20:30,Arnulf,3,2,5
2026.02.03,20:30,20:45,Arnulf,5,0,5
2026.02.03,20:45,21:00,Arnulf,4,0,4
2026.02.03,21:00,21:15,Arnulf,9,1,10
2026.02.03,21:15,21:30,Arnulf,8,0,8
2026.02.03,21:30,21:45,Arnulf,5,1,6
2026.02.03,21:45,22:00,Arnulf,12,0,12
2026.02.03,22:00,22:15,Arnulf,4,2,6
2026.02.03,22:15,22:30,Arnulf,10,4,14
2026.02.03,22:30,22:45,Arnulf,3,2,5
2026.02.03,22:45,23:00,Arnulf,2,0,2
2026.02.03,23:00,23:15,Arnulf,5,0,5
2026.02.03,23:15,23:30,Arnulf,1,0,1
2026.02.03,23:30,23:45,Arnulf,0,0,0
2026.02.03,23:45,00:00,Arnulf,1,0,1
2026.02.04,00:00,00:15,Arnulf,1,0,1
2026.02.04,00:15,00:30,Arnulf,1,0,1
2026.02.04,00:30,00:45,Arnulf,0,0,0
2026.02.04,00:45,01:00,Arnulf,0,0,0
2026.02.04,01:00,01:15,Arnulf,0,0,0
2026.02.04,01:15,01:30,Arnulf,0,0,0
2026.02.04,01:30,01:45,Arnulf,0,0,0
2026.02.04,01:45,02:00,Arnulf,0,0,0
2026.02.04,02:00,02:15,Arnulf,0,0,0
2026.02.04,02:15,02:30,Arnulf,0,0,0
2026.02.04,02:30,02:45,Arnulf,0,0,0
2026.02.04,02:45,03:00,Arnulf,0,0,0
2026.02.04,03:00,03:15,Arnulf,0,0,0
2026.02.04,03:15,03:30,Arnulf,1,0,1
2026.02.04,03:30,03:45,Arnulf,0,0,0
2026.02.04,03:45,04:00,Arnulf,0,0,0
2026.02.04,04:00,04:15,Arnulf,0,0,0
2026.02.04,04:15,04:30,Arnulf,0,0,0
2026.02.04,04:30,04:45,Arnulf,2,0,2
2026.02.04,04:45,05:00,Arnulf,1,0,1
2026.02.04,05:00,05:15,Arnulf,2,0,2
2026.02.04,05:15,05:30,Arnulf,0,0,0
2026.02.04,05:30,05:45,Arnulf,1,1,2
2026.02.04,05:45,06:00,Arnulf,2,0,2
2026.02.04,06:00,06:15,Arnulf,2,0,2
2026.02.04,06:15,06:30,Arnulf,5,0,5
2026.02.04,06:30,06:45,Arnulf,3,0,3
2026.02.04,06:45,07:00,Arnulf,13,1,14
2026.02.04,07:00,07:15,Arnulf,14,1,15
2026.02.04,07:15,07:30,Arnulf,13,0,13
2026.02.04,07:30,07:45,Arnulf,15,0,15
2026.02.04,07:45,08:00,Arnulf,39,1,40
2026.02.04,08:00,08:15,Arnulf,32,3,35
2026.02.04,08:15,08:30,Arnulf,35,2,37
2026.02.04,08:30,08:45,Arnulf,40,0,40
2026.02.04,08:45,09:00,Arnulf,35,1,36
2026.02.04,09:00,09:15,Arnulf,24,3,27
2026.02.04,09:15,09:30,Arnulf,11,2,13
2026.02.04,09:30,09:45,Arnulf,15,0,15
2026.02.04,09:45,10:00,Arnulf,13,0,13
2026.02.04,10:00,10:15,Arnulf,14,0,14
2026.02.04,10:15,10:30,Arnulf,20,0,20
2026.02.04,10:30,10:45,Arnulf,12,1,13
2026.02.04,10:45,11:00,Arnulf,13,0,13
2026.02.04,11:00,11:15,Arnulf,11,0,11
2026.02.04,11:15,11:30,Arnulf,9,1,10
2026.02.04,11:30,11:45,Arnulf,8,0,8
2026.02.04,11:45,12:00,Arnulf,14,1,15
2026.02.04,12:00,12:15,Arnulf,7,0,7
2026.02.04,12:15,12:30,Arnulf,20,1,21
2026.02.04,12:30,12:45,Arnulf,14,3,17
2026.02.04,12:45,13:00,Arnulf,15,0,15
2026.02.04,13:00,13:15,Arnulf,6,1,7
2026.02.04,13:15,13:30,Arnulf,18,2,20
2026.02.04,13:30,13:45,Arnulf,11,3,14
2026.02.04,13:45,14:00,Arnulf,9,5,14
2026.02.04,14:00,14:15,Arnulf,8,0,8
2026.02.04,14:15,14:30,Arnulf,10,4,14
2026.02.04,14:30,14:45,Arnulf,10,1,11
2026.02.04,14:45,15:00,Arnulf,11,0,11
2026.02.04,15:00,15:15,Arnulf,13,1,14
2026.02.04,15:15,15:30,Arnulf,14,2,16
2026.02.04,15:30,15:45,Arnulf,17,1,18
2026.02.04,15:45,16:00,Arnulf,17,0,17
2026.02.04,16:00,16:15,Arnulf,23,1,24
2026.02.04,16:15,16:30,Arnulf,10,4,14
2026.02.04,16:30,16:45,Arnulf,26,2,28
2026.02.04,16:45,17:00,Arnulf,17,2,19
2026.02.04,17:00,17:15,Arnulf,13,1,14
2026.02.04,17:15,17:30,Arnulf,24,3,27
2026.02.04,17:30,17:45,Arnulf,25,0,25
2026.02.04,17:45,18:00,Arnulf,23,8,31
2026.02.04,18:00,18:15,Arnulf,17,2,19
2026.02.04,18:15,18:30,Arnulf,22,0,22
2026.02.04,18:30,18:45,Arnulf,14,2,16
2026.02.04,18:45,19:00,Arnulf,23,0,23
2026.02.04,19:00,19:15,Arnulf,11,1,12
2026.02.04,19:15,19:30,Arnulf,17,1,18
2026.02.04,19:30,19:45,Arnulf,16,0,16
2026.02.04,19:45,20:00,Arnulf,5,3,8
2026.02.04,20:00,20:15,Arnulf,9,2,11
2026.02.04,20:15,20:30,Arnulf,11,0,11
2026.02.04,20:30,20:45,Arnulf,5,0,5
2026.02.04,20:45,21:00,Arnulf,5,0,5
2026.02.04,21:00,21:15,Arnulf,6,1,7
2026.02.04,21:15,21:30,Arnulf,5,1,6
2026.02.04,21:30,21:45,Arnulf,6,0,6
2026.02.04,21:45,22:00,Arnulf,4,2,6
2026.02.04,22:00,22:15,Arnulf,5,0,5
2026.02.04,22:15,22:30,Arnulf,9,0,9
2026.02.04,22:30,22:45,Arnulf,5,2,7
2026.02.04,22:45,23:00,Arnulf,1,0,1
2026.02.04,23:00,23:15,Arnulf,2,0,2
2026.02.04,23:15,23:30,Arnulf,2,0,2
2026.02.04,23:30,23:45,Arnulf,2,0,2
2026.02.04,23:45,00:00,Arnulf,1,0,1
2026.02.05,00:00,00:15,Arnulf,1,0,1
2026.02.05,00:15,00:30,Arnulf,1,1,2
2026.02.05,00:30,00:45,Arnulf,1,0,1
2026.02.05,00:45,01:00,Arnulf,0,0,0
2026.02.05,01:00,01:15,Arnulf,0,0,0
2026.02.05,01:15,01:30,Arnulf,0,2,2
2026.02.05,01:30,01:45,Arnulf,0,0,0
2026.02.05,01:45,02:00,Arnulf,0,0,0
2026.02.05,02:00,02:15,Arnulf,0,0,0
2026.02.05,02:15,02:30,Arnulf,0,0,0
2026.02.05,02:30,02:45,Arnulf,0,0,0
2026.02.05,02:45,03:00,Arnulf,0,0,0
2026.02.05,03:00,03:15,Arnulf,0,0,0
2026.02.05,03:15,03:30,Arnulf,0,0,0
2026.02.05,03:30,03:45,Arnulf,1,0,1
2026.02.05,03:45,04:00,Arnulf,0,0,0
2026.02.05,04:00,04:15,Arnulf,0,0,0
2026.02.05,04:15,04:30,Arnulf,0,0,0
2026.02.05,04:30,04:45,Arnulf,0,0,0
2026.02.05,04:45,05:00,Arnulf,1,0,1
2026.02.05,05:00,05:15,Arnulf,2,0,2
2026.02.05,05:15,05:30,Arnulf,0,0,0
2026.02.05,05:30,05:45,Arnulf,2,1,3
2026.02.05,05:45,06:00,Arnulf,4,0,4
2026.02.05,06:00,06:15,Arnulf,1,0,1
2026.02.05,06:15,06:30,Arnulf,4,0,4
2026.02.05,06:30,06:45,Arnulf,8,0,8
2026.02.05,06:45,07:00,Arnulf,11,0,11
2026.02.05,07:00,07:15,Arnulf,13,1,14
2026.02.05,07:15,07:30,Arnulf,18,2,20
2026.02.05,07:30,07:45,Arnulf,28,1,29
2026.02.05,07:45,08:00,Arnulf,28,1,29
2026.02.05,08:00,08:15,Arnulf,31,3,34
2026.02.05,08:15,08:30,Arnulf,37,3,40
2026.02.05,08:30,08:45,Arnulf,49,1,50
2026.02.05,08:45,09:00,Arnulf,29,1,30
2026.02.05,09:00,09:15,Arnulf,23,1,24
2026.02.05,09:15,09:30,Arnulf,15,1,16
2026.02.05,09:30,09:45,Arnulf,16,1,17
2026.02.05,09:45,10:00,Arnulf,16,2,18
2026.02.05,10:00,10:15,Arnulf,10,0,10
2026.02.05,10:15,10:30,Arnulf,18,1,19
2026.02.05,10:30,10:45,Arnulf,9,1,10
2026.02.05,10:45,11:00,Arnulf,11,1,12
2026.02.05,11:00,11:15,Arnulf,8,2,10
2026.02.05,11:15,11:30,Arnulf,16,2,18
2026.02.05,11:30,11:45,Arnulf,14,1,15
2026.02.05,11:45,12:00,Arnulf,9,0,9
2026.02.05,12:00,12:15,Arnulf,4,0,4
2026.02.05,12:15,12:30,Arnulf,13,2,15
2026.02.05,12:30,12:45,Arnulf,13,0,13
2026.02.05,12:45,13:00,Arnulf,11,1,12
2026.02.05,13:00,13:15,Arnulf,7,0,7
2026.02.05,13:15,13:30,Arnulf,5,1,6
2026.02.05,13:30,13:45,Arnulf,12,2,14
2026.02.05,13:45,14:00,Arnulf,9,2,11
2026.02.05,14:00,14:15,Arnulf,11,0,11
2026.02.05,14:15,14:30,Arnulf,14,1,15
2026.02.05,14:30,14:45,Arnulf,13,1,14
2026.02.05,14:45,15:00,Arnulf,15,0,15
2026.02.05,15:00,15:15,Arnulf,14,2,16
2026.02.05,15:15,15:30,Arnulf,15,3,18
2026.02.05,15:30,15:45,Arnulf,9,5,14
2026.02.05,15:45,16:00,Arnulf,13,1,14
2026.02.05,16:00,16:15,Arnulf,9,5,14
2026.02.05,16:15,16:30,Arnulf,15,6,21
2026.02.05,16:30,16:45,Arnulf,12,1,13
2026.02.05,16:45,17:00,Arnulf,17,1,18
2026.02.05,17:00,17:15,Arnulf,18,3,21
2026.02.05,17:15,17:30,Arnulf,24,1,25
2026.02.05,17:30,17:45,Arnulf,18,3,21
2026.02.05,17:45,18:00,Arnulf,17,1,18
2026.02.05,18:00,18:15,Arnulf,15,2,17
2026.02.05,18:15,18:30,Arnulf,22,3,25
2026.02.05,18:30,18:45,Arnulf,25,0,25
2026.02.05,18:45,19:00,Arnulf,19,0,19
2026.02.05,19:00,19:15,Arnulf,12,0,12
2026.02.05,19:15,19:30,Arnulf,12,2,14
2026.02.05,19:30,19:45,Arnulf,14,1,15
2026.02.05,19:45,20:00,Arnulf,14,1,15
2026.02.05,20:00,20:15,Arnulf,14,0,14
2026.02.05,20:15,20:30,Arnulf,5,1,6
2026.02.05,20:30,20:45,Arnulf,6,1,7
2026.02.05,20:45,21:00,Arnulf,5,1,6
2026.02.05,21:00,21:15,Arnulf,3,1,4
2026.02.05,21:15,21:30,Arnulf,8,0,8
2026.02.05,21:30,21:45,Arnulf,7,1,8
2026.02.05,21:45,22:00,Arnulf,3,2,5
2026.02.05,22:00,22:15,Arnulf,4,1,5
2026.02.05,22:15,22:30,Arnulf,5,3,8
2026.02.05,22:30,22:45,Arnulf,5,0,5
2026.02.05,22:45,23:00,Arnulf,6,2,8
2026.02.05,23:00,23:15,Arnulf,3,1,4
2026.02.05,23:15,23:30,Arnulf,1,1,2
2026.02.05,23:30,23:45,Arnulf,2,0,2
2026.02.05,23:45,00:00,Arnulf,0,0,0
2026.02.06,00:00,00:15,Arnulf,2,0,2
2026.02.06,00:15,00:30,Arnulf,2,2,4
2026.02.06,00:30,00:45,Arnulf,1,0,1
2026.02.06,00:45,01:00,Arnulf,1,0,1
2026.02.06,01:00,01:15,Arnulf,0,0,0
2026.02.06,01:15,01:30,Arnulf,0,0,0
2026.02.06,01:30,01:45,Arnulf,0,0,0
2026.02.06,01:45,02:00,Arnulf,0,0,0
2026.02.06,02:00,02:15,Arnulf,0,0,0
2026.02.06,02:15,02:30,Arnulf,1,0,1
2026.02.06,02:30,02:45,Arnulf,0,0,0
2026.02.06,02:45,03:00,Arnulf,0,0,0
2026.02.06,03:00,03:15,Arnulf,2,0,2
2026.02.06,03:15,03:30,Arnulf,0,0,0
2026.02.06,03:30,03:45,Arnulf,0,0,0
2026.02.06,03:45,04:00,Arnulf,1,0,1
2026.02.06,04:00,04:15,Arnulf,0,0,0
2026.02.06,04:15,04:30,Arnulf,0,0,0
2026.02.06,04:30,04:45,Arnulf,2,0,2
2026.02.06,04:45,05:00,Arnulf,0,0,0
2026.02.06,05:00,05:15,Arnulf,1,0,1
2026.02.06,05:15,05:30,Arnulf,1,0,1
2026.02.06,05:30,05:45,Arnulf,1,0,1
2026.02.06,05:45,06:00,Arnulf,2,1,3
2026.02.06,06:00,06:15,Arnulf,5,2,7
2026.02.06,06:15,06:30,Arnulf,2,0,2
2026.02.06,06:30,06:45,Arnulf,7,0,7
2026.02.06,06:45,07:00,Arnulf,9,0,9
2026.02.06,07:00,07:15,Arnulf,10,1,11
2026.02.06,07:15,07:30,Arnulf,10,2,12
2026.02.06,07:30,07:45,Arnulf,12,3,15
2026.02.06,07:45,08:00,Arnulf,28,1,29
2026.02.06,08:00,08:15,Arnulf,19,2,21
2026.02.06,08:15,08:30,Arnulf,21,1,22
2026.02.06,08:30,08:45,Arnulf,23,1,24
2026.02.06,08:45,09:00,Arnulf,23,0,23
2026.02.06,09:00,09:15,Arnulf,20,1,21
2026.02.06,09:15,09:30,Arnulf,13,4,17
2026.02.06,09:30,09:45,Arnulf,12,2,14
2026.02.06,09:45,10:00,Arnulf,9,0,9
2026.02.06,10:00,10:15,Arnulf,14,2,16
2026.02.06,10:15,10:30,Arnulf,11,1,12
2026.02.06,10:30,10:45,Arnulf,10,0,10
2026.02.06,10:45,11:00,Arnulf,14,1,15
2026.02.06,11:00,11:15,Arnulf,16,2,18
2026.02.06,11:15,11:30,Arnulf,16,2,18
2026.02.06,11:30,11:45,Arnulf,6,0,6
2026.02.06,11:45,12:00,Arnulf,11,0,11
2026.02.06,12:00,12:15,Arnulf,8,0,8
2026.02.06,12:15,12:30,Arnulf,10,2,12
2026.02.06,12:30,12:45,Arnulf,9,1,10
2026.02.06,12:45,13:00,Arnulf,5,0,5
2026.02.06,13:00,13:15,Arnulf,15,1,16
2026.02.06,13:15,13:30,Arnulf,15,1,16
2026.02.06,13:30,13:45,Arnulf,22,2,24
2026.02.06,13:45,14:00,Arnulf,8,3,11
2026.02.06,14:00,14:15,Arnulf,14,1,15
2026.02.06,14:15,14:30,Arnulf,12,2,14
2026.02.06,14:30,14:45,Arnulf,7,0,7
2026.02.06,14:45,15:00,Arnulf,11,1,12
2026.02.06,15:00,15:15,Arnulf,8,1,9
2026.02.06,15:15,15:30,Arnulf,17,1,18
2026.02.06,15:30,15:45,Arnulf,14,2,16
2026.02.06,15:45,16:00,Arnulf,14,3,17
2026.02.06,16:00,16:15,Arnulf,9,0,9
2026.02.06,16:15,16:30,Arnulf,16,1,17
2026.02.06,16:30,16:45,Arnulf,8,4,12
2026.02.06,16:45,17:00,Arnulf,12,0,12
2026.02.06,17:00,17:15,Arnulf,4,7,11
2026.02.06,17:15,17:30,Arnulf,12,0,12
2026.02.06,17:30,17:45,Arnulf,19,3,22
2026.02.06,17:45,18:00,Arnulf,20,1,21
2026.02.06,18:00,18:15,Arnulf,13,0,13
2026.02.06,18:15,18:30,Arnulf,15,0,15
2026.02.06,18:30,18:45,Arnulf,14,0,14
2026.02.06,18:45,19:00,Arnulf,14,0,14
2026.02.06,19:00,19:15,Arnulf,13,0,13
2026.02.06,19:15,19:30,Arnulf,19,1,20
2026.02.06,19:30,19:45,Arnulf,14,2,16
2026.02.06,19:45,20:00,Arnulf,8,1,9
2026.02.06,20:00,20:15,Arnulf,5,0,5
2026.02.06,20:15,20:30,Arnulf,8,2,10
2026.02.06,20:30,20:45,Arnulf,8,1,9
2026.02.06,20:45,21:00,Arnulf,5,0,5
2026.02.06,21:00,21:15,Arnulf,6,0,6
2026.02.06,21:15,21:30,Arnulf,5,1,6
2026.02.06,21:30,21:45,Arnulf,4,0,4
2026.02.06,21:45,22:00,Arnulf,3,0,3
2026.02.06,22:00,22:15,Arnulf,2,0,2
2026.02.06,22:15,22:30,Arnulf,5,0,5
2026.02.06,22:30,22:45,Arnulf,4,1,5
2026.02.06,22:45,23:00,Arnulf,3,1,4
2026.02.06,23:00,23:15,Arnulf,6,1,7
2026.02.06,23:15,23:30,Arnulf,0,0,0
2026.02.06,23:30,23:45,Arnulf,1,1,2
2026.02.06,23:45,00:00,Arnulf,5,1,6
2026.02.07,00:00,00:15,Arnulf,2,0,2
2026.02.07,00:15,00:30,Arnulf,0,0,0
2026.02.07,00:30,00:45,Arnulf,2,0,2
2026.02.07,00:45,01:00,Arnulf,2,0,2
2026.02.07,01:00,01:15,Arnulf,0,0,0
2026.02.07,01:15,01:30,Arnulf,2,0,2
2026.02.07,01:30,01:45,Arnulf,3,0,3
2026.02.07,01:45,02:00,Arnulf,2,0,2
2026.02.07,02:00,02:15,Arnulf,1,0,1
2026.02.07,02:15,02:30,Arnulf,2,0,2
2026.02.07,02:30,02:45,Arnulf,2,0,2
2026.02.07,02:45,03:00,Arnulf,0,0,0
2026.02.07,03:00,03:15,Arnulf,0,0,0
2026.02.07,03:15,03:30,Arnulf,0,0,0
2026.02.07,03:30,03:45,Arnulf,0,0,0
2026.02.07,03:45,04:00,Arnulf,1,0,1
2026.02.07,04:00,04:15,Arnulf,2,0,2
2026.02.07,04:15,04:30,Arnulf,0,0,0
2026.02.07,04:30,04:45,Arnulf,0,0,0
2026.02.07,04:45,05:00,Arnulf,1,0,1
2026.02.07,05:00,05:15,Arnulf,0,0,0
2026.02.07,05:15,05:30,Arnulf,1,0,1
2026.02.07,05:30,05:45,Arnulf,1,1,2
2026.02.07,05:45,06:00,Arnulf,0,0,0
2026.02.07,06:00,06:15,Arnulf,0,0,0
2026.02.07,06:15,06:30,Arnulf,1,0,1
2026.02.07,06:30,06:45,Arnulf,1,0,1
2026.02.07,06:45,07:00,Arnulf,2,1,3
2026.02.07,07:00,07:15,Arnulf,3,0,3
2026.02.07,07:15,07:30,Arnulf,1,0,1
2026.02.07,07:30,07:45,Arnulf,1,0,1
2026.02.07,07:45,08:00,Arnulf,5,0,5
2026.02.07,08:00,08:15,Arnulf,3,1,4
2026.02.07,08:15,08:30,Arnulf,4,0,4
2026.02.07,08:30,08:45,Arnulf,7,1,8
2026.02.07,08:45,09:00,Arnulf,9,0,9
2026.02.07,09:00,09:15,Arnulf,4,2,6
2026.02.07,09:15,09:30,Arnulf,4,0,4
2026.02.07,09:30,09:45,Arnulf,13,1,14
2026.02.07,09:45,10:00,Arnulf,9,2,11
2026.02.07,10:00,10:15,Arnulf,3,0,3
2026.02.07,10:15,10:30,Arnulf,10,0,10
2026.02.07,10:30,10:45,Arnulf,6,0,6
2026.02.07,10:45,11:00,Arnulf,11,0,11
2026.02.07,11:00,11:15,Arnulf,13,0,13
2026.02.07,11:15,11:30,Arnulf,11,0,11
2026.02.07,11:30,11:45,Arnulf,5,1,6
2026.02.07,11:45,12:00,Arnulf,6,0,6
2026.02.07,12:00,12:15,Arnulf,11,0,11
2026.02.07,12:15,12:30,Arnulf,12,0,12
2026.02.07,12:30,12:45,Arnulf,13,2,15
2026.02.07,12:45,13:00,Arnulf,16,0,16
2026.02.07,13:00,13:15,Arnulf,16,1,17
2026.02.07,13:15,13:30,Arnulf,20,0,20
2026.02.07,13:30,13:45,Arnulf,6,1,7
2026.02.07,13:45,14:00,Arnulf,10,2,12
2026.02.07,14:00,14:15,Arnulf,14,0,14
2026.02.07,14:15,14:30,Arnulf,14,0,14
2026.02.07,14:30,14:45,Arnulf,19,0,19
2026.02.07,14:45,15:00,Arnulf,9,0,9
2026.02.07,15:00,15:15,Arnulf,14,2,16
2026.02.07,15:15,15:30,Arnulf,8,1,9
2026.02.07,15:30,15:45,Arnulf,8,0,8
2026.02.07,15:45,16:00,Arnulf,9,0,9
2026.02.07,16:00,16:15,Arnulf,8,2,10
2026.02.07,16:15,16:30,Arnulf,12,0,12
2026.02.07,16:30,16:45,Arnulf,9,0,9
2026.02.07,16:45,17:00,Arnulf,8,2,10
2026.02.07,17:00,17:15,Arnulf,7,1,8
2026.02.07,17:15,17:30,Arnulf,8,1,9
2026.02.07,17:30,17:45,Arnulf,9,0,9
2026.02.07,17:45,18:00,Arnulf,7,0,7
2026.02.07,18:00,18:15,Arnulf,10,1,11
2026.02.07,18:15,18:30,Arnulf,3,1,4
2026.02.07,18:30,18:45,Arnulf,11,2,13
2026.02.07,18:45,19:00,Arnulf,8,2,10
2026.02.07,19:00,19:15,Arnulf,6,3,9
2026.02.07,19:15,19:30,Arnulf,7,2,9
2026.02.07,19:30,19:45,Arnulf,10,0,10
2026.02.07,19:45,20:00,Arnulf,8,0,8
2026.02.07,20:00,20:15,Arnulf,7,1,8
2026.02.07,20:15,20:30,Arnulf,7,2,9
2026.02.07,20:30,20:45,Arnulf,11,0,11
2026.02.07,20:45,21:00,Arnulf,5,3,8
2026.02.07,21:00,21:15,Arnulf,7,1,8
2026.02.07,21:15,21:30,Arnulf,4,0,4
2026.02.07,21:30,21:45,Arnulf,10,0,10
2026.02.07,21:45,22:00,Arnulf,11,0,11
2026.02.07,22:00,22:15,Arnulf,5,0,5
2026.02.07,22:15,22:30,Arnulf,3,2,5
2026.02.07,22:30,22:45,Arnulf,6,3,9
2026.02.07,22:45,23:00,Arnulf,3,3,6
2026.02.07,23:00,23:15,Arnulf,6,0,6
2026.02.07,23:15,23:30,Arnulf,6,0,6
2026.02.07,23:30,23:45,Arnulf,3,0,3
2026.02.07,23:45,00:00,Arnulf,0,1,1
2026.02.08,00:00,00:15,Arnulf,3,0,3
2026.02.08,00:15,00:30,Arnulf,0,1,1
2026.02.08,00:30,00:45,Arnulf,2,0,2
2026.02.08,00:45,01:00,Arnulf,2,0,2
2026.02.08,01:00,01:15,Arnulf,2,0,2
2026.02.08,01:15,01:30,Arnulf,1,0,1
2026.02.08,01:30,01:45,Arnulf,1,0,1
2026.02.08,01:45,02:00,Arnulf,3,0,3
2026.02.08,02:00,02:15,Arnulf,0,0,0
2026.02.08,02:15,02:30,Arnulf,2,1,3
2026.02.08,02:30,02:45,Arnulf,1,0,1
2026.02.08,02:45,03:00,Arnulf,2,0,2
2026.02.08,03:00,03:15,Arnulf,0,0,0
2026.02.08,03:15,03:30,Arnulf,0,0,0
2026.02.08,03:30,03:45,Arnulf,0,0,0
2026.02.08,03:45,04:00,Arnulf,0,0,0
2026.02.08,04:00,04:15,Arnulf,1,0,1
2026.02.08,04:15,04:30,Arnulf,1,0,1
2026.02.08,04:30,04:45,Arnulf,1,0,1
2026.02.08,04:45,05:00,Arnulf,1,0,1
2026.02.08,05:00,05:15,Arnulf,2,0,2
2026.02.08,05:15,05:30,Arnulf,2,0,2
2026.02.08,05:30,05:45,Arnulf,0,0,0
2026.02.08,05:45,06:00,Arnulf,0,0,0
2026.02.08,06:00,06:15,Arnulf,3,0,3
2026.02.08,06:15,06:30,Arnulf,2,0,2
2026.02.08,06:30,06:45,Arnulf,0,1,1
2026.02.08,06:45,07:00,Arnulf,1,0,1
2026.02.08,07:00,07:15,Arnulf,2,1,3
2026.02.08,07:15,07:30,Arnulf,1,1,2
2026.02.08,07:30,07:45,Arnulf,0,0,0
2026.02.08,07:45,08:00,Arnulf,1,0,1
2026.02.08,08:00,08:15,Arnulf,1,0,1
2026.02.08,08:15,08:30,Arnulf,1,0,1
2026.02.08,08:30,08:45,Arnulf,4,0,4
2026.02.08,08:45,09:00,Arnulf,8,0,8
2026.02.08,09:00,09:15,Arnulf,5,0,5
2026.02.08,09:15,09:30,Arnulf,2,0,2
2026.02.08,09:30,09:45,Arnulf,8,0,8
2026.02.08,09:45,10:00,Arnulf,11,1,12
2026.02.08,10:00,10:15,Arnulf,3,0,3
2026.02.08,10:15,10:30,Arnulf,10,1,11
2026.02.08,10:30,10:45,Arnulf,10,0,10
2026.02.08,10:45,11:00,Arnulf,10,0,10
2026.02.08,11:00,11:15,Arnulf,3,1,4
2026.02.08,11:15,11:30,Arnulf,6,0,6
2026.02.08,11:30,11:45,Arnulf,5,3,8
2026.02.08,11:45,12:00,Arnulf,4,3,7
2026.02.08,12:00,12:15,Arnulf,11,1,12
2026.02.08,12:15,12:30,Arnulf,13,1,14
2026.02.08,12:30,12:45,Arnulf,12,1,13
2026.02.08,12:45,13:00,Arnulf,8,1,9
2026.02.08,13:00,13:15,Arnulf,13,1,14
2026.02.08,13:15,13:30,Arnulf,15,1,16
2026.02.08,13:30,13:45,Arnulf,18,3,21
2026.02.08,13:45,14:00,Arnulf,16,1,17
2026.02.08,14:00,14:15,Arnulf,18,1,19
2026.02.08,14:15,14:30,Arnulf,8,0,8
2026.02.08,14:30,14:45,Arnulf,12,0,12
2026.02.08,14:45,15:00,Arnulf,11,0,11
2026.02.08,15:00,15:15,Arnulf,15,1,16
2026.02.08,15:15,15:30,Arnulf,8,2,10
2026.02.08,15:30,15:45,Arnulf,6,0,6
2026.02.08,15:45,16:00,Arnulf,7,1,8
2026.02.08,16:00,16:15,Arnulf,11,0,11
2026.02.08,16:15,16:30,Arnulf,15,0,15
2026.02.08,16:30,16:45,Arnulf,12,1,13
2026.02.08,16:45,17:00,Arnulf,12,1,13
2026.02.08,17:00,17:15,Arnulf,6,1,7
2026.02.08,17:15,17:30,Arnulf,16,0,16
2026.02.08,17:30,17:45,Arnulf,11,0,11
2026.02.08,17:45,18:00,Arnulf,17,0,17
2026.02.08,18:00,18:15,Arnulf,4,1,5
2026.02.08,18:15,18:30,Arnulf,8,1,9
2026.02.08,18:30,18:45,Arnulf,4,1,5
2026.02.08,18:45,19:00,Arnulf,7,0,7
2026.02.08,19:00,19:15,Arnulf,7,0,7
2026.02.08,19:15,19:30,Arnulf,6,3,9
2026.02.08,19:30,19:45,Arnulf,6,0,6
2026.02.08,19:45,20:00,Arnulf,4,0,4
2026.02.08,20:00,20:15,Arnulf,6,0,6
2026.02.08,20:15,20:30,Arnulf,4,0,4
2026.02.08,20:30,20:45,Arnulf,2,0,2
2026.02.08,20:45,21:00,Arnulf,3,0,3
2026.02.08,21:00,21:15,Arnulf,4,0,4
2026.02.08,21:15,21:30,Arnulf,3,5,8
2026.02.08,21:30,21:45,Arnulf,8,1,9
2026.02.08,21:45,22:00,Arnulf,3,1,4
2026.02.08,22:00,22:15,Arnulf,5,0,5
2026.02.08,22:15,22:30,Arnulf,4,0,4
2026.02.08,22:30,22:45,Arnulf,2,0,2
2026.02.08,22:45,23:00,Arnulf,1,0,1
2026.02.08,23:00,23:15,Arnulf,2,1,3
2026.02.08,23:15,23:30,Arnulf,1,1,2
2026.02.08,23:30,23:45,Arnulf,0,0,0
2026.02.08,23:45,00:00,Arnulf,0,0,0
2026.02.09,00:00,00:15,Arnulf,1,0,1
2026.02.09,00:15,00:30,Arnulf,3,2,5
2026.02.09,00:30,00:45,Arnulf,1,1,2
2026.02.09,00:45,01:00,Arnulf,0,0,0
2026.02.09,01:00,01:15,Arnulf,1,0,1
2026.02.09,01:15,01:30,Arnulf,0,0,0
2026.02.09,01:30,01:45,Arnulf,0,0,0
2026.02.09,01:45,02:00,Arnulf,0,1,1
2026.02.09,02:00,02:15,Arnulf,0,0,0
2026.02.09,02:15,02:30,Arnulf,0,0,0
2026.02.09,02:30,02:45,Arnulf,0,0,0
2026.02.09,02:45,03:00,Arnulf,2,0,2
2026.02.09,03:00,03:15,Arnulf,0,0,0
2026.02.09,03:15,03:30,Arnulf,1,0,1
2026.02.09,03:30,03:45,Arnulf,0,0,0
2026.02.09,03:45,04:00,Arnulf,0,0,0
2026.02.09,04:00,04:15,Arnulf,0,0,0
2026.02.09,04:15,04:30,Arnulf,1,0,1
2026.02.09,04:30,04:45,Arnulf,1,0,1
2026.02.09,04:45,05:00,Arnulf,3,0,3
2026.02.09,05:00,05:15,Arnulf,2,0,2
2026.02.09,05:15,05:30,Arnulf,2,0,2
2026.02.09,05:30,05:45,Arnulf,0,1,1
2026.02.09,05:45,06:00,Arnulf,6,0,6
2026.02.09,06:00,06:15,Arnulf,3,0,3
2026.02.09,06:15,06:30,Arnulf,4,1,5
2026.02.09,06:30,06:45,Arnulf,5,0,5
2026.02.09,06:45,07:00,Arnulf,13,0,13
2026.02.09,07:00,07:15,Arnulf,15,2,17
2026.02.09,07:15,07:30,Arnulf,17,1,18
2026.02.09,07:30,07:45,Arnulf,20,1,21
2026.02.09,07:45,08:00,Arnulf,36,1,37
2026.02.09,08:00,08:15,Arnulf,47,0,47
2026.02.09,08:15,08:30,Arnulf,45,2,47
2026.02.09,08:30,08:45,Arnulf,35,2,37
2026.02.09,08:45,09:00,Arnulf,34,2,36
2026.02.09,09:00,09:15,Arnulf,19,0,19
2026.02.09,09:15,09:30,Arnulf,24,1,25
2026.02.09,09:30,09:45,Arnulf,14,1,15
2026.02.09,09:45,10:00,Arnulf,14,1,15
2026.02.09,10:00,10:15,Arnulf,10,0,10
2026.02.09,10:15,10:30,Arnulf,5,2,7
2026.02.09,10:30,10:45,Arnulf,13,0,13
2026.02.09,10:45,11:00,Arnulf,10,0,10
2026.02.09,11:00,11:15,Arnulf,8,0,8
2026.02.09,11:15,11:30,Arnulf,12,0,12
2026.02.09,11:30,11:45,Arnulf,11,1,12
2026.02.09,11:45,12:00,Arnulf,15,0,15
2026.02.09,12:00,12:15,Arnulf,3,1,4
2026.02.09,12:15,12:30,Arnulf,8,0,8
2026.02.09,12:30,12:45,Arnulf,9,0,9
2026.02.09,12:45,13:00,Arnulf,10,1,11
2026.02.09,13:00,13:15,Arnulf,23,0,23
2026.02.09,13:15,13:30,Arnulf,7,2,9
2026.02.09,13:30,13:45,Arnulf,10,0,10
2026.02.09,13:45,14:00,Arnulf,8,0,8
2026.02.09,14:00,14:15,Arnulf,14,1,15
2026.02.09,14:15,14:30,Arnulf,13,1,14
2026.02.09,14:30,14:45,Arnulf,10,0,10
2026.02.09,14:45,15:00,Arnulf,10,0,10
2026.02.09,15:00,15:15,Arnulf,9,0,9
2026.02.09,15:15,15:30,Arnulf,9,2,11
2026.02.09,15:30,15:45,Arnulf,9,1,10
2026.02.09,15:45,16:00,Arnulf,17,2,19
2026.02.09,16:00,16:15,Arnulf,16,0,16
2026.02.09,16:15,16:30,Arnulf,16,5,21
2026.02.09,16:30,16:45,Arnulf,15,2,17
2026.02.09,16:45,17:00,Arnulf,16,1,17
2026.02.09,17:00,17:15,Arnulf,10,1,11
2026.02.09,17:15,17:30,Arnulf,18,1,19
2026.02.09,17:30,17:45,Arnulf,28,5,33
2026.02.09,17:45,18:00,Arnulf,25,4,29
2026.02.09,18:00,18:15,Arnulf,17,1,18
2026.02.09,18:15,18:30,Arnulf,29,3,32
2026.02.09,18:30,18:45,Arnulf,24,0,24
2026.02.09,18:45,19:00,Arnulf,17,1,18
2026.02.09,19:00,19:15,Arnulf,17,1,18
2026.02.09,19:15,19:30,Arnulf,11,1,12
2026.02.09,19:30,19:45,Arnulf,9,2,11
2026.02.09,19:45,20:00,Arnulf,10,1,11
2026.02.09,20:00,20:15,Arnulf,2,2,4
2026.02.09,20:15,20:30,Arnulf,4,1,5
2026.02.09,20:30,20:45,Arnulf,2,0,2
2026.02.09,20:45,21:00,Arnulf,4,2,6
2026.02.09,21:00,21:15,Arnulf,3,0,3
2026.02.09,21:15,21:30,Arnulf,3,0,3
2026.02.09,21:30,21:45,Arnulf,7,0,7
2026.02.09,21:45,22:00,Arnulf,3,0,3
2026.02.09,22:00,22:15,Arnulf,4,0,4
2026.02.09,22:15,22:30,Arnulf,6,1,7
2026.02.09,22:30,22:45,Arnulf,3,0,3
2026.02.09,22:45,23:00,Arnulf,5,1,6
2026.02.09,23:00,23:15,Arnulf,4,0,4
2026.02.09,23:15,23:30,Arnulf,2,0,2
2026.02.09,23:30,23:45,Arnulf,0,0,0
2026.02.09,23:45,00:00,Arnulf,1,0,1
2026.02.10,00:00,00:15,Arnulf,2,0,2
2026.02.10,00:15,00:30,Arnulf,2,0,2
2026.02.10,00:30,00:45,Arnulf,1,0,1
2026.02.10,00:45,01:00,Arnulf,4,0,4
2026.02.10,01:00,01:15,Arnulf,0,1,1
2026.02.10,01:15,01:30,Arnulf,1,0,1
2026.02.10,01:30,01:45,Arnulf,0,0,0
2026.02.10,01:45,02:00,Arnulf,1,0,1
2026.02.10,02:00,02:15,Arnulf,0,0,0
2026.02.10,02:15,02:30,Arnulf,0,0,0
2026.02.10,02:30,02:45,Arnulf,0,0,0
2026.02.10,02:45,03:00,Arnulf,0,0,0
2026.02.10,03:00,03:15,Arnulf,0,0,0
2026.02.10,03:15,03:30,Arnulf,0,0,0
2026.02.10,03:30,03:45,Arnulf,0,0,0
2026.02.10,03:45,04:00,Arnulf,2,0,2
2026.02.10,04:00,04:15,Arnulf,0,0,0
2026.02.10,04:15,04:30,Arnulf,0,0,0
2026.02.10,04:30,04:45,Arnulf,2,0,2
2026.02.10,04:45,05:00,Arnulf,0,0,0
2026.02.10,05:00,05:15,Arnulf,1,0,1
2026.02.10,05:15,05:30,Arnulf,0,0,0
2026.02.10,05:30,05:45,Arnulf,2,0,2
2026.02.10,05:45,06:00,Arnulf,5,0,5
2026.02.10,06:00,06:15,Arnulf,4,1,5
2026.02.10,06:15,06:30,Arnulf,4,0,4
2026.02.10,06:30,06:45,Arnulf,6,0,6
2026.02.10,06:45,07:00,Arnulf,15,1,16
2026.02.10,07:00,07:15,Arnulf,19,1,20
2026.02.10,07:15,07:30,Arnulf,13,1,14
2026.02.10,07:30,07:45,Arnulf,18,1,19
2026.02.10,07:45,08:00,Arnulf,23,0,23
2026.02.10,08:00,08:15,Arnulf,29,0,29
2026.02.10,08:15,08:30,Arnulf,33,4,37
2026.02.10,08:30,08:45,Arnulf,36,0,36
2026.02.10,08:45,09:00,Arnulf,35,3,38
2026.02.10,09:00,09:15,Arnulf,35,3,38
2026.02.10,09:15,09:30,Arnulf,18,4,22
2026.02.10,09:30,09:45,Arnulf,24,0,24
2026.02.10,09:45,10:00,Arnulf,20,0,20
2026.02.10,10:00,10:15,Arnulf,9,0,9
2026.02.10,10:15,10:30,Arnulf,17,1,18
2026.02.10,10:30,10:45,Arnulf,17,0,17
2026.02.10,10:45,11:00,Arnulf,11,0,11
2026.02.10,11:00,11:15,Arnulf,14,1,15
2026.02.10,11:15,11:30,Arnulf,9,0,9
2026.02.10,11:30,11:45,Arnulf,12,0,12
2026.02.10,11:45,12:00,Arnulf,12,4,16
2026.02.10,12:00,12:15,Arnulf,16,1,17
2026.02.10,12:15,12:30,Arnulf,12,1,13
2026.02.10,12:30,12:45,Arnulf,7,1,8
2026.02.10,12:45,13:00,Arnulf,9,0,9
2026.02.10,13:00,13:15,Arnulf,8,1,9
2026.02.10,13:15,13:30,Arnulf,12,1,13
2026.02.10,13:30,13:45,Arnulf,15,0,15
2026.02.10,13:45,14:00,Arnulf,9,3,12
2026.02.10,14:00,14:15,Arnulf,11,1,12
2026.02.10,14:15,14:30,Arnulf,10,1,11
2026.02.10,14:30,14:45,Arnulf,11,4,15
2026.02.10,14:45,15:00,Arnulf,14,1,15
2026.02.10,15:00,15:15,Arnulf,8,1,9
2026.02.10,15:15,15:30,Arnulf,13,3,16
2026.02.10,15:30,15:45,Arnulf,15,3,18
2026.02.10,15:45,16:00,Arnulf,20,2,22
2026.02.10,16:00,16:15,Arnulf,14,1,15
2026.02.10,16:15,16:30,Arnulf,18,3,21
2026.02.10,16:30,16:45,Arnulf,15,1,16
2026.02.10,16:45,17:00,Arnulf,17,2,19
2026.02.10,17:00,17:15,Arnulf,23,4,27
2026.02.10,17:15,17:30,Arnulf,30,2,32
2026.02.10,17:30,17:45,Arnulf,34,0,34
2026.02.10,17:45,18:00,Arnulf,25,3,28
2026.02.10,18:00,18:15,Arnulf,29,3,32
2026.02.10,18:15,18:30,Arnulf,39,0,39
2026.02.10,18:30,18:45,Arnulf,20,2,22
2026.02.10,18:45,19:00,Arnulf,26,2,28
2026.02.10,19:00,19:15,Arnulf,11,4,15
2026.02.10,19:15,19:30,Arnulf,32,0,32
2026.02.10,19:30,19:45,Arnulf,16,2,18
2026.02.10,19:45,20:00,Arnulf,6,1,7
2026.02.10,20:00,20:15,Arnulf,4,0,4
2026.02.10,20:15,20:30,Arnulf,13,0,13
2026.02.10,20:30,20:45,Arnulf,11,1,12
2026.02.10,20:45,21:00,Arnulf,7,0,7
2026.02.10,21:00,21:15,Arnulf,7,1,8
2026.02.10,21:15,21:30,Arnulf,6,0,6
2026.02.10,21:30,21:45,Arnulf,3,1,4
2026.02.10,21:45,22:00,Arnulf,3,1,4
2026.02.10,22:00,22:15,Arnulf,1,2,3
2026.02.10,22:15,22:30,Arnulf,2,1,3
2026.02.10,22:30,22:45,Arnulf,4,1,5
2026.02.10,22:45,23:00,Arnulf,2,0,2
2026.02.10,23:00,23:15,Arnulf,1,0,1
2026.02.10,23:15,23:30,Arnulf,2,1,3
2026.02.10,23:30,23:45,Arnulf,1,0,1
2026.02.10,23:45,00:00,Arnulf,2,0,2
2026.02.11,00:00,00:15,Arnulf,1,0,1
2026.02.11,00:15,00:30,Arnulf,2,0,2
2026.02.11,00:30,00:45,Arnulf,0,0,0
2026.02.11,00:45,01:00,Arnulf,1,1,2
2026.02.11,01:00,01:15,Arnulf,0,0,0
2026.02.11,01:15,01:30,Arnulf,1,0,1
2026.02.11,01:30,01:45,Arnulf,0,0,0
2026.02.11,01:45,02:00,Arnulf,1,0,1
2026.02.11,02:00,02:15,Arnulf,1,0,1
2026.02.11,02:15,02:30,Arnulf,1,0,1
2026.02.11,02:30,02:45,Arnulf,0,0,0
2026.02.11,02:45,03:00,Arnulf,0,0,0
2026.02.11,03:00,03:15,Arnulf,0,0,0
2026.02.11,03:15,03:30,Arnulf,0,0,0
2026.02.11,03:30,03:45,Arnulf,1,0,1
2026.02.11,03:45,04:00,Arnulf,0,0,0
2026.02.11,04:00,04:15,Arnulf,0,0,0
2026.02.11,04:15,04:30,Arnulf,1,0,1
2026.02.11,04:30,04:45,Arnulf,0,1,1
2026.02.11,04:45,05:00,Arnulf,1,0,1
2026.02.11,05:00,05:15,Arnulf,2,0,2
2026.02.11,05:15,05:30,Arnulf,3,0,3
2026.02.11,05:30,05:45,Arnulf,5,0,5
2026.02.11,05:45,06:00,Arnulf,4,0,4
2026.02.11,06:00,06:15,Arnulf,5,0,5
2026.02.11,06:15,06:30,Arnulf,7,0,7
2026.02.11,06:30,06:45,Arnulf,12,0,12
2026.02.11,06:45,07:00,Arnulf,19,0,19
2026.02.11,07:00,07:15,Arnulf,25,1,26
2026.02.11,07:15,07:30,Arnulf,30,1,31
2026.02.11,07:30,07:45,Arnulf,31,2,33
2026.02.11,07:45,08:00,Arnulf,43,1,44
2026.02.11,08:00,08:15,Arnulf,54,0,54
2026.02.11,08:15,08:30,Arnulf,60,0,60
2026.02.11,08:30,08:45,Arnulf,46,0,46
2026.02.11,08:45,09:00,Arnulf,59,0,59
2026.02.11,09:00,09:15,Arnulf,34,1,35
2026.02.11,09:15,09:30,Arnulf,22,1,23
2026.02.11,09:30,09:45,Arnulf,43,3,46
2026.02.11,09:45,10:00,Arnulf,23,2,25
2026.02.11,10:00,10:15,Arnulf,15,3,18
2026.02.11,10:15,10:30,Arnulf,21,1,22
2026.02.11,10:30,10:45,Arnulf,20,1,21
2026.02.11,10:45,11:00,Arnulf,14,0,14
2026.02.11,11:00,11:15,Arnulf,18,1,19
2026.02.11,11:15,11:30,Arnulf,10,3,13
2026.02.11,11:30,11:45,Arnulf,22,0,22
2026.02.11,11:45,12:00,Arnulf,13,0,13
2026.02.11,12:00,12:15,Arnulf,22,1,23
2026.02.11,12:15,12:30,Arnulf,23,2,25
2026.02.11,12:30,12:45,Arnulf,20,2,22
2026.02.11,12:45,13:00,Arnulf,13,0,13
2026.02.11,13:00,13:15,Arnulf,18,2,20
2026.02.11,13:15,13:30,Arnulf,25,1,26
2026.02.11,13:30,13:45,Arnulf,21,3,24
2026.02.11,13:45,14:00,Arnulf,22,1,23
2026.02.11,14:00,14:15,Arnulf,19,1,20
2026.02.11,14:15,14:30,Arnulf,12,0,12
2026.02.11,14:30,14:45,Arnulf,19,1,20
2026.02.11,14:45,15:00,Arnulf,20,1,21
2026.02.11,15:00,15:15,Arnulf,27,1,28
2026.02.11,15:15,15:30,Arnulf,17,4,21
2026.02.11,15:30,15:45,Arnulf,17,2,19
2026.02.11,15:45,16:00,Arnulf,20,2,22
2026.02.11,16:00,16:15,Arnulf,14,5,19
2026.02.11,16:15,16:30,Arnulf,17,2,19
2026.02.11,16:30,16:45,Arnulf,31,0,31
2026.02.11,16:45,17:00,Arnulf,28,5,33
2026.02.11,17:00,17:15,Arnulf,20,3,23
2026.02.11,17:15,17:30,Arnulf,37,2,39
2026.02.11,17:30,17:45,Arnulf,38,0,38
2026.02.11,17:45,18:00,Arnulf,39,1,40
2026.02.11,18:00,18:15,Arnulf,37,1,38
2026.02.11,18:15,18:30,Arnulf,35,4,39
2026.02.11,18:30,18:45,Arnulf,28,1,29
2026.02.11,18:45,19:00,Arnulf,18,3,21
2026.02.11,19:00,19:15,Arnulf,26,1,27
2026.02.11,19:15,19:30,Arnulf,39,1,40
2026.02.11,19:30,19:45,Arnulf,26,1,27
2026.02.11,19:45,20:00,Arnulf,19,0,19
2026.02.11,20:00,20:15,Arnulf,16,2,18
2026.02.11,20:15,20:30,Arnulf,15,0,15
2026.02.11,20:30,20:45,Arnulf,10,0,10
2026.02.11,20:45,21:00,Arnulf,8,0,8
2026.02.11,21:00,21:15,Arnulf,9,2,11
2026.02.11,21:15,21:30,Arnulf,10,2,12
2026.02.11,21:30,21:45,Arnulf,8,1,9
2026.02.11,21:45,22:00,Arnulf,7,1,8
2026.02.11,22:00,22:15,Arnulf,5,1,6
2026.02.11,22:15,22:30,Arnulf,15,2,17
2026.02.11,22:30,22:45,Arnulf,8,1,9
2026.02.11,22:45,23:00,Arnulf,13,1,14
2026.02.11,23:00,23:15,Arnulf,5,0,5
2026.02.11,23:15,23:30,Arnulf,4,0,4
2026.02.11,23:30,23:45,Arnulf,2,0,2
2026.02.11,23:45,00:00,Arnulf,7,0,7
2026.02.12,00:00,00:15,Arnulf,1,0,1
2026.02.12,00:15,00:30,Arnulf,4,0,4
2026.02.12,00:30,00:45,Arnulf,0,0,0
2026.02.12,00:45,01:00,Arnulf,0,0,0
2026.02.12,01:00,01:15,Arnulf,1,1,2
2026.02.12,01:15,01:30,Arnulf,1,0,1
2026.02.12,01:30,01:45,Arnulf,0,0,0
2026.02.12,01:45,02:00,Arnulf,0,0,0
2026.02.12,02:00,02:15,Arnulf,0,0,0
2026.02.12,02:15,02:30,Arnulf,2,0,2
2026.02.12,02:30,02:45,Arnulf,0,0,0
2026.02.12,02:45,03:00,Arnulf,2,0,2
2026.02.12,03:00,03:15,Arnulf,0,0,0
2026.02.12,03:15,03:30,Arnulf,0,0,0
2026.02.12,03:30,03:45,Arnulf,0,0,0
2026.02.12,03:45,04:00,Arnulf,0,0,0
2026.02.12,04:00,04:15,Arnulf,0,0,0
2026.02.12,04:15,04:30,Arnulf,0,0,0
2026.02.12,04:30,04:45,Arnulf,0,0,0
2026.02.12,04:45,05:00,Arnulf,0,0,0
2026.02.12,05:00,05:15,Arnulf,3,0,3
2026.02.12,05:15,05:30,Arnulf,0,0,0
2026.02.12,05:30,05:45,Arnulf,3,0,3
2026.02.12,05:45,06:00,Arnulf,3,1,4
2026.02.12,06:00,06:15,Arnulf,1,1,2
2026.02.12,06:15,06:30,Arnulf,4,0,4
2026.02.12,06:30,06:45,Arnulf,7,0,7
2026.02.12,06:45,07:00,Arnulf,6,1,7
2026.02.12,07:00,07:15,Arnulf,18,2,20
2026.02.12,07:15,07:30,Arnulf,22,1,23
2026.02.12,07:30,07:45,Arnulf,21,1,22
2026.02.12,07:45,08:00,Arnulf,26,1,27
2026.02.12,08:00,08:15,Arnulf,23,1,24
2026.02.12,08:15,08:30,Arnulf,34,1,35
2026.02.12,08:30,08:45,Arnulf,36,1,37
2026.02.12,08:45,09:00,Arnulf,33,1,34
2026.02.12,09:00,09:15,Arnulf,30,1,31
2026.02.12,09:15,09:30,Arnulf,19,0,19
2026.02.12,09:30,09:45,Arnulf,17,2,19
2026.02.12,09:45,10:00,Arnulf,21,1,22
2026.02.12,10:00,10:15,Arnulf,7,2,9
2026.02.12,10:15,10:30,Arnulf,7,1,8
2026.02.12,10:30,10:45,Arnulf,15,1,16
2026.02.12,10:45,11:00,Arnulf,18,0,18
2026.02.12,11:00,11:15,Arnulf,14,0,14
2026.02.12,11:15,11:30,Arnulf,9,1,10
2026.02.12,11:30,11:45,Arnulf,8,0,8
2026.02.12,11:45,12:00,Arnulf,11,1,12
2026.02.12,12:00,12:15,Arnulf,15,0,15
2026.02.12,12:15,12:30,Arnulf,17,1,18
2026.02.12,12:30,12:45,Arnulf,3,1,4
2026.02.12,12:45,13:00,Arnulf,13,1,14
2026.02.12,13:00,13:15,Arnulf,11,0,11
2026.02.12,13:15,13:30,Arnulf,18,1,19
2026.02.12,13:30,13:45,Arnulf,7,0,7
2026.02.12,13:45,14:00,Arnulf,15,3,18
2026.02.12,14:00,14:15,Arnulf,5,4,9
2026.02.12,14:15,14:30,Arnulf,6,2,8
2026.02.12,14:30,14:45,Arnulf,1,1,2
2026.02.12,14:45,15:00,Arnulf,10,1,11
2026.02.12,15:00,15:15,Arnulf,4,2,6
2026.02.12,15:15,15:30,Arnulf,13,1,14
2026.02.12,15:30,15:45,Arnulf,4,1,5
2026.02.12,15:45,16:00,Arnulf,9,1,10
2026.02.12,16:00,16:15,Arnulf,7,0,7
2026.02.12,16:15,16:30,Arnulf,8,2,10
2026.02.12,16:30,16:45,Arnulf,14,1,15
2026.02.12,16:45,17:00,Arnulf,12,3,15
2026.02.12,17:00,17:15,Arnulf,15,0,15
2026.02.12,17:15,17:30,Arnulf,17,1,18
2026.02.12,17:30,17:45,Arnulf,21,2,23
2026.02.12,17:45,18:00,Arnulf,21,1,22
2026.02.12,18:00,18:15,Arnulf,15,2,17
2026.02.12,18:15,18:30,Arnulf,26,1,27
2026.02.12,18:30,18:45,Arnulf,25,0,25
2026.02.12,18:45,19:00,Arnulf,17,3,20
2026.02.12,19:00,19:15,Arnulf,15,1,16
2026.02.12,19:15,19:30,Arnulf,16,1,17
2026.02.12,19:30,19:45,Arnulf,15,1,16
2026.02.12,19:45,20:00,Arnulf,11,2,13
2026.02.12,20:00,20:15,Arnulf,13,0,13
2026.02.12,20:15,20:30,Arnulf,7,0,7
2026.02.12,20:30,20:45,Arnulf,4,0,4
2026.02.12,20:45,21:00,Arnulf,4,0,4
2026.02.12,21:00,21:15,Arnulf,5,1,6
2026.02.12,21:15,21:30,Arnulf,3,2,5
2026.02.12,21:30,21:45,Arnulf,4,0,4
2026.02.12,21:45,22:00,Arnulf,5,0,5
2026.02.12,22:00,22:15,Arnulf,8,1,9
2026.02.12,22:15,22:30,Arnulf,1,1,2
2026.02.12,22:30,22:45,Arnulf,5,0,5
2026.02.12,22:45,23:00,Arnulf,3,0,3
2026.02.12,23:00,23:15,Arnulf,2,0,2
2026.02.12,23:15,23:30,Arnulf,0,0,0
2026.02.12,23:30,23:45,Arnulf,1,0,1
2026.02.12,23:45,00:00,Arnulf,4,0,4
2026.02.13,00:00,00:15,Arnulf,2,0,2
2026.02.13,00:15,00:30,Arnulf,0,0,0
2026.02.13,00:30,00:45,Arnulf,1,0,1
2026.02.13,00:45,01:00,Arnulf,0,0,0
2026.02.13,01:00,01:15,Arnulf,0,0,0
2026.02.13,01:15,01:30,Arnulf,1,0,1
2026.02.13,01:30,01:45,Arnulf,0,0,0
2026.02.13,01:45,02:00,Arnulf,0,1,1
2026.02.13,02:00,02:15,Arnulf,1,0,1
2026.02.13,02:15,02:30,Arnulf,0,0,0
2026.02.13,02:30,02:45,Arnulf,0,0,0
2026.02.13,02:45,03:00,Arnulf,1,0,1
2026.02.13,03:00,03:15,Arnulf,0,0,0
2026.02.13,03:15,03:30,Arnulf,0,0,0
2026.02.13,03:30,03:45,Arnulf,0,1,1
2026.02.13,03:45,04:00,Arnulf,1,0,1
2026.02.13,04:00,04:15,Arnulf,0,0,0
2026.02.13,04:15,04:30,Arnulf,0,0,0
2026.02.13,04:30,04:45,Arnulf,0,0,0
2026.02.13,04:45,05:00,Arnulf,1,0,1
2026.02.13,05:00,05:15,Arnulf,1,0,1
2026.02.13,05:15,05:30,Arnulf,1,0,1
2026.02.13,05:30,05:45,Arnulf,0,0,0
2026.02.13,05:45,06:00,Arnulf,6,0,6
2026.02.13,06:00,06:15,Arnulf,3,0,3
2026.02.13,06:15,06:30,Arnulf,1,0,1
2026.02.13,06:30,06:45,Arnulf,6,0,6
2026.02.13,06:45,07:00,Arnulf,15,0,15
2026.02.13,07:00,07:15,Arnulf,7,1,8
2026.02.13,07:15,07:30,Arnulf,18,1,19
2026.02.13,07:30,07:45,Arnulf,19,0,19
2026.02.13,07:45,08:00,Arnulf,25,2,27
2026.02.13,08:00,08:15,Arnulf,32,1,33
2026.02.13,08:15,08:30,Arnulf,16,3,19
2026.02.13,08:30,08:45,Arnulf,32,0,32
2026.02.13,08:45,09:00,Arnulf,31,0,31
2026.02.13,09:00,09:15,Arnulf,16,2,18
2026.02.13,09:15,09:30,Arnulf,12,2,14
2026.02.13,09:30,09:45,Arnulf,17,2,19
2026.02.13,09:45,10:00,Arnulf,18,0,18
2026.02.13,10:00,10:15,Arnulf,9,0,9
2026.02.13,10:15,10:30,Arnulf,13,1,14
2026.02.13,10:30,10:45,Arnulf,12,0,12
2026.02.13,10:45,11:00,Arnulf,13,0,13
2026.02.13,11:00,11:15,Arnulf,12,0,12
2026.02.13,11:15,11:30,Arnulf,14,1,15
2026.02.13,11:30,11:45,Arnulf,18,0,18
2026.02.13,11:45,12:00,Arnulf,10,0,10
2026.02.13,12:00,12:15,Arnulf,13,0,13
2026.02.13,12:15,12:30,Arnulf,19,0,19
2026.02.13,12:30,12:45,Arnulf,13,2,15
2026.02.13,12:45,13:00,Arnulf,10,0,10
2026.02.13,13:00,13:15,Arnulf,7,5,12
2026.02.13,13:15,13:30,Arnulf,16,0,16
2026.02.13,13:30,13:45,Arnulf,12,1,13
2026.02.13,13:45,14:00,Arnulf,15,0,15
2026.02.13,14:00,14:15,Arnulf,11,1,12
2026.02.13,14:15,14:30,Arnulf,11,5,16
2026.02.13,14:30,14:45,Arnulf,8,1,9
2026.02.13,14:45,15:00,Arnulf,19,3,22
2026.02.13,15:00,15:15,Arnulf,13,2,15
2026.02.13,15:15,15:30,Arnulf,20,0,20
2026.02.13,15:30,15:45,Arnulf,13,1,14
2026.02.13,15:45,16:00,Arnulf,14,1,15
2026.02.13,16:00,16:15,Arnulf,10,2,12
2026.02.13,16:15,16:30,Arnulf,18,3,21
2026.02.13,16:30,16:45,Arnulf,16,3,19
2026.02.13,16:45,17:00,Arnulf,18,2,20
2026.02.13,17:00,17:15,Arnulf,19,4,23
2026.02.13,17:15,17:30,Arnulf,13,1,14
2026.02.13,17:30,17:45,Arnulf,13,0,13
2026.02.13,17:45,18:00,Arnulf,20,2,22
2026.02.13,18:00,18:15,Arnulf,10,4,14
2026.02.13,18:15,18:30,Arnulf,16,5,21
2026.02.13,18:30,18:45,Arnulf,25,0,25
2026.02.13,18:45,19:00,Arnulf,19,0,19
2026.02.13,19:00,19:15,Arnulf,15,4,19
2026.02.13,19:15,19:30,Arnulf,17,1,18
2026.02.13,19:30,19:45,Arnulf,18,0,18
2026.02.13,19:45,20:00,Arnulf,10,1,11
2026.02.13,20:00,20:15,Arnulf,9,1,10
2026.02.13,20:15,20:30,Arnulf,9,0,9
2026.02.13,20:30,20:45,Arnulf,9,0,9
2026.02.13,20:45,21:00,Arnulf,12,1,13
2026.02.13,21:00,21:15,Arnulf,3,1,4
2026.02.13,21:15,21:30,Arnulf,6,0,6
2026.02.13,21:30,21:45,Arnulf,3,3,6
2026.02.13,21:45,22:00,Arnulf,2,1,3
2026.02.13,22:00,22:15,Arnulf,3,2,5
2026.02.13,22:15,22:30,Arnulf,6,0,6
2026.02.13,22:30,22:45,Arnulf,7,0,7
2026.02.13,22:45,23:00,Arnulf,5,1,6
2026.02.13,23:00,23:15,Arnulf,1,0,1
2026.02.13,23:15,23:30,Arnulf,2,1,3
2026.02.13,23:30,23:45,Arnulf,1,0,1
2026.02.13,23:45,00:00,Arnulf,7,1,8
2026.02.14,00:00,00:15,Arnulf,2,1,3
2026.02.14,00:15,00:30,Arnulf,0,1,1
2026.02.14,00:30,00:45,Arnulf,1,0,1
2026.02.14,00:45,01:00,Arnulf,4,0,4
2026.02.14,01:00,01:15,Arnulf,1,0,1
2026.02.14,01:15,01:30,Arnulf,5,0,5
2026.02.14,01:30,01:45,Arnulf,0,0,0
2026.02.14,01:45,02:00,Arnulf,0,0,0
2026.02.14,02:00,02:15,Arnulf,0,0,0
2026.02.14,02:15,02:30,Arnulf,2,0,2
2026.02.14,02:30,02:45,Arnulf,0,0,0
2026.02.14,02:45,03:00,Arnulf,0,0,0
2026.02.14,03:00,03:15,Arnulf,1,1,2
2026.02.14,03:15,03:30,Arnulf,0,0,0
2026.02.14,03:30,03:45,Arnulf,0,0,0
2026.02.14,03:45,04:00,Arnulf,1,0,1
2026.02.14,04:00,04:15,Arnulf,0,0,0
2026.02.14,04:15,04:30,Arnulf,1,1,2
2026.02.14,04:30,04:45,Arnulf,0,0,0
2026.02.14,04:45,05:00,Arnulf,1,0,1
2026.02.14,05:00,05:15,Arnulf,1,0,1
2026.02.14,05:15,05:30,Arnulf,0,0,0
2026.02.14,05:30,05:45,Arnulf,0,0,0
2026.02.14,05:45,06:00,Arnulf,2,0,2
2026.02.14,06:00,06:15,Arnulf,1,1,2
2026.02.14,06:15,06:30,Arnulf,2,0,2
2026.02.14,06:30,06:45,Arnulf,3,0,3
2026.02.14,06:45,07:00,Arnulf,1,0,1
2026.02.14,07:00,07:15,Arnulf,2,0,2
2026.02.14,07:15,07:30,Arnulf,1,0,1
2026.02.14,07:30,07:45,Arnulf,4,1,5
2026.02.14,07:45,08:00,Arnulf,5,0,5
2026.02.14,08:00,08:15,Arnulf,3,0,3
2026.02.14,08:15,08:30,Arnulf,4,0,4
2026.02.14,08:30,08:45,Arnulf,3,0,3
2026.02.14,08:45,09:00,Arnulf,2,1,3
2026.02.14,09:00,09:15,Arnulf,5,0,5
2026.02.14,09:15,09:30,Arnulf,7,1,8
2026.02.14,09:30,09:45,Arnulf,8,0,8
2026.02.14,09:45,10:00,Arnulf,6,1,7
2026.02.14,10:00,10:15,Arnulf,8,0,8
2026.02.14,10:15,10:30,Arnulf,9,1,10
2026.02.14,10:30,10:45,Arnulf,8,0,8
2026.02.14,10:45,11:00,Arnulf,9,0,9
2026.02.14,11:00,11:15,Arnulf,14,0,14
2026.02.14,11:15,11:30,Arnulf,7,0,7
2026.02.14,11:30,11:45,Arnulf,9,0,9
2026.02.14,11:45,12:00,Arnulf,9,0,9
2026.02.14,12:00,12:15,Arnulf,4,1,5
2026.02.14,12:15,12:30,Arnulf,16,1,17
2026.02.14,12:30,12:45,Arnulf,15,0,15
2026.02.14,12:45,13:00,Arnulf,11,2,13
2026.02.14,13:00,13:15,Arnulf,15,0,15
2026.02.14,13:15,13:30,Arnulf,11,0,11
2026.02.14,13:30,13:45,Arnulf,10,0,10
2026.02.14,13:45,14:00,Arnulf,11,0,11
2026.02.14,14:00,14:15,Arnulf,11,0,11
2026.02.14,14:15,14:30,Arnulf,5,2,7
2026.02.14,14:30,14:45,Arnulf,7,0,7
2026.02.14,14:45,15:00,Arnulf,7,1,8
2026.02.14,15:00,15:15,Arnulf,12,0,12
2026.02.14,15:15,15:30,Arnulf,4,0,4
2026.02.14,15:30,15:45,Arnulf,3,0,3
2026.02.14,15:45,16:00,Arnulf,1,0,1
2026.02.14,16:00,16:15,Arnulf,5,0,5
2026.02.14,16:15,16:30,Arnulf,1,0,1
2026.02.14,16:30,16:45,Arnulf,4,1,5
2026.02.14,16:45,17:00,Arnulf,3,0,3
2026.02.14,17:00,17:15,Arnulf,2,1,3
2026.02.14,17:15,17:30,Arnulf,0,0,0
2026.02.14,17:30,17:45,Arnulf,5,1,6
2026.02.14,17:45,18:00,Arnulf,1,0,1
2026.02.14,18:00,18:15,Arnulf,4,0,4
2026.02.14,18:15,18:30,Arnulf,4,0,4
2026.02.14,18:30,18:45,Arnulf,4,0,4
2026.02.14,18:45,19:00,Arnulf,4,0,4
2026.02.14,19:00,19:15,Arnulf,2,0,2
2026.02.14,19:15,19:30,Arnulf,2,0,2
2026.02.14,19:30,19:45,Arnulf,1,0,1
2026.02.14,19:45,20:00,Arnulf,0,0,0
2026.02.14,20:00,20:15,Arnulf,2,0,2
2026.02.14,20:15,20:30,Arnulf,1,1,2
2026.02.14,20:30,20:45,Arnulf,2,2,4
2026.02.14,20:45,21:00,Arnulf,3,0,3
2026.02.14,21:00,21:15,Arnulf,2,0,2
2026.02.14,21:15,21:30,Arnulf,3,1,4
2026.02.14,21:30,21:45,Arnulf,6,0,6
2026.02.14,21:45,22:00,Arnulf,0,0,0
2026.02.14,22:00,22:15,Arnulf,0,0,0
2026.02.14,22:15,22:30,Arnulf,1,0,1
2026.02.14,22:30,22:45,Arnulf,1,1,2
2026.02.14,22:45,23:00,Arnulf,2,0,2
2026.02.14,23:00,23:15,Arnulf,0,0,0
2026.02.14,23:15,23:30,Arnulf,1,0,1
2026.02.14,23:30,23:45,Arnulf,1,0,1
2026.02.14,23:45,00:00,Arnulf,0,0,0
2026.02.15,00:00,00:15,Arnulf,1,0,1
2026.02.15,00:15,00:30,Arnulf,0,0,0
2026.02.15,00:30,00:45,Arnulf,0,0,0
2026.02.15,00:45,01:00,Arnulf,1,0,1
2026.02.15,01:00,01:15,Arnulf,1,0,1
2026.02.15,01:15,01:30,Arnulf,0,0,0
2026.02.15,01:30,01:45,Arnulf,1,0,1
2026.02.15,01:45,02:00,Arnulf,0,0,0
2026.02.15,02:00,02:15,Arnulf,2,0,2
2026.02.15,02:15,02:30,Arnulf,0,0,0
2026.02.15,02:30,02:45,Arnulf,0,0,0
2026.02.15,02:45,03:00,Arnulf,3,0,3
2026.02.15,03:00,03:15,Arnulf,0,0,0
2026.02.15,03:15,03:30,Arnulf,0,0,0
2026.02.15,03:30,03:45,Arnulf,0,0,0
2026.02.15,03:45,04:00,Arnulf,0,0,0
2026.02.15,04:00,04:15,Arnulf,0,0,0
2026.02.15,04:15,04:30,Arnulf,0,0,0
2026.02.15,04:30,04:45,Arnulf,0,0,0
2026.02.15,04:45,05:00,Arnulf,1,0,1
2026.02.15,05:00,05:15,Arnulf,0,0,0
2026.02.15,05:15,05:30,Arnulf,0,0,0
2026.02.15,05:30,05:45,Arnulf,1,0,1
2026.02.15,05:45,06:00,Arnulf,0,0,0
2026.02.15,06:00,06:15,Arnulf,0,0,0
2026.02.15,06:15,06:30,Arnulf,0,0,0
2026.02.15,06:30,06:45,Arnulf,1,0,1
2026.02.15,06:45,07:00,Arnulf,0,0,0
2026.02.15,07:00,07:15,Arnulf,0,1,1
2026.02.15,07:15,07:30,Arnulf,1,0,1
2026.02.15,07:30,07:45,Arnulf,2,0,2
2026.02.15,07:45,08:00,Arnulf,2,0,2
2026.02.15,08:00,08:15,Arnulf,0,0,0
2026.02.15,08:15,08:30,Arnulf,0,1,1
2026.02.15,08:30,08:45,Arnulf,0,0,0
2026.02.15,08:45,09:00,Arnulf,2,0,2
2026.02.15,09:00,09:15,Arnulf,3,0,3
2026.02.15,09:15,09:30,Arnulf,1,0,1
2026.02.15,09:30,09:45,Arnulf,2,0,2
2026.02.15,09:45,10:00,Arnulf,1,0,1
2026.02.15,10:00,10:15,Arnulf,2,1,3
2026.02.15,10:15,10:30,Arnulf,3,0,3
2026.02.15,10:30,10:45,Arnulf,1,0,1
2026.02.15,10:45,11:00,Arnulf,4,0,4
2026.02.15,11:00,11:15,Arnulf,0,1,1
2026.02.15,11:15,11:30,Arnulf,2,0,2
2026.02.15,11:30,11:45,Arnulf,4,0,4
2026.02.15,11:45,12:00,Arnulf,2,5,7
2026.02.15,12:00,12:15,Arnulf,11,1,12
2026.02.15,12:15,12:30,Arnulf,6,0,6
2026.02.15,12:30,12:45,Arnulf,8,0,8
2026.02.15,12:45,13:00,Arnulf,5,0,5
2026.02.15,13:00,13:15,Arnulf,3,0,3
2026.02.15,13:15,13:30,Arnulf,1,0,1
2026.02.15,13:30,13:45,Arnulf,4,1,5
2026.02.15,13:45,14:00,Arnulf,9,0,9
2026.02.15,14:00,14:15,Arnulf,5,1,6
2026.02.15,14:15,14:30,Arnulf,3,0,3
2026.02.15,14:30,14:45,Arnulf,4,0,4
2026.02.15,14:45,15:00,Arnulf,10,0,10
2026.02.15,15:00,15:15,Arnulf,1,0,1
2026.02.15,15:15,15:30,Arnulf,6,0,6
2026.02.15,15:30,15:45,Arnulf,3,1,4
2026.02.15,15:45,16:00,Arnulf,7,0,7
2026.02.15,16:00,16:15,Arnulf,6,0,6
2026.02.15,16:15,16:30,Arnulf,4,1,5
2026.02.15,16:30,16:45,Arnulf,6,0,6
2026.02.15,16:45,17:00,Arnulf,2,0,2
2026.02.15,17:00,17:15,Arnulf,5,0,5
2026.02.15,17:15,17:30,Arnulf,7,0,7
2026.02.15,17:30,17:45,Arnulf,6,1,7
2026.02.15,17:45,18:00,Arnulf,1,0,1
2026.02.15,18:00,18:15,Arnulf,12,0,12
2026.02.15,18:15,18:30,Arnulf,2,4,6
2026.02.15,18:30,18:45,Arnulf,3,0,3
2026.02.15,18:45,19:00,Arnulf,7,0,7
2026.02.15,19:00,19:15,Arnulf,6,0,6
2026.02.15,19:15,19:30,Arnulf,8,2,10
2026.02.15,19:30,19:45,Arnulf,6,1,7
2026.02.15,19:45,20:00,Arnulf,3,0,3
2026.02.15,20:00,20:15,Arnulf,7,0,7
2026.02.15,20:15,20:30,Arnulf,7,0,7
2026.02.15,20:30,20:45,Arnulf,4,0,4
2026.02.15,20:45,21:00,Arnulf,4,0,4
2026.02.15,21:00,21:15,Arnulf,5,0,5
2026.02.15,21:15,21:30,Arnulf,3,0,3
2026.02.15,21:30,21:45,Arnulf,3,0,3
2026.02.15,21:45,22:00,Arnulf,4,0,4
2026.02.15,22:00,22:15,Arnulf,5,1,6
2026.02.15,22:15,22:30,Arnulf,4,2,6
2026.02.15,22:30,22:45,Arnulf,1,0,1
2026.02.15,22:45,23:00,Arnulf,5,0,5
2026.02.15,23:00,23:15,Arnulf,1,0,1
2026.02.15,23:15,23:30,Arnulf,0,1,1
2026.02.15,23:30,23:45,Arnulf,0,0,0
2026.02.15,23:45,00:00,Arnulf,0,0,0
2026.02.16,00:00,00:15,Arnulf,0,0,0
2026.02.16,00:15,00:30,Arnulf,0,0,0
2026.02.16,00:30,00:45,Arnulf,0,0,0
2026.02.16,00:45,01:00,Arnulf,0,0,0
2026.02.16,01:00,01:15,Arnulf,0,0,0
2026.02.16,01:15,01:30,Arnulf,0,0,0
2026.02.16,01:30,01:45,Arnulf,0,0,0
2026.02.16,01:45,02:00,Arnulf,0,0,0
2026.02.16,02:00,02:15,Arnulf,0,0,0
2026.02.16,02:15,02:30,Arnulf,0,0,0
2026.02.16,02:30,02:45,Arnulf,0,0,0
2026.02.16,02:45,03:00,Arnulf,0,0,0
2026.02.16,03:00,03:15,Arnulf,0,0,0
2026.02.16,03:15,03:30,Arnulf,0,0,0
2026.02.16,03:30,03:45,Arnulf,0,0,0
2026.02.16,03:45,04:00,Arnulf,0,0,0
2026.02.16,04:00,04:15,Arnulf,0,0,0
2026.02.16,04:15,04:30,Arnulf,0,0,0
2026.02.16,04:30,04:45,Arnulf,3,0,3
2026.02.16,04:45,05:00,Arnulf,2,0,2
2026.02.16,05:00,05:15,Arnulf,1,0,1
2026.02.16,05:15,05:30,Arnulf,1,0,1
2026.02.16,05:30,05:45,Arnulf,1,0,1
2026.02.16,05:45,06:00,Arnulf,3,0,3
2026.02.16,06:00,06:15,Arnulf,3,0,3
2026.02.16,06:15,06:30,Arnulf,0,1,1
2026.02.16,06:30,06:45,Arnulf,0,0,0
2026.02.16,06:45,07:00,Arnulf,7,0,7
2026.02.16,07:00,07:15,Arnulf,4,1,5
2026.02.16,07:15,07:30,Arnulf,10,0,10
2026.02.16,07:30,07:45,Arnulf,5,0,5
2026.02.16,07:45,08:00,Arnulf,9,1,10
2026.02.16,08:00,08:15,Arnulf,11,0,11
2026.02.16,08:15,08:30,Arnulf,18,1,19
2026.02.16,08:30,08:45,Arnulf,12,0,12
2026.02.16,08:45,09:00,Arnulf,22,0,22
2026.02.16,09:00,09:15,Arnulf,15,1,16
2026.02.16,09:15,09:30,Arnulf,7,2,9
2026.02.16,09:30,09:45,Arnulf,6,1,7
2026.02.16,09:45,10:00,Arnulf,7,0,7
2026.02.16,10:00,10:15,Arnulf,12,0,12
2026.02.16,10:15,10:30,Arnulf,9,1,10
2026.02.16,10:30,10:45,Arnulf,6,0,6
2026.02.16,10:45,11:00,Arnulf,5,0,5
2026.02.16,11:00,11:15,Arnulf,8,0,8
2026.02.16,11:15,11:30,Arnulf,8,2,10
2026.02.16,11:30,11:45,Arnulf,10,0,10
2026.02.16,11:45,12:00,Arnulf,6,0,6
2026.02.16,12:00,12:15,Arnulf,13,1,14
2026.02.16,12:15,12:30,Arnulf,6,1,7
2026.02.16,12:30,12:45,Arnulf,6,0,6
2026.02.16,12:45,13:00,Arnulf,7,0,7
2026.02.16,13:00,13:15,Arnulf,8,2,10
2026.02.16,13:15,13:30,Arnulf,10,1,11
2026.02.16,13:30,13:45,Arnulf,16,2,18
2026.02.16,13:45,14:00,Arnulf,5,0,5
2026.02.16,14:00,14:15,Arnulf,3,0,3
2026.02.16,14:15,14:30,Arnulf,9,0,9
2026.02.16,14:30,14:45,Arnulf,6,3,9
2026.02.16,14:45,15:00,Arnulf,6,0,6
2026.02.16,15:00,15:15,Arnulf,5,0,5
2026.02.16,15:15,15:30,Arnulf,9,0,9
2026.02.16,15:30,15:45,Arnulf,9,0,9
2026.02.16,15:45,16:00,Arnulf,10,0,10
2026.02.16,16:00,16:15,Arnulf,15,0,15
2026.02.16,16:15,16:30,Arnulf,9,1,10
2026.02.16,16:30,16:45,Arnulf,6,1,7
2026.02.16,16:45,17:00,Arnulf,9,2,11
2026.02.16,17:00,17:15,Arnulf,6,3,9
2026.02.16,17:15,17:30,Arnulf,13,3,16
2026.02.16,17:30,17:45,Arnulf,8,0,8
2026.02.16,17:45,18:00,Arnulf,14,0,14
2026.02.16,18:00,18:15,Arnulf,10,0,10
2026.02.16,18:15,18:30,Arnulf,9,2,11
2026.02.16,18:30,18:45,Arnulf,11,3,14
2026.02.16,18:45,19:00,Arnulf,9,2,11
2026.02.16,19:00,19:15,Arnulf,7,1,8
2026.02.16,19:15,19:30,Arnulf,9,1,10
2026.02.16,19:30,19:45,Arnulf,4,0,4
2026.02.16,19:45,20:00,Arnulf,1,0,1
2026.02.16,20:00,20:15,Arnulf,8,1,9
2026.02.16,20:15,20:30,Arnulf,2,1,3
2026.02.16,20:30,20:45,Arnulf,5,3,8
2026.02.16,20:45,21:00,Arnulf,7,1,8
2026.02.16,21:00,21:15,Arnulf,5,1,6
2026.02.16,21:15,21:30,Arnulf,10,1,11
2026.02.16,21:30,21:45,Arnulf,3,0,3
2026.02.16,21:45,22:00,Arnulf,4,0,4
2026.02.16,22:00,22:15,Arnulf,3,2,5
2026.02.16,22:15,22:30,Arnulf,2,0,2
2026.02.16,22:30,22:45,Arnulf,3,2,5
2026.02.16,22:45,23:00,Arnulf,2,0,2
2026.02.16,23:00,23:15,Arnulf,2,0,2
2026.02.16,23:15,23:30,Arnulf,1,0,1
2026.02.16,23:30,23:45,Arnulf,1,0,1
2026.02.16,23:45,00:00,Arnulf,2,0,2
2026.02.17,00:00,00:15,Arnulf,1,0,1
2026.02.17,00:15,00:30,Arnulf,2,0,2
2026.02.17,00:30,00:45,Arnulf,0,0,0
2026.02.17,00:45,01:00,Arnulf,3,0,3
2026.02.17,01:00,01:15,Arnulf,2,0,2
2026.02.17,01:15,01:30,Arnulf,0,0,0
2026.02.17,01:30,01:45,Arnulf,1,0,1
2026.02.17,01:45,02:00,Arnulf,1,0,1
2026.02.17,02:00,02:15,Arnulf,0,0,0
2026.02.17,02:15,02:30,Arnulf,0,0,0
2026.02.17,02:30,02:45,Arnulf,0,0,0
2026.02.17,02:45,03:00,Arnulf,2,0,2
2026.02.17,03:00,03:15,Arnulf,0,1,1
2026.02.17,03:15,03:30,Arnulf,0,0,0
2026.02.17,03:30,03:45,Arnulf,0,0,0
2026.02.17,03:45,04:00,Arnulf,0,0,0
2026.02.17,04:00,04:15,Arnulf,0,0,0
2026.02.17,04:15,04:30,Arnulf,0,0,0
2026.02.17,04:30,04:45,Arnulf,0,0,0
2026.02.17,04:45,05:00,Arnulf,1,0,1
2026.02.17,05:00,05:15,Arnulf,1,0,1
2026.02.17,05:15,05:30,Arnulf,0,0,0
2026.02.17,05:30,05:45,Arnulf,0,0,0
2026.02.17,05:45,06:00,Arnulf,3,0,3
2026.02.17,06:00,06:15,Arnulf,1,0,1
2026.02.17,06:15,06:30,Arnulf,5,0,5
2026.02.17,06:30,06:45,Arnulf,7,1,8
2026.02.17,06:45,07:00,Arnulf,8,0,8
2026.02.17,07:00,07:15,Arnulf,7,0,7
2026.02.17,07:15,07:30,Arnulf,10,0,10
2026.02.17,07:30,07:45,Arnulf,7,1,8
2026.02.17,07:45,08:00,Arnulf,18,0,18
2026.02.17,08:00,08:15,Arnulf,9,1,10
2026.02.17,08:15,08:30,Arnulf,15,1,16
2026.02.17,08:30,08:45,Arnulf,27,1,28
2026.02.17,08:45,09:00,Arnulf,17,2,19
2026.02.17,09:00,09:15,Arnulf,11,0,11
2026.02.17,09:15,09:30,Arnulf,13,0,13
2026.02.17,09:30,09:45,Arnulf,12,0,12
2026.02.17,09:45,10:00,Arnulf,8,2,10
2026.02.17,10:00,10:15,Arnulf,3,1,4
2026.02.17,10:15,10:30,Arnulf,10,0,10
2026.02.17,10:30,10:45,Arnulf,10,0,10
2026.02.17,10:45,11:00,Arnulf,11,1,12
2026.02.17,11:00,11:15,Arnulf,6,1,7
2026.02.17,11:15,11:30,Arnulf,7,2,9
2026.02.17,11:30,11:45,Arnulf,6,1,7
2026.02.17,11:45,12:00,Arnulf,7,1,8
2026.02.17,12:00,12:15,Arnulf,8,1,9
2026.02.17,12:15,12:30,Arnulf,9,2,11
2026.02.17,12:30,12:45,Arnulf,5,1,6
2026.02.17,12:45,13:00,Arnulf,6,0,6
2026.02.17,13:00,13:15,Arnulf,8,0,8
2026.02.17,13:15,13:30,Arnulf,6,1,7
2026.02.17,13:30,13:45,Arnulf,5,1,6
2026.02.17,13:45,14:00,Arnulf,7,2,9
2026.02.17,14:00,14:15,Arnulf,5,0,5
2026.02.17,14:15,14:30,Arnulf,8,0,8
2026.02.17,14:30,14:45,Arnulf,6,1,7
2026.02.17,14:45,15:00,Arnulf,4,2,6
2026.02.17,15:00,15:15,Arnulf,7,0,7
2026.02.17,15:15,15:30,Arnulf,10,0,10
2026.02.17,15:30,15:45,Arnulf,7,1,8
2026.02.17,15:45,16:00,Arnulf,16,1,17
2026.02.17,16:00,16:15,Arnulf,17,2,19
2026.02.17,16:15,16:30,Arnulf,16,1,17
2026.02.17,16:30,16:45,Arnulf,13,1,14
2026.02.17,16:45,17:00,Arnulf,10,3,13
2026.02.17,17:00,17:15,Arnulf,10,1,11
2026.02.17,17:15,17:30,Arnulf,20,0,20
2026.02.17,17:30,17:45,Arnulf,18,2,20
2026.02.17,17:45,18:00,Arnulf,12,1,13
2026.02.17,18:00,18:15,Arnulf,15,0,15
2026.02.17,18:15,18:30,Arnulf,15,2,17
2026.02.17,18:30,18:45,Arnulf,17,1,18
2026.02.17,18:45,19:00,Arnulf,5,1,6
2026.02.17,19:00,19:15,Arnulf,7,0,7
2026.02.17,19:15,19:30,Arnulf,16,2,18
2026.02.17,19:30,19:45,Arnulf,7,0,7
2026.02.17,19:45,20:00,Arnulf,5,0,5
2026.02.17,20:00,20:15,Arnulf,7,1,8
2026.02.17,20:15,20:30,Arnulf,10,0,10
2026.02.17,20:30,20:45,Arnulf,7,0,7
2026.02.17,20:45,21:00,Arnulf,2,1,3
2026.02.17,21:00,21:15,Arnulf,3,0,3
2026.02.17,21:15,21:30,Arnulf,7,0,7
2026.02.17,21:30,21:45,Arnulf,3,1,4
2026.02.17,21:45,22:00,Arnulf,0,0,0
2026.02.17,22:00,22:15,Arnulf,1,2,3
2026.02.17,22:15,22:30,Arnulf,1,0,1
2026.02.17,22:30,22:45,Arnulf,2,0,2
2026.02.17,22:45,23:00,Arnulf,1,1,2
2026.02.17,23:00,23:15,Arnulf,4,0,4
2026.02.17,23:15,23:30,Arnulf,1,0,1
2026.02.17,23:30,23:45,Arnulf,1,0,1
2026.02.17,23:45,00:00,Arnulf,1,0,1
2026.02.18,00:00,00:15,Arnulf,1,0,1
2026.02.18,00:15,00:30,Arnulf,0,0,0
2026.02.18,00:30,00:45,Arnulf,1,0,1
2026.02.18,00:45,01:00,Arnulf,0,0,0
2026.02.18,01:00,01:15,Arnulf,0,0,0
2026.02.18,01:15,01:30,Arnulf,0,0,0
2026.02.18,01:30,01:45,Arnulf,0,0,0
2026.02.18,01:45,02:00,Arnulf,0,0,0
2026.02.18,02:00,02:15,Arnulf,0,0,0
2026.02.18,02:15,02:30,Arnulf,1,0,1
2026.02.18,02:30,02:45,Arnulf,0,0,0
2026.02.18,02:45,03:00,Arnulf,0,0,0
2026.02.18,03:00,03:15,Arnulf,0,0,0
2026.02.18,03:15,03:30,Arnulf,0,1,1
2026.02.18,03:30,03:45,Arnulf,0,0,0
2026.02.18,03:45,04:00,Arnulf,0,0,0
2026.02.18,04:00,04:15,Arnulf,0,0,0
2026.02.18,04:15,04:30,Arnulf,0,1,1
2026.02.18,04:30,04:45,Arnulf,1,0,1
2026.02.18,04:45,05:00,Arnulf,0,0,0
2026.02.18,05:00,05:15,Arnulf,0,0,0
2026.02.18,05:15,05:30,Arnulf,0,0,0
2026.02.18,05:30,05:45,Arnulf,0,0,0
2026.02.18,05:45,06:00,Arnulf,3,0,3
2026.02.18,06:00,06:15,Arnulf,0,0,0
2026.02.18,06:15,06:30,Arnulf,2,0,2
2026.02.18,06:30,06:45,Arnulf,1,0,1
2026.02.18,06:45,07:00,Arnulf,0,0,0
2026.02.18,07:00,07:15,Arnulf,2,0,2
2026.02.18,07:15,07:30,Arnulf,1,0,1
2026.02.18,07:30,07:45,Arnulf,7,0,7
2026.02.18,07:45,08:00,Arnulf,3,0,3
2026.02.18,08:00,08:15,Arnulf,4,0,4
2026.02.18,08:15,08:30,Arnulf,2,0,2
2026.02.18,08:30,08:45,Arnulf,4,0,4
2026.02.18,08:45,09:00,Arnulf,11,0,11
2026.02.18,09:00,09:15,Arnulf,8,1,9
2026.02.18,09:15,09:30,Arnulf,3,0,3
2026.02.18,09:30,09:45,Arnulf,4,1,5
2026.02.18,09:45,10:00,Arnulf,8,1,9
2026.02.18,10:00,10:15,Arnulf,8,2,10
2026.02.18,10:15,10:30,Arnulf,3,1,4
2026.02.18,10:30,10:45,Arnulf,8,2,10
2026.02.18,10:45,11:00,Arnulf,7,0,7
2026.02.18,11:00,11:15,Arnulf,5,0,5
2026.02.18,11:15,11:30,Arnulf,3,0,3
2026.02.18,11:30,11:45,Arnulf,3,0,3
2026.02.18,11:45,12:00,Arnulf,9,0,9
2026.02.18,12:00,12:15,Arnulf,4,2,6
2026.02.18,12:15,12:30,Arnulf,8,1,9
2026.02.18,12:30,12:45,Arnulf,14,0,14
2026.02.18,12:45,13:00,Arnulf,8,1,9
2026.02.18,13:00,13:15,Arnulf,7,3,10
2026.02.18,13:15,13:30,Arnulf,12,2,14
2026.02.18,13:30,13:45,Arnulf,9,1,10
2026.02.18,13:45,14:00,Arnulf,7,1,8
2026.02.18,14:00,14:15,Arnulf,10,0,10
2026.02.18,14:15,14:30,Arnulf,10,0,10
2026.02.18,14:30,14:45,Arnulf,9,2,11
2026.02.18,14:45,15:00,Arnulf,11,1,12
2026.02.18,15:00,15:15,Arnulf,9,0,9
2026.02.18,15:15,15:30,Arnulf,8,1,9
2026.02.18,15:30,15:45,Arnulf,7,2,9
2026.02.18,15:45,16:00,Arnulf,5,1,6
2026.02.18,16:00,16:15,Arnulf,8,1,9
2026.02.18,16:15,16:30,Arnulf,12,2,14
2026.02.18,16:30,16:45,Arnulf,12,4,16
2026.02.18,16:45,17:00,Arnulf,10,1,11
2026.02.18,17:00,17:15,Arnulf,9,1,10
2026.02.18,17:15,17:30,Arnulf,21,2,23
2026.02.18,17:30,17:45,Arnulf,12,2,14
2026.02.18,17:45,18:00,Arnulf,21,4,25
2026.02.18,18:00,18:15,Arnulf,18,2,20
2026.02.18,18:15,18:30,Arnulf,15,0,15
2026.02.18,18:30,18:45,Arnulf,13,3,16
2026.02.18,18:45,19:00,Arnulf,14,1,15
2026.02.18,19:00,19:15,Arnulf,9,0,9
2026.02.18,19:15,19:30,Arnulf,9,0,9
2026.02.18,19:30,19:45,Arnulf,11,0,11
2026.02.18,19:45,20:00,Arnulf,3,0,3
2026.02.18,20:00,20:15,Arnulf,9,0,9
2026.02.18,20:15,20:30,Arnulf,5,1,6
2026.02.18,20:30,20:45,Arnulf,11,0,11
2026.02.18,20:45,21:00,Arnulf,5,2,7
2026.02.18,21:00,21:15,Arnulf,4,0,4
2026.02.18,21:15,21:30,Arnulf,6,0,6
2026.02.18,21:30,21:45,Arnulf,2,0,2
2026.02.18,21:45,22:00,Arnulf,4,0,4
2026.02.18,22:00,22:15,Arnulf,8,1,9
2026.02.18,22:15,22:30,Arnulf,2,1,3
2026.02.18,22:30,22:45,Arnulf,2,0,2
2026.02.18,22:45,23:00,Arnulf,0,0,0
2026.02.18,23:00,23:15,Arnulf,1,0,1
2026.02.18,23:15,23:30,Arnulf,3,0,3
2026.02.18,23:30,23:45,Arnulf,0,1,1
2026.02.18,23:45,00:00,Arnulf,1,0,1
2026.02.19,00:00,00:15,Arnulf,1,0,1
2026.02.19,00:15,00:30,Arnulf,2,0,2
2026.02.19,00:30,00:45,Arnulf,0,0,0
2026.02.19,00:45,01:00,Arnulf,0,0,0
2026.02.19,01:00,01:15,Arnulf,1,0,1
2026.02.19,01:15,01:30,Arnulf,0,0,0
2026.02.19,01:30,01:45,Arnulf,0,1,1
2026.02.19,01:45,02:00,Arnulf,0,0,0
2026.02.19,02:00,02:15,Arnulf,1,0,1
2026.02.19,02:15,02:30,Arnulf,0,0,0
2026.02.19,02:30,02:45,Arnulf,0,0,0
2026.02.19,02:45,03:00,Arnulf,0,0,0
2026.02.19,03:00,03:15,Arnulf,0,0,0
2026.02.19,03:15,03:30,Arnulf,0,0,0
2026.02.19,03:30,03:45,Arnulf,0,0,0
2026.02.19,03:45,04:00,Arnulf,1,0,1
2026.02.19,04:00,04:15,Arnulf,0,0,0
2026.02.19,04:15,04:30,Arnulf,0,0,0
2026.02.19,04:30,04:45,Arnulf,0,0,0
2026.02.19,04:45,05:00,Arnulf,0,0,0
2026.02.19,05:00,05:15,Arnulf,0,0,0
2026.02.19,05:15,05:30,Arnulf,2,0,2
2026.02.19,05:30,05:45,Arnulf,4,0,4
2026.02.19,05:45,06:00,Arnulf,3,0,3
2026.02.19,06:00,06:15,Arnulf,1,1,2
2026.02.19,06:15,06:30,Arnulf,3,1,4
2026.02.19,06:30,06:45,Arnulf,3,0,3
2026.02.19,06:45,07:00,Arnulf,6,0,6
2026.02.19,07:00,07:15,Arnulf,6,2,8
2026.02.19,07:15,07:30,Arnulf,7,0,7
2026.02.19,07:30,07:45,Arnulf,11,0,11
2026.02.19,07:45,08:00,Arnulf,18,0,18
2026.02.19,08:00,08:15,Arnulf,18,0,18
2026.02.19,08:15,08:30,Arnulf,19,0,19
2026.02.19,08:30,08:45,Arnulf,31,1,32
2026.02.19,08:45,09:00,Arnulf,29,0,29
2026.02.19,09:00,09:15,Arnulf,21,2,23
2026.02.19,09:15,09:30,Arnulf,8,1,9
2026.02.19,09:30,09:45,Arnulf,4,1,5
2026.02.19,09:45,10:00,Arnulf,15,0,15
2026.02.19,10:00,10:15,Arnulf,9,0,9
2026.02.19,10:15,10:30,Arnulf,16,0,16
2026.02.19,10:30,10:45,Arnulf,9,1,10
2026.02.19,10:45,11:00,Arnulf,7,0,7
2026.02.19,11:00,11:15,Arnulf,11,2,13
2026.02.19,11:15,11:30,Arnulf,4,1,5
2026.02.19,11:30,11:45,Arnulf,10,0,10
2026.02.19,11:45,12:00,Arnulf,7,0,7
2026.02.19,12:00,12:15,Arnulf,9,0,9
2026.02.19,12:15,12:30,Arnulf,8,0,8
2026.02.19,12:30,12:45,Arnulf,6,0,6
2026.02.19,12:45,13:00,Arnulf,10,2,12
2026.02.19,13:00,13:15,Arnulf,5,0,5
2026.02.19,13:15,13:30,Arnulf,8,0,8
2026.02.19,13:30,13:45,Arnulf,3,1,4
2026.02.19,13:45,14:00,Arnulf,4,0,4
2026.02.19,14:00,14:15,Arnulf,8,0,8
2026.02.19,14:15,14:30,Arnulf,3,0,3
2026.02.19,14:30,14:45,Arnulf,4,0,4
2026.02.19,14:45,15:00,Arnulf,7,0,7
2026.02.19,15:00,15:15,Arnulf,5,0,5
2026.02.19,15:15,15:30,Arnulf,5,1,6
2026.02.19,15:30,15:45,Arnulf,2,1,3
2026.02.19,15:45,16:00,Arnulf,4,1,5
2026.02.19,16:00,16:15,Arnulf,2,1,3
2026.02.19,16:15,16:30,Arnulf,3,2,5
2026.02.19,16:30,16:45,Arnulf,5,1,6
2026.02.19,16:45,17:00,Arnulf,4,1,5
2026.02.19,17:00,17:15,Arnulf,9,0,9
2026.02.19,17:15,17:30,Arnulf,10,1,11
2026.02.19,17:30,17:45,Arnulf,10,1,11
2026.02.19,17:45,18:00,Arnulf,11,2,13
2026.02.19,18:00,18:15,Arnulf,11,1,12
2026.02.19,18:15,18:30,Arnulf,6,2,8
2026.02.19,18:30,18:45,Arnulf,12,0,12
2026.02.19,18:45,19:00,Arnulf,3,0,3
2026.02.19,19:00,19:15,Arnulf,6,0,6
2026.02.19,19:15,19:30,Arnulf,5,0,5
2026.02.19,19:30,19:45,Arnulf,3,0,3
2026.02.19,19:45,20:00,Arnulf,4,0,4
2026.02.19,20:00,20:15,Arnulf,0,0,0
2026.02.19,20:15,20:30,Arnulf,3,0,3
2026.02.19,20:30,20:45,Arnulf,1,1,2
2026.02.19,20:45,21:00,Arnulf,2,1,3
2026.02.19,21:00,21:15,Arnulf,2,0,2
2026.02.19,21:15,21:30,Arnulf,1,0,1
2026.02.19,21:30,21:45,Arnulf,0,0,0
2026.02.19,21:45,22:00,Arnulf,0,0,0
2026.02.19,22:00,22:15,Arnulf,0,0,0
2026.02.19,22:15,22:30,Arnulf,0,0,0
2026.02.19,22:30,22:45,Arnulf,0,0,0
2026.02.19,22:45,23:00,Arnulf,0,0,0
2026.02.19,23:00,23:15,Arnulf,0,0,0
2026.02.19,23:15,23:30,Arnulf,1,0,1
2026.02.19,23:30,23:45,Arnulf,0,1,1
2026.02.19,23:45,00:00,Arnulf,0,0,0
2026.02.20,00:00,00:15,Arnulf,0,0,0
2026.02.20,00:15,00:30,Arnulf,0,0,0
2026.02.20,00:30,00:45,Arnulf,0,0,0
2026.02.20,00:45,01:00,Arnulf,0,0,0
2026.02.20,01:00,01:15,Arnulf,0,0,0
2026.02.20,01:15,01:30,Arnulf,0,0,0
2026.02.20,01:30,01:45,Arnulf,0,0,0
2026.02.20,01:45,02:00,Arnulf,0,0,0
2026.02.20,02:00,02:15,Arnulf,0,0,0
2026.02.20,02:15,02:30,Arnulf,0,0,0
2026.02.20,02:30,02:45,Arnulf,0,0,0
2026.02.20,02:45,03:00,Arnulf,0,0,0
2026.02.20,03:00,03:15,Arnulf,0,0,0
2026.02.20,03:15,03:30,Arnulf,0,0,0
2026.02.20,03:30,03:45,Arnulf,0,0,0
2026.02.20,03:45,04:00,Arnulf,0,0,0
2026.02.20,04:00,04:15,Arnulf,1,0,1
2026.02.20,04:15,04:30,Arnulf,0,0,0
2026.02.20,04:30,04:45,Arnulf,0,0,0
2026.02.20,04:45,05:00,Arnulf,0,0,0
2026.02.20,05:00,05:15,Arnulf,0,0,0
2026.02.20,05:15,05:30,Arnulf,0,0,0
2026.02.20,05:30,05:45,Arnulf,0,0,0
2026.02.20,05:45,06:00,Arnulf,1,0,1
2026.02.20,06:00,06:15,Arnulf,0,0,0
2026.02.20,06:15,06:30,Arnulf,3,1,4
2026.02.20,06:30,06:45,Arnulf,1,0,1
2026.02.20,06:45,07:00,Arnulf,3,0,3
2026.02.20,07:00,07:15,Arnulf,3,1,4
2026.02.20,07:15,07:30,Arnulf,2,1,3
2026.02.20,07:30,07:45,Arnulf,5,0,5
2026.02.20,07:45,08:00,Arnulf,4,0,4
2026.02.20,08:00,08:15,Arnulf,9,0,9
2026.02.20,08:15,08:30,Arnulf,1,0,1
2026.02.20,08:30,08:45,Arnulf,6,0,6
2026.02.20,08:45,09:00,Arnulf,5,0,5
2026.02.20,09:00,09:15,Arnulf,4,1,5
2026.02.20,09:15,09:30,Arnulf,2,1,3
2026.02.20,09:30,09:45,Arnulf,11,0,11
2026.02.20,09:45,10:00,Arnulf,1,1,2
2026.02.20,10:00,10:15,Arnulf,5,0,5
2026.02.20,10:15,10:30,Arnulf,1,0,1
2026.02.20,10:30,10:45,Arnulf,5,0,5
2026.02.20,10:45,11:00,Arnulf,2,0,2
2026.02.20,11:00,11:15,Arnulf,6,0,6
2026.02.20,11:15,11:30,Arnulf,3,1,4
2026.02.20,11:30,11:45,Arnulf,6,0,6
2026.02.20,11:45,12:00,Arnulf,2,2,4
2026.02.20,12:00,12:15,Arnulf,4,0,4
2026.02.20,12:15,12:30,Arnulf,2,0,2
2026.02.20,12:30,12:45,Arnulf,3,0,3
2026.02.20,12:45,13:00,Arnulf,4,0,4
2026.02.20,13:00,13:15,Arnulf,1,0,1
2026.02.20,13:15,13:30,Arnulf,2,1,3
2026.02.20,13:30,13:45,Arnulf,3,0,3
2026.02.20,13:45,14:00,Arnulf,4,0,4
2026.02.20,14:00,14:15,Arnulf,5,1,6
2026.02.20,14:15,14:30,Arnulf,3,0,3
2026.02.20,14:30,14:45,Arnulf,3,0,3
2026.02.20,14:45,15:00,Arnulf,4,0,4
2026.02.20,15:00,15:15,Arnulf,3,1,4
2026.02.20,15:15,15:30,Arnulf,6,1,7
2026.02.20,15:30,15:45,Arnulf,3,2,5
2026.02.20,15:45,16:00,Arnulf,0,0,0
2026.02.20,16:00,16:15,Arnulf,8,1,9
2026.02.20,16:15,16:30,Arnulf,2,1,3
2026.02.20,16:30,16:45,Arnulf,5,1,6
2026.02.20,16:45,17:00,Arnulf,10,0,10
2026.02.20,17:00,17:15,Arnulf,12,1,13
2026.02.20,17:15,17:30,Arnulf,6,0,6
2026.02.20,17:30,17:45,Arnulf,5,0,5
2026.02.20,17:45,18:00,Arnulf,6,0,6
2026.02.20,18:00,18:15,Arnulf,4,1,5
2026.02.20,18:15,18:30,Arnulf,6,1,7
2026.02.20,18:30,18:45,Arnulf,2,1,3
2026.02.20,18:45,19:00,Arnulf,9,0,9
2026.02.20,19:00,19:15,Arnulf,7,0,7
2026.02.20,19:15,19:30,Arnulf,8,0,8
2026.02.20,19:30,19:45,Arnulf,4,0,4
2026.02.20,19:45,20:00,Arnulf,7,1,8
2026.02.20,20:00,20:15,Arnulf,4,0,4
2026.02.20,20:15,20:30,Arnulf,2,0,2
2026.02.20,20:30,20:45,Arnulf,5,0,5
2026.02.20,20:45,21:00,Arnulf,4,0,4
2026.02.20,21:00,21:15,Arnulf,3,1,4
2026.02.20,21:15,21:30,Arnulf,0,0,0
2026.02.20,21:30,21:45,Arnulf,3,1,4
2026.02.20,21:45,22:00,Arnulf,4,1,5
2026.02.20,22:00,22:15,Arnulf,0,0,0
2026.02.20,22:15,22:30,Arnulf,3,0,3
2026.02.20,22:30,22:45,Arnulf,2,0,2
2026.02.20,22:45,23:00,Arnulf,1,1,2
2026.02.20,23:00,23:15,Arnulf,3,0,3
2026.02.20,23:15,23:30,Arnulf,5,0,5
2026.02.20,23:30,23:45,Arnulf,0,0,0
2026.02.20,23:45,00:00,Arnulf,0,0,0
2026.02.21,00:00,00:15,Arnulf,0,0,0
2026.02.21,00:15,00:30,Arnulf,0,0,0
2026.02.21,00:30,00:45,Arnulf,0,0,0
2026.02.21,00:45,01:00,Arnulf,0,0,0
2026.02.21,01:00,01:15,Arnulf,1,0,1
2026.02.21,01:15,01:30,Arnulf,0,0,0
2026.02.21,01:30,01:45,Arnulf,0,0,0
2026.02.21,01:45,02:00,Arnulf,0,0,0
2026.02.21,02:00,02:15,Arnulf,0,0,0
2026.02.21,02:15,02:30,Arnulf,0,0,0
2026.02.21,02:30,02:45,Arnulf,0,0,0
2026.02.21,02:45,03:00,Arnulf,0,0,0
2026.02.21,03:00,03:15,Arnulf,0,0,0
2026.02.21,03:15,03:30,Arnulf,0,0,0
2026.02.21,03:30,03:45,Arnulf,0,0,0
2026.02.21,03:45,04:00,Arnulf,0,0,0
2026.02.21,04:00,04:15,Arnulf,0,0,0
2026.02.21,04:15,04:30,Arnulf,0,0,0
2026.02.21,04:30,04:45,Arnulf,0,0,0
2026.02.21,04:45,05:00,Arnulf,1,0,1
2026.02.21,05:00,05:15,Arnulf,1,0,1
2026.02.21,05:15,05:30,Arnulf,0,0,0
2026.02.21,05:30,05:45,Arnulf,0,0,0
2026.02.21,05:45,06:00,Arnulf,1,0,1
2026.02.21,06:00,06:15,Arnulf,0,0,0
2026.02.21,06:15,06:30,Arnulf,1,0,1
2026.02.21,06:30,06:45,Arnulf,2,0,2
2026.02.21,06:45,07:00,Arnulf,0,0,0
2026.02.21,07:00,07:15,Arnulf,0,0,0
2026.02.21,07:15,07:30,Arnulf,3,0,3
2026.02.21,07:30,07:45,Arnulf,2,0,2
2026.02.21,07:45,08:00,Arnulf,2,0,2
2026.02.21,08:00,08:15,Arnulf,1,0,1
2026.02.21,08:15,08:30,Arnulf,2,0,2
2026.02.21,08:30,08:45,Arnulf,3,1,4
2026.02.21,08:45,09:00,Arnulf,1,0,1
2026.02.21,09:00,09:15,Arnulf,1,0,1
2026.02.21,09:15,09:30,Arnulf,4,1,5
2026.02.21,09:30,09:45,Arnulf,4,0,4
2026.02.21,09:45,10:00,Arnulf,6,0,6
2026.02.21,10:00,10:15,Arnulf,5,1,6
2026.02.21,10:15,10:30,Arnulf,4,0,4
2026.02.21,10:30,10:45,Arnulf,4,0,4
2026.02.21,10:45,11:00,Arnulf,3,0,3
2026.02.21,11:00,11:15,Arnulf,6,0,6
2026.02.21,11:15,11:30,Arnulf,6,0,6
2026.02.21,11:30,11:45,Arnulf,8,0,8
2026.02.21,11:45,12:00,Arnulf,6,0,6
2026.02.21,12:00,12:15,Arnulf,4,0,4
2026.02.21,12:15,12:30,Arnulf,4,1,5
2026.02.21,12:30,12:45,Arnulf,2,1,3
2026.02.21,12:45,13:00,Arnulf,6,0,6
2026.02.21,13:00,13:15,Arnulf,7,0,7
2026.02.21,13:15,13:30,Arnulf,7,0,7
2026.02.21,13:30,13:45,Arnulf,4,0,4
2026.02.21,13:45,14:00,Arnulf,14,0,14
2026.02.21,14:00,14:15,Arnulf,4,0,4
2026.02.21,14:15,14:30,Arnulf,7,0,7
2026.02.21,14:30,14:45,Arnulf,2,0,2
2026.02.21,14:45,15:00,Arnulf,2,0,2
2026.02.21,15:00,15:15,Arnulf,0,0,0
2026.02.21,15:15,15:30,Arnulf,5,0,5
2026.02.21,15:30,15:45,Arnulf,3,1,4
2026.02.21,15:45,16:00,Arnulf,3,0,3
2026.02.21,16:00,16:15,Arnulf,8,0,8
2026.02.21,16:15,16:30,Arnulf,6,0,6
2026.02.21,16:30,16:45,Arnulf,1,0,1
2026.02.21,16:45,17:00,Arnulf,1,0,1
2026.02.21,17:00,17:15,Arnulf,1,2,3
2026.02.21,17:15,17:30,Arnulf,5,0,5
2026.02.21,17:30,17:45,Arnulf,5,0,5
2026.02.21,17:45,18:00,Arnulf,2,0,2
2026.02.21,18:00,18:15,Arnulf,5,0,5
2026.02.21,18:15,18:30,Arnulf,4,0,4
2026.02.21,18:30,18:45,Arnulf,4,0,4
2026.02.21,18:45,19:00,Arnulf,2,0,2
2026.02.21,19:00,19:15,Arnulf,4,0,4
2026.02.21,19:15,19:30,Arnulf,3,0,3
2026.02.21,19:30,19:45,Arnulf,8,0,8
2026.02.21,19:45,20:00,Arnulf,5,0,5
2026.02.21,20:00,20:15,Arnulf,4,0,4
2026.02.21,20:15,20:30,Arnulf,5,1,6
2026.02.21,20:30,20:45,Arnulf,1,0,1
2026.02.21,20:45,21:00,Arnulf,3,1,4
2026.02.21,21:00,21:15,Arnulf,6,0,6
2026.02.21,21:15,21:30,Arnulf,2,0,2
2026.02.21,21:30,21:45,Arnulf,6,0,6
2026.02.21,21:45,22:00,Arnulf,1,0,1
2026.02.21,22:00,22:15,Arnulf,1,1,2
2026.02.21,22:15,22:30,Arnulf,3,0,3
2026.02.21,22:30,22:45,Arnulf,1,1,2
2026.02.21,22:45,23:00,Arnulf,3,0,3
2026.02.21,23:00,23:15,Arnulf,2,0,2
2026.02.21,23:15,23:30,Arnulf,1,1,2
2026.02.21,23:30,23:45,Arnulf,1,0,1
2026.02.21,23:45,00:00,Arnulf,2,0,2
2026.02.22,00:00,00:15,Arnulf,0,1,1
2026.02.22,00:15,00:30,Arnulf,1,0,1
2026.02.22,00:30,00:45,Arnulf,0,0,0
2026.02.22,00:45,01:00,Arnulf,0,0,0
2026.02.22,01:00,01:15,Arnulf,0,0,0
2026.02.22,01:15,01:30,Arnulf,1,0,1
2026.02.22,01:30,01:45,Arnulf,2,0,2
2026.02.22,01:45,02:00,Arnulf,3,0,3
2026.02.22,02:00,02:15,Arnulf,0,0,0
2026.02.22,02:15,02:30,Arnulf,0,0,0
2026.02.22,02:30,02:45,Arnulf,0,0,0
2026.02.22,02:45,03:00,Arnulf,0,0,0
2026.02.22,03:00,03:15,Arnulf,1,0,1
2026.02.22,03:15,03:30,Arnulf,0,0,0
2026.02.22,03:30,03:45,Arnulf,0,0,0
2026.02.22,03:45,04:00,Arnulf,0,0,0
2026.02.22,04:00,04:15,Arnulf,1,0,1
2026.02.22,04:15,04:30,Arnulf,0,0,0
2026.02.22,04:30,04:45,Arnulf,0,0,0
2026.02.22,04:45,05:00,Arnulf,3,0,3
2026.02.22,05:00,05:15,Arnulf,1,0,1
2026.02.22,05:15,05:30,Arnulf,1,0,1
2026.02.22,05:30,05:45,Arnulf,0,0,0
2026.02.22,05:45,06:00,Arnulf,0,1,1
2026.02.22,06:00,06:15,Arnulf,1,0,1
2026.02.22,06:15,06:30,Arnulf,0,0,0
2026.02.22,06:30,06:45,Arnulf,1,0,1
2026.02.22,06:45,07:00,Arnulf,0,0,0
2026.02.22,07:00,07:15,Arnulf,0,0,0
2026.02.22,07:15,07:30,Arnulf,3,1,4
2026.02.22,07:30,07:45,Arnulf,0,0,0
2026.02.22,07:45,08:00,Arnulf,1,0,1
2026.02.22,08:00,08:15,Arnulf,0,0,0
2026.02.22,08:15,08:30,Arnulf,0,1,1
2026.02.22,08:30,08:45,Arnulf,1,0,1
2026.02.22,08:45,09:00,Arnulf,0,0,0
2026.02.22,09:00,09:15,Arnulf,1,0,1
2026.02.22,09:15,09:30,Arnulf,1,0,1
2026.02.22,09:30,09:45,Arnulf,2,0,2
2026.02.22,09:45,10:00,Arnulf,1,1,2
2026.02.22,10:00,10:15,Arnulf,3,1,4
2026.02.22,10:15,10:30,Arnulf,6,1,7
2026.02.22,10:30,10:45,Arnulf,3,0,3
2026.02.22,10:45,11:00,Arnulf,5,0,5
2026.02.22,11:00,11:15,Arnulf,1,0,1
2026.02.22,11:15,11:30,Arnulf,4,0,4
2026.02.22,11:30,11:45,Arnulf,11,0,11
2026.02.22,11:45,12:00,Arnulf,4,2,6
2026.02.22,12:00,12:15,Arnulf,2,0,2
2026.02.22,12:15,12:30,Arnulf,9,0,9
2026.02.22,12:30,12:45,Arnulf,2,0,2
2026.02.22,12:45,13:00,Arnulf,1,0,1
2026.02.22,13:00,13:15,Arnulf,4,0,4
2026.02.22,13:15,13:30,Arnulf,14,1,15
2026.02.22,13:30,13:45,Arnulf,6,0,6
2026.02.22,13:45,14:00,Arnulf,6,0,6
2026.02.22,14:00,14:15,Arnulf,15,0,15
2026.02.22,14:15,14:30,Arnulf,6,0,6
2026.02.22,14:30,14:45,Arnulf,7,0,7
2026.02.22,14:45,15:00,Arnulf,8,0,8
2026.02.22,15:00,15:15,Arnulf,2,0,2
2026.02.22,15:15,15:30,Arnulf,10,0,10
2026.02.22,15:30,15:45,Arnulf,6,0,6
2026.02.22,15:45,16:00,Arnulf,10,1,11
2026.02.22,16:00,16:15,Arnulf,10,2,12
2026.02.22,16:15,16:30,Arnulf,4,2,6
2026.02.22,16:30,16:45,Arnulf,4,0,4
2026.02.22,16:45,17:00,Arnulf,4,1,5
2026.02.22,17:00,17:15,Arnulf,5,2,7
2026.02.22,17:15,17:30,Arnulf,4,0,4
2026.02.22,17:30,17:45,Arnulf,10,1,11
2026.02.22,17:45,18:00,Arnulf,5,0,5
2026.02.22,18:00,18:15,Arnulf,5,1,6
2026.02.22,18:15,18:30,Arnulf,6,3,9
2026.02.22,18:30,18:45,Arnulf,5,0,5
2026.02.22,18:45,19:00,Arnulf,8,0,8
2026.02.22,19:00,19:15,Arnulf,4,0,4
2026.02.22,19:15,19:30,Arnulf,10,0,10
2026.02.22,19:30,19:45,Arnulf,6,2,8
2026.02.22,19:45,20:00,Arnulf,7,0,7
2026.02.22,20:00,20:15,Arnulf,4,1,5
2026.02.22,20:15,20:30,Arnulf,7,1,8
2026.02.22,20:30,20:45,Arnulf,9,0,9
2026.02.22,20:45,21:00,Arnulf,4,0,4
2026.02.22,21:00,21:15,Arnulf,9,0,9
2026.02.22,21:15,21:30,Arnulf,2,0,2
2026.02.22,21:30,21:45,Arnulf,2,0,2
2026.02.22,21:45,22:00,Arnulf,5,0,5
2026.02.22,22:00,22:15,Arnulf,4,0,4
2026.02.22,22:15,22:30,Arnulf,0,0,0
2026.02.22,22:30,22:45,Arnulf,3,0,3
2026.02.22,22:45,23:00,Arnulf,3,1,4
2026.02.22,23:00,23:15,Arnulf,3,0,3
2026.02.22,23:15,23:30,Arnulf,2,0,2
2026.02.22,23:30,23:45,Arnulf,1,1,2
2026.02.22,23:45,00:00,Arnulf,1,0,1
2026.02.23,00:00,00:15,Arnulf,5,0,5
2026.02.23,00:15,00:30,Arnulf,1,0,1
2026.02.23,00:30,00:45,Arnulf,0,0,0
2026.02.23,00:45,01:00,Arnulf,0,0,0
2026.02.23,01:00,01:15,Arnulf,1,0,1
2026.02.23,01:15,01:30,Arnulf,1,0,1
2026.02.23,01:30,01:45,Arnulf,0,0,0
2026.02.23,01:45,02:00,Arnulf,0,0,0
2026.02.23,02:00,02:15,Arnulf,0,0,0
2026.02.23,02:15,02:30,Arnulf,0,0,0
2026.02.23,02:30,02:45,Arnulf,0,0,0
2026.02.23,02:45,03:00,Arnulf,0,0,0
2026.02.23,03:00,03:15,Arnulf,0,0,0
2026.02.23,03:15,03:30,Arnulf,0,0,0
2026.02.23,03:30,03:45,Arnulf,0,0,0
2026.02.23,03:45,04:00,Arnulf,1,0,1
2026.02.23,04:00,04:15,Arnulf,0,0,0
2026.02.23,04:15,04:30,Arnulf,0,0,0
2026.02.23,04:30,04:45,Arnulf,0,0,0
2026.02.23,04:45,05:00,Arnulf,3,0,3
2026.02.23,05:00,05:15,Arnulf,2,0,2
2026.02.23,05:15,05:30,Arnulf,3,0,3
2026.02.23,05:30,05:45,Arnulf,3,0,3
2026.02.23,05:45,06:00,Arnulf,4,0,4
2026.02.23,06:00,06:15,Arnulf,3,0,3
2026.02.23,06:15,06:30,Arnulf,2,0,2
2026.02.23,06:30,06:45,Arnulf,7,1,8
2026.02.23,06:45,07:00,Arnulf,14,0,14
2026.02.23,07:00,07:15,Arnulf,13,0,13
2026.02.23,07:15,07:30,Arnulf,17,2,19
2026.02.23,07:30,07:45,Arnulf,20,1,21
2026.02.23,07:45,08:00,Arnulf,34,2,36
2026.02.23,08:00,08:15,Arnulf,44,0,44
2026.02.23,08:15,08:30,Arnulf,33,3,36
2026.02.23,08:30,08:45,Arnulf,29,2,31
2026.02.23,08:45,09:00,Arnulf,21,0,21
2026.02.23,09:00,09:15,Arnulf,12,0,12
2026.02.23,09:15,09:30,Arnulf,13,1,14
2026.02.23,09:30,09:45,Arnulf,11,2,13
2026.02.23,09:45,10:00,Arnulf,14,0,14
2026.02.23,10:00,10:15,Arnulf,5,0,5
2026.02.23,10:15,10:30,Arnulf,6,1,7
2026.02.23,10:30,10:45,Arnulf,6,0,6
2026.02.23,10:45,11:00,Arnulf,5,0,5
2026.02.23,11:00,11:15,Arnulf,9,0,9
2026.02.23,11:15,11:30,Arnulf,8,0,8
2026.02.23,11:30,11:45,Arnulf,7,0,7
2026.02.23,11:45,12:00,Arnulf,11,1,12
2026.02.23,12:00,12:15,Arnulf,9,3,12
2026.02.23,12:15,12:30,Arnulf,9,3,12
2026.02.23,12:30,12:45,Arnulf,6,2,8
2026.02.23,12:45,13:00,Arnulf,11,0,11
2026.02.23,13:00,13:15,Arnulf,4,0,4
2026.02.23,13:15,13:30,Arnulf,8,1,9
2026.02.23,13:30,13:45,Arnulf,11,1,12
2026.02.23,13:45,14:00,Arnulf,6,3,9
2026.02.23,14:00,14:15,Arnulf,7,0,7
2026.02.23,14:15,14:30,Arnulf,10,4,14
2026.02.23,14:30,14:45,Arnulf,10,2,12
2026.02.23,14:45,15:00,Arnulf,10,2,12
2026.02.23,15:00,15:15,Arnulf,10,1,11
2026.02.23,15:15,15:30,Arnulf,13,3,16
2026.02.23,15:30,15:45,Arnulf,12,1,13
2026.02.23,15:45,16:00,Arnulf,19,0,19
2026.02.23,16:00,16:15,Arnulf,9,0,9
2026.02.23,16:15,16:30,Arnulf,15,2,17
2026.02.23,16:30,16:45,Arnulf,21,3,24
2026.02.23,16:45,17:00,Arnulf,21,2,23
2026.02.23,17:00,17:15,Arnulf,14,1,15
2026.02.23,17:15,17:30,Arnulf,19,2,21
2026.02.23,17:30,17:45,Arnulf,17,4,21
2026.02.23,17:45,18:00,Arnulf,22,2,24
2026.02.23,18:00,18:15,Arnulf,21,6,27
2026.02.23,18:15,18:30,Arnulf,16,7,23
2026.02.23,18:30,18:45,Arnulf,27,3,30
2026.02.23,18:45,19:00,Arnulf,10,2,12
2026.02.23,19:00,19:15,Arnulf,18,2,20
2026.02.23,19:15,19:30,Arnulf,21,0,21
2026.02.23,19:30,19:45,Arnulf,7,1,8
2026.02.23,19:45,20:00,Arnulf,6,4,10
2026.02.23,20:00,20:15,Arnulf,4,2,6
2026.02.23,20:15,20:30,Arnulf,4,2,6
2026.02.23,20:30,20:45,Arnulf,6,2,8
2026.02.23,20:45,21:00,Arnulf,3,2,5
2026.02.23,21:00,21:15,Arnulf,13,0,13
2026.02.23,21:15,21:30,Arnulf,3,0,3
2026.02.23,21:30,21:45,Arnulf,2,0,2
2026.02.23,21:45,22:00,Arnulf,3,1,4
2026.02.23,22:00,22:15,Arnulf,1,0,1
2026.02.23,22:15,22:30,Arnulf,7,2,9
2026.02.23,22:30,22:45,Arnulf,1,0,1
2026.02.23,22:45,23:00,Arnulf,0,0,0
2026.02.23,23:00,23:15,Arnulf,2,0,2
2026.02.23,23:15,23:30,Arnulf,2,1,3
2026.02.23,23:30,23:45,Arnulf,3,0,3
2026.02.23,23:45,00:00,Arnulf,0,0,0
2026.02.24,00:00,00:15,Arnulf,1,0,1
2026.02.24,00:15,00:30,Arnulf,0,0,0
2026.02.24,00:30,00:45,Arnulf,1,1,2
2026.02.24,00:45,01:00,Arnulf,0,0,0
2026.02.24,01:00,01:15,Arnulf,0,0,0
2026.02.24,01:15,01:30,Arnulf,0,0,0
2026.02.24,01:30,01:45,Arnulf,0,0,0
2026.02.24,01:45,02:00,Arnulf,0,0,0
2026.02.24,02:00,02:15,Arnulf,0,0,0
2026.02.24,02:15,02:30,Arnulf,0,0,0
2026.02.24,02:30,02:45,Arnulf,0,0,0
2026.02.24,02:45,03:00,Arnulf,0,0,0
2026.02.24,03:00,03:15,Arnulf,0,0,0
2026.02.24,03:15,03:30,Arnulf,0,0,0
2026.02.24,03:30,03:45,Arnulf,0,0,0
2026.02.24,03:45,04:00,Arnulf,0,0,0
2026.02.24,04:00,04:15,Arnulf,0,0,0
2026.02.24,04:15,04:30,Arnulf,1,0,1
2026.02.24,04:30,04:45,Arnulf,2,0,2
2026.02.24,04:45,05:00,Arnulf,3,0,3
2026.02.24,05:00,05:15,Arnulf,1,0,1
2026.02.24,05:15,05:30,Arnulf,4,0,4
2026.02.24,05:30,05:45,Arnulf,0,0,0
2026.02.24,05:45,06:00,Arnulf,2,0,2
2026.02.24,06:00,06:15,Arnulf,0,0,0
2026.02.24,06:15,06:30,Arnulf,5,0,5
2026.02.24,06:30,06:45,Arnulf,1,0,1
2026.02.24,06:45,07:00,Arnulf,10,0,10
2026.02.24,07:00,07:15,Arnulf,4,0,4
2026.02.24,07:15,07:30,Arnulf,11,1,12
2026.02.24,07:30,07:45,Arnulf,12,1,13
2026.02.24,07:45,08:00,Arnulf,19,1,20
2026.02.24,08:00,08:15,Arnulf,19,1,20
2026.02.24,08:15,08:30,Arnulf,12,2,14
2026.02.24,08:30,08:45,Arnulf,15,2,17
2026.02.24,08:45,09:00,Arnulf,15,0,15
2026.02.24,09:00,09:15,Arnulf,6,0,6
2026.02.24,09:15,09:30,Arnulf,8,1,9
2026.02.24,09:30,09:45,Arnulf,8,0,8
2026.02.24,09:45,10:00,Arnulf,10,2,12
2026.02.24,10:00,10:15,Arnulf,7,0,7
2026.02.24,10:15,10:30,Arnulf,4,0,4
2026.02.24,10:30,10:45,Arnulf,4,0,4
2026.02.24,10:45,11:00,Arnulf,3,0,3
2026.02.24,11:00,11:15,Arnulf,5,0,5
2026.02.24,11:15,11:30,Arnulf,4,0,4
2026.02.24,11:30,11:45,Arnulf,1,0,1
2026.02.24,11:45,12:00,Arnulf,3,0,3
2026.02.24,12:00,12:15,Arnulf,1,0,1
2026.02.24,12:15,12:30,Arnulf,4,0,4
2026.02.24,12:30,12:45,Arnulf,7,1,8
2026.02.24,12:45,13:00,Arnulf,5,2,7
2026.02.24,13:00,13:15,Arnulf,5,3,8
2026.02.24,13:15,13:30,Arnulf,2,0,2
2026.02.24,13:30,13:45,Arnulf,4,3,7
2026.02.24,13:45,14:00,Arnulf,5,1,6
2026.02.24,14:00,14:15,Arnulf,4,2,6
2026.02.24,14:15,14:30,Arnulf,7,0,7
2026.02.24,14:30,14:45,Arnulf,7,0,7
2026.02.24,14:45,15:00,Arnulf,5,0,5
2026.02.24,15:00,15:15,Arnulf,9,0,9
2026.02.24,15:15,15:30,Arnulf,9,0,9
2026.02.24,15:30,15:45,Arnulf,9,2,11
2026.02.24,15:45,16:00,Arnulf,13,3,16
2026.02.24,16:00,16:15,Arnulf,10,1,11
2026.02.24,16:15,16:30,Arnulf,10,1,11
2026.02.24,16:30,16:45,Arnulf,11,5,16
2026.02.24,16:45,17:00,Arnulf,14,0,14
2026.02.24,17:00,17:15,Arnulf,6,2,8
2026.02.24,17:15,17:30,Arnulf,15,1,16
2026.02.24,17:30,17:45,Arnulf,20,0,20
2026.02.24,17:45,18:00,Arnulf,11,1,12
2026.02.24,18:00,18:15,Arnulf,15,1,16
2026.02.24,18:15,18:30,Arnulf,11,2,13
2026.02.24,18:30,18:45,Arnulf,11,4,15
2026.02.24,18:45,19:00,Arnulf,14,1,15
2026.02.24,19:00,19:15,Arnulf,9,0,9
2026.02.24,19:15,19:30,Arnulf,11,0,11
2026.02.24,19:30,19:45,Arnulf,7,1,8
2026.02.24,19:45,20:00,Arnulf,4,2,6
2026.02.24,20:00,20:15,Arnulf,9,0,9
2026.02.24,20:15,20:30,Arnulf,8,3,11
2026.02.24,20:30,20:45,Arnulf,5,0,5
2026.02.24,20:45,21:00,Arnulf,3,2,5
2026.02.24,21:00,21:15,Arnulf,6,1,7
2026.02.24,21:15,21:30,Arnulf,9,0,9
2026.02.24,21:30,21:45,Arnulf,5,1,6
2026.02.24,21:45,22:00,Arnulf,4,0,4
2026.02.24,22:00,22:15,Arnulf,2,0,2
2026.02.24,22:15,22:30,Arnulf,3,0,3
2026.02.24,22:30,22:45,Arnulf,4,2,6
2026.02.24,22:45,23:00,Arnulf,0,0,0
2026.02.24,23:00,23:15,Arnulf,0,0,0
2026.02.24,23:15,23:30,Arnulf,2,0,2
2026.02.24,23:30,23:45,Arnulf,1,0,1
2026.02.24,23:45,00:00,Arnulf,1,0,1
2026.02.25,00:00,00:15,Arnulf,1,0,1
2026.02.25,00:15,00:30,Arnulf,1,0,1
2026.02.25,00:30,00:45,Arnulf,1,0,1
2026.02.25,00:45,01:00,Arnulf,0,0,0
2026.02.25,01:00,01:15,Arnulf,0,0,0
2026.02.25,01:15,01:30,Arnulf,0,0,0
2026.02.25,01:30,01:45,Arnulf,0,0,0
2026.02.25,01:45,02:00,Arnulf,0,0,0
2026.02.25,02:00,02:15,Arnulf,0,0,0
2026.02.25,02:15,02:30,Arnulf,0,0,0
2026.02.25,02:30,02:45,Arnulf,0,0,0
2026.02.25,02:45,03:00,Arnulf,0,0,0
2026.02.25,03:00,03:15,Arnulf,0,1,1
2026.02.25,03:15,03:30,Arnulf,0,0,0
2026.02.25,03:30,03:45,Arnulf,1,0,1
2026.02.25,03:45,04:00,Arnulf,2,0,2
2026.02.25,04:00,04:15,Arnulf,0,0,0
2026.02.25,04:15,04:30,Arnulf,1,0,1
2026.02.25,04:30,04:45,Arnulf,1,0,1
2026.02.25,04:45,05:00,Arnulf,2,0,2
2026.02.25,05:00,05:15,Arnulf,1,0,1
2026.02.25,05:15,05:30,Arnulf,1,0,1
2026.02.25,05:30,05:45,Arnulf,0,1,1
2026.02.25,05:45,06:00,Arnulf,3,0,3
2026.02.25,06:00,06:15,Arnulf,2,1,3
2026.02.25,06:15,06:30,Arnulf,5,0,5
2026.02.25,06:30,06:45,Arnulf,7,1,8
2026.02.25,06:45,07:00,Arnulf,18,1,19
2026.02.25,07:00,07:15,Arnulf,19,3,22
2026.02.25,07:15,07:30,Arnulf,25,0,25
2026.02.25,07:30,07:45,Arnulf,13,2,15
2026.02.25,07:45,08:00,Arnulf,39,1,40
2026.02.25,08:00,08:15,Arnulf,50,2,52
2026.02.25,08:15,08:30,Arnulf,43,3,46
2026.02.25,08:30,08:45,Arnulf,46,2,48
2026.02.25,08:45,09:00,Arnulf,44,1,45
2026.02.25,09:00,09:15,Arnulf,33,1,34
2026.02.25,09:15,09:30,Arnulf,21,1,22
2026.02.25,09:30,09:45,Arnulf,15,2,17
2026.02.25,09:45,10:00,Arnulf,16,0,16
2026.02.25,10:00,10:15,Arnulf,16,1,17
2026.02.25,10:15,10:30,Arnulf,24,0,24
2026.02.25,10:30,10:45,Arnulf,12,0,12
2026.02.25,10:45,11:00,Arnulf,14,0,14
2026.02.25,11:00,11:15,Arnulf,14,0,14
2026.02.25,11:15,11:30,Arnulf,12,1,13
2026.02.25,11:30,11:45,Arnulf,14,0,14
2026.02.25,11:45,12:00,Arnulf,18,0,18
2026.02.25,12:00,12:15,Arnulf,13,0,13
2026.02.25,12:15,12:30,Arnulf,14,2,16
2026.02.25,12:30,12:45,Arnulf,16,0,16
2026.02.25,12:45,13:00,Arnulf,7,0,7
2026.02.25,13:00,13:15,Arnulf,17,0,17
2026.02.25,13:15,13:30,Arnulf,12,2,14
2026.02.25,13:30,13:45,Arnulf,18,0,18
2026.02.25,13:45,14:00,Arnulf,9,3,12
2026.02.25,14:00,14:15,Arnulf,12,0,12
2026.02.25,14:15,14:30,Arnulf,12,4,16
2026.02.25,14:30,14:45,Arnulf,15,1,16
2026.02.25,14:45,15:00,Arnulf,17,0,17
2026.02.25,15:00,15:15,Arnulf,10,2,12
2026.02.25,15:15,15:30,Arnulf,15,1,16
2026.02.25,15:30,15:45,Arnulf,21,0,21
2026.02.25,15:45,16:00,Arnulf,19,2,21
2026.02.25,16:00,16:15,Arnulf,29,1,30
2026.02.25,16:15,16:30,Arnulf,25,1,26
2026.02.25,16:30,16:45,Arnulf,22,3,25
2026.02.25,16:45,17:00,Arnulf,16,1,17
2026.02.25,17:00,17:15,Arnulf,23,1,24
2026.02.25,17:15,17:30,Arnulf,25,4,29
2026.02.25,17:30,17:45,Arnulf,25,3,28
2026.02.25,17:45,18:00,Arnulf,27,1,28
2026.02.25,18:00,18:15,Arnulf,22,1,23
2026.02.25,18:15,18:30,Arnulf,25,2,27
2026.02.25,18:30,18:45,Arnulf,23,3,26
2026.02.25,18:45,19:00,Arnulf,28,1,29
2026.02.25,19:00,19:15,Arnulf,27,0,27
2026.02.25,19:15,19:30,Arnulf,21,2,23
2026.02.25,19:30,19:45,Arnulf,11,0,11
2026.02.25,19:45,20:00,Arnulf,14,0,14
2026.02.25,20:00,20:15,Arnulf,12,1,13
2026.02.25,20:15,20:30,Arnulf,12,0,12
2026.02.25,20:30,20:45,Arnulf,8,2,10
2026.02.25,20:45,21:00,Arnulf,11,1,12
2026.02.25,21:00,21:15,Arnulf,5,1,6
2026.02.25,21:15,21:30,Arnulf,8,0,8
2026.02.25,21:30,21:45,Arnulf,6,0,6
2026.02.25,21:45,22:00,Arnulf,6,0,6
2026.02.25,22:00,22:15,Arnulf,9,0,9
2026.02.25,22:15,22:30,Arnulf,8,1,9
2026.02.25,22:30,22:45,Arnulf,4,2,6
2026.02.25,22:45,23:00,Arnulf,6,0,6
2026.02.25,23:00,23:15,Arnulf,3,2,5
2026.02.25,23:15,23:30,Arnulf,2,0,2
2026.02.25,23:30,23:45,Arnulf,0,0,0
2026.02.25,23:45,00:00,Arnulf,5,0,5
2026.02.26,00:00,00:15,Arnulf,0,0,0
2026.02.26,00:15,00:30,Arnulf,1,1,2
2026.02.26,00:30,00:45,Arnulf,0,0,0
2026.02.26,00:45,01:00,Arnulf,1,0,1
2026.02.26,01:00,01:15,Arnulf,0,0,0
2026.02.26,01:15,01:30,Arnulf,0,0,0
2026.02.26,01:30,01:45,Arnulf,0,0,0
2026.02.26,01:45,02:00,Arnulf,1,0,1
2026.02.26,02:00,02:15,Arnulf,1,0,1
2026.02.26,02:15,02:30,Arnulf,0,1,1
2026.02.26,02:30,02:45,Arnulf,3,0,3
2026.02.26,02:45,03:00,Arnulf,1,0,1
2026.02.26,03:00,03:15,Arnulf,0,0,0
2026.02.26,03:15,03:30,Arnulf,0,0,0
2026.02.26,03:30,03:45,Arnulf,0,0,0
2026.02.26,03:45,04:00,Arnulf,0,0,0
2026.02.26,04:00,04:15,Arnulf,0,0,0
2026.02.26,04:15,04:30,Arnulf,0,0,0
2026.02.26,04:30,04:45,Arnulf,0,0,0
2026.02.26,04:45,05:00,Arnulf,0,0,0
2026.02.26,05:00,05:15,Arnulf,1,0,1
2026.02.26,05:15,05:30,Arnulf,3,0,3
2026.02.26,05:30,05:45,Arnulf,1,0,1
2026.02.26,05:45,06:00,Arnulf,4,0,4
2026.02.26,06:00,06:15,Arnulf,6,0,6
2026.02.26,06:15,06:30,Arnulf,7,0,7
2026.02.26,06:30,06:45,Arnulf,9,0,9
2026.02.26,06:45,07:00,Arnulf,9,0,9
2026.02.26,07:00,07:15,Arnulf,13,1,14
2026.02.26,07:15,07:30,Arnulf,16,1,17
2026.02.26,07:30,07:45,Arnulf,30,0,30
2026.02.26,07:45,08:00,Arnulf,49,1,50
2026.02.26,08:00,08:15,Arnulf,48,2,50
2026.02.26,08:15,08:30,Arnulf,48,0,48
2026.02.26,08:30,08:45,Arnulf,44,3,47
2026.02.26,08:45,09:00,Arnulf,34,2,36
2026.02.26,09:00,09:15,Arnulf,29,0,29
2026.02.26,09:15,09:30,Arnulf,24,2,26
2026.02.26,09:30,09:45,Arnulf,19,1,20
2026.02.26,09:45,10:00,Arnulf,22,2,24
2026.02.26,10:00,10:15,Arnulf,13,0,13
2026.02.26,10:15,10:30,Arnulf,18,0,18
2026.02.26,10:30,10:45,Arnulf,17,0,17
2026.02.26,10:45,11:00,Arnulf,17,0,17
2026.02.26,11:00,11:15,Arnulf,8,0,8
2026.02.26,11:15,11:30,Arnulf,14,2,16
2026.02.26,11:30,11:45,Arnulf,16,1,17
2026.02.26,11:45,12:00,Arnulf,17,0,17
2026.02.26,12:00,12:15,Arnulf,19,1,20
2026.02.26,12:15,12:30,Arnulf,16,0,16
2026.02.26,12:30,12:45,Arnulf,14,3,17
2026.02.26,12:45,13:00,Arnulf,12,0,12
2026.02.26,13:00,13:15,Arnulf,22,0,22
2026.02.26,13:15,13:30,Arnulf,16,1,17
2026.02.26,13:30,13:45,Arnulf,24,0,24
2026.02.26,13:45,14:00,Arnulf,21,4,25
2026.02.26,14:00,14:15,Arnulf,21,0,21
2026.02.26,14:15,14:30,Arnulf,20,1,21
2026.02.26,14:30,14:45,Arnulf,19,1,20
2026.02.26,14:45,15:00,Arnulf,21,2,23
2026.02.26,15:00,15:15,Arnulf,12,2,14
2026.02.26,15:15,15:30,Arnulf,29,2,31
2026.02.26,15:30,15:45,Arnulf,14,3,17
2026.02.26,15:45,16:00,Arnulf,23,0,23
2026.02.26,16:00,16:15,Arnulf,18,7,25
2026.02.26,16:15,16:30,Arnulf,20,2,22
2026.02.26,16:30,16:45,Arnulf,26,1,27
2026.02.26,16:45,17:00,Arnulf,24,1,25
2026.02.26,17:00,17:15,Arnulf,17,3,20
2026.02.26,17:15,17:30,Arnulf,34,0,34
2026.02.26,17:30,17:45,Arnulf,33,4,37
2026.02.26,17:45,18:00,Arnulf,27,5,32
2026.02.26,18:00,18:15,Arnulf,31,1,32
2026.02.26,18:15,18:30,Arnulf,25,2,27
2026.02.26,18:30,18:45,Arnulf,26,0,26
2026.02.26,18:45,19:00,Arnulf,24,1,25
2026.02.26,19:00,19:15,Arnulf,17,1,18
2026.02.26,19:15,19:30,Arnulf,21,1,22
2026.02.26,19:30,19:45,Arnulf,15,1,16
2026.02.26,19:45,20:00,Arnulf,10,0,10
2026.02.26,20:00,20:15,Arnulf,10,1,11
2026.02.26,20:15,20:30,Arnulf,15,3,18
2026.02.26,20:30,20:45,Arnulf,10,2,12
2026.02.26,20:45,21:00,Arnulf,13,1,14
2026.02.26,21:00,21:15,Arnulf,6,0,6
2026.02.26,21:15,21:30,Arnulf,5,2,7
2026.02.26,21:30,21:45,Arnulf,12,0,12
2026.02.26,21:45,22:00,Arnulf,7,1,8
2026.02.26,22:00,22:15,Arnulf,10,1,11
2026.02.26,22:15,22:30,Arnulf,9,0,9
2026.02.26,22:30,22:45,Arnulf,6,0,6
2026.02.26,22:45,23:00,Arnulf,10,0,10
2026.02.26,23:00,23:15,Arnulf,3,1,4
2026.02.26,23:15,23:30,Arnulf,5,0,5
2026.02.26,23:30,23:45,Arnulf,3,0,3
2026.02.26,23:45,00:00,Arnulf,3,0,3
2026.02.27,00:00,00:15,Arnulf,1,0,1
2026.02.27,00:15,00:30,Arnulf,1,1,2
2026.02.27,00:30,00:45,Arnulf,1,0,1
2026.02.27,00:45,01:00,Arnulf,0,2,2
2026.02.27,01:00,01:15,Arnulf,0,0,0
2026.02.27,01:15,01:30,Arnulf,0,0,0
2026.02.27,01:30,01:45,Arnulf,1,0,1
2026.02.27,01:45,02:00,Arnulf,0,0,0
2026.02.27,02:00,02:15,Arnulf,1,1,2
2026.02.27,02:15,02:30,Arnulf,0,0,0
2026.02.27,02:30,02:45,Arnulf,0,0,0
2026.02.27,02:45,03:00,Arnulf,0,0,0
2026.02.27,03:00,03:15,Arnulf,0,0,0
2026.02.27,03:15,03:30,Arnulf,0,0,0
2026.02.27,03:30,03:45,Arnulf,2,0,2
2026.02.27,03:45,04:00,Arnulf,2,0,2
2026.02.27,04:00,04:15,Arnulf,0,0,0
2026.02.27,04:15,04:30,Arnulf,1,0,1
2026.02.27,04:30,04:45,Arnulf,0,0,0
2026.02.27,04:45,05:00,Arnulf,2,1,3
2026.02.27,05:00,05:15,Arnulf,4,0,4
2026.02.27,05:15,05:30,Arnulf,3,0,3
2026.02.27,05:30,05:45,Arnulf,3,0,3
2026.02.27,05:45,06:00,Arnulf,4,0,4
2026.02.27,06:00,06:15,Arnulf,9,0,9
2026.02.27,06:15,06:30,Arnulf,9,0,9
2026.02.27,06:30,06:45,Arnulf,11,2,13
2026.02.27,06:45,07:00,Arnulf,18,1,19
2026.02.27,07:00,07:15,Arnulf,14,1,15
2026.02.27,07:15,07:30,Arnulf,31,2,33
2026.02.27,07:30,07:45,Arnulf,37,2,39
2026.02.27,07:45,08:00,Arnulf,47,2,49
2026.02.27,08:00,08:15,Arnulf,44,0,44
2026.02.27,08:15,08:30,Arnulf,40,0,40
2026.02.27,08:30,08:45,Arnulf,45,0,45
2026.02.27,08:45,09:00,Arnulf,41,1,42
2026.02.27,09:00,09:15,Arnulf,29,0,29
2026.02.27,09:15,09:30,Arnulf,2,1,3
2026.02.27,09:30,09:45,Arnulf,2,0,2
2026.02.27,09:45,10:00,Arnulf,31,1,32
2026.02.27,10:00,10:15,Arnulf,22,1,23
2026.02.27,10:15,10:30,Arnulf,25,1,26
2026.02.27,10:30,10:45,Arnulf,22,1,23
2026.02.27,10:45,11:00,Arnulf,26,1,27
2026.02.27,11:00,11:15,Arnulf,21,1,22
2026.02.27,11:15,11:30,Arnulf,18,3,21
2026.02.27,11:30,11:45,Arnulf,24,2,26
2026.02.27,11:45,12:00,Arnulf,23,0,23
2026.02.27,12:00,12:15,Arnulf,25,1,26
2026.02.27,12:15,12:30,Arnulf,25,0,25
2026.02.27,12:30,12:45,Arnulf,24,0,24
2026.02.27,12:45,13:00,Arnulf,42,0,42
2026.02.27,13:00,13:15,Arnulf,34,4,38
2026.02.27,13:15,13:30,Arnulf,32,1,33
2026.02.27,13:30,13:45,Arnulf,30,2,32
2026.02.27,13:45,14:00,Arnulf,31,1,32
2026.02.27,14:00,14:15,Arnulf,26,0,26
2026.02.27,14:15,14:30,Arnulf,32,3,35
2026.02.27,14:30,14:45,Arnulf,30,2,32
2026.02.27,14:45,15:00,Arnulf,44,1,45
2026.02.27,15:00,15:15,Arnulf,44,2,46
2026.02.27,15:15,15:30,Arnulf,36,4,40
2026.02.27,15:30,15:45,Arnulf,42,4,46
2026.02.27,15:45,16:00,Arnulf,50,1,51
2026.02.27,16:00,16:15,Arnulf,44,0,44
2026.02.27,16:15,16:30,Arnulf,30,4,34
2026.02.27,16:30,16:45,Arnulf,44,1,45
2026.02.27,16:45,17:00,Arnulf,37,0,37
2026.02.27,17:00,17:15,Arnulf,39,3,42
2026.02.27,17:15,17:30,Arnulf,41,1,42
2026.02.27,17:30,17:45,Arnulf,32,2,34
2026.02.27,17:45,18:00,Arnulf,39,1,40
2026.02.27,18:00,18:15,Arnulf,51,0,51
2026.02.27,18:15,18:30,Arnulf,49,3,52
2026.02.27,18:30,18:45,Arnulf,46,4,50
2026.02.27,18:45,19:00,Arnulf,41,1,42
2026.02.27,19:00,19:15,Arnulf,37,1,38
2026.02.27,19:15,19:30,Arnulf,25,2,27
2026.02.27,19:30,19:45,Arnulf,42,1,43
2026.02.27,19:45,20:00,Arnulf,53,3,56
2026.02.27,20:00,20:15,Arnulf,33,4,37
2026.02.27,20:15,20:30,Arnulf,16,1,17
2026.02.27,20:30,20:45,Arnulf,14,0,14
2026.02.27,20:45,21:00,Arnulf,11,0,11
2026.02.27,21:00,21:15,Arnulf,15,1,16
2026.02.27,21:15,21:30,Arnulf,9,1,10
2026.02.27,21:30,21:45,Arnulf,11,3,14
2026.02.27,21:45,22:00,Arnulf,11,0,11
2026.02.27,22:00,22:15,Arnulf,12,0,12
2026.02.27,22:15,22:30,Arnulf,11,1,12
2026.02.27,22:30,22:45,Arnulf,16,0,16
2026.02.27,22:45,23:00,Arnulf,9,2,11
2026.02.27,23:00,23:15,Arnulf,15,1,16
2026.02.27,23:15,23:30,Arnulf,6,1,7
2026.02.27,23:30,23:45,Arnulf,6,0,6
2026.02.27,23:45,00:00,Arnulf,12,0,12
2026.02.28,00:00,00:15,Arnulf,5,0,5
2026.02.28,00:15,00:30,Arnulf,5,2,7
2026.02.28,00:30,00:45,Arnulf,6,0,6
2026.02.28,00:45,01:00,Arnulf,1,0,1
2026.02.28,01:00,01:15,Arnulf,2,0,2
2026.02.28,01:15,01:30,Arnulf,3,0,3
2026.02.28,01:30,01:45,Arnulf,0,0,0
2026.02.28,01:45,02:00,Arnulf,0,0,0
2026.02.28,02:00,02:15,Arnulf,1,0,1
2026.02.28,02:15,02:30,Arnulf,0,0,0
2026.02.28,02:30,02:45,Arnulf,1,0,1
2026.02.28,02:45,03:00,Arnulf,1,0,1
2026.02.28,03:00,03:15,Arnulf,1,0,1
2026.02.28,03:15,03:30,Arnulf,2,0,2
2026.02.28,03:30,03:45,Arnulf,4,0,4
2026.02.28,03:45,04:00,Arnulf,0,0,0
2026.02.28,04:00,04:15,Arnulf,0,0,0
2026.02.28,04:15,04:30,Arnulf,1,0,1
2026.02.28,04:30,04:45,Arnulf,0,0,0
2026.02.28,04:45,05:00,Arnulf,4,0,4
2026.02.28,05:00,05:15,Arnulf,3,1,4
2026.02.28,05:15,05:30,Arnulf,2,1,3
2026.02.28,05:30,05:45,Arnulf,3,0,3
2026.02.28,05:45,06:00,Arnulf,6,0,6
2026.02.28,06:00,06:15,Arnulf,9,0,9
2026.02.28,06:15,06:30,Arnulf,1,0,1
2026.02.28,06:30,06:45,Arnulf,5,0,5
2026.02.28,06:45,07:00,Arnulf,5,1,6
2026.02.28,07:00,07:15,Arnulf,3,0,3
2026.02.28,07:15,07:30,Arnulf,8,0,8
2026.02.28,07:30,07:45,Arnulf,8,0,8
2026.02.28,07:45,08:00,Arnulf,7,2,9
2026.02.28,08:00,08:15,Arnulf,5,0,5
2026.02.28,08:15,08:30,Arnulf,18,0,18
2026.02.28,08:30,08:45,Arnulf,18,0,18
2026.02.28,08:45,09:00,Arnulf,12,0,12
2026.02.28,09:00,09:15,Arnulf,18,1,19
2026.02.28,09:15,09:30,Arnulf,14,0,14
2026.02.28,09:30,09:45,Arnulf,16,0,16
2026.02.28,09:45,10:00,Arnulf,24,2,26
2026.02.28,10:00,10:15,Arnulf,19,1,20
2026.02.28,10:15,10:30,Arnulf,34,0,34
2026.02.28,10:30,10:45,Arnulf,39,0,39
2026.02.28,10:45,11:00,Arnulf,41,1,42
2026.02.28,11:00,11:15,Arnulf,34,2,36
2026.02.28,11:15,11:30,Arnulf,32,0,32
2026.02.28,11:30,11:45,Arnulf,39,1,40
2026.02.28,11:45,12:00,Arnulf,37,1,38
2026.02.28,12:00,12:15,Arnulf,22,1,23
2026.02.28,12:15,12:30,Arnulf,34,3,37
2026.02.28,12:30,12:45,Arnulf,18,1,19
2026.02.28,12:45,13:00,Arnulf,47,4,51
2026.02.28,13:00,13:15,Arnulf,26,2,28
2026.02.28,13:15,13:30,Arnulf,33,1,34
2026.02.28,13:30,13:45,Arnulf,34,0,34
2026.02.28,13:45,14:00,Arnulf,35,2,37
2026.02.28,14:00,14:15,Arnulf,29,1,30
2026.02.28,14:15,14:30,Arnulf,31,0,31
2026.02.28,14:30,14:45,Arnulf,32,1,33
2026.02.28,14:45,15:00,Arnulf,38,0,38
2026.02.28,15:00,15:15,Arnulf,25,0,25
2026.02.28,15:15,15:30,Arnulf,28,0,28
2026.02.28,15:30,15:45,Arnulf,37,2,39
2026.02.28,15:45,16:00,Arnulf,27,0,27
2026.02.28,16:00,16:15,Arnulf,34,1,35
2026.02.28,16:15,16:30,Arnulf,31,3,34
2026.02.28,16:30,16:45,Arnulf,50,1,51
2026.02.28,16:45,17:00,Arnulf,14,2,16
2026.02.28,17:00,17:15,Arnulf,29,1,30
2026.02.28,17:15,17:30,Arnulf,40,2,42
2026.02.28,17:30,17:45,Arnulf,27,3,30
2026.02.28,17:45,18:00,Arnulf,22,2,24
2026.02.28,18:00,18:15,Arnulf,38,2,40
2026.02.28,18:15,18:30,Arnulf,16,0,16
2026.02.28,18:30,18:45,Arnulf,19,0,19
2026.02.28,18:45,19:00,Arnulf,32,0,32
2026.02.28,19:00,19:15,Arnulf,31,2,33
2026.02.28,19:15,19:30,Arnulf,20,0,20
2026.02.28,19:30,19:45,Arnulf,14,1,15
2026.02.28,19:45,20:00,Arnulf,14,1,15
2026.02.28,20:00,20:15,Arnulf,13,1,14
2026.02.28,20:15,20:30,Arnulf,18,1,19
2026.02.28,20:30,20:45,Arnulf,14,0,14
2026.02.28,20:45,21:00,Arnulf,3,3,6
2026.02.28,21:00,21:15,Arnulf,15,1,16
2026.02.28,21:15,21:30,Arnulf,8,0,8
2026.02.28,21:30,21:45,Arnulf,16,0,16
2026.02.28,21:45,22:00,Arnulf,8,2,10
2026.02.28,22:00,22:15,Arnulf,14,2,16
2026.02.28,22:15,22:30,Arnulf,7,0,7
2026.02.28,22:30,22:45,Arnulf,11,1,12
2026.02.28,22:45,23:00,Arnulf,10,3,13
2026.02.28,23:00,23:15,Arnulf,3,4,7
2026.02.28,23:15,23:30,Arnulf,8,0,8
2026.02.28,23:30,23:45,Arnulf,4,0,4
2026.02.28,23:45,00:00,Arnulf,5,1,6
2026.02.01,00:00,00:15,Kreuther,0,0,0
2026.02.01,00:15,00:30,Kreuther,0,0,0
2026.02.01,00:30,00:45,Kreuther,0,1,1
2026.02.01,00:45,01:00,Kreuther,0,0,0
2026.02.01,01:00,01:15,Kreuther,0,0,0
2026.02.01,01:15,01:30,Kreuther,0,0,0
2026.02.01,01:30,01:45,Kreuther,0,0,0
2026.02.01,01:45,02:00,Kreuther,0,0,0
2026.02.01,02:00,02:15,Kreuther,0,0,0
2026.02.01,02:15,02:30,Kreuther,0,0,0
2026.02.01,02:30,02:45,Kreuther,0,0,0
2026.02.01,02:45,03:00,Kreuther,0,0,0
2026.02.01,03:00,03:15,Kreuther,0,0,0
2026.02.01,03:15,03:30,Kreuther,0,0,0
2026.02.01,03:30,03:45,Kreuther,0,0,0
2026.02.01,03:45,04:00,Kreuther,0,0,0
2026.02.01,04:00,04:15,Kreuther,0,0,0
2026.02.01,04:15,04:30,Kreuther,0,0,0
2026.02.01,04:30,04:45,Kreuther,0,0,0
2026.02.01,04:45,05:00,Kreuther,0,0,0
2026.02.01,05:00,05:15,Kreuther,0,0,0
2026.02.01,05:15,05:30,Kreuther,0,0,0
2026.02.01,05:30,05:45,Kreuther,0,0,0
2026.02.01,05:45,06:00,Kreuther,0,0,0
2026.02.01,06:00,06:15,Kreuther,1,0,1
2026.02.01,06:15,06:30,Kreuther,1,0,1
2026.02.01,06:30,06:45,Kreuther,0,0,0
2026.02.01,06:45,07:00,Kreuther,0,0,0
2026.02.01,07:00,07:15,Kreuther,0,0,0
2026.02.01,07:15,07:30,Kreuther,1,0,1
2026.02.01,07:30,07:45,Kreuther,1,0,1
2026.02.01,07:45,08:00,Kreuther,0,0,0
2026.02.01,08:00,08:15,Kreuther,0,0,0
2026.02.01,08:15,08:30,Kreuther,0,0,0
2026.02.01,08:30,08:45,Kreuther,0,0,0
2026.02.01,08:45,09:00,Kreuther,0,1,1
2026.02.01,09:00,09:15,Kreuther,0,0,0
2026.02.01,09:15,09:30,Kreuther,4,0,4
2026.02.01,09:30,09:45,Kreuther,0,2,2
2026.02.01,09:45,10:00,Kreuther,0,0,0
2026.02.01,10:00,10:15,Kreuther,3,1,4
2026.02.01,10:15,10:30,Kreuther,1,0,1
2026.02.01,10:30,10:45,Kreuther,3,0,3
2026.02.01,10:45,11:00,Kreuther,2,0,2
2026.02.01,11:00,11:15,Kreuther,4,0,4
2026.02.01,11:15,11:30,Kreuther,0,0,0
2026.02.01,11:30,11:45,Kreuther,2,1,3
2026.02.01,11:45,12:00,Kreuther,0,4,4
2026.02.01,12:00,12:15,Kreuther,2,0,2
2026.02.01,12:15,12:30,Kreuther,2,4,6
2026.02.01,12:30,12:45,Kreuther,1,2,3
2026.02.01,12:45,13:00,Kreuther,0,1,1
2026.02.01,13:00,13:15,Kreuther,2,3,5
2026.02.01,13:15,13:30,Kreuther,1,0,1
2026.02.01,13:30,13:45,Kreuther,2,0,2
2026.02.01,13:45,14:00,Kreuther,0,5,5
2026.02.01,14:00,14:15,Kreuther,2,1,3
2026.02.01,14:15,14:30,Kreuther,0,1,1
2026.02.01,14:30,14:45,Kreuther,3,1,4
2026.02.01,14:45,15:00,Kreuther,5,3,8
2026.02.01,15:00,15:15,Kreuther,2,3,5
2026.02.01,15:15,15:30,Kreuther,0,1,1
2026.02.01,15:30,15:45,Kreuther,1,2,3
2026.02.01,15:45,16:00,Kreuther,2,2,4
2026.02.01,16:00,16:15,Kreuther,0,1,1
2026.02.01,16:15,16:30,Kreuther,2,1,3
2026.02.01,16:30,16:45,Kreuther,0,1,1
2026.02.01,16:45,17:00,Kreuther,2,0,2
2026.02.01,17:00,17:15,Kreuther,0,1,1
2026.02.01,17:15,17:30,Kreuther,0,1,1
2026.02.01,17:30,17:45,Kreuther,1,1,2
2026.02.01,17:45,18:00,Kreuther,0,1,1
2026.02.01,18:00,18:15,Kreuther,1,2,3
2026.02.01,18:15,18:30,Kreuther,0,1,1
2026.02.01,18:30,18:45,Kreuther,0,0,0
2026.02.01,18:45,19:00,Kreuther,1,1,2
2026.02.01,19:00,19:15,Kreuther,0,2,2
2026.02.01,19:15,19:30,Kreuther,1,1,2
2026.02.01,19:30,19:45,Kreuther,1,1,2
2026.02.01,19:45,20:00,Kreuther,1,1,2
2026.02.01,20:00,20:15,Kreuther,2,2,4
2026.02.01,20:15,20:30,Kreuther,0,0,0
2026.02.01,20:30,20:45,Kreuther,0,0,0
2026.02.01,20:45,21:00,Kreuther,0,0,0
2026.02.01,21:00,21:15,Kreuther,0,2,2
2026.02.01,21:15,21:30,Kreuther,0,0,0
2026.02.01,21:30,21:45,Kreuther,0,0,0
2026.02.01,21:45,22:00,Kreuther,0,1,1
2026.02.01,22:00,22:15,Kreuther,0,0,0
2026.02.01,22:15,22:30,Kreuther,0,0,0
2026.02.01,22:30,22:45,Kreuther,0,0,0
2026.02.01,22:45,23:00,Kreuther,0,1,1
2026.02.01,23:00,23:15,Kreuther,0,0,0
2026.02.01,23:15,23:30,Kreuther,0,0,0
2026.02.01,23:30,23:45,Kreuther,0,0,0
2026.02.01,23:45,00:00,Kreuther,2,1,3
2026.02.02,00:00,00:15,Kreuther,0,0,0
2026.02.02,00:15,00:30,Kreuther,0,0,0
2026.02.02,00:30,00:45,Kreuther,0,0,0
2026.02.02,00:45,01:00,Kreuther,0,0,0
2026.02.02,01:00,01:15,Kreuther,0,0,0
2026.02.02,01:15,01:30,Kreuther,0,0,0
2026.02.02,01:30,01:45,Kreuther,0,0,0
2026.02.02,01:45,02:00,Kreuther,0,0,0
2026.02.02,02:00,02:15,Kreuther,0,0,0
2026.02.02,02:15,02:30,Kreuther,0,0,0
2026.02.02,02:30,02:45,Kreuther,1,0,1
2026.02.02,02:45,03:00,Kreuther,0,0,0
2026.02.02,03:00,03:15,Kreuther,0,0,0
2026.02.02,03:15,03:30,Kreuther,0,0,0
2026.02.02,03:30,03:45,Kreuther,0,0,0
2026.02.02,03:45,04:00,Kreuther,0,2,2
2026.02.02,04:00,04:15,Kreuther,0,0,0
2026.02.02,04:15,04:30,Kreuther,0,0,0
2026.02.02,04:30,04:45,Kreuther,0,0,0
2026.02.02,04:45,05:00,Kreuther,0,0,0
2026.02.02,05:00,05:15,Kreuther,1,0,1
2026.02.02,05:15,05:30,Kreuther,0,0,0
2026.02.02,05:30,05:45,Kreuther,1,1,2
2026.02.02,05:45,06:00,Kreuther,2,0,2
2026.02.02,06:00,06:15,Kreuther,1,0,1
2026.02.02,06:15,06:30,Kreuther,4,0,4
2026.02.02,06:30,06:45,Kreuther,3,0,3
2026.02.02,06:45,07:00,Kreuther,4,1,5
2026.02.02,07:00,07:15,Kreuther,7,4,11
2026.02.02,07:15,07:30,Kreuther,19,3,22
2026.02.02,07:30,07:45,Kreuther,19,3,22
2026.02.02,07:45,08:00,Kreuther,27,4,31
2026.02.02,08:00,08:15,Kreuther,17,4,21
2026.02.02,08:15,08:30,Kreuther,22,4,26
2026.02.02,08:30,08:45,Kreuther,21,3,24
2026.02.02,08:45,09:00,Kreuther,4,1,5
2026.02.02,09:00,09:15,Kreuther,14,2,16
2026.02.02,09:15,09:30,Kreuther,9,3,12
2026.02.02,09:30,09:45,Kreuther,6,8,14
2026.02.02,09:45,10:00,Kreuther,4,2,6
2026.02.02,10:00,10:15,Kreuther,1,1,2
2026.02.02,10:15,10:30,Kreuther,6,0,6
2026.02.02,10:30,10:45,Kreuther,1,0,1
2026.02.02,10:45,11:00,Kreuther,4,2,6
2026.02.02,11:00,11:15,Kreuther,3,1,4
2026.02.02,11:15,11:30,Kreuther,4,2,6
2026.02.02,11:30,11:45,Kreuther,4,0,4
2026.02.02,11:45,12:00,Kreuther,3,2,5
2026.02.02,12:00,12:15,Kreuther,2,1,3
2026.02.02,12:15,12:30,Kreuther,4,4,8
2026.02.02,12:30,12:45,Kreuther,5,4,9
2026.02.02,12:45,13:00,Kreuther,3,3,6
2026.02.02,13:00,13:15,Kreuther,5,3,8
2026.02.02,13:15,13:30,Kreuther,4,7,11
2026.02.02,13:30,13:45,Kreuther,5,4,9
2026.02.02,13:45,14:00,Kreuther,1,1,2
2026.02.02,14:00,14:15,Kreuther,1,4,5
2026.02.02,14:15,14:30,Kreuther,2,5,7
2026.02.02,14:30,14:45,Kreuther,6,10,16
2026.02.02,14:45,15:00,Kreuther,0,3,3
2026.02.02,15:00,15:15,Kreuther,2,5,7
2026.02.02,15:15,15:30,Kreuther,6,5,11
2026.02.02,15:30,15:45,Kreuther,8,5,13
2026.02.02,15:45,16:00,Kreuther,8,11,19
2026.02.02,16:00,16:15,Kreuther,6,8,14
2026.02.02,16:15,16:30,Kreuther,8,7,15
2026.02.02,16:30,16:45,Kreuther,8,6,14
2026.02.02,16:45,17:00,Kreuther,7,8,15
2026.02.02,17:00,17:15,Kreuther,2,11,13
2026.02.02,17:15,17:30,Kreuther,0,10,10
2026.02.02,17:30,17:45,Kreuther,4,7,11
2026.02.02,17:45,18:00,Kreuther,1,12,13
2026.02.02,18:00,18:15,Kreuther,3,7,10
2026.02.02,18:15,18:30,Kreuther,6,11,17
2026.02.02,18:30,18:45,Kreuther,5,10,15
2026.02.02,18:45,19:00,Kreuther,2,2,4
2026.02.02,19:00,19:15,Kreuther,3,5,8
2026.02.02,19:15,19:30,Kreuther,1,3,4
2026.02.02,19:30,19:45,Kreuther,1,4,5
2026.02.02,19:45,20:00,Kreuther,0,3,3
2026.02.02,20:00,20:15,Kreuther,3,1,4
2026.02.02,20:15,20:30,Kreuther,1,3,4
2026.02.02,20:30,20:45,Kreuther,0,0,0
2026.02.02,20:45,21:00,Kreuther,0,1,1
2026.02.02,21:00,21:15,Kreuther,1,0,1
2026.02.02,21:15,21:30,Kreuther,1,3,4
2026.02.02,21:30,21:45,Kreuther,0,0,0
2026.02.02,21:45,22:00,Kreuther,0,1,1
2026.02.02,22:00,22:15,Kreuther,0,1,1
2026.02.02,22:15,22:30,Kreuther,1,2,3
2026.02.02,22:30,22:45,Kreuther,0,0,0
2026.02.02,22:45,23:00,Kreuther,0,0,0
2026.02.02,23:00,23:15,Kreuther,0,1,1
2026.02.02,23:15,23:30,Kreuther,1,1,2
2026.02.02,23:30,23:45,Kreuther,0,1,1
2026.02.02,23:45,00:00,Kreuther,0,0,0
2026.02.03,00:00,00:15,Kreuther,1,1,2
2026.02.03,00:15,00:30,Kreuther,0,0,0
2026.02.03,00:30,00:45,Kreuther,0,0,0
2026.02.03,00:45,01:00,Kreuther,0,1,1
2026.02.03,01:00,01:15,Kreuther,0,1,1
2026.02.03,01:15,01:30,Kreuther,0,1,1
2026.02.03,01:30,01:45,Kreuther,0,0,0
2026.02.03,01:45,02:00,Kreuther,0,0,0
2026.02.03,02:00,02:15,Kreuther,0,0,0
2026.02.03,02:15,02:30,Kreuther,1,0,1
2026.02.03,02:30,02:45,Kreuther,0,0,0
2026.02.03,02:45,03:00,Kreuther,0,0,0
2026.02.03,03:00,03:15,Kreuther,0,0,0
2026.02.03,03:15,03:30,Kreuther,0,0,0
2026.02.03,03:30,03:45,Kreuther,0,0,0
2026.02.03,03:45,04:00,Kreuther,0,0,0
2026.02.03,04:00,04:15,Kreuther,0,1,1
2026.02.03,04:15,04:30,Kreuther,0,0,0
2026.02.03,04:30,04:45,Kreuther,0,0,0
2026.02.03,04:45,05:00,Kreuther,0,0,0
2026.02.03,05:00,05:15,Kreuther,1,0,1
2026.02.03,05:15,05:30,Kreuther,2,0,2
2026.02.03,05:30,05:45,Kreuther,1,1,2
2026.02.03,05:45,06:00,Kreuther,1,0,1
2026.02.03,06:00,06:15,Kreuther,0,0,0
2026.02.03,06:15,06:30,Kreuther,2,1,3
2026.02.03,06:30,06:45,Kreuther,7,2,9
2026.02.03,06:45,07:00,Kreuther,3,0,3
2026.02.03,07:00,07:15,Kreuther,6,0,6
2026.02.03,07:15,07:30,Kreuther,13,2,15
2026.02.03,07:30,07:45,Kreuther,20,5,25
2026.02.03,07:45,08:00,Kreuther,23,9,32
2026.02.03,08:00,08:15,Kreuther,18,2,20
2026.02.03,08:15,08:30,Kreuther,12,4,16
2026.02.03,08:30,08:45,Kreuther,11,2,13
2026.02.03,08:45,09:00,Kreuther,8,2,10
2026.02.03,09:00,09:15,Kreuther,7,1,8
2026.02.03,09:15,09:30,Kreuther,6,4,10
2026.02.03,09:30,09:45,Kreuther,7,1,8
2026.02.03,09:45,10:00,Kreuther,1,2,3
2026.02.03,10:00,10:15,Kreuther,2,1,3
2026.02.03,10:15,10:30,Kreuther,2,2,4
2026.02.03,10:30,10:45,Kreuther,2,1,3
2026.02.03,10:45,11:00,Kreuther,3,2,5
2026.02.03,11:00,11:15,Kreuther,3,1,4
2026.02.03,11:15,11:30,Kreuther,3,0,3
2026.02.03,11:30,11:45,Kreuther,2,7,9
2026.02.03,11:45,12:00,Kreuther,3,1,4
2026.02.03,12:00,12:15,Kreuther,3,2,5
2026.02.03,12:15,12:30,Kreuther,2,5,7
2026.02.03,12:30,12:45,Kreuther,4,4,8
2026.02.03,12:45,13:00,Kreuther,4,3,7
2026.02.03,13:00,13:15,Kreuther,1,5,6
2026.02.03,13:15,13:30,Kreuther,3,3,6
2026.02.03,13:30,13:45,Kreuther,3,3,6
2026.02.03,13:45,14:00,Kreuther,5,3,8
2026.02.03,14:00,14:15,Kreuther,3,4,7
2026.02.03,14:15,14:30,Kreuther,2,2,4
2026.02.03,14:30,14:45,Kreuther,1,3,4
2026.02.03,14:45,15:00,Kreuther,7,2,9
2026.02.03,15:00,15:15,Kreuther,2,3,5
2026.02.03,15:15,15:30,Kreuther,6,3,9
2026.02.03,15:30,15:45,Kreuther,8,5,13
2026.02.03,15:45,16:00,Kreuther,1,8,9
2026.02.03,16:00,16:15,Kreuther,2,6,8
2026.02.03,16:15,16:30,Kreuther,8,4,12
2026.02.03,16:30,16:45,Kreuther,6,11,17
2026.02.03,16:45,17:00,Kreuther,7,9,16
2026.02.03,17:00,17:15,Kreuther,2,5,7
2026.02.03,17:15,17:30,Kreuther,1,8,9
2026.02.03,17:30,17:45,Kreuther,7,5,12
2026.02.03,17:45,18:00,Kreuther,6,5,11
2026.02.03,18:00,18:15,Kreuther,3,5,8
2026.02.03,18:15,18:30,Kreuther,2,5,7
2026.02.03,18:30,18:45,Kreuther,4,13,17
2026.02.03,18:45,19:00,Kreuther,2,5,7
2026.02.03,19:00,19:15,Kreuther,2,2,4
2026.02.03,19:15,19:30,Kreuther,3,3,6
2026.02.03,19:30,19:45,Kreuther,1,3,4
2026.02.03,19:45,20:00,Kreuther,1,3,4
2026.02.03,20:00,20:15,Kreuther,1,2,3
2026.02.03,20:15,20:30,Kreuther,0,0,0
2026.02.03,20:30,20:45,Kreuther,2,0,2
2026.02.03,20:45,21:00,Kreuther,1,0,1
2026.02.03,21:00,21:15,Kreuther,1,1,2
2026.02.03,21:15,21:30,Kreuther,0,4,4
2026.02.03,21:30,21:45,Kreuther,0,0,0
2026.02.03,21:45,22:00,Kreuther,2,1,3
2026.02.03,22:00,22:15,Kreuther,0,1,1
2026.02.03,22:15,22:30,Kreuther,0,0,0
2026.02.03,22:30,22:45,Kreuther,0,1,1
2026.02.03,22:45,23:00,Kreuther,0,2,2
2026.02.03,23:00,23:15,Kreuther,0,0,0
2026.02.03,23:15,23:30,Kreuther,0,1,1
2026.02.03,23:30,23:45,Kreuther,0,0,0
2026.02.03,23:45,00:00,Kreuther,0,0,0
2026.02.04,00:00,00:15,Kreuther,0,1,1
2026.02.04,00:15,00:30,Kreuther,0,0,0
2026.02.04,00:30,00:45,Kreuther,0,0,0
2026.02.04,00:45,01:00,Kreuther,2,2,4
2026.02.04,01:00,01:15,Kreuther,0,0,0
2026.02.04,01:15,01:30,Kreuther,0,0,0
2026.02.04,01:30,01:45,Kreuther,0,0,0
2026.02.04,01:45,02:00,Kreuther,0,0,0
2026.02.04,02:00,02:15,Kreuther,0,0,0
2026.02.04,02:15,02:30,Kreuther,1,0,1
2026.02.04,02:30,02:45,Kreuther,0,0,0
2026.02.04,02:45,03:00,Kreuther,0,0,0
2026.02.04,03:00,03:15,Kreuther,0,0,0
2026.02.04,03:15,03:30,Kreuther,0,0,0
2026.02.04,03:30,03:45,Kreuther,0,0,0
2026.02.04,03:45,04:00,Kreuther,0,0,0
2026.02.04,04:00,04:15,Kreuther,0,0,0
2026.02.04,04:15,04:30,Kreuther,0,0,0
2026.02.04,04:30,04:45,Kreuther,0,0,0
2026.02.04,04:45,05:00,Kreuther,0,0,0
2026.02.04,05:00,05:15,Kreuther,1,0,1
2026.02.04,05:15,05:30,Kreuther,2,0,2
2026.02.04,05:30,05:45,Kreuther,1,1,2
2026.02.04,05:45,06:00,Kreuther,2,0,2
2026.02.04,06:00,06:15,Kreuther,0,0,0
2026.02.04,06:15,06:30,Kreuther,1,0,1
2026.02.04,06:30,06:45,Kreuther,3,1,4
2026.02.04,06:45,07:00,Kreuther,6,1,7
2026.02.04,07:00,07:15,Kreuther,3,0,3
2026.02.04,07:15,07:30,Kreuther,10,1,11
2026.02.04,07:30,07:45,Kreuther,15,2,17
2026.02.04,07:45,08:00,Kreuther,24,5,29
2026.02.04,08:00,08:15,Kreuther,16,0,16
2026.02.04,08:15,08:30,Kreuther,9,2,11
2026.02.04,08:30,08:45,Kreuther,13,4,17
2026.02.04,08:45,09:00,Kreuther,5,4,9
2026.02.04,09:00,09:15,Kreuther,6,1,7
2026.02.04,09:15,09:30,Kreuther,5,3,8
2026.02.04,09:30,09:45,Kreuther,3,4,7
2026.02.04,09:45,10:00,Kreuther,3,2,5
2026.02.04,10:00,10:15,Kreuther,3,0,3
2026.02.04,10:15,10:30,Kreuther,5,2,7
2026.02.04,10:30,10:45,Kreuther,2,1,3
2026.02.04,10:45,11:00,Kreuther,6,2,8
2026.02.04,11:00,11:15,Kreuther,2,0,2
2026.02.04,11:15,11:30,Kreuther,3,3,6
2026.02.04,11:30,11:45,Kreuther,2,5,7
2026.02.04,11:45,12:00,Kreuther,3,2,5
2026.02.04,12:00,12:15,Kreuther,2,0,2
2026.02.04,12:15,12:30,Kreuther,3,6,9
2026.02.04,12:30,12:45,Kreuther,2,7,9
2026.02.04,12:45,13:00,Kreuther,5,2,7
2026.02.04,13:00,13:15,Kreuther,1,1,2
2026.02.04,13:15,13:30,Kreuther,2,2,4
2026.02.04,13:30,13:45,Kreuther,0,2,2
2026.02.04,13:45,14:00,Kreuther,1,3,4
2026.02.04,14:00,14:15,Kreuther,3,2,5
2026.02.04,14:15,14:30,Kreuther,5,2,7
2026.02.04,14:30,14:45,Kreuther,2,5,7
2026.02.04,14:45,15:00,Kreuther,1,3,4
2026.02.04,15:00,15:15,Kreuther,1,1,2
2026.02.04,15:15,15:30,Kreuther,3,3,6
2026.02.04,15:30,15:45,Kreuther,5,6,11
2026.02.04,15:45,16:00,Kreuther,2,3,5
2026.02.04,16:00,16:15,Kreuther,5,5,10
2026.02.04,16:15,16:30,Kreuther,2,8,10
2026.02.04,16:30,16:45,Kreuther,5,9,14
2026.02.04,16:45,17:00,Kreuther,6,5,11
2026.02.04,17:00,17:15,Kreuther,3,4,7
2026.02.04,17:15,17:30,Kreuther,3,7,10
2026.02.04,17:30,17:45,Kreuther,4,7,11
2026.02.04,17:45,18:00,Kreuther,4,4,8
2026.02.04,18:00,18:15,Kreuther,2,5,7
2026.02.04,18:15,18:30,Kreuther,1,7,8
2026.02.04,18:30,18:45,Kreuther,2,7,9
2026.02.04,18:45,19:00,Kreuther,3,7,10
2026.02.04,19:00,19:15,Kreuther,3,2,5
2026.02.04,19:15,19:30,Kreuther,2,3,5
2026.02.04,19:30,19:45,Kreuther,0,3,3
2026.02.04,19:45,20:00,Kreuther,3,4,7
2026.02.04,20:00,20:15,Kreuther,1,5,6
2026.02.04,20:15,20:30,Kreuther,0,1,1
2026.02.04,20:30,20:45,Kreuther,2,1,3
2026.02.04,20:45,21:00,Kreuther,1,2,3
2026.02.04,21:00,21:15,Kreuther,0,1,1
2026.02.04,21:15,21:30,Kreuther,0,0,0
2026.02.04,21:30,21:45,Kreuther,0,2,2
2026.02.04,21:45,22:00,Kreuther,1,1,2
2026.02.04,22:00,22:15,Kreuther,1,4,5
2026.02.04,22:15,22:30,Kreuther,0,1,1
2026.02.04,22:30,22:45,Kreuther,0,1,1
2026.02.04,22:45,23:00,Kreuther,0,1,1
2026.02.04,23:00,23:15,Kreuther,0,0,0
2026.02.04,23:15,23:30,Kreuther,0,0,0
2026.02.04,23:30,23:45,Kreuther,0,1,1
2026.02.04,23:45,00:00,Kreuther,0,0,0
2026.02.05,00:00,00:15,Kreuther,0,0,0
2026.02.05,00:15,00:30,Kreuther,0,0,0
2026.02.05,00:30,00:45,Kreuther,0,0,0
2026.02.05,00:45,01:00,Kreuther,0,0,0
2026.02.05,01:00,01:15,Kreuther,0,0,0
2026.02.05,01:15,01:30,Kreuther,0,0,0
2026.02.05,01:30,01:45,Kreuther,0,0,0
2026.02.05,01:45,02:00,Kreuther,1,0,1
2026.02.05,02:00,02:15,Kreuther,0,1,1
2026.02.05,02:15,02:30,Kreuther,1,0,1
2026.02.05,02:30,02:45,Kreuther,0,0,0
2026.02.05,02:45,03:00,Kreuther,0,0,0
2026.02.05,03:00,03:15,Kreuther,0,0,0
2026.02.05,03:15,03:30,Kreuther,0,0,0
2026.02.05,03:30,03:45,Kreuther,0,0,0
2026.02.05,03:45,04:00,Kreuther,0,0,0
2026.02.05,04:00,04:15,Kreuther,0,0,0
2026.02.05,04:15,04:30,Kreuther,0,0,0
2026.02.05,04:30,04:45,Kreuther,0,0,0
2026.02.05,04:45,05:00,Kreuther,0,0,0
2026.02.05,05:00,05:15,Kreuther,1,0,1
2026.02.05,05:15,05:30,Kreuther,2,0,2
2026.02.05,05:30,05:45,Kreuther,1,0,1
2026.02.05,05:45,06:00,Kreuther,1,0,1
2026.02.05,06:00,06:15,Kreuther,0,1,1
2026.02.05,06:15,06:30,Kreuther,2,0,2
2026.02.05,06:30,06:45,Kreuther,2,2,4
2026.02.05,06:45,07:00,Kreuther,2,0,2
2026.02.05,07:00,07:15,Kreuther,6,0,6
2026.02.05,07:15,07:30,Kreuther,7,1,8
2026.02.05,07:30,07:45,Kreuther,16,5,21
2026.02.05,07:45,08:00,Kreuther,23,6,29
2026.02.05,08:00,08:15,Kreuther,17,8,25
2026.02.05,08:15,08:30,Kreuther,16,4,20
2026.02.05,08:30,08:45,Kreuther,12,0,12
2026.02.05,08:45,09:00,Kreuther,7,1,8
2026.02.05,09:00,09:15,Kreuther,5,2,7
2026.02.05,09:15,09:30,Kreuther,5,1,6
2026.02.05,09:30,09:45,Kreuther,4,1,5
2026.02.05,09:45,10:00,Kreuther,6,1,7
2026.02.05,10:00,10:15,Kreuther,6,1,7
2026.02.05,10:15,10:30,Kreuther,3,0,3
2026.02.05,10:30,10:45,Kreuther,5,0,5
2026.02.05,10:45,11:00,Kreuther,2,1,3
2026.02.05,11:00,11:15,Kreuther,5,1,6
2026.02.05,11:15,11:30,Kreuther,2,3,5
2026.02.05,11:30,11:45,Kreuther,0,2,2
2026.02.05,11:45,12:00,Kreuther,1,4,5
2026.02.05,12:00,12:15,Kreuther,1,0,1
2026.02.05,12:15,12:30,Kreuther,10,0,10
2026.02.05,12:30,12:45,Kreuther,1,4,5
2026.02.05,12:45,13:00,Kreuther,1,0,1
2026.02.05,13:00,13:15,Kreuther,3,5,8
2026.02.05,13:15,13:30,Kreuther,3,6,9
2026.02.05,13:30,13:45,Kreuther,2,3,5
2026.02.05,13:45,14:00,Kreuther,1,3,4
2026.02.05,14:00,14:15,Kreuther,4,6,10
2026.02.05,14:15,14:30,Kreuther,3,2,5
2026.02.05,14:30,14:45,Kreuther,2,2,4
2026.02.05,14:45,15:00,Kreuther,4,1,5
2026.02.05,15:00,15:15,Kreuther,4,11,15
2026.02.05,15:15,15:30,Kreuther,6,7,13
2026.02.05,15:30,15:45,Kreuther,9,1,10
2026.02.05,15:45,16:00,Kreuther,6,5,11
2026.02.05,16:00,16:15,Kreuther,6,8,14
2026.02.05,16:15,16:30,Kreuther,3,8,11
2026.02.05,16:30,16:45,Kreuther,6,4,10
2026.02.05,16:45,17:00,Kreuther,3,6,9
2026.02.05,17:00,17:15,Kreuther,2,8,10
2026.02.05,17:15,17:30,Kreuther,4,6,10
2026.02.05,17:30,17:45,Kreuther,6,7,13
2026.02.05,17:45,18:00,Kreuther,8,6,14
2026.02.05,18:00,18:15,Kreuther,2,5,7
2026.02.05,18:15,18:30,Kreuther,7,5,12
2026.02.05,18:30,18:45,Kreuther,1,4,5
2026.02.05,18:45,19:00,Kreuther,5,3,8
2026.02.05,19:00,19:15,Kreuther,1,4,5
2026.02.05,19:15,19:30,Kreuther,0,3,3
2026.02.05,19:30,19:45,Kreuther,0,6,6
2026.02.05,19:45,20:00,Kreuther,2,1,3
2026.02.05,20:00,20:15,Kreuther,1,3,4
2026.02.05,20:15,20:30,Kreuther,0,2,2
2026.02.05,20:30,20:45,Kreuther,1,2,3
2026.02.05,20:45,21:00,Kreuther,2,0,2
2026.02.05,21:00,21:15,Kreuther,1,2,3
2026.02.05,21:15,21:30,Kreuther,1,0,1
2026.02.05,21:30,21:45,Kreuther,1,2,3
2026.02.05,21:45,22:00,Kreuther,0,0,0
2026.02.05,22:00,22:15,Kreuther,0,0,0
2026.02.05,22:15,22:30,Kreuther,1,2,3
2026.02.05,22:30,22:45,Kreuther,0,2,2
2026.02.05,22:45,23:00,Kreuther,0,0,0
2026.02.05,23:00,23:15,Kreuther,0,0,0
2026.02.05,23:15,23:30,Kreuther,0,0,0
2026.02.05,23:30,23:45,Kreuther,0,0,0
2026.02.05,23:45,00:00,Kreuther,1,1,2
2026.02.06,00:00,00:15,Kreuther,0,0,0
2026.02.06,00:15,00:30,Kreuther,0,0,0
2026.02.06,00:30,00:45,Kreuther,0,0,0
2026.02.06,00:45,01:00,Kreuther,0,0,0
2026.02.06,01:00,01:15,Kreuther,0,0,0
2026.02.06,01:15,01:30,Kreuther,0,0,0
2026.02.06,01:30,01:45,Kreuther,0,0,0
2026.02.06,01:45,02:00,Kreuther,0,0,0
2026.02.06,02:00,02:15,Kreuther,1,1,2
2026.02.06,02:15,02:30,Kreuther,1,0,1
2026.02.06,02:30,02:45,Kreuther,0,0,0
2026.02.06,02:45,03:00,Kreuther,0,0,0
2026.02.06,03:00,03:15,Kreuther,0,0,0
2026.02.06,03:15,03:30,Kreuther,0,0,0
2026.02.06,03:30,03:45,Kreuther,0,0,0
2026.02.06,03:45,04:00,Kreuther,0,0,0
2026.02.06,04:00,04:15,Kreuther,0,0,0
2026.02.06,04:15,04:30,Kreuther,0,0,0
2026.02.06,04:30,04:45,Kreuther,0,0,0
2026.02.06,04:45,05:00,Kreuther,0,0,0
2026.02.06,05:00,05:15,Kreuther,1,0,1
2026.02.06,05:15,05:30,Kreuther,1,0,1
2026.02.06,05:30,05:45,Kreuther,0,0,0
2026.02.06,05:45,06:00,Kreuther,1,0,1
2026.02.06,06:00,06:15,Kreuther,0,0,0
2026.02.06,06:15,06:30,Kreuther,3,1,4
2026.02.06,06:30,06:45,Kreuther,0,1,1
2026.02.06,06:45,07:00,Kreuther,0,1,1
2026.02.06,07:00,07:15,Kreuther,2,0,2
2026.02.06,07:15,07:30,Kreuther,5,0,5
2026.02.06,07:30,07:45,Kreuther,17,4,21
2026.02.06,07:45,08:00,Kreuther,13,5,18
2026.02.06,08:00,08:15,Kreuther,10,4,14
2026.02.06,08:15,08:30,Kreuther,8,1,9
2026.02.06,08:30,08:45,Kreuther,7,4,11
2026.02.06,08:45,09:00,Kreuther,8,2,10
2026.02.06,09:00,09:15,Kreuther,5,1,6
2026.02.06,09:15,09:30,Kreuther,4,1,5
2026.02.06,09:30,09:45,Kreuther,2,0,2
2026.02.06,09:45,10:00,Kreuther,3,2,5
2026.02.06,10:00,10:15,Kreuther,1,0,1
2026.02.06,10:15,10:30,Kreuther,0,0,0
2026.02.06,10:30,10:45,Kreuther,0,1,1
2026.02.06,10:45,11:00,Kreuther,4,4,8
2026.02.06,11:00,11:15,Kreuther,3,1,4
2026.02.06,11:15,11:30,Kreuther,3,2,5
2026.02.06,11:30,11:45,Kreuther,2,2,4
2026.02.06,11:45,12:00,Kreuther,4,3,7
2026.02.06,12:00,12:15,Kreuther,2,2,4
2026.02.06,12:15,12:30,Kreuther,2,6,8
2026.02.06,12:30,12:45,Kreuther,6,6,12
2026.02.06,12:45,13:00,Kreuther,3,2,5
2026.02.06,13:00,13:15,Kreuther,5,3,8
2026.02.06,13:15,13:30,Kreuther,3,5,8
2026.02.06,13:30,13:45,Kreuther,2,3,5
2026.02.06,13:45,14:00,Kreuther,2,3,5
2026.02.06,14:00,14:15,Kreuther,4,9,13
2026.02.06,14:15,14:30,Kreuther,1,4,5
2026.02.06,14:30,14:45,Kreuther,0,7,7
2026.02.06,14:45,15:00,Kreuther,7,5,12
2026.02.06,15:00,15:15,Kreuther,0,4,4
2026.02.06,15:15,15:30,Kreuther,4,3,7
2026.02.06,15:30,15:45,Kreuther,5,4,9
2026.02.06,15:45,16:00,Kreuther,2,5,7
2026.02.06,16:00,16:15,Kreuther,3,6,9
2026.02.06,16:15,16:30,Kreuther,4,5,9
2026.02.06,16:30,16:45,Kreuther,2,5,7
2026.02.06,16:45,17:00,Kreuther,4,3,7
2026.02.06,17:00,17:15,Kreuther,4,2,6
2026.02.06,17:15,17:30,Kreuther,1,7,8
2026.02.06,17:30,17:45,Kreuther,4,2,6
2026.02.06,17:45,18:00,Kreuther,7,2,9
2026.02.06,18:00,18:15,Kreuther,2,2,4
2026.02.06,18:15,18:30,Kreuther,3,2,5
2026.02.06,18:30,18:45,Kreuther,0,5,5
2026.02.06,18:45,19:00,Kreuther,4,5,9
2026.02.06,19:00,19:15,Kreuther,2,2,4
2026.02.06,19:15,19:30,Kreuther,0,1,1
2026.02.06,19:30,19:45,Kreuther,0,0,0
2026.02.06,19:45,20:00,Kreuther,1,2,3
2026.02.06,20:00,20:15,Kreuther,2,5,7
2026.02.06,20:15,20:30,Kreuther,0,2,2
2026.02.06,20:30,20:45,Kreuther,0,2,2
2026.02.06,20:45,21:00,Kreuther,0,1,1
2026.02.06,21:00,21:15,Kreuther,1,0,1
2026.02.06,21:15,21:30,Kreuther,0,0,0
2026.02.06,21:30,21:45,Kreuther,0,0,0
2026.02.06,21:45,22:00,Kreuther,1,2,3
2026.02.06,22:00,22:15,Kreuther,1,0,1
2026.02.06,22:15,22:30,Kreuther,0,0,0
2026.02.06,22:30,22:45,Kreuther,0,0,0
2026.02.06,22:45,23:00,Kreuther,0,1,1
2026.02.06,23:00,23:15,Kreuther,0,2,2
2026.02.06,23:15,23:30,Kreuther,0,0,0
2026.02.06,23:30,23:45,Kreuther,1,0,1
2026.02.06,23:45,00:00,Kreuther,0,0,0
2026.02.07,00:00,00:15,Kreuther,0,1,1
2026.02.07,00:15,00:30,Kreuther,0,0,0
2026.02.07,00:30,00:45,Kreuther,0,0,0
2026.02.07,00:45,01:00,Kreuther,0,1,1
2026.02.07,01:00,01:15,Kreuther,0,0,0
2026.02.07,01:15,01:30,Kreuther,0,0,0
2026.02.07,01:30,01:45,Kreuther,0,1,1
2026.02.07,01:45,02:00,Kreuther,0,0,0
2026.02.07,02:00,02:15,Kreuther,0,0,0
2026.02.07,02:15,02:30,Kreuther,0,0,0
2026.02.07,02:30,02:45,Kreuther,0,0,0
2026.02.07,02:45,03:00,Kreuther,0,0,0
2026.02.07,03:00,03:15,Kreuther,0,0,0
2026.02.07,03:15,03:30,Kreuther,0,0,0
2026.02.07,03:30,03:45,Kreuther,0,0,0
2026.02.07,03:45,04:00,Kreuther,0,0,0
2026.02.07,04:00,04:15,Kreuther,0,0,0
2026.02.07,04:15,04:30,Kreuther,0,1,1
2026.02.07,04:30,04:45,Kreuther,0,0,0
2026.02.07,04:45,05:00,Kreuther,0,0,0
2026.02.07,05:00,05:15,Kreuther,0,0,0
2026.02.07,05:15,05:30,Kreuther,0,0,0
2026.02.07,05:30,05:45,Kreuther,0,2,2
2026.02.07,05:45,06:00,Kreuther,0,0,0
2026.02.07,06:00,06:15,Kreuther,0,0,0
2026.02.07,06:15,06:30,Kreuther,0,0,0
2026.02.07,06:30,06:45,Kreuther,0,0,0
2026.02.07,06:45,07:00,Kreuther,0,0,0
2026.02.07,07:00,07:15,Kreuther,0,0,0
2026.02.07,07:15,07:30,Kreuther,0,0,0
2026.02.07,07:30,07:45,Kreuther,0,0,0
2026.02.07,07:45,08:00,Kreuther,2,0,2
2026.02.07,08:00,08:15,Kreuther,0,1,1
2026.02.07,08:15,08:30,Kreuther,1,1,2
2026.02.07,08:30,08:45,Kreuther,1,0,1
2026.02.07,08:45,09:00,Kreuther,0,0,0
2026.02.07,09:00,09:15,Kreuther,3,0,3
2026.02.07,09:15,09:30,Kreuther,0,1,1
2026.02.07,09:30,09:45,Kreuther,4,0,4
2026.02.07,09:45,10:00,Kreuther,2,2,4
2026.02.07,10:00,10:15,Kreuther,1,0,1
2026.02.07,10:15,10:30,Kreuther,3,1,4
2026.02.07,10:30,10:45,Kreuther,8,1,9
2026.02.07,10:45,11:00,Kreuther,0,0,0
2026.02.07,11:00,11:15,Kreuther,0,1,1
2026.02.07,11:15,11:30,Kreuther,5,3,8
2026.02.07,11:30,11:45,Kreuther,5,1,6
2026.02.07,11:45,12:00,Kreuther,0,3,3
2026.02.07,12:00,12:15,Kreuther,2,1,3
2026.02.07,12:15,12:30,Kreuther,3,7,10
2026.02.07,12:30,12:45,Kreuther,4,5,9
2026.02.07,12:45,13:00,Kreuther,2,3,5
2026.02.07,13:00,13:15,Kreuther,5,2,7
2026.02.07,13:15,13:30,Kreuther,1,2,3
2026.02.07,13:30,13:45,Kreuther,1,2,3
2026.02.07,13:45,14:00,Kreuther,0,4,4
2026.02.07,14:00,14:15,Kreuther,5,0,5
2026.02.07,14:15,14:30,Kreuther,6,2,8
2026.02.07,14:30,14:45,Kreuther,2,5,7
2026.02.07,14:45,15:00,Kreuther,6,4,10
2026.02.07,15:00,15:15,Kreuther,1,4,5
2026.02.07,15:15,15:30,Kreuther,4,4,8
2026.02.07,15:30,15:45,Kreuther,2,3,5
2026.02.07,15:45,16:00,Kreuther,2,4,6
2026.02.07,16:00,16:15,Kreuther,3,7,10
2026.02.07,16:15,16:30,Kreuther,5,1,6
2026.02.07,16:30,16:45,Kreuther,0,0,0
2026.02.07,16:45,17:00,Kreuther,3,4,7
2026.02.07,17:00,17:15,Kreuther,4,4,8
2026.02.07,17:15,17:30,Kreuther,3,5,8
2026.02.07,17:30,17:45,Kreuther,1,8,9
2026.02.07,17:45,18:00,Kreuther,4,2,6
2026.02.07,18:00,18:15,Kreuther,4,1,5
2026.02.07,18:15,18:30,Kreuther,1,4,5
2026.02.07,18:30,18:45,Kreuther,0,0,0
2026.02.07,18:45,19:00,Kreuther,0,1,1
2026.02.07,19:00,19:15,Kreuther,0,0,0
2026.02.07,19:15,19:30,Kreuther,0,1,1
2026.02.07,19:30,19:45,Kreuther,2,1,3
2026.02.07,19:45,20:00,Kreuther,1,0,1
2026.02.07,20:00,20:15,Kreuther,0,0,0
2026.02.07,20:15,20:30,Kreuther,0,2,2
2026.02.07,20:30,20:45,Kreuther,1,0,1
2026.02.07,20:45,21:00,Kreuther,0,0,0
2026.02.07,21:00,21:15,Kreuther,0,1,1
2026.02.07,21:15,21:30,Kreuther,0,1,1
2026.02.07,21:30,21:45,Kreuther,0,1,1
2026.02.07,21:45,22:00,Kreuther,0,0,0
2026.02.07,22:00,22:15,Kreuther,0,0,0
2026.02.07,22:15,22:30,Kreuther,0,1,1
2026.02.07,22:30,22:45,Kreuther,0,0,0
2026.02.07,22:45,23:00,Kreuther,0,0,0
2026.02.07,23:00,23:15,Kreuther,0,0,0
2026.02.07,23:15,23:30,Kreuther,0,0,0
2026.02.07,23:30,23:45,Kreuther,0,1,1
2026.02.07,23:45,00:00,Kreuther,0,0,0
2026.02.08,00:00,00:15,Kreuther,0,0,0
2026.02.08,00:15,00:30,Kreuther,0,0,0
2026.02.08,00:30,00:45,Kreuther,0,0,0
2026.02.08,00:45,01:00,Kreuther,0,0,0
2026.02.08,01:00,01:15,Kreuther,0,0,0
2026.02.08,01:15,01:30,Kreuther,1,1,2
2026.02.08,01:30,01:45,Kreuther,0,0,0
2026.02.08,01:45,02:00,Kreuther,0,0,0
2026.02.08,02:00,02:15,Kreuther,0,0,0
2026.02.08,02:15,02:30,Kreuther,0,0,0
2026.02.08,02:30,02:45,Kreuther,0,0,0
2026.02.08,02:45,03:00,Kreuther,0,0,0
2026.02.08,03:00,03:15,Kreuther,0,0,0
2026.02.08,03:15,03:30,Kreuther,0,0,0
2026.02.08,03:30,03:45,Kreuther,0,1,1
2026.02.08,03:45,04:00,Kreuther,0,0,0
2026.02.08,04:00,04:15,Kreuther,0,0,0
2026.02.08,04:15,04:30,Kreuther,0,0,0
2026.02.08,04:30,04:45,Kreuther,0,0,0
2026.02.08,04:45,05:00,Kreuther,0,0,0
2026.02.08,05:00,05:15,Kreuther,0,0,0
2026.02.08,05:15,05:30,Kreuther,0,0,0
2026.02.08,05:30,05:45,Kreuther,0,1,1
2026.02.08,05:45,06:00,Kreuther,0,0,0
2026.02.08,06:00,06:15,Kreuther,0,0,0
2026.02.08,06:15,06:30,Kreuther,0,0,0
2026.02.08,06:30,06:45,Kreuther,0,0,0
2026.02.08,06:45,07:00,Kreuther,1,0,1
2026.02.08,07:00,07:15,Kreuther,0,0,0
2026.02.08,07:15,07:30,Kreuther,0,0,0
2026.02.08,07:30,07:45,Kreuther,0,0,0
2026.02.08,07:45,08:00,Kreuther,0,0,0
2026.02.08,08:00,08:15,Kreuther,0,0,0
2026.02.08,08:15,08:30,Kreuther,0,0,0
2026.02.08,08:30,08:45,Kreuther,1,1,2
2026.02.08,08:45,09:00,Kreuther,0,2,2
2026.02.08,09:00,09:15,Kreuther,0,0,0
2026.02.08,09:15,09:30,Kreuther,2,0,2
2026.02.08,09:30,09:45,Kreuther,4,3,7
2026.02.08,09:45,10:00,Kreuther,2,2,4
2026.02.08,10:00,10:15,Kreuther,0,0,0
2026.02.08,10:15,10:30,Kreuther,1,4,5
2026.02.08,10:30,10:45,Kreuther,2,0,2
2026.02.08,10:45,11:00,Kreuther,2,0,2
2026.02.08,11:00,11:15,Kreuther,0,0,0
2026.02.08,11:15,11:30,Kreuther,4,2,6
2026.02.08,11:30,11:45,Kreuther,2,0,2
2026.02.08,11:45,12:00,Kreuther,1,5,6
2026.02.08,12:00,12:15,Kreuther,1,5,6
2026.02.08,12:15,12:30,Kreuther,3,2,5
2026.02.08,12:30,12:45,Kreuther,5,4,9
2026.02.08,12:45,13:00,Kreuther,3,0,3
2026.02.08,13:00,13:15,Kreuther,1,3,4
2026.02.08,13:15,13:30,Kreuther,2,2,4
2026.02.08,13:30,13:45,Kreuther,1,3,4
2026.02.08,13:45,14:00,Kreuther,6,2,8
2026.02.08,14:00,14:15,Kreuther,0,2,2
2026.02.08,14:15,14:30,Kreuther,1,0,1
2026.02.08,14:30,14:45,Kreuther,1,1,2
2026.02.08,14:45,15:00,Kreuther,7,5,12
2026.02.08,15:00,15:15,Kreuther,7,1,8
2026.02.08,15:15,15:30,Kreuther,3,3,6
2026.02.08,15:30,15:45,Kreuther,3,3,6
2026.02.08,15:45,16:00,Kreuther,11,2,13
2026.02.08,16:00,16:15,Kreuther,6,4,10
2026.02.08,16:15,16:30,Kreuther,2,6,8
2026.02.08,16:30,16:45,Kreuther,1,8,9
2026.02.08,16:45,17:00,Kreuther,2,6,8
2026.02.08,17:00,17:15,Kreuther,6,5,11
2026.02.08,17:15,17:30,Kreuther,3,7,10
2026.02.08,17:30,17:45,Kreuther,3,2,5
2026.02.08,17:45,18:00,Kreuther,0,1,1
2026.02.08,18:00,18:15,Kreuther,2,2,4
2026.02.08,18:15,18:30,Kreuther,1,2,3
2026.02.08,18:30,18:45,Kreuther,0,0,0
2026.02.08,18:45,19:00,Kreuther,0,1,1
2026.02.08,19:00,19:15,Kreuther,1,3,4
2026.02.08,19:15,19:30,Kreuther,1,1,2
2026.02.08,19:30,19:45,Kreuther,0,1,1
2026.02.08,19:45,20:00,Kreuther,0,2,2
2026.02.08,20:00,20:15,Kreuther,2,3,5
2026.02.08,20:15,20:30,Kreuther,0,0,0
2026.02.08,20:30,20:45,Kreuther,1,3,4
2026.02.08,20:45,21:00,Kreuther,0,0,0
2026.02.08,21:00,21:15,Kreuther,1,2,3
2026.02.08,21:15,21:30,Kreuther,0,0,0
2026.02.08,21:30,21:45,Kreuther,0,0,0
2026.02.08,21:45,22:00,Kreuther,0,0,0
2026.02.08,22:00,22:15,Kreuther,0,0,0
2026.02.08,22:15,22:30,Kreuther,0,2,2
2026.02.08,22:30,22:45,Kreuther,0,0,0
2026.02.08,22:45,23:00,Kreuther,0,0,0
2026.02.08,23:00,23:15,Kreuther,1,0,1
2026.02.08,23:15,23:30,Kreuther,0,0,0
2026.02.08,23:30,23:45,Kreuther,0,0,0
2026.02.08,23:45,00:00,Kreuther,0,0,0
2026.02.09,00:00,00:15,Kreuther,0,0,0
2026.02.09,00:15,00:30,Kreuther,0,0,0
2026.02.09,00:30,00:45,Kreuther,0,1,1
2026.02.09,00:45,01:00,Kreuther,0,1,1
2026.02.09,01:00,01:15,Kreuther,0,0,0
2026.02.09,01:15,01:30,Kreuther,1,0,1
2026.02.09,01:30,01:45,Kreuther,0,0,0
2026.02.09,01:45,02:00,Kreuther,0,0,0
2026.02.09,02:00,02:15,Kreuther,1,0,1
2026.02.09,02:15,02:30,Kreuther,0,0,0
2026.02.09,02:30,02:45,Kreuther,0,0,0
2026.02.09,02:45,03:00,Kreuther,0,0,0
2026.02.09,03:00,03:15,Kreuther,0,0,0
2026.02.09,03:15,03:30,Kreuther,0,0,0
2026.02.09,03:30,03:45,Kreuther,0,0,0
2026.02.09,03:45,04:00,Kreuther,0,0,0
2026.02.09,04:00,04:15,Kreuther,0,0,0
2026.02.09,04:15,04:30,Kreuther,0,0,0
2026.02.09,04:30,04:45,Kreuther,0,0,0
2026.02.09,04:45,05:00,Kreuther,0,0,0
2026.02.09,05:00,05:15,Kreuther,1,0,1
2026.02.09,05:15,05:30,Kreuther,3,0,3
2026.02.09,05:30,05:45,Kreuther,1,1,2
2026.02.09,05:45,06:00,Kreuther,1,1,2
2026.02.09,06:00,06:15,Kreuther,0,0,0
2026.02.09,06:15,06:30,Kreuther,2,1,3
2026.02.09,06:30,06:45,Kreuther,7,1,8
2026.02.09,06:45,07:00,Kreuther,3,2,5
2026.02.09,07:00,07:15,Kreuther,3,1,4
2026.02.09,07:15,07:30,Kreuther,9,1,10
2026.02.09,07:30,07:45,Kreuther,20,4,24
2026.02.09,07:45,08:00,Kreuther,19,8,27
2026.02.09,08:00,08:15,Kreuther,15,1,16
2026.02.09,08:15,08:30,Kreuther,7,3,10
2026.02.09,08:30,08:45,Kreuther,14,0,14
2026.02.09,08:45,09:00,Kreuther,9,2,11
2026.02.09,09:00,09:15,Kreuther,7,3,10
2026.02.09,09:15,09:30,Kreuther,4,0,4
2026.02.09,09:30,09:45,Kreuther,4,1,5
2026.02.09,09:45,10:00,Kreuther,3,0,3
2026.02.09,10:00,10:15,Kreuther,4,1,5
2026.02.09,10:15,10:30,Kreuther,3,1,4
2026.02.09,10:30,10:45,Kreuther,6,1,7
2026.02.09,10:45,11:00,Kreuther,4,1,5
2026.02.09,11:00,11:15,Kreuther,2,3,5
2026.02.09,11:15,11:30,Kreuther,2,4,6
2026.02.09,11:30,11:45,Kreuther,2,0,2
2026.02.09,11:45,12:00,Kreuther,5,3,8
2026.02.09,12:00,12:15,Kreuther,2,3,5
2026.02.09,12:15,12:30,Kreuther,1,3,4
2026.02.09,12:30,12:45,Kreuther,2,5,7
2026.02.09,12:45,13:00,Kreuther,2,1,3
2026.02.09,13:00,13:15,Kreuther,1,5,6
2026.02.09,13:15,13:30,Kreuther,4,6,10
2026.02.09,13:30,13:45,Kreuther,4,3,7
2026.02.09,13:45,14:00,Kreuther,3,4,7
2026.02.09,14:00,14:15,Kreuther,1,4,5
2026.02.09,14:15,14:30,Kreuther,1,3,4
2026.02.09,14:30,14:45,Kreuther,2,1,3
2026.02.09,14:45,15:00,Kreuther,2,2,4
2026.02.09,15:00,15:15,Kreuther,1,2,3
2026.02.09,15:15,15:30,Kreuther,3,3,6
2026.02.09,15:30,15:45,Kreuther,2,7,9
2026.02.09,15:45,16:00,Kreuther,5,9,14
2026.02.09,16:00,16:15,Kreuther,5,6,11
2026.02.09,16:15,16:30,Kreuther,13,7,20
2026.02.09,16:30,16:45,Kreuther,5,6,11
2026.02.09,16:45,17:00,Kreuther,7,5,12
2026.02.09,17:00,17:15,Kreuther,5,10,15
2026.02.09,17:15,17:30,Kreuther,2,10,12
2026.02.09,17:30,17:45,Kreuther,5,6,11
2026.02.09,17:45,18:00,Kreuther,7,12,19
2026.02.09,18:00,18:15,Kreuther,0,8,8
2026.02.09,18:15,18:30,Kreuther,2,10,12
2026.02.09,18:30,18:45,Kreuther,2,7,9
2026.02.09,18:45,19:00,Kreuther,4,3,7
2026.02.09,19:00,19:15,Kreuther,3,1,4
2026.02.09,19:15,19:30,Kreuther,1,2,3
2026.02.09,19:30,19:45,Kreuther,0,3,3
2026.02.09,19:45,20:00,Kreuther,0,5,5
2026.02.09,20:00,20:15,Kreuther,1,2,3
2026.02.09,20:15,20:30,Kreuther,1,1,2
2026.02.09,20:30,20:45,Kreuther,1,0,1
2026.02.09,20:45,21:00,Kreuther,1,1,2
2026.02.09,21:00,21:15,Kreuther,0,3,3
2026.02.09,21:15,21:30,Kreuther,0,1,1
2026.02.09,21:30,21:45,Kreuther,0,1,1
2026.02.09,21:45,22:00,Kreuther,0,0,0
2026.02.09,22:00,22:15,Kreuther,1,0,1
2026.02.09,22:15,22:30,Kreuther,0,0,0
2026.02.09,22:30,22:45,Kreuther,0,0,0
2026.02.09,22:45,23:00,Kreuther,0,0,0
2026.02.09,23:00,23:15,Kreuther,0,0,0
2026.02.09,23:15,23:30,Kreuther,0,0,0
2026.02.09,23:30,23:45,Kreuther,0,0,0
2026.02.09,23:45,00:00,Kreuther,0,0,0
2026.02.10,00:00,00:15,Kreuther,0,0,0
2026.02.10,00:15,00:30,Kreuther,0,0,0
2026.02.10,00:30,00:45,Kreuther,0,0,0
2026.02.10,00:45,01:00,Kreuther,0,0,0
2026.02.10,01:00,01:15,Kreuther,0,0,0
2026.02.10,01:15,01:30,Kreuther,0,0,0
2026.02.10,01:30,01:45,Kreuther,0,0,0
2026.02.10,01:45,02:00,Kreuther,0,0,0
2026.02.10,02:00,02:15,Kreuther,1,0,1
2026.02.10,02:15,02:30,Kreuther,1,0,1
2026.02.10,02:30,02:45,Kreuther,0,0,0
2026.02.10,02:45,03:00,Kreuther,0,0,0
2026.02.10,03:00,03:15,Kreuther,0,0,0
2026.02.10,03:15,03:30,Kreuther,0,0,0
2026.02.10,03:30,03:45,Kreuther,0,0,0
2026.02.10,03:45,04:00,Kreuther,0,1,1
2026.02.10,04:00,04:15,Kreuther,0,0,0
2026.02.10,04:15,04:30,Kreuther,0,0,0
2026.02.10,04:30,04:45,Kreuther,0,1,1
2026.02.10,04:45,05:00,Kreuther,0,0,0
2026.02.10,05:00,05:15,Kreuther,1,0,1
2026.02.10,05:15,05:30,Kreuther,2,0,2
2026.02.10,05:30,05:45,Kreuther,1,1,2
2026.02.10,05:45,06:00,Kreuther,0,0,0
2026.02.10,06:00,06:15,Kreuther,0,1,1
2026.02.10,06:15,06:30,Kreuther,3,1,4
2026.02.10,06:30,06:45,Kreuther,6,1,7
2026.02.10,06:45,07:00,Kreuther,2,0,2
2026.02.10,07:00,07:15,Kreuther,6,2,8
2026.02.10,07:15,07:30,Kreuther,8,1,9
2026.02.10,07:30,07:45,Kreuther,28,1,29
2026.02.10,07:45,08:00,Kreuther,20,6,26
2026.02.10,08:00,08:15,Kreuther,18,4,22
2026.02.10,08:15,08:30,Kreuther,12,1,13
2026.02.10,08:30,08:45,Kreuther,18,4,22
2026.02.10,08:45,09:00,Kreuther,8,1,9
2026.02.10,09:00,09:15,Kreuther,10,1,11
2026.02.10,09:15,09:30,Kreuther,6,2,8
2026.02.10,09:30,09:45,Kreuther,4,2,6
2026.02.10,09:45,10:00,Kreuther,3,2,5
2026.02.10,10:00,10:15,Kreuther,2,0,2
2026.02.10,10:15,10:30,Kreuther,4,0,4
2026.02.10,10:30,10:45,Kreuther,5,1,6
2026.02.10,10:45,11:00,Kreuther,2,0,2
2026.02.10,11:00,11:15,Kreuther,2,2,4
2026.02.10,11:15,11:30,Kreuther,5,4,9
2026.02.10,11:30,11:45,Kreuther,3,2,5
2026.02.10,11:45,12:00,Kreuther,2,1,3
2026.02.10,12:00,12:15,Kreuther,3,2,5
2026.02.10,12:15,12:30,Kreuther,1,1,2
2026.02.10,12:30,12:45,Kreuther,6,3,9
2026.02.10,12:45,13:00,Kreuther,2,3,5
2026.02.10,13:00,13:15,Kreuther,3,6,9
2026.02.10,13:15,13:30,Kreuther,1,6,7
2026.02.10,13:30,13:45,Kreuther,2,2,4
2026.02.10,13:45,14:00,Kreuther,4,3,7
2026.02.10,14:00,14:15,Kreuther,4,6,10
2026.02.10,14:15,14:30,Kreuther,3,2,5
2026.02.10,14:30,14:45,Kreuther,2,4,6
2026.02.10,14:45,15:00,Kreuther,2,4,6
2026.02.10,15:00,15:15,Kreuther,8,1,9
2026.02.10,15:15,15:30,Kreuther,3,4,7
2026.02.10,15:30,15:45,Kreuther,5,4,9
2026.02.10,15:45,16:00,Kreuther,3,5,8
2026.02.10,16:00,16:15,Kreuther,5,8,13
2026.02.10,16:15,16:30,Kreuther,6,7,13
2026.02.10,16:30,16:45,Kreuther,5,5,10
2026.02.10,16:45,17:00,Kreuther,16,7,23
2026.02.10,17:00,17:15,Kreuther,5,10,15
2026.02.10,17:15,17:30,Kreuther,2,2,4
2026.02.10,17:30,17:45,Kreuther,2,9,11
2026.02.10,17:45,18:00,Kreuther,6,8,14
2026.02.10,18:00,18:15,Kreuther,5,5,10
2026.02.10,18:15,18:30,Kreuther,5,9,14
2026.02.10,18:30,18:45,Kreuther,3,10,13
2026.02.10,18:45,19:00,Kreuther,2,4,6
2026.02.10,19:00,19:15,Kreuther,3,5,8
2026.02.10,19:15,19:30,Kreuther,2,1,3
2026.02.10,19:30,19:45,Kreuther,3,1,4
2026.02.10,19:45,20:00,Kreuther,4,2,6
2026.02.10,20:00,20:15,Kreuther,0,4,4
2026.02.10,20:15,20:30,Kreuther,2,2,4
2026.02.10,20:30,20:45,Kreuther,2,0,2
2026.02.10,20:45,21:00,Kreuther,2,0,2
2026.02.10,21:00,21:15,Kreuther,0,2,2
2026.02.10,21:15,21:30,Kreuther,0,1,1
2026.02.10,21:30,21:45,Kreuther,2,2,4
2026.02.10,21:45,22:00,Kreuther,0,3,3
2026.02.10,22:00,22:15,Kreuther,2,3,5
2026.02.10,22:15,22:30,Kreuther,0,0,0
2026.02.10,22:30,22:45,Kreuther,0,0,0
2026.02.10,22:45,23:00,Kreuther,0,1,1
2026.02.10,23:00,23:15,Kreuther,0,3,3
2026.02.10,23:15,23:30,Kreuther,0,1,1
2026.02.10,23:30,23:45,Kreuther,0,0,0
2026.02.10,23:45,00:00,Kreuther,0,0,0
2026.02.11,00:00,00:15,Kreuther,0,0,0
2026.02.11,00:15,00:30,Kreuther,0,1,1
2026.02.11,00:30,00:45,Kreuther,0,0,0
2026.02.11,00:45,01:00,Kreuther,0,1,1
2026.02.11,01:00,01:15,Kreuther,0,0,0
2026.02.11,01:15,01:30,Kreuther,0,0,0
2026.02.11,01:30,01:45,Kreuther,0,0,0
2026.02.11,01:45,02:00,Kreuther,0,0,0
2026.02.11,02:00,02:15,Kreuther,2,0,2
2026.02.11,02:15,02:30,Kreuther,1,0,1
2026.02.11,02:30,02:45,Kreuther,0,0,0
2026.02.11,02:45,03:00,Kreuther,0,0,0
2026.02.11,03:00,03:15,Kreuther,0,0,0
2026.02.11,03:15,03:30,Kreuther,0,0,0
2026.02.11,03:30,03:45,Kreuther,0,0,0
2026.02.11,03:45,04:00,Kreuther,0,0,0
2026.02.11,04:00,04:15,Kreuther,0,0,0
2026.02.11,04:15,04:30,Kreuther,0,0,0
2026.02.11,04:30,04:45,Kreuther,0,0,0
2026.02.11,04:45,05:00,Kreuther,0,0,0
2026.02.11,05:00,05:15,Kreuther,1,0,1
2026.02.11,05:15,05:30,Kreuther,1,0,1
2026.02.11,05:30,05:45,Kreuther,0,2,2
2026.02.11,05:45,06:00,Kreuther,0,0,0
2026.02.11,06:00,06:15,Kreuther,1,0,1
2026.02.11,06:15,06:30,Kreuther,4,1,5
2026.02.11,06:30,06:45,Kreuther,5,0,5
2026.02.11,06:45,07:00,Kreuther,3,3,6
2026.02.11,07:00,07:15,Kreuther,6,2,8
2026.02.11,07:15,07:30,Kreuther,12,4,16
2026.02.11,07:30,07:45,Kreuther,33,3,36
2026.02.11,07:45,08:00,Kreuther,28,11,39
2026.02.11,08:00,08:15,Kreuther,17,7,24
2026.02.11,08:15,08:30,Kreuther,18,2,20
2026.02.11,08:30,08:45,Kreuther,16,4,20
2026.02.11,08:45,09:00,Kreuther,17,1,18
2026.02.11,09:00,09:15,Kreuther,10,5,15
2026.02.11,09:15,09:30,Kreuther,9,3,12
2026.02.11,09:30,09:45,Kreuther,5,2,7
2026.02.11,09:45,10:00,Kreuther,3,1,4
2026.02.11,10:00,10:15,Kreuther,3,2,5
2026.02.11,10:15,10:30,Kreuther,4,1,5
2026.02.11,10:30,10:45,Kreuther,8,1,9
2026.02.11,10:45,11:00,Kreuther,1,1,2
2026.02.11,11:00,11:15,Kreuther,9,1,10
2026.02.11,11:15,11:30,Kreuther,2,1,3
2026.02.11,11:30,11:45,Kreuther,3,9,12
2026.02.11,11:45,12:00,Kreuther,2,5,7
2026.02.11,12:00,12:15,Kreuther,4,1,5
2026.02.11,12:15,12:30,Kreuther,4,6,10
2026.02.11,12:30,12:45,Kreuther,10,1,11
2026.02.11,12:45,13:00,Kreuther,2,2,4
2026.02.11,13:00,13:15,Kreuther,5,4,9
2026.02.11,13:15,13:30,Kreuther,6,5,11
2026.02.11,13:30,13:45,Kreuther,4,7,11
2026.02.11,13:45,14:00,Kreuther,0,3,3
2026.02.11,14:00,14:15,Kreuther,6,4,10
2026.02.11,14:15,14:30,Kreuther,10,4,14
2026.02.11,14:30,14:45,Kreuther,11,4,15
2026.02.11,14:45,15:00,Kreuther,5,6,11
2026.02.11,15:00,15:15,Kreuther,8,4,12
2026.02.11,15:15,15:30,Kreuther,9,10,19
2026.02.11,15:30,15:45,Kreuther,4,6,10
2026.02.11,15:45,16:00,Kreuther,5,11,16
2026.02.11,16:00,16:15,Kreuther,3,7,10
2026.02.11,16:15,16:30,Kreuther,5,8,13
2026.02.11,16:30,16:45,Kreuther,11,8,19
2026.02.11,16:45,17:00,Kreuther,10,7,17
2026.02.11,17:00,17:15,Kreuther,5,3,8
2026.02.11,17:15,17:30,Kreuther,7,10,17
2026.02.11,17:30,17:45,Kreuther,1,7,8
2026.02.11,17:45,18:00,Kreuther,3,13,16
2026.02.11,18:00,18:15,Kreuther,3,6,9
2026.02.11,18:15,18:30,Kreuther,5,4,9
2026.02.11,18:30,18:45,Kreuther,7,5,12
2026.02.11,18:45,19:00,Kreuther,2,9,11
2026.02.11,19:00,19:15,Kreuther,2,2,4
2026.02.11,19:15,19:30,Kreuther,5,4,9
2026.02.11,19:30,19:45,Kreuther,0,5,5
2026.02.11,19:45,20:00,Kreuther,1,4,5
2026.02.11,20:00,20:15,Kreuther,4,7,11
2026.02.11,20:15,20:30,Kreuther,2,1,3
2026.02.11,20:30,20:45,Kreuther,0,5,5
2026.02.11,20:45,21:00,Kreuther,2,4,6
2026.02.11,21:00,21:15,Kreuther,1,1,2
2026.02.11,21:15,21:30,Kreuther,0,1,1
2026.02.11,21:30,21:45,Kreuther,0,2,2
2026.02.11,21:45,22:00,Kreuther,0,1,1
2026.02.11,22:00,22:15,Kreuther,1,3,4
2026.02.11,22:15,22:30,Kreuther,1,0,1
2026.02.11,22:30,22:45,Kreuther,0,2,2
2026.02.11,22:45,23:00,Kreuther,0,0,0
2026.02.11,23:00,23:15,Kreuther,0,0,0
2026.02.11,23:15,23:30,Kreuther,0,1,1
2026.02.11,23:30,23:45,Kreuther,0,0,0
2026.02.11,23:45,00:00,Kreuther,0,2,2
2026.02.12,00:00,00:15,Kreuther,0,0,0
2026.02.12,00:15,00:30,Kreuther,0,1,1
2026.02.12,00:30,00:45,Kreuther,0,1,1
2026.02.12,00:45,01:00,Kreuther,0,2,2
2026.02.12,01:00,01:15,Kreuther,0,0,0
2026.02.12,01:15,01:30,Kreuther,0,0,0
2026.02.12,01:30,01:45,Kreuther,0,0,0
2026.02.12,01:45,02:00,Kreuther,0,0,0
2026.02.12,02:00,02:15,Kreuther,1,0,1
2026.02.12,02:15,02:30,Kreuther,1,0,1
2026.02.12,02:30,02:45,Kreuther,0,0,0
2026.02.12,02:45,03:00,Kreuther,0,0,0
2026.02.12,03:00,03:15,Kreuther,0,0,0
2026.02.12,03:15,03:30,Kreuther,0,0,0
2026.02.12,03:30,03:45,Kreuther,0,0,0
2026.02.12,03:45,04:00,Kreuther,0,0,0
2026.02.12,04:00,04:15,Kreuther,0,0,0
2026.02.12,04:15,04:30,Kreuther,0,0,0
2026.02.12,04:30,04:45,Kreuther,0,0,0
2026.02.12,04:45,05:00,Kreuther,0,0,0
2026.02.12,05:00,05:15,Kreuther,1,0,1
2026.02.12,05:15,05:30,Kreuther,1,0,1
2026.02.12,05:30,05:45,Kreuther,0,0,0
2026.02.12,05:45,06:00,Kreuther,2,0,2
2026.02.12,06:00,06:15,Kreuther,0,1,1
2026.02.12,06:15,06:30,Kreuther,1,0,1
2026.02.12,06:30,06:45,Kreuther,2,1,3
2026.02.12,06:45,07:00,Kreuther,1,2,3
2026.02.12,07:00,07:15,Kreuther,3,1,4
2026.02.12,07:15,07:30,Kreuther,13,1,14
2026.02.12,07:30,07:45,Kreuther,21,1,22
2026.02.12,07:45,08:00,Kreuther,24,9,33
2026.02.12,08:00,08:15,Kreuther,14,6,20
2026.02.12,08:15,08:30,Kreuther,15,3,18
2026.02.12,08:30,08:45,Kreuther,11,2,13
2026.02.12,08:45,09:00,Kreuther,7,2,9
2026.02.12,09:00,09:15,Kreuther,10,2,12
2026.02.12,09:15,09:30,Kreuther,5,1,6
2026.02.12,09:30,09:45,Kreuther,4,4,8
2026.02.12,09:45,10:00,Kreuther,5,2,7
2026.02.12,10:00,10:15,Kreuther,2,2,4
2026.02.12,10:15,10:30,Kreuther,5,3,8
2026.02.12,10:30,10:45,Kreuther,7,0,7
2026.02.12,10:45,11:00,Kreuther,2,0,2
2026.02.12,11:00,11:15,Kreuther,7,5,12
2026.02.12,11:15,11:30,Kreuther,3,2,5
2026.02.12,11:30,11:45,Kreuther,2,5,7
2026.02.12,11:45,12:00,Kreuther,6,4,10
2026.02.12,12:00,12:15,Kreuther,2,2,4
2026.02.12,12:15,12:30,Kreuther,2,2,4
2026.02.12,12:30,12:45,Kreuther,4,4,8
2026.02.12,12:45,13:00,Kreuther,6,6,12
2026.02.12,13:00,13:15,Kreuther,2,9,11
2026.02.12,13:15,13:30,Kreuther,1,5,6
2026.02.12,13:30,13:45,Kreuther,6,7,13
2026.02.12,13:45,14:00,Kreuther,4,5,9
2026.02.12,14:00,14:15,Kreuther,2,6,8
2026.02.12,14:15,14:30,Kreuther,0,3,3
2026.02.12,14:30,14:45,Kreuther,3,5,8
2026.02.12,14:45,15:00,Kreuther,3,3,6
2026.02.12,15:00,15:15,Kreuther,3,3,6
2026.02.12,15:15,15:30,Kreuther,0,0,0
2026.02.12,15:30,15:45,Kreuther,0,0,0
2026.02.12,15:45,16:00,Kreuther,5,6,11
2026.02.12,16:00,16:15,Kreuther,3,3,6
2026.02.12,16:15,16:30,Kreuther,3,2,5
2026.02.12,16:30,16:45,Kreuther,3,6,9
2026.02.12,16:45,17:00,Kreuther,4,4,8
2026.02.12,17:00,17:15,Kreuther,3,6,9
2026.02.12,17:15,17:30,Kreuther,2,6,8
2026.02.12,17:30,17:45,Kreuther,1,5,6
2026.02.12,17:45,18:00,Kreuther,0,1,1
2026.02.12,18:00,18:15,Kreuther,2,3,5
2026.02.12,18:15,18:30,Kreuther,0,5,5
2026.02.12,18:30,18:45,Kreuther,1,1,2
2026.02.12,18:45,19:00,Kreuther,5,4,9
2026.02.12,19:00,19:15,Kreuther,2,1,3
2026.02.12,19:15,19:30,Kreuther,0,2,2
2026.02.12,19:30,19:45,Kreuther,2,2,4
2026.02.12,19:45,20:00,Kreuther,0,2,2
2026.02.12,20:00,20:15,Kreuther,1,2,3
2026.02.12,20:15,20:30,Kreuther,1,3,4
2026.02.12,20:30,20:45,Kreuther,0,1,1
2026.02.12,20:45,21:00,Kreuther,1,3,4
2026.02.12,21:00,21:15,Kreuther,1,2,3
2026.02.12,21:15,21:30,Kreuther,0,0,0
2026.02.12,21:30,21:45,Kreuther,0,0,0
2026.02.12,21:45,22:00,Kreuther,0,1,1
2026.02.12,22:00,22:15,Kreuther,0,0,0
2026.02.12,22:15,22:30,Kreuther,0,1,1
2026.02.12,22:30,22:45,Kreuther,2,0,2
2026.02.12,22:45,23:00,Kreuther,0,0,0
2026.02.12,23:00,23:15,Kreuther,0,0,0
2026.02.12,23:15,23:30,Kreuther,0,1,1
2026.02.12,23:30,23:45,Kreuther,0,0,0
2026.02.12,23:45,00:00,Kreuther,0,0,0
2026.02.13,00:00,00:15,Kreuther,0,0,0
2026.02.13,00:15,00:30,Kreuther,0,0,0
2026.02.13,00:30,00:45,Kreuther,0,0,0
2026.02.13,00:45,01:00,Kreuther,0,0,0
2026.02.13,01:00,01:15,Kreuther,0,0,0
2026.02.13,01:15,01:30,Kreuther,0,0,0
2026.02.13,01:30,01:45,Kreuther,0,0,0
2026.02.13,01:45,02:00,Kreuther,0,0,0
2026.02.13,02:00,02:15,Kreuther,1,0,1
2026.02.13,02:15,02:30,Kreuther,0,0,0
2026.02.13,02:30,02:45,Kreuther,0,0,0
2026.02.13,02:45,03:00,Kreuther,0,0,0
2026.02.13,03:00,03:15,Kreuther,0,0,0
2026.02.13,03:15,03:30,Kreuther,0,0,0
2026.02.13,03:30,03:45,Kreuther,0,0,0
2026.02.13,03:45,04:00,Kreuther,0,0,0
2026.02.13,04:00,04:15,Kreuther,1,0,1
2026.02.13,04:15,04:30,Kreuther,0,0,0
2026.02.13,04:30,04:45,Kreuther,0,0,0
2026.02.13,04:45,05:00,Kreuther,0,0,0
2026.02.13,05:00,05:15,Kreuther,1,0,1
2026.02.13,05:15,05:30,Kreuther,1,0,1
2026.02.13,05:30,05:45,Kreuther,1,0,1
2026.02.13,05:45,06:00,Kreuther,1,0,1
2026.02.13,06:00,06:15,Kreuther,1,0,1
2026.02.13,06:15,06:30,Kreuther,2,0,2
2026.02.13,06:30,06:45,Kreuther,2,1,3
2026.02.13,06:45,07:00,Kreuther,1,1,2
2026.02.13,07:00,07:15,Kreuther,2,0,2
2026.02.13,07:15,07:30,Kreuther,10,1,11
2026.02.13,07:30,07:45,Kreuther,19,2,21
2026.02.13,07:45,08:00,Kreuther,18,6,24
2026.02.13,08:00,08:15,Kreuther,13,4,17
2026.02.13,08:15,08:30,Kreuther,6,2,8
2026.02.13,08:30,08:45,Kreuther,12,0,12
2026.02.13,08:45,09:00,Kreuther,6,1,7
2026.02.13,09:00,09:15,Kreuther,5,2,7
2026.02.13,09:15,09:30,Kreuther,1,4,5
2026.02.13,09:30,09:45,Kreuther,2,2,4
2026.02.13,09:45,10:00,Kreuther,3,1,4
2026.02.13,10:00,10:15,Kreuther,3,1,4
2026.02.13,10:15,10:30,Kreuther,4,0,4
2026.02.13,10:30,10:45,Kreuther,0,2,2
2026.02.13,10:45,11:00,Kreuther,3,3,6
2026.02.13,11:00,11:15,Kreuther,4,1,5
2026.02.13,11:15,11:30,Kreuther,4,2,6
2026.02.13,11:30,11:45,Kreuther,5,4,9
2026.02.13,11:45,12:00,Kreuther,4,1,5
2026.02.13,12:00,12:15,Kreuther,8,2,10
2026.02.13,12:15,12:30,Kreuther,2,7,9
2026.02.13,12:30,12:45,Kreuther,2,3,5
2026.02.13,12:45,13:00,Kreuther,4,3,7
2026.02.13,13:00,13:15,Kreuther,4,4,8
2026.02.13,13:15,13:30,Kreuther,2,7,9
2026.02.13,13:30,13:45,Kreuther,4,3,7
2026.02.13,13:45,14:00,Kreuther,1,2,3
2026.02.13,14:00,14:15,Kreuther,8,6,14
2026.02.13,14:15,14:30,Kreuther,5,5,10
2026.02.13,14:30,14:45,Kreuther,3,5,8
2026.02.13,14:45,15:00,Kreuther,5,5,10
2026.02.13,15:00,15:15,Kreuther,5,3,8
2026.02.13,15:15,15:30,Kreuther,5,5,10
2026.02.13,15:30,15:45,Kreuther,4,3,7
2026.02.13,15:45,16:00,Kreuther,7,5,12
2026.02.13,16:00,16:15,Kreuther,3,6,9
2026.02.13,16:15,16:30,Kreuther,3,12,15
2026.02.13,16:30,16:45,Kreuther,4,6,10
2026.02.13,16:45,17:00,Kreuther,5,11,16
2026.02.13,17:00,17:15,Kreuther,7,2,9
2026.02.13,17:15,17:30,Kreuther,3,8,11
2026.02.13,17:30,17:45,Kreuther,3,2,5
2026.02.13,17:45,18:00,Kreuther,3,10,13
2026.02.13,18:00,18:15,Kreuther,1,5,6
2026.02.13,18:15,18:30,Kreuther,2,8,10
2026.02.13,18:30,18:45,Kreuther,2,3,5
2026.02.13,18:45,19:00,Kreuther,2,3,5
2026.02.13,19:00,19:15,Kreuther,3,1,4
2026.02.13,19:15,19:30,Kreuther,4,1,5
2026.02.13,19:30,19:45,Kreuther,2,2,4
2026.02.13,19:45,20:00,Kreuther,2,1,3
2026.02.13,20:00,20:15,Kreuther,2,3,5
2026.02.13,20:15,20:30,Kreuther,1,3,4
2026.02.13,20:30,20:45,Kreuther,0,2,2
2026.02.13,20:45,21:00,Kreuther,1,1,2
2026.02.13,21:00,21:15,Kreuther,1,0,1
2026.02.13,21:15,21:30,Kreuther,1,0,1
2026.02.13,21:30,21:45,Kreuther,2,4,6
2026.02.13,21:45,22:00,Kreuther,0,0,0
2026.02.13,22:00,22:15,Kreuther,0,1,1
2026.02.13,22:15,22:30,Kreuther,2,3,5
2026.02.13,22:30,22:45,Kreuther,0,0,0
2026.02.13,22:45,23:00,Kreuther,0,2,2
2026.02.13,23:00,23:15,Kreuther,0,1,1
2026.02.13,23:15,23:30,Kreuther,0,0,0
2026.02.13,23:30,23:45,Kreuther,0,0,0
2026.02.13,23:45,00:00,Kreuther,0,0,0
2026.02.14,00:00,00:15,Kreuther,0,0,0
2026.02.14,00:15,00:30,Kreuther,0,0,0
2026.02.14,00:30,00:45,Kreuther,0,0,0
2026.02.14,00:45,01:00,Kreuther,0,0,0
2026.02.14,01:00,01:15,Kreuther,0,0,0
2026.02.14,01:15,01:30,Kreuther,0,1,1
2026.02.14,01:30,01:45,Kreuther,0,0,0
2026.02.14,01:45,02:00,Kreuther,0,0,0
2026.02.14,02:00,02:15,Kreuther,0,0,0
2026.02.14,02:15,02:30,Kreuther,0,0,0
2026.02.14,02:30,02:45,Kreuther,1,0,1
2026.02.14,02:45,03:00,Kreuther,0,0,0
2026.02.14,03:00,03:15,Kreuther,0,0,0
2026.02.14,03:15,03:30,Kreuther,0,0,0
2026.02.14,03:30,03:45,Kreuther,0,0,0
2026.02.14,03:45,04:00,Kreuther,0,0,0
2026.02.14,04:00,04:15,Kreuther,0,0,0
2026.02.14,04:15,04:30,Kreuther,0,0,0
2026.02.14,04:30,04:45,Kreuther,0,0,0
2026.02.14,04:45,05:00,Kreuther,0,0,0
2026.02.14,05:00,05:15,Kreuther,0,0,0
2026.02.14,05:15,05:30,Kreuther,0,0,0
2026.02.14,05:30,05:45,Kreuther,0,0,0
2026.02.14,05:45,06:00,Kreuther,1,0,1
2026.02.14,06:00,06:15,Kreuther,0,0,0
2026.02.14,06:15,06:30,Kreuther,0,0,0
2026.02.14,06:30,06:45,Kreuther,0,0,0
2026.02.14,06:45,07:00,Kreuther,0,0,0
2026.02.14,07:00,07:15,Kreuther,0,0,0
2026.02.14,07:15,07:30,Kreuther,0,0,0
2026.02.14,07:30,07:45,Kreuther,1,1,2
2026.02.14,07:45,08:00,Kreuther,1,0,1
2026.02.14,08:00,08:15,Kreuther,0,1,1
2026.02.14,08:15,08:30,Kreuther,2,0,2
2026.02.14,08:30,08:45,Kreuther,1,0,1
2026.02.14,08:45,09:00,Kreuther,1,0,1
2026.02.14,09:00,09:15,Kreuther,2,1,3
2026.02.14,09:15,09:30,Kreuther,3,2,5
2026.02.14,09:30,09:45,Kreuther,1,2,3
2026.02.14,09:45,10:00,Kreuther,3,3,6
2026.02.14,10:00,10:15,Kreuther,3,0,3
2026.02.14,10:15,10:30,Kreuther,5,1,6
2026.02.14,10:30,10:45,Kreuther,3,2,5
2026.02.14,10:45,11:00,Kreuther,2,2,4
2026.02.14,11:00,11:15,Kreuther,0,0,0
2026.02.14,11:15,11:30,Kreuther,3,6,9
2026.02.14,11:30,11:45,Kreuther,3,1,4
2026.02.14,11:45,12:00,Kreuther,1,4,5
2026.02.14,12:00,12:15,Kreuther,1,2,3
2026.02.14,12:15,12:30,Kreuther,2,2,4
2026.02.14,12:30,12:45,Kreuther,4,1,5
2026.02.14,12:45,13:00,Kreuther,2,4,6
2026.02.14,13:00,13:15,Kreuther,2,5,7
2026.02.14,13:15,13:30,Kreuther,3,1,4
2026.02.14,13:30,13:45,Kreuther,0,0,0
2026.02.14,13:45,14:00,Kreuther,5,4,9
2026.02.14,14:00,14:15,Kreuther,3,2,5
2026.02.14,14:15,14:30,Kreuther,1,3,4
2026.02.14,14:30,14:45,Kreuther,0,0,0
2026.02.14,14:45,15:00,Kreuther,1,1,2
2026.02.14,15:00,15:15,Kreuther,1,5,6
2026.02.14,15:15,15:30,Kreuther,1,4,5
2026.02.14,15:30,15:45,Kreuther,1,1,2
2026.02.14,15:45,16:00,Kreuther,0,0,0
2026.02.14,16:00,16:15,Kreuther,2,2,4
2026.02.14,16:15,16:30,Kreuther,1,1,2
2026.02.14,16:30,16:45,Kreuther,3,3,6
2026.02.14,16:45,17:00,Kreuther,0,0,0
2026.02.14,17:00,17:15,Kreuther,1,1,2
2026.02.14,17:15,17:30,Kreuther,0,0,0
2026.02.14,17:30,17:45,Kreuther,1,1,2
2026.02.14,17:45,18:00,Kreuther,2,2,4
2026.02.14,18:00,18:15,Kreuther,1,2,3
2026.02.14,18:15,18:30,Kreuther,0,0,0
2026.02.14,18:30,18:45,Kreuther,0,0,0
2026.02.14,18:45,19:00,Kreuther,0,1,1
2026.02.14,19:00,19:15,Kreuther,0,0,0
2026.02.14,19:15,19:30,Kreuther,2,0,2
2026.02.14,19:30,19:45,Kreuther,0,0,0
2026.02.14,19:45,20:00,Kreuther,0,0,0
2026.02.14,20:00,20:15,Kreuther,1,0,1
2026.02.14,20:15,20:30,Kreuther,3,0,3
2026.02.14,20:30,20:45,Kreuther,1,1,2
2026.02.14,20:45,21:00,Kreuther,1,0,1
2026.02.14,21:00,21:15,Kreuther,0,1,1
2026.02.14,21:15,21:30,Kreuther,0,0,0
2026.02.14,21:30,21:45,Kreuther,0,0,0
2026.02.14,21:45,22:00,Kreuther,0,0,0
2026.02.14,22:00,22:15,Kreuther,0,0,0
2026.02.14,22:15,22:30,Kreuther,0,0,0
2026.02.14,22:30,22:45,Kreuther,0,0,0
2026.02.14,22:45,23:00,Kreuther,0,0,0
2026.02.14,23:00,23:15,Kreuther,0,0,0
2026.02.14,23:15,23:30,Kreuther,0,1,1
2026.02.14,23:30,23:45,Kreuther,0,0,0
2026.02.14,23:45,00:00,Kreuther,0,0,0
2026.02.15,00:00,00:15,Kreuther,0,0,0
2026.02.15,00:15,00:30,Kreuther,0,0,0
2026.02.15,00:30,00:45,Kreuther,0,0,0
2026.02.15,00:45,01:00,Kreuther,0,0,0
2026.02.15,01:00,01:15,Kreuther,0,0,0
2026.02.15,01:15,01:30,Kreuther,0,2,2
2026.02.15,01:30,01:45,Kreuther,0,0,0
2026.02.15,01:45,02:00,Kreuther,0,0,0
2026.02.15,02:00,02:15,Kreuther,0,0,0
2026.02.15,02:15,02:30,Kreuther,0,0,0
2026.02.15,02:30,02:45,Kreuther,0,0,0
2026.02.15,02:45,03:00,Kreuther,0,0,0
2026.02.15,03:00,03:15,Kreuther,0,0,0
2026.02.15,03:15,03:30,Kreuther,0,1,1
2026.02.15,03:30,03:45,Kreuther,0,0,0
2026.02.15,03:45,04:00,Kreuther,0,0,0
2026.02.15,04:00,04:15,Kreuther,0,0,0
2026.02.15,04:15,04:30,Kreuther,0,0,0
2026.02.15,04:30,04:45,Kreuther,0,0,0
2026.02.15,04:45,05:00,Kreuther,0,0,0
2026.02.15,05:00,05:15,Kreuther,0,0,0
2026.02.15,05:15,05:30,Kreuther,0,0,0
2026.02.15,05:30,05:45,Kreuther,0,0,0
2026.02.15,05:45,06:00,Kreuther,0,0,0
2026.02.15,06:00,06:15,Kreuther,0,0,0
2026.02.15,06:15,06:30,Kreuther,0,0,0
2026.02.15,06:30,06:45,Kreuther,0,0,0
2026.02.15,06:45,07:00,Kreuther,0,0,0
2026.02.15,07:00,07:15,Kreuther,0,0,0
2026.02.15,07:15,07:30,Kreuther,0,0,0
2026.02.15,07:30,07:45,Kreuther,0,0,0
2026.02.15,07:45,08:00,Kreuther,0,0,0
2026.02.15,08:00,08:15,Kreuther,0,1,1
2026.02.15,08:15,08:30,Kreuther,0,1,1
2026.02.15,08:30,08:45,Kreuther,0,0,0
2026.02.15,08:45,09:00,Kreuther,1,0,1
2026.02.15,09:00,09:15,Kreuther,0,0,0
2026.02.15,09:15,09:30,Kreuther,2,0,2
2026.02.15,09:30,09:45,Kreuther,0,0,0
2026.02.15,09:45,10:00,Kreuther,0,0,0
2026.02.15,10:00,10:15,Kreuther,0,2,2
2026.02.15,10:15,10:30,Kreuther,1,0,1
2026.02.15,10:30,10:45,Kreuther,1,2,3
2026.02.15,10:45,11:00,Kreuther,1,0,1
2026.02.15,11:00,11:15,Kreuther,1,0,1
2026.02.15,11:15,11:30,Kreuther,2,0,2
2026.02.15,11:30,11:45,Kreuther,0,0,0
2026.02.15,11:45,12:00,Kreuther,0,1,1
2026.02.15,12:00,12:15,Kreuther,1,1,2
2026.02.15,12:15,12:30,Kreuther,0,1,1
2026.02.15,12:30,12:45,Kreuther,0,0,0
2026.02.15,12:45,13:00,Kreuther,0,0,0
2026.02.15,13:00,13:15,Kreuther,0,0,0
2026.02.15,13:15,13:30,Kreuther,0,0,0
2026.02.15,13:30,13:45,Kreuther,0,0,0
2026.02.15,13:45,14:00,Kreuther,1,0,1
2026.02.15,14:00,14:15,Kreuther,1,1,2
2026.02.15,14:15,14:30,Kreuther,2,1,3
2026.02.15,14:30,14:45,Kreuther,1,3,4
2026.02.15,14:45,15:00,Kreuther,0,0,0
2026.02.15,15:00,15:15,Kreuther,0,1,1
2026.02.15,15:15,15:30,Kreuther,0,2,2
2026.02.15,15:30,15:45,Kreuther,1,0,1
2026.02.15,15:45,16:00,Kreuther,1,1,2
2026.02.15,16:00,16:15,Kreuther,1,0,1
2026.02.15,16:15,16:30,Kreuther,0,2,2
2026.02.15,16:30,16:45,Kreuther,0,1,1
2026.02.15,16:45,17:00,Kreuther,0,0,0
2026.02.15,17:00,17:15,Kreuther,1,1,2
2026.02.15,17:15,17:30,Kreuther,0,1,1
2026.02.15,17:30,17:45,Kreuther,4,0,4
2026.02.15,17:45,18:00,Kreuther,0,0,0
2026.02.15,18:00,18:15,Kreuther,0,0,0
2026.02.15,18:15,18:30,Kreuther,3,4,7
2026.02.15,18:30,18:45,Kreuther,1,1,2
2026.02.15,18:45,19:00,Kreuther,0,1,1
2026.02.15,19:00,19:15,Kreuther,0,0,0
2026.02.15,19:15,19:30,Kreuther,0,0,0
2026.02.15,19:30,19:45,Kreuther,0,0,0
2026.02.15,19:45,20:00,Kreuther,0,1,1
2026.02.15,20:00,20:15,Kreuther,1,0,1
2026.02.15,20:15,20:30,Kreuther,1,0,1
2026.02.15,20:30,20:45,Kreuther,0,0,0
2026.02.15,20:45,21:00,Kreuther,0,0,0
2026.02.15,21:00,21:15,Kreuther,0,1,1
2026.02.15,21:15,21:30,Kreuther,0,0,0
2026.02.15,21:30,21:45,Kreuther,0,0,0
2026.02.15,21:45,22:00,Kreuther,0,0,0
2026.02.15,22:00,22:15,Kreuther,0,0,0
2026.02.15,22:15,22:30,Kreuther,0,0,0
2026.02.15,22:30,22:45,Kreuther,1,0,1
2026.02.15,22:45,23:00,Kreuther,1,1,2
2026.02.15,23:00,23:15,Kreuther,0,0,0
2026.02.15,23:15,23:30,Kreuther,0,0,0
2026.02.15,23:30,23:45,Kreuther,0,0,0
2026.02.15,23:45,00:00,Kreuther,0,0,0
2026.02.16,00:00,00:15,Kreuther,0,0,0
2026.02.16,00:15,00:30,Kreuther,1,0,1
2026.02.16,00:30,00:45,Kreuther,0,2,2
2026.02.16,00:45,01:00,Kreuther,0,0,0
2026.02.16,01:00,01:15,Kreuther,0,0,0
2026.02.16,01:15,01:30,Kreuther,0,0,0
2026.02.16,01:30,01:45,Kreuther,0,0,0
2026.02.16,01:45,02:00,Kreuther,0,0,0
2026.02.16,02:00,02:15,Kreuther,1,0,1
2026.02.16,02:15,02:30,Kreuther,0,0,0
2026.02.16,02:30,02:45,Kreuther,0,1,1
2026.02.16,02:45,03:00,Kreuther,0,0,0
2026.02.16,03:00,03:15,Kreuther,3,4,7
2026.02.16,03:15,03:30,Kreuther,0,0,0
2026.02.16,03:30,03:45,Kreuther,0,0,0
2026.02.16,03:45,04:00,Kreuther,0,0,0
2026.02.16,04:00,04:15,Kreuther,0,0,0
2026.02.16,04:15,04:30,Kreuther,0,0,0
2026.02.16,04:30,04:45,Kreuther,1,0,1
2026.02.16,04:45,05:00,Kreuther,0,0,0
2026.02.16,05:00,05:15,Kreuther,1,0,1
2026.02.16,05:15,05:30,Kreuther,1,0,1
2026.02.16,05:30,05:45,Kreuther,0,0,0
2026.02.16,05:45,06:00,Kreuther,0,0,0
2026.02.16,06:00,06:15,Kreuther,1,0,1
2026.02.16,06:15,06:30,Kreuther,1,1,2
2026.02.16,06:30,06:45,Kreuther,0,1,1
2026.02.16,06:45,07:00,Kreuther,0,1,1
2026.02.16,07:00,07:15,Kreuther,2,0,2
2026.02.16,07:15,07:30,Kreuther,2,0,2
2026.02.16,07:30,07:45,Kreuther,3,2,5
2026.02.16,07:45,08:00,Kreuther,5,1,6
2026.02.16,08:00,08:15,Kreuther,8,1,9
2026.02.16,08:15,08:30,Kreuther,7,0,7
2026.02.16,08:30,08:45,Kreuther,4,1,5
2026.02.16,08:45,09:00,Kreuther,6,2,8
2026.02.16,09:00,09:15,Kreuther,3,0,3
2026.02.16,09:15,09:30,Kreuther,3,1,4
2026.02.16,09:30,09:45,Kreuther,3,0,3
2026.02.16,09:45,10:00,Kreuther,2,1,3
2026.02.16,10:00,10:15,Kreuther,1,1,2
2026.02.16,10:15,10:30,Kreuther,2,1,3
2026.02.16,10:30,10:45,Kreuther,8,0,8
2026.02.16,10:45,11:00,Kreuther,1,2,3
2026.02.16,11:00,11:15,Kreuther,2,0,2
2026.02.16,11:15,11:30,Kreuther,0,3,3
2026.02.16,11:30,11:45,Kreuther,3,1,4
2026.02.16,11:45,12:00,Kreuther,1,0,1
2026.02.16,12:00,12:15,Kreuther,0,1,1
2026.02.16,12:15,12:30,Kreuther,1,1,2
2026.02.16,12:30,12:45,Kreuther,0,1,1
2026.02.16,12:45,13:00,Kreuther,0,5,5
2026.02.16,13:00,13:15,Kreuther,1,2,3
2026.02.16,13:15,13:30,Kreuther,0,0,0
2026.02.16,13:30,13:45,Kreuther,0,1,1
2026.02.16,13:45,14:00,Kreuther,3,0,3
2026.02.16,14:00,14:15,Kreuther,2,4,6
2026.02.16,14:15,14:30,Kreuther,2,2,4
2026.02.16,14:30,14:45,Kreuther,3,3,6
2026.02.16,14:45,15:00,Kreuther,5,2,7
2026.02.16,15:00,15:15,Kreuther,2,2,4
2026.02.16,15:15,15:30,Kreuther,6,2,8
2026.02.16,15:30,15:45,Kreuther,3,6,9
2026.02.16,15:45,16:00,Kreuther,7,1,8
2026.02.16,16:00,16:15,Kreuther,1,3,4
2026.02.16,16:15,16:30,Kreuther,2,5,7
2026.02.16,16:30,16:45,Kreuther,6,6,12
2026.02.16,16:45,17:00,Kreuther,3,1,4
2026.02.16,17:00,17:15,Kreuther,0,3,3
2026.02.16,17:15,17:30,Kreuther,6,6,12
2026.02.16,17:30,17:45,Kreuther,1,1,2
2026.02.16,17:45,18:00,Kreuther,1,4,5
2026.02.16,18:00,18:15,Kreuther,1,3,4
2026.02.16,18:15,18:30,Kreuther,4,1,5
2026.02.16,18:30,18:45,Kreuther,1,4,5
2026.02.16,18:45,19:00,Kreuther,1,3,4
2026.02.16,19:00,19:15,Kreuther,3,1,4
2026.02.16,19:15,19:30,Kreuther,0,2,2
2026.02.16,19:30,19:45,Kreuther,2,1,3
2026.02.16,19:45,20:00,Kreuther,3,3,6
2026.02.16,20:00,20:15,Kreuther,0,2,2
2026.02.16,20:15,20:30,Kreuther,0,1,1
2026.02.16,20:30,20:45,Kreuther,0,0,0
2026.02.16,20:45,21:00,Kreuther,0,0,0
2026.02.16,21:00,21:15,Kreuther,0,0,0
2026.02.16,21:15,21:30,Kreuther,1,0,1
2026.02.16,21:30,21:45,Kreuther,0,1,1
2026.02.16,21:45,22:00,Kreuther,0,2,2
2026.02.16,22:00,22:15,Kreuther,0,1,1
2026.02.16,22:15,22:30,Kreuther,1,0,1
2026.02.16,22:30,22:45,Kreuther,0,1,1
2026.02.16,22:45,23:00,Kreuther,0,0,0
2026.02.16,23:00,23:15,Kreuther,0,0,0
2026.02.16,23:15,23:30,Kreuther,0,0,0
2026.02.16,23:30,23:45,Kreuther,0,0,0
2026.02.16,23:45,00:00,Kreuther,0,0,0
2026.02.17,00:00,00:15,Kreuther,0,0,0
2026.02.17,00:15,00:30,Kreuther,0,0,0
2026.02.17,00:30,00:45,Kreuther,0,0,0
2026.02.17,00:45,01:00,Kreuther,0,0,0
2026.02.17,01:00,01:15,Kreuther,0,0,0
2026.02.17,01:15,01:30,Kreuther,0,0,0
2026.02.17,01:30,01:45,Kreuther,0,0,0
2026.02.17,01:45,02:00,Kreuther,0,0,0
2026.02.17,02:00,02:15,Kreuther,1,0,1
2026.02.17,02:15,02:30,Kreuther,0,0,0
2026.02.17,02:30,02:45,Kreuther,0,0,0
2026.02.17,02:45,03:00,Kreuther,1,0,1
2026.02.17,03:00,03:15,Kreuther,0,0,0
2026.02.17,03:15,03:30,Kreuther,0,0,0
2026.02.17,03:30,03:45,Kreuther,0,1,1
2026.02.17,03:45,04:00,Kreuther,0,0,0
2026.02.17,04:00,04:15,Kreuther,0,0,0
2026.02.17,04:15,04:30,Kreuther,0,0,0
2026.02.17,04:30,04:45,Kreuther,0,0,0
2026.02.17,04:45,05:00,Kreuther,0,0,0
2026.02.17,05:00,05:15,Kreuther,1,0,1
2026.02.17,05:15,05:30,Kreuther,1,0,1
2026.02.17,05:30,05:45,Kreuther,0,0,0
2026.02.17,05:45,06:00,Kreuther,0,0,0
2026.02.17,06:00,06:15,Kreuther,0,1,1
2026.02.17,06:15,06:30,Kreuther,2,0,2
2026.02.17,06:30,06:45,Kreuther,6,1,7
2026.02.17,06:45,07:00,Kreuther,1,0,1
2026.02.17,07:00,07:15,Kreuther,0,2,2
2026.02.17,07:15,07:30,Kreuther,5,0,5
2026.02.17,07:30,07:45,Kreuther,8,2,10
2026.02.17,07:45,08:00,Kreuther,9,3,12
2026.02.17,08:00,08:15,Kreuther,8,2,10
2026.02.17,08:15,08:30,Kreuther,6,1,7
2026.02.17,08:30,08:45,Kreuther,12,2,14
2026.02.17,08:45,09:00,Kreuther,4,3,7
2026.02.17,09:00,09:15,Kreuther,6,1,7
2026.02.17,09:15,09:30,Kreuther,5,1,6
2026.02.17,09:30,09:45,Kreuther,1,0,1
2026.02.17,09:45,10:00,Kreuther,0,2,2
2026.02.17,10:00,10:15,Kreuther,2,0,2
2026.02.17,10:15,10:30,Kreuther,3,1,4
2026.02.17,10:30,10:45,Kreuther,5,1,6
2026.02.17,10:45,11:00,Kreuther,3,2,5
2026.02.17,11:00,11:15,Kreuther,2,0,2
2026.02.17,11:15,11:30,Kreuther,2,2,4
2026.02.17,11:30,11:45,Kreuther,2,1,3
2026.02.17,11:45,12:00,Kreuther,2,2,4
2026.02.17,12:00,12:15,Kreuther,4,2,6
2026.02.17,12:15,12:30,Kreuther,1,6,7
2026.02.17,12:30,12:45,Kreuther,4,0,4
2026.02.17,12:45,13:00,Kreuther,0,0,0
2026.02.17,13:00,13:15,Kreuther,3,4,7
2026.02.17,13:15,13:30,Kreuther,1,2,3
2026.02.17,13:30,13:45,Kreuther,0,4,4
2026.02.17,13:45,14:00,Kreuther,1,4,5
2026.02.17,14:00,14:15,Kreuther,1,4,5
2026.02.17,14:15,14:30,Kreuther,0,1,1
2026.02.17,14:30,14:45,Kreuther,4,4,8
2026.02.17,14:45,15:00,Kreuther,1,1,2
2026.02.17,15:00,15:15,Kreuther,1,5,6
2026.02.17,15:15,15:30,Kreuther,1,1,2
2026.02.17,15:30,15:45,Kreuther,1,0,1
2026.02.17,15:45,16:00,Kreuther,2,5,7
2026.02.17,16:00,16:15,Kreuther,3,3,6
2026.02.17,16:15,16:30,Kreuther,1,3,4
2026.02.17,16:30,16:45,Kreuther,2,7,9
2026.02.17,16:45,17:00,Kreuther,1,4,5
2026.02.17,17:00,17:15,Kreuther,4,0,4
2026.02.17,17:15,17:30,Kreuther,2,9,11
2026.02.17,17:30,17:45,Kreuther,3,4,7
2026.02.17,17:45,18:00,Kreuther,1,4,5
2026.02.17,18:00,18:15,Kreuther,1,2,3
2026.02.17,18:15,18:30,Kreuther,2,5,7
2026.02.17,18:30,18:45,Kreuther,2,3,5
2026.02.17,18:45,19:00,Kreuther,0,2,2
2026.02.17,19:00,19:15,Kreuther,1,0,1
2026.02.17,19:15,19:30,Kreuther,1,2,3
2026.02.17,19:30,19:45,Kreuther,0,0,0
2026.02.17,19:45,20:00,Kreuther,1,0,1
2026.02.17,20:00,20:15,Kreuther,0,2,2
2026.02.17,20:15,20:30,Kreuther,0,2,2
2026.02.17,20:30,20:45,Kreuther,0,1,1
2026.02.17,20:45,21:00,Kreuther,0,1,1
2026.02.17,21:00,21:15,Kreuther,0,0,0
2026.02.17,21:15,21:30,Kreuther,0,1,1
2026.02.17,21:30,21:45,Kreuther,0,1,1
2026.02.17,21:45,22:00,Kreuther,0,0,0
2026.02.17,22:00,22:15,Kreuther,1,1,2
2026.02.17,22:15,22:30,Kreuther,0,0,0
2026.02.17,22:30,22:45,Kreuther,0,0,0
2026.02.17,22:45,23:00,Kreuther,0,0,0
2026.02.17,23:00,23:15,Kreuther,0,0,0
2026.02.17,23:15,23:30,Kreuther,0,0,0
2026.02.17,23:30,23:45,Kreuther,0,0,0
2026.02.17,23:45,00:00,Kreuther,0,0,0
2026.02.18,00:00,00:15,Kreuther,0,0,0
2026.02.18,00:15,00:30,Kreuther,0,0,0
2026.02.18,00:30,00:45,Kreuther,0,0,0
2026.02.18,00:45,01:00,Kreuther,0,1,1
2026.02.18,01:00,01:15,Kreuther,0,0,0
2026.02.18,01:15,01:30,Kreuther,0,0,0
2026.02.18,01:30,01:45,Kreuther,0,0,0
2026.02.18,01:45,02:00,Kreuther,0,0,0
2026.02.18,02:00,02:15,Kreuther,1,0,1
2026.02.18,02:15,02:30,Kreuther,0,0,0
2026.02.18,02:30,02:45,Kreuther,0,0,0
2026.02.18,02:45,03:00,Kreuther,0,0,0
2026.02.18,03:00,03:15,Kreuther,0,0,0
2026.02.18,03:15,03:30,Kreuther,0,0,0
2026.02.18,03:30,03:45,Kreuther,0,0,0
2026.02.18,03:45,04:00,Kreuther,0,0,0
2026.02.18,04:00,04:15,Kreuther,0,0,0
2026.02.18,04:15,04:30,Kreuther,0,0,0
2026.02.18,04:30,04:45,Kreuther,0,0,0
2026.02.18,04:45,05:00,Kreuther,0,0,0
2026.02.18,05:00,05:15,Kreuther,1,0,1
2026.02.18,05:15,05:30,Kreuther,1,0,1
2026.02.18,05:30,05:45,Kreuther,1,1,2
2026.02.18,05:45,06:00,Kreuther,0,1,1
2026.02.18,06:00,06:15,Kreuther,0,0,0
2026.02.18,06:15,06:30,Kreuther,1,0,1
2026.02.18,06:30,06:45,Kreuther,1,0,1
2026.02.18,06:45,07:00,Kreuther,0,0,0
2026.02.18,07:00,07:15,Kreuther,1,0,1
2026.02.18,07:15,07:30,Kreuther,1,1,2
2026.02.18,07:30,07:45,Kreuther,5,1,6
2026.02.18,07:45,08:00,Kreuther,5,0,5
2026.02.18,08:00,08:15,Kreuther,9,0,9
2026.02.18,08:15,08:30,Kreuther,13,3,16
2026.02.18,08:30,08:45,Kreuther,7,0,7
2026.02.18,08:45,09:00,Kreuther,7,3,10
2026.02.18,09:00,09:15,Kreuther,5,2,7
2026.02.18,09:15,09:30,Kreuther,1,0,1
2026.02.18,09:30,09:45,Kreuther,1,1,2
2026.02.18,09:45,10:00,Kreuther,1,1,2
2026.02.18,10:00,10:15,Kreuther,2,0,2
2026.02.18,10:15,10:30,Kreuther,1,0,1
2026.02.18,10:30,10:45,Kreuther,4,1,5
2026.02.18,10:45,11:00,Kreuther,1,2,3
2026.02.18,11:00,11:15,Kreuther,0,1,1
2026.02.18,11:15,11:30,Kreuther,2,1,3
2026.02.18,11:30,11:45,Kreuther,4,0,4
2026.02.18,11:45,12:00,Kreuther,5,1,6
2026.02.18,12:00,12:15,Kreuther,2,1,3
2026.02.18,12:15,12:30,Kreuther,2,3,5
2026.02.18,12:30,12:45,Kreuther,4,2,6
2026.02.18,12:45,13:00,Kreuther,3,0,3
2026.02.18,13:00,13:15,Kreuther,1,2,3
2026.02.18,13:15,13:30,Kreuther,0,0,0
2026.02.18,13:30,13:45,Kreuther,2,3,5
2026.02.18,13:45,14:00,Kreuther,2,3,5
2026.02.18,14:00,14:15,Kreuther,1,4,5
2026.02.18,14:15,14:30,Kreuther,1,2,3
2026.02.18,14:30,14:45,Kreuther,1,1,2
2026.02.18,14:45,15:00,Kreuther,3,2,5
2026.02.18,15:00,15:15,Kreuther,2,3,5
2026.02.18,15:15,15:30,Kreuther,1,3,4
2026.02.18,15:30,15:45,Kreuther,0,6,6
2026.02.18,15:45,16:00,Kreuther,3,2,5
2026.02.18,16:00,16:15,Kreuther,2,1,3
2026.02.18,16:15,16:30,Kreuther,4,9,13
2026.02.18,16:30,16:45,Kreuther,3,3,6
2026.02.18,16:45,17:00,Kreuther,4,3,7
2026.02.18,17:00,17:15,Kreuther,1,5,6
2026.02.18,17:15,17:30,Kreuther,1,1,2
2026.02.18,17:30,17:45,Kreuther,2,1,3
2026.02.18,17:45,18:00,Kreuther,1,7,8
2026.02.18,18:00,18:15,Kreuther,5,6,11
2026.02.18,18:15,18:30,Kreuther,2,1,3
2026.02.18,18:30,18:45,Kreuther,1,1,2
2026.02.18,18:45,19:00,Kreuther,3,3,6
2026.02.18,19:00,19:15,Kreuther,1,2,3
2026.02.18,19:15,19:30,Kreuther,2,5,7
2026.02.18,19:30,19:45,Kreuther,0,0,0
2026.02.18,19:45,20:00,Kreuther,1,3,4
2026.02.18,20:00,20:15,Kreuther,0,1,1
2026.02.18,20:15,20:30,Kreuther,1,1,2
2026.02.18,20:30,20:45,Kreuther,1,2,3
2026.02.18,20:45,21:00,Kreuther,1,2,3
2026.02.18,21:00,21:15,Kreuther,1,1,2
2026.02.18,21:15,21:30,Kreuther,1,2,3
2026.02.18,21:30,21:45,Kreuther,0,0,0
2026.02.18,21:45,22:00,Kreuther,0,0,0
2026.02.18,22:00,22:15,Kreuther,1,0,1
2026.02.18,22:15,22:30,Kreuther,0,1,1
2026.02.18,22:30,22:45,Kreuther,2,1,3
2026.02.18,22:45,23:00,Kreuther,0,0,0
2026.02.18,23:00,23:15,Kreuther,0,1,1
2026.02.18,23:15,23:30,Kreuther,0,0,0
2026.02.18,23:30,23:45,Kreuther,0,0,0
2026.02.18,23:45,00:00,Kreuther,0,0,0
2026.02.19,00:00,00:15,Kreuther,0,0,0
2026.02.19,00:15,00:30,Kreuther,0,1,1
2026.02.19,00:30,00:45,Kreuther,0,0,0
2026.02.19,00:45,01:00,Kreuther,0,0,0
2026.02.19,01:00,01:15,Kreuther,0,0,0
2026.02.19,01:15,01:30,Kreuther,0,0,0
2026.02.19,01:30,01:45,Kreuther,0,0,0
2026.02.19,01:45,02:00,Kreuther,0,1,1
2026.02.19,02:00,02:15,Kreuther,1,1,2
2026.02.19,02:15,02:30,Kreuther,0,0,0
2026.02.19,02:30,02:45,Kreuther,0,0,0
2026.02.19,02:45,03:00,Kreuther,0,0,0
2026.02.19,03:00,03:15,Kreuther,0,0,0
2026.02.19,03:15,03:30,Kreuther,0,0,0
2026.02.19,03:30,03:45,Kreuther,0,1,1
2026.02.19,03:45,04:00,Kreuther,0,0,0
2026.02.19,04:00,04:15,Kreuther,0,0,0
2026.02.19,04:15,04:30,Kreuther,0,0,0
2026.02.19,04:30,04:45,Kreuther,0,0,0
2026.02.19,04:45,05:00,Kreuther,1,0,1
2026.02.19,05:00,05:15,Kreuther,1,0,1
2026.02.19,05:15,05:30,Kreuther,1,0,1
2026.02.19,05:30,05:45,Kreuther,0,0,0
2026.02.19,05:45,06:00,Kreuther,0,0,0
2026.02.19,06:00,06:15,Kreuther,0,1,1
2026.02.19,06:15,06:30,Kreuther,0,0,0
2026.02.19,06:30,06:45,Kreuther,0,0,0
2026.02.19,06:45,07:00,Kreuther,0,0,0
2026.02.19,07:00,07:15,Kreuther,2,0,2
2026.02.19,07:15,07:30,Kreuther,6,1,7
2026.02.19,07:30,07:45,Kreuther,5,4,9
2026.02.19,07:45,08:00,Kreuther,6,1,7
2026.02.19,08:00,08:15,Kreuther,10,0,10
2026.02.19,08:15,08:30,Kreuther,3,1,4
2026.02.19,08:30,08:45,Kreuther,10,1,11
2026.02.19,08:45,09:00,Kreuther,5,1,6
2026.02.19,09:00,09:15,Kreuther,4,3,7
2026.02.19,09:15,09:30,Kreuther,8,3,11
2026.02.19,09:30,09:45,Kreuther,2,2,4
2026.02.19,09:45,10:00,Kreuther,5,1,6
2026.02.19,10:00,10:15,Kreuther,2,1,3
2026.02.19,10:15,10:30,Kreuther,2,3,5
2026.02.19,10:30,10:45,Kreuther,1,4,5
2026.02.19,10:45,11:00,Kreuther,4,1,5
2026.02.19,11:00,11:15,Kreuther,1,1,2
2026.02.19,11:15,11:30,Kreuther,3,5,8
2026.02.19,11:30,11:45,Kreuther,3,1,4
2026.02.19,11:45,12:00,Kreuther,3,6,9
2026.02.19,12:00,12:15,Kreuther,3,1,4
2026.02.19,12:15,12:30,Kreuther,0,3,3
2026.02.19,12:30,12:45,Kreuther,1,0,1
2026.02.19,12:45,13:00,Kreuther,0,1,1
2026.02.19,13:00,13:15,Kreuther,2,1,3
2026.02.19,13:15,13:30,Kreuther,2,5,7
2026.02.19,13:30,13:45,Kreuther,0,2,2
2026.02.19,13:45,14:00,Kreuther,1,2,3
2026.02.19,14:00,14:15,Kreuther,2,1,3
2026.02.19,14:15,14:30,Kreuther,1,0,1
2026.02.19,14:30,14:45,Kreuther,0,0,0
2026.02.19,14:45,15:00,Kreuther,0,0,0
2026.02.19,15:00,15:15,Kreuther,2,2,4
2026.02.19,15:15,15:30,Kreuther,1,0,1
2026.02.19,15:30,15:45,Kreuther,0,0,0
2026.02.19,15:45,16:00,Kreuther,0,3,3
2026.02.19,16:00,16:15,Kreuther,1,2,3
2026.02.19,16:15,16:30,Kreuther,1,0,1
2026.02.19,16:30,16:45,Kreuther,0,0,0
2026.02.19,16:45,17:00,Kreuther,0,1,1
2026.02.19,17:00,17:15,Kreuther,4,4,8
2026.02.19,17:15,17:30,Kreuther,0,1,1
2026.02.19,17:30,17:45,Kreuther,2,0,2
2026.02.19,17:45,18:00,Kreuther,1,1,2
2026.02.19,18:00,18:15,Kreuther,0,1,1
2026.02.19,18:15,18:30,Kreuther,0,0,0
2026.02.19,18:30,18:45,Kreuther,0,0,0
2026.02.19,18:45,19:00,Kreuther,0,0,0
2026.02.19,19:00,19:15,Kreuther,0,0,0
2026.02.19,19:15,19:30,Kreuther,0,0,0
2026.02.19,19:30,19:45,Kreuther,0,0,0
2026.02.19,19:45,20:00,Kreuther,0,0,0
2026.02.19,20:00,20:15,Kreuther,0,1,1
2026.02.19,20:15,20:30,Kreuther,0,0,0
2026.02.19,20:30,20:45,Kreuther,0,0,0
2026.02.19,20:45,21:00,Kreuther,0,0,0
2026.02.19,21:00,21:15,Kreuther,0,0,0
2026.02.19,21:15,21:30,Kreuther,0,0,0
2026.02.19,21:30,21:45,Kreuther,0,0,0
2026.02.19,21:45,22:00,Kreuther,0,0,0
2026.02.19,22:00,22:15,Kreuther,0,0,0
2026.02.19,22:15,22:30,Kreuther,0,0,0
2026.02.19,22:30,22:45,Kreuther,0,0,0
2026.02.19,22:45,23:00,Kreuther,0,0,0
2026.02.19,23:00,23:15,Kreuther,0,0,0
2026.02.19,23:15,23:30,Kreuther,0,0,0
2026.02.19,23:30,23:45,Kreuther,0,0,0
2026.02.19,23:45,00:00,Kreuther,0,1,1
2026.02.20,00:00,00:15,Kreuther,0,0,0
2026.02.20,00:15,00:30,Kreuther,0,0,0
2026.02.20,00:30,00:45,Kreuther,0,0,0
2026.02.20,00:45,01:00,Kreuther,0,0,0
2026.02.20,01:00,01:15,Kreuther,0,0,0
2026.02.20,01:15,01:30,Kreuther,0,0,0
2026.02.20,01:30,01:45,Kreuther,0,0,0
2026.02.20,01:45,02:00,Kreuther,0,0,0
2026.02.20,02:00,02:15,Kreuther,0,0,0
2026.02.20,02:15,02:30,Kreuther,0,0,0
2026.02.20,02:30,02:45,Kreuther,0,0,0
2026.02.20,02:45,03:00,Kreuther,0,0,0
2026.02.20,03:00,03:15,Kreuther,0,0,0
2026.02.20,03:15,03:30,Kreuther,0,0,0
2026.02.20,03:30,03:45,Kreuther,0,0,0
2026.02.20,03:45,04:00,Kreuther,0,0,0
2026.02.20,04:00,04:15,Kreuther,0,0,0
2026.02.20,04:15,04:30,Kreuther,1,1,2
2026.02.20,04:30,04:45,Kreuther,0,0,0
2026.02.20,04:45,05:00,Kreuther,0,0,0
2026.02.20,05:00,05:15,Kreuther,0,0,0
2026.02.20,05:15,05:30,Kreuther,0,0,0
2026.02.20,05:30,05:45,Kreuther,0,0,0
2026.02.20,05:45,06:00,Kreuther,0,0,0
2026.02.20,06:00,06:15,Kreuther,0,0,0
2026.02.20,06:15,06:30,Kreuther,0,0,0
2026.02.20,06:30,06:45,Kreuther,0,1,1
2026.02.20,06:45,07:00,Kreuther,0,1,1
2026.02.20,07:00,07:15,Kreuther,0,0,0
2026.02.20,07:15,07:30,Kreuther,1,0,1
2026.02.20,07:30,07:45,Kreuther,0,0,0
2026.02.20,07:45,08:00,Kreuther,0,0,0
2026.02.20,08:00,08:15,Kreuther,1,0,1
2026.02.20,08:15,08:30,Kreuther,0,0,0
2026.02.20,08:30,08:45,Kreuther,0,0,0
2026.02.20,08:45,09:00,Kreuther,0,0,0
2026.02.20,09:00,09:15,Kreuther,0,0,0
2026.02.20,09:15,09:30,Kreuther,0,0,0
2026.02.20,09:30,09:45,Kreuther,1,0,1
2026.02.20,09:45,10:00,Kreuther,0,0,0
2026.02.20,10:00,10:15,Kreuther,0,0,0
2026.02.20,10:15,10:30,Kreuther,0,0,0
2026.02.20,10:30,10:45,Kreuther,0,0,0
2026.02.20,10:45,11:00,Kreuther,0,1,1
2026.02.20,11:00,11:15,Kreuther,1,0,1
2026.02.20,11:15,11:30,Kreuther,0,0,0
2026.02.20,11:30,11:45,Kreuther,0,0,0
2026.02.20,11:45,12:00,Kreuther,0,0,0
2026.02.20,12:00,12:15,Kreuther,0,0,0
2026.02.20,12:15,12:30,Kreuther,1,0,1
2026.02.20,12:30,12:45,Kreuther,1,0,1
2026.02.20,12:45,13:00,Kreuther,0,0,0
2026.02.20,13:00,13:15,Kreuther,1,0,1
2026.02.20,13:15,13:30,Kreuther,0,0,0
2026.02.20,13:30,13:45,Kreuther,0,0,0
2026.02.20,13:45,14:00,Kreuther,1,1,2
2026.02.20,14:00,14:15,Kreuther,2,0,2
2026.02.20,14:15,14:30,Kreuther,1,0,1
2026.02.20,14:30,14:45,Kreuther,1,0,1
2026.02.20,14:45,15:00,Kreuther,1,1,2
2026.02.20,15:00,15:15,Kreuther,4,0,4
2026.02.20,15:15,15:30,Kreuther,1,0,1
2026.02.20,15:30,15:45,Kreuther,1,4,5
2026.02.20,15:45,16:00,Kreuther,0,2,2
2026.02.20,16:00,16:15,Kreuther,0,2,2
2026.02.20,16:15,16:30,Kreuther,0,0,0
2026.02.20,16:30,16:45,Kreuther,0,0,0
2026.02.20,16:45,17:00,Kreuther,0,1,1
2026.02.20,17:00,17:15,Kreuther,1,1,2
2026.02.20,17:15,17:30,Kreuther,1,0,1
2026.02.20,17:30,17:45,Kreuther,1,2,3
2026.02.20,17:45,18:00,Kreuther,0,0,0
2026.02.20,18:00,18:15,Kreuther,0,2,2
2026.02.20,18:15,18:30,Kreuther,0,0,0
2026.02.20,18:30,18:45,Kreuther,0,0,0
2026.02.20,18:45,19:00,Kreuther,0,0,0
2026.02.20,19:00,19:15,Kreuther,0,0,0
2026.02.20,19:15,19:30,Kreuther,1,0,1
2026.02.20,19:30,19:45,Kreuther,0,0,0
2026.02.20,19:45,20:00,Kreuther,0,1,1
2026.02.20,20:00,20:15,Kreuther,0,0,0
2026.02.20,20:15,20:30,Kreuther,0,0,0
2026.02.20,20:30,20:45,Kreuther,0,0,0
2026.02.20,20:45,21:00,Kreuther,0,0,0
2026.02.20,21:00,21:15,Kreuther,0,0,0
2026.02.20,21:15,21:30,Kreuther,0,0,0
2026.02.20,21:30,21:45,Kreuther,0,1,1
2026.02.20,21:45,22:00,Kreuther,0,0,0
2026.02.20,22:00,22:15,Kreuther,0,1,1
2026.02.20,22:15,22:30,Kreuther,0,0,0
2026.02.20,22:30,22:45,Kreuther,0,0,0
2026.02.20,22:45,23:00,Kreuther,0,0,0
2026.02.20,23:00,23:15,Kreuther,0,0,0
2026.02.20,23:15,23:30,Kreuther,0,0,0
2026.02.20,23:30,23:45,Kreuther,1,0,1
2026.02.20,23:45,00:00,Kreuther,0,1,1
2026.02.21,00:00,00:15,Kreuther,0,0,0
2026.02.21,00:15,00:30,Kreuther,0,0,0
2026.02.21,00:30,00:45,Kreuther,0,0,0
2026.02.21,00:45,01:00,Kreuther,0,0,0
2026.02.21,01:00,01:15,Kreuther,0,1,1
2026.02.21,01:15,01:30,Kreuther,0,0,0
2026.02.21,01:30,01:45,Kreuther,0,0,0
2026.02.21,01:45,02:00,Kreuther,0,0,0
2026.02.21,02:00,02:15,Kreuther,0,0,0
2026.02.21,02:15,02:30,Kreuther,0,0,0
2026.02.21,02:30,02:45,Kreuther,0,0,0
2026.02.21,02:45,03:00,Kreuther,0,0,0
2026.02.21,03:00,03:15,Kreuther,0,0,0
2026.02.21,03:15,03:30,Kreuther,0,0,0
2026.02.21,03:30,03:45,Kreuther,0,0,0
2026.02.21,03:45,04:00,Kreuther,0,0,0
2026.02.21,04:00,04:15,Kreuther,0,0,0
2026.02.21,04:15,04:30,Kreuther,0,0,0
2026.02.21,04:30,04:45,Kreuther,0,0,0
2026.02.21,04:45,05:00,Kreuther,0,0,0
2026.02.21,05:00,05:15,Kreuther,0,0,0
2026.02.21,05:15,05:30,Kreuther,0,0,0
2026.02.21,05:30,05:45,Kreuther,0,0,0
2026.02.21,05:45,06:00,Kreuther,0,0,0
2026.02.21,06:00,06:15,Kreuther,0,0,0
2026.02.21,06:15,06:30,Kreuther,0,0,0
2026.02.21,06:30,06:45,Kreuther,0,0,0
2026.02.21,06:45,07:00,Kreuther,0,0,0
2026.02.21,07:00,07:15,Kreuther,0,0,0
2026.02.21,07:15,07:30,Kreuther,0,0,0
2026.02.21,07:30,07:45,Kreuther,1,0,1
2026.02.21,07:45,08:00,Kreuther,0,0,0
2026.02.21,08:00,08:15,Kreuther,0,1,1
2026.02.21,08:15,08:30,Kreuther,2,0,2
2026.02.21,08:30,08:45,Kreuther,1,0,1
2026.02.21,08:45,09:00,Kreuther,1,0,1
2026.02.21,09:00,09:15,Kreuther,2,1,3
2026.02.21,09:15,09:30,Kreuther,0,0,0
2026.02.21,09:30,09:45,Kreuther,0,1,1
2026.02.21,09:45,10:00,Kreuther,2,0,2
2026.02.21,10:00,10:15,Kreuther,1,0,1
2026.02.21,10:15,10:30,Kreuther,1,2,3
2026.02.21,10:30,10:45,Kreuther,0,0,0
2026.02.21,10:45,11:00,Kreuther,1,0,1
2026.02.21,11:00,11:15,Kreuther,0,1,1
2026.02.21,11:15,11:30,Kreuther,3,1,4
2026.02.21,11:30,11:45,Kreuther,3,2,5
2026.02.21,11:45,12:00,Kreuther,1,1,2
2026.02.21,12:00,12:15,Kreuther,1,0,1
2026.02.21,12:15,12:30,Kreuther,2,1,3
2026.02.21,12:30,12:45,Kreuther,2,1,3
2026.02.21,12:45,13:00,Kreuther,4,2,6
2026.02.21,13:00,13:15,Kreuther,0,2,2
2026.02.21,13:15,13:30,Kreuther,0,1,1
2026.02.21,13:30,13:45,Kreuther,0,1,1
2026.02.21,13:45,14:00,Kreuther,2,1,3
2026.02.21,14:00,14:15,Kreuther,0,0,0
2026.02.21,14:15,14:30,Kreuther,0,0,0
2026.02.21,14:30,14:45,Kreuther,0,0,0
2026.02.21,14:45,15:00,Kreuther,0,0,0
2026.02.21,15:00,15:15,Kreuther,0,1,1
2026.02.21,15:15,15:30,Kreuther,1,0,1
2026.02.21,15:30,15:45,Kreuther,0,0,0
2026.02.21,15:45,16:00,Kreuther,0,0,0
2026.02.21,16:00,16:15,Kreuther,0,3,3
2026.02.21,16:15,16:30,Kreuther,0,1,1
2026.02.21,16:30,16:45,Kreuther,1,0,1
2026.02.21,16:45,17:00,Kreuther,0,2,2
2026.02.21,17:00,17:15,Kreuther,0,0,0
2026.02.21,17:15,17:30,Kreuther,0,0,0
2026.02.21,17:30,17:45,Kreuther,2,0,2
2026.02.21,17:45,18:00,Kreuther,1,3,4
2026.02.21,18:00,18:15,Kreuther,0,0,0
2026.02.21,18:15,18:30,Kreuther,2,0,2
2026.02.21,18:30,18:45,Kreuther,1,0,1
2026.02.21,18:45,19:00,Kreuther,3,1,4
2026.02.21,19:00,19:15,Kreuther,0,1,1
2026.02.21,19:15,19:30,Kreuther,0,0,0
2026.02.21,19:30,19:45,Kreuther,0,0,0
2026.02.21,19:45,20:00,Kreuther,0,2,2
2026.02.21,20:00,20:15,Kreuther,0,0,0
2026.02.21,20:15,20:30,Kreuther,0,2,2
2026.02.21,20:30,20:45,Kreuther,0,0,0
2026.02.21,20:45,21:00,Kreuther,1,0,1
2026.02.21,21:00,21:15,Kreuther,0,0,0
2026.02.21,21:15,21:30,Kreuther,1,0,1
2026.02.21,21:30,21:45,Kreuther,0,0,0
2026.02.21,21:45,22:00,Kreuther,1,0,1
2026.02.21,22:00,22:15,Kreuther,0,1,1
2026.02.21,22:15,22:30,Kreuther,0,0,0
2026.02.21,22:30,22:45,Kreuther,0,0,0
2026.02.21,22:45,23:00,Kreuther,0,0,0
2026.02.21,23:00,23:15,Kreuther,1,0,1
2026.02.21,23:15,23:30,Kreuther,0,0,0
2026.02.21,23:30,23:45,Kreuther,0,0,0
2026.02.21,23:45,00:00,Kreuther,1,1,2
2026.02.22,00:00,00:15,Kreuther,0,0,0
2026.02.22,00:15,00:30,Kreuther,0,0,0
2026.02.22,00:30,00:45,Kreuther,0,0,0
2026.02.22,00:45,01:00,Kreuther,0,0,0
2026.02.22,01:00,01:15,Kreuther,0,1,1
2026.02.22,01:15,01:30,Kreuther,1,0,1
2026.02.22,01:30,01:45,Kreuther,0,0,0
2026.02.22,01:45,02:00,Kreuther,0,0,0
2026.02.22,02:00,02:15,Kreuther,0,0,0
2026.02.22,02:15,02:30,Kreuther,0,1,1
2026.02.22,02:30,02:45,Kreuther,0,0,0
2026.02.22,02:45,03:00,Kreuther,0,0,0
2026.02.22,03:00,03:15,Kreuther,0,0,0
2026.02.22,03:15,03:30,Kreuther,0,0,0
2026.02.22,03:30,03:45,Kreuther,0,0,0
2026.02.22,03:45,04:00,Kreuther,0,0,0
2026.02.22,04:00,04:15,Kreuther,0,0,0
2026.02.22,04:15,04:30,Kreuther,0,0,0
2026.02.22,04:30,04:45,Kreuther,0,0,0
2026.02.22,04:45,05:00,Kreuther,0,0,0
2026.02.22,05:00,05:15,Kreuther,0,0,0
2026.02.22,05:15,05:30,Kreuther,0,0,0
2026.02.22,05:30,05:45,Kreuther,0,0,0
2026.02.22,05:45,06:00,Kreuther,0,0,0
2026.02.22,06:00,06:15,Kreuther,0,1,1
2026.02.22,06:15,06:30,Kreuther,0,0,0
2026.02.22,06:30,06:45,Kreuther,0,0,0
2026.02.22,06:45,07:00,Kreuther,0,0,0
2026.02.22,07:00,07:15,Kreuther,0,0,0
2026.02.22,07:15,07:30,Kreuther,0,0,0
2026.02.22,07:30,07:45,Kreuther,0,0,0
2026.02.22,07:45,08:00,Kreuther,0,0,0
2026.02.22,08:00,08:15,Kreuther,0,0,0
2026.02.22,08:15,08:30,Kreuther,0,0,0
2026.02.22,08:30,08:45,Kreuther,0,0,0
2026.02.22,08:45,09:00,Kreuther,0,0,0
2026.02.22,09:00,09:15,Kreuther,0,0,0
2026.02.22,09:15,09:30,Kreuther,0,0,0
2026.02.22,09:30,09:45,Kreuther,0,0,0
2026.02.22,09:45,10:00,Kreuther,0,1,1
2026.02.22,10:00,10:15,Kreuther,0,1,1
2026.02.22,10:15,10:30,Kreuther,3,1,4
2026.02.22,10:30,10:45,Kreuther,1,0,1
2026.02.22,10:45,11:00,Kreuther,1,0,1
2026.02.22,11:00,11:15,Kreuther,0,0,0
2026.02.22,11:15,11:30,Kreuther,2,1,3
2026.02.22,11:30,11:45,Kreuther,0,1,1
2026.02.22,11:45,12:00,Kreuther,0,0,0
2026.02.22,12:00,12:15,Kreuther,0,1,1
2026.02.22,12:15,12:30,Kreuther,0,0,0
2026.02.22,12:30,12:45,Kreuther,3,0,3
2026.02.22,12:45,13:00,Kreuther,0,0,0
2026.02.22,13:00,13:15,Kreuther,3,0,3
2026.02.22,13:15,13:30,Kreuther,1,1,2
2026.02.22,13:30,13:45,Kreuther,1,2,3
2026.02.22,13:45,14:00,Kreuther,0,2,2
2026.02.22,14:00,14:15,Kreuther,2,0,2
2026.02.22,14:15,14:30,Kreuther,1,4,5
2026.02.22,14:30,14:45,Kreuther,5,2,7
2026.02.22,14:45,15:00,Kreuther,4,1,5
2026.02.22,15:00,15:15,Kreuther,1,1,2
2026.02.22,15:15,15:30,Kreuther,3,2,5
2026.02.22,15:30,15:45,Kreuther,0,0,0
2026.02.22,15:45,16:00,Kreuther,0,4,4
2026.02.22,16:00,16:15,Kreuther,1,1,2
2026.02.22,16:15,16:30,Kreuther,5,2,7
2026.02.22,16:30,16:45,Kreuther,5,8,13
2026.02.22,16:45,17:00,Kreuther,0,2,2
2026.02.22,17:00,17:15,Kreuther,1,1,2
2026.02.22,17:15,17:30,Kreuther,5,5,10
2026.02.22,17:30,17:45,Kreuther,2,2,4
2026.02.22,17:45,18:00,Kreuther,2,0,2
2026.02.22,18:00,18:15,Kreuther,0,0,0
2026.02.22,18:15,18:30,Kreuther,0,3,3
2026.02.22,18:30,18:45,Kreuther,3,1,4
2026.02.22,18:45,19:00,Kreuther,2,0,2
2026.02.22,19:00,19:15,Kreuther,2,0,2
2026.02.22,19:15,19:30,Kreuther,0,0,0
2026.02.22,19:30,19:45,Kreuther,0,0,0
2026.02.22,19:45,20:00,Kreuther,0,1,1
2026.02.22,20:00,20:15,Kreuther,0,1,1
2026.02.22,20:15,20:30,Kreuther,1,0,1
2026.02.22,20:30,20:45,Kreuther,0,2,2
2026.02.22,20:45,21:00,Kreuther,0,0,0
2026.02.22,21:00,21:15,Kreuther,0,0,0
2026.02.22,21:15,21:30,Kreuther,0,0,0
2026.02.22,21:30,21:45,Kreuther,0,0,0
2026.02.22,21:45,22:00,Kreuther,1,1,2
2026.02.22,22:00,22:15,Kreuther,0,0,0
2026.02.22,22:15,22:30,Kreuther,0,0,0
2026.02.22,22:30,22:45,Kreuther,0,0,0
2026.02.22,22:45,23:00,Kreuther,0,2,2
2026.02.22,23:00,23:15,Kreuther,0,0,0
2026.02.22,23:15,23:30,Kreuther,0,0,0
2026.02.22,23:30,23:45,Kreuther,0,0,0
2026.02.22,23:45,00:00,Kreuther,1,0,1
2026.02.23,00:00,00:15,Kreuther,0,0,0
2026.02.23,00:15,00:30,Kreuther,0,0,0
2026.02.23,00:30,00:45,Kreuther,0,0,0
2026.02.23,00:45,01:00,Kreuther,0,0,0
2026.02.23,01:00,01:15,Kreuther,0,0,0
2026.02.23,01:15,01:30,Kreuther,0,0,0
2026.02.23,01:30,01:45,Kreuther,0,0,0
2026.02.23,01:45,02:00,Kreuther,0,0,0
2026.02.23,02:00,02:15,Kreuther,1,0,1
2026.02.23,02:15,02:30,Kreuther,0,0,0
2026.02.23,02:30,02:45,Kreuther,1,0,1
2026.02.23,02:45,03:00,Kreuther,0,0,0
2026.02.23,03:00,03:15,Kreuther,0,0,0
2026.02.23,03:15,03:30,Kreuther,0,0,0
2026.02.23,03:30,03:45,Kreuther,0,0,0
2026.02.23,03:45,04:00,Kreuther,0,0,0
2026.02.23,04:00,04:15,Kreuther,0,0,0
2026.02.23,04:15,04:30,Kreuther,0,0,0
2026.02.23,04:30,04:45,Kreuther,0,0,0
2026.02.23,04:45,05:00,Kreuther,0,0,0
2026.02.23,05:00,05:15,Kreuther,1,0,1
2026.02.23,05:15,05:30,Kreuther,1,0,1
2026.02.23,05:30,05:45,Kreuther,1,1,2
2026.02.23,05:45,06:00,Kreuther,2,0,2
2026.02.23,06:00,06:15,Kreuther,1,0,1
2026.02.23,06:15,06:30,Kreuther,2,0,2
2026.02.23,06:30,06:45,Kreuther,0,1,1
2026.02.23,06:45,07:00,Kreuther,4,0,4
2026.02.23,07:00,07:15,Kreuther,5,2,7
2026.02.23,07:15,07:30,Kreuther,6,2,8
2026.02.23,07:30,07:45,Kreuther,29,1,30
2026.02.23,07:45,08:00,Kreuther,12,5,17
2026.02.23,08:00,08:15,Kreuther,22,2,24
2026.02.23,08:15,08:30,Kreuther,12,5,17
2026.02.23,08:30,08:45,Kreuther,13,0,13
2026.02.23,08:45,09:00,Kreuther,8,1,9
2026.02.23,09:00,09:15,Kreuther,3,0,3
2026.02.23,09:15,09:30,Kreuther,3,1,4
2026.02.23,09:30,09:45,Kreuther,1,1,2
2026.02.23,09:45,10:00,Kreuther,5,2,7
2026.02.23,10:00,10:15,Kreuther,2,0,2
2026.02.23,10:15,10:30,Kreuther,0,1,1
2026.02.23,10:30,10:45,Kreuther,5,0,5
2026.02.23,10:45,11:00,Kreuther,1,1,2
2026.02.23,11:00,11:15,Kreuther,1,0,1
2026.02.23,11:15,11:30,Kreuther,3,1,4
2026.02.23,11:30,11:45,Kreuther,1,3,4
2026.02.23,11:45,12:00,Kreuther,1,3,4
2026.02.23,12:00,12:15,Kreuther,5,4,9
2026.02.23,12:15,12:30,Kreuther,2,8,10
2026.02.23,12:30,12:45,Kreuther,1,1,2
2026.02.23,12:45,13:00,Kreuther,5,1,6
2026.02.23,13:00,13:15,Kreuther,5,5,10
2026.02.23,13:15,13:30,Kreuther,3,3,6
2026.02.23,13:30,13:45,Kreuther,3,2,5
2026.02.23,13:45,14:00,Kreuther,6,3,9
2026.02.23,14:00,14:15,Kreuther,1,1,2
2026.02.23,14:15,14:30,Kreuther,0,2,2
2026.02.23,14:30,14:45,Kreuther,3,4,7
2026.02.23,14:45,15:00,Kreuther,5,0,5
2026.02.23,15:00,15:15,Kreuther,2,4,6
2026.02.23,15:15,15:30,Kreuther,5,4,9
2026.02.23,15:30,15:45,Kreuther,1,9,10
2026.02.23,15:45,16:00,Kreuther,2,6,8
2026.02.23,16:00,16:15,Kreuther,2,11,13
2026.02.23,16:15,16:30,Kreuther,7,6,13
2026.02.23,16:30,16:45,Kreuther,7,2,9
2026.02.23,16:45,17:00,Kreuther,6,6,12
2026.02.23,17:00,17:15,Kreuther,3,9,12
2026.02.23,17:15,17:30,Kreuther,3,8,11
2026.02.23,17:30,17:45,Kreuther,7,6,13
2026.02.23,17:45,18:00,Kreuther,1,9,10
2026.02.23,18:00,18:15,Kreuther,4,6,10
2026.02.23,18:15,18:30,Kreuther,2,6,8
2026.02.23,18:30,18:45,Kreuther,4,4,8
2026.02.23,18:45,19:00,Kreuther,2,9,11
2026.02.23,19:00,19:15,Kreuther,4,2,6
2026.02.23,19:15,19:30,Kreuther,2,2,4
2026.02.23,19:30,19:45,Kreuther,1,2,3
2026.02.23,19:45,20:00,Kreuther,0,1,1
2026.02.23,20:00,20:15,Kreuther,1,5,6
2026.02.23,20:15,20:30,Kreuther,2,4,6
2026.02.23,20:30,20:45,Kreuther,2,0,2
2026.02.23,20:45,21:00,Kreuther,0,3,3
2026.02.23,21:00,21:15,Kreuther,1,1,2
2026.02.23,21:15,21:30,Kreuther,2,1,3
2026.02.23,21:30,21:45,Kreuther,1,1,2
2026.02.23,21:45,22:00,Kreuther,0,2,2
2026.02.23,22:00,22:15,Kreuther,0,0,0
2026.02.23,22:15,22:30,Kreuther,0,0,0
2026.02.23,22:30,22:45,Kreuther,1,2,3
2026.02.23,22:45,23:00,Kreuther,0,1,1
2026.02.23,23:00,23:15,Kreuther,0,1,1
2026.02.23,23:15,23:30,Kreuther,0,0,0
2026.02.23,23:30,23:45,Kreuther,0,0,0
2026.02.23,23:45,00:00,Kreuther,0,1,1
2026.02.24,00:00,00:15,Kreuther,1,0,1
2026.02.24,00:15,00:30,Kreuther,0,0,0
2026.02.24,00:30,00:45,Kreuther,0,1,1
2026.02.24,00:45,01:00,Kreuther,0,0,0
2026.02.24,01:00,01:15,Kreuther,0,0,0
2026.02.24,01:15,01:30,Kreuther,0,0,0
2026.02.24,01:30,01:45,Kreuther,0,0,0
2026.02.24,01:45,02:00,Kreuther,0,0,0
2026.02.24,02:00,02:15,Kreuther,1,0,1
2026.02.24,02:15,02:30,Kreuther,1,0,1
2026.02.24,02:30,02:45,Kreuther,0,0,0
2026.02.24,02:45,03:00,Kreuther,0,0,0
2026.02.24,03:00,03:15,Kreuther,0,0,0
2026.02.24,03:15,03:30,Kreuther,0,0,0
2026.02.24,03:30,03:45,Kreuther,0,0,0
2026.02.24,03:45,04:00,Kreuther,0,0,0
2026.02.24,04:00,04:15,Kreuther,0,0,0
2026.02.24,04:15,04:30,Kreuther,0,0,0
2026.02.24,04:30,04:45,Kreuther,0,0,0
2026.02.24,04:45,05:00,Kreuther,0,0,0
2026.02.24,05:00,05:15,Kreuther,1,0,1
2026.02.24,05:15,05:30,Kreuther,1,0,1
2026.02.24,05:30,05:45,Kreuther,0,1,1
2026.02.24,05:45,06:00,Kreuther,1,0,1
2026.02.24,06:00,06:15,Kreuther,1,0,1
2026.02.24,06:15,06:30,Kreuther,2,0,2
2026.02.24,06:30,06:45,Kreuther,4,1,5
2026.02.24,06:45,07:00,Kreuther,0,1,1
2026.02.24,07:00,07:15,Kreuther,5,0,5
2026.02.24,07:15,07:30,Kreuther,2,2,4
2026.02.24,07:30,07:45,Kreuther,14,4,18
2026.02.24,07:45,08:00,Kreuther,6,4,10
2026.02.24,08:00,08:15,Kreuther,8,2,10
2026.02.24,08:15,08:30,Kreuther,7,2,9
2026.02.24,08:30,08:45,Kreuther,7,0,7
2026.02.24,08:45,09:00,Kreuther,6,0,6
2026.02.24,09:00,09:15,Kreuther,3,1,4
2026.02.24,09:15,09:30,Kreuther,0,0,0
2026.02.24,09:30,09:45,Kreuther,1,0,1
2026.02.24,09:45,10:00,Kreuther,1,0,1
2026.02.24,10:00,10:15,Kreuther,4,0,4
2026.02.24,10:15,10:30,Kreuther,3,0,3
2026.02.24,10:30,10:45,Kreuther,4,0,4
2026.02.24,10:45,11:00,Kreuther,2,2,4
2026.02.24,11:00,11:15,Kreuther,2,2,4
2026.02.24,11:15,11:30,Kreuther,2,4,6
2026.02.24,11:30,11:45,Kreuther,1,1,2
2026.02.24,11:45,12:00,Kreuther,0,1,1
2026.02.24,12:00,12:15,Kreuther,3,1,4
2026.02.24,12:15,12:30,Kreuther,0,3,3
2026.02.24,12:30,12:45,Kreuther,1,1,2
2026.02.24,12:45,13:00,Kreuther,0,2,2
2026.02.24,13:00,13:15,Kreuther,1,2,3
2026.02.24,13:15,13:30,Kreuther,5,2,7
2026.02.24,13:30,13:45,Kreuther,2,2,4
2026.02.24,13:45,14:00,Kreuther,0,2,2
2026.02.24,14:00,14:15,Kreuther,1,0,1
2026.02.24,14:15,14:30,Kreuther,1,0,1
2026.02.24,14:30,14:45,Kreuther,2,4,6
2026.02.24,14:45,15:00,Kreuther,2,3,5
2026.02.24,15:00,15:15,Kreuther,4,2,6
2026.02.24,15:15,15:30,Kreuther,1,2,3
2026.02.24,15:30,15:45,Kreuther,4,5,9
2026.02.24,15:45,16:00,Kreuther,5,5,10
2026.02.24,16:00,16:15,Kreuther,3,10,13
2026.02.24,16:15,16:30,Kreuther,6,5,11
2026.02.24,16:30,16:45,Kreuther,0,4,4
2026.02.24,16:45,17:00,Kreuther,3,2,5
2026.02.24,17:00,17:15,Kreuther,1,5,6
2026.02.24,17:15,17:30,Kreuther,4,5,9
2026.02.24,17:30,17:45,Kreuther,2,3,5
2026.02.24,17:45,18:00,Kreuther,2,3,5
2026.02.24,18:00,18:15,Kreuther,2,0,2
2026.02.24,18:15,18:30,Kreuther,3,2,5
2026.02.24,18:30,18:45,Kreuther,3,5,8
2026.02.24,18:45,19:00,Kreuther,0,1,1
2026.02.24,19:00,19:15,Kreuther,3,4,7
2026.02.24,19:15,19:30,Kreuther,2,0,2
2026.02.24,19:30,19:45,Kreuther,2,2,4
2026.02.24,19:45,20:00,Kreuther,1,4,5
2026.02.24,20:00,20:15,Kreuther,0,1,1
2026.02.24,20:15,20:30,Kreuther,0,2,2
2026.02.24,20:30,20:45,Kreuther,1,0,1
2026.02.24,20:45,21:00,Kreuther,0,0,0
2026.02.24,21:00,21:15,Kreuther,2,1,3
2026.02.24,21:15,21:30,Kreuther,0,1,1
2026.02.24,21:30,21:45,Kreuther,0,1,1
2026.02.24,21:45,22:00,Kreuther,0,0,0
2026.02.24,22:00,22:15,Kreuther,0,2,2
2026.02.24,22:15,22:30,Kreuther,0,1,1
2026.02.24,22:30,22:45,Kreuther,0,0,0
2026.02.24,22:45,23:00,Kreuther,2,0,2
2026.02.24,23:00,23:15,Kreuther,0,0,0
2026.02.24,23:15,23:30,Kreuther,0,0,0
2026.02.24,23:30,23:45,Kreuther,0,0,0
2026.02.24,23:45,00:00,Kreuther,0,0,0
2026.02.25,00:00,00:15,Kreuther,0,0,0
2026.02.25,00:15,00:30,Kreuther,0,0,0
2026.02.25,00:30,00:45,Kreuther,0,0,0
2026.02.25,00:45,01:00,Kreuther,0,0,0
2026.02.25,01:00,01:15,Kreuther,0,1,1
2026.02.25,01:15,01:30,Kreuther,0,0,0
2026.02.25,01:30,01:45,Kreuther,0,0,0
2026.02.25,01:45,02:00,Kreuther,0,0,0
2026.02.25,02:00,02:15,Kreuther,2,0,2
2026.02.25,02:15,02:30,Kreuther,1,0,1
2026.02.25,02:30,02:45,Kreuther,0,0,0
2026.02.25,02:45,03:00,Kreuther,0,0,0
2026.02.25,03:00,03:15,Kreuther,0,0,0
2026.02.25,03:15,03:30,Kreuther,0,0,0
2026.02.25,03:30,03:45,Kreuther,0,0,0
2026.02.25,03:45,04:00,Kreuther,0,0,0
2026.02.25,04:00,04:15,Kreuther,0,0,0
2026.02.25,04:15,04:30,Kreuther,0,0,0
2026.02.25,04:30,04:45,Kreuther,0,0,0
2026.02.25,04:45,05:00,Kreuther,0,0,0
2026.02.25,05:00,05:15,Kreuther,1,0,1
2026.02.25,05:15,05:30,Kreuther,2,0,2
2026.02.25,05:30,05:45,Kreuther,1,2,3
2026.02.25,05:45,06:00,Kreuther,2,0,2
2026.02.25,06:00,06:15,Kreuther,1,0,1
2026.02.25,06:15,06:30,Kreuther,3,1,4
2026.02.25,06:30,06:45,Kreuther,3,0,3
2026.02.25,06:45,07:00,Kreuther,4,0,4
2026.02.25,07:00,07:15,Kreuther,6,2,8
2026.02.25,07:15,07:30,Kreuther,11,3,14
2026.02.25,07:30,07:45,Kreuther,21,4,25
2026.02.25,07:45,08:00,Kreuther,17,3,20
2026.02.25,08:00,08:15,Kreuther,14,3,17
2026.02.25,08:15,08:30,Kreuther,25,8,33
2026.02.25,08:30,08:45,Kreuther,20,2,22
2026.02.25,08:45,09:00,Kreuther,9,3,12
2026.02.25,09:00,09:15,Kreuther,13,1,14
2026.02.25,09:15,09:30,Kreuther,7,2,9
2026.02.25,09:30,09:45,Kreuther,2,1,3
2026.02.25,09:45,10:00,Kreuther,6,1,7
2026.02.25,10:00,10:15,Kreuther,4,3,7
2026.02.25,10:15,10:30,Kreuther,2,2,4
2026.02.25,10:30,10:45,Kreuther,3,3,6
2026.02.25,10:45,11:00,Kreuther,1,0,1
2026.02.25,11:00,11:15,Kreuther,5,1,6
2026.02.25,11:15,11:30,Kreuther,4,1,5
2026.02.25,11:30,11:45,Kreuther,5,3,8
2026.02.25,11:45,12:00,Kreuther,4,2,6
2026.02.25,12:00,12:15,Kreuther,4,3,7
2026.02.25,12:15,12:30,Kreuther,2,8,10
2026.02.25,12:30,12:45,Kreuther,4,4,8
2026.02.25,12:45,13:00,Kreuther,5,2,7
2026.02.25,13:00,13:15,Kreuther,1,4,5
2026.02.25,13:15,13:30,Kreuther,1,3,4
2026.02.25,13:30,13:45,Kreuther,2,1,3
2026.02.25,13:45,14:00,Kreuther,4,6,10
2026.02.25,14:00,14:15,Kreuther,4,2,6
2026.02.25,14:15,14:30,Kreuther,6,1,7
2026.02.25,14:30,14:45,Kreuther,5,4,9
2026.02.25,14:45,15:00,Kreuther,4,7,11
2026.02.25,15:00,15:15,Kreuther,3,6,9
2026.02.25,15:15,15:30,Kreuther,3,4,7
2026.02.25,15:30,15:45,Kreuther,12,15,27
2026.02.25,15:45,16:00,Kreuther,5,7,12
2026.02.25,16:00,16:15,Kreuther,6,8,14
2026.02.25,16:15,16:30,Kreuther,9,9,18
2026.02.25,16:30,16:45,Kreuther,6,5,11
2026.02.25,16:45,17:00,Kreuther,8,8,16
2026.02.25,17:00,17:15,Kreuther,6,5,11
2026.02.25,17:15,17:30,Kreuther,2,11,13
2026.02.25,17:30,17:45,Kreuther,2,9,11
2026.02.25,17:45,18:00,Kreuther,7,15,22
2026.02.25,18:00,18:15,Kreuther,4,6,10
2026.02.25,18:15,18:30,Kreuther,6,7,13
2026.02.25,18:30,18:45,Kreuther,4,9,13
2026.02.25,18:45,19:00,Kreuther,2,5,7
2026.02.25,19:00,19:15,Kreuther,3,3,6
2026.02.25,19:15,19:30,Kreuther,0,6,6
2026.02.25,19:30,19:45,Kreuther,1,7,8
2026.02.25,19:45,20:00,Kreuther,5,4,9
2026.02.25,20:00,20:15,Kreuther,2,4,6
2026.02.25,20:15,20:30,Kreuther,1,5,6
2026.02.25,20:30,20:45,Kreuther,1,3,4
2026.02.25,20:45,21:00,Kreuther,1,0,1
2026.02.25,21:00,21:15,Kreuther,1,0,1
2026.02.25,21:15,21:30,Kreuther,0,1,1
2026.02.25,21:30,21:45,Kreuther,0,1,1
2026.02.25,21:45,22:00,Kreuther,0,1,1
2026.02.25,22:00,22:15,Kreuther,0,2,2
2026.02.25,22:15,22:30,Kreuther,2,1,3
2026.02.25,22:30,22:45,Kreuther,0,1,1
2026.02.25,22:45,23:00,Kreuther,1,1,2
2026.02.25,23:00,23:15,Kreuther,0,0,0
2026.02.25,23:15,23:30,Kreuther,2,0,2
2026.02.25,23:30,23:45,Kreuther,1,2,3
2026.02.25,23:45,00:00,Kreuther,1,0,1
2026.02.26,00:00,00:15,Kreuther,0,0,0
2026.02.26,00:15,00:30,Kreuther,0,0,0
2026.02.26,00:30,00:45,Kreuther,0,0,0
2026.02.26,00:45,01:00,Kreuther,0,0,0
2026.02.26,01:00,01:15,Kreuther,0,0,0
2026.02.26,01:15,01:30,Kreuther,0,0,0
2026.02.26,01:30,01:45,Kreuther,0,0,0
2026.02.26,01:45,02:00,Kreuther,0,0,0
2026.02.26,02:00,02:15,Kreuther,1,0,1
2026.02.26,02:15,02:30,Kreuther,1,0,1
2026.02.26,02:30,02:45,Kreuther,0,0,0
2026.02.26,02:45,03:00,Kreuther,0,0,0
2026.02.26,03:00,03:15,Kreuther,0,0,0
2026.02.26,03:15,03:30,Kreuther,0,0,0
2026.02.26,03:30,03:45,Kreuther,0,0,0
2026.02.26,03:45,04:00,Kreuther,0,0,0
2026.02.26,04:00,04:15,Kreuther,0,0,0
2026.02.26,04:15,04:30,Kreuther,0,0,0
2026.02.26,04:30,04:45,Kreuther,0,0,0
2026.02.26,04:45,05:00,Kreuther,0,0,0
2026.02.26,05:00,05:15,Kreuther,1,0,1
2026.02.26,05:15,05:30,Kreuther,1,0,1
2026.02.26,05:30,05:45,Kreuther,1,0,1
2026.02.26,05:45,06:00,Kreuther,1,0,1
2026.02.26,06:00,06:15,Kreuther,1,0,1
2026.02.26,06:15,06:30,Kreuther,0,1,1
2026.02.26,06:30,06:45,Kreuther,0,1,1
2026.02.26,06:45,07:00,Kreuther,0,3,3
2026.02.26,07:00,07:15,Kreuther,6,3,9
2026.02.26,07:15,07:30,Kreuther,15,3,18
2026.02.26,07:30,07:45,Kreuther,29,5,34
2026.02.26,07:45,08:00,Kreuther,28,4,32
2026.02.26,08:00,08:15,Kreuther,20,8,28
2026.02.26,08:15,08:30,Kreuther,13,2,15
2026.02.26,08:30,08:45,Kreuther,18,2,20
2026.02.26,08:45,09:00,Kreuther,19,3,22
2026.02.26,09:00,09:15,Kreuther,13,4,17
2026.02.26,09:15,09:30,Kreuther,12,4,16
2026.02.26,09:30,09:45,Kreuther,5,10,15
2026.02.26,09:45,10:00,Kreuther,5,2,7
2026.02.26,10:00,10:15,Kreuther,2,3,5
2026.02.26,10:15,10:30,Kreuther,1,1,2
2026.02.26,10:30,10:45,Kreuther,6,1,7
2026.02.26,10:45,11:00,Kreuther,3,4,7
2026.02.26,11:00,11:15,Kreuther,6,2,8
2026.02.26,11:15,11:30,Kreuther,3,3,6
2026.02.26,11:30,11:45,Kreuther,9,2,11
2026.02.26,11:45,12:00,Kreuther,1,2,3
2026.02.26,12:00,12:15,Kreuther,7,10,17
2026.02.26,12:15,12:30,Kreuther,5,4,9
2026.02.26,12:30,12:45,Kreuther,3,5,8
2026.02.26,12:45,13:00,Kreuther,3,2,5
2026.02.26,13:00,13:15,Kreuther,1,5,6
2026.02.26,13:15,13:30,Kreuther,5,6,11
2026.02.26,13:30,13:45,Kreuther,8,3,11
2026.02.26,13:45,14:00,Kreuther,6,5,11
2026.02.26,14:00,14:15,Kreuther,5,6,11
2026.02.26,14:15,14:30,Kreuther,3,4,7
2026.02.26,14:30,14:45,Kreuther,7,1,8
2026.02.26,14:45,15:00,Kreuther,11,10,21
2026.02.26,15:00,15:15,Kreuther,10,6,16
2026.02.26,15:15,15:30,Kreuther,6,10,16
2026.02.26,15:30,15:45,Kreuther,10,10,20
2026.02.26,15:45,16:00,Kreuther,6,10,16
2026.02.26,16:00,16:15,Kreuther,6,12,18
2026.02.26,16:15,16:30,Kreuther,3,13,16
2026.02.26,16:30,16:45,Kreuther,8,7,15
2026.02.26,16:45,17:00,Kreuther,11,10,21
2026.02.26,17:00,17:15,Kreuther,8,9,17
2026.02.26,17:15,17:30,Kreuther,2,14,16
2026.02.26,17:30,17:45,Kreuther,7,13,20
2026.02.26,17:45,18:00,Kreuther,11,10,21
2026.02.26,18:00,18:15,Kreuther,6,6,12
2026.02.26,18:15,18:30,Kreuther,4,8,12
2026.02.26,18:30,18:45,Kreuther,6,3,9
2026.02.26,18:45,19:00,Kreuther,5,3,8
2026.02.26,19:00,19:15,Kreuther,3,0,3
2026.02.26,19:15,19:30,Kreuther,5,0,5
2026.02.26,19:30,19:45,Kreuther,2,4,6
2026.02.26,19:45,20:00,Kreuther,0,2,2
2026.02.26,20:00,20:15,Kreuther,2,3,5
2026.02.26,20:15,20:30,Kreuther,1,5,6
2026.02.26,20:30,20:45,Kreuther,0,2,2
2026.02.26,20:45,21:00,Kreuther,2,3,5
2026.02.26,21:00,21:15,Kreuther,0,3,3
2026.02.26,21:15,21:30,Kreuther,0,0,0
2026.02.26,21:30,21:45,Kreuther,1,2,3
2026.02.26,21:45,22:00,Kreuther,0,0,0
2026.02.26,22:00,22:15,Kreuther,0,1,1
2026.02.26,22:15,22:30,Kreuther,0,3,3
2026.02.26,22:30,22:45,Kreuther,0,1,1
2026.02.26,22:45,23:00,Kreuther,0,2,2
2026.02.26,23:00,23:15,Kreuther,1,0,1
2026.02.26,23:15,23:30,Kreuther,0,1,1
2026.02.26,23:30,23:45,Kreuther,0,0,0
2026.02.26,23:45,00:00,Kreuther,0,0,0
2026.02.27,00:00,00:15,Kreuther,0,0,0
2026.02.27,00:15,00:30,Kreuther,0,1,1
2026.02.27,00:30,00:45,Kreuther,0,0,0
2026.02.27,00:45,01:00,Kreuther,0,0,0
2026.02.27,01:00,01:15,Kreuther,0,0,0
2026.02.27,01:15,01:30,Kreuther,0,0,0
2026.02.27,01:30,01:45,Kreuther,0,0,0
2026.02.27,01:45,02:00,Kreuther,0,0,0
2026.02.27,02:00,02:15,Kreuther,1,0,1
2026.02.27,02:15,02:30,Kreuther,1,0,1
2026.02.27,02:30,02:45,Kreuther,0,0,0
2026.02.27,02:45,03:00,Kreuther,0,0,0
2026.02.27,03:00,03:15,Kreuther,0,0,0
2026.02.27,03:15,03:30,Kreuther,0,0,0
2026.02.27,03:30,03:45,Kreuther,0,0,0
2026.02.27,03:45,04:00,Kreuther,0,0,0
2026.02.27,04:00,04:15,Kreuther,1,0,1
2026.02.27,04:15,04:30,Kreuther,2,0,2
2026.02.27,04:30,04:45,Kreuther,0,0,0
2026.02.27,04:45,05:00,Kreuther,0,0,0
2026.02.27,05:00,05:15,Kreuther,1,0,1
2026.02.27,05:15,05:30,Kreuther,1,0,1
2026.02.27,05:30,05:45,Kreuther,1,0,1
2026.02.27,05:45,06:00,Kreuther,2,0,2
2026.02.27,06:00,06:15,Kreuther,2,1,3
2026.02.27,06:15,06:30,Kreuther,4,1,5
2026.02.27,06:30,06:45,Kreuther,4,1,5
2026.02.27,06:45,07:00,Kreuther,5,2,7
2026.02.27,07:00,07:15,Kreuther,9,4,13
2026.02.27,07:15,07:30,Kreuther,13,2,15
2026.02.27,07:30,07:45,Kreuther,38,1,39
2026.02.27,07:45,08:00,Kreuther,21,15,36
2026.02.27,08:00,08:15,Kreuther,23,6,29
2026.02.27,08:15,08:30,Kreuther,21,2,23
2026.02.27,08:30,08:45,Kreuther,28,3,31
2026.02.27,08:45,09:00,Kreuther,12,3,15
2026.02.27,09:00,09:15,Kreuther,10,4,14
2026.02.27,09:15,09:30,Kreuther,5,4,9
2026.02.27,09:30,09:45,Kreuther,7,5,12
2026.02.27,09:45,10:00,Kreuther,2,2,4
2026.02.27,10:00,10:15,Kreuther,5,1,6
2026.02.27,10:15,10:30,Kreuther,15,3,18
2026.02.27,10:30,10:45,Kreuther,7,2,9
2026.02.27,10:45,11:00,Kreuther,2,3,5
2026.02.27,11:00,11:15,Kreuther,3,3,6
2026.02.27,11:15,11:30,Kreuther,5,3,8
2026.02.27,11:30,11:45,Kreuther,8,6,14
2026.02.27,11:45,12:00,Kreuther,10,10,20
2026.02.27,12:00,12:15,Kreuther,9,7,16
2026.02.27,12:15,12:30,Kreuther,3,6,9
2026.02.27,12:30,12:45,Kreuther,4,8,12
2026.02.27,12:45,13:00,Kreuther,6,13,19
2026.02.27,13:00,13:15,Kreuther,5,6,11
2026.02.27,13:15,13:30,Kreuther,8,9,17
2026.02.27,13:30,13:45,Kreuther,8,8,16
2026.02.27,13:45,14:00,Kreuther,0,8,8
2026.02.27,14:00,14:15,Kreuther,11,12,23
2026.02.27,14:15,14:30,Kreuther,7,9,16
2026.02.27,14:30,14:45,Kreuther,14,13,27
2026.02.27,14:45,15:00,Kreuther,21,13,34
2026.02.27,15:00,15:15,Kreuther,12,18,30
2026.02.27,15:15,15:30,Kreuther,15,17,32
2026.02.27,15:30,15:45,Kreuther,14,9,23
2026.02.27,15:45,16:00,Kreuther,13,11,24
2026.02.27,16:00,16:15,Kreuther,4,8,12
2026.02.27,16:15,16:30,Kreuther,13,12,25
2026.02.27,16:30,16:45,Kreuther,6,14,20
2026.02.27,16:45,17:00,Kreuther,7,14,21
2026.02.27,17:00,17:15,Kreuther,10,11,21
2026.02.27,17:15,17:30,Kreuther,6,19,25
2026.02.27,17:30,17:45,Kreuther,10,12,22
2026.02.27,17:45,18:00,Kreuther,8,13,21
2026.02.27,18:00,18:15,Kreuther,10,19,29
2026.02.27,18:15,18:30,Kreuther,6,6,12
2026.02.27,18:30,18:45,Kreuther,4,3,7
2026.02.27,18:45,19:00,Kreuther,9,8,17
2026.02.27,19:00,19:15,Kreuther,5,3,8
2026.02.27,19:15,19:30,Kreuther,4,8,12
2026.02.27,19:30,19:45,Kreuther,3,5,8
2026.02.27,19:45,20:00,Kreuther,2,2,4
2026.02.27,20:00,20:15,Kreuther,5,0,5
2026.02.27,20:15,20:30,Kreuther,1,7,8
2026.02.27,20:30,20:45,Kreuther,7,2,9
2026.02.27,20:45,21:00,Kreuther,0,1,1
2026.02.27,21:00,21:15,Kreuther,0,3,3
2026.02.27,21:15,21:30,Kreuther,0,2,2
2026.02.27,21:30,21:45,Kreuther,2,2,4
2026.02.27,21:45,22:00,Kreuther,0,1,1
2026.02.27,22:00,22:15,Kreuther,2,5,7
2026.02.27,22:15,22:30,Kreuther,1,2,3
2026.02.27,22:30,22:45,Kreuther,1,2,3
2026.02.27,22:45,23:00,Kreuther,1,1,2
2026.02.27,23:00,23:15,Kreuther,0,0,0
2026.02.27,23:15,23:30,Kreuther,0,2,2
2026.02.27,23:30,23:45,Kreuther,1,2,3
2026.02.27,23:45,00:00,Kreuther,0,1,1
2026.02.28,00:00,00:15,Kreuther,1,3,4
2026.02.28,00:15,00:30,Kreuther,0,0,0
2026.02.28,00:30,00:45,Kreuther,0,0,0
2026.02.28,00:45,01:00,Kreuther,0,1,1
2026.02.28,01:00,01:15,Kreuther,0,5,5
2026.02.28,01:15,01:30,Kreuther,0,1,1
2026.02.28,01:30,01:45,Kreuther,0,1,1
2026.02.28,01:45,02:00,Kreuther,0,2,2
2026.02.28,02:00,02:15,Kreuther,0,0,0
2026.02.28,02:15,02:30,Kreuther,1,2,3
2026.02.28,02:30,02:45,Kreuther,1,1,2
2026.02.28,02:45,03:00,Kreuther,0,0,0
2026.02.28,03:00,03:15,Kreuther,0,0,0
2026.02.28,03:15,03:30,Kreuther,0,1,1
2026.02.28,03:30,03:45,Kreuther,0,0,0
2026.02.28,03:45,04:00,Kreuther,0,0,0
2026.02.28,04:00,04:15,Kreuther,0,0,0
2026.02.28,04:15,04:30,Kreuther,0,0,0
2026.02.28,04:30,04:45,Kreuther,0,0,0
2026.02.28,04:45,05:00,Kreuther,0,0,0
2026.02.28,05:00,05:15,Kreuther,0,0,0
2026.02.28,05:15,05:30,Kreuther,1,0,1
2026.02.28,05:30,05:45,Kreuther,1,0,1
2026.02.28,05:45,06:00,Kreuther,1,0,1
2026.02.28,06:00,06:15,Kreuther,0,0,0
2026.02.28,06:15,06:30,Kreuther,0,1,1
2026.02.28,06:30,06:45,Kreuther,1,0,1
2026.02.28,06:45,07:00,Kreuther,0,0,0
2026.02.28,07:00,07:15,Kreuther,1,0,1
2026.02.28,07:15,07:30,Kreuther,1,0,1
2026.02.28,07:30,07:45,Kreuther,3,0,3
2026.02.28,07:45,08:00,Kreuther,2,1,3
2026.02.28,08:00,08:15,Kreuther,2,1,3
2026.02.28,08:15,08:30,Kreuther,5,0,5
2026.02.28,08:30,08:45,Kreuther,2,2,4
2026.02.28,08:45,09:00,Kreuther,3,1,4
2026.02.28,09:00,09:15,Kreuther,13,7,20
2026.02.28,09:15,09:30,Kreuther,12,2,14
2026.02.28,09:30,09:45,Kreuther,2,4,6
2026.02.28,09:45,10:00,Kreuther,5,0,5
2026.02.28,10:00,10:15,Kreuther,3,7,10
2026.02.28,10:15,10:30,Kreuther,14,6,20
2026.02.28,10:30,10:45,Kreuther,5,1,6
2026.02.28,10:45,11:00,Kreuther,9,5,14
2026.02.28,11:00,11:15,Kreuther,8,3,11
2026.02.28,11:15,11:30,Kreuther,10,6,16
2026.02.28,11:30,11:45,Kreuther,5,3,8
2026.02.28,11:45,12:00,Kreuther,4,6,10
2026.02.28,12:00,12:15,Kreuther,14,5,19
2026.02.28,12:15,12:30,Kreuther,8,2,10
2026.02.28,12:30,12:45,Kreuther,8,2,10
2026.02.28,12:45,13:00,Kreuther,8,9,17
2026.02.28,13:00,13:15,Kreuther,17,7,24
2026.02.28,13:15,13:30,Kreuther,9,5,14
2026.02.28,13:30,13:45,Kreuther,13,10,23
2026.02.28,13:45,14:00,Kreuther,13,12,25
2026.02.28,14:00,14:15,Kreuther,7,13,20
2026.02.28,14:15,14:30,Kreuther,10,9,19
2026.02.28,14:30,14:45,Kreuther,7,12,19
2026.02.28,14:45,15:00,Kreuther,7,7,14
2026.02.28,15:00,15:15,Kreuther,5,12,17
2026.02.28,15:15,15:30,Kreuther,13,12,25
2026.02.28,15:30,15:45,Kreuther,21,9,30
2026.02.28,15:45,16:00,Kreuther,7,6,13
2026.02.28,16:00,16:15,Kreuther,6,11,17
2026.02.28,16:15,16:30,Kreuther,7,16,23
2026.02.28,16:30,16:45,Kreuther,7,10,17
2026.02.28,16:45,17:00,Kreuther,9,4,13
2026.02.28,17:00,17:15,Kreuther,8,9,17
2026.02.28,17:15,17:30,Kreuther,9,15,24
2026.02.28,17:30,17:45,Kreuther,5,14,19
2026.02.28,17:45,18:00,Kreuther,7,5,12
2026.02.28,18:00,18:15,Kreuther,9,6,15
2026.02.28,18:15,18:30,Kreuther,3,13,16
2026.02.28,18:30,18:45,Kreuther,4,4,8
2026.02.28,18:45,19:00,Kreuther,10,7,17
2026.02.28,19:00,19:15,Kreuther,2,8,10
2026.02.28,19:15,19:30,Kreuther,1,5,6
2026.02.28,19:30,19:45,Kreuther,3,5,8
2026.02.28,19:45,20:00,Kreuther,0,1,1
2026.02.28,20:00,20:15,Kreuther,3,0,3
2026.02.28,20:15,20:30,Kreuther,0,1,1
2026.02.28,20:30,20:45,Kreuther,2,4,6
2026.02.28,20:45,21:00,Kreuther,2,4,6
2026.02.28,21:00,21:15,Kreuther,0,2,2
2026.02.28,21:15,21:30,Kreuther,4,4,8
2026.02.28,21:30,21:45,Kreuther,0,5,5
2026.02.28,21:45,22:00,Kreuther,0,1,1
2026.02.28,22:00,22:15,Kreuther,1,0,1
2026.02.28,22:15,22:30,Kreuther,3,3,6
2026.02.28,22:30,22:45,Kreuther,0,2,2
2026.02.28,22:45,23:00,Kreuther,1,5,6
2026.02.28,23:00,23:15,Kreuther,0,2,2
2026.02.28,23:15,23:30,Kreuther,0,0,0
2026.02.28,23:30,23:45,Kreuther,0,2,2
2026.02.28,23:45,00:00,Kreuther,0,1,1
2026.02.01,00:00,00:15,Olympia,0,0,0
2026.02.01,00:15,00:30,Olympia,0,0,0
2026.02.01,00:30,00:45,Olympia,1,3,4
2026.02.01,00:45,01:00,Olympia,2,1,3
2026.02.01,01:00,01:15,Olympia,0,0,0
2026.02.01,01:15,01:30,Olympia,1,0,1
2026.02.01,01:30,01:45,Olympia,0,3,3
2026.02.01,01:45,02:00,Olympia,0,0,0
2026.02.01,02:00,02:15,Olympia,0,0,0
2026.02.01,02:15,02:30,Olympia,0,0,0
2026.02.01,02:30,02:45,Olympia,0,0,0
2026.02.01,02:45,03:00,Olympia,0,0,0
2026.02.01,03:00,03:15,Olympia,1,0,1
2026.02.01,03:15,03:30,Olympia,1,0,1
2026.02.01,03:30,03:45,Olympia,0,0,0
2026.02.01,03:45,04:00,Olympia,0,1,1
2026.02.01,04:00,04:15,Olympia,0,0,0
2026.02.01,04:15,04:30,Olympia,0,0,0
2026.02.01,04:30,04:45,Olympia,0,0,0
2026.02.01,04:45,05:00,Olympia,2,0,2
2026.02.01,05:00,05:15,Olympia,0,0,0
2026.02.01,05:15,05:30,Olympia,0,0,0
2026.02.01,05:30,05:45,Olympia,0,0,0
2026.02.01,05:45,06:00,Olympia,0,0,0
2026.02.01,06:00,06:15,Olympia,0,0,0
2026.02.01,06:15,06:30,Olympia,0,0,0
2026.02.01,06:30,06:45,Olympia,1,0,1
2026.02.01,06:45,07:00,Olympia,2,0,2
2026.02.01,07:00,07:15,Olympia,0,0,0
2026.02.01,07:15,07:30,Olympia,0,0,0
2026.02.01,07:30,07:45,Olympia,0,2,2
2026.02.01,07:45,08:00,Olympia,0,2,2
2026.02.01,08:00,08:15,Olympia,2,0,2
2026.02.01,08:15,08:30,Olympia,3,2,5
2026.02.01,08:30,08:45,Olympia,0,4,4
2026.02.01,08:45,09:00,Olympia,4,3,7
2026.02.01,09:00,09:15,Olympia,3,1,4
2026.02.01,09:15,09:30,Olympia,3,2,5
2026.02.01,09:30,09:45,Olympia,4,5,9
2026.02.01,09:45,10:00,Olympia,9,3,12
2026.02.01,10:00,10:15,Olympia,2,5,7
2026.02.01,10:15,10:30,Olympia,5,2,7
2026.02.01,10:30,10:45,Olympia,9,1,10
2026.02.01,10:45,11:00,Olympia,10,6,16
2026.02.01,11:00,11:15,Olympia,4,6,10
2026.02.01,11:15,11:30,Olympia,4,6,10
2026.02.01,11:30,11:45,Olympia,8,11,19
2026.02.01,11:45,12:00,Olympia,6,2,8
2026.02.01,12:00,12:15,Olympia,7,8,15
2026.02.01,12:15,12:30,Olympia,5,3,8
2026.02.01,12:30,12:45,Olympia,15,9,24
2026.02.01,12:45,13:00,Olympia,8,2,10
2026.02.01,13:00,13:15,Olympia,7,3,10
2026.02.01,13:15,13:30,Olympia,25,7,32
2026.02.01,13:30,13:45,Olympia,24,5,29
2026.02.01,13:45,14:00,Olympia,14,11,25
2026.02.01,14:00,14:15,Olympia,23,13,36
2026.02.01,14:15,14:30,Olympia,16,7,23
2026.02.01,14:30,14:45,Olympia,24,18,42
2026.02.01,14:45,15:00,Olympia,20,9,29
2026.02.01,15:00,15:15,Olympia,16,18,34
2026.02.01,15:15,15:30,Olympia,10,12,22
2026.02.01,15:30,15:45,Olympia,15,9,24
2026.02.01,15:45,16:00,Olympia,11,12,23
2026.02.01,16:00,16:15,Olympia,12,17,29
2026.02.01,16:15,16:30,Olympia,18,14,32
2026.02.01,16:30,16:45,Olympia,6,9,15
2026.02.01,16:45,17:00,Olympia,8,16,24
2026.02.01,17:00,17:15,Olympia,7,15,22
2026.02.01,17:15,17:30,Olympia,4,8,12
2026.02.01,17:30,17:45,Olympia,1,5,6
2026.02.01,17:45,18:00,Olympia,11,3,14
2026.02.01,18:00,18:15,Olympia,5,9,14
2026.02.01,18:15,18:30,Olympia,8,4,12
2026.02.01,18:30,18:45,Olympia,0,6,6
2026.02.01,18:45,19:00,Olympia,6,2,8
2026.02.01,19:00,19:15,Olympia,2,3,5
2026.02.01,19:15,19:30,Olympia,5,2,7
2026.02.01,19:30,19:45,Olympia,3,3,6
2026.02.01,19:45,20:00,Olympia,3,2,5
2026.02.01,20:00,20:15,Olympia,4,2,6
2026.02.01,20:15,20:30,Olympia,2,4,6
2026.02.01,20:30,20:45,Olympia,6,3,9
2026.02.01,20:45,21:00,Olympia,4,4,8
2026.02.01,21:00,21:15,Olympia,3,3,6
2026.02.01,21:15,21:30,Olympia,2,2,4
2026.02.01,21:30,21:45,Olympia,1,1,2
2026.02.01,21:45,22:00,Olympia,3,5,8
2026.02.01,22:00,22:15,Olympia,3,3,6
2026.02.01,22:15,22:30,Olympia,1,2,3
2026.02.01,22:30,22:45,Olympia,0,1,1
2026.02.01,22:45,23:00,Olympia,1,0,1
2026.02.01,23:00,23:15,Olympia,1,3,4
2026.02.01,23:15,23:30,Olympia,0,0,0
2026.02.01,23:30,23:45,Olympia,0,0,0
2026.02.01,23:45,00:00,Olympia,0,1,1
2026.02.02,00:00,00:15,Olympia,0,0,0
2026.02.02,00:15,00:30,Olympia,1,0,1
2026.02.02,00:30,00:45,Olympia,0,0,0
2026.02.02,00:45,01:00,Olympia,1,0,1
2026.02.02,01:00,01:15,Olympia,0,0,0
2026.02.02,01:15,01:30,Olympia,0,0,0
2026.02.02,01:30,01:45,Olympia,0,0,0
2026.02.02,01:45,02:00,Olympia,1,0,1
2026.02.02,02:00,02:15,Olympia,0,0,0
2026.02.02,02:15,02:30,Olympia,0,0,0
2026.02.02,02:30,02:45,Olympia,1,0,1
2026.02.02,02:45,03:00,Olympia,0,1,1
2026.02.02,03:00,03:15,Olympia,0,0,0
2026.02.02,03:15,03:30,Olympia,0,0,0
2026.02.02,03:30,03:45,Olympia,0,1,1
2026.02.02,03:45,04:00,Olympia,0,0,0
2026.02.02,04:00,04:15,Olympia,0,0,0
2026.02.02,04:15,04:30,Olympia,0,1,1
2026.02.02,04:30,04:45,Olympia,0,0,0
2026.02.02,04:45,05:00,Olympia,1,0,1
2026.02.02,05:00,05:15,Olympia,0,0,0
2026.02.02,05:15,05:30,Olympia,4,2,6
2026.02.02,05:30,05:45,Olympia,2,3,5
2026.02.02,05:45,06:00,Olympia,2,1,3
2026.02.02,06:00,06:15,Olympia,4,1,5
2026.02.02,06:15,06:30,Olympia,7,5,12
2026.02.02,06:30,06:45,Olympia,8,6,14
2026.02.02,06:45,07:00,Olympia,16,11,27
2026.02.02,07:00,07:15,Olympia,15,13,28
2026.02.02,07:15,07:30,Olympia,27,14,41
2026.02.02,07:30,07:45,Olympia,27,37,64
2026.02.02,07:45,08:00,Olympia,27,38,65
2026.02.02,08:00,08:15,Olympia,31,30,61
2026.02.02,08:15,08:30,Olympia,28,26,54
2026.02.02,08:30,08:45,Olympia,36,26,62
2026.02.02,08:45,09:00,Olympia,40,30,70
2026.02.02,09:00,09:15,Olympia,32,16,48
2026.02.02,09:15,09:30,Olympia,18,22,40
2026.02.02,09:30,09:45,Olympia,15,9,24
2026.02.02,09:45,10:00,Olympia,9,20,29
2026.02.02,10:00,10:15,Olympia,17,11,28
2026.02.02,10:15,10:30,Olympia,11,11,22
2026.02.02,10:30,10:45,Olympia,7,13,20
2026.02.02,10:45,11:00,Olympia,9,12,21
2026.02.02,11:00,11:15,Olympia,7,9,16
2026.02.02,11:15,11:30,Olympia,7,13,20
2026.02.02,11:30,11:45,Olympia,9,14,23
2026.02.02,11:45,12:00,Olympia,12,10,22
2026.02.02,12:00,12:15,Olympia,6,13,19
2026.02.02,12:15,12:30,Olympia,11,12,23
2026.02.02,12:30,12:45,Olympia,8,12,20
2026.02.02,12:45,13:00,Olympia,14,6,20
2026.02.02,13:00,13:15,Olympia,11,9,20
2026.02.02,13:15,13:30,Olympia,8,14,22
2026.02.02,13:30,13:45,Olympia,8,15,23
2026.02.02,13:45,14:00,Olympia,12,9,21
2026.02.02,14:00,14:15,Olympia,19,11,30
2026.02.02,14:15,14:30,Olympia,18,8,26
2026.02.02,14:30,14:45,Olympia,14,17,31
2026.02.02,14:45,15:00,Olympia,11,13,24
2026.02.02,15:00,15:15,Olympia,15,12,27
2026.02.02,15:15,15:30,Olympia,22,17,39
2026.02.02,15:30,15:45,Olympia,38,35,73
2026.02.02,15:45,16:00,Olympia,30,25,55
2026.02.02,16:00,16:15,Olympia,28,27,55
2026.02.02,16:15,16:30,Olympia,30,35,65
2026.02.02,16:30,16:45,Olympia,24,30,54
2026.02.02,16:45,17:00,Olympia,41,24,65
2026.02.02,17:00,17:15,Olympia,28,20,48
2026.02.02,17:15,17:30,Olympia,38,39,77
2026.02.02,17:30,17:45,Olympia,23,24,47
2026.02.02,17:45,18:00,Olympia,39,42,81
2026.02.02,18:00,18:15,Olympia,46,35,81
2026.02.02,18:15,18:30,Olympia,35,41,76
2026.02.02,18:30,18:45,Olympia,33,40,73
2026.02.02,18:45,19:00,Olympia,49,33,82
2026.02.02,19:00,19:15,Olympia,25,15,40
2026.02.02,19:15,19:30,Olympia,21,25,46
2026.02.02,19:30,19:45,Olympia,24,24,48
2026.02.02,19:45,20:00,Olympia,34,7,41
2026.02.02,20:00,20:15,Olympia,23,9,32
2026.02.02,20:15,20:30,Olympia,23,34,57
2026.02.02,20:30,20:45,Olympia,9,14,23
2026.02.02,20:45,21:00,Olympia,15,16,31
2026.02.02,21:00,21:15,Olympia,11,10,21
2026.02.02,21:15,21:30,Olympia,8,11,19
2026.02.02,21:30,21:45,Olympia,4,17,21
2026.02.02,21:45,22:00,Olympia,10,19,29
2026.02.02,22:00,22:15,Olympia,3,8,11
2026.02.02,22:15,22:30,Olympia,3,4,7
2026.02.02,22:30,22:45,Olympia,4,11,15
2026.02.02,22:45,23:00,Olympia,2,27,29
2026.02.02,23:00,23:15,Olympia,3,17,20
2026.02.02,23:15,23:30,Olympia,1,3,4
2026.02.02,23:30,23:45,Olympia,1,1,2
2026.02.02,23:45,00:00,Olympia,3,2,5
2026.02.03,00:00,00:15,Olympia,0,3,3
2026.02.03,00:15,00:30,Olympia,3,3,6
2026.02.03,00:30,00:45,Olympia,1,1,2
2026.02.03,00:45,01:00,Olympia,1,0,1
2026.02.03,01:00,01:15,Olympia,0,1,1
2026.02.03,01:15,01:30,Olympia,0,0,0
2026.02.03,01:30,01:45,Olympia,0,0,0
2026.02.03,01:45,02:00,Olympia,0,0,0
2026.02.03,02:00,02:15,Olympia,0,0,0
2026.02.03,02:15,02:30,Olympia,1,0,1
2026.02.03,02:30,02:45,Olympia,0,0,0
2026.02.03,02:45,03:00,Olympia,2,0,2
2026.02.03,03:00,03:15,Olympia,0,1,1
2026.02.03,03:15,03:30,Olympia,0,0,0
2026.02.03,03:30,03:45,Olympia,0,0,0
2026.02.03,03:45,04:00,Olympia,0,0,0
2026.02.03,04:00,04:15,Olympia,0,0,0
2026.02.03,04:15,04:30,Olympia,0,1,1
2026.02.03,04:30,04:45,Olympia,0,0,0
2026.02.03,04:45,05:00,Olympia,0,0,0
2026.02.03,05:00,05:15,Olympia,1,0,1
2026.02.03,05:15,05:30,Olympia,2,1,3
2026.02.03,05:30,05:45,Olympia,4,1,5
2026.02.03,05:45,06:00,Olympia,2,3,5
2026.02.03,06:00,06:15,Olympia,3,0,3
2026.02.03,06:15,06:30,Olympia,3,4,7
2026.02.03,06:30,06:45,Olympia,13,4,17
2026.02.03,06:45,07:00,Olympia,10,7,17
2026.02.03,07:00,07:15,Olympia,9,1,10
2026.02.03,07:15,07:30,Olympia,10,11,21
2026.02.03,07:30,07:45,Olympia,30,15,45
2026.02.03,07:45,08:00,Olympia,15,29,44
2026.02.03,08:00,08:15,Olympia,38,22,60
2026.02.03,08:15,08:30,Olympia,21,25,46
2026.02.03,08:30,08:45,Olympia,25,13,38
2026.02.03,08:45,09:00,Olympia,29,15,44
2026.02.03,09:00,09:15,Olympia,15,14,29
2026.02.03,09:15,09:30,Olympia,14,9,23
2026.02.03,09:30,09:45,Olympia,5,6,11
2026.02.03,09:45,10:00,Olympia,11,9,20
2026.02.03,10:00,10:15,Olympia,9,7,16
2026.02.03,10:15,10:30,Olympia,7,8,15
2026.02.03,10:30,10:45,Olympia,4,2,6
2026.02.03,10:45,11:00,Olympia,6,6,12
2026.02.03,11:00,11:15,Olympia,6,4,10
2026.02.03,11:15,11:30,Olympia,7,6,13
2026.02.03,11:30,11:45,Olympia,5,6,11
2026.02.03,11:45,12:00,Olympia,5,4,9
2026.02.03,12:00,12:15,Olympia,5,12,17
2026.02.03,12:15,12:30,Olympia,11,4,15
2026.02.03,12:30,12:45,Olympia,7,8,15
2026.02.03,12:45,13:00,Olympia,9,8,17
2026.02.03,13:00,13:15,Olympia,14,8,22
2026.02.03,13:15,13:30,Olympia,16,11,27
2026.02.03,13:30,13:45,Olympia,8,8,16
2026.02.03,13:45,14:00,Olympia,6,6,12
2026.02.03,14:00,14:15,Olympia,10,7,17
2026.02.03,14:15,14:30,Olympia,7,13,20
2026.02.03,14:30,14:45,Olympia,10,10,20
2026.02.03,14:45,15:00,Olympia,14,14,28
2026.02.03,15:00,15:15,Olympia,9,8,17
2026.02.03,15:15,15:30,Olympia,6,14,20
2026.02.03,15:30,15:45,Olympia,24,11,35
2026.02.03,15:45,16:00,Olympia,27,14,41
2026.02.03,16:00,16:15,Olympia,16,15,31
2026.02.03,16:15,16:30,Olympia,19,26,45
2026.02.03,16:30,16:45,Olympia,20,14,34
2026.02.03,16:45,17:00,Olympia,22,20,42
2026.02.03,17:00,17:15,Olympia,25,23,48
2026.02.03,17:15,17:30,Olympia,21,28,49
2026.02.03,17:30,17:45,Olympia,21,31,52
2026.02.03,17:45,18:00,Olympia,33,22,55
2026.02.03,18:00,18:15,Olympia,23,29,52
2026.02.03,18:15,18:30,Olympia,25,31,56
2026.02.03,18:30,18:45,Olympia,15,31,46
2026.02.03,18:45,19:00,Olympia,24,18,42
2026.02.03,19:00,19:15,Olympia,10,16,26
2026.02.03,19:15,19:30,Olympia,21,9,30
2026.02.03,19:30,19:45,Olympia,24,23,47
2026.02.03,19:45,20:00,Olympia,34,16,50
2026.02.03,20:00,20:15,Olympia,14,13,27
2026.02.03,20:15,20:30,Olympia,17,17,34
2026.02.03,20:30,20:45,Olympia,10,5,15
2026.02.03,20:45,21:00,Olympia,10,6,16
2026.02.03,21:00,21:15,Olympia,8,8,16
2026.02.03,21:15,21:30,Olympia,7,14,21
2026.02.03,21:30,21:45,Olympia,7,9,16
2026.02.03,21:45,22:00,Olympia,4,5,9
2026.02.03,22:00,22:15,Olympia,7,4,11
2026.02.03,22:15,22:30,Olympia,5,6,11
2026.02.03,22:30,22:45,Olympia,2,8,10
2026.02.03,22:45,23:00,Olympia,9,26,35
2026.02.03,23:00,23:15,Olympia,2,17,19
2026.02.03,23:15,23:30,Olympia,1,3,4
2026.02.03,23:30,23:45,Olympia,2,0,2
2026.02.03,23:45,00:00,Olympia,1,3,4
2026.02.04,00:00,00:15,Olympia,1,2,3
2026.02.04,00:15,00:30,Olympia,1,0,1
2026.02.04,00:30,00:45,Olympia,0,1,1
2026.02.04,00:45,01:00,Olympia,0,1,1
2026.02.04,01:00,01:15,Olympia,1,0,1
2026.02.04,01:15,01:30,Olympia,1,0,1
2026.02.04,01:30,01:45,Olympia,0,0,0
2026.02.04,01:45,02:00,Olympia,0,0,0
2026.02.04,02:00,02:15,Olympia,1,0,1
2026.02.04,02:15,02:30,Olympia,0,0,0
2026.02.04,02:30,02:45,Olympia,0,0,0
2026.02.04,02:45,03:00,Olympia,0,0,0
2026.02.04,03:00,03:15,Olympia,0,1,1
2026.02.04,03:15,03:30,Olympia,2,0,2
2026.02.04,03:30,03:45,Olympia,0,0,0
2026.02.04,03:45,04:00,Olympia,0,0,0
2026.02.04,04:00,04:15,Olympia,0,0,0
2026.02.04,04:15,04:30,Olympia,0,1,1
2026.02.04,04:30,04:45,Olympia,0,0,0
2026.02.04,04:45,05:00,Olympia,1,1,2
2026.02.04,05:00,05:15,Olympia,1,0,1
2026.02.04,05:15,05:30,Olympia,1,2,3
2026.02.04,05:30,05:45,Olympia,2,3,5
2026.02.04,05:45,06:00,Olympia,3,0,3
2026.02.04,06:00,06:15,Olympia,3,1,4
2026.02.04,06:15,06:30,Olympia,4,3,7
2026.02.04,06:30,06:45,Olympia,9,3,12
2026.02.04,06:45,07:00,Olympia,11,5,16
2026.02.04,07:00,07:15,Olympia,16,9,25
2026.02.04,07:15,07:30,Olympia,10,6,16
2026.02.04,07:30,07:45,Olympia,18,8,26
2026.02.04,07:45,08:00,Olympia,25,26,51
2026.02.04,08:00,08:15,Olympia,30,24,54
2026.02.04,08:15,08:30,Olympia,29,22,51
2026.02.04,08:30,08:45,Olympia,16,23,39
2026.02.04,08:45,09:00,Olympia,21,22,43
2026.02.04,09:00,09:15,Olympia,21,6,27
2026.02.04,09:15,09:30,Olympia,10,6,16
2026.02.04,09:30,09:45,Olympia,7,9,16
2026.02.04,09:45,10:00,Olympia,8,6,14
2026.02.04,10:00,10:15,Olympia,6,5,11
2026.02.04,10:15,10:30,Olympia,4,5,9
2026.02.04,10:30,10:45,Olympia,4,11,15
2026.02.04,10:45,11:00,Olympia,9,7,16
2026.02.04,11:00,11:15,Olympia,8,6,14
2026.02.04,11:15,11:30,Olympia,8,7,15
2026.02.04,11:30,11:45,Olympia,7,2,9
2026.02.04,11:45,12:00,Olympia,11,7,18
2026.02.04,12:00,12:15,Olympia,3,8,11
2026.02.04,12:15,12:30,Olympia,8,5,13
2026.02.04,12:30,12:45,Olympia,6,4,10
2026.02.04,12:45,13:00,Olympia,3,7,10
2026.02.04,13:00,13:15,Olympia,5,6,11
2026.02.04,13:15,13:30,Olympia,12,8,20
2026.02.04,13:30,13:45,Olympia,5,5,10
2026.02.04,13:45,14:00,Olympia,11,9,20
2026.02.04,14:00,14:15,Olympia,11,9,20
2026.02.04,14:15,14:30,Olympia,20,7,27
2026.02.04,14:30,14:45,Olympia,7,12,19
2026.02.04,14:45,15:00,Olympia,12,6,18
2026.02.04,15:00,15:15,Olympia,8,12,20
2026.02.04,15:15,15:30,Olympia,9,6,15
2026.02.04,15:30,15:45,Olympia,21,11,32
2026.02.04,15:45,16:00,Olympia,19,20,39
2026.02.04,16:00,16:15,Olympia,12,13,25
2026.02.04,16:15,16:30,Olympia,19,12,31
2026.02.04,16:30,16:45,Olympia,18,18,36
2026.02.04,16:45,17:00,Olympia,24,19,43
2026.02.04,17:00,17:15,Olympia,19,16,35
2026.02.04,17:15,17:30,Olympia,12,26,38
2026.02.04,17:30,17:45,Olympia,22,31,53
2026.02.04,17:45,18:00,Olympia,25,27,52
2026.02.04,18:00,18:15,Olympia,23,28,51
2026.02.04,18:15,18:30,Olympia,17,22,39
2026.02.04,18:30,18:45,Olympia,17,21,38
2026.02.04,18:45,19:00,Olympia,17,24,41
2026.02.04,19:00,19:15,Olympia,8,15,23
2026.02.04,19:15,19:30,Olympia,10,19,29
2026.02.04,19:30,19:45,Olympia,17,14,31
2026.02.04,19:45,20:00,Olympia,22,6,28
2026.02.04,20:00,20:15,Olympia,10,10,20
2026.02.04,20:15,20:30,Olympia,9,13,22
2026.02.04,20:30,20:45,Olympia,4,8,12
2026.02.04,20:45,21:00,Olympia,6,13,19
2026.02.04,21:00,21:15,Olympia,4,9,13
2026.02.04,21:15,21:30,Olympia,10,6,16
2026.02.04,21:30,21:45,Olympia,5,7,12
2026.02.04,21:45,22:00,Olympia,2,9,11
2026.02.04,22:00,22:15,Olympia,3,5,8
2026.02.04,22:15,22:30,Olympia,4,9,13
2026.02.04,22:30,22:45,Olympia,3,2,5
2026.02.04,22:45,23:00,Olympia,5,9,14
2026.02.04,23:00,23:15,Olympia,1,2,3
2026.02.04,23:15,23:30,Olympia,2,4,6
2026.02.04,23:30,23:45,Olympia,2,2,4
2026.02.04,23:45,00:00,Olympia,0,3,3
2026.02.05,00:00,00:15,Olympia,1,2,3
2026.02.05,00:15,00:30,Olympia,0,0,0
2026.02.05,00:30,00:45,Olympia,0,0,0
2026.02.05,00:45,01:00,Olympia,0,0,0
2026.02.05,01:00,01:15,Olympia,0,0,0
2026.02.05,01:15,01:30,Olympia,0,0,0
2026.02.05,01:30,01:45,Olympia,0,0,0
2026.02.05,01:45,02:00,Olympia,2,0,2
2026.02.05,02:00,02:15,Olympia,0,0,0
2026.02.05,02:15,02:30,Olympia,2,0,2
2026.02.05,02:30,02:45,Olympia,0,0,0
2026.02.05,02:45,03:00,Olympia,0,0,0
2026.02.05,03:00,03:15,Olympia,1,0,1
2026.02.05,03:15,03:30,Olympia,0,0,0
2026.02.05,03:30,03:45,Olympia,0,0,0
2026.02.05,03:45,04:00,Olympia,0,0,0
2026.02.05,04:00,04:15,Olympia,0,1,1
2026.02.05,04:15,04:30,Olympia,1,0,1
2026.02.05,04:30,04:45,Olympia,0,0,0
2026.02.05,04:45,05:00,Olympia,1,0,1
2026.02.05,05:00,05:15,Olympia,1,1,2
2026.02.05,05:15,05:30,Olympia,1,0,1
2026.02.05,05:30,05:45,Olympia,2,1,3
2026.02.05,05:45,06:00,Olympia,3,1,4
2026.02.05,06:00,06:15,Olympia,4,1,5
2026.02.05,06:15,06:30,Olympia,6,1,7
2026.02.05,06:30,06:45,Olympia,9,4,13
2026.02.05,06:45,07:00,Olympia,18,1,19
2026.02.05,07:00,07:15,Olympia,6,2,8
2026.02.05,07:15,07:30,Olympia,9,8,17
2026.02.05,07:30,07:45,Olympia,24,14,38
2026.02.05,07:45,08:00,Olympia,25,17,42
2026.02.05,08:00,08:15,Olympia,31,21,52
2026.02.05,08:15,08:30,Olympia,21,13,34
2026.02.05,08:30,08:45,Olympia,21,22,43
2026.02.05,08:45,09:00,Olympia,20,20,40
2026.02.05,09:00,09:15,Olympia,19,11,30
2026.02.05,09:15,09:30,Olympia,9,5,14
2026.02.05,09:30,09:45,Olympia,8,10,18
2026.02.05,09:45,10:00,Olympia,11,6,17
2026.02.05,10:00,10:15,Olympia,14,9,23
2026.02.05,10:15,10:30,Olympia,6,5,11
2026.02.05,10:30,10:45,Olympia,3,4,7
2026.02.05,10:45,11:00,Olympia,12,3,15
2026.02.05,11:00,11:15,Olympia,6,11,17
2026.02.05,11:15,11:30,Olympia,10,3,13
2026.02.05,11:30,11:45,Olympia,10,5,15
2026.02.05,11:45,12:00,Olympia,7,7,14
2026.02.05,12:00,12:15,Olympia,10,6,16
2026.02.05,12:15,12:30,Olympia,11,8,19
2026.02.05,12:30,12:45,Olympia,5,5,10
2026.02.05,12:45,13:00,Olympia,4,11,15
2026.02.05,13:00,13:15,Olympia,18,7,25
2026.02.05,13:15,13:30,Olympia,11,11,22
2026.02.05,13:30,13:45,Olympia,7,6,13
2026.02.05,13:45,14:00,Olympia,9,7,16
2026.02.05,14:00,14:15,Olympia,14,7,21
2026.02.05,14:15,14:30,Olympia,12,12,24
2026.02.05,14:30,14:45,Olympia,11,13,24
2026.02.05,14:45,15:00,Olympia,16,15,31
2026.02.05,15:00,15:15,Olympia,16,16,32
2026.02.05,15:15,15:30,Olympia,15,10,25
2026.02.05,15:30,15:45,Olympia,20,14,34
2026.02.05,15:45,16:00,Olympia,16,14,30
2026.02.05,16:00,16:15,Olympia,22,25,47
2026.02.05,16:15,16:30,Olympia,17,13,30
2026.02.05,16:30,16:45,Olympia,16,16,32
2026.02.05,16:45,17:00,Olympia,27,18,45
2026.02.05,17:00,17:15,Olympia,12,23,35
2026.02.05,17:15,17:30,Olympia,19,30,49
2026.02.05,17:30,17:45,Olympia,20,25,45
2026.02.05,17:45,18:00,Olympia,27,26,53
2026.02.05,18:00,18:15,Olympia,20,17,37
2026.02.05,18:15,18:30,Olympia,18,21,39
2026.02.05,18:30,18:45,Olympia,20,18,38
2026.02.05,18:45,19:00,Olympia,25,14,39
2026.02.05,19:00,19:15,Olympia,14,14,28
2026.02.05,19:15,19:30,Olympia,21,12,33
2026.02.05,19:30,19:45,Olympia,12,12,24
2026.02.05,19:45,20:00,Olympia,34,12,46
2026.02.05,20:00,20:15,Olympia,26,15,41
2026.02.05,20:15,20:30,Olympia,8,17,25
2026.02.05,20:30,20:45,Olympia,5,12,17
2026.02.05,20:45,21:00,Olympia,11,11,22
2026.02.05,21:00,21:15,Olympia,7,2,9
2026.02.05,21:15,21:30,Olympia,3,8,11
2026.02.05,21:30,21:45,Olympia,3,7,10
2026.02.05,21:45,22:00,Olympia,2,18,20
2026.02.05,22:00,22:15,Olympia,4,5,9
2026.02.05,22:15,22:30,Olympia,8,8,16
2026.02.05,22:30,22:45,Olympia,1,17,18
2026.02.05,22:45,23:00,Olympia,1,9,10
2026.02.05,23:00,23:15,Olympia,2,3,5
2026.02.05,23:15,23:30,Olympia,4,3,7
2026.02.05,23:30,23:45,Olympia,1,1,2
2026.02.05,23:45,00:00,Olympia,2,0,2
2026.02.06,00:00,00:15,Olympia,0,8,8
2026.02.06,00:15,00:30,Olympia,0,1,1
2026.02.06,00:30,00:45,Olympia,0,0,0
2026.02.06,00:45,01:00,Olympia,3,0,3
2026.02.06,01:00,01:15,Olympia,0,0,0
2026.02.06,01:15,01:30,Olympia,1,1,2
2026.02.06,01:30,01:45,Olympia,0,0,0
2026.02.06,01:45,02:00,Olympia,1,0,1
2026.02.06,02:00,02:15,Olympia,0,0,0
2026.02.06,02:15,02:30,Olympia,0,0,0
2026.02.06,02:30,02:45,Olympia,0,0,0
2026.02.06,02:45,03:00,Olympia,0,0,0
2026.02.06,03:00,03:15,Olympia,0,0,0
2026.02.06,03:15,03:30,Olympia,0,0,0
2026.02.06,03:30,03:45,Olympia,0,1,1
2026.02.06,03:45,04:00,Olympia,1,0,1
2026.02.06,04:00,04:15,Olympia,0,0,0
2026.02.06,04:15,04:30,Olympia,0,1,1
2026.02.06,04:30,04:45,Olympia,0,0,0
2026.02.06,04:45,05:00,Olympia,1,0,1
2026.02.06,05:00,05:15,Olympia,1,0,1
2026.02.06,05:15,05:30,Olympia,4,1,5
2026.02.06,05:30,05:45,Olympia,1,1,2
2026.02.06,05:45,06:00,Olympia,2,0,2
2026.02.06,06:00,06:15,Olympia,1,1,2
2026.02.06,06:15,06:30,Olympia,4,2,6
2026.02.06,06:30,06:45,Olympia,4,2,6
2026.02.06,06:45,07:00,Olympia,4,1,5
2026.02.06,07:00,07:15,Olympia,8,2,10
2026.02.06,07:15,07:30,Olympia,11,7,18
2026.02.06,07:30,07:45,Olympia,16,17,33
2026.02.06,07:45,08:00,Olympia,22,16,38
2026.02.06,08:00,08:15,Olympia,26,11,37
2026.02.06,08:15,08:30,Olympia,13,10,23
2026.02.06,08:30,08:45,Olympia,13,10,23
2026.02.06,08:45,09:00,Olympia,13,18,31
2026.02.06,09:00,09:15,Olympia,12,8,20
2026.02.06,09:15,09:30,Olympia,15,5,20
2026.02.06,09:30,09:45,Olympia,3,11,14
2026.02.06,09:45,10:00,Olympia,11,7,18
2026.02.06,10:00,10:15,Olympia,8,2,10
2026.02.06,10:15,10:30,Olympia,9,10,19
2026.02.06,10:30,10:45,Olympia,10,9,19
2026.02.06,10:45,11:00,Olympia,7,10,17
2026.02.06,11:00,11:15,Olympia,10,9,19
2026.02.06,11:15,11:30,Olympia,7,4,11
2026.02.06,11:30,11:45,Olympia,8,5,13
2026.02.06,11:45,12:00,Olympia,7,6,13
2026.02.06,12:00,12:15,Olympia,9,11,20
2026.02.06,12:15,12:30,Olympia,11,7,18
2026.02.06,12:30,12:45,Olympia,14,4,18
2026.02.06,12:45,13:00,Olympia,6,11,17
2026.02.06,13:00,13:15,Olympia,7,8,15
2026.02.06,13:15,13:30,Olympia,13,8,21
2026.02.06,13:30,13:45,Olympia,8,13,21
2026.02.06,13:45,14:00,Olympia,8,9,17
2026.02.06,14:00,14:15,Olympia,6,12,18
2026.02.06,14:15,14:30,Olympia,13,11,24
2026.02.06,14:30,14:45,Olympia,18,9,27
2026.02.06,14:45,15:00,Olympia,20,13,33
2026.02.06,15:00,15:15,Olympia,10,20,30
2026.02.06,15:15,15:30,Olympia,22,13,35
2026.02.06,15:30,15:45,Olympia,22,10,32
2026.02.06,15:45,16:00,Olympia,37,13,50
2026.02.06,16:00,16:15,Olympia,16,13,29
2026.02.06,16:15,16:30,Olympia,11,31,42
2026.02.06,16:30,16:45,Olympia,12,18,30
2026.02.06,16:45,17:00,Olympia,18,18,36
2026.02.06,17:00,17:15,Olympia,13,15,28
2026.02.06,17:15,17:30,Olympia,16,21,37
2026.02.06,17:30,17:45,Olympia,14,16,30
2026.02.06,17:45,18:00,Olympia,22,13,35
2026.02.06,18:00,18:15,Olympia,14,19,33
2026.02.06,18:15,18:30,Olympia,21,26,47
2026.02.06,18:30,18:45,Olympia,12,14,26
2026.02.06,18:45,19:00,Olympia,16,13,29
2026.02.06,19:00,19:15,Olympia,10,14,24
2026.02.06,19:15,19:30,Olympia,5,15,20
2026.02.06,19:30,19:45,Olympia,8,6,14
2026.02.06,19:45,20:00,Olympia,16,11,27
2026.02.06,20:00,20:15,Olympia,6,10,16
2026.02.06,20:15,20:30,Olympia,3,15,18
2026.02.06,20:30,20:45,Olympia,4,8,12
2026.02.06,20:45,21:00,Olympia,1,4,5
2026.02.06,21:00,21:15,Olympia,4,4,8
2026.02.06,21:15,21:30,Olympia,3,5,8
2026.02.06,21:30,21:45,Olympia,4,9,13
2026.02.06,21:45,22:00,Olympia,1,6,7
2026.02.06,22:00,22:15,Olympia,3,8,11
2026.02.06,22:15,22:30,Olympia,3,6,9
2026.02.06,22:30,22:45,Olympia,1,1,2
2026.02.06,22:45,23:00,Olympia,0,7,7
2026.02.06,23:00,23:15,Olympia,3,7,10
2026.02.06,23:15,23:30,Olympia,1,0,1
2026.02.06,23:30,23:45,Olympia,2,4,6
2026.02.06,23:45,00:00,Olympia,4,0,4
2026.02.07,00:00,00:15,Olympia,1,0,1
2026.02.07,00:15,00:30,Olympia,0,4,4
2026.02.07,00:30,00:45,Olympia,0,0,0
2026.02.07,00:45,01:00,Olympia,1,0,1
2026.02.07,01:00,01:15,Olympia,0,0,0
2026.02.07,01:15,01:30,Olympia,5,1,6
2026.02.07,01:30,01:45,Olympia,0,1,1
2026.02.07,01:45,02:00,Olympia,0,0,0
2026.02.07,02:00,02:15,Olympia,2,0,2
2026.02.07,02:15,02:30,Olympia,0,0,0
2026.02.07,02:30,02:45,Olympia,0,1,1
2026.02.07,02:45,03:00,Olympia,0,0,0
2026.02.07,03:00,03:15,Olympia,1,0,1
2026.02.07,03:15,03:30,Olympia,0,0,0
2026.02.07,03:30,03:45,Olympia,1,0,1
2026.02.07,03:45,04:00,Olympia,1,1,2
2026.02.07,04:00,04:15,Olympia,0,0,0
2026.02.07,04:15,04:30,Olympia,0,0,0
2026.02.07,04:30,04:45,Olympia,0,0,0
2026.02.07,04:45,05:00,Olympia,0,0,0
2026.02.07,05:00,05:15,Olympia,0,0,0
2026.02.07,05:15,05:30,Olympia,1,0,1
2026.02.07,05:30,05:45,Olympia,0,2,2
2026.02.07,05:45,06:00,Olympia,1,1,2
2026.02.07,06:00,06:15,Olympia,0,0,0
2026.02.07,06:15,06:30,Olympia,0,0,0
2026.02.07,06:30,06:45,Olympia,1,0,1
2026.02.07,06:45,07:00,Olympia,1,1,2
2026.02.07,07:00,07:15,Olympia,0,0,0
2026.02.07,07:15,07:30,Olympia,6,2,8
2026.02.07,07:30,07:45,Olympia,4,1,5
2026.02.07,07:45,08:00,Olympia,1,3,4
2026.02.07,08:00,08:15,Olympia,3,3,6
2026.02.07,08:15,08:30,Olympia,3,0,3
2026.02.07,08:30,08:45,Olympia,6,2,8
2026.02.07,08:45,09:00,Olympia,6,5,11
2026.02.07,09:00,09:15,Olympia,12,3,15
2026.02.07,09:15,09:30,Olympia,11,2,13
2026.02.07,09:30,09:45,Olympia,8,1,9
2026.02.07,09:45,10:00,Olympia,16,2,18
2026.02.07,10:00,10:15,Olympia,4,5,9
2026.02.07,10:15,10:30,Olympia,15,3,18
2026.02.07,10:30,10:45,Olympia,6,9,15
2026.02.07,10:45,11:00,Olympia,17,8,25
2026.02.07,11:00,11:15,Olympia,11,7,18
2026.02.07,11:15,11:30,Olympia,12,7,19
2026.02.07,11:30,11:45,Olympia,9,7,16
2026.02.07,11:45,12:00,Olympia,13,14,27
2026.02.07,12:00,12:15,Olympia,4,14,18
2026.02.07,12:15,12:30,Olympia,6,14,20
2026.02.07,12:30,12:45,Olympia,22,20,42
2026.02.07,12:45,13:00,Olympia,12,10,22
2026.02.07,13:00,13:15,Olympia,10,21,31
2026.02.07,13:15,13:30,Olympia,19,18,37
2026.02.07,13:30,13:45,Olympia,9,10,19
2026.02.07,13:45,14:00,Olympia,8,18,26
2026.02.07,14:00,14:15,Olympia,22,11,33
2026.02.07,14:15,14:30,Olympia,9,13,22
2026.02.07,14:30,14:45,Olympia,18,16,34
2026.02.07,14:45,15:00,Olympia,7,17,24
2026.02.07,15:00,15:15,Olympia,11,10,21
2026.02.07,15:15,15:30,Olympia,9,14,23
2026.02.07,15:30,15:45,Olympia,7,13,20
2026.02.07,15:45,16:00,Olympia,19,22,41
2026.02.07,16:00,16:15,Olympia,11,23,34
2026.02.07,16:15,16:30,Olympia,8,7,15
2026.02.07,16:30,16:45,Olympia,5,17,22
2026.02.07,16:45,17:00,Olympia,20,9,29
2026.02.07,17:00,17:15,Olympia,5,14,19
2026.02.07,17:15,17:30,Olympia,10,11,21
2026.02.07,17:30,17:45,Olympia,2,10,12
2026.02.07,17:45,18:00,Olympia,12,8,20
2026.02.07,18:00,18:15,Olympia,5,12,17
2026.02.07,18:15,18:30,Olympia,3,18,21
2026.02.07,18:30,18:45,Olympia,5,10,15
2026.02.07,18:45,19:00,Olympia,2,8,10
2026.02.07,19:00,19:15,Olympia,5,6,11
2026.02.07,19:15,19:30,Olympia,7,5,12
2026.02.07,19:30,19:45,Olympia,4,1,5
2026.02.07,19:45,20:00,Olympia,8,2,10
2026.02.07,20:00,20:15,Olympia,1,12,13
2026.02.07,20:15,20:30,Olympia,3,6,9
2026.02.07,20:30,20:45,Olympia,6,5,11
2026.02.07,20:45,21:00,Olympia,5,2,7
2026.02.07,21:00,21:15,Olympia,0,4,4
2026.02.07,21:15,21:30,Olympia,7,3,10
2026.02.07,21:30,21:45,Olympia,6,3,9
2026.02.07,21:45,22:00,Olympia,8,5,13
2026.02.07,22:00,22:15,Olympia,4,3,7
2026.02.07,22:15,22:30,Olympia,1,9,10
2026.02.07,22:30,22:45,Olympia,0,1,1
2026.02.07,22:45,23:00,Olympia,3,1,4
2026.02.07,23:00,23:15,Olympia,3,6,9
2026.02.07,23:15,23:30,Olympia,2,2,4
2026.02.07,23:30,23:45,Olympia,2,3,5
2026.02.07,23:45,00:00,Olympia,1,1,2
2026.02.08,00:00,00:15,Olympia,3,1,4
2026.02.08,00:15,00:30,Olympia,3,2,5
2026.02.08,00:30,00:45,Olympia,4,1,5
2026.02.08,00:45,01:00,Olympia,0,2,2
2026.02.08,01:00,01:15,Olympia,0,1,1
2026.02.08,01:15,01:30,Olympia,0,1,1
2026.02.08,01:30,01:45,Olympia,3,0,3
2026.02.08,01:45,02:00,Olympia,2,0,2
2026.02.08,02:00,02:15,Olympia,0,0,0
2026.02.08,02:15,02:30,Olympia,0,0,0
2026.02.08,02:30,02:45,Olympia,1,0,1
2026.02.08,02:45,03:00,Olympia,3,0,3
2026.02.08,03:00,03:15,Olympia,0,0,0
2026.02.08,03:15,03:30,Olympia,0,0,0
2026.02.08,03:30,03:45,Olympia,0,0,0
2026.02.08,03:45,04:00,Olympia,0,0,0
2026.02.08,04:00,04:15,Olympia,0,0,0
2026.02.08,04:15,04:30,Olympia,0,0,0
2026.02.08,04:30,04:45,Olympia,0,0,0
2026.02.08,04:45,05:00,Olympia,1,0,1
2026.02.08,05:00,05:15,Olympia,0,0,0
2026.02.08,05:15,05:30,Olympia,0,0,0
2026.02.08,05:30,05:45,Olympia,0,1,1
2026.02.08,05:45,06:00,Olympia,0,0,0
2026.02.08,06:00,06:15,Olympia,0,0,0
2026.02.08,06:15,06:30,Olympia,0,0,0
2026.02.08,06:30,06:45,Olympia,1,0,1
2026.02.08,06:45,07:00,Olympia,0,1,1
2026.02.08,07:00,07:15,Olympia,0,2,2
2026.02.08,07:15,07:30,Olympia,0,2,2
2026.02.08,07:30,07:45,Olympia,1,2,3
2026.02.08,07:45,08:00,Olympia,1,0,1
2026.02.08,08:00,08:15,Olympia,0,0,0
2026.02.08,08:15,08:30,Olympia,1,2,3
2026.02.08,08:30,08:45,Olympia,1,2,3
2026.02.08,08:45,09:00,Olympia,4,4,8
2026.02.08,09:00,09:15,Olympia,3,2,5
2026.02.08,09:15,09:30,Olympia,8,1,9
2026.02.08,09:30,09:45,Olympia,8,4,12
2026.02.08,09:45,10:00,Olympia,6,3,9
2026.02.08,10:00,10:15,Olympia,5,0,5
2026.02.08,10:15,10:30,Olympia,6,5,11
2026.02.08,10:30,10:45,Olympia,6,3,9
2026.02.08,10:45,11:00,Olympia,8,5,13
2026.02.08,11:00,11:15,Olympia,10,3,13
2026.02.08,11:15,11:30,Olympia,4,3,7
2026.02.08,11:30,11:45,Olympia,10,13,23
2026.02.08,11:45,12:00,Olympia,5,12,17
2026.02.08,12:00,12:15,Olympia,10,15,25
2026.02.08,12:15,12:30,Olympia,15,6,21
2026.02.08,12:30,12:45,Olympia,14,11,25
2026.02.08,12:45,13:00,Olympia,13,11,24
2026.02.08,13:00,13:15,Olympia,4,15,19
2026.02.08,13:15,13:30,Olympia,7,13,20
2026.02.08,13:30,13:45,Olympia,12,7,19
2026.02.08,13:45,14:00,Olympia,12,12,24
2026.02.08,14:00,14:15,Olympia,15,11,26
2026.02.08,14:15,14:30,Olympia,11,19,30
2026.02.08,14:30,14:45,Olympia,16,17,33
2026.02.08,14:45,15:00,Olympia,31,17,48
2026.02.08,15:00,15:15,Olympia,22,11,33
2026.02.08,15:15,15:30,Olympia,12,15,27
2026.02.08,15:30,15:45,Olympia,16,14,30
2026.02.08,15:45,16:00,Olympia,33,14,47
2026.02.08,16:00,16:15,Olympia,23,20,43
2026.02.08,16:15,16:30,Olympia,15,14,29
2026.02.08,16:30,16:45,Olympia,18,20,38
2026.02.08,16:45,17:00,Olympia,19,16,35
2026.02.08,17:00,17:15,Olympia,9,13,22
2026.02.08,17:15,17:30,Olympia,7,21,28
2026.02.08,17:30,17:45,Olympia,13,19,32
2026.02.08,17:45,18:00,Olympia,8,11,19
2026.02.08,18:00,18:15,Olympia,8,11,19
2026.02.08,18:15,18:30,Olympia,4,4,8
2026.02.08,18:30,18:45,Olympia,6,8,14
2026.02.08,18:45,19:00,Olympia,5,0,5
2026.02.08,19:00,19:15,Olympia,4,3,7
2026.02.08,19:15,19:30,Olympia,2,3,5
2026.02.08,19:30,19:45,Olympia,7,8,15
2026.02.08,19:45,20:00,Olympia,10,6,16
2026.02.08,20:00,20:15,Olympia,9,4,13
2026.02.08,20:15,20:30,Olympia,6,2,8
2026.02.08,20:30,20:45,Olympia,6,7,13
2026.02.08,20:45,21:00,Olympia,2,3,5
2026.02.08,21:00,21:15,Olympia,2,1,3
2026.02.08,21:15,21:30,Olympia,1,3,4
2026.02.08,21:30,21:45,Olympia,1,2,3
2026.02.08,21:45,22:00,Olympia,3,1,4
2026.02.08,22:00,22:15,Olympia,2,5,7
2026.02.08,22:15,22:30,Olympia,1,1,2
2026.02.08,22:30,22:45,Olympia,4,1,5
2026.02.08,22:45,23:00,Olympia,3,3,6
2026.02.08,23:00,23:15,Olympia,1,0,1
2026.02.08,23:15,23:30,Olympia,0,1,1
2026.02.08,23:30,23:45,Olympia,0,4,4
2026.02.08,23:45,00:00,Olympia,2,0,2
2026.02.09,00:00,00:15,Olympia,1,0,1
2026.02.09,00:15,00:30,Olympia,0,0,0
2026.02.09,00:30,00:45,Olympia,0,0,0
2026.02.09,00:45,01:00,Olympia,0,0,0
2026.02.09,01:00,01:15,Olympia,0,1,1
2026.02.09,01:15,01:30,Olympia,0,0,0
2026.02.09,01:30,01:45,Olympia,0,0,0
2026.02.09,01:45,02:00,Olympia,0,0,0
2026.02.09,02:00,02:15,Olympia,0,0,0
2026.02.09,02:15,02:30,Olympia,0,0,0
2026.02.09,02:30,02:45,Olympia,2,0,2
2026.02.09,02:45,03:00,Olympia,0,0,0
2026.02.09,03:00,03:15,Olympia,0,0,0
2026.02.09,03:15,03:30,Olympia,0,0,0
2026.02.09,03:30,03:45,Olympia,0,0,0
2026.02.09,03:45,04:00,Olympia,0,0,0
2026.02.09,04:00,04:15,Olympia,0,0,0
2026.02.09,04:15,04:30,Olympia,0,0,0
2026.02.09,04:30,04:45,Olympia,0,1,1
2026.02.09,04:45,05:00,Olympia,0,0,0
2026.02.09,05:00,05:15,Olympia,2,0,2
2026.02.09,05:15,05:30,Olympia,4,1,5
2026.02.09,05:30,05:45,Olympia,1,1,2
2026.02.09,05:45,06:00,Olympia,2,1,3
2026.02.09,06:00,06:15,Olympia,4,1,5
2026.02.09,06:15,06:30,Olympia,2,1,3
2026.02.09,06:30,06:45,Olympia,11,1,12
2026.02.09,06:45,07:00,Olympia,11,2,13
2026.02.09,07:00,07:15,Olympia,8,7,15
2026.02.09,07:15,07:30,Olympia,14,12,26
2026.02.09,07:30,07:45,Olympia,20,18,38
2026.02.09,07:45,08:00,Olympia,18,19,37
2026.02.09,08:00,08:15,Olympia,25,21,46
2026.02.09,08:15,08:30,Olympia,19,20,39
2026.02.09,08:30,08:45,Olympia,25,12,37
2026.02.09,08:45,09:00,Olympia,18,15,33
2026.02.09,09:00,09:15,Olympia,16,9,25
2026.02.09,09:15,09:30,Olympia,14,9,23
2026.02.09,09:30,09:45,Olympia,8,11,19
2026.02.09,09:45,10:00,Olympia,5,6,11
2026.02.09,10:00,10:15,Olympia,6,9,15
2026.02.09,10:15,10:30,Olympia,10,8,18
2026.02.09,10:30,10:45,Olympia,12,9,21
2026.02.09,10:45,11:00,Olympia,8,6,14
2026.02.09,11:00,11:15,Olympia,1,6,7
2026.02.09,11:15,11:30,Olympia,11,9,20
2026.02.09,11:30,11:45,Olympia,3,7,10
2026.02.09,11:45,12:00,Olympia,5,3,8
2026.02.09,12:00,12:15,Olympia,4,7,11
2026.02.09,12:15,12:30,Olympia,8,8,16
2026.02.09,12:30,12:45,Olympia,7,9,16
2026.02.09,12:45,13:00,Olympia,8,9,17
2026.02.09,13:00,13:15,Olympia,9,3,12
2026.02.09,13:15,13:30,Olympia,8,8,16
2026.02.09,13:30,13:45,Olympia,10,4,14
2026.02.09,13:45,14:00,Olympia,3,5,8
2026.02.09,14:00,14:15,Olympia,4,7,11
2026.02.09,14:15,14:30,Olympia,12,5,17
2026.02.09,14:30,14:45,Olympia,6,8,14
2026.02.09,14:45,15:00,Olympia,14,7,21
2026.02.09,15:00,15:15,Olympia,22,10,32
2026.02.09,15:15,15:30,Olympia,9,6,15
2026.02.09,15:30,15:45,Olympia,13,9,22
2026.02.09,15:45,16:00,Olympia,11,18,29
2026.02.09,16:00,16:15,Olympia,18,10,28
2026.02.09,16:15,16:30,Olympia,22,20,42
2026.02.09,16:30,16:45,Olympia,18,18,36
2026.02.09,16:45,17:00,Olympia,23,23,46
2026.02.09,17:00,17:15,Olympia,21,20,41
2026.02.09,17:15,17:30,Olympia,16,35,51
2026.02.09,17:30,17:45,Olympia,23,21,44
2026.02.09,17:45,18:00,Olympia,30,23,53
2026.02.09,18:00,18:15,Olympia,23,20,43
2026.02.09,18:15,18:30,Olympia,35,35,70
2026.02.09,18:30,18:45,Olympia,21,30,51
2026.02.09,18:45,19:00,Olympia,24,22,46
2026.02.09,19:00,19:15,Olympia,14,19,33
2026.02.09,19:15,19:30,Olympia,10,11,21
2026.02.09,19:30,19:45,Olympia,8,17,25
2026.02.09,19:45,20:00,Olympia,11,9,20
2026.02.09,20:00,20:15,Olympia,11,11,22
2026.02.09,20:15,20:30,Olympia,10,17,27
2026.02.09,20:30,20:45,Olympia,5,7,12
2026.02.09,20:45,21:00,Olympia,6,5,11
2026.02.09,21:00,21:15,Olympia,3,10,13
2026.02.09,21:15,21:30,Olympia,5,9,14
2026.02.09,21:30,21:45,Olympia,3,7,10
2026.02.09,21:45,22:00,Olympia,1,8,9
2026.02.09,22:00,22:15,Olympia,3,13,16
2026.02.09,22:15,22:30,Olympia,3,8,11
2026.02.09,22:30,22:45,Olympia,3,6,9
2026.02.09,22:45,23:00,Olympia,3,9,12
2026.02.09,23:00,23:15,Olympia,2,6,8
2026.02.09,23:15,23:30,Olympia,2,0,2
2026.02.09,23:30,23:45,Olympia,2,1,3
2026.02.09,23:45,00:00,Olympia,2,0,2
2026.02.10,00:00,00:15,Olympia,2,0,2
2026.02.10,00:15,00:30,Olympia,0,1,1
2026.02.10,00:30,00:45,Olympia,2,0,2
2026.02.10,00:45,01:00,Olympia,0,0,0
2026.02.10,01:00,01:15,Olympia,0,0,0
2026.02.10,01:15,01:30,Olympia,0,0,0
2026.02.10,01:30,01:45,Olympia,0,0,0
2026.02.10,01:45,02:00,Olympia,0,0,0
2026.02.10,02:00,02:15,Olympia,0,0,0
2026.02.10,02:15,02:30,Olympia,0,0,0
2026.02.10,02:30,02:45,Olympia,0,0,0
2026.02.10,02:45,03:00,Olympia,0,0,0
2026.02.10,03:00,03:15,Olympia,0,0,0
2026.02.10,03:15,03:30,Olympia,0,0,0
2026.02.10,03:30,03:45,Olympia,0,0,0
2026.02.10,03:45,04:00,Olympia,0,0,0
2026.02.10,04:00,04:15,Olympia,0,1,1
2026.02.10,04:15,04:30,Olympia,0,0,0
2026.02.10,04:30,04:45,Olympia,0,0,0
2026.02.10,04:45,05:00,Olympia,0,0,0
2026.02.10,05:00,05:15,Olympia,1,1,2
2026.02.10,05:15,05:30,Olympia,6,1,7
2026.02.10,05:30,05:45,Olympia,1,0,1
2026.02.10,05:45,06:00,Olympia,3,1,4
2026.02.10,06:00,06:15,Olympia,3,1,4
2026.02.10,06:15,06:30,Olympia,4,3,7
2026.02.10,06:30,06:45,Olympia,9,0,9
2026.02.10,06:45,07:00,Olympia,17,6,23
2026.02.10,07:00,07:15,Olympia,9,4,13
2026.02.10,07:15,07:30,Olympia,11,12,23
2026.02.10,07:30,07:45,Olympia,12,16,28
2026.02.10,07:45,08:00,Olympia,19,28,47
2026.02.10,08:00,08:15,Olympia,26,19,45
2026.02.10,08:15,08:30,Olympia,27,26,53
2026.02.10,08:30,08:45,Olympia,31,10,41
2026.02.10,08:45,09:00,Olympia,17,19,36
2026.02.10,09:00,09:15,Olympia,21,12,33
2026.02.10,09:15,09:30,Olympia,12,7,19
2026.02.10,09:30,09:45,Olympia,13,6,19
2026.02.10,09:45,10:00,Olympia,8,8,16
2026.02.10,10:00,10:15,Olympia,9,10,19
2026.02.10,10:15,10:30,Olympia,8,10,18
2026.02.10,10:30,10:45,Olympia,10,6,16
2026.02.10,10:45,11:00,Olympia,6,14,20
2026.02.10,11:00,11:15,Olympia,9,6,15
2026.02.10,11:15,11:30,Olympia,9,12,21
2026.02.10,11:30,11:45,Olympia,11,8,19
2026.02.10,11:45,12:00,Olympia,11,11,22
2026.02.10,12:00,12:15,Olympia,6,9,15
2026.02.10,12:15,12:30,Olympia,13,11,24
2026.02.10,12:30,12:45,Olympia,13,8,21
2026.02.10,12:45,13:00,Olympia,9,11,20
2026.02.10,13:00,13:15,Olympia,17,13,30
2026.02.10,13:15,13:30,Olympia,10,11,21
2026.02.10,13:30,13:45,Olympia,6,13,19
2026.02.10,13:45,14:00,Olympia,6,12,18
2026.02.10,14:00,14:15,Olympia,10,20,30
2026.02.10,14:15,14:30,Olympia,14,9,23
2026.02.10,14:30,14:45,Olympia,14,8,22
2026.02.10,14:45,15:00,Olympia,21,9,30
2026.02.10,15:00,15:15,Olympia,12,15,27
2026.02.10,15:15,15:30,Olympia,13,12,25
2026.02.10,15:30,15:45,Olympia,22,18,40
2026.02.10,15:45,16:00,Olympia,17,16,33
2026.02.10,16:00,16:15,Olympia,14,20,34
2026.02.10,16:15,16:30,Olympia,16,23,39
2026.02.10,16:30,16:45,Olympia,20,17,37
2026.02.10,16:45,17:00,Olympia,19,14,33
2026.02.10,17:00,17:15,Olympia,22,14,36
2026.02.10,17:15,17:30,Olympia,22,17,39
2026.02.10,17:30,17:45,Olympia,27,18,45
2026.02.10,17:45,18:00,Olympia,27,27,54
2026.02.10,18:00,18:15,Olympia,23,23,46
2026.02.10,18:15,18:30,Olympia,21,27,48
2026.02.10,18:30,18:45,Olympia,13,20,33
2026.02.10,18:45,19:00,Olympia,24,29,53
2026.02.10,19:00,19:15,Olympia,18,12,30
2026.02.10,19:15,19:30,Olympia,8,15,23
2026.02.10,19:30,19:45,Olympia,9,18,27
2026.02.10,19:45,20:00,Olympia,17,17,34
2026.02.10,20:00,20:15,Olympia,25,14,39
2026.02.10,20:15,20:30,Olympia,8,11,19
2026.02.10,20:30,20:45,Olympia,6,7,13
2026.02.10,20:45,21:00,Olympia,12,9,21
2026.02.10,21:00,21:15,Olympia,5,4,9
2026.02.10,21:15,21:30,Olympia,6,4,10
2026.02.10,21:30,21:45,Olympia,6,15,21
2026.02.10,21:45,22:00,Olympia,2,13,15
2026.02.10,22:00,22:15,Olympia,4,16,20
2026.02.10,22:15,22:30,Olympia,3,10,13
2026.02.10,22:30,22:45,Olympia,4,6,10
2026.02.10,22:45,23:00,Olympia,1,4,5
2026.02.10,23:00,23:15,Olympia,4,2,6
2026.02.10,23:15,23:30,Olympia,2,3,5
2026.02.10,23:30,23:45,Olympia,4,4,8
2026.02.10,23:45,00:00,Olympia,2,0,2
2026.02.11,00:00,00:15,Olympia,0,3,3
2026.02.11,00:15,00:30,Olympia,2,0,2
2026.02.11,00:30,00:45,Olympia,2,0,2
2026.02.11,00:45,01:00,Olympia,0,2,2
2026.02.11,01:00,01:15,Olympia,0,0,0
2026.02.11,01:15,01:30,Olympia,0,0,0
2026.02.11,01:30,01:45,Olympia,0,0,0
2026.02.11,01:45,02:00,Olympia,0,0,0
2026.02.11,02:00,02:15,Olympia,1,0,1
2026.02.11,02:15,02:30,Olympia,0,0,0
2026.02.11,02:30,02:45,Olympia,0,0,0
2026.02.11,02:45,03:00,Olympia,0,0,0
2026.02.11,03:00,03:15,Olympia,1,0,1
2026.02.11,03:15,03:30,Olympia,0,0,0
2026.02.11,03:30,03:45,Olympia,0,0,0
2026.02.11,03:45,04:00,Olympia,0,0,0
2026.02.11,04:00,04:15,Olympia,0,0,0
2026.02.11,04:15,04:30,Olympia,0,0,0
2026.02.11,04:30,04:45,Olympia,0,0,0
2026.02.11,04:45,05:00,Olympia,0,0,0
2026.02.11,05:00,05:15,Olympia,2,0,2
2026.02.11,05:15,05:30,Olympia,3,2,5
2026.02.11,05:30,05:45,Olympia,4,2,6
2026.02.11,05:45,06:00,Olympia,3,3,6
2026.02.11,06:00,06:15,Olympia,4,4,8
2026.02.11,06:15,06:30,Olympia,4,5,9
2026.02.11,06:30,06:45,Olympia,11,6,17
2026.02.11,06:45,07:00,Olympia,14,7,21
2026.02.11,07:00,07:15,Olympia,10,11,21
2026.02.11,07:15,07:30,Olympia,23,25,48
2026.02.11,07:30,07:45,Olympia,34,27,61
2026.02.11,07:45,08:00,Olympia,37,33,70
2026.02.11,08:00,08:15,Olympia,22,28,50
2026.02.11,08:15,08:30,Olympia,36,37,73
2026.02.11,08:30,08:45,Olympia,25,27,52
2026.02.11,08:45,09:00,Olympia,38,31,69
2026.02.11,09:00,09:15,Olympia,26,21,47
2026.02.11,09:15,09:30,Olympia,17,20,37
2026.02.11,09:30,09:45,Olympia,12,12,24
2026.02.11,09:45,10:00,Olympia,15,19,34
2026.02.11,10:00,10:15,Olympia,10,6,16
2026.02.11,10:15,10:30,Olympia,18,15,33
2026.02.11,10:30,10:45,Olympia,15,7,22
2026.02.11,10:45,11:00,Olympia,7,9,16
2026.02.11,11:00,11:15,Olympia,12,14,26
2026.02.11,11:15,11:30,Olympia,17,18,35
2026.02.11,11:30,11:45,Olympia,8,7,15
2026.02.11,11:45,12:00,Olympia,19,20,39
2026.02.11,12:00,12:15,Olympia,9,14,23
2026.02.11,12:15,12:30,Olympia,12,10,22
2026.02.11,12:30,12:45,Olympia,26,13,39
2026.02.11,12:45,13:00,Olympia,19,16,35
2026.02.11,13:00,13:15,Olympia,8,21,29
2026.02.11,13:15,13:30,Olympia,15,21,36
2026.02.11,13:30,13:45,Olympia,15,26,41
2026.02.11,13:45,14:00,Olympia,16,18,34
2026.02.11,14:00,14:15,Olympia,15,10,25
2026.02.11,14:15,14:30,Olympia,12,12,24
2026.02.11,14:30,14:45,Olympia,17,16,33
2026.02.11,14:45,15:00,Olympia,15,13,28
2026.02.11,15:00,15:15,Olympia,18,18,36
2026.02.11,15:15,15:30,Olympia,17,16,33
2026.02.11,15:30,15:45,Olympia,12,24,36
2026.02.11,15:45,16:00,Olympia,24,22,46
2026.02.11,16:00,16:15,Olympia,16,34,50
2026.02.11,16:15,16:30,Olympia,21,24,45
2026.02.11,16:30,16:45,Olympia,28,23,51
2026.02.11,16:45,17:00,Olympia,25,22,47
2026.02.11,17:00,17:15,Olympia,30,25,55
2026.02.11,17:15,17:30,Olympia,29,35,64
2026.02.11,17:30,17:45,Olympia,35,30,65
2026.02.11,17:45,18:00,Olympia,26,27,53
2026.02.11,18:00,18:15,Olympia,25,26,51
2026.02.11,18:15,18:30,Olympia,35,27,62
2026.02.11,18:30,18:45,Olympia,26,44,70
2026.02.11,18:45,19:00,Olympia,39,36,75
2026.02.11,19:00,19:15,Olympia,20,24,44
2026.02.11,19:15,19:30,Olympia,9,15,24
2026.02.11,19:30,19:45,Olympia,13,21,34
2026.02.11,19:45,20:00,Olympia,25,16,41
2026.02.11,20:00,20:15,Olympia,9,16,25
2026.02.11,20:15,20:30,Olympia,16,28,44
2026.02.11,20:30,20:45,Olympia,6,11,17
2026.02.11,20:45,21:00,Olympia,10,6,16
2026.02.11,21:00,21:15,Olympia,6,14,20
2026.02.11,21:15,21:30,Olympia,9,6,15
2026.02.11,21:30,21:45,Olympia,12,7,19
2026.02.11,21:45,22:00,Olympia,6,9,15
2026.02.11,22:00,22:15,Olympia,7,5,12
2026.02.11,22:15,22:30,Olympia,9,8,17
2026.02.11,22:30,22:45,Olympia,6,4,10
2026.02.11,22:45,23:00,Olympia,6,10,16
2026.02.11,23:00,23:15,Olympia,6,8,14
2026.02.11,23:15,23:30,Olympia,1,2,3
2026.02.11,23:30,23:45,Olympia,4,3,7
2026.02.11,23:45,00:00,Olympia,5,2,7
2026.02.12,00:00,00:15,Olympia,2,3,5
2026.02.12,00:15,00:30,Olympia,1,2,3
2026.02.12,00:30,00:45,Olympia,4,0,4
2026.02.12,00:45,01:00,Olympia,1,1,2
2026.02.12,01:00,01:15,Olympia,0,0,0
2026.02.12,01:15,01:30,Olympia,1,0,1
2026.02.12,01:30,01:45,Olympia,1,0,1
2026.02.12,01:45,02:00,Olympia,0,0,0
2026.02.12,02:00,02:15,Olympia,0,0,0
2026.02.12,02:15,02:30,Olympia,0,0,0
2026.02.12,02:30,02:45,Olympia,1,0,1
2026.02.12,02:45,03:00,Olympia,0,0,0
2026.02.12,03:00,03:15,Olympia,0,0,0
2026.02.12,03:15,03:30,Olympia,0,0,0
2026.02.12,03:30,03:45,Olympia,1,0,1
2026.02.12,03:45,04:00,Olympia,1,0,1
2026.02.12,04:00,04:15,Olympia,0,1,1
2026.02.12,04:15,04:30,Olympia,0,0,0
2026.02.12,04:30,04:45,Olympia,0,0,0
2026.02.12,04:45,05:00,Olympia,0,0,0
2026.02.12,05:00,05:15,Olympia,0,0,0
2026.02.12,05:15,05:30,Olympia,2,0,2
2026.02.12,05:30,05:45,Olympia,3,0,3
2026.02.12,05:45,06:00,Olympia,4,2,6
2026.02.12,06:00,06:15,Olympia,2,2,4
2026.02.12,06:15,06:30,Olympia,4,3,7
2026.02.12,06:30,06:45,Olympia,7,2,9
2026.02.12,06:45,07:00,Olympia,14,6,20
2026.02.12,07:00,07:15,Olympia,7,4,11
2026.02.12,07:15,07:30,Olympia,12,9,21
2026.02.12,07:30,07:45,Olympia,22,13,35
2026.02.12,07:45,08:00,Olympia,28,24,52
2026.02.12,08:00,08:15,Olympia,22,21,43
2026.02.12,08:15,08:30,Olympia,24,28,52
2026.02.12,08:30,08:45,Olympia,28,17,45
2026.02.12,08:45,09:00,Olympia,19,12,31
2026.02.12,09:00,09:15,Olympia,23,13,36
2026.02.12,09:15,09:30,Olympia,29,11,40
2026.02.12,09:30,09:45,Olympia,17,10,27
2026.02.12,09:45,10:00,Olympia,14,5,19
2026.02.12,10:00,10:15,Olympia,7,5,12
2026.02.12,10:15,10:30,Olympia,4,4,8
2026.02.12,10:30,10:45,Olympia,9,4,13
2026.02.12,10:45,11:00,Olympia,13,6,19
2026.02.12,11:00,11:15,Olympia,13,9,22
2026.02.12,11:15,11:30,Olympia,10,11,21
2026.02.12,11:30,11:45,Olympia,10,4,14
2026.02.12,11:45,12:00,Olympia,3,9,12
2026.02.12,12:00,12:15,Olympia,12,10,22
2026.02.12,12:15,12:30,Olympia,12,10,22
2026.02.12,12:30,12:45,Olympia,11,10,21
2026.02.12,12:45,13:00,Olympia,12,10,22
2026.02.12,13:00,13:15,Olympia,4,11,15
2026.02.12,13:15,13:30,Olympia,10,4,14
2026.02.12,13:30,13:45,Olympia,9,10,19
2026.02.12,13:45,14:00,Olympia,3,12,15
2026.02.12,14:00,14:15,Olympia,8,12,20
2026.02.12,14:15,14:30,Olympia,6,4,10
2026.02.12,14:30,14:45,Olympia,2,9,11
2026.02.12,14:45,15:00,Olympia,1,8,9
2026.02.12,15:00,15:15,Olympia,9,18,27
2026.02.12,15:15,15:30,Olympia,8,7,15
2026.02.12,15:30,15:45,Olympia,7,8,15
2026.02.12,15:45,16:00,Olympia,10,12,22
2026.02.12,16:00,16:15,Olympia,14,9,23
2026.02.12,16:15,16:30,Olympia,9,9,18
2026.02.12,16:30,16:45,Olympia,8,14,22
2026.02.12,16:45,17:00,Olympia,16,13,29
2026.02.12,17:00,17:15,Olympia,17,16,33
2026.02.12,17:15,17:30,Olympia,17,19,36
2026.02.12,17:30,17:45,Olympia,9,23,32
2026.02.12,17:45,18:00,Olympia,17,17,34
2026.02.12,18:00,18:15,Olympia,18,16,34
2026.02.12,18:15,18:30,Olympia,36,18,54
2026.02.12,18:30,18:45,Olympia,17,27,44
2026.02.12,18:45,19:00,Olympia,16,13,29
2026.02.12,19:00,19:15,Olympia,13,16,29
2026.02.12,19:15,19:30,Olympia,10,15,25
2026.02.12,19:30,19:45,Olympia,6,16,22
2026.02.12,19:45,20:00,Olympia,8,13,21
2026.02.12,20:00,20:15,Olympia,7,16,23
2026.02.12,20:15,20:30,Olympia,7,12,19
2026.02.12,20:30,20:45,Olympia,6,6,12
2026.02.12,20:45,21:00,Olympia,4,5,9
2026.02.12,21:00,21:15,Olympia,7,6,13
2026.02.12,21:15,21:30,Olympia,7,7,14
2026.02.12,21:30,21:45,Olympia,3,10,13
2026.02.12,21:45,22:00,Olympia,4,8,12
2026.02.12,22:00,22:15,Olympia,0,3,3
2026.02.12,22:15,22:30,Olympia,1,6,7
2026.02.12,22:30,22:45,Olympia,2,4,6
2026.02.12,22:45,23:00,Olympia,4,8,12
2026.02.12,23:00,23:15,Olympia,1,3,4
2026.02.12,23:15,23:30,Olympia,0,3,3
2026.02.12,23:30,23:45,Olympia,1,0,1
2026.02.12,23:45,00:00,Olympia,2,0,2
2026.02.13,00:00,00:15,Olympia,3,3,6
2026.02.13,00:15,00:30,Olympia,1,0,1
2026.02.13,00:30,00:45,Olympia,1,1,2
2026.02.13,00:45,01:00,Olympia,1,0,1
2026.02.13,01:00,01:15,Olympia,0,1,1
2026.02.13,01:15,01:30,Olympia,0,0,0
2026.02.13,01:30,01:45,Olympia,3,1,4
2026.02.13,01:45,02:00,Olympia,0,0,0
2026.02.13,02:00,02:15,Olympia,0,0,0
2026.02.13,02:15,02:30,Olympia,0,1,1
2026.02.13,02:30,02:45,Olympia,0,0,0
2026.02.13,02:45,03:00,Olympia,1,0,1
2026.02.13,03:00,03:15,Olympia,1,0,1
2026.02.13,03:15,03:30,Olympia,0,0,0
2026.02.13,03:30,03:45,Olympia,0,0,0
2026.02.13,03:45,04:00,Olympia,0,0,0
2026.02.13,04:00,04:15,Olympia,0,1,1
2026.02.13,04:15,04:30,Olympia,0,0,0
2026.02.13,04:30,04:45,Olympia,0,0,0
2026.02.13,04:45,05:00,Olympia,0,0,0
2026.02.13,05:00,05:15,Olympia,0,0,0
2026.02.13,05:15,05:30,Olympia,1,1,2
2026.02.13,05:30,05:45,Olympia,0,1,1
2026.02.13,05:45,06:00,Olympia,2,0,2
2026.02.13,06:00,06:15,Olympia,2,1,3
2026.02.13,06:15,06:30,Olympia,5,1,6
2026.02.13,06:30,06:45,Olympia,5,2,7
2026.02.13,06:45,07:00,Olympia,8,3,11
2026.02.13,07:00,07:15,Olympia,3,3,6
2026.02.13,07:15,07:30,Olympia,10,6,16
2026.02.13,07:30,07:45,Olympia,20,15,35
2026.02.13,07:45,08:00,Olympia,18,13,31
2026.02.13,08:00,08:15,Olympia,14,13,27
2026.02.13,08:15,08:30,Olympia,19,17,36
2026.02.13,08:30,08:45,Olympia,17,12,29
2026.02.13,08:45,09:00,Olympia,18,14,32
2026.02.13,09:00,09:15,Olympia,12,9,21
2026.02.13,09:15,09:30,Olympia,10,8,18
2026.02.13,09:30,09:45,Olympia,8,15,23
2026.02.13,09:45,10:00,Olympia,6,9,15
2026.02.13,10:00,10:15,Olympia,12,11,23
2026.02.13,10:15,10:30,Olympia,4,9,13
2026.02.13,10:30,10:45,Olympia,6,6,12
2026.02.13,10:45,11:00,Olympia,9,7,16
2026.02.13,11:00,11:15,Olympia,9,3,12
2026.02.13,11:15,11:30,Olympia,4,8,12
2026.02.13,11:30,11:45,Olympia,9,5,14
2026.02.13,11:45,12:00,Olympia,8,8,16
2026.02.13,12:00,12:15,Olympia,9,8,17
2026.02.13,12:15,12:30,Olympia,23,9,32
2026.02.13,12:30,12:45,Olympia,11,12,23
2026.02.13,12:45,13:00,Olympia,16,16,32
2026.02.13,13:00,13:15,Olympia,6,6,12
2026.02.13,13:15,13:30,Olympia,17,11,28
2026.02.13,13:30,13:45,Olympia,12,9,21
2026.02.13,13:45,14:00,Olympia,11,12,23
2026.02.13,14:00,14:15,Olympia,17,10,27
2026.02.13,14:15,14:30,Olympia,13,11,24
2026.02.13,14:30,14:45,Olympia,12,19,31
2026.02.13,14:45,15:00,Olympia,19,13,32
2026.02.13,15:00,15:15,Olympia,21,15,36
2026.02.13,15:15,15:30,Olympia,20,14,34
2026.02.13,15:30,15:45,Olympia,21,15,36
2026.02.13,15:45,16:00,Olympia,37,14,51
2026.02.13,16:00,16:15,Olympia,20,16,36
2026.02.13,16:15,16:30,Olympia,17,18,35
2026.02.13,16:30,16:45,Olympia,21,29,50
2026.02.13,16:45,17:00,Olympia,18,13,31
2026.02.13,17:00,17:15,Olympia,12,21,33
2026.02.13,17:15,17:30,Olympia,22,21,43
2026.02.13,17:30,17:45,Olympia,21,18,39
2026.02.13,17:45,18:00,Olympia,15,25,40
2026.02.13,18:00,18:15,Olympia,17,30,47
2026.02.13,18:15,18:30,Olympia,14,25,39
2026.02.13,18:30,18:45,Olympia,8,13,21
2026.02.13,18:45,19:00,Olympia,16,18,34
2026.02.13,19:00,19:15,Olympia,8,7,15
2026.02.13,19:15,19:30,Olympia,9,14,23
2026.02.13,19:30,19:45,Olympia,9,13,22
2026.02.13,19:45,20:00,Olympia,19,8,27
2026.02.13,20:00,20:15,Olympia,7,9,16
2026.02.13,20:15,20:30,Olympia,4,18,22
2026.02.13,20:30,20:45,Olympia,8,10,18
2026.02.13,20:45,21:00,Olympia,3,3,6
2026.02.13,21:00,21:15,Olympia,4,3,7
2026.02.13,21:15,21:30,Olympia,2,11,13
2026.02.13,21:30,21:45,Olympia,2,4,6
2026.02.13,21:45,22:00,Olympia,0,1,1
2026.02.13,22:00,22:15,Olympia,1,11,12
2026.02.13,22:15,22:30,Olympia,3,3,6
2026.02.13,22:30,22:45,Olympia,2,11,13
2026.02.13,22:45,23:00,Olympia,2,3,5
2026.02.13,23:00,23:15,Olympia,2,5,7
2026.02.13,23:15,23:30,Olympia,1,2,3
2026.02.13,23:30,23:45,Olympia,2,1,3
2026.02.13,23:45,00:00,Olympia,0,1,1
2026.02.14,00:00,00:15,Olympia,6,1,7
2026.02.14,00:15,00:30,Olympia,0,0,0
2026.02.14,00:30,00:45,Olympia,1,0,1
2026.02.14,00:45,01:00,Olympia,0,0,0
2026.02.14,01:00,01:15,Olympia,4,0,4
2026.02.14,01:15,01:30,Olympia,2,0,2
2026.02.14,01:30,01:45,Olympia,0,1,1
2026.02.14,01:45,02:00,Olympia,0,2,2
2026.02.14,02:00,02:15,Olympia,2,1,3
2026.02.14,02:15,02:30,Olympia,2,0,2
2026.02.14,02:30,02:45,Olympia,1,0,1
2026.02.14,02:45,03:00,Olympia,2,0,2
2026.02.14,03:00,03:15,Olympia,0,0,0
2026.02.14,03:15,03:30,Olympia,0,0,0
2026.02.14,03:30,03:45,Olympia,0,2,2
2026.02.14,03:45,04:00,Olympia,0,0,0
2026.02.14,04:00,04:15,Olympia,0,0,0
2026.02.14,04:15,04:30,Olympia,0,0,0
2026.02.14,04:30,04:45,Olympia,0,0,0
2026.02.14,04:45,05:00,Olympia,1,1,2
2026.02.14,05:00,05:15,Olympia,0,0,0
2026.02.14,05:15,05:30,Olympia,0,0,0
2026.02.14,05:30,05:45,Olympia,0,1,1
2026.02.14,05:45,06:00,Olympia,0,1,1
2026.02.14,06:00,06:15,Olympia,0,0,0
2026.02.14,06:15,06:30,Olympia,0,1,1
2026.02.14,06:30,06:45,Olympia,0,2,2
2026.02.14,06:45,07:00,Olympia,2,1,3
2026.02.14,07:00,07:15,Olympia,1,1,2
2026.02.14,07:15,07:30,Olympia,0,0,0
2026.02.14,07:30,07:45,Olympia,3,4,7
2026.02.14,07:45,08:00,Olympia,0,1,1
2026.02.14,08:00,08:15,Olympia,2,2,4
2026.02.14,08:15,08:30,Olympia,0,0,0
2026.02.14,08:30,08:45,Olympia,3,0,3
2026.02.14,08:45,09:00,Olympia,7,0,7
2026.02.14,09:00,09:15,Olympia,11,1,12
2026.02.14,09:15,09:30,Olympia,9,5,14
2026.02.14,09:30,09:45,Olympia,14,1,15
2026.02.14,09:45,10:00,Olympia,10,3,13
2026.02.14,10:00,10:15,Olympia,17,5,22
2026.02.14,10:15,10:30,Olympia,11,8,19
2026.02.14,10:30,10:45,Olympia,13,14,27
2026.02.14,10:45,11:00,Olympia,12,11,23
2026.02.14,11:00,11:15,Olympia,9,7,16
2026.02.14,11:15,11:30,Olympia,17,6,23
2026.02.14,11:30,11:45,Olympia,16,10,26
2026.02.14,11:45,12:00,Olympia,15,18,33
2026.02.14,12:00,12:15,Olympia,13,12,25
2026.02.14,12:15,12:30,Olympia,14,15,29
2026.02.14,12:30,12:45,Olympia,10,7,17
2026.02.14,12:45,13:00,Olympia,13,14,27
2026.02.14,13:00,13:15,Olympia,8,16,24
2026.02.14,13:15,13:30,Olympia,5,19,24
2026.02.14,13:30,13:45,Olympia,15,14,29
2026.02.14,13:45,14:00,Olympia,14,15,29
2026.02.14,14:00,14:15,Olympia,8,9,17
2026.02.14,14:15,14:30,Olympia,6,10,16
2026.02.14,14:30,14:45,Olympia,12,4,16
2026.02.14,14:45,15:00,Olympia,12,9,21
2026.02.14,15:00,15:15,Olympia,3,8,11
2026.02.14,15:15,15:30,Olympia,4,8,12
2026.02.14,15:30,15:45,Olympia,9,7,16
2026.02.14,15:45,16:00,Olympia,5,7,12
2026.02.14,16:00,16:15,Olympia,9,5,14
2026.02.14,16:15,16:30,Olympia,7,8,15
2026.02.14,16:30,16:45,Olympia,6,7,13
2026.02.14,16:45,17:00,Olympia,6,8,14
2026.02.14,17:00,17:15,Olympia,4,1,5
2026.02.14,17:15,17:30,Olympia,4,6,10
2026.02.14,17:30,17:45,Olympia,5,5,10
2026.02.14,17:45,18:00,Olympia,1,5,6
2026.02.14,18:00,18:15,Olympia,6,9,15
2026.02.14,18:15,18:30,Olympia,3,3,6
2026.02.14,18:30,18:45,Olympia,1,4,5
2026.02.14,18:45,19:00,Olympia,14,3,17
2026.02.14,19:00,19:15,Olympia,13,4,17
2026.02.14,19:15,19:30,Olympia,7,3,10
2026.02.14,19:30,19:45,Olympia,16,1,17
2026.02.14,19:45,20:00,Olympia,4,0,4
2026.02.14,20:00,20:15,Olympia,2,2,4
2026.02.14,20:15,20:30,Olympia,2,1,3
2026.02.14,20:30,20:45,Olympia,3,0,3
2026.02.14,20:45,21:00,Olympia,1,3,4
2026.02.14,21:00,21:15,Olympia,0,3,3
2026.02.14,21:15,21:30,Olympia,0,3,3
2026.02.14,21:30,21:45,Olympia,2,4,6
2026.02.14,21:45,22:00,Olympia,1,5,6
2026.02.14,22:00,22:15,Olympia,1,0,1
2026.02.14,22:15,22:30,Olympia,1,5,6
2026.02.14,22:30,22:45,Olympia,0,5,5
2026.02.14,22:45,23:00,Olympia,0,3,3
2026.02.14,23:00,23:15,Olympia,3,36,39
2026.02.14,23:15,23:30,Olympia,3,12,15
2026.02.14,23:30,23:45,Olympia,1,0,1
2026.02.14,23:45,00:00,Olympia,1,1,2
2026.02.15,00:00,00:15,Olympia,0,2,2
2026.02.15,00:15,00:30,Olympia,1,0,1
2026.02.15,00:30,00:45,Olympia,1,0,1
2026.02.15,00:45,01:00,Olympia,0,0,0
2026.02.15,01:00,01:15,Olympia,0,0,0
2026.02.15,01:15,01:30,Olympia,1,1,2
2026.02.15,01:30,01:45,Olympia,2,0,2
2026.02.15,01:45,02:00,Olympia,0,0,0
2026.02.15,02:00,02:15,Olympia,0,0,0
2026.02.15,02:15,02:30,Olympia,0,0,0
2026.02.15,02:30,02:45,Olympia,0,0,0
2026.02.15,02:45,03:00,Olympia,0,0,0
2026.02.15,03:00,03:15,Olympia,1,0,1
2026.02.15,03:15,03:30,Olympia,0,0,0
2026.02.15,03:30,03:45,Olympia,0,0,0
2026.02.15,03:45,04:00,Olympia,0,1,1
2026.02.15,04:00,04:15,Olympia,0,0,0
2026.02.15,04:15,04:30,Olympia,2,0,2
2026.02.15,04:30,04:45,Olympia,0,0,0
2026.02.15,04:45,05:00,Olympia,1,0,1
2026.02.15,05:00,05:15,Olympia,0,0,0
2026.02.15,05:15,05:30,Olympia,0,1,1
2026.02.15,05:30,05:45,Olympia,0,0,0
2026.02.15,05:45,06:00,Olympia,0,0,0
2026.02.15,06:00,06:15,Olympia,0,0,0
2026.02.15,06:15,06:30,Olympia,0,0,0
2026.02.15,06:30,06:45,Olympia,1,1,2
2026.02.15,06:45,07:00,Olympia,0,0,0
2026.02.15,07:00,07:15,Olympia,0,0,0
2026.02.15,07:15,07:30,Olympia,0,0,0
2026.02.15,07:30,07:45,Olympia,0,2,2
2026.02.15,07:45,08:00,Olympia,1,0,1
2026.02.15,08:00,08:15,Olympia,3,0,3
2026.02.15,08:15,08:30,Olympia,1,1,2
2026.02.15,08:30,08:45,Olympia,1,2,3
2026.02.15,08:45,09:00,Olympia,1,1,2
2026.02.15,09:00,09:15,Olympia,0,2,2
2026.02.15,09:15,09:30,Olympia,1,3,4
2026.02.15,09:30,09:45,Olympia,6,3,9
2026.02.15,09:45,10:00,Olympia,7,4,11
2026.02.15,10:00,10:15,Olympia,6,2,8
2026.02.15,10:15,10:30,Olympia,10,2,12
2026.02.15,10:30,10:45,Olympia,17,1,18
2026.02.15,10:45,11:00,Olympia,8,6,14
2026.02.15,11:00,11:15,Olympia,9,3,12
2026.02.15,11:15,11:30,Olympia,6,0,6
2026.02.15,11:30,11:45,Olympia,3,3,6
2026.02.15,11:45,12:00,Olympia,13,3,16
2026.02.15,12:00,12:15,Olympia,4,5,9
2026.02.15,12:15,12:30,Olympia,6,3,9
2026.02.15,12:30,12:45,Olympia,8,5,13
2026.02.15,12:45,13:00,Olympia,1,5,6
2026.02.15,13:00,13:15,Olympia,6,5,11
2026.02.15,13:15,13:30,Olympia,10,8,18
2026.02.15,13:30,13:45,Olympia,8,12,20
2026.02.15,13:45,14:00,Olympia,10,11,21
2026.02.15,14:00,14:15,Olympia,8,10,18
2026.02.15,14:15,14:30,Olympia,9,10,19
2026.02.15,14:30,14:45,Olympia,5,5,10
2026.02.15,14:45,15:00,Olympia,5,4,9
2026.02.15,15:00,15:15,Olympia,8,9,17
2026.02.15,15:15,15:30,Olympia,6,4,10
2026.02.15,15:30,15:45,Olympia,12,4,16
2026.02.15,15:45,16:00,Olympia,6,9,15
2026.02.15,16:00,16:15,Olympia,4,4,8
2026.02.15,16:15,16:30,Olympia,11,11,22
2026.02.15,16:30,16:45,Olympia,9,9,18
2026.02.15,16:45,17:00,Olympia,5,12,17
2026.02.15,17:00,17:15,Olympia,8,14,22
2026.02.15,17:15,17:30,Olympia,7,8,15
2026.02.15,17:30,17:45,Olympia,2,14,16
2026.02.15,17:45,18:00,Olympia,7,3,10
2026.02.15,18:00,18:15,Olympia,6,13,19
2026.02.15,18:15,18:30,Olympia,1,8,9
2026.02.15,18:30,18:45,Olympia,3,10,13
2026.02.15,18:45,19:00,Olympia,4,4,8
2026.02.15,19:00,19:15,Olympia,11,5,16
2026.02.15,19:15,19:30,Olympia,6,7,13
2026.02.15,19:30,19:45,Olympia,3,3,6
2026.02.15,19:45,20:00,Olympia,2,7,9
2026.02.15,20:00,20:15,Olympia,5,5,10
2026.02.15,20:15,20:30,Olympia,1,7,8
2026.02.15,20:30,20:45,Olympia,4,1,5
2026.02.15,20:45,21:00,Olympia,4,4,8
2026.02.15,21:00,21:15,Olympia,1,3,4
2026.02.15,21:15,21:30,Olympia,2,1,3
2026.02.15,21:30,21:45,Olympia,3,2,5
2026.02.15,21:45,22:00,Olympia,0,4,4
2026.02.15,22:00,22:15,Olympia,1,3,4
2026.02.15,22:15,22:30,Olympia,0,0,0
2026.02.15,22:30,22:45,Olympia,0,5,5
2026.02.15,22:45,23:00,Olympia,0,0,0
2026.02.15,23:00,23:15,Olympia,2,4,6
2026.02.15,23:15,23:30,Olympia,0,1,1
2026.02.15,23:30,23:45,Olympia,0,0,0
2026.02.15,23:45,00:00,Olympia,0,0,0
2026.02.16,00:00,00:15,Olympia,0,1,1
2026.02.16,00:15,00:30,Olympia,0,0,0
2026.02.16,00:30,00:45,Olympia,0,0,0
2026.02.16,00:45,01:00,Olympia,0,0,0
2026.02.16,01:00,01:15,Olympia,2,0,2
2026.02.16,01:15,01:30,Olympia,0,0,0
2026.02.16,01:30,01:45,Olympia,1,0,1
2026.02.16,01:45,02:00,Olympia,1,0,1
2026.02.16,02:00,02:15,Olympia,0,0,0
2026.02.16,02:15,02:30,Olympia,0,1,1
2026.02.16,02:30,02:45,Olympia,0,1,1
2026.02.16,02:45,03:00,Olympia,0,0,0
2026.02.16,03:00,03:15,Olympia,0,0,0
2026.02.16,03:15,03:30,Olympia,0,0,0
2026.02.16,03:30,03:45,Olympia,0,0,0
2026.02.16,03:45,04:00,Olympia,0,0,0
2026.02.16,04:00,04:15,Olympia,0,1,1
2026.02.16,04:15,04:30,Olympia,0,0,0
2026.02.16,04:30,04:45,Olympia,0,0,0
2026.02.16,04:45,05:00,Olympia,0,0,0
2026.02.16,05:00,05:15,Olympia,0,0,0
2026.02.16,05:15,05:30,Olympia,1,0,1
2026.02.16,05:30,05:45,Olympia,0,0,0
2026.02.16,05:45,06:00,Olympia,5,5,10
2026.02.16,06:00,06:15,Olympia,1,1,2
2026.02.16,06:15,06:30,Olympia,4,1,5
2026.02.16,06:30,06:45,Olympia,5,2,7
2026.02.16,06:45,07:00,Olympia,4,1,5
2026.02.16,07:00,07:15,Olympia,4,0,4
2026.02.16,07:15,07:30,Olympia,3,3,6
2026.02.16,07:30,07:45,Olympia,2,4,6
2026.02.16,07:45,08:00,Olympia,10,3,13
2026.02.16,08:00,08:15,Olympia,10,5,15
2026.02.16,08:15,08:30,Olympia,10,12,22
2026.02.16,08:30,08:45,Olympia,14,9,23
2026.02.16,08:45,09:00,Olympia,14,5,19
2026.02.16,09:00,09:15,Olympia,6,7,13
2026.02.16,09:15,09:30,Olympia,8,5,13
2026.02.16,09:30,09:45,Olympia,6,6,12
2026.02.16,09:45,10:00,Olympia,4,3,7
2026.02.16,10:00,10:15,Olympia,3,4,7
2026.02.16,10:15,10:30,Olympia,8,4,12
2026.02.16,10:30,10:45,Olympia,5,4,9
2026.02.16,10:45,11:00,Olympia,9,1,10
2026.02.16,11:00,11:15,Olympia,4,5,9
2026.02.16,11:15,11:30,Olympia,2,3,5
2026.02.16,11:30,11:45,Olympia,3,3,6
2026.02.16,11:45,12:00,Olympia,4,4,8
2026.02.16,12:00,12:15,Olympia,7,1,8
2026.02.16,12:15,12:30,Olympia,7,4,11
2026.02.16,12:30,12:45,Olympia,5,5,10
2026.02.16,12:45,13:00,Olympia,5,4,9
2026.02.16,13:00,13:15,Olympia,8,4,12
2026.02.16,13:15,13:30,Olympia,9,6,15
2026.02.16,13:30,13:45,Olympia,13,7,20
2026.02.16,13:45,14:00,Olympia,7,7,14
2026.02.16,14:00,14:15,Olympia,12,9,21
2026.02.16,14:15,14:30,Olympia,19,8,27
2026.02.16,14:30,14:45,Olympia,6,10,16
2026.02.16,14:45,15:00,Olympia,9,11,20
2026.02.16,15:00,15:15,Olympia,9,8,17
2026.02.16,15:15,15:30,Olympia,8,8,16
2026.02.16,15:30,15:45,Olympia,4,9,13
2026.02.16,15:45,16:00,Olympia,7,16,23
2026.02.16,16:00,16:15,Olympia,12,12,24
2026.02.16,16:15,16:30,Olympia,11,4,15
2026.02.16,16:30,16:45,Olympia,10,8,18
2026.02.16,16:45,17:00,Olympia,11,11,22
2026.02.16,17:00,17:15,Olympia,9,17,26
2026.02.16,17:15,17:30,Olympia,15,11,26
2026.02.16,17:30,17:45,Olympia,10,13,23
2026.02.16,17:45,18:00,Olympia,7,19,26
2026.02.16,18:00,18:15,Olympia,9,15,24
2026.02.16,18:15,18:30,Olympia,5,11,16
2026.02.16,18:30,18:45,Olympia,7,6,13
2026.02.16,18:45,19:00,Olympia,12,9,21
2026.02.16,19:00,19:15,Olympia,3,8,11
2026.02.16,19:15,19:30,Olympia,2,8,10
2026.02.16,19:30,19:45,Olympia,13,4,17
2026.02.16,19:45,20:00,Olympia,4,1,5
2026.02.16,20:00,20:15,Olympia,3,2,5
2026.02.16,20:15,20:30,Olympia,6,2,8
2026.02.16,20:30,20:45,Olympia,4,4,8
2026.02.16,20:45,21:00,Olympia,2,6,8
2026.02.16,21:00,21:15,Olympia,2,8,10
2026.02.16,21:15,21:30,Olympia,2,2,4
2026.02.16,21:30,21:45,Olympia,2,3,5
2026.02.16,21:45,22:00,Olympia,1,4,5
2026.02.16,22:00,22:15,Olympia,0,1,1
2026.02.16,22:15,22:30,Olympia,3,3,6
2026.02.16,22:30,22:45,Olympia,2,4,6
2026.02.16,22:45,23:00,Olympia,2,3,5
2026.02.16,23:00,23:15,Olympia,0,5,5
2026.02.16,23:15,23:30,Olympia,2,1,3
2026.02.16,23:30,23:45,Olympia,0,0,0
2026.02.16,23:45,00:00,Olympia,2,1,3
2026.02.17,00:00,00:15,Olympia,0,4,4
2026.02.17,00:15,00:30,Olympia,0,0,0
2026.02.17,00:30,00:45,Olympia,0,0,0
2026.02.17,00:45,01:00,Olympia,0,0,0
2026.02.17,01:00,01:15,Olympia,0,0,0
2026.02.17,01:15,01:30,Olympia,0,0,0
2026.02.17,01:30,01:45,Olympia,0,0,0
2026.02.17,01:45,02:00,Olympia,0,0,0
2026.02.17,02:00,02:15,Olympia,0,0,0
2026.02.17,02:15,02:30,Olympia,1,0,1
2026.02.17,02:30,02:45,Olympia,0,0,0
2026.02.17,02:45,03:00,Olympia,0,0,0
2026.02.17,03:00,03:15,Olympia,0,0,0
2026.02.17,03:15,03:30,Olympia,0,0,0
2026.02.17,03:30,03:45,Olympia,0,0,0
2026.02.17,03:45,04:00,Olympia,0,0,0
2026.02.17,04:00,04:15,Olympia,0,0,0
2026.02.17,04:15,04:30,Olympia,1,1,2
2026.02.17,04:30,04:45,Olympia,0,0,0
2026.02.17,04:45,05:00,Olympia,0,1,1
2026.02.17,05:00,05:15,Olympia,0,0,0
2026.02.17,05:15,05:30,Olympia,1,0,1
2026.02.17,05:30,05:45,Olympia,2,1,3
2026.02.17,05:45,06:00,Olympia,3,0,3
2026.02.17,06:00,06:15,Olympia,5,0,5
2026.02.17,06:15,06:30,Olympia,2,4,6
2026.02.17,06:30,06:45,Olympia,7,2,9
2026.02.17,06:45,07:00,Olympia,8,2,10
2026.02.17,07:00,07:15,Olympia,5,5,10
2026.02.17,07:15,07:30,Olympia,7,6,13
2026.02.17,07:30,07:45,Olympia,10,8,18
2026.02.17,07:45,08:00,Olympia,13,10,23
2026.02.17,08:00,08:15,Olympia,14,6,20
2026.02.17,08:15,08:30,Olympia,22,13,35
2026.02.17,08:30,08:45,Olympia,16,13,29
2026.02.17,08:45,09:00,Olympia,16,12,28
2026.02.17,09:00,09:15,Olympia,14,7,21
2026.02.17,09:15,09:30,Olympia,15,10,25
2026.02.17,09:30,09:45,Olympia,9,3,12
2026.02.17,09:45,10:00,Olympia,6,3,9
2026.02.17,10:00,10:15,Olympia,6,3,9
2026.02.17,10:15,10:30,Olympia,3,6,9
2026.02.17,10:30,10:45,Olympia,6,7,13
2026.02.17,10:45,11:00,Olympia,1,3,4
2026.02.17,11:00,11:15,Olympia,6,3,9
2026.02.17,11:15,11:30,Olympia,5,6,11
2026.02.17,11:30,11:45,Olympia,7,7,14
2026.02.17,11:45,12:00,Olympia,7,9,16
2026.02.17,12:00,12:15,Olympia,11,12,23
2026.02.17,12:15,12:30,Olympia,12,7,19
2026.02.17,12:30,12:45,Olympia,11,9,20
2026.02.17,12:45,13:00,Olympia,9,4,13
2026.02.17,13:00,13:15,Olympia,8,5,13
2026.02.17,13:15,13:30,Olympia,5,8,13
2026.02.17,13:30,13:45,Olympia,8,4,12
2026.02.17,13:45,14:00,Olympia,3,10,13
2026.02.17,14:00,14:15,Olympia,8,4,12
2026.02.17,14:15,14:30,Olympia,11,5,16
2026.02.17,14:30,14:45,Olympia,16,6,22
2026.02.17,14:45,15:00,Olympia,12,10,22
2026.02.17,15:00,15:15,Olympia,6,11,17
2026.02.17,15:15,15:30,Olympia,13,12,25
2026.02.17,15:30,15:45,Olympia,9,7,16
2026.02.17,15:45,16:00,Olympia,14,6,20
2026.02.17,16:00,16:15,Olympia,12,11,23
2026.02.17,16:15,16:30,Olympia,12,9,21
2026.02.17,16:30,16:45,Olympia,7,19,26
2026.02.17,16:45,17:00,Olympia,10,16,26
2026.02.17,17:00,17:15,Olympia,15,11,26
2026.02.17,17:15,17:30,Olympia,12,18,30
2026.02.17,17:30,17:45,Olympia,7,16,23
2026.02.17,17:45,18:00,Olympia,17,18,35
2026.02.17,18:00,18:15,Olympia,14,17,31
2026.02.17,18:15,18:30,Olympia,14,12,26
2026.02.17,18:30,18:45,Olympia,14,15,29
2026.02.17,18:45,19:00,Olympia,12,11,23
2026.02.17,19:00,19:15,Olympia,6,12,18
2026.02.17,19:15,19:30,Olympia,10,10,20
2026.02.17,19:30,19:45,Olympia,9,10,19
2026.02.17,19:45,20:00,Olympia,8,6,14
2026.02.17,20:00,20:15,Olympia,5,3,8
2026.02.17,20:15,20:30,Olympia,8,10,18
2026.02.17,20:30,20:45,Olympia,7,6,13
2026.02.17,20:45,21:00,Olympia,6,2,8
2026.02.17,21:00,21:15,Olympia,5,3,8
2026.02.17,21:15,21:30,Olympia,4,4,8
2026.02.17,21:30,21:45,Olympia,3,3,6
2026.02.17,21:45,22:00,Olympia,2,5,7
2026.02.17,22:00,22:15,Olympia,1,2,3
2026.02.17,22:15,22:30,Olympia,5,6,11
2026.02.17,22:30,22:45,Olympia,1,3,4
2026.02.17,22:45,23:00,Olympia,0,7,7
2026.02.17,23:00,23:15,Olympia,2,21,23
2026.02.17,23:15,23:30,Olympia,6,9,15
2026.02.17,23:30,23:45,Olympia,3,0,3
2026.02.17,23:45,00:00,Olympia,1,3,4
2026.02.18,00:00,00:15,Olympia,0,2,2
2026.02.18,00:15,00:30,Olympia,1,0,1
2026.02.18,00:30,00:45,Olympia,1,0,1
2026.02.18,00:45,01:00,Olympia,0,1,1
2026.02.18,01:00,01:15,Olympia,0,0,0
2026.02.18,01:15,01:30,Olympia,0,0,0
2026.02.18,01:30,01:45,Olympia,0,0,0
2026.02.18,01:45,02:00,Olympia,0,0,0
2026.02.18,02:00,02:15,Olympia,0,1,1
2026.02.18,02:15,02:30,Olympia,0,0,0
2026.02.18,02:30,02:45,Olympia,0,0,0
2026.02.18,02:45,03:00,Olympia,0,0,0
2026.02.18,03:00,03:15,Olympia,0,0,0
2026.02.18,03:15,03:30,Olympia,0,0,0
2026.02.18,03:30,03:45,Olympia,0,0,0
2026.02.18,03:45,04:00,Olympia,0,0,0
2026.02.18,04:00,04:15,Olympia,0,0,0
2026.02.18,04:15,04:30,Olympia,0,1,1
2026.02.18,04:30,04:45,Olympia,0,0,0
2026.02.18,04:45,05:00,Olympia,1,1,2
2026.02.18,05:00,05:15,Olympia,0,0,0
2026.02.18,05:15,05:30,Olympia,2,0,2
2026.02.18,05:30,05:45,Olympia,1,0,1
2026.02.18,05:45,06:00,Olympia,0,0,0
2026.02.18,06:00,06:15,Olympia,3,0,3
2026.02.18,06:15,06:30,Olympia,4,4,8
2026.02.18,06:30,06:45,Olympia,3,3,6
2026.02.18,06:45,07:00,Olympia,6,3,9
2026.02.18,07:00,07:15,Olympia,5,2,7
2026.02.18,07:15,07:30,Olympia,7,2,9
2026.02.18,07:30,07:45,Olympia,5,6,11
2026.02.18,07:45,08:00,Olympia,13,3,16
2026.02.18,08:00,08:15,Olympia,12,11,23
2026.02.18,08:15,08:30,Olympia,13,5,18
2026.02.18,08:30,08:45,Olympia,14,6,20
2026.02.18,08:45,09:00,Olympia,17,8,25
2026.02.18,09:00,09:15,Olympia,7,3,10
2026.02.18,09:15,09:30,Olympia,5,4,9
2026.02.18,09:30,09:45,Olympia,8,3,11
2026.02.18,09:45,10:00,Olympia,2,2,4
2026.02.18,10:00,10:15,Olympia,2,1,3
2026.02.18,10:15,10:30,Olympia,6,1,7
2026.02.18,10:30,10:45,Olympia,4,4,8
2026.02.18,10:45,11:00,Olympia,2,2,4
2026.02.18,11:00,11:15,Olympia,3,3,6
2026.02.18,11:15,11:30,Olympia,8,5,13
2026.02.18,11:30,11:45,Olympia,7,3,10
2026.02.18,11:45,12:00,Olympia,3,3,6
2026.02.18,12:00,12:15,Olympia,7,5,12
2026.02.18,12:15,12:30,Olympia,5,4,9
2026.02.18,12:30,12:45,Olympia,6,8,14
2026.02.18,12:45,13:00,Olympia,5,3,8
2026.02.18,13:00,13:15,Olympia,4,4,8
2026.02.18,13:15,13:30,Olympia,3,4,7
2026.02.18,13:30,13:45,Olympia,7,7,14
2026.02.18,13:45,14:00,Olympia,7,9,16
2026.02.18,14:00,14:15,Olympia,9,6,15
2026.02.18,14:15,14:30,Olympia,9,7,16
2026.02.18,14:30,14:45,Olympia,5,11,16
2026.02.18,14:45,15:00,Olympia,4,5,9
2026.02.18,15:00,15:15,Olympia,7,12,19
2026.02.18,15:15,15:30,Olympia,4,8,12
2026.02.18,15:30,15:45,Olympia,14,9,23
2026.02.18,15:45,16:00,Olympia,9,10,19
2026.02.18,16:00,16:15,Olympia,12,12,24
2026.02.18,16:15,16:30,Olympia,7,8,15
2026.02.18,16:30,16:45,Olympia,15,19,34
2026.02.18,16:45,17:00,Olympia,13,9,22
2026.02.18,17:00,17:15,Olympia,4,19,23
2026.02.18,17:15,17:30,Olympia,14,19,33
2026.02.18,17:30,17:45,Olympia,5,17,22
2026.02.18,17:45,18:00,Olympia,18,17,35
2026.02.18,18:00,18:15,Olympia,21,12,33
2026.02.18,18:15,18:30,Olympia,16,16,32
2026.02.18,18:30,18:45,Olympia,11,13,24
2026.02.18,18:45,19:00,Olympia,11,11,22
2026.02.18,19:00,19:15,Olympia,9,8,17
2026.02.18,19:15,19:30,Olympia,13,13,26
2026.02.18,19:30,19:45,Olympia,9,9,18
2026.02.18,19:45,20:00,Olympia,8,5,13
2026.02.18,20:00,20:15,Olympia,7,15,22
2026.02.18,20:15,20:30,Olympia,8,14,22
2026.02.18,20:30,20:45,Olympia,4,14,18
2026.02.18,20:45,21:00,Olympia,3,2,5
2026.02.18,21:00,21:15,Olympia,5,6,11
2026.02.18,21:15,21:30,Olympia,4,7,11
2026.02.18,21:30,21:45,Olympia,2,5,7
2026.02.18,21:45,22:00,Olympia,1,5,6
2026.02.18,22:00,22:15,Olympia,3,6,9
2026.02.18,22:15,22:30,Olympia,2,7,9
2026.02.18,22:30,22:45,Olympia,5,4,9
2026.02.18,22:45,23:00,Olympia,0,6,6
2026.02.18,23:00,23:15,Olympia,1,5,6
2026.02.18,23:15,23:30,Olympia,1,0,1
2026.02.18,23:30,23:45,Olympia,3,2,5
2026.02.18,23:45,00:00,Olympia,2,2,4
2026.02.19,00:00,00:15,Olympia,0,3,3
2026.02.19,00:15,00:30,Olympia,5,0,5
2026.02.19,00:30,00:45,Olympia,0,1,1
2026.02.19,00:45,01:00,Olympia,1,0,1
2026.02.19,01:00,01:15,Olympia,0,0,0
2026.02.19,01:15,01:30,Olympia,0,0,0
2026.02.19,01:30,01:45,Olympia,0,0,0
2026.02.19,01:45,02:00,Olympia,0,0,0
2026.02.19,02:00,02:15,Olympia,0,0,0
2026.02.19,02:15,02:30,Olympia,1,0,1
2026.02.19,02:30,02:45,Olympia,1,0,1
2026.02.19,02:45,03:00,Olympia,0,0,0
2026.02.19,03:00,03:15,Olympia,0,0,0
2026.02.19,03:15,03:30,Olympia,0,0,0
2026.02.19,03:30,03:45,Olympia,0,0,0
2026.02.19,03:45,04:00,Olympia,0,0,0
2026.02.19,04:00,04:15,Olympia,0,0,0
2026.02.19,04:15,04:30,Olympia,0,1,1
2026.02.19,04:30,04:45,Olympia,0,1,1
2026.02.19,04:45,05:00,Olympia,0,0,0
2026.02.19,05:00,05:15,Olympia,0,0,0
2026.02.19,05:15,05:30,Olympia,1,0,1
2026.02.19,05:30,05:45,Olympia,2,0,2
2026.02.19,05:45,06:00,Olympia,1,0,1
2026.02.19,06:00,06:15,Olympia,1,3,4
2026.02.19,06:15,06:30,Olympia,0,5,5
2026.02.19,06:30,06:45,Olympia,9,3,12
2026.02.19,06:45,07:00,Olympia,14,2,16
2026.02.19,07:00,07:15,Olympia,5,3,8
2026.02.19,07:15,07:30,Olympia,4,5,9
2026.02.19,07:30,07:45,Olympia,15,11,26
2026.02.19,07:45,08:00,Olympia,14,8,22
2026.02.19,08:00,08:15,Olympia,16,9,25
2026.02.19,08:15,08:30,Olympia,26,14,40
2026.02.19,08:30,08:45,Olympia,23,9,32
2026.02.19,08:45,09:00,Olympia,17,13,30
2026.02.19,09:00,09:15,Olympia,8,8,16
2026.02.19,09:15,09:30,Olympia,7,4,11
2026.02.19,09:30,09:45,Olympia,7,7,14
2026.02.19,09:45,10:00,Olympia,8,4,12
2026.02.19,10:00,10:15,Olympia,5,5,10
2026.02.19,10:15,10:30,Olympia,9,5,14
2026.02.19,10:30,10:45,Olympia,7,3,10
2026.02.19,10:45,11:00,Olympia,4,6,10
2026.02.19,11:00,11:15,Olympia,3,4,7
2026.02.19,11:15,11:30,Olympia,3,3,6
2026.02.19,11:30,11:45,Olympia,4,5,9
2026.02.19,11:45,12:00,Olympia,7,7,14
2026.02.19,12:00,12:15,Olympia,4,4,8
2026.02.19,12:15,12:30,Olympia,4,10,14
2026.02.19,12:30,12:45,Olympia,2,4,6
2026.02.19,12:45,13:00,Olympia,3,3,6
2026.02.19,13:00,13:15,Olympia,2,5,7
2026.02.19,13:15,13:30,Olympia,5,2,7
2026.02.19,13:30,13:45,Olympia,3,9,12
2026.02.19,13:45,14:00,Olympia,7,2,9
2026.02.19,14:00,14:15,Olympia,7,3,10
2026.02.19,14:15,14:30,Olympia,6,6,12
2026.02.19,14:30,14:45,Olympia,2,5,7
2026.02.19,14:45,15:00,Olympia,6,5,11
2026.02.19,15:00,15:15,Olympia,3,3,6
2026.02.19,15:15,15:30,Olympia,1,6,7
2026.02.19,15:30,15:45,Olympia,3,3,6
2026.02.19,15:45,16:00,Olympia,3,2,5
2026.02.19,16:00,16:15,Olympia,1,1,2
2026.02.19,16:15,16:30,Olympia,4,3,7
2026.02.19,16:30,16:45,Olympia,6,7,13
2026.02.19,16:45,17:00,Olympia,5,9,14
2026.02.19,17:00,17:15,Olympia,10,9,19
2026.02.19,17:15,17:30,Olympia,11,10,21
2026.02.19,17:30,17:45,Olympia,7,7,14
2026.02.19,17:45,18:00,Olympia,9,5,14
2026.02.19,18:00,18:15,Olympia,7,9,16
2026.02.19,18:15,18:30,Olympia,4,5,9
2026.02.19,18:30,18:45,Olympia,7,8,15
2026.02.19,18:45,19:00,Olympia,5,5,10
2026.02.19,19:00,19:15,Olympia,5,4,9
2026.02.19,19:15,19:30,Olympia,1,9,10
2026.02.19,19:30,19:45,Olympia,1,1,2
2026.02.19,19:45,20:00,Olympia,6,3,9
2026.02.19,20:00,20:15,Olympia,6,5,11
2026.02.19,20:15,20:30,Olympia,6,7,13
2026.02.19,20:30,20:45,Olympia,2,6,8
2026.02.19,20:45,21:00,Olympia,3,1,4
2026.02.19,21:00,21:15,Olympia,3,4,7
2026.02.19,21:15,21:30,Olympia,1,0,1
2026.02.19,21:30,21:45,Olympia,1,1,2
2026.02.19,21:45,22:00,Olympia,1,6,7
2026.02.19,22:00,22:15,Olympia,0,1,1
2026.02.19,22:15,22:30,Olympia,0,2,2
2026.02.19,22:30,22:45,Olympia,1,2,3
2026.02.19,22:45,23:00,Olympia,0,3,3
2026.02.19,23:00,23:15,Olympia,0,3,3
2026.02.19,23:15,23:30,Olympia,0,0,0
2026.02.19,23:30,23:45,Olympia,0,0,0
2026.02.19,23:45,00:00,Olympia,1,0,1
2026.02.20,00:00,00:15,Olympia,0,1,1
2026.02.20,00:15,00:30,Olympia,0,0,0
2026.02.20,00:30,00:45,Olympia,0,0,0
2026.02.20,00:45,01:00,Olympia,0,0,0
2026.02.20,01:00,01:15,Olympia,0,0,0
2026.02.20,01:15,01:30,Olympia,0,0,0
2026.02.20,01:30,01:45,Olympia,0,0,0
2026.02.20,01:45,02:00,Olympia,0,0,0
2026.02.20,02:00,02:15,Olympia,0,2,2
2026.02.20,02:15,02:30,Olympia,0,0,0
2026.02.20,02:30,02:45,Olympia,0,0,0
2026.02.20,02:45,03:00,Olympia,0,0,0
2026.02.20,03:00,03:15,Olympia,0,0,0
2026.02.20,03:15,03:30,Olympia,0,0,0
2026.02.20,03:30,03:45,Olympia,0,0,0
2026.02.20,03:45,04:00,Olympia,0,0,0
2026.02.20,04:00,04:15,Olympia,0,0,0
2026.02.20,04:15,04:30,Olympia,0,0,0
2026.02.20,04:30,04:45,Olympia,0,0,0
2026.02.20,04:45,05:00,Olympia,0,0,0
2026.02.20,05:00,05:15,Olympia,0,0,0
2026.02.20,05:15,05:30,Olympia,0,0,0
2026.02.20,05:30,05:45,Olympia,1,0,1
2026.02.20,05:45,06:00,Olympia,1,0,1
2026.02.20,06:00,06:15,Olympia,2,0,2
2026.02.20,06:15,06:30,Olympia,1,1,2
2026.02.20,06:30,06:45,Olympia,0,0,0
2026.02.20,06:45,07:00,Olympia,6,1,7
2026.02.20,07:00,07:15,Olympia,4,2,6
2026.02.20,07:15,07:30,Olympia,4,1,5
2026.02.20,07:30,07:45,Olympia,3,3,6
2026.02.20,07:45,08:00,Olympia,6,3,9
2026.02.20,08:00,08:15,Olympia,4,3,7
2026.02.20,08:15,08:30,Olympia,6,3,9
2026.02.20,08:30,08:45,Olympia,6,3,9
2026.02.20,08:45,09:00,Olympia,7,1,8
2026.02.20,09:00,09:15,Olympia,2,3,5
2026.02.20,09:15,09:30,Olympia,1,2,3
2026.02.20,09:30,09:45,Olympia,5,4,9
2026.02.20,09:45,10:00,Olympia,1,2,3
2026.02.20,10:00,10:15,Olympia,0,5,5
2026.02.20,10:15,10:30,Olympia,2,1,3
2026.02.20,10:30,10:45,Olympia,2,0,2
2026.02.20,10:45,11:00,Olympia,1,1,2
2026.02.20,11:00,11:15,Olympia,0,2,2
2026.02.20,11:15,11:30,Olympia,2,0,2
2026.02.20,11:30,11:45,Olympia,1,0,1
2026.02.20,11:45,12:00,Olympia,1,4,5
2026.02.20,12:00,12:15,Olympia,5,3,8
2026.02.20,12:15,12:30,Olympia,3,0,3
2026.02.20,12:30,12:45,Olympia,0,5,5
2026.02.20,12:45,13:00,Olympia,4,2,6
2026.02.20,13:00,13:15,Olympia,2,2,4
2026.02.20,13:15,13:30,Olympia,3,1,4
2026.02.20,13:30,13:45,Olympia,3,4,7
2026.02.20,13:45,14:00,Olympia,6,3,9
2026.02.20,14:00,14:15,Olympia,2,5,7
2026.02.20,14:15,14:30,Olympia,2,3,5
2026.02.20,14:30,14:45,Olympia,3,6,9
2026.02.20,14:45,15:00,Olympia,5,6,11
2026.02.20,15:00,15:15,Olympia,2,3,5
2026.02.20,15:15,15:30,Olympia,6,2,8
2026.02.20,15:30,15:45,Olympia,9,4,13
2026.02.20,15:45,16:00,Olympia,4,4,8
2026.02.20,16:00,16:15,Olympia,5,7,12
2026.02.20,16:15,16:30,Olympia,3,4,7
2026.02.20,16:30,16:45,Olympia,6,7,13
2026.02.20,16:45,17:00,Olympia,10,8,18
2026.02.20,17:00,17:15,Olympia,4,6,10
2026.02.20,17:15,17:30,Olympia,2,3,5
2026.02.20,17:30,17:45,Olympia,1,7,8
2026.02.20,17:45,18:00,Olympia,8,3,11
2026.02.20,18:00,18:15,Olympia,11,7,18
2026.02.20,18:15,18:30,Olympia,6,7,13
2026.02.20,18:30,18:45,Olympia,6,3,9
2026.02.20,18:45,19:00,Olympia,10,11,21
2026.02.20,19:00,19:15,Olympia,3,4,7
2026.02.20,19:15,19:30,Olympia,4,5,9
2026.02.20,19:30,19:45,Olympia,10,3,13
2026.02.20,19:45,20:00,Olympia,3,4,7
2026.02.20,20:00,20:15,Olympia,2,8,10
2026.02.20,20:15,20:30,Olympia,2,3,5
2026.02.20,20:30,20:45,Olympia,0,6,6
2026.02.20,20:45,21:00,Olympia,1,0,1
2026.02.20,21:00,21:15,Olympia,4,3,7
2026.02.20,21:15,21:30,Olympia,1,2,3
2026.02.20,21:30,21:45,Olympia,3,1,4
2026.02.20,21:45,22:00,Olympia,0,4,4
2026.02.20,22:00,22:15,Olympia,0,5,5
2026.02.20,22:15,22:30,Olympia,0,3,3
2026.02.20,22:30,22:45,Olympia,0,4,4
2026.02.20,22:45,23:00,Olympia,0,0,0
2026.02.20,23:00,23:15,Olympia,0,3,3
2026.02.20,23:15,23:30,Olympia,1,1,2
2026.02.20,23:30,23:45,Olympia,0,0,0
2026.02.20,23:45,00:00,Olympia,0,0,0
2026.02.21,00:00,00:15,Olympia,3,0,3
2026.02.21,00:15,00:30,Olympia,0,0,0
2026.02.21,00:30,00:45,Olympia,0,1,1
2026.02.21,00:45,01:00,Olympia,0,0,0
2026.02.21,01:00,01:15,Olympia,1,0,1
2026.02.21,01:15,01:30,Olympia,1,0,1
2026.02.21,01:30,01:45,Olympia,3,0,3
2026.02.21,01:45,02:00,Olympia,1,0,1
2026.02.21,02:00,02:15,Olympia,0,0,0
2026.02.21,02:15,02:30,Olympia,0,0,0
2026.02.21,02:30,02:45,Olympia,0,0,0
2026.02.21,02:45,03:00,Olympia,0,0,0
2026.02.21,03:00,03:15,Olympia,1,0,1
2026.02.21,03:15,03:30,Olympia,0,0,0
2026.02.21,03:30,03:45,Olympia,0,0,0
2026.02.21,03:45,04:00,Olympia,1,0,1
2026.02.21,04:00,04:15,Olympia,0,0,0
2026.02.21,04:15,04:30,Olympia,0,0,0
2026.02.21,04:30,04:45,Olympia,0,0,0
2026.02.21,04:45,05:00,Olympia,0,1,1
2026.02.21,05:00,05:15,Olympia,1,0,1
2026.02.21,05:15,05:30,Olympia,0,0,0
2026.02.21,05:30,05:45,Olympia,0,0,0
2026.02.21,05:45,06:00,Olympia,1,0,1
2026.02.21,06:00,06:15,Olympia,0,0,0
2026.02.21,06:15,06:30,Olympia,0,0,0
2026.02.21,06:30,06:45,Olympia,1,0,1
2026.02.21,06:45,07:00,Olympia,0,0,0
2026.02.21,07:00,07:15,Olympia,0,0,0
2026.02.21,07:15,07:30,Olympia,0,0,0
2026.02.21,07:30,07:45,Olympia,1,3,4
2026.02.21,07:45,08:00,Olympia,4,0,4
2026.02.21,08:00,08:15,Olympia,2,1,3
2026.02.21,08:15,08:30,Olympia,4,2,6
2026.02.21,08:30,08:45,Olympia,6,2,8
2026.02.21,08:45,09:00,Olympia,6,1,7
2026.02.21,09:00,09:15,Olympia,8,4,12
2026.02.21,09:15,09:30,Olympia,5,4,9
2026.02.21,09:30,09:45,Olympia,4,2,6
2026.02.21,09:45,10:00,Olympia,9,9,18
2026.02.21,10:00,10:15,Olympia,4,4,8
2026.02.21,10:15,10:30,Olympia,5,3,8
2026.02.21,10:30,10:45,Olympia,5,3,8
2026.02.21,10:45,11:00,Olympia,8,3,11
2026.02.21,11:00,11:15,Olympia,4,5,9
2026.02.21,11:15,11:30,Olympia,6,2,8
2026.02.21,11:30,11:45,Olympia,6,3,9
2026.02.21,11:45,12:00,Olympia,7,4,11
2026.02.21,12:00,12:15,Olympia,7,1,8
2026.02.21,12:15,12:30,Olympia,7,6,13
2026.02.21,12:30,12:45,Olympia,5,5,10
2026.02.21,12:45,13:00,Olympia,1,8,9
2026.02.21,13:00,13:15,Olympia,5,1,6
2026.02.21,13:15,13:30,Olympia,1,5,6
2026.02.21,13:30,13:45,Olympia,4,3,7
2026.02.21,13:45,14:00,Olympia,6,2,8
2026.02.21,14:00,14:15,Olympia,1,5,6
2026.02.21,14:15,14:30,Olympia,5,3,8
2026.02.21,14:30,14:45,Olympia,5,1,6
2026.02.21,14:45,15:00,Olympia,3,5,8
2026.02.21,15:00,15:15,Olympia,1,1,2
2026.02.21,15:15,15:30,Olympia,7,1,8
2026.02.21,15:30,15:45,Olympia,8,0,8
2026.02.21,15:45,16:00,Olympia,3,3,6
2026.02.21,16:00,16:15,Olympia,3,3,6
2026.02.21,16:15,16:30,Olympia,2,2,4
2026.02.21,16:30,16:45,Olympia,8,3,11
2026.02.21,16:45,17:00,Olympia,4,2,6
2026.02.21,17:00,17:15,Olympia,7,4,11
2026.02.21,17:15,17:30,Olympia,4,9,13
2026.02.21,17:30,17:45,Olympia,10,3,13
2026.02.21,17:45,18:00,Olympia,2,9,11
2026.02.21,18:00,18:15,Olympia,5,6,11
2026.02.21,18:15,18:30,Olympia,4,5,9
2026.02.21,18:30,18:45,Olympia,3,2,5
2026.02.21,18:45,19:00,Olympia,1,6,7
2026.02.21,19:00,19:15,Olympia,5,2,7
2026.02.21,19:15,19:30,Olympia,1,4,5
2026.02.21,19:30,19:45,Olympia,3,4,7
2026.02.21,19:45,20:00,Olympia,0,3,3
2026.02.21,20:00,20:15,Olympia,0,0,0
2026.02.21,20:15,20:30,Olympia,0,2,2
2026.02.21,20:30,20:45,Olympia,3,2,5
2026.02.21,20:45,21:00,Olympia,1,2,3
2026.02.21,21:00,21:15,Olympia,0,3,3
2026.02.21,21:15,21:30,Olympia,2,3,5
2026.02.21,21:30,21:45,Olympia,1,2,3
2026.02.21,21:45,22:00,Olympia,0,7,7
2026.02.21,22:00,22:15,Olympia,3,4,7
2026.02.21,22:15,22:30,Olympia,0,2,2
2026.02.21,22:30,22:45,Olympia,0,0,0
2026.02.21,22:45,23:00,Olympia,1,1,2
2026.02.21,23:00,23:15,Olympia,1,1,2
2026.02.21,23:15,23:30,Olympia,0,0,0
2026.02.21,23:30,23:45,Olympia,1,1,2
2026.02.21,23:45,00:00,Olympia,0,0,0
2026.02.22,00:00,00:15,Olympia,0,1,1
2026.02.22,00:15,00:30,Olympia,1,0,1
2026.02.22,00:30,00:45,Olympia,1,1,2
2026.02.22,00:45,01:00,Olympia,2,0,2
2026.02.22,01:00,01:15,Olympia,0,0,0
2026.02.22,01:15,01:30,Olympia,1,0,1
2026.02.22,01:30,01:45,Olympia,0,0,0
2026.02.22,01:45,02:00,Olympia,0,1,1
2026.02.22,02:00,02:15,Olympia,0,0,0
2026.02.22,02:15,02:30,Olympia,1,0,1
2026.02.22,02:30,02:45,Olympia,0,0,0
2026.02.22,02:45,03:00,Olympia,0,0,0
2026.02.22,03:00,03:15,Olympia,1,1,2
2026.02.22,03:15,03:30,Olympia,0,0,0
2026.02.22,03:30,03:45,Olympia,0,0,0
2026.02.22,03:45,04:00,Olympia,0,0,0
2026.02.22,04:00,04:15,Olympia,0,0,0
2026.02.22,04:15,04:30,Olympia,0,0,0
2026.02.22,04:30,04:45,Olympia,0,0,0
2026.02.22,04:45,05:00,Olympia,0,0,0
2026.02.22,05:00,05:15,Olympia,0,0,0
2026.02.22,05:15,05:30,Olympia,0,0,0
2026.02.22,05:30,05:45,Olympia,0,0,0
2026.02.22,05:45,06:00,Olympia,2,0,2
2026.02.22,06:00,06:15,Olympia,0,0,0
2026.02.22,06:15,06:30,Olympia,0,0,0
2026.02.22,06:30,06:45,Olympia,1,1,2
2026.02.22,06:45,07:00,Olympia,1,0,1
2026.02.22,07:00,07:15,Olympia,0,0,0
2026.02.22,07:15,07:30,Olympia,0,0,0
2026.02.22,07:30,07:45,Olympia,1,0,1
2026.02.22,07:45,08:00,Olympia,0,0,0
2026.02.22,08:00,08:15,Olympia,0,0,0
2026.02.22,08:15,08:30,Olympia,2,1,3
2026.02.22,08:30,08:45,Olympia,1,1,2
2026.02.22,08:45,09:00,Olympia,5,3,8
2026.02.22,09:00,09:15,Olympia,4,0,4
2026.02.22,09:15,09:30,Olympia,3,0,3
2026.02.22,09:30,09:45,Olympia,2,2,4
2026.02.22,09:45,10:00,Olympia,4,2,6
2026.02.22,10:00,10:15,Olympia,11,3,14
2026.02.22,10:15,10:30,Olympia,6,4,10
2026.02.22,10:30,10:45,Olympia,9,7,16
2026.02.22,10:45,11:00,Olympia,10,3,13
2026.02.22,11:00,11:15,Olympia,13,4,17
2026.02.22,11:15,11:30,Olympia,5,4,9
2026.02.22,11:30,11:45,Olympia,5,3,8
2026.02.22,11:45,12:00,Olympia,3,2,5
2026.02.22,12:00,12:15,Olympia,14,6,20
2026.02.22,12:15,12:30,Olympia,6,5,11
2026.02.22,12:30,12:45,Olympia,7,3,10
2026.02.22,12:45,13:00,Olympia,3,6,9
2026.02.22,13:00,13:15,Olympia,4,10,14
2026.02.22,13:15,13:30,Olympia,3,5,8
2026.02.22,13:30,13:45,Olympia,10,5,15
2026.02.22,13:45,14:00,Olympia,9,5,14
2026.02.22,14:00,14:15,Olympia,13,10,23
2026.02.22,14:15,14:30,Olympia,5,7,12
2026.02.22,14:30,14:45,Olympia,11,11,22
2026.02.22,14:45,15:00,Olympia,19,13,32
2026.02.22,15:00,15:15,Olympia,11,3,14
2026.02.22,15:15,15:30,Olympia,10,8,18
2026.02.22,15:30,15:45,Olympia,19,11,30
2026.02.22,15:45,16:00,Olympia,22,15,37
2026.02.22,16:00,16:15,Olympia,22,19,41
2026.02.22,16:15,16:30,Olympia,10,11,21
2026.02.22,16:30,16:45,Olympia,9,14,23
2026.02.22,16:45,17:00,Olympia,8,16,24
2026.02.22,17:00,17:15,Olympia,9,26,35
2026.02.22,17:15,17:30,Olympia,10,19,29
2026.02.22,17:30,17:45,Olympia,5,12,17
2026.02.22,17:45,18:00,Olympia,11,7,18
2026.02.22,18:00,18:15,Olympia,6,8,14
2026.02.22,18:15,18:30,Olympia,4,9,13
2026.02.22,18:30,18:45,Olympia,6,7,13
2026.02.22,18:45,19:00,Olympia,6,14,20
2026.02.22,19:00,19:15,Olympia,6,8,14
2026.02.22,19:15,19:30,Olympia,5,11,16
2026.02.22,19:30,19:45,Olympia,2,5,7
2026.02.22,19:45,20:00,Olympia,5,6,11
2026.02.22,20:00,20:15,Olympia,4,1,5
2026.02.22,20:15,20:30,Olympia,3,1,4
2026.02.22,20:30,20:45,Olympia,1,1,2
2026.02.22,20:45,21:00,Olympia,2,6,8
2026.02.22,21:00,21:15,Olympia,5,2,7
2026.02.22,21:15,21:30,Olympia,2,3,5
2026.02.22,21:30,21:45,Olympia,6,4,10
2026.02.22,21:45,22:00,Olympia,1,3,4
2026.02.22,22:00,22:15,Olympia,0,4,4
2026.02.22,22:15,22:30,Olympia,2,1,3
2026.02.22,22:30,22:45,Olympia,1,10,11
2026.02.22,22:45,23:00,Olympia,1,3,4
2026.02.22,23:00,23:15,Olympia,1,4,5
2026.02.22,23:15,23:30,Olympia,0,0,0
2026.02.22,23:30,23:45,Olympia,0,0,0
2026.02.22,23:45,00:00,Olympia,1,0,1
2026.02.23,00:00,00:15,Olympia,1,0,1
2026.02.23,00:15,00:30,Olympia,0,0,0
2026.02.23,00:30,00:45,Olympia,0,0,0
2026.02.23,00:45,01:00,Olympia,0,0,0
2026.02.23,01:00,01:15,Olympia,1,1,2
2026.02.23,01:15,01:30,Olympia,0,0,0
2026.02.23,01:30,01:45,Olympia,0,0,0
2026.02.23,01:45,02:00,Olympia,0,0,0
2026.02.23,02:00,02:15,Olympia,0,0,0
2026.02.23,02:15,02:30,Olympia,0,0,0
2026.02.23,02:30,02:45,Olympia,0,0,0
2026.02.23,02:45,03:00,Olympia,0,0,0
2026.02.23,03:00,03:15,Olympia,0,0,0
2026.02.23,03:15,03:30,Olympia,0,0,0
2026.02.23,03:30,03:45,Olympia,0,0,0
2026.02.23,03:45,04:00,Olympia,0,0,0
2026.02.23,04:00,04:15,Olympia,0,0,0
2026.02.23,04:15,04:30,Olympia,0,1,1
2026.02.23,04:30,04:45,Olympia,0,0,0
2026.02.23,04:45,05:00,Olympia,0,0,0
2026.02.23,05:00,05:15,Olympia,2,0,2
2026.02.23,05:15,05:30,Olympia,2,0,2
2026.02.23,05:30,05:45,Olympia,2,1,3
2026.02.23,05:45,06:00,Olympia,3,0,3
2026.02.23,06:00,06:15,Olympia,4,3,7
2026.02.23,06:15,06:30,Olympia,4,4,8
2026.02.23,06:30,06:45,Olympia,8,0,8
2026.02.23,06:45,07:00,Olympia,6,2,8
2026.02.23,07:00,07:15,Olympia,7,9,16
2026.02.23,07:15,07:30,Olympia,11,12,23
2026.02.23,07:30,07:45,Olympia,11,23,34
2026.02.23,07:45,08:00,Olympia,18,20,38
2026.02.23,08:00,08:15,Olympia,22,21,43
2026.02.23,08:15,08:30,Olympia,21,18,39
2026.02.23,08:30,08:45,Olympia,25,11,36
2026.02.23,08:45,09:00,Olympia,12,8,20
2026.02.23,09:00,09:15,Olympia,9,12,21
2026.02.23,09:15,09:30,Olympia,11,10,21
2026.02.23,09:30,09:45,Olympia,5,6,11
2026.02.23,09:45,10:00,Olympia,5,4,9
2026.02.23,10:00,10:15,Olympia,4,4,8
2026.02.23,10:15,10:30,Olympia,5,4,9
2026.02.23,10:30,10:45,Olympia,1,3,4
2026.02.23,10:45,11:00,Olympia,6,3,9
2026.02.23,11:00,11:15,Olympia,11,7,18
2026.02.23,11:15,11:30,Olympia,3,4,7
2026.02.23,11:30,11:45,Olympia,5,5,10
2026.02.23,11:45,12:00,Olympia,2,2,4
2026.02.23,12:00,12:15,Olympia,9,4,13
2026.02.23,12:15,12:30,Olympia,6,4,10
2026.02.23,12:30,12:45,Olympia,4,7,11
2026.02.23,12:45,13:00,Olympia,4,4,8
2026.02.23,13:00,13:15,Olympia,11,4,15
2026.02.23,13:15,13:30,Olympia,8,8,16
2026.02.23,13:30,13:45,Olympia,7,7,14
2026.02.23,13:45,14:00,Olympia,6,3,9
2026.02.23,14:00,14:15,Olympia,8,10,18
2026.02.23,14:15,14:30,Olympia,6,5,11
2026.02.23,14:30,14:45,Olympia,12,4,16
2026.02.23,14:45,15:00,Olympia,12,8,20
2026.02.23,15:00,15:15,Olympia,10,10,20
2026.02.23,15:15,15:30,Olympia,10,9,19
2026.02.23,15:30,15:45,Olympia,12,11,23
2026.02.23,15:45,16:00,Olympia,17,12,29
2026.02.23,16:00,16:15,Olympia,34,19,53
2026.02.23,16:15,16:30,Olympia,11,10,21
2026.02.23,16:30,16:45,Olympia,25,19,44
2026.02.23,16:45,17:00,Olympia,19,21,40
2026.02.23,17:00,17:15,Olympia,16,11,27
2026.02.23,17:15,17:30,Olympia,23,20,43
2026.02.23,17:30,17:45,Olympia,23,25,48
2026.02.23,17:45,18:00,Olympia,29,25,54
2026.02.23,18:00,18:15,Olympia,24,23,47
2026.02.23,18:15,18:30,Olympia,35,28,63
2026.02.23,18:30,18:45,Olympia,19,22,41
2026.02.23,18:45,19:00,Olympia,27,26,53
2026.02.23,19:00,19:15,Olympia,13,15,28
2026.02.23,19:15,19:30,Olympia,11,13,24
2026.02.23,19:30,19:45,Olympia,19,14,33
2026.02.23,19:45,20:00,Olympia,7,15,22
2026.02.23,20:00,20:15,Olympia,8,16,24
2026.02.23,20:15,20:30,Olympia,15,21,36
2026.02.23,20:30,20:45,Olympia,8,9,17
2026.02.23,20:45,21:00,Olympia,7,11,18
2026.02.23,21:00,21:15,Olympia,5,11,16
2026.02.23,21:15,21:30,Olympia,6,6,12
2026.02.23,21:30,21:45,Olympia,1,4,5
2026.02.23,21:45,22:00,Olympia,6,1,7
2026.02.23,22:00,22:15,Olympia,2,13,15
2026.02.23,22:15,22:30,Olympia,3,10,13
2026.02.23,22:30,22:45,Olympia,0,6,6
2026.02.23,22:45,23:00,Olympia,2,7,9
2026.02.23,23:00,23:15,Olympia,0,5,5
2026.02.23,23:15,23:30,Olympia,1,0,1
2026.02.23,23:30,23:45,Olympia,0,1,1
2026.02.23,23:45,00:00,Olympia,1,0,1
2026.02.24,00:00,00:15,Olympia,0,4,4
2026.02.24,00:15,00:30,Olympia,1,0,1
2026.02.24,00:30,00:45,Olympia,0,1,1
2026.02.24,00:45,01:00,Olympia,0,0,0
2026.02.24,01:00,01:15,Olympia,0,0,0
2026.02.24,01:15,01:30,Olympia,1,0,1
2026.02.24,01:30,01:45,Olympia,0,0,0
2026.02.24,01:45,02:00,Olympia,0,0,0
2026.02.24,02:00,02:15,Olympia,0,0,0
2026.02.24,02:15,02:30,Olympia,0,0,0
2026.02.24,02:30,02:45,Olympia,0,0,0
2026.02.24,02:45,03:00,Olympia,0,0,0
2026.02.24,03:00,03:15,Olympia,0,0,0
2026.02.24,03:15,03:30,Olympia,0,0,0
2026.02.24,03:30,03:45,Olympia,0,0,0
2026.02.24,03:45,04:00,Olympia,0,0,0
2026.02.24,04:00,04:15,Olympia,0,0,0
2026.02.24,04:15,04:30,Olympia,0,0,0
2026.02.24,04:30,04:45,Olympia,0,0,0
2026.02.24,04:45,05:00,Olympia,1,0,1
2026.02.24,05:00,05:15,Olympia,0,0,0
2026.02.24,05:15,05:30,Olympia,1,0,1
2026.02.24,05:30,05:45,Olympia,3,0,3
2026.02.24,05:45,06:00,Olympia,1,1,2
2026.02.24,06:00,06:15,Olympia,1,1,2
2026.02.24,06:15,06:30,Olympia,2,2,4
2026.02.24,06:30,06:45,Olympia,8,0,8
2026.02.24,06:45,07:00,Olympia,8,4,12
2026.02.24,07:00,07:15,Olympia,5,3,8
2026.02.24,07:15,07:30,Olympia,5,7,12
2026.02.24,07:30,07:45,Olympia,12,9,21
2026.02.24,07:45,08:00,Olympia,13,15,28
2026.02.24,08:00,08:15,Olympia,13,14,27
2026.02.24,08:15,08:30,Olympia,7,7,14
2026.02.24,08:30,08:45,Olympia,8,8,16
2026.02.24,08:45,09:00,Olympia,17,10,27
2026.02.24,09:00,09:15,Olympia,10,5,15
2026.02.24,09:15,09:30,Olympia,5,4,9
2026.02.24,09:30,09:45,Olympia,3,2,5
2026.02.24,09:45,10:00,Olympia,3,3,6
2026.02.24,10:00,10:15,Olympia,2,1,3
2026.02.24,10:15,10:30,Olympia,3,0,3
2026.02.24,10:30,10:45,Olympia,5,3,8
2026.02.24,10:45,11:00,Olympia,3,1,4
2026.02.24,11:00,11:15,Olympia,3,1,4
2026.02.24,11:15,11:30,Olympia,1,3,4
2026.02.24,11:30,11:45,Olympia,0,3,3
2026.02.24,11:45,12:00,Olympia,1,4,5
2026.02.24,12:00,12:15,Olympia,3,2,5
2026.02.24,12:15,12:30,Olympia,3,5,8
2026.02.24,12:30,12:45,Olympia,5,4,9
2026.02.24,12:45,13:00,Olympia,7,3,10
2026.02.24,13:00,13:15,Olympia,3,7,10
2026.02.24,13:15,13:30,Olympia,3,4,7
2026.02.24,13:30,13:45,Olympia,4,5,9
2026.02.24,13:45,14:00,Olympia,5,5,10
2026.02.24,14:00,14:15,Olympia,4,4,8
2026.02.24,14:15,14:30,Olympia,7,4,11
2026.02.24,14:30,14:45,Olympia,5,2,7
2026.02.24,14:45,15:00,Olympia,9,5,14
2026.02.24,15:00,15:15,Olympia,6,7,13
2026.02.24,15:15,15:30,Olympia,7,11,18
2026.02.24,15:30,15:45,Olympia,10,8,18
2026.02.24,15:45,16:00,Olympia,10,5,15
2026.02.24,16:00,16:15,Olympia,8,4,12
2026.02.24,16:15,16:30,Olympia,16,7,23
2026.02.24,16:30,16:45,Olympia,9,11,20
2026.02.24,16:45,17:00,Olympia,17,6,23
2026.02.24,17:00,17:15,Olympia,9,12,21
2026.02.24,17:15,17:30,Olympia,17,11,28
2026.02.24,17:30,17:45,Olympia,13,16,29
2026.02.24,17:45,18:00,Olympia,18,14,32
2026.02.24,18:00,18:15,Olympia,18,18,36
2026.02.24,18:15,18:30,Olympia,14,8,22
2026.02.24,18:30,18:45,Olympia,11,12,23
2026.02.24,18:45,19:00,Olympia,18,13,31
2026.02.24,19:00,19:15,Olympia,9,15,24
2026.02.24,19:15,19:30,Olympia,9,15,24
2026.02.24,19:30,19:45,Olympia,11,14,25
2026.02.24,19:45,20:00,Olympia,13,11,24
2026.02.24,20:00,20:15,Olympia,7,9,16
2026.02.24,20:15,20:30,Olympia,5,3,8
2026.02.24,20:30,20:45,Olympia,4,9,13
2026.02.24,20:45,21:00,Olympia,8,8,16
2026.02.24,21:00,21:15,Olympia,2,4,6
2026.02.24,21:15,21:30,Olympia,6,9,15
2026.02.24,21:30,21:45,Olympia,0,8,8
2026.02.24,21:45,22:00,Olympia,1,8,9
2026.02.24,22:00,22:15,Olympia,6,10,16
2026.02.24,22:15,22:30,Olympia,3,4,7
2026.02.24,22:30,22:45,Olympia,3,3,6
2026.02.24,22:45,23:00,Olympia,2,5,7
2026.02.24,23:00,23:15,Olympia,2,2,4
2026.02.24,23:15,23:30,Olympia,3,3,6
2026.02.24,23:30,23:45,Olympia,1,1,2
2026.02.24,23:45,00:00,Olympia,1,0,1
2026.02.25,00:00,00:15,Olympia,0,4,4
2026.02.25,00:15,00:30,Olympia,1,1,2
2026.02.25,00:30,00:45,Olympia,0,0,0
2026.02.25,00:45,01:00,Olympia,3,0,3
2026.02.25,01:00,01:15,Olympia,0,0,0
2026.02.25,01:15,01:30,Olympia,0,1,1
2026.02.25,01:30,01:45,Olympia,0,1,1
2026.02.25,01:45,02:00,Olympia,0,0,0
2026.02.25,02:00,02:15,Olympia,0,0,0
2026.02.25,02:15,02:30,Olympia,0,0,0
2026.02.25,02:30,02:45,Olympia,0,1,1
2026.02.25,02:45,03:00,Olympia,0,0,0
2026.02.25,03:00,03:15,Olympia,0,0,0
2026.02.25,03:15,03:30,Olympia,0,0,0
2026.02.25,03:30,03:45,Olympia,0,0,0
2026.02.25,03:45,04:00,Olympia,0,0,0
2026.02.25,04:00,04:15,Olympia,0,0,0
2026.02.25,04:15,04:30,Olympia,0,1,1
2026.02.25,04:30,04:45,Olympia,0,0,0
2026.02.25,04:45,05:00,Olympia,1,0,1
2026.02.25,05:00,05:15,Olympia,1,0,1
2026.02.25,05:15,05:30,Olympia,2,3,5
2026.02.25,05:30,05:45,Olympia,2,2,4
2026.02.25,05:45,06:00,Olympia,6,2,8
2026.02.25,06:00,06:15,Olympia,3,2,5
2026.02.25,06:15,06:30,Olympia,6,3,9
2026.02.25,06:30,06:45,Olympia,5,4,9
2026.02.25,06:45,07:00,Olympia,19,8,27
2026.02.25,07:00,07:15,Olympia,15,9,24
2026.02.25,07:15,07:30,Olympia,12,18,30
2026.02.25,07:30,07:45,Olympia,29,16,45
2026.02.25,07:45,08:00,Olympia,32,36,68
2026.02.25,08:00,08:15,Olympia,33,25,58
2026.02.25,08:15,08:30,Olympia,27,21,48
2026.02.25,08:30,08:45,Olympia,23,22,45
2026.02.25,08:45,09:00,Olympia,22,24,46
2026.02.25,09:00,09:15,Olympia,24,18,42
2026.02.25,09:15,09:30,Olympia,13,18,31
2026.02.25,09:30,09:45,Olympia,8,11,19
2026.02.25,09:45,10:00,Olympia,11,12,23
2026.02.25,10:00,10:15,Olympia,10,7,17
2026.02.25,10:15,10:30,Olympia,4,2,6
2026.02.25,10:30,10:45,Olympia,8,10,18
2026.02.25,10:45,11:00,Olympia,11,13,24
2026.02.25,11:00,11:15,Olympia,8,3,11
2026.02.25,11:15,11:30,Olympia,10,8,18
2026.02.25,11:30,11:45,Olympia,11,7,18
2026.02.25,11:45,12:00,Olympia,4,7,11
2026.02.25,12:00,12:15,Olympia,16,12,28
2026.02.25,12:15,12:30,Olympia,19,11,30
2026.02.25,12:30,12:45,Olympia,19,18,37
2026.02.25,12:45,13:00,Olympia,14,12,26
2026.02.25,13:00,13:15,Olympia,8,9,17
2026.02.25,13:15,13:30,Olympia,18,14,32
2026.02.25,13:30,13:45,Olympia,10,22,32
2026.02.25,13:45,14:00,Olympia,12,17,29
2026.02.25,14:00,14:15,Olympia,17,10,27
2026.02.25,14:15,14:30,Olympia,11,14,25
2026.02.25,14:30,14:45,Olympia,16,14,30
2026.02.25,14:45,15:00,Olympia,22,17,39
2026.02.25,15:00,15:15,Olympia,16,19,35
2026.02.25,15:15,15:30,Olympia,18,21,39
2026.02.25,15:30,15:45,Olympia,28,22,50
2026.02.25,15:45,16:00,Olympia,36,21,57
2026.02.25,16:00,16:15,Olympia,22,25,47
2026.02.25,16:15,16:30,Olympia,35,25,60
2026.02.25,16:30,16:45,Olympia,40,27,67
2026.02.25,16:45,17:00,Olympia,35,31,66
2026.02.25,17:00,17:15,Olympia,33,40,73
2026.02.25,17:15,17:30,Olympia,38,47,85
2026.02.25,17:30,17:45,Olympia,27,26,53
2026.02.25,17:45,18:00,Olympia,39,36,75
2026.02.25,18:00,18:15,Olympia,45,36,81
2026.02.25,18:15,18:30,Olympia,38,41,79
2026.02.25,18:30,18:45,Olympia,38,31,69
2026.02.25,18:45,19:00,Olympia,38,32,70
2026.02.25,19:00,19:15,Olympia,36,19,55
2026.02.25,19:15,19:30,Olympia,36,17,53
2026.02.25,19:30,19:45,Olympia,38,10,48
2026.02.25,19:45,20:00,Olympia,17,11,28
2026.02.25,20:00,20:15,Olympia,13,11,24
2026.02.25,20:15,20:30,Olympia,18,16,34
2026.02.25,20:30,20:45,Olympia,13,7,20
2026.02.25,20:45,21:00,Olympia,7,10,17
2026.02.25,21:00,21:15,Olympia,5,11,16
2026.02.25,21:15,21:30,Olympia,15,13,28
2026.02.25,21:30,21:45,Olympia,6,9,15
2026.02.25,21:45,22:00,Olympia,1,28,29
2026.02.25,22:00,22:15,Olympia,5,37,42
2026.02.25,22:15,22:30,Olympia,1,48,49
2026.02.25,22:30,22:45,Olympia,4,14,18
2026.02.25,22:45,23:00,Olympia,4,13,17
2026.02.25,23:00,23:15,Olympia,3,10,13
2026.02.25,23:15,23:30,Olympia,2,6,8
2026.02.25,23:30,23:45,Olympia,2,2,4
2026.02.25,23:45,00:00,Olympia,11,2,13
2026.02.26,00:00,00:15,Olympia,3,5,8
2026.02.26,00:15,00:30,Olympia,1,0,1
2026.02.26,00:30,00:45,Olympia,0,0,0
2026.02.26,00:45,01:00,Olympia,1,0,1
2026.02.26,01:00,01:15,Olympia,0,0,0
2026.02.26,01:15,01:30,Olympia,0,0,0
2026.02.26,01:30,01:45,Olympia,0,1,1
2026.02.26,01:45,02:00,Olympia,0,2,2
2026.02.26,02:00,02:15,Olympia,0,0,0
2026.02.26,02:15,02:30,Olympia,0,0,0
2026.02.26,02:30,02:45,Olympia,0,0,0
2026.02.26,02:45,03:00,Olympia,1,0,1
2026.02.26,03:00,03:15,Olympia,0,1,1
2026.02.26,03:15,03:30,Olympia,0,0,0
2026.02.26,03:30,03:45,Olympia,0,0,0
2026.02.26,03:45,04:00,Olympia,0,0,0
2026.02.26,04:00,04:15,Olympia,0,2,2
2026.02.26,04:15,04:30,Olympia,0,1,1
2026.02.26,04:30,04:45,Olympia,0,0,0
2026.02.26,04:45,05:00,Olympia,0,0,0
2026.02.26,05:00,05:15,Olympia,2,1,3
2026.02.26,05:15,05:30,Olympia,3,0,3
2026.02.26,05:30,05:45,Olympia,3,4,7
2026.02.26,05:45,06:00,Olympia,2,3,5
2026.02.26,06:00,06:15,Olympia,1,4,5
2026.02.26,06:15,06:30,Olympia,2,0,2
2026.02.26,06:30,06:45,Olympia,12,4,16
2026.02.26,06:45,07:00,Olympia,23,6,29
2026.02.26,07:00,07:15,Olympia,15,8,23
2026.02.26,07:15,07:30,Olympia,24,10,34
2026.02.26,07:30,07:45,Olympia,23,21,44
2026.02.26,07:45,08:00,Olympia,26,27,53
2026.02.26,08:00,08:15,Olympia,33,32,65
2026.02.26,08:15,08:30,Olympia,42,22,64
2026.02.26,08:30,08:45,Olympia,27,24,51
2026.02.26,08:45,09:00,Olympia,38,31,69
2026.02.26,09:00,09:15,Olympia,23,10,33
2026.02.26,09:15,09:30,Olympia,11,17,28
2026.02.26,09:30,09:45,Olympia,8,15,23
2026.02.26,09:45,10:00,Olympia,13,8,21
2026.02.26,10:00,10:15,Olympia,7,5,12
2026.02.26,10:15,10:30,Olympia,17,14,31
2026.02.26,10:30,10:45,Olympia,10,6,16
2026.02.26,10:45,11:00,Olympia,13,11,24
2026.02.26,11:00,11:15,Olympia,10,9,19
2026.02.26,11:15,11:30,Olympia,11,7,18
2026.02.26,11:30,11:45,Olympia,18,8,26
2026.02.26,11:45,12:00,Olympia,14,10,24
2026.02.26,12:00,12:15,Olympia,15,9,24
2026.02.26,12:15,12:30,Olympia,9,10,19
2026.02.26,12:30,12:45,Olympia,16,17,33
2026.02.26,12:45,13:00,Olympia,15,13,28
2026.02.26,13:00,13:15,Olympia,10,18,28
2026.02.26,13:15,13:30,Olympia,23,22,45
2026.02.26,13:30,13:45,Olympia,14,20,34
2026.02.26,13:45,14:00,Olympia,14,24,38
2026.02.26,14:00,14:15,Olympia,25,20,45
2026.02.26,14:15,14:30,Olympia,25,14,39
2026.02.26,14:30,14:45,Olympia,11,19,30
2026.02.26,14:45,15:00,Olympia,23,19,42
2026.02.26,15:00,15:15,Olympia,24,27,51
2026.02.26,15:15,15:30,Olympia,24,23,47
2026.02.26,15:30,15:45,Olympia,39,16,55
2026.02.26,15:45,16:00,Olympia,29,19,48
2026.02.26,16:00,16:15,Olympia,34,35,69
2026.02.26,16:15,16:30,Olympia,24,31,55
2026.02.26,16:30,16:45,Olympia,31,20,51
2026.02.26,16:45,17:00,Olympia,35,37,72
2026.02.26,17:00,17:15,Olympia,30,33,63
2026.02.26,17:15,17:30,Olympia,28,47,75
2026.02.26,17:30,17:45,Olympia,26,43,69
2026.02.26,17:45,18:00,Olympia,40,51,91
2026.02.26,18:00,18:15,Olympia,30,43,73
2026.02.26,18:15,18:30,Olympia,34,26,60
2026.02.26,18:30,18:45,Olympia,29,36,65
2026.02.26,18:45,19:00,Olympia,29,30,59
2026.02.26,19:00,19:15,Olympia,30,22,52
2026.02.26,19:15,19:30,Olympia,25,11,36
2026.02.26,19:30,19:45,Olympia,34,21,55
2026.02.26,19:45,20:00,Olympia,24,13,37
2026.02.26,20:00,20:15,Olympia,12,15,27
2026.02.26,20:15,20:30,Olympia,9,21,30
2026.02.26,20:30,20:45,Olympia,8,12,20
2026.02.26,20:45,21:00,Olympia,9,9,18
2026.02.26,21:00,21:15,Olympia,8,8,16
2026.02.26,21:15,21:30,Olympia,6,10,16
2026.02.26,21:30,21:45,Olympia,2,10,12
2026.02.26,21:45,22:00,Olympia,6,15,21
2026.02.26,22:00,22:15,Olympia,6,9,15
2026.02.26,22:15,22:30,Olympia,8,5,13
2026.02.26,22:30,22:45,Olympia,5,7,12
2026.02.26,22:45,23:00,Olympia,4,8,12
2026.02.26,23:00,23:15,Olympia,1,6,7
2026.02.26,23:15,23:30,Olympia,3,2,5
2026.02.26,23:30,23:45,Olympia,2,39,41
2026.02.26,23:45,00:00,Olympia,1,14,15
2026.02.27,00:00,00:15,Olympia,2,10,12
2026.02.27,00:15,00:30,Olympia,4,0,4
2026.02.27,00:30,00:45,Olympia,3,1,4
2026.02.27,00:45,01:00,Olympia,1,1,2
2026.02.27,01:00,01:15,Olympia,1,0,1
2026.02.27,01:15,01:30,Olympia,0,0,0
2026.02.27,01:30,01:45,Olympia,2,1,3
2026.02.27,01:45,02:00,Olympia,1,3,4
2026.02.27,02:00,02:15,Olympia,2,0,2
2026.02.27,02:15,02:30,Olympia,0,1,1
2026.02.27,02:30,02:45,Olympia,1,1,2
2026.02.27,02:45,03:00,Olympia,0,2,2
2026.02.27,03:00,03:15,Olympia,0,0,0
2026.02.27,03:15,03:30,Olympia,0,1,1
2026.02.27,03:30,03:45,Olympia,1,0,1
2026.02.27,03:45,04:00,Olympia,0,0,0
2026.02.27,04:00,04:15,Olympia,0,0,0
2026.02.27,04:15,04:30,Olympia,0,1,1
2026.02.27,04:30,04:45,Olympia,0,0,0
2026.02.27,04:45,05:00,Olympia,1,0,1
2026.02.27,05:00,05:15,Olympia,0,1,1
2026.02.27,05:15,05:30,Olympia,3,0,3
2026.02.27,05:30,05:45,Olympia,3,4,7
2026.02.27,05:45,06:00,Olympia,2,5,7
2026.02.27,06:00,06:15,Olympia,3,6,9
2026.02.27,06:15,06:30,Olympia,4,2,6
2026.02.27,06:30,06:45,Olympia,9,4,13
2026.02.27,06:45,07:00,Olympia,12,9,21
2026.02.27,07:00,07:15,Olympia,22,13,35
2026.02.27,07:15,07:30,Olympia,21,29,50
2026.02.27,07:30,07:45,Olympia,22,59,81
2026.02.27,07:45,08:00,Olympia,36,41,77
2026.02.27,08:00,08:15,Olympia,32,46,78
2026.02.27,08:15,08:30,Olympia,33,41,74
2026.02.27,08:30,08:45,Olympia,28,37,65
2026.02.27,08:45,09:00,Olympia,35,28,63
2026.02.27,09:00,09:15,Olympia,23,15,38
2026.02.27,09:15,09:30,Olympia,13,19,32
2026.02.27,09:30,09:45,Olympia,14,31,45
2026.02.27,09:45,10:00,Olympia,17,28,45
2026.02.27,10:00,10:15,Olympia,21,19,40
2026.02.27,10:15,10:30,Olympia,15,12,27
2026.02.27,10:30,10:45,Olympia,16,20,36
2026.02.27,10:45,11:00,Olympia,10,8,18
2026.02.27,11:00,11:15,Olympia,19,25,44
2026.02.27,11:15,11:30,Olympia,23,20,43
2026.02.27,11:30,11:45,Olympia,15,20,35
2026.02.27,11:45,12:00,Olympia,13,20,33
2026.02.27,12:00,12:15,Olympia,21,23,44
2026.02.27,12:15,12:30,Olympia,21,26,47
2026.02.27,12:30,12:45,Olympia,15,35,50
2026.02.27,12:45,13:00,Olympia,16,27,43
2026.02.27,13:00,13:15,Olympia,31,32,63
2026.02.27,13:15,13:30,Olympia,35,25,60
2026.02.27,13:30,13:45,Olympia,51,34,85
2026.02.27,13:45,14:00,Olympia,38,41,79
2026.02.27,14:00,14:15,Olympia,39,24,63
2026.02.27,14:15,14:30,Olympia,47,23,70
2026.02.27,14:30,14:45,Olympia,59,32,91
2026.02.27,14:45,15:00,Olympia,44,38,82
2026.02.27,15:00,15:15,Olympia,43,49,92
2026.02.27,15:15,15:30,Olympia,52,37,89
2026.02.27,15:30,15:45,Olympia,51,34,85
2026.02.27,15:45,16:00,Olympia,61,48,109
2026.02.27,16:00,16:15,Olympia,47,38,85
2026.02.27,16:15,16:30,Olympia,59,53,112
2026.02.27,16:30,16:45,Olympia,48,53,101
2026.02.27,16:45,17:00,Olympia,49,62,111
2026.02.27,17:00,17:15,Olympia,46,74,120
2026.02.27,17:15,17:30,Olympia,50,59,109
2026.02.27,17:30,17:45,Olympia,50,52,102
2026.02.27,17:45,18:00,Olympia,59,57,116
2026.02.27,18:00,18:15,Olympia,31,47,78
2026.02.27,18:15,18:30,Olympia,41,73,114
2026.02.27,18:30,18:45,Olympia,32,34,66
2026.02.27,18:45,19:00,Olympia,28,41,69
2026.02.27,19:00,19:15,Olympia,16,28,44
2026.02.27,19:15,19:30,Olympia,28,20,48
2026.02.27,19:30,19:45,Olympia,31,13,44
2026.02.27,19:45,20:00,Olympia,22,17,39
2026.02.27,20:00,20:15,Olympia,19,20,39
2026.02.27,20:15,20:30,Olympia,12,30,42
2026.02.27,20:30,20:45,Olympia,10,10,20
2026.02.27,20:45,21:00,Olympia,15,10,25
2026.02.27,21:00,21:15,Olympia,5,8,13
2026.02.27,21:15,21:30,Olympia,10,13,23
2026.02.27,21:30,21:45,Olympia,8,8,16
2026.02.27,21:45,22:00,Olympia,12,5,17
2026.02.27,22:00,22:15,Olympia,4,8,12
2026.02.27,22:15,22:30,Olympia,8,16,24
2026.02.27,22:30,22:45,Olympia,2,5,7
2026.02.27,22:45,23:00,Olympia,7,40,47
2026.02.27,23:00,23:15,Olympia,3,9,12
2026.02.27,23:15,23:30,Olympia,0,5,5
2026.02.27,23:30,23:45,Olympia,4,7,11
2026.02.27,23:45,00:00,Olympia,6,2,8
2026.02.28,00:00,00:15,Olympia,15,3,18
2026.02.28,00:15,00:30,Olympia,7,3,10
2026.02.28,00:30,00:45,Olympia,4,4,8
2026.02.28,00:45,01:00,Olympia,2,2,4
2026.02.28,01:00,01:15,Olympia,0,0,0
2026.02.28,01:15,01:30,Olympia,2,0,2
2026.02.28,01:30,01:45,Olympia,3,0,3
2026.02.28,01:45,02:00,Olympia,0,0,0
2026.02.28,02:00,02:15,Olympia,3,2,5
2026.02.28,02:15,02:30,Olympia,2,0,2
2026.02.28,02:30,02:45,Olympia,2,0,2
2026.02.28,02:45,03:00,Olympia,1,0,1
2026.02.28,03:00,03:15,Olympia,1,0,1
2026.02.28,03:15,03:30,Olympia,1,1,2
2026.02.28,03:30,03:45,Olympia,2,0,2
2026.02.28,03:45,04:00,Olympia,2,0,2
2026.02.28,04:00,04:15,Olympia,0,0,0
2026.02.28,04:15,04:30,Olympia,0,0,0
2026.02.28,04:30,04:45,Olympia,1,0,1
2026.02.28,04:45,05:00,Olympia,0,2,2
2026.02.28,05:00,05:15,Olympia,0,1,1
2026.02.28,05:15,05:30,Olympia,1,4,5
2026.02.28,05:30,05:45,Olympia,1,2,3
2026.02.28,05:45,06:00,Olympia,1,3,4
2026.02.28,06:00,06:15,Olympia,1,1,2
2026.02.28,06:15,06:30,Olympia,2,0,2
2026.02.28,06:30,06:45,Olympia,1,1,2
2026.02.28,06:45,07:00,Olympia,4,2,6
2026.02.28,07:00,07:15,Olympia,5,1,6
2026.02.28,07:15,07:30,Olympia,1,2,3
2026.02.28,07:30,07:45,Olympia,2,3,5
2026.02.28,07:45,08:00,Olympia,4,4,8
2026.02.28,08:00,08:15,Olympia,7,3,10
2026.02.28,08:15,08:30,Olympia,11,10,21
2026.02.28,08:30,08:45,Olympia,6,13,19
2026.02.28,08:45,09:00,Olympia,8,7,15
2026.02.28,09:00,09:15,Olympia,16,9,25
2026.02.28,09:15,09:30,Olympia,14,15,29
2026.02.28,09:30,09:45,Olympia,14,12,26
2026.02.28,09:45,10:00,Olympia,29,15,44
2026.02.28,10:00,10:15,Olympia,28,13,41
2026.02.28,10:15,10:30,Olympia,20,19,39
2026.02.28,10:30,10:45,Olympia,15,28,43
2026.02.28,10:45,11:00,Olympia,36,18,54
2026.02.28,11:00,11:15,Olympia,32,15,47
2026.02.28,11:15,11:30,Olympia,33,29,62
2026.02.28,11:30,11:45,Olympia,36,27,63
2026.02.28,11:45,12:00,Olympia,37,34,71
2026.02.28,12:00,12:15,Olympia,33,27,60
2026.02.28,12:15,12:30,Olympia,29,43,72
2026.02.28,12:30,12:45,Olympia,31,36,67
2026.02.28,12:45,13:00,Olympia,33,36,69
2026.02.28,13:00,13:15,Olympia,48,33,81
2026.02.28,13:15,13:30,Olympia,69,65,134
2026.02.28,13:30,13:45,Olympia,39,34,73
2026.02.28,13:45,14:00,Olympia,39,39,78
2026.02.28,14:00,14:15,Olympia,37,36,73
2026.02.28,14:15,14:30,Olympia,41,34,75
2026.02.28,14:30,14:45,Olympia,42,36,78
2026.02.28,14:45,15:00,Olympia,42,36,78
2026.02.28,15:00,15:15,Olympia,33,31,64
2026.02.28,15:15,15:30,Olympia,36,39,75
2026.02.28,15:30,15:45,Olympia,40,39,79
2026.02.28,15:45,16:00,Olympia,27,56,83
2026.02.28,16:00,16:15,Olympia,22,58,80
2026.02.28,16:15,16:30,Olympia,39,51,90
2026.02.28,16:30,16:45,Olympia,21,30,51
2026.02.28,16:45,17:00,Olympia,30,76,106
2026.02.28,17:00,17:15,Olympia,38,57,95
2026.02.28,17:15,17:30,Olympia,24,51,75
2026.02.28,17:30,17:45,Olympia,37,28,65
2026.02.28,17:45,18:00,Olympia,22,37,59
2026.02.28,18:00,18:15,Olympia,33,24,57
2026.02.28,18:15,18:30,Olympia,26,15,41
2026.02.28,18:30,18:45,Olympia,23,19,42
2026.02.28,18:45,19:00,Olympia,20,32,52
2026.02.28,19:00,19:15,Olympia,14,31,45
2026.02.28,19:15,19:30,Olympia,9,15,24
2026.02.28,19:30,19:45,Olympia,5,14,19
2026.02.28,19:45,20:00,Olympia,5,15,20
2026.02.28,20:00,20:15,Olympia,14,14,28
2026.02.28,20:15,20:30,Olympia,6,5,11
2026.02.28,20:30,20:45,Olympia,6,3,9
2026.02.28,20:45,21:00,Olympia,2,8,10
2026.02.28,21:00,21:15,Olympia,6,5,11
2026.02.28,21:15,21:30,Olympia,7,8,15
2026.02.28,21:30,21:45,Olympia,18,9,27
2026.02.28,21:45,22:00,Olympia,7,38,45
2026.02.28,22:00,22:15,Olympia,9,11,20
2026.02.28,22:15,22:30,Olympia,4,7,11
2026.02.28,22:30,22:45,Olympia,8,7,15
2026.02.28,22:45,23:00,Olympia,4,6,10
2026.02.28,23:00,23:15,Olympia,5,10,15
2026.02.28,23:15,23:30,Olympia,5,2,7
2026.02.28,23:30,23:45,Olympia,8,6,14
2026.02.28,23:45,00:00,Olympia,2,6,8
2026.02.01,00:00,00:15,Hirsch,2,0,2
2026.02.01,00:15,00:30,Hirsch,0,0,0
2026.02.01,00:30,00:45,Hirsch,2,0,2
2026.02.01,00:45,01:00,Hirsch,0,0,0
2026.02.01,01:00,01:15,Hirsch,2,0,2
2026.02.01,01:15,01:30,Hirsch,1,0,1
2026.02.01,01:30,01:45,Hirsch,3,0,3
2026.02.01,01:45,02:00,Hirsch,0,0,0
2026.02.01,02:00,02:15,Hirsch,0,0,0
2026.02.01,02:15,02:30,Hirsch,0,0,0
2026.02.01,02:30,02:45,Hirsch,1,0,1
2026.02.01,02:45,03:00,Hirsch,0,0,0
2026.02.01,03:00,03:15,Hirsch,0,0,0
2026.02.01,03:15,03:30,Hirsch,0,0,0
2026.02.01,03:30,03:45,Hirsch,0,0,0
2026.02.01,03:45,04:00,Hirsch,0,0,0
2026.02.01,04:00,04:15,Hirsch,0,0,0
2026.02.01,04:15,04:30,Hirsch,0,0,0
2026.02.01,04:30,04:45,Hirsch,0,0,0
2026.02.01,04:45,05:00,Hirsch,0,0,0
2026.02.01,05:00,05:15,Hirsch,0,0,0
2026.02.01,05:15,05:30,Hirsch,0,0,0
2026.02.01,05:30,05:45,Hirsch,0,0,0
2026.02.01,05:45,06:00,Hirsch,0,1,1
2026.02.01,06:00,06:15,Hirsch,0,1,1
2026.02.01,06:15,06:30,Hirsch,0,2,2
2026.02.01,06:30,06:45,Hirsch,0,0,0
2026.02.01,06:45,07:00,Hirsch,0,0,0
2026.02.01,07:00,07:15,Hirsch,0,0,0
2026.02.01,07:15,07:30,Hirsch,0,0,0
2026.02.01,07:30,07:45,Hirsch,0,1,1
2026.02.01,07:45,08:00,Hirsch,4,3,7
2026.02.01,08:00,08:15,Hirsch,0,1,1
2026.02.01,08:15,08:30,Hirsch,4,1,5
2026.02.01,08:30,08:45,Hirsch,0,2,2
2026.02.01,08:45,09:00,Hirsch,1,3,4
2026.02.01,09:00,09:15,Hirsch,1,1,2
2026.02.01,09:15,09:30,Hirsch,3,3,6
2026.02.01,09:30,09:45,Hirsch,1,4,5
2026.02.01,09:45,10:00,Hirsch,0,1,1
2026.02.01,10:00,10:15,Hirsch,1,2,3
2026.02.01,10:15,10:30,Hirsch,1,7,8
2026.02.01,10:30,10:45,Hirsch,5,0,5
2026.02.01,10:45,11:00,Hirsch,3,4,7
2026.02.01,11:00,11:15,Hirsch,2,2,4
2026.02.01,11:15,11:30,Hirsch,2,6,8
2026.02.01,11:30,11:45,Hirsch,1,2,3
2026.02.01,11:45,12:00,Hirsch,0,2,2
2026.02.01,12:00,12:15,Hirsch,2,3,5
2026.02.01,12:15,12:30,Hirsch,5,3,8
2026.02.01,12:30,12:45,Hirsch,6,3,9
2026.02.01,12:45,13:00,Hirsch,1,12,13
2026.02.01,13:00,13:15,Hirsch,2,1,3
2026.02.01,13:15,13:30,Hirsch,3,4,7
2026.02.01,13:30,13:45,Hirsch,4,4,8
2026.02.01,13:45,14:00,Hirsch,13,3,16
2026.02.01,14:00,14:15,Hirsch,6,6,12
2026.02.01,14:15,14:30,Hirsch,5,5,10
2026.02.01,14:30,14:45,Hirsch,6,3,9
2026.02.01,14:45,15:00,Hirsch,5,7,12
2026.02.01,15:00,15:15,Hirsch,7,6,13
2026.02.01,15:15,15:30,Hirsch,2,4,6
2026.02.01,15:30,15:45,Hirsch,4,3,7
2026.02.01,15:45,16:00,Hirsch,0,7,7
2026.02.01,16:00,16:15,Hirsch,6,4,10
2026.02.01,16:15,16:30,Hirsch,2,3,5
2026.02.01,16:30,16:45,Hirsch,4,2,6
2026.02.01,16:45,17:00,Hirsch,4,4,8
2026.02.01,17:00,17:15,Hirsch,4,6,10
2026.02.01,17:15,17:30,Hirsch,5,1,6
2026.02.01,17:30,17:45,Hirsch,5,3,8
2026.02.01,17:45,18:00,Hirsch,0,4,4
2026.02.01,18:00,18:15,Hirsch,4,3,7
2026.02.01,18:15,18:30,Hirsch,4,3,7
2026.02.01,18:30,18:45,Hirsch,0,1,1
2026.02.01,18:45,19:00,Hirsch,0,1,1
2026.02.01,19:00,19:15,Hirsch,1,1,2
2026.02.01,19:15,19:30,Hirsch,2,2,4
2026.02.01,19:30,19:45,Hirsch,3,3,6
2026.02.01,19:45,20:00,Hirsch,3,2,5
2026.02.01,20:00,20:15,Hirsch,1,1,2
2026.02.01,20:15,20:30,Hirsch,0,2,2
2026.02.01,20:30,20:45,Hirsch,4,1,5
2026.02.01,20:45,21:00,Hirsch,1,0,1
2026.02.01,21:00,21:15,Hirsch,3,0,3
2026.02.01,21:15,21:30,Hirsch,0,0,0
2026.02.01,21:30,21:45,Hirsch,0,0,0
2026.02.01,21:45,22:00,Hirsch,0,1,1
2026.02.01,22:00,22:15,Hirsch,0,0,0
2026.02.01,22:15,22:30,Hirsch,1,0,1
2026.02.01,22:30,22:45,Hirsch,0,0,0
2026.02.01,22:45,23:00,Hirsch,2,2,4
2026.02.01,23:00,23:15,Hirsch,1,0,1
2026.02.01,23:15,23:30,Hirsch,1,0,1
2026.02.01,23:30,23:45,Hirsch,0,0,0
2026.02.01,23:45,00:00,Hirsch,0,0,0
2026.02.02,00:00,00:15,Hirsch,0,0,0
2026.02.02,00:15,00:30,Hirsch,1,0,1
2026.02.02,00:30,00:45,Hirsch,0,0,0
2026.02.02,00:45,01:00,Hirsch,0,0,0
2026.02.02,01:00,01:15,Hirsch,0,0,0
2026.02.02,01:15,01:30,Hirsch,0,0,0
2026.02.02,01:30,01:45,Hirsch,0,0,0
2026.02.02,01:45,02:00,Hirsch,0,0,0
2026.02.02,02:00,02:15,Hirsch,0,0,0
2026.02.02,02:15,02:30,Hirsch,0,0,0
2026.02.02,02:30,02:45,Hirsch,0,0,0
2026.02.02,02:45,03:00,Hirsch,0,0,0
2026.02.02,03:00,03:15,Hirsch,0,0,0
2026.02.02,03:15,03:30,Hirsch,0,0,0
2026.02.02,03:30,03:45,Hirsch,0,0,0
2026.02.02,03:45,04:00,Hirsch,0,0,0
2026.02.02,04:00,04:15,Hirsch,0,0,0
2026.02.02,04:15,04:30,Hirsch,0,0,0
2026.02.02,04:30,04:45,Hirsch,0,0,0
2026.02.02,04:45,05:00,Hirsch,0,0,0
2026.02.02,05:00,05:15,Hirsch,1,3,4
2026.02.02,05:15,05:30,Hirsch,0,3,3
2026.02.02,05:30,05:45,Hirsch,2,7,9
2026.02.02,05:45,06:00,Hirsch,0,6,6
2026.02.02,06:00,06:15,Hirsch,0,2,2
2026.02.02,06:15,06:30,Hirsch,0,7,7
2026.02.02,06:30,06:45,Hirsch,3,7,10
2026.02.02,06:45,07:00,Hirsch,5,19,24
2026.02.02,07:00,07:15,Hirsch,5,23,28
2026.02.02,07:15,07:30,Hirsch,12,24,36
2026.02.02,07:30,07:45,Hirsch,8,45,53
2026.02.02,07:45,08:00,Hirsch,6,52,58
2026.02.02,08:00,08:15,Hirsch,6,70,76
2026.02.02,08:15,08:30,Hirsch,13,69,82
2026.02.02,08:30,08:45,Hirsch,16,70,86
2026.02.02,08:45,09:00,Hirsch,6,38,44
2026.02.02,09:00,09:15,Hirsch,10,23,33
2026.02.02,09:15,09:30,Hirsch,3,22,25
2026.02.02,09:30,09:45,Hirsch,5,24,29
2026.02.02,09:45,10:00,Hirsch,13,12,25
2026.02.02,10:00,10:15,Hirsch,1,12,13
2026.02.02,10:15,10:30,Hirsch,5,13,18
2026.02.02,10:30,10:45,Hirsch,2,6,8
2026.02.02,10:45,11:00,Hirsch,2,5,7
2026.02.02,11:00,11:15,Hirsch,5,6,11
2026.02.02,11:15,11:30,Hirsch,1,7,8
2026.02.02,11:30,11:45,Hirsch,4,12,16
2026.02.02,11:45,12:00,Hirsch,3,6,9
2026.02.02,12:00,12:15,Hirsch,5,5,10
2026.02.02,12:15,12:30,Hirsch,6,7,13
2026.02.02,12:30,12:45,Hirsch,4,1,5
2026.02.02,12:45,13:00,Hirsch,8,6,14
2026.02.02,13:00,13:15,Hirsch,4,7,11
2026.02.02,13:15,13:30,Hirsch,10,0,10
2026.02.02,13:30,13:45,Hirsch,21,6,27
2026.02.02,13:45,14:00,Hirsch,11,2,13
2026.02.02,14:00,14:15,Hirsch,11,2,13
2026.02.02,14:15,14:30,Hirsch,23,8,31
2026.02.02,14:30,14:45,Hirsch,7,2,9
2026.02.02,14:45,15:00,Hirsch,7,11,18
2026.02.02,15:00,15:15,Hirsch,12,9,21
2026.02.02,15:15,15:30,Hirsch,18,6,24
2026.02.02,15:30,15:45,Hirsch,31,4,35
2026.02.02,15:45,16:00,Hirsch,14,8,22
2026.02.02,16:00,16:15,Hirsch,19,9,28
2026.02.02,16:15,16:30,Hirsch,17,17,34
2026.02.02,16:30,16:45,Hirsch,36,10,46
2026.02.02,16:45,17:00,Hirsch,21,3,24
2026.02.02,17:00,17:15,Hirsch,26,10,36
2026.02.02,17:15,17:30,Hirsch,34,15,49
2026.02.02,17:30,17:45,Hirsch,29,11,40
2026.02.02,17:45,18:00,Hirsch,33,11,44
2026.02.02,18:00,18:15,Hirsch,31,13,44
2026.02.02,18:15,18:30,Hirsch,35,10,45
2026.02.02,18:30,18:45,Hirsch,32,9,41
2026.02.02,18:45,19:00,Hirsch,19,8,27
2026.02.02,19:00,19:15,Hirsch,21,6,27
2026.02.02,19:15,19:30,Hirsch,22,4,26
2026.02.02,19:30,19:45,Hirsch,13,4,17
2026.02.02,19:45,20:00,Hirsch,10,1,11
2026.02.02,20:00,20:15,Hirsch,10,6,16
2026.02.02,20:15,20:30,Hirsch,2,2,4
2026.02.02,20:30,20:45,Hirsch,4,1,5
2026.02.02,20:45,21:00,Hirsch,7,2,9
2026.02.02,21:00,21:15,Hirsch,10,1,11
2026.02.02,21:15,21:30,Hirsch,4,6,10
2026.02.02,21:30,21:45,Hirsch,5,0,5
2026.02.02,21:45,22:00,Hirsch,6,0,6
2026.02.02,22:00,22:15,Hirsch,5,1,6
2026.02.02,22:15,22:30,Hirsch,2,1,3
2026.02.02,22:30,22:45,Hirsch,3,1,4
2026.02.02,22:45,23:00,Hirsch,3,0,3
2026.02.02,23:00,23:15,Hirsch,8,1,9
2026.02.02,23:15,23:30,Hirsch,1,0,1
2026.02.02,23:30,23:45,Hirsch,3,0,3
2026.02.02,23:45,00:00,Hirsch,0,0,0
2026.02.03,00:00,00:15,Hirsch,0,0,0
2026.02.03,00:15,00:30,Hirsch,0,0,0
2026.02.03,00:30,00:45,Hirsch,0,0,0
2026.02.03,00:45,01:00,Hirsch,0,0,0
2026.02.03,01:00,01:15,Hirsch,0,0,0
2026.02.03,01:15,01:30,Hirsch,0,0,0
2026.02.03,01:30,01:45,Hirsch,0,0,0
2026.02.03,01:45,02:00,Hirsch,0,0,0
2026.02.03,02:00,02:15,Hirsch,0,0,0
2026.02.03,02:15,02:30,Hirsch,0,0,0
2026.02.03,02:30,02:45,Hirsch,0,0,0
2026.02.03,02:45,03:00,Hirsch,0,0,0
2026.02.03,03:00,03:15,Hirsch,0,0,0
2026.02.03,03:15,03:30,Hirsch,0,0,0
2026.02.03,03:30,03:45,Hirsch,0,0,0
2026.02.03,03:45,04:00,Hirsch,0,0,0
2026.02.03,04:00,04:15,Hirsch,0,0,0
2026.02.03,04:15,04:30,Hirsch,0,0,0
2026.02.03,04:30,04:45,Hirsch,0,0,0
2026.02.03,04:45,05:00,Hirsch,0,0,0
2026.02.03,05:00,05:15,Hirsch,1,1,2
2026.02.03,05:15,05:30,Hirsch,0,1,1
2026.02.03,05:30,05:45,Hirsch,1,7,8
2026.02.03,05:45,06:00,Hirsch,0,5,5
2026.02.03,06:00,06:15,Hirsch,0,2,2
2026.02.03,06:15,06:30,Hirsch,2,3,5
2026.02.03,06:30,06:45,Hirsch,2,11,13
2026.02.03,06:45,07:00,Hirsch,6,19,25
2026.02.03,07:00,07:15,Hirsch,0,24,24
2026.02.03,07:15,07:30,Hirsch,2,35,37
2026.02.03,07:30,07:45,Hirsch,8,39,47
2026.02.03,07:45,08:00,Hirsch,6,53,59
2026.02.03,08:00,08:15,Hirsch,8,69,77
2026.02.03,08:15,08:30,Hirsch,9,75,84
2026.02.03,08:30,08:45,Hirsch,12,56,68
2026.02.03,08:45,09:00,Hirsch,9,31,40
2026.02.03,09:00,09:15,Hirsch,6,31,37
2026.02.03,09:15,09:30,Hirsch,7,21,28
2026.02.03,09:30,09:45,Hirsch,6,13,19
2026.02.03,09:45,10:00,Hirsch,1,9,10
2026.02.03,10:00,10:15,Hirsch,1,13,14
2026.02.03,10:15,10:30,Hirsch,1,10,11
2026.02.03,10:30,10:45,Hirsch,0,7,7
2026.02.03,10:45,11:00,Hirsch,0,3,3
2026.02.03,11:00,11:15,Hirsch,3,3,6
2026.02.03,11:15,11:30,Hirsch,3,1,4
2026.02.03,11:30,11:45,Hirsch,5,7,12
2026.02.03,11:45,12:00,Hirsch,3,6,9
2026.02.03,12:00,12:15,Hirsch,2,10,12
2026.02.03,12:15,12:30,Hirsch,8,5,13
2026.02.03,12:30,12:45,Hirsch,12,9,21
2026.02.03,12:45,13:00,Hirsch,6,5,11
2026.02.03,13:00,13:15,Hirsch,5,5,10
2026.02.03,13:15,13:30,Hirsch,10,2,12
2026.02.03,13:30,13:45,Hirsch,8,12,20
2026.02.03,13:45,14:00,Hirsch,13,5,18
2026.02.03,14:00,14:15,Hirsch,11,2,13
2026.02.03,14:15,14:30,Hirsch,10,4,14
2026.02.03,14:30,14:45,Hirsch,14,6,20
2026.02.03,14:45,15:00,Hirsch,6,2,8
2026.02.03,15:00,15:15,Hirsch,13,12,25
2026.02.03,15:15,15:30,Hirsch,21,5,26
2026.02.03,15:30,15:45,Hirsch,21,5,26
2026.02.03,15:45,16:00,Hirsch,18,11,29
2026.02.03,16:00,16:15,Hirsch,20,8,28
2026.02.03,16:15,16:30,Hirsch,28,8,36
2026.02.03,16:30,16:45,Hirsch,26,7,33
2026.02.03,16:45,17:00,Hirsch,23,4,27
2026.02.03,17:00,17:15,Hirsch,30,7,37
2026.02.03,17:15,17:30,Hirsch,20,2,22
2026.02.03,17:30,17:45,Hirsch,35,15,50
2026.02.03,17:45,18:00,Hirsch,31,11,42
2026.02.03,18:00,18:15,Hirsch,31,10,41
2026.02.03,18:15,18:30,Hirsch,46,13,59
2026.02.03,18:30,18:45,Hirsch,26,8,34
2026.02.03,18:45,19:00,Hirsch,25,11,36
2026.02.03,19:00,19:15,Hirsch,22,4,26
2026.02.03,19:15,19:30,Hirsch,20,6,26
2026.02.03,19:30,19:45,Hirsch,12,4,16
2026.02.03,19:45,20:00,Hirsch,4,8,12
2026.02.03,20:00,20:15,Hirsch,11,6,17
2026.02.03,20:15,20:30,Hirsch,9,4,13
2026.02.03,20:30,20:45,Hirsch,7,1,8
2026.02.03,20:45,21:00,Hirsch,6,0,6
2026.02.03,21:00,21:15,Hirsch,11,3,14
2026.02.03,21:15,21:30,Hirsch,7,3,10
2026.02.03,21:30,21:45,Hirsch,6,3,9
2026.02.03,21:45,22:00,Hirsch,5,1,6
2026.02.03,22:00,22:15,Hirsch,6,0,6
2026.02.03,22:15,22:30,Hirsch,7,0,7
2026.02.03,22:30,22:45,Hirsch,4,0,4
2026.02.03,22:45,23:00,Hirsch,3,0,3
2026.02.03,23:00,23:15,Hirsch,0,1,1
2026.02.03,23:15,23:30,Hirsch,4,0,4
2026.02.03,23:30,23:45,Hirsch,2,2,4
2026.02.03,23:45,00:00,Hirsch,2,0,2
2026.02.04,00:00,00:15,Hirsch,2,0,2
2026.02.04,00:15,00:30,Hirsch,0,0,0
2026.02.04,00:30,00:45,Hirsch,0,0,0
2026.02.04,00:45,01:00,Hirsch,3,0,3
2026.02.04,01:00,01:15,Hirsch,0,0,0
2026.02.04,01:15,01:30,Hirsch,0,0,0
2026.02.04,01:30,01:45,Hirsch,1,0,1
2026.02.04,01:45,02:00,Hirsch,0,0,0
2026.02.04,02:00,02:15,Hirsch,0,0,0
2026.02.04,02:15,02:30,Hirsch,0,0,0
2026.02.04,02:30,02:45,Hirsch,0,0,0
2026.02.04,02:45,03:00,Hirsch,0,0,0
2026.02.04,03:00,03:15,Hirsch,0,0,0
2026.02.04,03:15,03:30,Hirsch,1,0,1
2026.02.04,03:30,03:45,Hirsch,0,0,0
2026.02.04,03:45,04:00,Hirsch,0,0,0
2026.02.04,04:00,04:15,Hirsch,0,0,0
2026.02.04,04:15,04:30,Hirsch,0,0,0
2026.02.04,04:30,04:45,Hirsch,0,0,0
2026.02.04,04:45,05:00,Hirsch,0,1,1
2026.02.04,05:00,05:15,Hirsch,1,1,2
2026.02.04,05:15,05:30,Hirsch,0,1,1
2026.02.04,05:30,05:45,Hirsch,1,7,8
2026.02.04,05:45,06:00,Hirsch,0,4,4
2026.02.04,06:00,06:15,Hirsch,1,5,6
2026.02.04,06:15,06:30,Hirsch,0,4,4
2026.02.04,06:30,06:45,Hirsch,2,10,12
2026.02.04,06:45,07:00,Hirsch,3,20,23
2026.02.04,07:00,07:15,Hirsch,3,21,24
2026.02.04,07:15,07:30,Hirsch,8,21,29
2026.02.04,07:30,07:45,Hirsch,0,55,55
2026.02.04,07:45,08:00,Hirsch,14,48,62
2026.02.04,08:00,08:15,Hirsch,2,62,64
2026.02.04,08:15,08:30,Hirsch,10,65,75
2026.02.04,08:30,08:45,Hirsch,5,60,65
2026.02.04,08:45,09:00,Hirsch,11,42,53
2026.02.04,09:00,09:15,Hirsch,6,21,27
2026.02.04,09:15,09:30,Hirsch,4,18,22
2026.02.04,09:30,09:45,Hirsch,3,19,22
2026.02.04,09:45,10:00,Hirsch,3,4,7
2026.02.04,10:00,10:15,Hirsch,0,7,7
2026.02.04,10:15,10:30,Hirsch,1,8,9
2026.02.04,10:30,10:45,Hirsch,4,9,13
2026.02.04,10:45,11:00,Hirsch,1,9,10
2026.02.04,11:00,11:15,Hirsch,3,4,7
2026.02.04,11:15,11:30,Hirsch,1,2,3
2026.02.04,11:30,11:45,Hirsch,5,7,12
2026.02.04,11:45,12:00,Hirsch,4,5,9
2026.02.04,12:00,12:15,Hirsch,3,3,6
2026.02.04,12:15,12:30,Hirsch,6,3,9
2026.02.04,12:30,12:45,Hirsch,5,6,11
2026.02.04,12:45,13:00,Hirsch,6,7,13
2026.02.04,13:00,13:15,Hirsch,4,3,7
2026.02.04,13:15,13:30,Hirsch,7,1,8
2026.02.04,13:30,13:45,Hirsch,16,4,20
2026.02.04,13:45,14:00,Hirsch,11,3,14
2026.02.04,14:00,14:15,Hirsch,6,1,7
2026.02.04,14:15,14:30,Hirsch,10,8,18
2026.02.04,14:30,14:45,Hirsch,9,4,13
2026.02.04,14:45,15:00,Hirsch,9,4,13
2026.02.04,15:00,15:15,Hirsch,11,7,18
2026.02.04,15:15,15:30,Hirsch,19,0,19
2026.02.04,15:30,15:45,Hirsch,14,6,20
2026.02.04,15:45,16:00,Hirsch,15,4,19
2026.02.04,16:00,16:15,Hirsch,15,3,18
2026.02.04,16:15,16:30,Hirsch,21,8,29
2026.02.04,16:30,16:45,Hirsch,26,10,36
2026.02.04,16:45,17:00,Hirsch,28,10,38
2026.02.04,17:00,17:15,Hirsch,34,10,44
2026.02.04,17:15,17:30,Hirsch,14,5,19
2026.02.04,17:30,17:45,Hirsch,29,9,38
2026.02.04,17:45,18:00,Hirsch,26,11,37
2026.02.04,18:00,18:15,Hirsch,29,11,40
2026.02.04,18:15,18:30,Hirsch,43,5,48
2026.02.04,18:30,18:45,Hirsch,21,8,29
2026.02.04,18:45,19:00,Hirsch,20,12,32
2026.02.04,19:00,19:15,Hirsch,20,7,27
2026.02.04,19:15,19:30,Hirsch,19,5,24
2026.02.04,19:30,19:45,Hirsch,9,1,10
2026.02.04,19:45,20:00,Hirsch,12,3,15
2026.02.04,20:00,20:15,Hirsch,10,4,14
2026.02.04,20:15,20:30,Hirsch,6,2,8
2026.02.04,20:30,20:45,Hirsch,4,0,4
2026.02.04,20:45,21:00,Hirsch,6,2,8
2026.02.04,21:00,21:15,Hirsch,7,1,8
2026.02.04,21:15,21:30,Hirsch,9,2,11
2026.02.04,21:30,21:45,Hirsch,3,1,4
2026.02.04,21:45,22:00,Hirsch,11,1,12
2026.02.04,22:00,22:15,Hirsch,5,1,6
2026.02.04,22:15,22:30,Hirsch,6,5,11
2026.02.04,22:30,22:45,Hirsch,7,0,7
2026.02.04,22:45,23:00,Hirsch,4,0,4
2026.02.04,23:00,23:15,Hirsch,4,2,6
2026.02.04,23:15,23:30,Hirsch,2,0,2
2026.02.04,23:30,23:45,Hirsch,0,0,0
2026.02.04,23:45,00:00,Hirsch,2,1,3
2026.02.05,00:00,00:15,Hirsch,0,0,0
2026.02.05,00:15,00:30,Hirsch,1,0,1
2026.02.05,00:30,00:45,Hirsch,1,0,1
2026.02.05,00:45,01:00,Hirsch,1,0,1
2026.02.05,01:00,01:15,Hirsch,0,0,0
2026.02.05,01:15,01:30,Hirsch,1,0,1
2026.02.05,01:30,01:45,Hirsch,0,0,0
2026.02.05,01:45,02:00,Hirsch,0,0,0
2026.02.05,02:00,02:15,Hirsch,0,1,1
2026.02.05,02:15,02:30,Hirsch,0,0,0
2026.02.05,02:30,02:45,Hirsch,0,0,0
2026.02.05,02:45,03:00,Hirsch,0,1,1
2026.02.05,03:00,03:15,Hirsch,0,0,0
2026.02.05,03:15,03:30,Hirsch,0,0,0
2026.02.05,03:30,03:45,Hirsch,0,0,0
2026.02.05,03:45,04:00,Hirsch,0,0,0
2026.02.05,04:00,04:15,Hirsch,0,0,0
2026.02.05,04:15,04:30,Hirsch,0,0,0
2026.02.05,04:30,04:45,Hirsch,0,0,0
2026.02.05,04:45,05:00,Hirsch,0,0,0
2026.02.05,05:00,05:15,Hirsch,0,2,2
2026.02.05,05:15,05:30,Hirsch,1,3,4
2026.02.05,05:30,05:45,Hirsch,1,3,4
2026.02.05,05:45,06:00,Hirsch,0,5,5
2026.02.05,06:00,06:15,Hirsch,0,3,3
2026.02.05,06:15,06:30,Hirsch,1,3,4
2026.02.05,06:30,06:45,Hirsch,2,9,11
2026.02.05,06:45,07:00,Hirsch,3,13,16
2026.02.05,07:00,07:15,Hirsch,3,17,20
2026.02.05,07:15,07:30,Hirsch,2,30,32
2026.02.05,07:30,07:45,Hirsch,6,47,53
2026.02.05,07:45,08:00,Hirsch,7,50,57
2026.02.05,08:00,08:15,Hirsch,4,67,71
2026.02.05,08:15,08:30,Hirsch,10,59,69
2026.02.05,08:30,08:45,Hirsch,9,51,60
2026.02.05,08:45,09:00,Hirsch,7,33,40
2026.02.05,09:00,09:15,Hirsch,5,22,27
2026.02.05,09:15,09:30,Hirsch,6,14,20
2026.02.05,09:30,09:45,Hirsch,1,23,24
2026.02.05,09:45,10:00,Hirsch,3,4,7
2026.02.05,10:00,10:15,Hirsch,1,7,8
2026.02.05,10:15,10:30,Hirsch,3,6,9
2026.02.05,10:30,10:45,Hirsch,5,5,10
2026.02.05,10:45,11:00,Hirsch,2,13,15
2026.02.05,11:00,11:15,Hirsch,6,4,10
2026.02.05,11:15,11:30,Hirsch,1,5,6
2026.02.05,11:30,11:45,Hirsch,6,3,9
2026.02.05,11:45,12:00,Hirsch,2,2,4
2026.02.05,12:00,12:15,Hirsch,4,5,9
2026.02.05,12:15,12:30,Hirsch,7,6,13
2026.02.05,12:30,12:45,Hirsch,4,3,7
2026.02.05,12:45,13:00,Hirsch,8,9,17
2026.02.05,13:00,13:15,Hirsch,7,5,12
2026.02.05,13:15,13:30,Hirsch,11,4,15
2026.02.05,13:30,13:45,Hirsch,4,5,9
2026.02.05,13:45,14:00,Hirsch,15,5,20
2026.02.05,14:00,14:15,Hirsch,6,4,10
2026.02.05,14:15,14:30,Hirsch,5,6,11
2026.02.05,14:30,14:45,Hirsch,20,9,29
2026.02.05,14:45,15:00,Hirsch,9,3,12
2026.02.05,15:00,15:15,Hirsch,7,8,15
2026.02.05,15:15,15:30,Hirsch,17,3,20
2026.02.05,15:30,15:45,Hirsch,20,7,27
2026.02.05,15:45,16:00,Hirsch,14,6,20
2026.02.05,16:00,16:15,Hirsch,16,8,24
2026.02.05,16:15,16:30,Hirsch,26,10,36
2026.02.05,16:30,16:45,Hirsch,31,14,45
2026.02.05,16:45,17:00,Hirsch,23,4,27
2026.02.05,17:00,17:15,Hirsch,30,6,36
2026.02.05,17:15,17:30,Hirsch,29,15,44
2026.02.05,17:30,17:45,Hirsch,27,9,36
2026.02.05,17:45,18:00,Hirsch,27,9,36
2026.02.05,18:00,18:15,Hirsch,27,6,33
2026.02.05,18:15,18:30,Hirsch,33,11,44
2026.02.05,18:30,18:45,Hirsch,35,10,45
2026.02.05,18:45,19:00,Hirsch,20,6,26
2026.02.05,19:00,19:15,Hirsch,15,5,20
2026.02.05,19:15,19:30,Hirsch,7,4,11
2026.02.05,19:30,19:45,Hirsch,11,5,16
2026.02.05,19:45,20:00,Hirsch,9,7,16
2026.02.05,20:00,20:15,Hirsch,3,1,4
2026.02.05,20:15,20:30,Hirsch,14,3,17
2026.02.05,20:30,20:45,Hirsch,8,0,8
2026.02.05,20:45,21:00,Hirsch,5,1,6
2026.02.05,21:00,21:15,Hirsch,6,4,10
2026.02.05,21:15,21:30,Hirsch,9,3,12
2026.02.05,21:30,21:45,Hirsch,9,1,10
2026.02.05,21:45,22:00,Hirsch,2,2,4
2026.02.05,22:00,22:15,Hirsch,7,1,8
2026.02.05,22:15,22:30,Hirsch,4,3,7
2026.02.05,22:30,22:45,Hirsch,5,1,6
2026.02.05,22:45,23:00,Hirsch,3,0,3
2026.02.05,23:00,23:15,Hirsch,8,1,9
2026.02.05,23:15,23:30,Hirsch,12,1,13
2026.02.05,23:30,23:45,Hirsch,4,0,4
2026.02.05,23:45,00:00,Hirsch,2,2,4
2026.02.06,00:00,00:15,Hirsch,2,0,2
2026.02.06,00:15,00:30,Hirsch,4,0,4
2026.02.06,00:30,00:45,Hirsch,1,0,1
2026.02.06,00:45,01:00,Hirsch,1,1,2
2026.02.06,01:00,01:15,Hirsch,0,0,0
2026.02.06,01:15,01:30,Hirsch,1,0,1
2026.02.06,01:30,01:45,Hirsch,0,0,0
2026.02.06,01:45,02:00,Hirsch,0,0,0
2026.02.06,02:00,02:15,Hirsch,0,0,0
2026.02.06,02:15,02:30,Hirsch,0,0,0
2026.02.06,02:30,02:45,Hirsch,0,0,0
2026.02.06,02:45,03:00,Hirsch,0,1,1
2026.02.06,03:00,03:15,Hirsch,0,0,0
2026.02.06,03:15,03:30,Hirsch,0,0,0
2026.02.06,03:30,03:45,Hirsch,0,0,0
2026.02.06,03:45,04:00,Hirsch,0,0,0
2026.02.06,04:00,04:15,Hirsch,0,0,0
2026.02.06,04:15,04:30,Hirsch,0,0,0
2026.02.06,04:30,04:45,Hirsch,0,0,0
2026.02.06,04:45,05:00,Hirsch,0,0,0
2026.02.06,05:00,05:15,Hirsch,0,3,3
2026.02.06,05:15,05:30,Hirsch,1,3,4
2026.02.06,05:30,05:45,Hirsch,1,3,4
2026.02.06,05:45,06:00,Hirsch,1,6,7
2026.02.06,06:00,06:15,Hirsch,0,1,1
2026.02.06,06:15,06:30,Hirsch,1,2,3
2026.02.06,06:30,06:45,Hirsch,1,2,3
2026.02.06,06:45,07:00,Hirsch,0,14,14
2026.02.06,07:00,07:15,Hirsch,0,13,13
2026.02.06,07:15,07:30,Hirsch,1,14,15
2026.02.06,07:30,07:45,Hirsch,9,26,35
2026.02.06,07:45,08:00,Hirsch,3,38,41
2026.02.06,08:00,08:15,Hirsch,6,40,46
2026.02.06,08:15,08:30,Hirsch,6,36,42
2026.02.06,08:30,08:45,Hirsch,8,33,41
2026.02.06,08:45,09:00,Hirsch,6,20,26
2026.02.06,09:00,09:15,Hirsch,4,17,21
2026.02.06,09:15,09:30,Hirsch,1,9,10
2026.02.06,09:30,09:45,Hirsch,5,8,13
2026.02.06,09:45,10:00,Hirsch,3,10,13
2026.02.06,10:00,10:15,Hirsch,1,10,11
2026.02.06,10:15,10:30,Hirsch,4,5,9
2026.02.06,10:30,10:45,Hirsch,1,3,4
2026.02.06,10:45,11:00,Hirsch,4,7,11
2026.02.06,11:00,11:15,Hirsch,2,4,6
2026.02.06,11:15,11:30,Hirsch,6,1,7
2026.02.06,11:30,11:45,Hirsch,5,3,8
2026.02.06,11:45,12:00,Hirsch,7,3,10
2026.02.06,12:00,12:15,Hirsch,4,2,6
2026.02.06,12:15,12:30,Hirsch,8,4,12
2026.02.06,12:30,12:45,Hirsch,9,4,13
2026.02.06,12:45,13:00,Hirsch,9,5,14
2026.02.06,13:00,13:15,Hirsch,10,0,10
2026.02.06,13:15,13:30,Hirsch,11,5,16
2026.02.06,13:30,13:45,Hirsch,14,5,19
2026.02.06,13:45,14:00,Hirsch,9,1,10
2026.02.06,14:00,14:15,Hirsch,22,7,29
2026.02.06,14:15,14:30,Hirsch,6,9,15
2026.02.06,14:30,14:45,Hirsch,9,8,17
2026.02.06,14:45,15:00,Hirsch,15,2,17
2026.02.06,15:00,15:15,Hirsch,12,10,22
2026.02.06,15:15,15:30,Hirsch,11,11,22
2026.02.06,15:30,15:45,Hirsch,7,6,13
2026.02.06,15:45,16:00,Hirsch,13,7,20
2026.02.06,16:00,16:15,Hirsch,22,5,27
2026.02.06,16:15,16:30,Hirsch,11,4,15
2026.02.06,16:30,16:45,Hirsch,18,6,24
2026.02.06,16:45,17:00,Hirsch,21,4,25
2026.02.06,17:00,17:15,Hirsch,19,6,25
2026.02.06,17:15,17:30,Hirsch,16,8,24
2026.02.06,17:30,17:45,Hirsch,19,7,26
2026.02.06,17:45,18:00,Hirsch,14,7,21
2026.02.06,18:00,18:15,Hirsch,16,4,20
2026.02.06,18:15,18:30,Hirsch,9,6,15
2026.02.06,18:30,18:45,Hirsch,5,5,10
2026.02.06,18:45,19:00,Hirsch,10,11,21
2026.02.06,19:00,19:15,Hirsch,11,5,16
2026.02.06,19:15,19:30,Hirsch,7,6,13
2026.02.06,19:30,19:45,Hirsch,5,1,6
2026.02.06,19:45,20:00,Hirsch,6,4,10
2026.02.06,20:00,20:15,Hirsch,3,3,6
2026.02.06,20:15,20:30,Hirsch,1,2,3
2026.02.06,20:30,20:45,Hirsch,0,2,2
2026.02.06,20:45,21:00,Hirsch,3,1,4
2026.02.06,21:00,21:15,Hirsch,1,1,2
2026.02.06,21:15,21:30,Hirsch,2,0,2
2026.02.06,21:30,21:45,Hirsch,6,2,8
2026.02.06,21:45,22:00,Hirsch,3,0,3
2026.02.06,22:00,22:15,Hirsch,2,3,5
2026.02.06,22:15,22:30,Hirsch,3,0,3
2026.02.06,22:30,22:45,Hirsch,2,0,2
2026.02.06,22:45,23:00,Hirsch,0,0,0
2026.02.06,23:00,23:15,Hirsch,0,2,2
2026.02.06,23:15,23:30,Hirsch,4,2,6
2026.02.06,23:30,23:45,Hirsch,3,0,3
2026.02.06,23:45,00:00,Hirsch,2,0,2
2026.02.07,00:00,00:15,Hirsch,0,0,0
2026.02.07,00:15,00:30,Hirsch,0,0,0
2026.02.07,00:30,00:45,Hirsch,2,0,2
2026.02.07,00:45,01:00,Hirsch,1,0,1
2026.02.07,01:00,01:15,Hirsch,0,0,0
2026.02.07,01:15,01:30,Hirsch,1,1,2
2026.02.07,01:30,01:45,Hirsch,0,0,0
2026.02.07,01:45,02:00,Hirsch,1,0,1
2026.02.07,02:00,02:15,Hirsch,1,0,1
2026.02.07,02:15,02:30,Hirsch,0,0,0
2026.02.07,02:30,02:45,Hirsch,3,0,3
2026.02.07,02:45,03:00,Hirsch,1,0,1
2026.02.07,03:00,03:15,Hirsch,0,0,0
2026.02.07,03:15,03:30,Hirsch,0,0,0
2026.02.07,03:30,03:45,Hirsch,1,0,1
2026.02.07,03:45,04:00,Hirsch,0,0,0
2026.02.07,04:00,04:15,Hirsch,0,0,0
2026.02.07,04:15,04:30,Hirsch,0,0,0
2026.02.07,04:30,04:45,Hirsch,0,0,0
2026.02.07,04:45,05:00,Hirsch,0,1,1
2026.02.07,05:00,05:15,Hirsch,0,0,0
2026.02.07,05:15,05:30,Hirsch,1,0,1
2026.02.07,05:30,05:45,Hirsch,0,1,1
2026.02.07,05:45,06:00,Hirsch,0,0,0
2026.02.07,06:00,06:15,Hirsch,1,0,1
2026.02.07,06:15,06:30,Hirsch,0,0,0
2026.02.07,06:30,06:45,Hirsch,0,0,0
2026.02.07,06:45,07:00,Hirsch,0,1,1
2026.02.07,07:00,07:15,Hirsch,0,0,0
2026.02.07,07:15,07:30,Hirsch,0,0,0
2026.02.07,07:30,07:45,Hirsch,2,1,3
2026.02.07,07:45,08:00,Hirsch,1,1,2
2026.02.07,08:00,08:15,Hirsch,0,1,1
2026.02.07,08:15,08:30,Hirsch,1,4,5
2026.02.07,08:30,08:45,Hirsch,1,6,7
2026.02.07,08:45,09:00,Hirsch,3,5,8
2026.02.07,09:00,09:15,Hirsch,1,4,5
2026.02.07,09:15,09:30,Hirsch,4,7,11
2026.02.07,09:30,09:45,Hirsch,4,1,5
2026.02.07,09:45,10:00,Hirsch,2,4,6
2026.02.07,10:00,10:15,Hirsch,5,3,8
2026.02.07,10:15,10:30,Hirsch,3,6,9
2026.02.07,10:30,10:45,Hirsch,2,9,11
2026.02.07,10:45,11:00,Hirsch,2,7,9
2026.02.07,11:00,11:15,Hirsch,3,5,8
2026.02.07,11:15,11:30,Hirsch,1,3,4
2026.02.07,11:30,11:45,Hirsch,5,4,9
2026.02.07,11:45,12:00,Hirsch,8,12,20
2026.02.07,12:00,12:15,Hirsch,8,6,14
2026.02.07,12:15,12:30,Hirsch,7,2,9
2026.02.07,12:30,12:45,Hirsch,9,10,19
2026.02.07,12:45,13:00,Hirsch,8,6,14
2026.02.07,13:00,13:15,Hirsch,6,9,15
2026.02.07,13:15,13:30,Hirsch,2,6,8
2026.02.07,13:30,13:45,Hirsch,3,3,6
2026.02.07,13:45,14:00,Hirsch,4,7,11
2026.02.07,14:00,14:15,Hirsch,11,10,21
2026.02.07,14:15,14:30,Hirsch,9,3,12
2026.02.07,14:30,14:45,Hirsch,3,9,12
2026.02.07,14:45,15:00,Hirsch,5,10,15
2026.02.07,15:00,15:15,Hirsch,10,5,15
2026.02.07,15:15,15:30,Hirsch,11,3,14
2026.02.07,15:30,15:45,Hirsch,15,7,22
2026.02.07,15:45,16:00,Hirsch,4,3,7
2026.02.07,16:00,16:15,Hirsch,0,3,3
2026.02.07,16:15,16:30,Hirsch,1,8,9
2026.02.07,16:30,16:45,Hirsch,6,4,10
2026.02.07,16:45,17:00,Hirsch,7,6,13
2026.02.07,17:00,17:15,Hirsch,5,8,13
2026.02.07,17:15,17:30,Hirsch,5,6,11
2026.02.07,17:30,17:45,Hirsch,1,5,6
2026.02.07,17:45,18:00,Hirsch,7,1,8
2026.02.07,18:00,18:15,Hirsch,4,6,10
2026.02.07,18:15,18:30,Hirsch,15,8,23
2026.02.07,18:30,18:45,Hirsch,4,2,6
2026.02.07,18:45,19:00,Hirsch,5,4,9
2026.02.07,19:00,19:15,Hirsch,3,10,13
2026.02.07,19:15,19:30,Hirsch,7,2,9
2026.02.07,19:30,19:45,Hirsch,0,3,3
2026.02.07,19:45,20:00,Hirsch,1,3,4
2026.02.07,20:00,20:15,Hirsch,5,3,8
2026.02.07,20:15,20:30,Hirsch,6,3,9
2026.02.07,20:30,20:45,Hirsch,0,1,1
2026.02.07,20:45,21:00,Hirsch,1,3,4
2026.02.07,21:00,21:15,Hirsch,1,0,1
2026.02.07,21:15,21:30,Hirsch,3,0,3
2026.02.07,21:30,21:45,Hirsch,2,2,4
2026.02.07,21:45,22:00,Hirsch,2,0,2
2026.02.07,22:00,22:15,Hirsch,0,1,1
2026.02.07,22:15,22:30,Hirsch,3,0,3
2026.02.07,22:30,22:45,Hirsch,2,1,3
2026.02.07,22:45,23:00,Hirsch,0,1,1
2026.02.07,23:00,23:15,Hirsch,2,1,3
2026.02.07,23:15,23:30,Hirsch,1,0,1
2026.02.07,23:30,23:45,Hirsch,3,0,3
2026.02.07,23:45,00:00,Hirsch,2,0,2
2026.02.08,00:00,00:15,Hirsch,2,0,2
2026.02.08,00:15,00:30,Hirsch,5,0,5
2026.02.08,00:30,00:45,Hirsch,0,0,0
2026.02.08,00:45,01:00,Hirsch,0,0,0
2026.02.08,01:00,01:15,Hirsch,2,0,2
2026.02.08,01:15,01:30,Hirsch,0,0,0
2026.02.08,01:30,01:45,Hirsch,1,0,1
2026.02.08,01:45,02:00,Hirsch,3,0,3
2026.02.08,02:00,02:15,Hirsch,0,0,0
2026.02.08,02:15,02:30,Hirsch,1,0,1
2026.02.08,02:30,02:45,Hirsch,0,1,1
2026.02.08,02:45,03:00,Hirsch,0,0,0
2026.02.08,03:00,03:15,Hirsch,0,0,0
2026.02.08,03:15,03:30,Hirsch,0,0,0
2026.02.08,03:30,03:45,Hirsch,0,0,0
2026.02.08,03:45,04:00,Hirsch,0,0,0
2026.02.08,04:00,04:15,Hirsch,0,0,0
2026.02.08,04:15,04:30,Hirsch,0,0,0
2026.02.08,04:30,04:45,Hirsch,1,0,1
2026.02.08,04:45,05:00,Hirsch,0,0,0
2026.02.08,05:00,05:15,Hirsch,0,0,0
2026.02.08,05:15,05:30,Hirsch,0,0,0
2026.02.08,05:30,05:45,Hirsch,0,0,0
2026.02.08,05:45,06:00,Hirsch,0,0,0
2026.02.08,06:00,06:15,Hirsch,0,2,2
2026.02.08,06:15,06:30,Hirsch,0,0,0
2026.02.08,06:30,06:45,Hirsch,0,0,0
2026.02.08,06:45,07:00,Hirsch,0,0,0
2026.02.08,07:00,07:15,Hirsch,0,0,0
2026.02.08,07:15,07:30,Hirsch,0,3,3
2026.02.08,07:30,07:45,Hirsch,0,0,0
2026.02.08,07:45,08:00,Hirsch,1,0,1
2026.02.08,08:00,08:15,Hirsch,0,1,1
2026.02.08,08:15,08:30,Hirsch,0,0,0
2026.02.08,08:30,08:45,Hirsch,0,1,1
2026.02.08,08:45,09:00,Hirsch,3,3,6
2026.02.08,09:00,09:15,Hirsch,0,5,5
2026.02.08,09:15,09:30,Hirsch,0,6,6
2026.02.08,09:30,09:45,Hirsch,1,4,5
2026.02.08,09:45,10:00,Hirsch,3,3,6
2026.02.08,10:00,10:15,Hirsch,1,6,7
2026.02.08,10:15,10:30,Hirsch,4,4,8
2026.02.08,10:30,10:45,Hirsch,6,9,15
2026.02.08,10:45,11:00,Hirsch,4,6,10
2026.02.08,11:00,11:15,Hirsch,5,7,12
2026.02.08,11:15,11:30,Hirsch,7,5,12
2026.02.08,11:30,11:45,Hirsch,8,7,15
2026.02.08,11:45,12:00,Hirsch,3,4,7
2026.02.08,12:00,12:15,Hirsch,2,5,7
2026.02.08,12:15,12:30,Hirsch,8,8,16
2026.02.08,12:30,12:45,Hirsch,4,5,9
2026.02.08,12:45,13:00,Hirsch,5,5,10
2026.02.08,13:00,13:15,Hirsch,10,4,14
2026.02.08,13:15,13:30,Hirsch,14,14,28
2026.02.08,13:30,13:45,Hirsch,5,8,13
2026.02.08,13:45,14:00,Hirsch,11,4,15
2026.02.08,14:00,14:15,Hirsch,6,1,7
2026.02.08,14:15,14:30,Hirsch,11,7,18
2026.02.08,14:30,14:45,Hirsch,9,10,19
2026.02.08,14:45,15:00,Hirsch,9,6,15
2026.02.08,15:00,15:15,Hirsch,9,6,15
2026.02.08,15:15,15:30,Hirsch,11,5,16
2026.02.08,15:30,15:45,Hirsch,4,13,17
2026.02.08,15:45,16:00,Hirsch,13,11,24
2026.02.08,16:00,16:15,Hirsch,5,9,14
2026.02.08,16:15,16:30,Hirsch,8,4,12
2026.02.08,16:30,16:45,Hirsch,6,7,13
2026.02.08,16:45,17:00,Hirsch,8,11,19
2026.02.08,17:00,17:15,Hirsch,3,10,13
2026.02.08,17:15,17:30,Hirsch,9,10,19
2026.02.08,17:30,17:45,Hirsch,4,6,10
2026.02.08,17:45,18:00,Hirsch,8,7,15
2026.02.08,18:00,18:15,Hirsch,7,4,11
2026.02.08,18:15,18:30,Hirsch,2,2,4
2026.02.08,18:30,18:45,Hirsch,5,4,9
2026.02.08,18:45,19:00,Hirsch,1,1,2
2026.02.08,19:00,19:15,Hirsch,2,1,3
2026.02.08,19:15,19:30,Hirsch,2,0,2
2026.02.08,19:30,19:45,Hirsch,3,2,5
2026.02.08,19:45,20:00,Hirsch,6,0,6
2026.02.08,20:00,20:15,Hirsch,1,0,1
2026.02.08,20:15,20:30,Hirsch,1,2,3
2026.02.08,20:30,20:45,Hirsch,1,1,2
2026.02.08,20:45,21:00,Hirsch,5,3,8
2026.02.08,21:00,21:15,Hirsch,1,0,1
2026.02.08,21:15,21:30,Hirsch,1,4,5
2026.02.08,21:30,21:45,Hirsch,0,2,2
2026.02.08,21:45,22:00,Hirsch,3,2,5
2026.02.08,22:00,22:15,Hirsch,3,0,3
2026.02.08,22:15,22:30,Hirsch,2,1,3
2026.02.08,22:30,22:45,Hirsch,0,0,0
2026.02.08,22:45,23:00,Hirsch,0,0,0
2026.02.08,23:00,23:15,Hirsch,1,0,1
2026.02.08,23:15,23:30,Hirsch,0,0,0
2026.02.08,23:30,23:45,Hirsch,0,1,1
2026.02.08,23:45,00:00,Hirsch,0,0,0
2026.02.09,00:00,00:15,Hirsch,0,0,0
2026.02.09,00:15,00:30,Hirsch,0,1,1
2026.02.09,00:30,00:45,Hirsch,2,0,2
2026.02.09,00:45,01:00,Hirsch,1,0,1
2026.02.09,01:00,01:15,Hirsch,0,0,0
2026.02.09,01:15,01:30,Hirsch,0,0,0
2026.02.09,01:30,01:45,Hirsch,2,0,2
2026.02.09,01:45,02:00,Hirsch,0,0,0
2026.02.09,02:00,02:15,Hirsch,0,0,0
2026.02.09,02:15,02:30,Hirsch,0,0,0
2026.02.09,02:30,02:45,Hirsch,0,0,0
2026.02.09,02:45,03:00,Hirsch,0,0,0
2026.02.09,03:00,03:15,Hirsch,0,0,0
2026.02.09,03:15,03:30,Hirsch,1,0,1
2026.02.09,03:30,03:45,Hirsch,0,0,0
2026.02.09,03:45,04:00,Hirsch,0,0,0
2026.02.09,04:00,04:15,Hirsch,0,0,0
2026.02.09,04:15,04:30,Hirsch,0,0,0
2026.02.09,04:30,04:45,Hirsch,0,0,0
2026.02.09,04:45,05:00,Hirsch,2,0,2
2026.02.09,05:00,05:15,Hirsch,0,1,1
2026.02.09,05:15,05:30,Hirsch,1,3,4
2026.02.09,05:30,05:45,Hirsch,1,6,7
2026.02.09,05:45,06:00,Hirsch,0,6,6
2026.02.09,06:00,06:15,Hirsch,0,3,3
2026.02.09,06:15,06:30,Hirsch,0,4,4
2026.02.09,06:30,06:45,Hirsch,4,14,18
2026.02.09,06:45,07:00,Hirsch,3,16,19
2026.02.09,07:00,07:15,Hirsch,1,18,19
2026.02.09,07:15,07:30,Hirsch,7,19,26
2026.02.09,07:30,07:45,Hirsch,9,36,45
2026.02.09,07:45,08:00,Hirsch,4,58,62
2026.02.09,08:00,08:15,Hirsch,9,67,76
2026.02.09,08:15,08:30,Hirsch,12,73,85
2026.02.09,08:30,08:45,Hirsch,15,53,68
2026.02.09,08:45,09:00,Hirsch,5,35,40
2026.02.09,09:00,09:15,Hirsch,4,19,23
2026.02.09,09:15,09:30,Hirsch,1,15,16
2026.02.09,09:30,09:45,Hirsch,5,12,17
2026.02.09,09:45,10:00,Hirsch,4,7,11
2026.02.09,10:00,10:15,Hirsch,2,11,13
2026.02.09,10:15,10:30,Hirsch,3,10,13
2026.02.09,10:30,10:45,Hirsch,1,11,12
2026.02.09,10:45,11:00,Hirsch,2,5,7
2026.02.09,11:00,11:15,Hirsch,2,5,7
2026.02.09,11:15,11:30,Hirsch,2,9,11
2026.02.09,11:30,11:45,Hirsch,3,4,7
2026.02.09,11:45,12:00,Hirsch,5,5,10
2026.02.09,12:00,12:15,Hirsch,2,2,4
2026.02.09,12:15,12:30,Hirsch,2,3,5
2026.02.09,12:30,12:45,Hirsch,10,4,14
2026.02.09,12:45,13:00,Hirsch,6,9,15
2026.02.09,13:00,13:15,Hirsch,6,2,8
2026.02.09,13:15,13:30,Hirsch,10,2,12
2026.02.09,13:30,13:45,Hirsch,13,7,20
2026.02.09,13:45,14:00,Hirsch,9,3,12
2026.02.09,14:00,14:15,Hirsch,6,7,13
2026.02.09,14:15,14:30,Hirsch,10,4,14
2026.02.09,14:30,14:45,Hirsch,13,4,17
2026.02.09,14:45,15:00,Hirsch,7,3,10
2026.02.09,15:00,15:15,Hirsch,8,6,14
2026.02.09,15:15,15:30,Hirsch,21,4,25
2026.02.09,15:30,15:45,Hirsch,11,2,13
2026.02.09,15:45,16:00,Hirsch,20,7,27
2026.02.09,16:00,16:15,Hirsch,16,8,24
2026.02.09,16:15,16:30,Hirsch,15,7,22
2026.02.09,16:30,16:45,Hirsch,28,6,34
2026.02.09,16:45,17:00,Hirsch,19,4,23
2026.02.09,17:00,17:15,Hirsch,32,7,39
2026.02.09,17:15,17:30,Hirsch,34,12,46
2026.02.09,17:30,17:45,Hirsch,46,14,60
2026.02.09,17:45,18:00,Hirsch,26,13,39
2026.02.09,18:00,18:15,Hirsch,34,9,43
2026.02.09,18:15,18:30,Hirsch,30,9,39
2026.02.09,18:30,18:45,Hirsch,29,16,45
2026.02.09,18:45,19:00,Hirsch,20,8,28
2026.02.09,19:00,19:15,Hirsch,13,6,19
2026.02.09,19:15,19:30,Hirsch,11,7,18
2026.02.09,19:30,19:45,Hirsch,11,3,14
2026.02.09,19:45,20:00,Hirsch,9,1,10
2026.02.09,20:00,20:15,Hirsch,6,3,9
2026.02.09,20:15,20:30,Hirsch,7,3,10
2026.02.09,20:30,20:45,Hirsch,9,2,11
2026.02.09,20:45,21:00,Hirsch,10,2,12
2026.02.09,21:00,21:15,Hirsch,3,2,5
2026.02.09,21:15,21:30,Hirsch,8,2,10
2026.02.09,21:30,21:45,Hirsch,7,1,8
2026.02.09,21:45,22:00,Hirsch,4,1,5
2026.02.09,22:00,22:15,Hirsch,8,2,10
2026.02.09,22:15,22:30,Hirsch,5,4,9
2026.02.09,22:30,22:45,Hirsch,3,0,3
2026.02.09,22:45,23:00,Hirsch,4,0,4
2026.02.09,23:00,23:15,Hirsch,2,0,2
2026.02.09,23:15,23:30,Hirsch,3,0,3
2026.02.09,23:30,23:45,Hirsch,3,0,3
2026.02.09,23:45,00:00,Hirsch,0,0,0
2026.02.10,00:00,00:15,Hirsch,1,0,1
2026.02.10,00:15,00:30,Hirsch,0,0,0
2026.02.10,00:30,00:45,Hirsch,1,0,1
2026.02.10,00:45,01:00,Hirsch,0,0,0
2026.02.10,01:00,01:15,Hirsch,1,0,1
2026.02.10,01:15,01:30,Hirsch,1,0,1
2026.02.10,01:30,01:45,Hirsch,1,0,1
2026.02.10,01:45,02:00,Hirsch,0,0,0
2026.02.10,02:00,02:15,Hirsch,0,0,0
2026.02.10,02:15,02:30,Hirsch,0,0,0
2026.02.10,02:30,02:45,Hirsch,0,0,0
2026.02.10,02:45,03:00,Hirsch,0,0,0
2026.02.10,03:00,03:15,Hirsch,0,0,0
2026.02.10,03:15,03:30,Hirsch,0,0,0
2026.02.10,03:30,03:45,Hirsch,0,0,0
2026.02.10,03:45,04:00,Hirsch,0,0,0
2026.02.10,04:00,04:15,Hirsch,0,1,1
2026.02.10,04:15,04:30,Hirsch,0,0,0
2026.02.10,04:30,04:45,Hirsch,0,0,0
2026.02.10,04:45,05:00,Hirsch,0,0,0
2026.02.10,05:00,05:15,Hirsch,0,2,2
2026.02.10,05:15,05:30,Hirsch,0,0,0
2026.02.10,05:30,05:45,Hirsch,1,5,6
2026.02.10,05:45,06:00,Hirsch,0,7,7
2026.02.10,06:00,06:15,Hirsch,0,2,2
2026.02.10,06:15,06:30,Hirsch,1,8,9
2026.02.10,06:30,06:45,Hirsch,1,14,15
2026.02.10,06:45,07:00,Hirsch,3,16,19
2026.02.10,07:00,07:15,Hirsch,3,25,28
2026.02.10,07:15,07:30,Hirsch,4,29,33
2026.02.10,07:30,07:45,Hirsch,7,47,54
2026.02.10,07:45,08:00,Hirsch,3,49,52
2026.02.10,08:00,08:15,Hirsch,8,71,79
2026.02.10,08:15,08:30,Hirsch,14,65,79
2026.02.10,08:30,08:45,Hirsch,9,53,62
2026.02.10,08:45,09:00,Hirsch,6,50,56
2026.02.10,09:00,09:15,Hirsch,6,30,36
2026.02.10,09:15,09:30,Hirsch,6,19,25
2026.02.10,09:30,09:45,Hirsch,5,15,20
2026.02.10,09:45,10:00,Hirsch,2,13,15
2026.02.10,10:00,10:15,Hirsch,3,13,16
2026.02.10,10:15,10:30,Hirsch,7,11,18
2026.02.10,10:30,10:45,Hirsch,2,7,9
2026.02.10,10:45,11:00,Hirsch,6,9,15
2026.02.10,11:00,11:15,Hirsch,4,5,9
2026.02.10,11:15,11:30,Hirsch,3,2,5
2026.02.10,11:30,11:45,Hirsch,3,9,12
2026.02.10,11:45,12:00,Hirsch,4,6,10
2026.02.10,12:00,12:15,Hirsch,6,8,14
2026.02.10,12:15,12:30,Hirsch,7,7,14
2026.02.10,12:30,12:45,Hirsch,4,4,8
2026.02.10,12:45,13:00,Hirsch,8,5,13
2026.02.10,13:00,13:15,Hirsch,11,3,14
2026.02.10,13:15,13:30,Hirsch,17,10,27
2026.02.10,13:30,13:45,Hirsch,18,8,26
2026.02.10,13:45,14:00,Hirsch,17,1,18
2026.02.10,14:00,14:15,Hirsch,11,4,15
2026.02.10,14:15,14:30,Hirsch,11,4,15
2026.02.10,14:30,14:45,Hirsch,8,7,15
2026.02.10,14:45,15:00,Hirsch,13,1,14
2026.02.10,15:00,15:15,Hirsch,14,6,20
2026.02.10,15:15,15:30,Hirsch,15,9,24
2026.02.10,15:30,15:45,Hirsch,14,2,16
2026.02.10,15:45,16:00,Hirsch,24,6,30
2026.02.10,16:00,16:15,Hirsch,24,8,32
2026.02.10,16:15,16:30,Hirsch,23,7,30
2026.02.10,16:30,16:45,Hirsch,19,9,28
2026.02.10,16:45,17:00,Hirsch,25,5,30
2026.02.10,17:00,17:15,Hirsch,22,6,28
2026.02.10,17:15,17:30,Hirsch,22,10,32
2026.02.10,17:30,17:45,Hirsch,30,11,41
2026.02.10,17:45,18:00,Hirsch,31,6,37
2026.02.10,18:00,18:15,Hirsch,24,20,44
2026.02.10,18:15,18:30,Hirsch,37,14,51
2026.02.10,18:30,18:45,Hirsch,23,12,35
2026.02.10,18:45,19:00,Hirsch,27,9,36
2026.02.10,19:00,19:15,Hirsch,18,7,25
2026.02.10,19:15,19:30,Hirsch,14,3,17
2026.02.10,19:30,19:45,Hirsch,24,3,27
2026.02.10,19:45,20:00,Hirsch,13,2,15
2026.02.10,20:00,20:15,Hirsch,14,3,17
2026.02.10,20:15,20:30,Hirsch,6,2,8
2026.02.10,20:30,20:45,Hirsch,6,3,9
2026.02.10,20:45,21:00,Hirsch,11,3,14
2026.02.10,21:00,21:15,Hirsch,7,2,9
2026.02.10,21:15,21:30,Hirsch,5,3,8
2026.02.10,21:30,21:45,Hirsch,14,0,14
2026.02.10,21:45,22:00,Hirsch,7,2,9
2026.02.10,22:00,22:15,Hirsch,5,2,7
2026.02.10,22:15,22:30,Hirsch,6,0,6
2026.02.10,22:30,22:45,Hirsch,7,2,9
2026.02.10,22:45,23:00,Hirsch,1,0,1
2026.02.10,23:00,23:15,Hirsch,1,0,1
2026.02.10,23:15,23:30,Hirsch,3,1,4
2026.02.10,23:30,23:45,Hirsch,0,0,0
2026.02.10,23:45,00:00,Hirsch,2,0,2
2026.02.11,00:00,00:15,Hirsch,0,0,0
2026.02.11,00:15,00:30,Hirsch,0,0,0
2026.02.11,00:30,00:45,Hirsch,2,0,2
2026.02.11,00:45,01:00,Hirsch,0,0,0
2026.02.11,01:00,01:15,Hirsch,2,0,2
2026.02.11,01:15,01:30,Hirsch,0,0,0
2026.02.11,01:30,01:45,Hirsch,0,0,0
2026.02.11,01:45,02:00,Hirsch,1,0,1
2026.02.11,02:00,02:15,Hirsch,0,0,0
2026.02.11,02:15,02:30,Hirsch,0,0,0
2026.02.11,02:30,02:45,Hirsch,0,0,0
2026.02.11,02:45,03:00,Hirsch,0,0,0
2026.02.11,03:00,03:15,Hirsch,0,0,0
2026.02.11,03:15,03:30,Hirsch,0,0,0
2026.02.11,03:30,03:45,Hirsch,0,0,0
2026.02.11,03:45,04:00,Hirsch,0,0,0
2026.02.11,04:00,04:15,Hirsch,0,0,0
2026.02.11,04:15,04:30,Hirsch,0,0,0
2026.02.11,04:30,04:45,Hirsch,0,0,0
2026.02.11,04:45,05:00,Hirsch,0,0,0
2026.02.11,05:00,05:15,Hirsch,0,2,2
2026.02.11,05:15,05:30,Hirsch,0,1,1
2026.02.11,05:30,05:45,Hirsch,1,4,5
2026.02.11,05:45,06:00,Hirsch,0,6,6
2026.02.11,06:00,06:15,Hirsch,1,4,5
2026.02.11,06:15,06:30,Hirsch,0,5,5
2026.02.11,06:30,06:45,Hirsch,3,9,12
2026.02.11,06:45,07:00,Hirsch,2,17,19
2026.02.11,07:00,07:15,Hirsch,5,21,26
2026.02.11,07:15,07:30,Hirsch,5,25,30
2026.02.11,07:30,07:45,Hirsch,7,65,72
2026.02.11,07:45,08:00,Hirsch,8,63,71
2026.02.11,08:00,08:15,Hirsch,5,73,78
2026.02.11,08:15,08:30,Hirsch,8,79,87
2026.02.11,08:30,08:45,Hirsch,10,59,69
2026.02.11,08:45,09:00,Hirsch,10,40,50
2026.02.11,09:00,09:15,Hirsch,7,18,25
2026.02.11,09:15,09:30,Hirsch,8,13,21
2026.02.11,09:30,09:45,Hirsch,7,16,23
2026.02.11,09:45,10:00,Hirsch,3,9,12
2026.02.11,10:00,10:15,Hirsch,3,17,20
2026.02.11,10:15,10:30,Hirsch,4,13,17
2026.02.11,10:30,10:45,Hirsch,4,13,17
2026.02.11,10:45,11:00,Hirsch,4,11,15
2026.02.11,11:00,11:15,Hirsch,2,9,11
2026.02.11,11:15,11:30,Hirsch,4,6,10
2026.02.11,11:30,11:45,Hirsch,12,1,13
2026.02.11,11:45,12:00,Hirsch,3,2,5
2026.02.11,12:00,12:15,Hirsch,3,2,5
2026.02.11,12:15,12:30,Hirsch,3,7,10
2026.02.11,12:30,12:45,Hirsch,6,9,15
2026.02.11,12:45,13:00,Hirsch,4,3,7
2026.02.11,13:00,13:15,Hirsch,8,4,12
2026.02.11,13:15,13:30,Hirsch,11,4,15
2026.02.11,13:30,13:45,Hirsch,11,3,14
2026.02.11,13:45,14:00,Hirsch,10,6,16
2026.02.11,14:00,14:15,Hirsch,12,5,17
2026.02.11,14:15,14:30,Hirsch,6,8,14
2026.02.11,14:30,14:45,Hirsch,17,5,22
2026.02.11,14:45,15:00,Hirsch,8,4,12
2026.02.11,15:00,15:15,Hirsch,11,12,23
2026.02.11,15:15,15:30,Hirsch,20,5,25
2026.02.11,15:30,15:45,Hirsch,27,7,34
2026.02.11,15:45,16:00,Hirsch,20,7,27
2026.02.11,16:00,16:15,Hirsch,18,6,24
2026.02.11,16:15,16:30,Hirsch,18,5,23
2026.02.11,16:30,16:45,Hirsch,25,5,30
2026.02.11,16:45,17:00,Hirsch,15,6,21
2026.02.11,17:00,17:15,Hirsch,25,4,29
2026.02.11,17:15,17:30,Hirsch,23,7,30
2026.02.11,17:30,17:45,Hirsch,37,16,53
2026.02.11,17:45,18:00,Hirsch,32,5,37
2026.02.11,18:00,18:15,Hirsch,25,8,33
2026.02.11,18:15,18:30,Hirsch,37,6,43
2026.02.11,18:30,18:45,Hirsch,37,8,45
2026.02.11,18:45,19:00,Hirsch,27,8,35
2026.02.11,19:00,19:15,Hirsch,17,7,24
2026.02.11,19:15,19:30,Hirsch,24,3,27
2026.02.11,19:30,19:45,Hirsch,11,6,17
2026.02.11,19:45,20:00,Hirsch,10,7,17
2026.02.11,20:00,20:15,Hirsch,6,2,8
2026.02.11,20:15,20:30,Hirsch,3,7,10
2026.02.11,20:30,20:45,Hirsch,5,0,5
2026.02.11,20:45,21:00,Hirsch,8,1,9
2026.02.11,21:00,21:15,Hirsch,8,0,8
2026.02.11,21:15,21:30,Hirsch,5,2,7
2026.02.11,21:30,21:45,Hirsch,8,4,12
2026.02.11,21:45,22:00,Hirsch,6,1,7
2026.02.11,22:00,22:15,Hirsch,5,3,8
2026.02.11,22:15,22:30,Hirsch,2,0,2
2026.02.11,22:30,22:45,Hirsch,5,2,7
2026.02.11,22:45,23:00,Hirsch,6,0,6
2026.02.11,23:00,23:15,Hirsch,3,1,4
2026.02.11,23:15,23:30,Hirsch,4,3,7
2026.02.11,23:30,23:45,Hirsch,4,0,4
2026.02.11,23:45,00:00,Hirsch,4,0,4
2026.02.12,00:00,00:15,Hirsch,2,0,2
2026.02.12,00:15,00:30,Hirsch,0,0,0
2026.02.12,00:30,00:45,Hirsch,0,0,0
2026.02.12,00:45,01:00,Hirsch,2,0,2
2026.02.12,01:00,01:15,Hirsch,0,0,0
2026.02.12,01:15,01:30,Hirsch,0,0,0
2026.02.12,01:30,01:45,Hirsch,0,0,0
2026.02.12,01:45,02:00,Hirsch,0,0,0
2026.02.12,02:00,02:15,Hirsch,0,0,0
2026.02.12,02:15,02:30,Hirsch,0,0,0
2026.02.12,02:30,02:45,Hirsch,0,0,0
2026.02.12,02:45,03:00,Hirsch,0,0,0
2026.02.12,03:00,03:15,Hirsch,0,0,0
2026.02.12,03:15,03:30,Hirsch,0,0,0
2026.02.12,03:30,03:45,Hirsch,0,0,0
2026.02.12,03:45,04:00,Hirsch,0,0,0
2026.02.12,04:00,04:15,Hirsch,0,0,0
2026.02.12,04:15,04:30,Hirsch,0,0,0
2026.02.12,04:30,04:45,Hirsch,0,0,0
2026.02.12,04:45,05:00,Hirsch,0,1,1
2026.02.12,05:00,05:15,Hirsch,0,1,1
2026.02.12,05:15,05:30,Hirsch,0,3,3
2026.02.12,05:30,05:45,Hirsch,1,3,4
2026.02.12,05:45,06:00,Hirsch,0,5,5
2026.02.12,06:00,06:15,Hirsch,2,2,4
2026.02.12,06:15,06:30,Hirsch,0,2,2
2026.02.12,06:30,06:45,Hirsch,3,6,9
2026.02.12,06:45,07:00,Hirsch,3,17,20
2026.02.12,07:00,07:15,Hirsch,0,23,23
2026.02.12,07:15,07:30,Hirsch,5,25,30
2026.02.12,07:30,07:45,Hirsch,10,28,38
2026.02.12,07:45,08:00,Hirsch,7,59,66
2026.02.12,08:00,08:15,Hirsch,7,58,65
2026.02.12,08:15,08:30,Hirsch,10,59,69
2026.02.12,08:30,08:45,Hirsch,6,53,59
2026.02.12,08:45,09:00,Hirsch,4,36,40
2026.02.12,09:00,09:15,Hirsch,3,22,25
2026.02.12,09:15,09:30,Hirsch,3,17,20
2026.02.12,09:30,09:45,Hirsch,7,16,23
2026.02.12,09:45,10:00,Hirsch,5,16,21
2026.02.12,10:00,10:15,Hirsch,4,5,9
2026.02.12,10:15,10:30,Hirsch,3,5,8
2026.02.12,10:30,10:45,Hirsch,2,7,9
2026.02.12,10:45,11:00,Hirsch,3,6,9
2026.02.12,11:00,11:15,Hirsch,3,8,11
2026.02.12,11:15,11:30,Hirsch,3,8,11
2026.02.12,11:30,11:45,Hirsch,2,8,10
2026.02.12,11:45,12:00,Hirsch,6,4,10
2026.02.12,12:00,12:15,Hirsch,5,4,9
2026.02.12,12:15,12:30,Hirsch,6,3,9
2026.02.12,12:30,12:45,Hirsch,13,2,15
2026.02.12,12:45,13:00,Hirsch,10,11,21
2026.02.12,13:00,13:15,Hirsch,8,7,15
2026.02.12,13:15,13:30,Hirsch,9,4,13
2026.02.12,13:30,13:45,Hirsch,7,6,13
2026.02.12,13:45,14:00,Hirsch,7,2,9
2026.02.12,14:00,14:15,Hirsch,5,3,8
2026.02.12,14:15,14:30,Hirsch,4,2,6
2026.02.12,14:30,14:45,Hirsch,14,3,17
2026.02.12,14:45,15:00,Hirsch,7,1,8
2026.02.12,15:00,15:15,Hirsch,6,4,10
2026.02.12,15:15,15:30,Hirsch,15,3,18
2026.02.12,15:30,15:45,Hirsch,5,2,7
2026.02.12,15:45,16:00,Hirsch,26,2,28
2026.02.12,16:00,16:15,Hirsch,12,3,15
2026.02.12,16:15,16:30,Hirsch,16,3,19
2026.02.12,16:30,16:45,Hirsch,13,5,18
2026.02.12,16:45,17:00,Hirsch,25,5,30
2026.02.12,17:00,17:15,Hirsch,23,4,27
2026.02.12,17:15,17:30,Hirsch,23,5,28
2026.02.12,17:30,17:45,Hirsch,19,6,25
2026.02.12,17:45,18:00,Hirsch,23,5,28
2026.02.12,18:00,18:15,Hirsch,21,4,25
2026.02.12,18:15,18:30,Hirsch,37,5,42
2026.02.12,18:30,18:45,Hirsch,24,10,34
2026.02.12,18:45,19:00,Hirsch,21,9,30
2026.02.12,19:00,19:15,Hirsch,17,4,21
2026.02.12,19:15,19:30,Hirsch,20,5,25
2026.02.12,19:30,19:45,Hirsch,12,3,15
2026.02.12,19:45,20:00,Hirsch,9,1,10
2026.02.12,20:00,20:15,Hirsch,7,8,15
2026.02.12,20:15,20:30,Hirsch,7,1,8
2026.02.12,20:30,20:45,Hirsch,9,3,12
2026.02.12,20:45,21:00,Hirsch,7,3,10
2026.02.12,21:00,21:15,Hirsch,3,0,3
2026.02.12,21:15,21:30,Hirsch,7,3,10
2026.02.12,21:30,21:45,Hirsch,7,0,7
2026.02.12,21:45,22:00,Hirsch,4,1,5
2026.02.12,22:00,22:15,Hirsch,1,0,1
2026.02.12,22:15,22:30,Hirsch,2,0,2
2026.02.12,22:30,22:45,Hirsch,3,1,4
2026.02.12,22:45,23:00,Hirsch,5,1,6
2026.02.12,23:00,23:15,Hirsch,10,0,10
2026.02.12,23:15,23:30,Hirsch,3,1,4
2026.02.12,23:30,23:45,Hirsch,3,0,3
2026.02.12,23:45,00:00,Hirsch,2,0,2
2026.02.13,00:00,00:15,Hirsch,1,0,1
2026.02.13,00:15,00:30,Hirsch,0,0,0
2026.02.13,00:30,00:45,Hirsch,1,0,1
2026.02.13,00:45,01:00,Hirsch,1,0,1
2026.02.13,01:00,01:15,Hirsch,1,0,1
2026.02.13,01:15,01:30,Hirsch,0,0,0
2026.02.13,01:30,01:45,Hirsch,0,0,0
2026.02.13,01:45,02:00,Hirsch,1,0,1
2026.02.13,02:00,02:15,Hirsch,1,0,1
2026.02.13,02:15,02:30,Hirsch,0,0,0
2026.02.13,02:30,02:45,Hirsch,0,0,0
2026.02.13,02:45,03:00,Hirsch,0,1,1
2026.02.13,03:00,03:15,Hirsch,0,0,0
2026.02.13,03:15,03:30,Hirsch,0,0,0
2026.02.13,03:30,03:45,Hirsch,0,0,0
2026.02.13,03:45,04:00,Hirsch,0,0,0
2026.02.13,04:00,04:15,Hirsch,0,1,1
2026.02.13,04:15,04:30,Hirsch,1,0,1
2026.02.13,04:30,04:45,Hirsch,0,1,1
2026.02.13,04:45,05:00,Hirsch,1,0,1
2026.02.13,05:00,05:15,Hirsch,0,1,1
2026.02.13,05:15,05:30,Hirsch,1,2,3
2026.02.13,05:30,05:45,Hirsch,1,2,3
2026.02.13,05:45,06:00,Hirsch,0,2,2
2026.02.13,06:00,06:15,Hirsch,0,3,3
2026.02.13,06:15,06:30,Hirsch,0,2,2
2026.02.13,06:30,06:45,Hirsch,1,9,10
2026.02.13,06:45,07:00,Hirsch,2,13,15
2026.02.13,07:00,07:15,Hirsch,4,16,20
2026.02.13,07:15,07:30,Hirsch,2,18,20
2026.02.13,07:30,07:45,Hirsch,8,25,33
2026.02.13,07:45,08:00,Hirsch,8,46,54
2026.02.13,08:00,08:15,Hirsch,8,39,47
2026.02.13,08:15,08:30,Hirsch,9,42,51
2026.02.13,08:30,08:45,Hirsch,8,37,45
2026.02.13,08:45,09:00,Hirsch,7,18,25
2026.02.13,09:00,09:15,Hirsch,7,9,16
2026.02.13,09:15,09:30,Hirsch,2,10,12
2026.02.13,09:30,09:45,Hirsch,5,13,18
2026.02.13,09:45,10:00,Hirsch,2,10,12
2026.02.13,10:00,10:15,Hirsch,4,8,12
2026.02.13,10:15,10:30,Hirsch,4,11,15
2026.02.13,10:30,10:45,Hirsch,1,8,9
2026.02.13,10:45,11:00,Hirsch,4,5,9
2026.02.13,11:00,11:15,Hirsch,3,1,4
2026.02.13,11:15,11:30,Hirsch,6,6,12
2026.02.13,11:30,11:45,Hirsch,1,4,5
2026.02.13,11:45,12:00,Hirsch,4,6,10
2026.02.13,12:00,12:15,Hirsch,4,3,7
2026.02.13,12:15,12:30,Hirsch,5,7,12
2026.02.13,12:30,12:45,Hirsch,10,7,17
2026.02.13,12:45,13:00,Hirsch,11,4,15
2026.02.13,13:00,13:15,Hirsch,10,3,13
2026.02.13,13:15,13:30,Hirsch,12,7,19
2026.02.13,13:30,13:45,Hirsch,9,5,14
2026.02.13,13:45,14:00,Hirsch,12,4,16
2026.02.13,14:00,14:15,Hirsch,6,3,9
2026.02.13,14:15,14:30,Hirsch,17,7,24
2026.02.13,14:30,14:45,Hirsch,12,7,19
2026.02.13,14:45,15:00,Hirsch,11,4,15
2026.02.13,15:00,15:15,Hirsch,16,7,23
2026.02.13,15:15,15:30,Hirsch,17,5,22
2026.02.13,15:30,15:45,Hirsch,15,10,25
2026.02.13,15:45,16:00,Hirsch,18,12,30
2026.02.13,16:00,16:15,Hirsch,16,10,26
2026.02.13,16:15,16:30,Hirsch,20,12,32
2026.02.13,16:30,16:45,Hirsch,30,6,36
2026.02.13,16:45,17:00,Hirsch,20,7,27
2026.02.13,17:00,17:15,Hirsch,22,6,28
2026.02.13,17:15,17:30,Hirsch,24,12,36
2026.02.13,17:30,17:45,Hirsch,22,13,35
2026.02.13,17:45,18:00,Hirsch,18,14,32
2026.02.13,18:00,18:15,Hirsch,17,10,27
2026.02.13,18:15,18:30,Hirsch,18,11,29
2026.02.13,18:30,18:45,Hirsch,20,3,23
2026.02.13,18:45,19:00,Hirsch,7,10,17
2026.02.13,19:00,19:15,Hirsch,11,6,17
2026.02.13,19:15,19:30,Hirsch,7,4,11
2026.02.13,19:30,19:45,Hirsch,6,8,14
2026.02.13,19:45,20:00,Hirsch,7,6,13
2026.02.13,20:00,20:15,Hirsch,6,9,15
2026.02.13,20:15,20:30,Hirsch,6,2,8
2026.02.13,20:30,20:45,Hirsch,4,2,6
2026.02.13,20:45,21:00,Hirsch,7,4,11
2026.02.13,21:00,21:15,Hirsch,4,3,7
2026.02.13,21:15,21:30,Hirsch,4,2,6
2026.02.13,21:30,21:45,Hirsch,5,1,6
2026.02.13,21:45,22:00,Hirsch,7,1,8
2026.02.13,22:00,22:15,Hirsch,0,1,1
2026.02.13,22:15,22:30,Hirsch,5,0,5
2026.02.13,22:30,22:45,Hirsch,10,0,10
2026.02.13,22:45,23:00,Hirsch,4,0,4
2026.02.13,23:00,23:15,Hirsch,4,0,4
2026.02.13,23:15,23:30,Hirsch,3,2,5
2026.02.13,23:30,23:45,Hirsch,8,0,8
2026.02.13,23:45,00:00,Hirsch,1,0,1
2026.02.14,00:00,00:15,Hirsch,3,0,3
2026.02.14,00:15,00:30,Hirsch,0,0,0
2026.02.14,00:30,00:45,Hirsch,6,0,6
2026.02.14,00:45,01:00,Hirsch,2,0,2
2026.02.14,01:00,01:15,Hirsch,1,0,1
2026.02.14,01:15,01:30,Hirsch,3,0,3
2026.02.14,01:30,01:45,Hirsch,3,0,3
2026.02.14,01:45,02:00,Hirsch,1,0,1
2026.02.14,02:00,02:15,Hirsch,0,0,0
2026.02.14,02:15,02:30,Hirsch,0,0,0
2026.02.14,02:30,02:45,Hirsch,0,0,0
2026.02.14,02:45,03:00,Hirsch,0,0,0
2026.02.14,03:00,03:15,Hirsch,1,0,1
2026.02.14,03:15,03:30,Hirsch,0,0,0
2026.02.14,03:30,03:45,Hirsch,0,0,0
2026.02.14,03:45,04:00,Hirsch,1,0,1
2026.02.14,04:00,04:15,Hirsch,0,0,0
2026.02.14,04:15,04:30,Hirsch,0,1,1
2026.02.14,04:30,04:45,Hirsch,0,0,0
2026.02.14,04:45,05:00,Hirsch,0,0,0
2026.02.14,05:00,05:15,Hirsch,0,0,0
2026.02.14,05:15,05:30,Hirsch,0,0,0
2026.02.14,05:30,05:45,Hirsch,1,2,3
2026.02.14,05:45,06:00,Hirsch,0,0,0
2026.02.14,06:00,06:15,Hirsch,0,0,0
2026.02.14,06:15,06:30,Hirsch,0,1,1
2026.02.14,06:30,06:45,Hirsch,0,0,0
2026.02.14,06:45,07:00,Hirsch,0,0,0
2026.02.14,07:00,07:15,Hirsch,0,2,2
2026.02.14,07:15,07:30,Hirsch,1,3,4
2026.02.14,07:30,07:45,Hirsch,1,1,2
2026.02.14,07:45,08:00,Hirsch,0,1,1
2026.02.14,08:00,08:15,Hirsch,2,0,2
2026.02.14,08:15,08:30,Hirsch,1,1,2
2026.02.14,08:30,08:45,Hirsch,1,1,2
2026.02.14,08:45,09:00,Hirsch,2,1,3
2026.02.14,09:00,09:15,Hirsch,3,5,8
2026.02.14,09:15,09:30,Hirsch,0,6,6
2026.02.14,09:30,09:45,Hirsch,4,3,7
2026.02.14,09:45,10:00,Hirsch,3,6,9
2026.02.14,10:00,10:15,Hirsch,2,3,5
2026.02.14,10:15,10:30,Hirsch,1,2,3
2026.02.14,10:30,10:45,Hirsch,6,6,12
2026.02.14,10:45,11:00,Hirsch,3,5,8
2026.02.14,11:00,11:15,Hirsch,0,4,4
2026.02.14,11:15,11:30,Hirsch,3,3,6
2026.02.14,11:30,11:45,Hirsch,4,10,14
2026.02.14,11:45,12:00,Hirsch,10,12,22
2026.02.14,12:00,12:15,Hirsch,7,7,14
2026.02.14,12:15,12:30,Hirsch,2,9,11
2026.02.14,12:30,12:45,Hirsch,8,3,11
2026.02.14,12:45,13:00,Hirsch,10,9,19
2026.02.14,13:00,13:15,Hirsch,9,7,16
2026.02.14,13:15,13:30,Hirsch,10,8,18
2026.02.14,13:30,13:45,Hirsch,5,6,11
2026.02.14,13:45,14:00,Hirsch,3,0,3
2026.02.14,14:00,14:15,Hirsch,6,8,14
2026.02.14,14:15,14:30,Hirsch,4,6,10
2026.02.14,14:30,14:45,Hirsch,6,4,10
2026.02.14,14:45,15:00,Hirsch,2,3,5
2026.02.14,15:00,15:15,Hirsch,3,0,3
2026.02.14,15:15,15:30,Hirsch,2,3,5
2026.02.14,15:30,15:45,Hirsch,2,3,5
2026.02.14,15:45,16:00,Hirsch,1,1,2
2026.02.14,16:00,16:15,Hirsch,2,2,4
2026.02.14,16:15,16:30,Hirsch,8,5,13
2026.02.14,16:30,16:45,Hirsch,5,0,5
2026.02.14,16:45,17:00,Hirsch,3,3,6
2026.02.14,17:00,17:15,Hirsch,0,3,3
2026.02.14,17:15,17:30,Hirsch,5,2,7
2026.02.14,17:30,17:45,Hirsch,2,1,3
2026.02.14,17:45,18:00,Hirsch,1,2,3
2026.02.14,18:00,18:15,Hirsch,2,0,2
2026.02.14,18:15,18:30,Hirsch,1,2,3
2026.02.14,18:30,18:45,Hirsch,3,0,3
2026.02.14,18:45,19:00,Hirsch,1,0,1
2026.02.14,19:00,19:15,Hirsch,3,1,4
2026.02.14,19:15,19:30,Hirsch,2,1,3
2026.02.14,19:30,19:45,Hirsch,1,0,1
2026.02.14,19:45,20:00,Hirsch,1,3,4
2026.02.14,20:00,20:15,Hirsch,0,1,1
2026.02.14,20:15,20:30,Hirsch,0,1,1
2026.02.14,20:30,20:45,Hirsch,3,0,3
2026.02.14,20:45,21:00,Hirsch,3,1,4
2026.02.14,21:00,21:15,Hirsch,1,0,1
2026.02.14,21:15,21:30,Hirsch,0,0,0
2026.02.14,21:30,21:45,Hirsch,0,2,2
2026.02.14,21:45,22:00,Hirsch,0,0,0
2026.02.14,22:00,22:15,Hirsch,0,0,0
2026.02.14,22:15,22:30,Hirsch,2,0,2
2026.02.14,22:30,22:45,Hirsch,0,0,0
2026.02.14,22:45,23:00,Hirsch,1,0,1
2026.02.14,23:00,23:15,Hirsch,1,0,1
2026.02.14,23:15,23:30,Hirsch,0,0,0
2026.02.14,23:30,23:45,Hirsch,0,0,0
2026.02.14,23:45,00:00,Hirsch,1,0,1
2026.02.15,00:00,00:15,Hirsch,1,0,1
2026.02.15,00:15,00:30,Hirsch,1,0,1
2026.02.15,00:30,00:45,Hirsch,0,0,0
2026.02.15,00:45,01:00,Hirsch,1,0,1
2026.02.15,01:00,01:15,Hirsch,0,0,0
2026.02.15,01:15,01:30,Hirsch,1,0,1
2026.02.15,01:30,01:45,Hirsch,1,0,1
2026.02.15,01:45,02:00,Hirsch,0,0,0
2026.02.15,02:00,02:15,Hirsch,1,0,1
2026.02.15,02:15,02:30,Hirsch,0,0,0
2026.02.15,02:30,02:45,Hirsch,0,0,0
2026.02.15,02:45,03:00,Hirsch,0,0,0
2026.02.15,03:00,03:15,Hirsch,0,0,0
2026.02.15,03:15,03:30,Hirsch,0,0,0
2026.02.15,03:30,03:45,Hirsch,0,0,0
2026.02.15,03:45,04:00,Hirsch,0,0,0
2026.02.15,04:00,04:15,Hirsch,0,0,0
2026.02.15,04:15,04:30,Hirsch,0,0,0
2026.02.15,04:30,04:45,Hirsch,0,0,0
2026.02.15,04:45,05:00,Hirsch,0,0,0
2026.02.15,05:00,05:15,Hirsch,0,0,0
2026.02.15,05:15,05:30,Hirsch,0,0,0
2026.02.15,05:30,05:45,Hirsch,0,0,0
2026.02.15,05:45,06:00,Hirsch,0,1,1
2026.02.15,06:00,06:15,Hirsch,1,0,1
2026.02.15,06:15,06:30,Hirsch,0,0,0
2026.02.15,06:30,06:45,Hirsch,0,0,0
2026.02.15,06:45,07:00,Hirsch,0,1,1
2026.02.15,07:00,07:15,Hirsch,0,1,1
2026.02.15,07:15,07:30,Hirsch,1,1,2
2026.02.15,07:30,07:45,Hirsch,0,1,1
2026.02.15,07:45,08:00,Hirsch,1,0,1
2026.02.15,08:00,08:15,Hirsch,0,0,0
2026.02.15,08:15,08:30,Hirsch,1,1,2
2026.02.15,08:30,08:45,Hirsch,0,0,0
2026.02.15,08:45,09:00,Hirsch,1,4,5
2026.02.15,09:00,09:15,Hirsch,0,4,4
2026.02.15,09:15,09:30,Hirsch,0,1,1
2026.02.15,09:30,09:45,Hirsch,1,4,5
2026.02.15,09:45,10:00,Hirsch,0,2,2
2026.02.15,10:00,10:15,Hirsch,1,3,4
2026.02.15,10:15,10:30,Hirsch,0,3,3
2026.02.15,10:30,10:45,Hirsch,2,1,3
2026.02.15,10:45,11:00,Hirsch,3,0,3
2026.02.15,11:00,11:15,Hirsch,0,1,1
2026.02.15,11:15,11:30,Hirsch,4,4,8
2026.02.15,11:30,11:45,Hirsch,1,1,2
2026.02.15,11:45,12:00,Hirsch,2,3,5
2026.02.15,12:00,12:15,Hirsch,3,3,6
2026.02.15,12:15,12:30,Hirsch,1,1,2
2026.02.15,12:30,12:45,Hirsch,5,1,6
2026.02.15,12:45,13:00,Hirsch,1,2,3
2026.02.15,13:00,13:15,Hirsch,2,1,3
2026.02.15,13:15,13:30,Hirsch,2,3,5
2026.02.15,13:30,13:45,Hirsch,2,2,4
2026.02.15,13:45,14:00,Hirsch,4,0,4
2026.02.15,14:00,14:15,Hirsch,1,5,6
2026.02.15,14:15,14:30,Hirsch,1,2,3
2026.02.15,14:30,14:45,Hirsch,3,3,6
2026.02.15,14:45,15:00,Hirsch,5,3,8
2026.02.15,15:00,15:15,Hirsch,2,1,3
2026.02.15,15:15,15:30,Hirsch,0,1,1
2026.02.15,15:30,15:45,Hirsch,7,2,9
2026.02.15,15:45,16:00,Hirsch,1,1,2
2026.02.15,16:00,16:15,Hirsch,3,1,4
2026.02.15,16:15,16:30,Hirsch,2,3,5
2026.02.15,16:30,16:45,Hirsch,2,2,4
2026.02.15,16:45,17:00,Hirsch,3,2,5
2026.02.15,17:00,17:15,Hirsch,1,3,4
2026.02.15,17:15,17:30,Hirsch,4,0,4
2026.02.15,17:30,17:45,Hirsch,4,0,4
2026.02.15,17:45,18:00,Hirsch,6,3,9
2026.02.15,18:00,18:15,Hirsch,3,4,7
2026.02.15,18:15,18:30,Hirsch,2,6,8
2026.02.15,18:30,18:45,Hirsch,2,5,7
2026.02.15,18:45,19:00,Hirsch,5,1,6
2026.02.15,19:00,19:15,Hirsch,0,1,1
2026.02.15,19:15,19:30,Hirsch,1,3,4
2026.02.15,19:30,19:45,Hirsch,1,2,3
2026.02.15,19:45,20:00,Hirsch,0,2,2
2026.02.15,20:00,20:15,Hirsch,1,0,1
2026.02.15,20:15,20:30,Hirsch,2,0,2
2026.02.15,20:30,20:45,Hirsch,2,0,2
2026.02.15,20:45,21:00,Hirsch,1,0,1
2026.02.15,21:00,21:15,Hirsch,0,1,1
2026.02.15,21:15,21:30,Hirsch,3,3,6
2026.02.15,21:30,21:45,Hirsch,0,0,0
2026.02.15,21:45,22:00,Hirsch,1,0,1
2026.02.15,22:00,22:15,Hirsch,2,0,2
2026.02.15,22:15,22:30,Hirsch,1,0,1
2026.02.15,22:30,22:45,Hirsch,3,1,4
2026.02.15,22:45,23:00,Hirsch,0,1,1
2026.02.15,23:00,23:15,Hirsch,0,0,0
2026.02.15,23:15,23:30,Hirsch,0,0,0
2026.02.15,23:30,23:45,Hirsch,0,0,0
2026.02.15,23:45,00:00,Hirsch,1,0,1
2026.02.16,00:00,00:15,Hirsch,1,0,1
2026.02.16,00:15,00:30,Hirsch,0,0,0
2026.02.16,00:30,00:45,Hirsch,1,0,1
2026.02.16,00:45,01:00,Hirsch,0,0,0
2026.02.16,01:00,01:15,Hirsch,0,0,0
2026.02.16,01:15,01:30,Hirsch,0,0,0
2026.02.16,01:30,01:45,Hirsch,0,0,0
2026.02.16,01:45,02:00,Hirsch,0,0,0
2026.02.16,02:00,02:15,Hirsch,0,0,0
2026.02.16,02:15,02:30,Hirsch,0,0,0
2026.02.16,02:30,02:45,Hirsch,0,0,0
2026.02.16,02:45,03:00,Hirsch,0,0,0
2026.02.16,03:00,03:15,Hirsch,0,0,0
2026.02.16,03:15,03:30,Hirsch,0,0,0
2026.02.16,03:30,03:45,Hirsch,0,0,0
2026.02.16,03:45,04:00,Hirsch,0,0,0
2026.02.16,04:00,04:15,Hirsch,0,0,0
2026.02.16,04:15,04:30,Hirsch,0,0,0
2026.02.16,04:30,04:45,Hirsch,0,0,0
2026.02.16,04:45,05:00,Hirsch,0,0,0
2026.02.16,05:00,05:15,Hirsch,0,1,1
2026.02.16,05:15,05:30,Hirsch,1,4,5
2026.02.16,05:30,05:45,Hirsch,0,3,3
2026.02.16,05:45,06:00,Hirsch,0,7,7
2026.02.16,06:00,06:15,Hirsch,0,0,0
2026.02.16,06:15,06:30,Hirsch,0,4,4
2026.02.16,06:30,06:45,Hirsch,2,5,7
2026.02.16,06:45,07:00,Hirsch,1,7,8
2026.02.16,07:00,07:15,Hirsch,1,6,7
2026.02.16,07:15,07:30,Hirsch,4,11,15
2026.02.16,07:30,07:45,Hirsch,2,14,16
2026.02.16,07:45,08:00,Hirsch,2,17,19
2026.02.16,08:00,08:15,Hirsch,7,20,27
2026.02.16,08:15,08:30,Hirsch,5,28,33
2026.02.16,08:30,08:45,Hirsch,4,27,31
2026.02.16,08:45,09:00,Hirsch,6,28,34
2026.02.16,09:00,09:15,Hirsch,6,12,18
2026.02.16,09:15,09:30,Hirsch,6,10,16
2026.02.16,09:30,09:45,Hirsch,4,3,7
2026.02.16,09:45,10:00,Hirsch,2,8,10
2026.02.16,10:00,10:15,Hirsch,3,5,8
2026.02.16,10:15,10:30,Hirsch,2,4,6
2026.02.16,10:30,10:45,Hirsch,0,9,9
2026.02.16,10:45,11:00,Hirsch,1,3,4
2026.02.16,11:00,11:15,Hirsch,3,5,8
2026.02.16,11:15,11:30,Hirsch,1,1,2
2026.02.16,11:30,11:45,Hirsch,2,2,4
2026.02.16,11:45,12:00,Hirsch,2,9,11
2026.02.16,12:00,12:15,Hirsch,5,3,8
2026.02.16,12:15,12:30,Hirsch,1,4,5
2026.02.16,12:30,12:45,Hirsch,4,4,8
2026.02.16,12:45,13:00,Hirsch,2,3,5
2026.02.16,13:00,13:15,Hirsch,7,0,7
2026.02.16,13:15,13:30,Hirsch,12,1,13
2026.02.16,13:30,13:45,Hirsch,3,7,10
2026.02.16,13:45,14:00,Hirsch,6,1,7
2026.02.16,14:00,14:15,Hirsch,4,5,9
2026.02.16,14:15,14:30,Hirsch,1,4,5
2026.02.16,14:30,14:45,Hirsch,0,2,2
2026.02.16,14:45,15:00,Hirsch,8,5,13
2026.02.16,15:00,15:15,Hirsch,13,5,18
2026.02.16,15:15,15:30,Hirsch,5,3,8
2026.02.16,15:30,15:45,Hirsch,6,2,8
2026.02.16,15:45,16:00,Hirsch,10,5,15
2026.02.16,16:00,16:15,Hirsch,7,3,10
2026.02.16,16:15,16:30,Hirsch,2,1,3
2026.02.16,16:30,16:45,Hirsch,13,1,14
2026.02.16,16:45,17:00,Hirsch,11,4,15
2026.02.16,17:00,17:15,Hirsch,19,6,25
2026.02.16,17:15,17:30,Hirsch,13,6,19
2026.02.16,17:30,17:45,Hirsch,10,3,13
2026.02.16,17:45,18:00,Hirsch,16,5,21
2026.02.16,18:00,18:15,Hirsch,19,5,24
2026.02.16,18:15,18:30,Hirsch,11,4,15
2026.02.16,18:30,18:45,Hirsch,11,1,12
2026.02.16,18:45,19:00,Hirsch,9,7,16
2026.02.16,19:00,19:15,Hirsch,9,3,12
2026.02.16,19:15,19:30,Hirsch,2,1,3
2026.02.16,19:30,19:45,Hirsch,6,0,6
2026.02.16,19:45,20:00,Hirsch,4,3,7
2026.02.16,20:00,20:15,Hirsch,5,0,5
2026.02.16,20:15,20:30,Hirsch,3,0,3
2026.02.16,20:30,20:45,Hirsch,2,1,3
2026.02.16,20:45,21:00,Hirsch,5,1,6
2026.02.16,21:00,21:15,Hirsch,0,1,1
2026.02.16,21:15,21:30,Hirsch,1,2,3
2026.02.16,21:30,21:45,Hirsch,2,1,3
2026.02.16,21:45,22:00,Hirsch,3,1,4
2026.02.16,22:00,22:15,Hirsch,0,1,1
2026.02.16,22:15,22:30,Hirsch,1,1,2
2026.02.16,22:30,22:45,Hirsch,0,0,0
2026.02.16,22:45,23:00,Hirsch,0,1,1
2026.02.16,23:00,23:15,Hirsch,2,0,2
2026.02.16,23:15,23:30,Hirsch,3,0,3
2026.02.16,23:30,23:45,Hirsch,1,2,3
2026.02.16,23:45,00:00,Hirsch,0,0,0
2026.02.17,00:00,00:15,Hirsch,1,0,1
2026.02.17,00:15,00:30,Hirsch,0,0,0
2026.02.17,00:30,00:45,Hirsch,4,0,4
2026.02.17,00:45,01:00,Hirsch,0,0,0
2026.02.17,01:00,01:15,Hirsch,1,0,1
2026.02.17,01:15,01:30,Hirsch,0,0,0
2026.02.17,01:30,01:45,Hirsch,0,0,0
2026.02.17,01:45,02:00,Hirsch,0,0,0
2026.02.17,02:00,02:15,Hirsch,0,0,0
2026.02.17,02:15,02:30,Hirsch,0,0,0
2026.02.17,02:30,02:45,Hirsch,0,0,0
2026.02.17,02:45,03:00,Hirsch,0,0,0
2026.02.17,03:00,03:15,Hirsch,0,0,0
2026.02.17,03:15,03:30,Hirsch,0,0,0
2026.02.17,03:30,03:45,Hirsch,0,0,0
2026.02.17,03:45,04:00,Hirsch,0,0,0
2026.02.17,04:00,04:15,Hirsch,0,0,0
2026.02.17,04:15,04:30,Hirsch,0,0,0
2026.02.17,04:30,04:45,Hirsch,0,0,0
2026.02.17,04:45,05:00,Hirsch,0,0,0
2026.02.17,05:00,05:15,Hirsch,1,1,2
2026.02.17,05:15,05:30,Hirsch,0,1,1
2026.02.17,05:30,05:45,Hirsch,1,3,4
2026.02.17,05:45,06:00,Hirsch,0,4,4
2026.02.17,06:00,06:15,Hirsch,0,2,2
2026.02.17,06:15,06:30,Hirsch,0,4,4
2026.02.17,06:30,06:45,Hirsch,3,6,9
2026.02.17,06:45,07:00,Hirsch,1,6,7
2026.02.17,07:00,07:15,Hirsch,1,9,10
2026.02.17,07:15,07:30,Hirsch,3,17,20
2026.02.17,07:30,07:45,Hirsch,3,19,22
2026.02.17,07:45,08:00,Hirsch,2,21,23
2026.02.17,08:00,08:15,Hirsch,2,37,39
2026.02.17,08:15,08:30,Hirsch,9,38,47
2026.02.17,08:30,08:45,Hirsch,8,30,38
2026.02.17,08:45,09:00,Hirsch,7,28,35
2026.02.17,09:00,09:15,Hirsch,7,19,26
2026.02.17,09:15,09:30,Hirsch,2,11,13
2026.02.17,09:30,09:45,Hirsch,5,11,16
2026.02.17,09:45,10:00,Hirsch,4,5,9
2026.02.17,10:00,10:15,Hirsch,3,3,6
2026.02.17,10:15,10:30,Hirsch,4,4,8
2026.02.17,10:30,10:45,Hirsch,3,0,3
2026.02.17,10:45,11:00,Hirsch,3,5,8
2026.02.17,11:00,11:15,Hirsch,4,6,10
2026.02.17,11:15,11:30,Hirsch,2,3,5
2026.02.17,11:30,11:45,Hirsch,2,4,6
2026.02.17,11:45,12:00,Hirsch,5,5,10
2026.02.17,12:00,12:15,Hirsch,8,5,13
2026.02.17,12:15,12:30,Hirsch,3,3,6
2026.02.17,12:30,12:45,Hirsch,5,6,11
2026.02.17,12:45,13:00,Hirsch,3,0,3
2026.02.17,13:00,13:15,Hirsch,9,4,13
2026.02.17,13:15,13:30,Hirsch,14,3,17
2026.02.17,13:30,13:45,Hirsch,5,3,8
2026.02.17,13:45,14:00,Hirsch,5,12,17
2026.02.17,14:00,14:15,Hirsch,4,4,8
2026.02.17,14:15,14:30,Hirsch,7,3,10
2026.02.17,14:30,14:45,Hirsch,7,4,11
2026.02.17,14:45,15:00,Hirsch,6,2,8
2026.02.17,15:00,15:15,Hirsch,11,3,14
2026.02.17,15:15,15:30,Hirsch,11,8,19
2026.02.17,15:30,15:45,Hirsch,8,8,16
2026.02.17,15:45,16:00,Hirsch,20,3,23
2026.02.17,16:00,16:15,Hirsch,7,9,16
2026.02.17,16:15,16:30,Hirsch,15,4,19
2026.02.17,16:30,16:45,Hirsch,11,3,14
2026.02.17,16:45,17:00,Hirsch,6,3,9
2026.02.17,17:00,17:15,Hirsch,20,6,26
2026.02.17,17:15,17:30,Hirsch,10,6,16
2026.02.17,17:30,17:45,Hirsch,9,2,11
2026.02.17,17:45,18:00,Hirsch,6,5,11
2026.02.17,18:00,18:15,Hirsch,15,3,18
2026.02.17,18:15,18:30,Hirsch,20,10,30
2026.02.17,18:30,18:45,Hirsch,14,1,15
2026.02.17,18:45,19:00,Hirsch,14,2,16
2026.02.17,19:00,19:15,Hirsch,9,3,12
2026.02.17,19:15,19:30,Hirsch,8,2,10
2026.02.17,19:30,19:45,Hirsch,5,2,7
2026.02.17,19:45,20:00,Hirsch,5,4,9
2026.02.17,20:00,20:15,Hirsch,5,2,7
2026.02.17,20:15,20:30,Hirsch,3,1,4
2026.02.17,20:30,20:45,Hirsch,2,3,5
2026.02.17,20:45,21:00,Hirsch,1,2,3
2026.02.17,21:00,21:15,Hirsch,3,5,8
2026.02.17,21:15,21:30,Hirsch,0,0,0
2026.02.17,21:30,21:45,Hirsch,1,3,4
2026.02.17,21:45,22:00,Hirsch,3,0,3
2026.02.17,22:00,22:15,Hirsch,6,1,7
2026.02.17,22:15,22:30,Hirsch,4,2,6
2026.02.17,22:30,22:45,Hirsch,1,0,1
2026.02.17,22:45,23:00,Hirsch,2,1,3
2026.02.17,23:00,23:15,Hirsch,0,0,0
2026.02.17,23:15,23:30,Hirsch,2,0,2
2026.02.17,23:30,23:45,Hirsch,1,0,1
2026.02.17,23:45,00:00,Hirsch,1,0,1
2026.02.18,00:00,00:15,Hirsch,3,1,4
2026.02.18,00:15,00:30,Hirsch,0,0,0
2026.02.18,00:30,00:45,Hirsch,1,0,1
2026.02.18,00:45,01:00,Hirsch,2,1,3
2026.02.18,01:00,01:15,Hirsch,1,0,1
2026.02.18,01:15,01:30,Hirsch,0,0,0
2026.02.18,01:30,01:45,Hirsch,0,0,0
2026.02.18,01:45,02:00,Hirsch,0,0,0
2026.02.18,02:00,02:15,Hirsch,0,0,0
2026.02.18,02:15,02:30,Hirsch,0,0,0
2026.02.18,02:30,02:45,Hirsch,1,0,1
2026.02.18,02:45,03:00,Hirsch,0,0,0
2026.02.18,03:00,03:15,Hirsch,0,0,0
2026.02.18,03:15,03:30,Hirsch,0,0,0
2026.02.18,03:30,03:45,Hirsch,0,0,0
2026.02.18,03:45,04:00,Hirsch,0,0,0
2026.02.18,04:00,04:15,Hirsch,0,0,0
2026.02.18,04:15,04:30,Hirsch,0,0,0
2026.02.18,04:30,04:45,Hirsch,0,0,0
2026.02.18,04:45,05:00,Hirsch,0,0,0
2026.02.18,05:00,05:15,Hirsch,1,1,2
2026.02.18,05:15,05:30,Hirsch,0,1,1
2026.02.18,05:30,05:45,Hirsch,0,0,0
2026.02.18,05:45,06:00,Hirsch,0,4,4
2026.02.18,06:00,06:15,Hirsch,1,3,4
2026.02.18,06:15,06:30,Hirsch,0,3,3
2026.02.18,06:30,06:45,Hirsch,0,8,8
2026.02.18,06:45,07:00,Hirsch,0,5,5
2026.02.18,07:00,07:15,Hirsch,4,6,10
2026.02.18,07:15,07:30,Hirsch,3,7,10
2026.02.18,07:30,07:45,Hirsch,10,17,27
2026.02.18,07:45,08:00,Hirsch,0,23,23
2026.02.18,08:00,08:15,Hirsch,6,20,26
2026.02.18,08:15,08:30,Hirsch,4,20,24
2026.02.18,08:30,08:45,Hirsch,3,37,40
2026.02.18,08:45,09:00,Hirsch,2,23,25
2026.02.18,09:00,09:15,Hirsch,4,10,14
2026.02.18,09:15,09:30,Hirsch,1,9,10
2026.02.18,09:30,09:45,Hirsch,1,13,14
2026.02.18,09:45,10:00,Hirsch,2,5,7
2026.02.18,10:00,10:15,Hirsch,3,8,11
2026.02.18,10:15,10:30,Hirsch,3,7,10
2026.02.18,10:30,10:45,Hirsch,0,4,4
2026.02.18,10:45,11:00,Hirsch,0,5,5
2026.02.18,11:00,11:15,Hirsch,2,2,4
2026.02.18,11:15,11:30,Hirsch,3,3,6
2026.02.18,11:30,11:45,Hirsch,1,5,6
2026.02.18,11:45,12:00,Hirsch,5,8,13
2026.02.18,12:00,12:15,Hirsch,3,1,4
2026.02.18,12:15,12:30,Hirsch,2,4,6
2026.02.18,12:30,12:45,Hirsch,7,9,16
2026.02.18,12:45,13:00,Hirsch,4,2,6
2026.02.18,13:00,13:15,Hirsch,6,5,11
2026.02.18,13:15,13:30,Hirsch,7,3,10
2026.02.18,13:30,13:45,Hirsch,7,5,12
2026.02.18,13:45,14:00,Hirsch,4,2,6
2026.02.18,14:00,14:15,Hirsch,11,2,13
2026.02.18,14:15,14:30,Hirsch,6,6,12
2026.02.18,14:30,14:45,Hirsch,1,7,8
2026.02.18,14:45,15:00,Hirsch,6,2,8
2026.02.18,15:00,15:15,Hirsch,6,4,10
2026.02.18,15:15,15:30,Hirsch,9,3,12
2026.02.18,15:30,15:45,Hirsch,8,3,11
2026.02.18,15:45,16:00,Hirsch,10,5,15
2026.02.18,16:00,16:15,Hirsch,9,5,14
2026.02.18,16:15,16:30,Hirsch,9,9,18
2026.02.18,16:30,16:45,Hirsch,16,1,17
2026.02.18,16:45,17:00,Hirsch,19,3,22
2026.02.18,17:00,17:15,Hirsch,12,3,15
2026.02.18,17:15,17:30,Hirsch,23,5,28
2026.02.18,17:30,17:45,Hirsch,20,5,25
2026.02.18,17:45,18:00,Hirsch,23,9,32
2026.02.18,18:00,18:15,Hirsch,16,3,19
2026.02.18,18:15,18:30,Hirsch,18,5,23
2026.02.18,18:30,18:45,Hirsch,11,7,18
2026.02.18,18:45,19:00,Hirsch,15,2,17
2026.02.18,19:00,19:15,Hirsch,19,6,25
2026.02.18,19:15,19:30,Hirsch,11,2,13
2026.02.18,19:30,19:45,Hirsch,5,2,7
2026.02.18,19:45,20:00,Hirsch,12,0,12
2026.02.18,20:00,20:15,Hirsch,8,3,11
2026.02.18,20:15,20:30,Hirsch,2,2,4
2026.02.18,20:30,20:45,Hirsch,2,1,3
2026.02.18,20:45,21:00,Hirsch,2,0,2
2026.02.18,21:00,21:15,Hirsch,5,0,5
2026.02.18,21:15,21:30,Hirsch,3,3,6
2026.02.18,21:30,21:45,Hirsch,5,0,5
2026.02.18,21:45,22:00,Hirsch,2,0,2
2026.02.18,22:00,22:15,Hirsch,2,3,5
2026.02.18,22:15,22:30,Hirsch,5,3,8
2026.02.18,22:30,22:45,Hirsch,4,0,4
2026.02.18,22:45,23:00,Hirsch,2,2,4
2026.02.18,23:00,23:15,Hirsch,4,1,5
2026.02.18,23:15,23:30,Hirsch,1,0,1
2026.02.18,23:30,23:45,Hirsch,0,2,2
2026.02.18,23:45,00:00,Hirsch,0,0,0
2026.02.19,00:00,00:15,Hirsch,0,0,0
2026.02.19,00:15,00:30,Hirsch,0,0,0
2026.02.19,00:30,00:45,Hirsch,1,0,1
2026.02.19,00:45,01:00,Hirsch,0,0,0
2026.02.19,01:00,01:15,Hirsch,1,0,1
2026.02.19,01:15,01:30,Hirsch,0,0,0
2026.02.19,01:30,01:45,Hirsch,0,0,0
2026.02.19,01:45,02:00,Hirsch,0,0,0
2026.02.19,02:00,02:15,Hirsch,0,0,0
2026.02.19,02:15,02:30,Hirsch,0,0,0
2026.02.19,02:30,02:45,Hirsch,0,0,0
2026.02.19,02:45,03:00,Hirsch,0,0,0
2026.02.19,03:00,03:15,Hirsch,0,0,0
2026.02.19,03:15,03:30,Hirsch,0,0,0
2026.02.19,03:30,03:45,Hirsch,0,0,0
2026.02.19,03:45,04:00,Hirsch,0,0,0
2026.02.19,04:00,04:15,Hirsch,0,0,0
2026.02.19,04:15,04:30,Hirsch,0,0,0
2026.02.19,04:30,04:45,Hirsch,0,0,0
2026.02.19,04:45,05:00,Hirsch,0,0,0
2026.02.19,05:00,05:15,Hirsch,1,1,2
2026.02.19,05:15,05:30,Hirsch,0,4,4
2026.02.19,05:30,05:45,Hirsch,0,3,3
2026.02.19,05:45,06:00,Hirsch,1,6,7
2026.02.19,06:00,06:15,Hirsch,0,1,1
2026.02.19,06:15,06:30,Hirsch,0,3,3
2026.02.19,06:30,06:45,Hirsch,1,6,7
2026.02.19,06:45,07:00,Hirsch,1,7,8
2026.02.19,07:00,07:15,Hirsch,2,6,8
2026.02.19,07:15,07:30,Hirsch,2,14,16
2026.02.19,07:30,07:45,Hirsch,6,21,27
2026.02.19,07:45,08:00,Hirsch,2,32,34
2026.02.19,08:00,08:15,Hirsch,3,26,29
2026.02.19,08:15,08:30,Hirsch,3,41,44
2026.02.19,08:30,08:45,Hirsch,7,39,46
2026.02.19,08:45,09:00,Hirsch,3,36,39
2026.02.19,09:00,09:15,Hirsch,5,13,18
2026.02.19,09:15,09:30,Hirsch,5,13,18
2026.02.19,09:30,09:45,Hirsch,6,15,21
2026.02.19,09:45,10:00,Hirsch,3,8,11
2026.02.19,10:00,10:15,Hirsch,3,12,15
2026.02.19,10:15,10:30,Hirsch,3,3,6
2026.02.19,10:30,10:45,Hirsch,4,4,8
2026.02.19,10:45,11:00,Hirsch,3,7,10
2026.02.19,11:00,11:15,Hirsch,1,5,6
2026.02.19,11:15,11:30,Hirsch,4,2,6
2026.02.19,11:30,11:45,Hirsch,0,3,3
2026.02.19,11:45,12:00,Hirsch,1,3,4
2026.02.19,12:00,12:15,Hirsch,5,1,6
2026.02.19,12:15,12:30,Hirsch,6,2,8
2026.02.19,12:30,12:45,Hirsch,6,1,7
2026.02.19,12:45,13:00,Hirsch,2,7,9
2026.02.19,13:00,13:15,Hirsch,6,2,8
2026.02.19,13:15,13:30,Hirsch,3,3,6
2026.02.19,13:30,13:45,Hirsch,5,1,6
2026.02.19,13:45,14:00,Hirsch,7,0,7
2026.02.19,14:00,14:15,Hirsch,8,2,10
2026.02.19,14:15,14:30,Hirsch,6,0,6
2026.02.19,14:30,14:45,Hirsch,5,4,9
2026.02.19,14:45,15:00,Hirsch,3,2,5
2026.02.19,15:00,15:15,Hirsch,3,0,3
2026.02.19,15:15,15:30,Hirsch,5,0,5
2026.02.19,15:30,15:45,Hirsch,5,1,6
2026.02.19,15:45,16:00,Hirsch,5,3,8
2026.02.19,16:00,16:15,Hirsch,8,2,10
2026.02.19,16:15,16:30,Hirsch,5,3,8
2026.02.19,16:30,16:45,Hirsch,6,1,7
2026.02.19,16:45,17:00,Hirsch,12,0,12
2026.02.19,17:00,17:15,Hirsch,12,1,13
2026.02.19,17:15,17:30,Hirsch,9,1,10
2026.02.19,17:30,17:45,Hirsch,7,2,9
2026.02.19,17:45,18:00,Hirsch,11,3,14
2026.02.19,18:00,18:15,Hirsch,11,1,12
2026.02.19,18:15,18:30,Hirsch,15,4,19
2026.02.19,18:30,18:45,Hirsch,10,2,12
2026.02.19,18:45,19:00,Hirsch,7,2,9
2026.02.19,19:00,19:15,Hirsch,7,2,9
2026.02.19,19:15,19:30,Hirsch,4,1,5
2026.02.19,19:30,19:45,Hirsch,3,0,3
2026.02.19,19:45,20:00,Hirsch,2,0,2
2026.02.19,20:00,20:15,Hirsch,2,1,3
2026.02.19,20:15,20:30,Hirsch,3,0,3
2026.02.19,20:30,20:45,Hirsch,1,0,1
2026.02.19,20:45,21:00,Hirsch,2,0,2
2026.02.19,21:00,21:15,Hirsch,0,0,0
2026.02.19,21:15,21:30,Hirsch,0,0,0
2026.02.19,21:30,21:45,Hirsch,2,0,2
2026.02.19,21:45,22:00,Hirsch,1,0,1
2026.02.19,22:00,22:15,Hirsch,0,0,0
2026.02.19,22:15,22:30,Hirsch,0,0,0
2026.02.19,22:30,22:45,Hirsch,0,0,0
2026.02.19,22:45,23:00,Hirsch,0,0,0
2026.02.19,23:00,23:15,Hirsch,1,0,1
2026.02.19,23:15,23:30,Hirsch,0,1,1
2026.02.19,23:30,23:45,Hirsch,0,0,0
2026.02.19,23:45,00:00,Hirsch,1,0,1
2026.02.20,00:00,00:15,Hirsch,0,0,0
2026.02.20,00:15,00:30,Hirsch,0,0,0
2026.02.20,00:30,00:45,Hirsch,0,0,0
2026.02.20,00:45,01:00,Hirsch,0,0,0
2026.02.20,01:00,01:15,Hirsch,1,0,1
2026.02.20,01:15,01:30,Hirsch,0,0,0
2026.02.20,01:30,01:45,Hirsch,0,0,0
2026.02.20,01:45,02:00,Hirsch,0,0,0
2026.02.20,02:00,02:15,Hirsch,0,0,0
2026.02.20,02:15,02:30,Hirsch,0,0,0
2026.02.20,02:30,02:45,Hirsch,0,0,0
2026.02.20,02:45,03:00,Hirsch,0,0,0
2026.02.20,03:00,03:15,Hirsch,0,0,0
2026.02.20,03:15,03:30,Hirsch,0,0,0
2026.02.20,03:30,03:45,Hirsch,0,0,0
2026.02.20,03:45,04:00,Hirsch,0,0,0
2026.02.20,04:00,04:15,Hirsch,0,0,0
2026.02.20,04:15,04:30,Hirsch,0,0,0
2026.02.20,04:30,04:45,Hirsch,0,0,0
2026.02.20,04:45,05:00,Hirsch,0,0,0
2026.02.20,05:00,05:15,Hirsch,1,1,2
2026.02.20,05:15,05:30,Hirsch,0,1,1
2026.02.20,05:30,05:45,Hirsch,0,2,2
2026.02.20,05:45,06:00,Hirsch,0,1,1
2026.02.20,06:00,06:15,Hirsch,0,1,1
2026.02.20,06:15,06:30,Hirsch,1,3,4
2026.02.20,06:30,06:45,Hirsch,0,2,2
2026.02.20,06:45,07:00,Hirsch,0,1,1
2026.02.20,07:00,07:15,Hirsch,1,3,4
2026.02.20,07:15,07:30,Hirsch,0,2,2
2026.02.20,07:30,07:45,Hirsch,0,4,4
2026.02.20,07:45,08:00,Hirsch,0,5,5
2026.02.20,08:00,08:15,Hirsch,2,7,9
2026.02.20,08:15,08:30,Hirsch,0,6,6
2026.02.20,08:30,08:45,Hirsch,0,3,3
2026.02.20,08:45,09:00,Hirsch,0,3,3
2026.02.20,09:00,09:15,Hirsch,1,3,4
2026.02.20,09:15,09:30,Hirsch,3,4,7
2026.02.20,09:30,09:45,Hirsch,2,0,2
2026.02.20,09:45,10:00,Hirsch,1,3,4
2026.02.20,10:00,10:15,Hirsch,0,1,1
2026.02.20,10:15,10:30,Hirsch,0,1,1
2026.02.20,10:30,10:45,Hirsch,0,0,0
2026.02.20,10:45,11:00,Hirsch,0,2,2
2026.02.20,11:00,11:15,Hirsch,0,1,1
2026.02.20,11:15,11:30,Hirsch,0,0,0
2026.02.20,11:30,11:45,Hirsch,0,1,1
2026.02.20,11:45,12:00,Hirsch,0,2,2
2026.02.20,12:00,12:15,Hirsch,1,2,3
2026.02.20,12:15,12:30,Hirsch,3,1,4
2026.02.20,12:30,12:45,Hirsch,1,1,2
2026.02.20,12:45,13:00,Hirsch,4,1,5
2026.02.20,13:00,13:15,Hirsch,2,1,3
2026.02.20,13:15,13:30,Hirsch,1,2,3
2026.02.20,13:30,13:45,Hirsch,3,1,4
2026.02.20,13:45,14:00,Hirsch,2,0,2
2026.02.20,14:00,14:15,Hirsch,2,0,2
2026.02.20,14:15,14:30,Hirsch,0,1,1
2026.02.20,14:30,14:45,Hirsch,5,1,6
2026.02.20,14:45,15:00,Hirsch,2,3,5
2026.02.20,15:00,15:15,Hirsch,1,5,6
2026.02.20,15:15,15:30,Hirsch,8,0,8
2026.02.20,15:30,15:45,Hirsch,2,4,6
2026.02.20,15:45,16:00,Hirsch,5,2,7
2026.02.20,16:00,16:15,Hirsch,6,2,8
2026.02.20,16:15,16:30,Hirsch,8,2,10
2026.02.20,16:30,16:45,Hirsch,5,0,5
2026.02.20,16:45,17:00,Hirsch,2,1,3
2026.02.20,17:00,17:15,Hirsch,0,1,1
2026.02.20,17:15,17:30,Hirsch,5,4,9
2026.02.20,17:30,17:45,Hirsch,6,3,9
2026.02.20,17:45,18:00,Hirsch,3,2,5
2026.02.20,18:00,18:15,Hirsch,3,4,7
2026.02.20,18:15,18:30,Hirsch,4,2,6
2026.02.20,18:30,18:45,Hirsch,3,1,4
2026.02.20,18:45,19:00,Hirsch,6,5,11
2026.02.20,19:00,19:15,Hirsch,4,1,5
2026.02.20,19:15,19:30,Hirsch,1,3,4
2026.02.20,19:30,19:45,Hirsch,1,4,5
2026.02.20,19:45,20:00,Hirsch,4,0,4
2026.02.20,20:00,20:15,Hirsch,3,2,5
2026.02.20,20:15,20:30,Hirsch,4,2,6
2026.02.20,20:30,20:45,Hirsch,1,3,4
2026.02.20,20:45,21:00,Hirsch,1,0,1
2026.02.20,21:00,21:15,Hirsch,1,1,2
2026.02.20,21:15,21:30,Hirsch,3,1,4
2026.02.20,21:30,21:45,Hirsch,1,0,1
2026.02.20,21:45,22:00,Hirsch,2,0,2
2026.02.20,22:00,22:15,Hirsch,3,2,5
2026.02.20,22:15,22:30,Hirsch,0,0,0
2026.02.20,22:30,22:45,Hirsch,2,1,3
2026.02.20,22:45,23:00,Hirsch,2,0,2
2026.02.20,23:00,23:15,Hirsch,2,1,3
2026.02.20,23:15,23:30,Hirsch,2,1,3
2026.02.20,23:30,23:45,Hirsch,2,0,2
2026.02.20,23:45,00:00,Hirsch,1,0,1
2026.02.21,00:00,00:15,Hirsch,0,0,0
2026.02.21,00:15,00:30,Hirsch,2,0,2
2026.02.21,00:30,00:45,Hirsch,1,0,1
2026.02.21,00:45,01:00,Hirsch,1,0,1
2026.02.21,01:00,01:15,Hirsch,1,0,1
2026.02.21,01:15,01:30,Hirsch,0,0,0
2026.02.21,01:30,01:45,Hirsch,0,0,0
2026.02.21,01:45,02:00,Hirsch,0,0,0
2026.02.21,02:00,02:15,Hirsch,3,0,3
2026.02.21,02:15,02:30,Hirsch,0,0,0
2026.02.21,02:30,02:45,Hirsch,1,0,1
2026.02.21,02:45,03:00,Hirsch,0,0,0
2026.02.21,03:00,03:15,Hirsch,0,0,0
2026.02.21,03:15,03:30,Hirsch,0,0,0
2026.02.21,03:30,03:45,Hirsch,0,0,0
2026.02.21,03:45,04:00,Hirsch,1,0,1
2026.02.21,04:00,04:15,Hirsch,0,0,0
2026.02.21,04:15,04:30,Hirsch,0,0,0
2026.02.21,04:30,04:45,Hirsch,0,0,0
2026.02.21,04:45,05:00,Hirsch,0,0,0
2026.02.21,05:00,05:15,Hirsch,0,1,1
2026.02.21,05:15,05:30,Hirsch,0,0,0
2026.02.21,05:30,05:45,Hirsch,0,1,1
2026.02.21,05:45,06:00,Hirsch,0,0,0
2026.02.21,06:00,06:15,Hirsch,0,0,0
2026.02.21,06:15,06:30,Hirsch,0,0,0
2026.02.21,06:30,06:45,Hirsch,0,0,0
2026.02.21,06:45,07:00,Hirsch,0,0,0
2026.02.21,07:00,07:15,Hirsch,0,2,2
2026.02.21,07:15,07:30,Hirsch,2,0,2
2026.02.21,07:30,07:45,Hirsch,1,0,1
2026.02.21,07:45,08:00,Hirsch,0,0,0
2026.02.21,08:00,08:15,Hirsch,0,0,0
2026.02.21,08:15,08:30,Hirsch,0,1,1
2026.02.21,08:30,08:45,Hirsch,0,0,0
2026.02.21,08:45,09:00,Hirsch,1,0,1
2026.02.21,09:00,09:15,Hirsch,1,6,7
2026.02.21,09:15,09:30,Hirsch,1,0,1
2026.02.21,09:30,09:45,Hirsch,0,0,0
2026.02.21,09:45,10:00,Hirsch,0,4,4
2026.02.21,10:00,10:15,Hirsch,1,3,4
2026.02.21,10:15,10:30,Hirsch,2,3,5
2026.02.21,10:30,10:45,Hirsch,1,2,3
2026.02.21,10:45,11:00,Hirsch,1,0,1
2026.02.21,11:00,11:15,Hirsch,0,1,1
2026.02.21,11:15,11:30,Hirsch,2,2,4
2026.02.21,11:30,11:45,Hirsch,1,9,10
2026.02.21,11:45,12:00,Hirsch,3,1,4
2026.02.21,12:00,12:15,Hirsch,4,5,9
2026.02.21,12:15,12:30,Hirsch,1,0,1
2026.02.21,12:30,12:45,Hirsch,2,0,2
2026.02.21,12:45,13:00,Hirsch,1,1,2
2026.02.21,13:00,13:15,Hirsch,2,0,2
2026.02.21,13:15,13:30,Hirsch,3,1,4
2026.02.21,13:30,13:45,Hirsch,4,0,4
2026.02.21,13:45,14:00,Hirsch,2,1,3
2026.02.21,14:00,14:15,Hirsch,5,1,6
2026.02.21,14:15,14:30,Hirsch,4,0,4
2026.02.21,14:30,14:45,Hirsch,2,1,3
2026.02.21,14:45,15:00,Hirsch,0,0,0
2026.02.21,15:00,15:15,Hirsch,2,1,3
2026.02.21,15:15,15:30,Hirsch,1,1,2
2026.02.21,15:30,15:45,Hirsch,1,2,3
2026.02.21,15:45,16:00,Hirsch,0,1,1
2026.02.21,16:00,16:15,Hirsch,1,1,2
2026.02.21,16:15,16:30,Hirsch,2,1,3
2026.02.21,16:30,16:45,Hirsch,1,3,4
2026.02.21,16:45,17:00,Hirsch,3,2,5
2026.02.21,17:00,17:15,Hirsch,1,1,2
2026.02.21,17:15,17:30,Hirsch,3,0,3
2026.02.21,17:30,17:45,Hirsch,1,0,1
2026.02.21,17:45,18:00,Hirsch,1,1,2
2026.02.21,18:00,18:15,Hirsch,3,2,5
2026.02.21,18:15,18:30,Hirsch,1,4,5
2026.02.21,18:30,18:45,Hirsch,2,2,4
2026.02.21,18:45,19:00,Hirsch,0,1,1
2026.02.21,19:00,19:15,Hirsch,0,1,1
2026.02.21,19:15,19:30,Hirsch,1,1,2
2026.02.21,19:30,19:45,Hirsch,1,0,1
2026.02.21,19:45,20:00,Hirsch,0,1,1
2026.02.21,20:00,20:15,Hirsch,1,0,1
2026.02.21,20:15,20:30,Hirsch,1,1,2
2026.02.21,20:30,20:45,Hirsch,0,0,0
2026.02.21,20:45,21:00,Hirsch,2,0,2
2026.02.21,21:00,21:15,Hirsch,1,0,1
2026.02.21,21:15,21:30,Hirsch,2,2,4
2026.02.21,21:30,21:45,Hirsch,0,0,0
2026.02.21,21:45,22:00,Hirsch,0,0,0
2026.02.21,22:00,22:15,Hirsch,1,0,1
2026.02.21,22:15,22:30,Hirsch,2,0,2
2026.02.21,22:30,22:45,Hirsch,2,0,2
2026.02.21,22:45,23:00,Hirsch,0,0,0
2026.02.21,23:00,23:15,Hirsch,1,0,1
2026.02.21,23:15,23:30,Hirsch,2,0,2
2026.02.21,23:30,23:45,Hirsch,1,1,2
2026.02.21,23:45,00:00,Hirsch,0,0,0
2026.02.22,00:00,00:15,Hirsch,1,0,1
2026.02.22,00:15,00:30,Hirsch,0,0,0
2026.02.22,00:30,00:45,Hirsch,0,0,0
2026.02.22,00:45,01:00,Hirsch,0,0,0
2026.02.22,01:00,01:15,Hirsch,1,0,1
2026.02.22,01:15,01:30,Hirsch,1,0,1
2026.02.22,01:30,01:45,Hirsch,0,0,0
2026.02.22,01:45,02:00,Hirsch,0,0,0
2026.02.22,02:00,02:15,Hirsch,0,0,0
2026.02.22,02:15,02:30,Hirsch,0,0,0
2026.02.22,02:30,02:45,Hirsch,0,0,0
2026.02.22,02:45,03:00,Hirsch,0,0,0
2026.02.22,03:00,03:15,Hirsch,0,0,0
2026.02.22,03:15,03:30,Hirsch,0,0,0
2026.02.22,03:30,03:45,Hirsch,0,0,0
2026.02.22,03:45,04:00,Hirsch,2,0,2
2026.02.22,04:00,04:15,Hirsch,0,0,0
2026.02.22,04:15,04:30,Hirsch,0,0,0
2026.02.22,04:30,04:45,Hirsch,0,0,0
2026.02.22,04:45,05:00,Hirsch,0,0,0
2026.02.22,05:00,05:15,Hirsch,0,0,0
2026.02.22,05:15,05:30,Hirsch,0,0,0
2026.02.22,05:30,05:45,Hirsch,1,0,1
2026.02.22,05:45,06:00,Hirsch,0,1,1
2026.02.22,06:00,06:15,Hirsch,0,0,0
2026.02.22,06:15,06:30,Hirsch,0,0,0
2026.02.22,06:30,06:45,Hirsch,1,0,1
2026.02.22,06:45,07:00,Hirsch,0,0,0
2026.02.22,07:00,07:15,Hirsch,0,2,2
2026.02.22,07:15,07:30,Hirsch,0,0,0
2026.02.22,07:30,07:45,Hirsch,0,0,0
2026.02.22,07:45,08:00,Hirsch,0,1,1
2026.02.22,08:00,08:15,Hirsch,0,1,1
2026.02.22,08:15,08:30,Hirsch,0,0,0
2026.02.22,08:30,08:45,Hirsch,0,0,0
2026.02.22,08:45,09:00,Hirsch,0,1,1
2026.02.22,09:00,09:15,Hirsch,0,4,4
2026.02.22,09:15,09:30,Hirsch,0,3,3
2026.02.22,09:30,09:45,Hirsch,0,2,2
2026.02.22,09:45,10:00,Hirsch,0,1,1
2026.02.22,10:00,10:15,Hirsch,2,3,5
2026.02.22,10:15,10:30,Hirsch,1,4,5
2026.02.22,10:30,10:45,Hirsch,2,1,3
2026.02.22,10:45,11:00,Hirsch,1,1,2
2026.02.22,11:00,11:15,Hirsch,1,1,2
2026.02.22,11:15,11:30,Hirsch,3,3,6
2026.02.22,11:30,11:45,Hirsch,0,0,0
2026.02.22,11:45,12:00,Hirsch,2,0,2
2026.02.22,12:00,12:15,Hirsch,3,0,3
2026.02.22,12:15,12:30,Hirsch,1,5,6
2026.02.22,12:30,12:45,Hirsch,4,0,4
2026.02.22,12:45,13:00,Hirsch,0,3,3
2026.02.22,13:00,13:15,Hirsch,4,1,5
2026.02.22,13:15,13:30,Hirsch,4,5,9
2026.02.22,13:30,13:45,Hirsch,7,3,10
2026.02.22,13:45,14:00,Hirsch,8,0,8
2026.02.22,14:00,14:15,Hirsch,6,5,11
2026.02.22,14:15,14:30,Hirsch,3,6,9
2026.02.22,14:30,14:45,Hirsch,6,6,12
2026.02.22,14:45,15:00,Hirsch,3,5,8
2026.02.22,15:00,15:15,Hirsch,4,4,8
2026.02.22,15:15,15:30,Hirsch,4,7,11
2026.02.22,15:30,15:45,Hirsch,5,10,15
2026.02.22,15:45,16:00,Hirsch,8,4,12
2026.02.22,16:00,16:15,Hirsch,1,2,3
2026.02.22,16:15,16:30,Hirsch,2,6,8
2026.02.22,16:30,16:45,Hirsch,5,5,10
2026.02.22,16:45,17:00,Hirsch,1,7,8
2026.02.22,17:00,17:15,Hirsch,4,3,7
2026.02.22,17:15,17:30,Hirsch,2,5,7
2026.02.22,17:30,17:45,Hirsch,1,4,5
2026.02.22,17:45,18:00,Hirsch,3,4,7
2026.02.22,18:00,18:15,Hirsch,1,5,6
2026.02.22,18:15,18:30,Hirsch,3,4,7
2026.02.22,18:30,18:45,Hirsch,5,3,8
2026.02.22,18:45,19:00,Hirsch,3,1,4
2026.02.22,19:00,19:15,Hirsch,5,1,6
2026.02.22,19:15,19:30,Hirsch,5,2,7
2026.02.22,19:30,19:45,Hirsch,4,0,4
2026.02.22,19:45,20:00,Hirsch,2,3,5
2026.02.22,20:00,20:15,Hirsch,4,1,5
2026.02.22,20:15,20:30,Hirsch,2,2,4
2026.02.22,20:30,20:45,Hirsch,1,0,1
2026.02.22,20:45,21:00,Hirsch,0,1,1
2026.02.22,21:00,21:15,Hirsch,3,1,4
2026.02.22,21:15,21:30,Hirsch,5,1,6
2026.02.22,21:30,21:45,Hirsch,0,1,1
2026.02.22,21:45,22:00,Hirsch,4,1,5
2026.02.22,22:00,22:15,Hirsch,1,0,1
2026.02.22,22:15,22:30,Hirsch,0,3,3
2026.02.22,22:30,22:45,Hirsch,0,1,1
2026.02.22,22:45,23:00,Hirsch,0,0,0
2026.02.22,23:00,23:15,Hirsch,1,0,1
2026.02.22,23:15,23:30,Hirsch,3,0,3
2026.02.22,23:30,23:45,Hirsch,0,0,0
2026.02.22,23:45,00:00,Hirsch,2,0,2
2026.02.23,00:00,00:15,Hirsch,0,0,0
2026.02.23,00:15,00:30,Hirsch,0,0,0
2026.02.23,00:30,00:45,Hirsch,0,0,0
2026.02.23,00:45,01:00,Hirsch,0,0,0
2026.02.23,01:00,01:15,Hirsch,0,0,0
2026.02.23,01:15,01:30,Hirsch,0,0,0
2026.02.23,01:30,01:45,Hirsch,0,0,0
2026.02.23,01:45,02:00,Hirsch,0,0,0
2026.02.23,02:00,02:15,Hirsch,0,0,0
2026.02.23,02:15,02:30,Hirsch,0,0,0
2026.02.23,02:30,02:45,Hirsch,0,0,0
2026.02.23,02:45,03:00,Hirsch,0,0,0
2026.02.23,03:00,03:15,Hirsch,0,0,0
2026.02.23,03:15,03:30,Hirsch,0,0,0
2026.02.23,03:30,03:45,Hirsch,0,0,0
2026.02.23,03:45,04:00,Hirsch,0,0,0
2026.02.23,04:00,04:15,Hirsch,0,1,1
2026.02.23,04:15,04:30,Hirsch,0,0,0
2026.02.23,04:30,04:45,Hirsch,0,1,1
2026.02.23,04:45,05:00,Hirsch,0,0,0
2026.02.23,05:00,05:15,Hirsch,0,0,0
2026.02.23,05:15,05:30,Hirsch,0,6,6
2026.02.23,05:30,05:45,Hirsch,1,6,7
2026.02.23,05:45,06:00,Hirsch,0,3,3
2026.02.23,06:00,06:15,Hirsch,0,4,4
2026.02.23,06:15,06:30,Hirsch,0,4,4
2026.02.23,06:30,06:45,Hirsch,3,14,17
2026.02.23,06:45,07:00,Hirsch,6,21,27
2026.02.23,07:00,07:15,Hirsch,2,18,20
2026.02.23,07:15,07:30,Hirsch,7,27,34
2026.02.23,07:30,07:45,Hirsch,3,39,42
2026.02.23,07:45,08:00,Hirsch,5,58,63
2026.02.23,08:00,08:15,Hirsch,13,51,64
2026.02.23,08:15,08:30,Hirsch,12,75,87
2026.02.23,08:30,08:45,Hirsch,9,34,43
2026.02.23,08:45,09:00,Hirsch,4,19,23
2026.02.23,09:00,09:15,Hirsch,5,17,22
2026.02.23,09:15,09:30,Hirsch,2,13,15
2026.02.23,09:30,09:45,Hirsch,5,10,15
2026.02.23,09:45,10:00,Hirsch,6,5,11
2026.02.23,10:00,10:15,Hirsch,3,7,10
2026.02.23,10:15,10:30,Hirsch,1,8,9
2026.02.23,10:30,10:45,Hirsch,1,4,5
2026.02.23,10:45,11:00,Hirsch,3,3,6
2026.02.23,11:00,11:15,Hirsch,1,3,4
2026.02.23,11:15,11:30,Hirsch,2,6,8
2026.02.23,11:30,11:45,Hirsch,1,3,4
2026.02.23,11:45,12:00,Hirsch,1,5,6
2026.02.23,12:00,12:15,Hirsch,5,2,7
2026.02.23,12:15,12:30,Hirsch,3,2,5
2026.02.23,12:30,12:45,Hirsch,3,3,6
2026.02.23,12:45,13:00,Hirsch,5,4,9
2026.02.23,13:00,13:15,Hirsch,3,2,5
2026.02.23,13:15,13:30,Hirsch,8,4,12
2026.02.23,13:30,13:45,Hirsch,6,1,7
2026.02.23,13:45,14:00,Hirsch,6,0,6
2026.02.23,14:00,14:15,Hirsch,5,5,10
2026.02.23,14:15,14:30,Hirsch,9,1,10
2026.02.23,14:30,14:45,Hirsch,18,2,20
2026.02.23,14:45,15:00,Hirsch,7,5,12
2026.02.23,15:00,15:15,Hirsch,6,7,13
2026.02.23,15:15,15:30,Hirsch,11,8,19
2026.02.23,15:30,15:45,Hirsch,13,6,19
2026.02.23,15:45,16:00,Hirsch,18,7,25
2026.02.23,16:00,16:15,Hirsch,18,9,27
2026.02.23,16:15,16:30,Hirsch,14,7,21
2026.02.23,16:30,16:45,Hirsch,20,7,27
2026.02.23,16:45,17:00,Hirsch,25,9,34
2026.02.23,17:00,17:15,Hirsch,20,14,34
2026.02.23,17:15,17:30,Hirsch,25,2,27
2026.02.23,17:30,17:45,Hirsch,34,7,41
2026.02.23,17:45,18:00,Hirsch,29,10,39
2026.02.23,18:00,18:15,Hirsch,27,7,34
2026.02.23,18:15,18:30,Hirsch,24,11,35
2026.02.23,18:30,18:45,Hirsch,24,11,35
2026.02.23,18:45,19:00,Hirsch,19,11,30
2026.02.23,19:00,19:15,Hirsch,11,8,19
2026.02.23,19:15,19:30,Hirsch,13,1,14
2026.02.23,19:30,19:45,Hirsch,14,8,22
2026.02.23,19:45,20:00,Hirsch,12,6,18
2026.02.23,20:00,20:15,Hirsch,7,3,10
2026.02.23,20:15,20:30,Hirsch,8,2,10
2026.02.23,20:30,20:45,Hirsch,4,0,4
2026.02.23,20:45,21:00,Hirsch,14,0,14
2026.02.23,21:00,21:15,Hirsch,7,2,9
2026.02.23,21:15,21:30,Hirsch,4,1,5
2026.02.23,21:30,21:45,Hirsch,3,2,5
2026.02.23,21:45,22:00,Hirsch,3,0,3
2026.02.23,22:00,22:15,Hirsch,9,0,9
2026.02.23,22:15,22:30,Hirsch,3,2,5
2026.02.23,22:30,22:45,Hirsch,1,0,1
2026.02.23,22:45,23:00,Hirsch,3,0,3
2026.02.23,23:00,23:15,Hirsch,5,1,6
2026.02.23,23:15,23:30,Hirsch,3,0,3
2026.02.23,23:30,23:45,Hirsch,0,0,0
2026.02.23,23:45,00:00,Hirsch,0,0,0
2026.02.24,00:00,00:15,Hirsch,0,0,0
2026.02.24,00:15,00:30,Hirsch,0,0,0
2026.02.24,00:30,00:45,Hirsch,0,0,0
2026.02.24,00:45,01:00,Hirsch,1,0,1
2026.02.24,01:00,01:15,Hirsch,0,0,0
2026.02.24,01:15,01:30,Hirsch,0,0,0
2026.02.24,01:30,01:45,Hirsch,0,0,0
2026.02.24,01:45,02:00,Hirsch,0,0,0
2026.02.24,02:00,02:15,Hirsch,0,0,0
2026.02.24,02:15,02:30,Hirsch,0,0,0
2026.02.24,02:30,02:45,Hirsch,0,0,0
2026.02.24,02:45,03:00,Hirsch,0,0,0
2026.02.24,03:00,03:15,Hirsch,0,0,0
2026.02.24,03:15,03:30,Hirsch,0,0,0
2026.02.24,03:30,03:45,Hirsch,0,0,0
2026.02.24,03:45,04:00,Hirsch,0,0,0
2026.02.24,04:00,04:15,Hirsch,0,1,1
2026.02.24,04:15,04:30,Hirsch,0,0,0
2026.02.24,04:30,04:45,Hirsch,0,0,0
2026.02.24,04:45,05:00,Hirsch,0,0,0
2026.02.24,05:00,05:15,Hirsch,0,1,1
2026.02.24,05:15,05:30,Hirsch,0,0,0
2026.02.24,05:30,05:45,Hirsch,1,6,7
2026.02.24,05:45,06:00,Hirsch,0,2,2
2026.02.24,06:00,06:15,Hirsch,0,2,2
2026.02.24,06:15,06:30,Hirsch,2,0,2
2026.02.24,06:30,06:45,Hirsch,0,6,6
2026.02.24,06:45,07:00,Hirsch,2,12,14
2026.02.24,07:00,07:15,Hirsch,2,13,15
2026.02.24,07:15,07:30,Hirsch,3,14,17
2026.02.24,07:30,07:45,Hirsch,8,19,27
2026.02.24,07:45,08:00,Hirsch,1,20,21
2026.02.24,08:00,08:15,Hirsch,8,23,31
2026.02.24,08:15,08:30,Hirsch,10,37,47
2026.02.24,08:30,08:45,Hirsch,2,30,32
2026.02.24,08:45,09:00,Hirsch,5,22,27
2026.02.24,09:00,09:15,Hirsch,3,12,15
2026.02.24,09:15,09:30,Hirsch,2,12,14
2026.02.24,09:30,09:45,Hirsch,0,5,5
2026.02.24,09:45,10:00,Hirsch,3,6,9
2026.02.24,10:00,10:15,Hirsch,2,3,5
2026.02.24,10:15,10:30,Hirsch,1,3,4
2026.02.24,10:30,10:45,Hirsch,1,3,4
2026.02.24,10:45,11:00,Hirsch,1,4,5
2026.02.24,11:00,11:15,Hirsch,0,1,1
2026.02.24,11:15,11:30,Hirsch,1,1,2
2026.02.24,11:30,11:45,Hirsch,0,2,2
2026.02.24,11:45,12:00,Hirsch,1,2,3
2026.02.24,12:00,12:15,Hirsch,1,2,3
2026.02.24,12:15,12:30,Hirsch,0,1,1
2026.02.24,12:30,12:45,Hirsch,3,2,5
2026.02.24,12:45,13:00,Hirsch,2,1,3
2026.02.24,13:00,13:15,Hirsch,2,1,3
2026.02.24,13:15,13:30,Hirsch,5,1,6
2026.02.24,13:30,13:45,Hirsch,7,0,7
2026.02.24,13:45,14:00,Hirsch,8,2,10
2026.02.24,14:00,14:15,Hirsch,5,2,7
2026.02.24,14:15,14:30,Hirsch,3,1,4
2026.02.24,14:30,14:45,Hirsch,0,5,5
2026.02.24,14:45,15:00,Hirsch,8,3,11
2026.02.24,15:00,15:15,Hirsch,4,5,9
2026.02.24,15:15,15:30,Hirsch,10,6,16
2026.02.24,15:30,15:45,Hirsch,7,5,12
2026.02.24,15:45,16:00,Hirsch,6,9,15
2026.02.24,16:00,16:15,Hirsch,14,8,22
2026.02.24,16:15,16:30,Hirsch,7,1,8
2026.02.24,16:30,16:45,Hirsch,21,5,26
2026.02.24,16:45,17:00,Hirsch,19,3,22
2026.02.24,17:00,17:15,Hirsch,17,3,20
2026.02.24,17:15,17:30,Hirsch,11,5,16
2026.02.24,17:30,17:45,Hirsch,23,1,24
2026.02.24,17:45,18:00,Hirsch,15,6,21
2026.02.24,18:00,18:15,Hirsch,18,8,26
2026.02.24,18:15,18:30,Hirsch,12,9,21
2026.02.24,18:30,18:45,Hirsch,18,8,26
2026.02.24,18:45,19:00,Hirsch,12,7,19
2026.02.24,19:00,19:15,Hirsch,9,6,15
2026.02.24,19:15,19:30,Hirsch,8,2,10
2026.02.24,19:30,19:45,Hirsch,10,5,15
2026.02.24,19:45,20:00,Hirsch,4,4,8
2026.02.24,20:00,20:15,Hirsch,2,1,3
2026.02.24,20:15,20:30,Hirsch,2,4,6
2026.02.24,20:30,20:45,Hirsch,2,6,8
2026.02.24,20:45,21:00,Hirsch,6,1,7
2026.02.24,21:00,21:15,Hirsch,6,2,8
2026.02.24,21:15,21:30,Hirsch,4,1,5
2026.02.24,21:30,21:45,Hirsch,7,0,7
2026.02.24,21:45,22:00,Hirsch,3,0,3
2026.02.24,22:00,22:15,Hirsch,3,0,3
2026.02.24,22:15,22:30,Hirsch,6,1,7
2026.02.24,22:30,22:45,Hirsch,3,0,3
2026.02.24,22:45,23:00,Hirsch,6,1,7
2026.02.24,23:00,23:15,Hirsch,3,1,4
2026.02.24,23:15,23:30,Hirsch,1,1,2
2026.02.24,23:30,23:45,Hirsch,2,0,2
2026.02.24,23:45,00:00,Hirsch,1,0,1
2026.02.25,00:00,00:15,Hirsch,1,0,1
2026.02.25,00:15,00:30,Hirsch,1,0,1
2026.02.25,00:30,00:45,Hirsch,1,0,1
2026.02.25,00:45,01:00,Hirsch,0,0,0
2026.02.25,01:00,01:15,Hirsch,1,0,1
2026.02.25,01:15,01:30,Hirsch,1,0,1
2026.02.25,01:30,01:45,Hirsch,0,1,1
2026.02.25,01:45,02:00,Hirsch,0,0,0
2026.02.25,02:00,02:15,Hirsch,0,0,0
2026.02.25,02:15,02:30,Hirsch,0,0,0
2026.02.25,02:30,02:45,Hirsch,0,0,0
2026.02.25,02:45,03:00,Hirsch,0,0,0
2026.02.25,03:00,03:15,Hirsch,0,0,0
2026.02.25,03:15,03:30,Hirsch,0,0,0
2026.02.25,03:30,03:45,Hirsch,0,0,0
2026.02.25,03:45,04:00,Hirsch,0,0,0
2026.02.25,04:00,04:15,Hirsch,0,0,0
2026.02.25,04:15,04:30,Hirsch,0,0,0
2026.02.25,04:30,04:45,Hirsch,0,0,0
2026.02.25,04:45,05:00,Hirsch,0,0,0
2026.02.25,05:00,05:15,Hirsch,0,1,1
2026.02.25,05:15,05:30,Hirsch,1,2,3
2026.02.25,05:30,05:45,Hirsch,1,5,6
2026.02.25,05:45,06:00,Hirsch,0,3,3
2026.02.25,06:00,06:15,Hirsch,0,4,4
2026.02.25,06:15,06:30,Hirsch,1,10,11
2026.02.25,06:30,06:45,Hirsch,2,9,11
2026.02.25,06:45,07:00,Hirsch,4,24,28
2026.02.25,07:00,07:15,Hirsch,3,27,30
2026.02.25,07:15,07:30,Hirsch,7,36,43
2026.02.25,07:30,07:45,Hirsch,10,55,65
2026.02.25,07:45,08:00,Hirsch,9,71,80
2026.02.25,08:00,08:15,Hirsch,9,98,107
2026.02.25,08:15,08:30,Hirsch,11,80,91
2026.02.25,08:30,08:45,Hirsch,11,63,74
2026.02.25,08:45,09:00,Hirsch,16,57,73
2026.02.25,09:00,09:15,Hirsch,8,28,36
2026.02.25,09:15,09:30,Hirsch,5,19,24
2026.02.25,09:30,09:45,Hirsch,2,28,30
2026.02.25,09:45,10:00,Hirsch,5,13,18
2026.02.25,10:00,10:15,Hirsch,7,13,20
2026.02.25,10:15,10:30,Hirsch,0,7,7
2026.02.25,10:30,10:45,Hirsch,3,12,15
2026.02.25,10:45,11:00,Hirsch,3,9,12
2026.02.25,11:00,11:15,Hirsch,5,6,11
2026.02.25,11:15,11:30,Hirsch,2,9,11
2026.02.25,11:30,11:45,Hirsch,5,9,14
2026.02.25,11:45,12:00,Hirsch,2,3,5
2026.02.25,12:00,12:15,Hirsch,6,6,12
2026.02.25,12:15,12:30,Hirsch,8,13,21
2026.02.25,12:30,12:45,Hirsch,7,3,10
2026.02.25,12:45,13:00,Hirsch,6,7,13
2026.02.25,13:00,13:15,Hirsch,11,9,20
2026.02.25,13:15,13:30,Hirsch,14,12,26
2026.02.25,13:30,13:45,Hirsch,11,9,20
2026.02.25,13:45,14:00,Hirsch,29,10,39
2026.02.25,14:00,14:15,Hirsch,10,6,16
2026.02.25,14:15,14:30,Hirsch,17,6,23
2026.02.25,14:30,14:45,Hirsch,17,12,29
2026.02.25,14:45,15:00,Hirsch,16,6,22
2026.02.25,15:00,15:15,Hirsch,19,5,24
2026.02.25,15:15,15:30,Hirsch,18,9,27
2026.02.25,15:30,15:45,Hirsch,25,15,40
2026.02.25,15:45,16:00,Hirsch,26,9,35
2026.02.25,16:00,16:15,Hirsch,27,16,43
2026.02.25,16:15,16:30,Hirsch,30,6,36
2026.02.25,16:30,16:45,Hirsch,39,13,52
2026.02.25,16:45,17:00,Hirsch,36,9,45
2026.02.25,17:00,17:15,Hirsch,39,17,56
2026.02.25,17:15,17:30,Hirsch,35,17,52
2026.02.25,17:30,17:45,Hirsch,37,15,52
2026.02.25,17:45,18:00,Hirsch,40,12,52
2026.02.25,18:00,18:15,Hirsch,43,12,55
2026.02.25,18:15,18:30,Hirsch,40,8,48
2026.02.25,18:30,18:45,Hirsch,22,12,34
2026.02.25,18:45,19:00,Hirsch,32,14,46
2026.02.25,19:00,19:15,Hirsch,25,8,33
2026.02.25,19:15,19:30,Hirsch,17,12,29
2026.02.25,19:30,19:45,Hirsch,24,8,32
2026.02.25,19:45,20:00,Hirsch,13,4,17
2026.02.25,20:00,20:15,Hirsch,19,4,23
2026.02.25,20:15,20:30,Hirsch,11,5,16
2026.02.25,20:30,20:45,Hirsch,8,5,13
2026.02.25,20:45,21:00,Hirsch,13,1,14
2026.02.25,21:00,21:15,Hirsch,7,0,7
2026.02.25,21:15,21:30,Hirsch,11,2,13
2026.02.25,21:30,21:45,Hirsch,6,1,7
2026.02.25,21:45,22:00,Hirsch,6,3,9
2026.02.25,22:00,22:15,Hirsch,7,3,10
2026.02.25,22:15,22:30,Hirsch,1,3,4
2026.02.25,22:30,22:45,Hirsch,15,0,15
2026.02.25,22:45,23:00,Hirsch,3,3,6
2026.02.25,23:00,23:15,Hirsch,3,0,3
2026.02.25,23:15,23:30,Hirsch,0,0,0
2026.02.25,23:30,23:45,Hirsch,2,0,2
2026.02.25,23:45,00:00,Hirsch,0,0,0
2026.02.26,00:00,00:15,Hirsch,0,0,0
2026.02.26,00:15,00:30,Hirsch,1,0,1
2026.02.26,00:30,00:45,Hirsch,1,1,2
2026.02.26,00:45,01:00,Hirsch,1,0,1
2026.02.26,01:00,01:15,Hirsch,0,1,1
2026.02.26,01:15,01:30,Hirsch,0,0,0
2026.02.26,01:30,01:45,Hirsch,0,0,0
2026.02.26,01:45,02:00,Hirsch,0,2,2
2026.02.26,02:00,02:15,Hirsch,0,0,0
2026.02.26,02:15,02:30,Hirsch,0,0,0
2026.02.26,02:30,02:45,Hirsch,1,0,1
2026.02.26,02:45,03:00,Hirsch,0,0,0
2026.02.26,03:00,03:15,Hirsch,0,0,0
2026.02.26,03:15,03:30,Hirsch,1,0,1
2026.02.26,03:30,03:45,Hirsch,0,0,0
2026.02.26,03:45,04:00,Hirsch,0,0,0
2026.02.26,04:00,04:15,Hirsch,2,0,2
2026.02.26,04:15,04:30,Hirsch,0,0,0
2026.02.26,04:30,04:45,Hirsch,0,1,1
2026.02.26,04:45,05:00,Hirsch,0,0,0
2026.02.26,05:00,05:15,Hirsch,0,2,2
2026.02.26,05:15,05:30,Hirsch,1,1,2
2026.02.26,05:30,05:45,Hirsch,1,4,5
2026.02.26,05:45,06:00,Hirsch,1,7,8
2026.02.26,06:00,06:15,Hirsch,1,2,3
2026.02.26,06:15,06:30,Hirsch,1,13,14
2026.02.26,06:30,06:45,Hirsch,2,11,13
2026.02.26,06:45,07:00,Hirsch,2,24,26
2026.02.26,07:00,07:15,Hirsch,2,19,21
2026.02.26,07:15,07:30,Hirsch,12,40,52
2026.02.26,07:30,07:45,Hirsch,7,55,62
2026.02.26,07:45,08:00,Hirsch,5,64,69
2026.02.26,08:00,08:15,Hirsch,12,103,115
2026.02.26,08:15,08:30,Hirsch,12,64,76
2026.02.26,08:30,08:45,Hirsch,7,66,73
2026.02.26,08:45,09:00,Hirsch,7,55,62
2026.02.26,09:00,09:15,Hirsch,10,38,48
2026.02.26,09:15,09:30,Hirsch,5,27,32
2026.02.26,09:30,09:45,Hirsch,6,17,23
2026.02.26,09:45,10:00,Hirsch,6,14,20
2026.02.26,10:00,10:15,Hirsch,6,12,18
2026.02.26,10:15,10:30,Hirsch,3,14,17
2026.02.26,10:30,10:45,Hirsch,6,10,16
2026.02.26,10:45,11:00,Hirsch,7,9,16
2026.02.26,11:00,11:15,Hirsch,6,9,15
2026.02.26,11:15,11:30,Hirsch,6,8,14
2026.02.26,11:30,11:45,Hirsch,6,11,17
2026.02.26,11:45,12:00,Hirsch,8,14,22
2026.02.26,12:00,12:15,Hirsch,11,9,20
2026.02.26,12:15,12:30,Hirsch,7,2,9
2026.02.26,12:30,12:45,Hirsch,9,8,17
2026.02.26,12:45,13:00,Hirsch,10,11,21
2026.02.26,13:00,13:15,Hirsch,11,9,20
2026.02.26,13:15,13:30,Hirsch,16,11,27
2026.02.26,13:30,13:45,Hirsch,13,4,17
2026.02.26,13:45,14:00,Hirsch,15,6,21
2026.02.26,14:00,14:15,Hirsch,20,8,28
2026.02.26,14:15,14:30,Hirsch,18,11,29
2026.02.26,14:30,14:45,Hirsch,22,9,31
2026.02.26,14:45,15:00,Hirsch,15,7,22
2026.02.26,15:00,15:15,Hirsch,20,11,31
2026.02.26,15:15,15:30,Hirsch,31,4,35
2026.02.26,15:30,15:45,Hirsch,38,8,46
2026.02.26,15:45,16:00,Hirsch,33,8,41
2026.02.26,16:00,16:15,Hirsch,24,10,34
2026.02.26,16:15,16:30,Hirsch,27,16,43
2026.02.26,16:30,16:45,Hirsch,27,5,32
2026.02.26,16:45,17:00,Hirsch,41,18,59
2026.02.26,17:00,17:15,Hirsch,33,20,53
2026.02.26,17:15,17:30,Hirsch,48,18,66
2026.02.26,17:30,17:45,Hirsch,46,10,56
2026.02.26,17:45,18:00,Hirsch,39,16,55
2026.02.26,18:00,18:15,Hirsch,38,11,49
2026.02.26,18:15,18:30,Hirsch,40,15,55
2026.02.26,18:30,18:45,Hirsch,31,15,46
2026.02.26,18:45,19:00,Hirsch,35,8,43
2026.02.26,19:00,19:15,Hirsch,24,11,35
2026.02.26,19:15,19:30,Hirsch,14,6,20
2026.02.26,19:30,19:45,Hirsch,17,4,21
2026.02.26,19:45,20:00,Hirsch,16,5,21
2026.02.26,20:00,20:15,Hirsch,7,1,8
2026.02.26,20:15,20:30,Hirsch,12,2,14
2026.02.26,20:30,20:45,Hirsch,15,4,19
2026.02.26,20:45,21:00,Hirsch,11,0,11
2026.02.26,21:00,21:15,Hirsch,6,0,6
2026.02.26,21:15,21:30,Hirsch,6,2,8
2026.02.26,21:30,21:45,Hirsch,8,0,8
2026.02.26,21:45,22:00,Hirsch,9,5,14
2026.02.26,22:00,22:15,Hirsch,9,3,12
2026.02.26,22:15,22:30,Hirsch,8,3,11
2026.02.26,22:30,22:45,Hirsch,11,2,13
2026.02.26,22:45,23:00,Hirsch,7,0,7
2026.02.26,23:00,23:15,Hirsch,4,2,6
2026.02.26,23:15,23:30,Hirsch,4,0,4
2026.02.26,23:30,23:45,Hirsch,1,0,1
2026.02.26,23:45,00:00,Hirsch,0,0,0
2026.02.27,00:00,00:15,Hirsch,2,0,2
2026.02.27,00:15,00:30,Hirsch,1,0,1
2026.02.27,00:30,00:45,Hirsch,4,1,5
2026.02.27,00:45,01:00,Hirsch,3,0,3
2026.02.27,01:00,01:15,Hirsch,1,1,2
2026.02.27,01:15,01:30,Hirsch,0,0,0
2026.02.27,01:30,01:45,Hirsch,1,0,1
2026.02.27,01:45,02:00,Hirsch,0,0,0
2026.02.27,02:00,02:15,Hirsch,1,0,1
2026.02.27,02:15,02:30,Hirsch,0,0,0
2026.02.27,02:30,02:45,Hirsch,0,0,0
2026.02.27,02:45,03:00,Hirsch,0,0,0
2026.02.27,03:00,03:15,Hirsch,0,0,0
2026.02.27,03:15,03:30,Hirsch,1,0,1
2026.02.27,03:30,03:45,Hirsch,0,0,0
2026.02.27,03:45,04:00,Hirsch,1,0,1
2026.02.27,04:00,04:15,Hirsch,0,0,0
2026.02.27,04:15,04:30,Hirsch,0,0,0
2026.02.27,04:30,04:45,Hirsch,0,0,0
2026.02.27,04:45,05:00,Hirsch,0,0,0
2026.02.27,05:00,05:15,Hirsch,1,1,2
2026.02.27,05:15,05:30,Hirsch,0,4,4
2026.02.27,05:30,05:45,Hirsch,1,6,7
2026.02.27,05:45,06:00,Hirsch,0,7,7
2026.02.27,06:00,06:15,Hirsch,0,4,4
2026.02.27,06:15,06:30,Hirsch,1,7,8
2026.02.27,06:30,06:45,Hirsch,2,13,15
2026.02.27,06:45,07:00,Hirsch,1,16,17
2026.02.27,07:00,07:15,Hirsch,5,30,35
2026.02.27,07:15,07:30,Hirsch,12,32,44
2026.02.27,07:30,07:45,Hirsch,9,44,53
2026.02.27,07:45,08:00,Hirsch,3,70,73
2026.02.27,08:00,08:15,Hirsch,9,64,73
2026.02.27,08:15,08:30,Hirsch,16,68,84
2026.02.27,08:30,08:45,Hirsch,14,47,61
2026.02.27,08:45,09:00,Hirsch,13,29,42
2026.02.27,09:00,09:15,Hirsch,12,22,34
2026.02.27,09:15,09:30,Hirsch,8,27,35
2026.02.27,09:30,09:45,Hirsch,10,27,37
2026.02.27,09:45,10:00,Hirsch,2,17,19
2026.02.27,10:00,10:15,Hirsch,7,14,21
2026.02.27,10:15,10:30,Hirsch,10,11,21
2026.02.27,10:30,10:45,Hirsch,4,9,13
2026.02.27,10:45,11:00,Hirsch,7,8,15
2026.02.27,11:00,11:15,Hirsch,3,7,10
2026.02.27,11:15,11:30,Hirsch,6,6,12
2026.02.27,11:30,11:45,Hirsch,9,8,17
2026.02.27,11:45,12:00,Hirsch,6,7,13
2026.02.27,12:00,12:15,Hirsch,8,14,22
2026.02.27,12:15,12:30,Hirsch,25,12,37
2026.02.27,12:30,12:45,Hirsch,17,20,37
2026.02.27,12:45,13:00,Hirsch,30,9,39
2026.02.27,13:00,13:15,Hirsch,27,11,38
2026.02.27,13:15,13:30,Hirsch,18,8,26
2026.02.27,13:30,13:45,Hirsch,20,11,31
2026.02.27,13:45,14:00,Hirsch,18,15,33
2026.02.27,14:00,14:15,Hirsch,15,12,27
2026.02.27,14:15,14:30,Hirsch,26,20,46
2026.02.27,14:30,14:45,Hirsch,28,17,45
2026.02.27,14:45,15:00,Hirsch,24,9,33
2026.02.27,15:00,15:15,Hirsch,41,13,54
2026.02.27,15:15,15:30,Hirsch,30,10,40
2026.02.27,15:30,15:45,Hirsch,41,17,58
2026.02.27,15:45,16:00,Hirsch,32,23,55
2026.02.27,16:00,16:15,Hirsch,31,22,53
2026.02.27,16:15,16:30,Hirsch,40,23,63
2026.02.27,16:30,16:45,Hirsch,36,10,46
2026.02.27,16:45,17:00,Hirsch,37,21,58
2026.02.27,17:00,17:15,Hirsch,36,24,60
2026.02.27,17:15,17:30,Hirsch,28,15,43
2026.02.27,17:30,17:45,Hirsch,33,20,53
2026.02.27,17:45,18:00,Hirsch,28,24,52
2026.02.27,18:00,18:15,Hirsch,33,17,50
2026.02.27,18:15,18:30,Hirsch,24,11,35
2026.02.27,18:30,18:45,Hirsch,16,25,41
2026.02.27,18:45,19:00,Hirsch,22,22,44
2026.02.27,19:00,19:15,Hirsch,16,13,29
2026.02.27,19:15,19:30,Hirsch,10,13,23
2026.02.27,19:30,19:45,Hirsch,20,11,31
2026.02.27,19:45,20:00,Hirsch,10,5,15
2026.02.27,20:00,20:15,Hirsch,8,6,14
2026.02.27,20:15,20:30,Hirsch,6,1,7
2026.02.27,20:30,20:45,Hirsch,5,7,12
2026.02.27,20:45,21:00,Hirsch,7,6,13
2026.02.27,21:00,21:15,Hirsch,6,1,7
2026.02.27,21:15,21:30,Hirsch,6,1,7
2026.02.27,21:30,21:45,Hirsch,5,0,5
2026.02.27,21:45,22:00,Hirsch,8,1,9
2026.02.27,22:00,22:15,Hirsch,5,1,6
2026.02.27,22:15,22:30,Hirsch,7,1,8
2026.02.27,22:30,22:45,Hirsch,13,1,14
2026.02.27,22:45,23:00,Hirsch,8,2,10
2026.02.27,23:00,23:15,Hirsch,12,1,13
2026.02.27,23:15,23:30,Hirsch,7,3,10
2026.02.27,23:30,23:45,Hirsch,3,2,5
2026.02.27,23:45,00:00,Hirsch,9,0,9
2026.02.28,00:00,00:15,Hirsch,2,0,2
2026.02.28,00:15,00:30,Hirsch,4,0,4
2026.02.28,00:30,00:45,Hirsch,8,1,9
2026.02.28,00:45,01:00,Hirsch,6,2,8
2026.02.28,01:00,01:15,Hirsch,3,0,3
2026.02.28,01:15,01:30,Hirsch,3,0,3
2026.02.28,01:30,01:45,Hirsch,0,0,0
2026.02.28,01:45,02:00,Hirsch,4,1,5
2026.02.28,02:00,02:15,Hirsch,1,0,1
2026.02.28,02:15,02:30,Hirsch,0,0,0
2026.02.28,02:30,02:45,Hirsch,2,0,2
2026.02.28,02:45,03:00,Hirsch,0,0,0
2026.02.28,03:00,03:15,Hirsch,0,0,0
2026.02.28,03:15,03:30,Hirsch,0,0,0
2026.02.28,03:30,03:45,Hirsch,0,0,0
2026.02.28,03:45,04:00,Hirsch,0,0,0
2026.02.28,04:00,04:15,Hirsch,0,0,0
2026.02.28,04:15,04:30,Hirsch,0,0,0
2026.02.28,04:30,04:45,Hirsch,0,0,0
2026.02.28,04:45,05:00,Hirsch,0,1,1
2026.02.28,05:00,05:15,Hirsch,1,0,1
2026.02.28,05:15,05:30,Hirsch,1,1,2
2026.02.28,05:30,05:45,Hirsch,0,1,1
2026.02.28,05:45,06:00,Hirsch,0,1,1
2026.02.28,06:00,06:15,Hirsch,1,3,4
2026.02.28,06:15,06:30,Hirsch,0,1,1
2026.02.28,06:30,06:45,Hirsch,0,1,1
2026.02.28,06:45,07:00,Hirsch,0,0,0
2026.02.28,07:00,07:15,Hirsch,1,0,1
2026.02.28,07:15,07:30,Hirsch,0,1,1
2026.02.28,07:30,07:45,Hirsch,1,1,2
2026.02.28,07:45,08:00,Hirsch,0,2,2
2026.02.28,08:00,08:15,Hirsch,1,2,3
2026.02.28,08:15,08:30,Hirsch,1,9,10
2026.02.28,08:30,08:45,Hirsch,5,4,9
2026.02.28,08:45,09:00,Hirsch,5,9,14
2026.02.28,09:00,09:15,Hirsch,4,18,22
2026.02.28,09:15,09:30,Hirsch,6,6,12
2026.02.28,09:30,09:45,Hirsch,7,12,19
2026.02.28,09:45,10:00,Hirsch,8,13,21
2026.02.28,10:00,10:15,Hirsch,8,14,22
2026.02.28,10:15,10:30,Hirsch,9,11,20
2026.02.28,10:30,10:45,Hirsch,7,12,19
2026.02.28,10:45,11:00,Hirsch,7,8,15
2026.02.28,11:00,11:15,Hirsch,8,11,19
2026.02.28,11:15,11:30,Hirsch,16,12,28
2026.02.28,11:30,11:45,Hirsch,18,16,34
2026.02.28,11:45,12:00,Hirsch,13,8,21
2026.02.28,12:00,12:15,Hirsch,7,17,24
2026.02.28,12:15,12:30,Hirsch,17,10,27
2026.02.28,12:30,12:45,Hirsch,12,24,36
2026.02.28,12:45,13:00,Hirsch,24,13,37
2026.02.28,13:00,13:15,Hirsch,12,15,27
2026.02.28,13:15,13:30,Hirsch,26,26,52
2026.02.28,13:30,13:45,Hirsch,23,16,39
2026.02.28,13:45,14:00,Hirsch,20,16,36
2026.02.28,14:00,14:15,Hirsch,28,13,41
2026.02.28,14:15,14:30,Hirsch,23,18,41
2026.02.28,14:30,14:45,Hirsch,13,20,33
2026.02.28,14:45,15:00,Hirsch,26,11,37
2026.02.28,15:00,15:15,Hirsch,17,11,28
2026.02.28,15:15,15:30,Hirsch,15,21,36
2026.02.28,15:30,15:45,Hirsch,14,6,20
2026.02.28,15:45,16:00,Hirsch,24,19,43
2026.02.28,16:00,16:15,Hirsch,10,13,23
2026.02.28,16:15,16:30,Hirsch,16,21,37
2026.02.28,16:30,16:45,Hirsch,27,8,35
2026.02.28,16:45,17:00,Hirsch,13,11,24
2026.02.28,17:00,17:15,Hirsch,11,13,24
2026.02.28,17:15,17:30,Hirsch,12,16,28
2026.02.28,17:30,17:45,Hirsch,8,11,19
2026.02.28,17:45,18:00,Hirsch,15,17,32
2026.02.28,18:00,18:15,Hirsch,9,10,19
2026.02.28,18:15,18:30,Hirsch,10,11,21
2026.02.28,18:30,18:45,Hirsch,8,13,21
2026.02.28,18:45,19:00,Hirsch,2,20,22
2026.02.28,19:00,19:15,Hirsch,3,8,11
2026.02.28,19:15,19:30,Hirsch,3,4,7
2026.02.28,19:30,19:45,Hirsch,3,6,9
2026.02.28,19:45,20:00,Hirsch,9,5,14
2026.02.28,20:00,20:15,Hirsch,4,5,9
2026.02.28,20:15,20:30,Hirsch,3,0,3
2026.02.28,20:30,20:45,Hirsch,7,3,10
2026.02.28,20:45,21:00,Hirsch,5,1,6
2026.02.28,21:00,21:15,Hirsch,2,2,4
2026.02.28,21:15,21:30,Hirsch,1,1,2
2026.02.28,21:30,21:45,Hirsch,3,1,4
2026.02.28,21:45,22:00,Hirsch,4,0,4
2026.02.28,22:00,22:15,Hirsch,7,0,7
2026.02.28,22:15,22:30,Hirsch,6,0,6
2026.02.28,22:30,22:45,Hirsch,5,2,7
2026.02.28,22:45,23:00,Hirsch,4,0,4
2026.02.28,23:00,23:15,Hirsch,7,1,8
2026.02.28,23:15,23:30,Hirsch,2,0,2
2026.02.28,23:30,23:45,Hirsch,5,1,6
2026.02.28,23:45,00:00,Hirsch,4,1,5
2026.02.01,00:00,00:15,Erhardt,4,2,6
2026.02.01,00:15,00:30,Erhardt,2,6,8
2026.02.01,00:30,00:45,Erhardt,3,1,4
2026.02.01,00:45,01:00,Erhardt,3,2,5
2026.02.01,01:00,01:15,Erhardt,1,5,6
2026.02.01,01:15,01:30,Erhardt,1,7,8
2026.02.01,01:30,01:45,Erhardt,1,0,1
2026.02.01,01:45,02:00,Erhardt,5,0,5
2026.02.01,02:00,02:15,Erhardt,1,1,2
2026.02.01,02:15,02:30,Erhardt,1,2,3
2026.02.01,02:30,02:45,Erhardt,1,0,1
2026.02.01,02:45,03:00,Erhardt,3,2,5
2026.02.01,03:00,03:15,Erhardt,0,0,0
2026.02.01,03:15,03:30,Erhardt,2,0,2
2026.02.01,03:30,03:45,Erhardt,1,2,3
2026.02.01,03:45,04:00,Erhardt,0,3,3
2026.02.01,04:00,04:15,Erhardt,0,1,1
2026.02.01,04:15,04:30,Erhardt,0,1,1
2026.02.01,04:30,04:45,Erhardt,0,1,1
2026.02.01,04:45,05:00,Erhardt,0,0,0
2026.02.01,05:00,05:15,Erhardt,0,1,1
2026.02.01,05:15,05:30,Erhardt,3,0,3
2026.02.01,05:30,05:45,Erhardt,2,2,4
2026.02.01,05:45,06:00,Erhardt,0,1,1
2026.02.01,06:00,06:15,Erhardt,0,0,0
2026.02.01,06:15,06:30,Erhardt,0,1,1
2026.02.01,06:30,06:45,Erhardt,1,3,4
2026.02.01,06:45,07:00,Erhardt,1,0,1
2026.02.01,07:00,07:15,Erhardt,0,0,0
2026.02.01,07:15,07:30,Erhardt,1,1,2
2026.02.01,07:30,07:45,Erhardt,3,1,4
2026.02.01,07:45,08:00,Erhardt,4,0,4
2026.02.01,08:00,08:15,Erhardt,1,0,1
2026.02.01,08:15,08:30,Erhardt,3,2,5
2026.02.01,08:30,08:45,Erhardt,8,3,11
2026.02.01,08:45,09:00,Erhardt,5,2,7
2026.02.01,09:00,09:15,Erhardt,1,3,4
2026.02.01,09:15,09:30,Erhardt,5,4,9
2026.02.01,09:30,09:45,Erhardt,9,5,14
2026.02.01,09:45,10:00,Erhardt,10,8,18
2026.02.01,10:00,10:15,Erhardt,11,7,18
2026.02.01,10:15,10:30,Erhardt,12,8,20
2026.02.01,10:30,10:45,Erhardt,6,4,10
2026.02.01,10:45,11:00,Erhardt,1,6,7
2026.02.01,11:00,11:15,Erhardt,2,7,9
2026.02.01,11:15,11:30,Erhardt,13,17,30
2026.02.01,11:30,11:45,Erhardt,11,5,16
2026.02.01,11:45,12:00,Erhardt,14,9,23
2026.02.01,12:00,12:15,Erhardt,10,6,16
2026.02.01,12:15,12:30,Erhardt,11,14,25
2026.02.01,12:30,12:45,Erhardt,10,8,18
2026.02.01,12:45,13:00,Erhardt,10,20,30
2026.02.01,13:00,13:15,Erhardt,12,9,21
2026.02.01,13:15,13:30,Erhardt,15,13,28
2026.02.01,13:30,13:45,Erhardt,15,18,33
2026.02.01,13:45,14:00,Erhardt,9,13,22
2026.02.01,14:00,14:15,Erhardt,9,15,24
2026.02.01,14:15,14:30,Erhardt,22,17,39
2026.02.01,14:30,14:45,Erhardt,18,10,28
2026.02.01,14:45,15:00,Erhardt,20,29,49
2026.02.01,15:00,15:15,Erhardt,12,16,28
2026.02.01,15:15,15:30,Erhardt,12,18,30
2026.02.01,15:30,15:45,Erhardt,18,19,37
2026.02.01,15:45,16:00,Erhardt,16,18,34
2026.02.01,16:00,16:15,Erhardt,8,17,25
2026.02.01,16:15,16:30,Erhardt,18,17,35
2026.02.01,16:30,16:45,Erhardt,13,19,32
2026.02.01,16:45,17:00,Erhardt,7,13,20
2026.02.01,17:00,17:15,Erhardt,14,12,26
2026.02.01,17:15,17:30,Erhardt,13,16,29
2026.02.01,17:30,17:45,Erhardt,18,10,28
2026.02.01,17:45,18:00,Erhardt,17,9,26
2026.02.01,18:00,18:15,Erhardt,12,14,26
2026.02.01,18:15,18:30,Erhardt,6,12,18
2026.02.01,18:30,18:45,Erhardt,14,12,26
2026.02.01,18:45,19:00,Erhardt,9,8,17
2026.02.01,19:00,19:15,Erhardt,10,12,22
2026.02.01,19:15,19:30,Erhardt,7,13,20
2026.02.01,19:30,19:45,Erhardt,4,6,10
2026.02.01,19:45,20:00,Erhardt,5,6,11
2026.02.01,20:00,20:15,Erhardt,8,6,14
2026.02.01,20:15,20:30,Erhardt,10,4,14
2026.02.01,20:30,20:45,Erhardt,2,4,6
2026.02.01,20:45,21:00,Erhardt,4,11,15
2026.02.01,21:00,21:15,Erhardt,4,6,10
2026.02.01,21:15,21:30,Erhardt,5,10,15
2026.02.01,21:30,21:45,Erhardt,3,4,7
2026.02.01,21:45,22:00,Erhardt,2,8,10
2026.02.01,22:00,22:15,Erhardt,3,3,6
2026.02.01,22:15,22:30,Erhardt,4,2,6
2026.02.01,22:30,22:45,Erhardt,2,2,4
2026.02.01,22:45,23:00,Erhardt,1,2,3
2026.02.01,23:00,23:15,Erhardt,5,2,7
2026.02.01,23:15,23:30,Erhardt,1,1,2
2026.02.01,23:30,23:45,Erhardt,2,0,2
2026.02.01,23:45,00:00,Erhardt,2,1,3
2026.02.02,00:00,00:15,Erhardt,0,0,0
2026.02.02,00:15,00:30,Erhardt,0,0,0
2026.02.02,00:30,00:45,Erhardt,0,0,0
2026.02.02,00:45,01:00,Erhardt,0,0,0
2026.02.02,01:00,01:15,Erhardt,0,0,0
2026.02.02,01:15,01:30,Erhardt,0,0,0
2026.02.02,01:30,01:45,Erhardt,0,0,0
2026.02.02,01:45,02:00,Erhardt,0,0,0
2026.02.02,02:00,02:15,Erhardt,1,0,1
2026.02.02,02:15,02:30,Erhardt,0,0,0
2026.02.02,02:30,02:45,Erhardt,0,0,0
2026.02.02,02:45,03:00,Erhardt,0,0,0
2026.02.02,03:00,03:15,Erhardt,0,0,0
2026.02.02,03:15,03:30,Erhardt,0,0,0
2026.02.02,03:30,03:45,Erhardt,0,0,0
2026.02.02,03:45,04:00,Erhardt,0,0,0
2026.02.02,04:00,04:15,Erhardt,0,0,0
2026.02.02,04:15,04:30,Erhardt,0,1,1
2026.02.02,04:30,04:45,Erhardt,0,0,0
2026.02.02,04:45,05:00,Erhardt,0,0,0
2026.02.02,05:00,05:15,Erhardt,2,1,3
2026.02.02,05:15,05:30,Erhardt,1,4,5
2026.02.02,05:30,05:45,Erhardt,6,7,13
2026.02.02,05:45,06:00,Erhardt,5,5,10
2026.02.02,06:00,06:15,Erhardt,6,10,16
2026.02.02,06:15,06:30,Erhardt,10,14,24
2026.02.02,06:30,06:45,Erhardt,9,18,27
2026.02.02,06:45,07:00,Erhardt,11,33,44
2026.02.02,07:00,07:15,Erhardt,25,33,58
2026.02.02,07:15,07:30,Erhardt,44,54,98
2026.02.02,07:30,07:45,Erhardt,53,53,106
2026.02.02,07:45,08:00,Erhardt,58,89,147
2026.02.02,08:00,08:15,Erhardt,61,89,150
2026.02.02,08:15,08:30,Erhardt,90,72,162
2026.02.02,08:30,08:45,Erhardt,65,85,150
2026.02.02,08:45,09:00,Erhardt,76,80,156
2026.02.02,09:00,09:15,Erhardt,49,75,124
2026.02.02,09:15,09:30,Erhardt,45,37,82
2026.02.02,09:30,09:45,Erhardt,31,40,71
2026.02.02,09:45,10:00,Erhardt,28,32,60
2026.02.02,10:00,10:15,Erhardt,20,33,53
2026.02.02,10:15,10:30,Erhardt,22,27,49
2026.02.02,10:30,10:45,Erhardt,20,32,52
2026.02.02,10:45,11:00,Erhardt,13,27,40
2026.02.02,11:00,11:15,Erhardt,11,22,33
2026.02.02,11:15,11:30,Erhardt,14,39,53
2026.02.02,11:30,11:45,Erhardt,14,24,38
2026.02.02,11:45,12:00,Erhardt,26,24,50
2026.02.02,12:00,12:15,Erhardt,33,18,51
2026.02.02,12:15,12:30,Erhardt,35,20,55
2026.02.02,12:30,12:45,Erhardt,17,31,48
2026.02.02,12:45,13:00,Erhardt,22,33,55
2026.02.02,13:00,13:15,Erhardt,21,31,52
2026.02.02,13:15,13:30,Erhardt,22,21,43
2026.02.02,13:30,13:45,Erhardt,43,42,85
2026.02.02,13:45,14:00,Erhardt,22,33,55
2026.02.02,14:00,14:15,Erhardt,40,20,60
2026.02.02,14:15,14:30,Erhardt,40,22,62
2026.02.02,14:30,14:45,Erhardt,26,21,47
2026.02.02,14:45,15:00,Erhardt,42,28,70
2026.02.02,15:00,15:15,Erhardt,44,28,72
2026.02.02,15:15,15:30,Erhardt,45,45,90
2026.02.02,15:30,15:45,Erhardt,38,27,65
2026.02.02,15:45,16:00,Erhardt,53,38,91
2026.02.02,16:00,16:15,Erhardt,62,26,88
2026.02.02,16:15,16:30,Erhardt,66,58,124
2026.02.02,16:30,16:45,Erhardt,56,42,98
2026.02.02,16:45,17:00,Erhardt,58,50,108
2026.02.02,17:00,17:15,Erhardt,64,50,114
2026.02.02,17:15,17:30,Erhardt,62,46,108
2026.02.02,17:30,17:45,Erhardt,76,35,111
2026.02.02,17:45,18:00,Erhardt,69,56,125
2026.02.02,18:00,18:15,Erhardt,81,55,136
2026.02.02,18:15,18:30,Erhardt,73,59,132
2026.02.02,18:30,18:45,Erhardt,69,31,100
2026.02.02,18:45,19:00,Erhardt,60,44,104
2026.02.02,19:00,19:15,Erhardt,61,23,84
2026.02.02,19:15,19:30,Erhardt,56,41,97
2026.02.02,19:30,19:45,Erhardt,51,32,83
2026.02.02,19:45,20:00,Erhardt,37,27,64
2026.02.02,20:00,20:15,Erhardt,39,28,67
2026.02.02,20:15,20:30,Erhardt,17,17,34
2026.02.02,20:30,20:45,Erhardt,30,17,47
2026.02.02,20:45,21:00,Erhardt,22,13,35
2026.02.02,21:00,21:15,Erhardt,14,8,22
2026.02.02,21:15,21:30,Erhardt,32,21,53
2026.02.02,21:30,21:45,Erhardt,17,17,34
2026.02.02,21:45,22:00,Erhardt,18,14,32
2026.02.02,22:00,22:15,Erhardt,17,18,35
2026.02.02,22:15,22:30,Erhardt,16,10,26
2026.02.02,22:30,22:45,Erhardt,15,11,26
2026.02.02,22:45,23:00,Erhardt,16,19,35
2026.02.02,23:00,23:15,Erhardt,7,8,15
2026.02.02,23:15,23:30,Erhardt,7,8,15
2026.02.02,23:30,23:45,Erhardt,2,5,7
2026.02.02,23:45,00:00,Erhardt,3,2,5
2026.02.03,00:00,00:15,Erhardt,4,1,5
2026.02.03,00:15,00:30,Erhardt,4,0,4
2026.02.03,00:30,00:45,Erhardt,2,1,3
2026.02.03,00:45,01:00,Erhardt,1,0,1
2026.02.03,01:00,01:15,Erhardt,0,0,0
2026.02.03,01:15,01:30,Erhardt,0,1,1
2026.02.03,01:30,01:45,Erhardt,2,0,2
2026.02.03,01:45,02:00,Erhardt,0,1,1
2026.02.03,02:00,02:15,Erhardt,0,0,0
2026.02.03,02:15,02:30,Erhardt,0,0,0
2026.02.03,02:30,02:45,Erhardt,2,0,2
2026.02.03,02:45,03:00,Erhardt,0,0,0
2026.02.03,03:00,03:15,Erhardt,0,0,0
2026.02.03,03:15,03:30,Erhardt,0,0,0
2026.02.03,03:30,03:45,Erhardt,0,0,0
2026.02.03,03:45,04:00,Erhardt,0,0,0
2026.02.03,04:00,04:15,Erhardt,0,0,0
2026.02.03,04:15,04:30,Erhardt,0,0,0
2026.02.03,04:30,04:45,Erhardt,0,0,0
2026.02.03,04:45,05:00,Erhardt,0,0,0
2026.02.03,05:00,05:15,Erhardt,0,1,1
2026.02.03,05:15,05:30,Erhardt,3,2,5
2026.02.03,05:30,05:45,Erhardt,1,7,8
2026.02.03,05:45,06:00,Erhardt,6,4,10
2026.02.03,06:00,06:15,Erhardt,3,8,11
2026.02.03,06:15,06:30,Erhardt,10,8,18
2026.02.03,06:30,06:45,Erhardt,9,12,21
2026.02.03,06:45,07:00,Erhardt,7,16,23
2026.02.03,07:00,07:15,Erhardt,17,13,30
2026.02.03,07:15,07:30,Erhardt,30,16,46
2026.02.03,07:30,07:45,Erhardt,32,36,68
2026.02.03,07:45,08:00,Erhardt,65,30,95
2026.02.03,08:00,08:15,Erhardt,51,41,92
2026.02.03,08:15,08:30,Erhardt,52,51,103
2026.02.03,08:30,08:45,Erhardt,51,48,99
2026.02.03,08:45,09:00,Erhardt,40,49,89
2026.02.03,09:00,09:15,Erhardt,34,50,84
2026.02.03,09:15,09:30,Erhardt,18,34,52
2026.02.03,09:30,09:45,Erhardt,28,37,65
2026.02.03,09:45,10:00,Erhardt,17,18,35
2026.02.03,10:00,10:15,Erhardt,17,22,39
2026.02.03,10:15,10:30,Erhardt,13,14,27
2026.02.03,10:30,10:45,Erhardt,20,21,41
2026.02.03,10:45,11:00,Erhardt,10,17,27
2026.02.03,11:00,11:15,Erhardt,11,13,24
2026.02.03,11:15,11:30,Erhardt,15,13,28
2026.02.03,11:30,11:45,Erhardt,18,22,40
2026.02.03,11:45,12:00,Erhardt,11,12,23
2026.02.03,12:00,12:15,Erhardt,12,14,26
2026.02.03,12:15,12:30,Erhardt,25,16,41
2026.02.03,12:30,12:45,Erhardt,31,16,47
2026.02.03,12:45,13:00,Erhardt,28,23,51
2026.02.03,13:00,13:15,Erhardt,16,17,33
2026.02.03,13:15,13:30,Erhardt,18,11,29
2026.02.03,13:30,13:45,Erhardt,28,14,42
2026.02.03,13:45,14:00,Erhardt,20,22,42
2026.02.03,14:00,14:15,Erhardt,13,26,39
2026.02.03,14:15,14:30,Erhardt,23,13,36
2026.02.03,14:30,14:45,Erhardt,24,20,44
2026.02.03,14:45,15:00,Erhardt,23,25,48
2026.02.03,15:00,15:15,Erhardt,27,16,43
2026.02.03,15:15,15:30,Erhardt,34,22,56
2026.02.03,15:30,15:45,Erhardt,25,23,48
2026.02.03,15:45,16:00,Erhardt,25,16,41
2026.02.03,16:00,16:15,Erhardt,44,23,67
2026.02.03,16:15,16:30,Erhardt,23,11,34
2026.02.03,16:30,16:45,Erhardt,40,28,68
2026.02.03,16:45,17:00,Erhardt,37,36,73
2026.02.03,17:00,17:15,Erhardt,53,18,71
2026.02.03,17:15,17:30,Erhardt,45,25,70
2026.02.03,17:30,17:45,Erhardt,57,47,104
2026.02.03,17:45,18:00,Erhardt,44,38,82
2026.02.03,18:00,18:15,Erhardt,39,32,71
2026.02.03,18:15,18:30,Erhardt,40,35,75
2026.02.03,18:30,18:45,Erhardt,45,20,65
2026.02.03,18:45,19:00,Erhardt,53,30,83
2026.02.03,19:00,19:15,Erhardt,31,29,60
2026.02.03,19:15,19:30,Erhardt,41,15,56
2026.02.03,19:30,19:45,Erhardt,26,15,41
2026.02.03,19:45,20:00,Erhardt,23,13,36
2026.02.03,20:00,20:15,Erhardt,22,20,42
2026.02.03,20:15,20:30,Erhardt,23,10,33
2026.02.03,20:30,20:45,Erhardt,15,18,33
2026.02.03,20:45,21:00,Erhardt,16,9,25
2026.02.03,21:00,21:15,Erhardt,25,3,28
2026.02.03,21:15,21:30,Erhardt,13,8,21
2026.02.03,21:30,21:45,Erhardt,19,10,29
2026.02.03,21:45,22:00,Erhardt,16,14,30
2026.02.03,22:00,22:15,Erhardt,15,8,23
2026.02.03,22:15,22:30,Erhardt,15,6,21
2026.02.03,22:30,22:45,Erhardt,8,15,23
2026.02.03,22:45,23:00,Erhardt,16,5,21
2026.02.03,23:00,23:15,Erhardt,4,7,11
2026.02.03,23:15,23:30,Erhardt,1,7,8
2026.02.03,23:30,23:45,Erhardt,1,3,4
2026.02.03,23:45,00:00,Erhardt,6,1,7
2026.02.04,00:00,00:15,Erhardt,0,0,0
2026.02.04,00:15,00:30,Erhardt,0,1,1
2026.02.04,00:30,00:45,Erhardt,1,1,2
2026.02.04,00:45,01:00,Erhardt,1,1,2
2026.02.04,01:00,01:15,Erhardt,1,0,1
2026.02.04,01:15,01:30,Erhardt,0,0,0
2026.02.04,01:30,01:45,Erhardt,0,0,0
2026.02.04,01:45,02:00,Erhardt,0,2,2
2026.02.04,02:00,02:15,Erhardt,1,0,1
2026.02.04,02:15,02:30,Erhardt,0,0,0
2026.02.04,02:30,02:45,Erhardt,0,0,0
2026.02.04,02:45,03:00,Erhardt,0,0,0
2026.02.04,03:00,03:15,Erhardt,0,1,1
2026.02.04,03:15,03:30,Erhardt,0,1,1
2026.02.04,03:30,03:45,Erhardt,1,0,1
2026.02.04,03:45,04:00,Erhardt,0,0,0
2026.02.04,04:00,04:15,Erhardt,0,0,0
2026.02.04,04:15,04:30,Erhardt,0,1,1
2026.02.04,04:30,04:45,Erhardt,0,0,0
2026.02.04,04:45,05:00,Erhardt,0,0,0
2026.02.04,05:00,05:15,Erhardt,0,0,0
2026.02.04,05:15,05:30,Erhardt,0,0,0
2026.02.04,05:30,05:45,Erhardt,2,2,4
2026.02.04,05:45,06:00,Erhardt,3,4,7
2026.02.04,06:00,06:15,Erhardt,1,2,3
2026.02.04,06:15,06:30,Erhardt,7,9,16
2026.02.04,06:30,06:45,Erhardt,7,12,19
2026.02.04,06:45,07:00,Erhardt,8,11,19
2026.02.04,07:00,07:15,Erhardt,12,20,32
2026.02.04,07:15,07:30,Erhardt,23,21,44
2026.02.04,07:30,07:45,Erhardt,33,35,68
2026.02.04,07:45,08:00,Erhardt,46,44,90
2026.02.04,08:00,08:15,Erhardt,46,45,91
2026.02.04,08:15,08:30,Erhardt,48,40,88
2026.02.04,08:30,08:45,Erhardt,47,30,77
2026.02.04,08:45,09:00,Erhardt,45,49,94
2026.02.04,09:00,09:15,Erhardt,30,31,61
2026.02.04,09:15,09:30,Erhardt,21,37,58
2026.02.04,09:30,09:45,Erhardt,16,25,41
2026.02.04,09:45,10:00,Erhardt,19,17,36
2026.02.04,10:00,10:15,Erhardt,16,11,27
2026.02.04,10:15,10:30,Erhardt,14,14,28
2026.02.04,10:30,10:45,Erhardt,16,13,29
2026.02.04,10:45,11:00,Erhardt,13,13,26
2026.02.04,11:00,11:15,Erhardt,10,16,26
2026.02.04,11:15,11:30,Erhardt,14,12,26
2026.02.04,11:30,11:45,Erhardt,17,13,30
2026.02.04,11:45,12:00,Erhardt,13,22,35
2026.02.04,12:00,12:15,Erhardt,10,16,26
2026.02.04,12:15,12:30,Erhardt,19,13,32
2026.02.04,12:30,12:45,Erhardt,17,15,32
2026.02.04,12:45,13:00,Erhardt,18,18,36
2026.02.04,13:00,13:15,Erhardt,18,11,29
2026.02.04,13:15,13:30,Erhardt,17,15,32
2026.02.04,13:30,13:45,Erhardt,21,12,33
2026.02.04,13:45,14:00,Erhardt,17,18,35
2026.02.04,14:00,14:15,Erhardt,19,13,32
2026.02.04,14:15,14:30,Erhardt,27,13,40
2026.02.04,14:30,14:45,Erhardt,22,18,40
2026.02.04,14:45,15:00,Erhardt,27,19,46
2026.02.04,15:00,15:15,Erhardt,22,12,34
2026.02.04,15:15,15:30,Erhardt,31,10,41
2026.02.04,15:30,15:45,Erhardt,24,10,34
2026.02.04,15:45,16:00,Erhardt,24,20,44
2026.02.04,16:00,16:15,Erhardt,26,13,39
2026.02.04,16:15,16:30,Erhardt,26,15,41
2026.02.04,16:30,16:45,Erhardt,26,23,49
2026.02.04,16:45,17:00,Erhardt,41,18,59
2026.02.04,17:00,17:15,Erhardt,36,26,62
2026.02.04,17:15,17:30,Erhardt,41,23,64
2026.02.04,17:30,17:45,Erhardt,55,27,82
2026.02.04,17:45,18:00,Erhardt,50,26,76
2026.02.04,18:00,18:15,Erhardt,47,32,79
2026.02.04,18:15,18:30,Erhardt,52,31,83
2026.02.04,18:30,18:45,Erhardt,38,24,62
2026.02.04,18:45,19:00,Erhardt,40,24,64
2026.02.04,19:00,19:15,Erhardt,34,23,57
2026.02.04,19:15,19:30,Erhardt,25,20,45
2026.02.04,19:30,19:45,Erhardt,31,18,49
2026.02.04,19:45,20:00,Erhardt,25,20,45
2026.02.04,20:00,20:15,Erhardt,17,18,35
2026.02.04,20:15,20:30,Erhardt,12,22,34
2026.02.04,20:30,20:45,Erhardt,20,4,24
2026.02.04,20:45,21:00,Erhardt,17,8,25
2026.02.04,21:00,21:15,Erhardt,14,9,23
2026.02.04,21:15,21:30,Erhardt,9,10,19
2026.02.04,21:30,21:45,Erhardt,13,6,19
2026.02.04,21:45,22:00,Erhardt,10,12,22
2026.02.04,22:00,22:15,Erhardt,13,17,30
2026.02.04,22:15,22:30,Erhardt,15,7,22
2026.02.04,22:30,22:45,Erhardt,12,5,17
2026.02.04,22:45,23:00,Erhardt,7,13,20
2026.02.04,23:00,23:15,Erhardt,4,5,9
2026.02.04,23:15,23:30,Erhardt,6,11,17
2026.02.04,23:30,23:45,Erhardt,1,4,5
2026.02.04,23:45,00:00,Erhardt,1,1,2
2026.02.05,00:00,00:15,Erhardt,5,2,7
2026.02.05,00:15,00:30,Erhardt,2,1,3
2026.02.05,00:30,00:45,Erhardt,0,0,0
2026.02.05,00:45,01:00,Erhardt,1,0,1
2026.02.05,01:00,01:15,Erhardt,0,2,2
2026.02.05,01:15,01:30,Erhardt,0,0,0
2026.02.05,01:30,01:45,Erhardt,0,0,0
2026.02.05,01:45,02:00,Erhardt,1,2,3
2026.02.05,02:00,02:15,Erhardt,0,0,0
2026.02.05,02:15,02:30,Erhardt,0,0,0
2026.02.05,02:30,02:45,Erhardt,0,0,0
2026.02.05,02:45,03:00,Erhardt,0,0,0
2026.02.05,03:00,03:15,Erhardt,0,0,0
2026.02.05,03:15,03:30,Erhardt,0,0,0
2026.02.05,03:30,03:45,Erhardt,0,0,0
2026.02.05,03:45,04:00,Erhardt,1,0,1
2026.02.05,04:00,04:15,Erhardt,0,0,0
2026.02.05,04:15,04:30,Erhardt,0,0,0
2026.02.05,04:30,04:45,Erhardt,0,0,0
2026.02.05,04:45,05:00,Erhardt,1,0,1
2026.02.05,05:00,05:15,Erhardt,0,0,0
2026.02.05,05:15,05:30,Erhardt,1,2,3
2026.02.05,05:30,05:45,Erhardt,2,3,5
2026.02.05,05:45,06:00,Erhardt,5,5,10
2026.02.05,06:00,06:15,Erhardt,3,6,9
2026.02.05,06:15,06:30,Erhardt,3,6,9
2026.02.05,06:30,06:45,Erhardt,4,11,15
2026.02.05,06:45,07:00,Erhardt,15,11,26
2026.02.05,07:00,07:15,Erhardt,18,13,31
2026.02.05,07:15,07:30,Erhardt,13,29,42
2026.02.05,07:30,07:45,Erhardt,35,25,60
2026.02.05,07:45,08:00,Erhardt,29,48,77
2026.02.05,08:00,08:15,Erhardt,48,54,102
2026.02.05,08:15,08:30,Erhardt,40,48,88
2026.02.05,08:30,08:45,Erhardt,54,41,95
2026.02.05,08:45,09:00,Erhardt,43,39,82
2026.02.05,09:00,09:15,Erhardt,22,28,50
2026.02.05,09:15,09:30,Erhardt,29,25,54
2026.02.05,09:30,09:45,Erhardt,32,28,60
2026.02.05,09:45,10:00,Erhardt,17,18,35
2026.02.05,10:00,10:15,Erhardt,14,22,36
2026.02.05,10:15,10:30,Erhardt,12,11,23
2026.02.05,10:30,10:45,Erhardt,9,21,30
2026.02.05,10:45,11:00,Erhardt,8,14,22
2026.02.05,11:00,11:15,Erhardt,9,20,29
2026.02.05,11:15,11:30,Erhardt,11,8,19
2026.02.05,11:30,11:45,Erhardt,11,8,19
2026.02.05,11:45,12:00,Erhardt,17,8,25
2026.02.05,12:00,12:15,Erhardt,21,9,30
2026.02.05,12:15,12:30,Erhardt,18,17,35
2026.02.05,12:30,12:45,Erhardt,20,15,35
2026.02.05,12:45,13:00,Erhardt,27,12,39
2026.02.05,13:00,13:15,Erhardt,20,18,38
2026.02.05,13:15,13:30,Erhardt,17,20,37
2026.02.05,13:30,13:45,Erhardt,26,16,42
2026.02.05,13:45,14:00,Erhardt,23,29,52
2026.02.05,14:00,14:15,Erhardt,20,11,31
2026.02.05,14:15,14:30,Erhardt,24,21,45
2026.02.05,14:30,14:45,Erhardt,25,20,45
2026.02.05,14:45,15:00,Erhardt,30,24,54
2026.02.05,15:00,15:15,Erhardt,21,20,41
2026.02.05,15:15,15:30,Erhardt,20,23,43
2026.02.05,15:30,15:45,Erhardt,35,24,59
2026.02.05,15:45,16:00,Erhardt,31,25,56
2026.02.05,16:00,16:15,Erhardt,28,28,56
2026.02.05,16:15,16:30,Erhardt,37,27,64
2026.02.05,16:30,16:45,Erhardt,31,28,59
2026.02.05,16:45,17:00,Erhardt,30,22,52
2026.02.05,17:00,17:15,Erhardt,40,30,70
2026.02.05,17:15,17:30,Erhardt,33,25,58
2026.02.05,17:30,17:45,Erhardt,51,28,79
2026.02.05,17:45,18:00,Erhardt,48,48,96
2026.02.05,18:00,18:15,Erhardt,35,15,50
2026.02.05,18:15,18:30,Erhardt,63,27,90
2026.02.05,18:30,18:45,Erhardt,45,23,68
2026.02.05,18:45,19:00,Erhardt,44,26,70
2026.02.05,19:00,19:15,Erhardt,33,15,48
2026.02.05,19:15,19:30,Erhardt,28,17,45
2026.02.05,19:30,19:45,Erhardt,22,20,42
2026.02.05,19:45,20:00,Erhardt,23,18,41
2026.02.05,20:00,20:15,Erhardt,16,8,24
2026.02.05,20:15,20:30,Erhardt,16,13,29
2026.02.05,20:30,20:45,Erhardt,9,14,23
2026.02.05,20:45,21:00,Erhardt,10,9,19
2026.02.05,21:00,21:15,Erhardt,13,2,15
2026.02.05,21:15,21:30,Erhardt,7,5,12
2026.02.05,21:30,21:45,Erhardt,14,9,23
2026.02.05,21:45,22:00,Erhardt,14,3,17
2026.02.05,22:00,22:15,Erhardt,11,8,19
2026.02.05,22:15,22:30,Erhardt,11,17,28
2026.02.05,22:30,22:45,Erhardt,9,2,11
2026.02.05,22:45,23:00,Erhardt,5,7,12
2026.02.05,23:00,23:15,Erhardt,8,4,12
2026.02.05,23:15,23:30,Erhardt,8,7,15
2026.02.05,23:30,23:45,Erhardt,1,6,7
2026.02.05,23:45,00:00,Erhardt,7,6,13
2026.02.06,00:00,00:15,Erhardt,5,0,5
2026.02.06,00:15,00:30,Erhardt,3,3,6
2026.02.06,00:30,00:45,Erhardt,4,3,7
2026.02.06,00:45,01:00,Erhardt,1,1,2
2026.02.06,01:00,01:15,Erhardt,1,2,3
2026.02.06,01:15,01:30,Erhardt,1,0,1
2026.02.06,01:30,01:45,Erhardt,0,1,1
2026.02.06,01:45,02:00,Erhardt,1,0,1
2026.02.06,02:00,02:15,Erhardt,0,1,1
2026.02.06,02:15,02:30,Erhardt,0,3,3
2026.02.06,02:30,02:45,Erhardt,0,0,0
2026.02.06,02:45,03:00,Erhardt,0,0,0
2026.02.06,03:00,03:15,Erhardt,0,0,0
2026.02.06,03:15,03:30,Erhardt,1,0,1
2026.02.06,03:30,03:45,Erhardt,0,0,0
2026.02.06,03:45,04:00,Erhardt,1,1,2
2026.02.06,04:00,04:15,Erhardt,0,0,0
2026.02.06,04:15,04:30,Erhardt,0,0,0
2026.02.06,04:30,04:45,Erhardt,0,0,0
2026.02.06,04:45,05:00,Erhardt,1,0,1
2026.02.06,05:00,05:15,Erhardt,0,0,0
2026.02.06,05:15,05:30,Erhardt,1,1,2
2026.02.06,05:30,05:45,Erhardt,2,1,3
2026.02.06,05:45,06:00,Erhardt,2,3,5
2026.02.06,06:00,06:15,Erhardt,2,7,9
2026.02.06,06:15,06:30,Erhardt,1,9,10
2026.02.06,06:30,06:45,Erhardt,7,8,15
2026.02.06,06:45,07:00,Erhardt,8,9,17
2026.02.06,07:00,07:15,Erhardt,16,13,29
2026.02.06,07:15,07:30,Erhardt,16,12,28
2026.02.06,07:30,07:45,Erhardt,14,16,30
2026.02.06,07:45,08:00,Erhardt,35,34,69
2026.02.06,08:00,08:15,Erhardt,28,25,53
2026.02.06,08:15,08:30,Erhardt,32,26,58
2026.02.06,08:30,08:45,Erhardt,31,37,68
2026.02.06,08:45,09:00,Erhardt,31,28,59
2026.02.06,09:00,09:15,Erhardt,16,25,41
2026.02.06,09:15,09:30,Erhardt,12,18,30
2026.02.06,09:30,09:45,Erhardt,20,22,42
2026.02.06,09:45,10:00,Erhardt,12,16,28
2026.02.06,10:00,10:15,Erhardt,16,12,28
2026.02.06,10:15,10:30,Erhardt,16,6,22
2026.02.06,10:30,10:45,Erhardt,16,10,26
2026.02.06,10:45,11:00,Erhardt,16,14,30
2026.02.06,11:00,11:15,Erhardt,14,9,23
2026.02.06,11:15,11:30,Erhardt,17,15,32
2026.02.06,11:30,11:45,Erhardt,17,11,28
2026.02.06,11:45,12:00,Erhardt,25,12,37
2026.02.06,12:00,12:15,Erhardt,9,17,26
2026.02.06,12:15,12:30,Erhardt,22,12,34
2026.02.06,12:30,12:45,Erhardt,20,17,37
2026.02.06,12:45,13:00,Erhardt,20,18,38
2026.02.06,13:00,13:15,Erhardt,13,12,25
2026.02.06,13:15,13:30,Erhardt,21,16,37
2026.02.06,13:30,13:45,Erhardt,22,18,40
2026.02.06,13:45,14:00,Erhardt,17,13,30
2026.02.06,14:00,14:15,Erhardt,25,14,39
2026.02.06,14:15,14:30,Erhardt,21,10,31
2026.02.06,14:30,14:45,Erhardt,21,14,35
2026.02.06,14:45,15:00,Erhardt,23,23,46
2026.02.06,15:00,15:15,Erhardt,30,18,48
2026.02.06,15:15,15:30,Erhardt,24,19,43
2026.02.06,15:30,15:45,Erhardt,16,22,38
2026.02.06,15:45,16:00,Erhardt,21,18,39
2026.02.06,16:00,16:15,Erhardt,28,26,54
2026.02.06,16:15,16:30,Erhardt,22,14,36
2026.02.06,16:30,16:45,Erhardt,21,18,39
2026.02.06,16:45,17:00,Erhardt,31,15,46
2026.02.06,17:00,17:15,Erhardt,26,20,46
2026.02.06,17:15,17:30,Erhardt,32,20,52
2026.02.06,17:30,17:45,Erhardt,43,15,58
2026.02.06,17:45,18:00,Erhardt,23,31,54
2026.02.06,18:00,18:15,Erhardt,22,26,48
2026.02.06,18:15,18:30,Erhardt,21,20,41
2026.02.06,18:30,18:45,Erhardt,19,21,40
2026.02.06,18:45,19:00,Erhardt,22,24,46
2026.02.06,19:00,19:15,Erhardt,34,22,56
2026.02.06,19:15,19:30,Erhardt,20,18,38
2026.02.06,19:30,19:45,Erhardt,16,10,26
2026.02.06,19:45,20:00,Erhardt,15,13,28
2026.02.06,20:00,20:15,Erhardt,17,15,32
2026.02.06,20:15,20:30,Erhardt,8,7,15
2026.02.06,20:30,20:45,Erhardt,11,6,17
2026.02.06,20:45,21:00,Erhardt,8,8,16
2026.02.06,21:00,21:15,Erhardt,6,2,8
2026.02.06,21:15,21:30,Erhardt,11,7,18
2026.02.06,21:30,21:45,Erhardt,6,7,13
2026.02.06,21:45,22:00,Erhardt,8,3,11
2026.02.06,22:00,22:15,Erhardt,8,4,12
2026.02.06,22:15,22:30,Erhardt,4,12,16
2026.02.06,22:30,22:45,Erhardt,11,4,15
2026.02.06,22:45,23:00,Erhardt,8,9,17
2026.02.06,23:00,23:15,Erhardt,12,14,26
2026.02.06,23:15,23:30,Erhardt,4,9,13
2026.02.06,23:30,23:45,Erhardt,3,9,12
2026.02.06,23:45,00:00,Erhardt,4,6,10
2026.02.07,00:00,00:15,Erhardt,5,2,7
2026.02.07,00:15,00:30,Erhardt,4,5,9
2026.02.07,00:30,00:45,Erhardt,2,1,3
2026.02.07,00:45,01:00,Erhardt,4,2,6
2026.02.07,01:00,01:15,Erhardt,6,5,11
2026.02.07,01:15,01:30,Erhardt,4,0,4
2026.02.07,01:30,01:45,Erhardt,3,3,6
2026.02.07,01:45,02:00,Erhardt,2,5,7
2026.02.07,02:00,02:15,Erhardt,2,1,3
2026.02.07,02:15,02:30,Erhardt,3,3,6
2026.02.07,02:30,02:45,Erhardt,1,1,2
2026.02.07,02:45,03:00,Erhardt,0,5,5
2026.02.07,03:00,03:15,Erhardt,0,3,3
2026.02.07,03:15,03:30,Erhardt,2,2,4
2026.02.07,03:30,03:45,Erhardt,0,2,2
2026.02.07,03:45,04:00,Erhardt,2,1,3
2026.02.07,04:00,04:15,Erhardt,0,0,0
2026.02.07,04:15,04:30,Erhardt,0,0,0
2026.02.07,04:30,04:45,Erhardt,1,0,1
2026.02.07,04:45,05:00,Erhardt,3,0,3
2026.02.07,05:00,05:15,Erhardt,0,0,0
2026.02.07,05:15,05:30,Erhardt,0,0,0
2026.02.07,05:30,05:45,Erhardt,0,1,1
2026.02.07,05:45,06:00,Erhardt,0,1,1
2026.02.07,06:00,06:15,Erhardt,0,0,0
2026.02.07,06:15,06:30,Erhardt,0,1,1
2026.02.07,06:30,06:45,Erhardt,1,2,3
2026.02.07,06:45,07:00,Erhardt,1,3,4
2026.02.07,07:00,07:15,Erhardt,2,2,4
2026.02.07,07:15,07:30,Erhardt,3,4,7
2026.02.07,07:30,07:45,Erhardt,1,1,2
2026.02.07,07:45,08:00,Erhardt,5,8,13
2026.02.07,08:00,08:15,Erhardt,3,3,6
2026.02.07,08:15,08:30,Erhardt,1,4,5
2026.02.07,08:30,08:45,Erhardt,4,9,13
2026.02.07,08:45,09:00,Erhardt,5,3,8
2026.02.07,09:00,09:15,Erhardt,3,9,12
2026.02.07,09:15,09:30,Erhardt,7,4,11
2026.02.07,09:30,09:45,Erhardt,20,14,34
2026.02.07,09:45,10:00,Erhardt,15,12,27
2026.02.07,10:00,10:15,Erhardt,11,21,32
2026.02.07,10:15,10:30,Erhardt,6,8,14
2026.02.07,10:30,10:45,Erhardt,14,14,28
2026.02.07,10:45,11:00,Erhardt,13,17,30
2026.02.07,11:00,11:15,Erhardt,16,19,35
2026.02.07,11:15,11:30,Erhardt,15,16,31
2026.02.07,11:30,11:45,Erhardt,14,11,25
2026.02.07,11:45,12:00,Erhardt,11,20,31
2026.02.07,12:00,12:15,Erhardt,8,19,27
2026.02.07,12:15,12:30,Erhardt,12,22,34
2026.02.07,12:30,12:45,Erhardt,12,14,26
2026.02.07,12:45,13:00,Erhardt,20,13,33
2026.02.07,13:00,13:15,Erhardt,25,16,41
2026.02.07,13:15,13:30,Erhardt,14,19,33
2026.02.07,13:30,13:45,Erhardt,14,32,46
2026.02.07,13:45,14:00,Erhardt,18,24,42
2026.02.07,14:00,14:15,Erhardt,25,22,47
2026.02.07,14:15,14:30,Erhardt,16,24,40
2026.02.07,14:30,14:45,Erhardt,10,29,39
2026.02.07,14:45,15:00,Erhardt,17,15,32
2026.02.07,15:00,15:15,Erhardt,29,17,46
2026.02.07,15:15,15:30,Erhardt,17,25,42
2026.02.07,15:30,15:45,Erhardt,10,26,36
2026.02.07,15:45,16:00,Erhardt,16,10,26
2026.02.07,16:00,16:15,Erhardt,20,10,30
2026.02.07,16:15,16:30,Erhardt,13,19,32
2026.02.07,16:30,16:45,Erhardt,22,12,34
2026.02.07,16:45,17:00,Erhardt,21,21,42
2026.02.07,17:00,17:15,Erhardt,29,16,45
2026.02.07,17:15,17:30,Erhardt,29,22,51
2026.02.07,17:30,17:45,Erhardt,18,20,38
2026.02.07,17:45,18:00,Erhardt,22,16,38
2026.02.07,18:00,18:15,Erhardt,23,15,38
2026.02.07,18:15,18:30,Erhardt,20,17,37
2026.02.07,18:30,18:45,Erhardt,20,17,37
2026.02.07,18:45,19:00,Erhardt,15,14,29
2026.02.07,19:00,19:15,Erhardt,21,14,35
2026.02.07,19:15,19:30,Erhardt,8,8,16
2026.02.07,19:30,19:45,Erhardt,7,24,31
2026.02.07,19:45,20:00,Erhardt,9,12,21
2026.02.07,20:00,20:15,Erhardt,12,12,24
2026.02.07,20:15,20:30,Erhardt,5,6,11
2026.02.07,20:30,20:45,Erhardt,6,9,15
2026.02.07,20:45,21:00,Erhardt,10,13,23
2026.02.07,21:00,21:15,Erhardt,8,6,14
2026.02.07,21:15,21:30,Erhardt,10,16,26
2026.02.07,21:30,21:45,Erhardt,9,6,15
2026.02.07,21:45,22:00,Erhardt,7,6,13
2026.02.07,22:00,22:15,Erhardt,4,12,16
2026.02.07,22:15,22:30,Erhardt,3,7,10
2026.02.07,22:30,22:45,Erhardt,8,7,15
2026.02.07,22:45,23:00,Erhardt,7,2,9
2026.02.07,23:00,23:15,Erhardt,4,6,10
2026.02.07,23:15,23:30,Erhardt,8,4,12
2026.02.07,23:30,23:45,Erhardt,16,6,22
2026.02.07,23:45,00:00,Erhardt,5,7,12
2026.02.08,00:00,00:15,Erhardt,5,4,9
2026.02.08,00:15,00:30,Erhardt,11,5,16
2026.02.08,00:30,00:45,Erhardt,4,7,11
2026.02.08,00:45,01:00,Erhardt,3,4,7
2026.02.08,01:00,01:15,Erhardt,0,3,3
2026.02.08,01:15,01:30,Erhardt,2,10,12
2026.02.08,01:30,01:45,Erhardt,2,3,5
2026.02.08,01:45,02:00,Erhardt,1,1,2
2026.02.08,02:00,02:15,Erhardt,3,6,9
2026.02.08,02:15,02:30,Erhardt,4,4,8
2026.02.08,02:30,02:45,Erhardt,1,4,5
2026.02.08,02:45,03:00,Erhardt,2,1,3
2026.02.08,03:00,03:15,Erhardt,2,1,3
2026.02.08,03:15,03:30,Erhardt,1,0,1
2026.02.08,03:30,03:45,Erhardt,0,1,1
2026.02.08,03:45,04:00,Erhardt,0,1,1
2026.02.08,04:00,04:15,Erhardt,0,0,0
2026.02.08,04:15,04:30,Erhardt,0,0,0
2026.02.08,04:30,04:45,Erhardt,0,0,0
2026.02.08,04:45,05:00,Erhardt,0,0,0
2026.02.08,05:00,05:15,Erhardt,0,0,0
2026.02.08,05:15,05:30,Erhardt,0,4,4
2026.02.08,05:30,05:45,Erhardt,0,2,2
2026.02.08,05:45,06:00,Erhardt,0,0,0
2026.02.08,06:00,06:15,Erhardt,0,1,1
2026.02.08,06:15,06:30,Erhardt,0,1,1
2026.02.08,06:30,06:45,Erhardt,0,1,1
2026.02.08,06:45,07:00,Erhardt,1,1,2
2026.02.08,07:00,07:15,Erhardt,0,0,0
2026.02.08,07:15,07:30,Erhardt,1,3,4
2026.02.08,07:30,07:45,Erhardt,4,2,6
2026.02.08,07:45,08:00,Erhardt,3,4,7
2026.02.08,08:00,08:15,Erhardt,5,3,8
2026.02.08,08:15,08:30,Erhardt,1,3,4
2026.02.08,08:30,08:45,Erhardt,1,0,1
2026.02.08,08:45,09:00,Erhardt,4,3,7
2026.02.08,09:00,09:15,Erhardt,8,7,15
2026.02.08,09:15,09:30,Erhardt,8,3,11
2026.02.08,09:30,09:45,Erhardt,9,4,13
2026.02.08,09:45,10:00,Erhardt,12,9,21
2026.02.08,10:00,10:15,Erhardt,10,12,22
2026.02.08,10:15,10:30,Erhardt,13,9,22
2026.02.08,10:30,10:45,Erhardt,18,13,31
2026.02.08,10:45,11:00,Erhardt,7,21,28
2026.02.08,11:00,11:15,Erhardt,14,14,28
2026.02.08,11:15,11:30,Erhardt,18,13,31
2026.02.08,11:30,11:45,Erhardt,16,21,37
2026.02.08,11:45,12:00,Erhardt,25,20,45
2026.02.08,12:00,12:15,Erhardt,11,16,27
2026.02.08,12:15,12:30,Erhardt,23,22,45
2026.02.08,12:30,12:45,Erhardt,15,18,33
2026.02.08,12:45,13:00,Erhardt,16,15,31
2026.02.08,13:00,13:15,Erhardt,22,31,53
2026.02.08,13:15,13:30,Erhardt,25,17,42
2026.02.08,13:30,13:45,Erhardt,20,23,43
2026.02.08,13:45,14:00,Erhardt,35,23,58
2026.02.08,14:00,14:15,Erhardt,29,36,65
2026.02.08,14:15,14:30,Erhardt,32,32,64
2026.02.08,14:30,14:45,Erhardt,27,30,57
2026.02.08,14:45,15:00,Erhardt,31,34,65
2026.02.08,15:00,15:15,Erhardt,23,30,53
2026.02.08,15:15,15:30,Erhardt,37,28,65
2026.02.08,15:30,15:45,Erhardt,19,49,68
2026.02.08,15:45,16:00,Erhardt,18,29,47
2026.02.08,16:00,16:15,Erhardt,13,24,37
2026.02.08,16:15,16:30,Erhardt,25,20,45
2026.02.08,16:30,16:45,Erhardt,34,25,59
2026.02.08,16:45,17:00,Erhardt,26,18,44
2026.02.08,17:00,17:15,Erhardt,27,31,58
2026.02.08,17:15,17:30,Erhardt,18,22,40
2026.02.08,17:30,17:45,Erhardt,16,19,35
2026.02.08,17:45,18:00,Erhardt,22,16,38
2026.02.08,18:00,18:15,Erhardt,14,8,22
2026.02.08,18:15,18:30,Erhardt,6,11,17
2026.02.08,18:30,18:45,Erhardt,9,22,31
2026.02.08,18:45,19:00,Erhardt,7,10,17
2026.02.08,19:00,19:15,Erhardt,13,7,20
2026.02.08,19:15,19:30,Erhardt,12,10,22
2026.02.08,19:30,19:45,Erhardt,11,11,22
2026.02.08,19:45,20:00,Erhardt,6,7,13
2026.02.08,20:00,20:15,Erhardt,9,6,15
2026.02.08,20:15,20:30,Erhardt,9,7,16
2026.02.08,20:30,20:45,Erhardt,5,9,14
2026.02.08,20:45,21:00,Erhardt,4,3,7
2026.02.08,21:00,21:15,Erhardt,5,5,10
2026.02.08,21:15,21:30,Erhardt,7,10,17
2026.02.08,21:30,21:45,Erhardt,9,1,10
2026.02.08,21:45,22:00,Erhardt,2,1,3
2026.02.08,22:00,22:15,Erhardt,9,7,16
2026.02.08,22:15,22:30,Erhardt,5,3,8
2026.02.08,22:30,22:45,Erhardt,9,5,14
2026.02.08,22:45,23:00,Erhardt,4,1,5
2026.02.08,23:00,23:15,Erhardt,5,5,10
2026.02.08,23:15,23:30,Erhardt,2,5,7
2026.02.08,23:30,23:45,Erhardt,0,1,1
2026.02.08,23:45,00:00,Erhardt,0,1,1
2026.02.09,00:00,00:15,Erhardt,1,1,2
2026.02.09,00:15,00:30,Erhardt,1,2,3
2026.02.09,00:30,00:45,Erhardt,1,0,1
2026.02.09,00:45,01:00,Erhardt,0,0,0
2026.02.09,01:00,01:15,Erhardt,0,1,1
2026.02.09,01:15,01:30,Erhardt,1,0,1
2026.02.09,01:30,01:45,Erhardt,1,1,2
2026.02.09,01:45,02:00,Erhardt,0,0,0
2026.02.09,02:00,02:15,Erhardt,0,0,0
2026.02.09,02:15,02:30,Erhardt,0,1,1
2026.02.09,02:30,02:45,Erhardt,0,1,1
2026.02.09,02:45,03:00,Erhardt,1,1,2
2026.02.09,03:00,03:15,Erhardt,0,0,0
2026.02.09,03:15,03:30,Erhardt,2,0,2
2026.02.09,03:30,03:45,Erhardt,0,0,0
2026.02.09,03:45,04:00,Erhardt,0,0,0
2026.02.09,04:00,04:15,Erhardt,0,2,2
2026.02.09,04:15,04:30,Erhardt,1,0,1
2026.02.09,04:30,04:45,Erhardt,3,1,4
2026.02.09,04:45,05:00,Erhardt,0,2,2
2026.02.09,05:00,05:15,Erhardt,0,0,0
2026.02.09,05:15,05:30,Erhardt,1,2,3
2026.02.09,05:30,05:45,Erhardt,4,1,5
2026.02.09,05:45,06:00,Erhardt,4,5,9
2026.02.09,06:00,06:15,Erhardt,4,7,11
2026.02.09,06:15,06:30,Erhardt,8,8,16
2026.02.09,06:30,06:45,Erhardt,6,13,19
2026.02.09,06:45,07:00,Erhardt,9,19,28
2026.02.09,07:00,07:15,Erhardt,24,22,46
2026.02.09,07:15,07:30,Erhardt,21,17,38
2026.02.09,07:30,07:45,Erhardt,29,37,66
2026.02.09,07:45,08:00,Erhardt,27,32,59
2026.02.09,08:00,08:15,Erhardt,41,55,96
2026.02.09,08:15,08:30,Erhardt,52,37,89
2026.02.09,08:30,08:45,Erhardt,55,35,90
2026.02.09,08:45,09:00,Erhardt,52,29,81
2026.02.09,09:00,09:15,Erhardt,36,30,66
2026.02.09,09:15,09:30,Erhardt,24,19,43
2026.02.09,09:30,09:45,Erhardt,12,22,34
2026.02.09,09:45,10:00,Erhardt,10,14,24
2026.02.09,10:00,10:15,Erhardt,14,12,26
2026.02.09,10:15,10:30,Erhardt,4,10,14
2026.02.09,10:30,10:45,Erhardt,12,15,27
2026.02.09,10:45,11:00,Erhardt,11,7,18
2026.02.09,11:00,11:15,Erhardt,7,11,18
2026.02.09,11:15,11:30,Erhardt,13,9,22
2026.02.09,11:30,11:45,Erhardt,10,21,31
2026.02.09,11:45,12:00,Erhardt,17,16,33
2026.02.09,12:00,12:15,Erhardt,18,11,29
2026.02.09,12:15,12:30,Erhardt,16,17,33
2026.02.09,12:30,12:45,Erhardt,20,14,34
2026.02.09,12:45,13:00,Erhardt,18,16,34
2026.02.09,13:00,13:15,Erhardt,16,11,27
2026.02.09,13:15,13:30,Erhardt,13,12,25
2026.02.09,13:30,13:45,Erhardt,25,8,33
2026.02.09,13:45,14:00,Erhardt,25,12,37
2026.02.09,14:00,14:15,Erhardt,18,15,33
2026.02.09,14:15,14:30,Erhardt,19,13,32
2026.02.09,14:30,14:45,Erhardt,21,12,33
2026.02.09,14:45,15:00,Erhardt,25,15,40
2026.02.09,15:00,15:15,Erhardt,31,11,42
2026.02.09,15:15,15:30,Erhardt,26,15,41
2026.02.09,15:30,15:45,Erhardt,23,14,37
2026.02.09,15:45,16:00,Erhardt,34,15,49
2026.02.09,16:00,16:15,Erhardt,34,24,58
2026.02.09,16:15,16:30,Erhardt,19,28,47
2026.02.09,16:30,16:45,Erhardt,31,21,52
2026.02.09,16:45,17:00,Erhardt,40,29,69
2026.02.09,17:00,17:15,Erhardt,38,31,69
2026.02.09,17:15,17:30,Erhardt,55,26,81
2026.02.09,17:30,17:45,Erhardt,26,19,45
2026.02.09,17:45,18:00,Erhardt,36,31,67
2026.02.09,18:00,18:15,Erhardt,54,21,75
2026.02.09,18:15,18:30,Erhardt,50,27,77
2026.02.09,18:30,18:45,Erhardt,51,25,76
2026.02.09,18:45,19:00,Erhardt,39,35,74
2026.02.09,19:00,19:15,Erhardt,34,14,48
2026.02.09,19:15,19:30,Erhardt,24,16,40
2026.02.09,19:30,19:45,Erhardt,20,6,26
2026.02.09,19:45,20:00,Erhardt,24,13,37
2026.02.09,20:00,20:15,Erhardt,15,13,28
2026.02.09,20:15,20:30,Erhardt,17,10,27
2026.02.09,20:30,20:45,Erhardt,5,11,16
2026.02.09,20:45,21:00,Erhardt,11,9,20
2026.02.09,21:00,21:15,Erhardt,13,13,26
2026.02.09,21:15,21:30,Erhardt,12,14,26
2026.02.09,21:30,21:45,Erhardt,9,4,13
2026.02.09,21:45,22:00,Erhardt,17,8,25
2026.02.09,22:00,22:15,Erhardt,9,10,19
2026.02.09,22:15,22:30,Erhardt,11,12,23
2026.02.09,22:30,22:45,Erhardt,7,11,18
2026.02.09,22:45,23:00,Erhardt,7,6,13
2026.02.09,23:00,23:15,Erhardt,8,1,9
2026.02.09,23:15,23:30,Erhardt,8,16,24
2026.02.09,23:30,23:45,Erhardt,3,2,5
2026.02.09,23:45,00:00,Erhardt,2,0,2
2026.02.10,00:00,00:15,Erhardt,5,2,7
2026.02.10,00:15,00:30,Erhardt,2,2,4
2026.02.10,00:30,00:45,Erhardt,0,0,0
2026.02.10,00:45,01:00,Erhardt,0,0,0
2026.02.10,01:00,01:15,Erhardt,1,0,1
2026.02.10,01:15,01:30,Erhardt,1,1,2
2026.02.10,01:30,01:45,Erhardt,0,1,1
2026.02.10,01:45,02:00,Erhardt,1,0,1
2026.02.10,02:00,02:15,Erhardt,0,0,0
2026.02.10,02:15,02:30,Erhardt,0,0,0
2026.02.10,02:30,02:45,Erhardt,0,0,0
2026.02.10,02:45,03:00,Erhardt,0,0,0
2026.02.10,03:00,03:15,Erhardt,0,0,0
2026.02.10,03:15,03:30,Erhardt,0,0,0
2026.02.10,03:30,03:45,Erhardt,0,0,0
2026.02.10,03:45,04:00,Erhardt,0,1,1
2026.02.10,04:00,04:15,Erhardt,1,0,1
2026.02.10,04:15,04:30,Erhardt,0,0,0
2026.02.10,04:30,04:45,Erhardt,0,2,2
2026.02.10,04:45,05:00,Erhardt,0,2,2
2026.02.10,05:00,05:15,Erhardt,0,0,0
2026.02.10,05:15,05:30,Erhardt,4,0,4
2026.02.10,05:30,05:45,Erhardt,1,2,3
2026.02.10,05:45,06:00,Erhardt,2,3,5
2026.02.10,06:00,06:15,Erhardt,3,6,9
2026.02.10,06:15,06:30,Erhardt,9,9,18
2026.02.10,06:30,06:45,Erhardt,3,11,14
2026.02.10,06:45,07:00,Erhardt,15,16,31
2026.02.10,07:00,07:15,Erhardt,23,19,42
2026.02.10,07:15,07:30,Erhardt,25,23,48
2026.02.10,07:30,07:45,Erhardt,33,34,67
2026.02.10,07:45,08:00,Erhardt,52,32,84
2026.02.10,08:00,08:15,Erhardt,54,34,88
2026.02.10,08:15,08:30,Erhardt,55,57,112
2026.02.10,08:30,08:45,Erhardt,61,47,108
2026.02.10,08:45,09:00,Erhardt,47,41,88
2026.02.10,09:00,09:15,Erhardt,42,36,78
2026.02.10,09:15,09:30,Erhardt,19,37,56
2026.02.10,09:30,09:45,Erhardt,18,25,43
2026.02.10,09:45,10:00,Erhardt,30,25,55
2026.02.10,10:00,10:15,Erhardt,11,19,30
2026.02.10,10:15,10:30,Erhardt,17,24,41
2026.02.10,10:30,10:45,Erhardt,18,7,25
2026.02.10,10:45,11:00,Erhardt,14,9,23
2026.02.10,11:00,11:15,Erhardt,19,20,39
2026.02.10,11:15,11:30,Erhardt,17,11,28
2026.02.10,11:30,11:45,Erhardt,16,18,34
2026.02.10,11:45,12:00,Erhardt,9,17,26
2026.02.10,12:00,12:15,Erhardt,21,17,38
2026.02.10,12:15,12:30,Erhardt,17,21,38
2026.02.10,12:30,12:45,Erhardt,22,22,44
2026.02.10,12:45,13:00,Erhardt,17,23,40
2026.02.10,13:00,13:15,Erhardt,17,11,28
2026.02.10,13:15,13:30,Erhardt,15,15,30
2026.02.10,13:30,13:45,Erhardt,19,19,38
2026.02.10,13:45,14:00,Erhardt,30,18,48
2026.02.10,14:00,14:15,Erhardt,13,20,33
2026.02.10,14:15,14:30,Erhardt,33,20,53
2026.02.10,14:30,14:45,Erhardt,14,19,33
2026.02.10,14:45,15:00,Erhardt,26,22,48
2026.02.10,15:00,15:15,Erhardt,34,27,61
2026.02.10,15:15,15:30,Erhardt,17,16,33
2026.02.10,15:30,15:45,Erhardt,33,15,48
2026.02.10,15:45,16:00,Erhardt,36,22,58
2026.02.10,16:00,16:15,Erhardt,32,14,46
2026.02.10,16:15,16:30,Erhardt,36,31,67
2026.02.10,16:30,16:45,Erhardt,34,14,48
2026.02.10,16:45,17:00,Erhardt,42,24,66
2026.02.10,17:00,17:15,Erhardt,52,23,75
2026.02.10,17:15,17:30,Erhardt,57,21,78
2026.02.10,17:30,17:45,Erhardt,40,36,76
2026.02.10,17:45,18:00,Erhardt,47,44,91
2026.02.10,18:00,18:15,Erhardt,53,29,82
2026.02.10,18:15,18:30,Erhardt,62,36,98
2026.02.10,18:30,18:45,Erhardt,47,33,80
2026.02.10,18:45,19:00,Erhardt,56,31,87
2026.02.10,19:00,19:15,Erhardt,42,17,59
2026.02.10,19:15,19:30,Erhardt,26,17,43
2026.02.10,19:30,19:45,Erhardt,31,16,47
2026.02.10,19:45,20:00,Erhardt,26,19,45
2026.02.10,20:00,20:15,Erhardt,25,19,44
2026.02.10,20:15,20:30,Erhardt,26,9,35
2026.02.10,20:30,20:45,Erhardt,19,19,38
2026.02.10,20:45,21:00,Erhardt,14,10,24
2026.02.10,21:00,21:15,Erhardt,12,13,25
2026.02.10,21:15,21:30,Erhardt,11,8,19
2026.02.10,21:30,21:45,Erhardt,14,9,23
2026.02.10,21:45,22:00,Erhardt,6,12,18
2026.02.10,22:00,22:15,Erhardt,12,4,16
2026.02.10,22:15,22:30,Erhardt,6,11,17
2026.02.10,22:30,22:45,Erhardt,11,14,25
2026.02.10,22:45,23:00,Erhardt,5,14,19
2026.02.10,23:00,23:15,Erhardt,5,4,9
2026.02.10,23:15,23:30,Erhardt,3,8,11
2026.02.10,23:30,23:45,Erhardt,4,5,9
2026.02.10,23:45,00:00,Erhardt,9,1,10
2026.02.11,00:00,00:15,Erhardt,2,0,2
2026.02.11,00:15,00:30,Erhardt,1,2,3
2026.02.11,00:30,00:45,Erhardt,0,0,0
2026.02.11,00:45,01:00,Erhardt,0,1,1
2026.02.11,01:00,01:15,Erhardt,0,1,1
2026.02.11,01:15,01:30,Erhardt,1,1,2
2026.02.11,01:30,01:45,Erhardt,0,3,3
2026.02.11,01:45,02:00,Erhardt,0,0,0
2026.02.11,02:00,02:15,Erhardt,0,1,1
2026.02.11,02:15,02:30,Erhardt,0,2,2
2026.02.11,02:30,02:45,Erhardt,0,3,3
2026.02.11,02:45,03:00,Erhardt,0,0,0
2026.02.11,03:00,03:15,Erhardt,0,1,1
2026.02.11,03:15,03:30,Erhardt,0,0,0
2026.02.11,03:30,03:45,Erhardt,0,0,0
2026.02.11,03:45,04:00,Erhardt,0,0,0
2026.02.11,04:00,04:15,Erhardt,0,0,0
2026.02.11,04:15,04:30,Erhardt,0,0,0
2026.02.11,04:30,04:45,Erhardt,0,1,1
2026.02.11,04:45,05:00,Erhardt,0,1,1
2026.02.11,05:00,05:15,Erhardt,1,1,2
2026.02.11,05:15,05:30,Erhardt,1,1,2
2026.02.11,05:30,05:45,Erhardt,3,3,6
2026.02.11,05:45,06:00,Erhardt,5,4,9
2026.02.11,06:00,06:15,Erhardt,7,6,13
2026.02.11,06:15,06:30,Erhardt,9,10,19
2026.02.11,06:30,06:45,Erhardt,4,17,21
2026.02.11,06:45,07:00,Erhardt,10,29,39
2026.02.11,07:00,07:15,Erhardt,29,49,78
2026.02.11,07:15,07:30,Erhardt,33,37,70
2026.02.11,07:30,07:45,Erhardt,70,54,124
2026.02.11,07:45,08:00,Erhardt,62,66,128
2026.02.11,08:00,08:15,Erhardt,57,72,129
2026.02.11,08:15,08:30,Erhardt,75,60,135
2026.02.11,08:30,08:45,Erhardt,85,83,168
2026.02.11,08:45,09:00,Erhardt,75,78,153
2026.02.11,09:00,09:15,Erhardt,49,55,104
2026.02.11,09:15,09:30,Erhardt,47,46,93
2026.02.11,09:30,09:45,Erhardt,54,39,93
2026.02.11,09:45,10:00,Erhardt,34,26,60
2026.02.11,10:00,10:15,Erhardt,24,30,54
2026.02.11,10:15,10:30,Erhardt,20,33,53
2026.02.11,10:30,10:45,Erhardt,14,24,38
2026.02.11,10:45,11:00,Erhardt,21,26,47
2026.02.11,11:00,11:15,Erhardt,26,26,52
2026.02.11,11:15,11:30,Erhardt,19,22,41
2026.02.11,11:30,11:45,Erhardt,25,26,51
2026.02.11,11:45,12:00,Erhardt,25,30,55
2026.02.11,12:00,12:15,Erhardt,17,29,46
2026.02.11,12:15,12:30,Erhardt,27,20,47
2026.02.11,12:30,12:45,Erhardt,23,24,47
2026.02.11,12:45,13:00,Erhardt,24,25,49
2026.02.11,13:00,13:15,Erhardt,30,24,54
2026.02.11,13:15,13:30,Erhardt,29,21,50
2026.02.11,13:30,13:45,Erhardt,47,25,72
2026.02.11,13:45,14:00,Erhardt,40,27,67
2026.02.11,14:00,14:15,Erhardt,34,20,54
2026.02.11,14:15,14:30,Erhardt,25,23,48
2026.02.11,14:30,14:45,Erhardt,40,28,68
2026.02.11,14:45,15:00,Erhardt,28,29,57
2026.02.11,15:00,15:15,Erhardt,53,27,80
2026.02.11,15:15,15:30,Erhardt,39,34,73
2026.02.11,15:30,15:45,Erhardt,36,33,69
2026.02.11,15:45,16:00,Erhardt,56,21,77
2026.02.11,16:00,16:15,Erhardt,45,32,77
2026.02.11,16:15,16:30,Erhardt,30,34,64
2026.02.11,16:30,16:45,Erhardt,53,36,89
2026.02.11,16:45,17:00,Erhardt,47,33,80
2026.02.11,17:00,17:15,Erhardt,50,44,94
2026.02.11,17:15,17:30,Erhardt,69,45,114
2026.02.11,17:30,17:45,Erhardt,70,45,115
2026.02.11,17:45,18:00,Erhardt,68,43,111
2026.02.11,18:00,18:15,Erhardt,84,38,122
2026.02.11,18:15,18:30,Erhardt,72,55,127
2026.02.11,18:30,18:45,Erhardt,71,44,115
2026.02.11,18:45,19:00,Erhardt,58,49,107
2026.02.11,19:00,19:15,Erhardt,59,25,84
2026.02.11,19:15,19:30,Erhardt,58,29,87
2026.02.11,19:30,19:45,Erhardt,50,41,91
2026.02.11,19:45,20:00,Erhardt,43,33,76
2026.02.11,20:00,20:15,Erhardt,35,23,58
2026.02.11,20:15,20:30,Erhardt,28,30,58
2026.02.11,20:30,20:45,Erhardt,20,25,45
2026.02.11,20:45,21:00,Erhardt,26,15,41
2026.02.11,21:00,21:15,Erhardt,21,19,40
2026.02.11,21:15,21:30,Erhardt,21,15,36
2026.02.11,21:30,21:45,Erhardt,28,15,43
2026.02.11,21:45,22:00,Erhardt,21,13,34
2026.02.11,22:00,22:15,Erhardt,26,14,40
2026.02.11,22:15,22:30,Erhardt,22,21,43
2026.02.11,22:30,22:45,Erhardt,13,26,39
2026.02.11,22:45,23:00,Erhardt,10,10,20
2026.02.11,23:00,23:15,Erhardt,7,15,22
2026.02.11,23:15,23:30,Erhardt,17,13,30
2026.02.11,23:30,23:45,Erhardt,17,5,22
2026.02.11,23:45,00:00,Erhardt,15,5,20
2026.02.12,00:00,00:15,Erhardt,9,7,16
2026.02.12,00:15,00:30,Erhardt,6,3,9
2026.02.12,00:30,00:45,Erhardt,4,4,8
2026.02.12,00:45,01:00,Erhardt,3,1,4
2026.02.12,01:00,01:15,Erhardt,0,0,0
2026.02.12,01:15,01:30,Erhardt,2,2,4
2026.02.12,01:30,01:45,Erhardt,2,1,3
2026.02.12,01:45,02:00,Erhardt,1,0,1
2026.02.12,02:00,02:15,Erhardt,2,1,3
2026.02.12,02:15,02:30,Erhardt,1,0,1
2026.02.12,02:30,02:45,Erhardt,1,0,1
2026.02.12,02:45,03:00,Erhardt,0,0,0
2026.02.12,03:00,03:15,Erhardt,0,0,0
2026.02.12,03:15,03:30,Erhardt,0,1,1
2026.02.12,03:30,03:45,Erhardt,0,1,1
2026.02.12,03:45,04:00,Erhardt,0,0,0
2026.02.12,04:00,04:15,Erhardt,0,0,0
2026.02.12,04:15,04:30,Erhardt,0,0,0
2026.02.12,04:30,04:45,Erhardt,0,0,0
2026.02.12,04:45,05:00,Erhardt,0,1,1
2026.02.12,05:00,05:15,Erhardt,1,0,1
2026.02.12,05:15,05:30,Erhardt,0,1,1
2026.02.12,05:30,05:45,Erhardt,4,3,7
2026.02.12,05:45,06:00,Erhardt,4,1,5
2026.02.12,06:00,06:15,Erhardt,3,4,7
2026.02.12,06:15,06:30,Erhardt,6,3,9
2026.02.12,06:30,06:45,Erhardt,6,12,18
2026.02.12,06:45,07:00,Erhardt,9,11,20
2026.02.12,07:00,07:15,Erhardt,14,15,29
2026.02.12,07:15,07:30,Erhardt,10,16,26
2026.02.12,07:30,07:45,Erhardt,28,28,56
2026.02.12,07:45,08:00,Erhardt,35,43,78
2026.02.12,08:00,08:15,Erhardt,36,40,76
2026.02.12,08:15,08:30,Erhardt,50,54,104
2026.02.12,08:30,08:45,Erhardt,50,41,91
2026.02.12,08:45,09:00,Erhardt,43,40,83
2026.02.12,09:00,09:15,Erhardt,34,27,61
2026.02.12,09:15,09:30,Erhardt,26,26,52
2026.02.12,09:30,09:45,Erhardt,25,30,55
2026.02.12,09:45,10:00,Erhardt,21,23,44
2026.02.12,10:00,10:15,Erhardt,13,13,26
2026.02.12,10:15,10:30,Erhardt,15,9,24
2026.02.12,10:30,10:45,Erhardt,12,13,25
2026.02.12,10:45,11:00,Erhardt,17,20,37
2026.02.12,11:00,11:15,Erhardt,23,14,37
2026.02.12,11:15,11:30,Erhardt,10,9,19
2026.02.12,11:30,11:45,Erhardt,14,23,37
2026.02.12,11:45,12:00,Erhardt,16,16,32
2026.02.12,12:00,12:15,Erhardt,12,16,28
2026.02.12,12:15,12:30,Erhardt,27,6,33
2026.02.12,12:30,12:45,Erhardt,21,13,34
2026.02.12,12:45,13:00,Erhardt,22,20,42
2026.02.12,13:00,13:15,Erhardt,15,18,33
2026.02.12,13:15,13:30,Erhardt,16,13,29
2026.02.12,13:30,13:45,Erhardt,18,12,30
2026.02.12,13:45,14:00,Erhardt,19,12,31
2026.02.12,14:00,14:15,Erhardt,16,16,32
2026.02.12,14:15,14:30,Erhardt,17,12,29
2026.02.12,14:30,14:45,Erhardt,14,26,40
2026.02.12,14:45,15:00,Erhardt,25,14,39
2026.02.12,15:00,15:15,Erhardt,19,19,38
2026.02.12,15:15,15:30,Erhardt,10,12,22
2026.02.12,15:30,15:45,Erhardt,25,10,35
2026.02.12,15:45,16:00,Erhardt,26,10,36
2026.02.12,16:00,16:15,Erhardt,20,16,36
2026.02.12,16:15,16:30,Erhardt,25,14,39
2026.02.12,16:30,16:45,Erhardt,14,9,23
2026.02.12,16:45,17:00,Erhardt,37,21,58
2026.02.12,17:00,17:15,Erhardt,29,18,47
2026.02.12,17:15,17:30,Erhardt,30,26,56
2026.02.12,17:30,17:45,Erhardt,30,27,57
2026.02.12,17:45,18:00,Erhardt,34,34,68
2026.02.12,18:00,18:15,Erhardt,46,34,80
2026.02.12,18:15,18:30,Erhardt,45,27,72
2026.02.12,18:30,18:45,Erhardt,20,26,46
2026.02.12,18:45,19:00,Erhardt,35,16,51
2026.02.12,19:00,19:15,Erhardt,24,19,43
2026.02.12,19:15,19:30,Erhardt,31,13,44
2026.02.12,19:30,19:45,Erhardt,25,18,43
2026.02.12,19:45,20:00,Erhardt,21,13,34
2026.02.12,20:00,20:15,Erhardt,13,19,32
2026.02.12,20:15,20:30,Erhardt,13,12,25
2026.02.12,20:30,20:45,Erhardt,13,8,21
2026.02.12,20:45,21:00,Erhardt,8,13,21
2026.02.12,21:00,21:15,Erhardt,12,9,21
2026.02.12,21:15,21:30,Erhardt,15,4,19
2026.02.12,21:30,21:45,Erhardt,16,7,23
2026.02.12,21:45,22:00,Erhardt,14,19,33
2026.02.12,22:00,22:15,Erhardt,6,3,9
2026.02.12,22:15,22:30,Erhardt,8,6,14
2026.02.12,22:30,22:45,Erhardt,5,8,13
2026.02.12,22:45,23:00,Erhardt,11,3,14
2026.02.12,23:00,23:15,Erhardt,5,7,12
2026.02.12,23:15,23:30,Erhardt,8,7,15
2026.02.12,23:30,23:45,Erhardt,5,10,15
2026.02.12,23:45,00:00,Erhardt,5,1,6
2026.02.13,00:00,00:15,Erhardt,2,1,3
2026.02.13,00:15,00:30,Erhardt,4,2,6
2026.02.13,00:30,00:45,Erhardt,3,0,3
2026.02.13,00:45,01:00,Erhardt,1,1,2
2026.02.13,01:00,01:15,Erhardt,0,1,1
2026.02.13,01:15,01:30,Erhardt,4,0,4
2026.02.13,01:30,01:45,Erhardt,3,1,4
2026.02.13,01:45,02:00,Erhardt,0,1,1
2026.02.13,02:00,02:15,Erhardt,1,0,1
2026.02.13,02:15,02:30,Erhardt,0,1,1
2026.02.13,02:30,02:45,Erhardt,0,0,0
2026.02.13,02:45,03:00,Erhardt,0,0,0
2026.02.13,03:00,03:15,Erhardt,1,1,2
2026.02.13,03:15,03:30,Erhardt,1,0,1
2026.02.13,03:30,03:45,Erhardt,2,1,3
2026.02.13,03:45,04:00,Erhardt,0,0,0
2026.02.13,04:00,04:15,Erhardt,0,0,0
2026.02.13,04:15,04:30,Erhardt,0,0,0
2026.02.13,04:30,04:45,Erhardt,1,1,2
2026.02.13,04:45,05:00,Erhardt,0,0,0
2026.02.13,05:00,05:15,Erhardt,0,0,0
2026.02.13,05:15,05:30,Erhardt,0,1,1
2026.02.13,05:30,05:45,Erhardt,4,1,5
2026.02.13,05:45,06:00,Erhardt,3,3,6
2026.02.13,06:00,06:15,Erhardt,2,4,6
2026.02.13,06:15,06:30,Erhardt,8,3,11
2026.02.13,06:30,06:45,Erhardt,3,8,11
2026.02.13,06:45,07:00,Erhardt,10,7,17
2026.02.13,07:00,07:15,Erhardt,12,12,24
2026.02.13,07:15,07:30,Erhardt,17,12,29
2026.02.13,07:30,07:45,Erhardt,13,11,24
2026.02.13,07:45,08:00,Erhardt,33,45,78
2026.02.13,08:00,08:15,Erhardt,37,33,70
2026.02.13,08:15,08:30,Erhardt,31,25,56
2026.02.13,08:30,08:45,Erhardt,42,33,75
2026.02.13,08:45,09:00,Erhardt,27,23,50
2026.02.13,09:00,09:15,Erhardt,28,25,53
2026.02.13,09:15,09:30,Erhardt,23,15,38
2026.02.13,09:30,09:45,Erhardt,25,20,45
2026.02.13,09:45,10:00,Erhardt,17,30,47
2026.02.13,10:00,10:15,Erhardt,10,10,20
2026.02.13,10:15,10:30,Erhardt,11,13,24
2026.02.13,10:30,10:45,Erhardt,13,12,25
2026.02.13,10:45,11:00,Erhardt,21,15,36
2026.02.13,11:00,11:15,Erhardt,14,15,29
2026.02.13,11:15,11:30,Erhardt,17,13,30
2026.02.13,11:30,11:45,Erhardt,14,13,27
2026.02.13,11:45,12:00,Erhardt,14,23,37
2026.02.13,12:00,12:15,Erhardt,20,22,42
2026.02.13,12:15,12:30,Erhardt,23,18,41
2026.02.13,12:30,12:45,Erhardt,20,19,39
2026.02.13,12:45,13:00,Erhardt,21,22,43
2026.02.13,13:00,13:15,Erhardt,20,25,45
2026.02.13,13:15,13:30,Erhardt,22,21,43
2026.02.13,13:30,13:45,Erhardt,22,14,36
2026.02.13,13:45,14:00,Erhardt,23,22,45
2026.02.13,14:00,14:15,Erhardt,27,14,41
2026.02.13,14:15,14:30,Erhardt,21,11,32
2026.02.13,14:30,14:45,Erhardt,25,8,33
2026.02.13,14:45,15:00,Erhardt,26,24,50
2026.02.13,15:00,15:15,Erhardt,23,15,38
2026.02.13,15:15,15:30,Erhardt,33,18,51
2026.02.13,15:30,15:45,Erhardt,26,27,53
2026.02.13,15:45,16:00,Erhardt,24,28,52
2026.02.13,16:00,16:15,Erhardt,37,23,60
2026.02.13,16:15,16:30,Erhardt,24,27,51
2026.02.13,16:30,16:45,Erhardt,23,38,61
2026.02.13,16:45,17:00,Erhardt,35,35,70
2026.02.13,17:00,17:15,Erhardt,24,34,58
2026.02.13,17:15,17:30,Erhardt,40,33,73
2026.02.13,17:30,17:45,Erhardt,23,31,54
2026.02.13,17:45,18:00,Erhardt,38,27,65
2026.02.13,18:00,18:15,Erhardt,28,23,51
2026.02.13,18:15,18:30,Erhardt,22,26,48
2026.02.13,18:30,18:45,Erhardt,35,18,53
2026.02.13,18:45,19:00,Erhardt,37,17,54
2026.02.13,19:00,19:15,Erhardt,29,17,46
2026.02.13,19:15,19:30,Erhardt,25,23,48
2026.02.13,19:30,19:45,Erhardt,21,7,28
2026.02.13,19:45,20:00,Erhardt,24,19,43
2026.02.13,20:00,20:15,Erhardt,19,21,40
2026.02.13,20:15,20:30,Erhardt,13,11,24
2026.02.13,20:30,20:45,Erhardt,7,9,16
2026.02.13,20:45,21:00,Erhardt,17,10,27
2026.02.13,21:00,21:15,Erhardt,6,6,12
2026.02.13,21:15,21:30,Erhardt,6,9,15
2026.02.13,21:30,21:45,Erhardt,8,9,17
2026.02.13,21:45,22:00,Erhardt,6,11,17
2026.02.13,22:00,22:15,Erhardt,7,5,12
2026.02.13,22:15,22:30,Erhardt,9,1,10
2026.02.13,22:30,22:45,Erhardt,6,8,14
2026.02.13,22:45,23:00,Erhardt,7,8,15
2026.02.13,23:00,23:15,Erhardt,7,7,14
2026.02.13,23:15,23:30,Erhardt,9,8,17
2026.02.13,23:30,23:45,Erhardt,3,7,10
2026.02.13,23:45,00:00,Erhardt,6,3,9
2026.02.14,00:00,00:15,Erhardt,4,9,13
2026.02.14,00:15,00:30,Erhardt,5,6,11
2026.02.14,00:30,00:45,Erhardt,2,3,5
2026.02.14,00:45,01:00,Erhardt,4,1,5
2026.02.14,01:00,01:15,Erhardt,3,5,8
2026.02.14,01:15,01:30,Erhardt,4,1,5
2026.02.14,01:30,01:45,Erhardt,1,0,1
2026.02.14,01:45,02:00,Erhardt,2,0,2
2026.02.14,02:00,02:15,Erhardt,2,3,5
2026.02.14,02:15,02:30,Erhardt,1,2,3
2026.02.14,02:30,02:45,Erhardt,1,0,1
2026.02.14,02:45,03:00,Erhardt,0,0,0
2026.02.14,03:00,03:15,Erhardt,5,1,6
2026.02.14,03:15,03:30,Erhardt,0,1,1
2026.02.14,03:30,03:45,Erhardt,2,0,2
2026.02.14,03:45,04:00,Erhardt,0,0,0
2026.02.14,04:00,04:15,Erhardt,3,1,4
2026.02.14,04:15,04:30,Erhardt,0,0,0
2026.02.14,04:30,04:45,Erhardt,0,1,1
2026.02.14,04:45,05:00,Erhardt,2,1,3
2026.02.14,05:00,05:15,Erhardt,2,3,5
2026.02.14,05:15,05:30,Erhardt,0,0,0
2026.02.14,05:30,05:45,Erhardt,3,1,4
2026.02.14,05:45,06:00,Erhardt,3,2,5
2026.02.14,06:00,06:15,Erhardt,0,2,2
2026.02.14,06:15,06:30,Erhardt,0,1,1
2026.02.14,06:30,06:45,Erhardt,0,0,0
2026.02.14,06:45,07:00,Erhardt,2,1,3
2026.02.14,07:00,07:15,Erhardt,1,3,4
2026.02.14,07:15,07:30,Erhardt,0,0,0
2026.02.14,07:30,07:45,Erhardt,4,2,6
2026.02.14,07:45,08:00,Erhardt,4,3,7
2026.02.14,08:00,08:15,Erhardt,2,3,5
2026.02.14,08:15,08:30,Erhardt,6,4,10
2026.02.14,08:30,08:45,Erhardt,6,2,8
2026.02.14,08:45,09:00,Erhardt,7,12,19
2026.02.14,09:00,09:15,Erhardt,3,7,10
2026.02.14,09:15,09:30,Erhardt,5,7,12
2026.02.14,09:30,09:45,Erhardt,5,11,16
2026.02.14,09:45,10:00,Erhardt,14,15,29
2026.02.14,10:00,10:15,Erhardt,7,13,20
2026.02.14,10:15,10:30,Erhardt,11,9,20
2026.02.14,10:30,10:45,Erhardt,12,5,17
2026.02.14,10:45,11:00,Erhardt,16,14,30
2026.02.14,11:00,11:15,Erhardt,14,18,32
2026.02.14,11:15,11:30,Erhardt,11,17,28
2026.02.14,11:30,11:45,Erhardt,16,12,28
2026.02.14,11:45,12:00,Erhardt,13,24,37
2026.02.14,12:00,12:15,Erhardt,7,6,13
2026.02.14,12:15,12:30,Erhardt,17,9,26
2026.02.14,12:30,12:45,Erhardt,14,13,27
2026.02.14,12:45,13:00,Erhardt,22,17,39
2026.02.14,13:00,13:15,Erhardt,19,24,43
2026.02.14,13:15,13:30,Erhardt,11,14,25
2026.02.14,13:30,13:45,Erhardt,16,12,28
2026.02.14,13:45,14:00,Erhardt,23,17,40
2026.02.14,14:00,14:15,Erhardt,14,19,33
2026.02.14,14:15,14:30,Erhardt,19,15,34
2026.02.14,14:30,14:45,Erhardt,16,25,41
2026.02.14,14:45,15:00,Erhardt,12,23,35
2026.02.14,15:00,15:15,Erhardt,3,17,20
2026.02.14,15:15,15:30,Erhardt,14,15,29
2026.02.14,15:30,15:45,Erhardt,7,13,20
2026.02.14,15:45,16:00,Erhardt,12,2,14
2026.02.14,16:00,16:15,Erhardt,15,6,21
2026.02.14,16:15,16:30,Erhardt,13,11,24
2026.02.14,16:30,16:45,Erhardt,6,6,12
2026.02.14,16:45,17:00,Erhardt,13,12,25
2026.02.14,17:00,17:15,Erhardt,4,5,9
2026.02.14,17:15,17:30,Erhardt,13,5,18
2026.02.14,17:30,17:45,Erhardt,9,10,19
2026.02.14,17:45,18:00,Erhardt,7,7,14
2026.02.14,18:00,18:15,Erhardt,6,9,15
2026.02.14,18:15,18:30,Erhardt,7,12,19
2026.02.14,18:30,18:45,Erhardt,1,7,8
2026.02.14,18:45,19:00,Erhardt,7,3,10
2026.02.14,19:00,19:15,Erhardt,1,9,10
2026.02.14,19:15,19:30,Erhardt,5,6,11
2026.02.14,19:30,19:45,Erhardt,2,10,12
2026.02.14,19:45,20:00,Erhardt,2,2,4
2026.02.14,20:00,20:15,Erhardt,6,2,8
2026.02.14,20:15,20:30,Erhardt,2,7,9
2026.02.14,20:30,20:45,Erhardt,2,3,5
2026.02.14,20:45,21:00,Erhardt,2,4,6
2026.02.14,21:00,21:15,Erhardt,2,3,5
2026.02.14,21:15,21:30,Erhardt,1,2,3
2026.02.14,21:30,21:45,Erhardt,4,6,10
2026.02.14,21:45,22:00,Erhardt,0,2,2
2026.02.14,22:00,22:15,Erhardt,3,5,8
2026.02.14,22:15,22:30,Erhardt,4,4,8
2026.02.14,22:30,22:45,Erhardt,2,2,4
2026.02.14,22:45,23:00,Erhardt,1,2,3
2026.02.14,23:00,23:15,Erhardt,1,4,5
2026.02.14,23:15,23:30,Erhardt,4,2,6
2026.02.14,23:30,23:45,Erhardt,2,1,3
2026.02.14,23:45,00:00,Erhardt,1,1,2
2026.02.15,00:00,00:15,Erhardt,1,1,2
2026.02.15,00:15,00:30,Erhardt,2,3,5
2026.02.15,00:30,00:45,Erhardt,3,1,4
2026.02.15,00:45,01:00,Erhardt,2,0,2
2026.02.15,01:00,01:15,Erhardt,0,2,2
2026.02.15,01:15,01:30,Erhardt,1,1,2
2026.02.15,01:30,01:45,Erhardt,0,0,0
2026.02.15,01:45,02:00,Erhardt,1,1,2
2026.02.15,02:00,02:15,Erhardt,1,2,3
2026.02.15,02:15,02:30,Erhardt,0,0,0
2026.02.15,02:30,02:45,Erhardt,0,1,1
2026.02.15,02:45,03:00,Erhardt,1,1,2
2026.02.15,03:00,03:15,Erhardt,0,1,1
2026.02.15,03:15,03:30,Erhardt,0,0,0
2026.02.15,03:30,03:45,Erhardt,0,0,0
2026.02.15,03:45,04:00,Erhardt,1,0,1
2026.02.15,04:00,04:15,Erhardt,0,0,0
2026.02.15,04:15,04:30,Erhardt,0,1,1
2026.02.15,04:30,04:45,Erhardt,0,1,1
2026.02.15,04:45,05:00,Erhardt,0,0,0
2026.02.15,05:00,05:15,Erhardt,0,1,1
2026.02.15,05:15,05:30,Erhardt,0,0,0
2026.02.15,05:30,05:45,Erhardt,1,0,1
2026.02.15,05:45,06:00,Erhardt,1,1,2
2026.02.15,06:00,06:15,Erhardt,0,0,0
2026.02.15,06:15,06:30,Erhardt,0,0,0
2026.02.15,06:30,06:45,Erhardt,0,0,0
2026.02.15,06:45,07:00,Erhardt,1,2,3
2026.02.15,07:00,07:15,Erhardt,0,0,0
2026.02.15,07:15,07:30,Erhardt,2,0,2
2026.02.15,07:30,07:45,Erhardt,3,0,3
2026.02.15,07:45,08:00,Erhardt,0,0,0
2026.02.15,08:00,08:15,Erhardt,1,2,3
2026.02.15,08:15,08:30,Erhardt,3,1,4
2026.02.15,08:30,08:45,Erhardt,3,0,3
2026.02.15,08:45,09:00,Erhardt,0,3,3
2026.02.15,09:00,09:15,Erhardt,6,1,7
2026.02.15,09:15,09:30,Erhardt,3,6,9
2026.02.15,09:30,09:45,Erhardt,4,1,5
2026.02.15,09:45,10:00,Erhardt,4,2,6
2026.02.15,10:00,10:15,Erhardt,5,0,5
2026.02.15,10:15,10:30,Erhardt,3,9,12
2026.02.15,10:30,10:45,Erhardt,3,8,11
2026.02.15,10:45,11:00,Erhardt,2,6,8
2026.02.15,11:00,11:15,Erhardt,4,2,6
2026.02.15,11:15,11:30,Erhardt,1,3,4
2026.02.15,11:30,11:45,Erhardt,4,4,8
2026.02.15,11:45,12:00,Erhardt,4,7,11
2026.02.15,12:00,12:15,Erhardt,6,4,10
2026.02.15,12:15,12:30,Erhardt,2,5,7
2026.02.15,12:30,12:45,Erhardt,3,10,13
2026.02.15,12:45,13:00,Erhardt,7,6,13
2026.02.15,13:00,13:15,Erhardt,6,9,15
2026.02.15,13:15,13:30,Erhardt,5,12,17
2026.02.15,13:30,13:45,Erhardt,3,8,11
2026.02.15,13:45,14:00,Erhardt,14,10,24
2026.02.15,14:00,14:15,Erhardt,5,7,12
2026.02.15,14:15,14:30,Erhardt,8,16,24
2026.02.15,14:30,14:45,Erhardt,6,11,17
2026.02.15,14:45,15:00,Erhardt,9,11,20
2026.02.15,15:00,15:15,Erhardt,7,10,17
2026.02.15,15:15,15:30,Erhardt,15,10,25
2026.02.15,15:30,15:45,Erhardt,8,9,17
2026.02.15,15:45,16:00,Erhardt,3,10,13
2026.02.15,16:00,16:15,Erhardt,10,8,18
2026.02.15,16:15,16:30,Erhardt,7,4,11
2026.02.15,16:30,16:45,Erhardt,12,11,23
2026.02.15,16:45,17:00,Erhardt,11,5,16
2026.02.15,17:00,17:15,Erhardt,12,6,18
2026.02.15,17:15,17:30,Erhardt,8,12,20
2026.02.15,17:30,17:45,Erhardt,10,13,23
2026.02.15,17:45,18:00,Erhardt,14,10,24
2026.02.15,18:00,18:15,Erhardt,6,11,17
2026.02.15,18:15,18:30,Erhardt,8,4,12
2026.02.15,18:30,18:45,Erhardt,5,8,13
2026.02.15,18:45,19:00,Erhardt,6,9,15
2026.02.15,19:00,19:15,Erhardt,11,13,24
2026.02.15,19:15,19:30,Erhardt,7,10,17
2026.02.15,19:30,19:45,Erhardt,7,4,11
2026.02.15,19:45,20:00,Erhardt,2,3,5
2026.02.15,20:00,20:15,Erhardt,7,5,12
2026.02.15,20:15,20:30,Erhardt,10,4,14
2026.02.15,20:30,20:45,Erhardt,7,2,9
2026.02.15,20:45,21:00,Erhardt,8,8,16
2026.02.15,21:00,21:15,Erhardt,5,5,10
2026.02.15,21:15,21:30,Erhardt,10,3,13
2026.02.15,21:30,21:45,Erhardt,1,4,5
2026.02.15,21:45,22:00,Erhardt,1,2,3
2026.02.15,22:00,22:15,Erhardt,7,0,7
2026.02.15,22:15,22:30,Erhardt,1,1,2
2026.02.15,22:30,22:45,Erhardt,2,3,5
2026.02.15,22:45,23:00,Erhardt,1,2,3
2026.02.15,23:00,23:15,Erhardt,1,1,2
2026.02.15,23:15,23:30,Erhardt,2,0,2
2026.02.15,23:30,23:45,Erhardt,0,0,0
2026.02.15,23:45,00:00,Erhardt,1,0,1
2026.02.16,00:00,00:15,Erhardt,0,2,2
2026.02.16,00:15,00:30,Erhardt,1,1,2
2026.02.16,00:30,00:45,Erhardt,0,0,0
2026.02.16,00:45,01:00,Erhardt,1,0,1
2026.02.16,01:00,01:15,Erhardt,0,0,0
2026.02.16,01:15,01:30,Erhardt,0,0,0
2026.02.16,01:30,01:45,Erhardt,0,0,0
2026.02.16,01:45,02:00,Erhardt,0,0,0
2026.02.16,02:00,02:15,Erhardt,0,0,0
2026.02.16,02:15,02:30,Erhardt,0,0,0
2026.02.16,02:30,02:45,Erhardt,0,0,0
2026.02.16,02:45,03:00,Erhardt,0,1,1
2026.02.16,03:00,03:15,Erhardt,0,0,0
2026.02.16,03:15,03:30,Erhardt,0,0,0
2026.02.16,03:30,03:45,Erhardt,0,0,0
2026.02.16,03:45,04:00,Erhardt,0,0,0
2026.02.16,04:00,04:15,Erhardt,0,0,0
2026.02.16,04:15,04:30,Erhardt,0,0,0
2026.02.16,04:30,04:45,Erhardt,0,0,0
2026.02.16,04:45,05:00,Erhardt,5,4,9
2026.02.16,05:00,05:15,Erhardt,1,1,2
2026.02.16,05:15,05:30,Erhardt,0,1,1
2026.02.16,05:30,05:45,Erhardt,0,4,4
2026.02.16,05:45,06:00,Erhardt,2,5,7
2026.02.16,06:00,06:15,Erhardt,0,1,1
2026.02.16,06:15,06:30,Erhardt,3,4,7
2026.02.16,06:30,06:45,Erhardt,2,11,13
2026.02.16,06:45,07:00,Erhardt,0,6,6
2026.02.16,07:00,07:15,Erhardt,3,10,13
2026.02.16,07:15,07:30,Erhardt,3,14,17
2026.02.16,07:30,07:45,Erhardt,7,17,24
2026.02.16,07:45,08:00,Erhardt,12,21,33
2026.02.16,08:00,08:15,Erhardt,12,19,31
2026.02.16,08:15,08:30,Erhardt,18,29,47
2026.02.16,08:30,08:45,Erhardt,15,23,38
2026.02.16,08:45,09:00,Erhardt,24,33,57
2026.02.16,09:00,09:15,Erhardt,23,15,38
2026.02.16,09:15,09:30,Erhardt,14,18,32
2026.02.16,09:30,09:45,Erhardt,9,13,22
2026.02.16,09:45,10:00,Erhardt,6,14,20
2026.02.16,10:00,10:15,Erhardt,7,14,21
2026.02.16,10:15,10:30,Erhardt,10,6,16
2026.02.16,10:30,10:45,Erhardt,5,4,9
2026.02.16,10:45,11:00,Erhardt,3,11,14
2026.02.16,11:00,11:15,Erhardt,7,10,17
2026.02.16,11:15,11:30,Erhardt,11,7,18
2026.02.16,11:30,11:45,Erhardt,7,16,23
2026.02.16,11:45,12:00,Erhardt,8,18,26
2026.02.16,12:00,12:15,Erhardt,6,16,22
2026.02.16,12:15,12:30,Erhardt,12,9,21
2026.02.16,12:30,12:45,Erhardt,12,9,21
2026.02.16,12:45,13:00,Erhardt,13,8,21
2026.02.16,13:00,13:15,Erhardt,9,9,18
2026.02.16,13:15,13:30,Erhardt,15,12,27
2026.02.16,13:30,13:45,Erhardt,6,10,16
2026.02.16,13:45,14:00,Erhardt,16,11,27
2026.02.16,14:00,14:15,Erhardt,12,10,22
2026.02.16,14:15,14:30,Erhardt,18,9,27
2026.02.16,14:30,14:45,Erhardt,13,13,26
2026.02.16,14:45,15:00,Erhardt,25,13,38
2026.02.16,15:00,15:15,Erhardt,12,18,30
2026.02.16,15:15,15:30,Erhardt,11,23,34
2026.02.16,15:30,15:45,Erhardt,21,12,33
2026.02.16,15:45,16:00,Erhardt,17,23,40
2026.02.16,16:00,16:15,Erhardt,30,15,45
2026.02.16,16:15,16:30,Erhardt,15,23,38
2026.02.16,16:30,16:45,Erhardt,16,16,32
2026.02.16,16:45,17:00,Erhardt,19,25,44
2026.02.16,17:00,17:15,Erhardt,18,12,30
2026.02.16,17:15,17:30,Erhardt,19,23,42
2026.02.16,17:30,17:45,Erhardt,26,18,44
2026.02.16,17:45,18:00,Erhardt,26,17,43
2026.02.16,18:00,18:15,Erhardt,22,18,40
2026.02.16,18:15,18:30,Erhardt,23,20,43
2026.02.16,18:30,18:45,Erhardt,29,10,39
2026.02.16,18:45,19:00,Erhardt,17,9,26
2026.02.16,19:00,19:15,Erhardt,16,13,29
2026.02.16,19:15,19:30,Erhardt,21,8,29
2026.02.16,19:30,19:45,Erhardt,6,7,13
2026.02.16,19:45,20:00,Erhardt,9,3,12
2026.02.16,20:00,20:15,Erhardt,14,9,23
2026.02.16,20:15,20:30,Erhardt,12,7,19
2026.02.16,20:30,20:45,Erhardt,12,8,20
2026.02.16,20:45,21:00,Erhardt,7,4,11
2026.02.16,21:00,21:15,Erhardt,7,6,13
2026.02.16,21:15,21:30,Erhardt,6,7,13
2026.02.16,21:30,21:45,Erhardt,2,2,4
2026.02.16,21:45,22:00,Erhardt,5,4,9
2026.02.16,22:00,22:15,Erhardt,4,4,8
2026.02.16,22:15,22:30,Erhardt,4,3,7
2026.02.16,22:30,22:45,Erhardt,8,2,10
2026.02.16,22:45,23:00,Erhardt,3,3,6
2026.02.16,23:00,23:15,Erhardt,3,0,3
2026.02.16,23:15,23:30,Erhardt,1,5,6
2026.02.16,23:30,23:45,Erhardt,2,0,2
2026.02.16,23:45,00:00,Erhardt,2,1,3
2026.02.17,00:00,00:15,Erhardt,0,3,3
2026.02.17,00:15,00:30,Erhardt,0,1,1
2026.02.17,00:30,00:45,Erhardt,1,0,1
2026.02.17,00:45,01:00,Erhardt,1,1,2
2026.02.17,01:00,01:15,Erhardt,0,1,1
2026.02.17,01:15,01:30,Erhardt,0,0,0
2026.02.17,01:30,01:45,Erhardt,1,1,2
2026.02.17,01:45,02:00,Erhardt,0,0,0
2026.02.17,02:00,02:15,Erhardt,0,0,0
2026.02.17,02:15,02:30,Erhardt,1,0,1
2026.02.17,02:30,02:45,Erhardt,0,0,0
2026.02.17,02:45,03:00,Erhardt,0,0,0
2026.02.17,03:00,03:15,Erhardt,1,0,1
2026.02.17,03:15,03:30,Erhardt,0,0,0
2026.02.17,03:30,03:45,Erhardt,0,1,1
2026.02.17,03:45,04:00,Erhardt,0,1,1
2026.02.17,04:00,04:15,Erhardt,1,0,1
2026.02.17,04:15,04:30,Erhardt,0,0,0
2026.02.17,04:30,04:45,Erhardt,0,0,0
2026.02.17,04:45,05:00,Erhardt,1,0,1
2026.02.17,05:00,05:15,Erhardt,0,0,0
2026.02.17,05:15,05:30,Erhardt,0,2,2
2026.02.17,05:30,05:45,Erhardt,3,5,8
2026.02.17,05:45,06:00,Erhardt,2,1,3
2026.02.17,06:00,06:15,Erhardt,3,3,6
2026.02.17,06:15,06:30,Erhardt,0,5,5
2026.02.17,06:30,06:45,Erhardt,5,6,11
2026.02.17,06:45,07:00,Erhardt,7,11,18
2026.02.17,07:00,07:15,Erhardt,9,4,13
2026.02.17,07:15,07:30,Erhardt,9,10,19
2026.02.17,07:30,07:45,Erhardt,15,18,33
2026.02.17,07:45,08:00,Erhardt,22,19,41
2026.02.17,08:00,08:15,Erhardt,31,15,46
2026.02.17,08:15,08:30,Erhardt,23,25,48
2026.02.17,08:30,08:45,Erhardt,41,22,63
2026.02.17,08:45,09:00,Erhardt,31,28,59
2026.02.17,09:00,09:15,Erhardt,20,10,30
2026.02.17,09:15,09:30,Erhardt,17,18,35
2026.02.17,09:30,09:45,Erhardt,12,17,29
2026.02.17,09:45,10:00,Erhardt,17,9,26
2026.02.17,10:00,10:15,Erhardt,15,6,21
2026.02.17,10:15,10:30,Erhardt,11,17,28
2026.02.17,10:30,10:45,Erhardt,10,13,23
2026.02.17,10:45,11:00,Erhardt,14,15,29
2026.02.17,11:00,11:15,Erhardt,10,11,21
2026.02.17,11:15,11:30,Erhardt,11,11,22
2026.02.17,11:30,11:45,Erhardt,11,20,31
2026.02.17,11:45,12:00,Erhardt,13,14,27
2026.02.17,12:00,12:15,Erhardt,23,6,29
2026.02.17,12:15,12:30,Erhardt,13,16,29
2026.02.17,12:30,12:45,Erhardt,10,17,27
2026.02.17,12:45,13:00,Erhardt,12,9,21
2026.02.17,13:00,13:15,Erhardt,24,10,34
2026.02.17,13:15,13:30,Erhardt,7,10,17
2026.02.17,13:30,13:45,Erhardt,19,10,29
2026.02.17,13:45,14:00,Erhardt,14,6,20
2026.02.17,14:00,14:15,Erhardt,14,16,30
2026.02.17,14:15,14:30,Erhardt,20,14,34
2026.02.17,14:30,14:45,Erhardt,14,7,21
2026.02.17,14:45,15:00,Erhardt,12,15,27
2026.02.17,15:00,15:15,Erhardt,13,9,22
2026.02.17,15:15,15:30,Erhardt,19,12,31
2026.02.17,15:30,15:45,Erhardt,22,9,31
2026.02.17,15:45,16:00,Erhardt,22,11,33
2026.02.17,16:00,16:15,Erhardt,17,13,30
2026.02.17,16:15,16:30,Erhardt,23,15,38
2026.02.17,16:30,16:45,Erhardt,19,12,31
2026.02.17,16:45,17:00,Erhardt,26,17,43
2026.02.17,17:00,17:15,Erhardt,21,10,31
2026.02.17,17:15,17:30,Erhardt,29,12,41
2026.02.17,17:30,17:45,Erhardt,28,15,43
2026.02.17,17:45,18:00,Erhardt,18,18,36
2026.02.17,18:00,18:15,Erhardt,19,19,38
2026.02.17,18:15,18:30,Erhardt,28,21,49
2026.02.17,18:30,18:45,Erhardt,17,24,41
2026.02.17,18:45,19:00,Erhardt,19,20,39
2026.02.17,19:00,19:15,Erhardt,17,16,33
2026.02.17,19:15,19:30,Erhardt,18,9,27
2026.02.17,19:30,19:45,Erhardt,10,13,23
2026.02.17,19:45,20:00,Erhardt,16,8,24
2026.02.17,20:00,20:15,Erhardt,10,9,19
2026.02.17,20:15,20:30,Erhardt,10,14,24
2026.02.17,20:30,20:45,Erhardt,7,11,18
2026.02.17,20:45,21:00,Erhardt,5,8,13
2026.02.17,21:00,21:15,Erhardt,7,4,11
2026.02.17,21:15,21:30,Erhardt,6,9,15
2026.02.17,21:30,21:45,Erhardt,4,7,11
2026.02.17,21:45,22:00,Erhardt,3,1,4
2026.02.17,22:00,22:15,Erhardt,8,7,15
2026.02.17,22:15,22:30,Erhardt,5,2,7
2026.02.17,22:30,22:45,Erhardt,9,7,16
2026.02.17,22:45,23:00,Erhardt,3,5,8
2026.02.17,23:00,23:15,Erhardt,5,6,11
2026.02.17,23:15,23:30,Erhardt,4,1,5
2026.02.17,23:30,23:45,Erhardt,4,2,6
2026.02.17,23:45,00:00,Erhardt,2,3,5
2026.02.18,00:00,00:15,Erhardt,1,5,6
2026.02.18,00:15,00:30,Erhardt,0,0,0
2026.02.18,00:30,00:45,Erhardt,2,0,2
2026.02.18,00:45,01:00,Erhardt,2,0,2
2026.02.18,01:00,01:15,Erhardt,0,1,1
2026.02.18,01:15,01:30,Erhardt,0,0,0
2026.02.18,01:30,01:45,Erhardt,1,0,1
2026.02.18,01:45,02:00,Erhardt,0,1,1
2026.02.18,02:00,02:15,Erhardt,0,0,0
2026.02.18,02:15,02:30,Erhardt,0,0,0
2026.02.18,02:30,02:45,Erhardt,0,1,1
2026.02.18,02:45,03:00,Erhardt,0,0,0
2026.02.18,03:00,03:15,Erhardt,0,0,0
2026.02.18,03:15,03:30,Erhardt,0,0,0
2026.02.18,03:30,03:45,Erhardt,0,0,0
2026.02.18,03:45,04:00,Erhardt,0,1,1
2026.02.18,04:00,04:15,Erhardt,0,1,1
2026.02.18,04:15,04:30,Erhardt,0,0,0
2026.02.18,04:30,04:45,Erhardt,0,0,0
2026.02.18,04:45,05:00,Erhardt,1,1,2
2026.02.18,05:00,05:15,Erhardt,0,2,2
2026.02.18,05:15,05:30,Erhardt,1,1,2
2026.02.18,05:30,05:45,Erhardt,2,2,4
2026.02.18,05:45,06:00,Erhardt,2,1,3
2026.02.18,06:00,06:15,Erhardt,5,4,9
2026.02.18,06:15,06:30,Erhardt,6,3,9
2026.02.18,06:30,06:45,Erhardt,6,3,9
2026.02.18,06:45,07:00,Erhardt,9,7,16
2026.02.18,07:00,07:15,Erhardt,8,9,17
2026.02.18,07:15,07:30,Erhardt,13,16,29
2026.02.18,07:30,07:45,Erhardt,18,16,34
2026.02.18,07:45,08:00,Erhardt,25,21,46
2026.02.18,08:00,08:15,Erhardt,18,23,41
2026.02.18,08:15,08:30,Erhardt,38,27,65
2026.02.18,08:30,08:45,Erhardt,32,33,65
2026.02.18,08:45,09:00,Erhardt,39,28,67
2026.02.18,09:00,09:15,Erhardt,26,28,54
2026.02.18,09:15,09:30,Erhardt,21,14,35
2026.02.18,09:30,09:45,Erhardt,19,26,45
2026.02.18,09:45,10:00,Erhardt,19,19,38
2026.02.18,10:00,10:15,Erhardt,14,10,24
2026.02.18,10:15,10:30,Erhardt,8,16,24
2026.02.18,10:30,10:45,Erhardt,3,9,12
2026.02.18,10:45,11:00,Erhardt,8,11,19
2026.02.18,11:00,11:15,Erhardt,6,11,17
2026.02.18,11:15,11:30,Erhardt,13,13,26
2026.02.18,11:30,11:45,Erhardt,5,10,15
2026.02.18,11:45,12:00,Erhardt,7,13,20
2026.02.18,12:00,12:15,Erhardt,10,15,25
2026.02.18,12:15,12:30,Erhardt,14,15,29
2026.02.18,12:30,12:45,Erhardt,16,18,34
2026.02.18,12:45,13:00,Erhardt,11,13,24
2026.02.18,13:00,13:15,Erhardt,7,8,15
2026.02.18,13:15,13:30,Erhardt,8,9,17
2026.02.18,13:30,13:45,Erhardt,16,8,24
2026.02.18,13:45,14:00,Erhardt,20,6,26
2026.02.18,14:00,14:15,Erhardt,12,15,27
2026.02.18,14:15,14:30,Erhardt,14,10,24
2026.02.18,14:30,14:45,Erhardt,20,18,38
2026.02.18,14:45,15:00,Erhardt,17,19,36
2026.02.18,15:00,15:15,Erhardt,13,12,25
2026.02.18,15:15,15:30,Erhardt,15,17,32
2026.02.18,15:30,15:45,Erhardt,18,14,32
2026.02.18,15:45,16:00,Erhardt,21,16,37
2026.02.18,16:00,16:15,Erhardt,11,7,18
2026.02.18,16:15,16:30,Erhardt,14,9,23
2026.02.18,16:30,16:45,Erhardt,24,9,33
2026.02.18,16:45,17:00,Erhardt,11,8,19
2026.02.18,17:00,17:15,Erhardt,33,19,52
2026.02.18,17:15,17:30,Erhardt,30,19,49
2026.02.18,17:30,17:45,Erhardt,25,17,42
2026.02.18,17:45,18:00,Erhardt,36,17,53
2026.02.18,18:00,18:15,Erhardt,25,24,49
2026.02.18,18:15,18:30,Erhardt,32,24,56
2026.02.18,18:30,18:45,Erhardt,30,19,49
2026.02.18,18:45,19:00,Erhardt,35,31,66
2026.02.18,19:00,19:15,Erhardt,33,13,46
2026.02.18,19:15,19:30,Erhardt,25,11,36
2026.02.18,19:30,19:45,Erhardt,30,8,38
2026.02.18,19:45,20:00,Erhardt,10,14,24
2026.02.18,20:00,20:15,Erhardt,21,8,29
2026.02.18,20:15,20:30,Erhardt,15,13,28
2026.02.18,20:30,20:45,Erhardt,11,11,22
2026.02.18,20:45,21:00,Erhardt,12,7,19
2026.02.18,21:00,21:15,Erhardt,6,6,12
2026.02.18,21:15,21:30,Erhardt,6,8,14
2026.02.18,21:30,21:45,Erhardt,11,8,19
2026.02.18,21:45,22:00,Erhardt,14,9,23
2026.02.18,22:00,22:15,Erhardt,8,5,13
2026.02.18,22:15,22:30,Erhardt,5,5,10
2026.02.18,22:30,22:45,Erhardt,6,9,15
2026.02.18,22:45,23:00,Erhardt,7,8,15
2026.02.18,23:00,23:15,Erhardt,6,4,10
2026.02.18,23:15,23:30,Erhardt,6,2,8
2026.02.18,23:30,23:45,Erhardt,1,4,5
2026.02.18,23:45,00:00,Erhardt,1,3,4
2026.02.19,00:00,00:15,Erhardt,0,1,1
2026.02.19,00:15,00:30,Erhardt,2,2,4
2026.02.19,00:30,00:45,Erhardt,1,0,1
2026.02.19,00:45,01:00,Erhardt,1,0,1
2026.02.19,01:00,01:15,Erhardt,0,0,0
2026.02.19,01:15,01:30,Erhardt,1,1,2
2026.02.19,01:30,01:45,Erhardt,0,0,0
2026.02.19,01:45,02:00,Erhardt,1,1,2
2026.02.19,02:00,02:15,Erhardt,0,0,0
2026.02.19,02:15,02:30,Erhardt,2,0,2
2026.02.19,02:30,02:45,Erhardt,0,1,1
2026.02.19,02:45,03:00,Erhardt,0,0,0
2026.02.19,03:00,03:15,Erhardt,0,1,1
2026.02.19,03:15,03:30,Erhardt,2,0,2
2026.02.19,03:30,03:45,Erhardt,0,0,0
2026.02.19,03:45,04:00,Erhardt,0,0,0
2026.02.19,04:00,04:15,Erhardt,0,0,0
2026.02.19,04:15,04:30,Erhardt,0,0,0
2026.02.19,04:30,04:45,Erhardt,0,0,0
2026.02.19,04:45,05:00,Erhardt,1,0,1
2026.02.19,05:00,05:15,Erhardt,1,0,1
2026.02.19,05:15,05:30,Erhardt,1,0,1
2026.02.19,05:30,05:45,Erhardt,4,1,5
2026.02.19,05:45,06:00,Erhardt,2,2,4
2026.02.19,06:00,06:15,Erhardt,1,3,4
2026.02.19,06:15,06:30,Erhardt,4,3,7
2026.02.19,06:30,06:45,Erhardt,3,6,9
2026.02.19,06:45,07:00,Erhardt,6,11,17
2026.02.19,07:00,07:15,Erhardt,9,9,18
2026.02.19,07:15,07:30,Erhardt,8,14,22
2026.02.19,07:30,07:45,Erhardt,13,21,34
2026.02.19,07:45,08:00,Erhardt,14,21,35
2026.02.19,08:00,08:15,Erhardt,30,26,56
2026.02.19,08:15,08:30,Erhardt,29,35,64
2026.02.19,08:30,08:45,Erhardt,51,24,75
2026.02.19,08:45,09:00,Erhardt,36,27,63
2026.02.19,09:00,09:15,Erhardt,21,14,35
2026.02.19,09:15,09:30,Erhardt,17,19,36
2026.02.19,09:30,09:45,Erhardt,16,16,32
2026.02.19,09:45,10:00,Erhardt,16,22,38
2026.02.19,10:00,10:15,Erhardt,13,7,20
2026.02.19,10:15,10:30,Erhardt,14,12,26
2026.02.19,10:30,10:45,Erhardt,10,13,23
2026.02.19,10:45,11:00,Erhardt,16,5,21
2026.02.19,11:00,11:15,Erhardt,9,16,25
2026.02.19,11:15,11:30,Erhardt,7,8,15
2026.02.19,11:30,11:45,Erhardt,9,10,19
2026.02.19,11:45,12:00,Erhardt,18,16,34
2026.02.19,12:00,12:15,Erhardt,12,9,21
2026.02.19,12:15,12:30,Erhardt,9,9,18
2026.02.19,12:30,12:45,Erhardt,15,12,27
2026.02.19,12:45,13:00,Erhardt,15,13,28
2026.02.19,13:00,13:15,Erhardt,11,6,17
2026.02.19,13:15,13:30,Erhardt,6,5,11
2026.02.19,13:30,13:45,Erhardt,10,5,15
2026.02.19,13:45,14:00,Erhardt,7,9,16
2026.02.19,14:00,14:15,Erhardt,13,3,16
2026.02.19,14:15,14:30,Erhardt,9,12,21
2026.02.19,14:30,14:45,Erhardt,13,8,21
2026.02.19,14:45,15:00,Erhardt,15,8,23
2026.02.19,15:00,15:15,Erhardt,2,3,5
2026.02.19,15:15,15:30,Erhardt,12,11,23
2026.02.19,15:30,15:45,Erhardt,3,4,7
2026.02.19,15:45,16:00,Erhardt,15,4,19
2026.02.19,16:00,16:15,Erhardt,14,4,18
2026.02.19,16:15,16:30,Erhardt,15,7,22
2026.02.19,16:30,16:45,Erhardt,13,7,20
2026.02.19,16:45,17:00,Erhardt,16,10,26
2026.02.19,17:00,17:15,Erhardt,10,5,15
2026.02.19,17:15,17:30,Erhardt,23,10,33
2026.02.19,17:30,17:45,Erhardt,14,9,23
2026.02.19,17:45,18:00,Erhardt,30,8,38
2026.02.19,18:00,18:15,Erhardt,10,9,19
2026.02.19,18:15,18:30,Erhardt,27,11,38
2026.02.19,18:30,18:45,Erhardt,21,12,33
2026.02.19,18:45,19:00,Erhardt,16,10,26
2026.02.19,19:00,19:15,Erhardt,13,4,17
2026.02.19,19:15,19:30,Erhardt,11,3,14
2026.02.19,19:30,19:45,Erhardt,11,7,18
2026.02.19,19:45,20:00,Erhardt,7,3,10
2026.02.19,20:00,20:15,Erhardt,2,0,2
2026.02.19,20:15,20:30,Erhardt,4,6,10
2026.02.19,20:30,20:45,Erhardt,6,3,9
2026.02.19,20:45,21:00,Erhardt,1,3,4
2026.02.19,21:00,21:15,Erhardt,4,5,9
2026.02.19,21:15,21:30,Erhardt,2,5,7
2026.02.19,21:30,21:45,Erhardt,3,2,5
2026.02.19,21:45,22:00,Erhardt,4,1,5
2026.02.19,22:00,22:15,Erhardt,5,2,7
2026.02.19,22:15,22:30,Erhardt,4,3,7
2026.02.19,22:30,22:45,Erhardt,0,1,1
2026.02.19,22:45,23:00,Erhardt,3,4,7
2026.02.19,23:00,23:15,Erhardt,1,3,4
2026.02.19,23:15,23:30,Erhardt,2,3,5
2026.02.19,23:30,23:45,Erhardt,0,2,2
2026.02.19,23:45,00:00,Erhardt,1,0,1
2026.02.20,00:00,00:15,Erhardt,1,0,1
2026.02.20,00:15,00:30,Erhardt,0,1,1
2026.02.20,00:30,00:45,Erhardt,0,0,0
2026.02.20,00:45,01:00,Erhardt,0,1,1
2026.02.20,01:00,01:15,Erhardt,1,0,1
2026.02.20,01:15,01:30,Erhardt,0,0,0
2026.02.20,01:30,01:45,Erhardt,1,0,1
2026.02.20,01:45,02:00,Erhardt,0,0,0
2026.02.20,02:00,02:15,Erhardt,0,0,0
2026.02.20,02:15,02:30,Erhardt,0,0,0
2026.02.20,02:30,02:45,Erhardt,0,0,0
2026.02.20,02:45,03:00,Erhardt,0,0,0
2026.02.20,03:00,03:15,Erhardt,0,0,0
2026.02.20,03:15,03:30,Erhardt,0,0,0
2026.02.20,03:30,03:45,Erhardt,0,0,0
2026.02.20,03:45,04:00,Erhardt,0,0,0
2026.02.20,04:00,04:15,Erhardt,5,2,7
2026.02.20,04:15,04:30,Erhardt,0,0,0
2026.02.20,04:30,04:45,Erhardt,0,0,0
2026.02.20,04:45,05:00,Erhardt,0,1,1
2026.02.20,05:00,05:15,Erhardt,0,2,2
2026.02.20,05:15,05:30,Erhardt,1,0,1
2026.02.20,05:30,05:45,Erhardt,0,2,2
2026.02.20,05:45,06:00,Erhardt,0,2,2
2026.02.20,06:00,06:15,Erhardt,1,2,3
2026.02.20,06:15,06:30,Erhardt,3,1,4
2026.02.20,06:30,06:45,Erhardt,0,1,1
2026.02.20,06:45,07:00,Erhardt,1,7,8
2026.02.20,07:00,07:15,Erhardt,2,1,3
2026.02.20,07:15,07:30,Erhardt,1,8,9
2026.02.20,07:30,07:45,Erhardt,3,8,11
2026.02.20,07:45,08:00,Erhardt,3,10,13
2026.02.20,08:00,08:15,Erhardt,7,19,26
2026.02.20,08:15,08:30,Erhardt,4,10,14
2026.02.20,08:30,08:45,Erhardt,7,12,19
2026.02.20,08:45,09:00,Erhardt,5,16,21
2026.02.20,09:00,09:15,Erhardt,4,15,19
2026.02.20,09:15,09:30,Erhardt,6,13,19
2026.02.20,09:30,09:45,Erhardt,1,7,8
2026.02.20,09:45,10:00,Erhardt,3,9,12
2026.02.20,10:00,10:15,Erhardt,4,7,11
2026.02.20,10:15,10:30,Erhardt,9,7,16
2026.02.20,10:30,10:45,Erhardt,2,7,9
2026.02.20,10:45,11:00,Erhardt,2,7,9
2026.02.20,11:00,11:15,Erhardt,3,4,7
2026.02.20,11:15,11:30,Erhardt,1,5,6
2026.02.20,11:30,11:45,Erhardt,4,5,9
2026.02.20,11:45,12:00,Erhardt,9,11,20
2026.02.20,12:00,12:15,Erhardt,3,2,5
2026.02.20,12:15,12:30,Erhardt,4,5,9
2026.02.20,12:30,12:45,Erhardt,5,3,8
2026.02.20,12:45,13:00,Erhardt,7,11,18
2026.02.20,13:00,13:15,Erhardt,4,6,10
2026.02.20,13:15,13:30,Erhardt,8,11,19
2026.02.20,13:30,13:45,Erhardt,4,8,12
2026.02.20,13:45,14:00,Erhardt,6,6,12
2026.02.20,14:00,14:15,Erhardt,3,8,11
2026.02.20,14:15,14:30,Erhardt,8,6,14
2026.02.20,14:30,14:45,Erhardt,7,5,12
2026.02.20,14:45,15:00,Erhardt,14,15,29
2026.02.20,15:00,15:15,Erhardt,6,10,16
2026.02.20,15:15,15:30,Erhardt,4,9,13
2026.02.20,15:30,15:45,Erhardt,9,9,18
2026.02.20,15:45,16:00,Erhardt,9,7,16
2026.02.20,16:00,16:15,Erhardt,6,10,16
2026.02.20,16:15,16:30,Erhardt,8,12,20
2026.02.20,16:30,16:45,Erhardt,15,8,23
2026.02.20,16:45,17:00,Erhardt,8,8,16
2026.02.20,17:00,17:15,Erhardt,13,9,22
2026.02.20,17:15,17:30,Erhardt,6,11,17
2026.02.20,17:30,17:45,Erhardt,8,6,14
2026.02.20,17:45,18:00,Erhardt,11,11,22
2026.02.20,18:00,18:15,Erhardt,9,8,17
2026.02.20,18:15,18:30,Erhardt,10,13,23
2026.02.20,18:30,18:45,Erhardt,16,6,22
2026.02.20,18:45,19:00,Erhardt,11,12,23
2026.02.20,19:00,19:15,Erhardt,9,12,21
2026.02.20,19:15,19:30,Erhardt,5,10,15
2026.02.20,19:30,19:45,Erhardt,5,12,17
2026.02.20,19:45,20:00,Erhardt,5,5,10
2026.02.20,20:00,20:15,Erhardt,4,11,15
2026.02.20,20:15,20:30,Erhardt,12,8,20
2026.02.20,20:30,20:45,Erhardt,6,4,10
2026.02.20,20:45,21:00,Erhardt,6,5,11
2026.02.20,21:00,21:15,Erhardt,3,6,9
2026.02.20,21:15,21:30,Erhardt,4,1,5
2026.02.20,21:30,21:45,Erhardt,4,4,8
2026.02.20,21:45,22:00,Erhardt,3,8,11
2026.02.20,22:00,22:15,Erhardt,6,6,12
2026.02.20,22:15,22:30,Erhardt,7,4,11
2026.02.20,22:30,22:45,Erhardt,3,5,8
2026.02.20,22:45,23:00,Erhardt,5,4,9
2026.02.20,23:00,23:15,Erhardt,12,5,17
2026.02.20,23:15,23:30,Erhardt,1,7,8
2026.02.20,23:30,23:45,Erhardt,3,4,7
2026.02.20,23:45,00:00,Erhardt,0,2,2
2026.02.21,00:00,00:15,Erhardt,2,1,3
2026.02.21,00:15,00:30,Erhardt,0,2,2
2026.02.21,00:30,00:45,Erhardt,0,3,3
2026.02.21,00:45,01:00,Erhardt,2,0,2
2026.02.21,01:00,01:15,Erhardt,0,2,2
2026.02.21,01:15,01:30,Erhardt,0,2,2
2026.02.21,01:30,01:45,Erhardt,2,2,4
2026.02.21,01:45,02:00,Erhardt,1,2,3
2026.02.21,02:00,02:15,Erhardt,2,1,3
2026.02.21,02:15,02:30,Erhardt,0,2,2
2026.02.21,02:30,02:45,Erhardt,1,1,2
2026.02.21,02:45,03:00,Erhardt,0,0,0
2026.02.21,03:00,03:15,Erhardt,0,0,0
2026.02.21,03:15,03:30,Erhardt,0,2,2
2026.02.21,03:30,03:45,Erhardt,0,0,0
2026.02.21,03:45,04:00,Erhardt,0,2,2
2026.02.21,04:00,04:15,Erhardt,0,2,2
2026.02.21,04:15,04:30,Erhardt,0,0,0
2026.02.21,04:30,04:45,Erhardt,0,0,0
2026.02.21,04:45,05:00,Erhardt,6,0,6
2026.02.21,05:00,05:15,Erhardt,0,0,0
2026.02.21,05:15,05:30,Erhardt,0,0,0
2026.02.21,05:30,05:45,Erhardt,0,0,0
2026.02.21,05:45,06:00,Erhardt,0,3,3
2026.02.21,06:00,06:15,Erhardt,0,0,0
2026.02.21,06:15,06:30,Erhardt,0,0,0
2026.02.21,06:30,06:45,Erhardt,2,0,2
2026.02.21,06:45,07:00,Erhardt,0,2,2
2026.02.21,07:00,07:15,Erhardt,0,2,2
2026.02.21,07:15,07:30,Erhardt,0,0,0
2026.02.21,07:30,07:45,Erhardt,0,2,2
2026.02.21,07:45,08:00,Erhardt,0,0,0
2026.02.21,08:00,08:15,Erhardt,0,4,4
2026.02.21,08:15,08:30,Erhardt,2,1,3
2026.02.21,08:30,08:45,Erhardt,4,3,7
2026.02.21,08:45,09:00,Erhardt,3,4,7
2026.02.21,09:00,09:15,Erhardt,1,1,2
2026.02.21,09:15,09:30,Erhardt,3,6,9
2026.02.21,09:30,09:45,Erhardt,6,7,13
2026.02.21,09:45,10:00,Erhardt,10,10,20
2026.02.21,10:00,10:15,Erhardt,2,7,9
2026.02.21,10:15,10:30,Erhardt,2,5,7
2026.02.21,10:30,10:45,Erhardt,2,5,7
2026.02.21,10:45,11:00,Erhardt,3,7,10
2026.02.21,11:00,11:15,Erhardt,4,3,7
2026.02.21,11:15,11:30,Erhardt,4,7,11
2026.02.21,11:30,11:45,Erhardt,5,9,14
2026.02.21,11:45,12:00,Erhardt,3,7,10
2026.02.21,12:00,12:15,Erhardt,6,8,14
2026.02.21,12:15,12:30,Erhardt,14,5,19
2026.02.21,12:30,12:45,Erhardt,6,4,10
2026.02.21,12:45,13:00,Erhardt,2,4,6
2026.02.21,13:00,13:15,Erhardt,9,4,13
2026.02.21,13:15,13:30,Erhardt,3,6,9
2026.02.21,13:30,13:45,Erhardt,5,10,15
2026.02.21,13:45,14:00,Erhardt,11,7,18
2026.02.21,14:00,14:15,Erhardt,8,5,13
2026.02.21,14:15,14:30,Erhardt,6,1,7
2026.02.21,14:30,14:45,Erhardt,4,3,7
2026.02.21,14:45,15:00,Erhardt,3,0,3
2026.02.21,15:00,15:15,Erhardt,8,7,15
2026.02.21,15:15,15:30,Erhardt,9,5,14
2026.02.21,15:30,15:45,Erhardt,7,8,15
2026.02.21,15:45,16:00,Erhardt,2,5,7
2026.02.21,16:00,16:15,Erhardt,5,3,8
2026.02.21,16:15,16:30,Erhardt,5,4,9
2026.02.21,16:30,16:45,Erhardt,7,5,12
2026.02.21,16:45,17:00,Erhardt,4,4,8
2026.02.21,17:00,17:15,Erhardt,4,10,14
2026.02.21,17:15,17:30,Erhardt,8,6,14
2026.02.21,17:30,17:45,Erhardt,1,7,8
2026.02.21,17:45,18:00,Erhardt,13,4,17
2026.02.21,18:00,18:15,Erhardt,3,2,5
2026.02.21,18:15,18:30,Erhardt,4,5,9
2026.02.21,18:30,18:45,Erhardt,7,10,17
2026.02.21,18:45,19:00,Erhardt,5,1,6
2026.02.21,19:00,19:15,Erhardt,4,4,8
2026.02.21,19:15,19:30,Erhardt,6,7,13
2026.02.21,19:30,19:45,Erhardt,3,5,8
2026.02.21,19:45,20:00,Erhardt,3,3,6
2026.02.21,20:00,20:15,Erhardt,1,6,7
2026.02.21,20:15,20:30,Erhardt,2,2,4
2026.02.21,20:30,20:45,Erhardt,5,2,7
2026.02.21,20:45,21:00,Erhardt,5,2,7
2026.02.21,21:00,21:15,Erhardt,2,0,2
2026.02.21,21:15,21:30,Erhardt,0,3,3
2026.02.21,21:30,21:45,Erhardt,3,2,5
2026.02.21,21:45,22:00,Erhardt,3,5,8
2026.02.21,22:00,22:15,Erhardt,3,3,6
2026.02.21,22:15,22:30,Erhardt,4,1,5
2026.02.21,22:30,22:45,Erhardt,0,7,7
2026.02.21,22:45,23:00,Erhardt,1,3,4
2026.02.21,23:00,23:15,Erhardt,2,3,5
2026.02.21,23:15,23:30,Erhardt,3,6,9
2026.02.21,23:30,23:45,Erhardt,0,0,0
2026.02.21,23:45,00:00,Erhardt,2,6,8
2026.02.22,00:00,00:15,Erhardt,2,3,5
2026.02.22,00:15,00:30,Erhardt,3,1,4
2026.02.22,00:30,00:45,Erhardt,4,0,4
2026.02.22,00:45,01:00,Erhardt,1,3,4
2026.02.22,01:00,01:15,Erhardt,0,3,3
2026.02.22,01:15,01:30,Erhardt,0,1,1
2026.02.22,01:30,01:45,Erhardt,0,2,2
2026.02.22,01:45,02:00,Erhardt,2,2,4
2026.02.22,02:00,02:15,Erhardt,0,2,2
2026.02.22,02:15,02:30,Erhardt,2,1,3
2026.02.22,02:30,02:45,Erhardt,0,0,0
2026.02.22,02:45,03:00,Erhardt,1,0,1
2026.02.22,03:00,03:15,Erhardt,0,0,0
2026.02.22,03:15,03:30,Erhardt,0,0,0
2026.02.22,03:30,03:45,Erhardt,0,0,0
2026.02.22,03:45,04:00,Erhardt,0,0,0
2026.02.22,04:00,04:15,Erhardt,2,0,2
2026.02.22,04:15,04:30,Erhardt,0,0,0
2026.02.22,04:30,04:45,Erhardt,0,1,1
2026.02.22,04:45,05:00,Erhardt,1,0,1
2026.02.22,05:00,05:15,Erhardt,0,1,1
2026.02.22,05:15,05:30,Erhardt,0,0,0
2026.02.22,05:30,05:45,Erhardt,0,1,1
2026.02.22,05:45,06:00,Erhardt,0,1,1
2026.02.22,06:00,06:15,Erhardt,0,1,1
2026.02.22,06:15,06:30,Erhardt,0,0,0
2026.02.22,06:30,06:45,Erhardt,0,2,2
2026.02.22,06:45,07:00,Erhardt,0,0,0
2026.02.22,07:00,07:15,Erhardt,0,0,0
2026.02.22,07:15,07:30,Erhardt,1,0,1
2026.02.22,07:30,07:45,Erhardt,0,0,0
2026.02.22,07:45,08:00,Erhardt,1,3,4
2026.02.22,08:00,08:15,Erhardt,1,0,1
2026.02.22,08:15,08:30,Erhardt,0,1,1
2026.02.22,08:30,08:45,Erhardt,1,4,5
2026.02.22,08:45,09:00,Erhardt,4,3,7
2026.02.22,09:00,09:15,Erhardt,1,1,2
2026.02.22,09:15,09:30,Erhardt,0,5,5
2026.02.22,09:30,09:45,Erhardt,2,5,7
2026.02.22,09:45,10:00,Erhardt,5,7,12
2026.02.22,10:00,10:15,Erhardt,3,0,3
2026.02.22,10:15,10:30,Erhardt,6,2,8
2026.02.22,10:30,10:45,Erhardt,7,7,14
2026.02.22,10:45,11:00,Erhardt,2,5,7
2026.02.22,11:00,11:15,Erhardt,4,7,11
2026.02.22,11:15,11:30,Erhardt,2,1,3
2026.02.22,11:30,11:45,Erhardt,4,8,12
2026.02.22,11:45,12:00,Erhardt,9,8,17
2026.02.22,12:00,12:15,Erhardt,9,6,15
2026.02.22,12:15,12:30,Erhardt,7,6,13
2026.02.22,12:30,12:45,Erhardt,10,6,16
2026.02.22,12:45,13:00,Erhardt,6,9,15
2026.02.22,13:00,13:15,Erhardt,5,14,19
2026.02.22,13:15,13:30,Erhardt,4,8,12
2026.02.22,13:30,13:45,Erhardt,6,11,17
2026.02.22,13:45,14:00,Erhardt,12,16,28
2026.02.22,14:00,14:15,Erhardt,11,11,22
2026.02.22,14:15,14:30,Erhardt,7,9,16
2026.02.22,14:30,14:45,Erhardt,20,17,37
2026.02.22,14:45,15:00,Erhardt,18,22,40
2026.02.22,15:00,15:15,Erhardt,14,23,37
2026.02.22,15:15,15:30,Erhardt,13,14,27
2026.02.22,15:30,15:45,Erhardt,12,13,25
2026.02.22,15:45,16:00,Erhardt,17,23,40
2026.02.22,16:00,16:15,Erhardt,17,10,27
2026.02.22,16:15,16:30,Erhardt,10,11,21
2026.02.22,16:30,16:45,Erhardt,12,15,27
2026.02.22,16:45,17:00,Erhardt,17,18,35
2026.02.22,17:00,17:15,Erhardt,11,11,22
2026.02.22,17:15,17:30,Erhardt,15,11,26
2026.02.22,17:30,17:45,Erhardt,13,7,20
2026.02.22,17:45,18:00,Erhardt,18,10,28
2026.02.22,18:00,18:15,Erhardt,10,10,20
2026.02.22,18:15,18:30,Erhardt,6,12,18
2026.02.22,18:30,18:45,Erhardt,5,7,12
2026.02.22,18:45,19:00,Erhardt,7,6,13
2026.02.22,19:00,19:15,Erhardt,14,12,26
2026.02.22,19:15,19:30,Erhardt,4,8,12
2026.02.22,19:30,19:45,Erhardt,7,3,10
2026.02.22,19:45,20:00,Erhardt,9,2,11
2026.02.22,20:00,20:15,Erhardt,9,6,15
2026.02.22,20:15,20:30,Erhardt,5,5,10
2026.02.22,20:30,20:45,Erhardt,5,7,12
2026.02.22,20:45,21:00,Erhardt,2,7,9
2026.02.22,21:00,21:15,Erhardt,3,4,7
2026.02.22,21:15,21:30,Erhardt,7,4,11
2026.02.22,21:30,21:45,Erhardt,7,4,11
2026.02.22,21:45,22:00,Erhardt,2,6,8
2026.02.22,22:00,22:15,Erhardt,2,4,6
2026.02.22,22:15,22:30,Erhardt,3,3,6
2026.02.22,22:30,22:45,Erhardt,1,1,2
2026.02.22,22:45,23:00,Erhardt,0,0,0
2026.02.22,23:00,23:15,Erhardt,2,3,5
2026.02.22,23:15,23:30,Erhardt,1,1,2
2026.02.22,23:30,23:45,Erhardt,0,2,2
2026.02.22,23:45,00:00,Erhardt,0,1,1
2026.02.23,00:00,00:15,Erhardt,0,0,0
2026.02.23,00:15,00:30,Erhardt,0,0,0
2026.02.23,00:30,00:45,Erhardt,0,0,0
2026.02.23,00:45,01:00,Erhardt,0,0,0
2026.02.23,01:00,01:15,Erhardt,0,1,1
2026.02.23,01:15,01:30,Erhardt,0,0,0
2026.02.23,01:30,01:45,Erhardt,0,0,0
2026.02.23,01:45,02:00,Erhardt,0,0,0
2026.02.23,02:00,02:15,Erhardt,0,0,0
2026.02.23,02:15,02:30,Erhardt,0,0,0
2026.02.23,02:30,02:45,Erhardt,0,0,0
2026.02.23,02:45,03:00,Erhardt,0,0,0
2026.02.23,03:00,03:15,Erhardt,0,0,0
2026.02.23,03:15,03:30,Erhardt,0,0,0
2026.02.23,03:30,03:45,Erhardt,0,0,0
2026.02.23,03:45,04:00,Erhardt,0,0,0
2026.02.23,04:00,04:15,Erhardt,0,0,0
2026.02.23,04:15,04:30,Erhardt,0,0,0
2026.02.23,04:30,04:45,Erhardt,0,0,0
2026.02.23,04:45,05:00,Erhardt,0,0,0
2026.02.23,05:00,05:15,Erhardt,0,0,0
2026.02.23,05:15,05:30,Erhardt,1,2,3
2026.02.23,05:30,05:45,Erhardt,4,3,7
2026.02.23,05:45,06:00,Erhardt,3,5,8
2026.02.23,06:00,06:15,Erhardt,5,5,10
2026.02.23,06:15,06:30,Erhardt,5,6,11
2026.02.23,06:30,06:45,Erhardt,5,11,16
2026.02.23,06:45,07:00,Erhardt,4,16,20
2026.02.23,07:00,07:15,Erhardt,9,8,17
2026.02.23,07:15,07:30,Erhardt,21,23,44
2026.02.23,07:30,07:45,Erhardt,23,33,56
2026.02.23,07:45,08:00,Erhardt,37,31,68
2026.02.23,08:00,08:15,Erhardt,39,35,74
2026.02.23,08:15,08:30,Erhardt,38,40,78
2026.02.23,08:30,08:45,Erhardt,42,29,71
2026.02.23,08:45,09:00,Erhardt,32,26,58
2026.02.23,09:00,09:15,Erhardt,26,19,45
2026.02.23,09:15,09:30,Erhardt,21,20,41
2026.02.23,09:30,09:45,Erhardt,18,10,28
2026.02.23,09:45,10:00,Erhardt,13,20,33
2026.02.23,10:00,10:15,Erhardt,16,20,36
2026.02.23,10:15,10:30,Erhardt,6,17,23
2026.02.23,10:30,10:45,Erhardt,6,16,22
2026.02.23,10:45,11:00,Erhardt,11,9,20
2026.02.23,11:00,11:15,Erhardt,12,6,18
2026.02.23,11:15,11:30,Erhardt,13,10,23
2026.02.23,11:30,11:45,Erhardt,8,5,13
2026.02.23,11:45,12:00,Erhardt,13,13,26
2026.02.23,12:00,12:15,Erhardt,16,11,27
2026.02.23,12:15,12:30,Erhardt,16,8,24
2026.02.23,12:30,12:45,Erhardt,8,11,19
2026.02.23,12:45,13:00,Erhardt,9,9,18
2026.02.23,13:00,13:15,Erhardt,9,15,24
2026.02.23,13:15,13:30,Erhardt,18,10,28
2026.02.23,13:30,13:45,Erhardt,19,13,32
2026.02.23,13:45,14:00,Erhardt,10,12,22
2026.02.23,14:00,14:15,Erhardt,17,10,27
2026.02.23,14:15,14:30,Erhardt,19,9,28
2026.02.23,14:30,14:45,Erhardt,25,13,38
2026.02.23,14:45,15:00,Erhardt,14,14,28
2026.02.23,15:00,15:15,Erhardt,25,14,39
2026.02.23,15:15,15:30,Erhardt,22,21,43
2026.02.23,15:30,15:45,Erhardt,26,22,48
2026.02.23,15:45,16:00,Erhardt,28,13,41
2026.02.23,16:00,16:15,Erhardt,26,11,37
2026.02.23,16:15,16:30,Erhardt,34,21,55
2026.02.23,16:30,16:45,Erhardt,33,16,49
2026.02.23,16:45,17:00,Erhardt,26,20,46
2026.02.23,17:00,17:15,Erhardt,40,16,56
2026.02.23,17:15,17:30,Erhardt,31,22,53
2026.02.23,17:30,17:45,Erhardt,42,23,65
2026.02.23,17:45,18:00,Erhardt,50,23,73
2026.02.23,18:00,18:15,Erhardt,37,30,67
2026.02.23,18:15,18:30,Erhardt,44,23,67
2026.02.23,18:30,18:45,Erhardt,40,36,76
2026.02.23,18:45,19:00,Erhardt,27,27,54
2026.02.23,19:00,19:15,Erhardt,30,14,44
2026.02.23,19:15,19:30,Erhardt,22,22,44
2026.02.23,19:30,19:45,Erhardt,11,15,26
2026.02.23,19:45,20:00,Erhardt,17,12,29
2026.02.23,20:00,20:15,Erhardt,18,10,28
2026.02.23,20:15,20:30,Erhardt,8,11,19
2026.02.23,20:30,20:45,Erhardt,10,5,15
2026.02.23,20:45,21:00,Erhardt,18,6,24
2026.02.23,21:00,21:15,Erhardt,22,5,27
2026.02.23,21:15,21:30,Erhardt,11,4,15
2026.02.23,21:30,21:45,Erhardt,9,8,17
2026.02.23,21:45,22:00,Erhardt,11,4,15
2026.02.23,22:00,22:15,Erhardt,7,12,19
2026.02.23,22:15,22:30,Erhardt,10,6,16
2026.02.23,22:30,22:45,Erhardt,4,5,9
2026.02.23,22:45,23:00,Erhardt,6,5,11
2026.02.23,23:00,23:15,Erhardt,5,2,7
2026.02.23,23:15,23:30,Erhardt,2,2,4
2026.02.23,23:30,23:45,Erhardt,3,4,7
2026.02.23,23:45,00:00,Erhardt,1,2,3
2026.02.24,00:00,00:15,Erhardt,1,0,1
2026.02.24,00:15,00:30,Erhardt,0,0,0
2026.02.24,00:30,00:45,Erhardt,0,0,0
2026.02.24,00:45,01:00,Erhardt,0,1,1
2026.02.24,01:00,01:15,Erhardt,1,1,2
2026.02.24,01:15,01:30,Erhardt,0,0,0
2026.02.24,01:30,01:45,Erhardt,1,0,1
2026.02.24,01:45,02:00,Erhardt,0,0,0
2026.02.24,02:00,02:15,Erhardt,0,0,0
2026.02.24,02:15,02:30,Erhardt,0,1,1
2026.02.24,02:30,02:45,Erhardt,0,0,0
2026.02.24,02:45,03:00,Erhardt,0,0,0
2026.02.24,03:00,03:15,Erhardt,0,0,0
2026.02.24,03:15,03:30,Erhardt,0,1,1
2026.02.24,03:30,03:45,Erhardt,0,0,0
2026.02.24,03:45,04:00,Erhardt,0,0,0
2026.02.24,04:00,04:15,Erhardt,0,0,0
2026.02.24,04:15,04:30,Erhardt,0,0,0
2026.02.24,04:30,04:45,Erhardt,0,0,0
2026.02.24,04:45,05:00,Erhardt,0,0,0
2026.02.24,05:00,05:15,Erhardt,1,0,1
2026.02.24,05:15,05:30,Erhardt,0,0,0
2026.02.24,05:30,05:45,Erhardt,2,1,3
2026.02.24,05:45,06:00,Erhardt,5,4,9
2026.02.24,06:00,06:15,Erhardt,2,5,7
2026.02.24,06:15,06:30,Erhardt,4,5,9
2026.02.24,06:30,06:45,Erhardt,1,10,11
2026.02.24,06:45,07:00,Erhardt,12,8,20
2026.02.24,07:00,07:15,Erhardt,9,4,13
2026.02.24,07:15,07:30,Erhardt,18,11,29
2026.02.24,07:30,07:45,Erhardt,17,26,43
2026.02.24,07:45,08:00,Erhardt,24,21,45
2026.02.24,08:00,08:15,Erhardt,32,20,52
2026.02.24,08:15,08:30,Erhardt,23,19,42
2026.02.24,08:30,08:45,Erhardt,21,17,38
2026.02.24,08:45,09:00,Erhardt,31,14,45
2026.02.24,09:00,09:15,Erhardt,23,11,34
2026.02.24,09:15,09:30,Erhardt,11,15,26
2026.02.24,09:30,09:45,Erhardt,7,14,21
2026.02.24,09:45,10:00,Erhardt,6,7,13
2026.02.24,10:00,10:15,Erhardt,11,9,20
2026.02.24,10:15,10:30,Erhardt,9,2,11
2026.02.24,10:30,10:45,Erhardt,13,5,18
2026.02.24,10:45,11:00,Erhardt,8,7,15
2026.02.24,11:00,11:15,Erhardt,7,10,17
2026.02.24,11:15,11:30,Erhardt,3,3,6
2026.02.24,11:30,11:45,Erhardt,7,7,14
2026.02.24,11:45,12:00,Erhardt,5,7,12
2026.02.24,12:00,12:15,Erhardt,8,3,11
2026.02.24,12:15,12:30,Erhardt,7,15,22
2026.02.24,12:30,12:45,Erhardt,6,7,13
2026.02.24,12:45,13:00,Erhardt,9,7,16
2026.02.24,13:00,13:15,Erhardt,4,6,10
2026.02.24,13:15,13:30,Erhardt,7,4,11
2026.02.24,13:30,13:45,Erhardt,8,7,15
2026.02.24,13:45,14:00,Erhardt,6,9,15
2026.02.24,14:00,14:15,Erhardt,12,7,19
2026.02.24,14:15,14:30,Erhardt,9,5,14
2026.02.24,14:30,14:45,Erhardt,12,10,22
2026.02.24,14:45,15:00,Erhardt,11,15,26
2026.02.24,15:00,15:15,Erhardt,12,8,20
2026.02.24,15:15,15:30,Erhardt,9,6,15
2026.02.24,15:30,15:45,Erhardt,7,14,21
2026.02.24,15:45,16:00,Erhardt,20,7,27
2026.02.24,16:00,16:15,Erhardt,14,12,26
2026.02.24,16:15,16:30,Erhardt,18,12,30
2026.02.24,16:30,16:45,Erhardt,18,9,27
2026.02.24,16:45,17:00,Erhardt,20,12,32
2026.02.24,17:00,17:15,Erhardt,18,12,30
2026.02.24,17:15,17:30,Erhardt,16,9,25
2026.02.24,17:30,17:45,Erhardt,26,18,44
2026.02.24,17:45,18:00,Erhardt,21,21,42
2026.02.24,18:00,18:15,Erhardt,23,23,46
2026.02.24,18:15,18:30,Erhardt,29,22,51
2026.02.24,18:30,18:45,Erhardt,29,16,45
2026.02.24,18:45,19:00,Erhardt,17,10,27
2026.02.24,19:00,19:15,Erhardt,25,15,40
2026.02.24,19:15,19:30,Erhardt,10,17,27
2026.02.24,19:30,19:45,Erhardt,15,15,30
2026.02.24,19:45,20:00,Erhardt,13,13,26
2026.02.24,20:00,20:15,Erhardt,16,6,22
2026.02.24,20:15,20:30,Erhardt,13,12,25
2026.02.24,20:30,20:45,Erhardt,6,10,16
2026.02.24,20:45,21:00,Erhardt,9,7,16
2026.02.24,21:00,21:15,Erhardt,13,6,19
2026.02.24,21:15,21:30,Erhardt,3,11,14
2026.02.24,21:30,21:45,Erhardt,7,11,18
2026.02.24,21:45,22:00,Erhardt,8,13,21
2026.02.24,22:00,22:15,Erhardt,11,3,14
2026.02.24,22:15,22:30,Erhardt,7,8,15
2026.02.24,22:30,22:45,Erhardt,5,9,14
2026.02.24,22:45,23:00,Erhardt,1,1,2
2026.02.24,23:00,23:15,Erhardt,8,7,15
2026.02.24,23:15,23:30,Erhardt,2,4,6
2026.02.24,23:30,23:45,Erhardt,3,5,8
2026.02.24,23:45,00:00,Erhardt,1,0,1
2026.02.25,00:00,00:15,Erhardt,1,1,2
2026.02.25,00:15,00:30,Erhardt,1,1,2
2026.02.25,00:30,00:45,Erhardt,0,0,0
2026.02.25,00:45,01:00,Erhardt,2,2,4
2026.02.25,01:00,01:15,Erhardt,0,0,0
2026.02.25,01:15,01:30,Erhardt,2,1,3
2026.02.25,01:30,01:45,Erhardt,0,0,0
2026.02.25,01:45,02:00,Erhardt,0,0,0
2026.02.25,02:00,02:15,Erhardt,0,2,2
2026.02.25,02:15,02:30,Erhardt,0,0,0
2026.02.25,02:30,02:45,Erhardt,0,1,1
2026.02.25,02:45,03:00,Erhardt,0,0,0
2026.02.25,03:00,03:15,Erhardt,1,0,1
2026.02.25,03:15,03:30,Erhardt,0,0,0
2026.02.25,03:30,03:45,Erhardt,0,2,2
2026.02.25,03:45,04:00,Erhardt,2,0,2
2026.02.25,04:00,04:15,Erhardt,0,0,0
2026.02.25,04:15,04:30,Erhardt,0,0,0
2026.02.25,04:30,04:45,Erhardt,0,0,0
2026.02.25,04:45,05:00,Erhardt,0,2,2
2026.02.25,05:00,05:15,Erhardt,1,0,1
2026.02.25,05:15,05:30,Erhardt,4,2,6
2026.02.25,05:30,05:45,Erhardt,2,6,8
2026.02.25,05:45,06:00,Erhardt,5,6,11
2026.02.25,06:00,06:15,Erhardt,6,4,10
2026.02.25,06:15,06:30,Erhardt,5,7,12
2026.02.25,06:30,06:45,Erhardt,16,11,27
2026.02.25,06:45,07:00,Erhardt,10,12,22
2026.02.25,07:00,07:15,Erhardt,24,16,40
2026.02.25,07:15,07:30,Erhardt,30,30,60
2026.02.25,07:30,07:45,Erhardt,52,35,87
2026.02.25,07:45,08:00,Erhardt,37,45,82
2026.02.25,08:00,08:15,Erhardt,42,53,95
2026.02.25,08:15,08:30,Erhardt,48,53,101
2026.02.25,08:30,08:45,Erhardt,45,68,113
2026.02.25,08:45,09:00,Erhardt,49,54,103
2026.02.25,09:00,09:15,Erhardt,38,32,70
2026.02.25,09:15,09:30,Erhardt,35,23,58
2026.02.25,09:30,09:45,Erhardt,29,35,64
2026.02.25,09:45,10:00,Erhardt,23,28,51
2026.02.25,10:00,10:15,Erhardt,26,21,47
2026.02.25,10:15,10:30,Erhardt,19,14,33
2026.02.25,10:30,10:45,Erhardt,19,20,39
2026.02.25,10:45,11:00,Erhardt,18,15,33
2026.02.25,11:00,11:15,Erhardt,20,18,38
2026.02.25,11:15,11:30,Erhardt,24,12,36
2026.02.25,11:30,11:45,Erhardt,16,18,34
2026.02.25,11:45,12:00,Erhardt,18,28,46
2026.02.25,12:00,12:15,Erhardt,25,18,43
2026.02.25,12:15,12:30,Erhardt,26,26,52
2026.02.25,12:30,12:45,Erhardt,27,16,43
2026.02.25,12:45,13:00,Erhardt,18,35,53
2026.02.25,13:00,13:15,Erhardt,18,28,46
2026.02.25,13:15,13:30,Erhardt,35,20,55
2026.02.25,13:30,13:45,Erhardt,29,17,46
2026.02.25,13:45,14:00,Erhardt,36,31,67
2026.02.25,14:00,14:15,Erhardt,30,32,62
2026.02.25,14:15,14:30,Erhardt,31,20,51
2026.02.25,14:30,14:45,Erhardt,29,41,70
2026.02.25,14:45,15:00,Erhardt,28,39,67
2026.02.25,15:00,15:15,Erhardt,39,38,77
2026.02.25,15:15,15:30,Erhardt,38,29,67
2026.02.25,15:30,15:45,Erhardt,53,27,80
2026.02.25,15:45,16:00,Erhardt,45,24,69
2026.02.25,16:00,16:15,Erhardt,51,36,87
2026.02.25,16:15,16:30,Erhardt,56,37,93
2026.02.25,16:30,16:45,Erhardt,38,41,79
2026.02.25,16:45,17:00,Erhardt,53,23,76
2026.02.25,17:00,17:15,Erhardt,41,39,80
2026.02.25,17:15,17:30,Erhardt,63,50,113
2026.02.25,17:30,17:45,Erhardt,56,49,105
2026.02.25,17:45,18:00,Erhardt,62,40,102
2026.02.25,18:00,18:15,Erhardt,62,46,108
2026.02.25,18:15,18:30,Erhardt,65,33,98
2026.02.25,18:30,18:45,Erhardt,66,31,97
2026.02.25,18:45,19:00,Erhardt,44,27,71
2026.02.25,19:00,19:15,Erhardt,54,36,90
2026.02.25,19:15,19:30,Erhardt,42,18,60
2026.02.25,19:30,19:45,Erhardt,30,27,57
2026.02.25,19:45,20:00,Erhardt,20,23,43
2026.02.25,20:00,20:15,Erhardt,27,12,39
2026.02.25,20:15,20:30,Erhardt,16,21,37
2026.02.25,20:30,20:45,Erhardt,17,19,36
2026.02.25,20:45,21:00,Erhardt,11,15,26
2026.02.25,21:00,21:15,Erhardt,10,11,21
2026.02.25,21:15,21:30,Erhardt,24,15,39
2026.02.25,21:30,21:45,Erhardt,11,12,23
2026.02.25,21:45,22:00,Erhardt,14,10,24
2026.02.25,22:00,22:15,Erhardt,16,16,32
2026.02.25,22:15,22:30,Erhardt,19,13,32
2026.02.25,22:30,22:45,Erhardt,13,11,24
2026.02.25,22:45,23:00,Erhardt,15,8,23
2026.02.25,23:00,23:15,Erhardt,13,9,22
2026.02.25,23:15,23:30,Erhardt,6,8,14
2026.02.25,23:30,23:45,Erhardt,7,3,10
2026.02.25,23:45,00:00,Erhardt,3,1,4
2026.02.26,00:00,00:15,Erhardt,3,6,9
2026.02.26,00:15,00:30,Erhardt,0,2,2
2026.02.26,00:30,00:45,Erhardt,2,0,2
2026.02.26,00:45,01:00,Erhardt,3,0,3
2026.02.26,01:00,01:15,Erhardt,0,1,1
2026.02.26,01:15,01:30,Erhardt,1,3,4
2026.02.26,01:30,01:45,Erhardt,1,1,2
2026.02.26,01:45,02:00,Erhardt,1,0,1
2026.02.26,02:00,02:15,Erhardt,1,2,3
2026.02.26,02:15,02:30,Erhardt,0,0,0
2026.02.26,02:30,02:45,Erhardt,0,0,0
2026.02.26,02:45,03:00,Erhardt,1,0,1
2026.02.26,03:00,03:15,Erhardt,0,0,0
2026.02.26,03:15,03:30,Erhardt,0,0,0
2026.02.26,03:30,03:45,Erhardt,0,0,0
2026.02.26,03:45,04:00,Erhardt,0,0,0
2026.02.26,04:00,04:15,Erhardt,0,1,1
2026.02.26,04:15,04:30,Erhardt,0,0,0
2026.02.26,04:30,04:45,Erhardt,0,0,0
2026.02.26,04:45,05:00,Erhardt,0,1,1
2026.02.26,05:00,05:15,Erhardt,0,0,0
2026.02.26,05:15,05:30,Erhardt,3,3,6
2026.02.26,05:30,05:45,Erhardt,5,4,9
2026.02.26,05:45,06:00,Erhardt,7,4,11
2026.02.26,06:00,06:15,Erhardt,6,7,13
2026.02.26,06:15,06:30,Erhardt,8,6,14
2026.02.26,06:30,06:45,Erhardt,6,18,24
2026.02.26,06:45,07:00,Erhardt,14,17,31
2026.02.26,07:00,07:15,Erhardt,19,16,35
2026.02.26,07:15,07:30,Erhardt,23,40,63
2026.02.26,07:30,07:45,Erhardt,42,39,81
2026.02.26,07:45,08:00,Erhardt,60,50,110
2026.02.26,08:00,08:15,Erhardt,78,48,126
2026.02.26,08:15,08:30,Erhardt,57,58,115
2026.02.26,08:30,08:45,Erhardt,73,59,132
2026.02.26,08:45,09:00,Erhardt,50,58,108
2026.02.26,09:00,09:15,Erhardt,39,46,85
2026.02.26,09:15,09:30,Erhardt,29,35,64
2026.02.26,09:30,09:45,Erhardt,25,38,63
2026.02.26,09:45,10:00,Erhardt,21,23,44
2026.02.26,10:00,10:15,Erhardt,18,26,44
2026.02.26,10:15,10:30,Erhardt,20,18,38
2026.02.26,10:30,10:45,Erhardt,17,21,38
2026.02.26,10:45,11:00,Erhardt,22,29,51
2026.02.26,11:00,11:15,Erhardt,14,24,38
2026.02.26,11:15,11:30,Erhardt,20,30,50
2026.02.26,11:30,11:45,Erhardt,30,25,55
2026.02.26,11:45,12:00,Erhardt,24,32,56
2026.02.26,12:00,12:15,Erhardt,22,17,39
2026.02.26,12:15,12:30,Erhardt,25,22,47
2026.02.26,12:30,12:45,Erhardt,23,22,45
2026.02.26,12:45,13:00,Erhardt,34,27,61
2026.02.26,13:00,13:15,Erhardt,39,29,68
2026.02.26,13:15,13:30,Erhardt,32,25,57
2026.02.26,13:30,13:45,Erhardt,38,33,71
2026.02.26,13:45,14:00,Erhardt,30,31,61
2026.02.26,14:00,14:15,Erhardt,49,29,78
2026.02.26,14:15,14:30,Erhardt,52,48,100
2026.02.26,14:30,14:45,Erhardt,34,29,63
2026.02.26,14:45,15:00,Erhardt,46,41,87
2026.02.26,15:00,15:15,Erhardt,49,21,70
2026.02.26,15:15,15:30,Erhardt,44,32,76
2026.02.26,15:30,15:45,Erhardt,33,43,76
2026.02.26,15:45,16:00,Erhardt,52,45,97
2026.02.26,16:00,16:15,Erhardt,56,28,84
2026.02.26,16:15,16:30,Erhardt,47,39,86
2026.02.26,16:30,16:45,Erhardt,48,40,88
2026.02.26,16:45,17:00,Erhardt,52,58,110
2026.02.26,17:00,17:15,Erhardt,65,48,113
2026.02.26,17:15,17:30,Erhardt,63,39,102
2026.02.26,17:30,17:45,Erhardt,69,50,119
2026.02.26,17:45,18:00,Erhardt,58,64,122
2026.02.26,18:00,18:15,Erhardt,62,36,98
2026.02.26,18:15,18:30,Erhardt,71,61,132
2026.02.26,18:30,18:45,Erhardt,65,44,109
2026.02.26,18:45,19:00,Erhardt,56,47,103
2026.02.26,19:00,19:15,Erhardt,47,29,76
2026.02.26,19:15,19:30,Erhardt,32,23,55
2026.02.26,19:30,19:45,Erhardt,35,40,75
2026.02.26,19:45,20:00,Erhardt,41,25,66
2026.02.26,20:00,20:15,Erhardt,32,15,47
2026.02.26,20:15,20:30,Erhardt,29,16,45
2026.02.26,20:30,20:45,Erhardt,13,10,23
2026.02.26,20:45,21:00,Erhardt,10,15,25
2026.02.26,21:00,21:15,Erhardt,29,16,45
2026.02.26,21:15,21:30,Erhardt,10,11,21
2026.02.26,21:30,21:45,Erhardt,12,19,31
2026.02.26,21:45,22:00,Erhardt,20,18,38
2026.02.26,22:00,22:15,Erhardt,10,15,25
2026.02.26,22:15,22:30,Erhardt,22,9,31
2026.02.26,22:30,22:45,Erhardt,14,18,32
2026.02.26,22:45,23:00,Erhardt,13,9,22
2026.02.26,23:00,23:15,Erhardt,12,13,25
2026.02.26,23:15,23:30,Erhardt,10,14,24
2026.02.26,23:30,23:45,Erhardt,2,6,8
2026.02.26,23:45,00:00,Erhardt,5,4,9
2026.02.27,00:00,00:15,Erhardt,5,4,9
2026.02.27,00:15,00:30,Erhardt,2,5,7
2026.02.27,00:30,00:45,Erhardt,3,3,6
2026.02.27,00:45,01:00,Erhardt,2,0,2
2026.02.27,01:00,01:15,Erhardt,1,0,1
2026.02.27,01:15,01:30,Erhardt,0,1,1
2026.02.27,01:30,01:45,Erhardt,1,2,3
2026.02.27,01:45,02:00,Erhardt,1,0,1
2026.02.27,02:00,02:15,Erhardt,0,2,2
2026.02.27,02:15,02:30,Erhardt,0,0,0
2026.02.27,02:30,02:45,Erhardt,1,0,1
2026.02.27,02:45,03:00,Erhardt,0,1,1
2026.02.27,03:00,03:15,Erhardt,1,1,2
2026.02.27,03:15,03:30,Erhardt,1,0,1
2026.02.27,03:30,03:45,Erhardt,0,1,1
2026.02.27,03:45,04:00,Erhardt,0,0,0
2026.02.27,04:00,04:15,Erhardt,0,0,0
2026.02.27,04:15,04:30,Erhardt,1,0,1
2026.02.27,04:30,04:45,Erhardt,1,1,2
2026.02.27,04:45,05:00,Erhardt,0,1,1
2026.02.27,05:00,05:15,Erhardt,0,2,2
2026.02.27,05:15,05:30,Erhardt,2,3,5
2026.02.27,05:30,05:45,Erhardt,9,7,16
2026.02.27,05:45,06:00,Erhardt,4,9,13
2026.02.27,06:00,06:15,Erhardt,4,8,12
2026.02.27,06:15,06:30,Erhardt,14,13,27
2026.02.27,06:30,06:45,Erhardt,17,16,33
2026.02.27,06:45,07:00,Erhardt,21,30,51
2026.02.27,07:00,07:15,Erhardt,42,47,89
2026.02.27,07:15,07:30,Erhardt,49,46,95
2026.02.27,07:30,07:45,Erhardt,58,78,136
2026.02.27,07:45,08:00,Erhardt,82,85,167
2026.02.27,08:00,08:15,Erhardt,68,82,150
2026.02.27,08:15,08:30,Erhardt,64,77,141
2026.02.27,08:30,08:45,Erhardt,82,100,182
2026.02.27,08:45,09:00,Erhardt,54,69,123
2026.02.27,09:00,09:15,Erhardt,52,70,122
2026.02.27,09:15,09:30,Erhardt,43,57,100
2026.02.27,09:30,09:45,Erhardt,51,68,119
2026.02.27,09:45,10:00,Erhardt,40,44,84
2026.02.27,10:00,10:15,Erhardt,34,38,72
2026.02.27,10:15,10:30,Erhardt,22,45,67
2026.02.27,10:30,10:45,Erhardt,39,33,72
2026.02.27,10:45,11:00,Erhardt,47,28,75
2026.02.27,11:00,11:15,Erhardt,23,39,62
2026.02.27,11:15,11:30,Erhardt,33,39,72
2026.02.27,11:30,11:45,Erhardt,52,50,102
2026.02.27,11:45,12:00,Erhardt,43,58,101
2026.02.27,12:00,12:15,Erhardt,36,46,82
2026.02.27,12:15,12:30,Erhardt,39,56,95
2026.02.27,12:30,12:45,Erhardt,56,49,105
2026.02.27,12:45,13:00,Erhardt,52,31,83
2026.02.27,13:00,13:15,Erhardt,47,61,108
2026.02.27,13:15,13:30,Erhardt,77,55,132
2026.02.27,13:30,13:45,Erhardt,65,89,154
2026.02.27,13:45,14:00,Erhardt,68,67,135
2026.02.27,14:00,14:15,Erhardt,65,64,129
2026.02.27,14:15,14:30,Erhardt,71,82,153
2026.02.27,14:30,14:45,Erhardt,90,88,178
2026.02.27,14:45,15:00,Erhardt,85,91,176
2026.02.27,15:00,15:15,Erhardt,89,86,175
2026.02.27,15:15,15:30,Erhardt,87,78,165
2026.02.27,15:30,15:45,Erhardt,104,70,174
2026.02.27,15:45,16:00,Erhardt,96,80,176
2026.02.27,16:00,16:15,Erhardt,95,74,169
2026.02.27,16:15,16:30,Erhardt,83,107,190
2026.02.27,16:30,16:45,Erhardt,78,91,169
2026.02.27,16:45,17:00,Erhardt,80,80,160
2026.02.27,17:00,17:15,Erhardt,98,86,184
2026.02.27,17:15,17:30,Erhardt,117,95,212
2026.02.27,17:30,17:45,Erhardt,99,77,176
2026.02.27,17:45,18:00,Erhardt,95,96,191
2026.02.27,18:00,18:15,Erhardt,88,97,185
2026.02.27,18:15,18:30,Erhardt,85,95,180
2026.02.27,18:30,18:45,Erhardt,85,76,161
2026.02.27,18:45,19:00,Erhardt,71,76,147
2026.02.27,19:00,19:15,Erhardt,68,57,125
2026.02.27,19:15,19:30,Erhardt,50,55,105
2026.02.27,19:30,19:45,Erhardt,56,52,108
2026.02.27,19:45,20:00,Erhardt,51,60,111
2026.02.27,20:00,20:15,Erhardt,36,51,87
2026.02.27,20:15,20:30,Erhardt,34,29,63
2026.02.27,20:30,20:45,Erhardt,26,30,56
2026.02.27,20:45,21:00,Erhardt,15,22,37
2026.02.27,21:00,21:15,Erhardt,24,19,43
2026.02.27,21:15,21:30,Erhardt,17,26,43
2026.02.27,21:30,21:45,Erhardt,23,27,50
2026.02.27,21:45,22:00,Erhardt,29,24,53
2026.02.27,22:00,22:15,Erhardt,28,31,59
2026.02.27,22:15,22:30,Erhardt,24,28,52
2026.02.27,22:30,22:45,Erhardt,20,36,56
2026.02.27,22:45,23:00,Erhardt,19,24,43
2026.02.27,23:00,23:15,Erhardt,31,15,46
2026.02.27,23:15,23:30,Erhardt,23,30,53
2026.02.27,23:30,23:45,Erhardt,17,28,45
2026.02.27,23:45,00:00,Erhardt,14,19,33
2026.02.28,00:00,00:15,Erhardt,15,9,24
2026.02.28,00:15,00:30,Erhardt,11,17,28
2026.02.28,00:30,00:45,Erhardt,9,14,23
2026.02.28,00:45,01:00,Erhardt,10,13,23
2026.02.28,01:00,01:15,Erhardt,9,15,24
2026.02.28,01:15,01:30,Erhardt,6,7,13
2026.02.28,01:30,01:45,Erhardt,5,9,14
2026.02.28,01:45,02:00,Erhardt,5,6,11
2026.02.28,02:00,02:15,Erhardt,7,6,13
2026.02.28,02:15,02:30,Erhardt,1,5,6
2026.02.28,02:30,02:45,Erhardt,0,4,4
2026.02.28,02:45,03:00,Erhardt,1,3,4
2026.02.28,03:00,03:15,Erhardt,2,1,3
2026.02.28,03:15,03:30,Erhardt,5,2,7
2026.02.28,03:30,03:45,Erhardt,2,3,5
2026.02.28,03:45,04:00,Erhardt,1,2,3
2026.02.28,04:00,04:15,Erhardt,3,0,3
2026.02.28,04:15,04:30,Erhardt,0,0,0
2026.02.28,04:30,04:45,Erhardt,2,2,4
2026.02.28,04:45,05:00,Erhardt,0,0,0
2026.02.28,05:00,05:15,Erhardt,1,0,1
2026.02.28,05:15,05:30,Erhardt,1,3,4
2026.02.28,05:30,05:45,Erhardt,2,2,4
2026.02.28,05:45,06:00,Erhardt,0,7,7
2026.02.28,06:00,06:15,Erhardt,0,4,4
2026.02.28,06:15,06:30,Erhardt,1,3,4
2026.02.28,06:30,06:45,Erhardt,4,3,7
2026.02.28,06:45,07:00,Erhardt,2,2,4
2026.02.28,07:00,07:15,Erhardt,7,3,10
2026.02.28,07:15,07:30,Erhardt,8,7,15
2026.02.28,07:30,07:45,Erhardt,2,8,10
2026.02.28,07:45,08:00,Erhardt,4,5,9
2026.02.28,08:00,08:15,Erhardt,8,11,19
2026.02.28,08:15,08:30,Erhardt,13,19,32
2026.02.28,08:30,08:45,Erhardt,16,25,41
2026.02.28,08:45,09:00,Erhardt,24,21,45
2026.02.28,09:00,09:15,Erhardt,22,22,44
2026.02.28,09:15,09:30,Erhardt,33,23,56
2026.02.28,09:30,09:45,Erhardt,34,48,82
2026.02.28,09:45,10:00,Erhardt,55,44,99
2026.02.28,10:00,10:15,Erhardt,49,48,97
2026.02.28,10:15,10:30,Erhardt,49,38,87
2026.02.28,10:30,10:45,Erhardt,55,51,106
2026.02.28,10:45,11:00,Erhardt,67,42,109
2026.02.28,11:00,11:15,Erhardt,59,33,92
2026.02.28,11:15,11:30,Erhardt,51,52,103
2026.02.28,11:30,11:45,Erhardt,57,66,123
2026.02.28,11:45,12:00,Erhardt,72,69,141
2026.02.28,12:00,12:15,Erhardt,69,72,141
2026.02.28,12:15,12:30,Erhardt,69,59,128
2026.02.28,12:30,12:45,Erhardt,63,64,127
2026.02.28,12:45,13:00,Erhardt,61,73,134
2026.02.28,13:00,13:15,Erhardt,75,67,142
2026.02.28,13:15,13:30,Erhardt,79,73,152
2026.02.28,13:30,13:45,Erhardt,73,95,168
2026.02.28,13:45,14:00,Erhardt,72,84,156
2026.02.28,14:00,14:15,Erhardt,96,93,189
2026.02.28,14:15,14:30,Erhardt,73,113,186
2026.02.28,14:30,14:45,Erhardt,67,84,151
2026.02.28,14:45,15:00,Erhardt,84,88,172
2026.02.28,15:00,15:15,Erhardt,71,91,162
2026.02.28,15:15,15:30,Erhardt,107,71,178
2026.02.28,15:30,15:45,Erhardt,79,102,181
2026.02.28,15:45,16:00,Erhardt,55,81,136
2026.02.28,16:00,16:15,Erhardt,63,91,154
2026.02.28,16:15,16:30,Erhardt,74,63,137
2026.02.28,16:30,16:45,Erhardt,55,74,129
2026.02.28,16:45,17:00,Erhardt,53,69,122
2026.02.28,17:00,17:15,Erhardt,67,52,119
2026.02.28,17:15,17:30,Erhardt,59,74,133
2026.02.28,17:30,17:45,Erhardt,67,58,125
2026.02.28,17:45,18:00,Erhardt,52,80,132
2026.02.28,18:00,18:15,Erhardt,45,66,111
2026.02.28,18:15,18:30,Erhardt,61,42,103
2026.02.28,18:30,18:45,Erhardt,39,55,94
2026.02.28,18:45,19:00,Erhardt,48,42,90
2026.02.28,19:00,19:15,Erhardt,35,40,75
2026.02.28,19:15,19:30,Erhardt,22,58,80
2026.02.28,19:30,19:45,Erhardt,29,35,64
2026.02.28,19:45,20:00,Erhardt,24,19,43
2026.02.28,20:00,20:15,Erhardt,27,23,50
2026.02.28,20:15,20:30,Erhardt,17,25,42
2026.02.28,20:30,20:45,Erhardt,22,20,42
2026.02.28,20:45,21:00,Erhardt,14,13,27
2026.02.28,21:00,21:15,Erhardt,16,22,38
2026.02.28,21:15,21:30,Erhardt,23,15,38
2026.02.28,21:30,21:45,Erhardt,14,14,28
2026.02.28,21:45,22:00,Erhardt,20,24,44
2026.02.28,22:00,22:15,Erhardt,21,25,46
2026.02.28,22:15,22:30,Erhardt,22,25,47
2026.02.28,22:30,22:45,Erhardt,16,17,33
2026.02.28,22:45,23:00,Erhardt,16,32,48
2026.02.28,23:00,23:15,Erhardt,25,15,40
2026.02.28,23:15,23:30,Erhardt,16,19,35
2026.02.28,23:30,23:45,Erhardt,17,19,36
2026.02.28,23:45,00:00,Erhardt,15,12,27
