datum,uhrzeit_start,uhrzeit_ende,zaehlstelle,richtung_1,richtung_2,gesamt
2026.06.01,00:00,00:15,Kreuther,0,0,0
2026.06.01,00:15,00:30,Kreuther,0,0,0
2026.06.01,00:30,00:45,Kreuther,0,0,0
2026.06.01,00:45,01:00,Kreuther,0,0,0
2026.06.01,01:00,01:15,Kreuther,0,0,0
2026.06.01,01:15,01:30,Kreuther,0,0,0
2026.06.01,01:30,01:45,Kreuther,0,0,0
2026.06.01,01:45,02:00,Kreuther,0,0,0
2026.06.01,02:00,02:15,Kreuther,1,0,1
2026.06.01,02:15,02:30,Kreuther,0,0,0
2026.06.01,02:30,02:45,Kreuther,0,0,0
2026.06.01,02:45,03:00,Kreuther,0,0,0
2026.06.01,03:00,03:15,Kreuther,0,0,0
2026.06.01,03:15,03:30,Kreuther,0,0,0
2026.06.01,03:30,03:45,Kreuther,1,0,1
2026.06.01,03:45,04:00,Kreuther,0,0,0
2026.06.01,04:00,04:15,Kreuther,0,0,0
2026.06.01,04:15,04:30,Kreuther,1,0,1
2026.06.01,04:30,04:45,Kreuther,0,0,0
2026.06.01,04:45,05:00,Kreuther,0,0,0
2026.06.01,05:00,05:15,Kreuther,2,0,2
2026.06.01,05:15,05:30,Kreuther,5,0,5
2026.06.01,05:30,05:45,Kreuther,2,1,3
2026.06.01,05:45,06:00,Kreuther,2,2,4
2026.06.01,06:00,06:15,Kreuther,1,2,3
2026.06.01,06:15,06:30,Kreuther,3,0,3
2026.06.01,06:30,06:45,Kreuther,3,1,4
2026.06.01,06:45,07:00,Kreuther,2,0,2
2026.06.01,07:00,07:15,Kreuther,4,1,5
2026.06.01,07:15,07:30,Kreuther,17,5,22
2026.06.01,07:30,07:45,Kreuther,12,4,16
2026.06.01,07:45,08:00,Kreuther,11,2,13
2026.06.01,08:00,08:15,Kreuther,28,5,33
2026.06.01,08:15,08:30,Kreuther,19,2,21
2026.06.01,08:30,08:45,Kreuther,17,2,19
2026.06.01,08:45,09:00,Kreuther,11,4,15
2026.06.01,09:00,09:15,Kreuther,14,2,16
2026.06.01,09:15,09:30,Kreuther,9,3,12
2026.06.01,09:30,09:45,Kreuther,5,4,9
2026.06.01,09:45,10:00,Kreuther,3,1,4
2026.06.01,10:00,10:15,Kreuther,0,2,2
2026.06.01,10:15,10:30,Kreuther,4,0,4
2026.06.01,10:30,10:45,Kreuther,3,2,5
2026.06.01,10:45,11:00,Kreuther,3,0,3
2026.06.01,11:00,11:15,Kreuther,4,3,7
2026.06.01,11:15,11:30,Kreuther,4,3,7
2026.06.01,11:30,11:45,Kreuther,5,1,6
2026.06.01,11:45,12:00,Kreuther,3,4,7
2026.06.01,12:00,12:15,Kreuther,4,2,6
2026.06.01,12:15,12:30,Kreuther,2,1,3
2026.06.01,12:30,12:45,Kreuther,2,3,5
2026.06.01,12:45,13:00,Kreuther,6,3,9
2026.06.01,13:00,13:15,Kreuther,2,3,5
2026.06.01,13:15,13:30,Kreuther,6,3,9
2026.06.01,13:30,13:45,Kreuther,6,2,8
2026.06.01,13:45,14:00,Kreuther,4,0,4
2026.06.01,14:00,14:15,Kreuther,5,6,11
2026.06.01,14:15,14:30,Kreuther,4,6,10
2026.06.01,14:30,14:45,Kreuther,6,5,11
2026.06.01,14:45,15:00,Kreuther,5,3,8
2026.06.01,15:00,15:15,Kreuther,3,5,8
2026.06.01,15:15,15:30,Kreuther,6,9,15
2026.06.01,15:30,15:45,Kreuther,5,6,11
2026.06.01,15:45,16:00,Kreuther,3,12,15
2026.06.01,16:00,16:15,Kreuther,2,11,13
2026.06.01,16:15,16:30,Kreuther,6,7,13
2026.06.01,16:30,16:45,Kreuther,9,7,16
2026.06.01,16:45,17:00,Kreuther,8,3,11
2026.06.01,17:00,17:15,Kreuther,2,7,9
2026.06.01,17:15,17:30,Kreuther,2,13,15
2026.06.01,17:30,17:45,Kreuther,7,10,17
2026.06.01,17:45,18:00,Kreuther,6,12,18
2026.06.01,18:00,18:15,Kreuther,8,12,20
2026.06.01,18:15,18:30,Kreuther,6,17,23
2026.06.01,18:30,18:45,Kreuther,3,8,11
2026.06.01,18:45,19:00,Kreuther,5,9,14
2026.06.01,19:00,19:15,Kreuther,6,6,12
2026.06.01,19:15,19:30,Kreuther,2,6,8
2026.06.01,19:30,19:45,Kreuther,5,6,11
2026.06.01,19:45,20:00,Kreuther,3,8,11
2026.06.01,20:00,20:15,Kreuther,3,7,10
2026.06.01,20:15,20:30,Kreuther,2,2,4
2026.06.01,20:30,20:45,Kreuther,7,6,13
2026.06.01,20:45,21:00,Kreuther,4,3,7
2026.06.01,21:00,21:15,Kreuther,0,2,2
2026.06.01,21:15,21:30,Kreuther,1,1,2
2026.06.01,21:30,21:45,Kreuther,2,5,7
2026.06.01,21:45,22:00,Kreuther,0,3,3
2026.06.01,22:00,22:15,Kreuther,2,1,3
2026.06.01,22:15,22:30,Kreuther,0,0,0
2026.06.01,22:30,22:45,Kreuther,2,2,4
2026.06.01,22:45,23:00,Kreuther,1,1,2
2026.06.01,23:00,23:15,Kreuther,0,0,0
2026.06.01,23:15,23:30,Kreuther,0,0,0
2026.06.01,23:30,23:45,Kreuther,1,1,2
2026.06.01,23:45,00:00,Kreuther,0,0,0
2026.06.02,00:00,00:15,Kreuther,0,0,0
2026.06.02,00:15,00:30,Kreuther,0,0,0
2026.06.02,00:30,00:45,Kreuther,0,2,2
2026.06.02,00:45,01:00,Kreuther,0,0,0
2026.06.02,01:00,01:15,Kreuther,0,0,0
2026.06.02,01:15,01:30,Kreuther,0,0,0
2026.06.02,01:30,01:45,Kreuther,0,0,0
2026.06.02,01:45,02:00,Kreuther,0,0,0
2026.06.02,02:00,02:15,Kreuther,1,1,2
2026.06.02,02:15,02:30,Kreuther,0,0,0
2026.06.02,02:30,02:45,Kreuther,0,0,0
2026.06.02,02:45,03:00,Kreuther,0,0,0
2026.06.02,03:00,03:15,Kreuther,0,0,0
2026.06.02,03:15,03:30,Kreuther,0,0,0
2026.06.02,03:30,03:45,Kreuther,0,0,0
2026.06.02,03:45,04:00,Kreuther,0,0,0
2026.06.02,04:00,04:15,Kreuther,0,0,0
2026.06.02,04:15,04:30,Kreuther,0,0,0
2026.06.02,04:30,04:45,Kreuther,0,0,0
2026.06.02,04:45,05:00,Kreuther,0,0,0
2026.06.02,05:00,05:15,Kreuther,1,0,1
2026.06.02,05:15,05:30,Kreuther,4,1,5
2026.06.02,05:30,05:45,Kreuther,2,1,3
2026.06.02,05:45,06:00,Kreuther,2,1,3
2026.06.02,06:00,06:15,Kreuther,3,3,6
2026.06.02,06:15,06:30,Kreuther,6,0,6
2026.06.02,06:30,06:45,Kreuther,3,2,5
2026.06.02,06:45,07:00,Kreuther,9,0,9
2026.06.02,07:00,07:15,Kreuther,8,0,8
2026.06.02,07:15,07:30,Kreuther,10,2,12
2026.06.02,07:30,07:45,Kreuther,14,5,19
2026.06.02,07:45,08:00,Kreuther,18,0,18
2026.06.02,08:00,08:15,Kreuther,22,4,26
2026.06.02,08:15,08:30,Kreuther,21,5,26
2026.06.02,08:30,08:45,Kreuther,28,4,32
2026.06.02,08:45,09:00,Kreuther,14,7,21
2026.06.02,09:00,09:15,Kreuther,7,3,10
2026.06.02,09:15,09:30,Kreuther,12,2,14
2026.06.02,09:30,09:45,Kreuther,6,3,9
2026.06.02,09:45,10:00,Kreuther,4,3,7
2026.06.02,10:00,10:15,Kreuther,3,0,3
2026.06.02,10:15,10:30,Kreuther,13,1,14
2026.06.02,10:30,10:45,Kreuther,5,3,8
2026.06.02,10:45,11:00,Kreuther,8,3,11
2026.06.02,11:00,11:15,Kreuther,7,2,9
2026.06.02,11:15,11:30,Kreuther,2,4,6
2026.06.02,11:30,11:45,Kreuther,3,3,6
2026.06.02,11:45,12:00,Kreuther,5,0,5
2026.06.02,12:00,12:15,Kreuther,6,5,11
2026.06.02,12:15,12:30,Kreuther,3,5,8
2026.06.02,12:30,12:45,Kreuther,4,6,10
2026.06.02,12:45,13:00,Kreuther,9,4,13
2026.06.02,13:00,13:15,Kreuther,6,8,14
2026.06.02,13:15,13:30,Kreuther,5,10,15
2026.06.02,13:30,13:45,Kreuther,6,6,12
2026.06.02,13:45,14:00,Kreuther,2,1,3
2026.06.02,14:00,14:15,Kreuther,7,5,12
2026.06.02,14:15,14:30,Kreuther,3,3,6
2026.06.02,14:30,14:45,Kreuther,7,9,16
2026.06.02,14:45,15:00,Kreuther,4,7,11
2026.06.02,15:00,15:15,Kreuther,8,11,19
2026.06.02,15:15,15:30,Kreuther,7,10,17
2026.06.02,15:30,15:45,Kreuther,5,6,11
2026.06.02,15:45,16:00,Kreuther,5,9,14
2026.06.02,16:00,16:15,Kreuther,8,5,13
2026.06.02,16:15,16:30,Kreuther,3,9,12
2026.06.02,16:30,16:45,Kreuther,8,10,18
2026.06.02,16:45,17:00,Kreuther,15,3,18
2026.06.02,17:00,17:15,Kreuther,8,12,20
2026.06.02,17:15,17:30,Kreuther,5,12,17
2026.06.02,17:30,17:45,Kreuther,4,21,25
2026.06.02,17:45,18:00,Kreuther,7,21,28
2026.06.02,18:00,18:15,Kreuther,0,15,15
2026.06.02,18:15,18:30,Kreuther,5,8,13
2026.06.02,18:30,18:45,Kreuther,4,16,20
2026.06.02,18:45,19:00,Kreuther,7,7,14
2026.06.02,19:00,19:15,Kreuther,5,4,9
2026.06.02,19:15,19:30,Kreuther,6,9,15
2026.06.02,19:30,19:45,Kreuther,2,6,8
2026.06.02,19:45,20:00,Kreuther,1,2,3
2026.06.02,20:00,20:15,Kreuther,0,8,8
2026.06.02,20:15,20:30,Kreuther,3,2,5
2026.06.02,20:30,20:45,Kreuther,1,2,3
2026.06.02,20:45,21:00,Kreuther,2,0,2
2026.06.02,21:00,21:15,Kreuther,0,5,5
2026.06.02,21:15,21:30,Kreuther,0,6,6
2026.06.02,21:30,21:45,Kreuther,2,3,5
2026.06.02,21:45,22:00,Kreuther,1,0,1
2026.06.02,22:00,22:15,Kreuther,0,1,1
2026.06.02,22:15,22:30,Kreuther,1,2,3
2026.06.02,22:30,22:45,Kreuther,2,0,2
2026.06.02,22:45,23:00,Kreuther,1,1,2
2026.06.02,23:00,23:15,Kreuther,0,1,1
2026.06.02,23:15,23:30,Kreuther,1,0,1
2026.06.02,23:30,23:45,Kreuther,0,0,0
2026.06.02,23:45,00:00,Kreuther,0,0,0
2026.06.03,00:00,00:15,Kreuther,0,0,0
2026.06.03,00:15,00:30,Kreuther,0,3,3
2026.06.03,00:30,00:45,Kreuther,0,0,0
2026.06.03,00:45,01:00,Kreuther,0,0,0
2026.06.03,01:00,01:15,Kreuther,2,0,2
2026.06.03,01:15,01:30,Kreuther,1,0,1
2026.06.03,01:30,01:45,Kreuther,0,0,0
2026.06.03,01:45,02:00,Kreuther,0,0,0
2026.06.03,02:00,02:15,Kreuther,0,0,0
2026.06.03,02:15,02:30,Kreuther,1,0,1
2026.06.03,02:30,02:45,Kreuther,0,0,0
2026.06.03,02:45,03:00,Kreuther,0,0,0
2026.06.03,03:00,03:15,Kreuther,0,0,0
2026.06.03,03:15,03:30,Kreuther,0,0,0
2026.06.03,03:30,03:45,Kreuther,0,0,0
2026.06.03,03:45,04:00,Kreuther,0,0,0
2026.06.03,04:00,04:15,Kreuther,0,0,0
2026.06.03,04:15,04:30,Kreuther,0,0,0
2026.06.03,04:30,04:45,Kreuther,0,0,0
2026.06.03,04:45,05:00,Kreuther,0,0,0
2026.06.03,05:00,05:15,Kreuther,1,0,1
2026.06.03,05:15,05:30,Kreuther,4,1,5
2026.06.03,05:30,05:45,Kreuther,0,0,0
2026.06.03,05:45,06:00,Kreuther,3,1,4
2026.06.03,06:00,06:15,Kreuther,0,1,1
2026.06.03,06:15,06:30,Kreuther,1,1,2
2026.06.03,06:30,06:45,Kreuther,2,1,3
2026.06.03,06:45,07:00,Kreuther,4,0,4
2026.06.03,07:00,07:15,Kreuther,10,0,10
2026.06.03,07:15,07:30,Kreuther,8,2,10
2026.06.03,07:30,07:45,Kreuther,9,2,11
2026.06.03,07:45,08:00,Kreuther,10,1,11
2026.06.03,08:00,08:15,Kreuther,7,2,9
2026.06.03,08:15,08:30,Kreuther,10,5,15
2026.06.03,08:30,08:45,Kreuther,7,3,10
2026.06.03,08:45,09:00,Kreuther,13,0,13
2026.06.03,09:00,09:15,Kreuther,2,3,5
2026.06.03,09:15,09:30,Kreuther,7,1,8
2026.06.03,09:30,09:45,Kreuther,7,4,11
2026.06.03,09:45,10:00,Kreuther,10,1,11
2026.06.03,10:00,10:15,Kreuther,5,0,5
2026.06.03,10:15,10:30,Kreuther,1,4,5
2026.06.03,10:30,10:45,Kreuther,8,1,9
2026.06.03,10:45,11:00,Kreuther,3,4,7
2026.06.03,11:00,11:15,Kreuther,10,4,14
2026.06.03,11:15,11:30,Kreuther,2,0,2
2026.06.03,11:30,11:45,Kreuther,2,3,5
2026.06.03,11:45,12:00,Kreuther,6,7,13
2026.06.03,12:00,12:15,Kreuther,1,0,1
2026.06.03,12:15,12:30,Kreuther,2,2,4
2026.06.03,12:30,12:45,Kreuther,1,2,3
2026.06.03,12:45,13:00,Kreuther,0,2,2
2026.06.03,13:00,13:15,Kreuther,1,4,5
2026.06.03,13:15,13:30,Kreuther,1,2,3
2026.06.03,13:30,13:45,Kreuther,3,2,5
2026.06.03,13:45,14:00,Kreuther,1,3,4
2026.06.03,14:00,14:15,Kreuther,3,4,7
2026.06.03,14:15,14:30,Kreuther,0,1,1
2026.06.03,14:30,14:45,Kreuther,4,4,8
2026.06.03,14:45,15:00,Kreuther,1,5,6
2026.06.03,15:00,15:15,Kreuther,5,5,10
2026.06.03,15:15,15:30,Kreuther,8,10,18
2026.06.03,15:30,15:45,Kreuther,4,6,10
2026.06.03,15:45,16:00,Kreuther,6,4,10
2026.06.03,16:00,16:15,Kreuther,5,1,6
2026.06.03,16:15,16:30,Kreuther,6,6,12
2026.06.03,16:30,16:45,Kreuther,2,3,5
2026.06.03,16:45,17:00,Kreuther,3,2,5
2026.06.03,17:00,17:15,Kreuther,2,5,7
2026.06.03,17:15,17:30,Kreuther,1,10,11
2026.06.03,17:30,17:45,Kreuther,6,4,10
2026.06.03,17:45,18:00,Kreuther,3,4,7
2026.06.03,18:00,18:15,Kreuther,8,4,12
2026.06.03,18:15,18:30,Kreuther,6,2,8
2026.06.03,18:30,18:45,Kreuther,1,2,3
2026.06.03,18:45,19:00,Kreuther,5,3,8
2026.06.03,19:00,19:15,Kreuther,3,6,9
2026.06.03,19:15,19:30,Kreuther,4,9,13
2026.06.03,19:30,19:45,Kreuther,3,4,7
2026.06.03,19:45,20:00,Kreuther,2,4,6
2026.06.03,20:00,20:15,Kreuther,1,4,5
2026.06.03,20:15,20:30,Kreuther,5,6,11
2026.06.03,20:30,20:45,Kreuther,3,2,5
2026.06.03,20:45,21:00,Kreuther,2,3,5
2026.06.03,21:00,21:15,Kreuther,0,2,2
2026.06.03,21:15,21:30,Kreuther,4,6,10
2026.06.03,21:30,21:45,Kreuther,0,1,1
2026.06.03,21:45,22:00,Kreuther,1,4,5
2026.06.03,22:00,22:15,Kreuther,2,5,7
2026.06.03,22:15,22:30,Kreuther,3,1,4
2026.06.03,22:30,22:45,Kreuther,0,3,3
2026.06.03,22:45,23:00,Kreuther,0,0,0
2026.06.03,23:00,23:15,Kreuther,0,0,0
2026.06.03,23:15,23:30,Kreuther,0,0,0
2026.06.03,23:30,23:45,Kreuther,1,0,1
2026.06.03,23:45,00:00,Kreuther,0,0,0
2026.06.04,00:00,00:15,Kreuther,1,0,1
2026.06.04,00:15,00:30,Kreuther,0,1,1
2026.06.04,00:30,00:45,Kreuther,0,0,0
2026.06.04,00:45,01:00,Kreuther,0,4,4
2026.06.04,01:00,01:15,Kreuther,0,0,0
2026.06.04,01:15,01:30,Kreuther,0,0,0
2026.06.04,01:30,01:45,Kreuther,0,0,0
2026.06.04,01:45,02:00,Kreuther,0,1,1
2026.06.04,02:00,02:15,Kreuther,0,0,0
2026.06.04,02:15,02:30,Kreuther,0,1,1
2026.06.04,02:30,02:45,Kreuther,0,1,1
2026.06.04,02:45,03:00,Kreuther,0,0,0
2026.06.04,03:00,03:15,Kreuther,0,0,0
2026.06.04,03:15,03:30,Kreuther,0,0,0
2026.06.04,03:30,03:45,Kreuther,0,0,0
2026.06.04,03:45,04:00,Kreuther,0,2,2
2026.06.04,04:00,04:15,Kreuther,0,0,0
2026.06.04,04:15,04:30,Kreuther,0,0,0
2026.06.04,04:30,04:45,Kreuther,0,0,0
2026.06.04,04:45,05:00,Kreuther,1,0,1
2026.06.04,05:00,05:15,Kreuther,0,1,1
2026.06.04,05:15,05:30,Kreuther,1,1,2
2026.06.04,05:30,05:45,Kreuther,1,0,1
2026.06.04,05:45,06:00,Kreuther,1,0,1
2026.06.04,06:00,06:15,Kreuther,0,0,0
2026.06.04,06:15,06:30,Kreuther,2,0,2
2026.06.04,06:30,06:45,Kreuther,1,1,2
2026.06.04,06:45,07:00,Kreuther,1,0,1
2026.06.04,07:00,07:15,Kreuther,1,0,1
2026.06.04,07:15,07:30,Kreuther,1,1,2
2026.06.04,07:30,07:45,Kreuther,0,0,0
2026.06.04,07:45,08:00,Kreuther,1,0,1
2026.06.04,08:00,08:15,Kreuther,2,0,2
2026.06.04,08:15,08:30,Kreuther,0,1,1
2026.06.04,08:30,08:45,Kreuther,2,1,3
2026.06.04,08:45,09:00,Kreuther,2,1,3
2026.06.04,09:00,09:15,Kreuther,1,0,1
2026.06.04,09:15,09:30,Kreuther,4,0,4
2026.06.04,09:30,09:45,Kreuther,4,2,6
2026.06.04,09:45,10:00,Kreuther,3,2,5
2026.06.04,10:00,10:15,Kreuther,7,10,17
2026.06.04,10:15,10:30,Kreuther,5,2,7
2026.06.04,10:30,10:45,Kreuther,2,0,2
2026.06.04,10:45,11:00,Kreuther,15,6,21
2026.06.04,11:00,11:15,Kreuther,11,1,12
2026.06.04,11:15,11:30,Kreuther,6,9,15
2026.06.04,11:30,11:45,Kreuther,11,10,21
2026.06.04,11:45,12:00,Kreuther,6,3,9
2026.06.04,12:00,12:15,Kreuther,11,6,17
2026.06.04,12:15,12:30,Kreuther,1,3,4
2026.06.04,12:30,12:45,Kreuther,9,5,14
2026.06.04,12:45,13:00,Kreuther,12,8,20
2026.06.04,13:00,13:15,Kreuther,0,12,12
2026.06.04,13:15,13:30,Kreuther,3,4,7
2026.06.04,13:30,13:45,Kreuther,5,8,13
2026.06.04,13:45,14:00,Kreuther,10,6,16
2026.06.04,14:00,14:15,Kreuther,9,7,16
2026.06.04,14:15,14:30,Kreuther,7,6,13
2026.06.04,14:30,14:45,Kreuther,6,7,13
2026.06.04,14:45,15:00,Kreuther,6,5,11
2026.06.04,15:00,15:15,Kreuther,6,1,7
2026.06.04,15:15,15:30,Kreuther,6,8,14
2026.06.04,15:30,15:45,Kreuther,5,4,9
2026.06.04,15:45,16:00,Kreuther,1,14,15
2026.06.04,16:00,16:15,Kreuther,2,3,5
2026.06.04,16:15,16:30,Kreuther,4,8,12
2026.06.04,16:30,16:45,Kreuther,11,11,22
2026.06.04,16:45,17:00,Kreuther,10,4,14
2026.06.04,17:00,17:15,Kreuther,10,5,15
2026.06.04,17:15,17:30,Kreuther,8,1,9
2026.06.04,17:30,17:45,Kreuther,5,3,8
2026.06.04,17:45,18:00,Kreuther,4,4,8
2026.06.04,18:00,18:15,Kreuther,7,3,10
2026.06.04,18:15,18:30,Kreuther,3,4,7
2026.06.04,18:30,18:45,Kreuther,1,11,12
2026.06.04,18:45,19:00,Kreuther,10,7,17
2026.06.04,19:00,19:15,Kreuther,3,9,12
2026.06.04,19:15,19:30,Kreuther,2,2,4
2026.06.04,19:30,19:45,Kreuther,5,1,6
2026.06.04,19:45,20:00,Kreuther,1,1,2
2026.06.04,20:00,20:15,Kreuther,4,1,5
2026.06.04,20:15,20:30,Kreuther,5,6,11
2026.06.04,20:30,20:45,Kreuther,0,2,2
2026.06.04,20:45,21:00,Kreuther,4,2,6
2026.06.04,21:00,21:15,Kreuther,3,0,3
2026.06.04,21:15,21:30,Kreuther,0,1,1
2026.06.04,21:30,21:45,Kreuther,1,1,2
2026.06.04,21:45,22:00,Kreuther,1,1,2
2026.06.04,22:00,22:15,Kreuther,1,0,1
2026.06.04,22:15,22:30,Kreuther,1,0,1
2026.06.04,22:30,22:45,Kreuther,0,0,0
2026.06.04,22:45,23:00,Kreuther,0,1,1
2026.06.04,23:00,23:15,Kreuther,0,0,0
2026.06.04,23:15,23:30,Kreuther,0,1,1
2026.06.04,23:30,23:45,Kreuther,0,0,0
2026.06.04,23:45,00:00,Kreuther,1,0,1
2026.06.05,00:00,00:15,Kreuther,0,0,0
2026.06.05,00:15,00:30,Kreuther,0,0,0
2026.06.05,00:30,00:45,Kreuther,0,0,0
2026.06.05,00:45,01:00,Kreuther,0,0,0
2026.06.05,01:00,01:15,Kreuther,0,0,0
2026.06.05,01:15,01:30,Kreuther,0,0,0
2026.06.05,01:30,01:45,Kreuther,0,2,2
2026.06.05,01:45,02:00,Kreuther,0,0,0
2026.06.05,02:00,02:15,Kreuther,0,0,0
2026.06.05,02:15,02:30,Kreuther,1,0,1
2026.06.05,02:30,02:45,Kreuther,0,2,2
2026.06.05,02:45,03:00,Kreuther,0,0,0
2026.06.05,03:00,03:15,Kreuther,0,0,0
2026.06.05,03:15,03:30,Kreuther,0,0,0
2026.06.05,03:30,03:45,Kreuther,0,0,0
2026.06.05,03:45,04:00,Kreuther,0,0,0
2026.06.05,04:00,04:15,Kreuther,0,0,0
2026.06.05,04:15,04:30,Kreuther,1,0,1
2026.06.05,04:30,04:45,Kreuther,1,0,1
2026.06.05,04:45,05:00,Kreuther,0,0,0
2026.06.05,05:00,05:15,Kreuther,0,0,0
2026.06.05,05:15,05:30,Kreuther,0,0,0
2026.06.05,05:30,05:45,Kreuther,0,0,0
2026.06.05,05:45,06:00,Kreuther,1,0,1
2026.06.05,06:00,06:15,Kreuther,0,1,1
2026.06.05,06:15,06:30,Kreuther,1,1,2
2026.06.05,06:30,06:45,Kreuther,1,1,2
2026.06.05,06:45,07:00,Kreuther,3,0,3
2026.06.05,07:00,07:15,Kreuther,1,1,2
2026.06.05,07:15,07:30,Kreuther,0,1,1
2026.06.05,07:30,07:45,Kreuther,3,0,3
2026.06.05,07:45,08:00,Kreuther,6,1,7
2026.06.05,08:00,08:15,Kreuther,3,0,3
2026.06.05,08:15,08:30,Kreuther,6,3,9
2026.06.05,08:30,08:45,Kreuther,5,0,5
2026.06.05,08:45,09:00,Kreuther,5,1,6
2026.06.05,09:00,09:15,Kreuther,3,2,5
2026.06.05,09:15,09:30,Kreuther,4,0,4
2026.06.05,09:30,09:45,Kreuther,7,0,7
2026.06.05,09:45,10:00,Kreuther,0,3,3
2026.06.05,10:00,10:15,Kreuther,2,5,7
2026.06.05,10:15,10:30,Kreuther,4,1,5
2026.06.05,10:30,10:45,Kreuther,2,0,2
2026.06.05,10:45,11:00,Kreuther,4,3,7
2026.06.05,11:00,11:15,Kreuther,1,2,3
2026.06.05,11:15,11:30,Kreuther,2,0,2
2026.06.05,11:30,11:45,Kreuther,2,2,4
2026.06.05,11:45,12:00,Kreuther,3,1,4
2026.06.05,12:00,12:15,Kreuther,2,2,4
2026.06.05,12:15,12:30,Kreuther,2,5,7
2026.06.05,12:30,12:45,Kreuther,2,2,4
2026.06.05,12:45,13:00,Kreuther,4,5,9
2026.06.05,13:00,13:15,Kreuther,6,1,7
2026.06.05,13:15,13:30,Kreuther,2,4,6
2026.06.05,13:30,13:45,Kreuther,7,3,10
2026.06.05,13:45,14:00,Kreuther,0,7,7
2026.06.05,14:00,14:15,Kreuther,4,5,9
2026.06.05,14:15,14:30,Kreuther,7,8,15
2026.06.05,14:30,14:45,Kreuther,7,4,11
2026.06.05,14:45,15:00,Kreuther,11,5,16
2026.06.05,15:00,15:15,Kreuther,0,4,4
2026.06.05,15:15,15:30,Kreuther,3,4,7
2026.06.05,15:30,15:45,Kreuther,4,7,11
2026.06.05,15:45,16:00,Kreuther,4,3,7
2026.06.05,16:00,16:15,Kreuther,7,6,13
2026.06.05,16:15,16:30,Kreuther,4,2,6
2026.06.05,16:30,16:45,Kreuther,6,1,7
2026.06.05,16:45,17:00,Kreuther,2,4,6
2026.06.05,17:00,17:15,Kreuther,6,5,11
2026.06.05,17:15,17:30,Kreuther,6,6,12
2026.06.05,17:30,17:45,Kreuther,6,6,12
2026.06.05,17:45,18:00,Kreuther,10,5,15
2026.06.05,18:00,18:15,Kreuther,3,3,6
2026.06.05,18:15,18:30,Kreuther,4,4,8
2026.06.05,18:30,18:45,Kreuther,10,7,17
2026.06.05,18:45,19:00,Kreuther,5,4,9
2026.06.05,19:00,19:15,Kreuther,1,6,7
2026.06.05,19:15,19:30,Kreuther,0,6,6
2026.06.05,19:30,19:45,Kreuther,3,2,5
2026.06.05,19:45,20:00,Kreuther,1,6,7
2026.06.05,20:00,20:15,Kreuther,0,7,7
2026.06.05,20:15,20:30,Kreuther,1,8,9
2026.06.05,20:30,20:45,Kreuther,2,1,3
2026.06.05,20:45,21:00,Kreuther,2,1,3
2026.06.05,21:00,21:15,Kreuther,2,5,7
2026.06.05,21:15,21:30,Kreuther,1,3,4
2026.06.05,21:30,21:45,Kreuther,0,3,3
2026.06.05,21:45,22:00,Kreuther,2,1,3
2026.06.05,22:00,22:15,Kreuther,1,4,5
2026.06.05,22:15,22:30,Kreuther,1,1,2
2026.06.05,22:30,22:45,Kreuther,0,0,0
2026.06.05,22:45,23:00,Kreuther,0,0,0
2026.06.05,23:00,23:15,Kreuther,1,1,2
2026.06.05,23:15,23:30,Kreuther,2,1,3
2026.06.05,23:30,23:45,Kreuther,0,1,1
2026.06.05,23:45,00:00,Kreuther,1,0,1
2026.06.06,00:00,00:15,Kreuther,0,0,0
2026.06.06,00:15,00:30,Kreuther,1,3,4
2026.06.06,00:30,00:45,Kreuther,0,0,0
2026.06.06,00:45,01:00,Kreuther,0,0,0
2026.06.06,01:00,01:15,Kreuther,0,2,2
2026.06.06,01:15,01:30,Kreuther,0,2,2
2026.06.06,01:30,01:45,Kreuther,0,1,1
2026.06.06,01:45,02:00,Kreuther,0,0,0
2026.06.06,02:00,02:15,Kreuther,0,0,0
2026.06.06,02:15,02:30,Kreuther,0,0,0
2026.06.06,02:30,02:45,Kreuther,0,1,1
2026.06.06,02:45,03:00,Kreuther,0,0,0
2026.06.06,03:00,03:15,Kreuther,0,0,0
2026.06.06,03:15,03:30,Kreuther,0,0,0
2026.06.06,03:30,03:45,Kreuther,0,0,0
2026.06.06,03:45,04:00,Kreuther,0,0,0
2026.06.06,04:00,04:15,Kreuther,1,0,1
2026.06.06,04:15,04:30,Kreuther,0,1,1
2026.06.06,04:30,04:45,Kreuther,0,0,0
2026.06.06,04:45,05:00,Kreuther,1,0,1
2026.06.06,05:00,05:15,Kreuther,0,0,0
2026.06.06,05:15,05:30,Kreuther,0,0,0
2026.06.06,05:30,05:45,Kreuther,0,0,0
2026.06.06,05:45,06:00,Kreuther,0,1,1
2026.06.06,06:00,06:15,Kreuther,0,0,0
2026.06.06,06:15,06:30,Kreuther,2,0,2
2026.06.06,06:30,06:45,Kreuther,2,0,2
2026.06.06,06:45,07:00,Kreuther,1,0,1
2026.06.06,07:00,07:15,Kreuther,1,0,1
2026.06.06,07:15,07:30,Kreuther,1,2,3
2026.06.06,07:30,07:45,Kreuther,1,3,4
2026.06.06,07:45,08:00,Kreuther,1,0,1
2026.06.06,08:00,08:15,Kreuther,1,1,2
2026.06.06,08:15,08:30,Kreuther,0,0,0
2026.06.06,08:30,08:45,Kreuther,4,5,9
2026.06.06,08:45,09:00,Kreuther,6,2,8
2026.06.06,09:00,09:15,Kreuther,1,1,2
2026.06.06,09:15,09:30,Kreuther,2,3,5
2026.06.06,09:30,09:45,Kreuther,7,3,10
2026.06.06,09:45,10:00,Kreuther,7,1,8
2026.06.06,10:00,10:15,Kreuther,6,5,11
2026.06.06,10:15,10:30,Kreuther,5,12,17
2026.06.06,10:30,10:45,Kreuther,6,0,6
2026.06.06,10:45,11:00,Kreuther,3,5,8
2026.06.06,11:00,11:15,Kreuther,4,9,13
2026.06.06,11:15,11:30,Kreuther,8,7,15
2026.06.06,11:30,11:45,Kreuther,9,2,11
2026.06.06,11:45,12:00,Kreuther,10,5,15
2026.06.06,12:00,12:15,Kreuther,8,0,8
2026.06.06,12:15,12:30,Kreuther,15,8,23
2026.06.06,12:30,12:45,Kreuther,12,3,15
2026.06.06,12:45,13:00,Kreuther,6,4,10
2026.06.06,13:00,13:15,Kreuther,3,3,6
2026.06.06,13:15,13:30,Kreuther,4,8,12
2026.06.06,13:30,13:45,Kreuther,6,11,17
2026.06.06,13:45,14:00,Kreuther,6,9,15
2026.06.06,14:00,14:15,Kreuther,4,3,7
2026.06.06,14:15,14:30,Kreuther,2,4,6
2026.06.06,14:30,14:45,Kreuther,10,8,18
2026.06.06,14:45,15:00,Kreuther,9,15,24
2026.06.06,15:00,15:15,Kreuther,7,4,11
2026.06.06,15:15,15:30,Kreuther,9,7,16
2026.06.06,15:30,15:45,Kreuther,12,5,17
2026.06.06,15:45,16:00,Kreuther,8,10,18
2026.06.06,16:00,16:15,Kreuther,7,5,12
2026.06.06,16:15,16:30,Kreuther,14,5,19
2026.06.06,16:30,16:45,Kreuther,6,7,13
2026.06.06,16:45,17:00,Kreuther,5,6,11
2026.06.06,17:00,17:15,Kreuther,7,9,16
2026.06.06,17:15,17:30,Kreuther,7,14,21
2026.06.06,17:30,17:45,Kreuther,1,7,8
2026.06.06,17:45,18:00,Kreuther,9,7,16
2026.06.06,18:00,18:15,Kreuther,15,9,24
2026.06.06,18:15,18:30,Kreuther,6,8,14
2026.06.06,18:30,18:45,Kreuther,7,6,13
2026.06.06,18:45,19:00,Kreuther,5,3,8
2026.06.06,19:00,19:15,Kreuther,2,5,7
2026.06.06,19:15,19:30,Kreuther,11,6,17
2026.06.06,19:30,19:45,Kreuther,7,4,11
2026.06.06,19:45,20:00,Kreuther,2,6,8
2026.06.06,20:00,20:15,Kreuther,1,3,4
2026.06.06,20:15,20:30,Kreuther,6,12,18
2026.06.06,20:30,20:45,Kreuther,5,4,9
2026.06.06,20:45,21:00,Kreuther,8,5,13
2026.06.06,21:00,21:15,Kreuther,1,2,3
2026.06.06,21:15,21:30,Kreuther,3,5,8
2026.06.06,21:30,21:45,Kreuther,3,7,10
2026.06.06,21:45,22:00,Kreuther,0,6,6
2026.06.06,22:00,22:15,Kreuther,1,2,3
2026.06.06,22:15,22:30,Kreuther,0,2,2
2026.06.06,22:30,22:45,Kreuther,1,0,1
2026.06.06,22:45,23:00,Kreuther,2,3,5
2026.06.06,23:00,23:15,Kreuther,0,1,1
2026.06.06,23:15,23:30,Kreuther,1,2,3
2026.06.06,23:30,23:45,Kreuther,0,0,0
2026.06.06,23:45,00:00,Kreuther,1,3,4
2026.06.07,00:00,00:15,Kreuther,0,0,0
2026.06.07,00:15,00:30,Kreuther,0,0,0
2026.06.07,00:30,00:45,Kreuther,0,1,1
2026.06.07,00:45,01:00,Kreuther,0,0,0
2026.06.07,01:00,01:15,Kreuther,0,1,1
2026.06.07,01:15,01:30,Kreuther,0,0,0
2026.06.07,01:30,01:45,Kreuther,0,0,0
2026.06.07,01:45,02:00,Kreuther,0,0,0
2026.06.07,02:00,02:15,Kreuther,0,2,2
2026.06.07,02:15,02:30,Kreuther,0,1,1
2026.06.07,02:30,02:45,Kreuther,0,0,0
2026.06.07,02:45,03:00,Kreuther,1,2,3
2026.06.07,03:00,03:15,Kreuther,0,0,0
2026.06.07,03:15,03:30,Kreuther,0,0,0
2026.06.07,03:30,03:45,Kreuther,0,0,0
2026.06.07,03:45,04:00,Kreuther,0,0,0
2026.06.07,04:00,04:15,Kreuther,1,0,1
2026.06.07,04:15,04:30,Kreuther,0,0,0
2026.06.07,04:30,04:45,Kreuther,0,0,0
2026.06.07,04:45,05:00,Kreuther,2,0,2
2026.06.07,05:00,05:15,Kreuther,0,1,1
2026.06.07,05:15,05:30,Kreuther,1,0,1
2026.06.07,05:30,05:45,Kreuther,0,0,0
2026.06.07,05:45,06:00,Kreuther,0,0,0
2026.06.07,06:00,06:15,Kreuther,0,1,1
2026.06.07,06:15,06:30,Kreuther,0,0,0
2026.06.07,06:30,06:45,Kreuther,0,0,0
2026.06.07,06:45,07:00,Kreuther,0,0,0
2026.06.07,07:00,07:15,Kreuther,2,1,3
2026.06.07,07:15,07:30,Kreuther,0,1,1
2026.06.07,07:30,07:45,Kreuther,3,0,3
2026.06.07,07:45,08:00,Kreuther,0,0,0
2026.06.07,08:00,08:15,Kreuther,2,0,2
2026.06.07,08:15,08:30,Kreuther,1,2,3
2026.06.07,08:30,08:45,Kreuther,0,0,0
2026.06.07,08:45,09:00,Kreuther,1,1,2
2026.06.07,09:00,09:15,Kreuther,6,1,7
2026.06.07,09:15,09:30,Kreuther,2,4,6
2026.06.07,09:30,09:45,Kreuther,2,1,3
2026.06.07,09:45,10:00,Kreuther,0,0,0
2026.06.07,10:00,10:15,Kreuther,5,1,6
2026.06.07,10:15,10:30,Kreuther,5,6,11
2026.06.07,10:30,10:45,Kreuther,6,0,6
2026.06.07,10:45,11:00,Kreuther,7,1,8
2026.06.07,11:00,11:15,Kreuther,7,5,12
2026.06.07,11:15,11:30,Kreuther,2,2,4
2026.06.07,11:30,11:45,Kreuther,3,2,5
2026.06.07,11:45,12:00,Kreuther,4,4,8
2026.06.07,12:00,12:15,Kreuther,9,4,13
2026.06.07,12:15,12:30,Kreuther,14,8,22
2026.06.07,12:30,12:45,Kreuther,11,3,14
2026.06.07,12:45,13:00,Kreuther,5,7,12
2026.06.07,13:00,13:15,Kreuther,0,4,4
2026.06.07,13:15,13:30,Kreuther,5,14,19
2026.06.07,13:30,13:45,Kreuther,2,3,5
2026.06.07,13:45,14:00,Kreuther,10,11,21
2026.06.07,14:00,14:15,Kreuther,1,4,5
2026.06.07,14:15,14:30,Kreuther,16,10,26
2026.06.07,14:30,14:45,Kreuther,6,5,11
2026.06.07,14:45,15:00,Kreuther,9,10,19
2026.06.07,15:00,15:15,Kreuther,8,5,13
2026.06.07,15:15,15:30,Kreuther,1,7,8
2026.06.07,15:30,15:45,Kreuther,6,8,14
2026.06.07,15:45,16:00,Kreuther,6,5,11
2026.06.07,16:00,16:15,Kreuther,6,11,17
2026.06.07,16:15,16:30,Kreuther,5,11,16
2026.06.07,16:30,16:45,Kreuther,6,4,10
2026.06.07,16:45,17:00,Kreuther,9,11,20
2026.06.07,17:00,17:15,Kreuther,11,15,26
2026.06.07,17:15,17:30,Kreuther,5,12,17
2026.06.07,17:30,17:45,Kreuther,9,9,18
2026.06.07,17:45,18:00,Kreuther,6,19,25
2026.06.07,18:00,18:15,Kreuther,12,8,20
2026.06.07,18:15,18:30,Kreuther,1,1,2
2026.06.07,18:30,18:45,Kreuther,6,12,18
2026.06.07,18:45,19:00,Kreuther,9,7,16
2026.06.07,19:00,19:15,Kreuther,7,15,22
2026.06.07,19:15,19:30,Kreuther,3,3,6
2026.06.07,19:30,19:45,Kreuther,9,7,16
2026.06.07,19:45,20:00,Kreuther,5,6,11
2026.06.07,20:00,20:15,Kreuther,4,6,10
2026.06.07,20:15,20:30,Kreuther,2,8,10
2026.06.07,20:30,20:45,Kreuther,0,3,3
2026.06.07,20:45,21:00,Kreuther,6,3,9
2026.06.07,21:00,21:15,Kreuther,2,6,8
2026.06.07,21:15,21:30,Kreuther,3,4,7
2026.06.07,21:30,21:45,Kreuther,2,4,6
2026.06.07,21:45,22:00,Kreuther,0,3,3
2026.06.07,22:00,22:15,Kreuther,0,4,4
2026.06.07,22:15,22:30,Kreuther,1,6,7
2026.06.07,22:30,22:45,Kreuther,0,0,0
2026.06.07,22:45,23:00,Kreuther,0,1,1
2026.06.07,23:00,23:15,Kreuther,1,0,1
2026.06.07,23:15,23:30,Kreuther,1,0,1
2026.06.07,23:30,23:45,Kreuther,0,2,2
2026.06.07,23:45,00:00,Kreuther,0,0,0
2026.06.08,00:00,00:15,Kreuther,0,1,1
2026.06.08,00:15,00:30,Kreuther,0,0,0
2026.06.08,00:30,00:45,Kreuther,0,1,1
2026.06.08,00:45,01:00,Kreuther,0,1,1
2026.06.08,01:00,01:15,Kreuther,1,0,1
2026.06.08,01:15,01:30,Kreuther,0,0,0
2026.06.08,01:30,01:45,Kreuther,0,0,0
2026.06.08,01:45,02:00,Kreuther,0,0,0
2026.06.08,02:00,02:15,Kreuther,1,0,1
2026.06.08,02:15,02:30,Kreuther,1,0,1
2026.06.08,02:30,02:45,Kreuther,0,0,0
2026.06.08,02:45,03:00,Kreuther,0,0,0
2026.06.08,03:00,03:15,Kreuther,0,0,0
2026.06.08,03:15,03:30,Kreuther,0,0,0
2026.06.08,03:30,03:45,Kreuther,0,0,0
2026.06.08,03:45,04:00,Kreuther,0,0,0
2026.06.08,04:00,04:15,Kreuther,0,0,0
2026.06.08,04:15,04:30,Kreuther,0,0,0
2026.06.08,04:30,04:45,Kreuther,0,0,0
2026.06.08,04:45,05:00,Kreuther,1,0,1
2026.06.08,05:00,05:15,Kreuther,1,0,1
2026.06.08,05:15,05:30,Kreuther,3,0,3
2026.06.08,05:30,05:45,Kreuther,1,1,2
2026.06.08,05:45,06:00,Kreuther,2,0,2
2026.06.08,06:00,06:15,Kreuther,4,3,7
2026.06.08,06:15,06:30,Kreuther,5,1,6
2026.06.08,06:30,06:45,Kreuther,10,1,11
2026.06.08,06:45,07:00,Kreuther,10,2,12
2026.06.08,07:00,07:15,Kreuther,12,5,17
2026.06.08,07:15,07:30,Kreuther,17,6,23
2026.06.08,07:30,07:45,Kreuther,42,5,47
2026.06.08,07:45,08:00,Kreuther,22,9,31
2026.06.08,08:00,08:15,Kreuther,26,6,32
2026.06.08,08:15,08:30,Kreuther,31,6,37
2026.06.08,08:30,08:45,Kreuther,39,2,41
2026.06.08,08:45,09:00,Kreuther,13,5,18
2026.06.08,09:00,09:15,Kreuther,17,6,23
2026.06.08,09:15,09:30,Kreuther,11,7,18
2026.06.08,09:30,09:45,Kreuther,11,5,16
2026.06.08,09:45,10:00,Kreuther,11,3,14
2026.06.08,10:00,10:15,Kreuther,4,5,9
2026.06.08,10:15,10:30,Kreuther,3,0,3
2026.06.08,10:30,10:45,Kreuther,9,2,11
2026.06.08,10:45,11:00,Kreuther,2,6,8
2026.06.08,11:00,11:15,Kreuther,4,5,9
2026.06.08,11:15,11:30,Kreuther,7,1,8
2026.06.08,11:30,11:45,Kreuther,8,2,10
2026.06.08,11:45,12:00,Kreuther,6,6,12
2026.06.08,12:00,12:15,Kreuther,7,7,14
2026.06.08,12:15,12:30,Kreuther,8,8,16
2026.06.08,12:30,12:45,Kreuther,10,3,13
2026.06.08,12:45,13:00,Kreuther,4,1,5
2026.06.08,13:00,13:15,Kreuther,4,15,19
2026.06.08,13:15,13:30,Kreuther,9,6,15
2026.06.08,13:30,13:45,Kreuther,7,5,12
2026.06.08,13:45,14:00,Kreuther,8,4,12
2026.06.08,14:00,14:15,Kreuther,4,4,8
2026.06.08,14:15,14:30,Kreuther,9,12,21
2026.06.08,14:30,14:45,Kreuther,2,6,8
2026.06.08,14:45,15:00,Kreuther,11,3,14
2026.06.08,15:00,15:15,Kreuther,7,7,14
2026.06.08,15:15,15:30,Kreuther,16,4,20
2026.06.08,15:30,15:45,Kreuther,7,14,21
2026.06.08,15:45,16:00,Kreuther,15,21,36
2026.06.08,16:00,16:15,Kreuther,3,19,22
2026.06.08,16:15,16:30,Kreuther,11,17,28
2026.06.08,16:30,16:45,Kreuther,9,16,25
2026.06.08,16:45,17:00,Kreuther,8,19,27
2026.06.08,17:00,17:15,Kreuther,8,25,33
2026.06.08,17:15,17:30,Kreuther,16,20,36
2026.06.08,17:30,17:45,Kreuther,9,19,28
2026.06.08,17:45,18:00,Kreuther,12,23,35
2026.06.08,18:00,18:15,Kreuther,12,20,32
2026.06.08,18:15,18:30,Kreuther,15,17,32
2026.06.08,18:30,18:45,Kreuther,3,11,14
2026.06.08,18:45,19:00,Kreuther,8,21,29
2026.06.08,19:00,19:15,Kreuther,9,10,19
2026.06.08,19:15,19:30,Kreuther,5,10,15
2026.06.08,19:30,19:45,Kreuther,3,13,16
2026.06.08,19:45,20:00,Kreuther,7,3,10
2026.06.08,20:00,20:15,Kreuther,1,5,6
2026.06.08,20:15,20:30,Kreuther,4,6,10
2026.06.08,20:30,20:45,Kreuther,4,6,10
2026.06.08,20:45,21:00,Kreuther,3,0,3
2026.06.08,21:00,21:15,Kreuther,5,3,8
2026.06.08,21:15,21:30,Kreuther,3,11,14
2026.06.08,21:30,21:45,Kreuther,3,1,4
2026.06.08,21:45,22:00,Kreuther,1,1,2
2026.06.08,22:00,22:15,Kreuther,3,1,4
2026.06.08,22:15,22:30,Kreuther,1,2,3
2026.06.08,22:30,22:45,Kreuther,0,3,3
2026.06.08,22:45,23:00,Kreuther,0,2,2
2026.06.08,23:00,23:15,Kreuther,0,2,2
2026.06.08,23:15,23:30,Kreuther,1,2,3
2026.06.08,23:30,23:45,Kreuther,1,1,2
2026.06.08,23:45,00:00,Kreuther,2,0,2
2026.06.09,00:00,00:15,Kreuther,0,0,0
2026.06.09,00:15,00:30,Kreuther,0,0,0
2026.06.09,00:30,00:45,Kreuther,0,1,1
2026.06.09,00:45,01:00,Kreuther,0,0,0
2026.06.09,01:00,01:15,Kreuther,0,0,0
2026.06.09,01:15,01:30,Kreuther,0,0,0
2026.06.09,01:30,01:45,Kreuther,0,0,0
2026.06.09,01:45,02:00,Kreuther,0,0,0
2026.06.09,02:00,02:15,Kreuther,1,0,1
2026.06.09,02:15,02:30,Kreuther,1,0,1
2026.06.09,02:30,02:45,Kreuther,0,0,0
2026.06.09,02:45,03:00,Kreuther,0,0,0
2026.06.09,03:00,03:15,Kreuther,0,0,0
2026.06.09,03:15,03:30,Kreuther,0,0,0
2026.06.09,03:30,03:45,Kreuther,1,0,1
2026.06.09,03:45,04:00,Kreuther,0,0,0
2026.06.09,04:00,04:15,Kreuther,0,0,0
2026.06.09,04:15,04:30,Kreuther,0,0,0
2026.06.09,04:30,04:45,Kreuther,0,0,0
2026.06.09,04:45,05:00,Kreuther,0,0,0
2026.06.09,05:00,05:15,Kreuther,0,0,0
2026.06.09,05:15,05:30,Kreuther,4,0,4
2026.06.09,05:30,05:45,Kreuther,0,1,1
2026.06.09,05:45,06:00,Kreuther,2,0,2
2026.06.09,06:00,06:15,Kreuther,0,3,3
2026.06.09,06:15,06:30,Kreuther,7,2,9
2026.06.09,06:30,06:45,Kreuther,3,0,3
2026.06.09,06:45,07:00,Kreuther,2,2,4
2026.06.09,07:00,07:15,Kreuther,7,2,9
2026.06.09,07:15,07:30,Kreuther,10,1,11
2026.06.09,07:30,07:45,Kreuther,27,4,31
2026.06.09,07:45,08:00,Kreuther,23,5,28
2026.06.09,08:00,08:15,Kreuther,15,4,19
2026.06.09,08:15,08:30,Kreuther,10,2,12
2026.06.09,08:30,08:45,Kreuther,17,1,18
2026.06.09,08:45,09:00,Kreuther,8,0,8
2026.06.09,09:00,09:15,Kreuther,4,2,6
2026.06.09,09:15,09:30,Kreuther,5,0,5
2026.06.09,09:30,09:45,Kreuther,0,5,5
2026.06.09,09:45,10:00,Kreuther,5,0,5
2026.06.09,10:00,10:15,Kreuther,1,2,3
2026.06.09,10:15,10:30,Kreuther,1,1,2
2026.06.09,10:30,10:45,Kreuther,1,0,1
2026.06.09,10:45,11:00,Kreuther,0,0,0
2026.06.09,11:00,11:15,Kreuther,1,1,2
2026.06.09,11:15,11:30,Kreuther,2,1,3
2026.06.09,11:30,11:45,Kreuther,1,1,2
2026.06.09,11:45,12:00,Kreuther,4,1,5
2026.06.09,12:00,12:15,Kreuther,1,1,2
2026.06.09,12:15,12:30,Kreuther,1,3,4
2026.06.09,12:30,12:45,Kreuther,2,1,3
2026.06.09,12:45,13:00,Kreuther,2,1,3
2026.06.09,13:00,13:15,Kreuther,1,4,5
2026.06.09,13:15,13:30,Kreuther,1,4,5
2026.06.09,13:30,13:45,Kreuther,1,4,5
2026.06.09,13:45,14:00,Kreuther,6,4,10
2026.06.09,14:00,14:15,Kreuther,4,5,9
2026.06.09,14:15,14:30,Kreuther,3,1,4
2026.06.09,14:30,14:45,Kreuther,3,4,7
2026.06.09,14:45,15:00,Kreuther,1,1,2
2026.06.09,15:00,15:15,Kreuther,1,6,7
2026.06.09,15:15,15:30,Kreuther,8,3,11
2026.06.09,15:30,15:45,Kreuther,7,8,15
2026.06.09,15:45,16:00,Kreuther,1,9,10
2026.06.09,16:00,16:15,Kreuther,3,6,9
2026.06.09,16:15,16:30,Kreuther,4,5,9
2026.06.09,16:30,16:45,Kreuther,10,11,21
2026.06.09,16:45,17:00,Kreuther,8,2,10
2026.06.09,17:00,17:15,Kreuther,1,11,12
2026.06.09,17:15,17:30,Kreuther,9,7,16
2026.06.09,17:30,17:45,Kreuther,6,6,12
2026.06.09,17:45,18:00,Kreuther,7,10,17
2026.06.09,18:00,18:15,Kreuther,5,5,10
2026.06.09,18:15,18:30,Kreuther,4,13,17
2026.06.09,18:30,18:45,Kreuther,6,9,15
2026.06.09,18:45,19:00,Kreuther,7,10,17
2026.06.09,19:00,19:15,Kreuther,4,4,8
2026.06.09,19:15,19:30,Kreuther,4,2,6
2026.06.09,19:30,19:45,Kreuther,2,4,6
2026.06.09,19:45,20:00,Kreuther,1,1,2
2026.06.09,20:00,20:15,Kreuther,0,1,1
2026.06.09,20:15,20:30,Kreuther,2,1,3
2026.06.09,20:30,20:45,Kreuther,3,1,4
2026.06.09,20:45,21:00,Kreuther,2,1,3
2026.06.09,21:00,21:15,Kreuther,0,1,1
2026.06.09,21:15,21:30,Kreuther,0,2,2
2026.06.09,21:30,21:45,Kreuther,2,2,4
2026.06.09,21:45,22:00,Kreuther,1,4,5
2026.06.09,22:00,22:15,Kreuther,1,0,1
2026.06.09,22:15,22:30,Kreuther,0,0,0
2026.06.09,22:30,22:45,Kreuther,2,1,3
2026.06.09,22:45,23:00,Kreuther,0,1,1
2026.06.09,23:00,23:15,Kreuther,0,0,0
2026.06.09,23:15,23:30,Kreuther,0,1,1
2026.06.09,23:30,23:45,Kreuther,0,0,0
2026.06.09,23:45,00:00,Kreuther,0,1,1
2026.06.10,00:00,00:15,Kreuther,1,0,1
2026.06.10,00:15,00:30,Kreuther,2,0,2
2026.06.10,00:30,00:45,Kreuther,0,2,2
2026.06.10,00:45,01:00,Kreuther,0,0,0
2026.06.10,01:00,01:15,Kreuther,1,0,1
2026.06.10,01:15,01:30,Kreuther,1,0,1
2026.06.10,01:30,01:45,Kreuther,0,0,0
2026.06.10,01:45,02:00,Kreuther,0,0,0
2026.06.10,02:00,02:15,Kreuther,0,0,0
2026.06.10,02:15,02:30,Kreuther,2,0,2
2026.06.10,02:30,02:45,Kreuther,0,0,0
2026.06.10,02:45,03:00,Kreuther,0,0,0
2026.06.10,03:00,03:15,Kreuther,0,0,0
2026.06.10,03:15,03:30,Kreuther,0,0,0
2026.06.10,03:30,03:45,Kreuther,0,0,0
2026.06.10,03:45,04:00,Kreuther,0,0,0
2026.06.10,04:00,04:15,Kreuther,0,0,0
2026.06.10,04:15,04:30,Kreuther,0,0,0
2026.06.10,04:30,04:45,Kreuther,0,0,0
2026.06.10,04:45,05:00,Kreuther,0,0,0
2026.06.10,05:00,05:15,Kreuther,0,0,0
2026.06.10,05:15,05:30,Kreuther,2,0,2
2026.06.10,05:30,05:45,Kreuther,0,1,1
2026.06.10,05:45,06:00,Kreuther,2,0,2
2026.06.10,06:00,06:15,Kreuther,0,2,2
2026.06.10,06:15,06:30,Kreuther,2,1,3
2026.06.10,06:30,06:45,Kreuther,2,0,2
2026.06.10,06:45,07:00,Kreuther,1,0,1
2026.06.10,07:00,07:15,Kreuther,10,1,11
2026.06.10,07:15,07:30,Kreuther,4,1,5
2026.06.10,07:30,07:45,Kreuther,22,4,26
2026.06.10,07:45,08:00,Kreuther,19,4,23
2026.06.10,08:00,08:15,Kreuther,11,3,14
2026.06.10,08:15,08:30,Kreuther,9,3,12
2026.06.10,08:30,08:45,Kreuther,6,1,7
2026.06.10,08:45,09:00,Kreuther,9,1,10
2026.06.10,09:00,09:15,Kreuther,3,3,6
2026.06.10,09:15,09:30,Kreuther,2,4,6
2026.06.10,09:30,09:45,Kreuther,3,0,3
2026.06.10,09:45,10:00,Kreuther,2,0,2
2026.06.10,10:00,10:15,Kreuther,1,0,1
2026.06.10,10:15,10:30,Kreuther,2,1,3
2026.06.10,10:30,10:45,Kreuther,0,1,1
2026.06.10,10:45,11:00,Kreuther,2,0,2
2026.06.10,11:00,11:15,Kreuther,1,1,2
2026.06.10,11:15,11:30,Kreuther,2,3,5
2026.06.10,11:30,11:45,Kreuther,0,1,1
2026.06.10,11:45,12:00,Kreuther,1,2,3
2026.06.10,12:00,12:15,Kreuther,2,3,5
2026.06.10,12:15,12:30,Kreuther,2,3,5
2026.06.10,12:30,12:45,Kreuther,0,1,1
2026.06.10,12:45,13:00,Kreuther,2,1,3
2026.06.10,13:00,13:15,Kreuther,3,3,6
2026.06.10,13:15,13:30,Kreuther,0,4,4
2026.06.10,13:30,13:45,Kreuther,2,1,3
2026.06.10,13:45,14:00,Kreuther,3,2,5
2026.06.10,14:00,14:15,Kreuther,1,1,2
2026.06.10,14:15,14:30,Kreuther,1,4,5
2026.06.10,14:30,14:45,Kreuther,4,6,10
2026.06.10,14:45,15:00,Kreuther,1,4,5
2026.06.10,15:00,15:15,Kreuther,6,2,8
2026.06.10,15:15,15:30,Kreuther,7,7,14
2026.06.10,15:30,15:45,Kreuther,2,5,7
2026.06.10,15:45,16:00,Kreuther,6,9,15
2026.06.10,16:00,16:15,Kreuther,4,5,9
2026.06.10,16:15,16:30,Kreuther,1,3,4
2026.06.10,16:30,16:45,Kreuther,3,1,4
2026.06.10,16:45,17:00,Kreuther,3,2,5
2026.06.10,17:00,17:15,Kreuther,0,9,9
2026.06.10,17:15,17:30,Kreuther,1,5,6
2026.06.10,17:30,17:45,Kreuther,3,2,5
2026.06.10,17:45,18:00,Kreuther,0,6,6
2026.06.10,18:00,18:15,Kreuther,4,4,8
2026.06.10,18:15,18:30,Kreuther,1,4,5
2026.06.10,18:30,18:45,Kreuther,3,4,7
2026.06.10,18:45,19:00,Kreuther,2,5,7
2026.06.10,19:00,19:15,Kreuther,4,2,6
2026.06.10,19:15,19:30,Kreuther,1,1,2
2026.06.10,19:30,19:45,Kreuther,0,2,2
2026.06.10,19:45,20:00,Kreuther,2,1,3
2026.06.10,20:00,20:15,Kreuther,2,1,3
2026.06.10,20:15,20:30,Kreuther,1,2,3
2026.06.10,20:30,20:45,Kreuther,1,4,5
2026.06.10,20:45,21:00,Kreuther,0,2,2
2026.06.10,21:00,21:15,Kreuther,0,0,0
2026.06.10,21:15,21:30,Kreuther,3,0,3
2026.06.10,21:30,21:45,Kreuther,0,1,1
2026.06.10,21:45,22:00,Kreuther,1,3,4
2026.06.10,22:00,22:15,Kreuther,0,0,0
2026.06.10,22:15,22:30,Kreuther,0,4,4
2026.06.10,22:30,22:45,Kreuther,0,3,3
2026.06.10,22:45,23:00,Kreuther,0,1,1
2026.06.10,23:00,23:15,Kreuther,2,0,2
2026.06.10,23:15,23:30,Kreuther,1,0,1
2026.06.10,23:30,23:45,Kreuther,0,0,0
2026.06.10,23:45,00:00,Kreuther,0,1,1
2026.06.11,00:00,00:15,Kreuther,0,1,1
2026.06.11,00:15,00:30,Kreuther,0,0,0
2026.06.11,00:30,00:45,Kreuther,0,0,0
2026.06.11,00:45,01:00,Kreuther,0,1,1
2026.06.11,01:00,01:15,Kreuther,0,0,0
2026.06.11,01:15,01:30,Kreuther,0,0,0
2026.06.11,01:30,01:45,Kreuther,0,0,0
2026.06.11,01:45,02:00,Kreuther,0,0,0
2026.06.11,02:00,02:15,Kreuther,1,1,2
2026.06.11,02:15,02:30,Kreuther,2,0,2
2026.06.11,02:30,02:45,Kreuther,0,0,0
2026.06.11,02:45,03:00,Kreuther,0,0,0
2026.06.11,03:00,03:15,Kreuther,0,0,0
2026.06.11,03:15,03:30,Kreuther,0,0,0
2026.06.11,03:30,03:45,Kreuther,0,0,0
2026.06.11,03:45,04:00,Kreuther,0,0,0
2026.06.11,04:00,04:15,Kreuther,0,0,0
2026.06.11,04:15,04:30,Kreuther,0,0,0
2026.06.11,04:30,04:45,Kreuther,0,0,0
2026.06.11,04:45,05:00,Kreuther,1,0,1
2026.06.11,05:00,05:15,Kreuther,0,0,0
2026.06.11,05:15,05:30,Kreuther,3,0,3
2026.06.11,05:30,05:45,Kreuther,1,0,1
2026.06.11,05:45,06:00,Kreuther,0,0,0
2026.06.11,06:00,06:15,Kreuther,1,2,3
2026.06.11,06:15,06:30,Kreuther,6,2,8
2026.06.11,06:30,06:45,Kreuther,4,1,5
2026.06.11,06:45,07:00,Kreuther,4,2,6
2026.06.11,07:00,07:15,Kreuther,8,3,11
2026.06.11,07:15,07:30,Kreuther,11,2,13
2026.06.11,07:30,07:45,Kreuther,38,7,45
2026.06.11,07:45,08:00,Kreuther,25,6,31
2026.06.11,08:00,08:15,Kreuther,24,5,29
2026.06.11,08:15,08:30,Kreuther,16,3,19
2026.06.11,08:30,08:45,Kreuther,17,4,21
2026.06.11,08:45,09:00,Kreuther,23,2,25
2026.06.11,09:00,09:15,Kreuther,9,2,11
2026.06.11,09:15,09:30,Kreuther,6,3,9
2026.06.11,09:30,09:45,Kreuther,5,5,10
2026.06.11,09:45,10:00,Kreuther,7,3,10
2026.06.11,10:00,10:15,Kreuther,5,2,7
2026.06.11,10:15,10:30,Kreuther,6,1,7
2026.06.11,10:30,10:45,Kreuther,6,3,9
2026.06.11,10:45,11:00,Kreuther,2,2,4
2026.06.11,11:00,11:15,Kreuther,3,0,3
2026.06.11,11:15,11:30,Kreuther,4,1,5
2026.06.11,11:30,11:45,Kreuther,7,12,19
2026.06.11,11:45,12:00,Kreuther,4,8,12
2026.06.11,12:00,12:15,Kreuther,2,4,6
2026.06.11,12:15,12:30,Kreuther,4,5,9
2026.06.11,12:30,12:45,Kreuther,3,4,7
2026.06.11,12:45,13:00,Kreuther,3,4,7
2026.06.11,13:00,13:15,Kreuther,2,7,9
2026.06.11,13:15,13:30,Kreuther,9,5,14
2026.06.11,13:30,13:45,Kreuther,4,1,5
2026.06.11,13:45,14:00,Kreuther,1,6,7
2026.06.11,14:00,14:15,Kreuther,5,6,11
2026.06.11,14:15,14:30,Kreuther,1,3,4
2026.06.11,14:30,14:45,Kreuther,3,6,9
2026.06.11,14:45,15:00,Kreuther,1,3,4
2026.06.11,15:00,15:15,Kreuther,5,6,11
2026.06.11,15:15,15:30,Kreuther,12,1,13
2026.06.11,15:30,15:45,Kreuther,6,8,14
2026.06.11,15:45,16:00,Kreuther,3,13,16
2026.06.11,16:00,16:15,Kreuther,12,5,17
2026.06.11,16:15,16:30,Kreuther,3,5,8
2026.06.11,16:30,16:45,Kreuther,8,7,15
2026.06.11,16:45,17:00,Kreuther,6,10,16
2026.06.11,17:00,17:15,Kreuther,7,16,23
2026.06.11,17:15,17:30,Kreuther,2,5,7
2026.06.11,17:30,17:45,Kreuther,7,12,19
2026.06.11,17:45,18:00,Kreuther,9,9,18
2026.06.11,18:00,18:15,Kreuther,9,18,27
2026.06.11,18:15,18:30,Kreuther,7,9,16
2026.06.11,18:30,18:45,Kreuther,5,4,9
2026.06.11,18:45,19:00,Kreuther,6,6,12
2026.06.11,19:00,19:15,Kreuther,2,6,8
2026.06.11,19:15,19:30,Kreuther,3,2,5
2026.06.11,19:30,19:45,Kreuther,5,7,12
2026.06.11,19:45,20:00,Kreuther,3,8,11
2026.06.11,20:00,20:15,Kreuther,4,9,13
2026.06.11,20:15,20:30,Kreuther,2,8,10
2026.06.11,20:30,20:45,Kreuther,3,3,6
2026.06.11,20:45,21:00,Kreuther,3,4,7
2026.06.11,21:00,21:15,Kreuther,2,2,4
2026.06.11,21:15,21:30,Kreuther,2,0,2
2026.06.11,21:30,21:45,Kreuther,0,4,4
2026.06.11,21:45,22:00,Kreuther,1,1,2
2026.06.11,22:00,22:15,Kreuther,5,2,7
2026.06.11,22:15,22:30,Kreuther,1,1,2
2026.06.11,22:30,22:45,Kreuther,0,4,4
2026.06.11,22:45,23:00,Kreuther,0,3,3
2026.06.11,23:00,23:15,Kreuther,0,3,3
2026.06.11,23:15,23:30,Kreuther,0,1,1
2026.06.11,23:30,23:45,Kreuther,0,0,0
2026.06.11,23:45,00:00,Kreuther,0,1,1
2026.06.12,00:00,00:15,Kreuther,1,1,2
2026.06.12,00:15,00:30,Kreuther,0,0,0
2026.06.12,00:30,00:45,Kreuther,0,0,0
2026.06.12,00:45,01:00,Kreuther,0,1,1
2026.06.12,01:00,01:15,Kreuther,0,0,0
2026.06.12,01:15,01:30,Kreuther,0,0,0
2026.06.12,01:30,01:45,Kreuther,0,0,0
2026.06.12,01:45,02:00,Kreuther,1,0,1
2026.06.12,02:00,02:15,Kreuther,1,0,1
2026.06.12,02:15,02:30,Kreuther,1,0,1
2026.06.12,02:30,02:45,Kreuther,0,0,0
2026.06.12,02:45,03:00,Kreuther,0,0,0
2026.06.12,03:00,03:15,Kreuther,0,0,0
2026.06.12,03:15,03:30,Kreuther,0,0,0
2026.06.12,03:30,03:45,Kreuther,0,0,0
2026.06.12,03:45,04:00,Kreuther,0,0,0
2026.06.12,04:00,04:15,Kreuther,0,0,0
2026.06.12,04:15,04:30,Kreuther,0,0,0
2026.06.12,04:30,04:45,Kreuther,0,0,0
2026.06.12,04:45,05:00,Kreuther,1,0,1
2026.06.12,05:00,05:15,Kreuther,0,0,0
2026.06.12,05:15,05:30,Kreuther,2,0,2
2026.06.12,05:30,05:45,Kreuther,1,1,2
2026.06.12,05:45,06:00,Kreuther,0,0,0
2026.06.12,06:00,06:15,Kreuther,1,0,1
2026.06.12,06:15,06:30,Kreuther,2,3,5
2026.06.12,06:30,06:45,Kreuther,3,0,3
2026.06.12,06:45,07:00,Kreuther,3,2,5
2026.06.12,07:00,07:15,Kreuther,5,1,6
2026.06.12,07:15,07:30,Kreuther,5,2,7
2026.06.12,07:30,07:45,Kreuther,31,5,36
2026.06.12,07:45,08:00,Kreuther,20,8,28
2026.06.12,08:00,08:15,Kreuther,3,3,6
2026.06.12,08:15,08:30,Kreuther,11,4,15
2026.06.12,08:30,08:45,Kreuther,8,1,9
2026.06.12,08:45,09:00,Kreuther,4,2,6
2026.06.12,09:00,09:15,Kreuther,6,4,10
2026.06.12,09:15,09:30,Kreuther,1,1,2
2026.06.12,09:30,09:45,Kreuther,4,1,5
2026.06.12,09:45,10:00,Kreuther,4,1,5
2026.06.12,10:00,10:15,Kreuther,1,3,4
2026.06.12,10:15,10:30,Kreuther,1,1,2
2026.06.12,10:30,10:45,Kreuther,1,0,1
2026.06.12,10:45,11:00,Kreuther,0,0,0
2026.06.12,11:00,11:15,Kreuther,1,1,2
2026.06.12,11:15,11:30,Kreuther,1,1,2
2026.06.12,11:30,11:45,Kreuther,0,1,1
2026.06.12,11:45,12:00,Kreuther,1,0,1
2026.06.12,12:00,12:15,Kreuther,7,1,8
2026.06.12,12:15,12:30,Kreuther,0,5,5
2026.06.12,12:30,12:45,Kreuther,4,4,8
2026.06.12,12:45,13:00,Kreuther,3,3,6
2026.06.12,13:00,13:15,Kreuther,3,6,9
2026.06.12,13:15,13:30,Kreuther,6,8,14
2026.06.12,13:30,13:45,Kreuther,3,3,6
2026.06.12,13:45,14:00,Kreuther,1,4,5
2026.06.12,14:00,14:15,Kreuther,7,5,12
2026.06.12,14:15,14:30,Kreuther,6,4,10
2026.06.12,14:30,14:45,Kreuther,4,4,8
2026.06.12,14:45,15:00,Kreuther,8,3,11
2026.06.12,15:00,15:15,Kreuther,8,2,10
2026.06.12,15:15,15:30,Kreuther,4,6,10
2026.06.12,15:30,15:45,Kreuther,5,5,10
2026.06.12,15:45,16:00,Kreuther,2,4,6
2026.06.12,16:00,16:15,Kreuther,1,5,6
2026.06.12,16:15,16:30,Kreuther,6,7,13
2026.06.12,16:30,16:45,Kreuther,3,10,13
2026.06.12,16:45,17:00,Kreuther,6,3,9
2026.06.12,17:00,17:15,Kreuther,3,4,7
2026.06.12,17:15,17:30,Kreuther,2,6,8
2026.06.12,17:30,17:45,Kreuther,1,4,5
2026.06.12,17:45,18:00,Kreuther,8,3,11
2026.06.12,18:00,18:15,Kreuther,9,6,15
2026.06.12,18:15,18:30,Kreuther,2,4,6
2026.06.12,18:30,18:45,Kreuther,4,6,10
2026.06.12,18:45,19:00,Kreuther,5,5,10
2026.06.12,19:00,19:15,Kreuther,3,2,5
2026.06.12,19:15,19:30,Kreuther,5,10,15
2026.06.12,19:30,19:45,Kreuther,2,3,5
2026.06.12,19:45,20:00,Kreuther,3,3,6
2026.06.12,20:00,20:15,Kreuther,1,3,4
2026.06.12,20:15,20:30,Kreuther,2,4,6
2026.06.12,20:30,20:45,Kreuther,3,2,5
2026.06.12,20:45,21:00,Kreuther,2,5,7
2026.06.12,21:00,21:15,Kreuther,5,5,10
2026.06.12,21:15,21:30,Kreuther,1,5,6
2026.06.12,21:30,21:45,Kreuther,0,3,3
2026.06.12,21:45,22:00,Kreuther,1,0,1
2026.06.12,22:00,22:15,Kreuther,2,0,2
2026.06.12,22:15,22:30,Kreuther,1,0,1
2026.06.12,22:30,22:45,Kreuther,3,0,3
2026.06.12,22:45,23:00,Kreuther,0,0,0
2026.06.12,23:00,23:15,Kreuther,0,1,1
2026.06.12,23:15,23:30,Kreuther,0,2,2
2026.06.12,23:30,23:45,Kreuther,0,0,0
2026.06.12,23:45,00:00,Kreuther,0,0,0
2026.06.13,00:00,00:15,Kreuther,1,2,3
2026.06.13,00:15,00:30,Kreuther,2,6,8
2026.06.13,00:30,00:45,Kreuther,0,0,0
2026.06.13,00:45,01:00,Kreuther,2,0,2
2026.06.13,01:00,01:15,Kreuther,0,0,0
2026.06.13,01:15,01:30,Kreuther,0,0,0
2026.06.13,01:30,01:45,Kreuther,0,0,0
2026.06.13,01:45,02:00,Kreuther,0,0,0
2026.06.13,02:00,02:15,Kreuther,0,0,0
2026.06.13,02:15,02:30,Kreuther,0,0,0
2026.06.13,02:30,02:45,Kreuther,0,0,0
2026.06.13,02:45,03:00,Kreuther,0,0,0
2026.06.13,03:00,03:15,Kreuther,0,0,0
2026.06.13,03:15,03:30,Kreuther,0,0,0
2026.06.13,03:30,03:45,Kreuther,0,0,0
2026.06.13,03:45,04:00,Kreuther,2,0,2
2026.06.13,04:00,04:15,Kreuther,0,0,0
2026.06.13,04:15,04:30,Kreuther,0,0,0
2026.06.13,04:30,04:45,Kreuther,0,0,0
2026.06.13,04:45,05:00,Kreuther,0,0,0
2026.06.13,05:00,05:15,Kreuther,1,0,1
2026.06.13,05:15,05:30,Kreuther,0,0,0
2026.06.13,05:30,05:45,Kreuther,0,0,0
2026.06.13,05:45,06:00,Kreuther,0,0,0
2026.06.13,06:00,06:15,Kreuther,0,0,0
2026.06.13,06:15,06:30,Kreuther,1,0,1
2026.06.13,06:30,06:45,Kreuther,0,0,0
2026.06.13,06:45,07:00,Kreuther,0,0,0
2026.06.13,07:00,07:15,Kreuther,1,0,1
2026.06.13,07:15,07:30,Kreuther,2,2,4
2026.06.13,07:30,07:45,Kreuther,4,1,5
2026.06.13,07:45,08:00,Kreuther,1,1,2
2026.06.13,08:00,08:15,Kreuther,1,1,2
2026.06.13,08:15,08:30,Kreuther,2,4,6
2026.06.13,08:30,08:45,Kreuther,3,1,4
2026.06.13,08:45,09:00,Kreuther,5,0,5
2026.06.13,09:00,09:15,Kreuther,7,1,8
2026.06.13,09:15,09:30,Kreuther,5,1,6
2026.06.13,09:30,09:45,Kreuther,7,3,10
2026.06.13,09:45,10:00,Kreuther,4,5,9
2026.06.13,10:00,10:15,Kreuther,5,4,9
2026.06.13,10:15,10:30,Kreuther,4,10,14
2026.06.13,10:30,10:45,Kreuther,7,7,14
2026.06.13,10:45,11:00,Kreuther,7,1,8
2026.06.13,11:00,11:15,Kreuther,16,3,19
2026.06.13,11:15,11:30,Kreuther,2,8,10
2026.06.13,11:30,11:45,Kreuther,4,4,8
2026.06.13,11:45,12:00,Kreuther,13,3,16
2026.06.13,12:00,12:15,Kreuther,11,3,14
2026.06.13,12:15,12:30,Kreuther,10,2,12
2026.06.13,12:30,12:45,Kreuther,1,17,18
2026.06.13,12:45,13:00,Kreuther,11,3,14
2026.06.13,13:00,13:15,Kreuther,7,10,17
2026.06.13,13:15,13:30,Kreuther,9,3,12
2026.06.13,13:30,13:45,Kreuther,6,11,17
2026.06.13,13:45,14:00,Kreuther,8,11,19
2026.06.13,14:00,14:15,Kreuther,13,4,17
2026.06.13,14:15,14:30,Kreuther,7,7,14
2026.06.13,14:30,14:45,Kreuther,7,10,17
2026.06.13,14:45,15:00,Kreuther,6,5,11
2026.06.13,15:00,15:15,Kreuther,8,4,12
2026.06.13,15:15,15:30,Kreuther,8,10,18
2026.06.13,15:30,15:45,Kreuther,7,7,14
2026.06.13,15:45,16:00,Kreuther,7,7,14
2026.06.13,16:00,16:15,Kreuther,14,7,21
2026.06.13,16:15,16:30,Kreuther,7,14,21
2026.06.13,16:30,16:45,Kreuther,10,12,22
2026.06.13,16:45,17:00,Kreuther,6,11,17
2026.06.13,17:00,17:15,Kreuther,2,9,11
2026.06.13,17:15,17:30,Kreuther,11,6,17
2026.06.13,17:30,17:45,Kreuther,3,6,9
2026.06.13,17:45,18:00,Kreuther,7,3,10
2026.06.13,18:00,18:15,Kreuther,3,9,12
2026.06.13,18:15,18:30,Kreuther,4,6,10
2026.06.13,18:30,18:45,Kreuther,13,11,24
2026.06.13,18:45,19:00,Kreuther,13,8,21
2026.06.13,19:00,19:15,Kreuther,10,5,15
2026.06.13,19:15,19:30,Kreuther,7,8,15
2026.06.13,19:30,19:45,Kreuther,8,6,14
2026.06.13,19:45,20:00,Kreuther,3,6,9
2026.06.13,20:00,20:15,Kreuther,7,12,19
2026.06.13,20:15,20:30,Kreuther,4,11,15
2026.06.13,20:30,20:45,Kreuther,4,4,8
2026.06.13,20:45,21:00,Kreuther,8,8,16
2026.06.13,21:00,21:15,Kreuther,7,8,15
2026.06.13,21:15,21:30,Kreuther,4,7,11
2026.06.13,21:30,21:45,Kreuther,1,3,4
2026.06.13,21:45,22:00,Kreuther,2,5,7
2026.06.13,22:00,22:15,Kreuther,5,11,16
2026.06.13,22:15,22:30,Kreuther,1,1,2
2026.06.13,22:30,22:45,Kreuther,1,0,1
2026.06.13,22:45,23:00,Kreuther,1,4,5
2026.06.13,23:00,23:15,Kreuther,3,2,5
2026.06.13,23:15,23:30,Kreuther,0,0,0
2026.06.13,23:30,23:45,Kreuther,2,0,2
2026.06.13,23:45,00:00,Kreuther,0,0,0
2026.06.14,00:00,00:15,Kreuther,2,0,2
2026.06.14,00:15,00:30,Kreuther,0,0,0
2026.06.14,00:30,00:45,Kreuther,2,1,3
2026.06.14,00:45,01:00,Kreuther,0,0,0
2026.06.14,01:00,01:15,Kreuther,2,1,3
2026.06.14,01:15,01:30,Kreuther,0,1,1
2026.06.14,01:30,01:45,Kreuther,0,0,0
2026.06.14,01:45,02:00,Kreuther,0,0,0
2026.06.14,02:00,02:15,Kreuther,1,0,1
2026.06.14,02:15,02:30,Kreuther,0,0,0
2026.06.14,02:30,02:45,Kreuther,0,0,0
2026.06.14,02:45,03:00,Kreuther,0,0,0
2026.06.14,03:00,03:15,Kreuther,0,0,0
2026.06.14,03:15,03:30,Kreuther,1,0,1
2026.06.14,03:30,03:45,Kreuther,0,0,0
2026.06.14,03:45,04:00,Kreuther,2,0,2
2026.06.14,04:00,04:15,Kreuther,0,0,0
2026.06.14,04:15,04:30,Kreuther,0,0,0
2026.06.14,04:30,04:45,Kreuther,0,0,0
2026.06.14,04:45,05:00,Kreuther,0,0,0
2026.06.14,05:00,05:15,Kreuther,0,0,0
2026.06.14,05:15,05:30,Kreuther,0,0,0
2026.06.14,05:30,05:45,Kreuther,0,0,0
2026.06.14,05:45,06:00,Kreuther,0,0,0
2026.06.14,06:00,06:15,Kreuther,0,0,0
2026.06.14,06:15,06:30,Kreuther,1,0,1
2026.06.14,06:30,06:45,Kreuther,1,1,2
2026.06.14,06:45,07:00,Kreuther,0,0,0
2026.06.14,07:00,07:15,Kreuther,1,0,1
2026.06.14,07:15,07:30,Kreuther,0,0,0
2026.06.14,07:30,07:45,Kreuther,0,0,0
2026.06.14,07:45,08:00,Kreuther,2,3,5
2026.06.14,08:00,08:15,Kreuther,0,0,0
2026.06.14,08:15,08:30,Kreuther,0,2,2
2026.06.14,08:30,08:45,Kreuther,2,0,2
2026.06.14,08:45,09:00,Kreuther,1,1,2
2026.06.14,09:00,09:15,Kreuther,4,2,6
2026.06.14,09:15,09:30,Kreuther,5,2,7
2026.06.14,09:30,09:45,Kreuther,5,1,6
2026.06.14,09:45,10:00,Kreuther,3,2,5
2026.06.14,10:00,10:15,Kreuther,8,0,8
2026.06.14,10:15,10:30,Kreuther,4,1,5
2026.06.14,10:30,10:45,Kreuther,9,3,12
2026.06.14,10:45,11:00,Kreuther,5,4,9
2026.06.14,11:00,11:15,Kreuther,5,10,15
2026.06.14,11:15,11:30,Kreuther,2,3,5
2026.06.14,11:30,11:45,Kreuther,10,4,14
2026.06.14,11:45,12:00,Kreuther,6,2,8
2026.06.14,12:00,12:15,Kreuther,5,6,11
2026.06.14,12:15,12:30,Kreuther,6,2,8
2026.06.14,12:30,12:45,Kreuther,11,13,24
2026.06.14,12:45,13:00,Kreuther,7,9,16
2026.06.14,13:00,13:15,Kreuther,8,5,13
2026.06.14,13:15,13:30,Kreuther,16,3,19
2026.06.14,13:30,13:45,Kreuther,16,2,18
2026.06.14,13:45,14:00,Kreuther,6,6,12
2026.06.14,14:00,14:15,Kreuther,12,15,27
2026.06.14,14:15,14:30,Kreuther,9,12,21
2026.06.14,14:30,14:45,Kreuther,8,4,12
2026.06.14,14:45,15:00,Kreuther,9,15,24
2026.06.14,15:00,15:15,Kreuther,12,6,18
2026.06.14,15:15,15:30,Kreuther,8,11,19
2026.06.14,15:30,15:45,Kreuther,11,13,24
2026.06.14,15:45,16:00,Kreuther,16,22,38
2026.06.14,16:00,16:15,Kreuther,6,10,16
2026.06.14,16:15,16:30,Kreuther,10,9,19
2026.06.14,16:30,16:45,Kreuther,11,9,20
2026.06.14,16:45,17:00,Kreuther,10,11,21
2026.06.14,17:00,17:15,Kreuther,6,23,29
2026.06.14,17:15,17:30,Kreuther,9,27,36
2026.06.14,17:30,17:45,Kreuther,11,12,23
2026.06.14,17:45,18:00,Kreuther,8,13,21
2026.06.14,18:00,18:15,Kreuther,15,8,23
2026.06.14,18:15,18:30,Kreuther,4,3,7
2026.06.14,18:30,18:45,Kreuther,5,11,16
2026.06.14,18:45,19:00,Kreuther,5,11,16
2026.06.14,19:00,19:15,Kreuther,3,4,7
2026.06.14,19:15,19:30,Kreuther,3,7,10
2026.06.14,19:30,19:45,Kreuther,1,6,7
2026.06.14,19:45,20:00,Kreuther,7,4,11
2026.06.14,20:00,20:15,Kreuther,2,6,8
2026.06.14,20:15,20:30,Kreuther,4,1,5
2026.06.14,20:30,20:45,Kreuther,2,0,2
2026.06.14,20:45,21:00,Kreuther,4,3,7
2026.06.14,21:00,21:15,Kreuther,2,2,4
2026.06.14,21:15,21:30,Kreuther,3,2,5
2026.06.14,21:30,21:45,Kreuther,4,8,12
2026.06.14,21:45,22:00,Kreuther,1,3,4
2026.06.14,22:00,22:15,Kreuther,1,1,2
2026.06.14,22:15,22:30,Kreuther,1,1,2
2026.06.14,22:30,22:45,Kreuther,2,2,4
2026.06.14,22:45,23:00,Kreuther,0,0,0
2026.06.14,23:00,23:15,Kreuther,0,0,0
2026.06.14,23:15,23:30,Kreuther,0,3,3
2026.06.14,23:30,23:45,Kreuther,0,0,0
2026.06.14,23:45,00:00,Kreuther,0,0,0
2026.06.15,00:00,00:15,Kreuther,0,0,0
2026.06.15,00:15,00:30,Kreuther,1,0,1
2026.06.15,00:30,00:45,Kreuther,0,0,0
2026.06.15,00:45,01:00,Kreuther,0,0,0
2026.06.15,01:00,01:15,Kreuther,0,0,0
2026.06.15,01:15,01:30,Kreuther,2,0,2
2026.06.15,01:30,01:45,Kreuther,0,1,1
2026.06.15,01:45,02:00,Kreuther,0,0,0
2026.06.15,02:00,02:15,Kreuther,1,0,1
2026.06.15,02:15,02:30,Kreuther,1,0,1
2026.06.15,02:30,02:45,Kreuther,0,0,0
2026.06.15,02:45,03:00,Kreuther,0,0,0
2026.06.15,03:00,03:15,Kreuther,0,0,0
2026.06.15,03:15,03:30,Kreuther,0,1,1
2026.06.15,03:30,03:45,Kreuther,0,0,0
2026.06.15,03:45,04:00,Kreuther,0,1,1
2026.06.15,04:00,04:15,Kreuther,0,0,0
2026.06.15,04:15,04:30,Kreuther,0,0,0
2026.06.15,04:30,04:45,Kreuther,0,0,0
2026.06.15,04:45,05:00,Kreuther,1,0,1
2026.06.15,05:00,05:15,Kreuther,1,0,1
2026.06.15,05:15,05:30,Kreuther,3,1,4
2026.06.15,05:30,05:45,Kreuther,1,1,2
2026.06.15,05:45,06:00,Kreuther,2,1,3
2026.06.15,06:00,06:15,Kreuther,1,0,1
2026.06.15,06:15,06:30,Kreuther,5,1,6
2026.06.15,06:30,06:45,Kreuther,5,1,6
2026.06.15,06:45,07:00,Kreuther,8,1,9
2026.06.15,07:00,07:15,Kreuther,13,6,19
2026.06.15,07:15,07:30,Kreuther,27,6,33
2026.06.15,07:30,07:45,Kreuther,39,3,42
2026.06.15,07:45,08:00,Kreuther,31,13,44
2026.06.15,08:00,08:15,Kreuther,40,5,45
2026.06.15,08:15,08:30,Kreuther,24,9,33
2026.06.15,08:30,08:45,Kreuther,28,5,33
2026.06.15,08:45,09:00,Kreuther,13,4,17
2026.06.15,09:00,09:15,Kreuther,16,2,18
2026.06.15,09:15,09:30,Kreuther,11,3,14
2026.06.15,09:30,09:45,Kreuther,9,5,14
2026.06.15,09:45,10:00,Kreuther,7,2,9
2026.06.15,10:00,10:15,Kreuther,3,1,4
2026.06.15,10:15,10:30,Kreuther,2,1,3
2026.06.15,10:30,10:45,Kreuther,8,3,11
2026.06.15,10:45,11:00,Kreuther,0,4,4
2026.06.15,11:00,11:15,Kreuther,1,0,1
2026.06.15,11:15,11:30,Kreuther,2,4,6
2026.06.15,11:30,11:45,Kreuther,5,10,15
2026.06.15,11:45,12:00,Kreuther,3,5,8
2026.06.15,12:00,12:15,Kreuther,9,3,12
2026.06.15,12:15,12:30,Kreuther,6,7,13
2026.06.15,12:30,12:45,Kreuther,6,8,14
2026.06.15,12:45,13:00,Kreuther,4,4,8
2026.06.15,13:00,13:15,Kreuther,12,3,15
2026.06.15,13:15,13:30,Kreuther,8,9,17
2026.06.15,13:30,13:45,Kreuther,10,6,16
2026.06.15,13:45,14:00,Kreuther,6,3,9
2026.06.15,14:00,14:15,Kreuther,9,5,14
2026.06.15,14:15,14:30,Kreuther,2,8,10
2026.06.15,14:30,14:45,Kreuther,9,16,25
2026.06.15,14:45,15:00,Kreuther,6,8,14
2026.06.15,15:00,15:15,Kreuther,10,7,17
2026.06.15,15:15,15:30,Kreuther,13,7,20
2026.06.15,15:30,15:45,Kreuther,18,17,35
2026.06.15,15:45,16:00,Kreuther,11,11,22
2026.06.15,16:00,16:15,Kreuther,7,23,30
2026.06.15,16:15,16:30,Kreuther,4,16,20
2026.06.15,16:30,16:45,Kreuther,22,16,38
2026.06.15,16:45,17:00,Kreuther,14,16,30
2026.06.15,17:00,17:15,Kreuther,7,11,18
2026.06.15,17:15,17:30,Kreuther,10,18,28
2026.06.15,17:30,17:45,Kreuther,13,13,26
2026.06.15,17:45,18:00,Kreuther,13,18,31
2026.06.15,18:00,18:15,Kreuther,6,20,26
2026.06.15,18:15,18:30,Kreuther,10,11,21
2026.06.15,18:30,18:45,Kreuther,10,11,21
2026.06.15,18:45,19:00,Kreuther,18,10,28
2026.06.15,19:00,19:15,Kreuther,4,9,13
2026.06.15,19:15,19:30,Kreuther,6,15,21
2026.06.15,19:30,19:45,Kreuther,12,7,19
2026.06.15,19:45,20:00,Kreuther,5,8,13
2026.06.15,20:00,20:15,Kreuther,6,7,13
2026.06.15,20:15,20:30,Kreuther,3,7,10
2026.06.15,20:30,20:45,Kreuther,3,3,6
2026.06.15,20:45,21:00,Kreuther,1,8,9
2026.06.15,21:00,21:15,Kreuther,0,4,4
2026.06.15,21:15,21:30,Kreuther,2,7,9
2026.06.15,21:30,21:45,Kreuther,3,2,5
2026.06.15,21:45,22:00,Kreuther,4,2,6
2026.06.15,22:00,22:15,Kreuther,2,7,9
2026.06.15,22:15,22:30,Kreuther,0,1,1
2026.06.15,22:30,22:45,Kreuther,0,1,1
2026.06.15,22:45,23:00,Kreuther,0,2,2
2026.06.15,23:00,23:15,Kreuther,0,4,4
2026.06.15,23:15,23:30,Kreuther,0,1,1
2026.06.15,23:30,23:45,Kreuther,0,0,0
2026.06.15,23:45,00:00,Kreuther,0,0,0
2026.06.16,00:00,00:15,Kreuther,0,1,1
2026.06.16,00:15,00:30,Kreuther,0,1,1
2026.06.16,00:30,00:45,Kreuther,0,1,1
2026.06.16,00:45,01:00,Kreuther,0,1,1
2026.06.16,01:00,01:15,Kreuther,0,0,0
2026.06.16,01:15,01:30,Kreuther,0,0,0
2026.06.16,01:30,01:45,Kreuther,0,0,0
2026.06.16,01:45,02:00,Kreuther,0,0,0
2026.06.16,02:00,02:15,Kreuther,0,0,0
2026.06.16,02:15,02:30,Kreuther,1,0,1
2026.06.16,02:30,02:45,Kreuther,0,0,0
2026.06.16,02:45,03:00,Kreuther,0,0,0
2026.06.16,03:00,03:15,Kreuther,0,0,0
2026.06.16,03:15,03:30,Kreuther,0,0,0
2026.06.16,03:30,03:45,Kreuther,0,0,0
2026.06.16,03:45,04:00,Kreuther,0,1,1
2026.06.16,04:00,04:15,Kreuther,0,0,0
2026.06.16,04:15,04:30,Kreuther,0,0,0
2026.06.16,04:30,04:45,Kreuther,1,0,1
2026.06.16,04:45,05:00,Kreuther,1,0,1
2026.06.16,05:00,05:15,Kreuther,1,0,1
2026.06.16,05:15,05:30,Kreuther,3,1,4
2026.06.16,05:30,05:45,Kreuther,0,1,1
2026.06.16,05:45,06:00,Kreuther,3,1,4
2026.06.16,06:00,06:15,Kreuther,1,3,4
2026.06.16,06:15,06:30,Kreuther,7,2,9
2026.06.16,06:30,06:45,Kreuther,10,3,13
2026.06.16,06:45,07:00,Kreuther,12,1,13
2026.06.16,07:00,07:15,Kreuther,11,3,14
2026.06.16,07:15,07:30,Kreuther,23,9,32
2026.06.16,07:30,07:45,Kreuther,54,13,67
2026.06.16,07:45,08:00,Kreuther,45,7,52
2026.06.16,08:00,08:15,Kreuther,40,9,49
2026.06.16,08:15,08:30,Kreuther,37,3,40
2026.06.16,08:30,08:45,Kreuther,29,7,36
2026.06.16,08:45,09:00,Kreuther,23,1,24
2026.06.16,09:00,09:15,Kreuther,7,2,9
2026.06.16,09:15,09:30,Kreuther,9,2,11
2026.06.16,09:30,09:45,Kreuther,11,3,14
2026.06.16,09:45,10:00,Kreuther,9,1,10
2026.06.16,10:00,10:15,Kreuther,5,1,6
2026.06.16,10:15,10:30,Kreuther,7,3,10
2026.06.16,10:30,10:45,Kreuther,4,4,8
2026.06.16,10:45,11:00,Kreuther,16,7,23
2026.06.16,11:00,11:15,Kreuther,7,3,10
2026.06.16,11:15,11:30,Kreuther,5,3,8
2026.06.16,11:30,11:45,Kreuther,1,3,4
2026.06.16,11:45,12:00,Kreuther,8,3,11
2026.06.16,12:00,12:15,Kreuther,8,9,17
2026.06.16,12:15,12:30,Kreuther,7,12,19
2026.06.16,12:30,12:45,Kreuther,3,6,9
2026.06.16,12:45,13:00,Kreuther,5,4,9
2026.06.16,13:00,13:15,Kreuther,5,11,16
2026.06.16,13:15,13:30,Kreuther,9,3,12
2026.06.16,13:30,13:45,Kreuther,4,5,9
2026.06.16,13:45,14:00,Kreuther,2,9,11
2026.06.16,14:00,14:15,Kreuther,7,5,12
2026.06.16,14:15,14:30,Kreuther,6,4,10
2026.06.16,14:30,14:45,Kreuther,3,8,11
2026.06.16,14:45,15:00,Kreuther,14,5,19
2026.06.16,15:00,15:15,Kreuther,15,7,22
2026.06.16,15:15,15:30,Kreuther,9,8,17
2026.06.16,15:30,15:45,Kreuther,7,17,24
2026.06.16,15:45,16:00,Kreuther,10,10,20
2026.06.16,16:00,16:15,Kreuther,4,15,19
2026.06.16,16:15,16:30,Kreuther,16,12,28
2026.06.16,16:30,16:45,Kreuther,14,25,39
2026.06.16,16:45,17:00,Kreuther,14,11,25
2026.06.16,17:00,17:15,Kreuther,9,16,25
2026.06.16,17:15,17:30,Kreuther,10,23,33
2026.06.16,17:30,17:45,Kreuther,4,10,14
2026.06.16,17:45,18:00,Kreuther,7,19,26
2026.06.16,18:00,18:15,Kreuther,16,18,34
2026.06.16,18:15,18:30,Kreuther,10,23,33
2026.06.16,18:30,18:45,Kreuther,5,27,32
2026.06.16,18:45,19:00,Kreuther,11,11,22
2026.06.16,19:00,19:15,Kreuther,12,9,21
2026.06.16,19:15,19:30,Kreuther,6,7,13
2026.06.16,19:30,19:45,Kreuther,3,9,12
2026.06.16,19:45,20:00,Kreuther,4,7,11
2026.06.16,20:00,20:15,Kreuther,5,8,13
2026.06.16,20:15,20:30,Kreuther,5,7,12
2026.06.16,20:30,20:45,Kreuther,5,14,19
2026.06.16,20:45,21:00,Kreuther,3,2,5
2026.06.16,21:00,21:15,Kreuther,3,4,7
2026.06.16,21:15,21:30,Kreuther,3,8,11
2026.06.16,21:30,21:45,Kreuther,1,3,4
2026.06.16,21:45,22:00,Kreuther,1,3,4
2026.06.16,22:00,22:15,Kreuther,0,3,3
2026.06.16,22:15,22:30,Kreuther,2,4,6
2026.06.16,22:30,22:45,Kreuther,0,2,2
2026.06.16,22:45,23:00,Kreuther,0,2,2
2026.06.16,23:00,23:15,Kreuther,0,2,2
2026.06.16,23:15,23:30,Kreuther,0,0,0
2026.06.16,23:30,23:45,Kreuther,1,1,2
2026.06.16,23:45,00:00,Kreuther,0,1,1
2026.06.17,00:00,00:15,Kreuther,0,0,0
2026.06.17,00:15,00:30,Kreuther,0,0,0
2026.06.17,00:30,00:45,Kreuther,0,0,0
2026.06.17,00:45,01:00,Kreuther,1,0,1
2026.06.17,01:00,01:15,Kreuther,1,1,2
2026.06.17,01:15,01:30,Kreuther,0,0,0
2026.06.17,01:30,01:45,Kreuther,0,0,0
2026.06.17,01:45,02:00,Kreuther,2,0,2
2026.06.17,02:00,02:15,Kreuther,1,0,1
2026.06.17,02:15,02:30,Kreuther,2,0,2
2026.06.17,02:30,02:45,Kreuther,0,0,0
2026.06.17,02:45,03:00,Kreuther,0,0,0
2026.06.17,03:00,03:15,Kreuther,0,0,0
2026.06.17,03:15,03:30,Kreuther,1,0,1
2026.06.17,03:30,03:45,Kreuther,1,0,1
2026.06.17,03:45,04:00,Kreuther,0,0,0
2026.06.17,04:00,04:15,Kreuther,1,0,1
2026.06.17,04:15,04:30,Kreuther,0,0,0
2026.06.17,04:30,04:45,Kreuther,0,0,0
2026.06.17,04:45,05:00,Kreuther,0,0,0
2026.06.17,05:00,05:15,Kreuther,1,1,2
2026.06.17,05:15,05:30,Kreuther,4,1,5
2026.06.17,05:30,05:45,Kreuther,0,1,1
2026.06.17,05:45,06:00,Kreuther,2,0,2
2026.06.17,06:00,06:15,Kreuther,0,3,3
2026.06.17,06:15,06:30,Kreuther,8,0,8
2026.06.17,06:30,06:45,Kreuther,6,6,12
2026.06.17,06:45,07:00,Kreuther,9,1,10
2026.06.17,07:00,07:15,Kreuther,12,3,15
2026.06.17,07:15,07:30,Kreuther,19,3,22
2026.06.17,07:30,07:45,Kreuther,53,8,61
2026.06.17,07:45,08:00,Kreuther,30,16,46
2026.06.17,08:00,08:15,Kreuther,44,8,52
2026.06.17,08:15,08:30,Kreuther,28,8,36
2026.06.17,08:30,08:45,Kreuther,32,9,41
2026.06.17,08:45,09:00,Kreuther,28,4,32
2026.06.17,09:00,09:15,Kreuther,12,0,12
2026.06.17,09:15,09:30,Kreuther,9,3,12
2026.06.17,09:30,09:45,Kreuther,10,5,15
2026.06.17,09:45,10:00,Kreuther,5,7,12
2026.06.17,10:00,10:15,Kreuther,12,3,15
2026.06.17,10:15,10:30,Kreuther,6,4,10
2026.06.17,10:30,10:45,Kreuther,7,1,8
2026.06.17,10:45,11:00,Kreuther,7,3,10
2026.06.17,11:00,11:15,Kreuther,6,4,10
2026.06.17,11:15,11:30,Kreuther,4,4,8
2026.06.17,11:30,11:45,Kreuther,4,7,11
2026.06.17,11:45,12:00,Kreuther,9,6,15
2026.06.17,12:00,12:15,Kreuther,9,6,15
2026.06.17,12:15,12:30,Kreuther,1,8,9
2026.06.17,12:30,12:45,Kreuther,11,4,15
2026.06.17,12:45,13:00,Kreuther,4,9,13
2026.06.17,13:00,13:15,Kreuther,2,6,8
2026.06.17,13:15,13:30,Kreuther,9,12,21
2026.06.17,13:30,13:45,Kreuther,9,7,16
2026.06.17,13:45,14:00,Kreuther,2,7,9
2026.06.17,14:00,14:15,Kreuther,10,6,16
2026.06.17,14:15,14:30,Kreuther,10,2,12
2026.06.17,14:30,14:45,Kreuther,6,8,14
2026.06.17,14:45,15:00,Kreuther,3,9,12
2026.06.17,15:00,15:15,Kreuther,16,7,23
2026.06.17,15:15,15:30,Kreuther,8,8,16
2026.06.17,15:30,15:45,Kreuther,13,13,26
2026.06.17,15:45,16:00,Kreuther,9,19,28
2026.06.17,16:00,16:15,Kreuther,11,16,27
2026.06.17,16:15,16:30,Kreuther,13,16,29
2026.06.17,16:30,16:45,Kreuther,16,19,35
2026.06.17,16:45,17:00,Kreuther,10,12,22
2026.06.17,17:00,17:15,Kreuther,11,23,34
2026.06.17,17:15,17:30,Kreuther,7,15,22
2026.06.17,17:30,17:45,Kreuther,4,19,23
2026.06.17,17:45,18:00,Kreuther,9,13,22
2026.06.17,18:00,18:15,Kreuther,13,22,35
2026.06.17,18:15,18:30,Kreuther,15,16,31
2026.06.17,18:30,18:45,Kreuther,18,19,37
2026.06.17,18:45,19:00,Kreuther,9,12,21
2026.06.17,19:00,19:15,Kreuther,9,8,17
2026.06.17,19:15,19:30,Kreuther,9,13,22
2026.06.17,19:30,19:45,Kreuther,8,18,26
2026.06.17,19:45,20:00,Kreuther,10,3,13
2026.06.17,20:00,20:15,Kreuther,1,7,8
2026.06.17,20:15,20:30,Kreuther,2,10,12
2026.06.17,20:30,20:45,Kreuther,5,5,10
2026.06.17,20:45,21:00,Kreuther,8,5,13
2026.06.17,21:00,21:15,Kreuther,4,10,14
2026.06.17,21:15,21:30,Kreuther,4,6,10
2026.06.17,21:30,21:45,Kreuther,4,5,9
2026.06.17,21:45,22:00,Kreuther,2,8,10
2026.06.17,22:00,22:15,Kreuther,3,9,12
2026.06.17,22:15,22:30,Kreuther,0,5,5
2026.06.17,22:30,22:45,Kreuther,1,0,1
2026.06.17,22:45,23:00,Kreuther,1,3,4
2026.06.17,23:00,23:15,Kreuther,0,2,2
2026.06.17,23:15,23:30,Kreuther,0,3,3
2026.06.17,23:30,23:45,Kreuther,0,0,0
2026.06.17,23:45,00:00,Kreuther,0,2,2
2026.06.18,00:00,00:15,Kreuther,0,2,2
2026.06.18,00:15,00:30,Kreuther,1,0,1
2026.06.18,00:30,00:45,Kreuther,0,1,1
2026.06.18,00:45,01:00,Kreuther,0,0,0
2026.06.18,01:00,01:15,Kreuther,1,0,1
2026.06.18,01:15,01:30,Kreuther,0,2,2
2026.06.18,01:30,01:45,Kreuther,0,0,0
2026.06.18,01:45,02:00,Kreuther,0,0,0
2026.06.18,02:00,02:15,Kreuther,2,0,2
2026.06.18,02:15,02:30,Kreuther,0,0,0
2026.06.18,02:30,02:45,Kreuther,0,0,0
2026.06.18,02:45,03:00,Kreuther,0,0,0
2026.06.18,03:00,03:15,Kreuther,0,0,0
2026.06.18,03:15,03:30,Kreuther,0,0,0
2026.06.18,03:30,03:45,Kreuther,0,0,0
2026.06.18,03:45,04:00,Kreuther,0,0,0
2026.06.18,04:00,04:15,Kreuther,0,0,0
2026.06.18,04:15,04:30,Kreuther,0,0,0
2026.06.18,04:30,04:45,Kreuther,0,0,0
2026.06.18,04:45,05:00,Kreuther,2,0,2
2026.06.18,05:00,05:15,Kreuther,1,0,1
2026.06.18,05:15,05:30,Kreuther,5,1,6
2026.06.18,05:30,05:45,Kreuther,1,1,2
2026.06.18,05:45,06:00,Kreuther,1,0,1
2026.06.18,06:00,06:15,Kreuther,1,1,2
2026.06.18,06:15,06:30,Kreuther,6,2,8
2026.06.18,06:30,06:45,Kreuther,9,3,12
2026.06.18,06:45,07:00,Kreuther,10,4,14
2026.06.18,07:00,07:15,Kreuther,11,0,11
2026.06.18,07:15,07:30,Kreuther,20,5,25
2026.06.18,07:30,07:45,Kreuther,47,13,60
2026.06.18,07:45,08:00,Kreuther,32,14,46
2026.06.18,08:00,08:15,Kreuther,46,6,52
2026.06.18,08:15,08:30,Kreuther,32,12,44
2026.06.18,08:30,08:45,Kreuther,27,6,33
2026.06.18,08:45,09:00,Kreuther,21,5,26
2026.06.18,09:00,09:15,Kreuther,15,1,16
2026.06.18,09:15,09:30,Kreuther,15,2,17
2026.06.18,09:30,09:45,Kreuther,10,5,15
2026.06.18,09:45,10:00,Kreuther,3,1,4
2026.06.18,10:00,10:15,Kreuther,5,4,9
2026.06.18,10:15,10:30,Kreuther,4,3,7
2026.06.18,10:30,10:45,Kreuther,6,1,7
2026.06.18,10:45,11:00,Kreuther,5,5,10
2026.06.18,11:00,11:15,Kreuther,5,3,8
2026.06.18,11:15,11:30,Kreuther,6,5,11
2026.06.18,11:30,11:45,Kreuther,13,9,22
2026.06.18,11:45,12:00,Kreuther,5,8,13
2026.06.18,12:00,12:15,Kreuther,9,2,11
2026.06.18,12:15,12:30,Kreuther,4,8,12
2026.06.18,12:30,12:45,Kreuther,3,7,10
2026.06.18,12:45,13:00,Kreuther,10,3,13
2026.06.18,13:00,13:15,Kreuther,5,13,18
2026.06.18,13:15,13:30,Kreuther,6,10,16
2026.06.18,13:30,13:45,Kreuther,8,13,21
2026.06.18,13:45,14:00,Kreuther,6,1,7
2026.06.18,14:00,14:15,Kreuther,14,7,21
2026.06.18,14:15,14:30,Kreuther,3,9,12
2026.06.18,14:30,14:45,Kreuther,19,9,28
2026.06.18,14:45,15:00,Kreuther,21,9,30
2026.06.18,15:00,15:15,Kreuther,10,4,14
2026.06.18,15:15,15:30,Kreuther,6,12,18
2026.06.18,15:30,15:45,Kreuther,11,9,20
2026.06.18,15:45,16:00,Kreuther,11,14,25
2026.06.18,16:00,16:15,Kreuther,10,12,22
2026.06.18,16:15,16:30,Kreuther,7,19,26
2026.06.18,16:30,16:45,Kreuther,17,14,31
2026.06.18,16:45,17:00,Kreuther,18,17,35
2026.06.18,17:00,17:15,Kreuther,19,20,39
2026.06.18,17:15,17:30,Kreuther,12,15,27
2026.06.18,17:30,17:45,Kreuther,9,20,29
2026.06.18,17:45,18:00,Kreuther,15,22,37
2026.06.18,18:00,18:15,Kreuther,15,26,41
2026.06.18,18:15,18:30,Kreuther,11,22,33
2026.06.18,18:30,18:45,Kreuther,9,11,20
2026.06.18,18:45,19:00,Kreuther,12,16,28
2026.06.18,19:00,19:15,Kreuther,9,10,19
2026.06.18,19:15,19:30,Kreuther,13,13,26
2026.06.18,19:30,19:45,Kreuther,8,6,14
2026.06.18,19:45,20:00,Kreuther,10,9,19
2026.06.18,20:00,20:15,Kreuther,2,6,8
2026.06.18,20:15,20:30,Kreuther,3,10,13
2026.06.18,20:30,20:45,Kreuther,6,12,18
2026.06.18,20:45,21:00,Kreuther,10,15,25
2026.06.18,21:00,21:15,Kreuther,8,6,14
2026.06.18,21:15,21:30,Kreuther,4,11,15
2026.06.18,21:30,21:45,Kreuther,6,5,11
2026.06.18,21:45,22:00,Kreuther,3,5,8
2026.06.18,22:00,22:15,Kreuther,0,7,7
2026.06.18,22:15,22:30,Kreuther,2,8,10
2026.06.18,22:30,22:45,Kreuther,1,7,8
2026.06.18,22:45,23:00,Kreuther,0,5,5
2026.06.18,23:00,23:15,Kreuther,4,2,6
2026.06.18,23:15,23:30,Kreuther,0,3,3
2026.06.18,23:30,23:45,Kreuther,0,2,2
2026.06.18,23:45,00:00,Kreuther,0,2,2
2026.06.19,00:00,00:15,Kreuther,0,1,1
2026.06.19,00:15,00:30,Kreuther,0,1,1
2026.06.19,00:30,00:45,Kreuther,0,0,0
2026.06.19,00:45,01:00,Kreuther,0,0,0
2026.06.19,01:00,01:15,Kreuther,0,2,2
2026.06.19,01:15,01:30,Kreuther,0,0,0
2026.06.19,01:30,01:45,Kreuther,0,0,0
2026.06.19,01:45,02:00,Kreuther,0,0,0
2026.06.19,02:00,02:15,Kreuther,1,0,1
2026.06.19,02:15,02:30,Kreuther,0,0,0
2026.06.19,02:30,02:45,Kreuther,0,0,0
2026.06.19,02:45,03:00,Kreuther,0,0,0
2026.06.19,03:00,03:15,Kreuther,0,0,0
2026.06.19,03:15,03:30,Kreuther,0,0,0
2026.06.19,03:30,03:45,Kreuther,0,0,0
2026.06.19,03:45,04:00,Kreuther,1,0,1
2026.06.19,04:00,04:15,Kreuther,0,0,0
2026.06.19,04:15,04:30,Kreuther,0,0,0
2026.06.19,04:30,04:45,Kreuther,1,0,1
2026.06.19,04:45,05:00,Kreuther,1,0,1
2026.06.19,05:00,05:15,Kreuther,0,0,0
2026.06.19,05:15,05:30,Kreuther,6,1,7
2026.06.19,05:30,05:45,Kreuther,0,0,0
2026.06.19,05:45,06:00,Kreuther,2,2,4
2026.06.19,06:00,06:15,Kreuther,1,2,3
2026.06.19,06:15,06:30,Kreuther,2,3,5
2026.06.19,06:30,06:45,Kreuther,4,1,5
2026.06.19,06:45,07:00,Kreuther,10,2,12
2026.06.19,07:00,07:15,Kreuther,12,4,16
2026.06.19,07:15,07:30,Kreuther,11,8,19
2026.06.19,07:30,07:45,Kreuther,50,5,55
2026.06.19,07:45,08:00,Kreuther,29,12,41
2026.06.19,08:00,08:15,Kreuther,23,12,35
2026.06.19,08:15,08:30,Kreuther,24,6,30
2026.06.19,08:30,08:45,Kreuther,18,5,23
2026.06.19,08:45,09:00,Kreuther,11,4,15
2026.06.19,09:00,09:15,Kreuther,14,5,19
2026.06.19,09:15,09:30,Kreuther,6,2,8
2026.06.19,09:30,09:45,Kreuther,13,5,18
2026.06.19,09:45,10:00,Kreuther,7,3,10
2026.06.19,10:00,10:15,Kreuther,16,0,16
2026.06.19,10:15,10:30,Kreuther,5,5,10
2026.06.19,10:30,10:45,Kreuther,11,1,12
2026.06.19,10:45,11:00,Kreuther,7,4,11
2026.06.19,11:00,11:15,Kreuther,6,7,13
2026.06.19,11:15,11:30,Kreuther,10,12,22
2026.06.19,11:30,11:45,Kreuther,6,5,11
2026.06.19,11:45,12:00,Kreuther,5,6,11
2026.06.19,12:00,12:15,Kreuther,6,9,15
2026.06.19,12:15,12:30,Kreuther,7,12,19
2026.06.19,12:30,12:45,Kreuther,5,9,14
2026.06.19,12:45,13:00,Kreuther,5,4,9
2026.06.19,13:00,13:15,Kreuther,6,7,13
2026.06.19,13:15,13:30,Kreuther,12,4,16
2026.06.19,13:30,13:45,Kreuther,4,4,8
2026.06.19,13:45,14:00,Kreuther,2,4,6
2026.06.19,14:00,14:15,Kreuther,11,10,21
2026.06.19,14:15,14:30,Kreuther,10,8,18
2026.06.19,14:30,14:45,Kreuther,12,4,16
2026.06.19,14:45,15:00,Kreuther,9,8,17
2026.06.19,15:00,15:15,Kreuther,5,7,12
2026.06.19,15:15,15:30,Kreuther,10,10,20
2026.06.19,15:30,15:45,Kreuther,14,7,21
2026.06.19,15:45,16:00,Kreuther,18,14,32
2026.06.19,16:00,16:15,Kreuther,11,7,18
2026.06.19,16:15,16:30,Kreuther,11,12,23
2026.06.19,16:30,16:45,Kreuther,10,8,18
2026.06.19,16:45,17:00,Kreuther,13,5,18
2026.06.19,17:00,17:15,Kreuther,11,5,16
2026.06.19,17:15,17:30,Kreuther,13,15,28
2026.06.19,17:30,17:45,Kreuther,13,11,24
2026.06.19,17:45,18:00,Kreuther,7,15,22
2026.06.19,18:00,18:15,Kreuther,6,11,17
2026.06.19,18:15,18:30,Kreuther,11,5,16
2026.06.19,18:30,18:45,Kreuther,16,8,24
2026.06.19,18:45,19:00,Kreuther,15,12,27
2026.06.19,19:00,19:15,Kreuther,4,4,8
2026.06.19,19:15,19:30,Kreuther,5,16,21
2026.06.19,19:30,19:45,Kreuther,13,8,21
2026.06.19,19:45,20:00,Kreuther,3,0,3
2026.06.19,20:00,20:15,Kreuther,15,3,18
2026.06.19,20:15,20:30,Kreuther,6,8,14
2026.06.19,20:30,20:45,Kreuther,11,5,16
2026.06.19,20:45,21:00,Kreuther,9,4,13
2026.06.19,21:00,21:15,Kreuther,6,8,14
2026.06.19,21:15,21:30,Kreuther,6,5,11
2026.06.19,21:30,21:45,Kreuther,3,5,8
2026.06.19,21:45,22:00,Kreuther,4,7,11
2026.06.19,22:00,22:15,Kreuther,5,2,7
2026.06.19,22:15,22:30,Kreuther,1,7,8
2026.06.19,22:30,22:45,Kreuther,0,3,3
2026.06.19,22:45,23:00,Kreuther,2,5,7
2026.06.19,23:00,23:15,Kreuther,0,1,1
2026.06.19,23:15,23:30,Kreuther,1,3,4
2026.06.19,23:30,23:45,Kreuther,0,1,1
2026.06.19,23:45,00:00,Kreuther,1,2,3
2026.06.20,00:00,00:15,Kreuther,0,0,0
2026.06.20,00:15,00:30,Kreuther,0,3,3
2026.06.20,00:30,00:45,Kreuther,1,1,2
2026.06.20,00:45,01:00,Kreuther,0,0,0
2026.06.20,01:00,01:15,Kreuther,1,0,1
2026.06.20,01:15,01:30,Kreuther,0,0,0
2026.06.20,01:30,01:45,Kreuther,0,0,0
2026.06.20,01:45,02:00,Kreuther,0,2,2
2026.06.20,02:00,02:15,Kreuther,1,0,1
2026.06.20,02:15,02:30,Kreuther,0,2,2
2026.06.20,02:30,02:45,Kreuther,0,0,0
2026.06.20,02:45,03:00,Kreuther,0,1,1
2026.06.20,03:00,03:15,Kreuther,0,0,0
2026.06.20,03:15,03:30,Kreuther,0,0,0
2026.06.20,03:30,03:45,Kreuther,0,0,0
2026.06.20,03:45,04:00,Kreuther,0,0,0
2026.06.20,04:00,04:15,Kreuther,1,1,2
2026.06.20,04:15,04:30,Kreuther,1,0,1
2026.06.20,04:30,04:45,Kreuther,0,0,0
2026.06.20,04:45,05:00,Kreuther,0,0,0
2026.06.20,05:00,05:15,Kreuther,1,1,2
2026.06.20,05:15,05:30,Kreuther,3,0,3
2026.06.20,05:30,05:45,Kreuther,0,0,0
2026.06.20,05:45,06:00,Kreuther,2,0,2
2026.06.20,06:00,06:15,Kreuther,1,1,2
2026.06.20,06:15,06:30,Kreuther,0,0,0
2026.06.20,06:30,06:45,Kreuther,2,0,2
2026.06.20,06:45,07:00,Kreuther,2,2,4
2026.06.20,07:00,07:15,Kreuther,1,1,2
2026.06.20,07:15,07:30,Kreuther,2,1,3
2026.06.20,07:30,07:45,Kreuther,3,0,3
2026.06.20,07:45,08:00,Kreuther,3,0,3
2026.06.20,08:00,08:15,Kreuther,1,1,2
2026.06.20,08:15,08:30,Kreuther,7,1,8
2026.06.20,08:30,08:45,Kreuther,9,3,12
2026.06.20,08:45,09:00,Kreuther,3,3,6
2026.06.20,09:00,09:15,Kreuther,2,1,3
2026.06.20,09:15,09:30,Kreuther,5,0,5
2026.06.20,09:30,09:45,Kreuther,6,4,10
2026.06.20,09:45,10:00,Kreuther,3,10,13
2026.06.20,10:00,10:15,Kreuther,7,7,14
2026.06.20,10:15,10:30,Kreuther,14,5,19
2026.06.20,10:30,10:45,Kreuther,3,6,9
2026.06.20,10:45,11:00,Kreuther,5,4,9
2026.06.20,11:00,11:15,Kreuther,6,3,9
2026.06.20,11:15,11:30,Kreuther,12,3,15
2026.06.20,11:30,11:45,Kreuther,8,4,12
2026.06.20,11:45,12:00,Kreuther,10,3,13
2026.06.20,12:00,12:15,Kreuther,7,5,12
2026.06.20,12:15,12:30,Kreuther,4,5,9
2026.06.20,12:30,12:45,Kreuther,1,2,3
2026.06.20,12:45,13:00,Kreuther,8,7,15
2026.06.20,13:00,13:15,Kreuther,10,3,13
2026.06.20,13:15,13:30,Kreuther,6,8,14
2026.06.20,13:30,13:45,Kreuther,6,2,8
2026.06.20,13:45,14:00,Kreuther,0,3,3
2026.06.20,14:00,14:15,Kreuther,4,5,9
2026.06.20,14:15,14:30,Kreuther,8,18,26
2026.06.20,14:30,14:45,Kreuther,11,8,19
2026.06.20,14:45,15:00,Kreuther,3,5,8
2026.06.20,15:00,15:15,Kreuther,8,3,11
2026.06.20,15:15,15:30,Kreuther,7,2,9
2026.06.20,15:30,15:45,Kreuther,1,1,2
2026.06.20,15:45,16:00,Kreuther,11,3,14
2026.06.20,16:00,16:15,Kreuther,4,4,8
2026.06.20,16:15,16:30,Kreuther,9,7,16
2026.06.20,16:30,16:45,Kreuther,5,7,12
2026.06.20,16:45,17:00,Kreuther,5,9,14
2026.06.20,17:00,17:15,Kreuther,4,9,13
2026.06.20,17:15,17:30,Kreuther,7,4,11
2026.06.20,17:30,17:45,Kreuther,5,9,14
2026.06.20,17:45,18:00,Kreuther,6,3,9
2026.06.20,18:00,18:15,Kreuther,8,1,9
2026.06.20,18:15,18:30,Kreuther,10,4,14
2026.06.20,18:30,18:45,Kreuther,13,5,18
2026.06.20,18:45,19:00,Kreuther,17,11,28
2026.06.20,19:00,19:15,Kreuther,3,19,22
2026.06.20,19:15,19:30,Kreuther,8,10,18
2026.06.20,19:30,19:45,Kreuther,3,5,8
2026.06.20,19:45,20:00,Kreuther,5,3,8
2026.06.20,20:00,20:15,Kreuther,10,15,25
2026.06.20,20:15,20:30,Kreuther,7,4,11
2026.06.20,20:30,20:45,Kreuther,4,2,6
2026.06.20,20:45,21:00,Kreuther,1,7,8
2026.06.20,21:00,21:15,Kreuther,5,7,12
2026.06.20,21:15,21:30,Kreuther,17,3,20
2026.06.20,21:30,21:45,Kreuther,8,5,13
2026.06.20,21:45,22:00,Kreuther,1,7,8
2026.06.20,22:00,22:15,Kreuther,1,4,5
2026.06.20,22:15,22:30,Kreuther,2,1,3
2026.06.20,22:30,22:45,Kreuther,0,5,5
2026.06.20,22:45,23:00,Kreuther,0,1,1
2026.06.20,23:00,23:15,Kreuther,0,0,0
2026.06.20,23:15,23:30,Kreuther,0,0,0
2026.06.20,23:30,23:45,Kreuther,0,2,2
2026.06.20,23:45,00:00,Kreuther,0,2,2
2026.06.21,00:00,00:15,Kreuther,2,2,4
2026.06.21,00:15,00:30,Kreuther,3,3,6
2026.06.21,00:30,00:45,Kreuther,0,2,2
2026.06.21,00:45,01:00,Kreuther,2,0,2
2026.06.21,01:00,01:15,Kreuther,0,1,1
2026.06.21,01:15,01:30,Kreuther,0,1,1
2026.06.21,01:30,01:45,Kreuther,3,4,7
2026.06.21,01:45,02:00,Kreuther,0,1,1
2026.06.21,02:00,02:15,Kreuther,0,0,0
2026.06.21,02:15,02:30,Kreuther,0,0,0
2026.06.21,02:30,02:45,Kreuther,0,0,0
2026.06.21,02:45,03:00,Kreuther,0,1,1
2026.06.21,03:00,03:15,Kreuther,0,1,1
2026.06.21,03:15,03:30,Kreuther,0,1,1
2026.06.21,03:30,03:45,Kreuther,0,0,0
2026.06.21,03:45,04:00,Kreuther,0,0,0
2026.06.21,04:00,04:15,Kreuther,1,0,1
2026.06.21,04:15,04:30,Kreuther,0,0,0
2026.06.21,04:30,04:45,Kreuther,0,0,0
2026.06.21,04:45,05:00,Kreuther,0,1,1
2026.06.21,05:00,05:15,Kreuther,0,1,1
2026.06.21,05:15,05:30,Kreuther,0,0,0
2026.06.21,05:30,05:45,Kreuther,1,0,1
2026.06.21,05:45,06:00,Kreuther,0,0,0
2026.06.21,06:00,06:15,Kreuther,0,0,0
2026.06.21,06:15,06:30,Kreuther,0,0,0
2026.06.21,06:30,06:45,Kreuther,0,3,3
2026.06.21,06:45,07:00,Kreuther,0,0,0
2026.06.21,07:00,07:15,Kreuther,1,0,1
2026.06.21,07:15,07:30,Kreuther,1,1,2
2026.06.21,07:30,07:45,Kreuther,3,2,5
2026.06.21,07:45,08:00,Kreuther,3,0,3
2026.06.21,08:00,08:15,Kreuther,9,7,16
2026.06.21,08:15,08:30,Kreuther,2,5,7
2026.06.21,08:30,08:45,Kreuther,5,2,7
2026.06.21,08:45,09:00,Kreuther,8,2,10
2026.06.21,09:00,09:15,Kreuther,4,0,4
2026.06.21,09:15,09:30,Kreuther,9,3,12
2026.06.21,09:30,09:45,Kreuther,2,4,6
2026.06.21,09:45,10:00,Kreuther,12,3,15
2026.06.21,10:00,10:15,Kreuther,7,2,9
2026.06.21,10:15,10:30,Kreuther,5,10,15
2026.06.21,10:30,10:45,Kreuther,4,3,7
2026.06.21,10:45,11:00,Kreuther,6,6,12
2026.06.21,11:00,11:15,Kreuther,6,4,10
2026.06.21,11:15,11:30,Kreuther,7,1,8
2026.06.21,11:30,11:45,Kreuther,7,6,13
2026.06.21,11:45,12:00,Kreuther,8,4,12
2026.06.21,12:00,12:15,Kreuther,2,6,8
2026.06.21,12:15,12:30,Kreuther,6,5,11
2026.06.21,12:30,12:45,Kreuther,4,3,7
2026.06.21,12:45,13:00,Kreuther,4,1,5
2026.06.21,13:00,13:15,Kreuther,2,8,10
2026.06.21,13:15,13:30,Kreuther,8,2,10
2026.06.21,13:30,13:45,Kreuther,7,3,10
2026.06.21,13:45,14:00,Kreuther,5,5,10
2026.06.21,14:00,14:15,Kreuther,5,1,6
2026.06.21,14:15,14:30,Kreuther,1,5,6
2026.06.21,14:30,14:45,Kreuther,5,4,9
2026.06.21,14:45,15:00,Kreuther,4,5,9
2026.06.21,15:00,15:15,Kreuther,0,4,4
2026.06.21,15:15,15:30,Kreuther,2,3,5
2026.06.21,15:30,15:45,Kreuther,7,8,15
2026.06.21,15:45,16:00,Kreuther,1,4,5
2026.06.21,16:00,16:15,Kreuther,0,3,3
2026.06.21,16:15,16:30,Kreuther,5,5,10
2026.06.21,16:30,16:45,Kreuther,10,3,13
2026.06.21,16:45,17:00,Kreuther,6,3,9
2026.06.21,17:00,17:15,Kreuther,6,2,8
2026.06.21,17:15,17:30,Kreuther,14,5,19
2026.06.21,17:30,17:45,Kreuther,11,9,20
2026.06.21,17:45,18:00,Kreuther,4,10,14
2026.06.21,18:00,18:15,Kreuther,6,1,7
2026.06.21,18:15,18:30,Kreuther,11,5,16
2026.06.21,18:30,18:45,Kreuther,11,4,15
2026.06.21,18:45,19:00,Kreuther,10,6,16
2026.06.21,19:00,19:15,Kreuther,3,5,8
2026.06.21,19:15,19:30,Kreuther,7,5,12
2026.06.21,19:30,19:45,Kreuther,4,12,16
2026.06.21,19:45,20:00,Kreuther,2,10,12
2026.06.21,20:00,20:15,Kreuther,4,4,8
2026.06.21,20:15,20:30,Kreuther,3,1,4
2026.06.21,20:30,20:45,Kreuther,3,3,6
2026.06.21,20:45,21:00,Kreuther,3,2,5
2026.06.21,21:00,21:15,Kreuther,4,6,10
2026.06.21,21:15,21:30,Kreuther,6,4,10
2026.06.21,21:30,21:45,Kreuther,3,1,4
2026.06.21,21:45,22:00,Kreuther,3,2,5
2026.06.21,22:00,22:15,Kreuther,4,2,6
2026.06.21,22:15,22:30,Kreuther,2,3,5
2026.06.21,22:30,22:45,Kreuther,0,3,3
2026.06.21,22:45,23:00,Kreuther,3,3,6
2026.06.21,23:00,23:15,Kreuther,1,1,2
2026.06.21,23:15,23:30,Kreuther,0,0,0
2026.06.21,23:30,23:45,Kreuther,0,2,2
2026.06.21,23:45,00:00,Kreuther,0,2,2
2026.06.22,00:00,00:15,Kreuther,0,4,4
2026.06.22,00:15,00:30,Kreuther,0,0,0
2026.06.22,00:30,00:45,Kreuther,0,0,0
2026.06.22,00:45,01:00,Kreuther,0,1,1
2026.06.22,01:00,01:15,Kreuther,0,0,0
2026.06.22,01:15,01:30,Kreuther,0,0,0
2026.06.22,01:30,01:45,Kreuther,0,0,0
2026.06.22,01:45,02:00,Kreuther,0,0,0
2026.06.22,02:00,02:15,Kreuther,1,0,1
2026.06.22,02:15,02:30,Kreuther,1,1,2
2026.06.22,02:30,02:45,Kreuther,1,0,1
2026.06.22,02:45,03:00,Kreuther,0,0,0
2026.06.22,03:00,03:15,Kreuther,1,0,1
2026.06.22,03:15,03:30,Kreuther,0,0,0
2026.06.22,03:30,03:45,Kreuther,0,0,0
2026.06.22,03:45,04:00,Kreuther,0,0,0
2026.06.22,04:00,04:15,Kreuther,0,0,0
2026.06.22,04:15,04:30,Kreuther,0,0,0
2026.06.22,04:30,04:45,Kreuther,0,0,0
2026.06.22,04:45,05:00,Kreuther,0,0,0
2026.06.22,05:00,05:15,Kreuther,0,0,0
2026.06.22,05:15,05:30,Kreuther,3,1,4
2026.06.22,05:30,05:45,Kreuther,0,0,0
2026.06.22,05:45,06:00,Kreuther,3,3,6
2026.06.22,06:00,06:15,Kreuther,3,2,5
2026.06.22,06:15,06:30,Kreuther,7,2,9
2026.06.22,06:30,06:45,Kreuther,7,3,10
2026.06.22,06:45,07:00,Kreuther,10,5,15
2026.06.22,07:00,07:15,Kreuther,18,6,24
2026.06.22,07:15,07:30,Kreuther,24,9,33
2026.06.22,07:30,07:45,Kreuther,43,8,51
2026.06.22,07:45,08:00,Kreuther,44,5,49
2026.06.22,08:00,08:15,Kreuther,28,12,40
2026.06.22,08:15,08:30,Kreuther,27,8,35
2026.06.22,08:30,08:45,Kreuther,29,0,29
2026.06.22,08:45,09:00,Kreuther,28,5,33
2026.06.22,09:00,09:15,Kreuther,11,3,14
2026.06.22,09:15,09:30,Kreuther,5,1,6
2026.06.22,09:30,09:45,Kreuther,12,6,18
2026.06.22,09:45,10:00,Kreuther,9,4,13
2026.06.22,10:00,10:15,Kreuther,6,2,8
2026.06.22,10:15,10:30,Kreuther,4,2,6
2026.06.22,10:30,10:45,Kreuther,6,4,10
2026.06.22,10:45,11:00,Kreuther,4,4,8
2026.06.22,11:00,11:15,Kreuther,5,2,7
2026.06.22,11:15,11:30,Kreuther,5,9,14
2026.06.22,11:30,11:45,Kreuther,8,11,19
2026.06.22,11:45,12:00,Kreuther,4,5,9
2026.06.22,12:00,12:15,Kreuther,5,3,8
2026.06.22,12:15,12:30,Kreuther,5,8,13
2026.06.22,12:30,12:45,Kreuther,3,11,14
2026.06.22,12:45,13:00,Kreuther,6,6,12
2026.06.22,13:00,13:15,Kreuther,8,8,16
2026.06.22,13:15,13:30,Kreuther,11,9,20
2026.06.22,13:30,13:45,Kreuther,13,7,20
2026.06.22,13:45,14:00,Kreuther,8,8,16
2026.06.22,14:00,14:15,Kreuther,5,7,12
2026.06.22,14:15,14:30,Kreuther,14,8,22
2026.06.22,14:30,14:45,Kreuther,6,8,14
2026.06.22,14:45,15:00,Kreuther,5,6,11
2026.06.22,15:00,15:15,Kreuther,16,4,20
2026.06.22,15:15,15:30,Kreuther,10,9,19
2026.06.22,15:30,15:45,Kreuther,14,8,22
2026.06.22,15:45,16:00,Kreuther,18,21,39
2026.06.22,16:00,16:15,Kreuther,6,12,18
2026.06.22,16:15,16:30,Kreuther,5,21,26
2026.06.22,16:30,16:45,Kreuther,17,13,30
2026.06.22,16:45,17:00,Kreuther,8,20,28
2026.06.22,17:00,17:15,Kreuther,14,12,26
2026.06.22,17:15,17:30,Kreuther,12,13,25
2026.06.22,17:30,17:45,Kreuther,14,21,35
2026.06.22,17:45,18:00,Kreuther,11,12,23
2026.06.22,18:00,18:15,Kreuther,9,18,27
2026.06.22,18:15,18:30,Kreuther,17,14,31
2026.06.22,18:30,18:45,Kreuther,12,9,21
2026.06.22,18:45,19:00,Kreuther,11,20,31
2026.06.22,19:00,19:15,Kreuther,5,14,19
2026.06.22,19:15,19:30,Kreuther,6,12,18
2026.06.22,19:30,19:45,Kreuther,5,6,11
2026.06.22,19:45,20:00,Kreuther,9,10,19
2026.06.22,20:00,20:15,Kreuther,9,6,15
2026.06.22,20:15,20:30,Kreuther,4,7,11
2026.06.22,20:30,20:45,Kreuther,6,11,17
2026.06.22,20:45,21:00,Kreuther,7,6,13
2026.06.22,21:00,21:15,Kreuther,4,3,7
2026.06.22,21:15,21:30,Kreuther,4,3,7
2026.06.22,21:30,21:45,Kreuther,3,3,6
2026.06.22,21:45,22:00,Kreuther,0,5,5
2026.06.22,22:00,22:15,Kreuther,2,4,6
2026.06.22,22:15,22:30,Kreuther,3,2,5
2026.06.22,22:30,22:45,Kreuther,1,1,2
2026.06.22,22:45,23:00,Kreuther,0,0,0
2026.06.22,23:00,23:15,Kreuther,1,3,4
2026.06.22,23:15,23:30,Kreuther,0,1,1
2026.06.22,23:30,23:45,Kreuther,0,0,0
2026.06.22,23:45,00:00,Kreuther,2,0,2
2026.06.23,00:00,00:15,Kreuther,0,1,1
2026.06.23,00:15,00:30,Kreuther,0,0,0
2026.06.23,00:30,00:45,Kreuther,0,0,0
2026.06.23,00:45,01:00,Kreuther,0,1,1
2026.06.23,01:00,01:15,Kreuther,0,0,0
2026.06.23,01:15,01:30,Kreuther,0,0,0
2026.06.23,01:30,01:45,Kreuther,0,2,2
2026.06.23,01:45,02:00,Kreuther,0,0,0
2026.06.23,02:00,02:15,Kreuther,1,3,4
2026.06.23,02:15,02:30,Kreuther,2,0,2
2026.06.23,02:30,02:45,Kreuther,1,0,1
2026.06.23,02:45,03:00,Kreuther,0,0,0
2026.06.23,03:00,03:15,Kreuther,0,0,0
2026.06.23,03:15,03:30,Kreuther,0,1,1
2026.06.23,03:30,03:45,Kreuther,0,0,0
2026.06.23,03:45,04:00,Kreuther,0,1,1
2026.06.23,04:00,04:15,Kreuther,0,0,0
2026.06.23,04:15,04:30,Kreuther,0,0,0
2026.06.23,04:30,04:45,Kreuther,0,0,0
2026.06.23,04:45,05:00,Kreuther,0,0,0
2026.06.23,05:00,05:15,Kreuther,0,0,0
2026.06.23,05:15,05:30,Kreuther,3,1,4
2026.06.23,05:30,05:45,Kreuther,1,1,2
2026.06.23,05:45,06:00,Kreuther,0,1,1
2026.06.23,06:00,06:15,Kreuther,3,4,7
2026.06.23,06:15,06:30,Kreuther,4,2,6
2026.06.23,06:30,06:45,Kreuther,10,4,14
2026.06.23,06:45,07:00,Kreuther,14,3,17
2026.06.23,07:00,07:15,Kreuther,17,5,22
2026.06.23,07:15,07:30,Kreuther,25,5,30
2026.06.23,07:30,07:45,Kreuther,55,11,66
2026.06.23,07:45,08:00,Kreuther,44,14,58
2026.06.23,08:00,08:15,Kreuther,46,7,53
2026.06.23,08:15,08:30,Kreuther,36,7,43
2026.06.23,08:30,08:45,Kreuther,29,5,34
2026.06.23,08:45,09:00,Kreuther,20,5,25
2026.06.23,09:00,09:15,Kreuther,12,2,14
2026.06.23,09:15,09:30,Kreuther,15,2,17
2026.06.23,09:30,09:45,Kreuther,10,6,16
2026.06.23,09:45,10:00,Kreuther,10,6,16
2026.06.23,10:00,10:15,Kreuther,10,5,15
2026.06.23,10:15,10:30,Kreuther,5,4,9
2026.06.23,10:30,10:45,Kreuther,5,0,5
2026.06.23,10:45,11:00,Kreuther,9,1,10
2026.06.23,11:00,11:15,Kreuther,9,4,13
2026.06.23,11:15,11:30,Kreuther,5,5,10
2026.06.23,11:30,11:45,Kreuther,7,4,11
2026.06.23,11:45,12:00,Kreuther,4,8,12
2026.06.23,12:00,12:15,Kreuther,4,1,5
2026.06.23,12:15,12:30,Kreuther,5,10,15
2026.06.23,12:30,12:45,Kreuther,2,12,14
2026.06.23,12:45,13:00,Kreuther,6,9,15
2026.06.23,13:00,13:15,Kreuther,3,16,19
2026.06.23,13:15,13:30,Kreuther,9,11,20
2026.06.23,13:30,13:45,Kreuther,8,7,15
2026.06.23,13:45,14:00,Kreuther,4,9,13
2026.06.23,14:00,14:15,Kreuther,7,7,14
2026.06.23,14:15,14:30,Kreuther,13,8,21
2026.06.23,14:30,14:45,Kreuther,10,8,18
2026.06.23,14:45,15:00,Kreuther,8,7,15
2026.06.23,15:00,15:15,Kreuther,6,6,12
2026.06.23,15:15,15:30,Kreuther,9,10,19
2026.06.23,15:30,15:45,Kreuther,14,13,27
2026.06.23,15:45,16:00,Kreuther,5,14,19
2026.06.23,16:00,16:15,Kreuther,12,17,29
2026.06.23,16:15,16:30,Kreuther,13,17,30
2026.06.23,16:30,16:45,Kreuther,19,12,31
2026.06.23,16:45,17:00,Kreuther,8,12,20
2026.06.23,17:00,17:15,Kreuther,9,16,25
2026.06.23,17:15,17:30,Kreuther,7,23,30
2026.06.23,17:30,17:45,Kreuther,11,22,33
2026.06.23,17:45,18:00,Kreuther,6,17,23
2026.06.23,18:00,18:15,Kreuther,7,19,26
2026.06.23,18:15,18:30,Kreuther,12,22,34
2026.06.23,18:30,18:45,Kreuther,10,13,23
2026.06.23,18:45,19:00,Kreuther,12,14,26
2026.06.23,19:00,19:15,Kreuther,20,18,38
2026.06.23,19:15,19:30,Kreuther,10,13,23
2026.06.23,19:30,19:45,Kreuther,7,10,17
2026.06.23,19:45,20:00,Kreuther,13,6,19
2026.06.23,20:00,20:15,Kreuther,8,4,12
2026.06.23,20:15,20:30,Kreuther,3,13,16
2026.06.23,20:30,20:45,Kreuther,4,7,11
2026.06.23,20:45,21:00,Kreuther,3,13,16
2026.06.23,21:00,21:15,Kreuther,4,9,13
2026.06.23,21:15,21:30,Kreuther,2,10,12
2026.06.23,21:30,21:45,Kreuther,6,4,10
2026.06.23,21:45,22:00,Kreuther,5,10,15
2026.06.23,22:00,22:15,Kreuther,3,6,9
2026.06.23,22:15,22:30,Kreuther,2,7,9
2026.06.23,22:30,22:45,Kreuther,2,2,4
2026.06.23,22:45,23:00,Kreuther,1,2,3
2026.06.23,23:00,23:15,Kreuther,1,3,4
2026.06.23,23:15,23:30,Kreuther,0,0,0
2026.06.23,23:30,23:45,Kreuther,0,3,3
2026.06.23,23:45,00:00,Kreuther,0,0,0
2026.06.24,00:00,00:15,Kreuther,0,0,0
2026.06.24,00:15,00:30,Kreuther,0,2,2
2026.06.24,00:30,00:45,Kreuther,1,1,2
2026.06.24,00:45,01:00,Kreuther,0,0,0
2026.06.24,01:00,01:15,Kreuther,1,0,1
2026.06.24,01:15,01:30,Kreuther,0,1,1
2026.06.24,01:30,01:45,Kreuther,0,0,0
2026.06.24,01:45,02:00,Kreuther,0,0,0
2026.06.24,02:00,02:15,Kreuther,1,0,1
2026.06.24,02:15,02:30,Kreuther,0,0,0
2026.06.24,02:30,02:45,Kreuther,0,0,0
2026.06.24,02:45,03:00,Kreuther,0,0,0
2026.06.24,03:00,03:15,Kreuther,0,0,0
2026.06.24,03:15,03:30,Kreuther,0,0,0
2026.06.24,03:30,03:45,Kreuther,0,0,0
2026.06.24,03:45,04:00,Kreuther,0,0,0
2026.06.24,04:00,04:15,Kreuther,0,1,1
2026.06.24,04:15,04:30,Kreuther,0,0,0
2026.06.24,04:30,04:45,Kreuther,0,0,0
2026.06.24,04:45,05:00,Kreuther,1,0,1
2026.06.24,05:00,05:15,Kreuther,0,0,0
2026.06.24,05:15,05:30,Kreuther,3,0,3
2026.06.24,05:30,05:45,Kreuther,0,4,4
2026.06.24,05:45,06:00,Kreuther,2,1,3
2026.06.24,06:00,06:15,Kreuther,3,5,8
2026.06.24,06:15,06:30,Kreuther,8,1,9
2026.06.24,06:30,06:45,Kreuther,9,3,12
2026.06.24,06:45,07:00,Kreuther,13,4,17
2026.06.24,07:00,07:15,Kreuther,26,3,29
2026.06.24,07:15,07:30,Kreuther,18,10,28
2026.06.24,07:30,07:45,Kreuther,51,9,60
2026.06.24,07:45,08:00,Kreuther,37,11,48
2026.06.24,08:00,08:15,Kreuther,35,8,43
2026.06.24,08:15,08:30,Kreuther,28,6,34
2026.06.24,08:30,08:45,Kreuther,40,4,44
2026.06.24,08:45,09:00,Kreuther,13,7,20
2026.06.24,09:00,09:15,Kreuther,4,7,11
2026.06.24,09:15,09:30,Kreuther,8,6,14
2026.06.24,09:30,09:45,Kreuther,9,4,13
2026.06.24,09:45,10:00,Kreuther,7,3,10
2026.06.24,10:00,10:15,Kreuther,3,2,5
2026.06.24,10:15,10:30,Kreuther,8,2,10
2026.06.24,10:30,10:45,Kreuther,7,5,12
2026.06.24,10:45,11:00,Kreuther,4,4,8
2026.06.24,11:00,11:15,Kreuther,6,2,8
2026.06.24,11:15,11:30,Kreuther,5,2,7
2026.06.24,11:30,11:45,Kreuther,1,6,7
2026.06.24,11:45,12:00,Kreuther,7,9,16
2026.06.24,12:00,12:15,Kreuther,8,8,16
2026.06.24,12:15,12:30,Kreuther,3,5,8
2026.06.24,12:30,12:45,Kreuther,11,6,17
2026.06.24,12:45,13:00,Kreuther,8,5,13
2026.06.24,13:00,13:15,Kreuther,6,7,13
2026.06.24,13:15,13:30,Kreuther,6,10,16
2026.06.24,13:30,13:45,Kreuther,8,7,15
2026.06.24,13:45,14:00,Kreuther,10,2,12
2026.06.24,14:00,14:15,Kreuther,8,9,17
2026.06.24,14:15,14:30,Kreuther,5,8,13
2026.06.24,14:30,14:45,Kreuther,6,10,16
2026.06.24,14:45,15:00,Kreuther,6,7,13
2026.06.24,15:00,15:15,Kreuther,3,6,9
2026.06.24,15:15,15:30,Kreuther,15,5,20
2026.06.24,15:30,15:45,Kreuther,12,7,19
2026.06.24,15:45,16:00,Kreuther,7,14,21
2026.06.24,16:00,16:15,Kreuther,7,9,16
2026.06.24,16:15,16:30,Kreuther,7,12,19
2026.06.24,16:30,16:45,Kreuther,7,7,14
2026.06.24,16:45,17:00,Kreuther,10,17,27
2026.06.24,17:00,17:15,Kreuther,6,16,22
2026.06.24,17:15,17:30,Kreuther,14,15,29
2026.06.24,17:30,17:45,Kreuther,15,19,34
2026.06.24,17:45,18:00,Kreuther,9,19,28
2026.06.24,18:00,18:15,Kreuther,12,19,31
2026.06.24,18:15,18:30,Kreuther,10,24,34
2026.06.24,18:30,18:45,Kreuther,14,8,22
2026.06.24,18:45,19:00,Kreuther,11,14,25
2026.06.24,19:00,19:15,Kreuther,14,14,28
2026.06.24,19:15,19:30,Kreuther,11,10,21
2026.06.24,19:30,19:45,Kreuther,9,5,14
2026.06.24,19:45,20:00,Kreuther,7,7,14
2026.06.24,20:00,20:15,Kreuther,9,10,19
2026.06.24,20:15,20:30,Kreuther,5,9,14
2026.06.24,20:30,20:45,Kreuther,9,11,20
2026.06.24,20:45,21:00,Kreuther,3,2,5
2026.06.24,21:00,21:15,Kreuther,3,14,17
2026.06.24,21:15,21:30,Kreuther,6,9,15
2026.06.24,21:30,21:45,Kreuther,2,5,7
2026.06.24,21:45,22:00,Kreuther,4,2,6
2026.06.24,22:00,22:15,Kreuther,2,10,12
2026.06.24,22:15,22:30,Kreuther,2,4,6
2026.06.24,22:30,22:45,Kreuther,1,9,10
2026.06.24,22:45,23:00,Kreuther,0,2,2
2026.06.24,23:00,23:15,Kreuther,0,4,4
2026.06.24,23:15,23:30,Kreuther,0,2,2
2026.06.24,23:30,23:45,Kreuther,4,3,7
2026.06.24,23:45,00:00,Kreuther,0,1,1
2026.06.25,00:00,00:15,Kreuther,0,1,1
2026.06.25,00:15,00:30,Kreuther,0,0,0
2026.06.25,00:30,00:45,Kreuther,1,0,1
2026.06.25,00:45,01:00,Kreuther,0,0,0
2026.06.25,01:00,01:15,Kreuther,1,4,5
2026.06.25,01:15,01:30,Kreuther,0,0,0
2026.06.25,01:30,01:45,Kreuther,0,0,0
2026.06.25,01:45,02:00,Kreuther,0,0,0
2026.06.25,02:00,02:15,Kreuther,1,0,1
2026.06.25,02:15,02:30,Kreuther,0,0,0
2026.06.25,02:30,02:45,Kreuther,0,0,0
2026.06.25,02:45,03:00,Kreuther,0,0,0
2026.06.25,03:00,03:15,Kreuther,0,0,0
2026.06.25,03:15,03:30,Kreuther,0,0,0
2026.06.25,03:30,03:45,Kreuther,0,0,0
2026.06.25,03:45,04:00,Kreuther,0,1,1
2026.06.25,04:00,04:15,Kreuther,0,0,0
2026.06.25,04:15,04:30,Kreuther,0,0,0
2026.06.25,04:30,04:45,Kreuther,0,0,0
2026.06.25,04:45,05:00,Kreuther,0,0,0
2026.06.25,05:00,05:15,Kreuther,2,0,2
2026.06.25,05:15,05:30,Kreuther,3,0,3
2026.06.25,05:30,05:45,Kreuther,3,1,4
2026.06.25,05:45,06:00,Kreuther,4,0,4
2026.06.25,06:00,06:15,Kreuther,3,1,4
2026.06.25,06:15,06:30,Kreuther,5,3,8
2026.06.25,06:30,06:45,Kreuther,12,1,13
2026.06.25,06:45,07:00,Kreuther,8,4,12
2026.06.25,07:00,07:15,Kreuther,15,5,20
2026.06.25,07:15,07:30,Kreuther,21,7,28
2026.06.25,07:30,07:45,Kreuther,43,9,52
2026.06.25,07:45,08:00,Kreuther,36,16,52
2026.06.25,08:00,08:15,Kreuther,39,7,46
2026.06.25,08:15,08:30,Kreuther,28,6,34
2026.06.25,08:30,08:45,Kreuther,31,2,33
2026.06.25,08:45,09:00,Kreuther,26,5,31
2026.06.25,09:00,09:15,Kreuther,12,0,12
2026.06.25,09:15,09:30,Kreuther,9,4,13
2026.06.25,09:30,09:45,Kreuther,10,5,15
2026.06.25,09:45,10:00,Kreuther,9,7,16
2026.06.25,10:00,10:15,Kreuther,3,7,10
2026.06.25,10:15,10:30,Kreuther,4,4,8
2026.06.25,10:30,10:45,Kreuther,9,6,15
2026.06.25,10:45,11:00,Kreuther,2,2,4
2026.06.25,11:00,11:15,Kreuther,6,4,10
2026.06.25,11:15,11:30,Kreuther,4,5,9
2026.06.25,11:30,11:45,Kreuther,5,4,9
2026.06.25,11:45,12:00,Kreuther,7,5,12
2026.06.25,12:00,12:15,Kreuther,6,2,8
2026.06.25,12:15,12:30,Kreuther,6,3,9
2026.06.25,12:30,12:45,Kreuther,7,8,15
2026.06.25,12:45,13:00,Kreuther,9,7,16
2026.06.25,13:00,13:15,Kreuther,8,9,17
2026.06.25,13:15,13:30,Kreuther,6,5,11
2026.06.25,13:30,13:45,Kreuther,8,3,11
2026.06.25,13:45,14:00,Kreuther,8,8,16
2026.06.25,14:00,14:15,Kreuther,5,6,11
2026.06.25,14:15,14:30,Kreuther,9,8,17
2026.06.25,14:30,14:45,Kreuther,6,6,12
2026.06.25,14:45,15:00,Kreuther,6,4,10
2026.06.25,15:00,15:15,Kreuther,8,14,22
2026.06.25,15:15,15:30,Kreuther,10,14,24
2026.06.25,15:30,15:45,Kreuther,12,15,27
2026.06.25,15:45,16:00,Kreuther,9,12,21
2026.06.25,16:00,16:15,Kreuther,14,17,31
2026.06.25,16:15,16:30,Kreuther,7,9,16
2026.06.25,16:30,16:45,Kreuther,6,18,24
2026.06.25,16:45,17:00,Kreuther,9,11,20
2026.06.25,17:00,17:15,Kreuther,8,18,26
2026.06.25,17:15,17:30,Kreuther,5,13,18
2026.06.25,17:30,17:45,Kreuther,8,11,19
2026.06.25,17:45,18:00,Kreuther,11,13,24
2026.06.25,18:00,18:15,Kreuther,17,19,36
2026.06.25,18:15,18:30,Kreuther,5,15,20
2026.06.25,18:30,18:45,Kreuther,7,7,14
2026.06.25,18:45,19:00,Kreuther,8,9,17
2026.06.25,19:00,19:15,Kreuther,11,10,21
2026.06.25,19:15,19:30,Kreuther,8,10,18
2026.06.25,19:30,19:45,Kreuther,9,8,17
2026.06.25,19:45,20:00,Kreuther,11,10,21
2026.06.25,20:00,20:15,Kreuther,4,9,13
2026.06.25,20:15,20:30,Kreuther,5,12,17
2026.06.25,20:30,20:45,Kreuther,13,4,17
2026.06.25,20:45,21:00,Kreuther,9,15,24
2026.06.25,21:00,21:15,Kreuther,3,4,7
2026.06.25,21:15,21:30,Kreuther,10,10,20
2026.06.25,21:30,21:45,Kreuther,14,17,31
2026.06.25,21:45,22:00,Kreuther,11,8,19
2026.06.25,22:00,22:15,Kreuther,3,5,8
2026.06.25,22:15,22:30,Kreuther,2,3,5
2026.06.25,22:30,22:45,Kreuther,2,5,7
2026.06.25,22:45,23:00,Kreuther,3,0,3
2026.06.25,23:00,23:15,Kreuther,1,4,5
2026.06.25,23:15,23:30,Kreuther,1,2,3
2026.06.25,23:30,23:45,Kreuther,0,1,1
2026.06.25,23:45,00:00,Kreuther,1,0,1
2026.06.26,00:00,00:15,Kreuther,1,4,5
2026.06.26,00:15,00:30,Kreuther,0,4,4
2026.06.26,00:30,00:45,Kreuther,1,6,7
2026.06.26,00:45,01:00,Kreuther,1,2,3
2026.06.26,01:00,01:15,Kreuther,0,2,2
2026.06.26,01:15,01:30,Kreuther,0,0,0
2026.06.26,01:30,01:45,Kreuther,0,0,0
2026.06.26,01:45,02:00,Kreuther,0,1,1
2026.06.26,02:00,02:15,Kreuther,1,0,1
2026.06.26,02:15,02:30,Kreuther,1,0,1
2026.06.26,02:30,02:45,Kreuther,0,1,1
2026.06.26,02:45,03:00,Kreuther,0,0,0
2026.06.26,03:00,03:15,Kreuther,0,0,0
2026.06.26,03:15,03:30,Kreuther,1,0,1
2026.06.26,03:30,03:45,Kreuther,0,0,0
2026.06.26,03:45,04:00,Kreuther,0,0,0
2026.06.26,04:00,04:15,Kreuther,0,0,0
2026.06.26,04:15,04:30,Kreuther,0,0,0
2026.06.26,04:30,04:45,Kreuther,1,0,1
2026.06.26,04:45,05:00,Kreuther,1,0,1
2026.06.26,05:00,05:15,Kreuther,2,1,3
2026.06.26,05:15,05:30,Kreuther,1,1,2
2026.06.26,05:30,05:45,Kreuther,3,1,4
2026.06.26,05:45,06:00,Kreuther,1,1,2
2026.06.26,06:00,06:15,Kreuther,2,2,4
2026.06.26,06:15,06:30,Kreuther,3,2,5
2026.06.26,06:30,06:45,Kreuther,8,1,9
2026.06.26,06:45,07:00,Kreuther,7,4,11
2026.06.26,07:00,07:15,Kreuther,14,4,18
2026.06.26,07:15,07:30,Kreuther,12,4,16
2026.06.26,07:30,07:45,Kreuther,38,6,44
2026.06.26,07:45,08:00,Kreuther,22,13,35
2026.06.26,08:00,08:15,Kreuther,23,7,30
2026.06.26,08:15,08:30,Kreuther,15,10,25
2026.06.26,08:30,08:45,Kreuther,27,3,30
2026.06.26,08:45,09:00,Kreuther,14,6,20
2026.06.26,09:00,09:15,Kreuther,14,3,17
2026.06.26,09:15,09:30,Kreuther,9,8,17
2026.06.26,09:30,09:45,Kreuther,14,5,19
2026.06.26,09:45,10:00,Kreuther,6,3,9
2026.06.26,10:00,10:15,Kreuther,6,8,14
2026.06.26,10:15,10:30,Kreuther,3,4,7
2026.06.26,10:30,10:45,Kreuther,1,2,3
2026.06.26,10:45,11:00,Kreuther,2,5,7
2026.06.26,11:00,11:15,Kreuther,3,5,8
2026.06.26,11:15,11:30,Kreuther,7,5,12
2026.06.26,11:30,11:45,Kreuther,4,5,9
2026.06.26,11:45,12:00,Kreuther,4,5,9
2026.06.26,12:00,12:15,Kreuther,9,4,13
2026.06.26,12:15,12:30,Kreuther,7,12,19
2026.06.26,12:30,12:45,Kreuther,5,11,16
2026.06.26,12:45,13:00,Kreuther,9,9,18
2026.06.26,13:00,13:15,Kreuther,3,8,11
2026.06.26,13:15,13:30,Kreuther,3,9,12
2026.06.26,13:30,13:45,Kreuther,5,8,13
2026.06.26,13:45,14:00,Kreuther,9,6,15
2026.06.26,14:00,14:15,Kreuther,6,13,19
2026.06.26,14:15,14:30,Kreuther,8,10,18
2026.06.26,14:30,14:45,Kreuther,12,8,20
2026.06.26,14:45,15:00,Kreuther,5,4,9
2026.06.26,15:00,15:15,Kreuther,10,13,23
2026.06.26,15:15,15:30,Kreuther,7,10,17
2026.06.26,15:30,15:45,Kreuther,2,8,10
2026.06.26,15:45,16:00,Kreuther,7,8,15
2026.06.26,16:00,16:15,Kreuther,5,4,9
2026.06.26,16:15,16:30,Kreuther,8,5,13
2026.06.26,16:30,16:45,Kreuther,12,10,22
2026.06.26,16:45,17:00,Kreuther,5,2,7
2026.06.26,17:00,17:15,Kreuther,8,5,13
2026.06.26,17:15,17:30,Kreuther,8,8,16
2026.06.26,17:30,17:45,Kreuther,12,5,17
2026.06.26,17:45,18:00,Kreuther,5,12,17
2026.06.26,18:00,18:15,Kreuther,7,9,16
2026.06.26,18:15,18:30,Kreuther,6,8,14
2026.06.26,18:30,18:45,Kreuther,10,6,16
2026.06.26,18:45,19:00,Kreuther,12,11,23
2026.06.26,19:00,19:15,Kreuther,15,2,17
2026.06.26,19:15,19:30,Kreuther,3,9,12
2026.06.26,19:30,19:45,Kreuther,11,8,19
2026.06.26,19:45,20:00,Kreuther,14,7,21
2026.06.26,20:00,20:15,Kreuther,4,7,11
2026.06.26,20:15,20:30,Kreuther,3,6,9
2026.06.26,20:30,20:45,Kreuther,2,8,10
2026.06.26,20:45,21:00,Kreuther,5,6,11
2026.06.26,21:00,21:15,Kreuther,3,11,14
2026.06.26,21:15,21:30,Kreuther,5,9,14
2026.06.26,21:30,21:45,Kreuther,2,6,8
2026.06.26,21:45,22:00,Kreuther,3,2,5
2026.06.26,22:00,22:15,Kreuther,3,12,15
2026.06.26,22:15,22:30,Kreuther,4,4,8
2026.06.26,22:30,22:45,Kreuther,3,8,11
2026.06.26,22:45,23:00,Kreuther,1,2,3
2026.06.26,23:00,23:15,Kreuther,3,3,6
2026.06.26,23:15,23:30,Kreuther,2,4,6
2026.06.26,23:30,23:45,Kreuther,0,3,3
2026.06.26,23:45,00:00,Kreuther,0,4,4
2026.06.27,00:00,00:15,Kreuther,0,1,1
2026.06.27,00:15,00:30,Kreuther,1,5,6
2026.06.27,00:30,00:45,Kreuther,0,0,0
2026.06.27,00:45,01:00,Kreuther,0,0,0
2026.06.27,01:00,01:15,Kreuther,0,3,3
2026.06.27,01:15,01:30,Kreuther,0,2,2
2026.06.27,01:30,01:45,Kreuther,0,1,1
2026.06.27,01:45,02:00,Kreuther,0,0,0
2026.06.27,02:00,02:15,Kreuther,0,2,2
2026.06.27,02:15,02:30,Kreuther,0,0,0
2026.06.27,02:30,02:45,Kreuther,0,0,0
2026.06.27,02:45,03:00,Kreuther,0,0,0
2026.06.27,03:00,03:15,Kreuther,0,0,0
2026.06.27,03:15,03:30,Kreuther,0,0,0
2026.06.27,03:30,03:45,Kreuther,0,0,0
2026.06.27,03:45,04:00,Kreuther,0,1,1
2026.06.27,04:00,04:15,Kreuther,1,0,1
2026.06.27,04:15,04:30,Kreuther,0,0,0
2026.06.27,04:30,04:45,Kreuther,1,0,1
2026.06.27,04:45,05:00,Kreuther,0,0,0
2026.06.27,05:00,05:15,Kreuther,1,1,2
2026.06.27,05:15,05:30,Kreuther,1,1,2
2026.06.27,05:30,05:45,Kreuther,2,0,2
2026.06.27,05:45,06:00,Kreuther,1,1,2
2026.06.27,06:00,06:15,Kreuther,0,1,1
2026.06.27,06:15,06:30,Kreuther,2,1,3
2026.06.27,06:30,06:45,Kreuther,0,0,0
2026.06.27,06:45,07:00,Kreuther,2,0,2
2026.06.27,07:00,07:15,Kreuther,1,0,1
2026.06.27,07:15,07:30,Kreuther,3,2,5
2026.06.27,07:30,07:45,Kreuther,7,1,8
2026.06.27,07:45,08:00,Kreuther,9,0,9
2026.06.27,08:00,08:15,Kreuther,9,1,10
2026.06.27,08:15,08:30,Kreuther,3,3,6
2026.06.27,08:30,08:45,Kreuther,5,2,7
2026.06.27,08:45,09:00,Kreuther,6,4,10
2026.06.27,09:00,09:15,Kreuther,4,7,11
2026.06.27,09:15,09:30,Kreuther,8,2,10
2026.06.27,09:30,09:45,Kreuther,3,8,11
2026.06.27,09:45,10:00,Kreuther,5,5,10
2026.06.27,10:00,10:15,Kreuther,6,1,7
2026.06.27,10:15,10:30,Kreuther,8,2,10
2026.06.27,10:30,10:45,Kreuther,12,2,14
2026.06.27,10:45,11:00,Kreuther,3,4,7
2026.06.27,11:00,11:15,Kreuther,7,5,12
2026.06.27,11:15,11:30,Kreuther,6,3,9
2026.06.27,11:30,11:45,Kreuther,2,3,5
2026.06.27,11:45,12:00,Kreuther,5,7,12
2026.06.27,12:00,12:15,Kreuther,1,1,2
2026.06.27,12:15,12:30,Kreuther,6,1,7
2026.06.27,12:30,12:45,Kreuther,4,6,10
2026.06.27,12:45,13:00,Kreuther,5,2,7
2026.06.27,13:00,13:15,Kreuther,2,3,5
2026.06.27,13:15,13:30,Kreuther,11,3,14
2026.06.27,13:30,13:45,Kreuther,10,5,15
2026.06.27,13:45,14:00,Kreuther,6,4,10
2026.06.27,14:00,14:15,Kreuther,12,7,19
2026.06.27,14:15,14:30,Kreuther,7,1,8
2026.06.27,14:30,14:45,Kreuther,6,4,10
2026.06.27,14:45,15:00,Kreuther,6,2,8
2026.06.27,15:00,15:15,Kreuther,11,5,16
2026.06.27,15:15,15:30,Kreuther,5,3,8
2026.06.27,15:30,15:45,Kreuther,3,9,12
2026.06.27,15:45,16:00,Kreuther,9,3,12
2026.06.27,16:00,16:15,Kreuther,6,3,9
2026.06.27,16:15,16:30,Kreuther,5,6,11
2026.06.27,16:30,16:45,Kreuther,5,6,11
2026.06.27,16:45,17:00,Kreuther,5,4,9
2026.06.27,17:00,17:15,Kreuther,2,2,4
2026.06.27,17:15,17:30,Kreuther,4,4,8
2026.06.27,17:30,17:45,Kreuther,9,8,17
2026.06.27,17:45,18:00,Kreuther,8,6,14
2026.06.27,18:00,18:15,Kreuther,5,6,11
2026.06.27,18:15,18:30,Kreuther,9,3,12
2026.06.27,18:30,18:45,Kreuther,3,9,12
2026.06.27,18:45,19:00,Kreuther,4,6,10
2026.06.27,19:00,19:15,Kreuther,6,12,18
2026.06.27,19:15,19:30,Kreuther,7,6,13
2026.06.27,19:30,19:45,Kreuther,7,1,8
2026.06.27,19:45,20:00,Kreuther,5,4,9
2026.06.27,20:00,20:15,Kreuther,10,7,17
2026.06.27,20:15,20:30,Kreuther,5,3,8
2026.06.27,20:30,20:45,Kreuther,1,1,2
2026.06.27,20:45,21:00,Kreuther,3,4,7
2026.06.27,21:00,21:15,Kreuther,3,6,9
2026.06.27,21:15,21:30,Kreuther,2,7,9
2026.06.27,21:30,21:45,Kreuther,7,4,11
2026.06.27,21:45,22:00,Kreuther,3,6,9
2026.06.27,22:00,22:15,Kreuther,5,6,11
2026.06.27,22:15,22:30,Kreuther,1,11,12
2026.06.27,22:30,22:45,Kreuther,5,1,6
2026.06.27,22:45,23:00,Kreuther,1,4,5
2026.06.27,23:00,23:15,Kreuther,2,1,3
2026.06.27,23:15,23:30,Kreuther,4,5,9
2026.06.27,23:30,23:45,Kreuther,1,3,4
2026.06.27,23:45,00:00,Kreuther,0,1,1
2026.06.28,00:00,00:15,Kreuther,1,2,3
2026.06.28,00:15,00:30,Kreuther,1,1,2
2026.06.28,00:30,00:45,Kreuther,3,3,6
2026.06.28,00:45,01:00,Kreuther,0,0,0
2026.06.28,01:00,01:15,Kreuther,1,4,5
2026.06.28,01:15,01:30,Kreuther,4,3,7
2026.06.28,01:30,01:45,Kreuther,0,0,0
2026.06.28,01:45,02:00,Kreuther,0,0,0
2026.06.28,02:00,02:15,Kreuther,0,2,2
2026.06.28,02:15,02:30,Kreuther,3,2,5
2026.06.28,02:30,02:45,Kreuther,0,2,2
2026.06.28,02:45,03:00,Kreuther,0,0,0
2026.06.28,03:00,03:15,Kreuther,0,0,0
2026.06.28,03:15,03:30,Kreuther,0,1,1
2026.06.28,03:30,03:45,Kreuther,0,0,0
2026.06.28,03:45,04:00,Kreuther,0,1,1
2026.06.28,04:00,04:15,Kreuther,1,0,1
2026.06.28,04:15,04:30,Kreuther,1,0,1
2026.06.28,04:30,04:45,Kreuther,0,1,1
2026.06.28,04:45,05:00,Kreuther,0,0,0
2026.06.28,05:00,05:15,Kreuther,0,1,1
2026.06.28,05:15,05:30,Kreuther,2,1,3
2026.06.28,05:30,05:45,Kreuther,0,0,0
2026.06.28,05:45,06:00,Kreuther,2,0,2
2026.06.28,06:00,06:15,Kreuther,0,1,1
2026.06.28,06:15,06:30,Kreuther,1,0,1
2026.06.28,06:30,06:45,Kreuther,3,0,3
2026.06.28,06:45,07:00,Kreuther,3,0,3
2026.06.28,07:00,07:15,Kreuther,1,0,1
2026.06.28,07:15,07:30,Kreuther,0,0,0
2026.06.28,07:30,07:45,Kreuther,3,1,4
2026.06.28,07:45,08:00,Kreuther,4,1,5
2026.06.28,08:00,08:15,Kreuther,0,1,1
2026.06.28,08:15,08:30,Kreuther,2,0,2
2026.06.28,08:30,08:45,Kreuther,6,0,6
2026.06.28,08:45,09:00,Kreuther,5,2,7
2026.06.28,09:00,09:15,Kreuther,1,1,2
2026.06.28,09:15,09:30,Kreuther,9,1,10
2026.06.28,09:30,09:45,Kreuther,7,1,8
2026.06.28,09:45,10:00,Kreuther,7,3,10
2026.06.28,10:00,10:15,Kreuther,9,0,9
2026.06.28,10:15,10:30,Kreuther,5,6,11
2026.06.28,10:30,10:45,Kreuther,1,10,11
2026.06.28,10:45,11:00,Kreuther,0,5,5
2026.06.28,11:00,11:15,Kreuther,2,11,13
2026.06.28,11:15,11:30,Kreuther,3,4,7
2026.06.28,11:30,11:45,Kreuther,1,4,5
2026.06.28,11:45,12:00,Kreuther,1,4,5
2026.06.28,12:00,12:15,Kreuther,6,11,17
2026.06.28,12:15,12:30,Kreuther,2,2,4
2026.06.28,12:30,12:45,Kreuther,3,2,5
2026.06.28,12:45,13:00,Kreuther,4,4,8
2026.06.28,13:00,13:15,Kreuther,2,8,10
2026.06.28,13:15,13:30,Kreuther,9,6,15
2026.06.28,13:30,13:45,Kreuther,5,3,8
2026.06.28,13:45,14:00,Kreuther,7,4,11
2026.06.28,14:00,14:15,Kreuther,9,2,11
2026.06.28,14:15,14:30,Kreuther,8,3,11
2026.06.28,14:30,14:45,Kreuther,10,0,10
2026.06.28,14:45,15:00,Kreuther,3,7,10
2026.06.28,15:00,15:15,Kreuther,6,1,7
2026.06.28,15:15,15:30,Kreuther,4,3,7
2026.06.28,15:30,15:45,Kreuther,4,3,7
2026.06.28,15:45,16:00,Kreuther,4,4,8
2026.06.28,16:00,16:15,Kreuther,3,4,7
2026.06.28,16:15,16:30,Kreuther,0,6,6
2026.06.28,16:30,16:45,Kreuther,1,1,2
2026.06.28,16:45,17:00,Kreuther,3,2,5
2026.06.28,17:00,17:15,Kreuther,10,3,13
2026.06.28,17:15,17:30,Kreuther,6,9,15
2026.06.28,17:30,17:45,Kreuther,4,4,8
2026.06.28,17:45,18:00,Kreuther,5,6,11
2026.06.28,18:00,18:15,Kreuther,11,10,21
2026.06.28,18:15,18:30,Kreuther,5,15,20
2026.06.28,18:30,18:45,Kreuther,7,4,11
2026.06.28,18:45,19:00,Kreuther,5,8,13
2026.06.28,19:00,19:15,Kreuther,0,4,4
2026.06.28,19:15,19:30,Kreuther,1,11,12
2026.06.28,19:30,19:45,Kreuther,2,8,10
2026.06.28,19:45,20:00,Kreuther,11,11,22
2026.06.28,20:00,20:15,Kreuther,5,9,14
2026.06.28,20:15,20:30,Kreuther,6,3,9
2026.06.28,20:30,20:45,Kreuther,3,3,6
2026.06.28,20:45,21:00,Kreuther,3,2,5
2026.06.28,21:00,21:15,Kreuther,1,1,2
2026.06.28,21:15,21:30,Kreuther,1,5,6
2026.06.28,21:30,21:45,Kreuther,3,7,10
2026.06.28,21:45,22:00,Kreuther,3,1,4
2026.06.28,22:00,22:15,Kreuther,1,4,5
2026.06.28,22:15,22:30,Kreuther,1,1,2
2026.06.28,22:30,22:45,Kreuther,0,0,0
2026.06.28,22:45,23:00,Kreuther,0,1,1
2026.06.28,23:00,23:15,Kreuther,0,0,0
2026.06.28,23:15,23:30,Kreuther,0,1,1
2026.06.28,23:30,23:45,Kreuther,2,3,5
2026.06.28,23:45,00:00,Kreuther,0,0,0
2026.06.29,00:00,00:15,Kreuther,0,2,2
2026.06.29,00:15,00:30,Kreuther,0,1,1
2026.06.29,00:30,00:45,Kreuther,0,0,0
2026.06.29,00:45,01:00,Kreuther,0,1,1
2026.06.29,01:00,01:15,Kreuther,0,1,1
2026.06.29,01:15,01:30,Kreuther,0,1,1
2026.06.29,01:30,01:45,Kreuther,0,0,0
2026.06.29,01:45,02:00,Kreuther,0,0,0
2026.06.29,02:00,02:15,Kreuther,3,0,3
2026.06.29,02:15,02:30,Kreuther,1,0,1
2026.06.29,02:30,02:45,Kreuther,0,0,0
2026.06.29,02:45,03:00,Kreuther,0,0,0
2026.06.29,03:00,03:15,Kreuther,0,0,0
2026.06.29,03:15,03:30,Kreuther,0,0,0
2026.06.29,03:30,03:45,Kreuther,0,0,0
2026.06.29,03:45,04:00,Kreuther,1,0,1
2026.06.29,04:00,04:15,Kreuther,0,0,0
2026.06.29,04:15,04:30,Kreuther,0,0,0
2026.06.29,04:30,04:45,Kreuther,0,0,0
2026.06.29,04:45,05:00,Kreuther,1,0,1
2026.06.29,05:00,05:15,Kreuther,1,1,2
2026.06.29,05:15,05:30,Kreuther,4,1,5
2026.06.29,05:30,05:45,Kreuther,2,2,4
2026.06.29,05:45,06:00,Kreuther,1,1,2
2026.06.29,06:00,06:15,Kreuther,4,2,6
2026.06.29,06:15,06:30,Kreuther,3,1,4
2026.06.29,06:30,06:45,Kreuther,7,3,10
2026.06.29,06:45,07:00,Kreuther,9,2,11
2026.06.29,07:00,07:15,Kreuther,10,5,15
2026.06.29,07:15,07:30,Kreuther,21,3,24
2026.06.29,07:30,07:45,Kreuther,40,7,47
2026.06.29,07:45,08:00,Kreuther,25,7,32
2026.06.29,08:00,08:15,Kreuther,35,4,39
2026.06.29,08:15,08:30,Kreuther,24,4,28
2026.06.29,08:30,08:45,Kreuther,21,4,25
2026.06.29,08:45,09:00,Kreuther,21,3,24
2026.06.29,09:00,09:15,Kreuther,14,3,17
2026.06.29,09:15,09:30,Kreuther,8,3,11
2026.06.29,09:30,09:45,Kreuther,6,5,11
2026.06.29,09:45,10:00,Kreuther,5,3,8
2026.06.29,10:00,10:15,Kreuther,6,3,9
2026.06.29,10:15,10:30,Kreuther,1,6,7
2026.06.29,10:30,10:45,Kreuther,3,6,9
2026.06.29,10:45,11:00,Kreuther,7,1,8
2026.06.29,11:00,11:15,Kreuther,1,1,2
2026.06.29,11:15,11:30,Kreuther,7,3,10
2026.06.29,11:30,11:45,Kreuther,6,6,12
2026.06.29,11:45,12:00,Kreuther,7,3,10
2026.06.29,12:00,12:15,Kreuther,5,5,10
2026.06.29,12:15,12:30,Kreuther,2,13,15
2026.06.29,12:30,12:45,Kreuther,9,4,13
2026.06.29,12:45,13:00,Kreuther,2,5,7
2026.06.29,13:00,13:15,Kreuther,5,6,11
2026.06.29,13:15,13:30,Kreuther,10,4,14
2026.06.29,13:30,13:45,Kreuther,7,8,15
2026.06.29,13:45,14:00,Kreuther,8,1,9
2026.06.29,14:00,14:15,Kreuther,1,11,12
2026.06.29,14:15,14:30,Kreuther,3,8,11
2026.06.29,14:30,14:45,Kreuther,4,5,9
2026.06.29,14:45,15:00,Kreuther,2,7,9
2026.06.29,15:00,15:15,Kreuther,12,13,25
2026.06.29,15:15,15:30,Kreuther,8,8,16
2026.06.29,15:30,15:45,Kreuther,6,15,21
2026.06.29,15:45,16:00,Kreuther,12,8,20
2026.06.29,16:00,16:15,Kreuther,7,11,18
2026.06.29,16:15,16:30,Kreuther,8,10,18
2026.06.29,16:30,16:45,Kreuther,8,12,20
2026.06.29,16:45,17:00,Kreuther,10,18,28
2026.06.29,17:00,17:15,Kreuther,10,15,25
2026.06.29,17:15,17:30,Kreuther,8,17,25
2026.06.29,17:30,17:45,Kreuther,7,10,17
2026.06.29,17:45,18:00,Kreuther,10,17,27
2026.06.29,18:00,18:15,Kreuther,4,12,16
2026.06.29,18:15,18:30,Kreuther,9,9,18
2026.06.29,18:30,18:45,Kreuther,10,8,18
2026.06.29,18:45,19:00,Kreuther,12,5,17
2026.06.29,19:00,19:15,Kreuther,4,8,12
2026.06.29,19:15,19:30,Kreuther,8,2,10
2026.06.29,19:30,19:45,Kreuther,2,7,9
2026.06.29,19:45,20:00,Kreuther,2,4,6
2026.06.29,20:00,20:15,Kreuther,3,7,10
2026.06.29,20:15,20:30,Kreuther,0,5,5
2026.06.29,20:30,20:45,Kreuther,0,1,1
2026.06.29,20:45,21:00,Kreuther,0,0,0
2026.06.29,21:00,21:15,Kreuther,0,1,1
2026.06.29,21:15,21:30,Kreuther,2,4,6
2026.06.29,21:30,21:45,Kreuther,4,2,6
2026.06.29,21:45,22:00,Kreuther,1,3,4
2026.06.29,22:00,22:15,Kreuther,0,1,1
2026.06.29,22:15,22:30,Kreuther,0,1,1
2026.06.29,22:30,22:45,Kreuther,0,2,2
2026.06.29,22:45,23:00,Kreuther,0,0,0
2026.06.29,23:00,23:15,Kreuther,0,0,0
2026.06.29,23:15,23:30,Kreuther,0,0,0
2026.06.29,23:30,23:45,Kreuther,1,0,1
2026.06.29,23:45,00:00,Kreuther,0,1,1
2026.06.30,00:00,00:15,Kreuther,0,0,0
2026.06.30,00:15,00:30,Kreuther,0,0,0
2026.06.30,00:30,00:45,Kreuther,1,0,1
2026.06.30,00:45,01:00,Kreuther,0,0,0
2026.06.30,01:00,01:15,Kreuther,0,0,0
2026.06.30,01:15,01:30,Kreuther,1,0,1
2026.06.30,01:30,01:45,Kreuther,0,0,0
2026.06.30,01:45,02:00,Kreuther,0,1,1
2026.06.30,02:00,02:15,Kreuther,0,0,0
2026.06.30,02:15,02:30,Kreuther,2,1,3
2026.06.30,02:30,02:45,Kreuther,0,0,0
2026.06.30,02:45,03:00,Kreuther,0,0,0
2026.06.30,03:00,03:15,Kreuther,0,0,0
2026.06.30,03:15,03:30,Kreuther,0,0,0
2026.06.30,03:30,03:45,Kreuther,0,0,0
2026.06.30,03:45,04:00,Kreuther,0,0,0
2026.06.30,04:00,04:15,Kreuther,0,0,0
2026.06.30,04:15,04:30,Kreuther,0,0,0
2026.06.30,04:30,04:45,Kreuther,0,0,0
2026.06.30,04:45,05:00,Kreuther,1,0,1
2026.06.30,05:00,05:15,Kreuther,1,1,2
2026.06.30,05:15,05:30,Kreuther,3,0,3
2026.06.30,05:30,05:45,Kreuther,1,3,4
2026.06.30,05:45,06:00,Kreuther,2,0,2
2026.06.30,06:00,06:15,Kreuther,0,1,1
2026.06.30,06:15,06:30,Kreuther,5,2,7
2026.06.30,06:30,06:45,Kreuther,9,2,11
2026.06.30,06:45,07:00,Kreuther,10,3,13
2026.06.30,07:00,07:15,Kreuther,13,3,16
2026.06.30,07:15,07:30,Kreuther,17,3,20
2026.06.30,07:30,07:45,Kreuther,45,7,52
2026.06.30,07:45,08:00,Kreuther,35,7,42
2026.06.30,08:00,08:15,Kreuther,34,9,43
2026.06.30,08:15,08:30,Kreuther,30,4,34
2026.06.30,08:30,08:45,Kreuther,30,3,33
2026.06.30,08:45,09:00,Kreuther,24,5,29
2026.06.30,09:00,09:15,Kreuther,10,1,11
2026.06.30,09:15,09:30,Kreuther,12,3,15
2026.06.30,09:30,09:45,Kreuther,11,2,13
2026.06.30,09:45,10:00,Kreuther,9,4,13
2026.06.30,10:00,10:15,Kreuther,11,1,12
2026.06.30,10:15,10:30,Kreuther,7,1,8
2026.06.30,10:30,10:45,Kreuther,3,2,5
2026.06.30,10:45,11:00,Kreuther,3,2,5
2026.06.30,11:00,11:15,Kreuther,4,3,7
2026.06.30,11:15,11:30,Kreuther,6,3,9
2026.06.30,11:30,11:45,Kreuther,5,4,9
2026.06.30,11:45,12:00,Kreuther,6,4,10
2026.06.30,12:00,12:15,Kreuther,4,4,8
2026.06.30,12:15,12:30,Kreuther,5,6,11
2026.06.30,12:30,12:45,Kreuther,6,5,11
2026.06.30,12:45,13:00,Kreuther,3,6,9
2026.06.30,13:00,13:15,Kreuther,13,11,24
2026.06.30,13:15,13:30,Kreuther,3,9,12
2026.06.30,13:30,13:45,Kreuther,8,5,13
2026.06.30,13:45,14:00,Kreuther,7,4,11
2026.06.30,14:00,14:15,Kreuther,6,5,11
2026.06.30,14:15,14:30,Kreuther,11,7,18
2026.06.30,14:30,14:45,Kreuther,9,11,20
2026.06.30,14:45,15:00,Kreuther,2,7,9
2026.06.30,15:00,15:15,Kreuther,7,13,20
2026.06.30,15:15,15:30,Kreuther,12,6,18
2026.06.30,15:30,15:45,Kreuther,10,15,25
2026.06.30,15:45,16:00,Kreuther,4,12,16
2026.06.30,16:00,16:15,Kreuther,10,11,21
2026.06.30,16:15,16:30,Kreuther,8,12,20
2026.06.30,16:30,16:45,Kreuther,14,13,27
2026.06.30,16:45,17:00,Kreuther,9,11,20
2026.06.30,17:00,17:15,Kreuther,12,24,36
2026.06.30,17:15,17:30,Kreuther,6,17,23
2026.06.30,17:30,17:45,Kreuther,13,20,33
2026.06.30,17:45,18:00,Kreuther,11,21,32
2026.06.30,18:00,18:15,Kreuther,12,9,21
2026.06.30,18:15,18:30,Kreuther,4,13,17
2026.06.30,18:30,18:45,Kreuther,13,11,24
2026.06.30,18:45,19:00,Kreuther,11,15,26
2026.06.30,19:00,19:15,Kreuther,10,9,19
2026.06.30,19:15,19:30,Kreuther,5,4,9
2026.06.30,19:30,19:45,Kreuther,5,13,18
2026.06.30,19:45,20:00,Kreuther,9,6,15
2026.06.30,20:00,20:15,Kreuther,3,6,9
2026.06.30,20:15,20:30,Kreuther,6,9,15
2026.06.30,20:30,20:45,Kreuther,1,6,7
2026.06.30,20:45,21:00,Kreuther,0,4,4
2026.06.30,21:00,21:15,Kreuther,5,10,15
2026.06.30,21:15,21:30,Kreuther,3,7,10
2026.06.30,21:30,21:45,Kreuther,1,5,6
2026.06.30,21:45,22:00,Kreuther,1,2,3
2026.06.30,22:00,22:15,Kreuther,1,1,2
2026.06.30,22:15,22:30,Kreuther,2,1,3
2026.06.30,22:30,22:45,Kreuther,1,1,2
2026.06.30,22:45,23:00,Kreuther,1,1,2
2026.06.30,23:00,23:15,Kreuther,0,1,1
2026.06.30,23:15,23:30,Kreuther,0,2,2
2026.06.30,23:30,23:45,Kreuther,0,0,0
2026.06.30,23:45,00:00,Kreuther,0,1,1
2026.06.01,00:00,00:15,Olympia,0,1,1
2026.06.01,00:15,00:30,Olympia,1,0,1
2026.06.01,00:30,00:45,Olympia,0,0,0
2026.06.01,00:45,01:00,Olympia,0,0,0
2026.06.01,01:00,01:15,Olympia,0,0,0
2026.06.01,01:15,01:30,Olympia,1,1,2
2026.06.01,01:30,01:45,Olympia,0,0,0
2026.06.01,01:45,02:00,Olympia,0,1,1
2026.06.01,02:00,02:15,Olympia,0,2,2
2026.06.01,02:15,02:30,Olympia,1,0,1
2026.06.01,02:30,02:45,Olympia,0,0,0
2026.06.01,02:45,03:00,Olympia,0,0,0
2026.06.01,03:00,03:15,Olympia,0,0,0
2026.06.01,03:15,03:30,Olympia,0,0,0
2026.06.01,03:30,03:45,Olympia,0,0,0
2026.06.01,03:45,04:00,Olympia,0,0,0
2026.06.01,04:00,04:15,Olympia,0,0,0
2026.06.01,04:15,04:30,Olympia,0,0,0
2026.06.01,04:30,04:45,Olympia,0,0,0
2026.06.01,04:45,05:00,Olympia,1,0,1
2026.06.01,05:00,05:15,Olympia,2,3,5
2026.06.01,05:15,05:30,Olympia,4,1,5
2026.06.01,05:30,05:45,Olympia,4,3,7
2026.06.01,05:45,06:00,Olympia,6,2,8
2026.06.01,06:00,06:15,Olympia,3,1,4
2026.06.01,06:15,06:30,Olympia,7,6,13
2026.06.01,06:30,06:45,Olympia,13,8,21
2026.06.01,06:45,07:00,Olympia,15,6,21
2026.06.01,07:00,07:15,Olympia,6,10,16
2026.06.01,07:15,07:30,Olympia,14,12,26
2026.06.01,07:30,07:45,Olympia,19,19,38
2026.06.01,07:45,08:00,Olympia,23,23,46
2026.06.01,08:00,08:15,Olympia,28,28,56
2026.06.01,08:15,08:30,Olympia,38,32,70
2026.06.01,08:30,08:45,Olympia,29,20,49
2026.06.01,08:45,09:00,Olympia,38,29,67
2026.06.01,09:00,09:15,Olympia,26,15,41
2026.06.01,09:15,09:30,Olympia,16,23,39
2026.06.01,09:30,09:45,Olympia,5,18,23
2026.06.01,09:45,10:00,Olympia,9,17,26
2026.06.01,10:00,10:15,Olympia,16,11,27
2026.06.01,10:15,10:30,Olympia,10,12,22
2026.06.01,10:30,10:45,Olympia,10,10,20
2026.06.01,10:45,11:00,Olympia,14,10,24
2026.06.01,11:00,11:15,Olympia,8,7,15
2026.06.01,11:15,11:30,Olympia,10,4,14
2026.06.01,11:30,11:45,Olympia,13,17,30
2026.06.01,11:45,12:00,Olympia,9,12,21
2026.06.01,12:00,12:15,Olympia,10,11,21
2026.06.01,12:15,12:30,Olympia,12,9,21
2026.06.01,12:30,12:45,Olympia,7,11,18
2026.06.01,12:45,13:00,Olympia,23,8,31
2026.06.01,13:00,13:15,Olympia,12,9,21
2026.06.01,13:15,13:30,Olympia,10,18,28
2026.06.01,13:30,13:45,Olympia,13,16,29
2026.06.01,13:45,14:00,Olympia,16,14,30
2026.06.01,14:00,14:15,Olympia,10,11,21
2026.06.01,14:15,14:30,Olympia,28,19,47
2026.06.01,14:30,14:45,Olympia,24,16,40
2026.06.01,14:45,15:00,Olympia,17,21,38
2026.06.01,15:00,15:15,Olympia,26,20,46
2026.06.01,15:15,15:30,Olympia,19,20,39
2026.06.01,15:30,15:45,Olympia,19,22,41
2026.06.01,15:45,16:00,Olympia,28,30,58
2026.06.01,16:00,16:15,Olympia,27,42,69
2026.06.01,16:15,16:30,Olympia,30,33,63
2026.06.01,16:30,16:45,Olympia,39,30,69
2026.06.01,16:45,17:00,Olympia,49,20,69
2026.06.01,17:00,17:15,Olympia,31,51,82
2026.06.01,17:15,17:30,Olympia,40,47,87
2026.06.01,17:30,17:45,Olympia,47,38,85
2026.06.01,17:45,18:00,Olympia,63,58,121
2026.06.01,18:00,18:15,Olympia,56,44,100
2026.06.01,18:15,18:30,Olympia,78,40,118
2026.06.01,18:30,18:45,Olympia,54,48,102
2026.06.01,18:45,19:00,Olympia,60,51,111
2026.06.01,19:00,19:15,Olympia,59,41,100
2026.06.01,19:15,19:30,Olympia,47,46,93
2026.06.01,19:30,19:45,Olympia,56,31,87
2026.06.01,19:45,20:00,Olympia,68,28,96
2026.06.01,20:00,20:15,Olympia,45,59,104
2026.06.01,20:15,20:30,Olympia,51,63,114
2026.06.01,20:30,20:45,Olympia,12,30,42
2026.06.01,20:45,21:00,Olympia,19,42,61
2026.06.01,21:00,21:15,Olympia,19,41,60
2026.06.01,21:15,21:30,Olympia,17,32,49
2026.06.01,21:30,21:45,Olympia,11,37,48
2026.06.01,21:45,22:00,Olympia,6,30,36
2026.06.01,22:00,22:15,Olympia,9,22,31
2026.06.01,22:15,22:30,Olympia,9,25,34
2026.06.01,22:30,22:45,Olympia,3,40,43
2026.06.01,22:45,23:00,Olympia,2,28,30
2026.06.01,23:00,23:15,Olympia,3,16,19
2026.06.01,23:15,23:30,Olympia,11,10,21
2026.06.01,23:30,23:45,Olympia,3,4,7
2026.06.01,23:45,00:00,Olympia,4,1,5
2026.06.02,00:00,00:15,Olympia,0,5,5
2026.06.02,00:15,00:30,Olympia,0,2,2
2026.06.02,00:30,00:45,Olympia,1,0,1
2026.06.02,00:45,01:00,Olympia,0,1,1
2026.06.02,01:00,01:15,Olympia,2,1,3
2026.06.02,01:15,01:30,Olympia,1,0,1
2026.06.02,01:30,01:45,Olympia,0,3,3
2026.06.02,01:45,02:00,Olympia,1,1,2
2026.06.02,02:00,02:15,Olympia,0,0,0
2026.06.02,02:15,02:30,Olympia,1,1,2
2026.06.02,02:30,02:45,Olympia,3,0,3
2026.06.02,02:45,03:00,Olympia,0,4,4
2026.06.02,03:00,03:15,Olympia,0,0,0
2026.06.02,03:15,03:30,Olympia,1,0,1
2026.06.02,03:30,03:45,Olympia,0,0,0
2026.06.02,03:45,04:00,Olympia,0,0,0
2026.06.02,04:00,04:15,Olympia,0,1,1
2026.06.02,04:15,04:30,Olympia,0,1,1
2026.06.02,04:30,04:45,Olympia,0,0,0
2026.06.02,04:45,05:00,Olympia,0,0,0
2026.06.02,05:00,05:15,Olympia,1,1,2
2026.06.02,05:15,05:30,Olympia,3,0,3
2026.06.02,05:30,05:45,Olympia,2,4,6
2026.06.02,05:45,06:00,Olympia,5,3,8
2026.06.02,06:00,06:15,Olympia,7,4,11
2026.06.02,06:15,06:30,Olympia,7,3,10
2026.06.02,06:30,06:45,Olympia,11,9,20
2026.06.02,06:45,07:00,Olympia,18,3,21
2026.06.02,07:00,07:15,Olympia,18,11,29
2026.06.02,07:15,07:30,Olympia,21,9,30
2026.06.02,07:30,07:45,Olympia,37,30,67
2026.06.02,07:45,08:00,Olympia,41,38,79
2026.06.02,08:00,08:15,Olympia,43,29,72
2026.06.02,08:15,08:30,Olympia,31,37,68
2026.06.02,08:30,08:45,Olympia,59,35,94
2026.06.02,08:45,09:00,Olympia,46,32,78
2026.06.02,09:00,09:15,Olympia,24,21,45
2026.06.02,09:15,09:30,Olympia,24,25,49
2026.06.02,09:30,09:45,Olympia,15,20,35
2026.06.02,09:45,10:00,Olympia,22,17,39
2026.06.02,10:00,10:15,Olympia,15,18,33
2026.06.02,10:15,10:30,Olympia,23,7,30
2026.06.02,10:30,10:45,Olympia,17,13,30
2026.06.02,10:45,11:00,Olympia,17,15,32
2026.06.02,11:00,11:15,Olympia,16,16,32
2026.06.02,11:15,11:30,Olympia,14,19,33
2026.06.02,11:30,11:45,Olympia,17,13,30
2026.06.02,11:45,12:00,Olympia,25,16,41
2026.06.02,12:00,12:15,Olympia,11,26,37
2026.06.02,12:15,12:30,Olympia,18,30,48
2026.06.02,12:30,12:45,Olympia,11,23,34
2026.06.02,12:45,13:00,Olympia,20,7,27
2026.06.02,13:00,13:15,Olympia,17,13,30
2026.06.02,13:15,13:30,Olympia,10,23,33
2026.06.02,13:30,13:45,Olympia,13,22,35
2026.06.02,13:45,14:00,Olympia,14,28,42
2026.06.02,14:00,14:15,Olympia,16,27,43
2026.06.02,14:15,14:30,Olympia,23,19,42
2026.06.02,14:30,14:45,Olympia,19,14,33
2026.06.02,14:45,15:00,Olympia,20,16,36
2026.06.02,15:00,15:15,Olympia,15,22,37
2026.06.02,15:15,15:30,Olympia,22,43,65
2026.06.02,15:30,15:45,Olympia,30,34,64
2026.06.02,15:45,16:00,Olympia,23,26,49
2026.06.02,16:00,16:15,Olympia,32,27,59
2026.06.02,16:15,16:30,Olympia,31,25,56
2026.06.02,16:30,16:45,Olympia,47,32,79
2026.06.02,16:45,17:00,Olympia,47,31,78
2026.06.02,17:00,17:15,Olympia,33,29,62
2026.06.02,17:15,17:30,Olympia,23,50,73
2026.06.02,17:30,17:45,Olympia,48,50,98
2026.06.02,17:45,18:00,Olympia,59,47,106
2026.06.02,18:00,18:15,Olympia,56,47,103
2026.06.02,18:15,18:30,Olympia,68,58,126
2026.06.02,18:30,18:45,Olympia,36,50,86
2026.06.02,18:45,19:00,Olympia,43,53,96
2026.06.02,19:00,19:15,Olympia,49,47,96
2026.06.02,19:15,19:30,Olympia,21,58,79
2026.06.02,19:30,19:45,Olympia,17,47,64
2026.06.02,19:45,20:00,Olympia,16,34,50
2026.06.02,20:00,20:15,Olympia,12,33,45
2026.06.02,20:15,20:30,Olympia,9,15,24
2026.06.02,20:30,20:45,Olympia,6,15,21
2026.06.02,20:45,21:00,Olympia,10,15,25
2026.06.02,21:00,21:15,Olympia,7,12,19
2026.06.02,21:15,21:30,Olympia,12,8,20
2026.06.02,21:30,21:45,Olympia,3,9,12
2026.06.02,21:45,22:00,Olympia,9,14,23
2026.06.02,22:00,22:15,Olympia,4,15,19
2026.06.02,22:15,22:30,Olympia,2,4,6
2026.06.02,22:30,22:45,Olympia,1,7,8
2026.06.02,22:45,23:00,Olympia,1,4,5
2026.06.02,23:00,23:15,Olympia,3,6,9
2026.06.02,23:15,23:30,Olympia,1,8,9
2026.06.02,23:30,23:45,Olympia,1,1,2
2026.06.02,23:45,00:00,Olympia,2,3,5
2026.06.03,00:00,00:15,Olympia,3,2,5
2026.06.03,00:15,00:30,Olympia,1,0,1
2026.06.03,00:30,00:45,Olympia,0,0,0
2026.06.03,00:45,01:00,Olympia,0,0,0
2026.06.03,01:00,01:15,Olympia,1,2,3
2026.06.03,01:15,01:30,Olympia,0,0,0
2026.06.03,01:30,01:45,Olympia,0,0,0
2026.06.03,01:45,02:00,Olympia,0,0,0
2026.06.03,02:00,02:15,Olympia,0,2,2
2026.06.03,02:15,02:30,Olympia,0,1,1
2026.06.03,02:30,02:45,Olympia,0,1,1
2026.06.03,02:45,03:00,Olympia,0,0,0
2026.06.03,03:00,03:15,Olympia,1,0,1
2026.06.03,03:15,03:30,Olympia,0,0,0
2026.06.03,03:30,03:45,Olympia,0,0,0
2026.06.03,03:45,04:00,Olympia,0,0,0
2026.06.03,04:00,04:15,Olympia,0,0,0
2026.06.03,04:15,04:30,Olympia,0,0,0
2026.06.03,04:30,04:45,Olympia,0,0,0
2026.06.03,04:45,05:00,Olympia,0,0,0
2026.06.03,05:00,05:15,Olympia,1,1,2
2026.06.03,05:15,05:30,Olympia,3,2,5
2026.06.03,05:30,05:45,Olympia,2,6,8
2026.06.03,05:45,06:00,Olympia,3,2,5
2026.06.03,06:00,06:15,Olympia,2,1,3
2026.06.03,06:15,06:30,Olympia,2,4,6
2026.06.03,06:30,06:45,Olympia,10,10,20
2026.06.03,06:45,07:00,Olympia,9,6,15
2026.06.03,07:00,07:15,Olympia,19,9,28
2026.06.03,07:15,07:30,Olympia,17,10,27
2026.06.03,07:30,07:45,Olympia,15,16,31
2026.06.03,07:45,08:00,Olympia,18,19,37
2026.06.03,08:00,08:15,Olympia,28,15,43
2026.06.03,08:15,08:30,Olympia,24,23,47
2026.06.03,08:30,08:45,Olympia,23,23,46
2026.06.03,08:45,09:00,Olympia,37,18,55
2026.06.03,09:00,09:15,Olympia,21,14,35
2026.06.03,09:15,09:30,Olympia,11,13,24
2026.06.03,09:30,09:45,Olympia,10,12,22
2026.06.03,09:45,10:00,Olympia,10,12,22
2026.06.03,10:00,10:15,Olympia,13,11,24
2026.06.03,10:15,10:30,Olympia,18,4,22
2026.06.03,10:30,10:45,Olympia,13,18,31
2026.06.03,10:45,11:00,Olympia,11,4,15
2026.06.03,11:00,11:15,Olympia,4,8,12
2026.06.03,11:15,11:30,Olympia,7,11,18
2026.06.03,11:30,11:45,Olympia,10,14,24
2026.06.03,11:45,12:00,Olympia,11,12,23
2026.06.03,12:00,12:15,Olympia,10,8,18
2026.06.03,12:15,12:30,Olympia,3,10,13
2026.06.03,12:30,12:45,Olympia,7,7,14
2026.06.03,12:45,13:00,Olympia,8,5,13
2026.06.03,13:00,13:15,Olympia,15,10,25
2026.06.03,13:15,13:30,Olympia,3,16,19
2026.06.03,13:30,13:45,Olympia,13,12,25
2026.06.03,13:45,14:00,Olympia,8,9,17
2026.06.03,14:00,14:15,Olympia,14,12,26
2026.06.03,14:15,14:30,Olympia,15,8,23
2026.06.03,14:30,14:45,Olympia,10,14,24
2026.06.03,14:45,15:00,Olympia,21,3,24
2026.06.03,15:00,15:15,Olympia,12,22,34
2026.06.03,15:15,15:30,Olympia,6,17,23
2026.06.03,15:30,15:45,Olympia,15,19,34
2026.06.03,15:45,16:00,Olympia,22,20,42
2026.06.03,16:00,16:15,Olympia,21,24,45
2026.06.03,16:15,16:30,Olympia,9,12,21
2026.06.03,16:30,16:45,Olympia,16,11,27
2026.06.03,16:45,17:00,Olympia,29,21,50
2026.06.03,17:00,17:15,Olympia,25,23,48
2026.06.03,17:15,17:30,Olympia,25,24,49
2026.06.03,17:30,17:45,Olympia,23,25,48
2026.06.03,17:45,18:00,Olympia,36,27,63
2026.06.03,18:00,18:15,Olympia,33,25,58
2026.06.03,18:15,18:30,Olympia,47,23,70
2026.06.03,18:30,18:45,Olympia,40,28,68
2026.06.03,18:45,19:00,Olympia,38,32,70
2026.06.03,19:00,19:15,Olympia,18,43,61
2026.06.03,19:15,19:30,Olympia,20,19,39
2026.06.03,19:30,19:45,Olympia,28,21,49
2026.06.03,19:45,20:00,Olympia,35,11,46
2026.06.03,20:00,20:15,Olympia,20,40,60
2026.06.03,20:15,20:30,Olympia,15,25,40
2026.06.03,20:30,20:45,Olympia,12,9,21
2026.06.03,20:45,21:00,Olympia,7,23,30
2026.06.03,21:00,21:15,Olympia,11,15,26
2026.06.03,21:15,21:30,Olympia,14,29,43
2026.06.03,21:30,21:45,Olympia,10,20,30
2026.06.03,21:45,22:00,Olympia,7,13,20
2026.06.03,22:00,22:15,Olympia,6,9,15
2026.06.03,22:15,22:30,Olympia,12,8,20
2026.06.03,22:30,22:45,Olympia,8,6,14
2026.06.03,22:45,23:00,Olympia,3,11,14
2026.06.03,23:00,23:15,Olympia,8,10,18
2026.06.03,23:15,23:30,Olympia,6,19,25
2026.06.03,23:30,23:45,Olympia,3,7,10
2026.06.03,23:45,00:00,Olympia,0,10,10
2026.06.04,00:00,00:15,Olympia,3,4,7
2026.06.04,00:15,00:30,Olympia,2,5,7
2026.06.04,00:30,00:45,Olympia,2,9,11
2026.06.04,00:45,01:00,Olympia,1,5,6
2026.06.04,01:00,01:15,Olympia,0,4,4
2026.06.04,01:15,01:30,Olympia,2,4,6
2026.06.04,01:30,01:45,Olympia,1,5,6
2026.06.04,01:45,02:00,Olympia,0,5,5
2026.06.04,02:00,02:15,Olympia,0,5,5
2026.06.04,02:15,02:30,Olympia,0,8,8
2026.06.04,02:30,02:45,Olympia,0,2,2
2026.06.04,02:45,03:00,Olympia,0,4,4
2026.06.04,03:00,03:15,Olympia,1,0,1
2026.06.04,03:15,03:30,Olympia,1,0,1
2026.06.04,03:30,03:45,Olympia,0,0,0
2026.06.04,03:45,04:00,Olympia,0,2,2
2026.06.04,04:00,04:15,Olympia,0,0,0
2026.06.04,04:15,04:30,Olympia,0,2,2
2026.06.04,04:30,04:45,Olympia,0,0,0
2026.06.04,04:45,05:00,Olympia,1,1,2
2026.06.04,05:00,05:15,Olympia,1,0,1
2026.06.04,05:15,05:30,Olympia,1,2,3
2026.06.04,05:30,05:45,Olympia,0,0,0
2026.06.04,05:45,06:00,Olympia,1,2,3
2026.06.04,06:00,06:15,Olympia,1,0,1
2026.06.04,06:15,06:30,Olympia,1,0,1
2026.06.04,06:30,06:45,Olympia,2,2,4
2026.06.04,06:45,07:00,Olympia,5,2,7
2026.06.04,07:00,07:15,Olympia,2,1,3
2026.06.04,07:15,07:30,Olympia,2,0,2
2026.06.04,07:30,07:45,Olympia,2,2,4
2026.06.04,07:45,08:00,Olympia,11,7,18
2026.06.04,08:00,08:15,Olympia,12,4,16
2026.06.04,08:15,08:30,Olympia,7,3,10
2026.06.04,08:30,08:45,Olympia,15,11,26
2026.06.04,08:45,09:00,Olympia,23,10,33
2026.06.04,09:00,09:15,Olympia,12,4,16
2026.06.04,09:15,09:30,Olympia,14,11,25
2026.06.04,09:30,09:45,Olympia,20,9,29
2026.06.04,09:45,10:00,Olympia,32,18,50
2026.06.04,10:00,10:15,Olympia,17,13,30
2026.06.04,10:15,10:30,Olympia,7,17,24
2026.06.04,10:30,10:45,Olympia,29,28,57
2026.06.04,10:45,11:00,Olympia,34,24,58
2026.06.04,11:00,11:15,Olympia,28,13,41
2026.06.04,11:15,11:30,Olympia,22,36,58
2026.06.04,11:30,11:45,Olympia,27,21,48
2026.06.04,11:45,12:00,Olympia,31,26,57
2026.06.04,12:00,12:15,Olympia,14,21,35
2026.06.04,12:15,12:30,Olympia,39,36,75
2026.06.04,12:30,12:45,Olympia,25,25,50
2026.06.04,12:45,13:00,Olympia,34,37,71
2026.06.04,13:00,13:15,Olympia,35,32,67
2026.06.04,13:15,13:30,Olympia,20,37,57
2026.06.04,13:30,13:45,Olympia,33,28,61
2026.06.04,13:45,14:00,Olympia,39,24,63
2026.06.04,14:00,14:15,Olympia,46,27,73
2026.06.04,14:15,14:30,Olympia,46,25,71
2026.06.04,14:30,14:45,Olympia,35,23,58
2026.06.04,14:45,15:00,Olympia,40,31,71
2026.06.04,15:00,15:15,Olympia,35,19,54
2026.06.04,15:15,15:30,Olympia,43,55,98
2026.06.04,15:30,15:45,Olympia,41,41,82
2026.06.04,15:45,16:00,Olympia,43,33,76
2026.06.04,16:00,16:15,Olympia,39,28,67
2026.06.04,16:15,16:30,Olympia,33,43,76
2026.06.04,16:30,16:45,Olympia,35,38,73
2026.06.04,16:45,17:00,Olympia,55,39,94
2026.06.04,17:00,17:15,Olympia,35,35,70
2026.06.04,17:15,17:30,Olympia,33,41,74
2026.06.04,17:30,17:45,Olympia,25,37,62
2026.06.04,17:45,18:00,Olympia,22,35,57
2026.06.04,18:00,18:15,Olympia,31,52,83
2026.06.04,18:15,18:30,Olympia,29,40,69
2026.06.04,18:30,18:45,Olympia,22,23,45
2026.06.04,18:45,19:00,Olympia,15,41,56
2026.06.04,19:00,19:15,Olympia,6,18,24
2026.06.04,19:15,19:30,Olympia,10,12,22
2026.06.04,19:30,19:45,Olympia,5,18,23
2026.06.04,19:45,20:00,Olympia,2,5,7
2026.06.04,20:00,20:15,Olympia,5,7,12
2026.06.04,20:15,20:30,Olympia,4,6,10
2026.06.04,20:30,20:45,Olympia,4,8,12
2026.06.04,20:45,21:00,Olympia,6,7,13
2026.06.04,21:00,21:15,Olympia,0,5,5
2026.06.04,21:15,21:30,Olympia,5,1,6
2026.06.04,21:30,21:45,Olympia,1,4,5
2026.06.04,21:45,22:00,Olympia,1,5,6
2026.06.04,22:00,22:15,Olympia,3,2,5
2026.06.04,22:15,22:30,Olympia,1,1,2
2026.06.04,22:30,22:45,Olympia,3,3,6
2026.06.04,22:45,23:00,Olympia,1,3,4
2026.06.04,23:00,23:15,Olympia,0,2,2
2026.06.04,23:15,23:30,Olympia,0,0,0
2026.06.04,23:30,23:45,Olympia,2,0,2
2026.06.04,23:45,00:00,Olympia,0,1,1
2026.06.05,00:00,00:15,Olympia,0,0,0
2026.06.05,00:15,00:30,Olympia,0,0,0
2026.06.05,00:30,00:45,Olympia,0,0,0
2026.06.05,00:45,01:00,Olympia,1,0,1
2026.06.05,01:00,01:15,Olympia,0,0,0
2026.06.05,01:15,01:30,Olympia,0,0,0
2026.06.05,01:30,01:45,Olympia,0,0,0
2026.06.05,01:45,02:00,Olympia,0,0,0
2026.06.05,02:00,02:15,Olympia,0,0,0
2026.06.05,02:15,02:30,Olympia,1,2,3
2026.06.05,02:30,02:45,Olympia,1,0,1
2026.06.05,02:45,03:00,Olympia,0,0,0
2026.06.05,03:00,03:15,Olympia,1,1,2
2026.06.05,03:15,03:30,Olympia,0,0,0
2026.06.05,03:30,03:45,Olympia,0,1,1
2026.06.05,03:45,04:00,Olympia,0,0,0
2026.06.05,04:00,04:15,Olympia,0,0,0
2026.06.05,04:15,04:30,Olympia,0,0,0
2026.06.05,04:30,04:45,Olympia,0,0,0
2026.06.05,04:45,05:00,Olympia,2,0,2
2026.06.05,05:00,05:15,Olympia,0,0,0
2026.06.05,05:15,05:30,Olympia,0,0,0
2026.06.05,05:30,05:45,Olympia,1,0,1
2026.06.05,05:45,06:00,Olympia,1,1,2
2026.06.05,06:00,06:15,Olympia,1,1,2
2026.06.05,06:15,06:30,Olympia,2,1,3
2026.06.05,06:30,06:45,Olympia,3,2,5
2026.06.05,06:45,07:00,Olympia,4,1,5
2026.06.05,07:00,07:15,Olympia,7,4,11
2026.06.05,07:15,07:30,Olympia,3,3,6
2026.06.05,07:30,07:45,Olympia,5,3,8
2026.06.05,07:45,08:00,Olympia,10,8,18
2026.06.05,08:00,08:15,Olympia,5,13,18
2026.06.05,08:15,08:30,Olympia,5,9,14
2026.06.05,08:30,08:45,Olympia,7,18,25
2026.06.05,08:45,09:00,Olympia,10,10,20
2026.06.05,09:00,09:15,Olympia,8,8,16
2026.06.05,09:15,09:30,Olympia,9,7,16
2026.06.05,09:30,09:45,Olympia,8,14,22
2026.06.05,09:45,10:00,Olympia,14,10,24
2026.06.05,10:00,10:15,Olympia,7,7,14
2026.06.05,10:15,10:30,Olympia,7,7,14
2026.06.05,10:30,10:45,Olympia,4,8,12
2026.06.05,10:45,11:00,Olympia,7,12,19
2026.06.05,11:00,11:15,Olympia,12,14,26
2026.06.05,11:15,11:30,Olympia,12,7,19
2026.06.05,11:30,11:45,Olympia,12,8,20
2026.06.05,11:45,12:00,Olympia,18,12,30
2026.06.05,12:00,12:15,Olympia,8,5,13
2026.06.05,12:15,12:30,Olympia,15,5,20
2026.06.05,12:30,12:45,Olympia,5,8,13
2026.06.05,12:45,13:00,Olympia,13,16,29
2026.06.05,13:00,13:15,Olympia,16,11,27
2026.06.05,13:15,13:30,Olympia,8,20,28
2026.06.05,13:30,13:45,Olympia,17,10,27
2026.06.05,13:45,14:00,Olympia,12,13,25
2026.06.05,14:00,14:15,Olympia,11,12,23
2026.06.05,14:15,14:30,Olympia,13,8,21
2026.06.05,14:30,14:45,Olympia,11,17,28
2026.06.05,14:45,15:00,Olympia,20,11,31
2026.06.05,15:00,15:15,Olympia,11,23,34
2026.06.05,15:15,15:30,Olympia,15,24,39
2026.06.05,15:30,15:45,Olympia,17,10,27
2026.06.05,15:45,16:00,Olympia,23,18,41
2026.06.05,16:00,16:15,Olympia,23,21,44
2026.06.05,16:15,16:30,Olympia,18,22,40
2026.06.05,16:30,16:45,Olympia,23,21,44
2026.06.05,16:45,17:00,Olympia,33,12,45
2026.06.05,17:00,17:15,Olympia,26,23,49
2026.06.05,17:15,17:30,Olympia,15,21,36
2026.06.05,17:30,17:45,Olympia,20,34,54
2026.06.05,17:45,18:00,Olympia,23,20,43
2026.06.05,18:00,18:15,Olympia,19,18,37
2026.06.05,18:15,18:30,Olympia,37,21,58
2026.06.05,18:30,18:45,Olympia,17,26,43
2026.06.05,18:45,19:00,Olympia,33,13,46
2026.06.05,19:00,19:15,Olympia,29,31,60
2026.06.05,19:15,19:30,Olympia,21,29,50
2026.06.05,19:30,19:45,Olympia,27,16,43
2026.06.05,19:45,20:00,Olympia,13,28,41
2026.06.05,20:00,20:15,Olympia,20,18,38
2026.06.05,20:15,20:30,Olympia,11,16,27
2026.06.05,20:30,20:45,Olympia,11,16,27
2026.06.05,20:45,21:00,Olympia,19,18,37
2026.06.05,21:00,21:15,Olympia,7,11,18
2026.06.05,21:15,21:30,Olympia,16,15,31
2026.06.05,21:30,21:45,Olympia,7,16,23
2026.06.05,21:45,22:00,Olympia,10,14,24
2026.06.05,22:00,22:15,Olympia,8,14,22
2026.06.05,22:15,22:30,Olympia,4,10,14
2026.06.05,22:30,22:45,Olympia,9,8,17
2026.06.05,22:45,23:00,Olympia,2,9,11
2026.06.05,23:00,23:15,Olympia,9,7,16
2026.06.05,23:15,23:30,Olympia,4,7,11
2026.06.05,23:30,23:45,Olympia,2,1,3
2026.06.05,23:45,00:00,Olympia,4,2,6
2026.06.06,00:00,00:15,Olympia,4,8,12
2026.06.06,00:15,00:30,Olympia,3,7,10
2026.06.06,00:30,00:45,Olympia,0,0,0
2026.06.06,00:45,01:00,Olympia,1,5,6
2026.06.06,01:00,01:15,Olympia,3,1,4
2026.06.06,01:15,01:30,Olympia,1,1,2
2026.06.06,01:30,01:45,Olympia,0,1,1
2026.06.06,01:45,02:00,Olympia,0,0,0
2026.06.06,02:00,02:15,Olympia,1,0,1
2026.06.06,02:15,02:30,Olympia,3,1,4
2026.06.06,02:30,02:45,Olympia,0,0,0
2026.06.06,02:45,03:00,Olympia,0,0,0
2026.06.06,03:00,03:15,Olympia,1,0,1
2026.06.06,03:15,03:30,Olympia,1,1,2
2026.06.06,03:30,03:45,Olympia,0,0,0
2026.06.06,03:45,04:00,Olympia,0,0,0
2026.06.06,04:00,04:15,Olympia,0,0,0
2026.06.06,04:15,04:30,Olympia,0,0,0
2026.06.06,04:30,04:45,Olympia,0,0,0
2026.06.06,04:45,05:00,Olympia,0,0,0
2026.06.06,05:00,05:15,Olympia,0,0,0
2026.06.06,05:15,05:30,Olympia,0,0,0
2026.06.06,05:30,05:45,Olympia,0,1,1
2026.06.06,05:45,06:00,Olympia,0,2,2
2026.06.06,06:00,06:15,Olympia,0,1,1
2026.06.06,06:15,06:30,Olympia,1,4,5
2026.06.06,06:30,06:45,Olympia,2,0,2
2026.06.06,06:45,07:00,Olympia,2,0,2
2026.06.06,07:00,07:15,Olympia,2,2,4
2026.06.06,07:15,07:30,Olympia,5,1,6
2026.06.06,07:30,07:45,Olympia,5,4,9
2026.06.06,07:45,08:00,Olympia,14,0,14
2026.06.06,08:00,08:15,Olympia,5,4,9
2026.06.06,08:15,08:30,Olympia,5,6,11
2026.06.06,08:30,08:45,Olympia,12,10,22
2026.06.06,08:45,09:00,Olympia,31,4,35
2026.06.06,09:00,09:15,Olympia,13,8,21
2026.06.06,09:15,09:30,Olympia,13,10,23
2026.06.06,09:30,09:45,Olympia,18,15,33
2026.06.06,09:45,10:00,Olympia,22,7,29
2026.06.06,10:00,10:15,Olympia,18,14,32
2026.06.06,10:15,10:30,Olympia,27,25,52
2026.06.06,10:30,10:45,Olympia,16,22,38
2026.06.06,10:45,11:00,Olympia,43,23,66
2026.06.06,11:00,11:15,Olympia,31,26,57
2026.06.06,11:15,11:30,Olympia,23,23,46
2026.06.06,11:30,11:45,Olympia,24,18,42
2026.06.06,11:45,12:00,Olympia,29,26,55
2026.06.06,12:00,12:15,Olympia,12,36,48
2026.06.06,12:15,12:30,Olympia,37,32,69
2026.06.06,12:30,12:45,Olympia,30,35,65
2026.06.06,12:45,13:00,Olympia,37,33,70
2026.06.06,13:00,13:15,Olympia,18,25,43
2026.06.06,13:15,13:30,Olympia,30,24,54
2026.06.06,13:30,13:45,Olympia,25,18,43
2026.06.06,13:45,14:00,Olympia,28,36,64
2026.06.06,14:00,14:15,Olympia,39,30,69
2026.06.06,14:15,14:30,Olympia,42,55,97
2026.06.06,14:30,14:45,Olympia,43,42,85
2026.06.06,14:45,15:00,Olympia,37,38,75
2026.06.06,15:00,15:15,Olympia,25,33,58
2026.06.06,15:15,15:30,Olympia,43,31,74
2026.06.06,15:30,15:45,Olympia,33,37,70
2026.06.06,15:45,16:00,Olympia,34,36,70
2026.06.06,16:00,16:15,Olympia,26,30,56
2026.06.06,16:15,16:30,Olympia,23,28,51
2026.06.06,16:30,16:45,Olympia,29,38,67
2026.06.06,16:45,17:00,Olympia,24,38,62
2026.06.06,17:00,17:15,Olympia,29,37,66
2026.06.06,17:15,17:30,Olympia,35,33,68
2026.06.06,17:30,17:45,Olympia,27,26,53
2026.06.06,17:45,18:00,Olympia,22,16,38
2026.06.06,18:00,18:15,Olympia,23,24,47
2026.06.06,18:15,18:30,Olympia,20,24,44
2026.06.06,18:30,18:45,Olympia,20,26,46
2026.06.06,18:45,19:00,Olympia,29,36,65
2026.06.06,19:00,19:15,Olympia,21,23,44
2026.06.06,19:15,19:30,Olympia,22,15,37
2026.06.06,19:30,19:45,Olympia,15,20,35
2026.06.06,19:45,20:00,Olympia,19,9,28
2026.06.06,20:00,20:15,Olympia,18,21,39
2026.06.06,20:15,20:30,Olympia,23,19,42
2026.06.06,20:30,20:45,Olympia,27,19,46
2026.06.06,20:45,21:00,Olympia,15,10,25
2026.06.06,21:00,21:15,Olympia,21,15,36
2026.06.06,21:15,21:30,Olympia,8,31,39
2026.06.06,21:30,21:45,Olympia,2,19,21
2026.06.06,21:45,22:00,Olympia,11,14,25
2026.06.06,22:00,22:15,Olympia,10,14,24
2026.06.06,22:15,22:30,Olympia,7,16,23
2026.06.06,22:30,22:45,Olympia,4,10,14
2026.06.06,22:45,23:00,Olympia,7,11,18
2026.06.06,23:00,23:15,Olympia,8,15,23
2026.06.06,23:15,23:30,Olympia,2,2,4
2026.06.06,23:30,23:45,Olympia,7,3,10
2026.06.06,23:45,00:00,Olympia,8,2,10
2026.06.07,00:00,00:15,Olympia,3,9,12
2026.06.07,00:15,00:30,Olympia,5,4,9
2026.06.07,00:30,00:45,Olympia,4,2,6
2026.06.07,00:45,01:00,Olympia,2,2,4
2026.06.07,01:00,01:15,Olympia,4,1,5
2026.06.07,01:15,01:30,Olympia,1,1,2
2026.06.07,01:30,01:45,Olympia,0,0,0
2026.06.07,01:45,02:00,Olympia,4,0,4
2026.06.07,02:00,02:15,Olympia,1,1,2
2026.06.07,02:15,02:30,Olympia,1,0,1
2026.06.07,02:30,02:45,Olympia,2,1,3
2026.06.07,02:45,03:00,Olympia,0,1,1
2026.06.07,03:00,03:15,Olympia,0,3,3
2026.06.07,03:15,03:30,Olympia,4,0,4
2026.06.07,03:30,03:45,Olympia,0,0,0
2026.06.07,03:45,04:00,Olympia,0,0,0
2026.06.07,04:00,04:15,Olympia,0,0,0
2026.06.07,04:15,04:30,Olympia,0,0,0
2026.06.07,04:30,04:45,Olympia,0,0,0
2026.06.07,04:45,05:00,Olympia,0,0,0
2026.06.07,05:00,05:15,Olympia,0,1,1
2026.06.07,05:15,05:30,Olympia,1,3,4
2026.06.07,05:30,05:45,Olympia,2,2,4
2026.06.07,05:45,06:00,Olympia,1,0,1
2026.06.07,06:00,06:15,Olympia,0,0,0
2026.06.07,06:15,06:30,Olympia,1,2,3
2026.06.07,06:30,06:45,Olympia,5,1,6
2026.06.07,06:45,07:00,Olympia,4,0,4
2026.06.07,07:00,07:15,Olympia,3,0,3
2026.06.07,07:15,07:30,Olympia,0,1,1
2026.06.07,07:30,07:45,Olympia,4,4,8
2026.06.07,07:45,08:00,Olympia,4,2,6
2026.06.07,08:00,08:15,Olympia,4,0,4
2026.06.07,08:15,08:30,Olympia,4,6,10
2026.06.07,08:30,08:45,Olympia,7,3,10
2026.06.07,08:45,09:00,Olympia,16,4,20
2026.06.07,09:00,09:15,Olympia,3,9,12
2026.06.07,09:15,09:30,Olympia,11,8,19
2026.06.07,09:30,09:45,Olympia,14,4,18
2026.06.07,09:45,10:00,Olympia,28,7,35
2026.06.07,10:00,10:15,Olympia,19,4,23
2026.06.07,10:15,10:30,Olympia,19,9,28
2026.06.07,10:30,10:45,Olympia,20,11,31
2026.06.07,10:45,11:00,Olympia,28,20,48
2026.06.07,11:00,11:15,Olympia,19,18,37
2026.06.07,11:15,11:30,Olympia,23,25,48
2026.06.07,11:30,11:45,Olympia,35,16,51
2026.06.07,11:45,12:00,Olympia,29,29,58
2026.06.07,12:00,12:15,Olympia,25,18,43
2026.06.07,12:15,12:30,Olympia,23,35,58
2026.06.07,12:30,12:45,Olympia,36,24,60
2026.06.07,12:45,13:00,Olympia,35,35,70
2026.06.07,13:00,13:15,Olympia,23,33,56
2026.06.07,13:15,13:30,Olympia,43,30,73
2026.06.07,13:30,13:45,Olympia,41,25,66
2026.06.07,13:45,14:00,Olympia,32,37,69
2026.06.07,14:00,14:15,Olympia,38,36,74
2026.06.07,14:15,14:30,Olympia,49,37,86
2026.06.07,14:30,14:45,Olympia,60,48,108
2026.06.07,14:45,15:00,Olympia,45,43,88
2026.06.07,15:00,15:15,Olympia,32,46,78
2026.06.07,15:15,15:30,Olympia,50,30,80
2026.06.07,15:30,15:45,Olympia,47,44,91
2026.06.07,15:45,16:00,Olympia,38,30,68
2026.06.07,16:00,16:15,Olympia,24,37,61
2026.06.07,16:15,16:30,Olympia,35,45,80
2026.06.07,16:30,16:45,Olympia,57,43,100
2026.06.07,16:45,17:00,Olympia,50,37,87
2026.06.07,17:00,17:15,Olympia,40,41,81
2026.06.07,17:15,17:30,Olympia,39,34,73
2026.06.07,17:30,17:45,Olympia,38,37,75
2026.06.07,17:45,18:00,Olympia,55,50,105
2026.06.07,18:00,18:15,Olympia,44,40,84
2026.06.07,18:15,18:30,Olympia,36,20,56
2026.06.07,18:30,18:45,Olympia,23,44,67
2026.06.07,18:45,19:00,Olympia,49,32,81
2026.06.07,19:00,19:15,Olympia,35,30,65
2026.06.07,19:15,19:30,Olympia,24,42,66
2026.06.07,19:30,19:45,Olympia,15,32,47
2026.06.07,19:45,20:00,Olympia,31,22,53
2026.06.07,20:00,20:15,Olympia,19,28,47
2026.06.07,20:15,20:30,Olympia,31,34,65
2026.06.07,20:30,20:45,Olympia,24,36,60
2026.06.07,20:45,21:00,Olympia,17,28,45
2026.06.07,21:00,21:15,Olympia,11,18,29
2026.06.07,21:15,21:30,Olympia,8,28,36
2026.06.07,21:30,21:45,Olympia,1,16,17
2026.06.07,21:45,22:00,Olympia,6,20,26
2026.06.07,22:00,22:15,Olympia,4,7,11
2026.06.07,22:15,22:30,Olympia,14,6,20
2026.06.07,22:30,22:45,Olympia,5,4,9
2026.06.07,22:45,23:00,Olympia,3,6,9
2026.06.07,23:00,23:15,Olympia,0,9,9
2026.06.07,23:15,23:30,Olympia,2,0,2
2026.06.07,23:30,23:45,Olympia,5,1,6
2026.06.07,23:45,00:00,Olympia,3,1,4
2026.06.08,00:00,00:15,Olympia,1,0,1
2026.06.08,00:15,00:30,Olympia,1,0,1
2026.06.08,00:30,00:45,Olympia,1,2,3
2026.06.08,00:45,01:00,Olympia,0,3,3
2026.06.08,01:00,01:15,Olympia,3,0,3
2026.06.08,01:15,01:30,Olympia,1,0,1
2026.06.08,01:30,01:45,Olympia,0,1,1
2026.06.08,01:45,02:00,Olympia,0,1,1
2026.06.08,02:00,02:15,Olympia,0,1,1
2026.06.08,02:15,02:30,Olympia,0,0,0
2026.06.08,02:30,02:45,Olympia,0,0,0
2026.06.08,02:45,03:00,Olympia,0,1,1
2026.06.08,03:00,03:15,Olympia,0,0,0
2026.06.08,03:15,03:30,Olympia,0,0,0
2026.06.08,03:30,03:45,Olympia,0,0,0
2026.06.08,03:45,04:00,Olympia,0,0,0
2026.06.08,04:00,04:15,Olympia,0,0,0
2026.06.08,04:15,04:30,Olympia,0,0,0
2026.06.08,04:30,04:45,Olympia,0,1,1
2026.06.08,04:45,05:00,Olympia,0,0,0
2026.06.08,05:00,05:15,Olympia,2,1,3
2026.06.08,05:15,05:30,Olympia,4,1,5
2026.06.08,05:30,05:45,Olympia,5,6,11
2026.06.08,05:45,06:00,Olympia,8,9,17
2026.06.08,06:00,06:15,Olympia,1,4,5
2026.06.08,06:15,06:30,Olympia,7,8,15
2026.06.08,06:30,06:45,Olympia,22,8,30
2026.06.08,06:45,07:00,Olympia,23,16,39
2026.06.08,07:00,07:15,Olympia,24,22,46
2026.06.08,07:15,07:30,Olympia,31,28,59
2026.06.08,07:30,07:45,Olympia,40,40,80
2026.06.08,07:45,08:00,Olympia,59,52,111
2026.06.08,08:00,08:15,Olympia,44,50,94
2026.06.08,08:15,08:30,Olympia,51,41,92
2026.06.08,08:30,08:45,Olympia,41,47,88
2026.06.08,08:45,09:00,Olympia,50,50,100
2026.06.08,09:00,09:15,Olympia,23,22,45
2026.06.08,09:15,09:30,Olympia,21,28,49
2026.06.08,09:30,09:45,Olympia,10,27,37
2026.06.08,09:45,10:00,Olympia,21,15,36
2026.06.08,10:00,10:15,Olympia,31,7,38
2026.06.08,10:15,10:30,Olympia,15,17,32
2026.06.08,10:30,10:45,Olympia,15,13,28
2026.06.08,10:45,11:00,Olympia,14,14,28
2026.06.08,11:00,11:15,Olympia,8,15,23
2026.06.08,11:15,11:30,Olympia,13,14,27
2026.06.08,11:30,11:45,Olympia,13,21,34
2026.06.08,11:45,12:00,Olympia,18,16,34
2026.06.08,12:00,12:15,Olympia,19,18,37
2026.06.08,12:15,12:30,Olympia,24,16,40
2026.06.08,12:30,12:45,Olympia,13,13,26
2026.06.08,12:45,13:00,Olympia,24,23,47
2026.06.08,13:00,13:15,Olympia,16,20,36
2026.06.08,13:15,13:30,Olympia,12,16,28
2026.06.08,13:30,13:45,Olympia,29,21,50
2026.06.08,13:45,14:00,Olympia,22,35,57
2026.06.08,14:00,14:15,Olympia,23,13,36
2026.06.08,14:15,14:30,Olympia,31,29,60
2026.06.08,14:30,14:45,Olympia,35,18,53
2026.06.08,14:45,15:00,Olympia,34,28,62
2026.06.08,15:00,15:15,Olympia,27,34,61
2026.06.08,15:15,15:30,Olympia,42,35,77
2026.06.08,15:30,15:45,Olympia,44,34,78
2026.06.08,15:45,16:00,Olympia,47,36,83
2026.06.08,16:00,16:15,Olympia,34,28,62
2026.06.08,16:15,16:30,Olympia,35,56,91
2026.06.08,16:30,16:45,Olympia,58,36,94
2026.06.08,16:45,17:00,Olympia,87,47,134
2026.06.08,17:00,17:15,Olympia,45,53,98
2026.06.08,17:15,17:30,Olympia,42,48,90
2026.06.08,17:30,17:45,Olympia,84,56,140
2026.06.08,17:45,18:00,Olympia,72,81,153
2026.06.08,18:00,18:15,Olympia,69,67,136
2026.06.08,18:15,18:30,Olympia,103,67,170
2026.06.08,18:30,18:45,Olympia,67,63,130
2026.06.08,18:45,19:00,Olympia,79,61,140
2026.06.08,19:00,19:15,Olympia,49,40,89
2026.06.08,19:15,19:30,Olympia,53,44,97
2026.06.08,19:30,19:45,Olympia,40,64,104
2026.06.08,19:45,20:00,Olympia,48,41,89
2026.06.08,20:00,20:15,Olympia,38,81,119
2026.06.08,20:15,20:30,Olympia,25,62,87
2026.06.08,20:30,20:45,Olympia,32,31,63
2026.06.08,20:45,21:00,Olympia,28,37,65
2026.06.08,21:00,21:15,Olympia,22,57,79
2026.06.08,21:15,21:30,Olympia,22,63,85
2026.06.08,21:30,21:45,Olympia,13,35,48
2026.06.08,21:45,22:00,Olympia,11,27,38
2026.06.08,22:00,22:15,Olympia,8,20,28
2026.06.08,22:15,22:30,Olympia,13,14,27
2026.06.08,22:30,22:45,Olympia,9,13,22
2026.06.08,22:45,23:00,Olympia,2,9,11
2026.06.08,23:00,23:15,Olympia,2,6,8
2026.06.08,23:15,23:30,Olympia,2,19,21
2026.06.08,23:30,23:45,Olympia,1,3,4
2026.06.08,23:45,00:00,Olympia,2,2,4
2026.06.09,00:00,00:15,Olympia,2,3,5
2026.06.09,00:15,00:30,Olympia,0,2,2
2026.06.09,00:30,00:45,Olympia,0,1,1
2026.06.09,00:45,01:00,Olympia,1,1,2
2026.06.09,01:00,01:15,Olympia,1,0,1
2026.06.09,01:15,01:30,Olympia,0,0,0
2026.06.09,01:30,01:45,Olympia,0,0,0
2026.06.09,01:45,02:00,Olympia,2,0,2
2026.06.09,02:00,02:15,Olympia,0,1,1
2026.06.09,02:15,02:30,Olympia,0,0,0
2026.06.09,02:30,02:45,Olympia,0,0,0
2026.06.09,02:45,03:00,Olympia,0,0,0
2026.06.09,03:00,03:15,Olympia,0,0,0
2026.06.09,03:15,03:30,Olympia,0,1,1
2026.06.09,03:30,03:45,Olympia,0,0,0
2026.06.09,03:45,04:00,Olympia,0,0,0
2026.06.09,04:00,04:15,Olympia,1,0,1
2026.06.09,04:15,04:30,Olympia,0,1,1
2026.06.09,04:30,04:45,Olympia,0,1,1
2026.06.09,04:45,05:00,Olympia,0,0,0
2026.06.09,05:00,05:15,Olympia,1,0,1
2026.06.09,05:15,05:30,Olympia,5,0,5
2026.06.09,05:30,05:45,Olympia,3,4,7
2026.06.09,05:45,06:00,Olympia,5,4,9
2026.06.09,06:00,06:15,Olympia,2,1,3
2026.06.09,06:15,06:30,Olympia,5,6,11
2026.06.09,06:30,06:45,Olympia,12,3,15
2026.06.09,06:45,07:00,Olympia,18,9,27
2026.06.09,07:00,07:15,Olympia,15,8,23
2026.06.09,07:15,07:30,Olympia,11,6,17
2026.06.09,07:30,07:45,Olympia,16,15,31
2026.06.09,07:45,08:00,Olympia,27,19,46
2026.06.09,08:00,08:15,Olympia,29,28,57
2026.06.09,08:15,08:30,Olympia,21,16,37
2026.06.09,08:30,08:45,Olympia,13,14,27
2026.06.09,08:45,09:00,Olympia,25,10,35
2026.06.09,09:00,09:15,Olympia,10,14,24
2026.06.09,09:15,09:30,Olympia,5,12,17
2026.06.09,09:30,09:45,Olympia,1,7,8
2026.06.09,09:45,10:00,Olympia,5,4,9
2026.06.09,10:00,10:15,Olympia,8,4,12
2026.06.09,10:15,10:30,Olympia,2,4,6
2026.06.09,10:30,10:45,Olympia,5,6,11
2026.06.09,10:45,11:00,Olympia,8,6,14
2026.06.09,11:00,11:15,Olympia,6,2,8
2026.06.09,11:15,11:30,Olympia,6,6,12
2026.06.09,11:30,11:45,Olympia,3,6,9
2026.06.09,11:45,12:00,Olympia,1,6,7
2026.06.09,12:00,12:15,Olympia,8,7,15
2026.06.09,12:15,12:30,Olympia,7,8,15
2026.06.09,12:30,12:45,Olympia,4,4,8
2026.06.09,12:45,13:00,Olympia,7,5,12
2026.06.09,13:00,13:15,Olympia,8,4,12
2026.06.09,13:15,13:30,Olympia,10,9,19
2026.06.09,13:30,13:45,Olympia,6,11,17
2026.06.09,13:45,14:00,Olympia,4,5,9
2026.06.09,14:00,14:15,Olympia,8,12,20
2026.06.09,14:15,14:30,Olympia,8,7,15
2026.06.09,14:30,14:45,Olympia,15,11,26
2026.06.09,14:45,15:00,Olympia,9,12,21
2026.06.09,15:00,15:15,Olympia,10,15,25
2026.06.09,15:15,15:30,Olympia,20,15,35
2026.06.09,15:30,15:45,Olympia,24,12,36
2026.06.09,15:45,16:00,Olympia,16,17,33
2026.06.09,16:00,16:15,Olympia,10,19,29
2026.06.09,16:15,16:30,Olympia,28,16,44
2026.06.09,16:30,16:45,Olympia,30,20,50
2026.06.09,16:45,17:00,Olympia,44,21,65
2026.06.09,17:00,17:15,Olympia,23,23,46
2026.06.09,17:15,17:30,Olympia,22,26,48
2026.06.09,17:30,17:45,Olympia,24,28,52
2026.06.09,17:45,18:00,Olympia,39,29,68
2026.06.09,18:00,18:15,Olympia,29,37,66
2026.06.09,18:15,18:30,Olympia,38,30,68
2026.06.09,18:30,18:45,Olympia,26,30,56
2026.06.09,18:45,19:00,Olympia,35,29,64
2026.06.09,19:00,19:15,Olympia,25,19,44
2026.06.09,19:15,19:30,Olympia,19,13,32
2026.06.09,19:30,19:45,Olympia,16,26,42
2026.06.09,19:45,20:00,Olympia,32,24,56
2026.06.09,20:00,20:15,Olympia,13,26,39
2026.06.09,20:15,20:30,Olympia,14,33,47
2026.06.09,20:30,20:45,Olympia,14,28,42
2026.06.09,20:45,21:00,Olympia,20,23,43
2026.06.09,21:00,21:15,Olympia,7,15,22
2026.06.09,21:15,21:30,Olympia,16,21,37
2026.06.09,21:30,21:45,Olympia,3,14,17
2026.06.09,21:45,22:00,Olympia,6,21,27
2026.06.09,22:00,22:15,Olympia,4,19,23
2026.06.09,22:15,22:30,Olympia,9,16,25
2026.06.09,22:30,22:45,Olympia,5,9,14
2026.06.09,22:45,23:00,Olympia,4,6,10
2026.06.09,23:00,23:15,Olympia,4,15,19
2026.06.09,23:15,23:30,Olympia,6,9,15
2026.06.09,23:30,23:45,Olympia,3,2,5
2026.06.09,23:45,00:00,Olympia,5,4,9
2026.06.10,00:00,00:15,Olympia,3,4,7
2026.06.10,00:15,00:30,Olympia,0,7,7
2026.06.10,00:30,00:45,Olympia,1,4,5
2026.06.10,00:45,01:00,Olympia,1,1,2
2026.06.10,01:00,01:15,Olympia,1,1,2
2026.06.10,01:15,01:30,Olympia,0,1,1
2026.06.10,01:30,01:45,Olympia,0,0,0
2026.06.10,01:45,02:00,Olympia,1,0,1
2026.06.10,02:00,02:15,Olympia,1,1,2
2026.06.10,02:15,02:30,Olympia,0,0,0
2026.06.10,02:30,02:45,Olympia,0,0,0
2026.06.10,02:45,03:00,Olympia,0,0,0
2026.06.10,03:00,03:15,Olympia,0,0,0
2026.06.10,03:15,03:30,Olympia,0,0,0
2026.06.10,03:30,03:45,Olympia,0,0,0
2026.06.10,03:45,04:00,Olympia,0,0,0
2026.06.10,04:00,04:15,Olympia,0,0,0
2026.06.10,04:15,04:30,Olympia,0,0,0
2026.06.10,04:30,04:45,Olympia,0,0,0
2026.06.10,04:45,05:00,Olympia,0,0,0
2026.06.10,05:00,05:15,Olympia,1,1,2
2026.06.10,05:15,05:30,Olympia,3,0,3
2026.06.10,05:30,05:45,Olympia,3,1,4
2026.06.10,05:45,06:00,Olympia,3,1,4
2026.06.10,06:00,06:15,Olympia,1,0,1
2026.06.10,06:15,06:30,Olympia,0,0,0
2026.06.10,06:30,06:45,Olympia,7,3,10
2026.06.10,06:45,07:00,Olympia,4,4,8
2026.06.10,07:00,07:15,Olympia,10,6,16
2026.06.10,07:15,07:30,Olympia,8,6,14
2026.06.10,07:30,07:45,Olympia,14,5,19
2026.06.10,07:45,08:00,Olympia,13,17,30
2026.06.10,08:00,08:15,Olympia,15,13,28
2026.06.10,08:15,08:30,Olympia,17,13,30
2026.06.10,08:30,08:45,Olympia,12,12,24
2026.06.10,08:45,09:00,Olympia,15,13,28
2026.06.10,09:00,09:15,Olympia,15,7,22
2026.06.10,09:15,09:30,Olympia,6,6,12
2026.06.10,09:30,09:45,Olympia,4,8,12
2026.06.10,09:45,10:00,Olympia,7,5,12
2026.06.10,10:00,10:15,Olympia,9,7,16
2026.06.10,10:15,10:30,Olympia,1,4,5
2026.06.10,10:30,10:45,Olympia,3,2,5
2026.06.10,10:45,11:00,Olympia,9,3,12
2026.06.10,11:00,11:15,Olympia,6,8,14
2026.06.10,11:15,11:30,Olympia,10,2,12
2026.06.10,11:30,11:45,Olympia,3,3,6
2026.06.10,11:45,12:00,Olympia,12,7,19
2026.06.10,12:00,12:15,Olympia,6,8,14
2026.06.10,12:15,12:30,Olympia,4,5,9
2026.06.10,12:30,12:45,Olympia,5,5,10
2026.06.10,12:45,13:00,Olympia,8,5,13
2026.06.10,13:00,13:15,Olympia,3,8,11
2026.06.10,13:15,13:30,Olympia,5,7,12
2026.06.10,13:30,13:45,Olympia,7,8,15
2026.06.10,13:45,14:00,Olympia,7,10,17
2026.06.10,14:00,14:15,Olympia,13,9,22
2026.06.10,14:15,14:30,Olympia,12,8,20
2026.06.10,14:30,14:45,Olympia,7,10,17
2026.06.10,14:45,15:00,Olympia,7,7,14
2026.06.10,15:00,15:15,Olympia,13,10,23
2026.06.10,15:15,15:30,Olympia,7,20,27
2026.06.10,15:30,15:45,Olympia,18,9,27
2026.06.10,15:45,16:00,Olympia,20,16,36
2026.06.10,16:00,16:15,Olympia,21,11,32
2026.06.10,16:15,16:30,Olympia,11,13,24
2026.06.10,16:30,16:45,Olympia,26,23,49
2026.06.10,16:45,17:00,Olympia,25,19,44
2026.06.10,17:00,17:15,Olympia,25,13,38
2026.06.10,17:15,17:30,Olympia,17,17,34
2026.06.10,17:30,17:45,Olympia,22,11,33
2026.06.10,17:45,18:00,Olympia,15,27,42
2026.06.10,18:00,18:15,Olympia,26,14,40
2026.06.10,18:15,18:30,Olympia,25,15,40
2026.06.10,18:30,18:45,Olympia,17,16,33
2026.06.10,18:45,19:00,Olympia,31,20,51
2026.06.10,19:00,19:15,Olympia,18,17,35
2026.06.10,19:15,19:30,Olympia,17,9,26
2026.06.10,19:30,19:45,Olympia,11,20,31
2026.06.10,19:45,20:00,Olympia,17,17,34
2026.06.10,20:00,20:15,Olympia,15,22,37
2026.06.10,20:15,20:30,Olympia,17,19,36
2026.06.10,20:30,20:45,Olympia,9,14,23
2026.06.10,20:45,21:00,Olympia,9,18,27
2026.06.10,21:00,21:15,Olympia,13,20,33
2026.06.10,21:15,21:30,Olympia,10,4,14
2026.06.10,21:30,21:45,Olympia,5,15,20
2026.06.10,21:45,22:00,Olympia,3,17,20
2026.06.10,22:00,22:15,Olympia,6,8,14
2026.06.10,22:15,22:30,Olympia,3,11,14
2026.06.10,22:30,22:45,Olympia,1,12,13
2026.06.10,22:45,23:00,Olympia,5,7,12
2026.06.10,23:00,23:15,Olympia,2,11,13
2026.06.10,23:15,23:30,Olympia,0,3,3
2026.06.10,23:30,23:45,Olympia,1,2,3
2026.06.10,23:45,00:00,Olympia,0,3,3
2026.06.11,00:00,00:15,Olympia,4,2,6
2026.06.11,00:15,00:30,Olympia,0,3,3
2026.06.11,00:30,00:45,Olympia,0,0,0
2026.06.11,00:45,01:00,Olympia,0,0,0
2026.06.11,01:00,01:15,Olympia,0,1,1
2026.06.11,01:15,01:30,Olympia,0,0,0
2026.06.11,01:30,01:45,Olympia,0,2,2
2026.06.11,01:45,02:00,Olympia,0,0,0
2026.06.11,02:00,02:15,Olympia,0,0,0
2026.06.11,02:15,02:30,Olympia,0,0,0
2026.06.11,02:30,02:45,Olympia,0,1,1
2026.06.11,02:45,03:00,Olympia,0,0,0
2026.06.11,03:00,03:15,Olympia,0,0,0
2026.06.11,03:15,03:30,Olympia,0,0,0
2026.06.11,03:30,03:45,Olympia,0,0,0
2026.06.11,03:45,04:00,Olympia,0,0,0
2026.06.11,04:00,04:15,Olympia,0,0,0
2026.06.11,04:15,04:30,Olympia,0,0,0
2026.06.11,04:30,04:45,Olympia,0,0,0
2026.06.11,04:45,05:00,Olympia,0,0,0
2026.06.11,05:00,05:15,Olympia,0,2,2
2026.06.11,05:15,05:30,Olympia,5,1,6
2026.06.11,05:30,05:45,Olympia,1,5,6
2026.06.11,05:45,06:00,Olympia,4,1,5
2026.06.11,06:00,06:15,Olympia,2,1,3
2026.06.11,06:15,06:30,Olympia,6,3,9
2026.06.11,06:30,06:45,Olympia,12,4,16
2026.06.11,06:45,07:00,Olympia,15,11,26
2026.06.11,07:00,07:15,Olympia,20,10,30
2026.06.11,07:15,07:30,Olympia,28,22,50
2026.06.11,07:30,07:45,Olympia,36,20,56
2026.06.11,07:45,08:00,Olympia,45,32,77
2026.06.11,08:00,08:15,Olympia,49,27,76
2026.06.11,08:15,08:30,Olympia,35,47,82
2026.06.11,08:30,08:45,Olympia,35,24,59
2026.06.11,08:45,09:00,Olympia,26,24,50
2026.06.11,09:00,09:15,Olympia,16,33,49
2026.06.11,09:15,09:30,Olympia,14,22,36
2026.06.11,09:30,09:45,Olympia,17,17,34
2026.06.11,09:45,10:00,Olympia,16,14,30
2026.06.11,10:00,10:15,Olympia,15,13,28
2026.06.11,10:15,10:30,Olympia,13,10,23
2026.06.11,10:30,10:45,Olympia,8,13,21
2026.06.11,10:45,11:00,Olympia,8,9,17
2026.06.11,11:00,11:15,Olympia,15,10,25
2026.06.11,11:15,11:30,Olympia,9,11,20
2026.06.11,11:30,11:45,Olympia,10,13,23
2026.06.11,11:45,12:00,Olympia,3,11,14
2026.06.11,12:00,12:15,Olympia,14,14,28
2026.06.11,12:15,12:30,Olympia,17,10,27
2026.06.11,12:30,12:45,Olympia,7,10,17
2026.06.11,12:45,13:00,Olympia,15,9,24
2026.06.11,13:00,13:15,Olympia,15,8,23
2026.06.11,13:15,13:30,Olympia,18,10,28
2026.06.11,13:30,13:45,Olympia,14,21,35
2026.06.11,13:45,14:00,Olympia,7,7,14
2026.06.11,14:00,14:15,Olympia,6,9,15
2026.06.11,14:15,14:30,Olympia,15,14,29
2026.06.11,14:30,14:45,Olympia,23,11,34
2026.06.11,14:45,15:00,Olympia,9,14,23
2026.06.11,15:00,15:15,Olympia,9,21,30
2026.06.11,15:15,15:30,Olympia,33,18,51
2026.06.11,15:30,15:45,Olympia,17,14,31
2026.06.11,15:45,16:00,Olympia,26,21,47
2026.06.11,16:00,16:15,Olympia,19,22,41
2026.06.11,16:15,16:30,Olympia,28,28,56
2026.06.11,16:30,16:45,Olympia,26,17,43
2026.06.11,16:45,17:00,Olympia,58,34,92
2026.06.11,17:00,17:15,Olympia,31,28,59
2026.06.11,17:15,17:30,Olympia,39,39,78
2026.06.11,17:30,17:45,Olympia,45,43,88
2026.06.11,17:45,18:00,Olympia,51,33,84
2026.06.11,18:00,18:15,Olympia,50,34,84
2026.06.11,18:15,18:30,Olympia,62,55,117
2026.06.11,18:30,18:45,Olympia,48,53,101
2026.06.11,18:45,19:00,Olympia,59,46,105
2026.06.11,19:00,19:15,Olympia,46,36,82
2026.06.11,19:15,19:30,Olympia,23,36,59
2026.06.11,19:30,19:45,Olympia,20,19,39
2026.06.11,19:45,20:00,Olympia,39,16,55
2026.06.11,20:00,20:15,Olympia,25,48,73
2026.06.11,20:15,20:30,Olympia,12,47,59
2026.06.11,20:30,20:45,Olympia,9,23,32
2026.06.11,20:45,21:00,Olympia,36,27,63
2026.06.11,21:00,21:15,Olympia,14,20,34
2026.06.11,21:15,21:30,Olympia,20,41,61
2026.06.11,21:30,21:45,Olympia,12,17,29
2026.06.11,21:45,22:00,Olympia,7,26,33
2026.06.11,22:00,22:15,Olympia,6,13,19
2026.06.11,22:15,22:30,Olympia,4,9,13
2026.06.11,22:30,22:45,Olympia,3,10,13
2026.06.11,22:45,23:00,Olympia,5,12,17
2026.06.11,23:00,23:15,Olympia,1,5,6
2026.06.11,23:15,23:30,Olympia,3,7,10
2026.06.11,23:30,23:45,Olympia,6,11,17
2026.06.11,23:45,00:00,Olympia,3,5,8
2026.06.12,00:00,00:15,Olympia,2,5,7
2026.06.12,00:15,00:30,Olympia,2,4,6
2026.06.12,00:30,00:45,Olympia,4,0,4
2026.06.12,00:45,01:00,Olympia,0,1,1
2026.06.12,01:00,01:15,Olympia,1,1,2
2026.06.12,01:15,01:30,Olympia,4,2,6
2026.06.12,01:30,01:45,Olympia,1,1,2
2026.06.12,01:45,02:00,Olympia,2,1,3
2026.06.12,02:00,02:15,Olympia,0,0,0
2026.06.12,02:15,02:30,Olympia,0,1,1
2026.06.12,02:30,02:45,Olympia,0,0,0
2026.06.12,02:45,03:00,Olympia,0,0,0
2026.06.12,03:00,03:15,Olympia,1,0,1
2026.06.12,03:15,03:30,Olympia,4,0,4
2026.06.12,03:30,03:45,Olympia,0,0,0
2026.06.12,03:45,04:00,Olympia,0,0,0
2026.06.12,04:00,04:15,Olympia,0,0,0
2026.06.12,04:15,04:30,Olympia,0,1,1
2026.06.12,04:30,04:45,Olympia,0,0,0
2026.06.12,04:45,05:00,Olympia,0,0,0
2026.06.12,05:00,05:15,Olympia,0,0,0
2026.06.12,05:15,05:30,Olympia,0,0,0
2026.06.12,05:30,05:45,Olympia,1,1,2
2026.06.12,05:45,06:00,Olympia,3,1,4
2026.06.12,06:00,06:15,Olympia,0,2,2
2026.06.12,06:15,06:30,Olympia,3,1,4
2026.06.12,06:30,06:45,Olympia,8,3,11
2026.06.12,06:45,07:00,Olympia,10,2,12
2026.06.12,07:00,07:15,Olympia,14,6,20
2026.06.12,07:15,07:30,Olympia,12,10,22
2026.06.12,07:30,07:45,Olympia,10,13,23
2026.06.12,07:45,08:00,Olympia,20,25,45
2026.06.12,08:00,08:15,Olympia,14,14,28
2026.06.12,08:15,08:30,Olympia,18,20,38
2026.06.12,08:30,08:45,Olympia,11,11,22
2026.06.12,08:45,09:00,Olympia,16,7,23
2026.06.12,09:00,09:15,Olympia,11,7,18
2026.06.12,09:15,09:30,Olympia,14,5,19
2026.06.12,09:30,09:45,Olympia,4,7,11
2026.06.12,09:45,10:00,Olympia,11,11,22
2026.06.12,10:00,10:15,Olympia,6,4,10
2026.06.12,10:15,10:30,Olympia,2,6,8
2026.06.12,10:30,10:45,Olympia,2,2,4
2026.06.12,10:45,11:00,Olympia,3,3,6
2026.06.12,11:00,11:15,Olympia,2,4,6
2026.06.12,11:15,11:30,Olympia,5,2,7
2026.06.12,11:30,11:45,Olympia,6,5,11
2026.06.12,11:45,12:00,Olympia,4,6,10
2026.06.12,12:00,12:15,Olympia,6,5,11
2026.06.12,12:15,12:30,Olympia,7,9,16
2026.06.12,12:30,12:45,Olympia,6,10,16
2026.06.12,12:45,13:00,Olympia,8,7,15
2026.06.12,13:00,13:15,Olympia,6,10,16
2026.06.12,13:15,13:30,Olympia,11,8,19
2026.06.12,13:30,13:45,Olympia,7,6,13
2026.06.12,13:45,14:00,Olympia,8,9,17
2026.06.12,14:00,14:15,Olympia,8,7,15
2026.06.12,14:15,14:30,Olympia,11,12,23
2026.06.12,14:30,14:45,Olympia,29,11,40
2026.06.12,14:45,15:00,Olympia,14,14,28
2026.06.12,15:00,15:15,Olympia,20,19,39
2026.06.12,15:15,15:30,Olympia,28,6,34
2026.06.12,15:30,15:45,Olympia,29,9,38
2026.06.12,15:45,16:00,Olympia,23,16,39
2026.06.12,16:00,16:15,Olympia,14,16,30
2026.06.12,16:15,16:30,Olympia,17,22,39
2026.06.12,16:30,16:45,Olympia,24,16,40
2026.06.12,16:45,17:00,Olympia,23,21,44
2026.06.12,17:00,17:15,Olympia,17,20,37
2026.06.12,17:15,17:30,Olympia,16,21,37
2026.06.12,17:30,17:45,Olympia,27,13,40
2026.06.12,17:45,18:00,Olympia,21,23,44
2026.06.12,18:00,18:15,Olympia,15,25,40
2026.06.12,18:15,18:30,Olympia,27,30,57
2026.06.12,18:30,18:45,Olympia,20,17,37
2026.06.12,18:45,19:00,Olympia,17,27,44
2026.06.12,19:00,19:15,Olympia,21,14,35
2026.06.12,19:15,19:30,Olympia,18,12,30
2026.06.12,19:30,19:45,Olympia,28,16,44
2026.06.12,19:45,20:00,Olympia,29,9,38
2026.06.12,20:00,20:15,Olympia,22,13,35
2026.06.12,20:15,20:30,Olympia,13,20,33
2026.06.12,20:30,20:45,Olympia,10,11,21
2026.06.12,20:45,21:00,Olympia,11,13,24
2026.06.12,21:00,21:15,Olympia,5,14,19
2026.06.12,21:15,21:30,Olympia,6,13,19
2026.06.12,21:30,21:45,Olympia,12,11,23
2026.06.12,21:45,22:00,Olympia,7,15,22
2026.06.12,22:00,22:15,Olympia,5,12,17
2026.06.12,22:15,22:30,Olympia,4,10,14
2026.06.12,22:30,22:45,Olympia,3,15,18
2026.06.12,22:45,23:00,Olympia,4,11,15
2026.06.12,23:00,23:15,Olympia,1,9,10
2026.06.12,23:15,23:30,Olympia,2,5,7
2026.06.12,23:30,23:45,Olympia,1,2,3
2026.06.12,23:45,00:00,Olympia,5,1,6
2026.06.13,00:00,00:15,Olympia,0,4,4
2026.06.13,00:15,00:30,Olympia,1,0,1
2026.06.13,00:30,00:45,Olympia,1,0,1
2026.06.13,00:45,01:00,Olympia,1,3,4
2026.06.13,01:00,01:15,Olympia,3,2,5
2026.06.13,01:15,01:30,Olympia,1,0,1
2026.06.13,01:30,01:45,Olympia,0,0,0
2026.06.13,01:45,02:00,Olympia,0,1,1
2026.06.13,02:00,02:15,Olympia,1,1,2
2026.06.13,02:15,02:30,Olympia,4,0,4
2026.06.13,02:30,02:45,Olympia,0,1,1
2026.06.13,02:45,03:00,Olympia,0,1,1
2026.06.13,03:00,03:15,Olympia,0,0,0
2026.06.13,03:15,03:30,Olympia,0,0,0
2026.06.13,03:30,03:45,Olympia,0,0,0
2026.06.13,03:45,04:00,Olympia,0,0,0
2026.06.13,04:00,04:15,Olympia,0,0,0
2026.06.13,04:15,04:30,Olympia,0,0,0
2026.06.13,04:30,04:45,Olympia,6,0,6
2026.06.13,04:45,05:00,Olympia,0,1,1
2026.06.13,05:00,05:15,Olympia,1,1,2
2026.06.13,05:15,05:30,Olympia,0,0,0
2026.06.13,05:30,05:45,Olympia,0,1,1
2026.06.13,05:45,06:00,Olympia,1,1,2
2026.06.13,06:00,06:15,Olympia,3,1,4
2026.06.13,06:15,06:30,Olympia,1,2,3
2026.06.13,06:30,06:45,Olympia,1,1,2
2026.06.13,06:45,07:00,Olympia,8,1,9
2026.06.13,07:00,07:15,Olympia,3,4,7
2026.06.13,07:15,07:30,Olympia,4,1,5
2026.06.13,07:30,07:45,Olympia,3,4,7
2026.06.13,07:45,08:00,Olympia,11,4,15
2026.06.13,08:00,08:15,Olympia,10,9,19
2026.06.13,08:15,08:30,Olympia,7,4,11
2026.06.13,08:30,08:45,Olympia,14,3,17
2026.06.13,08:45,09:00,Olympia,15,13,28
2026.06.13,09:00,09:15,Olympia,21,8,29
2026.06.13,09:15,09:30,Olympia,12,14,26
2026.06.13,09:30,09:45,Olympia,25,12,37
2026.06.13,09:45,10:00,Olympia,36,19,55
2026.06.13,10:00,10:15,Olympia,17,14,31
2026.06.13,10:15,10:30,Olympia,29,21,50
2026.06.13,10:30,10:45,Olympia,36,23,59
2026.06.13,10:45,11:00,Olympia,27,12,39
2026.06.13,11:00,11:15,Olympia,30,11,41
2026.06.13,11:15,11:30,Olympia,35,20,55
2026.06.13,11:30,11:45,Olympia,19,36,55
2026.06.13,11:45,12:00,Olympia,34,24,58
2026.06.13,12:00,12:15,Olympia,22,15,37
2026.06.13,12:15,12:30,Olympia,23,24,47
2026.06.13,12:30,12:45,Olympia,25,22,47
2026.06.13,12:45,13:00,Olympia,41,18,59
2026.06.13,13:00,13:15,Olympia,38,19,57
2026.06.13,13:15,13:30,Olympia,22,47,69
2026.06.13,13:30,13:45,Olympia,37,38,75
2026.06.13,13:45,14:00,Olympia,31,30,61
2026.06.13,14:00,14:15,Olympia,28,33,61
2026.06.13,14:15,14:30,Olympia,26,20,46
2026.06.13,14:30,14:45,Olympia,32,30,62
2026.06.13,14:45,15:00,Olympia,49,34,83
2026.06.13,15:00,15:15,Olympia,33,30,63
2026.06.13,15:15,15:30,Olympia,36,49,85
2026.06.13,15:30,15:45,Olympia,26,42,68
2026.06.13,15:45,16:00,Olympia,48,45,93
2026.06.13,16:00,16:15,Olympia,26,31,57
2026.06.13,16:15,16:30,Olympia,33,43,76
2026.06.13,16:30,16:45,Olympia,28,37,65
2026.06.13,16:45,17:00,Olympia,42,31,73
2026.06.13,17:00,17:15,Olympia,28,34,62
2026.06.13,17:15,17:30,Olympia,37,49,86
2026.06.13,17:30,17:45,Olympia,23,25,48
2026.06.13,17:45,18:00,Olympia,28,20,48
2026.06.13,18:00,18:15,Olympia,25,35,60
2026.06.13,18:15,18:30,Olympia,39,34,73
2026.06.13,18:30,18:45,Olympia,20,41,61
2026.06.13,18:45,19:00,Olympia,19,37,56
2026.06.13,19:00,19:15,Olympia,31,32,63
2026.06.13,19:15,19:30,Olympia,25,28,53
2026.06.13,19:30,19:45,Olympia,14,32,46
2026.06.13,19:45,20:00,Olympia,21,25,46
2026.06.13,20:00,20:15,Olympia,14,34,48
2026.06.13,20:15,20:30,Olympia,21,23,44
2026.06.13,20:30,20:45,Olympia,25,21,46
2026.06.13,20:45,21:00,Olympia,22,19,41
2026.06.13,21:00,21:15,Olympia,18,25,43
2026.06.13,21:15,21:30,Olympia,17,17,34
2026.06.13,21:30,21:45,Olympia,6,17,23
2026.06.13,21:45,22:00,Olympia,13,13,26
2026.06.13,22:00,22:15,Olympia,10,10,20
2026.06.13,22:15,22:30,Olympia,8,6,14
2026.06.13,22:30,22:45,Olympia,7,8,15
2026.06.13,22:45,23:00,Olympia,5,11,16
2026.06.13,23:00,23:15,Olympia,2,4,6
2026.06.13,23:15,23:30,Olympia,7,4,11
2026.06.13,23:30,23:45,Olympia,16,6,22
2026.06.13,23:45,00:00,Olympia,11,6,17
2026.06.14,00:00,00:15,Olympia,3,1,4
2026.06.14,00:15,00:30,Olympia,3,6,9
2026.06.14,00:30,00:45,Olympia,2,11,13
2026.06.14,00:45,01:00,Olympia,3,2,5
2026.06.14,01:00,01:15,Olympia,3,4,7
2026.06.14,01:15,01:30,Olympia,5,2,7
2026.06.14,01:30,01:45,Olympia,1,1,2
2026.06.14,01:45,02:00,Olympia,0,1,1
2026.06.14,02:00,02:15,Olympia,0,1,1
2026.06.14,02:15,02:30,Olympia,2,0,2
2026.06.14,02:30,02:45,Olympia,0,1,1
2026.06.14,02:45,03:00,Olympia,0,0,0
2026.06.14,03:00,03:15,Olympia,0,0,0
2026.06.14,03:15,03:30,Olympia,5,0,5
2026.06.14,03:30,03:45,Olympia,2,1,3
2026.06.14,03:45,04:00,Olympia,0,0,0
2026.06.14,04:00,04:15,Olympia,5,0,5
2026.06.14,04:15,04:30,Olympia,0,0,0
2026.06.14,04:30,04:45,Olympia,1,0,1
2026.06.14,04:45,05:00,Olympia,1,0,1
2026.06.14,05:00,05:15,Olympia,0,0,0
2026.06.14,05:15,05:30,Olympia,0,1,1
2026.06.14,05:30,05:45,Olympia,1,0,1
2026.06.14,05:45,06:00,Olympia,2,0,2
2026.06.14,06:00,06:15,Olympia,0,2,2
2026.06.14,06:15,06:30,Olympia,1,0,1
2026.06.14,06:30,06:45,Olympia,5,1,6
2026.06.14,06:45,07:00,Olympia,3,1,4
2026.06.14,07:00,07:15,Olympia,2,1,3
2026.06.14,07:15,07:30,Olympia,1,2,3
2026.06.14,07:30,07:45,Olympia,4,2,6
2026.06.14,07:45,08:00,Olympia,7,1,8
2026.06.14,08:00,08:15,Olympia,6,8,14
2026.06.14,08:15,08:30,Olympia,9,10,19
2026.06.14,08:30,08:45,Olympia,9,6,15
2026.06.14,08:45,09:00,Olympia,16,10,26
2026.06.14,09:00,09:15,Olympia,10,5,15
2026.06.14,09:15,09:30,Olympia,18,10,28
2026.06.14,09:30,09:45,Olympia,14,6,20
2026.06.14,09:45,10:00,Olympia,34,19,53
2026.06.14,10:00,10:15,Olympia,27,11,38
2026.06.14,10:15,10:30,Olympia,9,14,23
2026.06.14,10:30,10:45,Olympia,27,11,38
2026.06.14,10:45,11:00,Olympia,40,25,65
2026.06.14,11:00,11:15,Olympia,48,23,71
2026.06.14,11:15,11:30,Olympia,29,11,40
2026.06.14,11:30,11:45,Olympia,42,19,61
2026.06.14,11:45,12:00,Olympia,52,43,95
2026.06.14,12:00,12:15,Olympia,46,28,74
2026.06.14,12:15,12:30,Olympia,53,39,92
2026.06.14,12:30,12:45,Olympia,51,36,87
2026.06.14,12:45,13:00,Olympia,35,31,66
2026.06.14,13:00,13:15,Olympia,29,36,65
2026.06.14,13:15,13:30,Olympia,61,30,91
2026.06.14,13:30,13:45,Olympia,45,58,103
2026.06.14,13:45,14:00,Olympia,43,35,78
2026.06.14,14:00,14:15,Olympia,52,28,80
2026.06.14,14:15,14:30,Olympia,56,27,83
2026.06.14,14:30,14:45,Olympia,66,29,95
2026.06.14,14:45,15:00,Olympia,103,39,142
2026.06.14,15:00,15:15,Olympia,72,56,128
2026.06.14,15:15,15:30,Olympia,61,44,105
2026.06.14,15:30,15:45,Olympia,51,38,89
2026.06.14,15:45,16:00,Olympia,53,49,102
2026.06.14,16:00,16:15,Olympia,44,64,108
2026.06.14,16:15,16:30,Olympia,62,47,109
2026.06.14,16:30,16:45,Olympia,50,45,95
2026.06.14,16:45,17:00,Olympia,54,66,120
2026.06.14,17:00,17:15,Olympia,54,52,106
2026.06.14,17:15,17:30,Olympia,53,55,108
2026.06.14,17:30,17:45,Olympia,50,70,120
2026.06.14,17:45,18:00,Olympia,45,53,98
2026.06.14,18:00,18:15,Olympia,46,41,87
2026.06.14,18:15,18:30,Olympia,32,49,81
2026.06.14,18:30,18:45,Olympia,45,58,103
2026.06.14,18:45,19:00,Olympia,23,34,57
2026.06.14,19:00,19:15,Olympia,18,25,43
2026.06.14,19:15,19:30,Olympia,24,22,46
2026.06.14,19:30,19:45,Olympia,15,29,44
2026.06.14,19:45,20:00,Olympia,17,18,35
2026.06.14,20:00,20:15,Olympia,28,22,50
2026.06.14,20:15,20:30,Olympia,13,25,38
2026.06.14,20:30,20:45,Olympia,15,12,27
2026.06.14,20:45,21:00,Olympia,8,9,17
2026.06.14,21:00,21:15,Olympia,8,64,72
2026.06.14,21:15,21:30,Olympia,23,43,66
2026.06.14,21:30,21:45,Olympia,18,18,36
2026.06.14,21:45,22:00,Olympia,20,14,34
2026.06.14,22:00,22:15,Olympia,4,17,21
2026.06.14,22:15,22:30,Olympia,9,6,15
2026.06.14,22:30,22:45,Olympia,4,9,13
2026.06.14,22:45,23:00,Olympia,3,4,7
2026.06.14,23:00,23:15,Olympia,6,8,14
2026.06.14,23:15,23:30,Olympia,1,3,4
2026.06.14,23:30,23:45,Olympia,2,3,5
2026.06.14,23:45,00:00,Olympia,2,3,5
2026.06.15,00:00,00:15,Olympia,2,1,3
2026.06.15,00:15,00:30,Olympia,4,2,6
2026.06.15,00:30,00:45,Olympia,2,1,3
2026.06.15,00:45,01:00,Olympia,0,1,1
2026.06.15,01:00,01:15,Olympia,1,1,2
2026.06.15,01:15,01:30,Olympia,1,0,1
2026.06.15,01:30,01:45,Olympia,0,0,0
2026.06.15,01:45,02:00,Olympia,0,1,1
2026.06.15,02:00,02:15,Olympia,0,0,0
2026.06.15,02:15,02:30,Olympia,0,0,0
2026.06.15,02:30,02:45,Olympia,0,0,0
2026.06.15,02:45,03:00,Olympia,0,0,0
2026.06.15,03:00,03:15,Olympia,0,0,0
2026.06.15,03:15,03:30,Olympia,0,3,3
2026.06.15,03:30,03:45,Olympia,0,0,0
2026.06.15,03:45,04:00,Olympia,1,1,2
2026.06.15,04:00,04:15,Olympia,0,1,1
2026.06.15,04:15,04:30,Olympia,0,1,1
2026.06.15,04:30,04:45,Olympia,0,0,0
2026.06.15,04:45,05:00,Olympia,2,0,2
2026.06.15,05:00,05:15,Olympia,1,1,2
2026.06.15,05:15,05:30,Olympia,3,3,6
2026.06.15,05:30,05:45,Olympia,2,6,8
2026.06.15,05:45,06:00,Olympia,9,6,15
2026.06.15,06:00,06:15,Olympia,9,4,13
2026.06.15,06:15,06:30,Olympia,11,4,15
2026.06.15,06:30,06:45,Olympia,12,10,22
2026.06.15,06:45,07:00,Olympia,25,14,39
2026.06.15,07:00,07:15,Olympia,26,16,42
2026.06.15,07:15,07:30,Olympia,26,28,54
2026.06.15,07:30,07:45,Olympia,41,50,91
2026.06.15,07:45,08:00,Olympia,52,52,104
2026.06.15,08:00,08:15,Olympia,52,42,94
2026.06.15,08:15,08:30,Olympia,55,45,100
2026.06.15,08:30,08:45,Olympia,45,37,82
2026.06.15,08:45,09:00,Olympia,43,33,76
2026.06.15,09:00,09:15,Olympia,15,35,50
2026.06.15,09:15,09:30,Olympia,24,24,48
2026.06.15,09:30,09:45,Olympia,12,22,34
2026.06.15,09:45,10:00,Olympia,18,17,35
2026.06.15,10:00,10:15,Olympia,27,22,49
2026.06.15,10:15,10:30,Olympia,12,17,29
2026.06.15,10:30,10:45,Olympia,11,11,22
2026.06.15,10:45,11:00,Olympia,20,14,34
2026.06.15,11:00,11:15,Olympia,10,9,19
2026.06.15,11:15,11:30,Olympia,9,18,27
2026.06.15,11:30,11:45,Olympia,22,14,36
2026.06.15,11:45,12:00,Olympia,13,12,25
2026.06.15,12:00,12:15,Olympia,16,18,34
2026.06.15,12:15,12:30,Olympia,22,15,37
2026.06.15,12:30,12:45,Olympia,21,12,33
2026.06.15,12:45,13:00,Olympia,33,13,46
2026.06.15,13:00,13:15,Olympia,18,18,36
2026.06.15,13:15,13:30,Olympia,27,20,47
2026.06.15,13:30,13:45,Olympia,16,20,36
2026.06.15,13:45,14:00,Olympia,24,22,46
2026.06.15,14:00,14:15,Olympia,26,20,46
2026.06.15,14:15,14:30,Olympia,20,25,45
2026.06.15,14:30,14:45,Olympia,31,27,58
2026.06.15,14:45,15:00,Olympia,32,20,52
2026.06.15,15:00,15:15,Olympia,28,27,55
2026.06.15,15:15,15:30,Olympia,29,36,65
2026.06.15,15:30,15:45,Olympia,49,23,72
2026.06.15,15:45,16:00,Olympia,48,47,95
2026.06.15,16:00,16:15,Olympia,32,30,62
2026.06.15,16:15,16:30,Olympia,41,58,99
2026.06.15,16:30,16:45,Olympia,51,38,89
2026.06.15,16:45,17:00,Olympia,74,44,118
2026.06.15,17:00,17:15,Olympia,55,46,101
2026.06.15,17:15,17:30,Olympia,50,57,107
2026.06.15,17:30,17:45,Olympia,62,60,122
2026.06.15,17:45,18:00,Olympia,71,53,124
2026.06.15,18:00,18:15,Olympia,70,72,142
2026.06.15,18:15,18:30,Olympia,100,71,171
2026.06.15,18:30,18:45,Olympia,76,65,141
2026.06.15,18:45,19:00,Olympia,88,63,151
2026.06.15,19:00,19:15,Olympia,58,56,114
2026.06.15,19:15,19:30,Olympia,54,49,103
2026.06.15,19:30,19:45,Olympia,52,70,122
2026.06.15,19:45,20:00,Olympia,58,61,119
2026.06.15,20:00,20:15,Olympia,40,88,128
2026.06.15,20:15,20:30,Olympia,39,55,94
2026.06.15,20:30,20:45,Olympia,31,51,82
2026.06.15,20:45,21:00,Olympia,35,54,89
2026.06.15,21:00,21:15,Olympia,18,38,56
2026.06.15,21:15,21:30,Olympia,22,41,63
2026.06.15,21:30,21:45,Olympia,14,35,49
2026.06.15,21:45,22:00,Olympia,10,42,52
2026.06.15,22:00,22:15,Olympia,8,24,32
2026.06.15,22:15,22:30,Olympia,10,19,29
2026.06.15,22:30,22:45,Olympia,5,26,31
2026.06.15,22:45,23:00,Olympia,7,9,16
2026.06.15,23:00,23:15,Olympia,4,10,14
2026.06.15,23:15,23:30,Olympia,4,12,16
2026.06.15,23:30,23:45,Olympia,5,13,18
2026.06.15,23:45,00:00,Olympia,5,4,9
2026.06.16,00:00,00:15,Olympia,4,3,7
2026.06.16,00:15,00:30,Olympia,1,0,1
2026.06.16,00:30,00:45,Olympia,1,0,1
2026.06.16,00:45,01:00,Olympia,3,4,7
2026.06.16,01:00,01:15,Olympia,1,0,1
2026.06.16,01:15,01:30,Olympia,0,0,0
2026.06.16,01:30,01:45,Olympia,1,0,1
2026.06.16,01:45,02:00,Olympia,1,1,2
2026.06.16,02:00,02:15,Olympia,0,0,0
2026.06.16,02:15,02:30,Olympia,0,1,1
2026.06.16,02:30,02:45,Olympia,0,0,0
2026.06.16,02:45,03:00,Olympia,1,0,1
2026.06.16,03:00,03:15,Olympia,0,2,2
2026.06.16,03:15,03:30,Olympia,0,0,0
2026.06.16,03:30,03:45,Olympia,1,0,1
2026.06.16,03:45,04:00,Olympia,0,0,0
2026.06.16,04:00,04:15,Olympia,0,1,1
2026.06.16,04:15,04:30,Olympia,0,1,1
2026.06.16,04:30,04:45,Olympia,1,1,2
2026.06.16,04:45,05:00,Olympia,1,0,1
2026.06.16,05:00,05:15,Olympia,3,5,8
2026.06.16,05:15,05:30,Olympia,3,2,5
2026.06.16,05:30,05:45,Olympia,8,6,14
2026.06.16,05:45,06:00,Olympia,6,4,10
2026.06.16,06:00,06:15,Olympia,9,3,12
2026.06.16,06:15,06:30,Olympia,8,4,12
2026.06.16,06:30,06:45,Olympia,12,6,18
2026.06.16,06:45,07:00,Olympia,24,13,37
2026.06.16,07:00,07:15,Olympia,26,24,50
2026.06.16,07:15,07:30,Olympia,42,27,69
2026.06.16,07:30,07:45,Olympia,38,39,77
2026.06.16,07:45,08:00,Olympia,56,49,105
2026.06.16,08:00,08:15,Olympia,59,57,116
2026.06.16,08:15,08:30,Olympia,60,36,96
2026.06.16,08:30,08:45,Olympia,46,47,93
2026.06.16,08:45,09:00,Olympia,48,44,92
2026.06.16,09:00,09:15,Olympia,24,34,58
2026.06.16,09:15,09:30,Olympia,34,22,56
2026.06.16,09:30,09:45,Olympia,20,33,53
2026.06.16,09:45,10:00,Olympia,29,14,43
2026.06.16,10:00,10:15,Olympia,10,16,26
2026.06.16,10:15,10:30,Olympia,16,13,29
2026.06.16,10:30,10:45,Olympia,9,18,27
2026.06.16,10:45,11:00,Olympia,13,21,34
2026.06.16,11:00,11:15,Olympia,12,15,27
2026.06.16,11:15,11:30,Olympia,13,23,36
2026.06.16,11:30,11:45,Olympia,13,21,34
2026.06.16,11:45,12:00,Olympia,14,15,29
2026.06.16,12:00,12:15,Olympia,16,15,31
2026.06.16,12:15,12:30,Olympia,13,17,30
2026.06.16,12:30,12:45,Olympia,18,21,39
2026.06.16,12:45,13:00,Olympia,14,23,37
2026.06.16,13:00,13:15,Olympia,23,18,41
2026.06.16,13:15,13:30,Olympia,18,25,43
2026.06.16,13:30,13:45,Olympia,21,11,32
2026.06.16,13:45,14:00,Olympia,19,57,76
2026.06.16,14:00,14:15,Olympia,15,32,47
2026.06.16,14:15,14:30,Olympia,20,24,44
2026.06.16,14:30,14:45,Olympia,20,25,45
2026.06.16,14:45,15:00,Olympia,17,27,44
2026.06.16,15:00,15:15,Olympia,19,27,46
2026.06.16,15:15,15:30,Olympia,37,25,62
2026.06.16,15:30,15:45,Olympia,31,22,53
2026.06.16,15:45,16:00,Olympia,44,43,87
2026.06.16,16:00,16:15,Olympia,26,41,67
2026.06.16,16:15,16:30,Olympia,41,33,74
2026.06.16,16:30,16:45,Olympia,56,31,87
2026.06.16,16:45,17:00,Olympia,76,45,121
2026.06.16,17:00,17:15,Olympia,51,49,100
2026.06.16,17:15,17:30,Olympia,47,45,92
2026.06.16,17:30,17:45,Olympia,59,43,102
2026.06.16,17:45,18:00,Olympia,91,45,136
2026.06.16,18:00,18:15,Olympia,70,62,132
2026.06.16,18:15,18:30,Olympia,85,59,144
2026.06.16,18:30,18:45,Olympia,72,50,122
2026.06.16,18:45,19:00,Olympia,56,45,101
2026.06.16,19:00,19:15,Olympia,26,56,82
2026.06.16,19:15,19:30,Olympia,34,46,80
2026.06.16,19:30,19:45,Olympia,30,33,63
2026.06.16,19:45,20:00,Olympia,51,49,100
2026.06.16,20:00,20:15,Olympia,31,46,77
2026.06.16,20:15,20:30,Olympia,24,42,66
2026.06.16,20:30,20:45,Olympia,16,41,57
2026.06.16,20:45,21:00,Olympia,23,27,50
2026.06.16,21:00,21:15,Olympia,31,36,67
2026.06.16,21:15,21:30,Olympia,25,57,82
2026.06.16,21:30,21:45,Olympia,12,45,57
2026.06.16,21:45,22:00,Olympia,7,28,35
2026.06.16,22:00,22:15,Olympia,5,9,14
2026.06.16,22:15,22:30,Olympia,10,11,21
2026.06.16,22:30,22:45,Olympia,6,14,20
2026.06.16,22:45,23:00,Olympia,8,11,19
2026.06.16,23:00,23:15,Olympia,2,13,15
2026.06.16,23:15,23:30,Olympia,0,6,6
2026.06.16,23:30,23:45,Olympia,3,2,5
2026.06.16,23:45,00:00,Olympia,6,4,10
2026.06.17,00:00,00:15,Olympia,4,4,8
2026.06.17,00:15,00:30,Olympia,1,3,4
2026.06.17,00:30,00:45,Olympia,0,1,1
2026.06.17,00:45,01:00,Olympia,2,2,4
2026.06.17,01:00,01:15,Olympia,1,1,2
2026.06.17,01:15,01:30,Olympia,1,0,1
2026.06.17,01:30,01:45,Olympia,0,0,0
2026.06.17,01:45,02:00,Olympia,0,2,2
2026.06.17,02:00,02:15,Olympia,0,0,0
2026.06.17,02:15,02:30,Olympia,0,0,0
2026.06.17,02:30,02:45,Olympia,0,0,0
2026.06.17,02:45,03:00,Olympia,0,0,0
2026.06.17,03:00,03:15,Olympia,0,0,0
2026.06.17,03:15,03:30,Olympia,1,0,1
2026.06.17,03:30,03:45,Olympia,0,2,2
2026.06.17,03:45,04:00,Olympia,1,0,1
2026.06.17,04:00,04:15,Olympia,0,1,1
2026.06.17,04:15,04:30,Olympia,0,0,0
2026.06.17,04:30,04:45,Olympia,0,0,0
2026.06.17,04:45,05:00,Olympia,3,0,3
2026.06.17,05:00,05:15,Olympia,5,0,5
2026.06.17,05:15,05:30,Olympia,4,1,5
2026.06.17,05:30,05:45,Olympia,7,8,15
2026.06.17,05:45,06:00,Olympia,7,3,10
2026.06.17,06:00,06:15,Olympia,9,3,12
2026.06.17,06:15,06:30,Olympia,6,4,10
2026.06.17,06:30,06:45,Olympia,18,6,24
2026.06.17,06:45,07:00,Olympia,20,13,33
2026.06.17,07:00,07:15,Olympia,33,25,58
2026.06.17,07:15,07:30,Olympia,31,29,60
2026.06.17,07:30,07:45,Olympia,43,50,93
2026.06.17,07:45,08:00,Olympia,44,42,86
2026.06.17,08:00,08:15,Olympia,57,53,110
2026.06.17,08:15,08:30,Olympia,48,51,99
2026.06.17,08:30,08:45,Olympia,53,44,97
2026.06.17,08:45,09:00,Olympia,58,54,112
2026.06.17,09:00,09:15,Olympia,45,32,77
2026.06.17,09:15,09:30,Olympia,22,31,53
2026.06.17,09:30,09:45,Olympia,16,23,39
2026.06.17,09:45,10:00,Olympia,23,26,49
2026.06.17,10:00,10:15,Olympia,24,15,39
2026.06.17,10:15,10:30,Olympia,16,14,30
2026.06.17,10:30,10:45,Olympia,23,19,42
2026.06.17,10:45,11:00,Olympia,16,16,32
2026.06.17,11:00,11:15,Olympia,10,12,22
2026.06.17,11:15,11:30,Olympia,24,24,48
2026.06.17,11:30,11:45,Olympia,17,23,40
2026.06.17,11:45,12:00,Olympia,29,26,55
2026.06.17,12:00,12:15,Olympia,23,17,40
2026.06.17,12:15,12:30,Olympia,25,28,53
2026.06.17,12:30,12:45,Olympia,13,17,30
2026.06.17,12:45,13:00,Olympia,15,16,31
2026.06.17,13:00,13:15,Olympia,24,19,43
2026.06.17,13:15,13:30,Olympia,19,28,47
2026.06.17,13:30,13:45,Olympia,20,26,46
2026.06.17,13:45,14:00,Olympia,17,29,46
2026.06.17,14:00,14:15,Olympia,20,18,38
2026.06.17,14:15,14:30,Olympia,27,25,52
2026.06.17,14:30,14:45,Olympia,17,24,41
2026.06.17,14:45,15:00,Olympia,41,18,59
2026.06.17,15:00,15:15,Olympia,38,33,71
2026.06.17,15:15,15:30,Olympia,35,32,67
2026.06.17,15:30,15:45,Olympia,33,36,69
2026.06.17,15:45,16:00,Olympia,32,45,77
2026.06.17,16:00,16:15,Olympia,28,44,72
2026.06.17,16:15,16:30,Olympia,59,52,111
2026.06.17,16:30,16:45,Olympia,67,26,93
2026.06.17,16:45,17:00,Olympia,56,31,87
2026.06.17,17:00,17:15,Olympia,54,42,96
2026.06.17,17:15,17:30,Olympia,58,60,118
2026.06.17,17:30,17:45,Olympia,47,74,121
2026.06.17,17:45,18:00,Olympia,76,67,143
2026.06.17,18:00,18:15,Olympia,81,63,144
2026.06.17,18:15,18:30,Olympia,88,53,141
2026.06.17,18:30,18:45,Olympia,58,66,124
2026.06.17,18:45,19:00,Olympia,70,78,148
2026.06.17,19:00,19:15,Olympia,51,34,85
2026.06.17,19:15,19:30,Olympia,43,67,110
2026.06.17,19:30,19:45,Olympia,38,44,82
2026.06.17,19:45,20:00,Olympia,50,41,91
2026.06.17,20:00,20:15,Olympia,34,49,83
2026.06.17,20:15,20:30,Olympia,29,57,86
2026.06.17,20:30,20:45,Olympia,33,37,70
2026.06.17,20:45,21:00,Olympia,29,39,68
2026.06.17,21:00,21:15,Olympia,39,51,90
2026.06.17,21:15,21:30,Olympia,34,61,95
2026.06.17,21:30,21:45,Olympia,26,61,87
2026.06.17,21:45,22:00,Olympia,21,58,79
2026.06.17,22:00,22:15,Olympia,10,29,39
2026.06.17,22:15,22:30,Olympia,16,30,46
2026.06.17,22:30,22:45,Olympia,3,16,19
2026.06.17,22:45,23:00,Olympia,5,19,24
2026.06.17,23:00,23:15,Olympia,7,8,15
2026.06.17,23:15,23:30,Olympia,10,6,16
2026.06.17,23:30,23:45,Olympia,2,14,16
2026.06.17,23:45,00:00,Olympia,5,12,17
2026.06.18,00:00,00:15,Olympia,7,7,14
2026.06.18,00:15,00:30,Olympia,2,3,5
2026.06.18,00:30,00:45,Olympia,3,2,5
2026.06.18,00:45,01:00,Olympia,1,4,5
2026.06.18,01:00,01:15,Olympia,1,3,4
2026.06.18,01:15,01:30,Olympia,2,0,2
2026.06.18,01:30,01:45,Olympia,2,1,3
2026.06.18,01:45,02:00,Olympia,2,0,2
2026.06.18,02:00,02:15,Olympia,1,1,2
2026.06.18,02:15,02:30,Olympia,0,0,0
2026.06.18,02:30,02:45,Olympia,0,0,0
2026.06.18,02:45,03:00,Olympia,3,0,3
2026.06.18,03:00,03:15,Olympia,0,0,0
2026.06.18,03:15,03:30,Olympia,1,0,1
2026.06.18,03:30,03:45,Olympia,0,0,0
2026.06.18,03:45,04:00,Olympia,0,0,0
2026.06.18,04:00,04:15,Olympia,0,0,0
2026.06.18,04:15,04:30,Olympia,0,2,2
2026.06.18,04:30,04:45,Olympia,0,0,0
2026.06.18,04:45,05:00,Olympia,5,0,5
2026.06.18,05:00,05:15,Olympia,3,0,3
2026.06.18,05:15,05:30,Olympia,3,3,6
2026.06.18,05:30,05:45,Olympia,5,8,13
2026.06.18,05:45,06:00,Olympia,8,1,9
2026.06.18,06:00,06:15,Olympia,8,7,15
2026.06.18,06:15,06:30,Olympia,10,4,14
2026.06.18,06:30,06:45,Olympia,23,13,36
2026.06.18,06:45,07:00,Olympia,31,15,46
2026.06.18,07:00,07:15,Olympia,23,27,50
2026.06.18,07:15,07:30,Olympia,39,26,65
2026.06.18,07:30,07:45,Olympia,46,26,72
2026.06.18,07:45,08:00,Olympia,53,55,108
2026.06.18,08:00,08:15,Olympia,56,44,100
2026.06.18,08:15,08:30,Olympia,60,44,104
2026.06.18,08:30,08:45,Olympia,51,38,89
2026.06.18,08:45,09:00,Olympia,48,35,83
2026.06.18,09:00,09:15,Olympia,33,22,55
2026.06.18,09:15,09:30,Olympia,28,24,52
2026.06.18,09:30,09:45,Olympia,20,23,43
2026.06.18,09:45,10:00,Olympia,16,23,39
2026.06.18,10:00,10:15,Olympia,15,16,31
2026.06.18,10:15,10:30,Olympia,23,12,35
2026.06.18,10:30,10:45,Olympia,16,22,38
2026.06.18,10:45,11:00,Olympia,18,24,42
2026.06.18,11:00,11:15,Olympia,21,14,35
2026.06.18,11:15,11:30,Olympia,11,12,23
2026.06.18,11:30,11:45,Olympia,9,16,25
2026.06.18,11:45,12:00,Olympia,17,17,34
2026.06.18,12:00,12:15,Olympia,27,25,52
2026.06.18,12:15,12:30,Olympia,35,23,58
2026.06.18,12:30,12:45,Olympia,20,20,40
2026.06.18,12:45,13:00,Olympia,22,22,44
2026.06.18,13:00,13:15,Olympia,16,21,37
2026.06.18,13:15,13:30,Olympia,24,30,54
2026.06.18,13:30,13:45,Olympia,18,23,41
2026.06.18,13:45,14:00,Olympia,27,21,48
2026.06.18,14:00,14:15,Olympia,22,23,45
2026.06.18,14:15,14:30,Olympia,27,26,53
2026.06.18,14:30,14:45,Olympia,22,21,43
2026.06.18,14:45,15:00,Olympia,35,26,61
2026.06.18,15:00,15:15,Olympia,31,24,55
2026.06.18,15:15,15:30,Olympia,24,33,57
2026.06.18,15:30,15:45,Olympia,24,30,54
2026.06.18,15:45,16:00,Olympia,51,40,91
2026.06.18,16:00,16:15,Olympia,16,38,54
2026.06.18,16:15,16:30,Olympia,47,46,93
2026.06.18,16:30,16:45,Olympia,45,28,73
2026.06.18,16:45,17:00,Olympia,62,62,124
2026.06.18,17:00,17:15,Olympia,62,50,112
2026.06.18,17:15,17:30,Olympia,54,58,112
2026.06.18,17:30,17:45,Olympia,58,62,120
2026.06.18,17:45,18:00,Olympia,83,56,139
2026.06.18,18:00,18:15,Olympia,60,54,114
2026.06.18,18:15,18:30,Olympia,101,62,163
2026.06.18,18:30,18:45,Olympia,91,49,140
2026.06.18,18:45,19:00,Olympia,73,60,133
2026.06.18,19:00,19:15,Olympia,56,60,116
2026.06.18,19:15,19:30,Olympia,51,49,100
2026.06.18,19:30,19:45,Olympia,42,43,85
2026.06.18,19:45,20:00,Olympia,51,54,105
2026.06.18,20:00,20:15,Olympia,35,56,91
2026.06.18,20:15,20:30,Olympia,38,92,130
2026.06.18,20:30,20:45,Olympia,38,47,85
2026.06.18,20:45,21:00,Olympia,42,38,80
2026.06.18,21:00,21:15,Olympia,33,45,78
2026.06.18,21:15,21:30,Olympia,19,53,72
2026.06.18,21:30,21:45,Olympia,18,56,74
2026.06.18,21:45,22:00,Olympia,23,29,52
2026.06.18,22:00,22:15,Olympia,13,32,45
2026.06.18,22:15,22:30,Olympia,10,20,30
2026.06.18,22:30,22:45,Olympia,8,22,30
2026.06.18,22:45,23:00,Olympia,18,26,44
2026.06.18,23:00,23:15,Olympia,9,21,30
2026.06.18,23:15,23:30,Olympia,14,9,23
2026.06.18,23:30,23:45,Olympia,4,4,8
2026.06.18,23:45,00:00,Olympia,2,5,7
2026.06.19,00:00,00:15,Olympia,10,6,16
2026.06.19,00:15,00:30,Olympia,6,12,18
2026.06.19,00:30,00:45,Olympia,0,2,2
2026.06.19,00:45,01:00,Olympia,9,0,9
2026.06.19,01:00,01:15,Olympia,0,3,3
2026.06.19,01:15,01:30,Olympia,0,1,1
2026.06.19,01:30,01:45,Olympia,1,2,3
2026.06.19,01:45,02:00,Olympia,0,1,1
2026.06.19,02:00,02:15,Olympia,3,5,8
2026.06.19,02:15,02:30,Olympia,0,1,1
2026.06.19,02:30,02:45,Olympia,2,0,2
2026.06.19,02:45,03:00,Olympia,1,1,2
2026.06.19,03:00,03:15,Olympia,0,0,0
2026.06.19,03:15,03:30,Olympia,0,1,1
2026.06.19,03:30,03:45,Olympia,0,2,2
2026.06.19,03:45,04:00,Olympia,1,2,3
2026.06.19,04:00,04:15,Olympia,0,0,0
2026.06.19,04:15,04:30,Olympia,0,1,1
2026.06.19,04:30,04:45,Olympia,0,0,0
2026.06.19,04:45,05:00,Olympia,4,0,4
2026.06.19,05:00,05:15,Olympia,4,0,4
2026.06.19,05:15,05:30,Olympia,3,0,3
2026.06.19,05:30,05:45,Olympia,4,5,9
2026.06.19,05:45,06:00,Olympia,3,5,8
2026.06.19,06:00,06:15,Olympia,6,4,10
2026.06.19,06:15,06:30,Olympia,8,1,9
2026.06.19,06:30,06:45,Olympia,12,7,19
2026.06.19,06:45,07:00,Olympia,20,11,31
2026.06.19,07:00,07:15,Olympia,20,20,40
2026.06.19,07:15,07:30,Olympia,18,23,41
2026.06.19,07:30,07:45,Olympia,29,40,69
2026.06.19,07:45,08:00,Olympia,50,40,90
2026.06.19,08:00,08:15,Olympia,40,36,76
2026.06.19,08:15,08:30,Olympia,41,27,68
2026.06.19,08:30,08:45,Olympia,34,37,71
2026.06.19,08:45,09:00,Olympia,35,23,58
2026.06.19,09:00,09:15,Olympia,34,25,59
2026.06.19,09:15,09:30,Olympia,27,37,64
2026.06.19,09:30,09:45,Olympia,22,24,46
2026.06.19,09:45,10:00,Olympia,18,11,29
2026.06.19,10:00,10:15,Olympia,26,19,45
2026.06.19,10:15,10:30,Olympia,13,14,27
2026.06.19,10:30,10:45,Olympia,19,14,33
2026.06.19,10:45,11:00,Olympia,16,23,39
2026.06.19,11:00,11:15,Olympia,17,27,44
2026.06.19,11:15,11:30,Olympia,19,20,39
2026.06.19,11:30,11:45,Olympia,24,21,45
2026.06.19,11:45,12:00,Olympia,16,20,36
2026.06.19,12:00,12:15,Olympia,21,21,42
2026.06.19,12:15,12:30,Olympia,26,29,55
2026.06.19,12:30,12:45,Olympia,20,19,39
2026.06.19,12:45,13:00,Olympia,18,28,46
2026.06.19,13:00,13:15,Olympia,23,22,45
2026.06.19,13:15,13:30,Olympia,27,25,52
2026.06.19,13:30,13:45,Olympia,34,25,59
2026.06.19,13:45,14:00,Olympia,26,28,54
2026.06.19,14:00,14:15,Olympia,40,29,69
2026.06.19,14:15,14:30,Olympia,27,21,48
2026.06.19,14:30,14:45,Olympia,34,39,73
2026.06.19,14:45,15:00,Olympia,61,31,92
2026.06.19,15:00,15:15,Olympia,36,26,62
2026.06.19,15:15,15:30,Olympia,39,22,61
2026.06.19,15:30,15:45,Olympia,54,34,88
2026.06.19,15:45,16:00,Olympia,45,41,86
2026.06.19,16:00,16:15,Olympia,37,34,71
2026.06.19,16:15,16:30,Olympia,50,34,84
2026.06.19,16:30,16:45,Olympia,35,34,69
2026.06.19,16:45,17:00,Olympia,43,40,83
2026.06.19,17:00,17:15,Olympia,41,42,83
2026.06.19,17:15,17:30,Olympia,49,47,96
2026.06.19,17:30,17:45,Olympia,37,39,76
2026.06.19,17:45,18:00,Olympia,41,66,107
2026.06.19,18:00,18:15,Olympia,42,37,79
2026.06.19,18:15,18:30,Olympia,76,59,135
2026.06.19,18:30,18:45,Olympia,83,48,131
2026.06.19,18:45,19:00,Olympia,99,45,144
2026.06.19,19:00,19:15,Olympia,94,36,130
2026.06.19,19:15,19:30,Olympia,69,54,123
2026.06.19,19:30,19:45,Olympia,41,58,99
2026.06.19,19:45,20:00,Olympia,55,55,110
2026.06.19,20:00,20:15,Olympia,30,64,94
2026.06.19,20:15,20:30,Olympia,35,69,104
2026.06.19,20:30,20:45,Olympia,40,47,87
2026.06.19,20:45,21:00,Olympia,35,37,72
2026.06.19,21:00,21:15,Olympia,31,39,70
2026.06.19,21:15,21:30,Olympia,28,49,77
2026.06.19,21:30,21:45,Olympia,24,34,58
2026.06.19,21:45,22:00,Olympia,23,120,143
2026.06.19,22:00,22:15,Olympia,17,104,121
2026.06.19,22:15,22:30,Olympia,15,30,45
2026.06.19,22:30,22:45,Olympia,18,25,43
2026.06.19,22:45,23:00,Olympia,25,19,44
2026.06.19,23:00,23:15,Olympia,16,16,32
2026.06.19,23:15,23:30,Olympia,21,10,31
2026.06.19,23:30,23:45,Olympia,18,16,34
2026.06.19,23:45,00:00,Olympia,12,12,24
2026.06.20,00:00,00:15,Olympia,12,19,31
2026.06.20,00:15,00:30,Olympia,18,8,26
2026.06.20,00:30,00:45,Olympia,5,5,10
2026.06.20,00:45,01:00,Olympia,6,4,10
2026.06.20,01:00,01:15,Olympia,4,0,4
2026.06.20,01:15,01:30,Olympia,5,2,7
2026.06.20,01:30,01:45,Olympia,4,1,5
2026.06.20,01:45,02:00,Olympia,5,0,5
2026.06.20,02:00,02:15,Olympia,1,4,5
2026.06.20,02:15,02:30,Olympia,1,0,1
2026.06.20,02:30,02:45,Olympia,4,7,11
2026.06.20,02:45,03:00,Olympia,2,2,4
2026.06.20,03:00,03:15,Olympia,0,7,7
2026.06.20,03:15,03:30,Olympia,0,0,0
2026.06.20,03:30,03:45,Olympia,1,0,1
2026.06.20,03:45,04:00,Olympia,2,0,2
2026.06.20,04:00,04:15,Olympia,4,0,4
2026.06.20,04:15,04:30,Olympia,0,1,1
2026.06.20,04:30,04:45,Olympia,0,0,0
2026.06.20,04:45,05:00,Olympia,2,0,2
2026.06.20,05:00,05:15,Olympia,2,3,5
2026.06.20,05:15,05:30,Olympia,0,0,0
2026.06.20,05:30,05:45,Olympia,3,2,5
2026.06.20,05:45,06:00,Olympia,4,2,6
2026.06.20,06:00,06:15,Olympia,2,0,2
2026.06.20,06:15,06:30,Olympia,1,4,5
2026.06.20,06:30,06:45,Olympia,3,1,4
2026.06.20,06:45,07:00,Olympia,6,3,9
2026.06.20,07:00,07:15,Olympia,4,6,10
2026.06.20,07:15,07:30,Olympia,5,5,10
2026.06.20,07:30,07:45,Olympia,11,6,17
2026.06.20,07:45,08:00,Olympia,11,3,14
2026.06.20,08:00,08:15,Olympia,10,7,17
2026.06.20,08:15,08:30,Olympia,14,7,21
2026.06.20,08:30,08:45,Olympia,13,7,20
2026.06.20,08:45,09:00,Olympia,31,16,47
2026.06.20,09:00,09:15,Olympia,19,14,33
2026.06.20,09:15,09:30,Olympia,23,28,51
2026.06.20,09:30,09:45,Olympia,30,25,55
2026.06.20,09:45,10:00,Olympia,30,18,48
2026.06.20,10:00,10:15,Olympia,32,12,44
2026.06.20,10:15,10:30,Olympia,30,23,53
2026.06.20,10:30,10:45,Olympia,19,29,48
2026.06.20,10:45,11:00,Olympia,24,28,52
2026.06.20,11:00,11:15,Olympia,15,23,38
2026.06.20,11:15,11:30,Olympia,23,37,60
2026.06.20,11:30,11:45,Olympia,34,32,66
2026.06.20,11:45,12:00,Olympia,39,22,61
2026.06.20,12:00,12:15,Olympia,31,34,65
2026.06.20,12:15,12:30,Olympia,16,36,52
2026.06.20,12:30,12:45,Olympia,26,25,51
2026.06.20,12:45,13:00,Olympia,28,34,62
2026.06.20,13:00,13:15,Olympia,29,26,55
2026.06.20,13:15,13:30,Olympia,30,20,50
2026.06.20,13:30,13:45,Olympia,33,25,58
2026.06.20,13:45,14:00,Olympia,46,33,79
2026.06.20,14:00,14:15,Olympia,29,24,53
2026.06.20,14:15,14:30,Olympia,45,24,69
2026.06.20,14:30,14:45,Olympia,34,18,52
2026.06.20,14:45,15:00,Olympia,31,32,63
2026.06.20,15:00,15:15,Olympia,32,24,56
2026.06.20,15:15,15:30,Olympia,18,24,42
2026.06.20,15:30,15:45,Olympia,27,26,53
2026.06.20,15:45,16:00,Olympia,26,22,48
2026.06.20,16:00,16:15,Olympia,23,23,46
2026.06.20,16:15,16:30,Olympia,36,26,62
2026.06.20,16:30,16:45,Olympia,36,23,59
2026.06.20,16:45,17:00,Olympia,37,34,71
2026.06.20,17:00,17:15,Olympia,23,27,50
2026.06.20,17:15,17:30,Olympia,34,38,72
2026.06.20,17:30,17:45,Olympia,36,49,85
2026.06.20,17:45,18:00,Olympia,45,48,93
2026.06.20,18:00,18:15,Olympia,18,32,50
2026.06.20,18:15,18:30,Olympia,31,46,77
2026.06.20,18:30,18:45,Olympia,12,46,58
2026.06.20,18:45,19:00,Olympia,36,33,69
2026.06.20,19:00,19:15,Olympia,19,43,62
2026.06.20,19:15,19:30,Olympia,27,28,55
2026.06.20,19:30,19:45,Olympia,34,38,72
2026.06.20,19:45,20:00,Olympia,19,37,56
2026.06.20,20:00,20:15,Olympia,29,35,64
2026.06.20,20:15,20:30,Olympia,31,40,71
2026.06.20,20:30,20:45,Olympia,43,34,77
2026.06.20,20:45,21:00,Olympia,49,32,81
2026.06.20,21:00,21:15,Olympia,45,40,85
2026.06.20,21:15,21:30,Olympia,44,56,100
2026.06.20,21:30,21:45,Olympia,29,32,61
2026.06.20,21:45,22:00,Olympia,34,31,65
2026.06.20,22:00,22:15,Olympia,32,38,70
2026.06.20,22:15,22:30,Olympia,15,27,42
2026.06.20,22:30,22:45,Olympia,13,13,26
2026.06.20,22:45,23:00,Olympia,26,15,41
2026.06.20,23:00,23:15,Olympia,13,13,26
2026.06.20,23:15,23:30,Olympia,13,6,19
2026.06.20,23:30,23:45,Olympia,7,2,9
2026.06.20,23:45,00:00,Olympia,12,5,17
2026.06.21,00:00,00:15,Olympia,32,11,43
2026.06.21,00:15,00:30,Olympia,23,54,77
2026.06.21,00:30,00:45,Olympia,20,30,50
2026.06.21,00:45,01:00,Olympia,8,9,17
2026.06.21,01:00,01:15,Olympia,10,4,14
2026.06.21,01:15,01:30,Olympia,2,11,13
2026.06.21,01:30,01:45,Olympia,6,3,9
2026.06.21,01:45,02:00,Olympia,3,4,7
2026.06.21,02:00,02:15,Olympia,3,1,4
2026.06.21,02:15,02:30,Olympia,2,0,2
2026.06.21,02:30,02:45,Olympia,2,3,5
2026.06.21,02:45,03:00,Olympia,1,2,3
2026.06.21,03:00,03:15,Olympia,3,0,3
2026.06.21,03:15,03:30,Olympia,1,0,1
2026.06.21,03:30,03:45,Olympia,3,0,3
2026.06.21,03:45,04:00,Olympia,1,0,1
2026.06.21,04:00,04:15,Olympia,1,1,2
2026.06.21,04:15,04:30,Olympia,1,2,3
2026.06.21,04:30,04:45,Olympia,0,0,0
2026.06.21,04:45,05:00,Olympia,1,0,1
2026.06.21,05:00,05:15,Olympia,0,2,2
2026.06.21,05:15,05:30,Olympia,1,1,2
2026.06.21,05:30,05:45,Olympia,2,4,6
2026.06.21,05:45,06:00,Olympia,0,1,1
2026.06.21,06:00,06:15,Olympia,1,0,1
2026.06.21,06:15,06:30,Olympia,0,2,2
2026.06.21,06:30,06:45,Olympia,2,0,2
2026.06.21,06:45,07:00,Olympia,4,0,4
2026.06.21,07:00,07:15,Olympia,0,5,5
2026.06.21,07:15,07:30,Olympia,2,0,2
2026.06.21,07:30,07:45,Olympia,8,0,8
2026.06.21,07:45,08:00,Olympia,10,7,17
2026.06.21,08:00,08:15,Olympia,12,3,15
2026.06.21,08:15,08:30,Olympia,8,7,15
2026.06.21,08:30,08:45,Olympia,4,3,7
2026.06.21,08:45,09:00,Olympia,10,10,20
2026.06.21,09:00,09:15,Olympia,19,6,25
2026.06.21,09:15,09:30,Olympia,14,11,25
2026.06.21,09:30,09:45,Olympia,21,28,49
2026.06.21,09:45,10:00,Olympia,43,15,58
2026.06.21,10:00,10:15,Olympia,25,16,41
2026.06.21,10:15,10:30,Olympia,32,18,50
2026.06.21,10:30,10:45,Olympia,32,22,54
2026.06.21,10:45,11:00,Olympia,30,22,52
2026.06.21,11:00,11:15,Olympia,31,14,45
2026.06.21,11:15,11:30,Olympia,15,19,34
2026.06.21,11:30,11:45,Olympia,29,14,43
2026.06.21,11:45,12:00,Olympia,40,21,61
2026.06.21,12:00,12:15,Olympia,29,37,66
2026.06.21,12:15,12:30,Olympia,27,21,48
2026.06.21,12:30,12:45,Olympia,23,26,49
2026.06.21,12:45,13:00,Olympia,30,36,66
2026.06.21,13:00,13:15,Olympia,35,15,50
2026.06.21,13:15,13:30,Olympia,39,29,68
2026.06.21,13:30,13:45,Olympia,28,22,50
2026.06.21,13:45,14:00,Olympia,33,38,71
2026.06.21,14:00,14:15,Olympia,19,22,41
2026.06.21,14:15,14:30,Olympia,27,26,53
2026.06.21,14:30,14:45,Olympia,30,29,59
2026.06.21,14:45,15:00,Olympia,25,34,59
2026.06.21,15:00,15:15,Olympia,31,18,49
2026.06.21,15:15,15:30,Olympia,30,54,84
2026.06.21,15:30,15:45,Olympia,36,29,65
2026.06.21,15:45,16:00,Olympia,67,19,86
2026.06.21,16:00,16:15,Olympia,48,27,75
2026.06.21,16:15,16:30,Olympia,37,40,77
2026.06.21,16:30,16:45,Olympia,34,28,62
2026.06.21,16:45,17:00,Olympia,25,19,44
2026.06.21,17:00,17:15,Olympia,30,25,55
2026.06.21,17:15,17:30,Olympia,29,31,60
2026.06.21,17:30,17:45,Olympia,23,20,43
2026.06.21,17:45,18:00,Olympia,63,43,106
2026.06.21,18:00,18:15,Olympia,26,39,65
2026.06.21,18:15,18:30,Olympia,38,49,87
2026.06.21,18:30,18:45,Olympia,33,22,55
2026.06.21,18:45,19:00,Olympia,43,70,113
2026.06.21,19:00,19:15,Olympia,52,55,107
2026.06.21,19:15,19:30,Olympia,45,41,86
2026.06.21,19:30,19:45,Olympia,56,33,89
2026.06.21,19:45,20:00,Olympia,56,41,97
2026.06.21,20:00,20:15,Olympia,26,38,64
2026.06.21,20:15,20:30,Olympia,25,28,53
2026.06.21,20:30,20:45,Olympia,18,29,47
2026.06.21,20:45,21:00,Olympia,25,32,57
2026.06.21,21:00,21:15,Olympia,24,40,64
2026.06.21,21:15,21:30,Olympia,17,43,60
2026.06.21,21:30,21:45,Olympia,21,25,46
2026.06.21,21:45,22:00,Olympia,34,21,55
2026.06.21,22:00,22:15,Olympia,21,28,49
2026.06.21,22:15,22:30,Olympia,20,99,119
2026.06.21,22:30,22:45,Olympia,11,19,30
2026.06.21,22:45,23:00,Olympia,6,12,18
2026.06.21,23:00,23:15,Olympia,5,13,18
2026.06.21,23:15,23:30,Olympia,6,6,12
2026.06.21,23:30,23:45,Olympia,6,5,11
2026.06.21,23:45,00:00,Olympia,5,1,6
2026.06.22,00:00,00:15,Olympia,1,3,4
2026.06.22,00:15,00:30,Olympia,2,3,5
2026.06.22,00:30,00:45,Olympia,0,0,0
2026.06.22,00:45,01:00,Olympia,0,4,4
2026.06.22,01:00,01:15,Olympia,1,1,2
2026.06.22,01:15,01:30,Olympia,1,0,1
2026.06.22,01:30,01:45,Olympia,0,1,1
2026.06.22,01:45,02:00,Olympia,0,1,1
2026.06.22,02:00,02:15,Olympia,1,1,2
2026.06.22,02:15,02:30,Olympia,1,1,2
2026.06.22,02:30,02:45,Olympia,1,0,1
2026.06.22,02:45,03:00,Olympia,0,0,0
2026.06.22,03:00,03:15,Olympia,0,1,1
2026.06.22,03:15,03:30,Olympia,0,0,0
2026.06.22,03:30,03:45,Olympia,2,0,2
2026.06.22,03:45,04:00,Olympia,0,0,0
2026.06.22,04:00,04:15,Olympia,0,0,0
2026.06.22,04:15,04:30,Olympia,0,1,1
2026.06.22,04:30,04:45,Olympia,0,0,0
2026.06.22,04:45,05:00,Olympia,0,0,0
2026.06.22,05:00,05:15,Olympia,1,0,1
2026.06.22,05:15,05:30,Olympia,7,1,8
2026.06.22,05:30,05:45,Olympia,2,5,7
2026.06.22,05:45,06:00,Olympia,9,8,17
2026.06.22,06:00,06:15,Olympia,1,4,5
2026.06.22,06:15,06:30,Olympia,12,8,20
2026.06.22,06:30,06:45,Olympia,11,13,24
2026.06.22,06:45,07:00,Olympia,14,16,30
2026.06.22,07:00,07:15,Olympia,27,18,45
2026.06.22,07:15,07:30,Olympia,34,38,72
2026.06.22,07:30,07:45,Olympia,41,51,92
2026.06.22,07:45,08:00,Olympia,44,48,92
2026.06.22,08:00,08:15,Olympia,45,51,96
2026.06.22,08:15,08:30,Olympia,42,47,89
2026.06.22,08:30,08:45,Olympia,55,50,105
2026.06.22,08:45,09:00,Olympia,54,37,91
2026.06.22,09:00,09:15,Olympia,32,22,54
2026.06.22,09:15,09:30,Olympia,31,27,58
2026.06.22,09:30,09:45,Olympia,18,18,36
2026.06.22,09:45,10:00,Olympia,20,25,45
2026.06.22,10:00,10:15,Olympia,27,21,48
2026.06.22,10:15,10:30,Olympia,17,16,33
2026.06.22,10:30,10:45,Olympia,17,12,29
2026.06.22,10:45,11:00,Olympia,17,10,27
2026.06.22,11:00,11:15,Olympia,10,24,34
2026.06.22,11:15,11:30,Olympia,15,13,28
2026.06.22,11:30,11:45,Olympia,13,10,23
2026.06.22,11:45,12:00,Olympia,23,20,43
2026.06.22,12:00,12:15,Olympia,22,19,41
2026.06.22,12:15,12:30,Olympia,16,13,29
2026.06.22,12:30,12:45,Olympia,21,21,42
2026.06.22,12:45,13:00,Olympia,12,10,22
2026.06.22,13:00,13:15,Olympia,18,14,32
2026.06.22,13:15,13:30,Olympia,17,18,35
2026.06.22,13:30,13:45,Olympia,18,19,37
2026.06.22,13:45,14:00,Olympia,16,21,37
2026.06.22,14:00,14:15,Olympia,21,22,43
2026.06.22,14:15,14:30,Olympia,19,22,41
2026.06.22,14:30,14:45,Olympia,25,32,57
2026.06.22,14:45,15:00,Olympia,26,23,49
2026.06.22,15:00,15:15,Olympia,21,23,44
2026.06.22,15:15,15:30,Olympia,34,29,63
2026.06.22,15:30,15:45,Olympia,43,28,71
2026.06.22,15:45,16:00,Olympia,34,26,60
2026.06.22,16:00,16:15,Olympia,30,30,60
2026.06.22,16:15,16:30,Olympia,50,48,98
2026.06.22,16:30,16:45,Olympia,71,34,105
2026.06.22,16:45,17:00,Olympia,60,51,111
2026.06.22,17:00,17:15,Olympia,55,35,90
2026.06.22,17:15,17:30,Olympia,55,63,118
2026.06.22,17:30,17:45,Olympia,64,48,112
2026.06.22,17:45,18:00,Olympia,74,53,127
2026.06.22,18:00,18:15,Olympia,64,63,127
2026.06.22,18:15,18:30,Olympia,76,62,138
2026.06.22,18:30,18:45,Olympia,74,80,154
2026.06.22,18:45,19:00,Olympia,86,71,157
2026.06.22,19:00,19:15,Olympia,66,59,125
2026.06.22,19:15,19:30,Olympia,54,51,105
2026.06.22,19:30,19:45,Olympia,56,57,113
2026.06.22,19:45,20:00,Olympia,63,39,102
2026.06.22,20:00,20:15,Olympia,49,83,132
2026.06.22,20:15,20:30,Olympia,39,66,105
2026.06.22,20:30,20:45,Olympia,45,38,83
2026.06.22,20:45,21:00,Olympia,40,43,83
2026.06.22,21:00,21:15,Olympia,53,43,96
2026.06.22,21:15,21:30,Olympia,48,55,103
2026.06.22,21:30,21:45,Olympia,21,66,87
2026.06.22,21:45,22:00,Olympia,23,55,78
2026.06.22,22:00,22:15,Olympia,32,41,73
2026.06.22,22:15,22:30,Olympia,25,32,57
2026.06.22,22:30,22:45,Olympia,21,19,40
2026.06.22,22:45,23:00,Olympia,13,13,26
2026.06.22,23:00,23:15,Olympia,17,23,40
2026.06.22,23:15,23:30,Olympia,8,23,31
2026.06.22,23:30,23:45,Olympia,5,12,17
2026.06.22,23:45,00:00,Olympia,3,8,11
2026.06.23,00:00,00:15,Olympia,6,8,14
2026.06.23,00:15,00:30,Olympia,2,3,5
2026.06.23,00:30,00:45,Olympia,2,7,9
2026.06.23,00:45,01:00,Olympia,1,0,1
2026.06.23,01:00,01:15,Olympia,2,3,5
2026.06.23,01:15,01:30,Olympia,0,0,0
2026.06.23,01:30,01:45,Olympia,0,1,1
2026.06.23,01:45,02:00,Olympia,2,0,2
2026.06.23,02:00,02:15,Olympia,2,1,3
2026.06.23,02:15,02:30,Olympia,0,1,1
2026.06.23,02:30,02:45,Olympia,0,0,0
2026.06.23,02:45,03:00,Olympia,0,0,0
2026.06.23,03:00,03:15,Olympia,0,0,0
2026.06.23,03:15,03:30,Olympia,1,0,1
2026.06.23,03:30,03:45,Olympia,1,0,1
2026.06.23,03:45,04:00,Olympia,0,0,0
2026.06.23,04:00,04:15,Olympia,0,0,0
2026.06.23,04:15,04:30,Olympia,0,1,1
2026.06.23,04:30,04:45,Olympia,1,0,1
2026.06.23,04:45,05:00,Olympia,0,0,0
2026.06.23,05:00,05:15,Olympia,1,0,1
2026.06.23,05:15,05:30,Olympia,5,1,6
2026.06.23,05:30,05:45,Olympia,5,10,15
2026.06.23,05:45,06:00,Olympia,7,10,17
2026.06.23,06:00,06:15,Olympia,10,5,15
2026.06.23,06:15,06:30,Olympia,15,5,20
2026.06.23,06:30,06:45,Olympia,20,8,28
2026.06.23,06:45,07:00,Olympia,32,20,52
2026.06.23,07:00,07:15,Olympia,24,21,45
2026.06.23,07:15,07:30,Olympia,37,31,68
2026.06.23,07:30,07:45,Olympia,40,43,83
2026.06.23,07:45,08:00,Olympia,66,55,121
2026.06.23,08:00,08:15,Olympia,51,65,116
2026.06.23,08:15,08:30,Olympia,53,57,110
2026.06.23,08:30,08:45,Olympia,58,48,106
2026.06.23,08:45,09:00,Olympia,48,32,80
2026.06.23,09:00,09:15,Olympia,45,31,76
2026.06.23,09:15,09:30,Olympia,17,19,36
2026.06.23,09:30,09:45,Olympia,20,25,45
2026.06.23,09:45,10:00,Olympia,28,25,53
2026.06.23,10:00,10:15,Olympia,24,7,31
2026.06.23,10:15,10:30,Olympia,15,16,31
2026.06.23,10:30,10:45,Olympia,15,20,35
2026.06.23,10:45,11:00,Olympia,13,13,26
2026.06.23,11:00,11:15,Olympia,11,19,30
2026.06.23,11:15,11:30,Olympia,14,18,32
2026.06.23,11:30,11:45,Olympia,17,12,29
2026.06.23,11:45,12:00,Olympia,11,18,29
2026.06.23,12:00,12:15,Olympia,15,17,32
2026.06.23,12:15,12:30,Olympia,14,18,32
2026.06.23,12:30,12:45,Olympia,21,14,35
2026.06.23,12:45,13:00,Olympia,21,15,36
2026.06.23,13:00,13:15,Olympia,24,24,48
2026.06.23,13:15,13:30,Olympia,23,17,40
2026.06.23,13:30,13:45,Olympia,20,17,37
2026.06.23,13:45,14:00,Olympia,26,21,47
2026.06.23,14:00,14:15,Olympia,19,21,40
2026.06.23,14:15,14:30,Olympia,18,14,32
2026.06.23,14:30,14:45,Olympia,21,22,43
2026.06.23,14:45,15:00,Olympia,36,19,55
2026.06.23,15:00,15:15,Olympia,38,25,63
2026.06.23,15:15,15:30,Olympia,28,43,71
2026.06.23,15:30,15:45,Olympia,22,28,50
2026.06.23,15:45,16:00,Olympia,58,37,95
2026.06.23,16:00,16:15,Olympia,35,41,76
2026.06.23,16:15,16:30,Olympia,40,40,80
2026.06.23,16:30,16:45,Olympia,61,45,106
2026.06.23,16:45,17:00,Olympia,83,57,140
2026.06.23,17:00,17:15,Olympia,59,51,110
2026.06.23,17:15,17:30,Olympia,65,68,133
2026.06.23,17:30,17:45,Olympia,68,53,121
2026.06.23,17:45,18:00,Olympia,91,65,156
2026.06.23,18:00,18:15,Olympia,77,58,135
2026.06.23,18:15,18:30,Olympia,75,60,135
2026.06.23,18:30,18:45,Olympia,49,75,124
2026.06.23,18:45,19:00,Olympia,44,56,100
2026.06.23,19:00,19:15,Olympia,46,67,113
2026.06.23,19:15,19:30,Olympia,53,48,101
2026.06.23,19:30,19:45,Olympia,37,58,95
2026.06.23,19:45,20:00,Olympia,64,61,125
2026.06.23,20:00,20:15,Olympia,54,56,110
2026.06.23,20:15,20:30,Olympia,33,67,100
2026.06.23,20:30,20:45,Olympia,36,58,94
2026.06.23,20:45,21:00,Olympia,42,47,89
2026.06.23,21:00,21:15,Olympia,32,54,86
2026.06.23,21:15,21:30,Olympia,41,60,101
2026.06.23,21:30,21:45,Olympia,24,59,83
2026.06.23,21:45,22:00,Olympia,27,38,65
2026.06.23,22:00,22:15,Olympia,24,37,61
2026.06.23,22:15,22:30,Olympia,24,32,56
2026.06.23,22:30,22:45,Olympia,13,17,30
2026.06.23,22:45,23:00,Olympia,15,16,31
2026.06.23,23:00,23:15,Olympia,10,17,27
2026.06.23,23:15,23:30,Olympia,9,18,27
2026.06.23,23:30,23:45,Olympia,10,9,19
2026.06.23,23:45,00:00,Olympia,12,5,17
2026.06.24,00:00,00:15,Olympia,6,7,13
2026.06.24,00:15,00:30,Olympia,5,6,11
2026.06.24,00:30,00:45,Olympia,6,1,7
2026.06.24,00:45,01:00,Olympia,1,0,1
2026.06.24,01:00,01:15,Olympia,0,1,1
2026.06.24,01:15,01:30,Olympia,0,0,0
2026.06.24,01:30,01:45,Olympia,6,0,6
2026.06.24,01:45,02:00,Olympia,0,2,2
2026.06.24,02:00,02:15,Olympia,0,3,3
2026.06.24,02:15,02:30,Olympia,0,0,0
2026.06.24,02:30,02:45,Olympia,0,1,1
2026.06.24,02:45,03:00,Olympia,1,0,1
2026.06.24,03:00,03:15,Olympia,0,0,0
2026.06.24,03:15,03:30,Olympia,2,1,3
2026.06.24,03:30,03:45,Olympia,0,0,0
2026.06.24,03:45,04:00,Olympia,0,0,0
2026.06.24,04:00,04:15,Olympia,2,1,3
2026.06.24,04:15,04:30,Olympia,0,0,0
2026.06.24,04:30,04:45,Olympia,1,0,1
2026.06.24,04:45,05:00,Olympia,2,0,2
2026.06.24,05:00,05:15,Olympia,1,2,3
2026.06.24,05:15,05:30,Olympia,3,1,4
2026.06.24,05:30,05:45,Olympia,3,4,7
2026.06.24,05:45,06:00,Olympia,10,10,20
2026.06.24,06:00,06:15,Olympia,8,2,10
2026.06.24,06:15,06:30,Olympia,12,8,20
2026.06.24,06:30,06:45,Olympia,19,12,31
2026.06.24,06:45,07:00,Olympia,28,18,46
2026.06.24,07:00,07:15,Olympia,28,23,51
2026.06.24,07:15,07:30,Olympia,35,34,69
2026.06.24,07:30,07:45,Olympia,51,41,92
2026.06.24,07:45,08:00,Olympia,52,41,93
2026.06.24,08:00,08:15,Olympia,54,52,106
2026.06.24,08:15,08:30,Olympia,53,49,102
2026.06.24,08:30,08:45,Olympia,41,46,87
2026.06.24,08:45,09:00,Olympia,53,46,99
2026.06.24,09:00,09:15,Olympia,38,21,59
2026.06.24,09:15,09:30,Olympia,34,30,64
2026.06.24,09:30,09:45,Olympia,30,30,60
2026.06.24,09:45,10:00,Olympia,30,24,54
2026.06.24,10:00,10:15,Olympia,30,27,57
2026.06.24,10:15,10:30,Olympia,25,20,45
2026.06.24,10:30,10:45,Olympia,6,7,13
2026.06.24,10:45,11:00,Olympia,21,11,32
2026.06.24,11:00,11:15,Olympia,19,11,30
2026.06.24,11:15,11:30,Olympia,18,22,40
2026.06.24,11:30,11:45,Olympia,17,27,44
2026.06.24,11:45,12:00,Olympia,21,22,43
2026.06.24,12:00,12:15,Olympia,13,18,31
2026.06.24,12:15,12:30,Olympia,17,18,35
2026.06.24,12:30,12:45,Olympia,20,20,40
2026.06.24,12:45,13:00,Olympia,21,15,36
2026.06.24,13:00,13:15,Olympia,14,10,24
2026.06.24,13:15,13:30,Olympia,28,20,48
2026.06.24,13:30,13:45,Olympia,20,16,36
2026.06.24,13:45,14:00,Olympia,20,25,45
2026.06.24,14:00,14:15,Olympia,16,26,42
2026.06.24,14:15,14:30,Olympia,30,23,53
2026.06.24,14:30,14:45,Olympia,21,20,41
2026.06.24,14:45,15:00,Olympia,20,25,45
2026.06.24,15:00,15:15,Olympia,21,35,56
2026.06.24,15:15,15:30,Olympia,36,29,65
2026.06.24,15:30,15:45,Olympia,38,29,67
2026.06.24,15:45,16:00,Olympia,49,29,78
2026.06.24,16:00,16:15,Olympia,39,30,69
2026.06.24,16:15,16:30,Olympia,48,31,79
2026.06.24,16:30,16:45,Olympia,56,35,91
2026.06.24,16:45,17:00,Olympia,76,32,108
2026.06.24,17:00,17:15,Olympia,38,47,85
2026.06.24,17:15,17:30,Olympia,56,47,103
2026.06.24,17:30,17:45,Olympia,72,64,136
2026.06.24,17:45,18:00,Olympia,71,63,134
2026.06.24,18:00,18:15,Olympia,61,72,133
2026.06.24,18:15,18:30,Olympia,69,71,140
2026.06.24,18:30,18:45,Olympia,80,61,141
2026.06.24,18:45,19:00,Olympia,70,79,149
2026.06.24,19:00,19:15,Olympia,40,73,113
2026.06.24,19:15,19:30,Olympia,40,67,107
2026.06.24,19:30,19:45,Olympia,49,51,100
2026.06.24,19:45,20:00,Olympia,56,41,97
2026.06.24,20:00,20:15,Olympia,39,50,89
2026.06.24,20:15,20:30,Olympia,28,63,91
2026.06.24,20:30,20:45,Olympia,35,40,75
2026.06.24,20:45,21:00,Olympia,41,47,88
2026.06.24,21:00,21:15,Olympia,41,50,91
2026.06.24,21:15,21:30,Olympia,49,45,94
2026.06.24,21:30,21:45,Olympia,21,78,99
2026.06.24,21:45,22:00,Olympia,26,57,83
2026.06.24,22:00,22:15,Olympia,39,37,76
2026.06.24,22:15,22:30,Olympia,20,36,56
2026.06.24,22:30,22:45,Olympia,21,31,52
2026.06.24,22:45,23:00,Olympia,13,17,30
2026.06.24,23:00,23:15,Olympia,20,23,43
2026.06.24,23:15,23:30,Olympia,29,16,45
2026.06.24,23:30,23:45,Olympia,20,10,30
2026.06.24,23:45,00:00,Olympia,4,32,36
2026.06.25,00:00,00:15,Olympia,6,8,14
2026.06.25,00:15,00:30,Olympia,5,3,8
2026.06.25,00:30,00:45,Olympia,3,3,6
2026.06.25,00:45,01:00,Olympia,1,2,3
2026.06.25,01:00,01:15,Olympia,6,1,7
2026.06.25,01:15,01:30,Olympia,1,3,4
2026.06.25,01:30,01:45,Olympia,0,1,1
2026.06.25,01:45,02:00,Olympia,5,4,9
2026.06.25,02:00,02:15,Olympia,0,1,1
2026.06.25,02:15,02:30,Olympia,0,0,0
2026.06.25,02:30,02:45,Olympia,1,0,1
2026.06.25,02:45,03:00,Olympia,1,0,1
2026.06.25,03:00,03:15,Olympia,0,0,0
2026.06.25,03:15,03:30,Olympia,0,0,0
2026.06.25,03:30,03:45,Olympia,2,0,2
2026.06.25,03:45,04:00,Olympia,0,1,1
2026.06.25,04:00,04:15,Olympia,0,0,0
2026.06.25,04:15,04:30,Olympia,1,2,3
2026.06.25,04:30,04:45,Olympia,1,0,1
2026.06.25,04:45,05:00,Olympia,1,0,1
2026.06.25,05:00,05:15,Olympia,3,1,4
2026.06.25,05:15,05:30,Olympia,4,1,5
2026.06.25,05:30,05:45,Olympia,5,6,11
2026.06.25,05:45,06:00,Olympia,9,11,20
2026.06.25,06:00,06:15,Olympia,6,4,10
2026.06.25,06:15,06:30,Olympia,9,6,15
2026.06.25,06:30,06:45,Olympia,18,9,27
2026.06.25,06:45,07:00,Olympia,23,16,39
2026.06.25,07:00,07:15,Olympia,34,19,53
2026.06.25,07:15,07:30,Olympia,29,30,59
2026.06.25,07:30,07:45,Olympia,36,40,76
2026.06.25,07:45,08:00,Olympia,63,56,119
2026.06.25,08:00,08:15,Olympia,71,44,115
2026.06.25,08:15,08:30,Olympia,46,40,86
2026.06.25,08:30,08:45,Olympia,50,50,100
2026.06.25,08:45,09:00,Olympia,39,36,75
2026.06.25,09:00,09:15,Olympia,32,23,55
2026.06.25,09:15,09:30,Olympia,15,24,39
2026.06.25,09:30,09:45,Olympia,22,22,44
2026.06.25,09:45,10:00,Olympia,24,24,48
2026.06.25,10:00,10:15,Olympia,22,17,39
2026.06.25,10:15,10:30,Olympia,17,10,27
2026.06.25,10:30,10:45,Olympia,9,13,22
2026.06.25,10:45,11:00,Olympia,20,21,41
2026.06.25,11:00,11:15,Olympia,16,9,25
2026.06.25,11:15,11:30,Olympia,11,25,36
2026.06.25,11:30,11:45,Olympia,16,18,34
2026.06.25,11:45,12:00,Olympia,20,10,30
2026.06.25,12:00,12:15,Olympia,16,16,32
2026.06.25,12:15,12:30,Olympia,16,22,38
2026.06.25,12:30,12:45,Olympia,21,22,43
2026.06.25,12:45,13:00,Olympia,21,15,36
2026.06.25,13:00,13:15,Olympia,17,11,28
2026.06.25,13:15,13:30,Olympia,20,14,34
2026.06.25,13:30,13:45,Olympia,19,15,34
2026.06.25,13:45,14:00,Olympia,21,31,52
2026.06.25,14:00,14:15,Olympia,33,27,60
2026.06.25,14:15,14:30,Olympia,27,21,48
2026.06.25,14:30,14:45,Olympia,20,16,36
2026.06.25,14:45,15:00,Olympia,22,18,40
2026.06.25,15:00,15:15,Olympia,26,33,59
2026.06.25,15:15,15:30,Olympia,29,29,58
2026.06.25,15:30,15:45,Olympia,42,28,70
2026.06.25,15:45,16:00,Olympia,42,39,81
2026.06.25,16:00,16:15,Olympia,37,33,70
2026.06.25,16:15,16:30,Olympia,38,33,71
2026.06.25,16:30,16:45,Olympia,47,42,89
2026.06.25,16:45,17:00,Olympia,62,45,107
2026.06.25,17:00,17:15,Olympia,36,48,84
2026.06.25,17:15,17:30,Olympia,58,36,94
2026.06.25,17:30,17:45,Olympia,52,63,115
2026.06.25,17:45,18:00,Olympia,71,55,126
2026.06.25,18:00,18:15,Olympia,58,53,111
2026.06.25,18:15,18:30,Olympia,58,52,110
2026.06.25,18:30,18:45,Olympia,56,45,101
2026.06.25,18:45,19:00,Olympia,80,66,146
2026.06.25,19:00,19:15,Olympia,45,54,99
2026.06.25,19:15,19:30,Olympia,42,60,102
2026.06.25,19:30,19:45,Olympia,31,48,79
2026.06.25,19:45,20:00,Olympia,45,66,111
2026.06.25,20:00,20:15,Olympia,42,50,92
2026.06.25,20:15,20:30,Olympia,42,99,141
2026.06.25,20:30,20:45,Olympia,40,50,90
2026.06.25,20:45,21:00,Olympia,57,54,111
2026.06.25,21:00,21:15,Olympia,39,42,81
2026.06.25,21:15,21:30,Olympia,35,68,103
2026.06.25,21:30,21:45,Olympia,38,71,109
2026.06.25,21:45,22:00,Olympia,27,47,74
2026.06.25,22:00,22:15,Olympia,18,30,48
2026.06.25,22:15,22:30,Olympia,21,28,49
2026.06.25,22:30,22:45,Olympia,16,21,37
2026.06.25,22:45,23:00,Olympia,31,18,49
2026.06.25,23:00,23:15,Olympia,20,19,39
2026.06.25,23:15,23:30,Olympia,10,7,17
2026.06.25,23:30,23:45,Olympia,23,18,41
2026.06.25,23:45,00:00,Olympia,12,8,20
2026.06.26,00:00,00:15,Olympia,61,64,125
2026.06.26,00:15,00:30,Olympia,39,68,107
2026.06.26,00:30,00:45,Olympia,12,11,23
2026.06.26,00:45,01:00,Olympia,14,6,20
2026.06.26,01:00,01:15,Olympia,7,5,12
2026.06.26,01:15,01:30,Olympia,2,3,5
2026.06.26,01:30,01:45,Olympia,2,7,9
2026.06.26,01:45,02:00,Olympia,4,4,8
2026.06.26,02:00,02:15,Olympia,3,5,8
2026.06.26,02:15,02:30,Olympia,0,1,1
2026.06.26,02:30,02:45,Olympia,0,1,1
2026.06.26,02:45,03:00,Olympia,0,2,2
2026.06.26,03:00,03:15,Olympia,1,0,1
2026.06.26,03:15,03:30,Olympia,0,0,0
2026.06.26,03:30,03:45,Olympia,2,0,2
2026.06.26,03:45,04:00,Olympia,4,2,6
2026.06.26,04:00,04:15,Olympia,1,1,2
2026.06.26,04:15,04:30,Olympia,1,0,1
2026.06.26,04:30,04:45,Olympia,0,1,1
2026.06.26,04:45,05:00,Olympia,1,0,1
2026.06.26,05:00,05:15,Olympia,1,0,1
2026.06.26,05:15,05:30,Olympia,1,2,3
2026.06.26,05:30,05:45,Olympia,6,2,8
2026.06.26,05:45,06:00,Olympia,6,4,10
2026.06.26,06:00,06:15,Olympia,9,3,12
2026.06.26,06:15,06:30,Olympia,8,2,10
2026.06.26,06:30,06:45,Olympia,9,8,17
2026.06.26,06:45,07:00,Olympia,22,12,34
2026.06.26,07:00,07:15,Olympia,15,15,30
2026.06.26,07:15,07:30,Olympia,26,20,46
2026.06.26,07:30,07:45,Olympia,18,36,54
2026.06.26,07:45,08:00,Olympia,41,29,70
2026.06.26,08:00,08:15,Olympia,29,40,69
2026.06.26,08:15,08:30,Olympia,25,36,61
2026.06.26,08:30,08:45,Olympia,41,34,75
2026.06.26,08:45,09:00,Olympia,44,23,67
2026.06.26,09:00,09:15,Olympia,30,29,59
2026.06.26,09:15,09:30,Olympia,15,26,41
2026.06.26,09:30,09:45,Olympia,22,20,42
2026.06.26,09:45,10:00,Olympia,24,18,42
2026.06.26,10:00,10:15,Olympia,23,18,41
2026.06.26,10:15,10:30,Olympia,16,23,39
2026.06.26,10:30,10:45,Olympia,10,15,25
2026.06.26,10:45,11:00,Olympia,15,13,28
2026.06.26,11:00,11:15,Olympia,13,24,37
2026.06.26,11:15,11:30,Olympia,21,18,39
2026.06.26,11:30,11:45,Olympia,13,14,27
2026.06.26,11:45,12:00,Olympia,7,17,24
2026.06.26,12:00,12:15,Olympia,32,24,56
2026.06.26,12:15,12:30,Olympia,12,27,39
2026.06.26,12:30,12:45,Olympia,27,14,41
2026.06.26,12:45,13:00,Olympia,24,15,39
2026.06.26,13:00,13:15,Olympia,21,14,35
2026.06.26,13:15,13:30,Olympia,18,22,40
2026.06.26,13:30,13:45,Olympia,20,15,35
2026.06.26,13:45,14:00,Olympia,18,15,33
2026.06.26,14:00,14:15,Olympia,21,19,40
2026.06.26,14:15,14:30,Olympia,24,19,43
2026.06.26,14:30,14:45,Olympia,23,23,46
2026.06.26,14:45,15:00,Olympia,19,29,48
2026.06.26,15:00,15:15,Olympia,36,17,53
2026.06.26,15:15,15:30,Olympia,32,21,53
2026.06.26,15:30,15:45,Olympia,35,21,56
2026.06.26,15:45,16:00,Olympia,44,22,66
2026.06.26,16:00,16:15,Olympia,27,24,51
2026.06.26,16:15,16:30,Olympia,32,22,54
2026.06.26,16:30,16:45,Olympia,41,21,62
2026.06.26,16:45,17:00,Olympia,41,25,66
2026.06.26,17:00,17:15,Olympia,20,21,41
2026.06.26,17:15,17:30,Olympia,25,30,55
2026.06.26,17:30,17:45,Olympia,39,39,78
2026.06.26,17:45,18:00,Olympia,59,28,87
2026.06.26,18:00,18:15,Olympia,49,36,85
2026.06.26,18:15,18:30,Olympia,56,41,97
2026.06.26,18:30,18:45,Olympia,41,31,72
2026.06.26,18:45,19:00,Olympia,42,44,86
2026.06.26,19:00,19:15,Olympia,40,44,84
2026.06.26,19:15,19:30,Olympia,57,30,87
2026.06.26,19:30,19:45,Olympia,55,42,97
2026.06.26,19:45,20:00,Olympia,64,27,91
2026.06.26,20:00,20:15,Olympia,57,41,98
2026.06.26,20:15,20:30,Olympia,51,41,92
2026.06.26,20:30,20:45,Olympia,28,43,71
2026.06.26,20:45,21:00,Olympia,26,41,67
2026.06.26,21:00,21:15,Olympia,27,53,80
2026.06.26,21:15,21:30,Olympia,23,55,78
2026.06.26,21:30,21:45,Olympia,16,61,77
2026.06.26,21:45,22:00,Olympia,23,43,66
2026.06.26,22:00,22:15,Olympia,29,34,63
2026.06.26,22:15,22:30,Olympia,21,33,54
2026.06.26,22:30,22:45,Olympia,20,26,46
2026.06.26,22:45,23:00,Olympia,34,37,71
2026.06.26,23:00,23:15,Olympia,29,34,63
2026.06.26,23:15,23:30,Olympia,16,12,28
2026.06.26,23:30,23:45,Olympia,22,18,40
2026.06.26,23:45,00:00,Olympia,10,14,24
2026.06.27,00:00,00:15,Olympia,7,15,22
2026.06.27,00:15,00:30,Olympia,8,13,21
2026.06.27,00:30,00:45,Olympia,15,3,18
2026.06.27,00:45,01:00,Olympia,11,8,19
2026.06.27,01:00,01:15,Olympia,6,6,12
2026.06.27,01:15,01:30,Olympia,12,3,15
2026.06.27,01:30,01:45,Olympia,7,5,12
2026.06.27,01:45,02:00,Olympia,2,0,2
2026.06.27,02:00,02:15,Olympia,2,1,3
2026.06.27,02:15,02:30,Olympia,3,1,4
2026.06.27,02:30,02:45,Olympia,1,1,2
2026.06.27,02:45,03:00,Olympia,5,1,6
2026.06.27,03:00,03:15,Olympia,2,0,2
2026.06.27,03:15,03:30,Olympia,3,0,3
2026.06.27,03:30,03:45,Olympia,1,0,1
2026.06.27,03:45,04:00,Olympia,2,3,5
2026.06.27,04:00,04:15,Olympia,0,1,1
2026.06.27,04:15,04:30,Olympia,1,1,2
2026.06.27,04:30,04:45,Olympia,2,2,4
2026.06.27,04:45,05:00,Olympia,3,2,5
2026.06.27,05:00,05:15,Olympia,1,1,2
2026.06.27,05:15,05:30,Olympia,0,1,1
2026.06.27,05:30,05:45,Olympia,2,1,3
2026.06.27,05:45,06:00,Olympia,4,3,7
2026.06.27,06:00,06:15,Olympia,0,0,0
2026.06.27,06:15,06:30,Olympia,4,4,8
2026.06.27,06:30,06:45,Olympia,3,6,9
2026.06.27,06:45,07:00,Olympia,9,2,11
2026.06.27,07:00,07:15,Olympia,3,1,4
2026.06.27,07:15,07:30,Olympia,10,5,15
2026.06.27,07:30,07:45,Olympia,16,5,21
2026.06.27,07:45,08:00,Olympia,11,7,18
2026.06.27,08:00,08:15,Olympia,17,1,18
2026.06.27,08:15,08:30,Olympia,10,7,17
2026.06.27,08:30,08:45,Olympia,14,6,20
2026.06.27,08:45,09:00,Olympia,27,10,37
2026.06.27,09:00,09:15,Olympia,23,17,40
2026.06.27,09:15,09:30,Olympia,11,15,26
2026.06.27,09:30,09:45,Olympia,17,11,28
2026.06.27,09:45,10:00,Olympia,27,18,45
2026.06.27,10:00,10:15,Olympia,29,18,47
2026.06.27,10:15,10:30,Olympia,25,25,50
2026.06.27,10:30,10:45,Olympia,19,25,44
2026.06.27,10:45,11:00,Olympia,18,26,44
2026.06.27,11:00,11:15,Olympia,15,22,37
2026.06.27,11:15,11:30,Olympia,26,15,41
2026.06.27,11:30,11:45,Olympia,18,7,25
2026.06.27,11:45,12:00,Olympia,27,14,41
2026.06.27,12:00,12:15,Olympia,32,21,53
2026.06.27,12:15,12:30,Olympia,20,23,43
2026.06.27,12:30,12:45,Olympia,30,24,54
2026.06.27,12:45,13:00,Olympia,17,19,36
2026.06.27,13:00,13:15,Olympia,21,22,43
2026.06.27,13:15,13:30,Olympia,18,18,36
2026.06.27,13:30,13:45,Olympia,19,14,33
2026.06.27,13:45,14:00,Olympia,27,15,42
2026.06.27,14:00,14:15,Olympia,18,16,34
2026.06.27,14:15,14:30,Olympia,18,23,41
2026.06.27,14:30,14:45,Olympia,18,15,33
2026.06.27,14:45,15:00,Olympia,14,24,38
2026.06.27,15:00,15:15,Olympia,32,14,46
2026.06.27,15:15,15:30,Olympia,15,18,33
2026.06.27,15:30,15:45,Olympia,26,19,45
2026.06.27,15:45,16:00,Olympia,30,15,45
2026.06.27,16:00,16:15,Olympia,30,28,58
2026.06.27,16:15,16:30,Olympia,28,32,60
2026.06.27,16:30,16:45,Olympia,26,27,53
2026.06.27,16:45,17:00,Olympia,37,18,55
2026.06.27,17:00,17:15,Olympia,39,13,52
2026.06.27,17:15,17:30,Olympia,32,14,46
2026.06.27,17:30,17:45,Olympia,39,19,58
2026.06.27,17:45,18:00,Olympia,38,27,65
2026.06.27,18:00,18:15,Olympia,36,28,64
2026.06.27,18:15,18:30,Olympia,56,20,76
2026.06.27,18:30,18:45,Olympia,33,18,51
2026.06.27,18:45,19:00,Olympia,59,19,78
2026.06.27,19:00,19:15,Olympia,36,29,65
2026.06.27,19:15,19:30,Olympia,19,27,46
2026.06.27,19:30,19:45,Olympia,33,28,61
2026.06.27,19:45,20:00,Olympia,43,51,94
2026.06.27,20:00,20:15,Olympia,29,41,70
2026.06.27,20:15,20:30,Olympia,36,40,76
2026.06.27,20:30,20:45,Olympia,51,40,91
2026.06.27,20:45,21:00,Olympia,38,53,91
2026.06.27,21:00,21:15,Olympia,38,39,77
2026.06.27,21:15,21:30,Olympia,28,45,73
2026.06.27,21:30,21:45,Olympia,27,55,82
2026.06.27,21:45,22:00,Olympia,29,32,61
2026.06.27,22:00,22:15,Olympia,26,37,63
2026.06.27,22:15,22:30,Olympia,29,51,80
2026.06.27,22:30,22:45,Olympia,26,54,80
2026.06.27,22:45,23:00,Olympia,17,35,52
2026.06.27,23:00,23:15,Olympia,23,24,47
2026.06.27,23:15,23:30,Olympia,15,13,28
2026.06.27,23:30,23:45,Olympia,23,16,39
2026.06.27,23:45,00:00,Olympia,27,15,42
2026.06.28,00:00,00:15,Olympia,11,15,26
2026.06.28,00:15,00:30,Olympia,14,12,26
2026.06.28,00:30,00:45,Olympia,4,8,12
2026.06.28,00:45,01:00,Olympia,17,12,29
2026.06.28,01:00,01:15,Olympia,19,12,31
2026.06.28,01:15,01:30,Olympia,5,8,13
2026.06.28,01:30,01:45,Olympia,8,4,12
2026.06.28,01:45,02:00,Olympia,0,10,10
2026.06.28,02:00,02:15,Olympia,1,9,10
2026.06.28,02:15,02:30,Olympia,1,6,7
2026.06.28,02:30,02:45,Olympia,3,2,5
2026.06.28,02:45,03:00,Olympia,2,4,6
2026.06.28,03:00,03:15,Olympia,1,4,5
2026.06.28,03:15,03:30,Olympia,6,1,7
2026.06.28,03:30,03:45,Olympia,3,1,4
2026.06.28,03:45,04:00,Olympia,5,3,8
2026.06.28,04:00,04:15,Olympia,3,0,3
2026.06.28,04:15,04:30,Olympia,5,4,9
2026.06.28,04:30,04:45,Olympia,3,0,3
2026.06.28,04:45,05:00,Olympia,0,0,0
2026.06.28,05:00,05:15,Olympia,0,0,0
2026.06.28,05:15,05:30,Olympia,4,6,10
2026.06.28,05:30,05:45,Olympia,3,7,10
2026.06.28,05:45,06:00,Olympia,2,2,4
2026.06.28,06:00,06:15,Olympia,0,1,1
2026.06.28,06:15,06:30,Olympia,1,1,2
2026.06.28,06:30,06:45,Olympia,7,5,12
2026.06.28,06:45,07:00,Olympia,2,1,3
2026.06.28,07:00,07:15,Olympia,1,2,3
2026.06.28,07:15,07:30,Olympia,11,1,12
2026.06.28,07:30,07:45,Olympia,11,2,13
2026.06.28,07:45,08:00,Olympia,19,7,26
2026.06.28,08:00,08:15,Olympia,7,5,12
2026.06.28,08:15,08:30,Olympia,8,4,12
2026.06.28,08:30,08:45,Olympia,11,2,13
2026.06.28,08:45,09:00,Olympia,15,7,22
2026.06.28,09:00,09:15,Olympia,12,21,33
2026.06.28,09:15,09:30,Olympia,20,10,30
2026.06.28,09:30,09:45,Olympia,11,10,21
2026.06.28,09:45,10:00,Olympia,22,20,42
2026.06.28,10:00,10:15,Olympia,18,14,32
2026.06.28,10:15,10:30,Olympia,19,22,41
2026.06.28,10:30,10:45,Olympia,16,10,26
2026.06.28,10:45,11:00,Olympia,27,16,43
2026.06.28,11:00,11:15,Olympia,22,19,41
2026.06.28,11:15,11:30,Olympia,13,12,25
2026.06.28,11:30,11:45,Olympia,19,12,31
2026.06.28,11:45,12:00,Olympia,29,9,38
2026.06.28,12:00,12:15,Olympia,16,9,25
2026.06.28,12:15,12:30,Olympia,20,16,36
2026.06.28,12:30,12:45,Olympia,23,11,34
2026.06.28,12:45,13:00,Olympia,12,20,32
2026.06.28,13:00,13:15,Olympia,21,23,44
2026.06.28,13:15,13:30,Olympia,19,16,35
2026.06.28,13:30,13:45,Olympia,34,19,53
2026.06.28,13:45,14:00,Olympia,36,19,55
2026.06.28,14:00,14:15,Olympia,49,14,63
2026.06.28,14:15,14:30,Olympia,29,14,43
2026.06.28,14:30,14:45,Olympia,49,20,69
2026.06.28,14:45,15:00,Olympia,55,17,72
2026.06.28,15:00,15:15,Olympia,34,17,51
2026.06.28,15:15,15:30,Olympia,33,19,52
2026.06.28,15:30,15:45,Olympia,28,18,46
2026.06.28,15:45,16:00,Olympia,37,29,66
2026.06.28,16:00,16:15,Olympia,25,38,63
2026.06.28,16:15,16:30,Olympia,30,18,48
2026.06.28,16:30,16:45,Olympia,29,35,64
2026.06.28,16:45,17:00,Olympia,46,50,96
2026.06.28,17:00,17:15,Olympia,31,17,48
2026.06.28,17:15,17:30,Olympia,38,27,65
2026.06.28,17:30,17:45,Olympia,25,38,63
2026.06.28,17:45,18:00,Olympia,38,48,86
2026.06.28,18:00,18:15,Olympia,30,63,93
2026.06.28,18:15,18:30,Olympia,24,59,83
2026.06.28,18:30,18:45,Olympia,49,69,118
2026.06.28,18:45,19:00,Olympia,31,61,92
2026.06.28,19:00,19:15,Olympia,18,48,66
2026.06.28,19:15,19:30,Olympia,25,38,63
2026.06.28,19:30,19:45,Olympia,26,42,68
2026.06.28,19:45,20:00,Olympia,36,35,71
2026.06.28,20:00,20:15,Olympia,26,28,54
2026.06.28,20:15,20:30,Olympia,23,24,47
2026.06.28,20:30,20:45,Olympia,30,24,54
2026.06.28,20:45,21:00,Olympia,20,26,46
2026.06.28,21:00,21:15,Olympia,11,47,58
2026.06.28,21:15,21:30,Olympia,16,17,33
2026.06.28,21:30,21:45,Olympia,16,17,33
2026.06.28,21:45,22:00,Olympia,15,18,33
2026.06.28,22:00,22:15,Olympia,15,11,26
2026.06.28,22:15,22:30,Olympia,11,7,18
2026.06.28,22:30,22:45,Olympia,7,7,14
2026.06.28,22:45,23:00,Olympia,9,6,15
2026.06.28,23:00,23:15,Olympia,11,3,14
2026.06.28,23:15,23:30,Olympia,9,5,14
2026.06.28,23:30,23:45,Olympia,4,3,7
2026.06.28,23:45,00:00,Olympia,7,12,19
2026.06.29,00:00,00:15,Olympia,9,3,12
2026.06.29,00:15,00:30,Olympia,0,0,0
2026.06.29,00:30,00:45,Olympia,1,1,2
2026.06.29,00:45,01:00,Olympia,2,2,4
2026.06.29,01:00,01:15,Olympia,1,0,1
2026.06.29,01:15,01:30,Olympia,0,2,2
2026.06.29,01:30,01:45,Olympia,0,2,2
2026.06.29,01:45,02:00,Olympia,2,1,3
2026.06.29,02:00,02:15,Olympia,2,0,2
2026.06.29,02:15,02:30,Olympia,1,0,1
2026.06.29,02:30,02:45,Olympia,0,1,1
2026.06.29,02:45,03:00,Olympia,0,0,0
2026.06.29,03:00,03:15,Olympia,0,0,0
2026.06.29,03:15,03:30,Olympia,0,0,0
2026.06.29,03:30,03:45,Olympia,0,1,1
2026.06.29,03:45,04:00,Olympia,3,0,3
2026.06.29,04:00,04:15,Olympia,0,1,1
2026.06.29,04:15,04:30,Olympia,1,0,1
2026.06.29,04:30,04:45,Olympia,0,0,0
2026.06.29,04:45,05:00,Olympia,1,1,2
2026.06.29,05:00,05:15,Olympia,2,1,3
2026.06.29,05:15,05:30,Olympia,7,1,8
2026.06.29,05:30,05:45,Olympia,3,6,9
2026.06.29,05:45,06:00,Olympia,5,6,11
2026.06.29,06:00,06:15,Olympia,4,3,7
2026.06.29,06:15,06:30,Olympia,8,7,15
2026.06.29,06:30,06:45,Olympia,11,8,19
2026.06.29,06:45,07:00,Olympia,16,8,24
2026.06.29,07:00,07:15,Olympia,24,28,52
2026.06.29,07:15,07:30,Olympia,27,24,51
2026.06.29,07:30,07:45,Olympia,26,35,61
2026.06.29,07:45,08:00,Olympia,41,39,80
2026.06.29,08:00,08:15,Olympia,34,45,79
2026.06.29,08:15,08:30,Olympia,35,32,67
2026.06.29,08:30,08:45,Olympia,38,33,71
2026.06.29,08:45,09:00,Olympia,35,33,68
2026.06.29,09:00,09:15,Olympia,28,18,46
2026.06.29,09:15,09:30,Olympia,21,8,29
2026.06.29,09:30,09:45,Olympia,17,18,35
2026.06.29,09:45,10:00,Olympia,15,14,29
2026.06.29,10:00,10:15,Olympia,29,14,43
2026.06.29,10:15,10:30,Olympia,10,14,24
2026.06.29,10:30,10:45,Olympia,15,9,24
2026.06.29,10:45,11:00,Olympia,14,9,23
2026.06.29,11:00,11:15,Olympia,8,18,26
2026.06.29,11:15,11:30,Olympia,12,15,27
2026.06.29,11:30,11:45,Olympia,10,8,18
2026.06.29,11:45,12:00,Olympia,18,18,36
2026.06.29,12:00,12:15,Olympia,15,17,32
2026.06.29,12:15,12:30,Olympia,12,10,22
2026.06.29,12:30,12:45,Olympia,15,17,32
2026.06.29,12:45,13:00,Olympia,17,14,31
2026.06.29,13:00,13:15,Olympia,16,9,25
2026.06.29,13:15,13:30,Olympia,24,10,34
2026.06.29,13:30,13:45,Olympia,22,15,37
2026.06.29,13:45,14:00,Olympia,15,25,40
2026.06.29,14:00,14:15,Olympia,24,29,53
2026.06.29,14:15,14:30,Olympia,26,18,44
2026.06.29,14:30,14:45,Olympia,18,21,39
2026.06.29,14:45,15:00,Olympia,28,17,45
2026.06.29,15:00,15:15,Olympia,20,22,42
2026.06.29,15:15,15:30,Olympia,30,34,64
2026.06.29,15:30,15:45,Olympia,46,23,69
2026.06.29,15:45,16:00,Olympia,36,27,63
2026.06.29,16:00,16:15,Olympia,25,33,58
2026.06.29,16:15,16:30,Olympia,23,32,55
2026.06.29,16:30,16:45,Olympia,37,41,78
2026.06.29,16:45,17:00,Olympia,69,25,94
2026.06.29,17:00,17:15,Olympia,36,49,85
2026.06.29,17:15,17:30,Olympia,41,56,97
2026.06.29,17:30,17:45,Olympia,46,52,98
2026.06.29,17:45,18:00,Olympia,59,43,102
2026.06.29,18:00,18:15,Olympia,36,52,88
2026.06.29,18:15,18:30,Olympia,77,44,121
2026.06.29,18:30,18:45,Olympia,65,61,126
2026.06.29,18:45,19:00,Olympia,61,39,100
2026.06.29,19:00,19:15,Olympia,30,41,71
2026.06.29,19:15,19:30,Olympia,19,32,51
2026.06.29,19:30,19:45,Olympia,28,32,60
2026.06.29,19:45,20:00,Olympia,26,49,75
2026.06.29,20:00,20:15,Olympia,4,29,33
2026.06.29,20:15,20:30,Olympia,8,12,20
2026.06.29,20:30,20:45,Olympia,7,13,20
2026.06.29,20:45,21:00,Olympia,8,12,20
2026.06.29,21:00,21:15,Olympia,9,11,20
2026.06.29,21:15,21:30,Olympia,8,11,19
2026.06.29,21:30,21:45,Olympia,3,15,18
2026.06.29,21:45,22:00,Olympia,13,11,24
2026.06.29,22:00,22:15,Olympia,11,9,20
2026.06.29,22:15,22:30,Olympia,5,7,12
2026.06.29,22:30,22:45,Olympia,4,2,6
2026.06.29,22:45,23:00,Olympia,4,1,5
2026.06.29,23:00,23:15,Olympia,2,2,4
2026.06.29,23:15,23:30,Olympia,0,2,2
2026.06.29,23:30,23:45,Olympia,3,3,6
2026.06.29,23:45,00:00,Olympia,0,2,2
2026.06.30,00:00,00:15,Olympia,0,2,2
2026.06.30,00:15,00:30,Olympia,0,0,0
2026.06.30,00:30,00:45,Olympia,0,1,1
2026.06.30,00:45,01:00,Olympia,1,1,2
2026.06.30,01:00,01:15,Olympia,1,0,1
2026.06.30,01:15,01:30,Olympia,0,0,0
2026.06.30,01:30,01:45,Olympia,6,4,10
2026.06.30,01:45,02:00,Olympia,8,4,12
2026.06.30,02:00,02:15,Olympia,2,2,4
2026.06.30,02:15,02:30,Olympia,6,1,7
2026.06.30,02:30,02:45,Olympia,1,0,1
2026.06.30,02:45,03:00,Olympia,1,0,1
2026.06.30,03:00,03:15,Olympia,0,0,0
2026.06.30,03:15,03:30,Olympia,0,0,0
2026.06.30,03:30,03:45,Olympia,1,0,1
2026.06.30,03:45,04:00,Olympia,1,0,1
2026.06.30,04:00,04:15,Olympia,0,0,0
2026.06.30,04:15,04:30,Olympia,0,1,1
2026.06.30,04:30,04:45,Olympia,0,0,0
2026.06.30,04:45,05:00,Olympia,1,0,1
2026.06.30,05:00,05:15,Olympia,1,0,1
2026.06.30,05:15,05:30,Olympia,5,1,6
2026.06.30,05:30,05:45,Olympia,2,5,7
2026.06.30,05:45,06:00,Olympia,5,5,10
2026.06.30,06:00,06:15,Olympia,4,4,8
2026.06.30,06:15,06:30,Olympia,7,4,11
2026.06.30,06:30,06:45,Olympia,9,8,17
2026.06.30,06:45,07:00,Olympia,14,9,23
2026.06.30,07:00,07:15,Olympia,19,17,36
2026.06.30,07:15,07:30,Olympia,24,27,51
2026.06.30,07:30,07:45,Olympia,33,41,74
2026.06.30,07:45,08:00,Olympia,34,49,83
2026.06.30,08:00,08:15,Olympia,51,37,88
2026.06.30,08:15,08:30,Olympia,46,49,95
2026.06.30,08:30,08:45,Olympia,56,32,88
2026.06.30,08:45,09:00,Olympia,38,25,63
2026.06.30,09:00,09:15,Olympia,26,27,53
2026.06.30,09:15,09:30,Olympia,35,24,59
2026.06.30,09:30,09:45,Olympia,14,18,32
2026.06.30,09:45,10:00,Olympia,30,15,45
2026.06.30,10:00,10:15,Olympia,29,13,42
2026.06.30,10:15,10:30,Olympia,19,10,29
2026.06.30,10:30,10:45,Olympia,10,8,18
2026.06.30,10:45,11:00,Olympia,11,10,21
2026.06.30,11:00,11:15,Olympia,14,18,32
2026.06.30,11:15,11:30,Olympia,9,14,23
2026.06.30,11:30,11:45,Olympia,17,16,33
2026.06.30,11:45,12:00,Olympia,17,17,34
2026.06.30,12:00,12:15,Olympia,30,19,49
2026.06.30,12:15,12:30,Olympia,8,18,26
2026.06.30,12:30,12:45,Olympia,17,21,38
2026.06.30,12:45,13:00,Olympia,26,16,42
2026.06.30,13:00,13:15,Olympia,20,12,32
2026.06.30,13:15,13:30,Olympia,14,25,39
2026.06.30,13:30,13:45,Olympia,23,17,40
2026.06.30,13:45,14:00,Olympia,22,25,47
2026.06.30,14:00,14:15,Olympia,22,29,51
2026.06.30,14:15,14:30,Olympia,27,24,51
2026.06.30,14:30,14:45,Olympia,28,22,50
2026.06.30,14:45,15:00,Olympia,16,23,39
2026.06.30,15:00,15:15,Olympia,22,43,65
2026.06.30,15:15,15:30,Olympia,28,23,51
2026.06.30,15:30,15:45,Olympia,23,27,50
2026.06.30,15:45,16:00,Olympia,27,44,71
2026.06.30,16:00,16:15,Olympia,37,42,79
2026.06.30,16:15,16:30,Olympia,29,41,70
2026.06.30,16:30,16:45,Olympia,34,31,65
2026.06.30,16:45,17:00,Olympia,84,49,133
2026.06.30,17:00,17:15,Olympia,51,52,103
2026.06.30,17:15,17:30,Olympia,61,61,122
2026.06.30,17:30,17:45,Olympia,65,46,111
2026.06.30,17:45,18:00,Olympia,78,71,149
2026.06.30,18:00,18:15,Olympia,79,64,143
2026.06.30,18:15,18:30,Olympia,85,59,144
2026.06.30,18:30,18:45,Olympia,42,56,98
2026.06.30,18:45,19:00,Olympia,52,66,118
2026.06.30,19:00,19:15,Olympia,41,44,85
2026.06.30,19:15,19:30,Olympia,36,51,87
2026.06.30,19:30,19:45,Olympia,36,43,79
2026.06.30,19:45,20:00,Olympia,59,33,92
2026.06.30,20:00,20:15,Olympia,29,56,85
2026.06.30,20:15,20:30,Olympia,33,49,82
2026.06.30,20:30,20:45,Olympia,35,44,79
2026.06.30,20:45,21:00,Olympia,28,42,70
2026.06.30,21:00,21:15,Olympia,27,40,67
2026.06.30,21:15,21:30,Olympia,24,37,61
2026.06.30,21:30,21:45,Olympia,17,43,60
2026.06.30,21:45,22:00,Olympia,29,26,55
2026.06.30,22:00,22:15,Olympia,16,21,37
2026.06.30,22:15,22:30,Olympia,15,11,26
2026.06.30,22:30,22:45,Olympia,18,9,27
2026.06.30,22:45,23:00,Olympia,20,6,26
2026.06.30,23:00,23:15,Olympia,6,9,15
2026.06.30,23:15,23:30,Olympia,10,12,22
2026.06.30,23:30,23:45,Olympia,8,2,10
2026.06.30,23:45,00:00,Olympia,9,7,16
2026.06.01,00:00,00:15,Hirsch,2,0,2
2026.06.01,00:15,00:30,Hirsch,0,0,0
2026.06.01,00:30,00:45,Hirsch,1,0,1
2026.06.01,00:45,01:00,Hirsch,0,0,0
2026.06.01,01:00,01:15,Hirsch,0,0,0
2026.06.01,01:15,01:30,Hirsch,0,0,0
2026.06.01,01:30,01:45,Hirsch,0,0,0
2026.06.01,01:45,02:00,Hirsch,0,0,0
2026.06.01,02:00,02:15,Hirsch,0,0,0
2026.06.01,02:15,02:30,Hirsch,0,0,0
2026.06.01,02:30,02:45,Hirsch,0,0,0
2026.06.01,02:45,03:00,Hirsch,0,0,0
2026.06.01,03:00,03:15,Hirsch,0,0,0
2026.06.01,03:15,03:30,Hirsch,0,0,0
2026.06.01,03:30,03:45,Hirsch,1,0,1
2026.06.01,03:45,04:00,Hirsch,0,0,0
2026.06.01,04:00,04:15,Hirsch,0,0,0
2026.06.01,04:15,04:30,Hirsch,0,0,0
2026.06.01,04:30,04:45,Hirsch,0,0,0
2026.06.01,04:45,05:00,Hirsch,0,0,0
2026.06.01,05:00,05:15,Hirsch,0,0,0
2026.06.01,05:15,05:30,Hirsch,0,1,1
2026.06.01,05:30,05:45,Hirsch,0,4,4
2026.06.01,05:45,06:00,Hirsch,0,4,4
2026.06.01,06:00,06:15,Hirsch,1,8,9
2026.06.01,06:15,06:30,Hirsch,5,7,12
2026.06.01,06:30,06:45,Hirsch,1,17,18
2026.06.01,06:45,07:00,Hirsch,9,24,33
2026.06.01,07:00,07:15,Hirsch,5,26,31
2026.06.01,07:15,07:30,Hirsch,6,34,40
2026.06.01,07:30,07:45,Hirsch,7,43,50
2026.06.01,07:45,08:00,Hirsch,13,43,56
2026.06.01,08:00,08:15,Hirsch,9,71,80
2026.06.01,08:15,08:30,Hirsch,11,59,70
2026.06.01,08:30,08:45,Hirsch,13,52,65
2026.06.01,08:45,09:00,Hirsch,10,38,48
2026.06.01,09:00,09:15,Hirsch,9,45,54
2026.06.01,09:15,09:30,Hirsch,2,14,16
2026.06.01,09:30,09:45,Hirsch,3,28,31
2026.06.01,09:45,10:00,Hirsch,4,24,28
2026.06.01,10:00,10:15,Hirsch,3,5,8
2026.06.01,10:15,10:30,Hirsch,2,7,9
2026.06.01,10:30,10:45,Hirsch,4,3,7
2026.06.01,10:45,11:00,Hirsch,6,8,14
2026.06.01,11:00,11:15,Hirsch,1,9,10
2026.06.01,11:15,11:30,Hirsch,5,9,14
2026.06.01,11:30,11:45,Hirsch,4,6,10
2026.06.01,11:45,12:00,Hirsch,3,6,9
2026.06.01,12:00,12:15,Hirsch,7,3,10
2026.06.01,12:15,12:30,Hirsch,13,4,17
2026.06.01,12:30,12:45,Hirsch,3,9,12
2026.06.01,12:45,13:00,Hirsch,9,4,13
2026.06.01,13:00,13:15,Hirsch,9,3,12
2026.06.01,13:15,13:30,Hirsch,6,10,16
2026.06.01,13:30,13:45,Hirsch,10,10,20
2026.06.01,13:45,14:00,Hirsch,6,9,15
2026.06.01,14:00,14:15,Hirsch,9,5,14
2026.06.01,14:15,14:30,Hirsch,17,4,21
2026.06.01,14:30,14:45,Hirsch,4,6,10
2026.06.01,14:45,15:00,Hirsch,13,2,15
2026.06.01,15:00,15:15,Hirsch,17,9,26
2026.06.01,15:15,15:30,Hirsch,16,5,21
2026.06.01,15:30,15:45,Hirsch,15,8,23
2026.06.01,15:45,16:00,Hirsch,22,8,30
2026.06.01,16:00,16:15,Hirsch,24,19,43
2026.06.01,16:15,16:30,Hirsch,33,9,42
2026.06.01,16:30,16:45,Hirsch,29,9,38
2026.06.01,16:45,17:00,Hirsch,29,15,44
2026.06.01,17:00,17:15,Hirsch,32,13,45
2026.06.01,17:15,17:30,Hirsch,49,12,61
2026.06.01,17:30,17:45,Hirsch,48,18,66
2026.06.01,17:45,18:00,Hirsch,50,16,66
2026.06.01,18:00,18:15,Hirsch,31,21,52
2026.06.01,18:15,18:30,Hirsch,49,22,71
2026.06.01,18:30,18:45,Hirsch,38,17,55
2026.06.01,18:45,19:00,Hirsch,27,7,34
2026.06.01,19:00,19:15,Hirsch,28,18,46
2026.06.01,19:15,19:30,Hirsch,20,10,30
2026.06.01,19:30,19:45,Hirsch,24,10,34
2026.06.01,19:45,20:00,Hirsch,23,6,29
2026.06.01,20:00,20:15,Hirsch,9,10,19
2026.06.01,20:15,20:30,Hirsch,22,10,32
2026.06.01,20:30,20:45,Hirsch,16,13,29
2026.06.01,20:45,21:00,Hirsch,7,5,12
2026.06.01,21:00,21:15,Hirsch,13,7,20
2026.06.01,21:15,21:30,Hirsch,6,7,13
2026.06.01,21:30,21:45,Hirsch,10,5,15
2026.06.01,21:45,22:00,Hirsch,11,2,13
2026.06.01,22:00,22:15,Hirsch,5,0,5
2026.06.01,22:15,22:30,Hirsch,5,5,10
2026.06.01,22:30,22:45,Hirsch,5,1,6
2026.06.01,22:45,23:00,Hirsch,12,0,12
2026.06.01,23:00,23:15,Hirsch,7,1,8
2026.06.01,23:15,23:30,Hirsch,4,1,5
2026.06.01,23:30,23:45,Hirsch,3,0,3
2026.06.01,23:45,00:00,Hirsch,2,0,2
2026.06.02,00:00,00:15,Hirsch,1,1,2
2026.06.02,00:15,00:30,Hirsch,0,0,0
2026.06.02,00:30,00:45,Hirsch,3,0,3
2026.06.02,00:45,01:00,Hirsch,1,0,1
2026.06.02,01:00,01:15,Hirsch,1,0,1
2026.06.02,01:15,01:30,Hirsch,0,0,0
2026.06.02,01:30,01:45,Hirsch,0,0,0
2026.06.02,01:45,02:00,Hirsch,2,0,2
2026.06.02,02:00,02:15,Hirsch,0,0,0
2026.06.02,02:15,02:30,Hirsch,0,0,0
2026.06.02,02:30,02:45,Hirsch,0,0,0
2026.06.02,02:45,03:00,Hirsch,0,0,0
2026.06.02,03:00,03:15,Hirsch,0,0,0
2026.06.02,03:15,03:30,Hirsch,0,0,0
2026.06.02,03:30,03:45,Hirsch,0,0,0
2026.06.02,03:45,04:00,Hirsch,0,0,0
2026.06.02,04:00,04:15,Hirsch,0,0,0
2026.06.02,04:15,04:30,Hirsch,0,0,0
2026.06.02,04:30,04:45,Hirsch,0,0,0
2026.06.02,04:45,05:00,Hirsch,1,0,1
2026.06.02,05:00,05:15,Hirsch,0,2,2
2026.06.02,05:15,05:30,Hirsch,0,5,5
2026.06.02,05:30,05:45,Hirsch,1,8,9
2026.06.02,05:45,06:00,Hirsch,0,4,4
2026.06.02,06:00,06:15,Hirsch,3,7,10
2026.06.02,06:15,06:30,Hirsch,1,8,9
2026.06.02,06:30,06:45,Hirsch,5,19,24
2026.06.02,06:45,07:00,Hirsch,7,25,32
2026.06.02,07:00,07:15,Hirsch,2,37,39
2026.06.02,07:15,07:30,Hirsch,4,47,51
2026.06.02,07:30,07:45,Hirsch,14,67,81
2026.06.02,07:45,08:00,Hirsch,13,64,77
2026.06.02,08:00,08:15,Hirsch,20,75,95
2026.06.02,08:15,08:30,Hirsch,21,72,93
2026.06.02,08:30,08:45,Hirsch,10,63,73
2026.06.02,08:45,09:00,Hirsch,14,56,70
2026.06.02,09:00,09:15,Hirsch,4,43,47
2026.06.02,09:15,09:30,Hirsch,9,35,44
2026.06.02,09:30,09:45,Hirsch,5,23,28
2026.06.02,09:45,10:00,Hirsch,4,17,21
2026.06.02,10:00,10:15,Hirsch,2,19,21
2026.06.02,10:15,10:30,Hirsch,8,16,24
2026.06.02,10:30,10:45,Hirsch,6,12,18
2026.06.02,10:45,11:00,Hirsch,3,10,13
2026.06.02,11:00,11:15,Hirsch,10,3,13
2026.06.02,11:15,11:30,Hirsch,3,14,17
2026.06.02,11:30,11:45,Hirsch,9,11,20
2026.06.02,11:45,12:00,Hirsch,6,8,14
2026.06.02,12:00,12:15,Hirsch,8,9,17
2026.06.02,12:15,12:30,Hirsch,5,10,15
2026.06.02,12:30,12:45,Hirsch,16,6,22
2026.06.02,12:45,13:00,Hirsch,9,7,16
2026.06.02,13:00,13:15,Hirsch,15,9,24
2026.06.02,13:15,13:30,Hirsch,8,13,21
2026.06.02,13:30,13:45,Hirsch,13,7,20
2026.06.02,13:45,14:00,Hirsch,16,3,19
2026.06.02,14:00,14:15,Hirsch,14,9,23
2026.06.02,14:15,14:30,Hirsch,19,10,29
2026.06.02,14:30,14:45,Hirsch,18,6,24
2026.06.02,14:45,15:00,Hirsch,15,3,18
2026.06.02,15:00,15:15,Hirsch,11,17,28
2026.06.02,15:15,15:30,Hirsch,19,12,31
2026.06.02,15:30,15:45,Hirsch,30,10,40
2026.06.02,15:45,16:00,Hirsch,20,10,30
2026.06.02,16:00,16:15,Hirsch,23,12,35
2026.06.02,16:15,16:30,Hirsch,33,13,46
2026.06.02,16:30,16:45,Hirsch,40,1,41
2026.06.02,16:45,17:00,Hirsch,35,9,44
2026.06.02,17:00,17:15,Hirsch,39,12,51
2026.06.02,17:15,17:30,Hirsch,50,20,70
2026.06.02,17:30,17:45,Hirsch,52,19,71
2026.06.02,17:45,18:00,Hirsch,39,9,48
2026.06.02,18:00,18:15,Hirsch,63,11,74
2026.06.02,18:15,18:30,Hirsch,38,27,65
2026.06.02,18:30,18:45,Hirsch,45,12,57
2026.06.02,18:45,19:00,Hirsch,39,8,47
2026.06.02,19:00,19:15,Hirsch,33,6,39
2026.06.02,19:15,19:30,Hirsch,18,12,30
2026.06.02,19:30,19:45,Hirsch,12,1,13
2026.06.02,19:45,20:00,Hirsch,20,2,22
2026.06.02,20:00,20:15,Hirsch,9,2,11
2026.06.02,20:15,20:30,Hirsch,2,5,7
2026.06.02,20:30,20:45,Hirsch,7,1,8
2026.06.02,20:45,21:00,Hirsch,6,0,6
2026.06.02,21:00,21:15,Hirsch,6,1,7
2026.06.02,21:15,21:30,Hirsch,8,0,8
2026.06.02,21:30,21:45,Hirsch,6,0,6
2026.06.02,21:45,22:00,Hirsch,2,1,3
2026.06.02,22:00,22:15,Hirsch,2,0,2
2026.06.02,22:15,22:30,Hirsch,4,3,7
2026.06.02,22:30,22:45,Hirsch,1,1,2
2026.06.02,22:45,23:00,Hirsch,2,0,2
2026.06.02,23:00,23:15,Hirsch,3,2,5
2026.06.02,23:15,23:30,Hirsch,3,0,3
2026.06.02,23:30,23:45,Hirsch,2,2,4
2026.06.02,23:45,00:00,Hirsch,1,0,1
2026.06.03,00:00,00:15,Hirsch,2,1,3
2026.06.03,00:15,00:30,Hirsch,1,0,1
2026.06.03,00:30,00:45,Hirsch,1,0,1
2026.06.03,00:45,01:00,Hirsch,1,0,1
2026.06.03,01:00,01:15,Hirsch,0,0,0
2026.06.03,01:15,01:30,Hirsch,1,0,1
2026.06.03,01:30,01:45,Hirsch,1,1,2
2026.06.03,01:45,02:00,Hirsch,0,0,0
2026.06.03,02:00,02:15,Hirsch,0,0,0
2026.06.03,02:15,02:30,Hirsch,0,0,0
2026.06.03,02:30,02:45,Hirsch,0,0,0
2026.06.03,02:45,03:00,Hirsch,0,0,0
2026.06.03,03:00,03:15,Hirsch,0,0,0
2026.06.03,03:15,03:30,Hirsch,0,0,0
2026.06.03,03:30,03:45,Hirsch,0,0,0
2026.06.03,03:45,04:00,Hirsch,0,1,1
2026.06.03,04:00,04:15,Hirsch,0,0,0
2026.06.03,04:15,04:30,Hirsch,0,0,0
2026.06.03,04:30,04:45,Hirsch,0,0,0
2026.06.03,04:45,05:00,Hirsch,0,0,0
2026.06.03,05:00,05:15,Hirsch,0,1,1
2026.06.03,05:15,05:30,Hirsch,0,2,2
2026.06.03,05:30,05:45,Hirsch,0,2,2
2026.06.03,05:45,06:00,Hirsch,0,6,6
2026.06.03,06:00,06:15,Hirsch,1,4,5
2026.06.03,06:15,06:30,Hirsch,1,6,7
2026.06.03,06:30,06:45,Hirsch,1,12,13
2026.06.03,06:45,07:00,Hirsch,4,25,29
2026.06.03,07:00,07:15,Hirsch,5,26,31
2026.06.03,07:15,07:30,Hirsch,3,34,37
2026.06.03,07:30,07:45,Hirsch,7,28,35
2026.06.03,07:45,08:00,Hirsch,8,48,56
2026.06.03,08:00,08:15,Hirsch,5,34,39
2026.06.03,08:15,08:30,Hirsch,11,46,57
2026.06.03,08:30,08:45,Hirsch,8,30,38
2026.06.03,08:45,09:00,Hirsch,8,21,29
2026.06.03,09:00,09:15,Hirsch,1,20,21
2026.06.03,09:15,09:30,Hirsch,7,21,28
2026.06.03,09:30,09:45,Hirsch,9,24,33
2026.06.03,09:45,10:00,Hirsch,5,13,18
2026.06.03,10:00,10:15,Hirsch,5,14,19
2026.06.03,10:15,10:30,Hirsch,2,9,11
2026.06.03,10:30,10:45,Hirsch,3,18,21
2026.06.03,10:45,11:00,Hirsch,6,11,17
2026.06.03,11:00,11:15,Hirsch,1,3,4
2026.06.03,11:15,11:30,Hirsch,0,4,4
2026.06.03,11:30,11:45,Hirsch,6,8,14
2026.06.03,11:45,12:00,Hirsch,2,3,5
2026.06.03,12:00,12:15,Hirsch,4,2,6
2026.06.03,12:15,12:30,Hirsch,2,1,3
2026.06.03,12:30,12:45,Hirsch,3,3,6
2026.06.03,12:45,13:00,Hirsch,6,6,12
2026.06.03,13:00,13:15,Hirsch,7,4,11
2026.06.03,13:15,13:30,Hirsch,9,6,15
2026.06.03,13:30,13:45,Hirsch,8,3,11
2026.06.03,13:45,14:00,Hirsch,8,2,10
2026.06.03,14:00,14:15,Hirsch,7,6,13
2026.06.03,14:15,14:30,Hirsch,10,7,17
2026.06.03,14:30,14:45,Hirsch,13,6,19
2026.06.03,14:45,15:00,Hirsch,5,3,8
2026.06.03,15:00,15:15,Hirsch,9,7,16
2026.06.03,15:15,15:30,Hirsch,8,1,9
2026.06.03,15:30,15:45,Hirsch,23,9,32
2026.06.03,15:45,16:00,Hirsch,17,5,22
2026.06.03,16:00,16:15,Hirsch,16,2,18
2026.06.03,16:15,16:30,Hirsch,20,3,23
2026.06.03,16:30,16:45,Hirsch,11,4,15
2026.06.03,16:45,17:00,Hirsch,21,10,31
2026.06.03,17:00,17:15,Hirsch,29,9,38
2026.06.03,17:15,17:30,Hirsch,32,14,46
2026.06.03,17:30,17:45,Hirsch,21,11,32
2026.06.03,17:45,18:00,Hirsch,31,8,39
2026.06.03,18:00,18:15,Hirsch,36,8,44
2026.06.03,18:15,18:30,Hirsch,28,8,36
2026.06.03,18:30,18:45,Hirsch,19,16,35
2026.06.03,18:45,19:00,Hirsch,14,7,21
2026.06.03,19:00,19:15,Hirsch,23,2,25
2026.06.03,19:15,19:30,Hirsch,20,15,35
2026.06.03,19:30,19:45,Hirsch,17,10,27
2026.06.03,19:45,20:00,Hirsch,10,0,10
2026.06.03,20:00,20:15,Hirsch,15,6,21
2026.06.03,20:15,20:30,Hirsch,10,7,17
2026.06.03,20:30,20:45,Hirsch,4,2,6
2026.06.03,20:45,21:00,Hirsch,5,0,5
2026.06.03,21:00,21:15,Hirsch,4,7,11
2026.06.03,21:15,21:30,Hirsch,5,1,6
2026.06.03,21:30,21:45,Hirsch,2,2,4
2026.06.03,21:45,22:00,Hirsch,3,3,6
2026.06.03,22:00,22:15,Hirsch,5,2,7
2026.06.03,22:15,22:30,Hirsch,9,3,12
2026.06.03,22:30,22:45,Hirsch,2,1,3
2026.06.03,22:45,23:00,Hirsch,1,0,1
2026.06.03,23:00,23:15,Hirsch,6,1,7
2026.06.03,23:15,23:30,Hirsch,2,0,2
2026.06.03,23:30,23:45,Hirsch,3,1,4
2026.06.03,23:45,00:00,Hirsch,2,1,3
2026.06.04,00:00,00:15,Hirsch,5,3,8
2026.06.04,00:15,00:30,Hirsch,6,0,6
2026.06.04,00:30,00:45,Hirsch,1,0,1
2026.06.04,00:45,01:00,Hirsch,1,0,1
2026.06.04,01:00,01:15,Hirsch,1,0,1
2026.06.04,01:15,01:30,Hirsch,1,0,1
2026.06.04,01:30,01:45,Hirsch,0,0,0
2026.06.04,01:45,02:00,Hirsch,0,0,0
2026.06.04,02:00,02:15,Hirsch,1,0,1
2026.06.04,02:15,02:30,Hirsch,0,0,0
2026.06.04,02:30,02:45,Hirsch,0,0,0
2026.06.04,02:45,03:00,Hirsch,0,0,0
2026.06.04,03:00,03:15,Hirsch,0,0,0
2026.06.04,03:15,03:30,Hirsch,0,0,0
2026.06.04,03:30,03:45,Hirsch,0,0,0
2026.06.04,03:45,04:00,Hirsch,0,1,1
2026.06.04,04:00,04:15,Hirsch,0,1,1
2026.06.04,04:15,04:30,Hirsch,0,0,0
2026.06.04,04:30,04:45,Hirsch,0,0,0
2026.06.04,04:45,05:00,Hirsch,0,0,0
2026.06.04,05:00,05:15,Hirsch,0,0,0
2026.06.04,05:15,05:30,Hirsch,2,2,4
2026.06.04,05:30,05:45,Hirsch,0,0,0
2026.06.04,05:45,06:00,Hirsch,1,1,2
2026.06.04,06:00,06:15,Hirsch,0,1,1
2026.06.04,06:15,06:30,Hirsch,1,2,3
2026.06.04,06:30,06:45,Hirsch,0,1,1
2026.06.04,06:45,07:00,Hirsch,1,4,5
2026.06.04,07:00,07:15,Hirsch,0,2,2
2026.06.04,07:15,07:30,Hirsch,1,2,3
2026.06.04,07:30,07:45,Hirsch,1,2,3
2026.06.04,07:45,08:00,Hirsch,1,0,1
2026.06.04,08:00,08:15,Hirsch,2,9,11
2026.06.04,08:15,08:30,Hirsch,3,4,7
2026.06.04,08:30,08:45,Hirsch,2,6,8
2026.06.04,08:45,09:00,Hirsch,2,10,12
2026.06.04,09:00,09:15,Hirsch,3,11,14
2026.06.04,09:15,09:30,Hirsch,5,7,12
2026.06.04,09:30,09:45,Hirsch,7,8,15
2026.06.04,09:45,10:00,Hirsch,5,10,15
2026.06.04,10:00,10:15,Hirsch,6,17,23
2026.06.04,10:15,10:30,Hirsch,17,13,30
2026.06.04,10:30,10:45,Hirsch,13,5,18
2026.06.04,10:45,11:00,Hirsch,7,18,25
2026.06.04,11:00,11:15,Hirsch,8,6,14
2026.06.04,11:15,11:30,Hirsch,15,7,22
2026.06.04,11:30,11:45,Hirsch,5,12,17
2026.06.04,11:45,12:00,Hirsch,20,13,33
2026.06.04,12:00,12:15,Hirsch,7,6,13
2026.06.04,12:15,12:30,Hirsch,18,13,31
2026.06.04,12:30,12:45,Hirsch,14,11,25
2026.06.04,12:45,13:00,Hirsch,15,18,33
2026.06.04,13:00,13:15,Hirsch,9,11,20
2026.06.04,13:15,13:30,Hirsch,9,8,17
2026.06.04,13:30,13:45,Hirsch,14,22,36
2026.06.04,13:45,14:00,Hirsch,11,7,18
2026.06.04,14:00,14:15,Hirsch,15,10,25
2026.06.04,14:15,14:30,Hirsch,11,26,37
2026.06.04,14:30,14:45,Hirsch,11,15,26
2026.06.04,14:45,15:00,Hirsch,14,18,32
2026.06.04,15:00,15:15,Hirsch,13,6,19
2026.06.04,15:15,15:30,Hirsch,22,8,30
2026.06.04,15:30,15:45,Hirsch,6,13,19
2026.06.04,15:45,16:00,Hirsch,11,12,23
2026.06.04,16:00,16:15,Hirsch,29,10,39
2026.06.04,16:15,16:30,Hirsch,13,10,23
2026.06.04,16:30,16:45,Hirsch,22,10,32
2026.06.04,16:45,17:00,Hirsch,15,19,34
2026.06.04,17:00,17:15,Hirsch,16,9,25
2026.06.04,17:15,17:30,Hirsch,24,18,42
2026.06.04,17:30,17:45,Hirsch,18,13,31
2026.06.04,17:45,18:00,Hirsch,20,16,36
2026.06.04,18:00,18:15,Hirsch,10,11,21
2026.06.04,18:15,18:30,Hirsch,8,5,13
2026.06.04,18:30,18:45,Hirsch,8,7,15
2026.06.04,18:45,19:00,Hirsch,3,21,24
2026.06.04,19:00,19:15,Hirsch,11,3,14
2026.06.04,19:15,19:30,Hirsch,8,1,9
2026.06.04,19:30,19:45,Hirsch,4,0,4
2026.06.04,19:45,20:00,Hirsch,1,2,3
2026.06.04,20:00,20:15,Hirsch,0,0,0
2026.06.04,20:15,20:30,Hirsch,1,0,1
2026.06.04,20:30,20:45,Hirsch,0,0,0
2026.06.04,20:45,21:00,Hirsch,2,1,3
2026.06.04,21:00,21:15,Hirsch,2,1,3
2026.06.04,21:15,21:30,Hirsch,3,2,5
2026.06.04,21:30,21:45,Hirsch,0,1,1
2026.06.04,21:45,22:00,Hirsch,0,1,1
2026.06.04,22:00,22:15,Hirsch,2,0,2
2026.06.04,22:15,22:30,Hirsch,1,0,1
2026.06.04,22:30,22:45,Hirsch,0,0,0
2026.06.04,22:45,23:00,Hirsch,0,1,1
2026.06.04,23:00,23:15,Hirsch,0,1,1
2026.06.04,23:15,23:30,Hirsch,1,0,1
2026.06.04,23:30,23:45,Hirsch,1,0,1
2026.06.04,23:45,00:00,Hirsch,2,0,2
2026.06.05,00:00,00:15,Hirsch,1,0,1
2026.06.05,00:15,00:30,Hirsch,1,0,1
2026.06.05,00:30,00:45,Hirsch,0,1,1
2026.06.05,00:45,01:00,Hirsch,0,0,0
2026.06.05,01:00,01:15,Hirsch,0,0,0
2026.06.05,01:15,01:30,Hirsch,0,0,0
2026.06.05,01:30,01:45,Hirsch,0,0,0
2026.06.05,01:45,02:00,Hirsch,0,0,0
2026.06.05,02:00,02:15,Hirsch,0,0,0
2026.06.05,02:15,02:30,Hirsch,0,0,0
2026.06.05,02:30,02:45,Hirsch,0,0,0
2026.06.05,02:45,03:00,Hirsch,0,0,0
2026.06.05,03:00,03:15,Hirsch,0,0,0
2026.06.05,03:15,03:30,Hirsch,0,0,0
2026.06.05,03:30,03:45,Hirsch,0,0,0
2026.06.05,03:45,04:00,Hirsch,0,0,0
2026.06.05,04:00,04:15,Hirsch,0,0,0
2026.06.05,04:15,04:30,Hirsch,0,0,0
2026.06.05,04:30,04:45,Hirsch,0,0,0
2026.06.05,04:45,05:00,Hirsch,0,0,0
2026.06.05,05:00,05:15,Hirsch,0,0,0
2026.06.05,05:15,05:30,Hirsch,0,3,3
2026.06.05,05:30,05:45,Hirsch,0,2,2
2026.06.05,05:45,06:00,Hirsch,0,4,4
2026.06.05,06:00,06:15,Hirsch,0,0,0
2026.06.05,06:15,06:30,Hirsch,1,2,3
2026.06.05,06:30,06:45,Hirsch,0,3,3
2026.06.05,06:45,07:00,Hirsch,3,6,9
2026.06.05,07:00,07:15,Hirsch,0,10,10
2026.06.05,07:15,07:30,Hirsch,1,8,9
2026.06.05,07:30,07:45,Hirsch,0,22,22
2026.06.05,07:45,08:00,Hirsch,0,11,11
2026.06.05,08:00,08:15,Hirsch,2,11,13
2026.06.05,08:15,08:30,Hirsch,1,16,17
2026.06.05,08:30,08:45,Hirsch,3,12,15
2026.06.05,08:45,09:00,Hirsch,2,12,14
2026.06.05,09:00,09:15,Hirsch,2,13,15
2026.06.05,09:15,09:30,Hirsch,1,12,13
2026.06.05,09:30,09:45,Hirsch,1,12,13
2026.06.05,09:45,10:00,Hirsch,4,9,13
2026.06.05,10:00,10:15,Hirsch,5,7,12
2026.06.05,10:15,10:30,Hirsch,7,11,18
2026.06.05,10:30,10:45,Hirsch,3,6,9
2026.06.05,10:45,11:00,Hirsch,3,8,11
2026.06.05,11:00,11:15,Hirsch,1,2,3
2026.06.05,11:15,11:30,Hirsch,8,11,19
2026.06.05,11:30,11:45,Hirsch,12,9,21
2026.06.05,11:45,12:00,Hirsch,5,5,10
2026.06.05,12:00,12:15,Hirsch,3,3,6
2026.06.05,12:15,12:30,Hirsch,14,4,18
2026.06.05,12:30,12:45,Hirsch,5,3,8
2026.06.05,12:45,13:00,Hirsch,5,10,15
2026.06.05,13:00,13:15,Hirsch,6,2,8
2026.06.05,13:15,13:30,Hirsch,4,11,15
2026.06.05,13:30,13:45,Hirsch,9,13,22
2026.06.05,13:45,14:00,Hirsch,7,9,16
2026.06.05,14:00,14:15,Hirsch,8,4,12
2026.06.05,14:15,14:30,Hirsch,5,3,8
2026.06.05,14:30,14:45,Hirsch,11,11,22
2026.06.05,14:45,15:00,Hirsch,11,5,16
2026.06.05,15:00,15:15,Hirsch,10,7,17
2026.06.05,15:15,15:30,Hirsch,12,15,27
2026.06.05,15:30,15:45,Hirsch,17,8,25
2026.06.05,15:45,16:00,Hirsch,15,6,21
2026.06.05,16:00,16:15,Hirsch,10,17,27
2026.06.05,16:15,16:30,Hirsch,18,11,29
2026.06.05,16:30,16:45,Hirsch,7,24,31
2026.06.05,16:45,17:00,Hirsch,17,8,25
2026.06.05,17:00,17:15,Hirsch,12,7,19
2026.06.05,17:15,17:30,Hirsch,20,19,39
2026.06.05,17:30,17:45,Hirsch,21,9,30
2026.06.05,17:45,18:00,Hirsch,8,9,17
2026.06.05,18:00,18:15,Hirsch,19,12,31
2026.06.05,18:15,18:30,Hirsch,12,12,24
2026.06.05,18:30,18:45,Hirsch,17,12,29
2026.06.05,18:45,19:00,Hirsch,7,7,14
2026.06.05,19:00,19:15,Hirsch,12,10,22
2026.06.05,19:15,19:30,Hirsch,9,8,17
2026.06.05,19:30,19:45,Hirsch,15,12,27
2026.06.05,19:45,20:00,Hirsch,22,7,29
2026.06.05,20:00,20:15,Hirsch,9,8,17
2026.06.05,20:15,20:30,Hirsch,4,6,10
2026.06.05,20:30,20:45,Hirsch,9,3,12
2026.06.05,20:45,21:00,Hirsch,7,4,11
2026.06.05,21:00,21:15,Hirsch,5,8,13
2026.06.05,21:15,21:30,Hirsch,1,2,3
2026.06.05,21:30,21:45,Hirsch,12,4,16
2026.06.05,21:45,22:00,Hirsch,8,1,9
2026.06.05,22:00,22:15,Hirsch,4,5,9
2026.06.05,22:15,22:30,Hirsch,3,0,3
2026.06.05,22:30,22:45,Hirsch,3,1,4
2026.06.05,22:45,23:00,Hirsch,8,0,8
2026.06.05,23:00,23:15,Hirsch,4,6,10
2026.06.05,23:15,23:30,Hirsch,5,4,9
2026.06.05,23:30,23:45,Hirsch,7,1,8
2026.06.05,23:45,00:00,Hirsch,3,2,5
2026.06.06,00:00,00:15,Hirsch,3,1,4
2026.06.06,00:15,00:30,Hirsch,1,1,2
2026.06.06,00:30,00:45,Hirsch,0,0,0
2026.06.06,00:45,01:00,Hirsch,3,3,6
2026.06.06,01:00,01:15,Hirsch,1,2,3
2026.06.06,01:15,01:30,Hirsch,3,0,3
2026.06.06,01:30,01:45,Hirsch,1,1,2
2026.06.06,01:45,02:00,Hirsch,0,0,0
2026.06.06,02:00,02:15,Hirsch,1,0,1
2026.06.06,02:15,02:30,Hirsch,0,0,0
2026.06.06,02:30,02:45,Hirsch,0,0,0
2026.06.06,02:45,03:00,Hirsch,0,0,0
2026.06.06,03:00,03:15,Hirsch,0,0,0
2026.06.06,03:15,03:30,Hirsch,0,0,0
2026.06.06,03:30,03:45,Hirsch,0,0,0
2026.06.06,03:45,04:00,Hirsch,0,2,2
2026.06.06,04:00,04:15,Hirsch,0,0,0
2026.06.06,04:15,04:30,Hirsch,0,0,0
2026.06.06,04:30,04:45,Hirsch,1,0,1
2026.06.06,04:45,05:00,Hirsch,1,0,1
2026.06.06,05:00,05:15,Hirsch,0,1,1
2026.06.06,05:15,05:30,Hirsch,0,0,0
2026.06.06,05:30,05:45,Hirsch,2,1,3
2026.06.06,05:45,06:00,Hirsch,0,0,0
2026.06.06,06:00,06:15,Hirsch,0,1,1
2026.06.06,06:15,06:30,Hirsch,0,2,2
2026.06.06,06:30,06:45,Hirsch,0,0,0
2026.06.06,06:45,07:00,Hirsch,0,1,1
2026.06.06,07:00,07:15,Hirsch,0,3,3
2026.06.06,07:15,07:30,Hirsch,2,1,3
2026.06.06,07:30,07:45,Hirsch,0,1,1
2026.06.06,07:45,08:00,Hirsch,0,1,1
2026.06.06,08:00,08:15,Hirsch,2,2,4
2026.06.06,08:15,08:30,Hirsch,0,3,3
2026.06.06,08:30,08:45,Hirsch,7,8,15
2026.06.06,08:45,09:00,Hirsch,1,6,7
2026.06.06,09:00,09:15,Hirsch,1,8,9
2026.06.06,09:15,09:30,Hirsch,4,1,5
2026.06.06,09:30,09:45,Hirsch,3,9,12
2026.06.06,09:45,10:00,Hirsch,9,11,20
2026.06.06,10:00,10:15,Hirsch,1,12,13
2026.06.06,10:15,10:30,Hirsch,5,11,16
2026.06.06,10:30,10:45,Hirsch,8,14,22
2026.06.06,10:45,11:00,Hirsch,6,10,16
2026.06.06,11:00,11:15,Hirsch,13,7,20
2026.06.06,11:15,11:30,Hirsch,11,13,24
2026.06.06,11:30,11:45,Hirsch,4,5,9
2026.06.06,11:45,12:00,Hirsch,11,19,30
2026.06.06,12:00,12:15,Hirsch,16,14,30
2026.06.06,12:15,12:30,Hirsch,7,14,21
2026.06.06,12:30,12:45,Hirsch,20,14,34
2026.06.06,12:45,13:00,Hirsch,11,10,21
2026.06.06,13:00,13:15,Hirsch,16,16,32
2026.06.06,13:15,13:30,Hirsch,12,16,28
2026.06.06,13:30,13:45,Hirsch,20,14,34
2026.06.06,13:45,14:00,Hirsch,17,14,31
2026.06.06,14:00,14:15,Hirsch,10,15,25
2026.06.06,14:15,14:30,Hirsch,12,12,24
2026.06.06,14:30,14:45,Hirsch,16,11,27
2026.06.06,14:45,15:00,Hirsch,25,12,37
2026.06.06,15:00,15:15,Hirsch,12,12,24
2026.06.06,15:15,15:30,Hirsch,12,16,28
2026.06.06,15:30,15:45,Hirsch,9,6,15
2026.06.06,15:45,16:00,Hirsch,21,16,37
2026.06.06,16:00,16:15,Hirsch,8,33,41
2026.06.06,16:15,16:30,Hirsch,11,15,26
2026.06.06,16:30,16:45,Hirsch,20,16,36
2026.06.06,16:45,17:00,Hirsch,13,13,26
2026.06.06,17:00,17:15,Hirsch,18,11,29
2026.06.06,17:15,17:30,Hirsch,21,7,28
2026.06.06,17:30,17:45,Hirsch,13,7,20
2026.06.06,17:45,18:00,Hirsch,12,10,22
2026.06.06,18:00,18:15,Hirsch,14,15,29
2026.06.06,18:15,18:30,Hirsch,14,13,27
2026.06.06,18:30,18:45,Hirsch,14,8,22
2026.06.06,18:45,19:00,Hirsch,14,13,27
2026.06.06,19:00,19:15,Hirsch,15,8,23
2026.06.06,19:15,19:30,Hirsch,12,5,17
2026.06.06,19:30,19:45,Hirsch,9,9,18
2026.06.06,19:45,20:00,Hirsch,8,10,18
2026.06.06,20:00,20:15,Hirsch,7,14,21
2026.06.06,20:15,20:30,Hirsch,10,9,19
2026.06.06,20:30,20:45,Hirsch,2,4,6
2026.06.06,20:45,21:00,Hirsch,4,4,8
2026.06.06,21:00,21:15,Hirsch,8,5,13
2026.06.06,21:15,21:30,Hirsch,5,4,9
2026.06.06,21:30,21:45,Hirsch,8,1,9
2026.06.06,21:45,22:00,Hirsch,9,8,17
2026.06.06,22:00,22:15,Hirsch,11,1,12
2026.06.06,22:15,22:30,Hirsch,9,0,9
2026.06.06,22:30,22:45,Hirsch,8,3,11
2026.06.06,22:45,23:00,Hirsch,8,3,11
2026.06.06,23:00,23:15,Hirsch,3,4,7
2026.06.06,23:15,23:30,Hirsch,6,0,6
2026.06.06,23:30,23:45,Hirsch,2,1,3
2026.06.06,23:45,00:00,Hirsch,3,4,7
2026.06.07,00:00,00:15,Hirsch,3,5,8
2026.06.07,00:15,00:30,Hirsch,1,2,3
2026.06.07,00:30,00:45,Hirsch,0,2,2
2026.06.07,00:45,01:00,Hirsch,3,0,3
2026.06.07,01:00,01:15,Hirsch,3,0,3
2026.06.07,01:15,01:30,Hirsch,1,0,1
2026.06.07,01:30,01:45,Hirsch,1,0,1
2026.06.07,01:45,02:00,Hirsch,1,0,1
2026.06.07,02:00,02:15,Hirsch,1,0,1
2026.06.07,02:15,02:30,Hirsch,0,0,0
2026.06.07,02:30,02:45,Hirsch,0,0,0
2026.06.07,02:45,03:00,Hirsch,1,0,1
2026.06.07,03:00,03:15,Hirsch,0,0,0
2026.06.07,03:15,03:30,Hirsch,0,0,0
2026.06.07,03:30,03:45,Hirsch,0,0,0
2026.06.07,03:45,04:00,Hirsch,0,0,0
2026.06.07,04:00,04:15,Hirsch,0,1,1
2026.06.07,04:15,04:30,Hirsch,0,0,0
2026.06.07,04:30,04:45,Hirsch,2,1,3
2026.06.07,04:45,05:00,Hirsch,0,0,0
2026.06.07,05:00,05:15,Hirsch,0,0,0
2026.06.07,05:15,05:30,Hirsch,0,1,1
2026.06.07,05:30,05:45,Hirsch,0,0,0
2026.06.07,05:45,06:00,Hirsch,1,0,1
2026.06.07,06:00,06:15,Hirsch,0,0,0
2026.06.07,06:15,06:30,Hirsch,0,2,2
2026.06.07,06:30,06:45,Hirsch,0,0,0
2026.06.07,06:45,07:00,Hirsch,0,1,1
2026.06.07,07:00,07:15,Hirsch,1,1,2
2026.06.07,07:15,07:30,Hirsch,0,3,3
2026.06.07,07:30,07:45,Hirsch,0,3,3
2026.06.07,07:45,08:00,Hirsch,1,2,3
2026.06.07,08:00,08:15,Hirsch,1,1,2
2026.06.07,08:15,08:30,Hirsch,3,1,4
2026.06.07,08:30,08:45,Hirsch,3,5,8
2026.06.07,08:45,09:00,Hirsch,1,3,4
2026.06.07,09:00,09:15,Hirsch,0,6,6
2026.06.07,09:15,09:30,Hirsch,2,12,14
2026.06.07,09:30,09:45,Hirsch,4,12,16
2026.06.07,09:45,10:00,Hirsch,7,10,17
2026.06.07,10:00,10:15,Hirsch,8,4,12
2026.06.07,10:15,10:30,Hirsch,2,5,7
2026.06.07,10:30,10:45,Hirsch,7,9,16
2026.06.07,10:45,11:00,Hirsch,10,9,19
2026.06.07,11:00,11:15,Hirsch,9,21,30
2026.06.07,11:15,11:30,Hirsch,8,4,12
2026.06.07,11:30,11:45,Hirsch,11,9,20
2026.06.07,11:45,12:00,Hirsch,17,11,28
2026.06.07,12:00,12:15,Hirsch,12,13,25
2026.06.07,12:15,12:30,Hirsch,10,11,21
2026.06.07,12:30,12:45,Hirsch,18,17,35
2026.06.07,12:45,13:00,Hirsch,9,16,25
2026.06.07,13:00,13:15,Hirsch,25,15,40
2026.06.07,13:15,13:30,Hirsch,25,9,34
2026.06.07,13:30,13:45,Hirsch,20,23,43
2026.06.07,13:45,14:00,Hirsch,12,11,23
2026.06.07,14:00,14:15,Hirsch,16,14,30
2026.06.07,14:15,14:30,Hirsch,20,15,35
2026.06.07,14:30,14:45,Hirsch,18,16,34
2026.06.07,14:45,15:00,Hirsch,22,15,37
2026.06.07,15:00,15:15,Hirsch,8,11,19
2026.06.07,15:15,15:30,Hirsch,22,13,35
2026.06.07,15:30,15:45,Hirsch,31,12,43
2026.06.07,15:45,16:00,Hirsch,3,9,12
2026.06.07,16:00,16:15,Hirsch,22,16,38
2026.06.07,16:15,16:30,Hirsch,19,22,41
2026.06.07,16:30,16:45,Hirsch,23,11,34
2026.06.07,16:45,17:00,Hirsch,18,18,36
2026.06.07,17:00,17:15,Hirsch,7,15,22
2026.06.07,17:15,17:30,Hirsch,14,17,31
2026.06.07,17:30,17:45,Hirsch,18,19,37
2026.06.07,17:45,18:00,Hirsch,24,13,37
2026.06.07,18:00,18:15,Hirsch,9,22,31
2026.06.07,18:15,18:30,Hirsch,17,9,26
2026.06.07,18:30,18:45,Hirsch,20,23,43
2026.06.07,18:45,19:00,Hirsch,12,10,22
2026.06.07,19:00,19:15,Hirsch,9,7,16
2026.06.07,19:15,19:30,Hirsch,17,19,36
2026.06.07,19:30,19:45,Hirsch,12,11,23
2026.06.07,19:45,20:00,Hirsch,15,10,25
2026.06.07,20:00,20:15,Hirsch,12,8,20
2026.06.07,20:15,20:30,Hirsch,5,7,12
2026.06.07,20:30,20:45,Hirsch,9,10,19
2026.06.07,20:45,21:00,Hirsch,10,12,22
2026.06.07,21:00,21:15,Hirsch,6,1,7
2026.06.07,21:15,21:30,Hirsch,7,5,12
2026.06.07,21:30,21:45,Hirsch,4,3,7
2026.06.07,21:45,22:00,Hirsch,10,2,12
2026.06.07,22:00,22:15,Hirsch,10,2,12
2026.06.07,22:15,22:30,Hirsch,7,0,7
2026.06.07,22:30,22:45,Hirsch,3,1,4
2026.06.07,22:45,23:00,Hirsch,1,1,2
2026.06.07,23:00,23:15,Hirsch,2,0,2
2026.06.07,23:15,23:30,Hirsch,4,3,7
2026.06.07,23:30,23:45,Hirsch,3,0,3
2026.06.07,23:45,00:00,Hirsch,0,3,3
2026.06.08,00:00,00:15,Hirsch,1,0,1
2026.06.08,00:15,00:30,Hirsch,0,0,0
2026.06.08,00:30,00:45,Hirsch,0,1,1
2026.06.08,00:45,01:00,Hirsch,0,0,0
2026.06.08,01:00,01:15,Hirsch,0,0,0
2026.06.08,01:15,01:30,Hirsch,0,0,0
2026.06.08,01:30,01:45,Hirsch,1,0,1
2026.06.08,01:45,02:00,Hirsch,0,0,0
2026.06.08,02:00,02:15,Hirsch,1,0,1
2026.06.08,02:15,02:30,Hirsch,0,0,0
2026.06.08,02:30,02:45,Hirsch,0,0,0
2026.06.08,02:45,03:00,Hirsch,0,0,0
2026.06.08,03:00,03:15,Hirsch,0,0,0
2026.06.08,03:15,03:30,Hirsch,1,0,1
2026.06.08,03:30,03:45,Hirsch,0,0,0
2026.06.08,03:45,04:00,Hirsch,0,0,0
2026.06.08,04:00,04:15,Hirsch,0,0,0
2026.06.08,04:15,04:30,Hirsch,0,0,0
2026.06.08,04:30,04:45,Hirsch,0,3,3
2026.06.08,04:45,05:00,Hirsch,0,1,1
2026.06.08,05:00,05:15,Hirsch,0,5,5
2026.06.08,05:15,05:30,Hirsch,1,7,8
2026.06.08,05:30,05:45,Hirsch,1,12,13
2026.06.08,05:45,06:00,Hirsch,1,12,13
2026.06.08,06:00,06:15,Hirsch,1,16,17
2026.06.08,06:15,06:30,Hirsch,2,11,13
2026.06.08,06:30,06:45,Hirsch,4,25,29
2026.06.08,06:45,07:00,Hirsch,4,38,42
2026.06.08,07:00,07:15,Hirsch,7,42,49
2026.06.08,07:15,07:30,Hirsch,11,50,61
2026.06.08,07:30,07:45,Hirsch,17,111,128
2026.06.08,07:45,08:00,Hirsch,20,102,122
2026.06.08,08:00,08:15,Hirsch,9,110,119
2026.06.08,08:15,08:30,Hirsch,24,114,138
2026.06.08,08:30,08:45,Hirsch,24,84,108
2026.06.08,08:45,09:00,Hirsch,9,82,91
2026.06.08,09:00,09:15,Hirsch,5,56,61
2026.06.08,09:15,09:30,Hirsch,8,38,46
2026.06.08,09:30,09:45,Hirsch,14,31,45
2026.06.08,09:45,10:00,Hirsch,7,24,31
2026.06.08,10:00,10:15,Hirsch,13,12,25
2026.06.08,10:15,10:30,Hirsch,4,21,25
2026.06.08,10:30,10:45,Hirsch,5,18,23
2026.06.08,10:45,11:00,Hirsch,8,14,22
2026.06.08,11:00,11:15,Hirsch,4,12,16
2026.06.08,11:15,11:30,Hirsch,12,12,24
2026.06.08,11:30,11:45,Hirsch,11,11,22
2026.06.08,11:45,12:00,Hirsch,7,8,15
2026.06.08,12:00,12:15,Hirsch,12,11,23
2026.06.08,12:15,12:30,Hirsch,18,10,28
2026.06.08,12:30,12:45,Hirsch,8,10,18
2026.06.08,12:45,13:00,Hirsch,7,12,19
2026.06.08,13:00,13:15,Hirsch,14,14,28
2026.06.08,13:15,13:30,Hirsch,19,5,24
2026.06.08,13:30,13:45,Hirsch,25,9,34
2026.06.08,13:45,14:00,Hirsch,17,6,23
2026.06.08,14:00,14:15,Hirsch,19,11,30
2026.06.08,14:15,14:30,Hirsch,18,6,24
2026.06.08,14:30,14:45,Hirsch,33,7,40
2026.06.08,14:45,15:00,Hirsch,16,17,33
2026.06.08,15:00,15:15,Hirsch,29,11,40
2026.06.08,15:15,15:30,Hirsch,34,5,39
2026.06.08,15:30,15:45,Hirsch,53,6,59
2026.06.08,15:45,16:00,Hirsch,30,14,44
2026.06.08,16:00,16:15,Hirsch,48,10,58
2026.06.08,16:15,16:30,Hirsch,48,15,63
2026.06.08,16:30,16:45,Hirsch,52,10,62
2026.06.08,16:45,17:00,Hirsch,41,16,57
2026.06.08,17:00,17:15,Hirsch,67,19,86
2026.06.08,17:15,17:30,Hirsch,69,22,91
2026.06.08,17:30,17:45,Hirsch,69,18,87
2026.06.08,17:45,18:00,Hirsch,72,23,95
2026.06.08,18:00,18:15,Hirsch,69,20,89
2026.06.08,18:15,18:30,Hirsch,74,21,95
2026.06.08,18:30,18:45,Hirsch,62,18,80
2026.06.08,18:45,19:00,Hirsch,46,24,70
2026.06.08,19:00,19:15,Hirsch,32,27,59
2026.06.08,19:15,19:30,Hirsch,43,18,61
2026.06.08,19:30,19:45,Hirsch,24,15,39
2026.06.08,19:45,20:00,Hirsch,28,5,33
2026.06.08,20:00,20:15,Hirsch,19,13,32
2026.06.08,20:15,20:30,Hirsch,29,14,43
2026.06.08,20:30,20:45,Hirsch,15,6,21
2026.06.08,20:45,21:00,Hirsch,15,6,21
2026.06.08,21:00,21:15,Hirsch,21,5,26
2026.06.08,21:15,21:30,Hirsch,20,8,28
2026.06.08,21:30,21:45,Hirsch,12,2,14
2026.06.08,21:45,22:00,Hirsch,4,0,4
2026.06.08,22:00,22:15,Hirsch,7,3,10
2026.06.08,22:15,22:30,Hirsch,2,4,6
2026.06.08,22:30,22:45,Hirsch,8,5,13
2026.06.08,22:45,23:00,Hirsch,9,1,10
2026.06.08,23:00,23:15,Hirsch,5,0,5
2026.06.08,23:15,23:30,Hirsch,10,2,12
2026.06.08,23:30,23:45,Hirsch,2,1,3
2026.06.08,23:45,00:00,Hirsch,2,2,4
2026.06.09,00:00,00:15,Hirsch,0,0,0
2026.06.09,00:15,00:30,Hirsch,0,0,0
2026.06.09,00:30,00:45,Hirsch,0,0,0
2026.06.09,00:45,01:00,Hirsch,0,0,0
2026.06.09,01:00,01:15,Hirsch,1,0,1
2026.06.09,01:15,01:30,Hirsch,1,0,1
2026.06.09,01:30,01:45,Hirsch,0,0,0
2026.06.09,01:45,02:00,Hirsch,0,0,0
2026.06.09,02:00,02:15,Hirsch,0,0,0
2026.06.09,02:15,02:30,Hirsch,0,0,0
2026.06.09,02:30,02:45,Hirsch,0,0,0
2026.06.09,02:45,03:00,Hirsch,0,0,0
2026.06.09,03:00,03:15,Hirsch,0,0,0
2026.06.09,03:15,03:30,Hirsch,0,0,0
2026.06.09,03:30,03:45,Hirsch,0,0,0
2026.06.09,03:45,04:00,Hirsch,0,0,0
2026.06.09,04:00,04:15,Hirsch,0,0,0
2026.06.09,04:15,04:30,Hirsch,0,0,0
2026.06.09,04:30,04:45,Hirsch,0,1,1
2026.06.09,04:45,05:00,Hirsch,0,0,0
2026.06.09,05:00,05:15,Hirsch,1,4,5
2026.06.09,05:15,05:30,Hirsch,0,6,6
2026.06.09,05:30,05:45,Hirsch,1,7,8
2026.06.09,05:45,06:00,Hirsch,1,4,5
2026.06.09,06:00,06:15,Hirsch,1,3,4
2026.06.09,06:15,06:30,Hirsch,2,8,10
2026.06.09,06:30,06:45,Hirsch,3,16,19
2026.06.09,06:45,07:00,Hirsch,1,23,24
2026.06.09,07:00,07:15,Hirsch,1,22,23
2026.06.09,07:15,07:30,Hirsch,1,28,29
2026.06.09,07:30,07:45,Hirsch,11,39,50
2026.06.09,07:45,08:00,Hirsch,7,34,41
2026.06.09,08:00,08:15,Hirsch,9,60,69
2026.06.09,08:15,08:30,Hirsch,10,42,52
2026.06.09,08:30,08:45,Hirsch,5,43,48
2026.06.09,08:45,09:00,Hirsch,3,24,27
2026.06.09,09:00,09:15,Hirsch,5,16,21
2026.06.09,09:15,09:30,Hirsch,1,15,16
2026.06.09,09:30,09:45,Hirsch,2,8,10
2026.06.09,09:45,10:00,Hirsch,2,8,10
2026.06.09,10:00,10:15,Hirsch,0,4,4
2026.06.09,10:15,10:30,Hirsch,2,0,2
2026.06.09,10:30,10:45,Hirsch,3,4,7
2026.06.09,10:45,11:00,Hirsch,0,4,4
2026.06.09,11:00,11:15,Hirsch,1,2,3
2026.06.09,11:15,11:30,Hirsch,1,4,5
2026.06.09,11:30,11:45,Hirsch,3,6,9
2026.06.09,11:45,12:00,Hirsch,2,2,4
2026.06.09,12:00,12:15,Hirsch,5,4,9
2026.06.09,12:15,12:30,Hirsch,1,3,4
2026.06.09,12:30,12:45,Hirsch,2,7,9
2026.06.09,12:45,13:00,Hirsch,3,1,4
2026.06.09,13:00,13:15,Hirsch,5,1,6
2026.06.09,13:15,13:30,Hirsch,8,2,10
2026.06.09,13:30,13:45,Hirsch,8,2,10
2026.06.09,13:45,14:00,Hirsch,7,3,10
2026.06.09,14:00,14:15,Hirsch,10,3,13
2026.06.09,14:15,14:30,Hirsch,10,3,13
2026.06.09,14:30,14:45,Hirsch,6,4,10
2026.06.09,14:45,15:00,Hirsch,9,5,14
2026.06.09,15:00,15:15,Hirsch,8,4,12
2026.06.09,15:15,15:30,Hirsch,16,5,21
2026.06.09,15:30,15:45,Hirsch,17,3,20
2026.06.09,15:45,16:00,Hirsch,14,4,18
2026.06.09,16:00,16:15,Hirsch,20,5,25
2026.06.09,16:15,16:30,Hirsch,23,8,31
2026.06.09,16:30,16:45,Hirsch,26,13,39
2026.06.09,16:45,17:00,Hirsch,29,7,36
2026.06.09,17:00,17:15,Hirsch,23,7,30
2026.06.09,17:15,17:30,Hirsch,24,14,38
2026.06.09,17:30,17:45,Hirsch,17,9,26
2026.06.09,17:45,18:00,Hirsch,37,10,47
2026.06.09,18:00,18:15,Hirsch,24,10,34
2026.06.09,18:15,18:30,Hirsch,29,17,46
2026.06.09,18:30,18:45,Hirsch,28,9,37
2026.06.09,18:45,19:00,Hirsch,18,17,35
2026.06.09,19:00,19:15,Hirsch,19,7,26
2026.06.09,19:15,19:30,Hirsch,8,13,21
2026.06.09,19:30,19:45,Hirsch,17,6,23
2026.06.09,19:45,20:00,Hirsch,8,6,14
2026.06.09,20:00,20:15,Hirsch,12,4,16
2026.06.09,20:15,20:30,Hirsch,10,4,14
2026.06.09,20:30,20:45,Hirsch,4,5,9
2026.06.09,20:45,21:00,Hirsch,12,8,20
2026.06.09,21:00,21:15,Hirsch,7,2,9
2026.06.09,21:15,21:30,Hirsch,6,4,10
2026.06.09,21:30,21:45,Hirsch,12,1,13
2026.06.09,21:45,22:00,Hirsch,6,2,8
2026.06.09,22:00,22:15,Hirsch,1,2,3
2026.06.09,22:15,22:30,Hirsch,11,1,12
2026.06.09,22:30,22:45,Hirsch,2,1,3
2026.06.09,22:45,23:00,Hirsch,5,1,6
2026.06.09,23:00,23:15,Hirsch,2,0,2
2026.06.09,23:15,23:30,Hirsch,4,0,4
2026.06.09,23:30,23:45,Hirsch,10,1,11
2026.06.09,23:45,00:00,Hirsch,6,0,6
2026.06.10,00:00,00:15,Hirsch,2,0,2
2026.06.10,00:15,00:30,Hirsch,2,0,2
2026.06.10,00:30,00:45,Hirsch,4,0,4
2026.06.10,00:45,01:00,Hirsch,1,1,2
2026.06.10,01:00,01:15,Hirsch,0,0,0
2026.06.10,01:15,01:30,Hirsch,0,0,0
2026.06.10,01:30,01:45,Hirsch,0,0,0
2026.06.10,01:45,02:00,Hirsch,0,0,0
2026.06.10,02:00,02:15,Hirsch,0,0,0
2026.06.10,02:15,02:30,Hirsch,0,0,0
2026.06.10,02:30,02:45,Hirsch,0,0,0
2026.06.10,02:45,03:00,Hirsch,0,0,0
2026.06.10,03:00,03:15,Hirsch,0,0,0
2026.06.10,03:15,03:30,Hirsch,0,0,0
2026.06.10,03:30,03:45,Hirsch,0,0,0
2026.06.10,03:45,04:00,Hirsch,0,0,0
2026.06.10,04:00,04:15,Hirsch,0,0,0
2026.06.10,04:15,04:30,Hirsch,0,0,0
2026.06.10,04:30,04:45,Hirsch,0,2,2
2026.06.10,04:45,05:00,Hirsch,0,0,0
2026.06.10,05:00,05:15,Hirsch,0,2,2
2026.06.10,05:15,05:30,Hirsch,1,5,6
2026.06.10,05:30,05:45,Hirsch,1,5,6
2026.06.10,05:45,06:00,Hirsch,0,6,6
2026.06.10,06:00,06:15,Hirsch,0,3,3
2026.06.10,06:15,06:30,Hirsch,0,3,3
2026.06.10,06:30,06:45,Hirsch,1,6,7
2026.06.10,06:45,07:00,Hirsch,1,10,11
2026.06.10,07:00,07:15,Hirsch,2,10,12
2026.06.10,07:15,07:30,Hirsch,4,18,22
2026.06.10,07:30,07:45,Hirsch,4,23,27
2026.06.10,07:45,08:00,Hirsch,6,27,33
2026.06.10,08:00,08:15,Hirsch,6,31,37
2026.06.10,08:15,08:30,Hirsch,8,40,48
2026.06.10,08:30,08:45,Hirsch,7,20,27
2026.06.10,08:45,09:00,Hirsch,3,31,34
2026.06.10,09:00,09:15,Hirsch,2,17,19
2026.06.10,09:15,09:30,Hirsch,4,11,15
2026.06.10,09:30,09:45,Hirsch,3,7,10
2026.06.10,09:45,10:00,Hirsch,1,9,10
2026.06.10,10:00,10:15,Hirsch,1,3,4
2026.06.10,10:15,10:30,Hirsch,0,4,4
2026.06.10,10:30,10:45,Hirsch,3,7,10
2026.06.10,10:45,11:00,Hirsch,1,3,4
2026.06.10,11:00,11:15,Hirsch,2,2,4
2026.06.10,11:15,11:30,Hirsch,0,4,4
2026.06.10,11:30,11:45,Hirsch,1,1,2
2026.06.10,11:45,12:00,Hirsch,3,0,3
2026.06.10,12:00,12:15,Hirsch,2,4,6
2026.06.10,12:15,12:30,Hirsch,0,3,3
2026.06.10,12:30,12:45,Hirsch,2,1,3
2026.06.10,12:45,13:00,Hirsch,4,1,5
2026.06.10,13:00,13:15,Hirsch,3,1,4
2026.06.10,13:15,13:30,Hirsch,6,1,7
2026.06.10,13:30,13:45,Hirsch,4,6,10
2026.06.10,13:45,14:00,Hirsch,7,5,12
2026.06.10,14:00,14:15,Hirsch,6,1,7
2026.06.10,14:15,14:30,Hirsch,13,4,17
2026.06.10,14:30,14:45,Hirsch,7,1,8
2026.06.10,14:45,15:00,Hirsch,7,5,12
2026.06.10,15:00,15:15,Hirsch,6,3,9
2026.06.10,15:15,15:30,Hirsch,10,8,18
2026.06.10,15:30,15:45,Hirsch,12,4,16
2026.06.10,15:45,16:00,Hirsch,24,7,31
2026.06.10,16:00,16:15,Hirsch,12,8,20
2026.06.10,16:15,16:30,Hirsch,20,5,25
2026.06.10,16:30,16:45,Hirsch,16,7,23
2026.06.10,16:45,17:00,Hirsch,17,7,24
2026.06.10,17:00,17:15,Hirsch,19,5,24
2026.06.10,17:15,17:30,Hirsch,14,9,23
2026.06.10,17:30,17:45,Hirsch,14,5,19
2026.06.10,17:45,18:00,Hirsch,20,5,25
2026.06.10,18:00,18:15,Hirsch,24,6,30
2026.06.10,18:15,18:30,Hirsch,12,4,16
2026.06.10,18:30,18:45,Hirsch,13,3,16
2026.06.10,18:45,19:00,Hirsch,17,4,21
2026.06.10,19:00,19:15,Hirsch,6,7,13
2026.06.10,19:15,19:30,Hirsch,9,4,13
2026.06.10,19:30,19:45,Hirsch,6,6,12
2026.06.10,19:45,20:00,Hirsch,9,1,10
2026.06.10,20:00,20:15,Hirsch,6,1,7
2026.06.10,20:15,20:30,Hirsch,5,1,6
2026.06.10,20:30,20:45,Hirsch,3,2,5
2026.06.10,20:45,21:00,Hirsch,3,0,3
2026.06.10,21:00,21:15,Hirsch,3,0,3
2026.06.10,21:15,21:30,Hirsch,3,0,3
2026.06.10,21:30,21:45,Hirsch,3,2,5
2026.06.10,21:45,22:00,Hirsch,4,0,4
2026.06.10,22:00,22:15,Hirsch,2,2,4
2026.06.10,22:15,22:30,Hirsch,6,6,12
2026.06.10,22:30,22:45,Hirsch,1,1,2
2026.06.10,22:45,23:00,Hirsch,1,0,1
2026.06.10,23:00,23:15,Hirsch,3,0,3
2026.06.10,23:15,23:30,Hirsch,2,1,3
2026.06.10,23:30,23:45,Hirsch,1,0,1
2026.06.10,23:45,00:00,Hirsch,0,1,1
2026.06.11,00:00,00:15,Hirsch,0,0,0
2026.06.11,00:15,00:30,Hirsch,0,1,1
2026.06.11,00:30,00:45,Hirsch,1,1,2
2026.06.11,00:45,01:00,Hirsch,0,0,0
2026.06.11,01:00,01:15,Hirsch,0,0,0
2026.06.11,01:15,01:30,Hirsch,0,0,0
2026.06.11,01:30,01:45,Hirsch,1,0,1
2026.06.11,01:45,02:00,Hirsch,1,0,1
2026.06.11,02:00,02:15,Hirsch,1,0,1
2026.06.11,02:15,02:30,Hirsch,0,0,0
2026.06.11,02:30,02:45,Hirsch,0,0,0
2026.06.11,02:45,03:00,Hirsch,0,0,0
2026.06.11,03:00,03:15,Hirsch,0,0,0
2026.06.11,03:15,03:30,Hirsch,0,1,1
2026.06.11,03:30,03:45,Hirsch,0,0,0
2026.06.11,03:45,04:00,Hirsch,0,0,0
2026.06.11,04:00,04:15,Hirsch,0,0,0
2026.06.11,04:15,04:30,Hirsch,0,0,0
2026.06.11,04:30,04:45,Hirsch,0,0,0
2026.06.11,04:45,05:00,Hirsch,0,0,0
2026.06.11,05:00,05:15,Hirsch,2,4,6
2026.06.11,05:15,05:30,Hirsch,1,0,1
2026.06.11,05:30,05:45,Hirsch,0,7,7
2026.06.11,05:45,06:00,Hirsch,0,6,6
2026.06.11,06:00,06:15,Hirsch,2,2,4
2026.06.11,06:15,06:30,Hirsch,0,5,5
2026.06.11,06:30,06:45,Hirsch,1,13,14
2026.06.11,06:45,07:00,Hirsch,4,24,28
2026.06.11,07:00,07:15,Hirsch,4,31,35
2026.06.11,07:15,07:30,Hirsch,9,42,51
2026.06.11,07:30,07:45,Hirsch,16,67,83
2026.06.11,07:45,08:00,Hirsch,8,77,85
2026.06.11,08:00,08:15,Hirsch,10,86,96
2026.06.11,08:15,08:30,Hirsch,10,84,94
2026.06.11,08:30,08:45,Hirsch,9,81,90
2026.06.11,08:45,09:00,Hirsch,12,47,59
2026.06.11,09:00,09:15,Hirsch,6,30,36
2026.06.11,09:15,09:30,Hirsch,9,35,44
2026.06.11,09:30,09:45,Hirsch,4,23,27
2026.06.11,09:45,10:00,Hirsch,5,11,16
2026.06.11,10:00,10:15,Hirsch,6,10,16
2026.06.11,10:15,10:30,Hirsch,4,6,10
2026.06.11,10:30,10:45,Hirsch,5,6,11
2026.06.11,10:45,11:00,Hirsch,7,6,13
2026.06.11,11:00,11:15,Hirsch,5,7,12
2026.06.11,11:15,11:30,Hirsch,7,6,13
2026.06.11,11:30,11:45,Hirsch,8,8,16
2026.06.11,11:45,12:00,Hirsch,6,6,12
2026.06.11,12:00,12:15,Hirsch,8,5,13
2026.06.11,12:15,12:30,Hirsch,6,8,14
2026.06.11,12:30,12:45,Hirsch,6,9,15
2026.06.11,12:45,13:00,Hirsch,10,6,16
2026.06.11,13:00,13:15,Hirsch,12,4,16
2026.06.11,13:15,13:30,Hirsch,8,4,12
2026.06.11,13:30,13:45,Hirsch,15,5,20
2026.06.11,13:45,14:00,Hirsch,14,3,17
2026.06.11,14:00,14:15,Hirsch,10,3,13
2026.06.11,14:15,14:30,Hirsch,11,5,16
2026.06.11,14:30,14:45,Hirsch,15,3,18
2026.06.11,14:45,15:00,Hirsch,14,7,21
2026.06.11,15:00,15:15,Hirsch,12,3,15
2026.06.11,15:15,15:30,Hirsch,17,5,22
2026.06.11,15:30,15:45,Hirsch,13,14,27
2026.06.11,15:45,16:00,Hirsch,18,5,23
2026.06.11,16:00,16:15,Hirsch,27,6,33
2026.06.11,16:15,16:30,Hirsch,27,10,37
2026.06.11,16:30,16:45,Hirsch,41,8,49
2026.06.11,16:45,17:00,Hirsch,32,8,40
2026.06.11,17:00,17:15,Hirsch,33,18,51
2026.06.11,17:15,17:30,Hirsch,52,18,70
2026.06.11,17:30,17:45,Hirsch,37,12,49
2026.06.11,17:45,18:00,Hirsch,55,14,69
2026.06.11,18:00,18:15,Hirsch,36,19,55
2026.06.11,18:15,18:30,Hirsch,39,21,60
2026.06.11,18:30,18:45,Hirsch,50,19,69
2026.06.11,18:45,19:00,Hirsch,38,23,61
2026.06.11,19:00,19:15,Hirsch,31,11,42
2026.06.11,19:15,19:30,Hirsch,19,12,31
2026.06.11,19:30,19:45,Hirsch,22,14,36
2026.06.11,19:45,20:00,Hirsch,13,4,17
2026.06.11,20:00,20:15,Hirsch,26,4,30
2026.06.11,20:15,20:30,Hirsch,12,10,22
2026.06.11,20:30,20:45,Hirsch,10,9,19
2026.06.11,20:45,21:00,Hirsch,9,3,12
2026.06.11,21:00,21:15,Hirsch,7,1,8
2026.06.11,21:15,21:30,Hirsch,8,4,12
2026.06.11,21:30,21:45,Hirsch,10,2,12
2026.06.11,21:45,22:00,Hirsch,12,2,14
2026.06.11,22:00,22:15,Hirsch,7,2,9
2026.06.11,22:15,22:30,Hirsch,9,7,16
2026.06.11,22:30,22:45,Hirsch,10,1,11
2026.06.11,22:45,23:00,Hirsch,3,0,3
2026.06.11,23:00,23:15,Hirsch,5,1,6
2026.06.11,23:15,23:30,Hirsch,8,3,11
2026.06.11,23:30,23:45,Hirsch,9,2,11
2026.06.11,23:45,00:00,Hirsch,5,0,5
2026.06.12,00:00,00:15,Hirsch,6,1,7
2026.06.12,00:15,00:30,Hirsch,1,0,1
2026.06.12,00:30,00:45,Hirsch,0,1,1
2026.06.12,00:45,01:00,Hirsch,3,0,3
2026.06.12,01:00,01:15,Hirsch,0,0,0
2026.06.12,01:15,01:30,Hirsch,1,0,1
2026.06.12,01:30,01:45,Hirsch,0,0,0
2026.06.12,01:45,02:00,Hirsch,0,0,0
2026.06.12,02:00,02:15,Hirsch,0,0,0
2026.06.12,02:15,02:30,Hirsch,0,1,1
2026.06.12,02:30,02:45,Hirsch,0,0,0
2026.06.12,02:45,03:00,Hirsch,0,0,0
2026.06.12,03:00,03:15,Hirsch,0,0,0
2026.06.12,03:15,03:30,Hirsch,0,0,0
2026.06.12,03:30,03:45,Hirsch,0,0,0
2026.06.12,03:45,04:00,Hirsch,0,0,0
2026.06.12,04:00,04:15,Hirsch,0,0,0
2026.06.12,04:15,04:30,Hirsch,0,0,0
2026.06.12,04:30,04:45,Hirsch,0,0,0
2026.06.12,04:45,05:00,Hirsch,0,0,0
2026.06.12,05:00,05:15,Hirsch,0,3,3
2026.06.12,05:15,05:30,Hirsch,1,1,2
2026.06.12,05:30,05:45,Hirsch,1,4,5
2026.06.12,05:45,06:00,Hirsch,1,2,3
2026.06.12,06:00,06:15,Hirsch,0,0,0
2026.06.12,06:15,06:30,Hirsch,0,3,3
2026.06.12,06:30,06:45,Hirsch,1,4,5
2026.06.12,06:45,07:00,Hirsch,1,11,12
2026.06.12,07:00,07:15,Hirsch,2,16,18
2026.06.12,07:15,07:30,Hirsch,6,24,30
2026.06.12,07:30,07:45,Hirsch,11,39,50
2026.06.12,07:45,08:00,Hirsch,1,31,32
2026.06.12,08:00,08:15,Hirsch,8,44,52
2026.06.12,08:15,08:30,Hirsch,8,43,51
2026.06.12,08:30,08:45,Hirsch,6,23,29
2026.06.12,08:45,09:00,Hirsch,7,11,18
2026.06.12,09:00,09:15,Hirsch,2,12,14
2026.06.12,09:15,09:30,Hirsch,7,13,20
2026.06.12,09:30,09:45,Hirsch,4,3,7
2026.06.12,09:45,10:00,Hirsch,3,5,8
2026.06.12,10:00,10:15,Hirsch,1,6,7
2026.06.12,10:15,10:30,Hirsch,0,3,3
2026.06.12,10:30,10:45,Hirsch,2,3,5
2026.06.12,10:45,11:00,Hirsch,0,1,1
2026.06.12,11:00,11:15,Hirsch,2,0,2
2026.06.12,11:15,11:30,Hirsch,4,2,6
2026.06.12,11:30,11:45,Hirsch,3,3,6
2026.06.12,11:45,12:00,Hirsch,7,1,8
2026.06.12,12:00,12:15,Hirsch,1,2,3
2026.06.12,12:15,12:30,Hirsch,3,2,5
2026.06.12,12:30,12:45,Hirsch,6,1,7
2026.06.12,12:45,13:00,Hirsch,4,1,5
2026.06.12,13:00,13:15,Hirsch,5,1,6
2026.06.12,13:15,13:30,Hirsch,10,3,13
2026.06.12,13:30,13:45,Hirsch,9,4,13
2026.06.12,13:45,14:00,Hirsch,7,1,8
2026.06.12,14:00,14:15,Hirsch,9,6,15
2026.06.12,14:15,14:30,Hirsch,6,6,12
2026.06.12,14:30,14:45,Hirsch,10,11,21
2026.06.12,14:45,15:00,Hirsch,20,11,31
2026.06.12,15:00,15:15,Hirsch,10,11,21
2026.06.12,15:15,15:30,Hirsch,17,4,21
2026.06.12,15:30,15:45,Hirsch,17,7,24
2026.06.12,15:45,16:00,Hirsch,14,7,21
2026.06.12,16:00,16:15,Hirsch,13,11,24
2026.06.12,16:15,16:30,Hirsch,11,3,14
2026.06.12,16:30,16:45,Hirsch,19,8,27
2026.06.12,16:45,17:00,Hirsch,12,4,16
2026.06.12,17:00,17:15,Hirsch,17,8,25
2026.06.12,17:15,17:30,Hirsch,20,7,27
2026.06.12,17:30,17:45,Hirsch,23,11,34
2026.06.12,17:45,18:00,Hirsch,16,5,21
2026.06.12,18:00,18:15,Hirsch,8,13,21
2026.06.12,18:15,18:30,Hirsch,13,9,22
2026.06.12,18:30,18:45,Hirsch,14,17,31
2026.06.12,18:45,19:00,Hirsch,13,3,16
2026.06.12,19:00,19:15,Hirsch,4,10,14
2026.06.12,19:15,19:30,Hirsch,9,9,18
2026.06.12,19:30,19:45,Hirsch,11,9,20
2026.06.12,19:45,20:00,Hirsch,8,3,11
2026.06.12,20:00,20:15,Hirsch,8,3,11
2026.06.12,20:15,20:30,Hirsch,3,7,10
2026.06.12,20:30,20:45,Hirsch,6,2,8
2026.06.12,20:45,21:00,Hirsch,12,2,14
2026.06.12,21:00,21:15,Hirsch,1,1,2
2026.06.12,21:15,21:30,Hirsch,6,2,8
2026.06.12,21:30,21:45,Hirsch,8,2,10
2026.06.12,21:45,22:00,Hirsch,4,2,6
2026.06.12,22:00,22:15,Hirsch,4,0,4
2026.06.12,22:15,22:30,Hirsch,5,3,8
2026.06.12,22:30,22:45,Hirsch,4,0,4
2026.06.12,22:45,23:00,Hirsch,6,1,7
2026.06.12,23:00,23:15,Hirsch,3,2,5
2026.06.12,23:15,23:30,Hirsch,4,4,8
2026.06.12,23:30,23:45,Hirsch,6,0,6
2026.06.12,23:45,00:00,Hirsch,0,1,1
2026.06.13,00:00,00:15,Hirsch,3,0,3
2026.06.13,00:15,00:30,Hirsch,4,0,4
2026.06.13,00:30,00:45,Hirsch,1,0,1
2026.06.13,00:45,01:00,Hirsch,1,0,1
2026.06.13,01:00,01:15,Hirsch,1,0,1
2026.06.13,01:15,01:30,Hirsch,0,0,0
2026.06.13,01:30,01:45,Hirsch,0,0,0
2026.06.13,01:45,02:00,Hirsch,0,0,0
2026.06.13,02:00,02:15,Hirsch,1,0,1
2026.06.13,02:15,02:30,Hirsch,1,0,1
2026.06.13,02:30,02:45,Hirsch,3,0,3
2026.06.13,02:45,03:00,Hirsch,0,0,0
2026.06.13,03:00,03:15,Hirsch,0,0,0
2026.06.13,03:15,03:30,Hirsch,1,0,1
2026.06.13,03:30,03:45,Hirsch,0,0,0
2026.06.13,03:45,04:00,Hirsch,1,1,2
2026.06.13,04:00,04:15,Hirsch,2,0,2
2026.06.13,04:15,04:30,Hirsch,0,0,0
2026.06.13,04:30,04:45,Hirsch,0,0,0
2026.06.13,04:45,05:00,Hirsch,0,1,1
2026.06.13,05:00,05:15,Hirsch,1,0,1
2026.06.13,05:15,05:30,Hirsch,0,0,0
2026.06.13,05:30,05:45,Hirsch,0,1,1
2026.06.13,05:45,06:00,Hirsch,1,1,2
2026.06.13,06:00,06:15,Hirsch,1,0,1
2026.06.13,06:15,06:30,Hirsch,0,2,2
2026.06.13,06:30,06:45,Hirsch,1,0,1
2026.06.13,06:45,07:00,Hirsch,1,3,4
2026.06.13,07:00,07:15,Hirsch,0,2,2
2026.06.13,07:15,07:30,Hirsch,3,3,6
2026.06.13,07:30,07:45,Hirsch,1,4,5
2026.06.13,07:45,08:00,Hirsch,2,3,5
2026.06.13,08:00,08:15,Hirsch,2,5,7
2026.06.13,08:15,08:30,Hirsch,4,6,10
2026.06.13,08:30,08:45,Hirsch,2,8,10
2026.06.13,08:45,09:00,Hirsch,5,4,9
2026.06.13,09:00,09:15,Hirsch,6,8,14
2026.06.13,09:15,09:30,Hirsch,3,12,15
2026.06.13,09:30,09:45,Hirsch,4,9,13
2026.06.13,09:45,10:00,Hirsch,6,15,21
2026.06.13,10:00,10:15,Hirsch,6,6,12
2026.06.13,10:15,10:30,Hirsch,6,19,25
2026.06.13,10:30,10:45,Hirsch,7,13,20
2026.06.13,10:45,11:00,Hirsch,10,2,12
2026.06.13,11:00,11:15,Hirsch,7,18,25
2026.06.13,11:15,11:30,Hirsch,13,18,31
2026.06.13,11:30,11:45,Hirsch,14,9,23
2026.06.13,11:45,12:00,Hirsch,3,21,24
2026.06.13,12:00,12:15,Hirsch,7,15,22
2026.06.13,12:15,12:30,Hirsch,8,11,19
2026.06.13,12:30,12:45,Hirsch,8,10,18
2026.06.13,12:45,13:00,Hirsch,10,15,25
2026.06.13,13:00,13:15,Hirsch,8,18,26
2026.06.13,13:15,13:30,Hirsch,14,18,32
2026.06.13,13:30,13:45,Hirsch,16,28,44
2026.06.13,13:45,14:00,Hirsch,12,25,37
2026.06.13,14:00,14:15,Hirsch,6,13,19
2026.06.13,14:15,14:30,Hirsch,14,13,27
2026.06.13,14:30,14:45,Hirsch,6,22,28
2026.06.13,14:45,15:00,Hirsch,14,14,28
2026.06.13,15:00,15:15,Hirsch,12,20,32
2026.06.13,15:15,15:30,Hirsch,9,16,25
2026.06.13,15:30,15:45,Hirsch,10,16,26
2026.06.13,15:45,16:00,Hirsch,15,12,27
2026.06.13,16:00,16:15,Hirsch,30,12,42
2026.06.13,16:15,16:30,Hirsch,22,12,34
2026.06.13,16:30,16:45,Hirsch,14,14,28
2026.06.13,16:45,17:00,Hirsch,20,15,35
2026.06.13,17:00,17:15,Hirsch,19,6,25
2026.06.13,17:15,17:30,Hirsch,13,9,22
2026.06.13,17:30,17:45,Hirsch,20,14,34
2026.06.13,17:45,18:00,Hirsch,12,27,39
2026.06.13,18:00,18:15,Hirsch,10,13,23
2026.06.13,18:15,18:30,Hirsch,12,10,22
2026.06.13,18:30,18:45,Hirsch,5,17,22
2026.06.13,18:45,19:00,Hirsch,7,16,23
2026.06.13,19:00,19:15,Hirsch,28,12,40
2026.06.13,19:15,19:30,Hirsch,18,11,29
2026.06.13,19:30,19:45,Hirsch,7,11,18
2026.06.13,19:45,20:00,Hirsch,8,8,16
2026.06.13,20:00,20:15,Hirsch,14,7,21
2026.06.13,20:15,20:30,Hirsch,9,7,16
2026.06.13,20:30,20:45,Hirsch,13,8,21
2026.06.13,20:45,21:00,Hirsch,11,13,24
2026.06.13,21:00,21:15,Hirsch,6,7,13
2026.06.13,21:15,21:30,Hirsch,6,12,18
2026.06.13,21:30,21:45,Hirsch,4,4,8
2026.06.13,21:45,22:00,Hirsch,13,1,14
2026.06.13,22:00,22:15,Hirsch,22,4,26
2026.06.13,22:15,22:30,Hirsch,5,4,9
2026.06.13,22:30,22:45,Hirsch,3,1,4
2026.06.13,22:45,23:00,Hirsch,6,0,6
2026.06.13,23:00,23:15,Hirsch,8,1,9
2026.06.13,23:15,23:30,Hirsch,6,6,12
2026.06.13,23:30,23:45,Hirsch,2,2,4
2026.06.13,23:45,00:00,Hirsch,6,5,11
2026.06.14,00:00,00:15,Hirsch,8,0,8
2026.06.14,00:15,00:30,Hirsch,1,1,2
2026.06.14,00:30,00:45,Hirsch,8,0,8
2026.06.14,00:45,01:00,Hirsch,3,1,4
2026.06.14,01:00,01:15,Hirsch,1,0,1
2026.06.14,01:15,01:30,Hirsch,1,0,1
2026.06.14,01:30,01:45,Hirsch,2,1,3
2026.06.14,01:45,02:00,Hirsch,0,0,0
2026.06.14,02:00,02:15,Hirsch,2,0,2
2026.06.14,02:15,02:30,Hirsch,2,0,2
2026.06.14,02:30,02:45,Hirsch,0,1,1
2026.06.14,02:45,03:00,Hirsch,1,0,1
2026.06.14,03:00,03:15,Hirsch,1,0,1
2026.06.14,03:15,03:30,Hirsch,0,0,0
2026.06.14,03:30,03:45,Hirsch,1,1,2
2026.06.14,03:45,04:00,Hirsch,1,0,1
2026.06.14,04:00,04:15,Hirsch,0,0,0
2026.06.14,04:15,04:30,Hirsch,0,1,1
2026.06.14,04:30,04:45,Hirsch,0,0,0
2026.06.14,04:45,05:00,Hirsch,0,0,0
2026.06.14,05:00,05:15,Hirsch,0,1,1
2026.06.14,05:15,05:30,Hirsch,3,2,5
2026.06.14,05:30,05:45,Hirsch,0,0,0
2026.06.14,05:45,06:00,Hirsch,1,2,3
2026.06.14,06:00,06:15,Hirsch,0,0,0
2026.06.14,06:15,06:30,Hirsch,1,1,2
2026.06.14,06:30,06:45,Hirsch,1,1,2
2026.06.14,06:45,07:00,Hirsch,0,1,1
2026.06.14,07:00,07:15,Hirsch,1,10,11
2026.06.14,07:15,07:30,Hirsch,2,5,7
2026.06.14,07:30,07:45,Hirsch,0,2,2
2026.06.14,07:45,08:00,Hirsch,2,7,9
2026.06.14,08:00,08:15,Hirsch,3,2,5
2026.06.14,08:15,08:30,Hirsch,3,3,6
2026.06.14,08:30,08:45,Hirsch,4,5,9
2026.06.14,08:45,09:00,Hirsch,7,14,21
2026.06.14,09:00,09:15,Hirsch,1,4,5
2026.06.14,09:15,09:30,Hirsch,3,10,13
2026.06.14,09:30,09:45,Hirsch,5,17,22
2026.06.14,09:45,10:00,Hirsch,1,23,24
2026.06.14,10:00,10:15,Hirsch,6,6,12
2026.06.14,10:15,10:30,Hirsch,5,21,26
2026.06.14,10:30,10:45,Hirsch,2,10,12
2026.06.14,10:45,11:00,Hirsch,11,9,20
2026.06.14,11:00,11:15,Hirsch,18,12,30
2026.06.14,11:15,11:30,Hirsch,16,18,34
2026.06.14,11:30,11:45,Hirsch,10,18,28
2026.06.14,11:45,12:00,Hirsch,9,15,24
2026.06.14,12:00,12:15,Hirsch,8,14,22
2026.06.14,12:15,12:30,Hirsch,17,25,42
2026.06.14,12:30,12:45,Hirsch,17,9,26
2026.06.14,12:45,13:00,Hirsch,6,8,14
2026.06.14,13:00,13:15,Hirsch,25,12,37
2026.06.14,13:15,13:30,Hirsch,28,23,51
2026.06.14,13:30,13:45,Hirsch,16,24,40
2026.06.14,13:45,14:00,Hirsch,29,15,44
2026.06.14,14:00,14:15,Hirsch,16,13,29
2026.06.14,14:15,14:30,Hirsch,21,8,29
2026.06.14,14:30,14:45,Hirsch,17,16,33
2026.06.14,14:45,15:00,Hirsch,19,15,34
2026.06.14,15:00,15:15,Hirsch,16,16,32
2026.06.14,15:15,15:30,Hirsch,18,9,27
2026.06.14,15:30,15:45,Hirsch,23,12,35
2026.06.14,15:45,16:00,Hirsch,32,18,50
2026.06.14,16:00,16:15,Hirsch,49,20,69
2026.06.14,16:15,16:30,Hirsch,25,14,39
2026.06.14,16:30,16:45,Hirsch,30,19,49
2026.06.14,16:45,17:00,Hirsch,52,17,69
2026.06.14,17:00,17:15,Hirsch,58,12,70
2026.06.14,17:15,17:30,Hirsch,46,27,73
2026.06.14,17:30,17:45,Hirsch,29,25,54
2026.06.14,17:45,18:00,Hirsch,23,33,56
2026.06.14,18:00,18:15,Hirsch,20,14,34
2026.06.14,18:15,18:30,Hirsch,26,20,46
2026.06.14,18:30,18:45,Hirsch,31,12,43
2026.06.14,18:45,19:00,Hirsch,18,11,29
2026.06.14,19:00,19:15,Hirsch,12,8,20
2026.06.14,19:15,19:30,Hirsch,15,6,21
2026.06.14,19:30,19:45,Hirsch,6,7,13
2026.06.14,19:45,20:00,Hirsch,7,5,12
2026.06.14,20:00,20:15,Hirsch,7,7,14
2026.06.14,20:15,20:30,Hirsch,8,6,14
2026.06.14,20:30,20:45,Hirsch,10,7,17
2026.06.14,20:45,21:00,Hirsch,9,3,12
2026.06.14,21:00,21:15,Hirsch,6,5,11
2026.06.14,21:15,21:30,Hirsch,22,9,31
2026.06.14,21:30,21:45,Hirsch,11,6,17
2026.06.14,21:45,22:00,Hirsch,9,7,16
2026.06.14,22:00,22:15,Hirsch,13,3,16
2026.06.14,22:15,22:30,Hirsch,11,2,13
2026.06.14,22:30,22:45,Hirsch,2,2,4
2026.06.14,22:45,23:00,Hirsch,8,0,8
2026.06.14,23:00,23:15,Hirsch,2,2,4
2026.06.14,23:15,23:30,Hirsch,3,1,4
2026.06.14,23:30,23:45,Hirsch,3,0,3
2026.06.14,23:45,00:00,Hirsch,0,0,0
2026.06.15,00:00,00:15,Hirsch,4,0,4
2026.06.15,00:15,00:30,Hirsch,3,0,3
2026.06.15,00:30,00:45,Hirsch,2,2,4
2026.06.15,00:45,01:00,Hirsch,1,0,1
2026.06.15,01:00,01:15,Hirsch,0,0,0
2026.06.15,01:15,01:30,Hirsch,3,0,3
2026.06.15,01:30,01:45,Hirsch,0,0,0
2026.06.15,01:45,02:00,Hirsch,0,0,0
2026.06.15,02:00,02:15,Hirsch,0,0,0
2026.06.15,02:15,02:30,Hirsch,0,0,0
2026.06.15,02:30,02:45,Hirsch,1,0,1
2026.06.15,02:45,03:00,Hirsch,0,0,0
2026.06.15,03:00,03:15,Hirsch,0,0,0
2026.06.15,03:15,03:30,Hirsch,0,0,0
2026.06.15,03:30,03:45,Hirsch,0,0,0
2026.06.15,03:45,04:00,Hirsch,0,0,0
2026.06.15,04:00,04:15,Hirsch,0,0,0
2026.06.15,04:15,04:30,Hirsch,0,0,0
2026.06.15,04:30,04:45,Hirsch,0,3,3
2026.06.15,04:45,05:00,Hirsch,0,1,1
2026.06.15,05:00,05:15,Hirsch,1,4,5
2026.06.15,05:15,05:30,Hirsch,0,3,3
2026.06.15,05:30,05:45,Hirsch,1,10,11
2026.06.15,05:45,06:00,Hirsch,0,10,10
2026.06.15,06:00,06:15,Hirsch,0,11,11
2026.06.15,06:15,06:30,Hirsch,0,20,20
2026.06.15,06:30,06:45,Hirsch,4,21,25
2026.06.15,06:45,07:00,Hirsch,9,44,53
2026.06.15,07:00,07:15,Hirsch,7,42,49
2026.06.15,07:15,07:30,Hirsch,5,65,70
2026.06.15,07:30,07:45,Hirsch,13,84,97
2026.06.15,07:45,08:00,Hirsch,12,100,112
2026.06.15,08:00,08:15,Hirsch,18,125,143
2026.06.15,08:15,08:30,Hirsch,16,119,135
2026.06.15,08:30,08:45,Hirsch,22,110,132
2026.06.15,08:45,09:00,Hirsch,12,75,87
2026.06.15,09:00,09:15,Hirsch,10,50,60
2026.06.15,09:15,09:30,Hirsch,6,33,39
2026.06.15,09:30,09:45,Hirsch,3,29,32
2026.06.15,09:45,10:00,Hirsch,9,15,24
2026.06.15,10:00,10:15,Hirsch,8,20,28
2026.06.15,10:15,10:30,Hirsch,10,12,22
2026.06.15,10:30,10:45,Hirsch,8,20,28
2026.06.15,10:45,11:00,Hirsch,7,13,20
2026.06.15,11:00,11:15,Hirsch,9,13,22
2026.06.15,11:15,11:30,Hirsch,6,16,22
2026.06.15,11:30,11:45,Hirsch,12,7,19
2026.06.15,11:45,12:00,Hirsch,8,10,18
2026.06.15,12:00,12:15,Hirsch,13,11,24
2026.06.15,12:15,12:30,Hirsch,6,12,18
2026.06.15,12:30,12:45,Hirsch,18,7,25
2026.06.15,12:45,13:00,Hirsch,15,6,21
2026.06.15,13:00,13:15,Hirsch,4,5,9
2026.06.15,13:15,13:30,Hirsch,19,13,32
2026.06.15,13:30,13:45,Hirsch,18,14,32
2026.06.15,13:45,14:00,Hirsch,23,8,31
2026.06.15,14:00,14:15,Hirsch,21,6,27
2026.06.15,14:15,14:30,Hirsch,26,9,35
2026.06.15,14:30,14:45,Hirsch,18,11,29
2026.06.15,14:45,15:00,Hirsch,33,14,47
2026.06.15,15:00,15:15,Hirsch,30,14,44
2026.06.15,15:15,15:30,Hirsch,34,11,45
2026.06.15,15:30,15:45,Hirsch,44,10,54
2026.06.15,15:45,16:00,Hirsch,40,10,50
2026.06.15,16:00,16:15,Hirsch,29,14,43
2026.06.15,16:15,16:30,Hirsch,44,8,52
2026.06.15,16:30,16:45,Hirsch,64,12,76
2026.06.15,16:45,17:00,Hirsch,47,20,67
2026.06.15,17:00,17:15,Hirsch,66,20,86
2026.06.15,17:15,17:30,Hirsch,55,23,78
2026.06.15,17:30,17:45,Hirsch,65,26,91
2026.06.15,17:45,18:00,Hirsch,67,28,95
2026.06.15,18:00,18:15,Hirsch,70,31,101
2026.06.15,18:15,18:30,Hirsch,77,27,104
2026.06.15,18:30,18:45,Hirsch,62,30,92
2026.06.15,18:45,19:00,Hirsch,45,21,66
2026.06.15,19:00,19:15,Hirsch,42,22,64
2026.06.15,19:15,19:30,Hirsch,31,16,47
2026.06.15,19:30,19:45,Hirsch,32,17,49
2026.06.15,19:45,20:00,Hirsch,31,13,44
2026.06.15,20:00,20:15,Hirsch,28,4,32
2026.06.15,20:15,20:30,Hirsch,23,14,37
2026.06.15,20:30,20:45,Hirsch,12,15,27
2026.06.15,20:45,21:00,Hirsch,23,6,29
2026.06.15,21:00,21:15,Hirsch,15,7,22
2026.06.15,21:15,21:30,Hirsch,21,8,29
2026.06.15,21:30,21:45,Hirsch,18,3,21
2026.06.15,21:45,22:00,Hirsch,7,5,12
2026.06.15,22:00,22:15,Hirsch,12,2,14
2026.06.15,22:15,22:30,Hirsch,6,1,7
2026.06.15,22:30,22:45,Hirsch,5,0,5
2026.06.15,22:45,23:00,Hirsch,8,1,9
2026.06.15,23:00,23:15,Hirsch,7,2,9
2026.06.15,23:15,23:30,Hirsch,7,1,8
2026.06.15,23:30,23:45,Hirsch,5,0,5
2026.06.15,23:45,00:00,Hirsch,2,1,3
2026.06.16,00:00,00:15,Hirsch,6,0,6
2026.06.16,00:15,00:30,Hirsch,1,1,2
2026.06.16,00:30,00:45,Hirsch,2,1,3
2026.06.16,00:45,01:00,Hirsch,1,0,1
2026.06.16,01:00,01:15,Hirsch,1,0,1
2026.06.16,01:15,01:30,Hirsch,0,0,0
2026.06.16,01:30,01:45,Hirsch,1,0,1
2026.06.16,01:45,02:00,Hirsch,1,0,1
2026.06.16,02:00,02:15,Hirsch,1,0,1
2026.06.16,02:15,02:30,Hirsch,0,0,0
2026.06.16,02:30,02:45,Hirsch,0,0,0
2026.06.16,02:45,03:00,Hirsch,0,0,0
2026.06.16,03:00,03:15,Hirsch,0,0,0
2026.06.16,03:15,03:30,Hirsch,0,0,0
2026.06.16,03:30,03:45,Hirsch,0,0,0
2026.06.16,03:45,04:00,Hirsch,0,0,0
2026.06.16,04:00,04:15,Hirsch,0,0,0
2026.06.16,04:15,04:30,Hirsch,0,1,1
2026.06.16,04:30,04:45,Hirsch,1,0,1
2026.06.16,04:45,05:00,Hirsch,0,2,2
2026.06.16,05:00,05:15,Hirsch,0,2,2
2026.06.16,05:15,05:30,Hirsch,0,4,4
2026.06.16,05:30,05:45,Hirsch,2,10,12
2026.06.16,05:45,06:00,Hirsch,2,13,15
2026.06.16,06:00,06:15,Hirsch,1,6,7
2026.06.16,06:15,06:30,Hirsch,1,16,17
2026.06.16,06:30,06:45,Hirsch,2,28,30
2026.06.16,06:45,07:00,Hirsch,4,32,36
2026.06.16,07:00,07:15,Hirsch,4,51,55
2026.06.16,07:15,07:30,Hirsch,14,54,68
2026.06.16,07:30,07:45,Hirsch,12,89,101
2026.06.16,07:45,08:00,Hirsch,17,103,120
2026.06.16,08:00,08:15,Hirsch,16,125,141
2026.06.16,08:15,08:30,Hirsch,12,133,145
2026.06.16,08:30,08:45,Hirsch,19,106,125
2026.06.16,08:45,09:00,Hirsch,12,97,109
2026.06.16,09:00,09:15,Hirsch,10,55,65
2026.06.16,09:15,09:30,Hirsch,8,41,49
2026.06.16,09:30,09:45,Hirsch,3,30,33
2026.06.16,09:45,10:00,Hirsch,5,24,29
2026.06.16,10:00,10:15,Hirsch,5,17,22
2026.06.16,10:15,10:30,Hirsch,3,13,16
2026.06.16,10:30,10:45,Hirsch,7,19,26
2026.06.16,10:45,11:00,Hirsch,8,8,16
2026.06.16,11:00,11:15,Hirsch,4,16,20
2026.06.16,11:15,11:30,Hirsch,5,12,17
2026.06.16,11:30,11:45,Hirsch,9,9,18
2026.06.16,11:45,12:00,Hirsch,7,10,17
2026.06.16,12:00,12:15,Hirsch,7,5,12
2026.06.16,12:15,12:30,Hirsch,17,9,26
2026.06.16,12:30,12:45,Hirsch,5,10,15
2026.06.16,12:45,13:00,Hirsch,11,4,15
2026.06.16,13:00,13:15,Hirsch,14,7,21
2026.06.16,13:15,13:30,Hirsch,4,10,14
2026.06.16,13:30,13:45,Hirsch,17,13,30
2026.06.16,13:45,14:00,Hirsch,23,10,33
2026.06.16,14:00,14:15,Hirsch,10,8,18
2026.06.16,14:15,14:30,Hirsch,20,11,31
2026.06.16,14:30,14:45,Hirsch,17,4,21
2026.06.16,14:45,15:00,Hirsch,24,5,29
2026.06.16,15:00,15:15,Hirsch,36,12,48
2026.06.16,15:15,15:30,Hirsch,36,16,52
2026.06.16,15:30,15:45,Hirsch,29,12,41
2026.06.16,15:45,16:00,Hirsch,31,7,38
2026.06.16,16:00,16:15,Hirsch,40,9,49
2026.06.16,16:15,16:30,Hirsch,50,13,63
2026.06.16,16:30,16:45,Hirsch,42,12,54
2026.06.16,16:45,17:00,Hirsch,58,20,78
2026.06.16,17:00,17:15,Hirsch,71,10,81
2026.06.16,17:15,17:30,Hirsch,56,16,72
2026.06.16,17:30,17:45,Hirsch,79,22,101
2026.06.16,17:45,18:00,Hirsch,63,20,83
2026.06.16,18:00,18:15,Hirsch,68,18,86
2026.06.16,18:15,18:30,Hirsch,70,24,94
2026.06.16,18:30,18:45,Hirsch,50,21,71
2026.06.16,18:45,19:00,Hirsch,54,10,64
2026.06.16,19:00,19:15,Hirsch,29,15,44
2026.06.16,19:15,19:30,Hirsch,33,3,36
2026.06.16,19:30,19:45,Hirsch,26,12,38
2026.06.16,19:45,20:00,Hirsch,32,6,38
2026.06.16,20:00,20:15,Hirsch,18,12,30
2026.06.16,20:15,20:30,Hirsch,18,11,29
2026.06.16,20:30,20:45,Hirsch,9,14,23
2026.06.16,20:45,21:00,Hirsch,17,10,27
2026.06.16,21:00,21:15,Hirsch,22,5,27
2026.06.16,21:15,21:30,Hirsch,16,7,23
2026.06.16,21:30,21:45,Hirsch,14,5,19
2026.06.16,21:45,22:00,Hirsch,13,2,15
2026.06.16,22:00,22:15,Hirsch,13,5,18
2026.06.16,22:15,22:30,Hirsch,18,3,21
2026.06.16,22:30,22:45,Hirsch,10,3,13
2026.06.16,22:45,23:00,Hirsch,5,1,6
2026.06.16,23:00,23:15,Hirsch,7,2,9
2026.06.16,23:15,23:30,Hirsch,10,2,12
2026.06.16,23:30,23:45,Hirsch,3,0,3
2026.06.16,23:45,00:00,Hirsch,1,0,1
2026.06.17,00:00,00:15,Hirsch,0,0,0
2026.06.17,00:15,00:30,Hirsch,2,0,2
2026.06.17,00:30,00:45,Hirsch,2,2,4
2026.06.17,00:45,01:00,Hirsch,0,0,0
2026.06.17,01:00,01:15,Hirsch,2,0,2
2026.06.17,01:15,01:30,Hirsch,0,0,0
2026.06.17,01:30,01:45,Hirsch,0,0,0
2026.06.17,01:45,02:00,Hirsch,1,0,1
2026.06.17,02:00,02:15,Hirsch,0,0,0
2026.06.17,02:15,02:30,Hirsch,0,0,0
2026.06.17,02:30,02:45,Hirsch,0,0,0
2026.06.17,02:45,03:00,Hirsch,0,0,0
2026.06.17,03:00,03:15,Hirsch,0,0,0
2026.06.17,03:15,03:30,Hirsch,0,0,0
2026.06.17,03:30,03:45,Hirsch,0,0,0
2026.06.17,03:45,04:00,Hirsch,0,0,0
2026.06.17,04:00,04:15,Hirsch,0,0,0
2026.06.17,04:15,04:30,Hirsch,1,0,1
2026.06.17,04:30,04:45,Hirsch,0,3,3
2026.06.17,04:45,05:00,Hirsch,0,0,0
2026.06.17,05:00,05:15,Hirsch,0,3,3
2026.06.17,05:15,05:30,Hirsch,0,3,3
2026.06.17,05:30,05:45,Hirsch,3,7,10
2026.06.17,05:45,06:00,Hirsch,2,9,11
2026.06.17,06:00,06:15,Hirsch,3,7,10
2026.06.17,06:15,06:30,Hirsch,3,20,23
2026.06.17,06:30,06:45,Hirsch,4,24,28
2026.06.17,06:45,07:00,Hirsch,3,43,46
2026.06.17,07:00,07:15,Hirsch,11,52,63
2026.06.17,07:15,07:30,Hirsch,9,67,76
2026.06.17,07:30,07:45,Hirsch,23,89,112
2026.06.17,07:45,08:00,Hirsch,20,96,116
2026.06.17,08:00,08:15,Hirsch,14,127,141
2026.06.17,08:15,08:30,Hirsch,16,119,135
2026.06.17,08:30,08:45,Hirsch,21,105,126
2026.06.17,08:45,09:00,Hirsch,12,56,68
2026.06.17,09:00,09:15,Hirsch,7,62,69
2026.06.17,09:15,09:30,Hirsch,13,39,52
2026.06.17,09:30,09:45,Hirsch,9,37,46
2026.06.17,09:45,10:00,Hirsch,4,21,25
2026.06.17,10:00,10:15,Hirsch,7,29,36
2026.06.17,10:15,10:30,Hirsch,8,10,18
2026.06.17,10:30,10:45,Hirsch,2,16,18
2026.06.17,10:45,11:00,Hirsch,6,10,16
2026.06.17,11:00,11:15,Hirsch,9,9,18
2026.06.17,11:15,11:30,Hirsch,7,14,21
2026.06.17,11:30,11:45,Hirsch,6,8,14
2026.06.17,11:45,12:00,Hirsch,6,13,19
2026.06.17,12:00,12:15,Hirsch,10,13,23
2026.06.17,12:15,12:30,Hirsch,12,11,23
2026.06.17,12:30,12:45,Hirsch,11,15,26
2026.06.17,12:45,13:00,Hirsch,10,9,19
2026.06.17,13:00,13:15,Hirsch,11,7,18
2026.06.17,13:15,13:30,Hirsch,13,16,29
2026.06.17,13:30,13:45,Hirsch,19,9,28
2026.06.17,13:45,14:00,Hirsch,18,6,24
2026.06.17,14:00,14:15,Hirsch,19,6,25
2026.06.17,14:15,14:30,Hirsch,24,10,34
2026.06.17,14:30,14:45,Hirsch,18,10,28
2026.06.17,14:45,15:00,Hirsch,27,4,31
2026.06.17,15:00,15:15,Hirsch,24,9,33
2026.06.17,15:15,15:30,Hirsch,31,9,40
2026.06.17,15:30,15:45,Hirsch,39,9,48
2026.06.17,15:45,16:00,Hirsch,42,13,55
2026.06.17,16:00,16:15,Hirsch,38,18,56
2026.06.17,16:15,16:30,Hirsch,46,18,64
2026.06.17,16:30,16:45,Hirsch,49,15,64
2026.06.17,16:45,17:00,Hirsch,41,17,58
2026.06.17,17:00,17:15,Hirsch,58,16,74
2026.06.17,17:15,17:30,Hirsch,61,27,88
2026.06.17,17:30,17:45,Hirsch,65,33,98
2026.06.17,17:45,18:00,Hirsch,68,21,89
2026.06.17,18:00,18:15,Hirsch,61,28,89
2026.06.17,18:15,18:30,Hirsch,69,31,100
2026.06.17,18:30,18:45,Hirsch,52,22,74
2026.06.17,18:45,19:00,Hirsch,58,21,79
2026.06.17,19:00,19:15,Hirsch,43,12,55
2026.06.17,19:15,19:30,Hirsch,24,18,42
2026.06.17,19:30,19:45,Hirsch,28,10,38
2026.06.17,19:45,20:00,Hirsch,25,5,30
2026.06.17,20:00,20:15,Hirsch,22,7,29
2026.06.17,20:15,20:30,Hirsch,17,11,28
2026.06.17,20:30,20:45,Hirsch,11,10,21
2026.06.17,20:45,21:00,Hirsch,25,7,32
2026.06.17,21:00,21:15,Hirsch,16,8,24
2026.06.17,21:15,21:30,Hirsch,20,10,30
2026.06.17,21:30,21:45,Hirsch,18,4,22
2026.06.17,21:45,22:00,Hirsch,21,3,24
2026.06.17,22:00,22:15,Hirsch,21,9,30
2026.06.17,22:15,22:30,Hirsch,17,3,20
2026.06.17,22:30,22:45,Hirsch,16,7,23
2026.06.17,22:45,23:00,Hirsch,9,1,10
2026.06.17,23:00,23:15,Hirsch,7,1,8
2026.06.17,23:15,23:30,Hirsch,7,1,8
2026.06.17,23:30,23:45,Hirsch,6,1,7
2026.06.17,23:45,00:00,Hirsch,2,1,3
2026.06.18,00:00,00:15,Hirsch,6,0,6
2026.06.18,00:15,00:30,Hirsch,5,3,8
2026.06.18,00:30,00:45,Hirsch,2,0,2
2026.06.18,00:45,01:00,Hirsch,5,0,5
2026.06.18,01:00,01:15,Hirsch,0,1,1
2026.06.18,01:15,01:30,Hirsch,0,0,0
2026.06.18,01:30,01:45,Hirsch,0,0,0
2026.06.18,01:45,02:00,Hirsch,3,0,3
2026.06.18,02:00,02:15,Hirsch,0,0,0
2026.06.18,02:15,02:30,Hirsch,0,1,1
2026.06.18,02:30,02:45,Hirsch,0,0,0
2026.06.18,02:45,03:00,Hirsch,0,0,0
2026.06.18,03:00,03:15,Hirsch,0,0,0
2026.06.18,03:15,03:30,Hirsch,0,0,0
2026.06.18,03:30,03:45,Hirsch,0,0,0
2026.06.18,03:45,04:00,Hirsch,0,0,0
2026.06.18,04:00,04:15,Hirsch,0,0,0
2026.06.18,04:15,04:30,Hirsch,0,1,1
2026.06.18,04:30,04:45,Hirsch,0,2,2
2026.06.18,04:45,05:00,Hirsch,0,1,1
2026.06.18,05:00,05:15,Hirsch,0,3,3
2026.06.18,05:15,05:30,Hirsch,2,2,4
2026.06.18,05:30,05:45,Hirsch,2,13,15
2026.06.18,05:45,06:00,Hirsch,0,11,11
2026.06.18,06:00,06:15,Hirsch,4,8,12
2026.06.18,06:15,06:30,Hirsch,3,14,17
2026.06.18,06:30,06:45,Hirsch,6,18,24
2026.06.18,06:45,07:00,Hirsch,8,38,46
2026.06.18,07:00,07:15,Hirsch,5,43,48
2026.06.18,07:15,07:30,Hirsch,5,73,78
2026.06.18,07:30,07:45,Hirsch,17,87,104
2026.06.18,07:45,08:00,Hirsch,14,96,110
2026.06.18,08:00,08:15,Hirsch,10,110,120
2026.06.18,08:15,08:30,Hirsch,14,140,154
2026.06.18,08:30,08:45,Hirsch,14,102,116
2026.06.18,08:45,09:00,Hirsch,12,76,88
2026.06.18,09:00,09:15,Hirsch,24,51,75
2026.06.18,09:15,09:30,Hirsch,8,43,51
2026.06.18,09:30,09:45,Hirsch,8,28,36
2026.06.18,09:45,10:00,Hirsch,5,34,39
2026.06.18,10:00,10:15,Hirsch,12,15,27
2026.06.18,10:15,10:30,Hirsch,7,16,23
2026.06.18,10:30,10:45,Hirsch,12,14,26
2026.06.18,10:45,11:00,Hirsch,3,10,13
2026.06.18,11:00,11:15,Hirsch,8,11,19
2026.06.18,11:15,11:30,Hirsch,10,10,20
2026.06.18,11:30,11:45,Hirsch,15,4,19
2026.06.18,11:45,12:00,Hirsch,7,19,26
2026.06.18,12:00,12:15,Hirsch,15,12,27
2026.06.18,12:15,12:30,Hirsch,12,8,20
2026.06.18,12:30,12:45,Hirsch,16,7,23
2026.06.18,12:45,13:00,Hirsch,17,4,21
2026.06.18,13:00,13:15,Hirsch,12,14,26
2026.06.18,13:15,13:30,Hirsch,12,11,23
2026.06.18,13:30,13:45,Hirsch,16,11,27
2026.06.18,13:45,14:00,Hirsch,23,9,32
2026.06.18,14:00,14:15,Hirsch,19,13,32
2026.06.18,14:15,14:30,Hirsch,27,7,34
2026.06.18,14:30,14:45,Hirsch,28,12,40
2026.06.18,14:45,15:00,Hirsch,25,8,33
2026.06.18,15:00,15:15,Hirsch,41,9,50
2026.06.18,15:15,15:30,Hirsch,32,8,40
2026.06.18,15:30,15:45,Hirsch,42,17,59
2026.06.18,15:45,16:00,Hirsch,44,12,56
2026.06.18,16:00,16:15,Hirsch,33,11,44
2026.06.18,16:15,16:30,Hirsch,49,12,61
2026.06.18,16:30,16:45,Hirsch,68,13,81
2026.06.18,16:45,17:00,Hirsch,47,22,69
2026.06.18,17:00,17:15,Hirsch,52,12,64
2026.06.18,17:15,17:30,Hirsch,58,18,76
2026.06.18,17:30,17:45,Hirsch,66,23,89
2026.06.18,17:45,18:00,Hirsch,67,30,97
2026.06.18,18:00,18:15,Hirsch,59,23,82
2026.06.18,18:15,18:30,Hirsch,60,27,87
2026.06.18,18:30,18:45,Hirsch,47,23,70
2026.06.18,18:45,19:00,Hirsch,55,21,76
2026.06.18,19:00,19:15,Hirsch,29,13,42
2026.06.18,19:15,19:30,Hirsch,29,11,40
2026.06.18,19:30,19:45,Hirsch,20,15,35
2026.06.18,19:45,20:00,Hirsch,27,13,40
2026.06.18,20:00,20:15,Hirsch,25,6,31
2026.06.18,20:15,20:30,Hirsch,23,19,42
2026.06.18,20:30,20:45,Hirsch,19,12,31
2026.06.18,20:45,21:00,Hirsch,22,7,29
2026.06.18,21:00,21:15,Hirsch,20,11,31
2026.06.18,21:15,21:30,Hirsch,20,11,31
2026.06.18,21:30,21:45,Hirsch,15,14,29
2026.06.18,21:45,22:00,Hirsch,17,7,24
2026.06.18,22:00,22:15,Hirsch,20,5,25
2026.06.18,22:15,22:30,Hirsch,22,3,25
2026.06.18,22:30,22:45,Hirsch,13,4,17
2026.06.18,22:45,23:00,Hirsch,8,5,13
2026.06.18,23:00,23:15,Hirsch,11,2,13
2026.06.18,23:15,23:30,Hirsch,8,1,9
2026.06.18,23:30,23:45,Hirsch,8,1,9
2026.06.18,23:45,00:00,Hirsch,4,3,7
2026.06.19,00:00,00:15,Hirsch,7,2,9
2026.06.19,00:15,00:30,Hirsch,5,0,5
2026.06.19,00:30,00:45,Hirsch,0,0,0
2026.06.19,00:45,01:00,Hirsch,3,2,5
2026.06.19,01:00,01:15,Hirsch,3,1,4
2026.06.19,01:15,01:30,Hirsch,1,0,1
2026.06.19,01:30,01:45,Hirsch,2,2,4
2026.06.19,01:45,02:00,Hirsch,4,2,6
2026.06.19,02:00,02:15,Hirsch,2,0,2
2026.06.19,02:15,02:30,Hirsch,2,0,2
2026.06.19,02:30,02:45,Hirsch,0,0,0
2026.06.19,02:45,03:00,Hirsch,0,0,0
2026.06.19,03:00,03:15,Hirsch,0,0,0
2026.06.19,03:15,03:30,Hirsch,0,0,0
2026.06.19,03:30,03:45,Hirsch,0,0,0
2026.06.19,03:45,04:00,Hirsch,0,1,1
2026.06.19,04:00,04:15,Hirsch,2,0,2
2026.06.19,04:15,04:30,Hirsch,0,1,1
2026.06.19,04:30,04:45,Hirsch,0,0,0
2026.06.19,04:45,05:00,Hirsch,0,1,1
2026.06.19,05:00,05:15,Hirsch,1,1,2
2026.06.19,05:15,05:30,Hirsch,1,3,4
2026.06.19,05:30,05:45,Hirsch,2,11,13
2026.06.19,05:45,06:00,Hirsch,0,6,6
2026.06.19,06:00,06:15,Hirsch,4,4,8
2026.06.19,06:15,06:30,Hirsch,0,14,14
2026.06.19,06:30,06:45,Hirsch,4,26,30
2026.06.19,06:45,07:00,Hirsch,5,26,31
2026.06.19,07:00,07:15,Hirsch,6,36,42
2026.06.19,07:15,07:30,Hirsch,12,37,49
2026.06.19,07:30,07:45,Hirsch,11,58,69
2026.06.19,07:45,08:00,Hirsch,7,63,70
2026.06.19,08:00,08:15,Hirsch,11,61,72
2026.06.19,08:15,08:30,Hirsch,21,70,91
2026.06.19,08:30,08:45,Hirsch,22,64,86
2026.06.19,08:45,09:00,Hirsch,9,37,46
2026.06.19,09:00,09:15,Hirsch,3,35,38
2026.06.19,09:15,09:30,Hirsch,14,34,48
2026.06.19,09:30,09:45,Hirsch,3,21,24
2026.06.19,09:45,10:00,Hirsch,8,12,20
2026.06.19,10:00,10:15,Hirsch,5,20,25
2026.06.19,10:15,10:30,Hirsch,9,20,29
2026.06.19,10:30,10:45,Hirsch,10,18,28
2026.06.19,10:45,11:00,Hirsch,11,13,24
2026.06.19,11:00,11:15,Hirsch,10,7,17
2026.06.19,11:15,11:30,Hirsch,9,9,18
2026.06.19,11:30,11:45,Hirsch,9,7,16
2026.06.19,11:45,12:00,Hirsch,11,10,21
2026.06.19,12:00,12:15,Hirsch,18,12,30
2026.06.19,12:15,12:30,Hirsch,11,10,21
2026.06.19,12:30,12:45,Hirsch,16,6,22
2026.06.19,12:45,13:00,Hirsch,16,11,27
2026.06.19,13:00,13:15,Hirsch,20,7,27
2026.06.19,13:15,13:30,Hirsch,25,3,28
2026.06.19,13:30,13:45,Hirsch,19,9,28
2026.06.19,13:45,14:00,Hirsch,30,10,40
2026.06.19,14:00,14:15,Hirsch,27,14,41
2026.06.19,14:15,14:30,Hirsch,22,7,29
2026.06.19,14:30,14:45,Hirsch,34,12,46
2026.06.19,14:45,15:00,Hirsch,29,12,41
2026.06.19,15:00,15:15,Hirsch,25,9,34
2026.06.19,15:15,15:30,Hirsch,28,13,41
2026.06.19,15:30,15:45,Hirsch,27,11,38
2026.06.19,15:45,16:00,Hirsch,21,12,33
2026.06.19,16:00,16:15,Hirsch,38,17,55
2026.06.19,16:15,16:30,Hirsch,32,18,50
2026.06.19,16:30,16:45,Hirsch,32,22,54
2026.06.19,16:45,17:00,Hirsch,39,7,46
2026.06.19,17:00,17:15,Hirsch,26,20,46
2026.06.19,17:15,17:30,Hirsch,36,23,59
2026.06.19,17:30,17:45,Hirsch,28,15,43
2026.06.19,17:45,18:00,Hirsch,28,19,47
2026.06.19,18:00,18:15,Hirsch,25,17,42
2026.06.19,18:15,18:30,Hirsch,24,11,35
2026.06.19,18:30,18:45,Hirsch,33,16,49
2026.06.19,18:45,19:00,Hirsch,15,10,25
2026.06.19,19:00,19:15,Hirsch,25,11,36
2026.06.19,19:15,19:30,Hirsch,15,23,38
2026.06.19,19:30,19:45,Hirsch,19,15,34
2026.06.19,19:45,20:00,Hirsch,16,14,30
2026.06.19,20:00,20:15,Hirsch,12,9,21
2026.06.19,20:15,20:30,Hirsch,13,4,17
2026.06.19,20:30,20:45,Hirsch,20,14,34
2026.06.19,20:45,21:00,Hirsch,18,8,26
2026.06.19,21:00,21:15,Hirsch,5,11,16
2026.06.19,21:15,21:30,Hirsch,12,8,20
2026.06.19,21:30,21:45,Hirsch,17,15,32
2026.06.19,21:45,22:00,Hirsch,4,2,6
2026.06.19,22:00,22:15,Hirsch,6,6,12
2026.06.19,22:15,22:30,Hirsch,8,5,13
2026.06.19,22:30,22:45,Hirsch,9,2,11
2026.06.19,22:45,23:00,Hirsch,11,4,15
2026.06.19,23:00,23:15,Hirsch,6,4,10
2026.06.19,23:15,23:30,Hirsch,9,1,10
2026.06.19,23:30,23:45,Hirsch,8,6,14
2026.06.19,23:45,00:00,Hirsch,10,0,10
2026.06.20,00:00,00:15,Hirsch,7,1,8
2026.06.20,00:15,00:30,Hirsch,11,0,11
2026.06.20,00:30,00:45,Hirsch,3,0,3
2026.06.20,00:45,01:00,Hirsch,6,0,6
2026.06.20,01:00,01:15,Hirsch,3,1,4
2026.06.20,01:15,01:30,Hirsch,6,0,6
2026.06.20,01:30,01:45,Hirsch,3,0,3
2026.06.20,01:45,02:00,Hirsch,5,0,5
2026.06.20,02:00,02:15,Hirsch,2,0,2
2026.06.20,02:15,02:30,Hirsch,1,0,1
2026.06.20,02:30,02:45,Hirsch,0,0,0
2026.06.20,02:45,03:00,Hirsch,3,0,3
2026.06.20,03:00,03:15,Hirsch,0,0,0
2026.06.20,03:15,03:30,Hirsch,0,1,1
2026.06.20,03:30,03:45,Hirsch,0,0,0
2026.06.20,03:45,04:00,Hirsch,0,0,0
2026.06.20,04:00,04:15,Hirsch,1,0,1
2026.06.20,04:15,04:30,Hirsch,1,0,1
2026.06.20,04:30,04:45,Hirsch,1,0,1
2026.06.20,04:45,05:00,Hirsch,0,0,0
2026.06.20,05:00,05:15,Hirsch,0,0,0
2026.06.20,05:15,05:30,Hirsch,0,0,0
2026.06.20,05:30,05:45,Hirsch,2,0,2
2026.06.20,05:45,06:00,Hirsch,0,3,3
2026.06.20,06:00,06:15,Hirsch,1,1,2
2026.06.20,06:15,06:30,Hirsch,1,0,1
2026.06.20,06:30,06:45,Hirsch,1,1,2
2026.06.20,06:45,07:00,Hirsch,0,3,3
2026.06.20,07:00,07:15,Hirsch,3,3,6
2026.06.20,07:15,07:30,Hirsch,4,3,7
2026.06.20,07:30,07:45,Hirsch,7,4,11
2026.06.20,07:45,08:00,Hirsch,5,5,10
2026.06.20,08:00,08:15,Hirsch,7,4,11
2026.06.20,08:15,08:30,Hirsch,6,13,19
2026.06.20,08:30,08:45,Hirsch,5,10,15
2026.06.20,08:45,09:00,Hirsch,0,3,3
2026.06.20,09:00,09:15,Hirsch,7,16,23
2026.06.20,09:15,09:30,Hirsch,5,12,17
2026.06.20,09:30,09:45,Hirsch,9,10,19
2026.06.20,09:45,10:00,Hirsch,8,6,14
2026.06.20,10:00,10:15,Hirsch,3,20,23
2026.06.20,10:15,10:30,Hirsch,11,17,28
2026.06.20,10:30,10:45,Hirsch,24,15,39
2026.06.20,10:45,11:00,Hirsch,7,5,12
2026.06.20,11:00,11:15,Hirsch,12,12,24
2026.06.20,11:15,11:30,Hirsch,14,5,19
2026.06.20,11:30,11:45,Hirsch,6,23,29
2026.06.20,11:45,12:00,Hirsch,4,13,17
2026.06.20,12:00,12:15,Hirsch,13,7,20
2026.06.20,12:15,12:30,Hirsch,9,9,18
2026.06.20,12:30,12:45,Hirsch,7,12,19
2026.06.20,12:45,13:00,Hirsch,8,3,11
2026.06.20,13:00,13:15,Hirsch,6,15,21
2026.06.20,13:15,13:30,Hirsch,13,22,35
2026.06.20,13:30,13:45,Hirsch,11,16,27
2026.06.20,13:45,14:00,Hirsch,5,10,15
2026.06.20,14:00,14:15,Hirsch,7,5,12
2026.06.20,14:15,14:30,Hirsch,9,12,21
2026.06.20,14:30,14:45,Hirsch,12,8,20
2026.06.20,14:45,15:00,Hirsch,9,12,21
2026.06.20,15:00,15:15,Hirsch,5,1,6
2026.06.20,15:15,15:30,Hirsch,9,6,15
2026.06.20,15:30,15:45,Hirsch,5,10,15
2026.06.20,15:45,16:00,Hirsch,18,6,24
2026.06.20,16:00,16:15,Hirsch,5,13,18
2026.06.20,16:15,16:30,Hirsch,9,18,27
2026.06.20,16:30,16:45,Hirsch,10,7,17
2026.06.20,16:45,17:00,Hirsch,16,6,22
2026.06.20,17:00,17:15,Hirsch,9,14,23
2026.06.20,17:15,17:30,Hirsch,5,12,17
2026.06.20,17:30,17:45,Hirsch,10,14,24
2026.06.20,17:45,18:00,Hirsch,14,6,20
2026.06.20,18:00,18:15,Hirsch,20,25,45
2026.06.20,18:15,18:30,Hirsch,19,15,34
2026.06.20,18:30,18:45,Hirsch,17,19,36
2026.06.20,18:45,19:00,Hirsch,18,22,40
2026.06.20,19:00,19:15,Hirsch,18,22,40
2026.06.20,19:15,19:30,Hirsch,19,11,30
2026.06.20,19:30,19:45,Hirsch,8,6,14
2026.06.20,19:45,20:00,Hirsch,7,12,19
2026.06.20,20:00,20:15,Hirsch,12,14,26
2026.06.20,20:15,20:30,Hirsch,10,12,22
2026.06.20,20:30,20:45,Hirsch,18,11,29
2026.06.20,20:45,21:00,Hirsch,10,9,19
2026.06.20,21:00,21:15,Hirsch,8,21,29
2026.06.20,21:15,21:30,Hirsch,12,10,22
2026.06.20,21:30,21:45,Hirsch,17,13,30
2026.06.20,21:45,22:00,Hirsch,11,9,20
2026.06.20,22:00,22:15,Hirsch,8,7,15
2026.06.20,22:15,22:30,Hirsch,9,1,10
2026.06.20,22:30,22:45,Hirsch,10,3,13
2026.06.20,22:45,23:00,Hirsch,8,1,9
2026.06.20,23:00,23:15,Hirsch,5,4,9
2026.06.20,23:15,23:30,Hirsch,8,0,8
2026.06.20,23:30,23:45,Hirsch,5,2,7
2026.06.20,23:45,00:00,Hirsch,6,2,8
2026.06.21,00:00,00:15,Hirsch,17,3,20
2026.06.21,00:15,00:30,Hirsch,32,6,38
2026.06.21,00:30,00:45,Hirsch,19,1,20
2026.06.21,00:45,01:00,Hirsch,14,6,20
2026.06.21,01:00,01:15,Hirsch,3,7,10
2026.06.21,01:15,01:30,Hirsch,5,0,5
2026.06.21,01:30,01:45,Hirsch,5,4,9
2026.06.21,01:45,02:00,Hirsch,0,0,0
2026.06.21,02:00,02:15,Hirsch,4,1,5
2026.06.21,02:15,02:30,Hirsch,1,0,1
2026.06.21,02:30,02:45,Hirsch,2,1,3
2026.06.21,02:45,03:00,Hirsch,1,0,1
2026.06.21,03:00,03:15,Hirsch,3,0,3
2026.06.21,03:15,03:30,Hirsch,0,0,0
2026.06.21,03:30,03:45,Hirsch,1,0,1
2026.06.21,03:45,04:00,Hirsch,0,0,0
2026.06.21,04:00,04:15,Hirsch,5,0,5
2026.06.21,04:15,04:30,Hirsch,1,0,1
2026.06.21,04:30,04:45,Hirsch,0,1,1
2026.06.21,04:45,05:00,Hirsch,0,2,2
2026.06.21,05:00,05:15,Hirsch,0,0,0
2026.06.21,05:15,05:30,Hirsch,0,0,0
2026.06.21,05:30,05:45,Hirsch,2,1,3
2026.06.21,05:45,06:00,Hirsch,0,2,2
2026.06.21,06:00,06:15,Hirsch,0,0,0
2026.06.21,06:15,06:30,Hirsch,0,0,0
2026.06.21,06:30,06:45,Hirsch,3,2,5
2026.06.21,06:45,07:00,Hirsch,0,2,2
2026.06.21,07:00,07:15,Hirsch,0,6,6
2026.06.21,07:15,07:30,Hirsch,3,2,5
2026.06.21,07:30,07:45,Hirsch,4,1,5
2026.06.21,07:45,08:00,Hirsch,3,5,8
2026.06.21,08:00,08:15,Hirsch,2,6,8
2026.06.21,08:15,08:30,Hirsch,0,7,7
2026.06.21,08:30,08:45,Hirsch,4,4,8
2026.06.21,08:45,09:00,Hirsch,6,2,8
2026.06.21,09:00,09:15,Hirsch,7,8,15
2026.06.21,09:15,09:30,Hirsch,10,9,19
2026.06.21,09:30,09:45,Hirsch,8,9,17
2026.06.21,09:45,10:00,Hirsch,13,3,16
2026.06.21,10:00,10:15,Hirsch,10,5,15
2026.06.21,10:15,10:30,Hirsch,12,10,22
2026.06.21,10:30,10:45,Hirsch,5,9,14
2026.06.21,10:45,11:00,Hirsch,29,13,42
2026.06.21,11:00,11:15,Hirsch,5,8,13
2026.06.21,11:15,11:30,Hirsch,5,9,14
2026.06.21,11:30,11:45,Hirsch,14,3,17
2026.06.21,11:45,12:00,Hirsch,10,7,17
2026.06.21,12:00,12:15,Hirsch,6,16,22
2026.06.21,12:15,12:30,Hirsch,11,5,16
2026.06.21,12:30,12:45,Hirsch,14,5,19
2026.06.21,12:45,13:00,Hirsch,14,11,25
2026.06.21,13:00,13:15,Hirsch,4,13,17
2026.06.21,13:15,13:30,Hirsch,10,12,22
2026.06.21,13:30,13:45,Hirsch,17,7,24
2026.06.21,13:45,14:00,Hirsch,12,5,17
2026.06.21,14:00,14:15,Hirsch,16,10,26
2026.06.21,14:15,14:30,Hirsch,6,6,12
2026.06.21,14:30,14:45,Hirsch,13,8,21
2026.06.21,14:45,15:00,Hirsch,9,15,24
2026.06.21,15:00,15:15,Hirsch,5,8,13
2026.06.21,15:15,15:30,Hirsch,12,13,25
2026.06.21,15:30,15:45,Hirsch,5,6,11
2026.06.21,15:45,16:00,Hirsch,6,13,19
2026.06.21,16:00,16:15,Hirsch,7,15,22
2026.06.21,16:15,16:30,Hirsch,10,14,24
2026.06.21,16:30,16:45,Hirsch,11,11,22
2026.06.21,16:45,17:00,Hirsch,5,13,18
2026.06.21,17:00,17:15,Hirsch,8,10,18
2026.06.21,17:15,17:30,Hirsch,9,9,18
2026.06.21,17:30,17:45,Hirsch,12,12,24
2026.06.21,17:45,18:00,Hirsch,12,14,26
2026.06.21,18:00,18:15,Hirsch,11,17,28
2026.06.21,18:15,18:30,Hirsch,16,13,29
2026.06.21,18:30,18:45,Hirsch,21,6,27
2026.06.21,18:45,19:00,Hirsch,11,6,17
2026.06.21,19:00,19:15,Hirsch,13,19,32
2026.06.21,19:15,19:30,Hirsch,2,15,17
2026.06.21,19:30,19:45,Hirsch,7,7,14
2026.06.21,19:45,20:00,Hirsch,13,3,16
2026.06.21,20:00,20:15,Hirsch,20,5,25
2026.06.21,20:15,20:30,Hirsch,13,14,27
2026.06.21,20:30,20:45,Hirsch,10,8,18
2026.06.21,20:45,21:00,Hirsch,6,4,10
2026.06.21,21:00,21:15,Hirsch,6,4,10
2026.06.21,21:15,21:30,Hirsch,5,4,9
2026.06.21,21:30,21:45,Hirsch,11,6,17
2026.06.21,21:45,22:00,Hirsch,10,5,15
2026.06.21,22:00,22:15,Hirsch,3,3,6
2026.06.21,22:15,22:30,Hirsch,9,3,12
2026.06.21,22:30,22:45,Hirsch,2,2,4
2026.06.21,22:45,23:00,Hirsch,7,1,8
2026.06.21,23:00,23:15,Hirsch,4,0,4
2026.06.21,23:15,23:30,Hirsch,1,1,2
2026.06.21,23:30,23:45,Hirsch,3,4,7
2026.06.21,23:45,00:00,Hirsch,2,1,3
2026.06.22,00:00,00:15,Hirsch,2,0,2
2026.06.22,00:15,00:30,Hirsch,0,0,0
2026.06.22,00:30,00:45,Hirsch,3,0,3
2026.06.22,00:45,01:00,Hirsch,0,1,1
2026.06.22,01:00,01:15,Hirsch,0,0,0
2026.06.22,01:15,01:30,Hirsch,0,2,2
2026.06.22,01:30,01:45,Hirsch,0,0,0
2026.06.22,01:45,02:00,Hirsch,0,1,1
2026.06.22,02:00,02:15,Hirsch,0,1,1
2026.06.22,02:15,02:30,Hirsch,0,0,0
2026.06.22,02:30,02:45,Hirsch,1,0,1
2026.06.22,02:45,03:00,Hirsch,0,0,0
2026.06.22,03:00,03:15,Hirsch,0,0,0
2026.06.22,03:15,03:30,Hirsch,0,0,0
2026.06.22,03:30,03:45,Hirsch,0,0,0
2026.06.22,03:45,04:00,Hirsch,0,0,0
2026.06.22,04:00,04:15,Hirsch,0,0,0
2026.06.22,04:15,04:30,Hirsch,0,1,1
2026.06.22,04:30,04:45,Hirsch,0,0,0
2026.06.22,04:45,05:00,Hirsch,0,0,0
2026.06.22,05:00,05:15,Hirsch,0,3,3
2026.06.22,05:15,05:30,Hirsch,0,4,4
2026.06.22,05:30,05:45,Hirsch,3,10,13
2026.06.22,05:45,06:00,Hirsch,0,8,8
2026.06.22,06:00,06:15,Hirsch,1,15,16
2026.06.22,06:15,06:30,Hirsch,1,18,19
2026.06.22,06:30,06:45,Hirsch,7,27,34
2026.06.22,06:45,07:00,Hirsch,4,42,46
2026.06.22,07:00,07:15,Hirsch,6,43,49
2026.06.22,07:15,07:30,Hirsch,11,67,78
2026.06.22,07:30,07:45,Hirsch,25,81,106
2026.06.22,07:45,08:00,Hirsch,10,90,100
2026.06.22,08:00,08:15,Hirsch,20,105,125
2026.06.22,08:15,08:30,Hirsch,18,123,141
2026.06.22,08:30,08:45,Hirsch,20,90,110
2026.06.22,08:45,09:00,Hirsch,13,80,93
2026.06.22,09:00,09:15,Hirsch,16,44,60
2026.06.22,09:15,09:30,Hirsch,12,33,45
2026.06.22,09:30,09:45,Hirsch,10,23,33
2026.06.22,09:45,10:00,Hirsch,2,23,25
2026.06.22,10:00,10:15,Hirsch,4,12,16
2026.06.22,10:15,10:30,Hirsch,9,14,23
2026.06.22,10:30,10:45,Hirsch,7,12,19
2026.06.22,10:45,11:00,Hirsch,7,14,21
2026.06.22,11:00,11:15,Hirsch,6,10,16
2026.06.22,11:15,11:30,Hirsch,9,8,17
2026.06.22,11:30,11:45,Hirsch,5,9,14
2026.06.22,11:45,12:00,Hirsch,3,4,7
2026.06.22,12:00,12:15,Hirsch,8,9,17
2026.06.22,12:15,12:30,Hirsch,13,11,24
2026.06.22,12:30,12:45,Hirsch,6,8,14
2026.06.22,12:45,13:00,Hirsch,14,6,20
2026.06.22,13:00,13:15,Hirsch,17,9,26
2026.06.22,13:15,13:30,Hirsch,18,9,27
2026.06.22,13:30,13:45,Hirsch,18,6,24
2026.06.22,13:45,14:00,Hirsch,19,9,28
2026.06.22,14:00,14:15,Hirsch,25,7,32
2026.06.22,14:15,14:30,Hirsch,24,8,32
2026.06.22,14:30,14:45,Hirsch,11,13,24
2026.06.22,14:45,15:00,Hirsch,19,10,29
2026.06.22,15:00,15:15,Hirsch,29,8,37
2026.06.22,15:15,15:30,Hirsch,39,12,51
2026.06.22,15:30,15:45,Hirsch,35,12,47
2026.06.22,15:45,16:00,Hirsch,34,13,47
2026.06.22,16:00,16:15,Hirsch,29,15,44
2026.06.22,16:15,16:30,Hirsch,26,12,38
2026.06.22,16:30,16:45,Hirsch,55,11,66
2026.06.22,16:45,17:00,Hirsch,53,17,70
2026.06.22,17:00,17:15,Hirsch,51,15,66
2026.06.22,17:15,17:30,Hirsch,61,17,78
2026.06.22,17:30,17:45,Hirsch,67,22,89
2026.06.22,17:45,18:00,Hirsch,75,24,99
2026.06.22,18:00,18:15,Hirsch,61,21,82
2026.06.22,18:15,18:30,Hirsch,59,19,78
2026.06.22,18:30,18:45,Hirsch,51,32,83
2026.06.22,18:45,19:00,Hirsch,53,20,73
2026.06.22,19:00,19:15,Hirsch,37,19,56
2026.06.22,19:15,19:30,Hirsch,27,12,39
2026.06.22,19:30,19:45,Hirsch,27,7,34
2026.06.22,19:45,20:00,Hirsch,31,14,45
2026.06.22,20:00,20:15,Hirsch,20,16,36
2026.06.22,20:15,20:30,Hirsch,19,14,33
2026.06.22,20:30,20:45,Hirsch,12,10,22
2026.06.22,20:45,21:00,Hirsch,18,6,24
2026.06.22,21:00,21:15,Hirsch,26,5,31
2026.06.22,21:15,21:30,Hirsch,17,7,24
2026.06.22,21:30,21:45,Hirsch,21,3,24
2026.06.22,21:45,22:00,Hirsch,8,1,9
2026.06.22,22:00,22:15,Hirsch,19,5,24
2026.06.22,22:15,22:30,Hirsch,8,6,14
2026.06.22,22:30,22:45,Hirsch,9,1,10
2026.06.22,22:45,23:00,Hirsch,13,1,14
2026.06.22,23:00,23:15,Hirsch,13,1,14
2026.06.22,23:15,23:30,Hirsch,10,1,11
2026.06.22,23:30,23:45,Hirsch,5,1,6
2026.06.22,23:45,00:00,Hirsch,6,0,6
2026.06.23,00:00,00:15,Hirsch,2,1,3
2026.06.23,00:15,00:30,Hirsch,2,1,3
2026.06.23,00:30,00:45,Hirsch,3,0,3
2026.06.23,00:45,01:00,Hirsch,0,1,1
2026.06.23,01:00,01:15,Hirsch,0,0,0
2026.06.23,01:15,01:30,Hirsch,1,0,1
2026.06.23,01:30,01:45,Hirsch,0,0,0
2026.06.23,01:45,02:00,Hirsch,0,0,0
2026.06.23,02:00,02:15,Hirsch,0,0,0
2026.06.23,02:15,02:30,Hirsch,0,0,0
2026.06.23,02:30,02:45,Hirsch,1,0,1
2026.06.23,02:45,03:00,Hirsch,1,0,1
2026.06.23,03:00,03:15,Hirsch,0,0,0
2026.06.23,03:15,03:30,Hirsch,0,0,0
2026.06.23,03:30,03:45,Hirsch,0,0,0
2026.06.23,03:45,04:00,Hirsch,0,0,0
2026.06.23,04:00,04:15,Hirsch,1,0,1
2026.06.23,04:15,04:30,Hirsch,0,1,1
2026.06.23,04:30,04:45,Hirsch,0,0,0
2026.06.23,04:45,05:00,Hirsch,0,1,1
2026.06.23,05:00,05:15,Hirsch,1,5,6
2026.06.23,05:15,05:30,Hirsch,1,3,4
2026.06.23,05:30,05:45,Hirsch,1,15,16
2026.06.23,05:45,06:00,Hirsch,0,16,16
2026.06.23,06:00,06:15,Hirsch,0,9,9
2026.06.23,06:15,06:30,Hirsch,5,17,22
2026.06.23,06:30,06:45,Hirsch,8,29,37
2026.06.23,06:45,07:00,Hirsch,6,43,49
2026.06.23,07:00,07:15,Hirsch,6,52,58
2026.06.23,07:15,07:30,Hirsch,18,79,97
2026.06.23,07:30,07:45,Hirsch,18,99,117
2026.06.23,07:45,08:00,Hirsch,19,114,133
2026.06.23,08:00,08:15,Hirsch,26,130,156
2026.06.23,08:15,08:30,Hirsch,18,126,144
2026.06.23,08:30,08:45,Hirsch,17,100,117
2026.06.23,08:45,09:00,Hirsch,13,78,91
2026.06.23,09:00,09:15,Hirsch,7,66,73
2026.06.23,09:15,09:30,Hirsch,6,40,46
2026.06.23,09:30,09:45,Hirsch,8,37,45
2026.06.23,09:45,10:00,Hirsch,8,28,36
2026.06.23,10:00,10:15,Hirsch,8,13,21
2026.06.23,10:15,10:30,Hirsch,8,17,25
2026.06.23,10:30,10:45,Hirsch,3,16,19
2026.06.23,10:45,11:00,Hirsch,9,8,17
2026.06.23,11:00,11:15,Hirsch,7,12,19
2026.06.23,11:15,11:30,Hirsch,7,6,13
2026.06.23,11:30,11:45,Hirsch,9,12,21
2026.06.23,11:45,12:00,Hirsch,10,8,18
2026.06.23,12:00,12:15,Hirsch,6,7,13
2026.06.23,12:15,12:30,Hirsch,17,6,23
2026.06.23,12:30,12:45,Hirsch,12,5,17
2026.06.23,12:45,13:00,Hirsch,17,10,27
2026.06.23,13:00,13:15,Hirsch,9,6,15
2026.06.23,13:15,13:30,Hirsch,16,10,26
2026.06.23,13:30,13:45,Hirsch,16,11,27
2026.06.23,13:45,14:00,Hirsch,18,12,30
2026.06.23,14:00,14:15,Hirsch,17,6,23
2026.06.23,14:15,14:30,Hirsch,21,8,29
2026.06.23,14:30,14:45,Hirsch,22,9,31
2026.06.23,14:45,15:00,Hirsch,32,6,38
2026.06.23,15:00,15:15,Hirsch,24,10,34
2026.06.23,15:15,15:30,Hirsch,31,8,39
2026.06.23,15:30,15:45,Hirsch,31,7,38
2026.06.23,15:45,16:00,Hirsch,52,6,58
2026.06.23,16:00,16:15,Hirsch,38,20,58
2026.06.23,16:15,16:30,Hirsch,49,18,67
2026.06.23,16:30,16:45,Hirsch,57,15,72
2026.06.23,16:45,17:00,Hirsch,53,14,67
2026.06.23,17:00,17:15,Hirsch,57,18,75
2026.06.23,17:15,17:30,Hirsch,62,17,79
2026.06.23,17:30,17:45,Hirsch,69,24,93
2026.06.23,17:45,18:00,Hirsch,69,26,95
2026.06.23,18:00,18:15,Hirsch,56,27,83
2026.06.23,18:15,18:30,Hirsch,55,22,77
2026.06.23,18:30,18:45,Hirsch,48,18,66
2026.06.23,18:45,19:00,Hirsch,48,15,63
2026.06.23,19:00,19:15,Hirsch,41,13,54
2026.06.23,19:15,19:30,Hirsch,42,10,52
2026.06.23,19:30,19:45,Hirsch,40,17,57
2026.06.23,19:45,20:00,Hirsch,40,11,51
2026.06.23,20:00,20:15,Hirsch,29,10,39
2026.06.23,20:15,20:30,Hirsch,24,7,31
2026.06.23,20:30,20:45,Hirsch,19,13,32
2026.06.23,20:45,21:00,Hirsch,19,14,33
2026.06.23,21:00,21:15,Hirsch,17,3,20
2026.06.23,21:15,21:30,Hirsch,10,10,20
2026.06.23,21:30,21:45,Hirsch,14,6,20
2026.06.23,21:45,22:00,Hirsch,24,7,31
2026.06.23,22:00,22:15,Hirsch,16,11,27
2026.06.23,22:15,22:30,Hirsch,20,3,23
2026.06.23,22:30,22:45,Hirsch,15,0,15
2026.06.23,22:45,23:00,Hirsch,14,1,15
2026.06.23,23:00,23:15,Hirsch,7,6,13
2026.06.23,23:15,23:30,Hirsch,17,2,19
2026.06.23,23:30,23:45,Hirsch,6,1,7
2026.06.23,23:45,00:00,Hirsch,3,0,3
2026.06.24,00:00,00:15,Hirsch,8,1,9
2026.06.24,00:15,00:30,Hirsch,7,1,8
2026.06.24,00:30,00:45,Hirsch,1,2,3
2026.06.24,00:45,01:00,Hirsch,1,0,1
2026.06.24,01:00,01:15,Hirsch,0,0,0
2026.06.24,01:15,01:30,Hirsch,1,0,1
2026.06.24,01:30,01:45,Hirsch,0,0,0
2026.06.24,01:45,02:00,Hirsch,1,0,1
2026.06.24,02:00,02:15,Hirsch,0,0,0
2026.06.24,02:15,02:30,Hirsch,0,0,0
2026.06.24,02:30,02:45,Hirsch,3,0,3
2026.06.24,02:45,03:00,Hirsch,1,0,1
2026.06.24,03:00,03:15,Hirsch,0,0,0
2026.06.24,03:15,03:30,Hirsch,0,0,0
2026.06.24,03:30,03:45,Hirsch,0,0,0
2026.06.24,03:45,04:00,Hirsch,0,0,0
2026.06.24,04:00,04:15,Hirsch,0,0,0
2026.06.24,04:15,04:30,Hirsch,0,1,1
2026.06.24,04:30,04:45,Hirsch,0,0,0
2026.06.24,04:45,05:00,Hirsch,0,1,1
2026.06.24,05:00,05:15,Hirsch,1,3,4
2026.06.24,05:15,05:30,Hirsch,2,4,6
2026.06.24,05:30,05:45,Hirsch,4,12,16
2026.06.24,05:45,06:00,Hirsch,1,9,10
2026.06.24,06:00,06:15,Hirsch,2,15,17
2026.06.24,06:15,06:30,Hirsch,5,19,24
2026.06.24,06:30,06:45,Hirsch,3,37,40
2026.06.24,06:45,07:00,Hirsch,5,47,52
2026.06.24,07:00,07:15,Hirsch,9,57,66
2026.06.24,07:15,07:30,Hirsch,12,76,88
2026.06.24,07:30,07:45,Hirsch,25,94,119
2026.06.24,07:45,08:00,Hirsch,11,112,123
2026.06.24,08:00,08:15,Hirsch,20,106,126
2026.06.24,08:15,08:30,Hirsch,13,124,137
2026.06.24,08:30,08:45,Hirsch,26,95,121
2026.06.24,08:45,09:00,Hirsch,14,74,88
2026.06.24,09:00,09:15,Hirsch,7,50,57
2026.06.24,09:15,09:30,Hirsch,17,47,64
2026.06.24,09:30,09:45,Hirsch,5,38,43
2026.06.24,09:45,10:00,Hirsch,8,15,23
2026.06.24,10:00,10:15,Hirsch,11,27,38
2026.06.24,10:15,10:30,Hirsch,10,13,23
2026.06.24,10:30,10:45,Hirsch,10,14,24
2026.06.24,10:45,11:00,Hirsch,6,11,17
2026.06.24,11:00,11:15,Hirsch,6,5,11
2026.06.24,11:15,11:30,Hirsch,4,5,9
2026.06.24,11:30,11:45,Hirsch,9,12,21
2026.06.24,11:45,12:00,Hirsch,7,5,12
2026.06.24,12:00,12:15,Hirsch,12,10,22
2026.06.24,12:15,12:30,Hirsch,13,7,20
2026.06.24,12:30,12:45,Hirsch,8,12,20
2026.06.24,12:45,13:00,Hirsch,12,12,24
2026.06.24,13:00,13:15,Hirsch,16,8,24
2026.06.24,13:15,13:30,Hirsch,21,9,30
2026.06.24,13:30,13:45,Hirsch,24,6,30
2026.06.24,13:45,14:00,Hirsch,23,7,30
2026.06.24,14:00,14:15,Hirsch,20,2,22
2026.06.24,14:15,14:30,Hirsch,17,11,28
2026.06.24,14:30,14:45,Hirsch,22,8,30
2026.06.24,14:45,15:00,Hirsch,10,8,18
2026.06.24,15:00,15:15,Hirsch,23,0,23
2026.06.24,15:15,15:30,Hirsch,29,12,41
2026.06.24,15:30,15:45,Hirsch,41,5,46
2026.06.24,15:45,16:00,Hirsch,40,7,47
2026.06.24,16:00,16:15,Hirsch,40,7,47
2026.06.24,16:15,16:30,Hirsch,38,12,50
2026.06.24,16:30,16:45,Hirsch,58,14,72
2026.06.24,16:45,17:00,Hirsch,35,16,51
2026.06.24,17:00,17:15,Hirsch,70,12,82
2026.06.24,17:15,17:30,Hirsch,53,22,75
2026.06.24,17:30,17:45,Hirsch,77,29,106
2026.06.24,17:45,18:00,Hirsch,72,19,91
2026.06.24,18:00,18:15,Hirsch,59,20,79
2026.06.24,18:15,18:30,Hirsch,51,25,76
2026.06.24,18:30,18:45,Hirsch,60,14,74
2026.06.24,18:45,19:00,Hirsch,44,23,67
2026.06.24,19:00,19:15,Hirsch,54,15,69
2026.06.24,19:15,19:30,Hirsch,36,15,51
2026.06.24,19:30,19:45,Hirsch,27,15,42
2026.06.24,19:45,20:00,Hirsch,25,12,37
2026.06.24,20:00,20:15,Hirsch,23,18,41
2026.06.24,20:15,20:30,Hirsch,22,10,32
2026.06.24,20:30,20:45,Hirsch,20,9,29
2026.06.24,20:45,21:00,Hirsch,6,8,14
2026.06.24,21:00,21:15,Hirsch,19,12,31
2026.06.24,21:15,21:30,Hirsch,22,8,30
2026.06.24,21:30,21:45,Hirsch,10,6,16
2026.06.24,21:45,22:00,Hirsch,18,6,24
2026.06.24,22:00,22:15,Hirsch,18,4,22
2026.06.24,22:15,22:30,Hirsch,17,7,24
2026.06.24,22:30,22:45,Hirsch,14,4,18
2026.06.24,22:45,23:00,Hirsch,11,2,13
2026.06.24,23:00,23:15,Hirsch,18,2,20
2026.06.24,23:15,23:30,Hirsch,6,1,7
2026.06.24,23:30,23:45,Hirsch,14,0,14
2026.06.24,23:45,00:00,Hirsch,12,1,13
2026.06.25,00:00,00:15,Hirsch,6,1,7
2026.06.25,00:15,00:30,Hirsch,2,2,4
2026.06.25,00:30,00:45,Hirsch,4,0,4
2026.06.25,00:45,01:00,Hirsch,3,0,3
2026.06.25,01:00,01:15,Hirsch,3,0,3
2026.06.25,01:15,01:30,Hirsch,2,1,3
2026.06.25,01:30,01:45,Hirsch,1,0,1
2026.06.25,01:45,02:00,Hirsch,2,1,3
2026.06.25,02:00,02:15,Hirsch,1,0,1
2026.06.25,02:15,02:30,Hirsch,0,0,0
2026.06.25,02:30,02:45,Hirsch,0,0,0
2026.06.25,02:45,03:00,Hirsch,0,0,0
2026.06.25,03:00,03:15,Hirsch,0,0,0
2026.06.25,03:15,03:30,Hirsch,0,0,0
2026.06.25,03:30,03:45,Hirsch,0,2,2
2026.06.25,03:45,04:00,Hirsch,1,0,1
2026.06.25,04:00,04:15,Hirsch,0,0,0
2026.06.25,04:15,04:30,Hirsch,1,1,2
2026.06.25,04:30,04:45,Hirsch,0,0,0
2026.06.25,04:45,05:00,Hirsch,0,1,1
2026.06.25,05:00,05:15,Hirsch,1,2,3
2026.06.25,05:15,05:30,Hirsch,3,3,6
2026.06.25,05:30,05:45,Hirsch,1,9,10
2026.06.25,05:45,06:00,Hirsch,1,10,11
2026.06.25,06:00,06:15,Hirsch,2,9,11
2026.06.25,06:15,06:30,Hirsch,3,16,19
2026.06.25,06:30,06:45,Hirsch,6,31,37
2026.06.25,06:45,07:00,Hirsch,10,42,52
2026.06.25,07:00,07:15,Hirsch,7,48,55
2026.06.25,07:15,07:30,Hirsch,14,50,64
2026.06.25,07:30,07:45,Hirsch,12,75,87
2026.06.25,07:45,08:00,Hirsch,19,108,127
2026.06.25,08:00,08:15,Hirsch,18,113,131
2026.06.25,08:15,08:30,Hirsch,17,123,140
2026.06.25,08:30,08:45,Hirsch,21,97,118
2026.06.25,08:45,09:00,Hirsch,13,65,78
2026.06.25,09:00,09:15,Hirsch,14,55,69
2026.06.25,09:15,09:30,Hirsch,13,33,46
2026.06.25,09:30,09:45,Hirsch,4,36,40
2026.06.25,09:45,10:00,Hirsch,16,25,41
2026.06.25,10:00,10:15,Hirsch,10,13,23
2026.06.25,10:15,10:30,Hirsch,14,14,28
2026.06.25,10:30,10:45,Hirsch,10,15,25
2026.06.25,10:45,11:00,Hirsch,5,12,17
2026.06.25,11:00,11:15,Hirsch,8,10,18
2026.06.25,11:15,11:30,Hirsch,7,10,17
2026.06.25,11:30,11:45,Hirsch,12,5,17
2026.06.25,11:45,12:00,Hirsch,7,9,16
2026.06.25,12:00,12:15,Hirsch,5,5,10
2026.06.25,12:15,12:30,Hirsch,11,8,19
2026.06.25,12:30,12:45,Hirsch,7,10,17
2026.06.25,12:45,13:00,Hirsch,17,9,26
2026.06.25,13:00,13:15,Hirsch,10,6,16
2026.06.25,13:15,13:30,Hirsch,16,3,19
2026.06.25,13:30,13:45,Hirsch,19,5,24
2026.06.25,13:45,14:00,Hirsch,12,7,19
2026.06.25,14:00,14:15,Hirsch,16,6,22
2026.06.25,14:15,14:30,Hirsch,20,8,28
2026.06.25,14:30,14:45,Hirsch,13,13,26
2026.06.25,14:45,15:00,Hirsch,18,3,21
2026.06.25,15:00,15:15,Hirsch,20,9,29
2026.06.25,15:15,15:30,Hirsch,25,10,35
2026.06.25,15:30,15:45,Hirsch,35,10,45
2026.06.25,15:45,16:00,Hirsch,24,11,35
2026.06.25,16:00,16:15,Hirsch,39,18,57
2026.06.25,16:15,16:30,Hirsch,46,15,61
2026.06.25,16:30,16:45,Hirsch,58,16,74
2026.06.25,16:45,17:00,Hirsch,47,11,58
2026.06.25,17:00,17:15,Hirsch,46,9,55
2026.06.25,17:15,17:30,Hirsch,61,21,82
2026.06.25,17:30,17:45,Hirsch,58,23,81
2026.06.25,17:45,18:00,Hirsch,44,24,68
2026.06.25,18:00,18:15,Hirsch,56,21,77
2026.06.25,18:15,18:30,Hirsch,50,14,64
2026.06.25,18:30,18:45,Hirsch,34,24,58
2026.06.25,18:45,19:00,Hirsch,49,25,74
2026.06.25,19:00,19:15,Hirsch,34,17,51
2026.06.25,19:15,19:30,Hirsch,24,24,48
2026.06.25,19:30,19:45,Hirsch,24,7,31
2026.06.25,19:45,20:00,Hirsch,32,14,46
2026.06.25,20:00,20:15,Hirsch,31,18,49
2026.06.25,20:15,20:30,Hirsch,22,9,31
2026.06.25,20:30,20:45,Hirsch,21,13,34
2026.06.25,20:45,21:00,Hirsch,23,10,33
2026.06.25,21:00,21:15,Hirsch,14,14,28
2026.06.25,21:15,21:30,Hirsch,18,8,26
2026.06.25,21:30,21:45,Hirsch,15,13,28
2026.06.25,21:45,22:00,Hirsch,16,8,24
2026.06.25,22:00,22:15,Hirsch,10,11,21
2026.06.25,22:15,22:30,Hirsch,8,4,12
2026.06.25,22:30,22:45,Hirsch,13,6,19
2026.06.25,22:45,23:00,Hirsch,10,6,16
2026.06.25,23:00,23:15,Hirsch,4,3,7
2026.06.25,23:15,23:30,Hirsch,6,0,6
2026.06.25,23:30,23:45,Hirsch,4,1,5
2026.06.25,23:45,00:00,Hirsch,2,0,2
2026.06.26,00:00,00:15,Hirsch,23,5,28
2026.06.26,00:15,00:30,Hirsch,17,8,25
2026.06.26,00:30,00:45,Hirsch,7,6,13
2026.06.26,00:45,01:00,Hirsch,9,3,12
2026.06.26,01:00,01:15,Hirsch,4,0,4
2026.06.26,01:15,01:30,Hirsch,1,0,1
2026.06.26,01:30,01:45,Hirsch,5,1,6
2026.06.26,01:45,02:00,Hirsch,2,0,2
2026.06.26,02:00,02:15,Hirsch,1,1,2
2026.06.26,02:15,02:30,Hirsch,3,0,3
2026.06.26,02:30,02:45,Hirsch,0,0,0
2026.06.26,02:45,03:00,Hirsch,0,0,0
2026.06.26,03:00,03:15,Hirsch,0,0,0
2026.06.26,03:15,03:30,Hirsch,0,0,0
2026.06.26,03:30,03:45,Hirsch,0,0,0
2026.06.26,03:45,04:00,Hirsch,0,1,1
2026.06.26,04:00,04:15,Hirsch,0,0,0
2026.06.26,04:15,04:30,Hirsch,0,1,1
2026.06.26,04:30,04:45,Hirsch,0,2,2
2026.06.26,04:45,05:00,Hirsch,0,0,0
2026.06.26,05:00,05:15,Hirsch,0,4,4
2026.06.26,05:15,05:30,Hirsch,0,3,3
2026.06.26,05:30,05:45,Hirsch,4,6,10
2026.06.26,05:45,06:00,Hirsch,1,6,7
2026.06.26,06:00,06:15,Hirsch,3,8,11
2026.06.26,06:15,06:30,Hirsch,3,10,13
2026.06.26,06:30,06:45,Hirsch,3,15,18
2026.06.26,06:45,07:00,Hirsch,6,24,30
2026.06.26,07:00,07:15,Hirsch,3,34,37
2026.06.26,07:15,07:30,Hirsch,10,32,42
2026.06.26,07:30,07:45,Hirsch,21,49,70
2026.06.26,07:45,08:00,Hirsch,8,66,74
2026.06.26,08:00,08:15,Hirsch,18,59,77
2026.06.26,08:15,08:30,Hirsch,24,75,99
2026.06.26,08:30,08:45,Hirsch,18,53,71
2026.06.26,08:45,09:00,Hirsch,8,36,44
2026.06.26,09:00,09:15,Hirsch,6,34,40
2026.06.26,09:15,09:30,Hirsch,10,20,30
2026.06.26,09:30,09:45,Hirsch,9,25,34
2026.06.26,09:45,10:00,Hirsch,7,20,27
2026.06.26,10:00,10:15,Hirsch,5,8,13
2026.06.26,10:15,10:30,Hirsch,10,12,22
2026.06.26,10:30,10:45,Hirsch,9,5,14
2026.06.26,10:45,11:00,Hirsch,5,6,11
2026.06.26,11:00,11:15,Hirsch,8,7,15
2026.06.26,11:15,11:30,Hirsch,4,12,16
2026.06.26,11:30,11:45,Hirsch,4,2,6
2026.06.26,11:45,12:00,Hirsch,7,7,14
2026.06.26,12:00,12:15,Hirsch,11,8,19
2026.06.26,12:15,12:30,Hirsch,16,7,23
2026.06.26,12:30,12:45,Hirsch,11,8,19
2026.06.26,12:45,13:00,Hirsch,12,2,14
2026.06.26,13:00,13:15,Hirsch,10,4,14
2026.06.26,13:15,13:30,Hirsch,24,3,27
2026.06.26,13:30,13:45,Hirsch,14,9,23
2026.06.26,13:45,14:00,Hirsch,15,7,22
2026.06.26,14:00,14:15,Hirsch,16,7,23
2026.06.26,14:15,14:30,Hirsch,20,7,27
2026.06.26,14:30,14:45,Hirsch,13,11,24
2026.06.26,14:45,15:00,Hirsch,23,6,29
2026.06.26,15:00,15:15,Hirsch,24,10,34
2026.06.26,15:15,15:30,Hirsch,32,8,40
2026.06.26,15:30,15:45,Hirsch,15,6,21
2026.06.26,15:45,16:00,Hirsch,20,12,32
2026.06.26,16:00,16:15,Hirsch,28,4,32
2026.06.26,16:15,16:30,Hirsch,26,14,40
2026.06.26,16:30,16:45,Hirsch,30,6,36
2026.06.26,16:45,17:00,Hirsch,25,14,39
2026.06.26,17:00,17:15,Hirsch,25,17,42
2026.06.26,17:15,17:30,Hirsch,28,20,48
2026.06.26,17:30,17:45,Hirsch,23,11,34
2026.06.26,17:45,18:00,Hirsch,21,20,41
2026.06.26,18:00,18:15,Hirsch,22,23,45
2026.06.26,18:15,18:30,Hirsch,22,27,49
2026.06.26,18:30,18:45,Hirsch,23,11,34
2026.06.26,18:45,19:00,Hirsch,28,16,44
2026.06.26,19:00,19:15,Hirsch,14,9,23
2026.06.26,19:15,19:30,Hirsch,14,24,38
2026.06.26,19:30,19:45,Hirsch,17,11,28
2026.06.26,19:45,20:00,Hirsch,16,6,22
2026.06.26,20:00,20:15,Hirsch,14,10,24
2026.06.26,20:15,20:30,Hirsch,8,24,32
2026.06.26,20:30,20:45,Hirsch,14,2,16
2026.06.26,20:45,21:00,Hirsch,6,5,11
2026.06.26,21:00,21:15,Hirsch,13,11,24
2026.06.26,21:15,21:30,Hirsch,8,12,20
2026.06.26,21:30,21:45,Hirsch,10,5,15
2026.06.26,21:45,22:00,Hirsch,8,9,17
2026.06.26,22:00,22:15,Hirsch,9,3,12
2026.06.26,22:15,22:30,Hirsch,10,9,19
2026.06.26,22:30,22:45,Hirsch,12,7,19
2026.06.26,22:45,23:00,Hirsch,14,4,18
2026.06.26,23:00,23:15,Hirsch,8,2,10
2026.06.26,23:15,23:30,Hirsch,12,5,17
2026.06.26,23:30,23:45,Hirsch,7,6,13
2026.06.26,23:45,00:00,Hirsch,15,3,18
2026.06.27,00:00,00:15,Hirsch,7,0,7
2026.06.27,00:15,00:30,Hirsch,8,1,9
2026.06.27,00:30,00:45,Hirsch,6,1,7
2026.06.27,00:45,01:00,Hirsch,4,2,6
2026.06.27,01:00,01:15,Hirsch,2,0,2
2026.06.27,01:15,01:30,Hirsch,2,0,2
2026.06.27,01:30,01:45,Hirsch,0,0,0
2026.06.27,01:45,02:00,Hirsch,0,0,0
2026.06.27,02:00,02:15,Hirsch,1,0,1
2026.06.27,02:15,02:30,Hirsch,1,2,3
2026.06.27,02:30,02:45,Hirsch,4,0,4
2026.06.27,02:45,03:00,Hirsch,3,0,3
2026.06.27,03:00,03:15,Hirsch,0,1,1
2026.06.27,03:15,03:30,Hirsch,1,0,1
2026.06.27,03:30,03:45,Hirsch,2,0,2
2026.06.27,03:45,04:00,Hirsch,1,0,1
2026.06.27,04:00,04:15,Hirsch,1,2,3
2026.06.27,04:15,04:30,Hirsch,1,0,1
2026.06.27,04:30,04:45,Hirsch,2,0,2
2026.06.27,04:45,05:00,Hirsch,0,0,0
2026.06.27,05:00,05:15,Hirsch,1,1,2
2026.06.27,05:15,05:30,Hirsch,2,2,4
2026.06.27,05:30,05:45,Hirsch,2,1,3
2026.06.27,05:45,06:00,Hirsch,0,3,3
2026.06.27,06:00,06:15,Hirsch,0,1,1
2026.06.27,06:15,06:30,Hirsch,2,0,2
2026.06.27,06:30,06:45,Hirsch,2,2,4
2026.06.27,06:45,07:00,Hirsch,2,4,6
2026.06.27,07:00,07:15,Hirsch,2,4,6
2026.06.27,07:15,07:30,Hirsch,3,3,6
2026.06.27,07:30,07:45,Hirsch,6,6,12
2026.06.27,07:45,08:00,Hirsch,3,2,5
2026.06.27,08:00,08:15,Hirsch,3,8,11
2026.06.27,08:15,08:30,Hirsch,4,4,8
2026.06.27,08:30,08:45,Hirsch,4,6,10
2026.06.27,08:45,09:00,Hirsch,4,6,10
2026.06.27,09:00,09:15,Hirsch,6,15,21
2026.06.27,09:15,09:30,Hirsch,12,15,27
2026.06.27,09:30,09:45,Hirsch,2,8,10
2026.06.27,09:45,10:00,Hirsch,2,12,14
2026.06.27,10:00,10:15,Hirsch,6,12,18
2026.06.27,10:15,10:30,Hirsch,2,10,12
2026.06.27,10:30,10:45,Hirsch,5,8,13
2026.06.27,10:45,11:00,Hirsch,6,12,18
2026.06.27,11:00,11:15,Hirsch,11,13,24
2026.06.27,11:15,11:30,Hirsch,9,10,19
2026.06.27,11:30,11:45,Hirsch,5,6,11
2026.06.27,11:45,12:00,Hirsch,7,8,15
2026.06.27,12:00,12:15,Hirsch,15,10,25
2026.06.27,12:15,12:30,Hirsch,7,9,16
2026.06.27,12:30,12:45,Hirsch,13,18,31
2026.06.27,12:45,13:00,Hirsch,3,5,8
2026.06.27,13:00,13:15,Hirsch,14,6,20
2026.06.27,13:15,13:30,Hirsch,8,3,11
2026.06.27,13:30,13:45,Hirsch,8,7,15
2026.06.27,13:45,14:00,Hirsch,6,9,15
2026.06.27,14:00,14:15,Hirsch,6,2,8
2026.06.27,14:15,14:30,Hirsch,4,8,12
2026.06.27,14:30,14:45,Hirsch,6,9,15
2026.06.27,14:45,15:00,Hirsch,9,7,16
2026.06.27,15:00,15:15,Hirsch,11,5,16
2026.06.27,15:15,15:30,Hirsch,13,6,19
2026.06.27,15:30,15:45,Hirsch,2,6,8
2026.06.27,15:45,16:00,Hirsch,6,4,10
2026.06.27,16:00,16:15,Hirsch,5,9,14
2026.06.27,16:15,16:30,Hirsch,7,7,14
2026.06.27,16:30,16:45,Hirsch,5,12,17
2026.06.27,16:45,17:00,Hirsch,6,3,9
2026.06.27,17:00,17:15,Hirsch,6,8,14
2026.06.27,17:15,17:30,Hirsch,11,5,16
2026.06.27,17:30,17:45,Hirsch,8,3,11
2026.06.27,17:45,18:00,Hirsch,8,6,14
2026.06.27,18:00,18:15,Hirsch,13,6,19
2026.06.27,18:15,18:30,Hirsch,8,8,16
2026.06.27,18:30,18:45,Hirsch,11,5,16
2026.06.27,18:45,19:00,Hirsch,5,14,19
2026.06.27,19:00,19:15,Hirsch,9,7,16
2026.06.27,19:15,19:30,Hirsch,11,8,19
2026.06.27,19:30,19:45,Hirsch,9,10,19
2026.06.27,19:45,20:00,Hirsch,10,8,18
2026.06.27,20:00,20:15,Hirsch,11,8,19
2026.06.27,20:15,20:30,Hirsch,2,6,8
2026.06.27,20:30,20:45,Hirsch,6,20,26
2026.06.27,20:45,21:00,Hirsch,11,8,19
2026.06.27,21:00,21:15,Hirsch,4,10,14
2026.06.27,21:15,21:30,Hirsch,4,4,8
2026.06.27,21:30,21:45,Hirsch,3,4,7
2026.06.27,21:45,22:00,Hirsch,10,6,16
2026.06.27,22:00,22:15,Hirsch,3,5,8
2026.06.27,22:15,22:30,Hirsch,9,3,12
2026.06.27,22:30,22:45,Hirsch,14,5,19
2026.06.27,22:45,23:00,Hirsch,6,7,13
2026.06.27,23:00,23:15,Hirsch,11,3,14
2026.06.27,23:15,23:30,Hirsch,4,4,8
2026.06.27,23:30,23:45,Hirsch,6,1,7
2026.06.27,23:45,00:00,Hirsch,17,2,19
2026.06.28,00:00,00:15,Hirsch,6,2,8
2026.06.28,00:15,00:30,Hirsch,8,3,11
2026.06.28,00:30,00:45,Hirsch,7,0,7
2026.06.28,00:45,01:00,Hirsch,1,0,1
2026.06.28,01:00,01:15,Hirsch,7,0,7
2026.06.28,01:15,01:30,Hirsch,3,4,7
2026.06.28,01:30,01:45,Hirsch,4,2,6
2026.06.28,01:45,02:00,Hirsch,4,2,6
2026.06.28,02:00,02:15,Hirsch,2,1,3
2026.06.28,02:15,02:30,Hirsch,4,0,4
2026.06.28,02:30,02:45,Hirsch,0,0,0
2026.06.28,02:45,03:00,Hirsch,2,1,3
2026.06.28,03:00,03:15,Hirsch,0,0,0
2026.06.28,03:15,03:30,Hirsch,1,1,2
2026.06.28,03:30,03:45,Hirsch,0,1,1
2026.06.28,03:45,04:00,Hirsch,0,0,0
2026.06.28,04:00,04:15,Hirsch,3,0,3
2026.06.28,04:15,04:30,Hirsch,0,0,0
2026.06.28,04:30,04:45,Hirsch,0,0,0
2026.06.28,04:45,05:00,Hirsch,0,0,0
2026.06.28,05:00,05:15,Hirsch,1,1,2
2026.06.28,05:15,05:30,Hirsch,3,2,5
2026.06.28,05:30,05:45,Hirsch,2,0,2
2026.06.28,05:45,06:00,Hirsch,0,1,1
2026.06.28,06:00,06:15,Hirsch,3,0,3
2026.06.28,06:15,06:30,Hirsch,4,2,6
2026.06.28,06:30,06:45,Hirsch,0,4,4
2026.06.28,06:45,07:00,Hirsch,2,2,4
2026.06.28,07:00,07:15,Hirsch,0,1,1
2026.06.28,07:15,07:30,Hirsch,2,3,5
2026.06.28,07:30,07:45,Hirsch,4,6,10
2026.06.28,07:45,08:00,Hirsch,4,2,6
2026.06.28,08:00,08:15,Hirsch,2,2,4
2026.06.28,08:15,08:30,Hirsch,3,3,6
2026.06.28,08:30,08:45,Hirsch,3,6,9
2026.06.28,08:45,09:00,Hirsch,6,4,10
2026.06.28,09:00,09:15,Hirsch,5,15,20
2026.06.28,09:15,09:30,Hirsch,5,8,13
2026.06.28,09:30,09:45,Hirsch,3,4,7
2026.06.28,09:45,10:00,Hirsch,9,11,20
2026.06.28,10:00,10:15,Hirsch,4,7,11
2026.06.28,10:15,10:30,Hirsch,9,18,27
2026.06.28,10:30,10:45,Hirsch,7,4,11
2026.06.28,10:45,11:00,Hirsch,1,7,8
2026.06.28,11:00,11:15,Hirsch,2,11,13
2026.06.28,11:15,11:30,Hirsch,11,9,20
2026.06.28,11:30,11:45,Hirsch,10,6,16
2026.06.28,11:45,12:00,Hirsch,3,4,7
2026.06.28,12:00,12:15,Hirsch,8,8,16
2026.06.28,12:15,12:30,Hirsch,10,10,20
2026.06.28,12:30,12:45,Hirsch,16,4,20
2026.06.28,12:45,13:00,Hirsch,11,5,16
2026.06.28,13:00,13:15,Hirsch,2,7,9
2026.06.28,13:15,13:30,Hirsch,6,4,10
2026.06.28,13:30,13:45,Hirsch,6,8,14
2026.06.28,13:45,14:00,Hirsch,7,7,14
2026.06.28,14:00,14:15,Hirsch,5,2,7
2026.06.28,14:15,14:30,Hirsch,6,5,11
2026.06.28,14:30,14:45,Hirsch,12,5,17
2026.06.28,14:45,15:00,Hirsch,8,13,21
2026.06.28,15:00,15:15,Hirsch,7,5,12
2026.06.28,15:15,15:30,Hirsch,6,6,12
2026.06.28,15:30,15:45,Hirsch,7,7,14
2026.06.28,15:45,16:00,Hirsch,9,11,20
2026.06.28,16:00,16:15,Hirsch,10,4,14
2026.06.28,16:15,16:30,Hirsch,3,10,13
2026.06.28,16:30,16:45,Hirsch,4,11,15
2026.06.28,16:45,17:00,Hirsch,2,18,20
2026.06.28,17:00,17:15,Hirsch,11,10,21
2026.06.28,17:15,17:30,Hirsch,9,10,19
2026.06.28,17:30,17:45,Hirsch,10,15,25
2026.06.28,17:45,18:00,Hirsch,4,13,17
2026.06.28,18:00,18:15,Hirsch,20,9,29
2026.06.28,18:15,18:30,Hirsch,8,15,23
2026.06.28,18:30,18:45,Hirsch,12,8,20
2026.06.28,18:45,19:00,Hirsch,5,13,18
2026.06.28,19:00,19:15,Hirsch,12,12,24
2026.06.28,19:15,19:30,Hirsch,20,8,28
2026.06.28,19:30,19:45,Hirsch,11,8,19
2026.06.28,19:45,20:00,Hirsch,11,16,27
2026.06.28,20:00,20:15,Hirsch,4,3,7
2026.06.28,20:15,20:30,Hirsch,5,9,14
2026.06.28,20:30,20:45,Hirsch,8,6,14
2026.06.28,20:45,21:00,Hirsch,9,7,16
2026.06.28,21:00,21:15,Hirsch,11,3,14
2026.06.28,21:15,21:30,Hirsch,7,1,8
2026.06.28,21:30,21:45,Hirsch,1,7,8
2026.06.28,21:45,22:00,Hirsch,6,2,8
2026.06.28,22:00,22:15,Hirsch,2,1,3
2026.06.28,22:15,22:30,Hirsch,6,5,11
2026.06.28,22:30,22:45,Hirsch,3,1,4
2026.06.28,22:45,23:00,Hirsch,9,1,10
2026.06.28,23:00,23:15,Hirsch,3,1,4
2026.06.28,23:15,23:30,Hirsch,6,2,8
2026.06.28,23:30,23:45,Hirsch,3,0,3
2026.06.28,23:45,00:00,Hirsch,6,0,6
2026.06.29,00:00,00:15,Hirsch,3,0,3
2026.06.29,00:15,00:30,Hirsch,2,0,2
2026.06.29,00:30,00:45,Hirsch,1,0,1
2026.06.29,00:45,01:00,Hirsch,0,0,0
2026.06.29,01:00,01:15,Hirsch,1,0,1
2026.06.29,01:15,01:30,Hirsch,3,0,3
2026.06.29,01:30,01:45,Hirsch,0,0,0
2026.06.29,01:45,02:00,Hirsch,0,0,0
2026.06.29,02:00,02:15,Hirsch,0,0,0
2026.06.29,02:15,02:30,Hirsch,0,0,0
2026.06.29,02:30,02:45,Hirsch,2,0,2
2026.06.29,02:45,03:00,Hirsch,0,0,0
2026.06.29,03:00,03:15,Hirsch,0,0,0
2026.06.29,03:15,03:30,Hirsch,0,0,0
2026.06.29,03:30,03:45,Hirsch,1,0,1
2026.06.29,03:45,04:00,Hirsch,0,0,0
2026.06.29,04:00,04:15,Hirsch,0,0,0
2026.06.29,04:15,04:30,Hirsch,2,0,2
2026.06.29,04:30,04:45,Hirsch,0,1,1
2026.06.29,04:45,05:00,Hirsch,0,0,0
2026.06.29,05:00,05:15,Hirsch,2,2,4
2026.06.29,05:15,05:30,Hirsch,2,2,4
2026.06.29,05:30,05:45,Hirsch,2,9,11
2026.06.29,05:45,06:00,Hirsch,0,8,8
2026.06.29,06:00,06:15,Hirsch,0,6,6
2026.06.29,06:15,06:30,Hirsch,3,19,22
2026.06.29,06:30,06:45,Hirsch,4,20,24
2026.06.29,06:45,07:00,Hirsch,2,31,33
2026.06.29,07:00,07:15,Hirsch,5,40,45
2026.06.29,07:15,07:30,Hirsch,9,47,56
2026.06.29,07:30,07:45,Hirsch,10,83,93
2026.06.29,07:45,08:00,Hirsch,18,86,104
2026.06.29,08:00,08:15,Hirsch,17,84,101
2026.06.29,08:15,08:30,Hirsch,22,96,118
2026.06.29,08:30,08:45,Hirsch,12,93,105
2026.06.29,08:45,09:00,Hirsch,10,56,66
2026.06.29,09:00,09:15,Hirsch,12,42,54
2026.06.29,09:15,09:30,Hirsch,9,33,42
2026.06.29,09:30,09:45,Hirsch,7,20,27
2026.06.29,09:45,10:00,Hirsch,4,22,26
2026.06.29,10:00,10:15,Hirsch,8,16,24
2026.06.29,10:15,10:30,Hirsch,6,13,19
2026.06.29,10:30,10:45,Hirsch,10,11,21
2026.06.29,10:45,11:00,Hirsch,9,10,19
2026.06.29,11:00,11:15,Hirsch,7,12,19
2026.06.29,11:15,11:30,Hirsch,7,6,13
2026.06.29,11:30,11:45,Hirsch,12,11,23
2026.06.29,11:45,12:00,Hirsch,6,7,13
2026.06.29,12:00,12:15,Hirsch,9,8,17
2026.06.29,12:15,12:30,Hirsch,13,12,25
2026.06.29,12:30,12:45,Hirsch,11,1,12
2026.06.29,12:45,13:00,Hirsch,11,4,15
2026.06.29,13:00,13:15,Hirsch,14,6,20
2026.06.29,13:15,13:30,Hirsch,13,6,19
2026.06.29,13:30,13:45,Hirsch,18,8,26
2026.06.29,13:45,14:00,Hirsch,15,9,24
2026.06.29,14:00,14:15,Hirsch,17,7,24
2026.06.29,14:15,14:30,Hirsch,20,11,31
2026.06.29,14:30,14:45,Hirsch,21,9,30
2026.06.29,14:45,15:00,Hirsch,23,10,33
2026.06.29,15:00,15:15,Hirsch,23,5,28
2026.06.29,15:15,15:30,Hirsch,30,13,43
2026.06.29,15:30,15:45,Hirsch,25,6,31
2026.06.29,15:45,16:00,Hirsch,42,12,54
2026.06.29,16:00,16:15,Hirsch,36,10,46
2026.06.29,16:15,16:30,Hirsch,39,17,56
2026.06.29,16:30,16:45,Hirsch,39,14,53
2026.06.29,16:45,17:00,Hirsch,33,10,43
2026.06.29,17:00,17:15,Hirsch,36,20,56
2026.06.29,17:15,17:30,Hirsch,48,16,64
2026.06.29,17:30,17:45,Hirsch,63,12,75
2026.06.29,17:45,18:00,Hirsch,55,18,73
2026.06.29,18:00,18:15,Hirsch,55,18,73
2026.06.29,18:15,18:30,Hirsch,45,18,63
2026.06.29,18:30,18:45,Hirsch,35,18,53
2026.06.29,18:45,19:00,Hirsch,36,21,57
2026.06.29,19:00,19:15,Hirsch,22,13,35
2026.06.29,19:15,19:30,Hirsch,28,18,46
2026.06.29,19:30,19:45,Hirsch,12,15,27
2026.06.29,19:45,20:00,Hirsch,12,7,19
2026.06.29,20:00,20:15,Hirsch,9,2,11
2026.06.29,20:15,20:30,Hirsch,10,8,18
2026.06.29,20:30,20:45,Hirsch,4,1,5
2026.06.29,20:45,21:00,Hirsch,2,0,2
2026.06.29,21:00,21:15,Hirsch,6,0,6
2026.06.29,21:15,21:30,Hirsch,1,5,6
2026.06.29,21:30,21:45,Hirsch,7,1,8
2026.06.29,21:45,22:00,Hirsch,2,2,4
2026.06.29,22:00,22:15,Hirsch,10,1,11
2026.06.29,22:15,22:30,Hirsch,5,2,7
2026.06.29,22:30,22:45,Hirsch,3,0,3
2026.06.29,22:45,23:00,Hirsch,9,2,11
2026.06.29,23:00,23:15,Hirsch,1,0,1
2026.06.29,23:15,23:30,Hirsch,0,2,2
2026.06.29,23:30,23:45,Hirsch,1,0,1
2026.06.29,23:45,00:00,Hirsch,3,0,3
2026.06.30,00:00,00:15,Hirsch,0,0,0
2026.06.30,00:15,00:30,Hirsch,1,0,1
2026.06.30,00:30,00:45,Hirsch,1,0,1
2026.06.30,00:45,01:00,Hirsch,1,0,1
2026.06.30,01:00,01:15,Hirsch,1,0,1
2026.06.30,01:15,01:30,Hirsch,0,0,0
2026.06.30,01:30,01:45,Hirsch,16,0,16
2026.06.30,01:45,02:00,Hirsch,8,0,8
2026.06.30,02:00,02:15,Hirsch,5,0,5
2026.06.30,02:15,02:30,Hirsch,0,0,0
2026.06.30,02:30,02:45,Hirsch,0,0,0
2026.06.30,02:45,03:00,Hirsch,0,0,0
2026.06.30,03:00,03:15,Hirsch,0,0,0
2026.06.30,03:15,03:30,Hirsch,0,0,0
2026.06.30,03:30,03:45,Hirsch,0,0,0
2026.06.30,03:45,04:00,Hirsch,0,0,0
2026.06.30,04:00,04:15,Hirsch,1,0,1
2026.06.30,04:15,04:30,Hirsch,0,0,0
2026.06.30,04:30,04:45,Hirsch,0,0,0
2026.06.30,04:45,05:00,Hirsch,0,2,2
2026.06.30,05:00,05:15,Hirsch,0,2,2
2026.06.30,05:15,05:30,Hirsch,1,3,4
2026.06.30,05:30,05:45,Hirsch,0,10,10
2026.06.30,05:45,06:00,Hirsch,1,14,15
2026.06.30,06:00,06:15,Hirsch,2,9,11
2026.06.30,06:15,06:30,Hirsch,2,16,18
2026.06.30,06:30,06:45,Hirsch,5,16,21
2026.06.30,06:45,07:00,Hirsch,5,38,43
2026.06.30,07:00,07:15,Hirsch,2,47,49
2026.06.30,07:15,07:30,Hirsch,5,41,46
2026.06.30,07:30,07:45,Hirsch,20,75,95
2026.06.30,07:45,08:00,Hirsch,14,92,106
2026.06.30,08:00,08:15,Hirsch,17,99,116
2026.06.30,08:15,08:30,Hirsch,15,105,120
2026.06.30,08:30,08:45,Hirsch,17,95,112
2026.06.30,08:45,09:00,Hirsch,11,77,88
2026.06.30,09:00,09:15,Hirsch,14,51,65
2026.06.30,09:15,09:30,Hirsch,14,38,52
2026.06.30,09:30,09:45,Hirsch,6,35,41
2026.06.30,09:45,10:00,Hirsch,13,27,40
2026.06.30,10:00,10:15,Hirsch,7,22,29
2026.06.30,10:15,10:30,Hirsch,3,15,18
2026.06.30,10:30,10:45,Hirsch,11,22,33
2026.06.30,10:45,11:00,Hirsch,9,17,26
2026.06.30,11:00,11:15,Hirsch,9,9,18
2026.06.30,11:15,11:30,Hirsch,7,7,14
2026.06.30,11:30,11:45,Hirsch,9,11,20
2026.06.30,11:45,12:00,Hirsch,10,11,21
2026.06.30,12:00,12:15,Hirsch,11,7,18
2026.06.30,12:15,12:30,Hirsch,9,8,17
2026.06.30,12:30,12:45,Hirsch,11,5,16
2026.06.30,12:45,13:00,Hirsch,11,16,27
2026.06.30,13:00,13:15,Hirsch,9,8,17
2026.06.30,13:15,13:30,Hirsch,18,13,31
2026.06.30,13:30,13:45,Hirsch,17,6,23
2026.06.30,13:45,14:00,Hirsch,18,4,22
2026.06.30,14:00,14:15,Hirsch,17,6,23
2026.06.30,14:15,14:30,Hirsch,19,7,26
2026.06.30,14:30,14:45,Hirsch,20,14,34
2026.06.30,14:45,15:00,Hirsch,14,10,24
2026.06.30,15:00,15:15,Hirsch,21,8,29
2026.06.30,15:15,15:30,Hirsch,35,7,42
2026.06.30,15:30,15:45,Hirsch,41,18,59
2026.06.30,15:45,16:00,Hirsch,43,11,54
2026.06.30,16:00,16:15,Hirsch,42,13,55
2026.06.30,16:15,16:30,Hirsch,47,16,63
2026.06.30,16:30,16:45,Hirsch,43,9,52
2026.06.30,16:45,17:00,Hirsch,38,16,54
2026.06.30,17:00,17:15,Hirsch,51,14,65
2026.06.30,17:15,17:30,Hirsch,60,21,81
2026.06.30,17:30,17:45,Hirsch,60,17,77
2026.06.30,17:45,18:00,Hirsch,72,29,101
2026.06.30,18:00,18:15,Hirsch,59,24,83
2026.06.30,18:15,18:30,Hirsch,62,34,96
2026.06.30,18:30,18:45,Hirsch,64,29,93
2026.06.30,18:45,19:00,Hirsch,38,19,57
2026.06.30,19:00,19:15,Hirsch,33,17,50
2026.06.30,19:15,19:30,Hirsch,35,10,45
2026.06.30,19:30,19:45,Hirsch,33,10,43
2026.06.30,19:45,20:00,Hirsch,34,6,40
2026.06.30,20:00,20:15,Hirsch,21,8,29
2026.06.30,20:15,20:30,Hirsch,14,16,30
2026.06.30,20:30,20:45,Hirsch,17,19,36
2026.06.30,20:45,21:00,Hirsch,15,8,23
2026.06.30,21:00,21:15,Hirsch,19,4,23
2026.06.30,21:15,21:30,Hirsch,13,7,20
2026.06.30,21:30,21:45,Hirsch,7,3,10
2026.06.30,21:45,22:00,Hirsch,20,3,23
2026.06.30,22:00,22:15,Hirsch,6,7,13
2026.06.30,22:15,22:30,Hirsch,6,6,12
2026.06.30,22:30,22:45,Hirsch,15,2,17
2026.06.30,22:45,23:00,Hirsch,10,0,10
2026.06.30,23:00,23:15,Hirsch,11,0,11
2026.06.30,23:15,23:30,Hirsch,7,0,7
2026.06.30,23:30,23:45,Hirsch,4,1,5
2026.06.30,23:45,00:00,Hirsch,6,1,7
2026.06.01,00:00,00:15,Erhardt,1,0,1
2026.06.01,00:15,00:30,Erhardt,0,1,1
2026.06.01,00:30,00:45,Erhardt,0,1,1
2026.06.01,00:45,01:00,Erhardt,0,1,1
2026.06.01,01:00,01:15,Erhardt,1,0,1
2026.06.01,01:15,01:30,Erhardt,0,0,0
2026.06.01,01:30,01:45,Erhardt,2,3,5
2026.06.01,01:45,02:00,Erhardt,1,1,2
2026.06.01,02:00,02:15,Erhardt,0,0,0
2026.06.01,02:15,02:30,Erhardt,0,0,0
2026.06.01,02:30,02:45,Erhardt,0,1,1
2026.06.01,02:45,03:00,Erhardt,0,0,0
2026.06.01,03:00,03:15,Erhardt,0,0,0
2026.06.01,03:15,03:30,Erhardt,1,0,1
2026.06.01,03:30,03:45,Erhardt,0,0,0
2026.06.01,03:45,04:00,Erhardt,0,0,0
2026.06.01,04:00,04:15,Erhardt,1,0,1
2026.06.01,04:15,04:30,Erhardt,0,1,1
2026.06.01,04:30,04:45,Erhardt,1,2,3
2026.06.01,04:45,05:00,Erhardt,1,0,1
2026.06.01,05:00,05:15,Erhardt,2,1,3
2026.06.01,05:15,05:30,Erhardt,1,5,6
2026.06.01,05:30,05:45,Erhardt,7,8,15
2026.06.01,05:45,06:00,Erhardt,7,9,16
2026.06.01,06:00,06:15,Erhardt,10,9,19
2026.06.01,06:15,06:30,Erhardt,5,9,14
2026.06.01,06:30,06:45,Erhardt,10,14,24
2026.06.01,06:45,07:00,Erhardt,11,18,29
2026.06.01,07:00,07:15,Erhardt,23,28,51
2026.06.01,07:15,07:30,Erhardt,28,32,60
2026.06.01,07:30,07:45,Erhardt,41,34,75
2026.06.01,07:45,08:00,Erhardt,53,32,85
2026.06.01,08:00,08:15,Erhardt,64,35,99
2026.06.01,08:15,08:30,Erhardt,58,59,117
2026.06.01,08:30,08:45,Erhardt,65,50,115
2026.06.01,08:45,09:00,Erhardt,55,72,127
2026.06.01,09:00,09:15,Erhardt,42,41,83
2026.06.01,09:15,09:30,Erhardt,41,25,66
2026.06.01,09:30,09:45,Erhardt,30,25,55
2026.06.01,09:45,10:00,Erhardt,18,34,52
2026.06.01,10:00,10:15,Erhardt,19,21,40
2026.06.01,10:15,10:30,Erhardt,22,23,45
2026.06.01,10:30,10:45,Erhardt,21,20,41
2026.06.01,10:45,11:00,Erhardt,18,15,33
2026.06.01,11:00,11:15,Erhardt,21,12,33
2026.06.01,11:15,11:30,Erhardt,30,27,57
2026.06.01,11:30,11:45,Erhardt,14,24,38
2026.06.01,11:45,12:00,Erhardt,14,28,42
2026.06.01,12:00,12:15,Erhardt,27,20,47
2026.06.01,12:15,12:30,Erhardt,27,15,42
2026.06.01,12:30,12:45,Erhardt,29,26,55
2026.06.01,12:45,13:00,Erhardt,22,17,39
2026.06.01,13:00,13:15,Erhardt,19,27,46
2026.06.01,13:15,13:30,Erhardt,18,28,46
2026.06.01,13:30,13:45,Erhardt,23,25,48
2026.06.01,13:45,14:00,Erhardt,24,17,41
2026.06.01,14:00,14:15,Erhardt,33,18,51
2026.06.01,14:15,14:30,Erhardt,33,13,46
2026.06.01,14:30,14:45,Erhardt,28,28,56
2026.06.01,14:45,15:00,Erhardt,41,25,66
2026.06.01,15:00,15:15,Erhardt,31,23,54
2026.06.01,15:15,15:30,Erhardt,48,25,73
2026.06.01,15:30,15:45,Erhardt,50,36,86
2026.06.01,15:45,16:00,Erhardt,32,37,69
2026.06.01,16:00,16:15,Erhardt,59,37,96
2026.06.01,16:15,16:30,Erhardt,48,34,82
2026.06.01,16:30,16:45,Erhardt,56,52,108
2026.06.01,16:45,17:00,Erhardt,64,36,100
2026.06.01,17:00,17:15,Erhardt,56,50,106
2026.06.01,17:15,17:30,Erhardt,99,44,143
2026.06.01,17:30,17:45,Erhardt,92,68,160
2026.06.01,17:45,18:00,Erhardt,86,69,155
2026.06.01,18:00,18:15,Erhardt,101,39,140
2026.06.01,18:15,18:30,Erhardt,85,54,139
2026.06.01,18:30,18:45,Erhardt,85,58,143
2026.06.01,18:45,19:00,Erhardt,84,47,131
2026.06.01,19:00,19:15,Erhardt,75,56,131
2026.06.01,19:15,19:30,Erhardt,61,46,107
2026.06.01,19:30,19:45,Erhardt,53,38,91
2026.06.01,19:45,20:00,Erhardt,48,29,77
2026.06.01,20:00,20:15,Erhardt,43,45,88
2026.06.01,20:15,20:30,Erhardt,31,30,61
2026.06.01,20:30,20:45,Erhardt,48,22,70
2026.06.01,20:45,21:00,Erhardt,21,26,47
2026.06.01,21:00,21:15,Erhardt,28,14,42
2026.06.01,21:15,21:30,Erhardt,27,15,42
2026.06.01,21:30,21:45,Erhardt,16,29,45
2026.06.01,21:45,22:00,Erhardt,34,23,57
2026.06.01,22:00,22:15,Erhardt,21,18,39
2026.06.01,22:15,22:30,Erhardt,16,19,35
2026.06.01,22:30,22:45,Erhardt,14,23,37
2026.06.01,22:45,23:00,Erhardt,14,12,26
2026.06.01,23:00,23:15,Erhardt,10,11,21
2026.06.01,23:15,23:30,Erhardt,10,7,17
2026.06.01,23:30,23:45,Erhardt,10,5,15
2026.06.01,23:45,00:00,Erhardt,8,3,11
2026.06.02,00:00,00:15,Erhardt,4,5,9
2026.06.02,00:15,00:30,Erhardt,6,2,8
2026.06.02,00:30,00:45,Erhardt,2,7,9
2026.06.02,00:45,01:00,Erhardt,5,2,7
2026.06.02,01:00,01:15,Erhardt,3,4,7
2026.06.02,01:15,01:30,Erhardt,1,2,3
2026.06.02,01:30,01:45,Erhardt,0,2,2
2026.06.02,01:45,02:00,Erhardt,0,2,2
2026.06.02,02:00,02:15,Erhardt,0,2,2
2026.06.02,02:15,02:30,Erhardt,1,0,1
2026.06.02,02:30,02:45,Erhardt,0,0,0
2026.06.02,02:45,03:00,Erhardt,0,0,0
2026.06.02,03:00,03:15,Erhardt,0,0,0
2026.06.02,03:15,03:30,Erhardt,1,0,1
2026.06.02,03:30,03:45,Erhardt,0,0,0
2026.06.02,03:45,04:00,Erhardt,0,0,0
2026.06.02,04:00,04:15,Erhardt,0,0,0
2026.06.02,04:15,04:30,Erhardt,0,0,0
2026.06.02,04:30,04:45,Erhardt,1,2,3
2026.06.02,04:45,05:00,Erhardt,1,1,2
2026.06.02,05:00,05:15,Erhardt,1,1,2
2026.06.02,05:15,05:30,Erhardt,5,9,14
2026.06.02,05:30,05:45,Erhardt,6,8,14
2026.06.02,05:45,06:00,Erhardt,9,11,20
2026.06.02,06:00,06:15,Erhardt,10,10,20
2026.06.02,06:15,06:30,Erhardt,11,14,25
2026.06.02,06:30,06:45,Erhardt,16,15,31
2026.06.02,06:45,07:00,Erhardt,18,23,41
2026.06.02,07:00,07:15,Erhardt,31,32,63
2026.06.02,07:15,07:30,Erhardt,41,40,81
2026.06.02,07:30,07:45,Erhardt,68,40,108
2026.06.02,07:45,08:00,Erhardt,75,39,114
2026.06.02,08:00,08:15,Erhardt,58,67,125
2026.06.02,08:15,08:30,Erhardt,91,69,160
2026.06.02,08:30,08:45,Erhardt,85,86,171
2026.06.02,08:45,09:00,Erhardt,68,75,143
2026.06.02,09:00,09:15,Erhardt,55,47,102
2026.06.02,09:15,09:30,Erhardt,46,47,93
2026.06.02,09:30,09:45,Erhardt,33,45,78
2026.06.02,09:45,10:00,Erhardt,21,38,59
2026.06.02,10:00,10:15,Erhardt,25,15,40
2026.06.02,10:15,10:30,Erhardt,25,19,44
2026.06.02,10:30,10:45,Erhardt,26,28,54
2026.06.02,10:45,11:00,Erhardt,32,27,59
2026.06.02,11:00,11:15,Erhardt,23,22,45
2026.06.02,11:15,11:30,Erhardt,22,19,41
2026.06.02,11:30,11:45,Erhardt,20,17,37
2026.06.02,11:45,12:00,Erhardt,26,36,62
2026.06.02,12:00,12:15,Erhardt,27,21,48
2026.06.02,12:15,12:30,Erhardt,22,27,49
2026.06.02,12:30,12:45,Erhardt,20,22,42
2026.06.02,12:45,13:00,Erhardt,28,27,55
2026.06.02,13:00,13:15,Erhardt,25,26,51
2026.06.02,13:15,13:30,Erhardt,31,31,62
2026.06.02,13:30,13:45,Erhardt,35,30,65
2026.06.02,13:45,14:00,Erhardt,39,23,62
2026.06.02,14:00,14:15,Erhardt,43,29,72
2026.06.02,14:15,14:30,Erhardt,45,32,77
2026.06.02,14:30,14:45,Erhardt,24,27,51
2026.06.02,14:45,15:00,Erhardt,36,30,66
2026.06.02,15:00,15:15,Erhardt,46,32,78
2026.06.02,15:15,15:30,Erhardt,47,35,82
2026.06.02,15:30,15:45,Erhardt,48,27,75
2026.06.02,15:45,16:00,Erhardt,47,36,83
2026.06.02,16:00,16:15,Erhardt,52,34,86
2026.06.02,16:15,16:30,Erhardt,65,29,94
2026.06.02,16:30,16:45,Erhardt,69,42,111
2026.06.02,16:45,17:00,Erhardt,74,38,112
2026.06.02,17:00,17:15,Erhardt,87,35,122
2026.06.02,17:15,17:30,Erhardt,73,59,132
2026.06.02,17:30,17:45,Erhardt,97,55,152
2026.06.02,17:45,18:00,Erhardt,98,61,159
2026.06.02,18:00,18:15,Erhardt,98,67,165
2026.06.02,18:15,18:30,Erhardt,103,65,168
2026.06.02,18:30,18:45,Erhardt,77,46,123
2026.06.02,18:45,19:00,Erhardt,88,57,145
2026.06.02,19:00,19:15,Erhardt,79,39,118
2026.06.02,19:15,19:30,Erhardt,64,51,115
2026.06.02,19:30,19:45,Erhardt,38,31,69
2026.06.02,19:45,20:00,Erhardt,35,22,57
2026.06.02,20:00,20:15,Erhardt,23,22,45
2026.06.02,20:15,20:30,Erhardt,21,17,38
2026.06.02,20:30,20:45,Erhardt,17,16,33
2026.06.02,20:45,21:00,Erhardt,11,11,22
2026.06.02,21:00,21:15,Erhardt,25,8,33
2026.06.02,21:15,21:30,Erhardt,18,9,27
2026.06.02,21:30,21:45,Erhardt,13,17,30
2026.06.02,21:45,22:00,Erhardt,8,4,12
2026.06.02,22:00,22:15,Erhardt,20,14,34
2026.06.02,22:15,22:30,Erhardt,11,15,26
2026.06.02,22:30,22:45,Erhardt,18,15,33
2026.06.02,22:45,23:00,Erhardt,7,4,11
2026.06.02,23:00,23:15,Erhardt,6,3,9
2026.06.02,23:15,23:30,Erhardt,1,8,9
2026.06.02,23:30,23:45,Erhardt,5,1,6
2026.06.02,23:45,00:00,Erhardt,3,5,8
2026.06.03,00:00,00:15,Erhardt,4,3,7
2026.06.03,00:15,00:30,Erhardt,2,2,4
2026.06.03,00:30,00:45,Erhardt,1,1,2
2026.06.03,00:45,01:00,Erhardt,2,0,2
2026.06.03,01:00,01:15,Erhardt,1,4,5
2026.06.03,01:15,01:30,Erhardt,1,0,1
2026.06.03,01:30,01:45,Erhardt,3,3,6
2026.06.03,01:45,02:00,Erhardt,0,0,0
2026.06.03,02:00,02:15,Erhardt,0,0,0
2026.06.03,02:15,02:30,Erhardt,3,0,3
2026.06.03,02:30,02:45,Erhardt,1,2,3
2026.06.03,02:45,03:00,Erhardt,0,0,0
2026.06.03,03:00,03:15,Erhardt,0,0,0
2026.06.03,03:15,03:30,Erhardt,1,0,1
2026.06.03,03:30,03:45,Erhardt,0,0,0
2026.06.03,03:45,04:00,Erhardt,0,0,0
2026.06.03,04:00,04:15,Erhardt,0,0,0
2026.06.03,04:15,04:30,Erhardt,0,1,1
2026.06.03,04:30,04:45,Erhardt,0,0,0
2026.06.03,04:45,05:00,Erhardt,1,0,1
2026.06.03,05:00,05:15,Erhardt,1,2,3
2026.06.03,05:15,05:30,Erhardt,2,3,5
2026.06.03,05:30,05:45,Erhardt,4,11,15
2026.06.03,05:45,06:00,Erhardt,9,13,22
2026.06.03,06:00,06:15,Erhardt,8,10,18
2026.06.03,06:15,06:30,Erhardt,6,7,13
2026.06.03,06:30,06:45,Erhardt,14,14,28
2026.06.03,06:45,07:00,Erhardt,16,16,32
2026.06.03,07:00,07:15,Erhardt,33,22,55
2026.06.03,07:15,07:30,Erhardt,28,19,47
2026.06.03,07:30,07:45,Erhardt,37,27,64
2026.06.03,07:45,08:00,Erhardt,37,39,76
2026.06.03,08:00,08:15,Erhardt,40,24,64
2026.06.03,08:15,08:30,Erhardt,35,29,64
2026.06.03,08:30,08:45,Erhardt,54,55,109
2026.06.03,08:45,09:00,Erhardt,49,32,81
2026.06.03,09:00,09:15,Erhardt,44,33,77
2026.06.03,09:15,09:30,Erhardt,33,34,67
2026.06.03,09:30,09:45,Erhardt,28,19,47
2026.06.03,09:45,10:00,Erhardt,12,27,39
2026.06.03,10:00,10:15,Erhardt,15,16,31
2026.06.03,10:15,10:30,Erhardt,26,14,40
2026.06.03,10:30,10:45,Erhardt,15,17,32
2026.06.03,10:45,11:00,Erhardt,18,17,35
2026.06.03,11:00,11:15,Erhardt,14,14,28
2026.06.03,11:15,11:30,Erhardt,12,9,21
2026.06.03,11:30,11:45,Erhardt,14,21,35
2026.06.03,11:45,12:00,Erhardt,10,17,27
2026.06.03,12:00,12:15,Erhardt,13,16,29
2026.06.03,12:15,12:30,Erhardt,10,20,30
2026.06.03,12:30,12:45,Erhardt,15,18,33
2026.06.03,12:45,13:00,Erhardt,6,11,17
2026.06.03,13:00,13:15,Erhardt,21,14,35
2026.06.03,13:15,13:30,Erhardt,22,17,39
2026.06.03,13:30,13:45,Erhardt,24,29,53
2026.06.03,13:45,14:00,Erhardt,21,18,39
2026.06.03,14:00,14:15,Erhardt,22,19,41
2026.06.03,14:15,14:30,Erhardt,17,27,44
2026.06.03,14:30,14:45,Erhardt,31,20,51
2026.06.03,14:45,15:00,Erhardt,32,11,43
2026.06.03,15:00,15:15,Erhardt,22,22,44
2026.06.03,15:15,15:30,Erhardt,25,22,47
2026.06.03,15:30,15:45,Erhardt,34,21,55
2026.06.03,15:45,16:00,Erhardt,37,23,60
2026.06.03,16:00,16:15,Erhardt,30,32,62
2026.06.03,16:15,16:30,Erhardt,43,19,62
2026.06.03,16:30,16:45,Erhardt,28,18,46
2026.06.03,16:45,17:00,Erhardt,30,18,48
2026.06.03,17:00,17:15,Erhardt,32,25,57
2026.06.03,17:15,17:30,Erhardt,49,23,72
2026.06.03,17:30,17:45,Erhardt,60,26,86
2026.06.03,17:45,18:00,Erhardt,76,45,121
2026.06.03,18:00,18:15,Erhardt,50,39,89
2026.06.03,18:15,18:30,Erhardt,79,29,108
2026.06.03,18:30,18:45,Erhardt,72,40,112
2026.06.03,18:45,19:00,Erhardt,57,40,97
2026.06.03,19:00,19:15,Erhardt,50,36,86
2026.06.03,19:15,19:30,Erhardt,52,21,73
2026.06.03,19:30,19:45,Erhardt,48,32,80
2026.06.03,19:45,20:00,Erhardt,25,23,48
2026.06.03,20:00,20:15,Erhardt,32,29,61
2026.06.03,20:15,20:30,Erhardt,29,23,52
2026.06.03,20:30,20:45,Erhardt,17,20,37
2026.06.03,20:45,21:00,Erhardt,23,21,44
2026.06.03,21:00,21:15,Erhardt,14,20,34
2026.06.03,21:15,21:30,Erhardt,23,14,37
2026.06.03,21:30,21:45,Erhardt,18,18,36
2026.06.03,21:45,22:00,Erhardt,14,20,34
2026.06.03,22:00,22:15,Erhardt,28,18,46
2026.06.03,22:15,22:30,Erhardt,25,14,39
2026.06.03,22:30,22:45,Erhardt,9,16,25
2026.06.03,22:45,23:00,Erhardt,7,25,32
2026.06.03,23:00,23:15,Erhardt,18,17,35
2026.06.03,23:15,23:30,Erhardt,12,7,19
2026.06.03,23:30,23:45,Erhardt,7,8,15
2026.06.03,23:45,00:00,Erhardt,8,3,11
2026.06.04,00:00,00:15,Erhardt,4,7,11
2026.06.04,00:15,00:30,Erhardt,9,8,17
2026.06.04,00:30,00:45,Erhardt,10,9,19
2026.06.04,00:45,01:00,Erhardt,8,3,11
2026.06.04,01:00,01:15,Erhardt,5,8,13
2026.06.04,01:15,01:30,Erhardt,6,6,12
2026.06.04,01:30,01:45,Erhardt,0,7,7
2026.06.04,01:45,02:00,Erhardt,1,5,6
2026.06.04,02:00,02:15,Erhardt,0,1,1
2026.06.04,02:15,02:30,Erhardt,4,6,10
2026.06.04,02:30,02:45,Erhardt,1,5,6
2026.06.04,02:45,03:00,Erhardt,1,2,3
2026.06.04,03:00,03:15,Erhardt,0,1,1
2026.06.04,03:15,03:30,Erhardt,1,2,3
2026.06.04,03:30,03:45,Erhardt,1,3,4
2026.06.04,03:45,04:00,Erhardt,0,2,2
2026.06.04,04:00,04:15,Erhardt,0,0,0
2026.06.04,04:15,04:30,Erhardt,0,0,0
2026.06.04,04:30,04:45,Erhardt,0,2,2
2026.06.04,04:45,05:00,Erhardt,0,4,4
2026.06.04,05:00,05:15,Erhardt,0,1,1
2026.06.04,05:15,05:30,Erhardt,1,3,4
2026.06.04,05:30,05:45,Erhardt,4,2,6
2026.06.04,05:45,06:00,Erhardt,4,2,6
2026.06.04,06:00,06:15,Erhardt,1,6,7
2026.06.04,06:15,06:30,Erhardt,2,2,4
2026.06.04,06:30,06:45,Erhardt,1,1,2
2026.06.04,06:45,07:00,Erhardt,6,4,10
2026.06.04,07:00,07:15,Erhardt,6,5,11
2026.06.04,07:15,07:30,Erhardt,9,3,12
2026.06.04,07:30,07:45,Erhardt,8,10,18
2026.06.04,07:45,08:00,Erhardt,10,8,18
2026.06.04,08:00,08:15,Erhardt,10,17,27
2026.06.04,08:15,08:30,Erhardt,14,22,36
2026.06.04,08:30,08:45,Erhardt,25,13,38
2026.06.04,08:45,09:00,Erhardt,43,18,61
2026.06.04,09:00,09:15,Erhardt,29,23,52
2026.06.04,09:15,09:30,Erhardt,50,34,84
2026.06.04,09:30,09:45,Erhardt,38,32,70
2026.06.04,09:45,10:00,Erhardt,57,34,91
2026.06.04,10:00,10:15,Erhardt,55,34,89
2026.06.04,10:15,10:30,Erhardt,60,31,91
2026.06.04,10:30,10:45,Erhardt,62,30,92
2026.06.04,10:45,11:00,Erhardt,54,37,91
2026.06.04,11:00,11:15,Erhardt,45,33,78
2026.06.04,11:15,11:30,Erhardt,36,36,72
2026.06.04,11:30,11:45,Erhardt,59,35,94
2026.06.04,11:45,12:00,Erhardt,63,48,111
2026.06.04,12:00,12:15,Erhardt,58,58,116
2026.06.04,12:15,12:30,Erhardt,25,62,87
2026.06.04,12:30,12:45,Erhardt,45,62,107
2026.06.04,12:45,13:00,Erhardt,58,43,101
2026.06.04,13:00,13:15,Erhardt,42,53,95
2026.06.04,13:15,13:30,Erhardt,50,35,85
2026.06.04,13:30,13:45,Erhardt,57,79,136
2026.06.04,13:45,14:00,Erhardt,64,46,110
2026.06.04,14:00,14:15,Erhardt,75,65,140
2026.06.04,14:15,14:30,Erhardt,54,58,112
2026.06.04,14:30,14:45,Erhardt,65,79,144
2026.06.04,14:45,15:00,Erhardt,72,57,129
2026.06.04,15:00,15:15,Erhardt,34,73,107
2026.06.04,15:15,15:30,Erhardt,56,79,135
2026.06.04,15:30,15:45,Erhardt,55,53,108
2026.06.04,15:45,16:00,Erhardt,55,84,139
2026.06.04,16:00,16:15,Erhardt,57,79,136
2026.06.04,16:15,16:30,Erhardt,33,71,104
2026.06.04,16:30,16:45,Erhardt,55,67,122
2026.06.04,16:45,17:00,Erhardt,76,68,144
2026.06.04,17:00,17:15,Erhardt,66,64,130
2026.06.04,17:15,17:30,Erhardt,59,68,127
2026.06.04,17:30,17:45,Erhardt,63,58,121
2026.06.04,17:45,18:00,Erhardt,65,43,108
2026.06.04,18:00,18:15,Erhardt,58,51,109
2026.06.04,18:15,18:30,Erhardt,51,60,111
2026.06.04,18:30,18:45,Erhardt,50,50,100
2026.06.04,18:45,19:00,Erhardt,42,45,87
2026.06.04,19:00,19:15,Erhardt,19,34,53
2026.06.04,19:15,19:30,Erhardt,21,18,39
2026.06.04,19:30,19:45,Erhardt,20,15,35
2026.06.04,19:45,20:00,Erhardt,12,10,22
2026.06.04,20:00,20:15,Erhardt,6,9,15
2026.06.04,20:15,20:30,Erhardt,10,10,20
2026.06.04,20:30,20:45,Erhardt,12,17,29
2026.06.04,20:45,21:00,Erhardt,4,14,18
2026.06.04,21:00,21:15,Erhardt,11,4,15
2026.06.04,21:15,21:30,Erhardt,7,7,14
2026.06.04,21:30,21:45,Erhardt,4,15,19
2026.06.04,21:45,22:00,Erhardt,5,9,14
2026.06.04,22:00,22:15,Erhardt,2,9,11
2026.06.04,22:15,22:30,Erhardt,5,9,14
2026.06.04,22:30,22:45,Erhardt,3,6,9
2026.06.04,22:45,23:00,Erhardt,4,3,7
2026.06.04,23:00,23:15,Erhardt,3,2,5
2026.06.04,23:15,23:30,Erhardt,3,7,10
2026.06.04,23:30,23:45,Erhardt,3,10,13
2026.06.04,23:45,00:00,Erhardt,9,3,12
2026.06.05,00:00,00:15,Erhardt,7,4,11
2026.06.05,00:15,00:30,Erhardt,1,6,7
2026.06.05,00:30,00:45,Erhardt,0,1,1
2026.06.05,00:45,01:00,Erhardt,4,0,4
2026.06.05,01:00,01:15,Erhardt,0,0,0
2026.06.05,01:15,01:30,Erhardt,0,2,2
2026.06.05,01:30,01:45,Erhardt,0,1,1
2026.06.05,01:45,02:00,Erhardt,0,1,1
2026.06.05,02:00,02:15,Erhardt,1,0,1
2026.06.05,02:15,02:30,Erhardt,0,0,0
2026.06.05,02:30,02:45,Erhardt,0,0,0
2026.06.05,02:45,03:00,Erhardt,0,0,0
2026.06.05,03:00,03:15,Erhardt,1,0,1
2026.06.05,03:15,03:30,Erhardt,0,0,0
2026.06.05,03:30,03:45,Erhardt,0,0,0
2026.06.05,03:45,04:00,Erhardt,1,0,1
2026.06.05,04:00,04:15,Erhardt,0,0,0
2026.06.05,04:15,04:30,Erhardt,0,0,0
2026.06.05,04:30,04:45,Erhardt,0,0,0
2026.06.05,04:45,05:00,Erhardt,0,2,2
2026.06.05,05:00,05:15,Erhardt,0,0,0
2026.06.05,05:15,05:30,Erhardt,0,1,1
2026.06.05,05:30,05:45,Erhardt,1,0,1
2026.06.05,05:45,06:00,Erhardt,2,4,6
2026.06.05,06:00,06:15,Erhardt,4,6,10
2026.06.05,06:15,06:30,Erhardt,2,2,4
2026.06.05,06:30,06:45,Erhardt,6,0,6
2026.06.05,06:45,07:00,Erhardt,7,7,14
2026.06.05,07:00,07:15,Erhardt,9,13,22
2026.06.05,07:15,07:30,Erhardt,9,12,21
2026.06.05,07:30,07:45,Erhardt,11,12,23
2026.06.05,07:45,08:00,Erhardt,14,24,38
2026.06.05,08:00,08:15,Erhardt,11,17,28
2026.06.05,08:15,08:30,Erhardt,19,21,40
2026.06.05,08:30,08:45,Erhardt,26,22,48
2026.06.05,08:45,09:00,Erhardt,21,20,41
2026.06.05,09:00,09:15,Erhardt,28,24,52
2026.06.05,09:15,09:30,Erhardt,25,19,44
2026.06.05,09:30,09:45,Erhardt,18,20,38
2026.06.05,09:45,10:00,Erhardt,12,22,34
2026.06.05,10:00,10:15,Erhardt,13,20,33
2026.06.05,10:15,10:30,Erhardt,21,21,42
2026.06.05,10:30,10:45,Erhardt,25,28,53
2026.06.05,10:45,11:00,Erhardt,11,8,19
2026.06.05,11:00,11:15,Erhardt,22,15,37
2026.06.05,11:15,11:30,Erhardt,14,22,36
2026.06.05,11:30,11:45,Erhardt,15,17,32
2026.06.05,11:45,12:00,Erhardt,22,26,48
2026.06.05,12:00,12:15,Erhardt,19,26,45
2026.06.05,12:15,12:30,Erhardt,26,23,49
2026.06.05,12:30,12:45,Erhardt,19,26,45
2026.06.05,12:45,13:00,Erhardt,18,27,45
2026.06.05,13:00,13:15,Erhardt,17,21,38
2026.06.05,13:15,13:30,Erhardt,27,29,56
2026.06.05,13:30,13:45,Erhardt,28,24,52
2026.06.05,13:45,14:00,Erhardt,25,36,61
2026.06.05,14:00,14:15,Erhardt,26,26,52
2026.06.05,14:15,14:30,Erhardt,24,18,42
2026.06.05,14:30,14:45,Erhardt,33,26,59
2026.06.05,14:45,15:00,Erhardt,31,31,62
2026.06.05,15:00,15:15,Erhardt,29,29,58
2026.06.05,15:15,15:30,Erhardt,34,27,61
2026.06.05,15:30,15:45,Erhardt,37,33,70
2026.06.05,15:45,16:00,Erhardt,37,33,70
2026.06.05,16:00,16:15,Erhardt,39,27,66
2026.06.05,16:15,16:30,Erhardt,43,37,80
2026.06.05,16:30,16:45,Erhardt,38,33,71
2026.06.05,16:45,17:00,Erhardt,32,40,72
2026.06.05,17:00,17:15,Erhardt,39,41,80
2026.06.05,17:15,17:30,Erhardt,31,27,58
2026.06.05,17:30,17:45,Erhardt,50,38,88
2026.06.05,17:45,18:00,Erhardt,49,30,79
2026.06.05,18:00,18:15,Erhardt,47,40,87
2026.06.05,18:15,18:30,Erhardt,47,55,102
2026.06.05,18:30,18:45,Erhardt,43,35,78
2026.06.05,18:45,19:00,Erhardt,33,29,62
2026.06.05,19:00,19:15,Erhardt,41,24,65
2026.06.05,19:15,19:30,Erhardt,49,34,83
2026.06.05,19:30,19:45,Erhardt,23,16,39
2026.06.05,19:45,20:00,Erhardt,34,28,62
2026.06.05,20:00,20:15,Erhardt,27,18,45
2026.06.05,20:15,20:30,Erhardt,33,21,54
2026.06.05,20:30,20:45,Erhardt,26,23,49
2026.06.05,20:45,21:00,Erhardt,17,26,43
2026.06.05,21:00,21:15,Erhardt,24,16,40
2026.06.05,21:15,21:30,Erhardt,23,18,41
2026.06.05,21:30,21:45,Erhardt,11,14,25
2026.06.05,21:45,22:00,Erhardt,20,6,26
2026.06.05,22:00,22:15,Erhardt,12,26,38
2026.06.05,22:15,22:30,Erhardt,13,22,35
2026.06.05,22:30,22:45,Erhardt,28,20,48
2026.06.05,22:45,23:00,Erhardt,23,11,34
2026.06.05,23:00,23:15,Erhardt,13,17,30
2026.06.05,23:15,23:30,Erhardt,19,23,42
2026.06.05,23:30,23:45,Erhardt,6,13,19
2026.06.05,23:45,00:00,Erhardt,6,11,17
2026.06.06,00:00,00:15,Erhardt,8,14,22
2026.06.06,00:15,00:30,Erhardt,12,15,27
2026.06.06,00:30,00:45,Erhardt,11,9,20
2026.06.06,00:45,01:00,Erhardt,4,8,12
2026.06.06,01:00,01:15,Erhardt,1,4,5
2026.06.06,01:15,01:30,Erhardt,4,6,10
2026.06.06,01:30,01:45,Erhardt,2,5,7
2026.06.06,01:45,02:00,Erhardt,5,6,11
2026.06.06,02:00,02:15,Erhardt,9,5,14
2026.06.06,02:15,02:30,Erhardt,2,5,7
2026.06.06,02:30,02:45,Erhardt,1,2,3
2026.06.06,02:45,03:00,Erhardt,2,1,3
2026.06.06,03:00,03:15,Erhardt,0,6,6
2026.06.06,03:15,03:30,Erhardt,1,1,2
2026.06.06,03:30,03:45,Erhardt,1,0,1
2026.06.06,03:45,04:00,Erhardt,0,3,3
2026.06.06,04:00,04:15,Erhardt,1,1,2
2026.06.06,04:15,04:30,Erhardt,0,3,3
2026.06.06,04:30,04:45,Erhardt,0,1,1
2026.06.06,04:45,05:00,Erhardt,1,2,3
2026.06.06,05:00,05:15,Erhardt,1,1,2
2026.06.06,05:15,05:30,Erhardt,0,2,2
2026.06.06,05:30,05:45,Erhardt,0,0,0
2026.06.06,05:45,06:00,Erhardt,2,7,9
2026.06.06,06:00,06:15,Erhardt,1,4,5
2026.06.06,06:15,06:30,Erhardt,2,4,6
2026.06.06,06:30,06:45,Erhardt,2,1,3
2026.06.06,06:45,07:00,Erhardt,2,6,8
2026.06.06,07:00,07:15,Erhardt,2,2,4
2026.06.06,07:15,07:30,Erhardt,5,2,7
2026.06.06,07:30,07:45,Erhardt,9,7,16
2026.06.06,07:45,08:00,Erhardt,9,13,22
2026.06.06,08:00,08:15,Erhardt,16,11,27
2026.06.06,08:15,08:30,Erhardt,12,3,15
2026.06.06,08:30,08:45,Erhardt,14,9,23
2026.06.06,08:45,09:00,Erhardt,31,25,56
2026.06.06,09:00,09:15,Erhardt,26,17,43
2026.06.06,09:15,09:30,Erhardt,36,29,65
2026.06.06,09:30,09:45,Erhardt,39,23,62
2026.06.06,09:45,10:00,Erhardt,35,39,74
2026.06.06,10:00,10:15,Erhardt,52,36,88
2026.06.06,10:15,10:30,Erhardt,37,28,65
2026.06.06,10:30,10:45,Erhardt,38,46,84
2026.06.06,10:45,11:00,Erhardt,39,46,85
2026.06.06,11:00,11:15,Erhardt,48,22,70
2026.06.06,11:15,11:30,Erhardt,29,39,68
2026.06.06,11:30,11:45,Erhardt,40,47,87
2026.06.06,11:45,12:00,Erhardt,39,46,85
2026.06.06,12:00,12:15,Erhardt,62,39,101
2026.06.06,12:15,12:30,Erhardt,52,32,84
2026.06.06,12:30,12:45,Erhardt,35,58,93
2026.06.06,12:45,13:00,Erhardt,50,32,82
2026.06.06,13:00,13:15,Erhardt,50,58,108
2026.06.06,13:15,13:30,Erhardt,44,49,93
2026.06.06,13:30,13:45,Erhardt,52,50,102
2026.06.06,13:45,14:00,Erhardt,63,62,125
2026.06.06,14:00,14:15,Erhardt,56,61,117
2026.06.06,14:15,14:30,Erhardt,60,70,130
2026.06.06,14:30,14:45,Erhardt,70,55,125
2026.06.06,14:45,15:00,Erhardt,54,81,135
2026.06.06,15:00,15:15,Erhardt,61,74,135
2026.06.06,15:15,15:30,Erhardt,57,63,120
2026.06.06,15:30,15:45,Erhardt,61,52,113
2026.06.06,15:45,16:00,Erhardt,52,63,115
2026.06.06,16:00,16:15,Erhardt,51,79,130
2026.06.06,16:15,16:30,Erhardt,55,56,111
2026.06.06,16:30,16:45,Erhardt,61,60,121
2026.06.06,16:45,17:00,Erhardt,54,73,127
2026.06.06,17:00,17:15,Erhardt,57,44,101
2026.06.06,17:15,17:30,Erhardt,51,59,110
2026.06.06,17:30,17:45,Erhardt,51,54,105
2026.06.06,17:45,18:00,Erhardt,56,63,119
2026.06.06,18:00,18:15,Erhardt,43,50,93
2026.06.06,18:15,18:30,Erhardt,71,32,103
2026.06.06,18:30,18:45,Erhardt,48,38,86
2026.06.06,18:45,19:00,Erhardt,56,43,99
2026.06.06,19:00,19:15,Erhardt,39,37,76
2026.06.06,19:15,19:30,Erhardt,41,43,84
2026.06.06,19:30,19:45,Erhardt,53,40,93
2026.06.06,19:45,20:00,Erhardt,33,45,78
2026.06.06,20:00,20:15,Erhardt,26,54,80
2026.06.06,20:15,20:30,Erhardt,38,29,67
2026.06.06,20:30,20:45,Erhardt,19,30,49
2026.06.06,20:45,21:00,Erhardt,21,28,49
2026.06.06,21:00,21:15,Erhardt,29,17,46
2026.06.06,21:15,21:30,Erhardt,33,31,64
2026.06.06,21:30,21:45,Erhardt,25,15,40
2026.06.06,21:45,22:00,Erhardt,14,21,35
2026.06.06,22:00,22:15,Erhardt,13,25,38
2026.06.06,22:15,22:30,Erhardt,21,17,38
2026.06.06,22:30,22:45,Erhardt,23,14,37
2026.06.06,22:45,23:00,Erhardt,33,21,54
2026.06.06,23:00,23:15,Erhardt,21,21,42
2026.06.06,23:15,23:30,Erhardt,13,31,44
2026.06.06,23:30,23:45,Erhardt,18,20,38
2026.06.06,23:45,00:00,Erhardt,12,21,33
2026.06.07,00:00,00:15,Erhardt,8,16,24
2026.06.07,00:15,00:30,Erhardt,15,16,31
2026.06.07,00:30,00:45,Erhardt,6,11,17
2026.06.07,00:45,01:00,Erhardt,8,7,15
2026.06.07,01:00,01:15,Erhardt,4,16,20
2026.06.07,01:15,01:30,Erhardt,6,7,13
2026.06.07,01:30,01:45,Erhardt,5,7,12
2026.06.07,01:45,02:00,Erhardt,3,11,14
2026.06.07,02:00,02:15,Erhardt,10,5,15
2026.06.07,02:15,02:30,Erhardt,2,7,9
2026.06.07,02:30,02:45,Erhardt,9,5,14
2026.06.07,02:45,03:00,Erhardt,3,1,4
2026.06.07,03:00,03:15,Erhardt,3,6,9
2026.06.07,03:15,03:30,Erhardt,1,1,2
2026.06.07,03:30,03:45,Erhardt,2,1,3
2026.06.07,03:45,04:00,Erhardt,0,4,4
2026.06.07,04:00,04:15,Erhardt,0,2,2
2026.06.07,04:15,04:30,Erhardt,1,0,1
2026.06.07,04:30,04:45,Erhardt,0,0,0
2026.06.07,04:45,05:00,Erhardt,1,0,1
2026.06.07,05:00,05:15,Erhardt,1,2,3
2026.06.07,05:15,05:30,Erhardt,0,0,0
2026.06.07,05:30,05:45,Erhardt,1,0,1
2026.06.07,05:45,06:00,Erhardt,2,2,4
2026.06.07,06:00,06:15,Erhardt,2,1,3
2026.06.07,06:15,06:30,Erhardt,1,0,1
2026.06.07,06:30,06:45,Erhardt,4,2,6
2026.06.07,06:45,07:00,Erhardt,1,4,5
2026.06.07,07:00,07:15,Erhardt,3,2,5
2026.06.07,07:15,07:30,Erhardt,3,1,4
2026.06.07,07:30,07:45,Erhardt,6,5,11
2026.06.07,07:45,08:00,Erhardt,8,9,17
2026.06.07,08:00,08:15,Erhardt,12,9,21
2026.06.07,08:15,08:30,Erhardt,11,5,16
2026.06.07,08:30,08:45,Erhardt,12,16,28
2026.06.07,08:45,09:00,Erhardt,12,14,26
2026.06.07,09:00,09:15,Erhardt,19,8,27
2026.06.07,09:15,09:30,Erhardt,36,16,52
2026.06.07,09:30,09:45,Erhardt,41,17,58
2026.06.07,09:45,10:00,Erhardt,36,25,61
2026.06.07,10:00,10:15,Erhardt,40,19,59
2026.06.07,10:15,10:30,Erhardt,32,27,59
2026.06.07,10:30,10:45,Erhardt,41,27,68
2026.06.07,10:45,11:00,Erhardt,67,26,93
2026.06.07,11:00,11:15,Erhardt,49,26,75
2026.06.07,11:15,11:30,Erhardt,50,34,84
2026.06.07,11:30,11:45,Erhardt,52,53,105
2026.06.07,11:45,12:00,Erhardt,41,50,91
2026.06.07,12:00,12:15,Erhardt,49,41,90
2026.06.07,12:15,12:30,Erhardt,44,51,95
2026.06.07,12:30,12:45,Erhardt,47,42,89
2026.06.07,12:45,13:00,Erhardt,60,48,108
2026.06.07,13:00,13:15,Erhardt,46,67,113
2026.06.07,13:15,13:30,Erhardt,61,67,128
2026.06.07,13:30,13:45,Erhardt,59,39,98
2026.06.07,13:45,14:00,Erhardt,76,61,137
2026.06.07,14:00,14:15,Erhardt,69,64,133
2026.06.07,14:15,14:30,Erhardt,57,58,115
2026.06.07,14:30,14:45,Erhardt,67,40,107
2026.06.07,14:45,15:00,Erhardt,61,89,150
2026.06.07,15:00,15:15,Erhardt,75,85,160
2026.06.07,15:15,15:30,Erhardt,62,65,127
2026.06.07,15:30,15:45,Erhardt,55,77,132
2026.06.07,15:45,16:00,Erhardt,46,66,112
2026.06.07,16:00,16:15,Erhardt,67,59,126
2026.06.07,16:15,16:30,Erhardt,60,58,118
2026.06.07,16:30,16:45,Erhardt,58,60,118
2026.06.07,16:45,17:00,Erhardt,65,66,131
2026.06.07,17:00,17:15,Erhardt,68,65,133
2026.06.07,17:15,17:30,Erhardt,59,54,113
2026.06.07,17:30,17:45,Erhardt,76,81,157
2026.06.07,17:45,18:00,Erhardt,66,70,136
2026.06.07,18:00,18:15,Erhardt,49,63,112
2026.06.07,18:15,18:30,Erhardt,58,62,120
2026.06.07,18:30,18:45,Erhardt,50,55,105
2026.06.07,18:45,19:00,Erhardt,62,54,116
2026.06.07,19:00,19:15,Erhardt,55,49,104
2026.06.07,19:15,19:30,Erhardt,26,34,60
2026.06.07,19:30,19:45,Erhardt,54,29,83
2026.06.07,19:45,20:00,Erhardt,31,48,79
2026.06.07,20:00,20:15,Erhardt,34,44,78
2026.06.07,20:15,20:30,Erhardt,33,26,59
2026.06.07,20:30,20:45,Erhardt,33,37,70
2026.06.07,20:45,21:00,Erhardt,26,32,58
2026.06.07,21:00,21:15,Erhardt,22,29,51
2026.06.07,21:15,21:30,Erhardt,25,33,58
2026.06.07,21:30,21:45,Erhardt,27,28,55
2026.06.07,21:45,22:00,Erhardt,25,22,47
2026.06.07,22:00,22:15,Erhardt,11,13,24
2026.06.07,22:15,22:30,Erhardt,16,15,31
2026.06.07,22:30,22:45,Erhardt,11,7,18
2026.06.07,22:45,23:00,Erhardt,13,14,27
2026.06.07,23:00,23:15,Erhardt,7,11,18
2026.06.07,23:15,23:30,Erhardt,6,0,6
2026.06.07,23:30,23:45,Erhardt,0,4,4
2026.06.07,23:45,00:00,Erhardt,6,3,9
2026.06.08,00:00,00:15,Erhardt,5,2,7
2026.06.08,00:15,00:30,Erhardt,0,3,3
2026.06.08,00:30,00:45,Erhardt,1,2,3
2026.06.08,00:45,01:00,Erhardt,1,1,2
2026.06.08,01:00,01:15,Erhardt,1,0,1
2026.06.08,01:15,01:30,Erhardt,2,1,3
2026.06.08,01:30,01:45,Erhardt,1,0,1
2026.06.08,01:45,02:00,Erhardt,1,0,1
2026.06.08,02:00,02:15,Erhardt,0,0,0
2026.06.08,02:15,02:30,Erhardt,1,0,1
2026.06.08,02:30,02:45,Erhardt,0,0,0
2026.06.08,02:45,03:00,Erhardt,1,0,1
2026.06.08,03:00,03:15,Erhardt,0,0,0
2026.06.08,03:15,03:30,Erhardt,1,0,1
2026.06.08,03:30,03:45,Erhardt,0,0,0
2026.06.08,03:45,04:00,Erhardt,1,0,1
2026.06.08,04:00,04:15,Erhardt,0,0,0
2026.06.08,04:15,04:30,Erhardt,2,0,2
2026.06.08,04:30,04:45,Erhardt,0,2,2
2026.06.08,04:45,05:00,Erhardt,2,0,2
2026.06.08,05:00,05:15,Erhardt,0,3,3
2026.06.08,05:15,05:30,Erhardt,2,1,3
2026.06.08,05:30,05:45,Erhardt,9,6,15
2026.06.08,05:45,06:00,Erhardt,4,13,17
2026.06.08,06:00,06:15,Erhardt,9,16,25
2026.06.08,06:15,06:30,Erhardt,13,20,33
2026.06.08,06:30,06:45,Erhardt,13,19,32
2026.06.08,06:45,07:00,Erhardt,30,31,61
2026.06.08,07:00,07:15,Erhardt,35,29,64
2026.06.08,07:15,07:30,Erhardt,54,54,108
2026.06.08,07:30,07:45,Erhardt,81,70,151
2026.06.08,07:45,08:00,Erhardt,74,76,150
2026.06.08,08:00,08:15,Erhardt,105,85,190
2026.06.08,08:15,08:30,Erhardt,84,96,180
2026.06.08,08:30,08:45,Erhardt,105,88,193
2026.06.08,08:45,09:00,Erhardt,102,95,197
2026.06.08,09:00,09:15,Erhardt,64,64,128
2026.06.08,09:15,09:30,Erhardt,38,67,105
2026.06.08,09:30,09:45,Erhardt,45,48,93
2026.06.08,09:45,10:00,Erhardt,55,33,88
2026.06.08,10:00,10:15,Erhardt,30,29,59
2026.06.08,10:15,10:30,Erhardt,39,29,68
2026.06.08,10:30,10:45,Erhardt,31,23,54
2026.06.08,10:45,11:00,Erhardt,31,39,70
2026.06.08,11:00,11:15,Erhardt,35,19,54
2026.06.08,11:15,11:30,Erhardt,37,31,68
2026.06.08,11:30,11:45,Erhardt,24,50,74
2026.06.08,11:45,12:00,Erhardt,37,28,65
2026.06.08,12:00,12:15,Erhardt,37,46,83
2026.06.08,12:15,12:30,Erhardt,52,23,75
2026.06.08,12:30,12:45,Erhardt,50,33,83
2026.06.08,12:45,13:00,Erhardt,43,36,79
2026.06.08,13:00,13:15,Erhardt,32,33,65
2026.06.08,13:15,13:30,Erhardt,57,37,94
2026.06.08,13:30,13:45,Erhardt,44,24,68
2026.06.08,13:45,14:00,Erhardt,42,44,86
2026.06.08,14:00,14:15,Erhardt,65,33,98
2026.06.08,14:15,14:30,Erhardt,56,31,87
2026.06.08,14:30,14:45,Erhardt,57,49,106
2026.06.08,14:45,15:00,Erhardt,51,34,85
2026.06.08,15:00,15:15,Erhardt,68,38,106
2026.06.08,15:15,15:30,Erhardt,60,71,131
2026.06.08,15:30,15:45,Erhardt,76,45,121
2026.06.08,15:45,16:00,Erhardt,81,48,129
2026.06.08,16:00,16:15,Erhardt,108,46,154
2026.06.08,16:15,16:30,Erhardt,74,77,151
2026.06.08,16:30,16:45,Erhardt,73,56,129
2026.06.08,16:45,17:00,Erhardt,92,67,159
2026.06.08,17:00,17:15,Erhardt,95,58,153
2026.06.08,17:15,17:30,Erhardt,95,86,181
2026.06.08,17:30,17:45,Erhardt,113,103,216
2026.06.08,17:45,18:00,Erhardt,121,92,213
2026.06.08,18:00,18:15,Erhardt,127,73,200
2026.06.08,18:15,18:30,Erhardt,136,91,227
2026.06.08,18:30,18:45,Erhardt,95,84,179
2026.06.08,18:45,19:00,Erhardt,121,82,203
2026.06.08,19:00,19:15,Erhardt,97,93,190
2026.06.08,19:15,19:30,Erhardt,78,71,149
2026.06.08,19:30,19:45,Erhardt,87,53,140
2026.06.08,19:45,20:00,Erhardt,51,59,110
2026.06.08,20:00,20:15,Erhardt,68,54,122
2026.06.08,20:15,20:30,Erhardt,60,41,101
2026.06.08,20:30,20:45,Erhardt,73,51,124
2026.06.08,20:45,21:00,Erhardt,35,43,78
2026.06.08,21:00,21:15,Erhardt,73,42,115
2026.06.08,21:15,21:30,Erhardt,54,36,90
2026.06.08,21:30,21:45,Erhardt,43,26,69
2026.06.08,21:45,22:00,Erhardt,32,25,57
2026.06.08,22:00,22:15,Erhardt,28,19,47
2026.06.08,22:15,22:30,Erhardt,21,19,40
2026.06.08,22:30,22:45,Erhardt,16,16,32
2026.06.08,22:45,23:00,Erhardt,9,14,23
2026.06.08,23:00,23:15,Erhardt,11,16,27
2026.06.08,23:15,23:30,Erhardt,8,13,21
2026.06.08,23:30,23:45,Erhardt,10,6,16
2026.06.08,23:45,00:00,Erhardt,3,6,9
2026.06.09,00:00,00:15,Erhardt,4,5,9
2026.06.09,00:15,00:30,Erhardt,7,8,15
2026.06.09,00:30,00:45,Erhardt,0,2,2
2026.06.09,00:45,01:00,Erhardt,0,2,2
2026.06.09,01:00,01:15,Erhardt,2,1,3
2026.06.09,01:15,01:30,Erhardt,0,1,1
2026.06.09,01:30,01:45,Erhardt,0,1,1
2026.06.09,01:45,02:00,Erhardt,0,2,2
2026.06.09,02:00,02:15,Erhardt,0,1,1
2026.06.09,02:15,02:30,Erhardt,1,0,1
2026.06.09,02:30,02:45,Erhardt,1,2,3
2026.06.09,02:45,03:00,Erhardt,0,0,0
2026.06.09,03:00,03:15,Erhardt,0,2,2
2026.06.09,03:15,03:30,Erhardt,0,1,1
2026.06.09,03:30,03:45,Erhardt,0,0,0
2026.06.09,03:45,04:00,Erhardt,2,0,2
2026.06.09,04:00,04:15,Erhardt,0,1,1
2026.06.09,04:15,04:30,Erhardt,0,1,1
2026.06.09,04:30,04:45,Erhardt,1,1,2
2026.06.09,04:45,05:00,Erhardt,1,1,2
2026.06.09,05:00,05:15,Erhardt,0,2,2
2026.06.09,05:15,05:30,Erhardt,0,1,1
2026.06.09,05:30,05:45,Erhardt,7,6,13
2026.06.09,05:45,06:00,Erhardt,6,10,16
2026.06.09,06:00,06:15,Erhardt,3,7,10
2026.06.09,06:15,06:30,Erhardt,11,6,17
2026.06.09,06:30,06:45,Erhardt,10,18,28
2026.06.09,06:45,07:00,Erhardt,14,18,32
2026.06.09,07:00,07:15,Erhardt,22,17,39
2026.06.09,07:15,07:30,Erhardt,29,20,49
2026.06.09,07:30,07:45,Erhardt,46,33,79
2026.06.09,07:45,08:00,Erhardt,47,40,87
2026.06.09,08:00,08:15,Erhardt,50,41,91
2026.06.09,08:15,08:30,Erhardt,42,37,79
2026.06.09,08:30,08:45,Erhardt,29,43,72
2026.06.09,08:45,09:00,Erhardt,40,34,74
2026.06.09,09:00,09:15,Erhardt,28,29,57
2026.06.09,09:15,09:30,Erhardt,15,14,29
2026.06.09,09:30,09:45,Erhardt,20,21,41
2026.06.09,09:45,10:00,Erhardt,9,18,27
2026.06.09,10:00,10:15,Erhardt,9,13,22
2026.06.09,10:15,10:30,Erhardt,10,7,17
2026.06.09,10:30,10:45,Erhardt,15,12,27
2026.06.09,10:45,11:00,Erhardt,15,9,24
2026.06.09,11:00,11:15,Erhardt,7,15,22
2026.06.09,11:15,11:30,Erhardt,7,9,16
2026.06.09,11:30,11:45,Erhardt,9,13,22
2026.06.09,11:45,12:00,Erhardt,6,19,25
2026.06.09,12:00,12:15,Erhardt,12,11,23
2026.06.09,12:15,12:30,Erhardt,15,14,29
2026.06.09,12:30,12:45,Erhardt,13,5,18
2026.06.09,12:45,13:00,Erhardt,14,5,19
2026.06.09,13:00,13:15,Erhardt,11,12,23
2026.06.09,13:15,13:30,Erhardt,15,15,30
2026.06.09,13:30,13:45,Erhardt,14,21,35
2026.06.09,13:45,14:00,Erhardt,12,12,24
2026.06.09,14:00,14:15,Erhardt,33,23,56
2026.06.09,14:15,14:30,Erhardt,28,7,35
2026.06.09,14:30,14:45,Erhardt,18,26,44
2026.06.09,14:45,15:00,Erhardt,27,26,53
2026.06.09,15:00,15:15,Erhardt,14,17,31
2026.06.09,15:15,15:30,Erhardt,30,13,43
2026.06.09,15:30,15:45,Erhardt,27,15,42
2026.06.09,15:45,16:00,Erhardt,23,13,36
2026.06.09,16:00,16:15,Erhardt,33,33,66
2026.06.09,16:15,16:30,Erhardt,28,29,57
2026.06.09,16:30,16:45,Erhardt,28,20,48
2026.06.09,16:45,17:00,Erhardt,37,21,58
2026.06.09,17:00,17:15,Erhardt,47,19,66
2026.06.09,17:15,17:30,Erhardt,51,34,85
2026.06.09,17:30,17:45,Erhardt,54,30,84
2026.06.09,17:45,18:00,Erhardt,40,43,83
2026.06.09,18:00,18:15,Erhardt,56,31,87
2026.06.09,18:15,18:30,Erhardt,44,37,81
2026.06.09,18:30,18:45,Erhardt,62,40,102
2026.06.09,18:45,19:00,Erhardt,42,33,75
2026.06.09,19:00,19:15,Erhardt,30,26,56
2026.06.09,19:15,19:30,Erhardt,32,23,55
2026.06.09,19:30,19:45,Erhardt,26,20,46
2026.06.09,19:45,20:00,Erhardt,25,22,47
2026.06.09,20:00,20:15,Erhardt,19,9,28
2026.06.09,20:15,20:30,Erhardt,29,21,50
2026.06.09,20:30,20:45,Erhardt,23,15,38
2026.06.09,20:45,21:00,Erhardt,17,10,27
2026.06.09,21:00,21:15,Erhardt,19,12,31
2026.06.09,21:15,21:30,Erhardt,19,11,30
2026.06.09,21:30,21:45,Erhardt,19,16,35
2026.06.09,21:45,22:00,Erhardt,12,13,25
2026.06.09,22:00,22:15,Erhardt,22,11,33
2026.06.09,22:15,22:30,Erhardt,9,17,26
2026.06.09,22:30,22:45,Erhardt,17,17,34
2026.06.09,22:45,23:00,Erhardt,15,7,22
2026.06.09,23:00,23:15,Erhardt,12,6,18
2026.06.09,23:15,23:30,Erhardt,5,10,15
2026.06.09,23:30,23:45,Erhardt,9,13,22
2026.06.09,23:45,00:00,Erhardt,4,2,6
2026.06.10,00:00,00:15,Erhardt,2,5,7
2026.06.10,00:15,00:30,Erhardt,4,6,10
2026.06.10,00:30,00:45,Erhardt,0,1,1
2026.06.10,00:45,01:00,Erhardt,1,1,2
2026.06.10,01:00,01:15,Erhardt,1,2,3
2026.06.10,01:15,01:30,Erhardt,0,0,0
2026.06.10,01:30,01:45,Erhardt,1,1,2
2026.06.10,01:45,02:00,Erhardt,0,1,1
2026.06.10,02:00,02:15,Erhardt,0,1,1
2026.06.10,02:15,02:30,Erhardt,0,0,0
2026.06.10,02:30,02:45,Erhardt,0,1,1
2026.06.10,02:45,03:00,Erhardt,2,0,2
2026.06.10,03:00,03:15,Erhardt,0,1,1
2026.06.10,03:15,03:30,Erhardt,0,0,0
2026.06.10,03:30,03:45,Erhardt,0,0,0
2026.06.10,03:45,04:00,Erhardt,2,2,4
2026.06.10,04:00,04:15,Erhardt,0,0,0
2026.06.10,04:15,04:30,Erhardt,0,0,0
2026.06.10,04:30,04:45,Erhardt,1,1,2
2026.06.10,04:45,05:00,Erhardt,1,2,3
2026.06.10,05:00,05:15,Erhardt,0,0,0
2026.06.10,05:15,05:30,Erhardt,0,0,0
2026.06.10,05:30,05:45,Erhardt,5,5,10
2026.06.10,05:45,06:00,Erhardt,3,6,9
2026.06.10,06:00,06:15,Erhardt,6,3,9
2026.06.10,06:15,06:30,Erhardt,4,2,6
2026.06.10,06:30,06:45,Erhardt,18,5,23
2026.06.10,06:45,07:00,Erhardt,3,5,8
2026.06.10,07:00,07:15,Erhardt,8,6,14
2026.06.10,07:15,07:30,Erhardt,20,14,34
2026.06.10,07:30,07:45,Erhardt,22,26,48
2026.06.10,07:45,08:00,Erhardt,31,32,63
2026.06.10,08:00,08:15,Erhardt,27,23,50
2026.06.10,08:15,08:30,Erhardt,26,31,57
2026.06.10,08:30,08:45,Erhardt,24,30,54
2026.06.10,08:45,09:00,Erhardt,35,26,61
2026.06.10,09:00,09:15,Erhardt,19,19,38
2026.06.10,09:15,09:30,Erhardt,14,12,26
2026.06.10,09:30,09:45,Erhardt,14,12,26
2026.06.10,09:45,10:00,Erhardt,9,23,32
2026.06.10,10:00,10:15,Erhardt,10,7,17
2026.06.10,10:15,10:30,Erhardt,7,12,19
2026.06.10,10:30,10:45,Erhardt,9,8,17
2026.06.10,10:45,11:00,Erhardt,11,15,26
2026.06.10,11:00,11:15,Erhardt,2,10,12
2026.06.10,11:15,11:30,Erhardt,8,6,14
2026.06.10,11:30,11:45,Erhardt,8,4,12
2026.06.10,11:45,12:00,Erhardt,6,8,14
2026.06.10,12:00,12:15,Erhardt,6,8,14
2026.06.10,12:15,12:30,Erhardt,7,4,11
2026.06.10,12:30,12:45,Erhardt,12,9,21
2026.06.10,12:45,13:00,Erhardt,7,7,14
2026.06.10,13:00,13:15,Erhardt,11,12,23
2026.06.10,13:15,13:30,Erhardt,14,13,27
2026.06.10,13:30,13:45,Erhardt,11,9,20
2026.06.10,13:45,14:00,Erhardt,10,13,23
2026.06.10,14:00,14:15,Erhardt,15,11,26
2026.06.10,14:15,14:30,Erhardt,14,10,24
2026.06.10,14:30,14:45,Erhardt,10,18,28
2026.06.10,14:45,15:00,Erhardt,16,22,38
2026.06.10,15:00,15:15,Erhardt,10,17,27
2026.06.10,15:15,15:30,Erhardt,28,24,52
2026.06.10,15:30,15:45,Erhardt,23,12,35
2026.06.10,15:45,16:00,Erhardt,31,15,46
2026.06.10,16:00,16:15,Erhardt,19,17,36
2026.06.10,16:15,16:30,Erhardt,21,20,41
2026.06.10,16:30,16:45,Erhardt,23,21,44
2026.06.10,16:45,17:00,Erhardt,17,26,43
2026.06.10,17:00,17:15,Erhardt,28,17,45
2026.06.10,17:15,17:30,Erhardt,31,22,53
2026.06.10,17:30,17:45,Erhardt,38,18,56
2026.06.10,17:45,18:00,Erhardt,29,23,52
2026.06.10,18:00,18:15,Erhardt,32,38,70
2026.06.10,18:15,18:30,Erhardt,37,26,63
2026.06.10,18:30,18:45,Erhardt,24,24,48
2026.06.10,18:45,19:00,Erhardt,31,28,59
2026.06.10,19:00,19:15,Erhardt,25,18,43
2026.06.10,19:15,19:30,Erhardt,23,19,42
2026.06.10,19:30,19:45,Erhardt,26,16,42
2026.06.10,19:45,20:00,Erhardt,16,15,31
2026.06.10,20:00,20:15,Erhardt,14,10,24
2026.06.10,20:15,20:30,Erhardt,11,12,23
2026.06.10,20:30,20:45,Erhardt,9,12,21
2026.06.10,20:45,21:00,Erhardt,9,14,23
2026.06.10,21:00,21:15,Erhardt,7,11,18
2026.06.10,21:15,21:30,Erhardt,14,5,19
2026.06.10,21:30,21:45,Erhardt,11,9,20
2026.06.10,21:45,22:00,Erhardt,8,16,24
2026.06.10,22:00,22:15,Erhardt,18,11,29
2026.06.10,22:15,22:30,Erhardt,12,18,30
2026.06.10,22:30,22:45,Erhardt,9,7,16
2026.06.10,22:45,23:00,Erhardt,12,12,24
2026.06.10,23:00,23:15,Erhardt,6,4,10
2026.06.10,23:15,23:30,Erhardt,2,8,10
2026.06.10,23:30,23:45,Erhardt,2,8,10
2026.06.10,23:45,00:00,Erhardt,3,3,6
2026.06.11,00:00,00:15,Erhardt,3,5,8
2026.06.11,00:15,00:30,Erhardt,2,2,4
2026.06.11,00:30,00:45,Erhardt,0,1,1
2026.06.11,00:45,01:00,Erhardt,3,2,5
2026.06.11,01:00,01:15,Erhardt,1,1,2
2026.06.11,01:15,01:30,Erhardt,2,2,4
2026.06.11,01:30,01:45,Erhardt,1,0,1
2026.06.11,01:45,02:00,Erhardt,2,0,2
2026.06.11,02:00,02:15,Erhardt,0,2,2
2026.06.11,02:15,02:30,Erhardt,0,0,0
2026.06.11,02:30,02:45,Erhardt,1,2,3
2026.06.11,02:45,03:00,Erhardt,0,2,2
2026.06.11,03:00,03:15,Erhardt,1,0,1
2026.06.11,03:15,03:30,Erhardt,1,0,1
2026.06.11,03:30,03:45,Erhardt,0,0,0
2026.06.11,03:45,04:00,Erhardt,1,0,1
2026.06.11,04:00,04:15,Erhardt,0,0,0
2026.06.11,04:15,04:30,Erhardt,0,1,1
2026.06.11,04:30,04:45,Erhardt,2,1,3
2026.06.11,04:45,05:00,Erhardt,2,3,5
2026.06.11,05:00,05:15,Erhardt,1,0,1
2026.06.11,05:15,05:30,Erhardt,0,2,2
2026.06.11,05:30,05:45,Erhardt,3,2,5
2026.06.11,05:45,06:00,Erhardt,3,12,15
2026.06.11,06:00,06:15,Erhardt,5,5,10
2026.06.11,06:15,06:30,Erhardt,4,10,14
2026.06.11,06:30,06:45,Erhardt,14,19,33
2026.06.11,06:45,07:00,Erhardt,16,22,38
2026.06.11,07:00,07:15,Erhardt,21,27,48
2026.06.11,07:15,07:30,Erhardt,32,40,72
2026.06.11,07:30,07:45,Erhardt,45,54,99
2026.06.11,07:45,08:00,Erhardt,54,50,104
2026.06.11,08:00,08:15,Erhardt,72,60,132
2026.06.11,08:15,08:30,Erhardt,58,63,121
2026.06.11,08:30,08:45,Erhardt,69,74,143
2026.06.11,08:45,09:00,Erhardt,88,63,151
2026.06.11,09:00,09:15,Erhardt,44,47,91
2026.06.11,09:15,09:30,Erhardt,29,44,73
2026.06.11,09:30,09:45,Erhardt,34,24,58
2026.06.11,09:45,10:00,Erhardt,23,40,63
2026.06.11,10:00,10:15,Erhardt,26,27,53
2026.06.11,10:15,10:30,Erhardt,28,19,47
2026.06.11,10:30,10:45,Erhardt,11,22,33
2026.06.11,10:45,11:00,Erhardt,20,23,43
2026.06.11,11:00,11:15,Erhardt,17,21,38
2026.06.11,11:15,11:30,Erhardt,9,21,30
2026.06.11,11:30,11:45,Erhardt,15,15,30
2026.06.11,11:45,12:00,Erhardt,16,24,40
2026.06.11,12:00,12:15,Erhardt,32,28,60
2026.06.11,12:15,12:30,Erhardt,20,17,37
2026.06.11,12:30,12:45,Erhardt,24,14,38
2026.06.11,12:45,13:00,Erhardt,28,19,47
2026.06.11,13:00,13:15,Erhardt,17,21,38
2026.06.11,13:15,13:30,Erhardt,30,16,46
2026.06.11,13:30,13:45,Erhardt,27,20,47
2026.06.11,13:45,14:00,Erhardt,23,19,42
2026.06.11,14:00,14:15,Erhardt,9,12,21
2026.06.11,14:15,14:30,Erhardt,31,21,52
2026.06.11,14:30,14:45,Erhardt,25,26,51
2026.06.11,14:45,15:00,Erhardt,23,22,45
2026.06.11,15:00,15:15,Erhardt,30,19,49
2026.06.11,15:15,15:30,Erhardt,41,23,64
2026.06.11,15:30,15:45,Erhardt,30,41,71
2026.06.11,15:45,16:00,Erhardt,48,15,63
2026.06.11,16:00,16:15,Erhardt,40,29,69
2026.06.11,16:15,16:30,Erhardt,44,25,69
2026.06.11,16:30,16:45,Erhardt,53,35,88
2026.06.11,16:45,17:00,Erhardt,60,30,90
2026.06.11,17:00,17:15,Erhardt,73,32,105
2026.06.11,17:15,17:30,Erhardt,76,40,116
2026.06.11,17:30,17:45,Erhardt,65,38,103
2026.06.11,17:45,18:00,Erhardt,71,58,129
2026.06.11,18:00,18:15,Erhardt,81,44,125
2026.06.11,18:15,18:30,Erhardt,56,45,101
2026.06.11,18:30,18:45,Erhardt,86,42,128
2026.06.11,18:45,19:00,Erhardt,80,42,122
2026.06.11,19:00,19:15,Erhardt,74,40,114
2026.06.11,19:15,19:30,Erhardt,45,48,93
2026.06.11,19:30,19:45,Erhardt,35,30,65
2026.06.11,19:45,20:00,Erhardt,29,36,65
2026.06.11,20:00,20:15,Erhardt,41,24,65
2026.06.11,20:15,20:30,Erhardt,36,25,61
2026.06.11,20:30,20:45,Erhardt,27,18,45
2026.06.11,20:45,21:00,Erhardt,26,21,47
2026.06.11,21:00,21:15,Erhardt,30,25,55
2026.06.11,21:15,21:30,Erhardt,23,30,53
2026.06.11,21:30,21:45,Erhardt,19,16,35
2026.06.11,21:45,22:00,Erhardt,21,13,34
2026.06.11,22:00,22:15,Erhardt,22,25,47
2026.06.11,22:15,22:30,Erhardt,16,11,27
2026.06.11,22:30,22:45,Erhardt,16,22,38
2026.06.11,22:45,23:00,Erhardt,15,20,35
2026.06.11,23:00,23:15,Erhardt,20,11,31
2026.06.11,23:15,23:30,Erhardt,17,21,38
2026.06.11,23:30,23:45,Erhardt,7,25,32
2026.06.11,23:45,00:00,Erhardt,13,10,23
2026.06.12,00:00,00:15,Erhardt,14,6,20
2026.06.12,00:15,00:30,Erhardt,1,7,8
2026.06.12,00:30,00:45,Erhardt,7,6,13
2026.06.12,00:45,01:00,Erhardt,2,7,9
2026.06.12,01:00,01:15,Erhardt,1,0,1
2026.06.12,01:15,01:30,Erhardt,2,2,4
2026.06.12,01:30,01:45,Erhardt,6,0,6
2026.06.12,01:45,02:00,Erhardt,1,7,8
2026.06.12,02:00,02:15,Erhardt,1,3,4
2026.06.12,02:15,02:30,Erhardt,1,1,2
2026.06.12,02:30,02:45,Erhardt,1,0,1
2026.06.12,02:45,03:00,Erhardt,1,1,2
2026.06.12,03:00,03:15,Erhardt,0,0,0
2026.06.12,03:15,03:30,Erhardt,0,0,0
2026.06.12,03:30,03:45,Erhardt,0,1,1
2026.06.12,03:45,04:00,Erhardt,1,0,1
2026.06.12,04:00,04:15,Erhardt,0,0,0
2026.06.12,04:15,04:30,Erhardt,1,0,1
2026.06.12,04:30,04:45,Erhardt,2,0,2
2026.06.12,04:45,05:00,Erhardt,1,2,3
2026.06.12,05:00,05:15,Erhardt,1,1,2
2026.06.12,05:15,05:30,Erhardt,1,1,2
2026.06.12,05:30,05:45,Erhardt,4,4,8
2026.06.12,05:45,06:00,Erhardt,5,7,12
2026.06.12,06:00,06:15,Erhardt,4,6,10
2026.06.12,06:15,06:30,Erhardt,4,5,9
2026.06.12,06:30,06:45,Erhardt,8,7,15
2026.06.12,06:45,07:00,Erhardt,8,12,20
2026.06.12,07:00,07:15,Erhardt,25,12,37
2026.06.12,07:15,07:30,Erhardt,13,18,31
2026.06.12,07:30,07:45,Erhardt,28,27,55
2026.06.12,07:45,08:00,Erhardt,35,38,73
2026.06.12,08:00,08:15,Erhardt,34,26,60
2026.06.12,08:15,08:30,Erhardt,35,32,67
2026.06.12,08:30,08:45,Erhardt,36,26,62
2026.06.12,08:45,09:00,Erhardt,22,34,56
2026.06.12,09:00,09:15,Erhardt,16,24,40
2026.06.12,09:15,09:30,Erhardt,15,13,28
2026.06.12,09:30,09:45,Erhardt,14,17,31
2026.06.12,09:45,10:00,Erhardt,12,15,27
2026.06.12,10:00,10:15,Erhardt,7,16,23
2026.06.12,10:15,10:30,Erhardt,11,10,21
2026.06.12,10:30,10:45,Erhardt,7,6,13
2026.06.12,10:45,11:00,Erhardt,8,14,22
2026.06.12,11:00,11:15,Erhardt,13,5,18
2026.06.12,11:15,11:30,Erhardt,6,10,16
2026.06.12,11:30,11:45,Erhardt,12,8,20
2026.06.12,11:45,12:00,Erhardt,13,13,26
2026.06.12,12:00,12:15,Erhardt,10,10,20
2026.06.12,12:15,12:30,Erhardt,21,19,40
2026.06.12,12:30,12:45,Erhardt,17,15,32
2026.06.12,12:45,13:00,Erhardt,13,10,23
2026.06.12,13:00,13:15,Erhardt,11,4,15
2026.06.12,13:15,13:30,Erhardt,17,8,25
2026.06.12,13:30,13:45,Erhardt,9,15,24
2026.06.12,13:45,14:00,Erhardt,13,13,26
2026.06.12,14:00,14:15,Erhardt,20,17,37
2026.06.12,14:15,14:30,Erhardt,21,20,41
2026.06.12,14:30,14:45,Erhardt,24,23,47
2026.06.12,14:45,15:00,Erhardt,19,15,34
2026.06.12,15:00,15:15,Erhardt,22,17,39
2026.06.12,15:15,15:30,Erhardt,29,22,51
2026.06.12,15:30,15:45,Erhardt,26,14,40
2026.06.12,15:45,16:00,Erhardt,35,21,56
2026.06.12,16:00,16:15,Erhardt,27,18,45
2026.06.12,16:15,16:30,Erhardt,29,21,50
2026.06.12,16:30,16:45,Erhardt,20,18,38
2026.06.12,16:45,17:00,Erhardt,20,30,50
2026.06.12,17:00,17:15,Erhardt,41,22,63
2026.06.12,17:15,17:30,Erhardt,22,28,50
2026.06.12,17:30,17:45,Erhardt,27,28,55
2026.06.12,17:45,18:00,Erhardt,40,35,75
2026.06.12,18:00,18:15,Erhardt,37,30,67
2026.06.12,18:15,18:30,Erhardt,28,29,57
2026.06.12,18:30,18:45,Erhardt,31,25,56
2026.06.12,18:45,19:00,Erhardt,35,33,68
2026.06.12,19:00,19:15,Erhardt,32,26,58
2026.06.12,19:15,19:30,Erhardt,32,20,52
2026.06.12,19:30,19:45,Erhardt,23,15,38
2026.06.12,19:45,20:00,Erhardt,26,28,54
2026.06.12,20:00,20:15,Erhardt,17,28,45
2026.06.12,20:15,20:30,Erhardt,13,18,31
2026.06.12,20:30,20:45,Erhardt,19,18,37
2026.06.12,20:45,21:00,Erhardt,29,14,43
2026.06.12,21:00,21:15,Erhardt,18,13,31
2026.06.12,21:15,21:30,Erhardt,12,10,22
2026.06.12,21:30,21:45,Erhardt,6,14,20
2026.06.12,21:45,22:00,Erhardt,13,6,19
2026.06.12,22:00,22:15,Erhardt,13,8,21
2026.06.12,22:15,22:30,Erhardt,21,25,46
2026.06.12,22:30,22:45,Erhardt,8,9,17
2026.06.12,22:45,23:00,Erhardt,16,8,24
2026.06.12,23:00,23:15,Erhardt,11,7,18
2026.06.12,23:15,23:30,Erhardt,8,11,19
2026.06.12,23:30,23:45,Erhardt,8,7,15
2026.06.12,23:45,00:00,Erhardt,8,1,9
2026.06.13,00:00,00:15,Erhardt,6,11,17
2026.06.13,00:15,00:30,Erhardt,2,14,16
2026.06.13,00:30,00:45,Erhardt,8,10,18
2026.06.13,00:45,01:00,Erhardt,5,3,8
2026.06.13,01:00,01:15,Erhardt,2,7,9
2026.06.13,01:15,01:30,Erhardt,4,6,10
2026.06.13,01:30,01:45,Erhardt,1,3,4
2026.06.13,01:45,02:00,Erhardt,2,3,5
2026.06.13,02:00,02:15,Erhardt,0,1,1
2026.06.13,02:15,02:30,Erhardt,2,10,12
2026.06.13,02:30,02:45,Erhardt,2,2,4
2026.06.13,02:45,03:00,Erhardt,1,1,2
2026.06.13,03:00,03:15,Erhardt,2,1,3
2026.06.13,03:15,03:30,Erhardt,0,0,0
2026.06.13,03:30,03:45,Erhardt,0,2,2
2026.06.13,03:45,04:00,Erhardt,1,0,1
2026.06.13,04:00,04:15,Erhardt,1,3,4
2026.06.13,04:15,04:30,Erhardt,1,1,2
2026.06.13,04:30,04:45,Erhardt,0,1,1
2026.06.13,04:45,05:00,Erhardt,1,0,1
2026.06.13,05:00,05:15,Erhardt,0,2,2
2026.06.13,05:15,05:30,Erhardt,0,3,3
2026.06.13,05:30,05:45,Erhardt,5,0,5
2026.06.13,05:45,06:00,Erhardt,2,1,3
2026.06.13,06:00,06:15,Erhardt,1,0,1
2026.06.13,06:15,06:30,Erhardt,2,6,8
2026.06.13,06:30,06:45,Erhardt,4,1,5
2026.06.13,06:45,07:00,Erhardt,5,2,7
2026.06.13,07:00,07:15,Erhardt,6,7,13
2026.06.13,07:15,07:30,Erhardt,3,6,9
2026.06.13,07:30,07:45,Erhardt,6,7,13
2026.06.13,07:45,08:00,Erhardt,12,7,19
2026.06.13,08:00,08:15,Erhardt,7,8,15
2026.06.13,08:15,08:30,Erhardt,9,5,14
2026.06.13,08:30,08:45,Erhardt,24,24,48
2026.06.13,08:45,09:00,Erhardt,24,11,35
2026.06.13,09:00,09:15,Erhardt,18,18,36
2026.06.13,09:15,09:30,Erhardt,39,23,62
2026.06.13,09:30,09:45,Erhardt,47,28,75
2026.06.13,09:45,10:00,Erhardt,37,45,82
2026.06.13,10:00,10:15,Erhardt,29,37,66
2026.06.13,10:15,10:30,Erhardt,37,45,82
2026.06.13,10:30,10:45,Erhardt,37,41,78
2026.06.13,10:45,11:00,Erhardt,40,69,109
2026.06.13,11:00,11:15,Erhardt,31,44,75
2026.06.13,11:15,11:30,Erhardt,48,42,90
2026.06.13,11:30,11:45,Erhardt,49,62,111
2026.06.13,11:45,12:00,Erhardt,40,48,88
2026.06.13,12:00,12:15,Erhardt,62,31,93
2026.06.13,12:15,12:30,Erhardt,42,32,74
2026.06.13,12:30,12:45,Erhardt,50,65,115
2026.06.13,12:45,13:00,Erhardt,47,61,108
2026.06.13,13:00,13:15,Erhardt,50,70,120
2026.06.13,13:15,13:30,Erhardt,41,53,94
2026.06.13,13:30,13:45,Erhardt,70,78,148
2026.06.13,13:45,14:00,Erhardt,76,50,126
2026.06.13,14:00,14:15,Erhardt,67,78,145
2026.06.13,14:15,14:30,Erhardt,65,58,123
2026.06.13,14:30,14:45,Erhardt,70,70,140
2026.06.13,14:45,15:00,Erhardt,73,69,142
2026.06.13,15:00,15:15,Erhardt,64,61,125
2026.06.13,15:15,15:30,Erhardt,81,63,144
2026.06.13,15:30,15:45,Erhardt,71,56,127
2026.06.13,15:45,16:00,Erhardt,64,65,129
2026.06.13,16:00,16:15,Erhardt,73,45,118
2026.06.13,16:15,16:30,Erhardt,68,70,138
2026.06.13,16:30,16:45,Erhardt,72,79,151
2026.06.13,16:45,17:00,Erhardt,82,79,161
2026.06.13,17:00,17:15,Erhardt,93,58,151
2026.06.13,17:15,17:30,Erhardt,70,69,139
2026.06.13,17:30,17:45,Erhardt,82,62,144
2026.06.13,17:45,18:00,Erhardt,66,73,139
2026.06.13,18:00,18:15,Erhardt,75,82,157
2026.06.13,18:15,18:30,Erhardt,100,53,153
2026.06.13,18:30,18:45,Erhardt,57,67,124
2026.06.13,18:45,19:00,Erhardt,78,39,117
2026.06.13,19:00,19:15,Erhardt,54,48,102
2026.06.13,19:15,19:30,Erhardt,63,41,104
2026.06.13,19:30,19:45,Erhardt,54,46,100
2026.06.13,19:45,20:00,Erhardt,45,48,93
2026.06.13,20:00,20:15,Erhardt,36,30,66
2026.06.13,20:15,20:30,Erhardt,47,33,80
2026.06.13,20:30,20:45,Erhardt,38,23,61
2026.06.13,20:45,21:00,Erhardt,20,24,44
2026.06.13,21:00,21:15,Erhardt,35,40,75
2026.06.13,21:15,21:30,Erhardt,29,33,62
2026.06.13,21:30,21:45,Erhardt,27,33,60
2026.06.13,21:45,22:00,Erhardt,25,24,49
2026.06.13,22:00,22:15,Erhardt,41,34,75
2026.06.13,22:15,22:30,Erhardt,42,30,72
2026.06.13,22:30,22:45,Erhardt,31,11,42
2026.06.13,22:45,23:00,Erhardt,35,28,63
2026.06.13,23:00,23:15,Erhardt,24,18,42
2026.06.13,23:15,23:30,Erhardt,28,21,49
2026.06.13,23:30,23:45,Erhardt,30,31,61
2026.06.13,23:45,00:00,Erhardt,29,24,53
2026.06.14,00:00,00:15,Erhardt,15,38,53
2026.06.14,00:15,00:30,Erhardt,9,21,30
2026.06.14,00:30,00:45,Erhardt,16,11,27
2026.06.14,00:45,01:00,Erhardt,12,17,29
2026.06.14,01:00,01:15,Erhardt,14,24,38
2026.06.14,01:15,01:30,Erhardt,8,21,29
2026.06.14,01:30,01:45,Erhardt,5,7,12
2026.06.14,01:45,02:00,Erhardt,2,3,5
2026.06.14,02:00,02:15,Erhardt,5,15,20
2026.06.14,02:15,02:30,Erhardt,4,8,12
2026.06.14,02:30,02:45,Erhardt,7,11,18
2026.06.14,02:45,03:00,Erhardt,5,7,12
2026.06.14,03:00,03:15,Erhardt,7,3,10
2026.06.14,03:15,03:30,Erhardt,3,5,8
2026.06.14,03:30,03:45,Erhardt,1,4,5
2026.06.14,03:45,04:00,Erhardt,3,5,8
2026.06.14,04:00,04:15,Erhardt,5,3,8
2026.06.14,04:15,04:30,Erhardt,0,2,2
2026.06.14,04:30,04:45,Erhardt,2,2,4
2026.06.14,04:45,05:00,Erhardt,1,0,1
2026.06.14,05:00,05:15,Erhardt,1,2,3
2026.06.14,05:15,05:30,Erhardt,1,0,1
2026.06.14,05:30,05:45,Erhardt,3,2,5
2026.06.14,05:45,06:00,Erhardt,3,3,6
2026.06.14,06:00,06:15,Erhardt,3,1,4
2026.06.14,06:15,06:30,Erhardt,3,0,3
2026.06.14,06:30,06:45,Erhardt,4,3,7
2026.06.14,06:45,07:00,Erhardt,4,6,10
2026.06.14,07:00,07:15,Erhardt,2,7,9
2026.06.14,07:15,07:30,Erhardt,7,8,15
2026.06.14,07:30,07:45,Erhardt,12,11,23
2026.06.14,07:45,08:00,Erhardt,9,7,16
2026.06.14,08:00,08:15,Erhardt,8,11,19
2026.06.14,08:15,08:30,Erhardt,24,9,33
2026.06.14,08:30,08:45,Erhardt,12,17,29
2026.06.14,08:45,09:00,Erhardt,20,15,35
2026.06.14,09:00,09:15,Erhardt,30,15,45
2026.06.14,09:15,09:30,Erhardt,27,15,42
2026.06.14,09:30,09:45,Erhardt,35,22,57
2026.06.14,09:45,10:00,Erhardt,48,30,78
2026.06.14,10:00,10:15,Erhardt,57,26,83
2026.06.14,10:15,10:30,Erhardt,58,37,95
2026.06.14,10:30,10:45,Erhardt,52,26,78
2026.06.14,10:45,11:00,Erhardt,41,43,84
2026.06.14,11:00,11:15,Erhardt,53,24,77
2026.06.14,11:15,11:30,Erhardt,43,40,83
2026.06.14,11:30,11:45,Erhardt,66,51,117
2026.06.14,11:45,12:00,Erhardt,62,65,127
2026.06.14,12:00,12:15,Erhardt,58,57,115
2026.06.14,12:15,12:30,Erhardt,60,57,117
2026.06.14,12:30,12:45,Erhardt,56,53,109
2026.06.14,12:45,13:00,Erhardt,63,75,138
2026.06.14,13:00,13:15,Erhardt,58,89,147
2026.06.14,13:15,13:30,Erhardt,68,80,148
2026.06.14,13:30,13:45,Erhardt,56,76,132
2026.06.14,13:45,14:00,Erhardt,71,80,151
2026.06.14,14:00,14:15,Erhardt,68,64,132
2026.06.14,14:15,14:30,Erhardt,80,102,182
2026.06.14,14:30,14:45,Erhardt,71,68,139
2026.06.14,14:45,15:00,Erhardt,68,77,145
2026.06.14,15:00,15:15,Erhardt,56,100,156
2026.06.14,15:15,15:30,Erhardt,72,64,136
2026.06.14,15:30,15:45,Erhardt,74,80,154
2026.06.14,15:45,16:00,Erhardt,50,102,152
2026.06.14,16:00,16:15,Erhardt,74,78,152
2026.06.14,16:15,16:30,Erhardt,77,82,159
2026.06.14,16:30,16:45,Erhardt,82,79,161
2026.06.14,16:45,17:00,Erhardt,83,102,185
2026.06.14,17:00,17:15,Erhardt,85,89,174
2026.06.14,17:15,17:30,Erhardt,93,93,186
2026.06.14,17:30,17:45,Erhardt,75,75,150
2026.06.14,17:45,18:00,Erhardt,87,87,174
2026.06.14,18:00,18:15,Erhardt,90,86,176
2026.06.14,18:15,18:30,Erhardt,63,84,147
2026.06.14,18:30,18:45,Erhardt,66,64,130
2026.06.14,18:45,19:00,Erhardt,72,50,122
2026.06.14,19:00,19:15,Erhardt,33,46,79
2026.06.14,19:15,19:30,Erhardt,29,41,70
2026.06.14,19:30,19:45,Erhardt,27,33,60
2026.06.14,19:45,20:00,Erhardt,25,49,74
2026.06.14,20:00,20:15,Erhardt,31,25,56
2026.06.14,20:15,20:30,Erhardt,25,26,51
2026.06.14,20:30,20:45,Erhardt,26,26,52
2026.06.14,20:45,21:00,Erhardt,22,22,44
2026.06.14,21:00,21:15,Erhardt,59,60,119
2026.06.14,21:15,21:30,Erhardt,108,59,167
2026.06.14,21:30,21:45,Erhardt,61,58,119
2026.06.14,21:45,22:00,Erhardt,56,30,86
2026.06.14,22:00,22:15,Erhardt,33,40,73
2026.06.14,22:15,22:30,Erhardt,15,27,42
2026.06.14,22:30,22:45,Erhardt,25,24,49
2026.06.14,22:45,23:00,Erhardt,25,15,40
2026.06.14,23:00,23:15,Erhardt,14,6,20
2026.06.14,23:15,23:30,Erhardt,8,8,16
2026.06.14,23:30,23:45,Erhardt,7,11,18
2026.06.14,23:45,00:00,Erhardt,7,1,8
2026.06.15,00:00,00:15,Erhardt,4,2,6
2026.06.15,00:15,00:30,Erhardt,5,3,8
2026.06.15,00:30,00:45,Erhardt,2,2,4
2026.06.15,00:45,01:00,Erhardt,5,4,9
2026.06.15,01:00,01:15,Erhardt,2,2,4
2026.06.15,01:15,01:30,Erhardt,1,3,4
2026.06.15,01:30,01:45,Erhardt,1,1,2
2026.06.15,01:45,02:00,Erhardt,1,1,2
2026.06.15,02:00,02:15,Erhardt,1,4,5
2026.06.15,02:15,02:30,Erhardt,0,0,0
2026.06.15,02:30,02:45,Erhardt,0,0,0
2026.06.15,02:45,03:00,Erhardt,1,0,1
2026.06.15,03:00,03:15,Erhardt,1,1,2
2026.06.15,03:15,03:30,Erhardt,0,0,0
2026.06.15,03:30,03:45,Erhardt,1,0,1
2026.06.15,03:45,04:00,Erhardt,1,1,2
2026.06.15,04:00,04:15,Erhardt,0,0,0
2026.06.15,04:15,04:30,Erhardt,1,0,1
2026.06.15,04:30,04:45,Erhardt,0,0,0
2026.06.15,04:45,05:00,Erhardt,0,1,1
2026.06.15,05:00,05:15,Erhardt,1,1,2
2026.06.15,05:15,05:30,Erhardt,4,5,9
2026.06.15,05:30,05:45,Erhardt,9,11,20
2026.06.15,05:45,06:00,Erhardt,3,11,14
2026.06.15,06:00,06:15,Erhardt,16,7,23
2026.06.15,06:15,06:30,Erhardt,12,14,26
2026.06.15,06:30,06:45,Erhardt,19,17,36
2026.06.15,06:45,07:00,Erhardt,21,27,48
2026.06.15,07:00,07:15,Erhardt,36,28,64
2026.06.15,07:15,07:30,Erhardt,48,59,107
2026.06.15,07:30,07:45,Erhardt,73,57,130
2026.06.15,07:45,08:00,Erhardt,111,71,182
2026.06.15,08:00,08:15,Erhardt,107,81,188
2026.06.15,08:15,08:30,Erhardt,117,84,201
2026.06.15,08:30,08:45,Erhardt,124,81,205
2026.06.15,08:45,09:00,Erhardt,83,90,173
2026.06.15,09:00,09:15,Erhardt,56,66,122
2026.06.15,09:15,09:30,Erhardt,53,46,99
2026.06.15,09:30,09:45,Erhardt,40,47,87
2026.06.15,09:45,10:00,Erhardt,54,45,99
2026.06.15,10:00,10:15,Erhardt,46,31,77
2026.06.15,10:15,10:30,Erhardt,32,25,57
2026.06.15,10:30,10:45,Erhardt,31,33,64
2026.06.15,10:45,11:00,Erhardt,33,39,72
2026.06.15,11:00,11:15,Erhardt,21,29,50
2026.06.15,11:15,11:30,Erhardt,41,28,69
2026.06.15,11:30,11:45,Erhardt,35,25,60
2026.06.15,11:45,12:00,Erhardt,31,29,60
2026.06.15,12:00,12:15,Erhardt,37,28,65
2026.06.15,12:15,12:30,Erhardt,42,30,72
2026.06.15,12:30,12:45,Erhardt,29,40,69
2026.06.15,12:45,13:00,Erhardt,31,37,68
2026.06.15,13:00,13:15,Erhardt,46,30,76
2026.06.15,13:15,13:30,Erhardt,41,39,80
2026.06.15,13:30,13:45,Erhardt,44,36,80
2026.06.15,13:45,14:00,Erhardt,43,31,74
2026.06.15,14:00,14:15,Erhardt,34,33,67
2026.06.15,14:15,14:30,Erhardt,39,40,79
2026.06.15,14:30,14:45,Erhardt,47,42,89
2026.06.15,14:45,15:00,Erhardt,66,36,102
2026.06.15,15:00,15:15,Erhardt,60,32,92
2026.06.15,15:15,15:30,Erhardt,64,45,109
2026.06.15,15:30,15:45,Erhardt,77,39,116
2026.06.15,15:45,16:00,Erhardt,78,52,130
2026.06.15,16:00,16:15,Erhardt,99,52,151
2026.06.15,16:15,16:30,Erhardt,78,62,140
2026.06.15,16:30,16:45,Erhardt,105,67,172
2026.06.15,16:45,17:00,Erhardt,91,64,155
2026.06.15,17:00,17:15,Erhardt,116,60,176
2026.06.15,17:15,17:30,Erhardt,90,71,161
2026.06.15,17:30,17:45,Erhardt,108,80,188
2026.06.15,17:45,18:00,Erhardt,123,92,215
2026.06.15,18:00,18:15,Erhardt,129,77,206
2026.06.15,18:15,18:30,Erhardt,125,77,202
2026.06.15,18:30,18:45,Erhardt,108,84,192
2026.06.15,18:45,19:00,Erhardt,103,78,181
2026.06.15,19:00,19:15,Erhardt,90,59,149
2026.06.15,19:15,19:30,Erhardt,82,50,132
2026.06.15,19:30,19:45,Erhardt,82,46,128
2026.06.15,19:45,20:00,Erhardt,69,52,121
2026.06.15,20:00,20:15,Erhardt,61,49,110
2026.06.15,20:15,20:30,Erhardt,69,48,117
2026.06.15,20:30,20:45,Erhardt,43,45,88
2026.06.15,20:45,21:00,Erhardt,49,37,86
2026.06.15,21:00,21:15,Erhardt,52,36,88
2026.06.15,21:15,21:30,Erhardt,40,33,73
2026.06.15,21:30,21:45,Erhardt,27,35,62
2026.06.15,21:45,22:00,Erhardt,35,30,65
2026.06.15,22:00,22:15,Erhardt,29,23,52
2026.06.15,22:15,22:30,Erhardt,24,21,45
2026.06.15,22:30,22:45,Erhardt,18,30,48
2026.06.15,22:45,23:00,Erhardt,23,22,45
2026.06.15,23:00,23:15,Erhardt,14,17,31
2026.06.15,23:15,23:30,Erhardt,13,12,25
2026.06.15,23:30,23:45,Erhardt,7,8,15
2026.06.15,23:45,00:00,Erhardt,5,5,10
2026.06.16,00:00,00:15,Erhardt,7,2,9
2026.06.16,00:15,00:30,Erhardt,8,5,13
2026.06.16,00:30,00:45,Erhardt,3,4,7
2026.06.16,00:45,01:00,Erhardt,3,4,7
2026.06.16,01:00,01:15,Erhardt,2,0,2
2026.06.16,01:15,01:30,Erhardt,3,1,4
2026.06.16,01:30,01:45,Erhardt,2,1,3
2026.06.16,01:45,02:00,Erhardt,2,1,3
2026.06.16,02:00,02:15,Erhardt,0,0,0
2026.06.16,02:15,02:30,Erhardt,0,0,0
2026.06.16,02:30,02:45,Erhardt,1,1,2
2026.06.16,02:45,03:00,Erhardt,0,0,0
2026.06.16,03:00,03:15,Erhardt,1,0,1
2026.06.16,03:15,03:30,Erhardt,1,0,1
2026.06.16,03:30,03:45,Erhardt,0,1,1
2026.06.16,03:45,04:00,Erhardt,0,1,1
2026.06.16,04:00,04:15,Erhardt,0,2,2
2026.06.16,04:15,04:30,Erhardt,2,1,3
2026.06.16,04:30,04:45,Erhardt,3,0,3
2026.06.16,04:45,05:00,Erhardt,1,2,3
2026.06.16,05:00,05:15,Erhardt,2,1,3
2026.06.16,05:15,05:30,Erhardt,3,4,7
2026.06.16,05:30,05:45,Erhardt,5,11,16
2026.06.16,05:45,06:00,Erhardt,11,15,26
2026.06.16,06:00,06:15,Erhardt,10,7,17
2026.06.16,06:15,06:30,Erhardt,18,15,33
2026.06.16,06:30,06:45,Erhardt,23,31,54
2026.06.16,06:45,07:00,Erhardt,34,27,61
2026.06.16,07:00,07:15,Erhardt,31,36,67
2026.06.16,07:15,07:30,Erhardt,63,38,101
2026.06.16,07:30,07:45,Erhardt,88,67,155
2026.06.16,07:45,08:00,Erhardt,98,67,165
2026.06.16,08:00,08:15,Erhardt,111,100,211
2026.06.16,08:15,08:30,Erhardt,110,114,224
2026.06.16,08:30,08:45,Erhardt,108,109,217
2026.06.16,08:45,09:00,Erhardt,98,102,200
2026.06.16,09:00,09:15,Erhardt,55,78,133
2026.06.16,09:15,09:30,Erhardt,47,59,106
2026.06.16,09:30,09:45,Erhardt,43,50,93
2026.06.16,09:45,10:00,Erhardt,60,37,97
2026.06.16,10:00,10:15,Erhardt,21,26,47
2026.06.16,10:15,10:30,Erhardt,25,35,60
2026.06.16,10:30,10:45,Erhardt,32,32,64
2026.06.16,10:45,11:00,Erhardt,37,32,69
2026.06.16,11:00,11:15,Erhardt,33,31,64
2026.06.16,11:15,11:30,Erhardt,30,32,62
2026.06.16,11:30,11:45,Erhardt,32,27,59
2026.06.16,11:45,12:00,Erhardt,25,29,54
2026.06.16,12:00,12:15,Erhardt,40,31,71
2026.06.16,12:15,12:30,Erhardt,36,48,84
2026.06.16,12:30,12:45,Erhardt,44,30,74
2026.06.16,12:45,13:00,Erhardt,40,28,68
2026.06.16,13:00,13:15,Erhardt,31,39,70
2026.06.16,13:15,13:30,Erhardt,43,42,85
2026.06.16,13:30,13:45,Erhardt,55,38,93
2026.06.16,13:45,14:00,Erhardt,40,27,67
2026.06.16,14:00,14:15,Erhardt,38,30,68
2026.06.16,14:15,14:30,Erhardt,54,34,88
2026.06.16,14:30,14:45,Erhardt,48,27,75
2026.06.16,14:45,15:00,Erhardt,47,36,83
2026.06.16,15:00,15:15,Erhardt,44,40,84
2026.06.16,15:15,15:30,Erhardt,57,34,91
2026.06.16,15:30,15:45,Erhardt,53,38,91
2026.06.16,15:45,16:00,Erhardt,52,36,88
2026.06.16,16:00,16:15,Erhardt,70,43,113
2026.06.16,16:15,16:30,Erhardt,66,54,120
2026.06.16,16:30,16:45,Erhardt,64,58,122
2026.06.16,16:45,17:00,Erhardt,90,56,146
2026.06.16,17:00,17:15,Erhardt,97,51,148
2026.06.16,17:15,17:30,Erhardt,111,52,163
2026.06.16,17:30,17:45,Erhardt,120,63,183
2026.06.16,17:45,18:00,Erhardt,128,60,188
2026.06.16,18:00,18:15,Erhardt,103,91,194
2026.06.16,18:15,18:30,Erhardt,140,67,207
2026.06.16,18:30,18:45,Erhardt,100,62,162
2026.06.16,18:45,19:00,Erhardt,109,67,176
2026.06.16,19:00,19:15,Erhardt,67,44,111
2026.06.16,19:15,19:30,Erhardt,73,40,113
2026.06.16,19:30,19:45,Erhardt,53,60,113
2026.06.16,19:45,20:00,Erhardt,39,30,69
2026.06.16,20:00,20:15,Erhardt,58,38,96
2026.06.16,20:15,20:30,Erhardt,46,28,74
2026.06.16,20:30,20:45,Erhardt,37,43,80
2026.06.16,20:45,21:00,Erhardt,33,32,65
2026.06.16,21:00,21:15,Erhardt,34,17,51
2026.06.16,21:15,21:30,Erhardt,36,20,56
2026.06.16,21:30,21:45,Erhardt,26,30,56
2026.06.16,21:45,22:00,Erhardt,33,28,61
2026.06.16,22:00,22:15,Erhardt,22,28,50
2026.06.16,22:15,22:30,Erhardt,33,36,69
2026.06.16,22:30,22:45,Erhardt,31,16,47
2026.06.16,22:45,23:00,Erhardt,24,12,36
2026.06.16,23:00,23:15,Erhardt,15,13,28
2026.06.16,23:15,23:30,Erhardt,19,18,37
2026.06.16,23:30,23:45,Erhardt,13,12,25
2026.06.16,23:45,00:00,Erhardt,10,7,17
2026.06.17,00:00,00:15,Erhardt,3,5,8
2026.06.17,00:15,00:30,Erhardt,0,5,5
2026.06.17,00:30,00:45,Erhardt,2,1,3
2026.06.17,00:45,01:00,Erhardt,6,2,8
2026.06.17,01:00,01:15,Erhardt,2,3,5
2026.06.17,01:15,01:30,Erhardt,1,2,3
2026.06.17,01:30,01:45,Erhardt,1,1,2
2026.06.17,01:45,02:00,Erhardt,3,2,5
2026.06.17,02:00,02:15,Erhardt,1,0,1
2026.06.17,02:15,02:30,Erhardt,0,0,0
2026.06.17,02:30,02:45,Erhardt,2,0,2
2026.06.17,02:45,03:00,Erhardt,0,0,0
2026.06.17,03:00,03:15,Erhardt,1,0,1
2026.06.17,03:15,03:30,Erhardt,2,1,3
2026.06.17,03:30,03:45,Erhardt,0,0,0
2026.06.17,03:45,04:00,Erhardt,1,0,1
2026.06.17,04:00,04:15,Erhardt,0,0,0
2026.06.17,04:15,04:30,Erhardt,1,1,2
2026.06.17,04:30,04:45,Erhardt,1,0,1
2026.06.17,04:45,05:00,Erhardt,1,2,3
2026.06.17,05:00,05:15,Erhardt,1,2,3
2026.06.17,05:15,05:30,Erhardt,5,6,11
2026.06.17,05:30,05:45,Erhardt,2,14,16
2026.06.17,05:45,06:00,Erhardt,8,10,18
2026.06.17,06:00,06:15,Erhardt,8,9,17
2026.06.17,06:15,06:30,Erhardt,23,8,31
2026.06.17,06:30,06:45,Erhardt,26,22,48
2026.06.17,06:45,07:00,Erhardt,36,30,66
2026.06.17,07:00,07:15,Erhardt,40,27,67
2026.06.17,07:15,07:30,Erhardt,65,41,106
2026.06.17,07:30,07:45,Erhardt,66,56,122
2026.06.17,07:45,08:00,Erhardt,101,87,188
2026.06.17,08:00,08:15,Erhardt,106,93,199
2026.06.17,08:15,08:30,Erhardt,116,88,204
2026.06.17,08:30,08:45,Erhardt,109,96,205
2026.06.17,08:45,09:00,Erhardt,101,83,184
2026.06.17,09:00,09:15,Erhardt,75,59,134
2026.06.17,09:15,09:30,Erhardt,52,49,101
2026.06.17,09:30,09:45,Erhardt,36,79,115
2026.06.17,09:45,10:00,Erhardt,56,61,117
2026.06.17,10:00,10:15,Erhardt,44,49,93
2026.06.17,10:15,10:30,Erhardt,38,36,74
2026.06.17,10:30,10:45,Erhardt,30,35,65
2026.06.17,10:45,11:00,Erhardt,39,19,58
2026.06.17,11:00,11:15,Erhardt,32,41,73
2026.06.17,11:15,11:30,Erhardt,36,21,57
2026.06.17,11:30,11:45,Erhardt,35,44,79
2026.06.17,11:45,12:00,Erhardt,36,37,73
2026.06.17,12:00,12:15,Erhardt,53,25,78
2026.06.17,12:15,12:30,Erhardt,50,31,81
2026.06.17,12:30,12:45,Erhardt,39,37,76
2026.06.17,12:45,13:00,Erhardt,39,26,65
2026.06.17,13:00,13:15,Erhardt,49,37,86
2026.06.17,13:15,13:30,Erhardt,61,35,96
2026.06.17,13:30,13:45,Erhardt,59,37,96
2026.06.17,13:45,14:00,Erhardt,44,30,74
2026.06.17,14:00,14:15,Erhardt,41,30,71
2026.06.17,14:15,14:30,Erhardt,59,40,99
2026.06.17,14:30,14:45,Erhardt,54,43,97
2026.06.17,14:45,15:00,Erhardt,59,42,101
2026.06.17,15:00,15:15,Erhardt,54,34,88
2026.06.17,15:15,15:30,Erhardt,58,37,95
2026.06.17,15:30,15:45,Erhardt,66,47,113
2026.06.17,15:45,16:00,Erhardt,81,44,125
2026.06.17,16:00,16:15,Erhardt,74,52,126
2026.06.17,16:15,16:30,Erhardt,73,54,127
2026.06.17,16:30,16:45,Erhardt,78,52,130
2026.06.17,16:45,17:00,Erhardt,97,56,153
2026.06.17,17:00,17:15,Erhardt,97,61,158
2026.06.17,17:15,17:30,Erhardt,120,76,196
2026.06.17,17:30,17:45,Erhardt,151,99,250
2026.06.17,17:45,18:00,Erhardt,176,78,254
2026.06.17,18:00,18:15,Erhardt,170,96,266
2026.06.17,18:15,18:30,Erhardt,139,126,265
2026.06.17,18:30,18:45,Erhardt,127,99,226
2026.06.17,18:45,19:00,Erhardt,140,119,259
2026.06.17,19:00,19:15,Erhardt,115,86,201
2026.06.17,19:15,19:30,Erhardt,105,66,171
2026.06.17,19:30,19:45,Erhardt,100,61,161
2026.06.17,19:45,20:00,Erhardt,83,60,143
2026.06.17,20:00,20:15,Erhardt,63,44,107
2026.06.17,20:15,20:30,Erhardt,54,51,105
2026.06.17,20:30,20:45,Erhardt,48,46,94
2026.06.17,20:45,21:00,Erhardt,62,60,122
2026.06.17,21:00,21:15,Erhardt,46,66,112
2026.06.17,21:15,21:30,Erhardt,67,35,102
2026.06.17,21:30,21:45,Erhardt,53,44,97
2026.06.17,21:45,22:00,Erhardt,42,41,83
2026.06.17,22:00,22:15,Erhardt,63,44,107
2026.06.17,22:15,22:30,Erhardt,42,38,80
2026.06.17,22:30,22:45,Erhardt,31,40,71
2026.06.17,22:45,23:00,Erhardt,26,31,57
2026.06.17,23:00,23:15,Erhardt,30,29,59
2026.06.17,23:15,23:30,Erhardt,15,20,35
2026.06.17,23:30,23:45,Erhardt,25,12,37
2026.06.17,23:45,00:00,Erhardt,19,18,37
2026.06.18,00:00,00:15,Erhardt,17,15,32
2026.06.18,00:15,00:30,Erhardt,16,12,28
2026.06.18,00:30,00:45,Erhardt,12,8,20
2026.06.18,00:45,01:00,Erhardt,5,3,8
2026.06.18,01:00,01:15,Erhardt,6,0,6
2026.06.18,01:15,01:30,Erhardt,1,2,3
2026.06.18,01:30,01:45,Erhardt,2,7,9
2026.06.18,01:45,02:00,Erhardt,2,3,5
2026.06.18,02:00,02:15,Erhardt,0,2,2
2026.06.18,02:15,02:30,Erhardt,3,0,3
2026.06.18,02:30,02:45,Erhardt,2,0,2
2026.06.18,02:45,03:00,Erhardt,2,0,2
2026.06.18,03:00,03:15,Erhardt,1,0,1
2026.06.18,03:15,03:30,Erhardt,0,0,0
2026.06.18,03:30,03:45,Erhardt,1,0,1
2026.06.18,03:45,04:00,Erhardt,1,1,2
2026.06.18,04:00,04:15,Erhardt,0,1,1
2026.06.18,04:15,04:30,Erhardt,2,2,4
2026.06.18,04:30,04:45,Erhardt,1,0,1
2026.06.18,04:45,05:00,Erhardt,5,1,6
2026.06.18,05:00,05:15,Erhardt,5,2,7
2026.06.18,05:15,05:30,Erhardt,7,4,11
2026.06.18,05:30,05:45,Erhardt,8,7,15
2026.06.18,05:45,06:00,Erhardt,8,19,27
2026.06.18,06:00,06:15,Erhardt,9,13,22
2026.06.18,06:15,06:30,Erhardt,11,15,26
2026.06.18,06:30,06:45,Erhardt,30,22,52
2026.06.18,06:45,07:00,Erhardt,28,39,67
2026.06.18,07:00,07:15,Erhardt,41,33,74
2026.06.18,07:15,07:30,Erhardt,63,47,110
2026.06.18,07:30,07:45,Erhardt,91,53,144
2026.06.18,07:45,08:00,Erhardt,115,71,186
2026.06.18,08:00,08:15,Erhardt,91,82,173
2026.06.18,08:15,08:30,Erhardt,151,84,235
2026.06.18,08:30,08:45,Erhardt,110,85,195
2026.06.18,08:45,09:00,Erhardt,93,95,188
2026.06.18,09:00,09:15,Erhardt,85,62,147
2026.06.18,09:15,09:30,Erhardt,72,59,131
2026.06.18,09:30,09:45,Erhardt,67,58,125
2026.06.18,09:45,10:00,Erhardt,57,49,106
2026.06.18,10:00,10:15,Erhardt,43,43,86
2026.06.18,10:15,10:30,Erhardt,38,38,76
2026.06.18,10:30,10:45,Erhardt,33,35,68
2026.06.18,10:45,11:00,Erhardt,32,41,73
2026.06.18,11:00,11:15,Erhardt,34,25,59
2026.06.18,11:15,11:30,Erhardt,37,35,72
2026.06.18,11:30,11:45,Erhardt,45,41,86
2026.06.18,11:45,12:00,Erhardt,48,41,89
2026.06.18,12:00,12:15,Erhardt,39,30,69
2026.06.18,12:15,12:30,Erhardt,51,33,84
2026.06.18,12:30,12:45,Erhardt,40,39,79
2026.06.18,12:45,13:00,Erhardt,73,33,106
2026.06.18,13:00,13:15,Erhardt,39,45,84
2026.06.18,13:15,13:30,Erhardt,61,63,124
2026.06.18,13:30,13:45,Erhardt,54,45,99
2026.06.18,13:45,14:00,Erhardt,60,50,110
2026.06.18,14:00,14:15,Erhardt,62,34,96
2026.06.18,14:15,14:30,Erhardt,58,39,97
2026.06.18,14:30,14:45,Erhardt,88,49,137
2026.06.18,14:45,15:00,Erhardt,70,60,130
2026.06.18,15:00,15:15,Erhardt,83,44,127
2026.06.18,15:15,15:30,Erhardt,97,53,150
2026.06.18,15:30,15:45,Erhardt,73,49,122
2026.06.18,15:45,16:00,Erhardt,90,48,138
2026.06.18,16:00,16:15,Erhardt,91,72,163
2026.06.18,16:15,16:30,Erhardt,94,47,141
2026.06.18,16:30,16:45,Erhardt,98,79,177
2026.06.18,16:45,17:00,Erhardt,103,77,180
2026.06.18,17:00,17:15,Erhardt,123,82,205
2026.06.18,17:15,17:30,Erhardt,139,76,215
2026.06.18,17:30,17:45,Erhardt,166,90,256
2026.06.18,17:45,18:00,Erhardt,169,115,284
2026.06.18,18:00,18:15,Erhardt,166,109,275
2026.06.18,18:15,18:30,Erhardt,156,129,285
2026.06.18,18:30,18:45,Erhardt,133,118,251
2026.06.18,18:45,19:00,Erhardt,168,96,264
2026.06.18,19:00,19:15,Erhardt,117,110,227
2026.06.18,19:15,19:30,Erhardt,103,120,223
2026.06.18,19:30,19:45,Erhardt,79,81,160
2026.06.18,19:45,20:00,Erhardt,72,96,168
2026.06.18,20:00,20:15,Erhardt,84,65,149
2026.06.18,20:15,20:30,Erhardt,72,81,153
2026.06.18,20:30,20:45,Erhardt,82,60,142
2026.06.18,20:45,21:00,Erhardt,74,45,119
2026.06.18,21:00,21:15,Erhardt,62,77,139
2026.06.18,21:15,21:30,Erhardt,62,60,122
2026.06.18,21:30,21:45,Erhardt,62,54,116
2026.06.18,21:45,22:00,Erhardt,86,68,154
2026.06.18,22:00,22:15,Erhardt,50,60,110
2026.06.18,22:15,22:30,Erhardt,57,37,94
2026.06.18,22:30,22:45,Erhardt,49,58,107
2026.06.18,22:45,23:00,Erhardt,29,46,75
2026.06.18,23:00,23:15,Erhardt,49,39,88
2026.06.18,23:15,23:30,Erhardt,29,29,58
2026.06.18,23:30,23:45,Erhardt,22,30,52
2026.06.18,23:45,00:00,Erhardt,12,25,37
2026.06.19,00:00,00:15,Erhardt,14,10,24
2026.06.19,00:15,00:30,Erhardt,13,8,21
2026.06.19,00:30,00:45,Erhardt,10,14,24
2026.06.19,00:45,01:00,Erhardt,11,2,13
2026.06.19,01:00,01:15,Erhardt,2,3,5
2026.06.19,01:15,01:30,Erhardt,7,6,13
2026.06.19,01:30,01:45,Erhardt,2,1,3
2026.06.19,01:45,02:00,Erhardt,4,3,7
2026.06.19,02:00,02:15,Erhardt,2,3,5
2026.06.19,02:15,02:30,Erhardt,4,1,5
2026.06.19,02:30,02:45,Erhardt,1,1,2
2026.06.19,02:45,03:00,Erhardt,1,0,1
2026.06.19,03:00,03:15,Erhardt,2,1,3
2026.06.19,03:15,03:30,Erhardt,0,0,0
2026.06.19,03:30,03:45,Erhardt,1,1,2
2026.06.19,03:45,04:00,Erhardt,1,2,3
2026.06.19,04:00,04:15,Erhardt,0,1,1
2026.06.19,04:15,04:30,Erhardt,2,1,3
2026.06.19,04:30,04:45,Erhardt,0,0,0
2026.06.19,04:45,05:00,Erhardt,1,4,5
2026.06.19,05:00,05:15,Erhardt,2,1,3
2026.06.19,05:15,05:30,Erhardt,7,2,9
2026.06.19,05:30,05:45,Erhardt,5,6,11
2026.06.19,05:45,06:00,Erhardt,9,7,16
2026.06.19,06:00,06:15,Erhardt,8,13,21
2026.06.19,06:15,06:30,Erhardt,11,17,28
2026.06.19,06:30,06:45,Erhardt,20,22,42
2026.06.19,06:45,07:00,Erhardt,25,16,41
2026.06.19,07:00,07:15,Erhardt,36,33,69
2026.06.19,07:15,07:30,Erhardt,45,41,86
2026.06.19,07:30,07:45,Erhardt,62,49,111
2026.06.19,07:45,08:00,Erhardt,77,58,135
2026.06.19,08:00,08:15,Erhardt,67,67,134
2026.06.19,08:15,08:30,Erhardt,56,74,130
2026.06.19,08:30,08:45,Erhardt,82,80,162
2026.06.19,08:45,09:00,Erhardt,91,43,134
2026.06.19,09:00,09:15,Erhardt,59,51,110
2026.06.19,09:15,09:30,Erhardt,56,37,93
2026.06.19,09:30,09:45,Erhardt,47,45,92
2026.06.19,09:45,10:00,Erhardt,45,32,77
2026.06.19,10:00,10:15,Erhardt,38,25,63
2026.06.19,10:15,10:30,Erhardt,39,50,89
2026.06.19,10:30,10:45,Erhardt,32,32,64
2026.06.19,10:45,11:00,Erhardt,28,45,73
2026.06.19,11:00,11:15,Erhardt,37,40,77
2026.06.19,11:15,11:30,Erhardt,41,40,81
2026.06.19,11:30,11:45,Erhardt,33,38,71
2026.06.19,11:45,12:00,Erhardt,65,45,110
2026.06.19,12:00,12:15,Erhardt,50,39,89
2026.06.19,12:15,12:30,Erhardt,57,43,100
2026.06.19,12:30,12:45,Erhardt,56,48,104
2026.06.19,12:45,13:00,Erhardt,61,41,102
2026.06.19,13:00,13:15,Erhardt,51,46,97
2026.06.19,13:15,13:30,Erhardt,77,44,121
2026.06.19,13:30,13:45,Erhardt,62,62,124
2026.06.19,13:45,14:00,Erhardt,69,31,100
2026.06.19,14:00,14:15,Erhardt,70,60,130
2026.06.19,14:15,14:30,Erhardt,71,55,126
2026.06.19,14:30,14:45,Erhardt,69,43,112
2026.06.19,14:45,15:00,Erhardt,75,71,146
2026.06.19,15:00,15:15,Erhardt,80,55,135
2026.06.19,15:15,15:30,Erhardt,90,55,145
2026.06.19,15:30,15:45,Erhardt,77,52,129
2026.06.19,15:45,16:00,Erhardt,83,43,126
2026.06.19,16:00,16:15,Erhardt,75,73,148
2026.06.19,16:15,16:30,Erhardt,121,75,196
2026.06.19,16:30,16:45,Erhardt,99,57,156
2026.06.19,16:45,17:00,Erhardt,119,72,191
2026.06.19,17:00,17:15,Erhardt,97,68,165
2026.06.19,17:15,17:30,Erhardt,114,65,179
2026.06.19,17:30,17:45,Erhardt,113,58,171
2026.06.19,17:45,18:00,Erhardt,120,87,207
2026.06.19,18:00,18:15,Erhardt,113,102,215
2026.06.19,18:15,18:30,Erhardt,140,111,251
2026.06.19,18:30,18:45,Erhardt,97,101,198
2026.06.19,18:45,19:00,Erhardt,114,95,209
2026.06.19,19:00,19:15,Erhardt,86,98,184
2026.06.19,19:15,19:30,Erhardt,83,92,175
2026.06.19,19:30,19:45,Erhardt,98,63,161
2026.06.19,19:45,20:00,Erhardt,83,82,165
2026.06.19,20:00,20:15,Erhardt,91,80,171
2026.06.19,20:15,20:30,Erhardt,61,72,133
2026.06.19,20:30,20:45,Erhardt,60,77,137
2026.06.19,20:45,21:00,Erhardt,82,38,120
2026.06.19,21:00,21:15,Erhardt,60,79,139
2026.06.19,21:15,21:30,Erhardt,50,58,108
2026.06.19,21:30,21:45,Erhardt,65,38,103
2026.06.19,21:45,22:00,Erhardt,47,44,91
2026.06.19,22:00,22:15,Erhardt,53,46,99
2026.06.19,22:15,22:30,Erhardt,64,39,103
2026.06.19,22:30,22:45,Erhardt,47,32,79
2026.06.19,22:45,23:00,Erhardt,36,37,73
2026.06.19,23:00,23:15,Erhardt,40,30,70
2026.06.19,23:15,23:30,Erhardt,28,38,66
2026.06.19,23:30,23:45,Erhardt,37,49,86
2026.06.19,23:45,00:00,Erhardt,21,28,49
2026.06.20,00:00,00:15,Erhardt,20,34,54
2026.06.20,00:15,00:30,Erhardt,19,26,45
2026.06.20,00:30,00:45,Erhardt,18,24,42
2026.06.20,00:45,01:00,Erhardt,20,31,51
2026.06.20,01:00,01:15,Erhardt,14,18,32
2026.06.20,01:15,01:30,Erhardt,14,22,36
2026.06.20,01:30,01:45,Erhardt,10,7,17
2026.06.20,01:45,02:00,Erhardt,10,9,19
2026.06.20,02:00,02:15,Erhardt,5,7,12
2026.06.20,02:15,02:30,Erhardt,7,12,19
2026.06.20,02:30,02:45,Erhardt,2,5,7
2026.06.20,02:45,03:00,Erhardt,7,8,15
2026.06.20,03:00,03:15,Erhardt,7,10,17
2026.06.20,03:15,03:30,Erhardt,7,5,12
2026.06.20,03:30,03:45,Erhardt,1,5,6
2026.06.20,03:45,04:00,Erhardt,2,4,6
2026.06.20,04:00,04:15,Erhardt,2,1,3
2026.06.20,04:15,04:30,Erhardt,1,1,2
2026.06.20,04:30,04:45,Erhardt,4,2,6
2026.06.20,04:45,05:00,Erhardt,1,2,3
2026.06.20,05:00,05:15,Erhardt,3,1,4
2026.06.20,05:15,05:30,Erhardt,7,0,7
2026.06.20,05:30,05:45,Erhardt,8,5,13
2026.06.20,05:45,06:00,Erhardt,3,9,12
2026.06.20,06:00,06:15,Erhardt,7,4,11
2026.06.20,06:15,06:30,Erhardt,5,3,8
2026.06.20,06:30,06:45,Erhardt,9,3,12
2026.06.20,06:45,07:00,Erhardt,7,5,12
2026.06.20,07:00,07:15,Erhardt,11,7,18
2026.06.20,07:15,07:30,Erhardt,23,10,33
2026.06.20,07:30,07:45,Erhardt,11,11,22
2026.06.20,07:45,08:00,Erhardt,29,16,45
2026.06.20,08:00,08:15,Erhardt,26,23,49
2026.06.20,08:15,08:30,Erhardt,35,13,48
2026.06.20,08:30,08:45,Erhardt,27,28,55
2026.06.20,08:45,09:00,Erhardt,38,40,78
2026.06.20,09:00,09:15,Erhardt,28,30,58
2026.06.20,09:15,09:30,Erhardt,58,50,108
2026.06.20,09:30,09:45,Erhardt,37,59,96
2026.06.20,09:45,10:00,Erhardt,48,72,120
2026.06.20,10:00,10:15,Erhardt,59,41,100
2026.06.20,10:15,10:30,Erhardt,69,57,126
2026.06.20,10:30,10:45,Erhardt,67,57,124
2026.06.20,10:45,11:00,Erhardt,55,45,100
2026.06.20,11:00,11:15,Erhardt,65,47,112
2026.06.20,11:15,11:30,Erhardt,53,61,114
2026.06.20,11:30,11:45,Erhardt,54,57,111
2026.06.20,11:45,12:00,Erhardt,45,72,117
2026.06.20,12:00,12:15,Erhardt,69,70,139
2026.06.20,12:15,12:30,Erhardt,70,72,142
2026.06.20,12:30,12:45,Erhardt,59,71,130
2026.06.20,12:45,13:00,Erhardt,75,44,119
2026.06.20,13:00,13:15,Erhardt,60,62,122
2026.06.20,13:15,13:30,Erhardt,70,61,131
2026.06.20,13:30,13:45,Erhardt,59,68,127
2026.06.20,13:45,14:00,Erhardt,69,83,152
2026.06.20,14:00,14:15,Erhardt,80,56,136
2026.06.20,14:15,14:30,Erhardt,63,67,130
2026.06.20,14:30,14:45,Erhardt,65,86,151
2026.06.20,14:45,15:00,Erhardt,75,85,160
2026.06.20,15:00,15:15,Erhardt,72,80,152
2026.06.20,15:15,15:30,Erhardt,50,90,140
2026.06.20,15:30,15:45,Erhardt,80,54,134
2026.06.20,15:45,16:00,Erhardt,75,93,168
2026.06.20,16:00,16:15,Erhardt,92,72,164
2026.06.20,16:15,16:30,Erhardt,99,69,168
2026.06.20,16:30,16:45,Erhardt,76,63,139
2026.06.20,16:45,17:00,Erhardt,71,77,148
2026.06.20,17:00,17:15,Erhardt,89,87,176
2026.06.20,17:15,17:30,Erhardt,95,76,171
2026.06.20,17:30,17:45,Erhardt,68,78,146
2026.06.20,17:45,18:00,Erhardt,79,99,178
2026.06.20,18:00,18:15,Erhardt,79,99,178
2026.06.20,18:15,18:30,Erhardt,86,77,163
2026.06.20,18:30,18:45,Erhardt,75,94,169
2026.06.20,18:45,19:00,Erhardt,100,90,190
2026.06.20,19:00,19:15,Erhardt,100,79,179
2026.06.20,19:15,19:30,Erhardt,79,69,148
2026.06.20,19:30,19:45,Erhardt,79,77,156
2026.06.20,19:45,20:00,Erhardt,56,49,105
2026.06.20,20:00,20:15,Erhardt,77,65,142
2026.06.20,20:15,20:30,Erhardt,51,46,97
2026.06.20,20:30,20:45,Erhardt,46,63,109
2026.06.20,20:45,21:00,Erhardt,57,61,118
2026.06.20,21:00,21:15,Erhardt,49,59,108
2026.06.20,21:15,21:30,Erhardt,49,65,114
2026.06.20,21:30,21:45,Erhardt,46,45,91
2026.06.20,21:45,22:00,Erhardt,36,35,71
2026.06.20,22:00,22:15,Erhardt,44,43,87
2026.06.20,22:15,22:30,Erhardt,29,22,51
2026.06.20,22:30,22:45,Erhardt,29,49,78
2026.06.20,22:45,23:00,Erhardt,23,25,48
2026.06.20,23:00,23:15,Erhardt,34,21,55
2026.06.20,23:15,23:30,Erhardt,28,26,54
2026.06.20,23:30,23:45,Erhardt,32,24,56
2026.06.20,23:45,00:00,Erhardt,9,25,34
2026.06.21,00:00,00:15,Erhardt,45,42,87
2026.06.21,00:15,00:30,Erhardt,88,92,180
2026.06.21,00:30,00:45,Erhardt,72,70,142
2026.06.21,00:45,01:00,Erhardt,40,48,88
2026.06.21,01:00,01:15,Erhardt,28,27,55
2026.06.21,01:15,01:30,Erhardt,18,8,26
2026.06.21,01:30,01:45,Erhardt,17,24,41
2026.06.21,01:45,02:00,Erhardt,7,14,21
2026.06.21,02:00,02:15,Erhardt,13,18,31
2026.06.21,02:15,02:30,Erhardt,9,9,18
2026.06.21,02:30,02:45,Erhardt,10,18,28
2026.06.21,02:45,03:00,Erhardt,2,10,12
2026.06.21,03:00,03:15,Erhardt,3,3,6
2026.06.21,03:15,03:30,Erhardt,4,3,7
2026.06.21,03:30,03:45,Erhardt,2,8,10
2026.06.21,03:45,04:00,Erhardt,3,3,6
2026.06.21,04:00,04:15,Erhardt,2,4,6
2026.06.21,04:15,04:30,Erhardt,1,4,5
2026.06.21,04:30,04:45,Erhardt,2,0,2
2026.06.21,04:45,05:00,Erhardt,2,2,4
2026.06.21,05:00,05:15,Erhardt,4,0,4
2026.06.21,05:15,05:30,Erhardt,2,4,6
2026.06.21,05:30,05:45,Erhardt,3,3,6
2026.06.21,05:45,06:00,Erhardt,2,3,5
2026.06.21,06:00,06:15,Erhardt,4,4,8
2026.06.21,06:15,06:30,Erhardt,5,7,12
2026.06.21,06:30,06:45,Erhardt,6,3,9
2026.06.21,06:45,07:00,Erhardt,5,6,11
2026.06.21,07:00,07:15,Erhardt,9,6,15
2026.06.21,07:15,07:30,Erhardt,13,7,20
2026.06.21,07:30,07:45,Erhardt,6,8,14
2026.06.21,07:45,08:00,Erhardt,17,18,35
2026.06.21,08:00,08:15,Erhardt,18,11,29
2026.06.21,08:15,08:30,Erhardt,21,16,37
2026.06.21,08:30,08:45,Erhardt,31,29,60
2026.06.21,08:45,09:00,Erhardt,49,18,67
2026.06.21,09:00,09:15,Erhardt,36,28,64
2026.06.21,09:15,09:30,Erhardt,43,28,71
2026.06.21,09:30,09:45,Erhardt,52,39,91
2026.06.21,09:45,10:00,Erhardt,60,40,100
2026.06.21,10:00,10:15,Erhardt,64,40,104
2026.06.21,10:15,10:30,Erhardt,40,38,78
2026.06.21,10:30,10:45,Erhardt,39,40,79
2026.06.21,10:45,11:00,Erhardt,66,57,123
2026.06.21,11:00,11:15,Erhardt,60,36,96
2026.06.21,11:15,11:30,Erhardt,53,40,93
2026.06.21,11:30,11:45,Erhardt,47,60,107
2026.06.21,11:45,12:00,Erhardt,81,45,126
2026.06.21,12:00,12:15,Erhardt,55,38,93
2026.06.21,12:15,12:30,Erhardt,46,69,115
2026.06.21,12:30,12:45,Erhardt,67,53,120
2026.06.21,12:45,13:00,Erhardt,62,65,127
2026.06.21,13:00,13:15,Erhardt,41,66,107
2026.06.21,13:15,13:30,Erhardt,61,63,124
2026.06.21,13:30,13:45,Erhardt,57,62,119
2026.06.21,13:45,14:00,Erhardt,68,64,132
2026.06.21,14:00,14:15,Erhardt,65,76,141
2026.06.21,14:15,14:30,Erhardt,72,70,142
2026.06.21,14:30,14:45,Erhardt,64,53,117
2026.06.21,14:45,15:00,Erhardt,67,77,144
2026.06.21,15:00,15:15,Erhardt,61,75,136
2026.06.21,15:15,15:30,Erhardt,62,68,130
2026.06.21,15:30,15:45,Erhardt,58,79,137
2026.06.21,15:45,16:00,Erhardt,46,71,117
2026.06.21,16:00,16:15,Erhardt,78,54,132
2026.06.21,16:15,16:30,Erhardt,37,57,94
2026.06.21,16:30,16:45,Erhardt,42,56,98
2026.06.21,16:45,17:00,Erhardt,62,59,121
2026.06.21,17:00,17:15,Erhardt,66,50,116
2026.06.21,17:15,17:30,Erhardt,63,53,116
2026.06.21,17:30,17:45,Erhardt,62,45,107
2026.06.21,17:45,18:00,Erhardt,59,63,122
2026.06.21,18:00,18:15,Erhardt,73,82,155
2026.06.21,18:15,18:30,Erhardt,55,75,130
2026.06.21,18:30,18:45,Erhardt,47,48,95
2026.06.21,18:45,19:00,Erhardt,61,59,120
2026.06.21,19:00,19:15,Erhardt,52,53,105
2026.06.21,19:15,19:30,Erhardt,59,44,103
2026.06.21,19:30,19:45,Erhardt,42,47,89
2026.06.21,19:45,20:00,Erhardt,46,27,73
2026.06.21,20:00,20:15,Erhardt,30,31,61
2026.06.21,20:15,20:30,Erhardt,43,34,77
2026.06.21,20:30,20:45,Erhardt,31,30,61
2026.06.21,20:45,21:00,Erhardt,28,28,56
2026.06.21,21:00,21:15,Erhardt,32,26,58
2026.06.21,21:15,21:30,Erhardt,28,28,56
2026.06.21,21:30,21:45,Erhardt,20,24,44
2026.06.21,21:45,22:00,Erhardt,24,24,48
2026.06.21,22:00,22:15,Erhardt,21,21,42
2026.06.21,22:15,22:30,Erhardt,18,25,43
2026.06.21,22:30,22:45,Erhardt,19,15,34
2026.06.21,22:45,23:00,Erhardt,15,5,20
2026.06.21,23:00,23:15,Erhardt,13,11,24
2026.06.21,23:15,23:30,Erhardt,10,10,20
2026.06.21,23:30,23:45,Erhardt,4,5,9
2026.06.21,23:45,00:00,Erhardt,4,2,6
2026.06.22,00:00,00:15,Erhardt,0,10,10
2026.06.22,00:15,00:30,Erhardt,1,5,6
2026.06.22,00:30,00:45,Erhardt,3,5,8
2026.06.22,00:45,01:00,Erhardt,4,1,5
2026.06.22,01:00,01:15,Erhardt,2,4,6
2026.06.22,01:15,01:30,Erhardt,3,3,6
2026.06.22,01:30,01:45,Erhardt,1,0,1
2026.06.22,01:45,02:00,Erhardt,3,1,4
2026.06.22,02:00,02:15,Erhardt,1,0,1
2026.06.22,02:15,02:30,Erhardt,1,0,1
2026.06.22,02:30,02:45,Erhardt,0,0,0
2026.06.22,02:45,03:00,Erhardt,0,1,1
2026.06.22,03:00,03:15,Erhardt,0,0,0
2026.06.22,03:15,03:30,Erhardt,2,0,2
2026.06.22,03:30,03:45,Erhardt,0,0,0
2026.06.22,03:45,04:00,Erhardt,0,0,0
2026.06.22,04:00,04:15,Erhardt,0,1,1
2026.06.22,04:15,04:30,Erhardt,1,0,1
2026.06.22,04:30,04:45,Erhardt,1,0,1
2026.06.22,04:45,05:00,Erhardt,3,3,6
2026.06.22,05:00,05:15,Erhardt,7,1,8
2026.06.22,05:15,05:30,Erhardt,2,4,6
2026.06.22,05:30,05:45,Erhardt,9,9,18
2026.06.22,05:45,06:00,Erhardt,5,17,22
2026.06.22,06:00,06:15,Erhardt,21,9,30
2026.06.22,06:15,06:30,Erhardt,12,17,29
2026.06.22,06:30,06:45,Erhardt,30,20,50
2026.06.22,06:45,07:00,Erhardt,34,41,75
2026.06.22,07:00,07:15,Erhardt,45,35,80
2026.06.22,07:15,07:30,Erhardt,56,35,91
2026.06.22,07:30,07:45,Erhardt,88,73,161
2026.06.22,07:45,08:00,Erhardt,89,84,173
2026.06.22,08:00,08:15,Erhardt,99,75,174
2026.06.22,08:15,08:30,Erhardt,96,89,185
2026.06.22,08:30,08:45,Erhardt,139,87,226
2026.06.22,08:45,09:00,Erhardt,109,78,187
2026.06.22,09:00,09:15,Erhardt,67,69,136
2026.06.22,09:15,09:30,Erhardt,38,51,89
2026.06.22,09:30,09:45,Erhardt,45,38,83
2026.06.22,09:45,10:00,Erhardt,50,28,78
2026.06.22,10:00,10:15,Erhardt,29,35,64
2026.06.22,10:15,10:30,Erhardt,36,33,69
2026.06.22,10:30,10:45,Erhardt,27,26,53
2026.06.22,10:45,11:00,Erhardt,29,32,61
2026.06.22,11:00,11:15,Erhardt,26,23,49
2026.06.22,11:15,11:30,Erhardt,25,22,47
2026.06.22,11:30,11:45,Erhardt,29,30,59
2026.06.22,11:45,12:00,Erhardt,34,28,62
2026.06.22,12:00,12:15,Erhardt,29,44,73
2026.06.22,12:15,12:30,Erhardt,47,36,83
2026.06.22,12:30,12:45,Erhardt,36,26,62
2026.06.22,12:45,13:00,Erhardt,34,30,64
2026.06.22,13:00,13:15,Erhardt,44,39,83
2026.06.22,13:15,13:30,Erhardt,65,31,96
2026.06.22,13:30,13:45,Erhardt,50,43,93
2026.06.22,13:45,14:00,Erhardt,41,44,85
2026.06.22,14:00,14:15,Erhardt,39,32,71
2026.06.22,14:15,14:30,Erhardt,41,36,77
2026.06.22,14:30,14:45,Erhardt,62,35,97
2026.06.22,14:45,15:00,Erhardt,53,30,83
2026.06.22,15:00,15:15,Erhardt,68,27,95
2026.06.22,15:15,15:30,Erhardt,70,41,111
2026.06.22,15:30,15:45,Erhardt,69,44,113
2026.06.22,15:45,16:00,Erhardt,89,63,152
2026.06.22,16:00,16:15,Erhardt,87,47,134
2026.06.22,16:15,16:30,Erhardt,67,56,123
2026.06.22,16:30,16:45,Erhardt,95,61,156
2026.06.22,16:45,17:00,Erhardt,87,72,159
2026.06.22,17:00,17:15,Erhardt,101,59,160
2026.06.22,17:15,17:30,Erhardt,114,71,185
2026.06.22,17:30,17:45,Erhardt,147,82,229
2026.06.22,17:45,18:00,Erhardt,168,85,253
2026.06.22,18:00,18:15,Erhardt,156,86,242
2026.06.22,18:15,18:30,Erhardt,139,100,239
2026.06.22,18:30,18:45,Erhardt,129,88,217
2026.06.22,18:45,19:00,Erhardt,116,95,211
2026.06.22,19:00,19:15,Erhardt,98,86,184
2026.06.22,19:15,19:30,Erhardt,89,63,152
2026.06.22,19:30,19:45,Erhardt,89,70,159
2026.06.22,19:45,20:00,Erhardt,79,60,139
2026.06.22,20:00,20:15,Erhardt,63,73,136
2026.06.22,20:15,20:30,Erhardt,67,55,122
2026.06.22,20:30,20:45,Erhardt,71,32,103
2026.06.22,20:45,21:00,Erhardt,61,36,97
2026.06.22,21:00,21:15,Erhardt,69,53,122
2026.06.22,21:15,21:30,Erhardt,67,59,126
2026.06.22,21:30,21:45,Erhardt,50,56,106
2026.06.22,21:45,22:00,Erhardt,74,48,122
2026.06.22,22:00,22:15,Erhardt,42,44,86
2026.06.22,22:15,22:30,Erhardt,25,50,75
2026.06.22,22:30,22:45,Erhardt,36,24,60
2026.06.22,22:45,23:00,Erhardt,27,19,46
2026.06.22,23:00,23:15,Erhardt,30,27,57
2026.06.22,23:15,23:30,Erhardt,16,19,35
2026.06.22,23:30,23:45,Erhardt,12,6,18
2026.06.22,23:45,00:00,Erhardt,8,10,18
2026.06.23,00:00,00:15,Erhardt,8,7,15
2026.06.23,00:15,00:30,Erhardt,6,9,15
2026.06.23,00:30,00:45,Erhardt,8,4,12
2026.06.23,00:45,01:00,Erhardt,6,1,7
2026.06.23,01:00,01:15,Erhardt,1,5,6
2026.06.23,01:15,01:30,Erhardt,3,2,5
2026.06.23,01:30,01:45,Erhardt,5,0,5
2026.06.23,01:45,02:00,Erhardt,2,1,3
2026.06.23,02:00,02:15,Erhardt,1,0,1
2026.06.23,02:15,02:30,Erhardt,1,2,3
2026.06.23,02:30,02:45,Erhardt,0,0,0
2026.06.23,02:45,03:00,Erhardt,0,0,0
2026.06.23,03:00,03:15,Erhardt,0,2,2
2026.06.23,03:15,03:30,Erhardt,1,1,2
2026.06.23,03:30,03:45,Erhardt,1,0,1
2026.06.23,03:45,04:00,Erhardt,0,3,3
2026.06.23,04:00,04:15,Erhardt,0,1,1
2026.06.23,04:15,04:30,Erhardt,3,0,3
2026.06.23,04:30,04:45,Erhardt,1,0,1
2026.06.23,04:45,05:00,Erhardt,2,1,3
2026.06.23,05:00,05:15,Erhardt,4,4,8
2026.06.23,05:15,05:30,Erhardt,5,6,11
2026.06.23,05:30,05:45,Erhardt,11,9,20
2026.06.23,05:45,06:00,Erhardt,18,17,35
2026.06.23,06:00,06:15,Erhardt,27,15,42
2026.06.23,06:15,06:30,Erhardt,26,18,44
2026.06.23,06:30,06:45,Erhardt,25,32,57
2026.06.23,06:45,07:00,Erhardt,46,33,79
2026.06.23,07:00,07:15,Erhardt,55,49,104
2026.06.23,07:15,07:30,Erhardt,70,45,115
2026.06.23,07:30,07:45,Erhardt,102,50,152
2026.06.23,07:45,08:00,Erhardt,133,68,201
2026.06.23,08:00,08:15,Erhardt,123,80,203
2026.06.23,08:15,08:30,Erhardt,141,98,239
2026.06.23,08:30,08:45,Erhardt,100,102,202
2026.06.23,08:45,09:00,Erhardt,103,91,194
2026.06.23,09:00,09:15,Erhardt,69,75,144
2026.06.23,09:15,09:30,Erhardt,69,82,151
2026.06.23,09:30,09:45,Erhardt,62,51,113
2026.06.23,09:45,10:00,Erhardt,42,39,81
2026.06.23,10:00,10:15,Erhardt,37,41,78
2026.06.23,10:15,10:30,Erhardt,34,36,70
2026.06.23,10:30,10:45,Erhardt,39,14,53
2026.06.23,10:45,11:00,Erhardt,31,31,62
2026.06.23,11:00,11:15,Erhardt,34,22,56
2026.06.23,11:15,11:30,Erhardt,33,31,64
2026.06.23,11:30,11:45,Erhardt,43,20,63
2026.06.23,11:45,12:00,Erhardt,44,40,84
2026.06.23,12:00,12:15,Erhardt,44,52,96
2026.06.23,12:15,12:30,Erhardt,45,39,84
2026.06.23,12:30,12:45,Erhardt,56,35,91
2026.06.23,12:45,13:00,Erhardt,45,34,79
2026.06.23,13:00,13:15,Erhardt,43,34,77
2026.06.23,13:15,13:30,Erhardt,58,47,105
2026.06.23,13:30,13:45,Erhardt,29,42,71
2026.06.23,13:45,14:00,Erhardt,57,30,87
2026.06.23,14:00,14:15,Erhardt,54,37,91
2026.06.23,14:15,14:30,Erhardt,58,32,90
2026.06.23,14:30,14:45,Erhardt,66,33,99
2026.06.23,14:45,15:00,Erhardt,69,66,135
2026.06.23,15:00,15:15,Erhardt,59,41,100
2026.06.23,15:15,15:30,Erhardt,60,43,103
2026.06.23,15:30,15:45,Erhardt,81,42,123
2026.06.23,15:45,16:00,Erhardt,86,61,147
2026.06.23,16:00,16:15,Erhardt,80,70,150
2026.06.23,16:15,16:30,Erhardt,108,60,168
2026.06.23,16:30,16:45,Erhardt,74,63,137
2026.06.23,16:45,17:00,Erhardt,133,64,197
2026.06.23,17:00,17:15,Erhardt,111,84,195
2026.06.23,17:15,17:30,Erhardt,155,79,234
2026.06.23,17:30,17:45,Erhardt,124,89,213
2026.06.23,17:45,18:00,Erhardt,156,112,268
2026.06.23,18:00,18:15,Erhardt,147,110,257
2026.06.23,18:15,18:30,Erhardt,166,114,280
2026.06.23,18:30,18:45,Erhardt,119,113,232
2026.06.23,18:45,19:00,Erhardt,141,106,247
2026.06.23,19:00,19:15,Erhardt,98,111,209
2026.06.23,19:15,19:30,Erhardt,134,85,219
2026.06.23,19:30,19:45,Erhardt,101,78,179
2026.06.23,19:45,20:00,Erhardt,91,68,159
2026.06.23,20:00,20:15,Erhardt,94,50,144
2026.06.23,20:15,20:30,Erhardt,68,59,127
2026.06.23,20:30,20:45,Erhardt,92,36,128
2026.06.23,20:45,21:00,Erhardt,86,57,143
2026.06.23,21:00,21:15,Erhardt,69,43,112
2026.06.23,21:15,21:30,Erhardt,82,56,138
2026.06.23,21:30,21:45,Erhardt,67,35,102
2026.06.23,21:45,22:00,Erhardt,66,54,120
2026.06.23,22:00,22:15,Erhardt,54,55,109
2026.06.23,22:15,22:30,Erhardt,47,62,109
2026.06.23,22:30,22:45,Erhardt,31,25,56
2026.06.23,22:45,23:00,Erhardt,32,45,77
2026.06.23,23:00,23:15,Erhardt,42,22,64
2026.06.23,23:15,23:30,Erhardt,15,17,32
2026.06.23,23:30,23:45,Erhardt,15,15,30
2026.06.23,23:45,00:00,Erhardt,14,18,32
2026.06.24,00:00,00:15,Erhardt,5,12,17
2026.06.24,00:15,00:30,Erhardt,5,12,17
2026.06.24,00:30,00:45,Erhardt,4,3,7
2026.06.24,00:45,01:00,Erhardt,11,6,17
2026.06.24,01:00,01:15,Erhardt,4,3,7
2026.06.24,01:15,01:30,Erhardt,4,2,6
2026.06.24,01:30,01:45,Erhardt,1,5,6
2026.06.24,01:45,02:00,Erhardt,3,8,11
2026.06.24,02:00,02:15,Erhardt,4,3,7
2026.06.24,02:15,02:30,Erhardt,0,0,0
2026.06.24,02:30,02:45,Erhardt,3,2,5
2026.06.24,02:45,03:00,Erhardt,7,0,7
2026.06.24,03:00,03:15,Erhardt,1,0,1
2026.06.24,03:15,03:30,Erhardt,2,0,2
2026.06.24,03:30,03:45,Erhardt,0,0,0
2026.06.24,03:45,04:00,Erhardt,3,2,5
2026.06.24,04:00,04:15,Erhardt,0,1,1
2026.06.24,04:15,04:30,Erhardt,2,0,2
2026.06.24,04:30,04:45,Erhardt,2,2,4
2026.06.24,04:45,05:00,Erhardt,2,3,5
2026.06.24,05:00,05:15,Erhardt,4,1,5
2026.06.24,05:15,05:30,Erhardt,3,4,7
2026.06.24,05:30,05:45,Erhardt,10,10,20
2026.06.24,05:45,06:00,Erhardt,7,20,27
2026.06.24,06:00,06:15,Erhardt,21,8,29
2026.06.24,06:15,06:30,Erhardt,26,10,36
2026.06.24,06:30,06:45,Erhardt,31,37,68
2026.06.24,06:45,07:00,Erhardt,56,31,87
2026.06.24,07:00,07:15,Erhardt,52,37,89
2026.06.24,07:15,07:30,Erhardt,79,59,138
2026.06.24,07:30,07:45,Erhardt,93,73,166
2026.06.24,07:45,08:00,Erhardt,128,92,220
2026.06.24,08:00,08:15,Erhardt,93,96,189
2026.06.24,08:15,08:30,Erhardt,134,82,216
2026.06.24,08:30,08:45,Erhardt,124,98,222
2026.06.24,08:45,09:00,Erhardt,100,112,212
2026.06.24,09:00,09:15,Erhardt,63,62,125
2026.06.24,09:15,09:30,Erhardt,42,43,85
2026.06.24,09:30,09:45,Erhardt,55,50,105
2026.06.24,09:45,10:00,Erhardt,38,65,103
2026.06.24,10:00,10:15,Erhardt,34,46,80
2026.06.24,10:15,10:30,Erhardt,39,36,75
2026.06.24,10:30,10:45,Erhardt,40,32,72
2026.06.24,10:45,11:00,Erhardt,34,29,63
2026.06.24,11:00,11:15,Erhardt,36,28,64
2026.06.24,11:15,11:30,Erhardt,19,31,50
2026.06.24,11:30,11:45,Erhardt,33,29,62
2026.06.24,11:45,12:00,Erhardt,53,31,84
2026.06.24,12:00,12:15,Erhardt,42,30,72
2026.06.24,12:15,12:30,Erhardt,34,30,64
2026.06.24,12:30,12:45,Erhardt,61,35,96
2026.06.24,12:45,13:00,Erhardt,45,35,80
2026.06.24,13:00,13:15,Erhardt,41,53,94
2026.06.24,13:15,13:30,Erhardt,45,32,77
2026.06.24,13:30,13:45,Erhardt,53,51,104
2026.06.24,13:45,14:00,Erhardt,51,35,86
2026.06.24,14:00,14:15,Erhardt,59,42,101
2026.06.24,14:15,14:30,Erhardt,59,40,99
2026.06.24,14:30,14:45,Erhardt,66,41,107
2026.06.24,14:45,15:00,Erhardt,70,50,120
2026.06.24,15:00,15:15,Erhardt,69,45,114
2026.06.24,15:15,15:30,Erhardt,77,51,128
2026.06.24,15:30,15:45,Erhardt,70,57,127
2026.06.24,15:45,16:00,Erhardt,71,65,136
2026.06.24,16:00,16:15,Erhardt,78,53,131
2026.06.24,16:15,16:30,Erhardt,78,68,146
2026.06.24,16:30,16:45,Erhardt,108,63,171
2026.06.24,16:45,17:00,Erhardt,120,72,192
2026.06.24,17:00,17:15,Erhardt,94,68,162
2026.06.24,17:15,17:30,Erhardt,144,98,242
2026.06.24,17:30,17:45,Erhardt,152,95,247
2026.06.24,17:45,18:00,Erhardt,162,106,268
2026.06.24,18:00,18:15,Erhardt,132,136,268
2026.06.24,18:15,18:30,Erhardt,151,100,251
2026.06.24,18:30,18:45,Erhardt,172,105,277
2026.06.24,18:45,19:00,Erhardt,184,105,289
2026.06.24,19:00,19:15,Erhardt,111,117,228
2026.06.24,19:15,19:30,Erhardt,90,94,184
2026.06.24,19:30,19:45,Erhardt,115,107,222
2026.06.24,19:45,20:00,Erhardt,79,76,155
2026.06.24,20:00,20:15,Erhardt,96,81,177
2026.06.24,20:15,20:30,Erhardt,116,73,189
2026.06.24,20:30,20:45,Erhardt,80,70,150
2026.06.24,20:45,21:00,Erhardt,81,72,153
2026.06.24,21:00,21:15,Erhardt,74,66,140
2026.06.24,21:15,21:30,Erhardt,65,84,149
2026.06.24,21:30,21:45,Erhardt,61,77,138
2026.06.24,21:45,22:00,Erhardt,83,50,133
2026.06.24,22:00,22:15,Erhardt,70,54,124
2026.06.24,22:15,22:30,Erhardt,68,43,111
2026.06.24,22:30,22:45,Erhardt,55,52,107
2026.06.24,22:45,23:00,Erhardt,32,73,105
2026.06.24,23:00,23:15,Erhardt,35,40,75
2026.06.24,23:15,23:30,Erhardt,37,41,78
2026.06.24,23:30,23:45,Erhardt,31,25,56
2026.06.24,23:45,00:00,Erhardt,13,21,34
2026.06.25,00:00,00:15,Erhardt,19,9,28
2026.06.25,00:15,00:30,Erhardt,6,13,19
2026.06.25,00:30,00:45,Erhardt,9,14,23
2026.06.25,00:45,01:00,Erhardt,7,3,10
2026.06.25,01:00,01:15,Erhardt,8,5,13
2026.06.25,01:15,01:30,Erhardt,3,6,9
2026.06.25,01:30,01:45,Erhardt,0,4,4
2026.06.25,01:45,02:00,Erhardt,5,0,5
2026.06.25,02:00,02:15,Erhardt,6,1,7
2026.06.25,02:15,02:30,Erhardt,2,2,4
2026.06.25,02:30,02:45,Erhardt,0,2,2
2026.06.25,02:45,03:00,Erhardt,0,1,1
2026.06.25,03:00,03:15,Erhardt,0,2,2
2026.06.25,03:15,03:30,Erhardt,1,2,3
2026.06.25,03:30,03:45,Erhardt,1,4,5
2026.06.25,03:45,04:00,Erhardt,0,0,0
2026.06.25,04:00,04:15,Erhardt,2,1,3
2026.06.25,04:15,04:30,Erhardt,4,0,4
2026.06.25,04:30,04:45,Erhardt,1,1,2
2026.06.25,04:45,05:00,Erhardt,0,1,1
2026.06.25,05:00,05:15,Erhardt,3,5,8
2026.06.25,05:15,05:30,Erhardt,5,5,10
2026.06.25,05:30,05:45,Erhardt,7,12,19
2026.06.25,05:45,06:00,Erhardt,10,19,29
2026.06.25,06:00,06:15,Erhardt,22,12,34
2026.06.25,06:15,06:30,Erhardt,26,17,43
2026.06.25,06:30,06:45,Erhardt,28,29,57
2026.06.25,06:45,07:00,Erhardt,42,29,71
2026.06.25,07:00,07:15,Erhardt,51,30,81
2026.06.25,07:15,07:30,Erhardt,75,48,123
2026.06.25,07:30,07:45,Erhardt,70,82,152
2026.06.25,07:45,08:00,Erhardt,109,76,185
2026.06.25,08:00,08:15,Erhardt,109,82,191
2026.06.25,08:15,08:30,Erhardt,101,92,193
2026.06.25,08:30,08:45,Erhardt,96,94,190
2026.06.25,08:45,09:00,Erhardt,69,108,177
2026.06.25,09:00,09:15,Erhardt,65,68,133
2026.06.25,09:15,09:30,Erhardt,55,57,112
2026.06.25,09:30,09:45,Erhardt,40,48,88
2026.06.25,09:45,10:00,Erhardt,59,40,99
2026.06.25,10:00,10:15,Erhardt,38,38,76
2026.06.25,10:15,10:30,Erhardt,30,33,63
2026.06.25,10:30,10:45,Erhardt,25,34,59
2026.06.25,10:45,11:00,Erhardt,29,24,53
2026.06.25,11:00,11:15,Erhardt,43,38,81
2026.06.25,11:15,11:30,Erhardt,33,34,67
2026.06.25,11:30,11:45,Erhardt,42,38,80
2026.06.25,11:45,12:00,Erhardt,44,38,82
2026.06.25,12:00,12:15,Erhardt,45,51,96
2026.06.25,12:15,12:30,Erhardt,41,36,77
2026.06.25,12:30,12:45,Erhardt,42,41,83
2026.06.25,12:45,13:00,Erhardt,49,45,94
2026.06.25,13:00,13:15,Erhardt,43,39,82
2026.06.25,13:15,13:30,Erhardt,39,47,86
2026.06.25,13:30,13:45,Erhardt,41,55,96
2026.06.25,13:45,14:00,Erhardt,53,54,107
2026.06.25,14:00,14:15,Erhardt,55,56,111
2026.06.25,14:15,14:30,Erhardt,58,32,90
2026.06.25,14:30,14:45,Erhardt,51,39,90
2026.06.25,14:45,15:00,Erhardt,69,52,121
2026.06.25,15:00,15:15,Erhardt,50,59,109
2026.06.25,15:15,15:30,Erhardt,58,61,119
2026.06.25,15:30,15:45,Erhardt,64,57,121
2026.06.25,15:45,16:00,Erhardt,77,58,135
2026.06.25,16:00,16:15,Erhardt,70,78,148
2026.06.25,16:15,16:30,Erhardt,94,55,149
2026.06.25,16:30,16:45,Erhardt,103,56,159
2026.06.25,16:45,17:00,Erhardt,107,72,179
2026.06.25,17:00,17:15,Erhardt,109,82,191
2026.06.25,17:15,17:30,Erhardt,144,83,227
2026.06.25,17:30,17:45,Erhardt,144,108,252
2026.06.25,17:45,18:00,Erhardt,146,115,261
2026.06.25,18:00,18:15,Erhardt,135,112,247
2026.06.25,18:15,18:30,Erhardt,149,111,260
2026.06.25,18:30,18:45,Erhardt,164,114,278
2026.06.25,18:45,19:00,Erhardt,137,125,262
2026.06.25,19:00,19:15,Erhardt,128,100,228
2026.06.25,19:15,19:30,Erhardt,122,97,219
2026.06.25,19:30,19:45,Erhardt,90,89,179
2026.06.25,19:45,20:00,Erhardt,94,130,224
2026.06.25,20:00,20:15,Erhardt,93,96,189
2026.06.25,20:15,20:30,Erhardt,82,96,178
2026.06.25,20:30,20:45,Erhardt,78,83,161
2026.06.25,20:45,21:00,Erhardt,101,77,178
2026.06.25,21:00,21:15,Erhardt,63,71,134
2026.06.25,21:15,21:30,Erhardt,83,72,155
2026.06.25,21:30,21:45,Erhardt,78,75,153
2026.06.25,21:45,22:00,Erhardt,57,58,115
2026.06.25,22:00,22:15,Erhardt,63,55,118
2026.06.25,22:15,22:30,Erhardt,44,43,87
2026.06.25,22:30,22:45,Erhardt,48,42,90
2026.06.25,22:45,23:00,Erhardt,35,46,81
2026.06.25,23:00,23:15,Erhardt,42,38,80
2026.06.25,23:15,23:30,Erhardt,37,31,68
2026.06.25,23:30,23:45,Erhardt,23,26,49
2026.06.25,23:45,00:00,Erhardt,16,22,38
2026.06.26,00:00,00:15,Erhardt,81,73,154
2026.06.26,00:15,00:30,Erhardt,109,75,184
2026.06.26,00:30,00:45,Erhardt,60,61,121
2026.06.26,00:45,01:00,Erhardt,25,20,45
2026.06.26,01:00,01:15,Erhardt,9,11,20
2026.06.26,01:15,01:30,Erhardt,9,17,26
2026.06.26,01:30,01:45,Erhardt,4,7,11
2026.06.26,01:45,02:00,Erhardt,7,5,12
2026.06.26,02:00,02:15,Erhardt,2,5,7
2026.06.26,02:15,02:30,Erhardt,2,10,12
2026.06.26,02:30,02:45,Erhardt,5,1,6
2026.06.26,02:45,03:00,Erhardt,2,2,4
2026.06.26,03:00,03:15,Erhardt,3,2,5
2026.06.26,03:15,03:30,Erhardt,0,0,0
2026.06.26,03:30,03:45,Erhardt,1,2,3
2026.06.26,03:45,04:00,Erhardt,2,1,3
2026.06.26,04:00,04:15,Erhardt,1,0,1
2026.06.26,04:15,04:30,Erhardt,0,2,2
2026.06.26,04:30,04:45,Erhardt,2,2,4
2026.06.26,04:45,05:00,Erhardt,1,2,3
2026.06.26,05:00,05:15,Erhardt,2,2,4
2026.06.26,05:15,05:30,Erhardt,6,4,10
2026.06.26,05:30,05:45,Erhardt,7,9,16
2026.06.26,05:45,06:00,Erhardt,8,14,22
2026.06.26,06:00,06:15,Erhardt,12,12,24
2026.06.26,06:15,06:30,Erhardt,14,16,30
2026.06.26,06:30,06:45,Erhardt,32,22,54
2026.06.26,06:45,07:00,Erhardt,23,26,49
2026.06.26,07:00,07:15,Erhardt,44,38,82
2026.06.26,07:15,07:30,Erhardt,53,34,87
2026.06.26,07:30,07:45,Erhardt,54,51,105
2026.06.26,07:45,08:00,Erhardt,85,59,144
2026.06.26,08:00,08:15,Erhardt,67,63,130
2026.06.26,08:15,08:30,Erhardt,75,70,145
2026.06.26,08:30,08:45,Erhardt,83,68,151
2026.06.26,08:45,09:00,Erhardt,68,72,140
2026.06.26,09:00,09:15,Erhardt,50,45,95
2026.06.26,09:15,09:30,Erhardt,60,45,105
2026.06.26,09:30,09:45,Erhardt,56,42,98
2026.06.26,09:45,10:00,Erhardt,28,45,73
2026.06.26,10:00,10:15,Erhardt,38,24,62
2026.06.26,10:15,10:30,Erhardt,50,33,83
2026.06.26,10:30,10:45,Erhardt,32,31,63
2026.06.26,10:45,11:00,Erhardt,34,25,59
2026.06.26,11:00,11:15,Erhardt,22,32,54
2026.06.26,11:15,11:30,Erhardt,43,35,78
2026.06.26,11:30,11:45,Erhardt,46,32,78
2026.06.26,11:45,12:00,Erhardt,48,37,85
2026.06.26,12:00,12:15,Erhardt,51,40,91
2026.06.26,12:15,12:30,Erhardt,54,45,99
2026.06.26,12:30,12:45,Erhardt,50,44,94
2026.06.26,12:45,13:00,Erhardt,51,35,86
2026.06.26,13:00,13:15,Erhardt,70,46,116
2026.06.26,13:15,13:30,Erhardt,52,48,100
2026.06.26,13:30,13:45,Erhardt,57,42,99
2026.06.26,13:45,14:00,Erhardt,51,39,90
2026.06.26,14:00,14:15,Erhardt,69,40,109
2026.06.26,14:15,14:30,Erhardt,60,68,128
2026.06.26,14:30,14:45,Erhardt,59,56,115
2026.06.26,14:45,15:00,Erhardt,93,58,151
2026.06.26,15:00,15:15,Erhardt,75,75,150
2026.06.26,15:15,15:30,Erhardt,81,51,132
2026.06.26,15:30,15:45,Erhardt,91,49,140
2026.06.26,15:45,16:00,Erhardt,71,56,127
2026.06.26,16:00,16:15,Erhardt,67,60,127
2026.06.26,16:15,16:30,Erhardt,99,53,152
2026.06.26,16:30,16:45,Erhardt,77,68,145
2026.06.26,16:45,17:00,Erhardt,101,84,185
2026.06.26,17:00,17:15,Erhardt,85,80,165
2026.06.26,17:15,17:30,Erhardt,61,70,131
2026.06.26,17:30,17:45,Erhardt,91,89,180
2026.06.26,17:45,18:00,Erhardt,79,102,181
2026.06.26,18:00,18:15,Erhardt,119,109,228
2026.06.26,18:15,18:30,Erhardt,99,106,205
2026.06.26,18:30,18:45,Erhardt,88,100,188
2026.06.26,18:45,19:00,Erhardt,107,98,205
2026.06.26,19:00,19:15,Erhardt,102,96,198
2026.06.26,19:15,19:30,Erhardt,98,122,220
2026.06.26,19:30,19:45,Erhardt,86,90,176
2026.06.26,19:45,20:00,Erhardt,61,73,134
2026.06.26,20:00,20:15,Erhardt,59,95,154
2026.06.26,20:15,20:30,Erhardt,79,86,165
2026.06.26,20:30,20:45,Erhardt,85,84,169
2026.06.26,20:45,21:00,Erhardt,52,61,113
2026.06.26,21:00,21:15,Erhardt,61,66,127
2026.06.26,21:15,21:30,Erhardt,57,53,110
2026.06.26,21:30,21:45,Erhardt,64,59,123
2026.06.26,21:45,22:00,Erhardt,64,38,102
2026.06.26,22:00,22:15,Erhardt,60,54,114
2026.06.26,22:15,22:30,Erhardt,56,73,129
2026.06.26,22:30,22:45,Erhardt,62,65,127
2026.06.26,22:45,23:00,Erhardt,68,39,107
2026.06.26,23:00,23:15,Erhardt,60,41,101
2026.06.26,23:15,23:30,Erhardt,69,34,103
2026.06.26,23:30,23:45,Erhardt,69,29,98
2026.06.26,23:45,00:00,Erhardt,42,37,79
2026.06.27,00:00,00:15,Erhardt,51,31,82
2026.06.27,00:15,00:30,Erhardt,38,20,58
2026.06.27,00:30,00:45,Erhardt,18,22,40
2026.06.27,00:45,01:00,Erhardt,16,18,34
2026.06.27,01:00,01:15,Erhardt,25,13,38
2026.06.27,01:15,01:30,Erhardt,32,13,45
2026.06.27,01:30,01:45,Erhardt,16,11,27
2026.06.27,01:45,02:00,Erhardt,16,7,23
2026.06.27,02:00,02:15,Erhardt,9,14,23
2026.06.27,02:15,02:30,Erhardt,2,11,13
2026.06.27,02:30,02:45,Erhardt,4,8,12
2026.06.27,02:45,03:00,Erhardt,5,10,15
2026.06.27,03:00,03:15,Erhardt,5,8,13
2026.06.27,03:15,03:30,Erhardt,0,4,4
2026.06.27,03:30,03:45,Erhardt,3,6,9
2026.06.27,03:45,04:00,Erhardt,1,4,5
2026.06.27,04:00,04:15,Erhardt,1,2,3
2026.06.27,04:15,04:30,Erhardt,4,3,7
2026.06.27,04:30,04:45,Erhardt,1,7,8
2026.06.27,04:45,05:00,Erhardt,5,4,9
2026.06.27,05:00,05:15,Erhardt,3,2,5
2026.06.27,05:15,05:30,Erhardt,7,2,9
2026.06.27,05:30,05:45,Erhardt,3,4,7
2026.06.27,05:45,06:00,Erhardt,12,9,21
2026.06.27,06:00,06:15,Erhardt,5,4,9
2026.06.27,06:15,06:30,Erhardt,13,7,20
2026.06.27,06:30,06:45,Erhardt,9,5,14
2026.06.27,06:45,07:00,Erhardt,15,10,25
2026.06.27,07:00,07:15,Erhardt,17,6,23
2026.06.27,07:15,07:30,Erhardt,22,18,40
2026.06.27,07:30,07:45,Erhardt,26,18,44
2026.06.27,07:45,08:00,Erhardt,26,27,53
2026.06.27,08:00,08:15,Erhardt,31,22,53
2026.06.27,08:15,08:30,Erhardt,31,13,44
2026.06.27,08:30,08:45,Erhardt,18,11,29
2026.06.27,08:45,09:00,Erhardt,47,17,64
2026.06.27,09:00,09:15,Erhardt,36,12,48
2026.06.27,09:15,09:30,Erhardt,32,16,48
2026.06.27,09:30,09:45,Erhardt,53,15,68
2026.06.27,09:45,10:00,Erhardt,52,25,77
2026.06.27,10:00,10:15,Erhardt,60,23,83
2026.06.27,10:15,10:30,Erhardt,66,32,98
2026.06.27,10:30,10:45,Erhardt,51,31,82
2026.06.27,10:45,11:00,Erhardt,19,37,56
2026.06.27,11:00,11:15,Erhardt,5,34,39
2026.06.27,11:15,11:30,Erhardt,2,9,11
2026.06.27,11:30,11:45,Erhardt,3,8,11
2026.06.27,11:45,12:00,Erhardt,1,4,5
2026.06.27,12:00,12:15,Erhardt,7,1,8
2026.06.27,12:15,12:30,Erhardt,4,6,10
2026.06.27,12:30,12:45,Erhardt,1,2,3
2026.06.27,12:45,13:00,Erhardt,3,6,9
2026.06.27,13:00,13:15,Erhardt,3,2,5
2026.06.27,13:15,13:30,Erhardt,2,2,4
2026.06.27,13:30,13:45,Erhardt,5,5,10
2026.06.27,13:45,14:00,Erhardt,3,1,4
2026.06.27,14:00,14:15,Erhardt,18,6,24
2026.06.27,14:15,14:30,Erhardt,25,9,34
2026.06.27,14:30,14:45,Erhardt,16,15,31
2026.06.27,14:45,15:00,Erhardt,7,36,43
2026.06.27,15:00,15:15,Erhardt,7,43,50
2026.06.27,15:15,15:30,Erhardt,32,49,81
2026.06.27,15:30,15:45,Erhardt,42,95,137
2026.06.27,15:45,16:00,Erhardt,41,69,110
2026.06.27,16:00,16:15,Erhardt,43,66,109
2026.06.27,16:15,16:30,Erhardt,48,83,131
2026.06.27,16:30,16:45,Erhardt,74,90,164
2026.06.27,16:45,17:00,Erhardt,48,62,110
2026.06.27,17:00,17:15,Erhardt,61,104,165
2026.06.27,17:15,17:30,Erhardt,91,99,190
2026.06.27,17:30,17:45,Erhardt,69,103,172
2026.06.27,17:45,18:00,Erhardt,72,89,161
2026.06.27,18:00,18:15,Erhardt,75,84,159
2026.06.27,18:15,18:30,Erhardt,72,92,164
2026.06.27,18:30,18:45,Erhardt,63,80,143
2026.06.27,18:45,19:00,Erhardt,111,88,199
2026.06.27,19:00,19:15,Erhardt,78,80,158
2026.06.27,19:15,19:30,Erhardt,79,86,165
2026.06.27,19:30,19:45,Erhardt,72,81,153
2026.06.27,19:45,20:00,Erhardt,69,71,140
2026.06.27,20:00,20:15,Erhardt,68,62,130
2026.06.27,20:15,20:30,Erhardt,65,75,140
2026.06.27,20:30,20:45,Erhardt,68,77,145
2026.06.27,20:45,21:00,Erhardt,45,41,86
2026.06.27,21:00,21:15,Erhardt,46,48,94
2026.06.27,21:15,21:30,Erhardt,57,41,98
2026.06.27,21:30,21:45,Erhardt,59,59,118
2026.06.27,21:45,22:00,Erhardt,37,52,89
2026.06.27,22:00,22:15,Erhardt,63,64,127
2026.06.27,22:15,22:30,Erhardt,47,39,86
2026.06.27,22:30,22:45,Erhardt,58,57,115
2026.06.27,22:45,23:00,Erhardt,60,49,109
2026.06.27,23:00,23:15,Erhardt,41,45,86
2026.06.27,23:15,23:30,Erhardt,35,41,76
2026.06.27,23:30,23:45,Erhardt,35,21,56
2026.06.27,23:45,00:00,Erhardt,27,42,69
2026.06.28,00:00,00:15,Erhardt,45,36,81
2026.06.28,00:15,00:30,Erhardt,26,27,53
2026.06.28,00:30,00:45,Erhardt,32,24,56
2026.06.28,00:45,01:00,Erhardt,25,28,53
2026.06.28,01:00,01:15,Erhardt,13,40,53
2026.06.28,01:15,01:30,Erhardt,12,25,37
2026.06.28,01:30,01:45,Erhardt,12,23,35
2026.06.28,01:45,02:00,Erhardt,8,19,27
2026.06.28,02:00,02:15,Erhardt,8,19,27
2026.06.28,02:15,02:30,Erhardt,13,18,31
2026.06.28,02:30,02:45,Erhardt,9,19,28
2026.06.28,02:45,03:00,Erhardt,9,17,26
2026.06.28,03:00,03:15,Erhardt,1,11,12
2026.06.28,03:15,03:30,Erhardt,7,6,13
2026.06.28,03:30,03:45,Erhardt,6,6,12
2026.06.28,03:45,04:00,Erhardt,3,5,8
2026.06.28,04:00,04:15,Erhardt,4,5,9
2026.06.28,04:15,04:30,Erhardt,0,0,0
2026.06.28,04:30,04:45,Erhardt,5,5,10
2026.06.28,04:45,05:00,Erhardt,3,5,8
2026.06.28,05:00,05:15,Erhardt,7,2,9
2026.06.28,05:15,05:30,Erhardt,7,4,11
2026.06.28,05:30,05:45,Erhardt,5,4,9
2026.06.28,05:45,06:00,Erhardt,6,6,12
2026.06.28,06:00,06:15,Erhardt,4,6,10
2026.06.28,06:15,06:30,Erhardt,8,9,17
2026.06.28,06:30,06:45,Erhardt,12,10,22
2026.06.28,06:45,07:00,Erhardt,12,17,29
2026.06.28,07:00,07:15,Erhardt,17,9,26
2026.06.28,07:15,07:30,Erhardt,16,12,28
2026.06.28,07:30,07:45,Erhardt,32,15,47
2026.06.28,07:45,08:00,Erhardt,28,14,42
2026.06.28,08:00,08:15,Erhardt,16,13,29
2026.06.28,08:15,08:30,Erhardt,29,18,47
2026.06.28,08:30,08:45,Erhardt,23,20,43
2026.06.28,08:45,09:00,Erhardt,43,24,67
2026.06.28,09:00,09:15,Erhardt,37,20,57
2026.06.28,09:15,09:30,Erhardt,46,35,81
2026.06.28,09:30,09:45,Erhardt,29,35,64
2026.06.28,09:45,10:00,Erhardt,42,46,88
2026.06.28,10:00,10:15,Erhardt,34,37,71
2026.06.28,10:15,10:30,Erhardt,53,33,86
2026.06.28,10:30,10:45,Erhardt,36,51,87
2026.06.28,10:45,11:00,Erhardt,58,56,114
2026.06.28,11:00,11:15,Erhardt,42,49,91
2026.06.28,11:15,11:30,Erhardt,58,54,112
2026.06.28,11:30,11:45,Erhardt,52,44,96
2026.06.28,11:45,12:00,Erhardt,61,44,105
2026.06.28,12:00,12:15,Erhardt,34,59,93
2026.06.28,12:15,12:30,Erhardt,31,61,92
2026.06.28,12:30,12:45,Erhardt,54,63,117
2026.06.28,12:45,13:00,Erhardt,53,45,98
2026.06.28,13:00,13:15,Erhardt,46,72,118
2026.06.28,13:15,13:30,Erhardt,31,76,107
2026.06.28,13:30,13:45,Erhardt,35,88,123
2026.06.28,13:45,14:00,Erhardt,77,60,137
2026.06.28,14:00,14:15,Erhardt,52,64,116
2026.06.28,14:15,14:30,Erhardt,65,77,142
2026.06.28,14:30,14:45,Erhardt,51,68,119
2026.06.28,14:45,15:00,Erhardt,66,69,135
2026.06.28,15:00,15:15,Erhardt,49,72,121
2026.06.28,15:15,15:30,Erhardt,67,69,136
2026.06.28,15:30,15:45,Erhardt,49,73,122
2026.06.28,15:45,16:00,Erhardt,58,91,149
2026.06.28,16:00,16:15,Erhardt,60,57,117
2026.06.28,16:15,16:30,Erhardt,56,82,138
2026.06.28,16:30,16:45,Erhardt,65,72,137
2026.06.28,16:45,17:00,Erhardt,58,82,140
2026.06.28,17:00,17:15,Erhardt,67,66,133
2026.06.28,17:15,17:30,Erhardt,88,58,146
2026.06.28,17:30,17:45,Erhardt,94,80,174
2026.06.28,17:45,18:00,Erhardt,81,94,175
2026.06.28,18:00,18:15,Erhardt,93,84,177
2026.06.28,18:15,18:30,Erhardt,85,81,166
2026.06.28,18:30,18:45,Erhardt,58,83,141
2026.06.28,18:45,19:00,Erhardt,81,97,178
2026.06.28,19:00,19:15,Erhardt,74,76,150
2026.06.28,19:15,19:30,Erhardt,56,73,129
2026.06.28,19:30,19:45,Erhardt,65,69,134
2026.06.28,19:45,20:00,Erhardt,64,55,119
2026.06.28,20:00,20:15,Erhardt,58,52,110
2026.06.28,20:15,20:30,Erhardt,58,47,105
2026.06.28,20:30,20:45,Erhardt,29,50,79
2026.06.28,20:45,21:00,Erhardt,38,24,62
2026.06.28,21:00,21:15,Erhardt,38,37,75
2026.06.28,21:15,21:30,Erhardt,41,22,63
2026.06.28,21:30,21:45,Erhardt,20,26,46
2026.06.28,21:45,22:00,Erhardt,33,30,63
2026.06.28,22:00,22:15,Erhardt,29,37,66
2026.06.28,22:15,22:30,Erhardt,41,18,59
2026.06.28,22:30,22:45,Erhardt,29,20,49
2026.06.28,22:45,23:00,Erhardt,14,17,31
2026.06.28,23:00,23:15,Erhardt,10,9,19
2026.06.28,23:15,23:30,Erhardt,12,7,19
2026.06.28,23:30,23:45,Erhardt,10,10,20
2026.06.28,23:45,00:00,Erhardt,4,6,10
2026.06.29,00:00,00:15,Erhardt,13,4,17
2026.06.29,00:15,00:30,Erhardt,3,8,11
2026.06.29,00:30,00:45,Erhardt,0,3,3
2026.06.29,00:45,01:00,Erhardt,3,8,11
2026.06.29,01:00,01:15,Erhardt,2,4,6
2026.06.29,01:15,01:30,Erhardt,3,5,8
2026.06.29,01:30,01:45,Erhardt,3,2,5
2026.06.29,01:45,02:00,Erhardt,2,2,4
2026.06.29,02:00,02:15,Erhardt,0,2,2
2026.06.29,02:15,02:30,Erhardt,1,1,2
2026.06.29,02:30,02:45,Erhardt,0,2,2
2026.06.29,02:45,03:00,Erhardt,0,1,1
2026.06.29,03:00,03:15,Erhardt,0,1,1
2026.06.29,03:15,03:30,Erhardt,0,1,1
2026.06.29,03:30,03:45,Erhardt,0,1,1
2026.06.29,03:45,04:00,Erhardt,3,0,3
2026.06.29,04:00,04:15,Erhardt,1,1,2
2026.06.29,04:15,04:30,Erhardt,0,1,1
2026.06.29,04:30,04:45,Erhardt,1,1,2
2026.06.29,04:45,05:00,Erhardt,1,0,1
2026.06.29,05:00,05:15,Erhardt,2,3,5
2026.06.29,05:15,05:30,Erhardt,1,4,5
2026.06.29,05:30,05:45,Erhardt,11,10,21
2026.06.29,05:45,06:00,Erhardt,9,9,18
2026.06.29,06:00,06:15,Erhardt,11,12,23
2026.06.29,06:15,06:30,Erhardt,13,13,26
2026.06.29,06:30,06:45,Erhardt,16,19,35
2026.06.29,06:45,07:00,Erhardt,22,27,49
2026.06.29,07:00,07:15,Erhardt,43,31,74
2026.06.29,07:15,07:30,Erhardt,47,70,117
2026.06.29,07:30,07:45,Erhardt,75,40,115
2026.06.29,07:45,08:00,Erhardt,85,66,151
2026.06.29,08:00,08:15,Erhardt,88,53,141
2026.06.29,08:15,08:30,Erhardt,101,79,180
2026.06.29,08:30,08:45,Erhardt,89,77,166
2026.06.29,08:45,09:00,Erhardt,73,89,162
2026.06.29,09:00,09:15,Erhardt,78,26,104
2026.06.29,09:15,09:30,Erhardt,50,41,91
2026.06.29,09:30,09:45,Erhardt,32,29,61
2026.06.29,09:45,10:00,Erhardt,42,37,79
2026.06.29,10:00,10:15,Erhardt,30,25,55
2026.06.29,10:15,10:30,Erhardt,28,37,65
2026.06.29,10:30,10:45,Erhardt,35,29,64
2026.06.29,10:45,11:00,Erhardt,34,27,61
2026.06.29,11:00,11:15,Erhardt,26,27,53
2026.06.29,11:15,11:30,Erhardt,31,34,65
2026.06.29,11:30,11:45,Erhardt,39,29,68
2026.06.29,11:45,12:00,Erhardt,29,34,63
2026.06.29,12:00,12:15,Erhardt,40,33,73
2026.06.29,12:15,12:30,Erhardt,40,27,67
2026.06.29,12:30,12:45,Erhardt,35,35,70
2026.06.29,12:45,13:00,Erhardt,46,42,88
2026.06.29,13:00,13:15,Erhardt,44,32,76
2026.06.29,13:15,13:30,Erhardt,48,37,85
2026.06.29,13:30,13:45,Erhardt,55,31,86
2026.06.29,13:45,14:00,Erhardt,34,32,66
2026.06.29,14:00,14:15,Erhardt,33,29,62
2026.06.29,14:15,14:30,Erhardt,53,36,89
2026.06.29,14:30,14:45,Erhardt,46,43,89
2026.06.29,14:45,15:00,Erhardt,43,42,85
2026.06.29,15:00,15:15,Erhardt,32,33,65
2026.06.29,15:15,15:30,Erhardt,42,41,83
2026.06.29,15:30,15:45,Erhardt,57,47,104
2026.06.29,15:45,16:00,Erhardt,61,49,110
2026.06.29,16:00,16:15,Erhardt,84,37,121
2026.06.29,16:15,16:30,Erhardt,83,50,133
2026.06.29,16:30,16:45,Erhardt,77,52,129
2026.06.29,16:45,17:00,Erhardt,73,48,121
2026.06.29,17:00,17:15,Erhardt,113,39,152
2026.06.29,17:15,17:30,Erhardt,103,63,166
2026.06.29,17:30,17:45,Erhardt,89,73,162
2026.06.29,17:45,18:00,Erhardt,104,59,163
2026.06.29,18:00,18:15,Erhardt,113,52,165
2026.06.29,18:15,18:30,Erhardt,116,58,174
2026.06.29,18:30,18:45,Erhardt,62,70,132
2026.06.29,18:45,19:00,Erhardt,84,75,159
2026.06.29,19:00,19:15,Erhardt,74,47,121
2026.06.29,19:15,19:30,Erhardt,55,44,99
2026.06.29,19:30,19:45,Erhardt,44,55,99
2026.06.29,19:45,20:00,Erhardt,25,35,60
2026.06.29,20:00,20:15,Erhardt,36,44,80
2026.06.29,20:15,20:30,Erhardt,15,9,24
2026.06.29,20:30,20:45,Erhardt,5,10,15
2026.06.29,20:45,21:00,Erhardt,11,11,22
2026.06.29,21:00,21:15,Erhardt,15,7,22
2026.06.29,21:15,21:30,Erhardt,14,10,24
2026.06.29,21:30,21:45,Erhardt,10,16,26
2026.06.29,21:45,22:00,Erhardt,15,7,22
2026.06.29,22:00,22:15,Erhardt,14,14,28
2026.06.29,22:15,22:30,Erhardt,7,16,23
2026.06.29,22:30,22:45,Erhardt,3,4,7
2026.06.29,22:45,23:00,Erhardt,5,7,12
2026.06.29,23:00,23:15,Erhardt,6,3,9
2026.06.29,23:15,23:30,Erhardt,4,3,7
2026.06.29,23:30,23:45,Erhardt,9,1,10
2026.06.29,23:45,00:00,Erhardt,3,3,6
2026.06.30,00:00,00:15,Erhardt,3,0,3
2026.06.30,00:15,00:30,Erhardt,1,1,2
2026.06.30,00:30,00:45,Erhardt,3,2,5
2026.06.30,00:45,01:00,Erhardt,0,2,2
2026.06.30,01:00,01:15,Erhardt,4,1,5
2026.06.30,01:15,01:30,Erhardt,0,1,1
2026.06.30,01:30,01:45,Erhardt,9,8,17
2026.06.30,01:45,02:00,Erhardt,14,25,39
2026.06.30,02:00,02:15,Erhardt,8,15,23
2026.06.30,02:15,02:30,Erhardt,5,5,10
2026.06.30,02:30,02:45,Erhardt,0,0,0
2026.06.30,02:45,03:00,Erhardt,1,3,4
2026.06.30,03:00,03:15,Erhardt,2,3,5
2026.06.30,03:15,03:30,Erhardt,0,0,0
2026.06.30,03:30,03:45,Erhardt,0,0,0
2026.06.30,03:45,04:00,Erhardt,0,1,1
2026.06.30,04:00,04:15,Erhardt,0,0,0
2026.06.30,04:15,04:30,Erhardt,0,0,0
2026.06.30,04:30,04:45,Erhardt,3,0,3
2026.06.30,04:45,05:00,Erhardt,1,3,4
2026.06.30,05:00,05:15,Erhardt,1,1,2
2026.06.30,05:15,05:30,Erhardt,2,5,7
2026.06.30,05:30,05:45,Erhardt,5,14,19
2026.06.30,05:45,06:00,Erhardt,8,14,22
2026.06.30,06:00,06:15,Erhardt,10,8,18
2026.06.30,06:15,06:30,Erhardt,15,8,23
2026.06.30,06:30,06:45,Erhardt,21,15,36
2026.06.30,06:45,07:00,Erhardt,16,34,50
2026.06.30,07:00,07:15,Erhardt,41,35,76
2026.06.30,07:15,07:30,Erhardt,64,33,97
2026.06.30,07:30,07:45,Erhardt,82,53,135
2026.06.30,07:45,08:00,Erhardt,87,75,162
2026.06.30,08:00,08:15,Erhardt,102,56,158
2026.06.30,08:15,08:30,Erhardt,120,65,185
2026.06.30,08:30,08:45,Erhardt,114,87,201
2026.06.30,08:45,09:00,Erhardt,95,86,181
2026.06.30,09:00,09:15,Erhardt,76,58,134
2026.06.30,09:15,09:30,Erhardt,44,53,97
2026.06.30,09:30,09:45,Erhardt,59,54,113
2026.06.30,09:45,10:00,Erhardt,39,31,70
2026.06.30,10:00,10:15,Erhardt,25,43,68
2026.06.30,10:15,10:30,Erhardt,34,21,55
2026.06.30,10:30,10:45,Erhardt,48,27,75
2026.06.30,10:45,11:00,Erhardt,31,21,52
2026.06.30,11:00,11:15,Erhardt,30,30,60
2026.06.30,11:15,11:30,Erhardt,31,49,80
2026.06.30,11:30,11:45,Erhardt,29,25,54
2026.06.30,11:45,12:00,Erhardt,31,33,64
2026.06.30,12:00,12:15,Erhardt,39,33,72
2026.06.30,12:15,12:30,Erhardt,57,57,114
2026.06.30,12:30,12:45,Erhardt,37,44,81
2026.06.30,12:45,13:00,Erhardt,42,38,80
2026.06.30,13:00,13:15,Erhardt,41,44,85
2026.06.30,13:15,13:30,Erhardt,48,38,86
2026.06.30,13:30,13:45,Erhardt,61,43,104
2026.06.30,13:45,14:00,Erhardt,47,52,99
2026.06.30,14:00,14:15,Erhardt,50,23,73
2026.06.30,14:15,14:30,Erhardt,56,42,98
2026.06.30,14:30,14:45,Erhardt,48,47,95
2026.06.30,14:45,15:00,Erhardt,49,50,99
2026.06.30,15:00,15:15,Erhardt,73,35,108
2026.06.30,15:15,15:30,Erhardt,75,39,114
2026.06.30,15:30,15:45,Erhardt,90,33,123
2026.06.30,15:45,16:00,Erhardt,70,39,109
2026.06.30,16:00,16:15,Erhardt,90,50,140
2026.06.30,16:15,16:30,Erhardt,79,51,130
2026.06.30,16:30,16:45,Erhardt,91,68,159
2026.06.30,16:45,17:00,Erhardt,82,61,143
2026.06.30,17:00,17:15,Erhardt,96,79,175
2026.06.30,17:15,17:30,Erhardt,108,47,155
2026.06.30,17:30,17:45,Erhardt,106,87,193
2026.06.30,17:45,18:00,Erhardt,135,92,227
2026.06.30,18:00,18:15,Erhardt,105,90,195
2026.06.30,18:15,18:30,Erhardt,126,79,205
2026.06.30,18:30,18:45,Erhardt,118,88,206
2026.06.30,18:45,19:00,Erhardt,87,74,161
2026.06.30,19:00,19:15,Erhardt,111,53,164
2026.06.30,19:15,19:30,Erhardt,93,68,161
2026.06.30,19:30,19:45,Erhardt,68,53,121
2026.06.30,19:45,20:00,Erhardt,57,42,99
2026.06.30,20:00,20:15,Erhardt,56,48,104
2026.06.30,20:15,20:30,Erhardt,56,52,108
2026.06.30,20:30,20:45,Erhardt,44,45,89
2026.06.30,20:45,21:00,Erhardt,48,41,89
2026.06.30,21:00,21:15,Erhardt,38,47,85
2026.06.30,21:15,21:30,Erhardt,44,23,67
2026.06.30,21:30,21:45,Erhardt,33,34,67
2026.06.30,21:45,22:00,Erhardt,36,27,63
2026.06.30,22:00,22:15,Erhardt,38,32,70
2026.06.30,22:15,22:30,Erhardt,39,46,85
2026.06.30,22:30,22:45,Erhardt,23,26,49
2026.06.30,22:45,23:00,Erhardt,27,13,40
2026.06.30,23:00,23:15,Erhardt,23,21,44
2026.06.30,23:15,23:30,Erhardt,18,13,31
2026.06.30,23:30,23:45,Erhardt,7,26,33
2026.06.30,23:45,00:00,Erhardt,8,8,16
