datum     ,uhrzeit_start,uhrzeit_ende,zaehlstelle,richtung_1,richtung_2,gesamt
2026.07.01,00:00        ,00:15       ,Kreuther   ,         0,         2,     2
2026.07.01,00:15        ,00:30       ,Kreuther   ,         0,         6,     6
2026.07.01,00:30        ,00:45       ,Kreuther   ,         0,         0,     0
2026.07.01,00:45        ,01:00       ,Kreuther   ,         0,         1,     1
2026.07.01,01:00        ,01:15       ,Kreuther   ,         0,         1,     1
2026.07.01,01:15        ,01:30       ,Kreuther   ,         1,         0,     1
2026.07.01,01:30        ,01:45       ,Kreuther   ,         3,         0,     3
2026.07.01,01:45        ,02:00       ,Kreuther   ,         0,         0,     0
2026.07.01,02:00        ,02:15       ,Kreuther   ,         1,         0,     1
2026.07.01,02:15        ,02:30       ,Kreuther   ,         2,         0,     2
2026.07.01,02:30        ,02:45       ,Kreuther   ,         0,         0,     0
2026.07.01,02:45        ,03:00       ,Kreuther   ,         1,         0,     1
2026.07.01,03:00        ,03:15       ,Kreuther   ,         0,         0,     0
2026.07.01,03:15        ,03:30       ,Kreuther   ,         0,         0,     0
2026.07.01,03:30        ,03:45       ,Kreuther   ,         0,         0,     0
2026.07.01,03:45        ,04:00       ,Kreuther   ,         0,         0,     0
2026.07.01,04:00        ,04:15       ,Kreuther   ,         0,         0,     0
2026.07.01,04:15        ,04:30       ,Kreuther   ,         0,         0,     0
2026.07.01,04:30        ,04:45       ,Kreuther   ,         0,         0,     0
2026.07.01,04:45        ,05:00       ,Kreuther   ,         0,         0,     0
2026.07.01,05:00        ,05:15       ,Kreuther   ,         3,         0,     3
2026.07.01,05:15        ,05:30       ,Kreuther   ,         2,         1,     3
2026.07.01,05:30        ,05:45       ,Kreuther   ,         0,         2,     2
2026.07.01,05:45        ,06:00       ,Kreuther   ,         3,         3,     6
2026.07.01,06:00        ,06:15       ,Kreuther   ,         1,         3,     4
2026.07.01,06:15        ,06:30       ,Kreuther   ,         3,         2,     5
2026.07.01,06:30        ,06:45       ,Kreuther   ,         2,         0,     2
2026.07.01,06:45        ,07:00       ,Kreuther   ,         6,         1,     7
2026.07.01,07:00        ,07:15       ,Kreuther   ,         9,         3,    12
2026.07.01,07:15        ,07:30       ,Kreuther   ,        13,         2,    15
2026.07.01,07:30        ,07:45       ,Kreuther   ,        34,         8,    42
2026.07.01,07:45        ,08:00       ,Kreuther   ,        28,        12,    40
2026.07.01,08:00        ,08:15       ,Kreuther   ,        26,        10,    36
2026.07.01,08:15        ,08:30       ,Kreuther   ,        17,         5,    22
2026.07.01,08:30        ,08:45       ,Kreuther   ,        13,         1,    14
2026.07.01,08:45        ,09:00       ,Kreuther   ,        15,         3,    18
2026.07.01,09:00        ,09:15       ,Kreuther   ,         6,         2,     8
2026.07.01,09:15        ,09:30       ,Kreuther   ,        10,         5,    15
2026.07.01,09:30        ,09:45       ,Kreuther   ,         6,         3,     9
2026.07.01,09:45        ,10:00       ,Kreuther   ,         3,         2,     5
2026.07.01,10:00        ,10:15       ,Kreuther   ,         1,         1,     2
2026.07.01,10:15        ,10:30       ,Kreuther   ,         0,         4,     4
2026.07.01,10:30        ,10:45       ,Kreuther   ,         1,         4,     5
2026.07.01,10:45        ,11:00       ,Kreuther   ,         0,         0,     0
2026.07.01,11:00        ,11:15       ,Kreuther   ,         1,         0,     1
2026.07.01,11:15        ,11:30       ,Kreuther   ,         1,         2,     3
2026.07.01,11:30        ,11:45       ,Kreuther   ,         2,         0,     2
2026.07.01,11:45        ,12:00       ,Kreuther   ,         1,         0,     1
2026.07.01,12:00        ,12:15       ,Kreuther   ,         2,         0,     2
2026.07.01,12:15        ,12:30       ,Kreuther   ,         1,         3,     4
2026.07.01,12:30        ,12:45       ,Kreuther   ,         4,         3,     7
2026.07.01,12:45        ,13:00       ,Kreuther   ,         2,         3,     5
2026.07.01,13:00        ,13:15       ,Kreuther   ,         2,         8,    10
2026.07.01,13:15        ,13:30       ,Kreuther   ,         3,         3,     6
2026.07.01,13:30        ,13:45       ,Kreuther   ,         5,         3,     8
2026.07.01,13:45        ,14:00       ,Kreuther   ,         3,         2,     5
2026.07.01,14:00        ,14:15       ,Kreuther   ,         0,         2,     2
2026.07.01,14:15        ,14:30       ,Kreuther   ,         4,         7,    11
2026.07.01,14:30        ,14:45       ,Kreuther   ,         1,         1,     2
2026.07.01,14:45        ,15:00       ,Kreuther   ,         3,         2,     5
2026.07.01,15:00        ,15:15       ,Kreuther   ,         9,         5,    14
2026.07.01,15:15        ,15:30       ,Kreuther   ,         2,         6,     8
2026.07.01,15:30        ,15:45       ,Kreuther   ,         4,         5,     9
2026.07.01,15:45        ,16:00       ,Kreuther   ,         3,         3,     6
2026.07.01,16:00        ,16:15       ,Kreuther   ,         1,         6,     7
2026.07.01,16:15        ,16:30       ,Kreuther   ,         1,         7,     8
2026.07.01,16:30        ,16:45       ,Kreuther   ,         7,         7,    14
2026.07.01,16:45        ,17:00       ,Kreuther   ,         6,         4,    10
2026.07.01,17:00        ,17:15       ,Kreuther   ,         1,         9,    10
2026.07.01,17:15        ,17:30       ,Kreuther   ,         4,        11,    15
2026.07.01,17:30        ,17:45       ,Kreuther   ,        10,         6,    16
2026.07.01,17:45        ,18:00       ,Kreuther   ,         5,        14,    19
2026.07.01,18:00        ,18:15       ,Kreuther   ,         4,         5,     9
2026.07.01,18:15        ,18:30       ,Kreuther   ,         9,         5,    14
2026.07.01,18:30        ,18:45       ,Kreuther   ,         5,         4,     9
2026.07.01,18:45        ,19:00       ,Kreuther   ,         3,         9,    12
2026.07.01,19:00        ,19:15       ,Kreuther   ,         2,         9,    11
2026.07.01,19:15        ,19:30       ,Kreuther   ,         3,         5,     8
2026.07.01,19:30        ,19:45       ,Kreuther   ,         4,         3,     7
2026.07.01,19:45        ,20:00       ,Kreuther   ,         3,         4,     7
2026.07.01,20:00        ,20:15       ,Kreuther   ,         1,         5,     6
2026.07.01,20:15        ,20:30       ,Kreuther   ,         4,         5,     9
2026.07.01,20:30        ,20:45       ,Kreuther   ,         5,         9,    14
2026.07.01,20:45        ,21:00       ,Kreuther   ,         2,         2,     4
2026.07.01,21:00        ,21:15       ,Kreuther   ,         2,         3,     5
2026.07.01,21:15        ,21:30       ,Kreuther   ,         2,         0,     2
2026.07.01,21:30        ,21:45       ,Kreuther   ,         1,         4,     5
2026.07.01,21:45        ,22:00       ,Kreuther   ,         0,         3,     3
2026.07.01,22:00        ,22:15       ,Kreuther   ,         0,         3,     3
2026.07.01,22:15        ,22:30       ,Kreuther   ,         1,         2,     3
2026.07.01,22:30        ,22:45       ,Kreuther   ,         0,         5,     5
2026.07.01,22:45        ,23:00       ,Kreuther   ,         0,         1,     1
2026.07.01,23:00        ,23:15       ,Kreuther   ,         1,         1,     2
2026.07.01,23:15        ,23:30       ,Kreuther   ,         0,         0,     0
2026.07.01,23:30        ,23:45       ,Kreuther   ,         0,         1,     1
2026.07.01,23:45        ,00:00       ,Kreuther   ,         0,         0,     0
2026.07.02,00:00        ,00:15       ,Kreuther   ,         0,         0,     0
2026.07.02,00:15        ,00:30       ,Kreuther   ,         0,         1,     1
2026.07.02,00:30        ,00:45       ,Kreuther   ,         0,         1,     1
2026.07.02,00:45        ,01:00       ,Kreuther   ,         0,         0,     0
2026.07.02,01:00        ,01:15       ,Kreuther   ,         0,         0,     0
2026.07.02,01:15        ,01:30       ,Kreuther   ,         0,         0,     0
2026.07.02,01:30        ,01:45       ,Kreuther   ,         0,         0,     0
2026.07.02,01:45        ,02:00       ,Kreuther   ,         0,         1,     1
2026.07.02,02:00        ,02:15       ,Kreuther   ,         1,         0,     1
2026.07.02,02:15        ,02:30       ,Kreuther   ,         1,         0,     1
2026.07.02,02:30        ,02:45       ,Kreuther   ,         0,         0,     0
2026.07.02,02:45        ,03:00       ,Kreuther   ,         0,         0,     0
2026.07.02,03:00        ,03:15       ,Kreuther   ,         0,         0,     0
2026.07.02,03:15        ,03:30       ,Kreuther   ,         0,         0,     0
2026.07.02,03:30        ,03:45       ,Kreuther   ,         0,         0,     0
2026.07.02,03:45        ,04:00       ,Kreuther   ,         0,         0,     0
2026.07.02,04:00        ,04:15       ,Kreuther   ,         0,         1,     1
2026.07.02,04:15        ,04:30       ,Kreuther   ,         1,         0,     1
2026.07.02,04:30        ,04:45       ,Kreuther   ,         0,         0,     0
2026.07.02,04:45        ,05:00       ,Kreuther   ,         0,         0,     0
2026.07.02,05:00        ,05:15       ,Kreuther   ,         3,         0,     3
2026.07.02,05:15        ,05:30       ,Kreuther   ,         2,         1,     3
2026.07.02,05:30        ,05:45       ,Kreuther   ,         1,         1,     2
2026.07.02,05:45        ,06:00       ,Kreuther   ,         5,         1,     6
2026.07.02,06:00        ,06:15       ,Kreuther   ,         3,         1,     4
2026.07.02,06:15        ,06:30       ,Kreuther   ,         9,         2,    11
2026.07.02,06:30        ,06:45       ,Kreuther   ,         9,         3,    12
2026.07.02,06:45        ,07:00       ,Kreuther   ,        10,         6,    16
2026.07.02,07:00        ,07:15       ,Kreuther   ,        12,         7,    19
2026.07.02,07:15        ,07:30       ,Kreuther   ,        15,         6,    21
2026.07.02,07:30        ,07:45       ,Kreuther   ,        49,        11,    60
2026.07.02,07:45        ,08:00       ,Kreuther   ,        32,         9,    41
2026.07.02,08:00        ,08:15       ,Kreuther   ,        33,        11,    44
2026.07.02,08:15        ,08:30       ,Kreuther   ,        26,         7,    33
2026.07.02,08:30        ,08:45       ,Kreuther   ,        27,         6,    33
2026.07.02,08:45        ,09:00       ,Kreuther   ,        17,         4,    21
2026.07.02,09:00        ,09:15       ,Kreuther   ,        13,         2,    15
2026.07.02,09:15        ,09:30       ,Kreuther   ,        18,         1,    19
2026.07.02,09:30        ,09:45       ,Kreuther   ,         5,         5,    10
2026.07.02,09:45        ,10:00       ,Kreuther   ,         9,         3,    12
2026.07.02,10:00        ,10:15       ,Kreuther   ,         5,         2,     7
2026.07.02,10:15        ,10:30       ,Kreuther   ,         5,         8,    13
2026.07.02,10:30        ,10:45       ,Kreuther   ,        10,         0,    10
2026.07.02,10:45        ,11:00       ,Kreuther   ,         8,         2,    10
2026.07.02,11:00        ,11:15       ,Kreuther   ,         3,         1,     4
2026.07.02,11:15        ,11:30       ,Kreuther   ,        11,         5,    16
2026.07.02,11:30        ,11:45       ,Kreuther   ,         8,        10,    18
2026.07.02,11:45        ,12:00       ,Kreuther   ,         8,         4,    12
2026.07.02,12:00        ,12:15       ,Kreuther   ,         8,         3,    11
2026.07.02,12:15        ,12:30       ,Kreuther   ,         5,        10,    15
2026.07.02,12:30        ,12:45       ,Kreuther   ,         5,         6,    11
2026.07.02,12:45        ,13:00       ,Kreuther   ,         5,         9,    14
2026.07.02,13:00        ,13:15       ,Kreuther   ,         8,        10,    18
2026.07.02,13:15        ,13:30       ,Kreuther   ,         5,         9,    14
2026.07.02,13:30        ,13:45       ,Kreuther   ,        12,        14,    26
2026.07.02,13:45        ,14:00       ,Kreuther   ,        12,         4,    16
2026.07.02,14:00        ,14:15       ,Kreuther   ,        10,         6,    16
2026.07.02,14:15        ,14:30       ,Kreuther   ,        11,        11,    22
2026.07.02,14:30        ,14:45       ,Kreuther   ,        10,         3,    13
2026.07.02,14:45        ,15:00       ,Kreuther   ,        11,        11,    22
2026.07.02,15:00        ,15:15       ,Kreuther   ,        15,        10,    25
2026.07.02,15:15        ,15:30       ,Kreuther   ,        10,         7,    17
2026.07.02,15:30        ,15:45       ,Kreuther   ,        25,        25,    50
2026.07.02,15:45        ,16:00       ,Kreuther   ,        14,         8,    22
2026.07.02,16:00        ,16:15       ,Kreuther   ,         9,        15,    24
2026.07.02,16:15        ,16:30       ,Kreuther   ,         6,        22,    28
2026.07.02,16:30        ,16:45       ,Kreuther   ,        15,        14,    29
2026.07.02,16:45        ,17:00       ,Kreuther   ,         9,        11,    20
2026.07.02,17:00        ,17:15       ,Kreuther   ,         8,        17,    25
2026.07.02,17:15        ,17:30       ,Kreuther   ,        12,        23,    35
2026.07.02,17:30        ,17:45       ,Kreuther   ,        16,        13,    29
2026.07.02,17:45        ,18:00       ,Kreuther   ,         5,        23,    28
2026.07.02,18:00        ,18:15       ,Kreuther   ,        17,        15,    32
2026.07.02,18:15        ,18:30       ,Kreuther   ,        12,        10,    22
2026.07.02,18:30        ,18:45       ,Kreuther   ,        11,        12,    23
2026.07.02,18:45        ,19:00       ,Kreuther   ,        14,        13,    27
2026.07.02,19:00        ,19:15       ,Kreuther   ,        11,        18,    29
2026.07.02,19:15        ,19:30       ,Kreuther   ,         9,         8,    17
2026.07.02,19:30        ,19:45       ,Kreuther   ,         9,         8,    17
2026.07.02,19:45        ,20:00       ,Kreuther   ,         7,        11,    18
2026.07.02,20:00        ,20:15       ,Kreuther   ,         8,        16,    24
2026.07.02,20:15        ,20:30       ,Kreuther   ,         8,         8,    16
2026.07.02,20:30        ,20:45       ,Kreuther   ,         8,        11,    19
2026.07.02,20:45        ,21:00       ,Kreuther   ,         3,         9,    12
2026.07.02,21:00        ,21:15       ,Kreuther   ,         5,         6,    11
2026.07.02,21:15        ,21:30       ,Kreuther   ,         5,         9,    14
2026.07.02,21:30        ,21:45       ,Kreuther   ,         2,         9,    11
2026.07.02,21:45        ,22:00       ,Kreuther   ,         3,         4,     7
2026.07.02,22:00        ,22:15       ,Kreuther   ,         2,         3,     5
2026.07.02,22:15        ,22:30       ,Kreuther   ,         0,         4,     4
2026.07.02,22:30        ,22:45       ,Kreuther   ,         0,         2,     2
2026.07.02,22:45        ,23:00       ,Kreuther   ,         1,         4,     5
2026.07.02,23:00        ,23:15       ,Kreuther   ,         2,         1,     3
2026.07.02,23:15        ,23:30       ,Kreuther   ,         0,         4,     4
2026.07.02,23:30        ,23:45       ,Kreuther   ,         1,         1,     2
2026.07.02,23:45        ,00:00       ,Kreuther   ,         1,         1,     2
2026.07.03,00:00        ,00:15       ,Kreuther   ,         0,         1,     1
2026.07.03,00:15        ,00:30       ,Kreuther   ,         0,         0,     0
2026.07.03,00:30        ,00:45       ,Kreuther   ,         0,         0,     0
2026.07.03,00:45        ,01:00       ,Kreuther   ,         0,         1,     1
2026.07.03,01:00        ,01:15       ,Kreuther   ,         0,         0,     0
2026.07.03,01:15        ,01:30       ,Kreuther   ,         0,         0,     0
2026.07.03,01:30        ,01:45       ,Kreuther   ,         0,         0,     0
2026.07.03,01:45        ,02:00       ,Kreuther   ,         0,         0,     0
2026.07.03,02:00        ,02:15       ,Kreuther   ,         1,         0,     1
2026.07.03,02:15        ,02:30       ,Kreuther   ,         1,         0,     1
2026.07.03,02:30        ,02:45       ,Kreuther   ,         0,         0,     0
2026.07.03,02:45        ,03:00       ,Kreuther   ,         0,         0,     0
2026.07.03,03:00        ,03:15       ,Kreuther   ,         1,         0,     1
2026.07.03,03:15        ,03:30       ,Kreuther   ,         1,         1,     2
2026.07.03,03:30        ,03:45       ,Kreuther   ,         0,         0,     0
2026.07.03,03:45        ,04:00       ,Kreuther   ,         0,         0,     0
2026.07.03,04:00        ,04:15       ,Kreuther   ,         0,         0,     0
2026.07.03,04:15        ,04:30       ,Kreuther   ,         0,         0,     0
2026.07.03,04:30        ,04:45       ,Kreuther   ,         0,         0,     0
2026.07.03,04:45        ,05:00       ,Kreuther   ,         1,         1,     2
2026.07.03,05:00        ,05:15       ,Kreuther   ,         1,         0,     1
2026.07.03,05:15        ,05:30       ,Kreuther   ,         3,         2,     5
2026.07.03,05:30        ,05:45       ,Kreuther   ,         5,         1,     6
2026.07.03,05:45        ,06:00       ,Kreuther   ,         1,         1,     2
2026.07.03,06:00        ,06:15       ,Kreuther   ,         2,         2,     4
2026.07.03,06:15        ,06:30       ,Kreuther   ,         2,         1,     3
2026.07.03,06:30        ,06:45       ,Kreuther   ,         4,         2,     6
2026.07.03,06:45        ,07:00       ,Kreuther   ,        12,         1,    13
2026.07.03,07:00        ,07:15       ,Kreuther   ,        12,         3,    15
2026.07.03,07:15        ,07:30       ,Kreuther   ,        13,         7,    20
2026.07.03,07:30        ,07:45       ,Kreuther   ,        34,        10,    44
2026.07.03,07:45        ,08:00       ,Kreuther   ,        30,        10,    40
2026.07.03,08:00        ,08:15       ,Kreuther   ,        20,         5,    25
2026.07.03,08:15        ,08:30       ,Kreuther   ,        23,         2,    25
2026.07.03,08:30        ,08:45       ,Kreuther   ,        15,         5,    20
2026.07.03,08:45        ,09:00       ,Kreuther   ,        13,         3,    16
2026.07.03,09:00        ,09:15       ,Kreuther   ,        12,         6,    18
2026.07.03,09:15        ,09:30       ,Kreuther   ,         4,         3,     7
2026.07.03,09:30        ,09:45       ,Kreuther   ,        10,         2,    12
2026.07.03,09:45        ,10:00       ,Kreuther   ,         5,         2,     7
2026.07.03,10:00        ,10:15       ,Kreuther   ,        10,         2,    12
2026.07.03,10:15        ,10:30       ,Kreuther   ,         3,         6,     9
2026.07.03,10:30        ,10:45       ,Kreuther   ,         5,         1,     6
2026.07.03,10:45        ,11:00       ,Kreuther   ,         2,         1,     3
2026.07.03,11:00        ,11:15       ,Kreuther   ,         5,         3,     8
2026.07.03,11:15        ,11:30       ,Kreuther   ,         3,         1,     4
2026.07.03,11:30        ,11:45       ,Kreuther   ,         5,         2,     7
2026.07.03,11:45        ,12:00       ,Kreuther   ,         9,         7,    16
2026.07.03,12:00        ,12:15       ,Kreuther   ,         8,         6,    14
2026.07.03,12:15        ,12:30       ,Kreuther   ,         8,        13,    21
2026.07.03,12:30        ,12:45       ,Kreuther   ,         4,         9,    13
2026.07.03,12:45        ,13:00       ,Kreuther   ,         9,        10,    19
2026.07.03,13:00        ,13:15       ,Kreuther   ,         9,         7,    16
2026.07.03,13:15        ,13:30       ,Kreuther   ,         6,        10,    16
2026.07.03,13:30        ,13:45       ,Kreuther   ,         6,         8,    14
2026.07.03,13:45        ,14:00       ,Kreuther   ,         8,         7,    15
2026.07.03,14:00        ,14:15       ,Kreuther   ,        10,         4,    14
2026.07.03,14:15        ,14:30       ,Kreuther   ,        11,         5,    16
2026.07.03,14:30        ,14:45       ,Kreuther   ,        13,         7,    20
2026.07.03,14:45        ,15:00       ,Kreuther   ,         5,        12,    17
2026.07.03,15:00        ,15:15       ,Kreuther   ,         6,        12,    18
2026.07.03,15:15        ,15:30       ,Kreuther   ,         8,         7,    15
2026.07.03,15:30        ,15:45       ,Kreuther   ,         9,        14,    23
2026.07.03,15:45        ,16:00       ,Kreuther   ,         9,         4,    13
2026.07.03,16:00        ,16:15       ,Kreuther   ,        11,        11,    22
2026.07.03,16:15        ,16:30       ,Kreuther   ,        11,        15,    26
2026.07.03,16:30        ,16:45       ,Kreuther   ,        23,        13,    36
2026.07.03,16:45        ,17:00       ,Kreuther   ,         7,         5,    12
2026.07.03,17:00        ,17:15       ,Kreuther   ,         3,        11,    14
2026.07.03,17:15        ,17:30       ,Kreuther   ,         9,        16,    25
2026.07.03,17:30        ,17:45       ,Kreuther   ,         9,        13,    22
2026.07.03,17:45        ,18:00       ,Kreuther   ,         8,        13,    21
2026.07.03,18:00        ,18:15       ,Kreuther   ,         9,        19,    28
2026.07.03,18:15        ,18:30       ,Kreuther   ,        18,        17,    35
2026.07.03,18:30        ,18:45       ,Kreuther   ,        16,         8,    24
2026.07.03,18:45        ,19:00       ,Kreuther   ,        14,        12,    26
2026.07.03,19:00        ,19:15       ,Kreuther   ,        10,        12,    22
2026.07.03,19:15        ,19:30       ,Kreuther   ,         6,         8,    14
2026.07.03,19:30        ,19:45       ,Kreuther   ,        10,         9,    19
2026.07.03,19:45        ,20:00       ,Kreuther   ,         3,         5,     8
2026.07.03,20:00        ,20:15       ,Kreuther   ,         0,        10,    10
2026.07.03,20:15        ,20:30       ,Kreuther   ,         9,         4,    13
2026.07.03,20:30        ,20:45       ,Kreuther   ,         5,        10,    15
2026.07.03,20:45        ,21:00       ,Kreuther   ,         7,         4,    11
2026.07.03,21:00        ,21:15       ,Kreuther   ,        15,        14,    29
2026.07.03,21:15        ,21:30       ,Kreuther   ,         6,         1,     7
2026.07.03,21:30        ,21:45       ,Kreuther   ,         1,        11,    12
2026.07.03,21:45        ,22:00       ,Kreuther   ,         2,         4,     6
2026.07.03,22:00        ,22:15       ,Kreuther   ,         1,         8,     9
2026.07.03,22:15        ,22:30       ,Kreuther   ,         2,         4,     6
2026.07.03,22:30        ,22:45       ,Kreuther   ,         2,         2,     4
2026.07.03,22:45        ,23:00       ,Kreuther   ,         0,         2,     2
2026.07.03,23:00        ,23:15       ,Kreuther   ,         3,         5,     8
2026.07.03,23:15        ,23:30       ,Kreuther   ,         1,         4,     5
2026.07.03,23:30        ,23:45       ,Kreuther   ,         1,         3,     4
2026.07.03,23:45        ,00:00       ,Kreuther   ,         0,         6,     6
2026.07.04,00:00        ,00:15       ,Kreuther   ,         1,         1,     2
2026.07.04,00:15        ,00:30       ,Kreuther   ,         1,         1,     2
2026.07.04,00:30        ,00:45       ,Kreuther   ,         2,         0,     2
2026.07.04,00:45        ,01:00       ,Kreuther   ,         0,         1,     1
2026.07.04,01:00        ,01:15       ,Kreuther   ,         0,         0,     0
2026.07.04,01:15        ,01:30       ,Kreuther   ,         0,         1,     1
2026.07.04,01:30        ,01:45       ,Kreuther   ,         0,         0,     0
2026.07.04,01:45        ,02:00       ,Kreuther   ,         0,         0,     0
2026.07.04,02:00        ,02:15       ,Kreuther   ,         0,         0,     0
2026.07.04,02:15        ,02:30       ,Kreuther   ,         1,         0,     1
2026.07.04,02:30        ,02:45       ,Kreuther   ,         0,         1,     1
2026.07.04,02:45        ,03:00       ,Kreuther   ,         0,         0,     0
2026.07.04,03:00        ,03:15       ,Kreuther   ,         0,         0,     0
2026.07.04,03:15        ,03:30       ,Kreuther   ,         1,         0,     1
2026.07.04,03:30        ,03:45       ,Kreuther   ,         0,         1,     1
2026.07.04,03:45        ,04:00       ,Kreuther   ,         0,         0,     0
2026.07.04,04:00        ,04:15       ,Kreuther   ,         0,         0,     0
2026.07.04,04:15        ,04:30       ,Kreuther   ,         0,         0,     0
2026.07.04,04:30        ,04:45       ,Kreuther   ,         0,         0,     0
2026.07.04,04:45        ,05:00       ,Kreuther   ,         0,         0,     0
2026.07.04,05:00        ,05:15       ,Kreuther   ,         1,         0,     1
2026.07.04,05:15        ,05:30       ,Kreuther   ,         0,         1,     1
2026.07.04,05:30        ,05:45       ,Kreuther   ,         1,         0,     1
2026.07.04,05:45        ,06:00       ,Kreuther   ,         0,         0,     0
2026.07.04,06:00        ,06:15       ,Kreuther   ,         0,         0,     0
2026.07.04,06:15        ,06:30       ,Kreuther   ,         1,         0,     1
2026.07.04,06:30        ,06:45       ,Kreuther   ,         1,         0,     1
2026.07.04,06:45        ,07:00       ,Kreuther   ,         0,         0,     0
2026.07.04,07:00        ,07:15       ,Kreuther   ,         4,         0,     4
2026.07.04,07:15        ,07:30       ,Kreuther   ,         5,         1,     6
2026.07.04,07:30        ,07:45       ,Kreuther   ,         4,         4,     8
2026.07.04,07:45        ,08:00       ,Kreuther   ,         1,         3,     4
2026.07.04,08:00        ,08:15       ,Kreuther   ,         8,         1,     9
2026.07.04,08:15        ,08:30       ,Kreuther   ,         4,         4,     8
2026.07.04,08:30        ,08:45       ,Kreuther   ,         6,         3,     9
2026.07.04,08:45        ,09:00       ,Kreuther   ,         5,         3,     8
2026.07.04,09:00        ,09:15       ,Kreuther   ,         4,         5,     9
2026.07.04,09:15        ,09:30       ,Kreuther   ,         4,         0,     4
2026.07.04,09:30        ,09:45       ,Kreuther   ,         3,         4,     7
2026.07.04,09:45        ,10:00       ,Kreuther   ,         3,         4,     7
2026.07.04,10:00        ,10:15       ,Kreuther   ,         4,         4,     8
2026.07.04,10:15        ,10:30       ,Kreuther   ,         8,         8,    16
2026.07.04,10:30        ,10:45       ,Kreuther   ,        13,         4,    17
2026.07.04,10:45        ,11:00       ,Kreuther   ,        14,         7,    21
2026.07.04,11:00        ,11:15       ,Kreuther   ,         8,         5,    13
2026.07.04,11:15        ,11:30       ,Kreuther   ,         6,         1,     7
2026.07.04,11:30        ,11:45       ,Kreuther   ,        13,         4,    17
2026.07.04,11:45        ,12:00       ,Kreuther   ,         5,         5,    10
2026.07.04,12:00        ,12:15       ,Kreuther   ,         9,         7,    16
2026.07.04,12:15        ,12:30       ,Kreuther   ,         6,        10,    16
2026.07.04,12:30        ,12:45       ,Kreuther   ,         8,         9,    17
2026.07.04,12:45        ,13:00       ,Kreuther   ,         6,        10,    16
2026.07.04,13:00        ,13:15       ,Kreuther   ,        13,         7,    20
2026.07.04,13:15        ,13:30       ,Kreuther   ,        11,         6,    17
2026.07.04,13:30        ,13:45       ,Kreuther   ,        13,        14,    27
2026.07.04,13:45        ,14:00       ,Kreuther   ,         2,         7,     9
2026.07.04,14:00        ,14:15       ,Kreuther   ,         5,         5,    10
2026.07.04,14:15        ,14:30       ,Kreuther   ,         8,         7,    15
2026.07.04,14:30        ,14:45       ,Kreuther   ,         2,         2,     4
2026.07.04,14:45        ,15:00       ,Kreuther   ,         8,        14,    22
2026.07.04,15:00        ,15:15       ,Kreuther   ,         6,         3,     9
2026.07.04,15:15        ,15:30       ,Kreuther   ,        14,        12,    26
2026.07.04,15:30        ,15:45       ,Kreuther   ,        10,         2,    12
2026.07.04,15:45        ,16:00       ,Kreuther   ,         5,         8,    13
2026.07.04,16:00        ,16:15       ,Kreuther   ,        16,         9,    25
2026.07.04,16:15        ,16:30       ,Kreuther   ,         8,         8,    16
2026.07.04,16:30        ,16:45       ,Kreuther   ,         5,        28,    33
2026.07.04,16:45        ,17:00       ,Kreuther   ,         5,        15,    20
2026.07.04,17:00        ,17:15       ,Kreuther   ,         9,         4,    13
2026.07.04,17:15        ,17:30       ,Kreuther   ,         7,        20,    27
2026.07.04,17:30        ,17:45       ,Kreuther   ,         9,        13,    22
2026.07.04,17:45        ,18:00       ,Kreuther   ,        11,        14,    25
2026.07.04,18:00        ,18:15       ,Kreuther   ,         7,        11,    18
2026.07.04,18:15        ,18:30       ,Kreuther   ,        12,         7,    19
2026.07.04,18:30        ,18:45       ,Kreuther   ,         8,         7,    15
2026.07.04,18:45        ,19:00       ,Kreuther   ,         6,        10,    16
2026.07.04,19:00        ,19:15       ,Kreuther   ,        13,        20,    33
2026.07.04,19:15        ,19:30       ,Kreuther   ,         7,         7,    14
2026.07.04,19:30        ,19:45       ,Kreuther   ,         8,         3,    11
2026.07.04,19:45        ,20:00       ,Kreuther   ,         3,        14,    17
2026.07.04,20:00        ,20:15       ,Kreuther   ,         4,        11,    15
2026.07.04,20:15        ,20:30       ,Kreuther   ,         2,         6,     8
2026.07.04,20:30        ,20:45       ,Kreuther   ,         3,         4,     7
2026.07.04,20:45        ,21:00       ,Kreuther   ,         8,         6,    14
2026.07.04,21:00        ,21:15       ,Kreuther   ,         7,         1,     8
2026.07.04,21:15        ,21:30       ,Kreuther   ,         1,         7,     8
2026.07.04,21:30        ,21:45       ,Kreuther   ,         3,         7,    10
2026.07.04,21:45        ,22:00       ,Kreuther   ,         7,         2,     9
2026.07.04,22:00        ,22:15       ,Kreuther   ,         4,         5,     9
2026.07.04,22:15        ,22:30       ,Kreuther   ,         1,         5,     6
2026.07.04,22:30        ,22:45       ,Kreuther   ,         5,         3,     8
2026.07.04,22:45        ,23:00       ,Kreuther   ,         0,         3,     3
2026.07.04,23:00        ,23:15       ,Kreuther   ,         5,         3,     8
2026.07.04,23:15        ,23:30       ,Kreuther   ,         0,         2,     2
2026.07.04,23:30        ,23:45       ,Kreuther   ,         1,         5,     6
2026.07.04,23:45        ,00:00       ,Kreuther   ,         1,         2,     3
2026.07.05,00:00        ,00:15       ,Kreuther   ,         2,         1,     3
2026.07.05,00:15        ,00:30       ,Kreuther   ,         2,         0,     2
2026.07.05,00:30        ,00:45       ,Kreuther   ,         0,         1,     1
2026.07.05,00:45        ,01:00       ,Kreuther   ,         0,         3,     3
2026.07.05,01:00        ,01:15       ,Kreuther   ,         0,         0,     0
2026.07.05,01:15        ,01:30       ,Kreuther   ,         2,         0,     2
2026.07.05,01:30        ,01:45       ,Kreuther   ,         0,         1,     1
2026.07.05,01:45        ,02:00       ,Kreuther   ,         0,         0,     0
2026.07.05,02:00        ,02:15       ,Kreuther   ,         0,         0,     0
2026.07.05,02:15        ,02:30       ,Kreuther   ,         0,         1,     1
2026.07.05,02:30        ,02:45       ,Kreuther   ,         0,         2,     2
2026.07.05,02:45        ,03:00       ,Kreuther   ,         0,         0,     0
2026.07.05,03:00        ,03:15       ,Kreuther   ,         0,         0,     0
2026.07.05,03:15        ,03:30       ,Kreuther   ,         0,         0,     0
2026.07.05,03:30        ,03:45       ,Kreuther   ,         0,         0,     0
2026.07.05,03:45        ,04:00       ,Kreuther   ,         0,         0,     0
2026.07.05,04:00        ,04:15       ,Kreuther   ,         0,         1,     1
2026.07.05,04:15        ,04:30       ,Kreuther   ,         0,         0,     0
2026.07.05,04:30        ,04:45       ,Kreuther   ,         0,         0,     0
2026.07.05,04:45        ,05:00       ,Kreuther   ,         1,         0,     1
2026.07.05,05:00        ,05:15       ,Kreuther   ,         0,         0,     0
2026.07.05,05:15        ,05:30       ,Kreuther   ,         0,         0,     0
2026.07.05,05:30        ,05:45       ,Kreuther   ,         1,         0,     1
2026.07.05,05:45        ,06:00       ,Kreuther   ,         0,         0,     0
2026.07.05,06:00        ,06:15       ,Kreuther   ,         0,         0,     0
2026.07.05,06:15        ,06:30       ,Kreuther   ,         0,         0,     0
2026.07.05,06:30        ,06:45       ,Kreuther   ,         3,         0,     3
2026.07.05,06:45        ,07:00       ,Kreuther   ,         2,         1,     3
2026.07.05,07:00        ,07:15       ,Kreuther   ,         0,         0,     0
2026.07.05,07:15        ,07:30       ,Kreuther   ,         0,         2,     2
2026.07.05,07:30        ,07:45       ,Kreuther   ,         3,         7,    10
2026.07.05,07:45        ,08:00       ,Kreuther   ,         3,         1,     4
2026.07.05,08:00        ,08:15       ,Kreuther   ,         2,         1,     3
2026.07.05,08:15        ,08:30       ,Kreuther   ,         0,         1,     1
2026.07.05,08:30        ,08:45       ,Kreuther   ,         2,         1,     3
2026.07.05,08:45        ,09:00       ,Kreuther   ,         2,         1,     3
2026.07.05,09:00        ,09:15       ,Kreuther   ,         4,         2,     6
2026.07.05,09:15        ,09:30       ,Kreuther   ,         5,         4,     9
2026.07.05,09:30        ,09:45       ,Kreuther   ,         1,         2,     3
2026.07.05,09:45        ,10:00       ,Kreuther   ,         7,         1,     8
2026.07.05,10:00        ,10:15       ,Kreuther   ,        11,         4,    15
2026.07.05,10:15        ,10:30       ,Kreuther   ,        10,         0,    10
2026.07.05,10:30        ,10:45       ,Kreuther   ,        12,         2,    14
2026.07.05,10:45        ,11:00       ,Kreuther   ,        17,         3,    20
2026.07.05,11:00        ,11:15       ,Kreuther   ,         6,         5,    11
2026.07.05,11:15        ,11:30       ,Kreuther   ,         8,         3,    11
2026.07.05,11:30        ,11:45       ,Kreuther   ,         8,         8,    16
2026.07.05,11:45        ,12:00       ,Kreuther   ,         3,         2,     5
2026.07.05,12:00        ,12:15       ,Kreuther   ,         4,         8,    12
2026.07.05,12:15        ,12:30       ,Kreuther   ,         8,         4,    12
2026.07.05,12:30        ,12:45       ,Kreuther   ,         5,         7,    12
2026.07.05,12:45        ,13:00       ,Kreuther   ,         6,        10,    16
2026.07.05,13:00        ,13:15       ,Kreuther   ,         1,         9,    10
2026.07.05,13:15        ,13:30       ,Kreuther   ,        11,         1,    12
2026.07.05,13:30        ,13:45       ,Kreuther   ,         9,         7,    16
2026.07.05,13:45        ,14:00       ,Kreuther   ,        10,         2,    12
2026.07.05,14:00        ,14:15       ,Kreuther   ,         8,         8,    16
2026.07.05,14:15        ,14:30       ,Kreuther   ,         7,         5,    12
2026.07.05,14:30        ,14:45       ,Kreuther   ,         6,        11,    17
2026.07.05,14:45        ,15:00       ,Kreuther   ,         8,        10,    18
2026.07.05,15:00        ,15:15       ,Kreuther   ,         4,        11,    15
2026.07.05,15:15        ,15:30       ,Kreuther   ,         6,         8,    14
2026.07.05,15:30        ,15:45       ,Kreuther   ,         5,         9,    14
2026.07.05,15:45        ,16:00       ,Kreuther   ,        11,         9,    20
2026.07.05,16:00        ,16:15       ,Kreuther   ,         2,         3,     5
2026.07.05,16:15        ,16:30       ,Kreuther   ,         6,        12,    18
2026.07.05,16:30        ,16:45       ,Kreuther   ,         7,         5,    12
2026.07.05,16:45        ,17:00       ,Kreuther   ,         5,         8,    13
2026.07.05,17:00        ,17:15       ,Kreuther   ,         9,         9,    18
2026.07.05,17:15        ,17:30       ,Kreuther   ,         6,         3,     9
2026.07.05,17:30        ,17:45       ,Kreuther   ,        11,         7,    18
2026.07.05,17:45        ,18:00       ,Kreuther   ,         6,         8,    14
2026.07.05,18:00        ,18:15       ,Kreuther   ,         5,         7,    12
2026.07.05,18:15        ,18:30       ,Kreuther   ,        11,        11,    22
2026.07.05,18:30        ,18:45       ,Kreuther   ,         2,         7,     9
2026.07.05,18:45        ,19:00       ,Kreuther   ,         9,        12,    21
2026.07.05,19:00        ,19:15       ,Kreuther   ,         8,        10,    18
2026.07.05,19:15        ,19:30       ,Kreuther   ,         4,         5,     9
2026.07.05,19:30        ,19:45       ,Kreuther   ,         1,         2,     3
2026.07.05,19:45        ,20:00       ,Kreuther   ,         2,         0,     2
2026.07.05,20:00        ,20:15       ,Kreuther   ,         1,         0,     1
2026.07.05,20:15        ,20:30       ,Kreuther   ,         0,         3,     3
2026.07.05,20:30        ,20:45       ,Kreuther   ,         2,         6,     8
2026.07.05,20:45        ,21:00       ,Kreuther   ,         3,         5,     8
2026.07.05,21:00        ,21:15       ,Kreuther   ,         1,         1,     2
2026.07.05,21:15        ,21:30       ,Kreuther   ,         1,         1,     2
2026.07.05,21:30        ,21:45       ,Kreuther   ,         0,         0,     0
2026.07.05,21:45        ,22:00       ,Kreuther   ,         0,         4,     4
2026.07.05,22:00        ,22:15       ,Kreuther   ,         2,         0,     2
2026.07.05,22:15        ,22:30       ,Kreuther   ,         0,         1,     1
2026.07.05,22:30        ,22:45       ,Kreuther   ,         5,         1,     6
2026.07.05,22:45        ,23:00       ,Kreuther   ,         0,         2,     2
2026.07.05,23:00        ,23:15       ,Kreuther   ,         0,         3,     3
2026.07.05,23:15        ,23:30       ,Kreuther   ,         0,         0,     0
2026.07.05,23:30        ,23:45       ,Kreuther   ,         0,         0,     0
2026.07.05,23:45        ,00:00       ,Kreuther   ,         0,         0,     0
2026.07.06,00:00        ,00:15       ,Kreuther   ,         0,         0,     0
2026.07.06,00:15        ,00:30       ,Kreuther   ,         0,         0,     0
2026.07.06,00:30        ,00:45       ,Kreuther   ,         0,         0,     0
2026.07.06,00:45        ,01:00       ,Kreuther   ,         0,         0,     0
2026.07.06,01:00        ,01:15       ,Kreuther   ,         0,         0,     0
2026.07.06,01:15        ,01:30       ,Kreuther   ,         0,         0,     0
2026.07.06,01:30        ,01:45       ,Kreuther   ,         0,         0,     0
2026.07.06,01:45        ,02:00       ,Kreuther   ,         0,         0,     0
2026.07.06,02:00        ,02:15       ,Kreuther   ,         0,         0,     0
2026.07.06,02:15        ,02:30       ,Kreuther   ,         1,         0,     1
2026.07.06,02:30        ,02:45       ,Kreuther   ,         0,         0,     0
2026.07.06,02:45        ,03:00       ,Kreuther   ,         0,         0,     0
2026.07.06,03:00        ,03:15       ,Kreuther   ,         0,         0,     0
2026.07.06,03:15        ,03:30       ,Kreuther   ,         0,         0,     0
2026.07.06,03:30        ,03:45       ,Kreuther   ,         0,         0,     0
2026.07.06,03:45        ,04:00       ,Kreuther   ,         0,         0,     0
2026.07.06,04:00        ,04:15       ,Kreuther   ,         0,         0,     0
2026.07.06,04:15        ,04:30       ,Kreuther   ,         0,         0,     0
2026.07.06,04:30        ,04:45       ,Kreuther   ,         0,         0,     0
2026.07.06,04:45        ,05:00       ,Kreuther   ,         0,         0,     0
2026.07.06,05:00        ,05:15       ,Kreuther   ,         1,         0,     1
2026.07.06,05:15        ,05:30       ,Kreuther   ,         3,         1,     4
2026.07.06,05:30        ,05:45       ,Kreuther   ,         0,         2,     2
2026.07.06,05:45        ,06:00       ,Kreuther   ,         2,         0,     2
2026.07.06,06:00        ,06:15       ,Kreuther   ,         1,         1,     2
2026.07.06,06:15        ,06:30       ,Kreuther   ,         5,         2,     7
2026.07.06,06:30        ,06:45       ,Kreuther   ,         6,         1,     7
2026.07.06,06:45        ,07:00       ,Kreuther   ,         6,         2,     8
2026.07.06,07:00        ,07:15       ,Kreuther   ,        12,         3,    15
2026.07.06,07:15        ,07:30       ,Kreuther   ,        12,         6,    18
2026.07.06,07:30        ,07:45       ,Kreuther   ,        38,         7,    45
2026.07.06,07:45        ,08:00       ,Kreuther   ,        30,        11,    41
2026.07.06,08:00        ,08:15       ,Kreuther   ,        37,         6,    43
2026.07.06,08:15        ,08:30       ,Kreuther   ,        39,        10,    49
2026.07.06,08:30        ,08:45       ,Kreuther   ,        27,         4,    31
2026.07.06,08:45        ,09:00       ,Kreuther   ,        25,         4,    29
2026.07.06,09:00        ,09:15       ,Kreuther   ,        21,         3,    24
2026.07.06,09:15        ,09:30       ,Kreuther   ,         5,         6,    11
2026.07.06,09:30        ,09:45       ,Kreuther   ,         9,         3,    12
2026.07.06,09:45        ,10:00       ,Kreuther   ,         5,         3,     8
2026.07.06,10:00        ,10:15       ,Kreuther   ,        11,         3,    14
2026.07.06,10:15        ,10:30       ,Kreuther   ,         3,         3,     6
2026.07.06,10:30        ,10:45       ,Kreuther   ,         3,         4,     7
2026.07.06,10:45        ,11:00       ,Kreuther   ,         5,         2,     7
2026.07.06,11:00        ,11:15       ,Kreuther   ,         6,         2,     8
2026.07.06,11:15        ,11:30       ,Kreuther   ,         5,         3,     8
2026.07.06,11:30        ,11:45       ,Kreuther   ,         9,         3,    12
2026.07.06,11:45        ,12:00       ,Kreuther   ,         3,         4,     7
2026.07.06,12:00        ,12:15       ,Kreuther   ,         2,         3,     5
2026.07.06,12:15        ,12:30       ,Kreuther   ,         9,         9,    18
2026.07.06,12:30        ,12:45       ,Kreuther   ,         6,         5,    11
2026.07.06,12:45        ,13:00       ,Kreuther   ,         9,         8,    17
2026.07.06,13:00        ,13:15       ,Kreuther   ,         8,         7,    15
2026.07.06,13:15        ,13:30       ,Kreuther   ,        10,         7,    17
2026.07.06,13:30        ,13:45       ,Kreuther   ,         5,         4,     9
2026.07.06,13:45        ,14:00       ,Kreuther   ,         2,         4,     6
2026.07.06,14:00        ,14:15       ,Kreuther   ,         6,         8,    14
2026.07.06,14:15        ,14:30       ,Kreuther   ,        10,         9,    19
2026.07.06,14:30        ,14:45       ,Kreuther   ,         5,         5,    10
2026.07.06,14:45        ,15:00       ,Kreuther   ,         7,         8,    15
2026.07.06,15:00        ,15:15       ,Kreuther   ,         9,        10,    19
2026.07.06,15:15        ,15:30       ,Kreuther   ,         6,        15,    21
2026.07.06,15:30        ,15:45       ,Kreuther   ,         9,        14,    23
2026.07.06,15:45        ,16:00       ,Kreuther   ,         9,        11,    20
2026.07.06,16:00        ,16:15       ,Kreuther   ,        12,        14,    26
2026.07.06,16:15        ,16:30       ,Kreuther   ,         4,        15,    19
2026.07.06,16:30        ,16:45       ,Kreuther   ,         8,         9,    17
2026.07.06,16:45        ,17:00       ,Kreuther   ,         6,        20,    26
2026.07.06,17:00        ,17:15       ,Kreuther   ,         9,         9,    18
2026.07.06,17:15        ,17:30       ,Kreuther   ,        15,        19,    34
2026.07.06,17:30        ,17:45       ,Kreuther   ,         9,        20,    29
2026.07.06,17:45        ,18:00       ,Kreuther   ,         9,        10,    19
2026.07.06,18:00        ,18:15       ,Kreuther   ,         9,        26,    35
2026.07.06,18:15        ,18:30       ,Kreuther   ,        11,        18,    29
2026.07.06,18:30        ,18:45       ,Kreuther   ,         9,        16,    25
2026.07.06,18:45        ,19:00       ,Kreuther   ,         8,        10,    18
2026.07.06,19:00        ,19:15       ,Kreuther   ,         2,         5,     7
2026.07.06,19:15        ,19:30       ,Kreuther   ,         8,        17,    25
2026.07.06,19:30        ,19:45       ,Kreuther   ,         2,         6,     8
2026.07.06,19:45        ,20:00       ,Kreuther   ,         8,        13,    21
2026.07.06,20:00        ,20:15       ,Kreuther   ,        10,         7,    17
2026.07.06,20:15        ,20:30       ,Kreuther   ,         7,         9,    16
2026.07.06,20:30        ,20:45       ,Kreuther   ,         2,         7,     9
2026.07.06,20:45        ,21:00       ,Kreuther   ,         5,         9,    14
2026.07.06,21:00        ,21:15       ,Kreuther   ,         1,         5,     6
2026.07.06,21:15        ,21:30       ,Kreuther   ,         5,         7,    12
2026.07.06,21:30        ,21:45       ,Kreuther   ,         2,         1,     3
2026.07.06,21:45        ,22:00       ,Kreuther   ,         2,         0,     2
2026.07.06,22:00        ,22:15       ,Kreuther   ,         2,         2,     4
2026.07.06,22:15        ,22:30       ,Kreuther   ,         1,         0,     1
2026.07.06,22:30        ,22:45       ,Kreuther   ,         2,         0,     2
2026.07.06,22:45        ,23:00       ,Kreuther   ,         0,         2,     2
2026.07.06,23:00        ,23:15       ,Kreuther   ,         0,         0,     0
2026.07.06,23:15        ,23:30       ,Kreuther   ,         2,         0,     2
2026.07.06,23:30        ,23:45       ,Kreuther   ,         0,         0,     0
2026.07.06,23:45        ,00:00       ,Kreuther   ,         0,         3,     3
2026.07.07,00:00        ,00:15       ,Kreuther   ,         0,         0,     0
2026.07.07,00:15        ,00:30       ,Kreuther   ,         0,         0,     0
2026.07.07,00:30        ,00:45       ,Kreuther   ,         1,         1,     2
2026.07.07,00:45        ,01:00       ,Kreuther   ,         0,         0,     0
2026.07.07,01:00        ,01:15       ,Kreuther   ,         1,         1,     2
2026.07.07,01:15        ,01:30       ,Kreuther   ,         1,         1,     2
2026.07.07,01:30        ,01:45       ,Kreuther   ,         1,         2,     3
2026.07.07,01:45        ,02:00       ,Kreuther   ,         0,         1,     1
2026.07.07,02:00        ,02:15       ,Kreuther   ,         1,         0,     1
2026.07.07,02:15        ,02:30       ,Kreuther   ,         0,         0,     0
2026.07.07,02:30        ,02:45       ,Kreuther   ,         0,         0,     0
2026.07.07,02:45        ,03:00       ,Kreuther   ,         0,         0,     0
2026.07.07,03:00        ,03:15       ,Kreuther   ,         0,         0,     0
2026.07.07,03:15        ,03:30       ,Kreuther   ,         0,         0,     0
2026.07.07,03:30        ,03:45       ,Kreuther   ,         0,         0,     0
2026.07.07,03:45        ,04:00       ,Kreuther   ,         1,         0,     1
2026.07.07,04:00        ,04:15       ,Kreuther   ,         0,         1,     1
2026.07.07,04:15        ,04:30       ,Kreuther   ,         0,         0,     0
2026.07.07,04:30        ,04:45       ,Kreuther   ,         0,         0,     0
2026.07.07,04:45        ,05:00       ,Kreuther   ,         4,         0,     4
2026.07.07,05:00        ,05:15       ,Kreuther   ,         2,         0,     2
2026.07.07,05:15        ,05:30       ,Kreuther   ,         2,         0,     2
2026.07.07,05:30        ,05:45       ,Kreuther   ,         4,         2,     6
2026.07.07,05:45        ,06:00       ,Kreuther   ,         1,         1,     2
2026.07.07,06:00        ,06:15       ,Kreuther   ,         5,         3,     8
2026.07.07,06:15        ,06:30       ,Kreuther   ,        10,         1,    11
2026.07.07,06:30        ,06:45       ,Kreuther   ,         9,         3,    12
2026.07.07,06:45        ,07:00       ,Kreuther   ,        15,         2,    17
2026.07.07,07:00        ,07:15       ,Kreuther   ,        12,         5,    17
2026.07.07,07:15        ,07:30       ,Kreuther   ,        32,         6,    38
2026.07.07,07:30        ,07:45       ,Kreuther   ,        39,        10,    49
2026.07.07,07:45        ,08:00       ,Kreuther   ,        52,        14,    66
2026.07.07,08:00        ,08:15       ,Kreuther   ,        45,         7,    52
2026.07.07,08:15        ,08:30       ,Kreuther   ,        40,         9,    49
2026.07.07,08:30        ,08:45       ,Kreuther   ,        40,         5,    45
2026.07.07,08:45        ,09:00       ,Kreuther   ,        18,         6,    24
2026.07.07,09:00        ,09:15       ,Kreuther   ,        23,         2,    25
2026.07.07,09:15        ,09:30       ,Kreuther   ,        14,         8,    22
2026.07.07,09:30        ,09:45       ,Kreuther   ,        15,         3,    18
2026.07.07,09:45        ,10:00       ,Kreuther   ,         3,         5,     8
2026.07.07,10:00        ,10:15       ,Kreuther   ,        10,         7,    17
2026.07.07,10:15        ,10:30       ,Kreuther   ,         1,         4,     5
2026.07.07,10:30        ,10:45       ,Kreuther   ,         5,         2,     7
2026.07.07,10:45        ,11:00       ,Kreuther   ,         4,         3,     7
2026.07.07,11:00        ,11:15       ,Kreuther   ,         3,         4,     7
2026.07.07,11:15        ,11:30       ,Kreuther   ,        12,         5,    17
2026.07.07,11:30        ,11:45       ,Kreuther   ,         2,         7,     9
2026.07.07,11:45        ,12:00       ,Kreuther   ,         2,         4,     6
2026.07.07,12:00        ,12:15       ,Kreuther   ,         3,         8,    11
2026.07.07,12:15        ,12:30       ,Kreuther   ,        11,         9,    20
2026.07.07,12:30        ,12:45       ,Kreuther   ,        12,        13,    25
2026.07.07,12:45        ,13:00       ,Kreuther   ,         6,         8,    14
2026.07.07,13:00        ,13:15       ,Kreuther   ,         8,         7,    15
2026.07.07,13:15        ,13:30       ,Kreuther   ,         6,        10,    16
2026.07.07,13:30        ,13:45       ,Kreuther   ,         5,         8,    13
2026.07.07,13:45        ,14:00       ,Kreuther   ,        10,         5,    15
2026.07.07,14:00        ,14:15       ,Kreuther   ,         9,         9,    18
2026.07.07,14:15        ,14:30       ,Kreuther   ,         8,        10,    18
2026.07.07,14:30        ,14:45       ,Kreuther   ,         5,         9,    14
2026.07.07,14:45        ,15:00       ,Kreuther   ,         5,         3,     8
2026.07.07,15:00        ,15:15       ,Kreuther   ,        12,        12,    24
2026.07.07,15:15        ,15:30       ,Kreuther   ,         7,        13,    20
2026.07.07,15:30        ,15:45       ,Kreuther   ,        11,        13,    24
2026.07.07,15:45        ,16:00       ,Kreuther   ,         6,        15,    21
2026.07.07,16:00        ,16:15       ,Kreuther   ,         8,        14,    22
2026.07.07,16:15        ,16:30       ,Kreuther   ,        16,        15,    31
2026.07.07,16:30        ,16:45       ,Kreuther   ,        16,        16,    32
2026.07.07,16:45        ,17:00       ,Kreuther   ,        20,        17,    37
2026.07.07,17:00        ,17:15       ,Kreuther   ,        13,        14,    27
2026.07.07,17:15        ,17:30       ,Kreuther   ,         8,        23,    31
2026.07.07,17:30        ,17:45       ,Kreuther   ,         5,        18,    23
2026.07.07,17:45        ,18:00       ,Kreuther   ,        12,        28,    40
2026.07.07,18:00        ,18:15       ,Kreuther   ,        19,        16,    35
2026.07.07,18:15        ,18:30       ,Kreuther   ,        12,        19,    31
2026.07.07,18:30        ,18:45       ,Kreuther   ,        13,        18,    31
2026.07.07,18:45        ,19:00       ,Kreuther   ,        10,        20,    30
2026.07.07,19:00        ,19:15       ,Kreuther   ,        11,        18,    29
2026.07.07,19:15        ,19:30       ,Kreuther   ,        12,        15,    27
2026.07.07,19:30        ,19:45       ,Kreuther   ,         7,         5,    12
2026.07.07,19:45        ,20:00       ,Kreuther   ,         5,         7,    12
2026.07.07,20:00        ,20:15       ,Kreuther   ,         7,         9,    16
2026.07.07,20:15        ,20:30       ,Kreuther   ,         4,        12,    16
2026.07.07,20:30        ,20:45       ,Kreuther   ,         1,        11,    12
2026.07.07,20:45        ,21:00       ,Kreuther   ,         1,         8,     9
2026.07.07,21:00        ,21:15       ,Kreuther   ,         2,         2,     4
2026.07.07,21:15        ,21:30       ,Kreuther   ,         6,        14,    20
2026.07.07,21:30        ,21:45       ,Kreuther   ,         2,         5,     7
2026.07.07,21:45        ,22:00       ,Kreuther   ,         3,         2,     5
2026.07.07,22:00        ,22:15       ,Kreuther   ,         0,         2,     2
2026.07.07,22:15        ,22:30       ,Kreuther   ,         7,         6,    13
2026.07.07,22:30        ,22:45       ,Kreuther   ,         1,         3,     4
2026.07.07,22:45        ,23:00       ,Kreuther   ,         2,         1,     3
2026.07.07,23:00        ,23:15       ,Kreuther   ,         0,         3,     3
2026.07.07,23:15        ,23:30       ,Kreuther   ,         0,         0,     0
2026.07.07,23:30        ,23:45       ,Kreuther   ,         0,         0,     0
2026.07.07,23:45        ,00:00       ,Kreuther   ,         0,         0,     0
2026.07.08,00:00        ,00:15       ,Kreuther   ,         0,         0,     0
2026.07.08,00:15        ,00:30       ,Kreuther   ,         0,         2,     2
2026.07.08,00:30        ,00:45       ,Kreuther   ,         0,         0,     0
2026.07.08,00:45        ,01:00       ,Kreuther   ,         0,         0,     0
2026.07.08,01:00        ,01:15       ,Kreuther   ,         0,         0,     0
2026.07.08,01:15        ,01:30       ,Kreuther   ,         0,         0,     0
2026.07.08,01:30        ,01:45       ,Kreuther   ,         0,         0,     0
2026.07.08,01:45        ,02:00       ,Kreuther   ,         0,         0,     0
2026.07.08,02:00        ,02:15       ,Kreuther   ,         1,         0,     1
2026.07.08,02:15        ,02:30       ,Kreuther   ,         0,         0,     0
2026.07.08,02:30        ,02:45       ,Kreuther   ,         0,         1,     1
2026.07.08,02:45        ,03:00       ,Kreuther   ,         0,         0,     0
2026.07.08,03:00        ,03:15       ,Kreuther   ,         0,         0,     0
2026.07.08,03:15        ,03:30       ,Kreuther   ,         0,         0,     0
2026.07.08,03:30        ,03:45       ,Kreuther   ,         2,         2,     4
2026.07.08,03:45        ,04:00       ,Kreuther   ,         0,         0,     0
2026.07.08,04:00        ,04:15       ,Kreuther   ,         1,         0,     1
2026.07.08,04:15        ,04:30       ,Kreuther   ,         0,         0,     0
2026.07.08,04:30        ,04:45       ,Kreuther   ,         0,         0,     0
2026.07.08,04:45        ,05:00       ,Kreuther   ,         2,         0,     2
2026.07.08,05:00        ,05:15       ,Kreuther   ,         3,         0,     3
2026.07.08,05:15        ,05:30       ,Kreuther   ,         3,         1,     4
2026.07.08,05:30        ,05:45       ,Kreuther   ,         0,         2,     2
2026.07.08,05:45        ,06:00       ,Kreuther   ,         3,         0,     3
2026.07.08,06:00        ,06:15       ,Kreuther   ,         2,         1,     3
2026.07.08,06:15        ,06:30       ,Kreuther   ,         4,         2,     6
2026.07.08,06:30        ,06:45       ,Kreuther   ,         6,         0,     6
2026.07.08,06:45        ,07:00       ,Kreuther   ,         3,         2,     5
2026.07.08,07:00        ,07:15       ,Kreuther   ,         9,         1,    10
2026.07.08,07:15        ,07:30       ,Kreuther   ,        15,         3,    18
2026.07.08,07:30        ,07:45       ,Kreuther   ,        39,         6,    45
2026.07.08,07:45        ,08:00       ,Kreuther   ,        23,         6,    29
2026.07.08,08:00        ,08:15       ,Kreuther   ,        32,         7,    39
2026.07.08,08:15        ,08:30       ,Kreuther   ,        19,         7,    26
2026.07.08,08:30        ,08:45       ,Kreuther   ,        22,         2,    24
2026.07.08,08:45        ,09:00       ,Kreuther   ,        19,         8,    27
2026.07.08,09:00        ,09:15       ,Kreuther   ,        11,         2,    13
2026.07.08,09:15        ,09:30       ,Kreuther   ,        12,         9,    21
2026.07.08,09:30        ,09:45       ,Kreuther   ,         8,         8,    16
2026.07.08,09:45        ,10:00       ,Kreuther   ,         5,         0,     5
2026.07.08,10:00        ,10:15       ,Kreuther   ,        10,         1,    11
2026.07.08,10:15        ,10:30       ,Kreuther   ,         2,         1,     3
2026.07.08,10:30        ,10:45       ,Kreuther   ,         5,         3,     8
2026.07.08,10:45        ,11:00       ,Kreuther   ,         7,         2,     9
2026.07.08,11:00        ,11:15       ,Kreuther   ,         5,         2,     7
2026.07.08,11:15        ,11:30       ,Kreuther   ,         5,         4,     9
2026.07.08,11:30        ,11:45       ,Kreuther   ,         8,         4,    12
2026.07.08,11:45        ,12:00       ,Kreuther   ,         7,         0,     7
2026.07.08,12:00        ,12:15       ,Kreuther   ,         6,         9,    15
2026.07.08,12:15        ,12:30       ,Kreuther   ,         3,        11,    14
2026.07.08,12:30        ,12:45       ,Kreuther   ,        11,         4,    15
2026.07.08,12:45        ,13:00       ,Kreuther   ,         5,         5,    10
2026.07.08,13:00        ,13:15       ,Kreuther   ,         4,         2,     6
2026.07.08,13:15        ,13:30       ,Kreuther   ,         7,         4,    11
2026.07.08,13:30        ,13:45       ,Kreuther   ,         7,         7,    14
2026.07.08,13:45        ,14:00       ,Kreuther   ,         6,         1,     7
2026.07.08,14:00        ,14:15       ,Kreuther   ,         8,         5,    13
2026.07.08,14:15        ,14:30       ,Kreuther   ,         4,        12,    16
2026.07.08,14:30        ,14:45       ,Kreuther   ,         6,         3,     9
2026.07.08,14:45        ,15:00       ,Kreuther   ,         7,         5,    12
2026.07.08,15:00        ,15:15       ,Kreuther   ,         5,         4,     9
2026.07.08,15:15        ,15:30       ,Kreuther   ,        18,        13,    31
2026.07.08,15:30        ,15:45       ,Kreuther   ,         9,        12,    21
2026.07.08,15:45        ,16:00       ,Kreuther   ,         6,        10,    16
2026.07.08,16:00        ,16:15       ,Kreuther   ,        12,         7,    19
2026.07.08,16:15        ,16:30       ,Kreuther   ,         8,        11,    19
2026.07.08,16:30        ,16:45       ,Kreuther   ,         9,         3,    12
2026.07.08,16:45        ,17:00       ,Kreuther   ,         7,        13,    20
2026.07.08,17:00        ,17:15       ,Kreuther   ,         8,        14,    22
2026.07.08,17:15        ,17:30       ,Kreuther   ,         4,        11,    15
2026.07.08,17:30        ,17:45       ,Kreuther   ,        17,        13,    30
2026.07.08,17:45        ,18:00       ,Kreuther   ,         8,        14,    22
2026.07.08,18:00        ,18:15       ,Kreuther   ,        11,        13,    24
2026.07.08,18:15        ,18:30       ,Kreuther   ,         9,        13,    22
2026.07.08,18:30        ,18:45       ,Kreuther   ,         5,        10,    15
2026.07.08,18:45        ,19:00       ,Kreuther   ,        12,        11,    23
2026.07.08,19:00        ,19:15       ,Kreuther   ,         9,        12,    21
2026.07.08,19:15        ,19:30       ,Kreuther   ,         3,        10,    13
2026.07.08,19:30        ,19:45       ,Kreuther   ,         9,         8,    17
2026.07.08,19:45        ,20:00       ,Kreuther   ,         3,         9,    12
2026.07.08,20:00        ,20:15       ,Kreuther   ,         7,         7,    14
2026.07.08,20:15        ,20:30       ,Kreuther   ,        11,         6,    17
2026.07.08,20:30        ,20:45       ,Kreuther   ,         4,         6,    10
2026.07.08,20:45        ,21:00       ,Kreuther   ,         8,        11,    19
2026.07.08,21:00        ,21:15       ,Kreuther   ,         9,        15,    24
2026.07.08,21:15        ,21:30       ,Kreuther   ,         0,         4,     4
2026.07.08,21:30        ,21:45       ,Kreuther   ,         1,         6,     7
2026.07.08,21:45        ,22:00       ,Kreuther   ,         1,         6,     7
2026.07.08,22:00        ,22:15       ,Kreuther   ,         0,         5,     5
2026.07.08,22:15        ,22:30       ,Kreuther   ,         0,         6,     6
2026.07.08,22:30        ,22:45       ,Kreuther   ,         0,         1,     1
2026.07.08,22:45        ,23:00       ,Kreuther   ,         0,         2,     2
2026.07.08,23:00        ,23:15       ,Kreuther   ,         0,         1,     1
2026.07.08,23:15        ,23:30       ,Kreuther   ,         0,         0,     0
2026.07.08,23:30        ,23:45       ,Kreuther   ,         1,         1,     2
2026.07.08,23:45        ,00:00       ,Kreuther   ,         0,         2,     2
2026.07.09,00:00        ,00:15       ,Kreuther   ,         0,         3,     3
2026.07.09,00:15        ,00:30       ,Kreuther   ,         0,         0,     0
2026.07.09,00:30        ,00:45       ,Kreuther   ,         0,         0,     0
2026.07.09,00:45        ,01:00       ,Kreuther   ,         0,         0,     0
2026.07.09,01:00        ,01:15       ,Kreuther   ,         0,         0,     0
2026.07.09,01:15        ,01:30       ,Kreuther   ,         0,         1,     1
2026.07.09,01:30        ,01:45       ,Kreuther   ,         0,         0,     0
2026.07.09,01:45        ,02:00       ,Kreuther   ,         0,         0,     0
2026.07.09,02:00        ,02:15       ,Kreuther   ,         1,         1,     2
2026.07.09,02:15        ,02:30       ,Kreuther   ,         0,         0,     0
2026.07.09,02:30        ,02:45       ,Kreuther   ,         0,         0,     0
2026.07.09,02:45        ,03:00       ,Kreuther   ,         0,         0,     0
2026.07.09,03:00        ,03:15       ,Kreuther   ,         0,         0,     0
2026.07.09,03:15        ,03:30       ,Kreuther   ,         0,         0,     0
2026.07.09,03:30        ,03:45       ,Kreuther   ,         1,         0,     1
2026.07.09,03:45        ,04:00       ,Kreuther   ,         0,         0,     0
2026.07.09,04:00        ,04:15       ,Kreuther   ,         1,         0,     1
2026.07.09,04:15        ,04:30       ,Kreuther   ,         0,         0,     0
2026.07.09,04:30        ,04:45       ,Kreuther   ,         0,         1,     1
2026.07.09,04:45        ,05:00       ,Kreuther   ,         1,         0,     1
2026.07.09,05:00        ,05:15       ,Kreuther   ,         3,         0,     3
2026.07.09,05:15        ,05:30       ,Kreuther   ,         3,         1,     4
2026.07.09,05:30        ,05:45       ,Kreuther   ,         2,         1,     3
2026.07.09,05:45        ,06:00       ,Kreuther   ,         2,         1,     3
2026.07.09,06:00        ,06:15       ,Kreuther   ,         1,         3,     4
2026.07.09,06:15        ,06:30       ,Kreuther   ,         7,         1,     8
2026.07.09,06:30        ,06:45       ,Kreuther   ,         7,         1,     8
2026.07.09,06:45        ,07:00       ,Kreuther   ,         6,         2,     8
2026.07.09,07:00        ,07:15       ,Kreuther   ,        15,         4,    19
2026.07.09,07:15        ,07:30       ,Kreuther   ,        24,         6,    30
2026.07.09,07:30        ,07:45       ,Kreuther   ,        39,        12,    51
2026.07.09,07:45        ,08:00       ,Kreuther   ,        39,        14,    53
2026.07.09,08:00        ,08:15       ,Kreuther   ,        35,         6,    41
2026.07.09,08:15        ,08:30       ,Kreuther   ,        37,         5,    42
2026.07.09,08:30        ,08:45       ,Kreuther   ,        30,         5,    35
2026.07.09,08:45        ,09:00       ,Kreuther   ,        21,         3,    24
2026.07.09,09:00        ,09:15       ,Kreuther   ,        10,         1,    11
2026.07.09,09:15        ,09:30       ,Kreuther   ,        15,         2,    17
2026.07.09,09:30        ,09:45       ,Kreuther   ,        15,         3,    18
2026.07.09,09:45        ,10:00       ,Kreuther   ,         8,         4,    12
2026.07.09,10:00        ,10:15       ,Kreuther   ,         8,         5,    13
2026.07.09,10:15        ,10:30       ,Kreuther   ,         4,         2,     6
2026.07.09,10:30        ,10:45       ,Kreuther   ,         5,         4,     9
2026.07.09,10:45        ,11:00       ,Kreuther   ,        11,         5,    16
2026.07.09,11:00        ,11:15       ,Kreuther   ,         6,         6,    12
2026.07.09,11:15        ,11:30       ,Kreuther   ,         4,         5,     9
2026.07.09,11:30        ,11:45       ,Kreuther   ,         8,        12,    20
2026.07.09,11:45        ,12:00       ,Kreuther   ,         8,         4,    12
2026.07.09,12:00        ,12:15       ,Kreuther   ,         8,         4,    12
2026.07.09,12:15        ,12:30       ,Kreuther   ,         5,         9,    14
2026.07.09,12:30        ,12:45       ,Kreuther   ,        12,        12,    24
2026.07.09,12:45        ,13:00       ,Kreuther   ,         5,         8,    13
2026.07.09,13:00        ,13:15       ,Kreuther   ,         8,        11,    19
2026.07.09,13:15        ,13:30       ,Kreuther   ,        13,        11,    24
2026.07.09,13:30        ,13:45       ,Kreuther   ,        12,         6,    18
2026.07.09,13:45        ,14:00       ,Kreuther   ,         9,         9,    18
2026.07.09,14:00        ,14:15       ,Kreuther   ,        13,         6,    19
2026.07.09,14:15        ,14:30       ,Kreuther   ,         8,         6,    14
2026.07.09,14:30        ,14:45       ,Kreuther   ,        12,        14,    26
2026.07.09,14:45        ,15:00       ,Kreuther   ,         9,         7,    16
2026.07.09,15:00        ,15:15       ,Kreuther   ,        14,         8,    22
2026.07.09,15:15        ,15:30       ,Kreuther   ,        13,         8,    21
2026.07.09,15:30        ,15:45       ,Kreuther   ,         8,        13,    21
2026.07.09,15:45        ,16:00       ,Kreuther   ,        13,        15,    28
2026.07.09,16:00        ,16:15       ,Kreuther   ,        13,        16,    29
2026.07.09,16:15        ,16:30       ,Kreuther   ,        13,        19,    32
2026.07.09,16:30        ,16:45       ,Kreuther   ,        12,        15,    27
2026.07.09,16:45        ,17:00       ,Kreuther   ,        10,         8,    18
2026.07.09,17:00        ,17:15       ,Kreuther   ,        13,        12,    25
2026.07.09,17:15        ,17:30       ,Kreuther   ,        12,        16,    28
2026.07.09,17:30        ,17:45       ,Kreuther   ,        21,        18,    39
2026.07.09,17:45        ,18:00       ,Kreuther   ,        17,        21,    38
2026.07.09,18:00        ,18:15       ,Kreuther   ,         8,        13,    21
2026.07.09,18:15        ,18:30       ,Kreuther   ,         9,        22,    31
2026.07.09,18:30        ,18:45       ,Kreuther   ,         8,        18,    26
2026.07.09,18:45        ,19:00       ,Kreuther   ,        13,        17,    30
2026.07.09,19:00        ,19:15       ,Kreuther   ,        13,        13,    26
2026.07.09,19:15        ,19:30       ,Kreuther   ,        11,        17,    28
2026.07.09,19:30        ,19:45       ,Kreuther   ,        10,        11,    21
2026.07.09,19:45        ,20:00       ,Kreuther   ,         3,        17,    20
2026.07.09,20:00        ,20:15       ,Kreuther   ,         6,        10,    16
2026.07.09,20:15        ,20:30       ,Kreuther   ,         7,         7,    14
2026.07.09,20:30        ,20:45       ,Kreuther   ,         2,        14,    16
2026.07.09,20:45        ,21:00       ,Kreuther   ,        20,        13,    33
2026.07.09,21:00        ,21:15       ,Kreuther   ,         8,        12,    20
2026.07.09,21:15        ,21:30       ,Kreuther   ,         5,         9,    14
2026.07.09,21:30        ,21:45       ,Kreuther   ,         5,         7,    12
2026.07.09,21:45        ,22:00       ,Kreuther   ,         6,         7,    13
2026.07.09,22:00        ,22:15       ,Kreuther   ,         1,         6,     7
2026.07.09,22:15        ,22:30       ,Kreuther   ,         2,         7,     9
2026.07.09,22:30        ,22:45       ,Kreuther   ,         4,         8,    12
2026.07.09,22:45        ,23:00       ,Kreuther   ,         2,         4,     6
2026.07.09,23:00        ,23:15       ,Kreuther   ,         1,         4,     5
2026.07.09,23:15        ,23:30       ,Kreuther   ,         0,         2,     2
2026.07.09,23:30        ,23:45       ,Kreuther   ,         0,         2,     2
2026.07.09,23:45        ,00:00       ,Kreuther   ,         3,         9,    12
2026.07.10,00:00        ,00:15       ,Kreuther   ,         1,         0,     1
2026.07.10,00:15        ,00:30       ,Kreuther   ,         1,         4,     5
2026.07.10,00:30        ,00:45       ,Kreuther   ,         0,         2,     2
2026.07.10,00:45        ,01:00       ,Kreuther   ,         0,         1,     1
2026.07.10,01:00        ,01:15       ,Kreuther   ,         0,         1,     1
2026.07.10,01:15        ,01:30       ,Kreuther   ,         0,         0,     0
2026.07.10,01:30        ,01:45       ,Kreuther   ,         0,         0,     0
2026.07.10,01:45        ,02:00       ,Kreuther   ,         0,         0,     0
2026.07.10,02:00        ,02:15       ,Kreuther   ,         1,         0,     1
2026.07.10,02:15        ,02:30       ,Kreuther   ,         0,         0,     0
2026.07.10,02:30        ,02:45       ,Kreuther   ,         0,         0,     0
2026.07.10,02:45        ,03:00       ,Kreuther   ,         0,         0,     0
2026.07.10,03:00        ,03:15       ,Kreuther   ,         0,         0,     0
2026.07.10,03:15        ,03:30       ,Kreuther   ,         0,         0,     0
2026.07.10,03:30        ,03:45       ,Kreuther   ,         0,         0,     0
2026.07.10,03:45        ,04:00       ,Kreuther   ,         0,         0,     0
2026.07.10,04:00        ,04:15       ,Kreuther   ,         0,         0,     0
2026.07.10,04:15        ,04:30       ,Kreuther   ,         0,         0,     0
2026.07.10,04:30        ,04:45       ,Kreuther   ,         1,         0,     1
2026.07.10,04:45        ,05:00       ,Kreuther   ,         1,         0,     1
2026.07.10,05:00        ,05:15       ,Kreuther   ,         3,         0,     3
2026.07.10,05:15        ,05:30       ,Kreuther   ,         2,         1,     3
2026.07.10,05:30        ,05:45       ,Kreuther   ,         1,         2,     3
2026.07.10,05:45        ,06:00       ,Kreuther   ,         1,         1,     2
2026.07.10,06:00        ,06:15       ,Kreuther   ,         3,         2,     5
2026.07.10,06:15        ,06:30       ,Kreuther   ,         4,         1,     5
2026.07.10,06:30        ,06:45       ,Kreuther   ,         3,         2,     5
2026.07.10,06:45        ,07:00       ,Kreuther   ,        10,         1,    11
2026.07.10,07:00        ,07:15       ,Kreuther   ,        10,         3,    13
2026.07.10,07:15        ,07:30       ,Kreuther   ,        12,         8,    20
2026.07.10,07:30        ,07:45       ,Kreuther   ,        51,        14,    65
2026.07.10,07:45        ,08:00       ,Kreuther   ,        27,        10,    37
2026.07.10,08:00        ,08:15       ,Kreuther   ,        26,         4,    30
2026.07.10,08:15        ,08:30       ,Kreuther   ,        18,        11,    29
2026.07.10,08:30        ,08:45       ,Kreuther   ,        29,         6,    35
2026.07.10,08:45        ,09:00       ,Kreuther   ,        23,         3,    26
2026.07.10,09:00        ,09:15       ,Kreuther   ,         9,         1,    10
2026.07.10,09:15        ,09:30       ,Kreuther   ,         9,         3,    12
2026.07.10,09:30        ,09:45       ,Kreuther   ,        10,         6,    16
2026.07.10,09:45        ,10:00       ,Kreuther   ,        13,         2,    15
2026.07.10,10:00        ,10:15       ,Kreuther   ,         2,         4,     6
2026.07.10,10:15        ,10:30       ,Kreuther   ,         7,         3,    10
2026.07.10,10:30        ,10:45       ,Kreuther   ,         5,         9,    14
2026.07.10,10:45        ,11:00       ,Kreuther   ,         3,         2,     5
2026.07.10,11:00        ,11:15       ,Kreuther   ,         7,         2,     9
2026.07.10,11:15        ,11:30       ,Kreuther   ,        11,         8,    19
2026.07.10,11:30        ,11:45       ,Kreuther   ,         5,         7,    12
2026.07.10,11:45        ,12:00       ,Kreuther   ,         7,        10,    17
2026.07.10,12:00        ,12:15       ,Kreuther   ,        13,         5,    18
2026.07.10,12:15        ,12:30       ,Kreuther   ,         6,        18,    24
2026.07.10,12:30        ,12:45       ,Kreuther   ,         6,         8,    14
2026.07.10,12:45        ,13:00       ,Kreuther   ,        13,         8,    21
2026.07.10,13:00        ,13:15       ,Kreuther   ,         7,         4,    11
2026.07.10,13:15        ,13:30       ,Kreuther   ,        20,        17,    37
2026.07.10,13:30        ,13:45       ,Kreuther   ,        16,        10,    26
2026.07.10,13:45        ,14:00       ,Kreuther   ,         6,        15,    21
2026.07.10,14:00        ,14:15       ,Kreuther   ,         6,         5,    11
2026.07.10,14:15        ,14:30       ,Kreuther   ,        11,         4,    15
2026.07.10,14:30        ,14:45       ,Kreuther   ,         9,         9,    18
2026.07.10,14:45        ,15:00       ,Kreuther   ,        14,        10,    24
2026.07.10,15:00        ,15:15       ,Kreuther   ,        13,        13,    26
2026.07.10,15:15        ,15:30       ,Kreuther   ,         4,        12,    16
2026.07.10,15:30        ,15:45       ,Kreuther   ,         8,         8,    16
2026.07.10,15:45        ,16:00       ,Kreuther   ,         7,        14,    21
2026.07.10,16:00        ,16:15       ,Kreuther   ,        17,        25,    42
2026.07.10,16:15        ,16:30       ,Kreuther   ,        20,        13,    33
2026.07.10,16:30        ,16:45       ,Kreuther   ,        13,        14,    27
2026.07.10,16:45        ,17:00       ,Kreuther   ,        12,         5,    17
2026.07.10,17:00        ,17:15       ,Kreuther   ,         3,        10,    13
2026.07.10,17:15        ,17:30       ,Kreuther   ,        13,        11,    24
2026.07.10,17:30        ,17:45       ,Kreuther   ,        13,        12,    25
2026.07.10,17:45        ,18:00       ,Kreuther   ,        19,        12,    31
2026.07.10,18:00        ,18:15       ,Kreuther   ,        10,        13,    23
2026.07.10,18:15        ,18:30       ,Kreuther   ,        10,        10,    20
2026.07.10,18:30        ,18:45       ,Kreuther   ,        12,        13,    25
2026.07.10,18:45        ,19:00       ,Kreuther   ,        14,         8,    22
2026.07.10,19:00        ,19:15       ,Kreuther   ,         6,        12,    18
2026.07.10,19:15        ,19:30       ,Kreuther   ,         5,         3,     8
2026.07.10,19:30        ,19:45       ,Kreuther   ,         5,         5,    10
2026.07.10,19:45        ,20:00       ,Kreuther   ,        14,        12,    26
2026.07.10,20:00        ,20:15       ,Kreuther   ,        15,         6,    21
2026.07.10,20:15        ,20:30       ,Kreuther   ,         9,        11,    20
2026.07.10,20:30        ,20:45       ,Kreuther   ,         8,         5,    13
2026.07.10,20:45        ,21:00       ,Kreuther   ,         0,        14,    14
2026.07.10,21:00        ,21:15       ,Kreuther   ,         9,        12,    21
2026.07.10,21:15        ,21:30       ,Kreuther   ,         8,         6,    14
2026.07.10,21:30        ,21:45       ,Kreuther   ,         2,         5,     7
2026.07.10,21:45        ,22:00       ,Kreuther   ,         3,         3,     6
2026.07.10,22:00        ,22:15       ,Kreuther   ,         4,         5,     9
2026.07.10,22:15        ,22:30       ,Kreuther   ,         5,         9,    14
2026.07.10,22:30        ,22:45       ,Kreuther   ,         1,         7,     8
2026.07.10,22:45        ,23:00       ,Kreuther   ,         2,         8,    10
2026.07.10,23:00        ,23:15       ,Kreuther   ,         2,         3,     5
2026.07.10,23:15        ,23:30       ,Kreuther   ,         1,         2,     3
2026.07.10,23:30        ,23:45       ,Kreuther   ,         1,         7,     8
2026.07.10,23:45        ,00:00       ,Kreuther   ,         0,         2,     2
2026.07.11,00:00        ,00:15       ,Kreuther   ,         0,         2,     2
2026.07.11,00:15        ,00:30       ,Kreuther   ,         0,         1,     1
2026.07.11,00:30        ,00:45       ,Kreuther   ,         0,         3,     3
2026.07.11,00:45        ,01:00       ,Kreuther   ,         3,         1,     4
2026.07.11,01:00        ,01:15       ,Kreuther   ,         0,         1,     1
2026.07.11,01:15        ,01:30       ,Kreuther   ,         0,         0,     0
2026.07.11,01:30        ,01:45       ,Kreuther   ,         1,         3,     4
2026.07.11,01:45        ,02:00       ,Kreuther   ,         0,         0,     0
2026.07.11,02:00        ,02:15       ,Kreuther   ,         0,         0,     0
2026.07.11,02:15        ,02:30       ,Kreuther   ,         0,         0,     0
2026.07.11,02:30        ,02:45       ,Kreuther   ,         0,         0,     0
2026.07.11,02:45        ,03:00       ,Kreuther   ,         0,         0,     0
2026.07.11,03:00        ,03:15       ,Kreuther   ,         0,         1,     1
2026.07.11,03:15        ,03:30       ,Kreuther   ,         1,         0,     1
2026.07.11,03:30        ,03:45       ,Kreuther   ,         0,         0,     0
2026.07.11,03:45        ,04:00       ,Kreuther   ,         0,         0,     0
2026.07.11,04:00        ,04:15       ,Kreuther   ,         1,         0,     1
2026.07.11,04:15        ,04:30       ,Kreuther   ,         0,         0,     0
2026.07.11,04:30        ,04:45       ,Kreuther   ,         0,         0,     0
2026.07.11,04:45        ,05:00       ,Kreuther   ,         0,         1,     1
2026.07.11,05:00        ,05:15       ,Kreuther   ,         0,         0,     0
2026.07.11,05:15        ,05:30       ,Kreuther   ,         1,         1,     2
2026.07.11,05:30        ,05:45       ,Kreuther   ,         0,         0,     0
2026.07.11,05:45        ,06:00       ,Kreuther   ,         0,         1,     1
2026.07.11,06:00        ,06:15       ,Kreuther   ,         1,         1,     2
2026.07.11,06:15        ,06:30       ,Kreuther   ,         2,         1,     3
2026.07.11,06:30        ,06:45       ,Kreuther   ,         2,         0,     2
2026.07.11,06:45        ,07:00       ,Kreuther   ,         1,         2,     3
2026.07.11,07:00        ,07:15       ,Kreuther   ,         2,         0,     2
2026.07.11,07:15        ,07:30       ,Kreuther   ,         3,         0,     3
2026.07.11,07:30        ,07:45       ,Kreuther   ,         3,         1,     4
2026.07.11,07:45        ,08:00       ,Kreuther   ,         0,         1,     1
2026.07.11,08:00        ,08:15       ,Kreuther   ,         5,         0,     5
2026.07.11,08:15        ,08:30       ,Kreuther   ,         3,         1,     4
2026.07.11,08:30        ,08:45       ,Kreuther   ,         5,         4,     9
2026.07.11,08:45        ,09:00       ,Kreuther   ,         6,         3,     9
2026.07.11,09:00        ,09:15       ,Kreuther   ,         2,         1,     3
2026.07.11,09:15        ,09:30       ,Kreuther   ,        12,         6,    18
2026.07.11,09:30        ,09:45       ,Kreuther   ,        11,         6,    17
2026.07.11,09:45        ,10:00       ,Kreuther   ,         2,        13,    15
2026.07.11,10:00        ,10:15       ,Kreuther   ,         8,         2,    10
2026.07.11,10:15        ,10:30       ,Kreuther   ,        13,         7,    20
2026.07.11,10:30        ,10:45       ,Kreuther   ,         7,         4,    11
2026.07.11,10:45        ,11:00       ,Kreuther   ,         9,         5,    14
2026.07.11,11:00        ,11:15       ,Kreuther   ,        14,         8,    22
2026.07.11,11:15        ,11:30       ,Kreuther   ,         9,         6,    15
2026.07.11,11:30        ,11:45       ,Kreuther   ,        12,         4,    16
2026.07.11,11:45        ,12:00       ,Kreuther   ,        13,         1,    14
2026.07.11,12:00        ,12:15       ,Kreuther   ,         2,        10,    12
2026.07.11,12:15        ,12:30       ,Kreuther   ,         2,         4,     6
2026.07.11,12:30        ,12:45       ,Kreuther   ,         8,        11,    19
2026.07.11,12:45        ,13:00       ,Kreuther   ,         3,         8,    11
2026.07.11,13:00        ,13:15       ,Kreuther   ,         7,         1,     8
2026.07.11,13:15        ,13:30       ,Kreuther   ,         8,         6,    14
2026.07.11,13:30        ,13:45       ,Kreuther   ,        17,         5,    22
2026.07.11,13:45        ,14:00       ,Kreuther   ,         6,         9,    15
2026.07.11,14:00        ,14:15       ,Kreuther   ,         8,         3,    11
2026.07.11,14:15        ,14:30       ,Kreuther   ,         3,         9,    12
2026.07.11,14:30        ,14:45       ,Kreuther   ,         8,        12,    20
2026.07.11,14:45        ,15:00       ,Kreuther   ,         3,        10,    13
2026.07.11,15:00        ,15:15       ,Kreuther   ,         3,        11,    14
2026.07.11,15:15        ,15:30       ,Kreuther   ,        10,         5,    15
2026.07.11,15:30        ,15:45       ,Kreuther   ,         5,         8,    13
2026.07.11,15:45        ,16:00       ,Kreuther   ,        13,         3,    16
2026.07.11,16:00        ,16:15       ,Kreuther   ,         8,         8,    16
2026.07.11,16:15        ,16:30       ,Kreuther   ,        13,         3,    16
2026.07.11,16:30        ,16:45       ,Kreuther   ,         6,         6,    12
2026.07.11,16:45        ,17:00       ,Kreuther   ,        10,         7,    17
2026.07.11,17:00        ,17:15       ,Kreuther   ,         9,        15,    24
2026.07.11,17:15        ,17:30       ,Kreuther   ,         3,         7,    10
2026.07.11,17:30        ,17:45       ,Kreuther   ,         7,        14,    21
2026.07.11,17:45        ,18:00       ,Kreuther   ,         9,        12,    21
2026.07.11,18:00        ,18:15       ,Kreuther   ,         6,         6,    12
2026.07.11,18:15        ,18:30       ,Kreuther   ,         8,         5,    13
2026.07.11,18:30        ,18:45       ,Kreuther   ,        12,        13,    25
2026.07.11,18:45        ,19:00       ,Kreuther   ,         5,         8,    13
2026.07.11,19:00        ,19:15       ,Kreuther   ,         4,         8,    12
2026.07.11,19:15        ,19:30       ,Kreuther   ,         9,         7,    16
2026.07.11,19:30        ,19:45       ,Kreuther   ,         7,         7,    14
2026.07.11,19:45        ,20:00       ,Kreuther   ,         1,        16,    17
2026.07.11,20:00        ,20:15       ,Kreuther   ,         4,         4,     8
2026.07.11,20:15        ,20:30       ,Kreuther   ,         6,         9,    15
2026.07.11,20:30        ,20:45       ,Kreuther   ,         9,        21,    30
2026.07.11,20:45        ,21:00       ,Kreuther   ,         5,         9,    14
2026.07.11,21:00        ,21:15       ,Kreuther   ,         5,         0,     5
2026.07.11,21:15        ,21:30       ,Kreuther   ,         7,         8,    15
2026.07.11,21:30        ,21:45       ,Kreuther   ,         4,         9,    13
2026.07.11,21:45        ,22:00       ,Kreuther   ,         3,         1,     4
2026.07.11,22:00        ,22:15       ,Kreuther   ,        10,         6,    16
2026.07.11,22:15        ,22:30       ,Kreuther   ,         3,         7,    10
2026.07.11,22:30        ,22:45       ,Kreuther   ,         3,         5,     8
2026.07.11,22:45        ,23:00       ,Kreuther   ,         1,         3,     4
2026.07.11,23:00        ,23:15       ,Kreuther   ,         4,         3,     7
2026.07.11,23:15        ,23:30       ,Kreuther   ,         1,        12,    13
2026.07.11,23:30        ,23:45       ,Kreuther   ,         0,         0,     0
2026.07.11,23:45        ,00:00       ,Kreuther   ,         1,         0,     1
2026.07.12,00:00        ,00:15       ,Kreuther   ,         0,         0,     0
2026.07.12,00:15        ,00:30       ,Kreuther   ,         0,         4,     4
2026.07.12,00:30        ,00:45       ,Kreuther   ,         3,         3,     6
2026.07.12,00:45        ,01:00       ,Kreuther   ,         0,         0,     0
2026.07.12,01:00        ,01:15       ,Kreuther   ,         0,         2,     2
2026.07.12,01:15        ,01:30       ,Kreuther   ,         0,         1,     1
2026.07.12,01:30        ,01:45       ,Kreuther   ,         0,         1,     1
2026.07.12,01:45        ,02:00       ,Kreuther   ,         0,         0,     0
2026.07.12,02:00        ,02:15       ,Kreuther   ,         0,         0,     0
2026.07.12,02:15        ,02:30       ,Kreuther   ,         0,         0,     0
2026.07.12,02:30        ,02:45       ,Kreuther   ,         0,         2,     2
2026.07.12,02:45        ,03:00       ,Kreuther   ,         0,         0,     0
2026.07.12,03:00        ,03:15       ,Kreuther   ,         0,         0,     0
2026.07.12,03:15        ,03:30       ,Kreuther   ,         0,         1,     1
2026.07.12,03:30        ,03:45       ,Kreuther   ,         0,         0,     0
2026.07.12,03:45        ,04:00       ,Kreuther   ,         0,         0,     0
2026.07.12,04:00        ,04:15       ,Kreuther   ,         1,         0,     1
2026.07.12,04:15        ,04:30       ,Kreuther   ,         0,         0,     0
2026.07.12,04:30        ,04:45       ,Kreuther   ,         0,         0,     0
2026.07.12,04:45        ,05:00       ,Kreuther   ,         0,         0,     0
2026.07.12,05:00        ,05:15       ,Kreuther   ,         0,         1,     1
2026.07.12,05:15        ,05:30       ,Kreuther   ,         0,         1,     1
2026.07.12,05:30        ,05:45       ,Kreuther   ,         0,         0,     0
2026.07.12,05:45        ,06:00       ,Kreuther   ,         0,         0,     0
2026.07.12,06:00        ,06:15       ,Kreuther   ,         0,         0,     0
2026.07.12,06:15        ,06:30       ,Kreuther   ,         0,         1,     1
2026.07.12,06:30        ,06:45       ,Kreuther   ,         0,         0,     0
2026.07.12,06:45        ,07:00       ,Kreuther   ,         0,         0,     0
2026.07.12,07:00        ,07:15       ,Kreuther   ,         0,         1,     1
2026.07.12,07:15        ,07:30       ,Kreuther   ,         1,         0,     1
2026.07.12,07:30        ,07:45       ,Kreuther   ,         3,         1,     4
2026.07.12,07:45        ,08:00       ,Kreuther   ,         0,         0,     0
2026.07.12,08:00        ,08:15       ,Kreuther   ,         1,         3,     4
2026.07.12,08:15        ,08:30       ,Kreuther   ,         0,         2,     2
2026.07.12,08:30        ,08:45       ,Kreuther   ,         1,         0,     1
2026.07.12,08:45        ,09:00       ,Kreuther   ,         9,         3,    12
2026.07.12,09:00        ,09:15       ,Kreuther   ,         4,         2,     6
2026.07.12,09:15        ,09:30       ,Kreuther   ,         8,         5,    13
2026.07.12,09:30        ,09:45       ,Kreuther   ,         7,         0,     7
2026.07.12,09:45        ,10:00       ,Kreuther   ,         6,         3,     9
2026.07.12,10:00        ,10:15       ,Kreuther   ,         4,         3,     7
2026.07.12,10:15        ,10:30       ,Kreuther   ,         3,         2,     5
2026.07.12,10:30        ,10:45       ,Kreuther   ,        10,         3,    13
2026.07.12,10:45        ,11:00       ,Kreuther   ,         8,         3,    11
2026.07.12,11:00        ,11:15       ,Kreuther   ,         3,         6,     9
2026.07.12,11:15        ,11:30       ,Kreuther   ,        13,         1,    14
2026.07.12,11:30        ,11:45       ,Kreuther   ,         7,         3,    10
2026.07.12,11:45        ,12:00       ,Kreuther   ,         4,         6,    10
2026.07.12,12:00        ,12:15       ,Kreuther   ,         2,         8,    10
2026.07.12,12:15        ,12:30       ,Kreuther   ,         6,         3,     9
2026.07.12,12:30        ,12:45       ,Kreuther   ,         7,         3,    10
2026.07.12,12:45        ,13:00       ,Kreuther   ,         4,         3,     7
2026.07.12,13:00        ,13:15       ,Kreuther   ,         5,         2,     7
2026.07.12,13:15        ,13:30       ,Kreuther   ,        13,         6,    19
2026.07.12,13:30        ,13:45       ,Kreuther   ,        19,         7,    26
2026.07.12,13:45        ,14:00       ,Kreuther   ,        12,        20,    32
2026.07.12,14:00        ,14:15       ,Kreuther   ,         6,         2,     8
2026.07.12,14:15        ,14:30       ,Kreuther   ,         0,         6,     6
2026.07.12,14:30        ,14:45       ,Kreuther   ,        13,         4,    17
2026.07.12,14:45        ,15:00       ,Kreuther   ,        10,        16,    26
2026.07.12,15:00        ,15:15       ,Kreuther   ,         3,         9,    12
2026.07.12,15:15        ,15:30       ,Kreuther   ,         7,         7,    14
2026.07.12,15:30        ,15:45       ,Kreuther   ,         4,         4,     8
2026.07.12,15:45        ,16:00       ,Kreuther   ,         8,         8,    16
2026.07.12,16:00        ,16:15       ,Kreuther   ,        11,         6,    17
2026.07.12,16:15        ,16:30       ,Kreuther   ,        10,        12,    22
2026.07.12,16:30        ,16:45       ,Kreuther   ,         7,         5,    12
2026.07.12,16:45        ,17:00       ,Kreuther   ,         5,         6,    11
2026.07.12,17:00        ,17:15       ,Kreuther   ,         9,        10,    19
2026.07.12,17:15        ,17:30       ,Kreuther   ,         8,         3,    11
2026.07.12,17:30        ,17:45       ,Kreuther   ,         7,         6,    13
2026.07.12,17:45        ,18:00       ,Kreuther   ,        10,         1,    11
2026.07.12,18:00        ,18:15       ,Kreuther   ,         8,         4,    12
2026.07.12,18:15        ,18:30       ,Kreuther   ,         5,        14,    19
2026.07.12,18:30        ,18:45       ,Kreuther   ,         4,         4,     8
2026.07.12,18:45        ,19:00       ,Kreuther   ,        10,        12,    22
2026.07.12,19:00        ,19:15       ,Kreuther   ,         8,        10,    18
2026.07.12,19:15        ,19:30       ,Kreuther   ,         6,        10,    16
2026.07.12,19:30        ,19:45       ,Kreuther   ,         5,         6,    11
2026.07.12,19:45        ,20:00       ,Kreuther   ,         4,         3,     7
2026.07.12,20:00        ,20:15       ,Kreuther   ,         8,        10,    18
2026.07.12,20:15        ,20:30       ,Kreuther   ,         5,        10,    15
2026.07.12,20:30        ,20:45       ,Kreuther   ,         8,         8,    16
2026.07.12,20:45        ,21:00       ,Kreuther   ,         3,        13,    16
2026.07.12,21:00        ,21:15       ,Kreuther   ,         2,         5,     7
2026.07.12,21:15        ,21:30       ,Kreuther   ,         5,         5,    10
2026.07.12,21:30        ,21:45       ,Kreuther   ,         0,        10,    10
2026.07.12,21:45        ,22:00       ,Kreuther   ,         4,         4,     8
2026.07.12,22:00        ,22:15       ,Kreuther   ,         1,         1,     2
2026.07.12,22:15        ,22:30       ,Kreuther   ,         2,         3,     5
2026.07.12,22:30        ,22:45       ,Kreuther   ,         2,         2,     4
2026.07.12,22:45        ,23:00       ,Kreuther   ,         2,         4,     6
2026.07.12,23:00        ,23:15       ,Kreuther   ,         4,         0,     4
2026.07.12,23:15        ,23:30       ,Kreuther   ,         1,         3,     4
2026.07.12,23:30        ,23:45       ,Kreuther   ,         1,         1,     2
2026.07.12,23:45        ,00:00       ,Kreuther   ,         0,         4,     4
2026.07.13,00:00        ,00:15       ,Kreuther   ,         1,         1,     2
2026.07.13,00:15        ,00:30       ,Kreuther   ,         0,         0,     0
2026.07.13,00:30        ,00:45       ,Kreuther   ,         0,         0,     0
2026.07.13,00:45        ,01:00       ,Kreuther   ,         0,         0,     0
2026.07.13,01:00        ,01:15       ,Kreuther   ,         0,         0,     0
2026.07.13,01:15        ,01:30       ,Kreuther   ,         0,         0,     0
2026.07.13,01:30        ,01:45       ,Kreuther   ,         0,         1,     1
2026.07.13,01:45        ,02:00       ,Kreuther   ,         1,         0,     1
2026.07.13,02:00        ,02:15       ,Kreuther   ,         1,         0,     1
2026.07.13,02:15        ,02:30       ,Kreuther   ,         0,         0,     0
2026.07.13,02:30        ,02:45       ,Kreuther   ,         0,         0,     0
2026.07.13,02:45        ,03:00       ,Kreuther   ,         0,         1,     1
2026.07.13,03:00        ,03:15       ,Kreuther   ,         0,         0,     0
2026.07.13,03:15        ,03:30       ,Kreuther   ,         0,         0,     0
2026.07.13,03:30        ,03:45       ,Kreuther   ,         0,         0,     0
2026.07.13,03:45        ,04:00       ,Kreuther   ,         0,         0,     0
2026.07.13,04:00        ,04:15       ,Kreuther   ,         0,         1,     1
2026.07.13,04:15        ,04:30       ,Kreuther   ,         0,         0,     0
2026.07.13,04:30        ,04:45       ,Kreuther   ,         0,         0,     0
2026.07.13,04:45        ,05:00       ,Kreuther   ,         0,         0,     0
2026.07.13,05:00        ,05:15       ,Kreuther   ,         2,         1,     3
2026.07.13,05:15        ,05:30       ,Kreuther   ,         4,         0,     4
2026.07.13,05:30        ,05:45       ,Kreuther   ,         3,         2,     5
2026.07.13,05:45        ,06:00       ,Kreuther   ,         2,         0,     2
2026.07.13,06:00        ,06:15       ,Kreuther   ,         2,         2,     4
2026.07.13,06:15        ,06:30       ,Kreuther   ,         5,         3,     8
2026.07.13,06:30        ,06:45       ,Kreuther   ,         7,         2,     9
2026.07.13,06:45        ,07:00       ,Kreuther   ,         8,         2,    10
2026.07.13,07:00        ,07:15       ,Kreuther   ,         7,         4,    11
2026.07.13,07:15        ,07:30       ,Kreuther   ,        20,         7,    27
2026.07.13,07:30        ,07:45       ,Kreuther   ,        58,         7,    65
2026.07.13,07:45        ,08:00       ,Kreuther   ,        27,        15,    42
2026.07.13,08:00        ,08:15       ,Kreuther   ,        43,         4,    47
2026.07.13,08:15        ,08:30       ,Kreuther   ,        32,        10,    42
2026.07.13,08:30        ,08:45       ,Kreuther   ,        30,         7,    37
2026.07.13,08:45        ,09:00       ,Kreuther   ,        26,         3,    29
2026.07.13,09:00        ,09:15       ,Kreuther   ,        21,         7,    28
2026.07.13,09:15        ,09:30       ,Kreuther   ,        18,         5,    23
2026.07.13,09:30        ,09:45       ,Kreuther   ,        11,         5,    16
2026.07.13,09:45        ,10:00       ,Kreuther   ,         9,         6,    15
2026.07.13,10:00        ,10:15       ,Kreuther   ,         3,         2,     5
2026.07.13,10:15        ,10:30       ,Kreuther   ,        12,         1,    13
2026.07.13,10:30        ,10:45       ,Kreuther   ,         9,         1,    10
2026.07.13,10:45        ,11:00       ,Kreuther   ,         4,         3,     7
2026.07.13,11:00        ,11:15       ,Kreuther   ,         7,         2,     9
2026.07.13,11:15        ,11:30       ,Kreuther   ,         8,         7,    15
2026.07.13,11:30        ,11:45       ,Kreuther   ,         8,         5,    13
2026.07.13,11:45        ,12:00       ,Kreuther   ,         8,         6,    14
2026.07.13,12:00        ,12:15       ,Kreuther   ,        12,         5,    17
2026.07.13,12:15        ,12:30       ,Kreuther   ,         6,         6,    12
2026.07.13,12:30        ,12:45       ,Kreuther   ,         6,        10,    16
2026.07.13,12:45        ,13:00       ,Kreuther   ,         5,         3,     8
2026.07.13,13:00        ,13:15       ,Kreuther   ,         7,        11,    18
2026.07.13,13:15        ,13:30       ,Kreuther   ,        12,         5,    17
2026.07.13,13:30        ,13:45       ,Kreuther   ,         9,         6,    15
2026.07.13,13:45        ,14:00       ,Kreuther   ,         9,         7,    16
2026.07.13,14:00        ,14:15       ,Kreuther   ,         7,         5,    12
2026.07.13,14:15        ,14:30       ,Kreuther   ,         9,         6,    15
2026.07.13,14:30        ,14:45       ,Kreuther   ,         4,         6,    10
2026.07.13,14:45        ,15:00       ,Kreuther   ,        11,         6,    17
2026.07.13,15:00        ,15:15       ,Kreuther   ,        13,        10,    23
2026.07.13,15:15        ,15:30       ,Kreuther   ,         9,         7,    16
2026.07.13,15:30        ,15:45       ,Kreuther   ,        14,        22,    36
2026.07.13,15:45        ,16:00       ,Kreuther   ,         5,        17,    22
2026.07.13,16:00        ,16:15       ,Kreuther   ,        13,        13,    26
2026.07.13,16:15        ,16:30       ,Kreuther   ,        15,        16,    31
2026.07.13,16:30        ,16:45       ,Kreuther   ,         6,        19,    25
2026.07.13,16:45        ,17:00       ,Kreuther   ,        17,         9,    26
2026.07.13,17:00        ,17:15       ,Kreuther   ,        13,        14,    27
2026.07.13,17:15        ,17:30       ,Kreuther   ,        14,        21,    35
2026.07.13,17:30        ,17:45       ,Kreuther   ,        12,        13,    25
2026.07.13,17:45        ,18:00       ,Kreuther   ,         9,        13,    22
2026.07.13,18:00        ,18:15       ,Kreuther   ,         8,        14,    22
2026.07.13,18:15        ,18:30       ,Kreuther   ,         4,        13,    17
2026.07.13,18:30        ,18:45       ,Kreuther   ,        14,        15,    29
2026.07.13,18:45        ,19:00       ,Kreuther   ,         7,         4,    11
2026.07.13,19:00        ,19:15       ,Kreuther   ,        10,         7,    17
2026.07.13,19:15        ,19:30       ,Kreuther   ,         1,        10,    11
2026.07.13,19:30        ,19:45       ,Kreuther   ,         7,        12,    19
2026.07.13,19:45        ,20:00       ,Kreuther   ,         5,         4,     9
2026.07.13,20:00        ,20:15       ,Kreuther   ,         2,        10,    12
2026.07.13,20:15        ,20:30       ,Kreuther   ,        11,         9,    20
2026.07.13,20:30        ,20:45       ,Kreuther   ,         9,        16,    25
2026.07.13,20:45        ,21:00       ,Kreuther   ,         4,         4,     8
2026.07.13,21:00        ,21:15       ,Kreuther   ,         6,         4,    10
2026.07.13,21:15        ,21:30       ,Kreuther   ,         3,         4,     7
2026.07.13,21:30        ,21:45       ,Kreuther   ,         3,        11,    14
2026.07.13,21:45        ,22:00       ,Kreuther   ,         2,         7,     9
2026.07.13,22:00        ,22:15       ,Kreuther   ,         0,         0,     0
2026.07.13,22:15        ,22:30       ,Kreuther   ,         1,         6,     7
2026.07.13,22:30        ,22:45       ,Kreuther   ,         0,         3,     3
2026.07.13,22:45        ,23:00       ,Kreuther   ,         0,         4,     4
2026.07.13,23:00        ,23:15       ,Kreuther   ,         0,         4,     4
2026.07.13,23:15        ,23:30       ,Kreuther   ,         1,         2,     3
2026.07.13,23:30        ,23:45       ,Kreuther   ,         1,         7,     8
2026.07.13,23:45        ,00:00       ,Kreuther   ,         0,         1,     1
2026.07.14,00:00        ,00:15       ,Kreuther   ,         0,         0,     0
2026.07.14,00:15        ,00:30       ,Kreuther   ,         1,         1,     2
2026.07.14,00:30        ,00:45       ,Kreuther   ,         1,         0,     1
2026.07.14,00:45        ,01:00       ,Kreuther   ,         0,         0,     0
2026.07.14,01:00        ,01:15       ,Kreuther   ,         2,         0,     2
2026.07.14,01:15        ,01:30       ,Kreuther   ,         0,         0,     0
2026.07.14,01:30        ,01:45       ,Kreuther   ,         0,         0,     0
2026.07.14,01:45        ,02:00       ,Kreuther   ,         0,         0,     0
2026.07.14,02:00        ,02:15       ,Kreuther   ,         0,         2,     2
2026.07.14,02:15        ,02:30       ,Kreuther   ,         0,         0,     0
2026.07.14,02:30        ,02:45       ,Kreuther   ,         0,         0,     0
2026.07.14,02:45        ,03:00       ,Kreuther   ,         0,         0,     0
2026.07.14,03:00        ,03:15       ,Kreuther   ,         0,         0,     0
2026.07.14,03:15        ,03:30       ,Kreuther   ,         2,         0,     2
2026.07.14,03:30        ,03:45       ,Kreuther   ,         0,         0,     0
2026.07.14,03:45        ,04:00       ,Kreuther   ,         0,         0,     0
2026.07.14,04:00        ,04:15       ,Kreuther   ,         0,         0,     0
2026.07.14,04:15        ,04:30       ,Kreuther   ,         0,         0,     0
2026.07.14,04:30        ,04:45       ,Kreuther   ,         0,         0,     0
2026.07.14,04:45        ,05:00       ,Kreuther   ,         0,         0,     0
2026.07.14,05:00        ,05:15       ,Kreuther   ,         0,         2,     2
2026.07.14,05:15        ,05:30       ,Kreuther   ,         1,         4,     5
2026.07.14,05:30        ,05:45       ,Kreuther   ,         2,         3,     5
2026.07.14,05:45        ,06:00       ,Kreuther   ,         0,         3,     3
2026.07.14,06:00        ,06:15       ,Kreuther   ,         2,         3,     5
2026.07.14,06:15        ,06:30       ,Kreuther   ,         1,         2,     3
2026.07.14,06:30        ,06:45       ,Kreuther   ,         4,         8,    12
2026.07.14,06:45        ,07:00       ,Kreuther   ,         0,         5,     5
2026.07.14,07:00        ,07:15       ,Kreuther   ,         7,         9,    16
2026.07.14,07:15        ,07:30       ,Kreuther   ,         4,        25,    29
2026.07.14,07:30        ,07:45       ,Kreuther   ,         6,        54,    60
2026.07.14,07:45        ,08:00       ,Kreuther   ,        10,        33,    43
2026.07.14,08:00        ,08:15       ,Kreuther   ,        15,        44,    59
2026.07.14,08:15        ,08:30       ,Kreuther   ,         9,        35,    44
2026.07.14,08:30        ,08:45       ,Kreuther   ,         8,        32,    40
2026.07.14,08:45        ,09:00       ,Kreuther   ,         4,         9,    13
2026.07.14,09:00        ,09:15       ,Kreuther   ,         2,        22,    24
2026.07.14,09:15        ,09:30       ,Kreuther   ,         2,        11,    13
2026.07.14,09:30        ,09:45       ,Kreuther   ,         3,         7,    10
2026.07.14,09:45        ,10:00       ,Kreuther   ,         6,         5,    11
2026.07.14,10:00        ,10:15       ,Kreuther   ,         3,         5,     8
2026.07.14,10:15        ,10:30       ,Kreuther   ,         3,         2,     5
2026.07.14,10:30        ,10:45       ,Kreuther   ,         1,         2,     3
2026.07.14,10:45        ,11:00       ,Kreuther   ,         4,         3,     7
2026.07.14,11:00        ,11:15       ,Kreuther   ,         6,         2,     8
2026.07.14,11:15        ,11:30       ,Kreuther   ,         3,         6,     9
2026.07.14,11:30        ,11:45       ,Kreuther   ,         2,         2,     4
2026.07.14,11:45        ,12:00       ,Kreuther   ,         0,         1,     1
2026.07.14,12:00        ,12:15       ,Kreuther   ,         1,         4,     5
2026.07.14,12:15        ,12:30       ,Kreuther   ,         3,         3,     6
2026.07.14,12:30        ,12:45       ,Kreuther   ,         6,         4,    10
2026.07.14,12:45        ,13:00       ,Kreuther   ,         6,         1,     7
2026.07.14,13:00        ,13:15       ,Kreuther   ,         5,         4,     9
2026.07.14,13:15        ,13:30       ,Kreuther   ,         8,        11,    19
2026.07.14,13:30        ,13:45       ,Kreuther   ,         8,         4,    12
2026.07.14,13:45        ,14:00       ,Kreuther   ,         6,         8,    14
2026.07.14,14:00        ,14:15       ,Kreuther   ,         4,         7,    11
2026.07.14,14:15        ,14:30       ,Kreuther   ,         8,         3,    11
2026.07.14,14:30        ,14:45       ,Kreuther   ,         8,         7,    15
2026.07.14,14:45        ,15:00       ,Kreuther   ,        11,         9,    20
2026.07.14,15:00        ,15:15       ,Kreuther   ,         8,        13,    21
2026.07.14,15:15        ,15:30       ,Kreuther   ,        16,         9,    25
2026.07.14,15:30        ,15:45       ,Kreuther   ,        12,        15,    27
2026.07.14,15:45        ,16:00       ,Kreuther   ,        15,        12,    27
2026.07.14,16:00        ,16:15       ,Kreuther   ,        17,         8,    25
2026.07.14,16:15        ,16:30       ,Kreuther   ,         9,         6,    15
2026.07.14,16:30        ,16:45       ,Kreuther   ,        15,        10,    25
2026.07.14,16:45        ,17:00       ,Kreuther   ,        13,        18,    31
2026.07.14,17:00        ,17:15       ,Kreuther   ,        16,         8,    24
2026.07.14,17:15        ,17:30       ,Kreuther   ,        24,        11,    35
2026.07.14,17:30        ,17:45       ,Kreuther   ,        16,         6,    22
2026.07.14,17:45        ,18:00       ,Kreuther   ,        26,        19,    45
2026.07.14,18:00        ,18:15       ,Kreuther   ,        10,        12,    22
2026.07.14,18:15        ,18:30       ,Kreuther   ,        19,         9,    28
2026.07.14,18:30        ,18:45       ,Kreuther   ,        14,        12,    26
2026.07.14,18:45        ,19:00       ,Kreuther   ,        10,         3,    13
2026.07.14,19:00        ,19:15       ,Kreuther   ,         7,        11,    18
2026.07.14,19:15        ,19:30       ,Kreuther   ,         7,        12,    19
2026.07.14,19:30        ,19:45       ,Kreuther   ,         5,         8,    13
2026.07.14,19:45        ,20:00       ,Kreuther   ,        16,         7,    23
2026.07.14,20:00        ,20:15       ,Kreuther   ,        13,         9,    22
2026.07.14,20:15        ,20:30       ,Kreuther   ,         4,         1,     5
2026.07.14,20:30        ,20:45       ,Kreuther   ,         5,         0,     5
2026.07.14,20:45        ,21:00       ,Kreuther   ,         7,         5,    12
2026.07.14,21:00        ,21:15       ,Kreuther   ,         7,         4,    11
2026.07.14,21:15        ,21:30       ,Kreuther   ,         6,         0,     6
2026.07.14,21:30        ,21:45       ,Kreuther   ,         2,         2,     4
2026.07.14,21:45        ,22:00       ,Kreuther   ,         4,         7,    11
2026.07.14,22:00        ,22:15       ,Kreuther   ,         1,         5,     6
2026.07.14,22:15        ,22:30       ,Kreuther   ,         3,         0,     3
2026.07.14,22:30        ,22:45       ,Kreuther   ,         0,         0,     0
2026.07.14,22:45        ,23:00       ,Kreuther   ,         1,         0,     1
2026.07.14,23:00        ,23:15       ,Kreuther   ,         1,         1,     2
2026.07.14,23:15        ,23:30       ,Kreuther   ,         3,         5,     8
2026.07.14,23:30        ,23:45       ,Kreuther   ,         1,         0,     1
2026.07.14,23:45        ,00:00       ,Kreuther   ,         0,         1,     1
2026.07.15,00:00        ,00:15       ,Kreuther   ,         0,         1,     1
2026.07.15,00:15        ,00:30       ,Kreuther   ,         0,         0,     0
2026.07.15,00:30        ,00:45       ,Kreuther   ,         0,         0,     0
2026.07.15,00:45        ,01:00       ,Kreuther   ,         0,         0,     0
2026.07.15,01:00        ,01:15       ,Kreuther   ,         0,         0,     0
2026.07.15,01:15        ,01:30       ,Kreuther   ,         1,         0,     1
2026.07.15,01:30        ,01:45       ,Kreuther   ,         0,         0,     0
2026.07.15,01:45        ,02:00       ,Kreuther   ,         0,         0,     0
2026.07.15,02:00        ,02:15       ,Kreuther   ,         0,         1,     1
2026.07.15,02:15        ,02:30       ,Kreuther   ,         0,         0,     0
2026.07.15,02:30        ,02:45       ,Kreuther   ,         0,         0,     0
2026.07.15,02:45        ,03:00       ,Kreuther   ,         0,         2,     2
2026.07.15,03:00        ,03:15       ,Kreuther   ,         0,         0,     0
2026.07.15,03:15        ,03:30       ,Kreuther   ,         0,         0,     0
2026.07.15,03:30        ,03:45       ,Kreuther   ,         0,         0,     0
2026.07.15,03:45        ,04:00       ,Kreuther   ,         0,         0,     0
2026.07.15,04:00        ,04:15       ,Kreuther   ,         0,         0,     0
2026.07.15,04:15        ,04:30       ,Kreuther   ,         0,         0,     0
2026.07.15,04:30        ,04:45       ,Kreuther   ,         0,         0,     0
2026.07.15,04:45        ,05:00       ,Kreuther   ,         0,         0,     0
2026.07.15,05:00        ,05:15       ,Kreuther   ,         0,         2,     2
2026.07.15,05:15        ,05:30       ,Kreuther   ,         1,         3,     4
2026.07.15,05:30        ,05:45       ,Kreuther   ,         2,         0,     2
2026.07.15,05:45        ,06:00       ,Kreuther   ,         0,         3,     3
2026.07.15,06:00        ,06:15       ,Kreuther   ,         2,         1,     3
2026.07.15,06:15        ,06:30       ,Kreuther   ,         1,         5,     6
2026.07.15,06:30        ,06:45       ,Kreuther   ,         1,         8,     9
2026.07.15,06:45        ,07:00       ,Kreuther   ,         2,         5,     7
2026.07.15,07:00        ,07:15       ,Kreuther   ,         3,        11,    14
2026.07.15,07:15        ,07:30       ,Kreuther   ,         4,        15,    19
2026.07.15,07:30        ,07:45       ,Kreuther   ,        14,        41,    55
2026.07.15,07:45        ,08:00       ,Kreuther   ,        14,        23,    37
2026.07.15,08:00        ,08:15       ,Kreuther   ,         4,        27,    31
2026.07.15,08:15        ,08:30       ,Kreuther   ,         8,        26,    34
2026.07.15,08:30        ,08:45       ,Kreuther   ,         2,        21,    23
2026.07.15,08:45        ,09:00       ,Kreuther   ,         6,        17,    23
2026.07.15,09:00        ,09:15       ,Kreuther   ,         1,        11,    12
2026.07.15,09:15        ,09:30       ,Kreuther   ,         4,        11,    15
2026.07.15,09:30        ,09:45       ,Kreuther   ,         9,         5,    14
2026.07.15,09:45        ,10:00       ,Kreuther   ,         1,        10,    11
2026.07.15,10:00        ,10:15       ,Kreuther   ,         2,         7,     9
2026.07.15,10:15        ,10:30       ,Kreuther   ,         4,         4,     8
2026.07.15,10:30        ,10:45       ,Kreuther   ,         1,         3,     4
2026.07.15,10:45        ,11:00       ,Kreuther   ,         1,        11,    12
2026.07.15,11:00        ,11:15       ,Kreuther   ,         0,         1,     1
2026.07.15,11:15        ,11:30       ,Kreuther   ,         2,         6,     8
2026.07.15,11:30        ,11:45       ,Kreuther   ,         1,         6,     7
2026.07.15,11:45        ,12:00       ,Kreuther   ,         2,         5,     7
2026.07.15,12:00        ,12:15       ,Kreuther   ,         1,         7,     8
2026.07.15,12:15        ,12:30       ,Kreuther   ,        10,         3,    13
2026.07.15,12:30        ,12:45       ,Kreuther   ,         5,         5,    10
2026.07.15,12:45        ,13:00       ,Kreuther   ,         5,         5,    10
2026.07.15,13:00        ,13:15       ,Kreuther   ,         3,         8,    11
2026.07.15,13:15        ,13:30       ,Kreuther   ,         5,         8,    13
2026.07.15,13:30        ,13:45       ,Kreuther   ,         7,         9,    16
2026.07.15,13:45        ,14:00       ,Kreuther   ,         3,         7,    10
2026.07.15,14:00        ,14:15       ,Kreuther   ,         0,         6,     6
2026.07.15,14:15        ,14:30       ,Kreuther   ,         5,         3,     8
2026.07.15,14:30        ,14:45       ,Kreuther   ,         8,        12,    20
2026.07.15,14:45        ,15:00       ,Kreuther   ,         6,         5,    11
2026.07.15,15:00        ,15:15       ,Kreuther   ,         9,         8,    17
2026.07.15,15:15        ,15:30       ,Kreuther   ,         6,         7,    13
2026.07.15,15:30        ,15:45       ,Kreuther   ,        11,        12,    23
2026.07.15,15:45        ,16:00       ,Kreuther   ,        18,         7,    25
2026.07.15,16:00        ,16:15       ,Kreuther   ,         9,         8,    17
2026.07.15,16:15        ,16:30       ,Kreuther   ,        10,         5,    15
2026.07.15,16:30        ,16:45       ,Kreuther   ,        13,         9,    22
2026.07.15,16:45        ,17:00       ,Kreuther   ,         7,         7,    14
2026.07.15,17:00        ,17:15       ,Kreuther   ,        20,         7,    27
2026.07.15,17:15        ,17:30       ,Kreuther   ,        14,         5,    19
2026.07.15,17:30        ,17:45       ,Kreuther   ,         8,         9,    17
2026.07.15,17:45        ,18:00       ,Kreuther   ,         7,        12,    19
2026.07.15,18:00        ,18:15       ,Kreuther   ,        16,         8,    24
2026.07.15,18:15        ,18:30       ,Kreuther   ,         9,        12,    21
2026.07.15,18:30        ,18:45       ,Kreuther   ,        10,         8,    18
2026.07.15,18:45        ,19:00       ,Kreuther   ,        12,         5,    17
2026.07.15,19:00        ,19:15       ,Kreuther   ,         2,         5,     7
2026.07.15,19:15        ,19:30       ,Kreuther   ,         8,         4,    12
2026.07.15,19:30        ,19:45       ,Kreuther   ,         5,         5,    10
2026.07.15,19:45        ,20:00       ,Kreuther   ,         7,         4,    11
2026.07.15,20:00        ,20:15       ,Kreuther   ,         4,         4,     8
2026.07.15,20:15        ,20:30       ,Kreuther   ,        15,         3,    18
2026.07.15,20:30        ,20:45       ,Kreuther   ,         5,         3,     8
2026.07.15,20:45        ,21:00       ,Kreuther   ,         6,         2,     8
2026.07.15,21:00        ,21:15       ,Kreuther   ,         5,         5,    10
2026.07.15,21:15        ,21:30       ,Kreuther   ,         5,         0,     5
2026.07.15,21:30        ,21:45       ,Kreuther   ,         4,         3,     7
2026.07.15,21:45        ,22:00       ,Kreuther   ,         3,         2,     5
2026.07.15,22:00        ,22:15       ,Kreuther   ,         3,         0,     3
2026.07.15,22:15        ,22:30       ,Kreuther   ,         4,         1,     5
2026.07.15,22:30        ,22:45       ,Kreuther   ,         5,         3,     8
2026.07.15,22:45        ,23:00       ,Kreuther   ,         4,         0,     4
2026.07.15,23:00        ,23:15       ,Kreuther   ,         0,         3,     3
2026.07.15,23:15        ,23:30       ,Kreuther   ,         2,         1,     3
2026.07.15,23:30        ,23:45       ,Kreuther   ,         0,         1,     1
2026.07.15,23:45        ,00:00       ,Kreuther   ,         1,         1,     2
2026.07.16,00:00        ,00:15       ,Kreuther   ,         1,         1,     2
2026.07.16,00:15        ,00:30       ,Kreuther   ,         1,         0,     1
2026.07.16,00:30        ,00:45       ,Kreuther   ,         1,         1,     2
2026.07.16,00:45        ,01:00       ,Kreuther   ,         0,         0,     0
2026.07.16,01:00        ,01:15       ,Kreuther   ,         1,         0,     1
2026.07.16,01:15        ,01:30       ,Kreuther   ,         0,         0,     0
2026.07.16,01:30        ,01:45       ,Kreuther   ,         0,         0,     0
2026.07.16,01:45        ,02:00       ,Kreuther   ,         0,         0,     0
2026.07.16,02:00        ,02:15       ,Kreuther   ,         0,         0,     0
2026.07.16,02:15        ,02:30       ,Kreuther   ,         0,         1,     1
2026.07.16,02:30        ,02:45       ,Kreuther   ,         0,         0,     0
2026.07.16,02:45        ,03:00       ,Kreuther   ,         0,         0,     0
2026.07.16,03:00        ,03:15       ,Kreuther   ,         0,         0,     0
2026.07.16,03:15        ,03:30       ,Kreuther   ,         0,         0,     0
2026.07.16,03:30        ,03:45       ,Kreuther   ,         0,         0,     0
2026.07.16,03:45        ,04:00       ,Kreuther   ,         0,         0,     0
2026.07.16,04:00        ,04:15       ,Kreuther   ,         0,         0,     0
2026.07.16,04:15        ,04:30       ,Kreuther   ,         0,         0,     0
2026.07.16,04:30        ,04:45       ,Kreuther   ,         0,         0,     0
2026.07.16,04:45        ,05:00       ,Kreuther   ,         0,         0,     0
2026.07.16,05:00        ,05:15       ,Kreuther   ,         0,         1,     1
2026.07.16,05:15        ,05:30       ,Kreuther   ,         1,         4,     5
2026.07.16,05:30        ,05:45       ,Kreuther   ,         1,         2,     3
2026.07.16,05:45        ,06:00       ,Kreuther   ,         1,         1,     2
2026.07.16,06:00        ,06:15       ,Kreuther   ,         0,         1,     1
2026.07.16,06:15        ,06:30       ,Kreuther   ,         2,         7,     9
2026.07.16,06:30        ,06:45       ,Kreuther   ,         2,         5,     7
2026.07.16,06:45        ,07:00       ,Kreuther   ,         3,         8,    11
2026.07.16,07:00        ,07:15       ,Kreuther   ,         3,         8,    11
2026.07.16,07:15        ,07:30       ,Kreuther   ,         7,        20,    27
2026.07.16,07:30        ,07:45       ,Kreuther   ,         3,        53,    56
2026.07.16,07:45        ,08:00       ,Kreuther   ,        11,        35,    46
2026.07.16,08:00        ,08:15       ,Kreuther   ,         7,        27,    34
2026.07.16,08:15        ,08:30       ,Kreuther   ,         7,        38,    45
2026.07.16,08:30        ,08:45       ,Kreuther   ,         4,        33,    37
2026.07.16,08:45        ,09:00       ,Kreuther   ,         3,        24,    27
2026.07.16,09:00        ,09:15       ,Kreuther   ,         8,        17,    25
2026.07.16,09:15        ,09:30       ,Kreuther   ,         4,        11,    15
2026.07.16,09:30        ,09:45       ,Kreuther   ,         3,        13,    16
2026.07.16,09:45        ,10:00       ,Kreuther   ,         3,         6,     9
2026.07.16,10:00        ,10:15       ,Kreuther   ,         3,         4,     7
2026.07.16,10:15        ,10:30       ,Kreuther   ,         8,         5,    13
2026.07.16,10:30        ,10:45       ,Kreuther   ,         4,        11,    15
2026.07.16,10:45        ,11:00       ,Kreuther   ,         3,         4,     7
2026.07.16,11:00        ,11:15       ,Kreuther   ,         6,         8,    14
2026.07.16,11:15        ,11:30       ,Kreuther   ,        10,        12,    22
2026.07.16,11:30        ,11:45       ,Kreuther   ,         7,        10,    17
2026.07.16,11:45        ,12:00       ,Kreuther   ,         6,         2,     8
2026.07.16,12:00        ,12:15       ,Kreuther   ,         5,         7,    12
2026.07.16,12:15        ,12:30       ,Kreuther   ,        10,        10,    20
2026.07.16,12:30        ,12:45       ,Kreuther   ,        10,         7,    17
2026.07.16,12:45        ,13:00       ,Kreuther   ,         2,         4,     6
2026.07.16,13:00        ,13:15       ,Kreuther   ,         6,         6,    12
2026.07.16,13:15        ,13:30       ,Kreuther   ,         9,        11,    20
2026.07.16,13:30        ,13:45       ,Kreuther   ,         6,         5,    11
2026.07.16,13:45        ,14:00       ,Kreuther   ,         5,         9,    14
2026.07.16,14:00        ,14:15       ,Kreuther   ,         9,         7,    16
2026.07.16,14:15        ,14:30       ,Kreuther   ,        14,         3,    17
2026.07.16,14:30        ,14:45       ,Kreuther   ,        10,        15,    25
2026.07.16,14:45        ,15:00       ,Kreuther   ,        14,        10,    24
2026.07.16,15:00        ,15:15       ,Kreuther   ,        10,        10,    20
2026.07.16,15:15        ,15:30       ,Kreuther   ,        17,        10,    27
2026.07.16,15:30        ,15:45       ,Kreuther   ,        19,        17,    36
2026.07.16,15:45        ,16:00       ,Kreuther   ,        15,        15,    30
2026.07.16,16:00        ,16:15       ,Kreuther   ,        25,         6,    31
2026.07.16,16:15        ,16:30       ,Kreuther   ,         8,        11,    19
2026.07.16,16:30        ,16:45       ,Kreuther   ,        18,         6,    24
2026.07.16,16:45        ,17:00       ,Kreuther   ,        19,        13,    32
2026.07.16,17:00        ,17:15       ,Kreuther   ,        11,        19,    30
2026.07.16,17:15        ,17:30       ,Kreuther   ,        14,         7,    21
2026.07.16,17:30        ,17:45       ,Kreuther   ,        12,         9,    21
2026.07.16,17:45        ,18:00       ,Kreuther   ,        22,        11,    33
2026.07.16,18:00        ,18:15       ,Kreuther   ,        11,         5,    16
2026.07.16,18:15        ,18:30       ,Kreuther   ,        11,        10,    21
2026.07.16,18:30        ,18:45       ,Kreuther   ,        13,         5,    18
2026.07.16,18:45        ,19:00       ,Kreuther   ,         9,        10,    19
2026.07.16,19:00        ,19:15       ,Kreuther   ,        14,        13,    27
2026.07.16,19:15        ,19:30       ,Kreuther   ,         6,         6,    12
2026.07.16,19:30        ,19:45       ,Kreuther   ,         8,         3,    11
2026.07.16,19:45        ,20:00       ,Kreuther   ,        13,         4,    17
2026.07.16,20:00        ,20:15       ,Kreuther   ,        11,         9,    20
2026.07.16,20:15        ,20:30       ,Kreuther   ,        13,        12,    25
2026.07.16,20:30        ,20:45       ,Kreuther   ,         6,         2,     8
2026.07.16,20:45        ,21:00       ,Kreuther   ,        18,         8,    26
2026.07.16,21:00        ,21:15       ,Kreuther   ,         5,         4,     9
2026.07.16,21:15        ,21:30       ,Kreuther   ,         7,         6,    13
2026.07.16,21:30        ,21:45       ,Kreuther   ,         6,         4,    10
2026.07.16,21:45        ,22:00       ,Kreuther   ,         7,         1,     8
2026.07.16,22:00        ,22:15       ,Kreuther   ,         5,         1,     6
2026.07.16,22:15        ,22:30       ,Kreuther   ,         2,         0,     2
2026.07.16,22:30        ,22:45       ,Kreuther   ,         2,         0,     2
2026.07.16,22:45        ,23:00       ,Kreuther   ,         0,         0,     0
2026.07.16,23:00        ,23:15       ,Kreuther   ,         0,         0,     0
2026.07.16,23:15        ,23:30       ,Kreuther   ,         0,         1,     1
2026.07.16,23:30        ,23:45       ,Kreuther   ,         1,         0,     1
2026.07.16,23:45        ,00:00       ,Kreuther   ,         0,         0,     0
2026.07.17,00:00        ,00:15       ,Kreuther   ,         0,         0,     0
2026.07.17,00:15        ,00:30       ,Kreuther   ,         0,         0,     0
2026.07.17,00:30        ,00:45       ,Kreuther   ,         0,         1,     1
2026.07.17,00:45        ,01:00       ,Kreuther   ,         0,         0,     0
2026.07.17,01:00        ,01:15       ,Kreuther   ,         0,         0,     0
2026.07.17,01:15        ,01:30       ,Kreuther   ,         0,         1,     1
2026.07.17,01:30        ,01:45       ,Kreuther   ,         1,         0,     1
2026.07.17,01:45        ,02:00       ,Kreuther   ,         0,         0,     0
2026.07.17,02:00        ,02:15       ,Kreuther   ,         0,         1,     1
2026.07.17,02:15        ,02:30       ,Kreuther   ,         0,         0,     0
2026.07.17,02:30        ,02:45       ,Kreuther   ,         0,         0,     0
2026.07.17,02:45        ,03:00       ,Kreuther   ,         0,         0,     0
2026.07.17,03:00        ,03:15       ,Kreuther   ,         0,         0,     0
2026.07.17,03:15        ,03:30       ,Kreuther   ,         0,         0,     0
2026.07.17,03:30        ,03:45       ,Kreuther   ,         0,         0,     0
2026.07.17,03:45        ,04:00       ,Kreuther   ,         0,         0,     0
2026.07.17,04:00        ,04:15       ,Kreuther   ,         0,         0,     0
2026.07.17,04:15        ,04:30       ,Kreuther   ,         0,         0,     0
2026.07.17,04:30        ,04:45       ,Kreuther   ,         0,         1,     1
2026.07.17,04:45        ,05:00       ,Kreuther   ,         0,         0,     0
2026.07.17,05:00        ,05:15       ,Kreuther   ,         0,         1,     1
2026.07.17,05:15        ,05:30       ,Kreuther   ,         0,         3,     3
2026.07.17,05:30        ,05:45       ,Kreuther   ,         1,         0,     1
2026.07.17,05:45        ,06:00       ,Kreuther   ,         0,         0,     0
2026.07.17,06:00        ,06:15       ,Kreuther   ,         0,         1,     1
2026.07.17,06:15        ,06:30       ,Kreuther   ,         2,         1,     3
2026.07.17,06:30        ,06:45       ,Kreuther   ,         0,         2,     2
2026.07.17,06:45        ,07:00       ,Kreuther   ,         3,         3,     6
2026.07.17,07:00        ,07:15       ,Kreuther   ,         3,         5,     8
2026.07.17,07:15        ,07:30       ,Kreuther   ,         3,        14,    17
2026.07.17,07:30        ,07:45       ,Kreuther   ,        13,        39,    52
2026.07.17,07:45        ,08:00       ,Kreuther   ,        10,        23,    33
2026.07.17,08:00        ,08:15       ,Kreuther   ,        11,        25,    36
2026.07.17,08:15        ,08:30       ,Kreuther   ,         4,        19,    23
2026.07.17,08:30        ,08:45       ,Kreuther   ,         2,        25,    27
2026.07.17,08:45        ,09:00       ,Kreuther   ,         6,        19,    25
2026.07.17,09:00        ,09:15       ,Kreuther   ,         3,         9,    12
2026.07.17,09:15        ,09:30       ,Kreuther   ,         4,         8,    12
2026.07.17,09:30        ,09:45       ,Kreuther   ,         2,         4,     6
2026.07.17,09:45        ,10:00       ,Kreuther   ,         2,        17,    19
2026.07.17,10:00        ,10:15       ,Kreuther   ,         4,         3,     7
2026.07.17,10:15        ,10:30       ,Kreuther   ,         4,         8,    12
2026.07.17,10:30        ,10:45       ,Kreuther   ,         8,         6,    14
2026.07.17,10:45        ,11:00       ,Kreuther   ,         3,         9,    12
2026.07.17,11:00        ,11:15       ,Kreuther   ,         3,         6,     9
2026.07.17,11:15        ,11:30       ,Kreuther   ,         2,         4,     6
2026.07.17,11:30        ,11:45       ,Kreuther   ,         5,         5,    10
2026.07.17,11:45        ,12:00       ,Kreuther   ,         9,         6,    15
2026.07.17,12:00        ,12:15       ,Kreuther   ,         7,        11,    18
2026.07.17,12:15        ,12:30       ,Kreuther   ,         8,         4,    12
2026.07.17,12:30        ,12:45       ,Kreuther   ,         9,         4,    13
2026.07.17,12:45        ,13:00       ,Kreuther   ,         6,         5,    11
2026.07.17,13:00        ,13:15       ,Kreuther   ,         8,         8,    16
2026.07.17,13:15        ,13:30       ,Kreuther   ,        10,         8,    18
2026.07.17,13:30        ,13:45       ,Kreuther   ,         9,         6,    15
2026.07.17,13:45        ,14:00       ,Kreuther   ,         5,         5,    10
2026.07.17,14:00        ,14:15       ,Kreuther   ,         8,         9,    17
2026.07.17,14:15        ,14:30       ,Kreuther   ,         9,         1,    10
2026.07.17,14:30        ,14:45       ,Kreuther   ,         9,        12,    21
2026.07.17,14:45        ,15:00       ,Kreuther   ,         6,         9,    15
2026.07.17,15:00        ,15:15       ,Kreuther   ,        12,        15,    27
2026.07.17,15:15        ,15:30       ,Kreuther   ,         5,         8,    13
2026.07.17,15:30        ,15:45       ,Kreuther   ,        11,        11,    22
2026.07.17,15:45        ,16:00       ,Kreuther   ,        19,        12,    31
2026.07.17,16:00        ,16:15       ,Kreuther   ,        17,         6,    23
2026.07.17,16:15        ,16:30       ,Kreuther   ,         8,         8,    16
2026.07.17,16:30        ,16:45       ,Kreuther   ,        14,        13,    27
2026.07.17,16:45        ,17:00       ,Kreuther   ,        10,         7,    17
2026.07.17,17:00        ,17:15       ,Kreuther   ,        16,         9,    25
2026.07.17,17:15        ,17:30       ,Kreuther   ,         9,         6,    15
2026.07.17,17:30        ,17:45       ,Kreuther   ,         7,         3,    10
2026.07.17,17:45        ,18:00       ,Kreuther   ,         8,        12,    20
2026.07.17,18:00        ,18:15       ,Kreuther   ,        11,         5,    16
2026.07.17,18:15        ,18:30       ,Kreuther   ,         2,        12,    14
2026.07.17,18:30        ,18:45       ,Kreuther   ,        12,         5,    17
2026.07.17,18:45        ,19:00       ,Kreuther   ,         7,        10,    17
2026.07.17,19:00        ,19:15       ,Kreuther   ,         5,         6,    11
2026.07.17,19:15        ,19:30       ,Kreuther   ,        16,         8,    24
2026.07.17,19:30        ,19:45       ,Kreuther   ,         8,         6,    14
2026.07.17,19:45        ,20:00       ,Kreuther   ,         6,         6,    12
2026.07.17,20:00        ,20:15       ,Kreuther   ,         7,         2,     9
2026.07.17,20:15        ,20:30       ,Kreuther   ,         3,         4,     7
2026.07.17,20:30        ,20:45       ,Kreuther   ,         7,         5,    12
2026.07.17,20:45        ,21:00       ,Kreuther   ,         8,         3,    11
2026.07.17,21:00        ,21:15       ,Kreuther   ,         3,         2,     5
2026.07.17,21:15        ,21:30       ,Kreuther   ,         0,         7,     7
2026.07.17,21:30        ,21:45       ,Kreuther   ,         6,         0,     6
2026.07.17,21:45        ,22:00       ,Kreuther   ,         2,         5,     7
2026.07.17,22:00        ,22:15       ,Kreuther   ,         4,         2,     6
2026.07.17,22:15        ,22:30       ,Kreuther   ,         2,         0,     2
2026.07.17,22:30        ,22:45       ,Kreuther   ,         3,         1,     4
2026.07.17,22:45        ,23:00       ,Kreuther   ,         2,         0,     2
2026.07.17,23:00        ,23:15       ,Kreuther   ,         4,         1,     5
2026.07.17,23:15        ,23:30       ,Kreuther   ,         1,         1,     2
2026.07.17,23:30        ,23:45       ,Kreuther   ,         0,         1,     1
2026.07.17,23:45        ,00:00       ,Kreuther   ,         1,         0,     1
2026.07.18,00:00        ,00:15       ,Kreuther   ,         3,         0,     3
2026.07.18,00:15        ,00:30       ,Kreuther   ,         3,         2,     5
2026.07.18,00:30        ,00:45       ,Kreuther   ,         0,         1,     1
2026.07.18,00:45        ,01:00       ,Kreuther   ,         2,         0,     2
2026.07.18,01:00        ,01:15       ,Kreuther   ,         0,         0,     0
2026.07.18,01:15        ,01:30       ,Kreuther   ,         1,         0,     1
2026.07.18,01:30        ,01:45       ,Kreuther   ,         0,         1,     1
2026.07.18,01:45        ,02:00       ,Kreuther   ,         0,         0,     0
2026.07.18,02:00        ,02:15       ,Kreuther   ,         0,         0,     0
2026.07.18,02:15        ,02:30       ,Kreuther   ,         0,         0,     0
2026.07.18,02:30        ,02:45       ,Kreuther   ,         0,         0,     0
2026.07.18,02:45        ,03:00       ,Kreuther   ,         0,         0,     0
2026.07.18,03:00        ,03:15       ,Kreuther   ,         0,         0,     0
2026.07.18,03:15        ,03:30       ,Kreuther   ,         0,         0,     0
2026.07.18,03:30        ,03:45       ,Kreuther   ,         0,         0,     0
2026.07.18,03:45        ,04:00       ,Kreuther   ,         0,         0,     0
2026.07.18,04:00        ,04:15       ,Kreuther   ,         0,         0,     0
2026.07.18,04:15        ,04:30       ,Kreuther   ,         0,         1,     1
2026.07.18,04:30        ,04:45       ,Kreuther   ,         0,         0,     0
2026.07.18,04:45        ,05:00       ,Kreuther   ,         0,         0,     0
2026.07.18,05:00        ,05:15       ,Kreuther   ,         0,         1,     1
2026.07.18,05:15        ,05:30       ,Kreuther   ,         0,         0,     0
2026.07.18,05:30        ,05:45       ,Kreuther   ,         0,         1,     1
2026.07.18,05:45        ,06:00       ,Kreuther   ,         0,         1,     1
2026.07.18,06:00        ,06:15       ,Kreuther   ,         0,         0,     0
2026.07.18,06:15        ,06:30       ,Kreuther   ,         0,         0,     0
2026.07.18,06:30        ,06:45       ,Kreuther   ,         1,         0,     1
2026.07.18,06:45        ,07:00       ,Kreuther   ,         1,         2,     3
2026.07.18,07:00        ,07:15       ,Kreuther   ,         1,         2,     3
2026.07.18,07:15        ,07:30       ,Kreuther   ,         1,         5,     6
2026.07.18,07:30        ,07:45       ,Kreuther   ,         1,         0,     1
2026.07.18,07:45        ,08:00       ,Kreuther   ,         1,         3,     4
2026.07.18,08:00        ,08:15       ,Kreuther   ,         3,         0,     3
2026.07.18,08:15        ,08:30       ,Kreuther   ,         0,         6,     6
2026.07.18,08:30        ,08:45       ,Kreuther   ,         6,        10,    16
2026.07.18,08:45        ,09:00       ,Kreuther   ,         0,         4,     4
2026.07.18,09:00        ,09:15       ,Kreuther   ,         3,         3,     6
2026.07.18,09:15        ,09:30       ,Kreuther   ,         1,         3,     4
2026.07.18,09:30        ,09:45       ,Kreuther   ,         8,         2,    10
2026.07.18,09:45        ,10:00       ,Kreuther   ,         6,         5,    11
2026.07.18,10:00        ,10:15       ,Kreuther   ,         1,        10,    11
2026.07.18,10:15        ,10:30       ,Kreuther   ,         5,         9,    14
2026.07.18,10:30        ,10:45       ,Kreuther   ,        20,         5,    25
2026.07.18,10:45        ,11:00       ,Kreuther   ,         1,        10,    11
2026.07.18,11:00        ,11:15       ,Kreuther   ,         3,         9,    12
2026.07.18,11:15        ,11:30       ,Kreuther   ,         4,         5,     9
2026.07.18,11:30        ,11:45       ,Kreuther   ,         2,         6,     8
2026.07.18,11:45        ,12:00       ,Kreuther   ,         3,         4,     7
2026.07.18,12:00        ,12:15       ,Kreuther   ,         8,         7,    15
2026.07.18,12:15        ,12:30       ,Kreuther   ,        10,        13,    23
2026.07.18,12:30        ,12:45       ,Kreuther   ,         7,        19,    26
2026.07.18,12:45        ,13:00       ,Kreuther   ,         8,        10,    18
2026.07.18,13:00        ,13:15       ,Kreuther   ,        11,        11,    22
2026.07.18,13:15        ,13:30       ,Kreuther   ,         5,         7,    12
2026.07.18,13:30        ,13:45       ,Kreuther   ,         6,         9,    15
2026.07.18,13:45        ,14:00       ,Kreuther   ,        10,        11,    21
2026.07.18,14:00        ,14:15       ,Kreuther   ,         5,         8,    13
2026.07.18,14:15        ,14:30       ,Kreuther   ,         5,         2,     7
2026.07.18,14:30        ,14:45       ,Kreuther   ,         5,        10,    15
2026.07.18,14:45        ,15:00       ,Kreuther   ,        11,         9,    20
2026.07.18,15:00        ,15:15       ,Kreuther   ,         9,         3,    12
2026.07.18,15:15        ,15:30       ,Kreuther   ,         7,         7,    14
2026.07.18,15:30        ,15:45       ,Kreuther   ,         2,         2,     4
2026.07.18,15:45        ,16:00       ,Kreuther   ,         4,         8,    12
2026.07.18,16:00        ,16:15       ,Kreuther   ,         3,         4,     7
2026.07.18,16:15        ,16:30       ,Kreuther   ,         4,         3,     7
2026.07.18,16:30        ,16:45       ,Kreuther   ,         4,         5,     9
2026.07.18,16:45        ,17:00       ,Kreuther   ,         3,         8,    11
2026.07.18,17:00        ,17:15       ,Kreuther   ,         3,         7,    10
2026.07.18,17:15        ,17:30       ,Kreuther   ,        10,         8,    18
2026.07.18,17:30        ,17:45       ,Kreuther   ,        10,         4,    14
2026.07.18,17:45        ,18:00       ,Kreuther   ,         4,        11,    15
2026.07.18,18:00        ,18:15       ,Kreuther   ,         7,         9,    16
2026.07.18,18:15        ,18:30       ,Kreuther   ,        10,         6,    16
2026.07.18,18:30        ,18:45       ,Kreuther   ,         2,         4,     6
2026.07.18,18:45        ,19:00       ,Kreuther   ,         4,         4,     8
2026.07.18,19:00        ,19:15       ,Kreuther   ,         5,         8,    13
2026.07.18,19:15        ,19:30       ,Kreuther   ,         7,         3,    10
2026.07.18,19:30        ,19:45       ,Kreuther   ,         6,         6,    12
2026.07.18,19:45        ,20:00       ,Kreuther   ,        10,         0,    10
2026.07.18,20:00        ,20:15       ,Kreuther   ,         8,         7,    15
2026.07.18,20:15        ,20:30       ,Kreuther   ,         8,         6,    14
2026.07.18,20:30        ,20:45       ,Kreuther   ,        11,         8,    19
2026.07.18,20:45        ,21:00       ,Kreuther   ,         3,         6,     9
2026.07.18,21:00        ,21:15       ,Kreuther   ,         2,         3,     5
2026.07.18,21:15        ,21:30       ,Kreuther   ,         3,         1,     4
2026.07.18,21:30        ,21:45       ,Kreuther   ,         4,         1,     5
2026.07.18,21:45        ,22:00       ,Kreuther   ,         4,         3,     7
2026.07.18,22:00        ,22:15       ,Kreuther   ,         3,         5,     8
2026.07.18,22:15        ,22:30       ,Kreuther   ,         3,         2,     5
2026.07.18,22:30        ,22:45       ,Kreuther   ,         1,         4,     5
2026.07.18,22:45        ,23:00       ,Kreuther   ,         1,         0,     1
2026.07.18,23:00        ,23:15       ,Kreuther   ,         3,         1,     4
2026.07.18,23:15        ,23:30       ,Kreuther   ,         0,         0,     0
2026.07.18,23:30        ,23:45       ,Kreuther   ,         0,         0,     0
2026.07.18,23:45        ,00:00       ,Kreuther   ,         2,         0,     2
2026.07.19,00:00        ,00:15       ,Kreuther   ,         2,         0,     2
2026.07.19,00:15        ,00:30       ,Kreuther   ,         1,         1,     2
2026.07.19,00:30        ,00:45       ,Kreuther   ,         3,         3,     6
2026.07.19,00:45        ,01:00       ,Kreuther   ,         0,         1,     1
2026.07.19,01:00        ,01:15       ,Kreuther   ,         3,         0,     3
2026.07.19,01:15        ,01:30       ,Kreuther   ,         2,         0,     2
2026.07.19,01:30        ,01:45       ,Kreuther   ,         0,         0,     0
2026.07.19,01:45        ,02:00       ,Kreuther   ,         2,         0,     2
2026.07.19,02:00        ,02:15       ,Kreuther   ,         0,         0,     0
2026.07.19,02:15        ,02:30       ,Kreuther   ,         0,         0,     0
2026.07.19,02:30        ,02:45       ,Kreuther   ,         0,         0,     0
2026.07.19,02:45        ,03:00       ,Kreuther   ,         0,         0,     0
2026.07.19,03:00        ,03:15       ,Kreuther   ,         0,         2,     2
2026.07.19,03:15        ,03:30       ,Kreuther   ,         0,         0,     0
2026.07.19,03:30        ,03:45       ,Kreuther   ,         0,         0,     0
2026.07.19,03:45        ,04:00       ,Kreuther   ,         0,         1,     1
2026.07.19,04:00        ,04:15       ,Kreuther   ,         0,         1,     1
2026.07.19,04:15        ,04:30       ,Kreuther   ,         0,         0,     0
2026.07.19,04:30        ,04:45       ,Kreuther   ,         0,         0,     0
2026.07.19,04:45        ,05:00       ,Kreuther   ,         0,         0,     0
2026.07.19,05:00        ,05:15       ,Kreuther   ,         0,         0,     0
2026.07.19,05:15        ,05:30       ,Kreuther   ,         0,         0,     0
2026.07.19,05:30        ,05:45       ,Kreuther   ,         0,         1,     1
2026.07.19,05:45        ,06:00       ,Kreuther   ,         0,         0,     0
2026.07.19,06:00        ,06:15       ,Kreuther   ,         1,         0,     1
2026.07.19,06:15        ,06:30       ,Kreuther   ,         1,         0,     1
2026.07.19,06:30        ,06:45       ,Kreuther   ,         0,         0,     0
2026.07.19,06:45        ,07:00       ,Kreuther   ,         0,         1,     1
2026.07.19,07:00        ,07:15       ,Kreuther   ,         0,         2,     2
2026.07.19,07:15        ,07:30       ,Kreuther   ,         3,         0,     3
2026.07.19,07:30        ,07:45       ,Kreuther   ,         0,         0,     0
2026.07.19,07:45        ,08:00       ,Kreuther   ,         0,         0,     0
2026.07.19,08:00        ,08:15       ,Kreuther   ,         0,         0,     0
2026.07.19,08:15        ,08:30       ,Kreuther   ,         3,         1,     4
2026.07.19,08:30        ,08:45       ,Kreuther   ,         1,         2,     3
2026.07.19,08:45        ,09:00       ,Kreuther   ,         0,         1,     1
2026.07.19,09:00        ,09:15       ,Kreuther   ,         0,         1,     1
2026.07.19,09:15        ,09:30       ,Kreuther   ,         3,         1,     4
2026.07.19,09:30        ,09:45       ,Kreuther   ,         1,         2,     3
2026.07.19,09:45        ,10:00       ,Kreuther   ,         2,         0,     2
2026.07.19,10:00        ,10:15       ,Kreuther   ,         0,         0,     0
2026.07.19,10:15        ,10:30       ,Kreuther   ,         0,         2,     2
2026.07.19,10:30        ,10:45       ,Kreuther   ,         0,         4,     4
2026.07.19,10:45        ,11:00       ,Kreuther   ,         4,         0,     4
2026.07.19,11:00        ,11:15       ,Kreuther   ,         0,         3,     3
2026.07.19,11:15        ,11:30       ,Kreuther   ,         1,         2,     3
2026.07.19,11:30        ,11:45       ,Kreuther   ,         3,         4,     7
2026.07.19,11:45        ,12:00       ,Kreuther   ,         2,         3,     5
2026.07.19,12:00        ,12:15       ,Kreuther   ,         1,         5,     6
2026.07.19,12:15        ,12:30       ,Kreuther   ,         1,         2,     3
2026.07.19,12:30        ,12:45       ,Kreuther   ,         1,         4,     5
2026.07.19,12:45        ,13:00       ,Kreuther   ,         3,         1,     4
2026.07.19,13:00        ,13:15       ,Kreuther   ,         4,         1,     5
2026.07.19,13:15        ,13:30       ,Kreuther   ,         3,         8,    11
2026.07.19,13:30        ,13:45       ,Kreuther   ,         4,        10,    14
2026.07.19,13:45        ,14:00       ,Kreuther   ,         0,         5,     5
2026.07.19,14:00        ,14:15       ,Kreuther   ,         9,         4,    13
2026.07.19,14:15        ,14:30       ,Kreuther   ,         7,         5,    12
2026.07.19,14:30        ,14:45       ,Kreuther   ,         6,         9,    15
2026.07.19,14:45        ,15:00       ,Kreuther   ,         1,        13,    14
2026.07.19,15:00        ,15:15       ,Kreuther   ,         9,         5,    14
2026.07.19,15:15        ,15:30       ,Kreuther   ,         5,         6,    11
2026.07.19,15:30        ,15:45       ,Kreuther   ,        11,         5,    16
2026.07.19,15:45        ,16:00       ,Kreuther   ,         4,         5,     9
2026.07.19,16:00        ,16:15       ,Kreuther   ,         6,         4,    10
2026.07.19,16:15        ,16:30       ,Kreuther   ,         8,         5,    13
2026.07.19,16:30        ,16:45       ,Kreuther   ,         3,         4,     7
2026.07.19,16:45        ,17:00       ,Kreuther   ,         8,         5,    13
2026.07.19,17:00        ,17:15       ,Kreuther   ,         5,         7,    12
2026.07.19,17:15        ,17:30       ,Kreuther   ,         7,         4,    11
2026.07.19,17:30        ,17:45       ,Kreuther   ,        11,        12,    23
2026.07.19,17:45        ,18:00       ,Kreuther   ,         6,        12,    18
2026.07.19,18:00        ,18:15       ,Kreuther   ,         9,         9,    18
2026.07.19,18:15        ,18:30       ,Kreuther   ,         8,         9,    17
2026.07.19,18:30        ,18:45       ,Kreuther   ,         8,         5,    13
2026.07.19,18:45        ,19:00       ,Kreuther   ,         9,         5,    14
2026.07.19,19:00        ,19:15       ,Kreuther   ,         9,         9,    18
2026.07.19,19:15        ,19:30       ,Kreuther   ,         3,         3,     6
2026.07.19,19:30        ,19:45       ,Kreuther   ,         4,         5,     9
2026.07.19,19:45        ,20:00       ,Kreuther   ,         5,         4,     9
2026.07.19,20:00        ,20:15       ,Kreuther   ,         5,         8,    13
2026.07.19,20:15        ,20:30       ,Kreuther   ,         9,         4,    13
2026.07.19,20:30        ,20:45       ,Kreuther   ,         1,         7,     8
2026.07.19,20:45        ,21:00       ,Kreuther   ,         2,         3,     5
2026.07.19,21:00        ,21:15       ,Kreuther   ,         3,         2,     5
2026.07.19,21:15        ,21:30       ,Kreuther   ,         2,         1,     3
2026.07.19,21:30        ,21:45       ,Kreuther   ,         0,         0,     0
2026.07.19,21:45        ,22:00       ,Kreuther   ,         4,         3,     7
2026.07.19,22:00        ,22:15       ,Kreuther   ,         2,         1,     3
2026.07.19,22:15        ,22:30       ,Kreuther   ,         1,         1,     2
2026.07.19,22:30        ,22:45       ,Kreuther   ,         1,         2,     3
2026.07.19,22:45        ,23:00       ,Kreuther   ,         3,         1,     4
2026.07.19,23:00        ,23:15       ,Kreuther   ,         2,         0,     2
2026.07.19,23:15        ,23:30       ,Kreuther   ,         1,         0,     1
2026.07.19,23:30        ,23:45       ,Kreuther   ,         1,         0,     1
2026.07.19,23:45        ,00:00       ,Kreuther   ,         0,         0,     0
2026.07.20,00:00        ,00:15       ,Kreuther   ,         0,         0,     0
2026.07.20,00:15        ,00:30       ,Kreuther   ,         1,         1,     2
2026.07.20,00:30        ,00:45       ,Kreuther   ,         0,         0,     0
2026.07.20,00:45        ,01:00       ,Kreuther   ,         0,         0,     0
2026.07.20,01:00        ,01:15       ,Kreuther   ,         0,         0,     0
2026.07.20,01:15        ,01:30       ,Kreuther   ,         0,         0,     0
2026.07.20,01:30        ,01:45       ,Kreuther   ,         0,         0,     0
2026.07.20,01:45        ,02:00       ,Kreuther   ,         0,         0,     0
2026.07.20,02:00        ,02:15       ,Kreuther   ,         0,         0,     0
2026.07.20,02:15        ,02:30       ,Kreuther   ,         0,         1,     1
2026.07.20,02:30        ,02:45       ,Kreuther   ,         0,         0,     0
2026.07.20,02:45        ,03:00       ,Kreuther   ,         0,         0,     0
2026.07.20,03:00        ,03:15       ,Kreuther   ,         0,         0,     0
2026.07.20,03:15        ,03:30       ,Kreuther   ,         0,         0,     0
2026.07.20,03:30        ,03:45       ,Kreuther   ,         0,         0,     0
2026.07.20,03:45        ,04:00       ,Kreuther   ,         1,         0,     1
2026.07.20,04:00        ,04:15       ,Kreuther   ,         0,         0,     0
2026.07.20,04:15        ,04:30       ,Kreuther   ,         0,         0,     0
2026.07.20,04:30        ,04:45       ,Kreuther   ,         0,         0,     0
2026.07.20,04:45        ,05:00       ,Kreuther   ,         0,         1,     1
2026.07.20,05:00        ,05:15       ,Kreuther   ,         0,         3,     3
2026.07.20,05:15        ,05:30       ,Kreuther   ,         0,         4,     4
2026.07.20,05:30        ,05:45       ,Kreuther   ,         1,         2,     3
2026.07.20,05:45        ,06:00       ,Kreuther   ,         1,         0,     1
2026.07.20,06:00        ,06:15       ,Kreuther   ,         0,         2,     2
2026.07.20,06:15        ,06:30       ,Kreuther   ,         2,         2,     4
2026.07.20,06:30        ,06:45       ,Kreuther   ,         1,        12,    13
2026.07.20,06:45        ,07:00       ,Kreuther   ,         1,         3,     4
2026.07.20,07:00        ,07:15       ,Kreuther   ,         3,        12,    15
2026.07.20,07:15        ,07:30       ,Kreuther   ,         4,        24,    28
2026.07.20,07:30        ,07:45       ,Kreuther   ,        10,        39,    49
2026.07.20,07:45        ,08:00       ,Kreuther   ,         9,        36,    45
2026.07.20,08:00        ,08:15       ,Kreuther   ,        11,        46,    57
2026.07.20,08:15        ,08:30       ,Kreuther   ,         5,        26,    31
2026.07.20,08:30        ,08:45       ,Kreuther   ,         5,        37,    42
2026.07.20,08:45        ,09:00       ,Kreuther   ,         5,        25,    30
2026.07.20,09:00        ,09:15       ,Kreuther   ,         5,        23,    28
2026.07.20,09:15        ,09:30       ,Kreuther   ,         9,         6,    15
2026.07.20,09:30        ,09:45       ,Kreuther   ,         3,        11,    14
2026.07.20,09:45        ,10:00       ,Kreuther   ,         4,         8,    12
2026.07.20,10:00        ,10:15       ,Kreuther   ,         3,         9,    12
2026.07.20,10:15        ,10:30       ,Kreuther   ,         4,         7,    11
2026.07.20,10:30        ,10:45       ,Kreuther   ,         2,         9,    11
2026.07.20,10:45        ,11:00       ,Kreuther   ,         3,         5,     8
2026.07.20,11:00        ,11:15       ,Kreuther   ,         3,         8,    11
2026.07.20,11:15        ,11:30       ,Kreuther   ,         1,         5,     6
2026.07.20,11:30        ,11:45       ,Kreuther   ,         6,        11,    17
2026.07.20,11:45        ,12:00       ,Kreuther   ,         2,         3,     5
2026.07.20,12:00        ,12:15       ,Kreuther   ,         5,         5,    10
2026.07.20,12:15        ,12:30       ,Kreuther   ,        17,        11,    28
2026.07.20,12:30        ,12:45       ,Kreuther   ,         5,         5,    10
2026.07.20,12:45        ,13:00       ,Kreuther   ,         4,         4,     8
2026.07.20,13:00        ,13:15       ,Kreuther   ,         4,        10,    14
2026.07.20,13:15        ,13:30       ,Kreuther   ,         4,        13,    17
2026.07.20,13:30        ,13:45       ,Kreuther   ,        10,         6,    16
2026.07.20,13:45        ,14:00       ,Kreuther   ,        11,        10,    21
2026.07.20,14:00        ,14:15       ,Kreuther   ,        14,        15,    29
2026.07.20,14:15        ,14:30       ,Kreuther   ,         4,         7,    11
2026.07.20,14:30        ,14:45       ,Kreuther   ,        10,         4,    14
2026.07.20,14:45        ,15:00       ,Kreuther   ,         8,        10,    18
2026.07.20,15:00        ,15:15       ,Kreuther   ,         8,        10,    18
2026.07.20,15:15        ,15:30       ,Kreuther   ,         5,        10,    15
2026.07.20,15:30        ,15:45       ,Kreuther   ,        17,         9,    26
2026.07.20,15:45        ,16:00       ,Kreuther   ,         9,        15,    24
2026.07.20,16:00        ,16:15       ,Kreuther   ,        16,         9,    25
2026.07.20,16:15        ,16:30       ,Kreuther   ,         9,        11,    20
2026.07.20,16:30        ,16:45       ,Kreuther   ,        15,        26,    41
2026.07.20,16:45        ,17:00       ,Kreuther   ,        28,        10,    38
2026.07.20,17:00        ,17:15       ,Kreuther   ,        17,        13,    30
2026.07.20,17:15        ,17:30       ,Kreuther   ,        20,        12,    32
2026.07.20,17:30        ,17:45       ,Kreuther   ,        18,         7,    25
2026.07.20,17:45        ,18:00       ,Kreuther   ,        21,        17,    38
2026.07.20,18:00        ,18:15       ,Kreuther   ,        22,        18,    40
2026.07.20,18:15        ,18:30       ,Kreuther   ,         3,        16,    19
2026.07.20,18:30        ,18:45       ,Kreuther   ,        13,         9,    22
2026.07.20,18:45        ,19:00       ,Kreuther   ,        21,         6,    27
2026.07.20,19:00        ,19:15       ,Kreuther   ,        10,        14,    24
2026.07.20,19:15        ,19:30       ,Kreuther   ,        16,        10,    26
2026.07.20,19:30        ,19:45       ,Kreuther   ,         8,        13,    21
2026.07.20,19:45        ,20:00       ,Kreuther   ,         9,         5,    14
2026.07.20,20:00        ,20:15       ,Kreuther   ,        10,         4,    14
2026.07.20,20:15        ,20:30       ,Kreuther   ,        13,         2,    15
2026.07.20,20:30        ,20:45       ,Kreuther   ,         7,         8,    15
2026.07.20,20:45        ,21:00       ,Kreuther   ,         9,         7,    16
2026.07.20,21:00        ,21:15       ,Kreuther   ,         3,        10,    13
2026.07.20,21:15        ,21:30       ,Kreuther   ,         5,         2,     7
2026.07.20,21:30        ,21:45       ,Kreuther   ,         8,         3,    11
2026.07.20,21:45        ,22:00       ,Kreuther   ,         1,         2,     3
2026.07.20,22:00        ,22:15       ,Kreuther   ,         3,         0,     3
2026.07.20,22:15        ,22:30       ,Kreuther   ,         6,         1,     7
2026.07.20,22:30        ,22:45       ,Kreuther   ,         3,         0,     3
2026.07.20,22:45        ,23:00       ,Kreuther   ,         4,         3,     7
2026.07.20,23:00        ,23:15       ,Kreuther   ,         4,         1,     5
2026.07.20,23:15        ,23:30       ,Kreuther   ,         0,         0,     0
2026.07.20,23:30        ,23:45       ,Kreuther   ,         1,         2,     3
2026.07.20,23:45        ,00:00       ,Kreuther   ,         0,         1,     1
2026.07.21,00:00        ,00:15       ,Kreuther   ,         2,         0,     2
2026.07.21,00:15        ,00:30       ,Kreuther   ,         0,         0,     0
2026.07.21,00:30        ,00:45       ,Kreuther   ,         0,         0,     0
2026.07.21,00:45        ,01:00       ,Kreuther   ,         0,         0,     0
2026.07.21,01:00        ,01:15       ,Kreuther   ,         0,         0,     0
2026.07.21,01:15        ,01:30       ,Kreuther   ,         0,         0,     0
2026.07.21,01:30        ,01:45       ,Kreuther   ,         0,         0,     0
2026.07.21,01:45        ,02:00       ,Kreuther   ,         0,         0,     0
2026.07.21,02:00        ,02:15       ,Kreuther   ,         2,         0,     2
2026.07.21,02:15        ,02:30       ,Kreuther   ,         0,         1,     1
2026.07.21,02:30        ,02:45       ,Kreuther   ,         0,         0,     0
2026.07.21,02:45        ,03:00       ,Kreuther   ,         0,         0,     0
2026.07.21,03:00        ,03:15       ,Kreuther   ,         0,         0,     0
2026.07.21,03:15        ,03:30       ,Kreuther   ,         0,         0,     0
2026.07.21,03:30        ,03:45       ,Kreuther   ,         0,         0,     0
2026.07.21,03:45        ,04:00       ,Kreuther   ,         0,         0,     0
2026.07.21,04:00        ,04:15       ,Kreuther   ,         0,         0,     0
2026.07.21,04:15        ,04:30       ,Kreuther   ,         0,         1,     1
2026.07.21,04:30        ,04:45       ,Kreuther   ,         0,         0,     0
2026.07.21,04:45        ,05:00       ,Kreuther   ,         0,         1,     1
2026.07.21,05:00        ,05:15       ,Kreuther   ,         0,         1,     1
2026.07.21,05:15        ,05:30       ,Kreuther   ,         1,         4,     5
2026.07.21,05:30        ,05:45       ,Kreuther   ,         2,         4,     6
2026.07.21,05:45        ,06:00       ,Kreuther   ,         1,         2,     3
2026.07.21,06:00        ,06:15       ,Kreuther   ,         0,         1,     1
2026.07.21,06:15        ,06:30       ,Kreuther   ,         1,         8,     9
2026.07.21,06:30        ,06:45       ,Kreuther   ,         3,        12,    15
2026.07.21,06:45        ,07:00       ,Kreuther   ,         4,         7,    11
2026.07.21,07:00        ,07:15       ,Kreuther   ,         1,        10,    11
2026.07.21,07:15        ,07:30       ,Kreuther   ,         7,        19,    26
2026.07.21,07:30        ,07:45       ,Kreuther   ,         4,        44,    48
2026.07.21,07:45        ,08:00       ,Kreuther   ,        15,        43,    58
2026.07.21,08:00        ,08:15       ,Kreuther   ,         6,        40,    46
2026.07.21,08:15        ,08:30       ,Kreuther   ,         7,        33,    40
2026.07.21,08:30        ,08:45       ,Kreuther   ,         8,        35,    43
2026.07.21,08:45        ,09:00       ,Kreuther   ,         6,        26,    32
2026.07.21,09:00        ,09:15       ,Kreuther   ,         5,        23,    28
2026.07.21,09:15        ,09:30       ,Kreuther   ,         6,        17,    23
2026.07.21,09:30        ,09:45       ,Kreuther   ,         5,         8,    13
2026.07.21,09:45        ,10:00       ,Kreuther   ,         8,         5,    13
2026.07.21,10:00        ,10:15       ,Kreuther   ,         9,        13,    22
2026.07.21,10:15        ,10:30       ,Kreuther   ,         1,        11,    12
2026.07.21,10:30        ,10:45       ,Kreuther   ,         5,         4,     9
2026.07.21,10:45        ,11:00       ,Kreuther   ,         5,         7,    12
2026.07.21,11:00        ,11:15       ,Kreuther   ,         4,         8,    12
2026.07.21,11:15        ,11:30       ,Kreuther   ,         7,         3,    10
2026.07.21,11:30        ,11:45       ,Kreuther   ,         5,        10,    15
2026.07.21,11:45        ,12:00       ,Kreuther   ,         6,         7,    13
2026.07.21,12:00        ,12:15       ,Kreuther   ,         3,         7,    10
2026.07.21,12:15        ,12:30       ,Kreuther   ,        11,        12,    23
2026.07.21,12:30        ,12:45       ,Kreuther   ,        10,         9,    19
2026.07.21,12:45        ,13:00       ,Kreuther   ,        10,         7,    17
2026.07.21,13:00        ,13:15       ,Kreuther   ,        11,         3,    14
2026.07.21,13:15        ,13:30       ,Kreuther   ,        12,         0,    12
2026.07.21,13:30        ,13:45       ,Kreuther   ,         7,        10,    17
2026.07.21,13:45        ,14:00       ,Kreuther   ,         5,         7,    12
2026.07.21,14:00        ,14:15       ,Kreuther   ,         9,         9,    18
2026.07.21,14:15        ,14:30       ,Kreuther   ,         8,         8,    16
2026.07.21,14:30        ,14:45       ,Kreuther   ,        10,         9,    19
2026.07.21,14:45        ,15:00       ,Kreuther   ,         1,         8,     9
2026.07.21,15:00        ,15:15       ,Kreuther   ,         8,        13,    21
2026.07.21,15:15        ,15:30       ,Kreuther   ,        10,        10,    20
2026.07.21,15:30        ,15:45       ,Kreuther   ,         7,        15,    22
2026.07.21,15:45        ,16:00       ,Kreuther   ,        13,         7,    20
2026.07.21,16:00        ,16:15       ,Kreuther   ,        18,        12,    30
2026.07.21,16:15        ,16:30       ,Kreuther   ,         8,        12,    20
2026.07.21,16:30        ,16:45       ,Kreuther   ,        20,        14,    34
2026.07.21,16:45        ,17:00       ,Kreuther   ,        18,        16,    34
2026.07.21,17:00        ,17:15       ,Kreuther   ,        23,        13,    36
2026.07.21,17:15        ,17:30       ,Kreuther   ,        20,         9,    29
2026.07.21,17:30        ,17:45       ,Kreuther   ,        22,        12,    34
2026.07.21,17:45        ,18:00       ,Kreuther   ,        19,         9,    28
2026.07.21,18:00        ,18:15       ,Kreuther   ,        14,        18,    32
2026.07.21,18:15        ,18:30       ,Kreuther   ,        20,        16,    36
2026.07.21,18:30        ,18:45       ,Kreuther   ,        19,        14,    33
2026.07.21,18:45        ,19:00       ,Kreuther   ,        21,        12,    33
2026.07.21,19:00        ,19:15       ,Kreuther   ,        13,        16,    29
2026.07.21,19:15        ,19:30       ,Kreuther   ,        13,         4,    17
2026.07.21,19:30        ,19:45       ,Kreuther   ,        17,        12,    29
2026.07.21,19:45        ,20:00       ,Kreuther   ,         6,         5,    11
2026.07.21,20:00        ,20:15       ,Kreuther   ,        16,         7,    23
2026.07.21,20:15        ,20:30       ,Kreuther   ,        16,         4,    20
2026.07.21,20:30        ,20:45       ,Kreuther   ,         8,         9,    17
2026.07.21,20:45        ,21:00       ,Kreuther   ,         5,         3,     8
2026.07.21,21:00        ,21:15       ,Kreuther   ,         5,         5,    10
2026.07.21,21:15        ,21:30       ,Kreuther   ,         8,         7,    15
2026.07.21,21:30        ,21:45       ,Kreuther   ,        10,         0,    10
2026.07.21,21:45        ,22:00       ,Kreuther   ,         2,         0,     2
2026.07.21,22:00        ,22:15       ,Kreuther   ,         6,         0,     6
2026.07.21,22:15        ,22:30       ,Kreuther   ,         7,         2,     9
2026.07.21,22:30        ,22:45       ,Kreuther   ,         4,         1,     5
2026.07.21,22:45        ,23:00       ,Kreuther   ,         6,         0,     6
2026.07.21,23:00        ,23:15       ,Kreuther   ,         1,         1,     2
2026.07.21,23:15        ,23:30       ,Kreuther   ,         0,         0,     0
2026.07.21,23:30        ,23:45       ,Kreuther   ,         1,         5,     6
2026.07.21,23:45        ,00:00       ,Kreuther   ,         1,         1,     2
2026.07.22,00:00        ,00:15       ,Kreuther   ,         1,         2,     3
2026.07.22,00:15        ,00:30       ,Kreuther   ,         1,         2,     3
2026.07.22,00:30        ,00:45       ,Kreuther   ,         0,         0,     0
2026.07.22,00:45        ,01:00       ,Kreuther   ,         0,         1,     1
2026.07.22,01:00        ,01:15       ,Kreuther   ,         0,         0,     0
2026.07.22,01:15        ,01:30       ,Kreuther   ,         0,         0,     0
2026.07.22,01:30        ,01:45       ,Kreuther   ,         0,         0,     0
2026.07.22,01:45        ,02:00       ,Kreuther   ,         0,         0,     0
2026.07.22,02:00        ,02:15       ,Kreuther   ,         1,         0,     1
2026.07.22,02:15        ,02:30       ,Kreuther   ,         0,         0,     0
2026.07.22,02:30        ,02:45       ,Kreuther   ,         0,         1,     1
2026.07.22,02:45        ,03:00       ,Kreuther   ,         0,         0,     0
2026.07.22,03:00        ,03:15       ,Kreuther   ,         0,         0,     0
2026.07.22,03:15        ,03:30       ,Kreuther   ,         0,         0,     0
2026.07.22,03:30        ,03:45       ,Kreuther   ,         0,         0,     0
2026.07.22,03:45        ,04:00       ,Kreuther   ,         0,         0,     0
2026.07.22,04:00        ,04:15       ,Kreuther   ,         0,         0,     0
2026.07.22,04:15        ,04:30       ,Kreuther   ,         0,         0,     0
2026.07.22,04:30        ,04:45       ,Kreuther   ,         0,         0,     0
2026.07.22,04:45        ,05:00       ,Kreuther   ,         0,         0,     0
2026.07.22,05:00        ,05:15       ,Kreuther   ,         0,         2,     2
2026.07.22,05:15        ,05:30       ,Kreuther   ,         1,         5,     6
2026.07.22,05:30        ,05:45       ,Kreuther   ,         2,         4,     6
2026.07.22,05:45        ,06:00       ,Kreuther   ,         2,         3,     5
2026.07.22,06:00        ,06:15       ,Kreuther   ,         2,         2,     4
2026.07.22,06:15        ,06:30       ,Kreuther   ,         0,         9,     9
2026.07.22,06:30        ,06:45       ,Kreuther   ,         3,         7,    10
2026.07.22,06:45        ,07:00       ,Kreuther   ,         2,        10,    12
2026.07.22,07:00        ,07:15       ,Kreuther   ,         2,        15,    17
2026.07.22,07:15        ,07:30       ,Kreuther   ,         6,        27,    33
2026.07.22,07:30        ,07:45       ,Kreuther   ,        13,        48,    61
2026.07.22,07:45        ,08:00       ,Kreuther   ,        13,        41,    54
2026.07.22,08:00        ,08:15       ,Kreuther   ,         6,        26,    32
2026.07.22,08:15        ,08:30       ,Kreuther   ,         4,        32,    36
2026.07.22,08:30        ,08:45       ,Kreuther   ,         5,        37,    42
2026.07.22,08:45        ,09:00       ,Kreuther   ,         2,        28,    30
2026.07.22,09:00        ,09:15       ,Kreuther   ,         3,        16,    19
2026.07.22,09:15        ,09:30       ,Kreuther   ,         5,        12,    17
2026.07.22,09:30        ,09:45       ,Kreuther   ,         4,         8,    12
2026.07.22,09:45        ,10:00       ,Kreuther   ,         4,        12,    16
2026.07.22,10:00        ,10:15       ,Kreuther   ,         3,        11,    14
2026.07.22,10:15        ,10:30       ,Kreuther   ,         5,         8,    13
2026.07.22,10:30        ,10:45       ,Kreuther   ,         5,        11,    16
2026.07.22,10:45        ,11:00       ,Kreuther   ,         3,         4,     7
2026.07.22,11:00        ,11:15       ,Kreuther   ,         5,        17,    22
2026.07.22,11:15        ,11:30       ,Kreuther   ,         3,         7,    10
2026.07.22,11:30        ,11:45       ,Kreuther   ,         9,         8,    17
2026.07.22,11:45        ,12:00       ,Kreuther   ,         3,         6,     9
2026.07.22,12:00        ,12:15       ,Kreuther   ,         5,         3,     8
2026.07.22,12:15        ,12:30       ,Kreuther   ,        13,        14,    27
2026.07.22,12:30        ,12:45       ,Kreuther   ,        11,         7,    18
2026.07.22,12:45        ,13:00       ,Kreuther   ,         7,         5,    12
2026.07.22,13:00        ,13:15       ,Kreuther   ,        10,         6,    16
2026.07.22,13:15        ,13:30       ,Kreuther   ,         9,         8,    17
2026.07.22,13:30        ,13:45       ,Kreuther   ,         7,         9,    16
2026.07.22,13:45        ,14:00       ,Kreuther   ,         7,         9,    16
2026.07.22,14:00        ,14:15       ,Kreuther   ,         9,        12,    21
2026.07.22,14:15        ,14:30       ,Kreuther   ,         6,        17,    23
2026.07.22,14:30        ,14:45       ,Kreuther   ,         8,        12,    20
2026.07.22,14:45        ,15:00       ,Kreuther   ,        10,        19,    29
2026.07.22,15:00        ,15:15       ,Kreuther   ,         9,        13,    22
2026.07.22,15:15        ,15:30       ,Kreuther   ,         7,         6,    13
2026.07.22,15:30        ,15:45       ,Kreuther   ,        19,        10,    29
2026.07.22,15:45        ,16:00       ,Kreuther   ,        22,        10,    32
2026.07.22,16:00        ,16:15       ,Kreuther   ,        18,        12,    30
2026.07.22,16:15        ,16:30       ,Kreuther   ,        18,        10,    28
2026.07.22,16:30        ,16:45       ,Kreuther   ,         9,        17,    26
2026.07.22,16:45        ,17:00       ,Kreuther   ,         8,         9,    17
2026.07.22,17:00        ,17:15       ,Kreuther   ,        20,        12,    32
2026.07.22,17:15        ,17:30       ,Kreuther   ,        14,         6,    20
2026.07.22,17:30        ,17:45       ,Kreuther   ,        17,        15,    32
2026.07.22,17:45        ,18:00       ,Kreuther   ,        27,        14,    41
2026.07.22,18:00        ,18:15       ,Kreuther   ,        11,        12,    23
2026.07.22,18:15        ,18:30       ,Kreuther   ,        11,         8,    19
2026.07.22,18:30        ,18:45       ,Kreuther   ,        15,        10,    25
2026.07.22,18:45        ,19:00       ,Kreuther   ,        14,        11,    25
2026.07.22,19:00        ,19:15       ,Kreuther   ,        10,         9,    19
2026.07.22,19:15        ,19:30       ,Kreuther   ,         5,        12,    17
2026.07.22,19:30        ,19:45       ,Kreuther   ,        10,         5,    15
2026.07.22,19:45        ,20:00       ,Kreuther   ,        21,         7,    28
2026.07.22,20:00        ,20:15       ,Kreuther   ,        12,         1,    13
2026.07.22,20:15        ,20:30       ,Kreuther   ,        16,        11,    27
2026.07.22,20:30        ,20:45       ,Kreuther   ,        12,         7,    19
2026.07.22,20:45        ,21:00       ,Kreuther   ,        11,         6,    17
2026.07.22,21:00        ,21:15       ,Kreuther   ,         5,         5,    10
2026.07.22,21:15        ,21:30       ,Kreuther   ,        11,         6,    17
2026.07.22,21:30        ,21:45       ,Kreuther   ,         8,         1,     9
2026.07.22,21:45        ,22:00       ,Kreuther   ,         6,         3,     9
2026.07.22,22:00        ,22:15       ,Kreuther   ,         6,         2,     8
2026.07.22,22:15        ,22:30       ,Kreuther   ,         5,         5,    10
2026.07.22,22:30        ,22:45       ,Kreuther   ,         7,         3,    10
2026.07.22,22:45        ,23:00       ,Kreuther   ,         5,         1,     6
2026.07.22,23:00        ,23:15       ,Kreuther   ,         1,         1,     2
2026.07.22,23:15        ,23:30       ,Kreuther   ,         2,         2,     4
2026.07.22,23:30        ,23:45       ,Kreuther   ,         1,         1,     2
2026.07.22,23:45        ,00:00       ,Kreuther   ,         0,         0,     0
2026.07.23,00:00        ,00:15       ,Kreuther   ,         2,         0,     2
2026.07.23,00:15        ,00:30       ,Kreuther   ,         0,         1,     1
2026.07.23,00:30        ,00:45       ,Kreuther   ,         1,         0,     1
2026.07.23,00:45        ,01:00       ,Kreuther   ,         2,         0,     2
2026.07.23,01:00        ,01:15       ,Kreuther   ,         0,         0,     0
2026.07.23,01:15        ,01:30       ,Kreuther   ,         0,         0,     0
2026.07.23,01:30        ,01:45       ,Kreuther   ,         0,         0,     0
2026.07.23,01:45        ,02:00       ,Kreuther   ,         0,         0,     0
2026.07.23,02:00        ,02:15       ,Kreuther   ,         0,         1,     1
2026.07.23,02:15        ,02:30       ,Kreuther   ,         0,         0,     0
2026.07.23,02:30        ,02:45       ,Kreuther   ,         0,         0,     0
2026.07.23,02:45        ,03:00       ,Kreuther   ,         0,         0,     0
2026.07.23,03:00        ,03:15       ,Kreuther   ,         0,         0,     0
2026.07.23,03:15        ,03:30       ,Kreuther   ,         0,         0,     0
2026.07.23,03:30        ,03:45       ,Kreuther   ,         0,         0,     0
2026.07.23,03:45        ,04:00       ,Kreuther   ,         0,         0,     0
2026.07.23,04:00        ,04:15       ,Kreuther   ,         0,         0,     0
2026.07.23,04:15        ,04:30       ,Kreuther   ,         0,         0,     0
2026.07.23,04:30        ,04:45       ,Kreuther   ,         0,         0,     0
2026.07.23,04:45        ,05:00       ,Kreuther   ,         0,         0,     0
2026.07.23,05:00        ,05:15       ,Kreuther   ,         0,         1,     1
2026.07.23,05:15        ,05:30       ,Kreuther   ,         1,         5,     6
2026.07.23,05:30        ,05:45       ,Kreuther   ,         1,         1,     2
2026.07.23,05:45        ,06:00       ,Kreuther   ,         4,         4,     8
2026.07.23,06:00        ,06:15       ,Kreuther   ,         2,         1,     3
2026.07.23,06:15        ,06:30       ,Kreuther   ,         1,         6,     7
2026.07.23,06:30        ,06:45       ,Kreuther   ,         1,         8,     9
2026.07.23,06:45        ,07:00       ,Kreuther   ,         2,        10,    12
2026.07.23,07:00        ,07:15       ,Kreuther   ,         4,        16,    20
2026.07.23,07:15        ,07:30       ,Kreuther   ,         6,        22,    28
2026.07.23,07:30        ,07:45       ,Kreuther   ,         6,        33,    39
2026.07.23,07:45        ,08:00       ,Kreuther   ,        13,        41,    54
2026.07.23,08:00        ,08:15       ,Kreuther   ,         6,        27,    33
2026.07.23,08:15        ,08:30       ,Kreuther   ,         6,        30,    36
2026.07.23,08:30        ,08:45       ,Kreuther   ,         2,        32,    34
2026.07.23,08:45        ,09:00       ,Kreuther   ,         6,        21,    27
2026.07.23,09:00        ,09:15       ,Kreuther   ,         3,        12,    15
2026.07.23,09:15        ,09:30       ,Kreuther   ,         3,        14,    17
2026.07.23,09:30        ,09:45       ,Kreuther   ,         5,        11,    16
2026.07.23,09:45        ,10:00       ,Kreuther   ,         0,        11,    11
2026.07.23,10:00        ,10:15       ,Kreuther   ,         3,         7,    10
2026.07.23,10:15        ,10:30       ,Kreuther   ,         5,         6,    11
2026.07.23,10:30        ,10:45       ,Kreuther   ,         5,         3,     8
2026.07.23,10:45        ,11:00       ,Kreuther   ,         2,         4,     6
2026.07.23,11:00        ,11:15       ,Kreuther   ,         4,        11,    15
2026.07.23,11:15        ,11:30       ,Kreuther   ,         4,         5,     9
2026.07.23,11:30        ,11:45       ,Kreuther   ,         6,         7,    13
2026.07.23,11:45        ,12:00       ,Kreuther   ,         7,         6,    13
2026.07.23,12:00        ,12:15       ,Kreuther   ,         3,         6,     9
2026.07.23,12:15        ,12:30       ,Kreuther   ,         5,        11,    16
2026.07.23,12:30        ,12:45       ,Kreuther   ,         6,         3,     9
2026.07.23,12:45        ,13:00       ,Kreuther   ,         6,         6,    12
2026.07.23,13:00        ,13:15       ,Kreuther   ,        11,         2,    13
2026.07.23,13:15        ,13:30       ,Kreuther   ,         8,         9,    17
2026.07.23,13:30        ,13:45       ,Kreuther   ,         7,         4,    11
2026.07.23,13:45        ,14:00       ,Kreuther   ,         8,        11,    19
2026.07.23,14:00        ,14:15       ,Kreuther   ,         7,         6,    13
2026.07.23,14:15        ,14:30       ,Kreuther   ,         5,         7,    12
2026.07.23,14:30        ,14:45       ,Kreuther   ,         8,        10,    18
2026.07.23,14:45        ,15:00       ,Kreuther   ,        18,        18,    36
2026.07.23,15:00        ,15:15       ,Kreuther   ,         7,         7,    14
2026.07.23,15:15        ,15:30       ,Kreuther   ,        11,        12,    23
2026.07.23,15:30        ,15:45       ,Kreuther   ,        14,        18,    32
2026.07.23,15:45        ,16:00       ,Kreuther   ,        12,         7,    19
2026.07.23,16:00        ,16:15       ,Kreuther   ,        21,        12,    33
2026.07.23,16:15        ,16:30       ,Kreuther   ,        19,         2,    21
2026.07.23,16:30        ,16:45       ,Kreuther   ,        14,        12,    26
2026.07.23,16:45        ,17:00       ,Kreuther   ,        12,         5,    17
2026.07.23,17:00        ,17:15       ,Kreuther   ,        17,         8,    25
2026.07.23,17:15        ,17:30       ,Kreuther   ,        13,        14,    27
2026.07.23,17:30        ,17:45       ,Kreuther   ,        25,         9,    34
2026.07.23,17:45        ,18:00       ,Kreuther   ,        18,         8,    26
2026.07.23,18:00        ,18:15       ,Kreuther   ,        19,        12,    31
2026.07.23,18:15        ,18:30       ,Kreuther   ,        16,         6,    22
2026.07.23,18:30        ,18:45       ,Kreuther   ,        13,         9,    22
2026.07.23,18:45        ,19:00       ,Kreuther   ,        17,        11,    28
2026.07.23,19:00        ,19:15       ,Kreuther   ,         6,        18,    24
2026.07.23,19:15        ,19:30       ,Kreuther   ,         3,         7,    10
2026.07.23,19:30        ,19:45       ,Kreuther   ,         8,         7,    15
2026.07.23,19:45        ,20:00       ,Kreuther   ,         8,        12,    20
2026.07.23,20:00        ,20:15       ,Kreuther   ,        10,        11,    21
2026.07.23,20:15        ,20:30       ,Kreuther   ,        19,         8,    27
2026.07.23,20:30        ,20:45       ,Kreuther   ,        24,        14,    38
2026.07.23,20:45        ,21:00       ,Kreuther   ,         9,        12,    21
2026.07.23,21:00        ,21:15       ,Kreuther   ,         9,         7,    16
2026.07.23,21:15        ,21:30       ,Kreuther   ,         8,         6,    14
2026.07.23,21:30        ,21:45       ,Kreuther   ,         5,         2,     7
2026.07.23,21:45        ,22:00       ,Kreuther   ,         2,         3,     5
2026.07.23,22:00        ,22:15       ,Kreuther   ,         5,         1,     6
2026.07.23,22:15        ,22:30       ,Kreuther   ,         4,         1,     5
2026.07.23,22:30        ,22:45       ,Kreuther   ,         0,         2,     2
2026.07.23,22:45        ,23:00       ,Kreuther   ,         2,         2,     4
2026.07.23,23:00        ,23:15       ,Kreuther   ,         1,         4,     5
2026.07.23,23:15        ,23:30       ,Kreuther   ,         2,         0,     2
2026.07.23,23:30        ,23:45       ,Kreuther   ,         1,         3,     4
2026.07.23,23:45        ,00:00       ,Kreuther   ,         0,         0,     0
2026.07.24,00:00        ,00:15       ,Kreuther   ,         3,         0,     3
2026.07.24,00:15        ,00:30       ,Kreuther   ,         1,         0,     1
2026.07.24,00:30        ,00:45       ,Kreuther   ,         1,         0,     1
2026.07.24,00:45        ,01:00       ,Kreuther   ,         0,         0,     0
2026.07.24,01:00        ,01:15       ,Kreuther   ,         0,         0,     0
2026.07.24,01:15        ,01:30       ,Kreuther   ,         0,         0,     0
2026.07.24,01:30        ,01:45       ,Kreuther   ,         1,         0,     1
2026.07.24,01:45        ,02:00       ,Kreuther   ,         0,         1,     1
2026.07.24,02:00        ,02:15       ,Kreuther   ,         0,         2,     2
2026.07.24,02:15        ,02:30       ,Kreuther   ,         0,         0,     0
2026.07.24,02:30        ,02:45       ,Kreuther   ,         0,         0,     0
2026.07.24,02:45        ,03:00       ,Kreuther   ,         0,         0,     0
2026.07.24,03:00        ,03:15       ,Kreuther   ,         0,         0,     0
2026.07.24,03:15        ,03:30       ,Kreuther   ,         0,         0,     0
2026.07.24,03:30        ,03:45       ,Kreuther   ,         0,         0,     0
2026.07.24,03:45        ,04:00       ,Kreuther   ,         0,         0,     0
2026.07.24,04:00        ,04:15       ,Kreuther   ,         0,         0,     0
2026.07.24,04:15        ,04:30       ,Kreuther   ,         0,         0,     0
2026.07.24,04:30        ,04:45       ,Kreuther   ,         0,         0,     0
2026.07.24,04:45        ,05:00       ,Kreuther   ,         0,         0,     0
2026.07.24,05:00        ,05:15       ,Kreuther   ,         0,         1,     1
2026.07.24,05:15        ,05:30       ,Kreuther   ,         1,         5,     6
2026.07.24,05:30        ,05:45       ,Kreuther   ,         0,         1,     1
2026.07.24,05:45        ,06:00       ,Kreuther   ,         0,         4,     4
2026.07.24,06:00        ,06:15       ,Kreuther   ,         1,         1,     2
2026.07.24,06:15        ,06:30       ,Kreuther   ,         0,         1,     1
2026.07.24,06:30        ,06:45       ,Kreuther   ,         2,         5,     7
2026.07.24,06:45        ,07:00       ,Kreuther   ,         2,         8,    10
2026.07.24,07:00        ,07:15       ,Kreuther   ,         1,         6,     7
2026.07.24,07:15        ,07:30       ,Kreuther   ,         5,        18,    23
2026.07.24,07:30        ,07:45       ,Kreuther   ,         4,        45,    49
2026.07.24,07:45        ,08:00       ,Kreuther   ,        14,        24,    38
2026.07.24,08:00        ,08:15       ,Kreuther   ,         9,        26,    35
2026.07.24,08:15        ,08:30       ,Kreuther   ,         5,        22,    27
2026.07.24,08:30        ,08:45       ,Kreuther   ,         4,        18,    22
2026.07.24,08:45        ,09:00       ,Kreuther   ,         3,        21,    24
2026.07.24,09:00        ,09:15       ,Kreuther   ,         4,        10,    14
2026.07.24,09:15        ,09:30       ,Kreuther   ,         5,        13,    18
2026.07.24,09:30        ,09:45       ,Kreuther   ,         5,        12,    17
2026.07.24,09:45        ,10:00       ,Kreuther   ,         6,        12,    18
2026.07.24,10:00        ,10:15       ,Kreuther   ,         6,         2,     8
2026.07.24,10:15        ,10:30       ,Kreuther   ,         3,         5,     8
2026.07.24,10:30        ,10:45       ,Kreuther   ,         6,         3,     9
2026.07.24,10:45        ,11:00       ,Kreuther   ,         1,         8,     9
2026.07.24,11:00        ,11:15       ,Kreuther   ,         3,         2,     5
2026.07.24,11:15        ,11:30       ,Kreuther   ,         3,        11,    14
2026.07.24,11:30        ,11:45       ,Kreuther   ,         3,         3,     6
2026.07.24,11:45        ,12:00       ,Kreuther   ,        15,         5,    20
2026.07.24,12:00        ,12:15       ,Kreuther   ,         7,         6,    13
2026.07.24,12:15        ,12:30       ,Kreuther   ,         7,        10,    17
2026.07.24,12:30        ,12:45       ,Kreuther   ,        16,        11,    27
2026.07.24,12:45        ,13:00       ,Kreuther   ,        11,         7,    18
2026.07.24,13:00        ,13:15       ,Kreuther   ,         6,         9,    15
2026.07.24,13:15        ,13:30       ,Kreuther   ,        14,         6,    20
2026.07.24,13:30        ,13:45       ,Kreuther   ,         6,         8,    14
2026.07.24,13:45        ,14:00       ,Kreuther   ,         6,        11,    17
2026.07.24,14:00        ,14:15       ,Kreuther   ,        14,         6,    20
2026.07.24,14:15        ,14:30       ,Kreuther   ,         7,         7,    14
2026.07.24,14:30        ,14:45       ,Kreuther   ,         8,         8,    16
2026.07.24,14:45        ,15:00       ,Kreuther   ,        14,        13,    27
2026.07.24,15:00        ,15:15       ,Kreuther   ,         9,        10,    19
2026.07.24,15:15        ,15:30       ,Kreuther   ,        20,        13,    33
2026.07.24,15:30        ,15:45       ,Kreuther   ,        15,         7,    22
2026.07.24,15:45        ,16:00       ,Kreuther   ,        14,        11,    25
2026.07.24,16:00        ,16:15       ,Kreuther   ,         6,        10,    16
2026.07.24,16:15        ,16:30       ,Kreuther   ,         3,        18,    21
2026.07.24,16:30        ,16:45       ,Kreuther   ,        24,        13,    37
2026.07.24,16:45        ,17:00       ,Kreuther   ,         5,         7,    12
2026.07.24,17:00        ,17:15       ,Kreuther   ,        11,        12,    23
2026.07.24,17:15        ,17:30       ,Kreuther   ,        17,        24,    41
2026.07.24,17:30        ,17:45       ,Kreuther   ,        10,        12,    22
2026.07.24,17:45        ,18:00       ,Kreuther   ,        13,        13,    26
2026.07.24,18:00        ,18:15       ,Kreuther   ,        16,        13,    29
2026.07.24,18:15        ,18:30       ,Kreuther   ,         4,         8,    12
2026.07.24,18:30        ,18:45       ,Kreuther   ,        18,        12,    30
2026.07.24,18:45        ,19:00       ,Kreuther   ,        10,        14,    24
2026.07.24,19:00        ,19:15       ,Kreuther   ,        13,         6,    19
2026.07.24,19:15        ,19:30       ,Kreuther   ,         7,         7,    14
2026.07.24,19:30        ,19:45       ,Kreuther   ,         8,         4,    12
2026.07.24,19:45        ,20:00       ,Kreuther   ,         8,         6,    14
2026.07.24,20:00        ,20:15       ,Kreuther   ,        11,        14,    25
2026.07.24,20:15        ,20:30       ,Kreuther   ,         7,         4,    11
2026.07.24,20:30        ,20:45       ,Kreuther   ,         7,        10,    17
2026.07.24,20:45        ,21:00       ,Kreuther   ,         3,         4,     7
2026.07.24,21:00        ,21:15       ,Kreuther   ,         7,         4,    11
2026.07.24,21:15        ,21:30       ,Kreuther   ,         2,         2,     4
2026.07.24,21:30        ,21:45       ,Kreuther   ,         8,         0,     8
2026.07.24,21:45        ,22:00       ,Kreuther   ,         5,         2,     7
2026.07.24,22:00        ,22:15       ,Kreuther   ,         2,         3,     5
2026.07.24,22:15        ,22:30       ,Kreuther   ,         3,         2,     5
2026.07.24,22:30        ,22:45       ,Kreuther   ,         6,         3,     9
2026.07.24,22:45        ,23:00       ,Kreuther   ,         2,         4,     6
2026.07.24,23:00        ,23:15       ,Kreuther   ,         2,         0,     2
2026.07.24,23:15        ,23:30       ,Kreuther   ,         4,         0,     4
2026.07.24,23:30        ,23:45       ,Kreuther   ,         5,         0,     5
2026.07.24,23:45        ,00:00       ,Kreuther   ,         0,         0,     0
2026.07.25,00:00        ,00:15       ,Kreuther   ,         1,         0,     1
2026.07.25,00:15        ,00:30       ,Kreuther   ,         1,         1,     2
2026.07.25,00:30        ,00:45       ,Kreuther   ,         0,         0,     0
2026.07.25,00:45        ,01:00       ,Kreuther   ,         0,         1,     1
2026.07.25,01:00        ,01:15       ,Kreuther   ,         0,         0,     0
2026.07.25,01:15        ,01:30       ,Kreuther   ,         3,         0,     3
2026.07.25,01:30        ,01:45       ,Kreuther   ,         2,         0,     2
2026.07.25,01:45        ,02:00       ,Kreuther   ,         0,         0,     0
2026.07.25,02:00        ,02:15       ,Kreuther   ,         0,         0,     0
2026.07.25,02:15        ,02:30       ,Kreuther   ,         0,         0,     0
2026.07.25,02:30        ,02:45       ,Kreuther   ,         0,         0,     0
2026.07.25,02:45        ,03:00       ,Kreuther   ,         0,         0,     0
2026.07.25,03:00        ,03:15       ,Kreuther   ,         2,         0,     2
2026.07.25,03:15        ,03:30       ,Kreuther   ,         0,         0,     0
2026.07.25,03:30        ,03:45       ,Kreuther   ,         1,         0,     1
2026.07.25,03:45        ,04:00       ,Kreuther   ,         0,         0,     0
2026.07.25,04:00        ,04:15       ,Kreuther   ,         0,         0,     0
2026.07.25,04:15        ,04:30       ,Kreuther   ,         0,         1,     1
2026.07.25,04:30        ,04:45       ,Kreuther   ,         0,         0,     0
2026.07.25,04:45        ,05:00       ,Kreuther   ,         0,         0,     0
2026.07.25,05:00        ,05:15       ,Kreuther   ,         1,         0,     1
2026.07.25,05:15        ,05:30       ,Kreuther   ,         0,         1,     1
2026.07.25,05:30        ,05:45       ,Kreuther   ,         1,         1,     2
2026.07.25,05:45        ,06:00       ,Kreuther   ,         0,         0,     0
2026.07.25,06:00        ,06:15       ,Kreuther   ,         0,         0,     0
2026.07.25,06:15        ,06:30       ,Kreuther   ,         2,         2,     4
2026.07.25,06:30        ,06:45       ,Kreuther   ,         1,         0,     1
2026.07.25,06:45        ,07:00       ,Kreuther   ,         0,         1,     1
2026.07.25,07:00        ,07:15       ,Kreuther   ,         0,         2,     2
2026.07.25,07:15        ,07:30       ,Kreuther   ,         0,         1,     1
2026.07.25,07:30        ,07:45       ,Kreuther   ,         0,         4,     4
2026.07.25,07:45        ,08:00       ,Kreuther   ,         2,         3,     5
2026.07.25,08:00        ,08:15       ,Kreuther   ,         0,         3,     3
2026.07.25,08:15        ,08:30       ,Kreuther   ,         1,         0,     1
2026.07.25,08:30        ,08:45       ,Kreuther   ,         0,         4,     4
2026.07.25,08:45        ,09:00       ,Kreuther   ,         2,         6,     8
2026.07.25,09:00        ,09:15       ,Kreuther   ,         3,         8,    11
2026.07.25,09:15        ,09:30       ,Kreuther   ,         5,        13,    18
2026.07.25,09:30        ,09:45       ,Kreuther   ,         4,        11,    15
2026.07.25,09:45        ,10:00       ,Kreuther   ,        10,        10,    20
2026.07.25,10:00        ,10:15       ,Kreuther   ,         1,         9,    10
2026.07.25,10:15        ,10:30       ,Kreuther   ,         3,        12,    15
2026.07.25,10:30        ,10:45       ,Kreuther   ,         8,         5,    13
2026.07.25,10:45        ,11:00       ,Kreuther   ,         3,         5,     8
2026.07.25,11:00        ,11:15       ,Kreuther   ,        10,         4,    14
2026.07.25,11:15        ,11:30       ,Kreuther   ,         4,        10,    14
2026.07.25,11:30        ,11:45       ,Kreuther   ,         2,         5,     7
2026.07.25,11:45        ,12:00       ,Kreuther   ,         6,        11,    17
2026.07.25,12:00        ,12:15       ,Kreuther   ,        12,         6,    18
2026.07.25,12:15        ,12:30       ,Kreuther   ,         4,        15,    19
2026.07.25,12:30        ,12:45       ,Kreuther   ,         4,         4,     8
2026.07.25,12:45        ,13:00       ,Kreuther   ,        10,        14,    24
2026.07.25,13:00        ,13:15       ,Kreuther   ,         1,         7,     8
2026.07.25,13:15        ,13:30       ,Kreuther   ,         9,         8,    17
2026.07.25,13:30        ,13:45       ,Kreuther   ,        13,         7,    20
2026.07.25,13:45        ,14:00       ,Kreuther   ,         7,         8,    15
2026.07.25,14:00        ,14:15       ,Kreuther   ,         7,         7,    14
2026.07.25,14:15        ,14:30       ,Kreuther   ,         6,        11,    17
2026.07.25,14:30        ,14:45       ,Kreuther   ,         8,         5,    13
2026.07.25,14:45        ,15:00       ,Kreuther   ,        16,        13,    29
2026.07.25,15:00        ,15:15       ,Kreuther   ,         4,         4,     8
2026.07.25,15:15        ,15:30       ,Kreuther   ,        12,         8,    20
2026.07.25,15:30        ,15:45       ,Kreuther   ,         5,        10,    15
2026.07.25,15:45        ,16:00       ,Kreuther   ,         7,         6,    13
2026.07.25,16:00        ,16:15       ,Kreuther   ,         8,         9,    17
2026.07.25,16:15        ,16:30       ,Kreuther   ,        13,         5,    18
2026.07.25,16:30        ,16:45       ,Kreuther   ,        13,         9,    22
2026.07.25,16:45        ,17:00       ,Kreuther   ,        13,         6,    19
2026.07.25,17:00        ,17:15       ,Kreuther   ,         8,        12,    20
2026.07.25,17:15        ,17:30       ,Kreuther   ,         5,        10,    15
2026.07.25,17:30        ,17:45       ,Kreuther   ,         5,         6,    11
2026.07.25,17:45        ,18:00       ,Kreuther   ,        13,         7,    20
2026.07.25,18:00        ,18:15       ,Kreuther   ,        19,        10,    29
2026.07.25,18:15        ,18:30       ,Kreuther   ,         6,        12,    18
2026.07.25,18:30        ,18:45       ,Kreuther   ,         9,         5,    14
2026.07.25,18:45        ,19:00       ,Kreuther   ,         6,        11,    17
2026.07.25,19:00        ,19:15       ,Kreuther   ,         4,         7,    11
2026.07.25,19:15        ,19:30       ,Kreuther   ,         8,        10,    18
2026.07.25,19:30        ,19:45       ,Kreuther   ,         5,         5,    10
2026.07.25,19:45        ,20:00       ,Kreuther   ,         5,         6,    11
2026.07.25,20:00        ,20:15       ,Kreuther   ,         3,         5,     8
2026.07.25,20:15        ,20:30       ,Kreuther   ,         6,         9,    15
2026.07.25,20:30        ,20:45       ,Kreuther   ,         5,         5,    10
2026.07.25,20:45        ,21:00       ,Kreuther   ,         4,         8,    12
2026.07.25,21:00        ,21:15       ,Kreuther   ,        11,         3,    14
2026.07.25,21:15        ,21:30       ,Kreuther   ,         8,         3,    11
2026.07.25,21:30        ,21:45       ,Kreuther   ,         6,         7,    13
2026.07.25,21:45        ,22:00       ,Kreuther   ,         7,         3,    10
2026.07.25,22:00        ,22:15       ,Kreuther   ,         1,         6,     7
2026.07.25,22:15        ,22:30       ,Kreuther   ,         3,         1,     4
2026.07.25,22:30        ,22:45       ,Kreuther   ,         0,         4,     4
2026.07.25,22:45        ,23:00       ,Kreuther   ,         5,         4,     9
2026.07.25,23:00        ,23:15       ,Kreuther   ,         3,         0,     3
2026.07.25,23:15        ,23:30       ,Kreuther   ,         0,         3,     3
2026.07.25,23:30        ,23:45       ,Kreuther   ,         0,         1,     1
2026.07.25,23:45        ,00:00       ,Kreuther   ,         0,         0,     0
2026.07.26,00:00        ,00:15       ,Kreuther   ,         4,         0,     4
2026.07.26,00:15        ,00:30       ,Kreuther   ,         2,         0,     2
2026.07.26,00:30        ,00:45       ,Kreuther   ,         3,         3,     6
2026.07.26,00:45        ,01:00       ,Kreuther   ,         1,         0,     1
2026.07.26,01:00        ,01:15       ,Kreuther   ,         3,         0,     3
2026.07.26,01:15        ,01:30       ,Kreuther   ,         2,         0,     2
2026.07.26,01:30        ,01:45       ,Kreuther   ,         2,         0,     2
2026.07.26,01:45        ,02:00       ,Kreuther   ,         0,         0,     0
2026.07.26,02:00        ,02:15       ,Kreuther   ,         0,         0,     0
2026.07.26,02:15        ,02:30       ,Kreuther   ,         1,         0,     1
2026.07.26,02:30        ,02:45       ,Kreuther   ,         0,         0,     0
2026.07.26,02:45        ,03:00       ,Kreuther   ,         0,         0,     0
2026.07.26,03:00        ,03:15       ,Kreuther   ,         0,         0,     0
2026.07.26,03:15        ,03:30       ,Kreuther   ,         1,         0,     1
2026.07.26,03:30        ,03:45       ,Kreuther   ,         0,         0,     0
2026.07.26,03:45        ,04:00       ,Kreuther   ,         0,         0,     0
2026.07.26,04:00        ,04:15       ,Kreuther   ,         0,         1,     1
2026.07.26,04:15        ,04:30       ,Kreuther   ,         0,         0,     0
2026.07.26,04:30        ,04:45       ,Kreuther   ,         0,         0,     0
2026.07.26,04:45        ,05:00       ,Kreuther   ,         0,         0,     0
2026.07.26,05:00        ,05:15       ,Kreuther   ,         0,         1,     1
2026.07.26,05:15        ,05:30       ,Kreuther   ,         0,         1,     1
2026.07.26,05:30        ,05:45       ,Kreuther   ,         0,         0,     0
2026.07.26,05:45        ,06:00       ,Kreuther   ,         0,         0,     0
2026.07.26,06:00        ,06:15       ,Kreuther   ,         1,         0,     1
2026.07.26,06:15        ,06:30       ,Kreuther   ,         0,         0,     0
2026.07.26,06:30        ,06:45       ,Kreuther   ,         0,         0,     0
2026.07.26,06:45        ,07:00       ,Kreuther   ,         0,         0,     0
2026.07.26,07:00        ,07:15       ,Kreuther   ,         0,         2,     2
2026.07.26,07:15        ,07:30       ,Kreuther   ,         0,         2,     2
2026.07.26,07:30        ,07:45       ,Kreuther   ,         2,         0,     2
2026.07.26,07:45        ,08:00       ,Kreuther   ,         0,         1,     1
2026.07.26,08:00        ,08:15       ,Kreuther   ,         0,         0,     0
2026.07.26,08:15        ,08:30       ,Kreuther   ,         0,         3,     3
2026.07.26,08:30        ,08:45       ,Kreuther   ,         0,         2,     2
2026.07.26,08:45        ,09:00       ,Kreuther   ,         1,         1,     2
2026.07.26,09:00        ,09:15       ,Kreuther   ,         0,         2,     2
2026.07.26,09:15        ,09:30       ,Kreuther   ,         0,         2,     2
2026.07.26,09:30        ,09:45       ,Kreuther   ,         1,         3,     4
2026.07.26,09:45        ,10:00       ,Kreuther   ,         1,         4,     5
2026.07.26,10:00        ,10:15       ,Kreuther   ,         2,         5,     7
2026.07.26,10:15        ,10:30       ,Kreuther   ,         0,         6,     6
2026.07.26,10:30        ,10:45       ,Kreuther   ,         2,         3,     5
2026.07.26,10:45        ,11:00       ,Kreuther   ,         2,         2,     4
2026.07.26,11:00        ,11:15       ,Kreuther   ,         3,         2,     5
2026.07.26,11:15        ,11:30       ,Kreuther   ,         0,         3,     3
2026.07.26,11:30        ,11:45       ,Kreuther   ,         1,         4,     5
2026.07.26,11:45        ,12:00       ,Kreuther   ,         3,         5,     8
2026.07.26,12:00        ,12:15       ,Kreuther   ,         9,         2,    11
2026.07.26,12:15        ,12:30       ,Kreuther   ,         5,         5,    10
2026.07.26,12:30        ,12:45       ,Kreuther   ,         4,        14,    18
2026.07.26,12:45        ,13:00       ,Kreuther   ,         2,         5,     7
2026.07.26,13:00        ,13:15       ,Kreuther   ,         4,        16,    20
2026.07.26,13:15        ,13:30       ,Kreuther   ,         9,         2,    11
2026.07.26,13:30        ,13:45       ,Kreuther   ,         8,         5,    13
2026.07.26,13:45        ,14:00       ,Kreuther   ,         5,         5,    10
2026.07.26,14:00        ,14:15       ,Kreuther   ,        10,         5,    15
2026.07.26,14:15        ,14:30       ,Kreuther   ,         4,         3,     7
2026.07.26,14:30        ,14:45       ,Kreuther   ,         6,         4,    10
2026.07.26,14:45        ,15:00       ,Kreuther   ,         1,        15,    16
2026.07.26,15:00        ,15:15       ,Kreuther   ,         8,        12,    20
2026.07.26,15:15        ,15:30       ,Kreuther   ,        10,        14,    24
2026.07.26,15:30        ,15:45       ,Kreuther   ,         8,         6,    14
2026.07.26,15:45        ,16:00       ,Kreuther   ,         6,        12,    18
2026.07.26,16:00        ,16:15       ,Kreuther   ,         6,         3,     9
2026.07.26,16:15        ,16:30       ,Kreuther   ,        11,        10,    21
2026.07.26,16:30        ,16:45       ,Kreuther   ,         4,         8,    12
2026.07.26,16:45        ,17:00       ,Kreuther   ,         9,         2,    11
2026.07.26,17:00        ,17:15       ,Kreuther   ,         3,        20,    23
2026.07.26,17:15        ,17:30       ,Kreuther   ,         5,        11,    16
2026.07.26,17:30        ,17:45       ,Kreuther   ,         8,        13,    21
2026.07.26,17:45        ,18:00       ,Kreuther   ,        14,        10,    24
2026.07.26,18:00        ,18:15       ,Kreuther   ,        10,         3,    13
2026.07.26,18:15        ,18:30       ,Kreuther   ,         9,         9,    18
2026.07.26,18:30        ,18:45       ,Kreuther   ,        15,        11,    26
2026.07.26,18:45        ,19:00       ,Kreuther   ,        12,         9,    21
2026.07.26,19:00        ,19:15       ,Kreuther   ,        11,         7,    18
2026.07.26,19:15        ,19:30       ,Kreuther   ,         5,         4,     9
2026.07.26,19:30        ,19:45       ,Kreuther   ,         7,        11,    18
2026.07.26,19:45        ,20:00       ,Kreuther   ,        14,         7,    21
2026.07.26,20:00        ,20:15       ,Kreuther   ,         5,         1,     6
2026.07.26,20:15        ,20:30       ,Kreuther   ,         7,         1,     8
2026.07.26,20:30        ,20:45       ,Kreuther   ,        12,         3,    15
2026.07.26,20:45        ,21:00       ,Kreuther   ,         1,         2,     3
2026.07.26,21:00        ,21:15       ,Kreuther   ,         5,         4,     9
2026.07.26,21:15        ,21:30       ,Kreuther   ,         6,         1,     7
2026.07.26,21:30        ,21:45       ,Kreuther   ,         2,         3,     5
2026.07.26,21:45        ,22:00       ,Kreuther   ,         3,         0,     3
2026.07.26,22:00        ,22:15       ,Kreuther   ,         0,         2,     2
2026.07.26,22:15        ,22:30       ,Kreuther   ,         3,         0,     3
2026.07.26,22:30        ,22:45       ,Kreuther   ,         1,         0,     1
2026.07.26,22:45        ,23:00       ,Kreuther   ,         1,         1,     2
2026.07.26,23:00        ,23:15       ,Kreuther   ,         2,         0,     2
2026.07.26,23:15        ,23:30       ,Kreuther   ,         1,         1,     2
2026.07.26,23:30        ,23:45       ,Kreuther   ,         0,         0,     0
2026.07.26,23:45        ,00:00       ,Kreuther   ,         1,         0,     1
2026.07.27,00:00        ,00:15       ,Kreuther   ,         1,         0,     1
2026.07.27,00:15        ,00:30       ,Kreuther   ,         0,         0,     0
2026.07.27,00:30        ,00:45       ,Kreuther   ,         0,         0,     0
2026.07.27,00:45        ,01:00       ,Kreuther   ,         0,         0,     0
2026.07.27,01:00        ,01:15       ,Kreuther   ,         1,         0,     1
2026.07.27,01:15        ,01:30       ,Kreuther   ,         0,         0,     0
2026.07.27,01:30        ,01:45       ,Kreuther   ,         0,         1,     1
2026.07.27,01:45        ,02:00       ,Kreuther   ,         0,         0,     0
2026.07.27,02:00        ,02:15       ,Kreuther   ,         0,         2,     2
2026.07.27,02:15        ,02:30       ,Kreuther   ,         0,         0,     0
2026.07.27,02:30        ,02:45       ,Kreuther   ,         0,         0,     0
2026.07.27,02:45        ,03:00       ,Kreuther   ,         0,         0,     0
2026.07.27,03:00        ,03:15       ,Kreuther   ,         0,         0,     0
2026.07.27,03:15        ,03:30       ,Kreuther   ,         0,         1,     1
2026.07.27,03:30        ,03:45       ,Kreuther   ,         0,         0,     0
2026.07.27,03:45        ,04:00       ,Kreuther   ,         0,         0,     0
2026.07.27,04:00        ,04:15       ,Kreuther   ,         0,         0,     0
2026.07.27,04:15        ,04:30       ,Kreuther   ,         0,         0,     0
2026.07.27,04:30        ,04:45       ,Kreuther   ,         0,         0,     0
2026.07.27,04:45        ,05:00       ,Kreuther   ,         0,         1,     1
2026.07.27,05:00        ,05:15       ,Kreuther   ,         0,         2,     2
2026.07.27,05:15        ,05:30       ,Kreuther   ,         1,         4,     5
2026.07.27,05:30        ,05:45       ,Kreuther   ,         1,         1,     2
2026.07.27,05:45        ,06:00       ,Kreuther   ,         1,         1,     2
2026.07.27,06:00        ,06:15       ,Kreuther   ,         0,         3,     3
2026.07.27,06:15        ,06:30       ,Kreuther   ,         1,         7,     8
2026.07.27,06:30        ,06:45       ,Kreuther   ,         2,         6,     8
2026.07.27,06:45        ,07:00       ,Kreuther   ,         0,         8,     8
2026.07.27,07:00        ,07:15       ,Kreuther   ,         3,        13,    16
2026.07.27,07:15        ,07:30       ,Kreuther   ,         7,        18,    25
2026.07.27,07:30        ,07:45       ,Kreuther   ,         8,        49,    57
2026.07.27,07:45        ,08:00       ,Kreuther   ,        12,        34,    46
2026.07.27,08:00        ,08:15       ,Kreuther   ,         6,        27,    33
2026.07.27,08:15        ,08:30       ,Kreuther   ,         6,        35,    41
2026.07.27,08:30        ,08:45       ,Kreuther   ,         4,        20,    24
2026.07.27,08:45        ,09:00       ,Kreuther   ,         1,        14,    15
2026.07.27,09:00        ,09:15       ,Kreuther   ,         2,         7,     9
2026.07.27,09:15        ,09:30       ,Kreuther   ,         3,         3,     6
2026.07.27,09:30        ,09:45       ,Kreuther   ,         1,         5,     6
2026.07.27,09:45        ,10:00       ,Kreuther   ,         2,         5,     7
2026.07.27,10:00        ,10:15       ,Kreuther   ,         2,         4,     6
2026.07.27,10:15        ,10:30       ,Kreuther   ,         1,         5,     6
2026.07.27,10:30        ,10:45       ,Kreuther   ,         4,         1,     5
2026.07.27,10:45        ,11:00       ,Kreuther   ,         2,         1,     3
2026.07.27,11:00        ,11:15       ,Kreuther   ,         2,         6,     8
2026.07.27,11:15        ,11:30       ,Kreuther   ,         1,         8,     9
2026.07.27,11:30        ,11:45       ,Kreuther   ,         3,         3,     6
2026.07.27,11:45        ,12:00       ,Kreuther   ,         2,         7,     9
2026.07.27,12:00        ,12:15       ,Kreuther   ,         2,         5,     7
2026.07.27,12:15        ,12:30       ,Kreuther   ,         4,         7,    11
2026.07.27,12:30        ,12:45       ,Kreuther   ,         5,         3,     8
2026.07.27,12:45        ,13:00       ,Kreuther   ,         2,         8,    10
2026.07.27,13:00        ,13:15       ,Kreuther   ,         4,         3,     7
2026.07.27,13:15        ,13:30       ,Kreuther   ,         3,         7,    10
2026.07.27,13:30        ,13:45       ,Kreuther   ,         3,         4,     7
2026.07.27,13:45        ,14:00       ,Kreuther   ,         4,         6,    10
2026.07.27,14:00        ,14:15       ,Kreuther   ,         9,         8,    17
2026.07.27,14:15        ,14:30       ,Kreuther   ,         5,         9,    14
2026.07.27,14:30        ,14:45       ,Kreuther   ,        10,         6,    16
2026.07.27,14:45        ,15:00       ,Kreuther   ,         8,        11,    19
2026.07.27,15:00        ,15:15       ,Kreuther   ,         4,         7,    11
2026.07.27,15:15        ,15:30       ,Kreuther   ,         8,         6,    14
2026.07.27,15:30        ,15:45       ,Kreuther   ,        12,        14,    26
2026.07.27,15:45        ,16:00       ,Kreuther   ,        11,         8,    19
2026.07.27,16:00        ,16:15       ,Kreuther   ,        17,         9,    26
2026.07.27,16:15        ,16:30       ,Kreuther   ,        16,        12,    28
2026.07.27,16:30        ,16:45       ,Kreuther   ,        14,        14,    28
2026.07.27,16:45        ,17:00       ,Kreuther   ,        21,        15,    36
2026.07.27,17:00        ,17:15       ,Kreuther   ,        12,        10,    22
2026.07.27,17:15        ,17:30       ,Kreuther   ,        17,        11,    28
2026.07.27,17:30        ,17:45       ,Kreuther   ,        14,        13,    27
2026.07.27,17:45        ,18:00       ,Kreuther   ,        22,         9,    31
2026.07.27,18:00        ,18:15       ,Kreuther   ,        17,        12,    29
2026.07.27,18:15        ,18:30       ,Kreuther   ,        20,         7,    27
2026.07.27,18:30        ,18:45       ,Kreuther   ,        14,        10,    24
2026.07.27,18:45        ,19:00       ,Kreuther   ,        12,         8,    20
2026.07.27,19:00        ,19:15       ,Kreuther   ,        14,         8,    22
2026.07.27,19:15        ,19:30       ,Kreuther   ,         7,         4,    11
2026.07.27,19:30        ,19:45       ,Kreuther   ,         9,         2,    11
2026.07.27,19:45        ,20:00       ,Kreuther   ,         7,         5,    12
2026.07.27,20:00        ,20:15       ,Kreuther   ,         9,         5,    14
2026.07.27,20:15        ,20:30       ,Kreuther   ,         9,         8,    17
2026.07.27,20:30        ,20:45       ,Kreuther   ,         5,         3,     8
2026.07.27,20:45        ,21:00       ,Kreuther   ,        12,         2,    14
2026.07.27,21:00        ,21:15       ,Kreuther   ,         8,         3,    11
2026.07.27,21:15        ,21:30       ,Kreuther   ,         2,         0,     2
2026.07.27,21:30        ,21:45       ,Kreuther   ,         6,         3,     9
2026.07.27,21:45        ,22:00       ,Kreuther   ,         5,         1,     6
2026.07.27,22:00        ,22:15       ,Kreuther   ,         3,         3,     6
2026.07.27,22:15        ,22:30       ,Kreuther   ,         3,         2,     5
2026.07.27,22:30        ,22:45       ,Kreuther   ,         3,         0,     3
2026.07.27,22:45        ,23:00       ,Kreuther   ,         2,         1,     3
2026.07.27,23:00        ,23:15       ,Kreuther   ,         4,         0,     4
2026.07.27,23:15        ,23:30       ,Kreuther   ,         2,         2,     4
2026.07.27,23:30        ,23:45       ,Kreuther   ,         1,         1,     2
2026.07.27,23:45        ,00:00       ,Kreuther   ,         1,         0,     1
2026.07.28,00:00        ,00:15       ,Kreuther   ,         0,         0,     0
2026.07.28,00:15        ,00:30       ,Kreuther   ,         0,         0,     0
2026.07.28,00:30        ,00:45       ,Kreuther   ,         0,         0,     0
2026.07.28,00:45        ,01:00       ,Kreuther   ,         0,         0,     0
2026.07.28,01:00        ,01:15       ,Kreuther   ,         0,         0,     0
2026.07.28,01:15        ,01:30       ,Kreuther   ,         0,         0,     0
2026.07.28,01:30        ,01:45       ,Kreuther   ,         1,         0,     1
2026.07.28,01:45        ,02:00       ,Kreuther   ,         0,         0,     0
2026.07.28,02:00        ,02:15       ,Kreuther   ,         0,         0,     0
2026.07.28,02:15        ,02:30       ,Kreuther   ,         0,         1,     1
2026.07.28,02:30        ,02:45       ,Kreuther   ,         0,         0,     0
2026.07.28,02:45        ,03:00       ,Kreuther   ,         0,         0,     0
2026.07.28,03:00        ,03:15       ,Kreuther   ,         0,         0,     0
2026.07.28,03:15        ,03:30       ,Kreuther   ,         0,         0,     0
2026.07.28,03:30        ,03:45       ,Kreuther   ,         0,         0,     0
2026.07.28,03:45        ,04:00       ,Kreuther   ,         0,         0,     0
2026.07.28,04:00        ,04:15       ,Kreuther   ,         0,         0,     0
2026.07.28,04:15        ,04:30       ,Kreuther   ,         0,         0,     0
2026.07.28,04:30        ,04:45       ,Kreuther   ,         0,         0,     0
2026.07.28,04:45        ,05:00       ,Kreuther   ,         0,         1,     1
2026.07.28,05:00        ,05:15       ,Kreuther   ,         0,         1,     1
2026.07.28,05:15        ,05:30       ,Kreuther   ,         1,         6,     7
2026.07.28,05:30        ,05:45       ,Kreuther   ,         2,         2,     4
2026.07.28,05:45        ,06:00       ,Kreuther   ,         0,         1,     1
2026.07.28,06:00        ,06:15       ,Kreuther   ,         1,         3,     4
2026.07.28,06:15        ,06:30       ,Kreuther   ,         2,        12,    14
2026.07.28,06:30        ,06:45       ,Kreuther   ,         1,        11,    12
2026.07.28,06:45        ,07:00       ,Kreuther   ,         2,         9,    11
2026.07.28,07:00        ,07:15       ,Kreuther   ,         2,        12,    14
2026.07.28,07:15        ,07:30       ,Kreuther   ,         3,        18,    21
2026.07.28,07:30        ,07:45       ,Kreuther   ,        10,        43,    53
2026.07.28,07:45        ,08:00       ,Kreuther   ,         9,        50,    59
2026.07.28,08:00        ,08:15       ,Kreuther   ,        10,        32,    42
2026.07.28,08:15        ,08:30       ,Kreuther   ,         9,        38,    47
2026.07.28,08:30        ,08:45       ,Kreuther   ,        11,        50,    61
2026.07.28,08:45        ,09:00       ,Kreuther   ,         4,        22,    26
2026.07.28,09:00        ,09:15       ,Kreuther   ,         1,        18,    19
2026.07.28,09:15        ,09:30       ,Kreuther   ,         5,        19,    24
2026.07.28,09:30        ,09:45       ,Kreuther   ,         3,         9,    12
2026.07.28,09:45        ,10:00       ,Kreuther   ,         4,        21,    25
2026.07.28,10:00        ,10:15       ,Kreuther   ,         3,         6,     9
2026.07.28,10:15        ,10:30       ,Kreuther   ,         4,         5,     9
2026.07.28,10:30        ,10:45       ,Kreuther   ,         1,         6,     7
2026.07.28,10:45        ,11:00       ,Kreuther   ,         2,         5,     7
2026.07.28,11:00        ,11:15       ,Kreuther   ,         5,         1,     6
2026.07.28,11:15        ,11:30       ,Kreuther   ,         7,         9,    16
2026.07.28,11:30        ,11:45       ,Kreuther   ,         5,         6,    11
2026.07.28,11:45        ,12:00       ,Kreuther   ,         5,        10,    15
2026.07.28,12:00        ,12:15       ,Kreuther   ,         5,        16,    21
2026.07.28,12:15        ,12:30       ,Kreuther   ,        16,        11,    27
2026.07.28,12:30        ,12:45       ,Kreuther   ,         9,         6,    15
2026.07.28,12:45        ,13:00       ,Kreuther   ,         5,         2,     7
2026.07.28,13:00        ,13:15       ,Kreuther   ,         6,         5,    11
2026.07.28,13:15        ,13:30       ,Kreuther   ,        10,         8,    18
2026.07.28,13:30        ,13:45       ,Kreuther   ,         9,         3,    12
2026.07.28,13:45        ,14:00       ,Kreuther   ,         9,         9,    18
2026.07.28,14:00        ,14:15       ,Kreuther   ,         6,         5,    11
2026.07.28,14:15        ,14:30       ,Kreuther   ,         4,        12,    16
2026.07.28,14:30        ,14:45       ,Kreuther   ,        11,         5,    16
2026.07.28,14:45        ,15:00       ,Kreuther   ,         6,         8,    14
2026.07.28,15:00        ,15:15       ,Kreuther   ,        10,         7,    17
2026.07.28,15:15        ,15:30       ,Kreuther   ,        15,         8,    23
2026.07.28,15:30        ,15:45       ,Kreuther   ,        21,        12,    33
2026.07.28,15:45        ,16:00       ,Kreuther   ,        10,        17,    27
2026.07.28,16:00        ,16:15       ,Kreuther   ,        15,        10,    25
2026.07.28,16:15        ,16:30       ,Kreuther   ,        13,         9,    22
2026.07.28,16:30        ,16:45       ,Kreuther   ,        15,        11,    26
2026.07.28,16:45        ,17:00       ,Kreuther   ,        16,        12,    28
2026.07.28,17:00        ,17:15       ,Kreuther   ,        27,         7,    34
2026.07.28,17:15        ,17:30       ,Kreuther   ,        21,         8,    29
2026.07.28,17:30        ,17:45       ,Kreuther   ,        19,        15,    34
2026.07.28,17:45        ,18:00       ,Kreuther   ,        21,        15,    36
2026.07.28,18:00        ,18:15       ,Kreuther   ,        21,        12,    33
2026.07.28,18:15        ,18:30       ,Kreuther   ,        17,        18,    35
2026.07.28,18:30        ,18:45       ,Kreuther   ,        17,        11,    28
2026.07.28,18:45        ,19:00       ,Kreuther   ,         4,        14,    18
2026.07.28,19:00        ,19:15       ,Kreuther   ,        10,         3,    13
2026.07.28,19:15        ,19:30       ,Kreuther   ,        10,        10,    20
2026.07.28,19:30        ,19:45       ,Kreuther   ,        14,        10,    24
2026.07.28,19:45        ,20:00       ,Kreuther   ,         7,         9,    16
2026.07.28,20:00        ,20:15       ,Kreuther   ,        12,         6,    18
2026.07.28,20:15        ,20:30       ,Kreuther   ,        13,        10,    23
2026.07.28,20:30        ,20:45       ,Kreuther   ,        14,         9,    23
2026.07.28,20:45        ,21:00       ,Kreuther   ,         4,         3,     7
2026.07.28,21:00        ,21:15       ,Kreuther   ,         8,         3,    11
2026.07.28,21:15        ,21:30       ,Kreuther   ,         9,         4,    13
2026.07.28,21:30        ,21:45       ,Kreuther   ,        14,         2,    16
2026.07.28,21:45        ,22:00       ,Kreuther   ,        11,         4,    15
2026.07.28,22:00        ,22:15       ,Kreuther   ,         4,         3,     7
2026.07.28,22:15        ,22:30       ,Kreuther   ,         2,         4,     6
2026.07.28,22:30        ,22:45       ,Kreuther   ,         5,         2,     7
2026.07.28,22:45        ,23:00       ,Kreuther   ,         3,         1,     4
2026.07.28,23:00        ,23:15       ,Kreuther   ,         4,         6,    10
2026.07.28,23:15        ,23:30       ,Kreuther   ,         3,         0,     3
2026.07.28,23:30        ,23:45       ,Kreuther   ,         0,         0,     0
2026.07.28,23:45        ,00:00       ,Kreuther   ,         1,         1,     2
2026.07.29,00:00        ,00:15       ,Kreuther   ,         0,         1,     1
2026.07.29,00:15        ,00:30       ,Kreuther   ,         1,         0,     1
2026.07.29,00:30        ,00:45       ,Kreuther   ,         0,         0,     0
2026.07.29,00:45        ,01:00       ,Kreuther   ,         0,         0,     0
2026.07.29,01:00        ,01:15       ,Kreuther   ,         0,         0,     0
2026.07.29,01:15        ,01:30       ,Kreuther   ,         0,         1,     1
2026.07.29,01:30        ,01:45       ,Kreuther   ,         0,         0,     0
2026.07.29,01:45        ,02:00       ,Kreuther   ,         0,         0,     0
2026.07.29,02:00        ,02:15       ,Kreuther   ,         0,         2,     2
2026.07.29,02:15        ,02:30       ,Kreuther   ,         2,         0,     2
2026.07.29,02:30        ,02:45       ,Kreuther   ,         0,         0,     0
2026.07.29,02:45        ,03:00       ,Kreuther   ,         0,         0,     0
2026.07.29,03:00        ,03:15       ,Kreuther   ,         0,         1,     1
2026.07.29,03:15        ,03:30       ,Kreuther   ,         0,         0,     0
2026.07.29,03:30        ,03:45       ,Kreuther   ,         0,         0,     0
2026.07.29,03:45        ,04:00       ,Kreuther   ,         0,         0,     0
2026.07.29,04:00        ,04:15       ,Kreuther   ,         0,         0,     0
2026.07.29,04:15        ,04:30       ,Kreuther   ,         0,         0,     0
2026.07.29,04:30        ,04:45       ,Kreuther   ,         0,         0,     0
2026.07.29,04:45        ,05:00       ,Kreuther   ,         0,         1,     1
2026.07.29,05:00        ,05:15       ,Kreuther   ,         0,         1,     1
2026.07.29,05:15        ,05:30       ,Kreuther   ,         1,         6,     7
2026.07.29,05:30        ,05:45       ,Kreuther   ,         3,         2,     5
2026.07.29,05:45        ,06:00       ,Kreuther   ,         0,         3,     3
2026.07.29,06:00        ,06:15       ,Kreuther   ,         1,         3,     4
2026.07.29,06:15        ,06:30       ,Kreuther   ,         1,         6,     7
2026.07.29,06:30        ,06:45       ,Kreuther   ,         1,         5,     6
2026.07.29,06:45        ,07:00       ,Kreuther   ,         2,         7,     9
2026.07.29,07:00        ,07:15       ,Kreuther   ,         2,        13,    15
2026.07.29,07:15        ,07:30       ,Kreuther   ,         2,        24,    26
2026.07.29,07:30        ,07:45       ,Kreuther   ,         8,        32,    40
2026.07.29,07:45        ,08:00       ,Kreuther   ,        11,        43,    54
2026.07.29,08:00        ,08:15       ,Kreuther   ,        11,        39,    50
2026.07.29,08:15        ,08:30       ,Kreuther   ,         9,        44,    53
2026.07.29,08:30        ,08:45       ,Kreuther   ,         7,        42,    49
2026.07.29,08:45        ,09:00       ,Kreuther   ,         5,        21,    26
2026.07.29,09:00        ,09:15       ,Kreuther   ,         3,        20,    23
2026.07.29,09:15        ,09:30       ,Kreuther   ,         5,        13,    18
2026.07.29,09:30        ,09:45       ,Kreuther   ,         5,        12,    17
2026.07.29,09:45        ,10:00       ,Kreuther   ,         2,         5,     7
2026.07.29,10:00        ,10:15       ,Kreuther   ,         2,         8,    10
2026.07.29,10:15        ,10:30       ,Kreuther   ,         1,        11,    12
2026.07.29,10:30        ,10:45       ,Kreuther   ,         2,         6,     8
2026.07.29,10:45        ,11:00       ,Kreuther   ,         2,         6,     8
2026.07.29,11:00        ,11:15       ,Kreuther   ,         3,        12,    15
2026.07.29,11:15        ,11:30       ,Kreuther   ,         8,         7,    15
2026.07.29,11:30        ,11:45       ,Kreuther   ,         8,         3,    11
2026.07.29,11:45        ,12:00       ,Kreuther   ,         3,        14,    17
2026.07.29,12:00        ,12:15       ,Kreuther   ,         8,         5,    13
2026.07.29,12:15        ,12:30       ,Kreuther   ,         6,        11,    17
2026.07.29,12:30        ,12:45       ,Kreuther   ,         5,        11,    16
2026.07.29,12:45        ,13:00       ,Kreuther   ,         5,         6,    11
2026.07.29,13:00        ,13:15       ,Kreuther   ,        13,         4,    17
2026.07.29,13:15        ,13:30       ,Kreuther   ,         8,        14,    22
2026.07.29,13:30        ,13:45       ,Kreuther   ,         5,         7,    12
2026.07.29,13:45        ,14:00       ,Kreuther   ,        10,        12,    22
2026.07.29,14:00        ,14:15       ,Kreuther   ,         5,         9,    14
2026.07.29,14:15        ,14:30       ,Kreuther   ,        17,         7,    24
2026.07.29,14:30        ,14:45       ,Kreuther   ,         5,         3,     8
2026.07.29,14:45        ,15:00       ,Kreuther   ,         5,        11,    16
2026.07.29,15:00        ,15:15       ,Kreuther   ,         8,        14,    22
2026.07.29,15:15        ,15:30       ,Kreuther   ,        15,        10,    25
2026.07.29,15:30        ,15:45       ,Kreuther   ,        14,        15,    29
2026.07.29,15:45        ,16:00       ,Kreuther   ,        14,         6,    20
2026.07.29,16:00        ,16:15       ,Kreuther   ,        14,        10,    24
2026.07.29,16:15        ,16:30       ,Kreuther   ,        26,        11,    37
2026.07.29,16:30        ,16:45       ,Kreuther   ,        17,        15,    32
2026.07.29,16:45        ,17:00       ,Kreuther   ,        15,         4,    19
2026.07.29,17:00        ,17:15       ,Kreuther   ,        19,        10,    29
2026.07.29,17:15        ,17:30       ,Kreuther   ,        15,        14,    29
2026.07.29,17:30        ,17:45       ,Kreuther   ,        23,         6,    29
2026.07.29,17:45        ,18:00       ,Kreuther   ,        22,        15,    37
2026.07.29,18:00        ,18:15       ,Kreuther   ,        17,        16,    33
2026.07.29,18:15        ,18:30       ,Kreuther   ,        12,        16,    28
2026.07.29,18:30        ,18:45       ,Kreuther   ,        14,        11,    25
2026.07.29,18:45        ,19:00       ,Kreuther   ,        13,        10,    23
2026.07.29,19:00        ,19:15       ,Kreuther   ,         7,         6,    13
2026.07.29,19:15        ,19:30       ,Kreuther   ,        10,        10,    20
2026.07.29,19:30        ,19:45       ,Kreuther   ,        10,         4,    14
2026.07.29,19:45        ,20:00       ,Kreuther   ,        14,         9,    23
2026.07.29,20:00        ,20:15       ,Kreuther   ,         7,         7,    14
2026.07.29,20:15        ,20:30       ,Kreuther   ,         3,         3,     6
2026.07.29,20:30        ,20:45       ,Kreuther   ,        10,         3,    13
2026.07.29,20:45        ,21:00       ,Kreuther   ,         8,         7,    15
2026.07.29,21:00        ,21:15       ,Kreuther   ,         6,         5,    11
2026.07.29,21:15        ,21:30       ,Kreuther   ,         6,         3,     9
2026.07.29,21:30        ,21:45       ,Kreuther   ,         1,         6,     7
2026.07.29,21:45        ,22:00       ,Kreuther   ,         7,         2,     9
2026.07.29,22:00        ,22:15       ,Kreuther   ,         9,         5,    14
2026.07.29,22:15        ,22:30       ,Kreuther   ,         5,         2,     7
2026.07.29,22:30        ,22:45       ,Kreuther   ,         1,         0,     1
2026.07.29,22:45        ,23:00       ,Kreuther   ,         5,         2,     7
2026.07.29,23:00        ,23:15       ,Kreuther   ,         5,         0,     5
2026.07.29,23:15        ,23:30       ,Kreuther   ,         1,         0,     1
2026.07.29,23:30        ,23:45       ,Kreuther   ,         1,         0,     1
2026.07.29,23:45        ,00:00       ,Kreuther   ,         2,         0,     2
2026.07.30,00:00        ,00:15       ,Kreuther   ,         1,         0,     1
2026.07.30,00:15        ,00:30       ,Kreuther   ,         1,         0,     1
2026.07.30,00:30        ,00:45       ,Kreuther   ,         4,         0,     4
2026.07.30,00:45        ,01:00       ,Kreuther   ,         1,         0,     1
2026.07.30,01:00        ,01:15       ,Kreuther   ,         1,         0,     1
2026.07.30,01:15        ,01:30       ,Kreuther   ,         0,         0,     0
2026.07.30,01:30        ,01:45       ,Kreuther   ,         0,         0,     0
2026.07.30,01:45        ,02:00       ,Kreuther   ,         0,         0,     0
2026.07.30,02:00        ,02:15       ,Kreuther   ,         0,         1,     1
2026.07.30,02:15        ,02:30       ,Kreuther   ,         0,         2,     2
2026.07.30,02:30        ,02:45       ,Kreuther   ,         0,         0,     0
2026.07.30,02:45        ,03:00       ,Kreuther   ,         1,         0,     1
2026.07.30,03:00        ,03:15       ,Kreuther   ,         0,         0,     0
2026.07.30,03:15        ,03:30       ,Kreuther   ,         0,         0,     0
2026.07.30,03:30        ,03:45       ,Kreuther   ,         0,         0,     0
2026.07.30,03:45        ,04:00       ,Kreuther   ,         1,         0,     1
2026.07.30,04:00        ,04:15       ,Kreuther   ,         0,         0,     0
2026.07.30,04:15        ,04:30       ,Kreuther   ,         0,         0,     0
2026.07.30,04:30        ,04:45       ,Kreuther   ,         0,         0,     0
2026.07.30,04:45        ,05:00       ,Kreuther   ,         0,         0,     0
2026.07.30,05:00        ,05:15       ,Kreuther   ,         0,         2,     2
2026.07.30,05:15        ,05:30       ,Kreuther   ,         2,         5,     7
2026.07.30,05:30        ,05:45       ,Kreuther   ,         1,         2,     3
2026.07.30,05:45        ,06:00       ,Kreuther   ,         0,         0,     0
2026.07.30,06:00        ,06:15       ,Kreuther   ,         1,         4,     5
2026.07.30,06:15        ,06:30       ,Kreuther   ,         1,         4,     5
2026.07.30,06:30        ,06:45       ,Kreuther   ,         5,         5,    10
2026.07.30,06:45        ,07:00       ,Kreuther   ,         3,        11,    14
2026.07.30,07:00        ,07:15       ,Kreuther   ,         6,        16,    22
2026.07.30,07:15        ,07:30       ,Kreuther   ,         3,        17,    20
2026.07.30,07:30        ,07:45       ,Kreuther   ,         6,        50,    56
2026.07.30,07:45        ,08:00       ,Kreuther   ,        10,        35,    45
2026.07.30,08:00        ,08:15       ,Kreuther   ,        12,        46,    58
2026.07.30,08:15        ,08:30       ,Kreuther   ,         9,        30,    39
2026.07.30,08:30        ,08:45       ,Kreuther   ,         3,        29,    32
2026.07.30,08:45        ,09:00       ,Kreuther   ,         3,        27,    30
2026.07.30,09:00        ,09:15       ,Kreuther   ,         1,        13,    14
2026.07.30,09:15        ,09:30       ,Kreuther   ,         4,         7,    11
2026.07.30,09:30        ,09:45       ,Kreuther   ,         5,        15,    20
2026.07.30,09:45        ,10:00       ,Kreuther   ,         2,        10,    12
2026.07.30,10:00        ,10:15       ,Kreuther   ,         5,         8,    13
2026.07.30,10:15        ,10:30       ,Kreuther   ,         4,        10,    14
2026.07.30,10:30        ,10:45       ,Kreuther   ,         6,        12,    18
2026.07.30,10:45        ,11:00       ,Kreuther   ,         3,         7,    10
2026.07.30,11:00        ,11:15       ,Kreuther   ,         5,         7,    12
2026.07.30,11:15        ,11:30       ,Kreuther   ,         3,         4,     7
2026.07.30,11:30        ,11:45       ,Kreuther   ,         6,         3,     9
2026.07.30,11:45        ,12:00       ,Kreuther   ,         5,         4,     9
2026.07.30,12:00        ,12:15       ,Kreuther   ,         7,        12,    19
2026.07.30,12:15        ,12:30       ,Kreuther   ,         5,         9,    14
2026.07.30,12:30        ,12:45       ,Kreuther   ,        11,        10,    21
2026.07.30,12:45        ,13:00       ,Kreuther   ,         3,         4,     7
2026.07.30,13:00        ,13:15       ,Kreuther   ,         3,         4,     7
2026.07.30,13:15        ,13:30       ,Kreuther   ,        11,        16,    27
2026.07.30,13:30        ,13:45       ,Kreuther   ,         9,         6,    15
2026.07.30,13:45        ,14:00       ,Kreuther   ,         3,         6,     9
2026.07.30,14:00        ,14:15       ,Kreuther   ,         7,         7,    14
2026.07.30,14:15        ,14:30       ,Kreuther   ,         3,         5,     8
2026.07.30,14:30        ,14:45       ,Kreuther   ,         8,         5,    13
2026.07.30,14:45        ,15:00       ,Kreuther   ,         7,        11,    18
2026.07.30,15:00        ,15:15       ,Kreuther   ,        12,        12,    24
2026.07.30,15:15        ,15:30       ,Kreuther   ,         7,         9,    16
2026.07.30,15:30        ,15:45       ,Kreuther   ,        13,         6,    19
2026.07.30,15:45        ,16:00       ,Kreuther   ,        11,         8,    19
2026.07.30,16:00        ,16:15       ,Kreuther   ,        15,        10,    25
2026.07.30,16:15        ,16:30       ,Kreuther   ,         7,         6,    13
2026.07.30,16:30        ,16:45       ,Kreuther   ,        19,        12,    31
2026.07.30,16:45        ,17:00       ,Kreuther   ,        22,         6,    28
2026.07.30,17:00        ,17:15       ,Kreuther   ,        17,         4,    21
2026.07.30,17:15        ,17:30       ,Kreuther   ,        15,        10,    25
2026.07.30,17:30        ,17:45       ,Kreuther   ,        11,        12,    23
2026.07.30,17:45        ,18:00       ,Kreuther   ,        13,        15,    28
2026.07.30,18:00        ,18:15       ,Kreuther   ,        18,        13,    31
2026.07.30,18:15        ,18:30       ,Kreuther   ,        12,         9,    21
2026.07.30,18:30        ,18:45       ,Kreuther   ,        13,        13,    26
2026.07.30,18:45        ,19:00       ,Kreuther   ,        14,        11,    25
2026.07.30,19:00        ,19:15       ,Kreuther   ,         7,         9,    16
2026.07.30,19:15        ,19:30       ,Kreuther   ,         6,        10,    16
2026.07.30,19:30        ,19:45       ,Kreuther   ,        10,         6,    16
2026.07.30,19:45        ,20:00       ,Kreuther   ,        10,        11,    21
2026.07.30,20:00        ,20:15       ,Kreuther   ,        12,         5,    17
2026.07.30,20:15        ,20:30       ,Kreuther   ,        11,         6,    17
2026.07.30,20:30        ,20:45       ,Kreuther   ,        14,         8,    22
2026.07.30,20:45        ,21:00       ,Kreuther   ,         2,         4,     6
2026.07.30,21:00        ,21:15       ,Kreuther   ,         7,        14,    21
2026.07.30,21:15        ,21:30       ,Kreuther   ,         7,         8,    15
2026.07.30,21:30        ,21:45       ,Kreuther   ,         4,         1,     5
2026.07.30,21:45        ,22:00       ,Kreuther   ,         5,         3,     8
2026.07.30,22:00        ,22:15       ,Kreuther   ,         5,         1,     6
2026.07.30,22:15        ,22:30       ,Kreuther   ,         6,         1,     7
2026.07.30,22:30        ,22:45       ,Kreuther   ,         4,         1,     5
2026.07.30,22:45        ,23:00       ,Kreuther   ,         3,         0,     3
2026.07.30,23:00        ,23:15       ,Kreuther   ,         3,         2,     5
2026.07.30,23:15        ,23:30       ,Kreuther   ,         3,         1,     4
2026.07.30,23:30        ,23:45       ,Kreuther   ,         1,         1,     2
2026.07.30,23:45        ,00:00       ,Kreuther   ,         2,         0,     2
2026.07.31,00:00        ,00:15       ,Kreuther   ,         0,         0,     0
2026.07.31,00:15        ,00:30       ,Kreuther   ,         3,         1,     4
2026.07.31,00:30        ,00:45       ,Kreuther   ,         0,         0,     0
2026.07.31,00:45        ,01:00       ,Kreuther   ,         0,         0,     0
2026.07.31,01:00        ,01:15       ,Kreuther   ,         0,         0,     0
2026.07.31,01:15        ,01:30       ,Kreuther   ,         0,         0,     0
2026.07.31,01:30        ,01:45       ,Kreuther   ,         1,         0,     1
2026.07.31,01:45        ,02:00       ,Kreuther   ,         0,         0,     0
2026.07.31,02:00        ,02:15       ,Kreuther   ,         1,         2,     3
2026.07.31,02:15        ,02:30       ,Kreuther   ,         0,         0,     0
2026.07.31,02:30        ,02:45       ,Kreuther   ,         0,         0,     0
2026.07.31,02:45        ,03:00       ,Kreuther   ,         0,         0,     0
2026.07.31,03:00        ,03:15       ,Kreuther   ,         0,         0,     0
2026.07.31,03:15        ,03:30       ,Kreuther   ,         1,         0,     1
2026.07.31,03:30        ,03:45       ,Kreuther   ,         0,         0,     0
2026.07.31,03:45        ,04:00       ,Kreuther   ,         0,         0,     0
2026.07.31,04:00        ,04:15       ,Kreuther   ,         0,         0,     0
2026.07.31,04:15        ,04:30       ,Kreuther   ,         1,         0,     1
2026.07.31,04:30        ,04:45       ,Kreuther   ,         0,         0,     0
2026.07.31,04:45        ,05:00       ,Kreuther   ,         0,         1,     1
2026.07.31,05:00        ,05:15       ,Kreuther   ,         0,         1,     1
2026.07.31,05:15        ,05:30       ,Kreuther   ,         3,         4,     7
2026.07.31,05:30        ,05:45       ,Kreuther   ,         0,         2,     2
2026.07.31,05:45        ,06:00       ,Kreuther   ,         0,         0,     0
2026.07.31,06:00        ,06:15       ,Kreuther   ,         0,         4,     4
2026.07.31,06:15        ,06:30       ,Kreuther   ,         2,         5,     7
2026.07.31,06:30        ,06:45       ,Kreuther   ,         1,         3,     4
2026.07.31,06:45        ,07:00       ,Kreuther   ,         4,         8,    12
2026.07.31,07:00        ,07:15       ,Kreuther   ,         2,         6,     8
2026.07.31,07:15        ,07:30       ,Kreuther   ,         2,        17,    19
2026.07.31,07:30        ,07:45       ,Kreuther   ,        16,        45,    61
2026.07.31,07:45        ,08:00       ,Kreuther   ,         7,        30,    37
2026.07.31,08:00        ,08:15       ,Kreuther   ,         9,        19,    28
2026.07.31,08:15        ,08:30       ,Kreuther   ,         5,        23,    28
2026.07.31,08:30        ,08:45       ,Kreuther   ,         5,        18,    23
2026.07.31,08:45        ,09:00       ,Kreuther   ,         4,        13,    17
2026.07.31,09:00        ,09:15       ,Kreuther   ,         2,         6,     8
2026.07.31,09:15        ,09:30       ,Kreuther   ,         8,        14,    22
2026.07.31,09:30        ,09:45       ,Kreuther   ,        13,         8,    21
2026.07.31,09:45        ,10:00       ,Kreuther   ,         6,         9,    15
2026.07.31,10:00        ,10:15       ,Kreuther   ,         2,         9,    11
2026.07.31,10:15        ,10:30       ,Kreuther   ,         3,         7,    10
2026.07.31,10:30        ,10:45       ,Kreuther   ,         1,         7,     8
2026.07.31,10:45        ,11:00       ,Kreuther   ,        21,         6,    27
2026.07.31,11:00        ,11:15       ,Kreuther   ,         3,         5,     8
2026.07.31,11:15        ,11:30       ,Kreuther   ,        11,         9,    20
2026.07.31,11:30        ,11:45       ,Kreuther   ,         3,         8,    11
2026.07.31,11:45        ,12:00       ,Kreuther   ,        13,         6,    19
2026.07.31,12:00        ,12:15       ,Kreuther   ,         8,        11,    19
2026.07.31,12:15        ,12:30       ,Kreuther   ,        11,         7,    18
2026.07.31,12:30        ,12:45       ,Kreuther   ,         8,         9,    17
2026.07.31,12:45        ,13:00       ,Kreuther   ,         3,         2,     5
2026.07.31,13:00        ,13:15       ,Kreuther   ,         7,         2,     9
2026.07.31,13:15        ,13:30       ,Kreuther   ,         8,         8,    16
2026.07.31,13:30        ,13:45       ,Kreuther   ,         3,        11,    14
2026.07.31,13:45        ,14:00       ,Kreuther   ,         6,         8,    14
2026.07.31,14:00        ,14:15       ,Kreuther   ,        13,         7,    20
2026.07.31,14:15        ,14:30       ,Kreuther   ,        14,         7,    21
2026.07.31,14:30        ,14:45       ,Kreuther   ,        11,         8,    19
2026.07.31,14:45        ,15:00       ,Kreuther   ,         8,        13,    21
2026.07.31,15:00        ,15:15       ,Kreuther   ,         8,         7,    15
2026.07.31,15:15        ,15:30       ,Kreuther   ,         4,         8,    12
2026.07.31,15:30        ,15:45       ,Kreuther   ,        10,         4,    14
2026.07.31,15:45        ,16:00       ,Kreuther   ,        11,         9,    20
2026.07.31,16:00        ,16:15       ,Kreuther   ,        10,         9,    19
2026.07.31,16:15        ,16:30       ,Kreuther   ,         9,         9,    18
2026.07.31,16:30        ,16:45       ,Kreuther   ,         9,         7,    16
2026.07.31,16:45        ,17:00       ,Kreuther   ,         5,        10,    15
2026.07.31,17:00        ,17:15       ,Kreuther   ,        14,        16,    30
2026.07.31,17:15        ,17:30       ,Kreuther   ,         4,         2,     6
2026.07.31,17:30        ,17:45       ,Kreuther   ,         8,        10,    18
2026.07.31,17:45        ,18:00       ,Kreuther   ,        14,        13,    27
2026.07.31,18:00        ,18:15       ,Kreuther   ,        13,         8,    21
2026.07.31,18:15        ,18:30       ,Kreuther   ,         5,         7,    12
2026.07.31,18:30        ,18:45       ,Kreuther   ,         8,        10,    18
2026.07.31,18:45        ,19:00       ,Kreuther   ,        10,        11,    21
2026.07.31,19:00        ,19:15       ,Kreuther   ,         5,        10,    15
2026.07.31,19:15        ,19:30       ,Kreuther   ,         6,         9,    15
2026.07.31,19:30        ,19:45       ,Kreuther   ,         9,         4,    13
2026.07.31,19:45        ,20:00       ,Kreuther   ,         7,         5,    12
2026.07.31,20:00        ,20:15       ,Kreuther   ,         6,         2,     8
2026.07.31,20:15        ,20:30       ,Kreuther   ,         4,         2,     6
2026.07.31,20:30        ,20:45       ,Kreuther   ,         3,         2,     5
2026.07.31,20:45        ,21:00       ,Kreuther   ,         4,         7,    11
2026.07.31,21:00        ,21:15       ,Kreuther   ,         2,         1,     3
2026.07.31,21:15        ,21:30       ,Kreuther   ,         2,         1,     3
2026.07.31,21:30        ,21:45       ,Kreuther   ,         7,         2,     9
2026.07.31,21:45        ,22:00       ,Kreuther   ,         5,         6,    11
2026.07.31,22:00        ,22:15       ,Kreuther   ,         0,         2,     2
2026.07.31,22:15        ,22:30       ,Kreuther   ,         4,         0,     4
2026.07.31,22:30        ,22:45       ,Kreuther   ,         3,         0,     3
2026.07.31,22:45        ,23:00       ,Kreuther   ,         0,         1,     1
2026.07.31,23:00        ,23:15       ,Kreuther   ,         0,         2,     2
2026.07.31,23:15        ,23:30       ,Kreuther   ,         1,         1,     2
2026.07.31,23:30        ,23:45       ,Kreuther   ,         1,         0,     1
2026.07.31,23:45        ,00:00       ,Kreuther   ,         2,         0,     2
2026.07.01,00:00        ,00:15       ,Olympia    ,         4,         9,    13
2026.07.01,00:15        ,00:30       ,Olympia    ,         2,         1,     3
2026.07.01,00:30        ,00:45       ,Olympia    ,         2,         0,     2
2026.07.01,00:45        ,01:00       ,Olympia    ,         1,         2,     3
2026.07.01,01:00        ,01:15       ,Olympia    ,         3,         0,     3
2026.07.01,01:15        ,01:30       ,Olympia    ,         0,         1,     1
2026.07.01,01:30        ,01:45       ,Olympia    ,         0,         1,     1
2026.07.01,01:45        ,02:00       ,Olympia    ,         0,         1,     1
2026.07.01,02:00        ,02:15       ,Olympia    ,         0,         0,     0
2026.07.01,02:15        ,02:30       ,Olympia    ,         1,         0,     1
2026.07.01,02:30        ,02:45       ,Olympia    ,         1,         0,     1
2026.07.01,02:45        ,03:00       ,Olympia    ,         1,         0,     1
2026.07.01,03:00        ,03:15       ,Olympia    ,         0,         1,     1
2026.07.01,03:15        ,03:30       ,Olympia    ,         0,         0,     0
2026.07.01,03:30        ,03:45       ,Olympia    ,         0,         1,     1
2026.07.01,03:45        ,04:00       ,Olympia    ,         1,         0,     1
2026.07.01,04:00        ,04:15       ,Olympia    ,         0,         0,     0
2026.07.01,04:15        ,04:30       ,Olympia    ,         0,         0,     0
2026.07.01,04:30        ,04:45       ,Olympia    ,         1,         0,     1
2026.07.01,04:45        ,05:00       ,Olympia    ,         1,         0,     1
2026.07.01,05:00        ,05:15       ,Olympia    ,         0,         0,     0
2026.07.01,05:15        ,05:30       ,Olympia    ,         4,         1,     5
2026.07.01,05:30        ,05:45       ,Olympia    ,         5,         4,     9
2026.07.01,05:45        ,06:00       ,Olympia    ,         5,         3,     8
2026.07.01,06:00        ,06:15       ,Olympia    ,         3,         2,     5
2026.07.01,06:15        ,06:30       ,Olympia    ,         5,         2,     7
2026.07.01,06:30        ,06:45       ,Olympia    ,        17,         6,    23
2026.07.01,06:45        ,07:00       ,Olympia    ,         9,        11,    20
2026.07.01,07:00        ,07:15       ,Olympia    ,        18,        13,    31
2026.07.01,07:15        ,07:30       ,Olympia    ,        23,        18,    41
2026.07.01,07:30        ,07:45       ,Olympia    ,        23,        31,    54
2026.07.01,07:45        ,08:00       ,Olympia    ,        37,        40,    77
2026.07.01,08:00        ,08:15       ,Olympia    ,        31,        28,    59
2026.07.01,08:15        ,08:30       ,Olympia    ,        27,        26,    53
2026.07.01,08:30        ,08:45       ,Olympia    ,        34,        31,    65
2026.07.01,08:45        ,09:00       ,Olympia    ,        40,        29,    69
2026.07.01,09:00        ,09:15       ,Olympia    ,        25,        16,    41
2026.07.01,09:15        ,09:30       ,Olympia    ,        18,        18,    36
2026.07.01,09:30        ,09:45       ,Olympia    ,        10,        14,    24
2026.07.01,09:45        ,10:00       ,Olympia    ,         7,         6,    13
2026.07.01,10:00        ,10:15       ,Olympia    ,         8,         7,    15
2026.07.01,10:15        ,10:30       ,Olympia    ,         2,         3,     5
2026.07.01,10:30        ,10:45       ,Olympia    ,         2,         4,     6
2026.07.01,10:45        ,11:00       ,Olympia    ,         2,         2,     4
2026.07.01,11:00        ,11:15       ,Olympia    ,         3,         9,    12
2026.07.01,11:15        ,11:30       ,Olympia    ,         0,         2,     2
2026.07.01,11:30        ,11:45       ,Olympia    ,         4,         4,     8
2026.07.01,11:45        ,12:00       ,Olympia    ,         8,         2,    10
2026.07.01,12:00        ,12:15       ,Olympia    ,         4,         3,     7
2026.07.01,12:15        ,12:30       ,Olympia    ,         3,         5,     8
2026.07.01,12:30        ,12:45       ,Olympia    ,         7,         5,    12
2026.07.01,12:45        ,13:00       ,Olympia    ,         5,         5,    10
2026.07.01,13:00        ,13:15       ,Olympia    ,         8,         6,    14
2026.07.01,13:15        ,13:30       ,Olympia    ,         8,        10,    18
2026.07.01,13:30        ,13:45       ,Olympia    ,         7,        10,    17
2026.07.01,13:45        ,14:00       ,Olympia    ,         8,        11,    19
2026.07.01,14:00        ,14:15       ,Olympia    ,         8,        10,    18
2026.07.01,14:15        ,14:30       ,Olympia    ,        13,         9,    22
2026.07.01,14:30        ,14:45       ,Olympia    ,         7,        12,    19
2026.07.01,14:45        ,15:00       ,Olympia    ,        12,         5,    17
2026.07.01,15:00        ,15:15       ,Olympia    ,         9,        10,    19
2026.07.01,15:15        ,15:30       ,Olympia    ,         9,         8,    17
2026.07.01,15:30        ,15:45       ,Olympia    ,         4,         8,    12
2026.07.01,15:45        ,16:00       ,Olympia    ,        13,        20,    33
2026.07.01,16:00        ,16:15       ,Olympia    ,        18,        19,    37
2026.07.01,16:15        ,16:30       ,Olympia    ,        23,        27,    50
2026.07.01,16:30        ,16:45       ,Olympia    ,        31,        26,    57
2026.07.01,16:45        ,17:00       ,Olympia    ,        37,        26,    63
2026.07.01,17:00        ,17:15       ,Olympia    ,        37,        19,    56
2026.07.01,17:15        ,17:30       ,Olympia    ,        37,        22,    59
2026.07.01,17:30        ,17:45       ,Olympia    ,        45,        31,    76
2026.07.01,17:45        ,18:00       ,Olympia    ,        45,        44,    89
2026.07.01,18:00        ,18:15       ,Olympia    ,        36,        47,    83
2026.07.01,18:15        ,18:30       ,Olympia    ,        39,        34,    73
2026.07.01,18:30        ,18:45       ,Olympia    ,        47,        38,    85
2026.07.01,18:45        ,19:00       ,Olympia    ,        42,        38,    80
2026.07.01,19:00        ,19:15       ,Olympia    ,        35,        33,    68
2026.07.01,19:15        ,19:30       ,Olympia    ,        30,        45,    75
2026.07.01,19:30        ,19:45       ,Olympia    ,        24,        27,    51
2026.07.01,19:45        ,20:00       ,Olympia    ,        42,        28,    70
2026.07.01,20:00        ,20:15       ,Olympia    ,        34,        35,    69
2026.07.01,20:15        ,20:30       ,Olympia    ,        16,        34,    50
2026.07.01,20:30        ,20:45       ,Olympia    ,        21,        31,    52
2026.07.01,20:45        ,21:00       ,Olympia    ,        20,        30,    50
2026.07.01,21:00        ,21:15       ,Olympia    ,        19,        34,    53
2026.07.01,21:15        ,21:30       ,Olympia    ,        18,        38,    56
2026.07.01,21:30        ,21:45       ,Olympia    ,        19,        18,    37
2026.07.01,21:45        ,22:00       ,Olympia    ,        15,        28,    43
2026.07.01,22:00        ,22:15       ,Olympia    ,        16,        27,    43
2026.07.01,22:15        ,22:30       ,Olympia    ,        15,        21,    36
2026.07.01,22:30        ,22:45       ,Olympia    ,        14,        18,    32
2026.07.01,22:45        ,23:00       ,Olympia    ,        11,         7,    18
2026.07.01,23:00        ,23:15       ,Olympia    ,         9,         6,    15
2026.07.01,23:15        ,23:30       ,Olympia    ,         5,         6,    11
2026.07.01,23:30        ,23:45       ,Olympia    ,        11,         5,    16
2026.07.01,23:45        ,00:00       ,Olympia    ,         6,         2,     8
2026.07.02,00:00        ,00:15       ,Olympia    ,         4,         4,     8
2026.07.02,00:15        ,00:30       ,Olympia    ,         2,         2,     4
2026.07.02,00:30        ,00:45       ,Olympia    ,         2,         2,     4
2026.07.02,00:45        ,01:00       ,Olympia    ,         2,         4,     6
2026.07.02,01:00        ,01:15       ,Olympia    ,         1,         3,     4
2026.07.02,01:15        ,01:30       ,Olympia    ,         3,         1,     4
2026.07.02,01:30        ,01:45       ,Olympia    ,         0,         2,     2
2026.07.02,01:45        ,02:00       ,Olympia    ,         0,         0,     0
2026.07.02,02:00        ,02:15       ,Olympia    ,         2,         1,     3
2026.07.02,02:15        ,02:30       ,Olympia    ,         1,         0,     1
2026.07.02,02:30        ,02:45       ,Olympia    ,         0,         1,     1
2026.07.02,02:45        ,03:00       ,Olympia    ,         2,         0,     2
2026.07.02,03:00        ,03:15       ,Olympia    ,         0,         0,     0
2026.07.02,03:15        ,03:30       ,Olympia    ,         1,         0,     1
2026.07.02,03:30        ,03:45       ,Olympia    ,         0,         0,     0
2026.07.02,03:45        ,04:00       ,Olympia    ,         0,         1,     1
2026.07.02,04:00        ,04:15       ,Olympia    ,         0,         0,     0
2026.07.02,04:15        ,04:30       ,Olympia    ,         0,         1,     1
2026.07.02,04:30        ,04:45       ,Olympia    ,         0,         0,     0
2026.07.02,04:45        ,05:00       ,Olympia    ,         1,         0,     1
2026.07.02,05:00        ,05:15       ,Olympia    ,         1,         1,     2
2026.07.02,05:15        ,05:30       ,Olympia    ,         4,         2,     6
2026.07.02,05:30        ,05:45       ,Olympia    ,         5,         8,    13
2026.07.02,05:45        ,06:00       ,Olympia    ,         8,         7,    15
2026.07.02,06:00        ,06:15       ,Olympia    ,         4,         1,     5
2026.07.02,06:15        ,06:30       ,Olympia    ,        10,         5,    15
2026.07.02,06:30        ,06:45       ,Olympia    ,        26,         9,    35
2026.07.02,06:45        ,07:00       ,Olympia    ,        28,         4,    32
2026.07.02,07:00        ,07:15       ,Olympia    ,        17,        18,    35
2026.07.02,07:15        ,07:30       ,Olympia    ,        36,        26,    62
2026.07.02,07:30        ,07:45       ,Olympia    ,        33,        46,    79
2026.07.02,07:45        ,08:00       ,Olympia    ,        65,        46,   111
2026.07.02,08:00        ,08:15       ,Olympia    ,        57,        34,    91
2026.07.02,08:15        ,08:30       ,Olympia    ,        40,        51,    91
2026.07.02,08:30        ,08:45       ,Olympia    ,        51,        42,    93
2026.07.02,08:45        ,09:00       ,Olympia    ,        52,        47,    99
2026.07.02,09:00        ,09:15       ,Olympia    ,        40,        35,    75
2026.07.02,09:15        ,09:30       ,Olympia    ,        29,        31,    60
2026.07.02,09:30        ,09:45       ,Olympia    ,        22,        24,    46
2026.07.02,09:45        ,10:00       ,Olympia    ,        22,        20,    42
2026.07.02,10:00        ,10:15       ,Olympia    ,        22,        20,    42
2026.07.02,10:15        ,10:30       ,Olympia    ,        11,        16,    27
2026.07.02,10:30        ,10:45       ,Olympia    ,        14,        17,    31
2026.07.02,10:45        ,11:00       ,Olympia    ,        17,        16,    33
2026.07.02,11:00        ,11:15       ,Olympia    ,        17,        14,    31
2026.07.02,11:15        ,11:30       ,Olympia    ,        17,        21,    38
2026.07.02,11:30        ,11:45       ,Olympia    ,        12,        19,    31
2026.07.02,11:45        ,12:00       ,Olympia    ,        23,        20,    43
2026.07.02,12:00        ,12:15       ,Olympia    ,        26,        17,    43
2026.07.02,12:15        ,12:30       ,Olympia    ,        13,        16,    29
2026.07.02,12:30        ,12:45       ,Olympia    ,        29,        24,    53
2026.07.02,12:45        ,13:00       ,Olympia    ,        24,        20,    44
2026.07.02,13:00        ,13:15       ,Olympia    ,        12,        22,    34
2026.07.02,13:15        ,13:30       ,Olympia    ,        25,        24,    49
2026.07.02,13:30        ,13:45       ,Olympia    ,        41,        21,    62
2026.07.02,13:45        ,14:00       ,Olympia    ,        20,        31,    51
2026.07.02,14:00        ,14:15       ,Olympia    ,        28,        25,    53
2026.07.02,14:15        ,14:30       ,Olympia    ,        30,        25,    55
2026.07.02,14:30        ,14:45       ,Olympia    ,        29,        32,    61
2026.07.02,14:45        ,15:00       ,Olympia    ,        30,        25,    55
2026.07.02,15:00        ,15:15       ,Olympia    ,        22,        27,    49
2026.07.02,15:15        ,15:30       ,Olympia    ,        31,        40,    71
2026.07.02,15:30        ,15:45       ,Olympia    ,        41,        36,    77
2026.07.02,15:45        ,16:00       ,Olympia    ,        45,        36,    81
2026.07.02,16:00        ,16:15       ,Olympia    ,        36,        37,    73
2026.07.02,16:15        ,16:30       ,Olympia    ,        40,        49,    89
2026.07.02,16:30        ,16:45       ,Olympia    ,        54,        54,   108
2026.07.02,16:45        ,17:00       ,Olympia    ,        62,        50,   112
2026.07.02,17:00        ,17:15       ,Olympia    ,        39,        41,    80
2026.07.02,17:15        ,17:30       ,Olympia    ,        49,        54,   103
2026.07.02,17:30        ,17:45       ,Olympia    ,        77,        69,   146
2026.07.02,17:45        ,18:00       ,Olympia    ,        93,        65,   158
2026.07.02,18:00        ,18:15       ,Olympia    ,        71,        60,   131
2026.07.02,18:15        ,18:30       ,Olympia    ,        74,        88,   162
2026.07.02,18:30        ,18:45       ,Olympia    ,        85,        59,   144
2026.07.02,18:45        ,19:00       ,Olympia    ,        83,        68,   151
2026.07.02,19:00        ,19:15       ,Olympia    ,        46,        74,   120
2026.07.02,19:15        ,19:30       ,Olympia    ,        50,        64,   114
2026.07.02,19:30        ,19:45       ,Olympia    ,        61,        70,   131
2026.07.02,19:45        ,20:00       ,Olympia    ,        42,        42,    84
2026.07.02,20:00        ,20:15       ,Olympia    ,        50,        75,   125
2026.07.02,20:15        ,20:30       ,Olympia    ,        40,        83,   123
2026.07.02,20:30        ,20:45       ,Olympia    ,        43,        45,    88
2026.07.02,20:45        ,21:00       ,Olympia    ,        47,        60,   107
2026.07.02,21:00        ,21:15       ,Olympia    ,        31,        50,    81
2026.07.02,21:15        ,21:30       ,Olympia    ,        34,        58,    92
2026.07.02,21:30        ,21:45       ,Olympia    ,        34,        40,    74
2026.07.02,21:45        ,22:00       ,Olympia    ,        33,        30,    63
2026.07.02,22:00        ,22:15       ,Olympia    ,        29,        34,    63
2026.07.02,22:15        ,22:30       ,Olympia    ,        28,        30,    58
2026.07.02,22:30        ,22:45       ,Olympia    ,         8,        37,    45
2026.07.02,22:45        ,23:00       ,Olympia    ,        17,        14,    31
2026.07.02,23:00        ,23:15       ,Olympia    ,        23,        28,    51
2026.07.02,23:15        ,23:30       ,Olympia    ,        12,        12,    24
2026.07.02,23:30        ,23:45       ,Olympia    ,        10,         6,    16
2026.07.02,23:45        ,00:00       ,Olympia    ,        17,        10,    27
2026.07.03,00:00        ,00:15       ,Olympia    ,        12,         8,    20
2026.07.03,00:15        ,00:30       ,Olympia    ,         5,         7,    12
2026.07.03,00:30        ,00:45       ,Olympia    ,         6,         5,    11
2026.07.03,00:45        ,01:00       ,Olympia    ,         4,         2,     6
2026.07.03,01:00        ,01:15       ,Olympia    ,         1,         0,     1
2026.07.03,01:15        ,01:30       ,Olympia    ,         1,         2,     3
2026.07.03,01:30        ,01:45       ,Olympia    ,         0,         1,     1
2026.07.03,01:45        ,02:00       ,Olympia    ,         2,         1,     3
2026.07.03,02:00        ,02:15       ,Olympia    ,         1,         2,     3
2026.07.03,02:15        ,02:30       ,Olympia    ,         1,         1,     2
2026.07.03,02:30        ,02:45       ,Olympia    ,         0,         0,     0
2026.07.03,02:45        ,03:00       ,Olympia    ,         2,         0,     2
2026.07.03,03:00        ,03:15       ,Olympia    ,         0,         0,     0
2026.07.03,03:15        ,03:30       ,Olympia    ,         2,         1,     3
2026.07.03,03:30        ,03:45       ,Olympia    ,         0,         0,     0
2026.07.03,03:45        ,04:00       ,Olympia    ,         0,         0,     0
2026.07.03,04:00        ,04:15       ,Olympia    ,         0,         0,     0
2026.07.03,04:15        ,04:30       ,Olympia    ,         2,         1,     3
2026.07.03,04:30        ,04:45       ,Olympia    ,         0,         0,     0
2026.07.03,04:45        ,05:00       ,Olympia    ,         1,         1,     2
2026.07.03,05:00        ,05:15       ,Olympia    ,         0,         1,     1
2026.07.03,05:15        ,05:30       ,Olympia    ,         1,         0,     1
2026.07.03,05:30        ,05:45       ,Olympia    ,         4,         2,     6
2026.07.03,05:45        ,06:00       ,Olympia    ,         3,         7,    10
2026.07.03,06:00        ,06:15       ,Olympia    ,         4,         3,     7
2026.07.03,06:15        ,06:30       ,Olympia    ,         8,         6,    14
2026.07.03,06:30        ,06:45       ,Olympia    ,        12,         6,    18
2026.07.03,06:45        ,07:00       ,Olympia    ,        13,         8,    21
2026.07.03,07:00        ,07:15       ,Olympia    ,        14,         9,    23
2026.07.03,07:15        ,07:30       ,Olympia    ,        12,        20,    32
2026.07.03,07:30        ,07:45       ,Olympia    ,        35,        28,    63
2026.07.03,07:45        ,08:00       ,Olympia    ,        38,        37,    75
2026.07.03,08:00        ,08:15       ,Olympia    ,        28,        31,    59
2026.07.03,08:15        ,08:30       ,Olympia    ,        31,        25,    56
2026.07.03,08:30        ,08:45       ,Olympia    ,        28,        46,    74
2026.07.03,08:45        ,09:00       ,Olympia    ,        51,        37,    88
2026.07.03,09:00        ,09:15       ,Olympia    ,        25,        27,    52
2026.07.03,09:15        ,09:30       ,Olympia    ,        23,        28,    51
2026.07.03,09:30        ,09:45       ,Olympia    ,        20,        18,    38
2026.07.03,09:45        ,10:00       ,Olympia    ,        18,        22,    40
2026.07.03,10:00        ,10:15       ,Olympia    ,        15,        14,    29
2026.07.03,10:15        ,10:30       ,Olympia    ,        26,        14,    40
2026.07.03,10:30        ,10:45       ,Olympia    ,        14,        26,    40
2026.07.03,10:45        ,11:00       ,Olympia    ,        12,        23,    35
2026.07.03,11:00        ,11:15       ,Olympia    ,        21,        14,    35
2026.07.03,11:15        ,11:30       ,Olympia    ,        15,        25,    40
2026.07.03,11:30        ,11:45       ,Olympia    ,         8,        15,    23
2026.07.03,11:45        ,12:00       ,Olympia    ,        30,        18,    48
2026.07.03,12:00        ,12:15       ,Olympia    ,        23,        21,    44
2026.07.03,12:15        ,12:30       ,Olympia    ,        22,        15,    37
2026.07.03,12:30        ,12:45       ,Olympia    ,        20,        24,    44
2026.07.03,12:45        ,13:00       ,Olympia    ,        24,        18,    42
2026.07.03,13:00        ,13:15       ,Olympia    ,        32,        14,    46
2026.07.03,13:15        ,13:30       ,Olympia    ,        29,        22,    51
2026.07.03,13:30        ,13:45       ,Olympia    ,        29,        32,    61
2026.07.03,13:45        ,14:00       ,Olympia    ,        21,        31,    52
2026.07.03,14:00        ,14:15       ,Olympia    ,        32,        28,    60
2026.07.03,14:15        ,14:30       ,Olympia    ,        35,        45,    80
2026.07.03,14:30        ,14:45       ,Olympia    ,        36,        23,    59
2026.07.03,14:45        ,15:00       ,Olympia    ,        39,        34,    73
2026.07.03,15:00        ,15:15       ,Olympia    ,        59,        25,    84
2026.07.03,15:15        ,15:30       ,Olympia    ,        54,        35,    89
2026.07.03,15:30        ,15:45       ,Olympia    ,        64,        33,    97
2026.07.03,15:45        ,16:00       ,Olympia    ,        64,        30,    94
2026.07.03,16:00        ,16:15       ,Olympia    ,        53,        31,    84
2026.07.03,16:15        ,16:30       ,Olympia    ,        43,        38,    81
2026.07.03,16:30        ,16:45       ,Olympia    ,        64,        43,   107
2026.07.03,16:45        ,17:00       ,Olympia    ,        71,        51,   122
2026.07.03,17:00        ,17:15       ,Olympia    ,        47,        41,    88
2026.07.03,17:15        ,17:30       ,Olympia    ,        51,        58,   109
2026.07.03,17:30        ,17:45       ,Olympia    ,        54,        53,   107
2026.07.03,17:45        ,18:00       ,Olympia    ,        80,        55,   135
2026.07.03,18:00        ,18:15       ,Olympia    ,        55,        74,   129
2026.07.03,18:15        ,18:30       ,Olympia    ,        79,        76,   155
2026.07.03,18:30        ,18:45       ,Olympia    ,        58,        75,   133
2026.07.03,18:45        ,19:00       ,Olympia    ,        51,        74,   125
2026.07.03,19:00        ,19:15       ,Olympia    ,        59,        45,   104
2026.07.03,19:15        ,19:30       ,Olympia    ,        40,        57,    97
2026.07.03,19:30        ,19:45       ,Olympia    ,        35,        61,    96
2026.07.03,19:45        ,20:00       ,Olympia    ,        56,        54,   110
2026.07.03,20:00        ,20:15       ,Olympia    ,        49,        65,   114
2026.07.03,20:15        ,20:30       ,Olympia    ,        55,        67,   122
2026.07.03,20:30        ,20:45       ,Olympia    ,        55,        57,   112
2026.07.03,20:45        ,21:00       ,Olympia    ,        37,        41,    78
2026.07.03,21:00        ,21:15       ,Olympia    ,        55,        99,   154
2026.07.03,21:15        ,21:30       ,Olympia    ,        36,        56,    92
2026.07.03,21:30        ,21:45       ,Olympia    ,        30,        33,    63
2026.07.03,21:45        ,22:00       ,Olympia    ,        27,        48,    75
2026.07.03,22:00        ,22:15       ,Olympia    ,        23,        27,    50
2026.07.03,22:15        ,22:30       ,Olympia    ,        29,        41,    70
2026.07.03,22:30        ,22:45       ,Olympia    ,        24,        41,    65
2026.07.03,22:45        ,23:00       ,Olympia    ,        25,        50,    75
2026.07.03,23:00        ,23:15       ,Olympia    ,        32,        33,    65
2026.07.03,23:15        ,23:30       ,Olympia    ,        19,        18,    37
2026.07.03,23:30        ,23:45       ,Olympia    ,        18,        14,    32
2026.07.03,23:45        ,00:00       ,Olympia    ,        20,        13,    33
2026.07.04,00:00        ,00:15       ,Olympia    ,        12,        19,    31
2026.07.04,00:15        ,00:30       ,Olympia    ,        15,        13,    28
2026.07.04,00:30        ,00:45       ,Olympia    ,         5,         8,    13
2026.07.04,00:45        ,01:00       ,Olympia    ,         5,        11,    16
2026.07.04,01:00        ,01:15       ,Olympia    ,         2,         8,    10
2026.07.04,01:15        ,01:30       ,Olympia    ,         2,         2,     4
2026.07.04,01:30        ,01:45       ,Olympia    ,         2,         7,     9
2026.07.04,01:45        ,02:00       ,Olympia    ,         3,         1,     4
2026.07.04,02:00        ,02:15       ,Olympia    ,         4,         3,     7
2026.07.04,02:15        ,02:30       ,Olympia    ,         0,         0,     0
2026.07.04,02:30        ,02:45       ,Olympia    ,         0,         0,     0
2026.07.04,02:45        ,03:00       ,Olympia    ,         0,         1,     1
2026.07.04,03:00        ,03:15       ,Olympia    ,         1,         0,     1
2026.07.04,03:15        ,03:30       ,Olympia    ,         5,         0,     5
2026.07.04,03:30        ,03:45       ,Olympia    ,         0,         0,     0
2026.07.04,03:45        ,04:00       ,Olympia    ,         5,         0,     5
2026.07.04,04:00        ,04:15       ,Olympia    ,         0,         0,     0
2026.07.04,04:15        ,04:30       ,Olympia    ,         2,         1,     3
2026.07.04,04:30        ,04:45       ,Olympia    ,         0,         1,     1
2026.07.04,04:45        ,05:00       ,Olympia    ,         1,         0,     1
2026.07.04,05:00        ,05:15       ,Olympia    ,         3,         0,     3
2026.07.04,05:15        ,05:30       ,Olympia    ,         1,         1,     2
2026.07.04,05:30        ,05:45       ,Olympia    ,         3,         2,     5
2026.07.04,05:45        ,06:00       ,Olympia    ,         1,         6,     7
2026.07.04,06:00        ,06:15       ,Olympia    ,         3,         1,     4
2026.07.04,06:15        ,06:30       ,Olympia    ,         0,         2,     2
2026.07.04,06:30        ,06:45       ,Olympia    ,         1,         2,     3
2026.07.04,06:45        ,07:00       ,Olympia    ,         7,         4,    11
2026.07.04,07:00        ,07:15       ,Olympia    ,         1,         2,     3
2026.07.04,07:15        ,07:30       ,Olympia    ,         6,         2,     8
2026.07.04,07:30        ,07:45       ,Olympia    ,         8,         5,    13
2026.07.04,07:45        ,08:00       ,Olympia    ,        20,         1,    21
2026.07.04,08:00        ,08:15       ,Olympia    ,         6,         1,     7
2026.07.04,08:15        ,08:30       ,Olympia    ,         5,         4,     9
2026.07.04,08:30        ,08:45       ,Olympia    ,        15,         3,    18
2026.07.04,08:45        ,09:00       ,Olympia    ,        32,         5,    37
2026.07.04,09:00        ,09:15       ,Olympia    ,        19,        12,    31
2026.07.04,09:15        ,09:30       ,Olympia    ,        25,        20,    45
2026.07.04,09:30        ,09:45       ,Olympia    ,        24,        15,    39
2026.07.04,09:45        ,10:00       ,Olympia    ,        29,        19,    48
2026.07.04,10:00        ,10:15       ,Olympia    ,        19,        24,    43
2026.07.04,10:15        ,10:30       ,Olympia    ,        13,        27,    40
2026.07.04,10:30        ,10:45       ,Olympia    ,        26,        21,    47
2026.07.04,10:45        ,11:00       ,Olympia    ,        39,        32,    71
2026.07.04,11:00        ,11:15       ,Olympia    ,        35,        30,    65
2026.07.04,11:15        ,11:30       ,Olympia    ,        38,        31,    69
2026.07.04,11:30        ,11:45       ,Olympia    ,        28,        23,    51
2026.07.04,11:45        ,12:00       ,Olympia    ,        38,        19,    57
2026.07.04,12:00        ,12:15       ,Olympia    ,        35,        34,    69
2026.07.04,12:15        ,12:30       ,Olympia    ,        48,        36,    84
2026.07.04,12:30        ,12:45       ,Olympia    ,        35,        41,    76
2026.07.04,12:45        ,13:00       ,Olympia    ,        43,        36,    79
2026.07.04,13:00        ,13:15       ,Olympia    ,        37,        41,    78
2026.07.04,13:15        ,13:30       ,Olympia    ,        42,        44,    86
2026.07.04,13:30        ,13:45       ,Olympia    ,        50,        27,    77
2026.07.04,13:45        ,14:00       ,Olympia    ,        52,        23,    75
2026.07.04,14:00        ,14:15       ,Olympia    ,        37,        33,    70
2026.07.04,14:15        ,14:30       ,Olympia    ,        42,        26,    68
2026.07.04,14:30        ,14:45       ,Olympia    ,        39,        35,    74
2026.07.04,14:45        ,15:00       ,Olympia    ,        27,        32,    59
2026.07.04,15:00        ,15:15       ,Olympia    ,        29,        15,    44
2026.07.04,15:15        ,15:30       ,Olympia    ,        49,        33,    82
2026.07.04,15:30        ,15:45       ,Olympia    ,        32,        28,    60
2026.07.04,15:45        ,16:00       ,Olympia    ,        48,        29,    77
2026.07.04,16:00        ,16:15       ,Olympia    ,        58,        32,    90
2026.07.04,16:15        ,16:30       ,Olympia    ,        34,        42,    76
2026.07.04,16:30        ,16:45       ,Olympia    ,        29,        41,    70
2026.07.04,16:45        ,17:00       ,Olympia    ,        41,        43,    84
2026.07.04,17:00        ,17:15       ,Olympia    ,        67,        78,   145
2026.07.04,17:15        ,17:30       ,Olympia    ,        43,        33,    76
2026.07.04,17:30        ,17:45       ,Olympia    ,        55,        57,   112
2026.07.04,17:45        ,18:00       ,Olympia    ,        60,        50,   110
2026.07.04,18:00        ,18:15       ,Olympia    ,        42,        41,    83
2026.07.04,18:15        ,18:30       ,Olympia    ,        47,        33,    80
2026.07.04,18:30        ,18:45       ,Olympia    ,        71,        31,   102
2026.07.04,18:45        ,19:00       ,Olympia    ,        75,        59,   134
2026.07.04,19:00        ,19:15       ,Olympia    ,        46,        34,    80
2026.07.04,19:15        ,19:30       ,Olympia    ,        42,        67,   109
2026.07.04,19:30        ,19:45       ,Olympia    ,        45,        33,    78
2026.07.04,19:45        ,20:00       ,Olympia    ,        61,        30,    91
2026.07.04,20:00        ,20:15       ,Olympia    ,        38,        46,    84
2026.07.04,20:15        ,20:30       ,Olympia    ,        45,        47,    92
2026.07.04,20:30        ,20:45       ,Olympia    ,        47,        50,    97
2026.07.04,20:45        ,21:00       ,Olympia    ,        49,        38,    87
2026.07.04,21:00        ,21:15       ,Olympia    ,        32,        45,    77
2026.07.04,21:15        ,21:30       ,Olympia    ,        34,        25,    59
2026.07.04,21:30        ,21:45       ,Olympia    ,        34,        35,    69
2026.07.04,21:45        ,22:00       ,Olympia    ,        35,        57,    92
2026.07.04,22:00        ,22:15       ,Olympia    ,        26,        97,   123
2026.07.04,22:15        ,22:30       ,Olympia    ,        15,        49,    64
2026.07.04,22:30        ,22:45       ,Olympia    ,        29,        23,    52
2026.07.04,22:45        ,23:00       ,Olympia    ,        15,        15,    30
2026.07.04,23:00        ,23:15       ,Olympia    ,        15,        27,    42
2026.07.04,23:15        ,23:30       ,Olympia    ,        12,        11,    23
2026.07.04,23:30        ,23:45       ,Olympia    ,        13,        20,    33
2026.07.04,23:45        ,00:00       ,Olympia    ,        14,        28,    42
2026.07.05,00:00        ,00:15       ,Olympia    ,        17,        13,    30
2026.07.05,00:15        ,00:30       ,Olympia    ,        10,        15,    25
2026.07.05,00:30        ,00:45       ,Olympia    ,        12,        16,    28
2026.07.05,00:45        ,01:00       ,Olympia    ,         4,        15,    19
2026.07.05,01:00        ,01:15       ,Olympia    ,         1,        14,    15
2026.07.05,01:15        ,01:30       ,Olympia    ,         7,         9,    16
2026.07.05,01:30        ,01:45       ,Olympia    ,         8,         3,    11
2026.07.05,01:45        ,02:00       ,Olympia    ,         5,         3,     8
2026.07.05,02:00        ,02:15       ,Olympia    ,         3,         1,     4
2026.07.05,02:15        ,02:30       ,Olympia    ,         3,         4,     7
2026.07.05,02:30        ,02:45       ,Olympia    ,         3,         0,     3
2026.07.05,02:45        ,03:00       ,Olympia    ,         1,         2,     3
2026.07.05,03:00        ,03:15       ,Olympia    ,         1,         0,     1
2026.07.05,03:15        ,03:30       ,Olympia    ,         2,         1,     3
2026.07.05,03:30        ,03:45       ,Olympia    ,         1,         0,     1
2026.07.05,03:45        ,04:00       ,Olympia    ,         0,         0,     0
2026.07.05,04:00        ,04:15       ,Olympia    ,         1,         0,     1
2026.07.05,04:15        ,04:30       ,Olympia    ,         0,         0,     0
2026.07.05,04:30        ,04:45       ,Olympia    ,         1,         0,     1
2026.07.05,04:45        ,05:00       ,Olympia    ,         0,         0,     0
2026.07.05,05:00        ,05:15       ,Olympia    ,         2,         1,     3
2026.07.05,05:15        ,05:30       ,Olympia    ,         0,         0,     0
2026.07.05,05:30        ,05:45       ,Olympia    ,         0,         0,     0
2026.07.05,05:45        ,06:00       ,Olympia    ,         0,         2,     2
2026.07.05,06:00        ,06:15       ,Olympia    ,         2,         1,     3
2026.07.05,06:15        ,06:30       ,Olympia    ,         1,         1,     2
2026.07.05,06:30        ,06:45       ,Olympia    ,         1,         0,     1
2026.07.05,06:45        ,07:00       ,Olympia    ,         3,         3,     6
2026.07.05,07:00        ,07:15       ,Olympia    ,         2,         6,     8
2026.07.05,07:15        ,07:30       ,Olympia    ,         5,         6,    11
2026.07.05,07:30        ,07:45       ,Olympia    ,         2,         2,     4
2026.07.05,07:45        ,08:00       ,Olympia    ,         7,         1,     8
2026.07.05,08:00        ,08:15       ,Olympia    ,         2,         2,     4
2026.07.05,08:15        ,08:30       ,Olympia    ,         0,         4,     4
2026.07.05,08:30        ,08:45       ,Olympia    ,         7,        10,    17
2026.07.05,08:45        ,09:00       ,Olympia    ,        23,         3,    26
2026.07.05,09:00        ,09:15       ,Olympia    ,         5,         5,    10
2026.07.05,09:15        ,09:30       ,Olympia    ,        12,        16,    28
2026.07.05,09:30        ,09:45       ,Olympia    ,        13,        20,    33
2026.07.05,09:45        ,10:00       ,Olympia    ,        24,         8,    32
2026.07.05,10:00        ,10:15       ,Olympia    ,        29,        16,    45
2026.07.05,10:15        ,10:30       ,Olympia    ,        15,        20,    35
2026.07.05,10:30        ,10:45       ,Olympia    ,        10,        20,    30
2026.07.05,10:45        ,11:00       ,Olympia    ,        28,        23,    51
2026.07.05,11:00        ,11:15       ,Olympia    ,        32,        16,    48
2026.07.05,11:15        ,11:30       ,Olympia    ,        31,        32,    63
2026.07.05,11:30        ,11:45       ,Olympia    ,        27,        23,    50
2026.07.05,11:45        ,12:00       ,Olympia    ,        42,        26,    68
2026.07.05,12:00        ,12:15       ,Olympia    ,        33,        23,    56
2026.07.05,12:15        ,12:30       ,Olympia    ,        35,        40,    75
2026.07.05,12:30        ,12:45       ,Olympia    ,        32,        30,    62
2026.07.05,12:45        ,13:00       ,Olympia    ,        47,        24,    71
2026.07.05,13:00        ,13:15       ,Olympia    ,        51,        31,    82
2026.07.05,13:15        ,13:30       ,Olympia    ,        34,        35,    69
2026.07.05,13:30        ,13:45       ,Olympia    ,        48,        38,    86
2026.07.05,13:45        ,14:00       ,Olympia    ,        39,        23,    62
2026.07.05,14:00        ,14:15       ,Olympia    ,        39,        32,    71
2026.07.05,14:15        ,14:30       ,Olympia    ,        45,        54,    99
2026.07.05,14:30        ,14:45       ,Olympia    ,        41,        45,    86
2026.07.05,14:45        ,15:00       ,Olympia    ,        56,        29,    85
2026.07.05,15:00        ,15:15       ,Olympia    ,        37,        36,    73
2026.07.05,15:15        ,15:30       ,Olympia    ,        53,        51,   104
2026.07.05,15:30        ,15:45       ,Olympia    ,        29,        25,    54
2026.07.05,15:45        ,16:00       ,Olympia    ,        13,        12,    25
2026.07.05,16:00        ,16:15       ,Olympia    ,        36,        31,    67
2026.07.05,16:15        ,16:30       ,Olympia    ,        32,        30,    62
2026.07.05,16:30        ,16:45       ,Olympia    ,        28,        33,    61
2026.07.05,16:45        ,17:00       ,Olympia    ,        34,        28,    62
2026.07.05,17:00        ,17:15       ,Olympia    ,        38,        34,    72
2026.07.05,17:15        ,17:30       ,Olympia    ,        42,        28,    70
2026.07.05,17:30        ,17:45       ,Olympia    ,        43,        47,    90
2026.07.05,17:45        ,18:00       ,Olympia    ,        61,        35,    96
2026.07.05,18:00        ,18:15       ,Olympia    ,        63,        51,   114
2026.07.05,18:15        ,18:30       ,Olympia    ,        66,        86,   152
2026.07.05,18:30        ,18:45       ,Olympia    ,        60,        35,    95
2026.07.05,18:45        ,19:00       ,Olympia    ,        53,        48,   101
2026.07.05,19:00        ,19:15       ,Olympia    ,        11,        32,    43
2026.07.05,19:15        ,19:30       ,Olympia    ,        12,        13,    25
2026.07.05,19:30        ,19:45       ,Olympia    ,         5,        12,    17
2026.07.05,19:45        ,20:00       ,Olympia    ,         7,         5,    12
2026.07.05,20:00        ,20:15       ,Olympia    ,         8,         7,    15
2026.07.05,20:15        ,20:30       ,Olympia    ,        17,         9,    26
2026.07.05,20:30        ,20:45       ,Olympia    ,         6,         6,    12
2026.07.05,20:45        ,21:00       ,Olympia    ,         3,         3,     6
2026.07.05,21:00        ,21:15       ,Olympia    ,        15,         9,    24
2026.07.05,21:15        ,21:30       ,Olympia    ,        11,         9,    20
2026.07.05,21:30        ,21:45       ,Olympia    ,        11,         7,    18
2026.07.05,21:45        ,22:00       ,Olympia    ,         9,        39,    48
2026.07.05,22:00        ,22:15       ,Olympia    ,        11,       124,   135
2026.07.05,22:15        ,22:30       ,Olympia    ,         6,        16,    22
2026.07.05,22:30        ,22:45       ,Olympia    ,         6,         8,    14
2026.07.05,22:45        ,23:00       ,Olympia    ,         6,         1,     7
2026.07.05,23:00        ,23:15       ,Olympia    ,         2,         3,     5
2026.07.05,23:15        ,23:30       ,Olympia    ,         2,         2,     4
2026.07.05,23:30        ,23:45       ,Olympia    ,         0,         6,     6
2026.07.05,23:45        ,00:00       ,Olympia    ,         1,         1,     2
2026.07.06,00:00        ,00:15       ,Olympia    ,         6,         0,     6
2026.07.06,00:15        ,00:30       ,Olympia    ,         1,         0,     1
2026.07.06,00:30        ,00:45       ,Olympia    ,         0,         4,     4
2026.07.06,00:45        ,01:00       ,Olympia    ,         0,         0,     0
2026.07.06,01:00        ,01:15       ,Olympia    ,         2,         0,     2
2026.07.06,01:15        ,01:30       ,Olympia    ,         1,         2,     3
2026.07.06,01:30        ,01:45       ,Olympia    ,         1,         0,     1
2026.07.06,01:45        ,02:00       ,Olympia    ,         0,         0,     0
2026.07.06,02:00        ,02:15       ,Olympia    ,         0,         3,     3
2026.07.06,02:15        ,02:30       ,Olympia    ,         0,         0,     0
2026.07.06,02:30        ,02:45       ,Olympia    ,         1,         0,     1
2026.07.06,02:45        ,03:00       ,Olympia    ,         1,         0,     1
2026.07.06,03:00        ,03:15       ,Olympia    ,         0,         0,     0
2026.07.06,03:15        ,03:30       ,Olympia    ,         0,         0,     0
2026.07.06,03:30        ,03:45       ,Olympia    ,         0,         0,     0
2026.07.06,03:45        ,04:00       ,Olympia    ,         0,         0,     0
2026.07.06,04:00        ,04:15       ,Olympia    ,         0,         0,     0
2026.07.06,04:15        ,04:30       ,Olympia    ,         0,         0,     0
2026.07.06,04:30        ,04:45       ,Olympia    ,         0,         1,     1
2026.07.06,04:45        ,05:00       ,Olympia    ,         0,         0,     0
2026.07.06,05:00        ,05:15       ,Olympia    ,         2,         0,     2
2026.07.06,05:15        ,05:30       ,Olympia    ,         4,         0,     4
2026.07.06,05:30        ,05:45       ,Olympia    ,         3,         4,     7
2026.07.06,05:45        ,06:00       ,Olympia    ,         7,         3,    10
2026.07.06,06:00        ,06:15       ,Olympia    ,         6,         5,    11
2026.07.06,06:15        ,06:30       ,Olympia    ,         7,         5,    12
2026.07.06,06:30        ,06:45       ,Olympia    ,         8,        11,    19
2026.07.06,06:45        ,07:00       ,Olympia    ,        19,        16,    35
2026.07.06,07:00        ,07:15       ,Olympia    ,        15,        16,    31
2026.07.06,07:15        ,07:30       ,Olympia    ,        23,        21,    44
2026.07.06,07:30        ,07:45       ,Olympia    ,        37,        40,    77
2026.07.06,07:45        ,08:00       ,Olympia    ,        39,        52,    91
2026.07.06,08:00        ,08:15       ,Olympia    ,        60,        41,   101
2026.07.06,08:15        ,08:30       ,Olympia    ,        39,        30,    69
2026.07.06,08:30        ,08:45       ,Olympia    ,        47,        50,    97
2026.07.06,08:45        ,09:00       ,Olympia    ,        39,        38,    77
2026.07.06,09:00        ,09:15       ,Olympia    ,        23,        36,    59
2026.07.06,09:15        ,09:30       ,Olympia    ,        18,        13,    31
2026.07.06,09:30        ,09:45       ,Olympia    ,        18,        23,    41
2026.07.06,09:45        ,10:00       ,Olympia    ,        20,        21,    41
2026.07.06,10:00        ,10:15       ,Olympia    ,        22,        14,    36
2026.07.06,10:15        ,10:30       ,Olympia    ,        17,        10,    27
2026.07.06,10:30        ,10:45       ,Olympia    ,        15,        11,    26
2026.07.06,10:45        ,11:00       ,Olympia    ,        18,        15,    33
2026.07.06,11:00        ,11:15       ,Olympia    ,        16,         6,    22
2026.07.06,11:15        ,11:30       ,Olympia    ,        11,        27,    38
2026.07.06,11:30        ,11:45       ,Olympia    ,        23,        11,    34
2026.07.06,11:45        ,12:00       ,Olympia    ,        18,        12,    30
2026.07.06,12:00        ,12:15       ,Olympia    ,        16,        16,    32
2026.07.06,12:15        ,12:30       ,Olympia    ,        10,        17,    27
2026.07.06,12:30        ,12:45       ,Olympia    ,        16,        20,    36
2026.07.06,12:45        ,13:00       ,Olympia    ,        23,        11,    34
2026.07.06,13:00        ,13:15       ,Olympia    ,        18,        16,    34
2026.07.06,13:15        ,13:30       ,Olympia    ,        14,        18,    32
2026.07.06,13:30        ,13:45       ,Olympia    ,        15,        17,    32
2026.07.06,13:45        ,14:00       ,Olympia    ,        24,        24,    48
2026.07.06,14:00        ,14:15       ,Olympia    ,        28,        21,    49
2026.07.06,14:15        ,14:30       ,Olympia    ,        31,        24,    55
2026.07.06,14:30        ,14:45       ,Olympia    ,        19,        28,    47
2026.07.06,14:45        ,15:00       ,Olympia    ,        31,        22,    53
2026.07.06,15:00        ,15:15       ,Olympia    ,        28,        26,    54
2026.07.06,15:15        ,15:30       ,Olympia    ,        23,        38,    61
2026.07.06,15:30        ,15:45       ,Olympia    ,        40,        26,    66
2026.07.06,15:45        ,16:00       ,Olympia    ,        32,        28,    60
2026.07.06,16:00        ,16:15       ,Olympia    ,        40,        35,    75
2026.07.06,16:15        ,16:30       ,Olympia    ,        34,        63,    97
2026.07.06,16:30        ,16:45       ,Olympia    ,        55,        30,    85
2026.07.06,16:45        ,17:00       ,Olympia    ,        79,        40,   119
2026.07.06,17:00        ,17:15       ,Olympia    ,        62,        35,    97
2026.07.06,17:15        ,17:30       ,Olympia    ,        69,        60,   129
2026.07.06,17:30        ,17:45       ,Olympia    ,        66,        54,   120
2026.07.06,17:45        ,18:00       ,Olympia    ,        84,        62,   146
2026.07.06,18:00        ,18:15       ,Olympia    ,        93,        54,   147
2026.07.06,18:15        ,18:30       ,Olympia    ,       137,        87,   224
2026.07.06,18:30        ,18:45       ,Olympia    ,       121,        54,   175
2026.07.06,18:45        ,19:00       ,Olympia    ,       103,        60,   163
2026.07.06,19:00        ,19:15       ,Olympia    ,        68,        64,   132
2026.07.06,19:15        ,19:30       ,Olympia    ,        42,        53,    95
2026.07.06,19:30        ,19:45       ,Olympia    ,        51,        57,   108
2026.07.06,19:45        ,20:00       ,Olympia    ,        67,        48,   115
2026.07.06,20:00        ,20:15       ,Olympia    ,        45,        74,   119
2026.07.06,20:15        ,20:30       ,Olympia    ,        44,        64,   108
2026.07.06,20:30        ,20:45       ,Olympia    ,        30,        51,    81
2026.07.06,20:45        ,21:00       ,Olympia    ,        38,        45,    83
2026.07.06,21:00        ,21:15       ,Olympia    ,        25,        42,    67
2026.07.06,21:15        ,21:30       ,Olympia    ,        22,        37,    59
2026.07.06,21:30        ,21:45       ,Olympia    ,        35,        53,    88
2026.07.06,21:45        ,22:00       ,Olympia    ,        39,        50,    89
2026.07.06,22:00        ,22:15       ,Olympia    ,        19,       176,   195
2026.07.06,22:15        ,22:30       ,Olympia    ,        19,        50,    69
2026.07.06,22:30        ,22:45       ,Olympia    ,        20,        13,    33
2026.07.06,22:45        ,23:00       ,Olympia    ,        10,        17,    27
2026.07.06,23:00        ,23:15       ,Olympia    ,        15,         6,    21
2026.07.06,23:15        ,23:30       ,Olympia    ,        24,        16,    40
2026.07.06,23:30        ,23:45       ,Olympia    ,        16,        18,    34
2026.07.06,23:45        ,00:00       ,Olympia    ,        11,        11,    22
2026.07.07,00:00        ,00:15       ,Olympia    ,         4,         5,     9
2026.07.07,00:15        ,00:30       ,Olympia    ,         1,         1,     2
2026.07.07,00:30        ,00:45       ,Olympia    ,         2,         2,     4
2026.07.07,00:45        ,01:00       ,Olympia    ,         0,         0,     0
2026.07.07,01:00        ,01:15       ,Olympia    ,         0,         0,     0
2026.07.07,01:15        ,01:30       ,Olympia    ,         3,         0,     3
2026.07.07,01:30        ,01:45       ,Olympia    ,         0,         0,     0
2026.07.07,01:45        ,02:00       ,Olympia    ,         1,         1,     2
2026.07.07,02:00        ,02:15       ,Olympia    ,         1,         0,     1
2026.07.07,02:15        ,02:30       ,Olympia    ,         0,         1,     1
2026.07.07,02:30        ,02:45       ,Olympia    ,         0,         0,     0
2026.07.07,02:45        ,03:00       ,Olympia    ,         0,         0,     0
2026.07.07,03:00        ,03:15       ,Olympia    ,         1,         0,     1
2026.07.07,03:15        ,03:30       ,Olympia    ,         0,         0,     0
2026.07.07,03:30        ,03:45       ,Olympia    ,         0,         3,     3
2026.07.07,03:45        ,04:00       ,Olympia    ,         0,         0,     0
2026.07.07,04:00        ,04:15       ,Olympia    ,         0,         0,     0
2026.07.07,04:15        ,04:30       ,Olympia    ,         0,         1,     1
2026.07.07,04:30        ,04:45       ,Olympia    ,         0,         0,     0
2026.07.07,04:45        ,05:00       ,Olympia    ,         2,         0,     2
2026.07.07,05:00        ,05:15       ,Olympia    ,         2,         1,     3
2026.07.07,05:15        ,05:30       ,Olympia    ,         6,         2,     8
2026.07.07,05:30        ,05:45       ,Olympia    ,         7,         7,    14
2026.07.07,05:45        ,06:00       ,Olympia    ,        12,         5,    17
2026.07.07,06:00        ,06:15       ,Olympia    ,         8,         4,    12
2026.07.07,06:15        ,06:30       ,Olympia    ,         8,        10,    18
2026.07.07,06:30        ,06:45       ,Olympia    ,        20,         5,    25
2026.07.07,06:45        ,07:00       ,Olympia    ,        23,        18,    41
2026.07.07,07:00        ,07:15       ,Olympia    ,        21,        10,    31
2026.07.07,07:15        ,07:30       ,Olympia    ,        46,        22,    68
2026.07.07,07:30        ,07:45       ,Olympia    ,        55,        28,    83
2026.07.07,07:45        ,08:00       ,Olympia    ,        53,        47,   100
2026.07.07,08:00        ,08:15       ,Olympia    ,        63,        40,   103
2026.07.07,08:15        ,08:30       ,Olympia    ,        41,        33,    74
2026.07.07,08:30        ,08:45       ,Olympia    ,        71,        37,   108
2026.07.07,08:45        ,09:00       ,Olympia    ,        52,        29,    81
2026.07.07,09:00        ,09:15       ,Olympia    ,        35,        27,    62
2026.07.07,09:15        ,09:30       ,Olympia    ,        28,        17,    45
2026.07.07,09:30        ,09:45       ,Olympia    ,        18,        13,    31
2026.07.07,09:45        ,10:00       ,Olympia    ,        24,        12,    36
2026.07.07,10:00        ,10:15       ,Olympia    ,        16,        17,    33
2026.07.07,10:15        ,10:30       ,Olympia    ,        11,         7,    18
2026.07.07,10:30        ,10:45       ,Olympia    ,         8,        14,    22
2026.07.07,10:45        ,11:00       ,Olympia    ,        19,        10,    29
2026.07.07,11:00        ,11:15       ,Olympia    ,         8,         9,    17
2026.07.07,11:15        ,11:30       ,Olympia    ,         6,        12,    18
2026.07.07,11:30        ,11:45       ,Olympia    ,        12,        11,    23
2026.07.07,11:45        ,12:00       ,Olympia    ,        19,        11,    30
2026.07.07,12:00        ,12:15       ,Olympia    ,        20,        13,    33
2026.07.07,12:15        ,12:30       ,Olympia    ,        23,        17,    40
2026.07.07,12:30        ,12:45       ,Olympia    ,        28,        13,    41
2026.07.07,12:45        ,13:00       ,Olympia    ,        26,        14,    40
2026.07.07,13:00        ,13:15       ,Olympia    ,        26,         8,    34
2026.07.07,13:15        ,13:30       ,Olympia    ,        22,        10,    32
2026.07.07,13:30        ,13:45       ,Olympia    ,         8,        14,    22
2026.07.07,13:45        ,14:00       ,Olympia    ,        24,        11,    35
2026.07.07,14:00        ,14:15       ,Olympia    ,        14,         9,    23
2026.07.07,14:15        ,14:30       ,Olympia    ,        26,        13,    39
2026.07.07,14:30        ,14:45       ,Olympia    ,        29,        18,    47
2026.07.07,14:45        ,15:00       ,Olympia    ,        15,        19,    34
2026.07.07,15:00        ,15:15       ,Olympia    ,        21,        24,    45
2026.07.07,15:15        ,15:30       ,Olympia    ,        34,        18,    52
2026.07.07,15:30        ,15:45       ,Olympia    ,        41,        28,    69
2026.07.07,15:45        ,16:00       ,Olympia    ,        52,        19,    71
2026.07.07,16:00        ,16:15       ,Olympia    ,        52,        19,    71
2026.07.07,16:15        ,16:30       ,Olympia    ,        43,        27,    70
2026.07.07,16:30        ,16:45       ,Olympia    ,        57,        42,    99
2026.07.07,16:45        ,17:00       ,Olympia    ,        65,        24,    89
2026.07.07,17:00        ,17:15       ,Olympia    ,        59,        35,    94
2026.07.07,17:15        ,17:30       ,Olympia    ,        45,        25,    70
2026.07.07,17:30        ,17:45       ,Olympia    ,        55,        46,   101
2026.07.07,17:45        ,18:00       ,Olympia    ,       105,        57,   162
2026.07.07,18:00        ,18:15       ,Olympia    ,        59,        43,   102
2026.07.07,18:15        ,18:30       ,Olympia    ,        71,        58,   129
2026.07.07,18:30        ,18:45       ,Olympia    ,        40,        38,    78
2026.07.07,18:45        ,19:00       ,Olympia    ,        59,        42,   101
2026.07.07,19:00        ,19:15       ,Olympia    ,        47,        39,    86
2026.07.07,19:15        ,19:30       ,Olympia    ,        48,        37,    85
2026.07.07,19:30        ,19:45       ,Olympia    ,        43,        41,    84
2026.07.07,19:45        ,20:00       ,Olympia    ,        35,        39,    74
2026.07.07,20:00        ,20:15       ,Olympia    ,        40,        32,    72
2026.07.07,20:15        ,20:30       ,Olympia    ,        41,        52,    93
2026.07.07,20:30        ,20:45       ,Olympia    ,        34,        24,    58
2026.07.07,20:45        ,21:00       ,Olympia    ,        41,        32,    73
2026.07.07,21:00        ,21:15       ,Olympia    ,        37,        24,    61
2026.07.07,21:15        ,21:30       ,Olympia    ,        41,        37,    78
2026.07.07,21:30        ,21:45       ,Olympia    ,        32,        21,    53
2026.07.07,21:45        ,22:00       ,Olympia    ,        19,        34,    53
2026.07.07,22:00        ,22:15       ,Olympia    ,        31,        15,    46
2026.07.07,22:15        ,22:30       ,Olympia    ,        24,        11,    35
2026.07.07,22:30        ,22:45       ,Olympia    ,        17,        11,    28
2026.07.07,22:45        ,23:00       ,Olympia    ,        23,         9,    32
2026.07.07,23:00        ,23:15       ,Olympia    ,        10,         7,    17
2026.07.07,23:15        ,23:30       ,Olympia    ,        12,         8,    20
2026.07.07,23:30        ,23:45       ,Olympia    ,        10,        11,    21
2026.07.07,23:45        ,00:00       ,Olympia    ,         7,        18,    25
2026.07.08,00:00        ,00:15       ,Olympia    ,        10,         7,    17
2026.07.08,00:15        ,00:30       ,Olympia    ,         5,         0,     5
2026.07.08,00:30        ,00:45       ,Olympia    ,         2,         4,     6
2026.07.08,00:45        ,01:00       ,Olympia    ,         2,         1,     3
2026.07.08,01:00        ,01:15       ,Olympia    ,         3,         1,     4
2026.07.08,01:15        ,01:30       ,Olympia    ,         2,         1,     3
2026.07.08,01:30        ,01:45       ,Olympia    ,         0,         0,     0
2026.07.08,01:45        ,02:00       ,Olympia    ,         3,         1,     4
2026.07.08,02:00        ,02:15       ,Olympia    ,         0,         0,     0
2026.07.08,02:15        ,02:30       ,Olympia    ,         0,         0,     0
2026.07.08,02:30        ,02:45       ,Olympia    ,         1,         0,     1
2026.07.08,02:45        ,03:00       ,Olympia    ,         0,         0,     0
2026.07.08,03:00        ,03:15       ,Olympia    ,         1,         0,     1
2026.07.08,03:15        ,03:30       ,Olympia    ,         1,         0,     1
2026.07.08,03:30        ,03:45       ,Olympia    ,         0,         0,     0
2026.07.08,03:45        ,04:00       ,Olympia    ,         0,         0,     0
2026.07.08,04:00        ,04:15       ,Olympia    ,         0,         2,     2
2026.07.08,04:15        ,04:30       ,Olympia    ,         0,         0,     0
2026.07.08,04:30        ,04:45       ,Olympia    ,         0,         0,     0
2026.07.08,04:45        ,05:00       ,Olympia    ,         0,         0,     0
2026.07.08,05:00        ,05:15       ,Olympia    ,         2,         0,     2
2026.07.08,05:15        ,05:30       ,Olympia    ,         3,         1,     4
2026.07.08,05:30        ,05:45       ,Olympia    ,         5,         3,     8
2026.07.08,05:45        ,06:00       ,Olympia    ,         6,         1,     7
2026.07.08,06:00        ,06:15       ,Olympia    ,         5,         2,     7
2026.07.08,06:15        ,06:30       ,Olympia    ,         4,         3,     7
2026.07.08,06:30        ,06:45       ,Olympia    ,        14,         3,    17
2026.07.08,06:45        ,07:00       ,Olympia    ,         6,         4,    10
2026.07.08,07:00        ,07:15       ,Olympia    ,        11,         8,    19
2026.07.08,07:15        ,07:30       ,Olympia    ,        15,         9,    24
2026.07.08,07:30        ,07:45       ,Olympia    ,        19,        10,    29
2026.07.08,07:45        ,08:00       ,Olympia    ,        26,        11,    37
2026.07.08,08:00        ,08:15       ,Olympia    ,        33,        22,    55
2026.07.08,08:15        ,08:30       ,Olympia    ,        34,        15,    49
2026.07.08,08:30        ,08:45       ,Olympia    ,        27,        29,    56
2026.07.08,08:45        ,09:00       ,Olympia    ,        35,        16,    51
2026.07.08,09:00        ,09:15       ,Olympia    ,        36,        15,    51
2026.07.08,09:15        ,09:30       ,Olympia    ,        21,        12,    33
2026.07.08,09:30        ,09:45       ,Olympia    ,        18,        10,    28
2026.07.08,09:45        ,10:00       ,Olympia    ,        13,        11,    24
2026.07.08,10:00        ,10:15       ,Olympia    ,        13,         6,    19
2026.07.08,10:15        ,10:30       ,Olympia    ,         8,        12,    20
2026.07.08,10:30        ,10:45       ,Olympia    ,        10,        10,    20
2026.07.08,10:45        ,11:00       ,Olympia    ,         9,         8,    17
2026.07.08,11:00        ,11:15       ,Olympia    ,        15,        10,    25
2026.07.08,11:15        ,11:30       ,Olympia    ,        10,        10,    20
2026.07.08,11:30        ,11:45       ,Olympia    ,        14,        17,    31
2026.07.08,11:45        ,12:00       ,Olympia    ,        15,        14,    29
2026.07.08,12:00        ,12:15       ,Olympia    ,        18,        11,    29
2026.07.08,12:15        ,12:30       ,Olympia    ,         8,        10,    18
2026.07.08,12:30        ,12:45       ,Olympia    ,        17,        18,    35
2026.07.08,12:45        ,13:00       ,Olympia    ,        18,         7,    25
2026.07.08,13:00        ,13:15       ,Olympia    ,        16,        13,    29
2026.07.08,13:15        ,13:30       ,Olympia    ,        18,         4,    22
2026.07.08,13:30        ,13:45       ,Olympia    ,        12,        12,    24
2026.07.08,13:45        ,14:00       ,Olympia    ,        21,        16,    37
2026.07.08,14:00        ,14:15       ,Olympia    ,        15,        17,    32
2026.07.08,14:15        ,14:30       ,Olympia    ,        26,        19,    45
2026.07.08,14:30        ,14:45       ,Olympia    ,        18,        12,    30
2026.07.08,14:45        ,15:00       ,Olympia    ,        21,         6,    27
2026.07.08,15:00        ,15:15       ,Olympia    ,        22,         9,    31
2026.07.08,15:15        ,15:30       ,Olympia    ,        26,        12,    38
2026.07.08,15:30        ,15:45       ,Olympia    ,        29,        19,    48
2026.07.08,15:45        ,16:00       ,Olympia    ,        36,        18,    54
2026.07.08,16:00        ,16:15       ,Olympia    ,        35,        13,    48
2026.07.08,16:15        ,16:30       ,Olympia    ,        45,        13,    58
2026.07.08,16:30        ,16:45       ,Olympia    ,        45,        22,    67
2026.07.08,16:45        ,17:00       ,Olympia    ,        78,        23,   101
2026.07.08,17:00        ,17:15       ,Olympia    ,        46,        17,    63
2026.07.08,17:15        ,17:30       ,Olympia    ,        76,        22,    98
2026.07.08,17:30        ,17:45       ,Olympia    ,        70,        23,    93
2026.07.08,17:45        ,18:00       ,Olympia    ,        82,        25,   107
2026.07.08,18:00        ,18:15       ,Olympia    ,        95,        33,   128
2026.07.08,18:15        ,18:30       ,Olympia    ,       104,        41,   145
2026.07.08,18:30        ,18:45       ,Olympia    ,        63,        29,    92
2026.07.08,18:45        ,19:00       ,Olympia    ,        88,        21,   109
2026.07.08,19:00        ,19:15       ,Olympia    ,        88,        25,   113
2026.07.08,19:15        ,19:30       ,Olympia    ,        83,        39,   122
2026.07.08,19:30        ,19:45       ,Olympia    ,        79,        20,    99
2026.07.08,19:45        ,20:00       ,Olympia    ,        68,        21,    89
2026.07.08,20:00        ,20:15       ,Olympia    ,        66,        33,    99
2026.07.08,20:15        ,20:30       ,Olympia    ,        55,        28,    83
2026.07.08,20:30        ,20:45       ,Olympia    ,        48,        28,    76
2026.07.08,20:45        ,21:00       ,Olympia    ,        56,        31,    87
2026.07.08,21:00        ,21:15       ,Olympia    ,        52,        23,    75
2026.07.08,21:15        ,21:30       ,Olympia    ,        29,        34,    63
2026.07.08,21:30        ,21:45       ,Olympia    ,        39,        32,    71
2026.07.08,21:45        ,22:00       ,Olympia    ,        23,        51,    74
2026.07.08,22:00        ,22:15       ,Olympia    ,        47,        48,    95
2026.07.08,22:15        ,22:30       ,Olympia    ,        18,        27,    45
2026.07.08,22:30        ,22:45       ,Olympia    ,        24,        62,    86
2026.07.08,22:45        ,23:00       ,Olympia    ,        17,        35,    52
2026.07.08,23:00        ,23:15       ,Olympia    ,        10,        91,   101
2026.07.08,23:15        ,23:30       ,Olympia    ,        12,       115,   127
2026.07.08,23:30        ,23:45       ,Olympia    ,         6,        39,    45
2026.07.08,23:45        ,00:00       ,Olympia    ,         7,        13,    20
2026.07.09,00:00        ,00:15       ,Olympia    ,         8,         9,    17
2026.07.09,00:15        ,00:30       ,Olympia    ,         1,         4,     5
2026.07.09,00:30        ,00:45       ,Olympia    ,         2,         3,     5
2026.07.09,00:45        ,01:00       ,Olympia    ,         0,         0,     0
2026.07.09,01:00        ,01:15       ,Olympia    ,         0,         0,     0
2026.07.09,01:15        ,01:30       ,Olympia    ,         0,         1,     1
2026.07.09,01:30        ,01:45       ,Olympia    ,         3,         4,     7
2026.07.09,01:45        ,02:00       ,Olympia    ,         1,         1,     2
2026.07.09,02:00        ,02:15       ,Olympia    ,         4,         1,     5
2026.07.09,02:15        ,02:30       ,Olympia    ,         0,         0,     0
2026.07.09,02:30        ,02:45       ,Olympia    ,         1,         0,     1
2026.07.09,02:45        ,03:00       ,Olympia    ,         1,         0,     1
2026.07.09,03:00        ,03:15       ,Olympia    ,         0,         0,     0
2026.07.09,03:15        ,03:30       ,Olympia    ,         0,         0,     0
2026.07.09,03:30        ,03:45       ,Olympia    ,         0,         0,     0
2026.07.09,03:45        ,04:00       ,Olympia    ,         0,         0,     0
2026.07.09,04:00        ,04:15       ,Olympia    ,         2,         0,     2
2026.07.09,04:15        ,04:30       ,Olympia    ,         1,         1,     2
2026.07.09,04:30        ,04:45       ,Olympia    ,         0,         0,     0
2026.07.09,04:45        ,05:00       ,Olympia    ,         1,         0,     1
2026.07.09,05:00        ,05:15       ,Olympia    ,         1,         0,     1
2026.07.09,05:15        ,05:30       ,Olympia    ,         4,         0,     4
2026.07.09,05:30        ,05:45       ,Olympia    ,         4,         1,     5
2026.07.09,05:45        ,06:00       ,Olympia    ,         5,         4,     9
2026.07.09,06:00        ,06:15       ,Olympia    ,         2,         3,     5
2026.07.09,06:15        ,06:30       ,Olympia    ,         5,         4,     9
2026.07.09,06:30        ,06:45       ,Olympia    ,        13,         7,    20
2026.07.09,06:45        ,07:00       ,Olympia    ,        20,        13,    33
2026.07.09,07:00        ,07:15       ,Olympia    ,        24,        12,    36
2026.07.09,07:15        ,07:30       ,Olympia    ,        35,        26,    61
2026.07.09,07:30        ,07:45       ,Olympia    ,        49,        30,    79
2026.07.09,07:45        ,08:00       ,Olympia    ,        51,        33,    84
2026.07.09,08:00        ,08:15       ,Olympia    ,        50,        30,    80
2026.07.09,08:15        ,08:30       ,Olympia    ,        42,        31,    73
2026.07.09,08:30        ,08:45       ,Olympia    ,        35,        34,    69
2026.07.09,08:45        ,09:00       ,Olympia    ,        40,        29,    69
2026.07.09,09:00        ,09:15       ,Olympia    ,        22,        28,    50
2026.07.09,09:15        ,09:30       ,Olympia    ,        25,        22,    47
2026.07.09,09:30        ,09:45       ,Olympia    ,        28,        14,    42
2026.07.09,09:45        ,10:00       ,Olympia    ,        19,         6,    25
2026.07.09,10:00        ,10:15       ,Olympia    ,        13,        12,    25
2026.07.09,10:15        ,10:30       ,Olympia    ,         8,         8,    16
2026.07.09,10:30        ,10:45       ,Olympia    ,        24,         6,    30
2026.07.09,10:45        ,11:00       ,Olympia    ,        24,        15,    39
2026.07.09,11:00        ,11:15       ,Olympia    ,        18,        16,    34
2026.07.09,11:15        ,11:30       ,Olympia    ,        14,        10,    24
2026.07.09,11:30        ,11:45       ,Olympia    ,        25,        14,    39
2026.07.09,11:45        ,12:00       ,Olympia    ,        19,        14,    33
2026.07.09,12:00        ,12:15       ,Olympia    ,        16,        11,    27
2026.07.09,12:15        ,12:30       ,Olympia    ,        16,        21,    37
2026.07.09,12:30        ,12:45       ,Olympia    ,        21,        15,    36
2026.07.09,12:45        ,13:00       ,Olympia    ,        30,        16,    46
2026.07.09,13:00        ,13:15       ,Olympia    ,        21,        15,    36
2026.07.09,13:15        ,13:30       ,Olympia    ,        25,        14,    39
2026.07.09,13:30        ,13:45       ,Olympia    ,        19,         6,    25
2026.07.09,13:45        ,14:00       ,Olympia    ,        27,        23,    50
2026.07.09,14:00        ,14:15       ,Olympia    ,        26,        19,    45
2026.07.09,14:15        ,14:30       ,Olympia    ,        28,        21,    49
2026.07.09,14:30        ,14:45       ,Olympia    ,        26,        16,    42
2026.07.09,14:45        ,15:00       ,Olympia    ,        25,        17,    42
2026.07.09,15:00        ,15:15       ,Olympia    ,        27,        17,    44
2026.07.09,15:15        ,15:30       ,Olympia    ,        41,        12,    53
2026.07.09,15:30        ,15:45       ,Olympia    ,        39,        18,    57
2026.07.09,15:45        ,16:00       ,Olympia    ,        68,        32,   100
2026.07.09,16:00        ,16:15       ,Olympia    ,        43,        34,    77
2026.07.09,16:15        ,16:30       ,Olympia    ,        52,        29,    81
2026.07.09,16:30        ,16:45       ,Olympia    ,        55,        20,    75
2026.07.09,16:45        ,17:00       ,Olympia    ,        99,        27,   126
2026.07.09,17:00        ,17:15       ,Olympia    ,        74,        26,   100
2026.07.09,17:15        ,17:30       ,Olympia    ,        88,        35,   123
2026.07.09,17:30        ,17:45       ,Olympia    ,        93,        38,   131
2026.07.09,17:45        ,18:00       ,Olympia    ,       129,        30,   159
2026.07.09,18:00        ,18:15       ,Olympia    ,       121,        41,   162
2026.07.09,18:15        ,18:30       ,Olympia    ,       137,        38,   175
2026.07.09,18:30        ,18:45       ,Olympia    ,       113,        42,   155
2026.07.09,18:45        ,19:00       ,Olympia    ,        95,        41,   136
2026.07.09,19:00        ,19:15       ,Olympia    ,       105,        37,   142
2026.07.09,19:15        ,19:30       ,Olympia    ,        82,        36,   118
2026.07.09,19:30        ,19:45       ,Olympia    ,        68,        32,   100
2026.07.09,19:45        ,20:00       ,Olympia    ,        89,        30,   119
2026.07.09,20:00        ,20:15       ,Olympia    ,        86,        32,   118
2026.07.09,20:15        ,20:30       ,Olympia    ,        66,        35,   101
2026.07.09,20:30        ,20:45       ,Olympia    ,        79,        33,   112
2026.07.09,20:45        ,21:00       ,Olympia    ,        74,        42,   116
2026.07.09,21:00        ,21:15       ,Olympia    ,        50,        38,    88
2026.07.09,21:15        ,21:30       ,Olympia    ,        60,        48,   108
2026.07.09,21:30        ,21:45       ,Olympia    ,        49,        37,    86
2026.07.09,21:45        ,22:00       ,Olympia    ,        27,        42,    69
2026.07.09,22:00        ,22:15       ,Olympia    ,        36,        71,   107
2026.07.09,22:15        ,22:30       ,Olympia    ,        25,        76,   101
2026.07.09,22:30        ,22:45       ,Olympia    ,        33,        74,   107
2026.07.09,22:45        ,23:00       ,Olympia    ,        22,        52,    74
2026.07.09,23:00        ,23:15       ,Olympia    ,        10,       121,   131
2026.07.09,23:15        ,23:30       ,Olympia    ,        10,       134,   144
2026.07.09,23:30        ,23:45       ,Olympia    ,        12,        39,    51
2026.07.09,23:45        ,00:00       ,Olympia    ,        10,        19,    29
2026.07.10,00:00        ,00:15       ,Olympia    ,        15,        13,    28
2026.07.10,00:15        ,00:30       ,Olympia    ,        13,        10,    23
2026.07.10,00:30        ,00:45       ,Olympia    ,        10,         8,    18
2026.07.10,00:45        ,01:00       ,Olympia    ,         1,         7,     8
2026.07.10,01:00        ,01:15       ,Olympia    ,         5,         5,    10
2026.07.10,01:15        ,01:30       ,Olympia    ,         4,         0,     4
2026.07.10,01:30        ,01:45       ,Olympia    ,         1,         2,     3
2026.07.10,01:45        ,02:00       ,Olympia    ,         0,         1,     1
2026.07.10,02:00        ,02:15       ,Olympia    ,         0,         2,     2
2026.07.10,02:15        ,02:30       ,Olympia    ,         1,         1,     2
2026.07.10,02:30        ,02:45       ,Olympia    ,         0,         1,     1
2026.07.10,02:45        ,03:00       ,Olympia    ,         0,         0,     0
2026.07.10,03:00        ,03:15       ,Olympia    ,         3,         0,     3
2026.07.10,03:15        ,03:30       ,Olympia    ,         1,         2,     3
2026.07.10,03:30        ,03:45       ,Olympia    ,         2,         1,     3
2026.07.10,03:45        ,04:00       ,Olympia    ,         0,         1,     1
2026.07.10,04:00        ,04:15       ,Olympia    ,         0,         0,     0
2026.07.10,04:15        ,04:30       ,Olympia    ,         0,         2,     2
2026.07.10,04:30        ,04:45       ,Olympia    ,         1,         0,     1
2026.07.10,04:45        ,05:00       ,Olympia    ,         1,         0,     1
2026.07.10,05:00        ,05:15       ,Olympia    ,         2,         0,     2
2026.07.10,05:15        ,05:30       ,Olympia    ,         3,         2,     5
2026.07.10,05:30        ,05:45       ,Olympia    ,         6,         3,     9
2026.07.10,05:45        ,06:00       ,Olympia    ,         1,         4,     5
2026.07.10,06:00        ,06:15       ,Olympia    ,         4,         1,     5
2026.07.10,06:15        ,06:30       ,Olympia    ,         8,         5,    13
2026.07.10,06:30        ,06:45       ,Olympia    ,        12,         6,    18
2026.07.10,06:45        ,07:00       ,Olympia    ,        22,         6,    28
2026.07.10,07:00        ,07:15       ,Olympia    ,        14,         7,    21
2026.07.10,07:15        ,07:30       ,Olympia    ,        17,        22,    39
2026.07.10,07:30        ,07:45       ,Olympia    ,        32,        26,    58
2026.07.10,07:45        ,08:00       ,Olympia    ,        37,        30,    67
2026.07.10,08:00        ,08:15       ,Olympia    ,        21,        19,    40
2026.07.10,08:15        ,08:30       ,Olympia    ,        24,        32,    56
2026.07.10,08:30        ,08:45       ,Olympia    ,        32,        27,    59
2026.07.10,08:45        ,09:00       ,Olympia    ,        35,        26,    61
2026.07.10,09:00        ,09:15       ,Olympia    ,        24,        22,    46
2026.07.10,09:15        ,09:30       ,Olympia    ,        19,        26,    45
2026.07.10,09:30        ,09:45       ,Olympia    ,         7,        23,    30
2026.07.10,09:45        ,10:00       ,Olympia    ,        19,        15,    34
2026.07.10,10:00        ,10:15       ,Olympia    ,        20,        13,    33
2026.07.10,10:15        ,10:30       ,Olympia    ,        10,        16,    26
2026.07.10,10:30        ,10:45       ,Olympia    ,        15,        14,    29
2026.07.10,10:45        ,11:00       ,Olympia    ,        17,        19,    36
2026.07.10,11:00        ,11:15       ,Olympia    ,        12,        14,    26
2026.07.10,11:15        ,11:30       ,Olympia    ,        16,        15,    31
2026.07.10,11:30        ,11:45       ,Olympia    ,        10,        16,    26
2026.07.10,11:45        ,12:00       ,Olympia    ,        15,        22,    37
2026.07.10,12:00        ,12:15       ,Olympia    ,        19,        25,    44
2026.07.10,12:15        ,12:30       ,Olympia    ,        23,        16,    39
2026.07.10,12:30        ,12:45       ,Olympia    ,        22,        19,    41
2026.07.10,12:45        ,13:00       ,Olympia    ,        35,        23,    58
2026.07.10,13:00        ,13:15       ,Olympia    ,        25,        18,    43
2026.07.10,13:15        ,13:30       ,Olympia    ,        26,        16,    42
2026.07.10,13:30        ,13:45       ,Olympia    ,        29,        24,    53
2026.07.10,13:45        ,14:00       ,Olympia    ,        18,        17,    35
2026.07.10,14:00        ,14:15       ,Olympia    ,        21,        16,    37
2026.07.10,14:15        ,14:30       ,Olympia    ,        25,        36,    61
2026.07.10,14:30        ,14:45       ,Olympia    ,        43,        23,    66
2026.07.10,14:45        ,15:00       ,Olympia    ,        42,        30,    72
2026.07.10,15:00        ,15:15       ,Olympia    ,        46,        26,    72
2026.07.10,15:15        ,15:30       ,Olympia    ,        45,        32,    77
2026.07.10,15:30        ,15:45       ,Olympia    ,        39,        28,    67
2026.07.10,15:45        ,16:00       ,Olympia    ,        54,        39,    93
2026.07.10,16:00        ,16:15       ,Olympia    ,        32,        32,    64
2026.07.10,16:15        ,16:30       ,Olympia    ,        41,        54,    95
2026.07.10,16:30        ,16:45       ,Olympia    ,        45,        36,    81
2026.07.10,16:45        ,17:00       ,Olympia    ,        70,        30,   100
2026.07.10,17:00        ,17:15       ,Olympia    ,        37,        46,    83
2026.07.10,17:15        ,17:30       ,Olympia    ,        36,        37,    73
2026.07.10,17:30        ,17:45       ,Olympia    ,        40,        48,    88
2026.07.10,17:45        ,18:00       ,Olympia    ,        58,        42,   100
2026.07.10,18:00        ,18:15       ,Olympia    ,        43,        39,    82
2026.07.10,18:15        ,18:30       ,Olympia    ,        66,        48,   114
2026.07.10,18:30        ,18:45       ,Olympia    ,        50,        66,   116
2026.07.10,18:45        ,19:00       ,Olympia    ,        62,        47,   109
2026.07.10,19:00        ,19:15       ,Olympia    ,        36,        42,    78
2026.07.10,19:15        ,19:30       ,Olympia    ,        35,        50,    85
2026.07.10,19:30        ,19:45       ,Olympia    ,        58,        55,   113
2026.07.10,19:45        ,20:00       ,Olympia    ,        53,        52,   105
2026.07.10,20:00        ,20:15       ,Olympia    ,        68,        62,   130
2026.07.10,20:15        ,20:30       ,Olympia    ,        61,        55,   116
2026.07.10,20:30        ,20:45       ,Olympia    ,        41,        53,    94
2026.07.10,20:45        ,21:00       ,Olympia    ,        34,        32,    66
2026.07.10,21:00        ,21:15       ,Olympia    ,        32,        52,    84
2026.07.10,21:15        ,21:30       ,Olympia    ,        35,        32,    67
2026.07.10,21:30        ,21:45       ,Olympia    ,        33,        44,    77
2026.07.10,21:45        ,22:00       ,Olympia    ,        23,        42,    65
2026.07.10,22:00        ,22:15       ,Olympia    ,        32,        38,    70
2026.07.10,22:15        ,22:30       ,Olympia    ,        37,        24,    61
2026.07.10,22:30        ,22:45       ,Olympia    ,        25,        86,   111
2026.07.10,22:45        ,23:00       ,Olympia    ,        20,        36,    56
2026.07.10,23:00        ,23:15       ,Olympia    ,        35,        35,    70
2026.07.10,23:15        ,23:30       ,Olympia    ,        27,        24,    51
2026.07.10,23:30        ,23:45       ,Olympia    ,        17,        33,    50
2026.07.10,23:45        ,00:00       ,Olympia    ,        28,        12,    40
2026.07.11,00:00        ,00:15       ,Olympia    ,        13,        14,    27
2026.07.11,00:15        ,00:30       ,Olympia    ,         5,         3,     8
2026.07.11,00:30        ,00:45       ,Olympia    ,         2,         6,     8
2026.07.11,00:45        ,01:00       ,Olympia    ,        14,         0,    14
2026.07.11,01:00        ,01:15       ,Olympia    ,         7,         4,    11
2026.07.11,01:15        ,01:30       ,Olympia    ,         0,         7,     7
2026.07.11,01:30        ,01:45       ,Olympia    ,         3,         1,     4
2026.07.11,01:45        ,02:00       ,Olympia    ,         3,         6,     9
2026.07.11,02:00        ,02:15       ,Olympia    ,         2,         2,     4
2026.07.11,02:15        ,02:30       ,Olympia    ,         3,         1,     4
2026.07.11,02:30        ,02:45       ,Olympia    ,         1,         0,     1
2026.07.11,02:45        ,03:00       ,Olympia    ,         3,         4,     7
2026.07.11,03:00        ,03:15       ,Olympia    ,         3,         5,     8
2026.07.11,03:15        ,03:30       ,Olympia    ,         0,         1,     1
2026.07.11,03:30        ,03:45       ,Olympia    ,         0,         3,     3
2026.07.11,03:45        ,04:00       ,Olympia    ,         0,         1,     1
2026.07.11,04:00        ,04:15       ,Olympia    ,         0,         0,     0
2026.07.11,04:15        ,04:30       ,Olympia    ,         4,         0,     4
2026.07.11,04:30        ,04:45       ,Olympia    ,         3,         3,     6
2026.07.11,04:45        ,05:00       ,Olympia    ,         1,         1,     2
2026.07.11,05:00        ,05:15       ,Olympia    ,         2,         0,     2
2026.07.11,05:15        ,05:30       ,Olympia    ,         1,         0,     1
2026.07.11,05:30        ,05:45       ,Olympia    ,         1,         2,     3
2026.07.11,05:45        ,06:00       ,Olympia    ,         2,         0,     2
2026.07.11,06:00        ,06:15       ,Olympia    ,         2,         6,     8
2026.07.11,06:15        ,06:30       ,Olympia    ,         5,         0,     5
2026.07.11,06:30        ,06:45       ,Olympia    ,         1,         3,     4
2026.07.11,06:45        ,07:00       ,Olympia    ,         6,         4,    10
2026.07.11,07:00        ,07:15       ,Olympia    ,         1,         4,     5
2026.07.11,07:15        ,07:30       ,Olympia    ,         1,         5,     6
2026.07.11,07:30        ,07:45       ,Olympia    ,        14,         1,    15
2026.07.11,07:45        ,08:00       ,Olympia    ,        13,        21,    34
2026.07.11,08:00        ,08:15       ,Olympia    ,        13,         8,    21
2026.07.11,08:15        ,08:30       ,Olympia    ,        24,         5,    29
2026.07.11,08:30        ,08:45       ,Olympia    ,         8,         5,    13
2026.07.11,08:45        ,09:00       ,Olympia    ,        22,         8,    30
2026.07.11,09:00        ,09:15       ,Olympia    ,        18,        12,    30
2026.07.11,09:15        ,09:30       ,Olympia    ,         8,        14,    22
2026.07.11,09:30        ,09:45       ,Olympia    ,        15,        14,    29
2026.07.11,09:45        ,10:00       ,Olympia    ,        35,        25,    60
2026.07.11,10:00        ,10:15       ,Olympia    ,        29,        24,    53
2026.07.11,10:15        ,10:30       ,Olympia    ,        23,        40,    63
2026.07.11,10:30        ,10:45       ,Olympia    ,        36,        33,    69
2026.07.11,10:45        ,11:00       ,Olympia    ,        27,        29,    56
2026.07.11,11:00        ,11:15       ,Olympia    ,        28,        31,    59
2026.07.11,11:15        ,11:30       ,Olympia    ,        29,        24,    53
2026.07.11,11:30        ,11:45       ,Olympia    ,        42,        31,    73
2026.07.11,11:45        ,12:00       ,Olympia    ,        40,        20,    60
2026.07.11,12:00        ,12:15       ,Olympia    ,        50,        34,    84
2026.07.11,12:15        ,12:30       ,Olympia    ,        27,        23,    50
2026.07.11,12:30        ,12:45       ,Olympia    ,        30,        23,    53
2026.07.11,12:45        ,13:00       ,Olympia    ,        53,        33,    86
2026.07.11,13:00        ,13:15       ,Olympia    ,        55,        32,    87
2026.07.11,13:15        ,13:30       ,Olympia    ,        37,        30,    67
2026.07.11,13:30        ,13:45       ,Olympia    ,        33,        28,    61
2026.07.11,13:45        ,14:00       ,Olympia    ,        53,        33,    86
2026.07.11,14:00        ,14:15       ,Olympia    ,        35,        51,    86
2026.07.11,14:15        ,14:30       ,Olympia    ,        37,        30,    67
2026.07.11,14:30        ,14:45       ,Olympia    ,        34,        24,    58
2026.07.11,14:45        ,15:00       ,Olympia    ,        44,        15,    59
2026.07.11,15:00        ,15:15       ,Olympia    ,        40,        47,    87
2026.07.11,15:15        ,15:30       ,Olympia    ,        36,        33,    69
2026.07.11,15:30        ,15:45       ,Olympia    ,        39,        22,    61
2026.07.11,15:45        ,16:00       ,Olympia    ,        46,        47,    93
2026.07.11,16:00        ,16:15       ,Olympia    ,        36,        37,    73
2026.07.11,16:15        ,16:30       ,Olympia    ,        25,        23,    48
2026.07.11,16:30        ,16:45       ,Olympia    ,        36,        57,    93
2026.07.11,16:45        ,17:00       ,Olympia    ,        50,        46,    96
2026.07.11,17:00        ,17:15       ,Olympia    ,        38,        47,    85
2026.07.11,17:15        ,17:30       ,Olympia    ,        27,        30,    57
2026.07.11,17:30        ,17:45       ,Olympia    ,        46,        42,    88
2026.07.11,17:45        ,18:00       ,Olympia    ,        44,        45,    89
2026.07.11,18:00        ,18:15       ,Olympia    ,        33,        39,    72
2026.07.11,18:15        ,18:30       ,Olympia    ,        35,        64,    99
2026.07.11,18:30        ,18:45       ,Olympia    ,        27,        38,    65
2026.07.11,18:45        ,19:00       ,Olympia    ,        29,        38,    67
2026.07.11,19:00        ,19:15       ,Olympia    ,        32,        43,    75
2026.07.11,19:15        ,19:30       ,Olympia    ,        23,        37,    60
2026.07.11,19:30        ,19:45       ,Olympia    ,        38,        44,    82
2026.07.11,19:45        ,20:00       ,Olympia    ,        34,        44,    78
2026.07.11,20:00        ,20:15       ,Olympia    ,        36,        57,    93
2026.07.11,20:15        ,20:30       ,Olympia    ,        51,        42,    93
2026.07.11,20:30        ,20:45       ,Olympia    ,        34,        52,    86
2026.07.11,20:45        ,21:00       ,Olympia    ,        43,        59,   102
2026.07.11,21:00        ,21:15       ,Olympia    ,        48,        50,    98
2026.07.11,21:15        ,21:30       ,Olympia    ,        27,        47,    74
2026.07.11,21:30        ,21:45       ,Olympia    ,        25,        20,    45
2026.07.11,21:45        ,22:00       ,Olympia    ,        20,        44,    64
2026.07.11,22:00        ,22:15       ,Olympia    ,        40,        26,    66
2026.07.11,22:15        ,22:30       ,Olympia    ,        30,        33,    63
2026.07.11,22:30        ,22:45       ,Olympia    ,        21,        43,    64
2026.07.11,22:45        ,23:00       ,Olympia    ,        31,        34,    65
2026.07.11,23:00        ,23:15       ,Olympia    ,        32,        19,    51
2026.07.11,23:15        ,23:30       ,Olympia    ,        28,         7,    35
2026.07.11,23:30        ,23:45       ,Olympia    ,        18,        19,    37
2026.07.11,23:45        ,00:00       ,Olympia    ,         9,        22,    31
2026.07.12,00:00        ,00:15       ,Olympia    ,        10,        17,    27
2026.07.12,00:15        ,00:30       ,Olympia    ,        11,         7,    18
2026.07.12,00:30        ,00:45       ,Olympia    ,         4,        10,    14
2026.07.12,00:45        ,01:00       ,Olympia    ,         5,        10,    15
2026.07.12,01:00        ,01:15       ,Olympia    ,         3,         4,     7
2026.07.12,01:15        ,01:30       ,Olympia    ,         9,        21,    30
2026.07.12,01:30        ,01:45       ,Olympia    ,         5,         0,     5
2026.07.12,01:45        ,02:00       ,Olympia    ,         0,         4,     4
2026.07.12,02:00        ,02:15       ,Olympia    ,         9,         2,    11
2026.07.12,02:15        ,02:30       ,Olympia    ,         2,         8,    10
2026.07.12,02:30        ,02:45       ,Olympia    ,         1,         1,     2
2026.07.12,02:45        ,03:00       ,Olympia    ,         0,         2,     2
2026.07.12,03:00        ,03:15       ,Olympia    ,         1,         1,     2
2026.07.12,03:15        ,03:30       ,Olympia    ,         5,         2,     7
2026.07.12,03:30        ,03:45       ,Olympia    ,         0,         3,     3
2026.07.12,03:45        ,04:00       ,Olympia    ,         0,         1,     1
2026.07.12,04:00        ,04:15       ,Olympia    ,         0,         0,     0
2026.07.12,04:15        ,04:30       ,Olympia    ,         0,         1,     1
2026.07.12,04:30        ,04:45       ,Olympia    ,         2,         0,     2
2026.07.12,04:45        ,05:00       ,Olympia    ,         0,         0,     0
2026.07.12,05:00        ,05:15       ,Olympia    ,         1,         1,     2
2026.07.12,05:15        ,05:30       ,Olympia    ,         1,         0,     1
2026.07.12,05:30        ,05:45       ,Olympia    ,         2,         1,     3
2026.07.12,05:45        ,06:00       ,Olympia    ,         1,         0,     1
2026.07.12,06:00        ,06:15       ,Olympia    ,         2,         3,     5
2026.07.12,06:15        ,06:30       ,Olympia    ,         2,         1,     3
2026.07.12,06:30        ,06:45       ,Olympia    ,         0,         1,     1
2026.07.12,06:45        ,07:00       ,Olympia    ,         5,         1,     6
2026.07.12,07:00        ,07:15       ,Olympia    ,         6,         4,    10
2026.07.12,07:15        ,07:30       ,Olympia    ,         4,         2,     6
2026.07.12,07:30        ,07:45       ,Olympia    ,         4,         2,     6
2026.07.12,07:45        ,08:00       ,Olympia    ,        10,         0,    10
2026.07.12,08:00        ,08:15       ,Olympia    ,         9,         1,    10
2026.07.12,08:15        ,08:30       ,Olympia    ,         4,         4,     8
2026.07.12,08:30        ,08:45       ,Olympia    ,        26,         7,    33
2026.07.12,08:45        ,09:00       ,Olympia    ,        13,         7,    20
2026.07.12,09:00        ,09:15       ,Olympia    ,        20,        15,    35
2026.07.12,09:15        ,09:30       ,Olympia    ,        14,        18,    32
2026.07.12,09:30        ,09:45       ,Olympia    ,        23,        17,    40
2026.07.12,09:45        ,10:00       ,Olympia    ,        23,         7,    30
2026.07.12,10:00        ,10:15       ,Olympia    ,        28,        21,    49
2026.07.12,10:15        ,10:30       ,Olympia    ,        28,        23,    51
2026.07.12,10:30        ,10:45       ,Olympia    ,        23,        15,    38
2026.07.12,10:45        ,11:00       ,Olympia    ,        22,        23,    45
2026.07.12,11:00        ,11:15       ,Olympia    ,        31,        23,    54
2026.07.12,11:15        ,11:30       ,Olympia    ,        30,        23,    53
2026.07.12,11:30        ,11:45       ,Olympia    ,        24,        33,    57
2026.07.12,11:45        ,12:00       ,Olympia    ,        52,        22,    74
2026.07.12,12:00        ,12:15       ,Olympia    ,        39,        27,    66
2026.07.12,12:15        ,12:30       ,Olympia    ,        36,        27,    63
2026.07.12,12:30        ,12:45       ,Olympia    ,        40,        26,    66
2026.07.12,12:45        ,13:00       ,Olympia    ,        39,        26,    65
2026.07.12,13:00        ,13:15       ,Olympia    ,        41,        22,    63
2026.07.12,13:15        ,13:30       ,Olympia    ,        41,        35,    76
2026.07.12,13:30        ,13:45       ,Olympia    ,        43,        33,    76
2026.07.12,13:45        ,14:00       ,Olympia    ,        52,        41,    93
2026.07.12,14:00        ,14:15       ,Olympia    ,        40,        48,    88
2026.07.12,14:15        ,14:30       ,Olympia    ,        30,        31,    61
2026.07.12,14:30        ,14:45       ,Olympia    ,        45,        35,    80
2026.07.12,14:45        ,15:00       ,Olympia    ,        41,        23,    64
2026.07.12,15:00        ,15:15       ,Olympia    ,        55,        40,    95
2026.07.12,15:15        ,15:30       ,Olympia    ,        37,        40,    77
2026.07.12,15:30        ,15:45       ,Olympia    ,        37,        30,    67
2026.07.12,15:45        ,16:00       ,Olympia    ,        46,        24,    70
2026.07.12,16:00        ,16:15       ,Olympia    ,        34,        27,    61
2026.07.12,16:15        ,16:30       ,Olympia    ,        50,        38,    88
2026.07.12,16:30        ,16:45       ,Olympia    ,        34,        25,    59
2026.07.12,16:45        ,17:00       ,Olympia    ,        47,        55,   102
2026.07.12,17:00        ,17:15       ,Olympia    ,        26,        43,    69
2026.07.12,17:15        ,17:30       ,Olympia    ,        35,        37,    72
2026.07.12,17:30        ,17:45       ,Olympia    ,        61,        46,   107
2026.07.12,17:45        ,18:00       ,Olympia    ,        44,        83,   127
2026.07.12,18:00        ,18:15       ,Olympia    ,        40,        79,   119
2026.07.12,18:15        ,18:30       ,Olympia    ,        34,        52,    86
2026.07.12,18:30        ,18:45       ,Olympia    ,        33,        45,    78
2026.07.12,18:45        ,19:00       ,Olympia    ,        41,        53,    94
2026.07.12,19:00        ,19:15       ,Olympia    ,        38,        52,    90
2026.07.12,19:15        ,19:30       ,Olympia    ,        42,        40,    82
2026.07.12,19:30        ,19:45       ,Olympia    ,        42,        53,    95
2026.07.12,19:45        ,20:00       ,Olympia    ,        46,        46,    92
2026.07.12,20:00        ,20:15       ,Olympia    ,        30,        34,    64
2026.07.12,20:15        ,20:30       ,Olympia    ,        37,        42,    79
2026.07.12,20:30        ,20:45       ,Olympia    ,        44,        48,    92
2026.07.12,20:45        ,21:00       ,Olympia    ,        38,        46,    84
2026.07.12,21:00        ,21:15       ,Olympia    ,        26,        37,    63
2026.07.12,21:15        ,21:30       ,Olympia    ,        30,        39,    69
2026.07.12,21:30        ,21:45       ,Olympia    ,        27,        20,    47
2026.07.12,21:45        ,22:00       ,Olympia    ,        21,        17,    38
2026.07.12,22:00        ,22:15       ,Olympia    ,        16,        14,    30
2026.07.12,22:15        ,22:30       ,Olympia    ,        24,        18,    42
2026.07.12,22:30        ,22:45       ,Olympia    ,        22,        11,    33
2026.07.12,22:45        ,23:00       ,Olympia    ,         9,        11,    20
2026.07.12,23:00        ,23:15       ,Olympia    ,         9,         2,    11
2026.07.12,23:15        ,23:30       ,Olympia    ,        11,         8,    19
2026.07.12,23:30        ,23:45       ,Olympia    ,         7,         4,    11
2026.07.12,23:45        ,00:00       ,Olympia    ,         9,         5,    14
2026.07.13,00:00        ,00:15       ,Olympia    ,         6,        15,    21
2026.07.13,00:15        ,00:30       ,Olympia    ,         7,         8,    15
2026.07.13,00:30        ,00:45       ,Olympia    ,         3,         4,     7
2026.07.13,00:45        ,01:00       ,Olympia    ,         1,         1,     2
2026.07.13,01:00        ,01:15       ,Olympia    ,         2,         0,     2
2026.07.13,01:15        ,01:30       ,Olympia    ,         1,         0,     1
2026.07.13,01:30        ,01:45       ,Olympia    ,         2,         2,     4
2026.07.13,01:45        ,02:00       ,Olympia    ,         1,         3,     4
2026.07.13,02:00        ,02:15       ,Olympia    ,         1,         1,     2
2026.07.13,02:15        ,02:30       ,Olympia    ,         2,         0,     2
2026.07.13,02:30        ,02:45       ,Olympia    ,         1,         0,     1
2026.07.13,02:45        ,03:00       ,Olympia    ,         1,         0,     1
2026.07.13,03:00        ,03:15       ,Olympia    ,         0,         0,     0
2026.07.13,03:15        ,03:30       ,Olympia    ,         0,         0,     0
2026.07.13,03:30        ,03:45       ,Olympia    ,         0,         0,     0
2026.07.13,03:45        ,04:00       ,Olympia    ,         0,         0,     0
2026.07.13,04:00        ,04:15       ,Olympia    ,         0,         0,     0
2026.07.13,04:15        ,04:30       ,Olympia    ,         0,         1,     1
2026.07.13,04:30        ,04:45       ,Olympia    ,         0,         1,     1
2026.07.13,04:45        ,05:00       ,Olympia    ,         0,         0,     0
2026.07.13,05:00        ,05:15       ,Olympia    ,         1,         1,     2
2026.07.13,05:15        ,05:30       ,Olympia    ,         6,         5,    11
2026.07.13,05:30        ,05:45       ,Olympia    ,         7,         6,    13
2026.07.13,05:45        ,06:00       ,Olympia    ,         2,         4,     6
2026.07.13,06:00        ,06:15       ,Olympia    ,         6,         6,    12
2026.07.13,06:15        ,06:30       ,Olympia    ,        13,         5,    18
2026.07.13,06:30        ,06:45       ,Olympia    ,        15,         8,    23
2026.07.13,06:45        ,07:00       ,Olympia    ,        29,        12,    41
2026.07.13,07:00        ,07:15       ,Olympia    ,        29,        26,    55
2026.07.13,07:15        ,07:30       ,Olympia    ,        23,        36,    59
2026.07.13,07:30        ,07:45       ,Olympia    ,        42,        48,    90
2026.07.13,07:45        ,08:00       ,Olympia    ,        42,        54,    96
2026.07.13,08:00        ,08:15       ,Olympia    ,        53,        45,    98
2026.07.13,08:15        ,08:30       ,Olympia    ,        50,        56,   106
2026.07.13,08:30        ,08:45       ,Olympia    ,        40,        40,    80
2026.07.13,08:45        ,09:00       ,Olympia    ,        39,        33,    72
2026.07.13,09:00        ,09:15       ,Olympia    ,        16,        33,    49
2026.07.13,09:15        ,09:30       ,Olympia    ,        25,        23,    48
2026.07.13,09:30        ,09:45       ,Olympia    ,        18,        29,    47
2026.07.13,09:45        ,10:00       ,Olympia    ,        16,        12,    28
2026.07.13,10:00        ,10:15       ,Olympia    ,        25,         9,    34
2026.07.13,10:15        ,10:30       ,Olympia    ,        17,        17,    34
2026.07.13,10:30        ,10:45       ,Olympia    ,        24,        17,    41
2026.07.13,10:45        ,11:00       ,Olympia    ,        22,        23,    45
2026.07.13,11:00        ,11:15       ,Olympia    ,        12,        14,    26
2026.07.13,11:15        ,11:30       ,Olympia    ,        15,        18,    33
2026.07.13,11:30        ,11:45       ,Olympia    ,        22,        14,    36
2026.07.13,11:45        ,12:00       ,Olympia    ,        14,        17,    31
2026.07.13,12:00        ,12:15       ,Olympia    ,        29,        17,    46
2026.07.13,12:15        ,12:30       ,Olympia    ,        16,        17,    33
2026.07.13,12:30        ,12:45       ,Olympia    ,        18,        11,    29
2026.07.13,12:45        ,13:00       ,Olympia    ,        23,        22,    45
2026.07.13,13:00        ,13:15       ,Olympia    ,        20,         9,    29
2026.07.13,13:15        ,13:30       ,Olympia    ,        20,        20,    40
2026.07.13,13:30        ,13:45       ,Olympia    ,        18,        22,    40
2026.07.13,13:45        ,14:00       ,Olympia    ,        11,        17,    28
2026.07.13,14:00        ,14:15       ,Olympia    ,        15,        25,    40
2026.07.13,14:15        ,14:30       ,Olympia    ,        29,        25,    54
2026.07.13,14:30        ,14:45       ,Olympia    ,        28,        18,    46
2026.07.13,14:45        ,15:00       ,Olympia    ,        28,        23,    51
2026.07.13,15:00        ,15:15       ,Olympia    ,        31,        32,    63
2026.07.13,15:15        ,15:30       ,Olympia    ,        35,        39,    74
2026.07.13,15:30        ,15:45       ,Olympia    ,        34,        20,    54
2026.07.13,15:45        ,16:00       ,Olympia    ,        48,        44,    92
2026.07.13,16:00        ,16:15       ,Olympia    ,        35,        40,    75
2026.07.13,16:15        ,16:30       ,Olympia    ,        41,        49,    90
2026.07.13,16:30        ,16:45       ,Olympia    ,        66,        46,   112
2026.07.13,16:45        ,17:00       ,Olympia    ,        76,        42,   118
2026.07.13,17:00        ,17:15       ,Olympia    ,        53,        65,   118
2026.07.13,17:15        ,17:30       ,Olympia    ,        68,        81,   149
2026.07.13,17:30        ,17:45       ,Olympia    ,        72,        48,   120
2026.07.13,17:45        ,18:00       ,Olympia    ,        69,        64,   133
2026.07.13,18:00        ,18:15       ,Olympia    ,        74,        56,   130
2026.07.13,18:15        ,18:30       ,Olympia    ,        66,        78,   144
2026.07.13,18:30        ,18:45       ,Olympia    ,        95,        88,   183
2026.07.13,18:45        ,19:00       ,Olympia    ,        96,        79,   175
2026.07.13,19:00        ,19:15       ,Olympia    ,        73,        57,   130
2026.07.13,19:15        ,19:30       ,Olympia    ,        58,        58,   116
2026.07.13,19:30        ,19:45       ,Olympia    ,        41,        63,   104
2026.07.13,19:45        ,20:00       ,Olympia    ,        61,        47,   108
2026.07.13,20:00        ,20:15       ,Olympia    ,        50,        64,   114
2026.07.13,20:15        ,20:30       ,Olympia    ,        37,        53,    90
2026.07.13,20:30        ,20:45       ,Olympia    ,        40,        58,    98
2026.07.13,20:45        ,21:00       ,Olympia    ,        43,        47,    90
2026.07.13,21:00        ,21:15       ,Olympia    ,        48,        43,    91
2026.07.13,21:15        ,21:30       ,Olympia    ,        29,        48,    77
2026.07.13,21:30        ,21:45       ,Olympia    ,        42,        45,    87
2026.07.13,21:45        ,22:00       ,Olympia    ,        33,        40,    73
2026.07.13,22:00        ,22:15       ,Olympia    ,        29,        27,    56
2026.07.13,22:15        ,22:30       ,Olympia    ,        30,        42,    72
2026.07.13,22:30        ,22:45       ,Olympia    ,        24,        17,    41
2026.07.13,22:45        ,23:00       ,Olympia    ,        10,         8,    18
2026.07.13,23:00        ,23:15       ,Olympia    ,        12,         9,    21
2026.07.13,23:15        ,23:30       ,Olympia    ,         9,        12,    21
2026.07.13,23:30        ,23:45       ,Olympia    ,        11,        27,    38
2026.07.13,23:45        ,00:00       ,Olympia    ,         4,        14,    18
2026.07.14,00:00        ,00:15       ,Olympia    ,         7,         6,    13
2026.07.14,00:15        ,00:30       ,Olympia    ,         0,         5,     5
2026.07.14,00:30        ,00:45       ,Olympia    ,         2,         2,     4
2026.07.14,00:45        ,01:00       ,Olympia    ,         5,         1,     6
2026.07.14,01:00        ,01:15       ,Olympia    ,         0,         1,     1
2026.07.14,01:15        ,01:30       ,Olympia    ,         1,         1,     2
2026.07.14,01:30        ,01:45       ,Olympia    ,         1,         0,     1
2026.07.14,01:45        ,02:00       ,Olympia    ,         0,         0,     0
2026.07.14,02:00        ,02:15       ,Olympia    ,         0,         0,     0
2026.07.14,02:15        ,02:30       ,Olympia    ,         0,         1,     1
2026.07.14,02:30        ,02:45       ,Olympia    ,         0,         0,     0
2026.07.14,02:45        ,03:00       ,Olympia    ,         0,         1,     1
2026.07.14,03:00        ,03:15       ,Olympia    ,         1,         0,     1
2026.07.14,03:15        ,03:30       ,Olympia    ,         2,         0,     2
2026.07.14,03:30        ,03:45       ,Olympia    ,         0,         1,     1
2026.07.14,03:45        ,04:00       ,Olympia    ,         0,         0,     0
2026.07.14,04:00        ,04:15       ,Olympia    ,         0,         0,     0
2026.07.14,04:15        ,04:30       ,Olympia    ,         1,         0,     1
2026.07.14,04:30        ,04:45       ,Olympia    ,         0,         0,     0
2026.07.14,04:45        ,05:00       ,Olympia    ,         0,         0,     0
2026.07.14,05:00        ,05:15       ,Olympia    ,         1,         2,     3
2026.07.14,05:15        ,05:30       ,Olympia    ,         1,         6,     7
2026.07.14,05:30        ,05:45       ,Olympia    ,         8,         6,    14
2026.07.14,05:45        ,06:00       ,Olympia    ,         1,         7,     8
2026.07.14,06:00        ,06:15       ,Olympia    ,         7,         5,    12
2026.07.14,06:15        ,06:30       ,Olympia    ,         6,         9,    15
2026.07.14,06:30        ,06:45       ,Olympia    ,        10,        17,    27
2026.07.14,06:45        ,07:00       ,Olympia    ,        12,        31,    43
2026.07.14,07:00        ,07:15       ,Olympia    ,        20,        34,    54
2026.07.14,07:15        ,07:30       ,Olympia    ,        31,        39,    70
2026.07.14,07:30        ,07:45       ,Olympia    ,        54,        46,   100
2026.07.14,07:45        ,08:00       ,Olympia    ,        63,        61,   124
2026.07.14,08:00        ,08:15       ,Olympia    ,        43,        57,   100
2026.07.14,08:15        ,08:30       ,Olympia    ,        45,        39,    84
2026.07.14,08:30        ,08:45       ,Olympia    ,        49,        46,    95
2026.07.14,08:45        ,09:00       ,Olympia    ,        38,        48,    86
2026.07.14,09:00        ,09:15       ,Olympia    ,        28,        22,    50
2026.07.14,09:15        ,09:30       ,Olympia    ,        22,        24,    46
2026.07.14,09:30        ,09:45       ,Olympia    ,        24,        13,    37
2026.07.14,09:45        ,10:00       ,Olympia    ,         8,        14,    22
2026.07.14,10:00        ,10:15       ,Olympia    ,         7,        11,    18
2026.07.14,10:15        ,10:30       ,Olympia    ,         4,        10,    14
2026.07.14,10:30        ,10:45       ,Olympia    ,         2,         5,     7
2026.07.14,10:45        ,11:00       ,Olympia    ,         7,         4,    11
2026.07.14,11:00        ,11:15       ,Olympia    ,         3,         9,    12
2026.07.14,11:15        ,11:30       ,Olympia    ,        11,         4,    15
2026.07.14,11:30        ,11:45       ,Olympia    ,         5,         4,     9
2026.07.14,11:45        ,12:00       ,Olympia    ,         5,        11,    16
2026.07.14,12:00        ,12:15       ,Olympia    ,         7,        12,    19
2026.07.14,12:15        ,12:30       ,Olympia    ,         9,         7,    16
2026.07.14,12:30        ,12:45       ,Olympia    ,        13,         9,    22
2026.07.14,12:45        ,13:00       ,Olympia    ,        10,        15,    25
2026.07.14,13:00        ,13:15       ,Olympia    ,        16,        14,    30
2026.07.14,13:15        ,13:30       ,Olympia    ,        19,        18,    37
2026.07.14,13:30        ,13:45       ,Olympia    ,        19,        12,    31
2026.07.14,13:45        ,14:00       ,Olympia    ,        21,        23,    44
2026.07.14,14:00        ,14:15       ,Olympia    ,        21,        17,    38
2026.07.14,14:15        ,14:30       ,Olympia    ,        21,        19,    40
2026.07.14,14:30        ,14:45       ,Olympia    ,        23,        27,    50
2026.07.14,14:45        ,15:00       ,Olympia    ,        21,        28,    49
2026.07.14,15:00        ,15:15       ,Olympia    ,        24,        23,    47
2026.07.14,15:15        ,15:30       ,Olympia    ,        25,        24,    49
2026.07.14,15:30        ,15:45       ,Olympia    ,        44,        25,    69
2026.07.14,15:45        ,16:00       ,Olympia    ,        32,        49,    81
2026.07.14,16:00        ,16:15       ,Olympia    ,        40,        47,    87
2026.07.14,16:15        ,16:30       ,Olympia    ,        50,        37,    87
2026.07.14,16:30        ,16:45       ,Olympia    ,        40,        59,    99
2026.07.14,16:45        ,17:00       ,Olympia    ,        43,        73,   116
2026.07.14,17:00        ,17:15       ,Olympia    ,        58,        50,   108
2026.07.14,17:15        ,17:30       ,Olympia    ,        56,        48,   104
2026.07.14,17:30        ,17:45       ,Olympia    ,        65,        52,   117
2026.07.14,17:45        ,18:00       ,Olympia    ,        71,        84,   155
2026.07.14,18:00        ,18:15       ,Olympia    ,        65,        63,   128
2026.07.14,18:15        ,18:30       ,Olympia    ,        69,        67,   136
2026.07.14,18:30        ,18:45       ,Olympia    ,        69,        66,   135
2026.07.14,18:45        ,19:00       ,Olympia    ,        70,        66,   136
2026.07.14,19:00        ,19:15       ,Olympia    ,        53,        39,    92
2026.07.14,19:15        ,19:30       ,Olympia    ,        58,        45,   103
2026.07.14,19:30        ,19:45       ,Olympia    ,        71,        58,   129
2026.07.14,19:45        ,20:00       ,Olympia    ,        36,        58,    94
2026.07.14,20:00        ,20:15       ,Olympia    ,        58,        35,    93
2026.07.14,20:15        ,20:30       ,Olympia    ,        55,        48,   103
2026.07.14,20:30        ,20:45       ,Olympia    ,        45,        37,    82
2026.07.14,20:45        ,21:00       ,Olympia    ,        70,        37,   107
2026.07.14,21:00        ,21:15       ,Olympia    ,        56,        30,    86
2026.07.14,21:15        ,21:30       ,Olympia    ,        56,        28,    84
2026.07.14,21:30        ,21:45       ,Olympia    ,        44,        24,    68
2026.07.14,21:45        ,22:00       ,Olympia    ,        32,        49,    81
2026.07.14,22:00        ,22:15       ,Olympia    ,        27,        24,    51
2026.07.14,22:15        ,22:30       ,Olympia    ,        18,        22,    40
2026.07.14,22:30        ,22:45       ,Olympia    ,        10,         7,    17
2026.07.14,22:45        ,23:00       ,Olympia    ,         1,         6,     7
2026.07.14,23:00        ,23:15       ,Olympia    ,         8,        25,    33
2026.07.14,23:15        ,23:30       ,Olympia    ,        11,        14,    25
2026.07.14,23:30        ,23:45       ,Olympia    ,         3,         2,     5
2026.07.14,23:45        ,00:00       ,Olympia    ,         2,         3,     5
2026.07.15,00:00        ,00:15       ,Olympia    ,         3,         1,     4
2026.07.15,00:15        ,00:30       ,Olympia    ,         3,         6,     9
2026.07.15,00:30        ,00:45       ,Olympia    ,         2,         1,     3
2026.07.15,00:45        ,01:00       ,Olympia    ,         0,         1,     1
2026.07.15,01:00        ,01:15       ,Olympia    ,         0,         0,     0
2026.07.15,01:15        ,01:30       ,Olympia    ,         0,         1,     1
2026.07.15,01:30        ,01:45       ,Olympia    ,         2,         4,     6
2026.07.15,01:45        ,02:00       ,Olympia    ,         0,         2,     2
2026.07.15,02:00        ,02:15       ,Olympia    ,         0,         0,     0
2026.07.15,02:15        ,02:30       ,Olympia    ,         1,         2,     3
2026.07.15,02:30        ,02:45       ,Olympia    ,         0,         1,     1
2026.07.15,02:45        ,03:00       ,Olympia    ,         0,         0,     0
2026.07.15,03:00        ,03:15       ,Olympia    ,         0,         1,     1
2026.07.15,03:15        ,03:30       ,Olympia    ,         0,         0,     0
2026.07.15,03:30        ,03:45       ,Olympia    ,         0,         0,     0
2026.07.15,03:45        ,04:00       ,Olympia    ,         0,         1,     1
2026.07.15,04:00        ,04:15       ,Olympia    ,         0,         0,     0
2026.07.15,04:15        ,04:30       ,Olympia    ,         1,         1,     2
2026.07.15,04:30        ,04:45       ,Olympia    ,         0,         0,     0
2026.07.15,04:45        ,05:00       ,Olympia    ,         0,         0,     0
2026.07.15,05:00        ,05:15       ,Olympia    ,         1,         3,     4
2026.07.15,05:15        ,05:30       ,Olympia    ,         2,         5,     7
2026.07.15,05:30        ,05:45       ,Olympia    ,         3,         8,    11
2026.07.15,05:45        ,06:00       ,Olympia    ,         1,         3,     4
2026.07.15,06:00        ,06:15       ,Olympia    ,         1,         5,     6
2026.07.15,06:15        ,06:30       ,Olympia    ,         7,         8,    15
2026.07.15,06:30        ,06:45       ,Olympia    ,         8,        18,    26
2026.07.15,06:45        ,07:00       ,Olympia    ,        11,        26,    37
2026.07.15,07:00        ,07:15       ,Olympia    ,        20,        31,    51
2026.07.15,07:15        ,07:30       ,Olympia    ,        13,        32,    45
2026.07.15,07:30        ,07:45       ,Olympia    ,        22,        30,    52
2026.07.15,07:45        ,08:00       ,Olympia    ,        37,        48,    85
2026.07.15,08:00        ,08:15       ,Olympia    ,        39,        40,    79
2026.07.15,08:15        ,08:30       ,Olympia    ,        39,        39,    78
2026.07.15,08:30        ,08:45       ,Olympia    ,        34,        35,    69
2026.07.15,08:45        ,09:00       ,Olympia    ,        21,        58,    79
2026.07.15,09:00        ,09:15       ,Olympia    ,        18,        24,    42
2026.07.15,09:15        ,09:30       ,Olympia    ,        31,        19,    50
2026.07.15,09:30        ,09:45       ,Olympia    ,        20,        26,    46
2026.07.15,09:45        ,10:00       ,Olympia    ,        22,        24,    46
2026.07.15,10:00        ,10:15       ,Olympia    ,        17,        19,    36
2026.07.15,10:15        ,10:30       ,Olympia    ,        15,        20,    35
2026.07.15,10:30        ,10:45       ,Olympia    ,        11,         9,    20
2026.07.15,10:45        ,11:00       ,Olympia    ,        11,        11,    22
2026.07.15,11:00        ,11:15       ,Olympia    ,        15,        15,    30
2026.07.15,11:15        ,11:30       ,Olympia    ,        14,        12,    26
2026.07.15,11:30        ,11:45       ,Olympia    ,        20,        13,    33
2026.07.15,11:45        ,12:00       ,Olympia    ,        16,        22,    38
2026.07.15,12:00        ,12:15       ,Olympia    ,        19,        12,    31
2026.07.15,12:15        ,12:30       ,Olympia    ,        24,        11,    35
2026.07.15,12:30        ,12:45       ,Olympia    ,        26,        23,    49
2026.07.15,12:45        ,13:00       ,Olympia    ,        16,        18,    34
2026.07.15,13:00        ,13:15       ,Olympia    ,        11,        19,    30
2026.07.15,13:15        ,13:30       ,Olympia    ,        15,        14,    29
2026.07.15,13:30        ,13:45       ,Olympia    ,        26,        20,    46
2026.07.15,13:45        ,14:00       ,Olympia    ,        22,        26,    48
2026.07.15,14:00        ,14:15       ,Olympia    ,        24,        26,    50
2026.07.15,14:15        ,14:30       ,Olympia    ,        19,        25,    44
2026.07.15,14:30        ,14:45       ,Olympia    ,        32,        36,    68
2026.07.15,14:45        ,15:00       ,Olympia    ,        30,        25,    55
2026.07.15,15:00        ,15:15       ,Olympia    ,        24,        25,    49
2026.07.15,15:15        ,15:30       ,Olympia    ,        22,        31,    53
2026.07.15,15:30        ,15:45       ,Olympia    ,        27,        29,    56
2026.07.15,15:45        ,16:00       ,Olympia    ,        28,        85,   113
2026.07.15,16:00        ,16:15       ,Olympia    ,        16,        84,   100
2026.07.15,16:15        ,16:30       ,Olympia    ,        21,       167,   188
2026.07.15,16:30        ,16:45       ,Olympia    ,        19,       144,   163
2026.07.15,16:45        ,17:00       ,Olympia    ,        31,       148,   179
2026.07.15,17:00        ,17:15       ,Olympia    ,        27,       169,   196
2026.07.15,17:15        ,17:30       ,Olympia    ,        15,       205,   220
2026.07.15,17:30        ,17:45       ,Olympia    ,        20,       171,   191
2026.07.15,17:45        ,18:00       ,Olympia    ,        28,       173,   201
2026.07.15,18:00        ,18:15       ,Olympia    ,        47,       174,   221
2026.07.15,18:15        ,18:30       ,Olympia    ,        41,       194,   235
2026.07.15,18:30        ,18:45       ,Olympia    ,        50,       175,   225
2026.07.15,18:45        ,19:00       ,Olympia    ,        92,       144,   236
2026.07.15,19:00        ,19:15       ,Olympia    ,        98,        97,   195
2026.07.15,19:15        ,19:30       ,Olympia    ,       110,        61,   171
2026.07.15,19:30        ,19:45       ,Olympia    ,       131,        43,   174
2026.07.15,19:45        ,20:00       ,Olympia    ,       130,        53,   183
2026.07.15,20:00        ,20:15       ,Olympia    ,       157,        18,   175
2026.07.15,20:15        ,20:30       ,Olympia    ,       158,        19,   177
2026.07.15,20:30        ,20:45       ,Olympia    ,       190,        31,   221
2026.07.15,20:45        ,21:00       ,Olympia    ,       162,        25,   187
2026.07.15,21:00        ,21:15       ,Olympia    ,       156,        34,   190
2026.07.15,21:15        ,21:30       ,Olympia    ,       119,        19,   138
2026.07.15,21:30        ,21:45       ,Olympia    ,       104,        17,   121
2026.07.15,21:45        ,22:00       ,Olympia    ,        57,        23,    80
2026.07.15,22:00        ,22:15       ,Olympia    ,        57,         8,    65
2026.07.15,22:15        ,22:30       ,Olympia    ,        37,        12,    49
2026.07.15,22:30        ,22:45       ,Olympia    ,        24,        10,    34
2026.07.15,22:45        ,23:00       ,Olympia    ,        17,        10,    27
2026.07.15,23:00        ,23:15       ,Olympia    ,        19,        23,    42
2026.07.15,23:15        ,23:30       ,Olympia    ,        21,        13,    34
2026.07.15,23:30        ,23:45       ,Olympia    ,         9,        16,    25
2026.07.15,23:45        ,00:00       ,Olympia    ,        12,         4,    16
2026.07.16,00:00        ,00:15       ,Olympia    ,         7,        10,    17
2026.07.16,00:15        ,00:30       ,Olympia    ,         4,         1,     5
2026.07.16,00:30        ,00:45       ,Olympia    ,         2,         2,     4
2026.07.16,00:45        ,01:00       ,Olympia    ,         2,         4,     6
2026.07.16,01:00        ,01:15       ,Olympia    ,         2,         2,     4
2026.07.16,01:15        ,01:30       ,Olympia    ,         0,         2,     2
2026.07.16,01:30        ,01:45       ,Olympia    ,         1,         0,     1
2026.07.16,01:45        ,02:00       ,Olympia    ,         1,         0,     1
2026.07.16,02:00        ,02:15       ,Olympia    ,         1,         1,     2
2026.07.16,02:15        ,02:30       ,Olympia    ,         2,         1,     3
2026.07.16,02:30        ,02:45       ,Olympia    ,         0,         1,     1
2026.07.16,02:45        ,03:00       ,Olympia    ,         0,         0,     0
2026.07.16,03:00        ,03:15       ,Olympia    ,         1,         0,     1
2026.07.16,03:15        ,03:30       ,Olympia    ,         0,         1,     1
2026.07.16,03:30        ,03:45       ,Olympia    ,         0,         0,     0
2026.07.16,03:45        ,04:00       ,Olympia    ,         0,         1,     1
2026.07.16,04:00        ,04:15       ,Olympia    ,         0,         2,     2
2026.07.16,04:15        ,04:30       ,Olympia    ,         1,         0,     1
2026.07.16,04:30        ,04:45       ,Olympia    ,         0,         0,     0
2026.07.16,04:45        ,05:00       ,Olympia    ,         0,         1,     1
2026.07.16,05:00        ,05:15       ,Olympia    ,         0,         2,     2
2026.07.16,05:15        ,05:30       ,Olympia    ,         1,         5,     6
2026.07.16,05:30        ,05:45       ,Olympia    ,         1,         5,     6
2026.07.16,05:45        ,06:00       ,Olympia    ,         4,         5,     9
2026.07.16,06:00        ,06:15       ,Olympia    ,         3,         6,     9
2026.07.16,06:15        ,06:30       ,Olympia    ,         5,        10,    15
2026.07.16,06:30        ,06:45       ,Olympia    ,         8,        18,    26
2026.07.16,06:45        ,07:00       ,Olympia    ,        15,        22,    37
2026.07.16,07:00        ,07:15       ,Olympia    ,        23,        34,    57
2026.07.16,07:15        ,07:30       ,Olympia    ,        22,        34,    56
2026.07.16,07:30        ,07:45       ,Olympia    ,        36,        45,    81
2026.07.16,07:45        ,08:00       ,Olympia    ,        52,        52,   104
2026.07.16,08:00        ,08:15       ,Olympia    ,        40,        54,    94
2026.07.16,08:15        ,08:30       ,Olympia    ,        39,        40,    79
2026.07.16,08:30        ,08:45       ,Olympia    ,        41,        50,    91
2026.07.16,08:45        ,09:00       ,Olympia    ,        43,        49,    92
2026.07.16,09:00        ,09:15       ,Olympia    ,        27,        30,    57
2026.07.16,09:15        ,09:30       ,Olympia    ,        24,        24,    48
2026.07.16,09:30        ,09:45       ,Olympia    ,        23,        17,    40
2026.07.16,09:45        ,10:00       ,Olympia    ,        31,        23,    54
2026.07.16,10:00        ,10:15       ,Olympia    ,        17,        27,    44
2026.07.16,10:15        ,10:30       ,Olympia    ,        15,        22,    37
2026.07.16,10:30        ,10:45       ,Olympia    ,        12,        23,    35
2026.07.16,10:45        ,11:00       ,Olympia    ,        21,        19,    40
2026.07.16,11:00        ,11:15       ,Olympia    ,        14,        13,    27
2026.07.16,11:15        ,11:30       ,Olympia    ,        12,        19,    31
2026.07.16,11:30        ,11:45       ,Olympia    ,        23,        13,    36
2026.07.16,11:45        ,12:00       ,Olympia    ,        14,        14,    28
2026.07.16,12:00        ,12:15       ,Olympia    ,        18,        21,    39
2026.07.16,12:15        ,12:30       ,Olympia    ,        24,        11,    35
2026.07.16,12:30        ,12:45       ,Olympia    ,        18,        19,    37
2026.07.16,12:45        ,13:00       ,Olympia    ,        24,        32,    56
2026.07.16,13:00        ,13:15       ,Olympia    ,        20,        30,    50
2026.07.16,13:15        ,13:30       ,Olympia    ,        28,        25,    53
2026.07.16,13:30        ,13:45       ,Olympia    ,        18,        23,    41
2026.07.16,13:45        ,14:00       ,Olympia    ,        17,        26,    43
2026.07.16,14:00        ,14:15       ,Olympia    ,        27,        29,    56
2026.07.16,14:15        ,14:30       ,Olympia    ,        28,        32,    60
2026.07.16,14:30        ,14:45       ,Olympia    ,        35,        24,    59
2026.07.16,14:45        ,15:00       ,Olympia    ,        40,        24,    64
2026.07.16,15:00        ,15:15       ,Olympia    ,        25,        33,    58
2026.07.16,15:15        ,15:30       ,Olympia    ,        29,        32,    61
2026.07.16,15:30        ,15:45       ,Olympia    ,        30,        40,    70
2026.07.16,15:45        ,16:00       ,Olympia    ,        53,        29,    82
2026.07.16,16:00        ,16:15       ,Olympia    ,        33,        43,    76
2026.07.16,16:15        ,16:30       ,Olympia    ,        45,        44,    89
2026.07.16,16:30        ,16:45       ,Olympia    ,        39,        56,    95
2026.07.16,16:45        ,17:00       ,Olympia    ,        53,        38,    91
2026.07.16,17:00        ,17:15       ,Olympia    ,        52,        70,   122
2026.07.16,17:15        ,17:30       ,Olympia    ,        61,        65,   126
2026.07.16,17:30        ,17:45       ,Olympia    ,        72,        59,   131
2026.07.16,17:45        ,18:00       ,Olympia    ,        59,       100,   159
2026.07.16,18:00        ,18:15       ,Olympia    ,        75,        84,   159
2026.07.16,18:15        ,18:30       ,Olympia    ,        62,        77,   139
2026.07.16,18:30        ,18:45       ,Olympia    ,        80,        76,   156
2026.07.16,18:45        ,19:00       ,Olympia    ,        73,        92,   165
2026.07.16,19:00        ,19:15       ,Olympia    ,        64,        50,   114
2026.07.16,19:15        ,19:30       ,Olympia    ,        58,        55,   113
2026.07.16,19:30        ,19:45       ,Olympia    ,        74,        54,   128
2026.07.16,19:45        ,20:00       ,Olympia    ,        51,        70,   121
2026.07.16,20:00        ,20:15       ,Olympia    ,        51,        41,    92
2026.07.16,20:15        ,20:30       ,Olympia    ,        96,        38,   134
2026.07.16,20:30        ,20:45       ,Olympia    ,        43,        59,   102
2026.07.16,20:45        ,21:00       ,Olympia    ,        48,        47,    95
2026.07.16,21:00        ,21:15       ,Olympia    ,        46,        32,    78
2026.07.16,21:15        ,21:30       ,Olympia    ,        70,        48,   118
2026.07.16,21:30        ,21:45       ,Olympia    ,        44,        38,    82
2026.07.16,21:45        ,22:00       ,Olympia    ,        52,        54,   106
2026.07.16,22:00        ,22:15       ,Olympia    ,        27,        47,    74
2026.07.16,22:15        ,22:30       ,Olympia    ,        20,        19,    39
2026.07.16,22:30        ,22:45       ,Olympia    ,        13,         4,    17
2026.07.16,22:45        ,23:00       ,Olympia    ,         9,         9,    18
2026.07.16,23:00        ,23:15       ,Olympia    ,        10,        13,    23
2026.07.16,23:15        ,23:30       ,Olympia    ,         4,         5,     9
2026.07.16,23:30        ,23:45       ,Olympia    ,        20,         8,    28
2026.07.16,23:45        ,00:00       ,Olympia    ,        10,         7,    17
2026.07.17,00:00        ,00:15       ,Olympia    ,         5,         4,     9
2026.07.17,00:15        ,00:30       ,Olympia    ,         3,         5,     8
2026.07.17,00:30        ,00:45       ,Olympia    ,         2,         6,     8
2026.07.17,00:45        ,01:00       ,Olympia    ,         1,         0,     1
2026.07.17,01:00        ,01:15       ,Olympia    ,         0,         0,     0
2026.07.17,01:15        ,01:30       ,Olympia    ,         1,         0,     1
2026.07.17,01:30        ,01:45       ,Olympia    ,         2,         0,     2
2026.07.17,01:45        ,02:00       ,Olympia    ,         0,         5,     5
2026.07.17,02:00        ,02:15       ,Olympia    ,         1,         0,     1
2026.07.17,02:15        ,02:30       ,Olympia    ,         2,         0,     2
2026.07.17,02:30        ,02:45       ,Olympia    ,         0,         0,     0
2026.07.17,02:45        ,03:00       ,Olympia    ,         0,         1,     1
2026.07.17,03:00        ,03:15       ,Olympia    ,         0,         0,     0
2026.07.17,03:15        ,03:30       ,Olympia    ,         1,         0,     1
2026.07.17,03:30        ,03:45       ,Olympia    ,         0,         0,     0
2026.07.17,03:45        ,04:00       ,Olympia    ,         0,         0,     0
2026.07.17,04:00        ,04:15       ,Olympia    ,         0,         0,     0
2026.07.17,04:15        ,04:30       ,Olympia    ,         1,         0,     1
2026.07.17,04:30        ,04:45       ,Olympia    ,         0,         1,     1
2026.07.17,04:45        ,05:00       ,Olympia    ,         0,         1,     1
2026.07.17,05:00        ,05:15       ,Olympia    ,         1,         2,     3
2026.07.17,05:15        ,05:30       ,Olympia    ,         0,         6,     6
2026.07.17,05:30        ,05:45       ,Olympia    ,         1,         6,     7
2026.07.17,05:45        ,06:00       ,Olympia    ,         6,         4,    10
2026.07.17,06:00        ,06:15       ,Olympia    ,         5,         4,     9
2026.07.17,06:15        ,06:30       ,Olympia    ,         2,         1,     3
2026.07.17,06:30        ,06:45       ,Olympia    ,         7,        12,    19
2026.07.17,06:45        ,07:00       ,Olympia    ,         6,        14,    20
2026.07.17,07:00        ,07:15       ,Olympia    ,        10,        21,    31
2026.07.17,07:15        ,07:30       ,Olympia    ,        17,        24,    41
2026.07.17,07:30        ,07:45       ,Olympia    ,        19,        19,    38
2026.07.17,07:45        ,08:00       ,Olympia    ,        29,        43,    72
2026.07.17,08:00        ,08:15       ,Olympia    ,        21,        37,    58
2026.07.17,08:15        ,08:30       ,Olympia    ,        29,        35,    64
2026.07.17,08:30        ,08:45       ,Olympia    ,        26,        37,    63
2026.07.17,08:45        ,09:00       ,Olympia    ,        30,        37,    67
2026.07.17,09:00        ,09:15       ,Olympia    ,        27,        18,    45
2026.07.17,09:15        ,09:30       ,Olympia    ,        28,        23,    51
2026.07.17,09:30        ,09:45       ,Olympia    ,        24,        11,    35
2026.07.17,09:45        ,10:00       ,Olympia    ,        10,        30,    40
2026.07.17,10:00        ,10:15       ,Olympia    ,        14,        25,    39
2026.07.17,10:15        ,10:30       ,Olympia    ,        19,         9,    28
2026.07.17,10:30        ,10:45       ,Olympia    ,        27,        12,    39
2026.07.17,10:45        ,11:00       ,Olympia    ,        21,        16,    37
2026.07.17,11:00        ,11:15       ,Olympia    ,        18,         9,    27
2026.07.17,11:15        ,11:30       ,Olympia    ,        13,        12,    25
2026.07.17,11:30        ,11:45       ,Olympia    ,        22,        14,    36
2026.07.17,11:45        ,12:00       ,Olympia    ,        14,        25,    39
2026.07.17,12:00        ,12:15       ,Olympia    ,        28,        19,    47
2026.07.17,12:15        ,12:30       ,Olympia    ,        17,        15,    32
2026.07.17,12:30        ,12:45       ,Olympia    ,        37,        29,    66
2026.07.17,12:45        ,13:00       ,Olympia    ,        22,        24,    46
2026.07.17,13:00        ,13:15       ,Olympia    ,        25,        18,    43
2026.07.17,13:15        ,13:30       ,Olympia    ,        29,        33,    62
2026.07.17,13:30        ,13:45       ,Olympia    ,        26,        19,    45
2026.07.17,13:45        ,14:00       ,Olympia    ,        24,        29,    53
2026.07.17,14:00        ,14:15       ,Olympia    ,        28,        34,    62
2026.07.17,14:15        ,14:30       ,Olympia    ,        26,        23,    49
2026.07.17,14:30        ,14:45       ,Olympia    ,        26,        22,    48
2026.07.17,14:45        ,15:00       ,Olympia    ,        26,        53,    79
2026.07.17,15:00        ,15:15       ,Olympia    ,        37,        27,    64
2026.07.17,15:15        ,15:30       ,Olympia    ,        43,        32,    75
2026.07.17,15:30        ,15:45       ,Olympia    ,        42,        56,    98
2026.07.17,15:45        ,16:00       ,Olympia    ,        43,        51,    94
2026.07.17,16:00        ,16:15       ,Olympia    ,        32,        37,    69
2026.07.17,16:15        ,16:30       ,Olympia    ,        34,        26,    60
2026.07.17,16:30        ,16:45       ,Olympia    ,        30,        38,    68
2026.07.17,16:45        ,17:00       ,Olympia    ,        35,        47,    82
2026.07.17,17:00        ,17:15       ,Olympia    ,        30,        52,    82
2026.07.17,17:15        ,17:30       ,Olympia    ,        50,        38,    88
2026.07.17,17:30        ,17:45       ,Olympia    ,        35,        53,    88
2026.07.17,17:45        ,18:00       ,Olympia    ,        35,        65,   100
2026.07.17,18:00        ,18:15       ,Olympia    ,        61,        38,    99
2026.07.17,18:15        ,18:30       ,Olympia    ,        66,        41,   107
2026.07.17,18:30        ,18:45       ,Olympia    ,        56,        40,    96
2026.07.17,18:45        ,19:00       ,Olympia    ,        55,        43,    98
2026.07.17,19:00        ,19:15       ,Olympia    ,        69,        44,   113
2026.07.17,19:15        ,19:30       ,Olympia    ,        38,        31,    69
2026.07.17,19:30        ,19:45       ,Olympia    ,        36,        20,    56
2026.07.17,19:45        ,20:00       ,Olympia    ,        18,        13,    31
2026.07.17,20:00        ,20:15       ,Olympia    ,        27,        29,    56
2026.07.17,20:15        ,20:30       ,Olympia    ,        16,        20,    36
2026.07.17,20:30        ,20:45       ,Olympia    ,        23,        23,    46
2026.07.17,20:45        ,21:00       ,Olympia    ,        34,        18,    52
2026.07.17,21:00        ,21:15       ,Olympia    ,        27,        24,    51
2026.07.17,21:15        ,21:30       ,Olympia    ,        26,        27,    53
2026.07.17,21:30        ,21:45       ,Olympia    ,        21,        11,    32
2026.07.17,21:45        ,22:00       ,Olympia    ,        13,        17,    30
2026.07.17,22:00        ,22:15       ,Olympia    ,        25,        17,    42
2026.07.17,22:15        ,22:30       ,Olympia    ,        19,        21,    40
2026.07.17,22:30        ,22:45       ,Olympia    ,        15,        18,    33
2026.07.17,22:45        ,23:00       ,Olympia    ,         7,         9,    16
2026.07.17,23:00        ,23:15       ,Olympia    ,        12,        18,    30
2026.07.17,23:15        ,23:30       ,Olympia    ,        12,         6,    18
2026.07.17,23:30        ,23:45       ,Olympia    ,        12,         9,    21
2026.07.17,23:45        ,00:00       ,Olympia    ,        10,         6,    16
2026.07.18,00:00        ,00:15       ,Olympia    ,         5,        12,    17
2026.07.18,00:15        ,00:30       ,Olympia    ,         4,         4,     8
2026.07.18,00:30        ,00:45       ,Olympia    ,         3,         9,    12
2026.07.18,00:45        ,01:00       ,Olympia    ,        10,         4,    14
2026.07.18,01:00        ,01:15       ,Olympia    ,         1,         6,     7
2026.07.18,01:15        ,01:30       ,Olympia    ,         3,         2,     5
2026.07.18,01:30        ,01:45       ,Olympia    ,         2,         0,     2
2026.07.18,01:45        ,02:00       ,Olympia    ,         3,         4,     7
2026.07.18,02:00        ,02:15       ,Olympia    ,         2,         0,     2
2026.07.18,02:15        ,02:30       ,Olympia    ,         2,         1,     3
2026.07.18,02:30        ,02:45       ,Olympia    ,         1,         1,     2
2026.07.18,02:45        ,03:00       ,Olympia    ,         0,         1,     1
2026.07.18,03:00        ,03:15       ,Olympia    ,         2,         0,     2
2026.07.18,03:15        ,03:30       ,Olympia    ,         0,         1,     1
2026.07.18,03:30        ,03:45       ,Olympia    ,         0,         1,     1
2026.07.18,03:45        ,04:00       ,Olympia    ,         0,         0,     0
2026.07.18,04:00        ,04:15       ,Olympia    ,         1,         2,     3
2026.07.18,04:15        ,04:30       ,Olympia    ,         0,         2,     2
2026.07.18,04:30        ,04:45       ,Olympia    ,         0,         0,     0
2026.07.18,04:45        ,05:00       ,Olympia    ,         0,         0,     0
2026.07.18,05:00        ,05:15       ,Olympia    ,         1,         0,     1
2026.07.18,05:15        ,05:30       ,Olympia    ,         0,         0,     0
2026.07.18,05:30        ,05:45       ,Olympia    ,         1,         2,     3
2026.07.18,05:45        ,06:00       ,Olympia    ,         2,         0,     2
2026.07.18,06:00        ,06:15       ,Olympia    ,         1,         3,     4
2026.07.18,06:15        ,06:30       ,Olympia    ,         3,         4,     7
2026.07.18,06:30        ,06:45       ,Olympia    ,         2,         3,     5
2026.07.18,06:45        ,07:00       ,Olympia    ,         0,         4,     4
2026.07.18,07:00        ,07:15       ,Olympia    ,         3,         3,     6
2026.07.18,07:15        ,07:30       ,Olympia    ,         1,         4,     5
2026.07.18,07:30        ,07:45       ,Olympia    ,         2,         3,     5
2026.07.18,07:45        ,08:00       ,Olympia    ,         5,        14,    19
2026.07.18,08:00        ,08:15       ,Olympia    ,         5,         3,     8
2026.07.18,08:15        ,08:30       ,Olympia    ,        12,        16,    28
2026.07.18,08:30        ,08:45       ,Olympia    ,        12,        12,    24
2026.07.18,08:45        ,09:00       ,Olympia    ,         4,        18,    22
2026.07.18,09:00        ,09:15       ,Olympia    ,        14,        16,    30
2026.07.18,09:15        ,09:30       ,Olympia    ,        10,         9,    19
2026.07.18,09:30        ,09:45       ,Olympia    ,        21,         8,    29
2026.07.18,09:45        ,10:00       ,Olympia    ,        18,        30,    48
2026.07.18,10:00        ,10:15       ,Olympia    ,        13,         9,    22
2026.07.18,10:15        ,10:30       ,Olympia    ,        31,        18,    49
2026.07.18,10:30        ,10:45       ,Olympia    ,        15,        28,    43
2026.07.18,10:45        ,11:00       ,Olympia    ,        17,        28,    45
2026.07.18,11:00        ,11:15       ,Olympia    ,        11,         4,    15
2026.07.18,11:15        ,11:30       ,Olympia    ,         5,         0,     5
2026.07.18,11:30        ,11:45       ,Olympia    ,         4,         1,     5
2026.07.18,11:45        ,12:00       ,Olympia    ,        11,         1,    12
2026.07.18,12:00        ,12:15       ,Olympia    ,         5,         1,     6
2026.07.18,12:15        ,12:30       ,Olympia    ,         0,         0,     0
2026.07.18,12:30        ,12:45       ,Olympia    ,         0,         0,     0
2026.07.18,12:45        ,13:00       ,Olympia    ,         0,         0,     0
2026.07.18,13:00        ,13:15       ,Olympia    ,         1,         0,     1
2026.07.18,13:15        ,13:30       ,Olympia    ,         2,         1,     3
2026.07.18,13:30        ,13:45       ,Olympia    ,         0,         3,     3
2026.07.18,13:45        ,14:00       ,Olympia    ,         0,         0,     0
2026.07.18,14:00        ,14:15       ,Olympia    ,         2,         1,     3
2026.07.18,14:15        ,14:30       ,Olympia    ,         0,         0,     0
2026.07.18,14:30        ,14:45       ,Olympia    ,         0,         0,     0
2026.07.18,14:45        ,15:00       ,Olympia    ,         0,         0,     0
2026.07.18,15:00        ,15:15       ,Olympia    ,         0,         0,     0
2026.07.18,15:15        ,15:30       ,Olympia    ,         4,         1,     5
2026.07.18,15:30        ,15:45       ,Olympia    ,         0,         0,     0
2026.07.18,15:45        ,16:00       ,Olympia    ,         0,         0,     0
2026.07.18,16:00        ,16:15       ,Olympia    ,         0,         0,     0
2026.07.18,16:15        ,16:30       ,Olympia    ,         0,         0,     0
2026.07.18,16:30        ,16:45       ,Olympia    ,         0,         0,     0
2026.07.18,16:45        ,17:00       ,Olympia    ,         0,         0,     0
2026.07.18,17:00        ,17:15       ,Olympia    ,         0,         0,     0
2026.07.18,17:15        ,17:30       ,Olympia    ,         0,         0,     0
2026.07.18,17:30        ,17:45       ,Olympia    ,         0,         2,     2
2026.07.18,17:45        ,18:00       ,Olympia    ,         0,         0,     0
2026.07.18,18:00        ,18:15       ,Olympia    ,         0,         0,     0
2026.07.18,18:15        ,18:30       ,Olympia    ,         1,         0,     1
2026.07.18,18:30        ,18:45       ,Olympia    ,         0,         0,     0
2026.07.18,18:45        ,19:00       ,Olympia    ,         0,         0,     0
2026.07.18,19:00        ,19:15       ,Olympia    ,         0,         0,     0
2026.07.18,19:15        ,19:30       ,Olympia    ,         0,         0,     0
2026.07.18,19:30        ,19:45       ,Olympia    ,         0,         0,     0
2026.07.18,19:45        ,20:00       ,Olympia    ,         0,         0,     0
2026.07.18,20:00        ,20:15       ,Olympia    ,         0,         0,     0
2026.07.18,20:15        ,20:30       ,Olympia    ,         0,         0,     0
2026.07.18,20:30        ,20:45       ,Olympia    ,         0,         0,     0
2026.07.18,20:45        ,21:00       ,Olympia    ,         0,         0,     0
2026.07.18,21:00        ,21:15       ,Olympia    ,         0,         0,     0
2026.07.18,21:15        ,21:30       ,Olympia    ,         1,         0,     1
2026.07.18,21:30        ,21:45       ,Olympia    ,         0,         0,     0
2026.07.18,21:45        ,22:00       ,Olympia    ,         0,         0,     0
2026.07.18,22:00        ,22:15       ,Olympia    ,         0,         0,     0
2026.07.18,22:15        ,22:30       ,Olympia    ,         0,         0,     0
2026.07.18,22:30        ,22:45       ,Olympia    ,         1,         0,     1
2026.07.18,22:45        ,23:00       ,Olympia    ,         1,         2,     3
2026.07.18,23:00        ,23:15       ,Olympia    ,         2,         7,     9
2026.07.18,23:15        ,23:30       ,Olympia    ,         5,        18,    23
2026.07.18,23:30        ,23:45       ,Olympia    ,        16,         8,    24
2026.07.18,23:45        ,00:00       ,Olympia    ,        10,        17,    27
2026.07.19,00:00        ,00:15       ,Olympia    ,        12,         3,    15
2026.07.19,00:15        ,00:30       ,Olympia    ,         2,         5,     7
2026.07.19,00:30        ,00:45       ,Olympia    ,         3,         2,     5
2026.07.19,00:45        ,01:00       ,Olympia    ,         4,         5,     9
2026.07.19,01:00        ,01:15       ,Olympia    ,         6,         6,    12
2026.07.19,01:15        ,01:30       ,Olympia    ,         2,         1,     3
2026.07.19,01:30        ,01:45       ,Olympia    ,         7,         3,    10
2026.07.19,01:45        ,02:00       ,Olympia    ,         6,         1,     7
2026.07.19,02:00        ,02:15       ,Olympia    ,         2,         3,     5
2026.07.19,02:15        ,02:30       ,Olympia    ,         0,         4,     4
2026.07.19,02:30        ,02:45       ,Olympia    ,         0,         0,     0
2026.07.19,02:45        ,03:00       ,Olympia    ,         1,         2,     3
2026.07.19,03:00        ,03:15       ,Olympia    ,         1,         0,     1
2026.07.19,03:15        ,03:30       ,Olympia    ,         0,         2,     2
2026.07.19,03:30        ,03:45       ,Olympia    ,         3,         0,     3
2026.07.19,03:45        ,04:00       ,Olympia    ,         0,         1,     1
2026.07.19,04:00        ,04:15       ,Olympia    ,         0,         0,     0
2026.07.19,04:15        ,04:30       ,Olympia    ,         4,         1,     5
2026.07.19,04:30        ,04:45       ,Olympia    ,         1,         3,     4
2026.07.19,04:45        ,05:00       ,Olympia    ,         1,         0,     1
2026.07.19,05:00        ,05:15       ,Olympia    ,         2,         1,     3
2026.07.19,05:15        ,05:30       ,Olympia    ,         1,         0,     1
2026.07.19,05:30        ,05:45       ,Olympia    ,         1,         2,     3
2026.07.19,05:45        ,06:00       ,Olympia    ,         1,         0,     1
2026.07.19,06:00        ,06:15       ,Olympia    ,         5,         2,     7
2026.07.19,06:15        ,06:30       ,Olympia    ,         1,         1,     2
2026.07.19,06:30        ,06:45       ,Olympia    ,         0,         1,     1
2026.07.19,06:45        ,07:00       ,Olympia    ,         2,         3,     5
2026.07.19,07:00        ,07:15       ,Olympia    ,         1,         3,     4
2026.07.19,07:15        ,07:30       ,Olympia    ,         1,         9,    10
2026.07.19,07:30        ,07:45       ,Olympia    ,         4,         8,    12
2026.07.19,07:45        ,08:00       ,Olympia    ,         3,         6,     9
2026.07.19,08:00        ,08:15       ,Olympia    ,         6,         7,    13
2026.07.19,08:15        ,08:30       ,Olympia    ,         1,         1,     2
2026.07.19,08:30        ,08:45       ,Olympia    ,         2,         2,     4
2026.07.19,08:45        ,09:00       ,Olympia    ,         4,         8,    12
2026.07.19,09:00        ,09:15       ,Olympia    ,        10,         7,    17
2026.07.19,09:15        ,09:30       ,Olympia    ,         7,        11,    18
2026.07.19,09:30        ,09:45       ,Olympia    ,         6,         4,    10
2026.07.19,09:45        ,10:00       ,Olympia    ,         8,        11,    19
2026.07.19,10:00        ,10:15       ,Olympia    ,         1,         7,     8
2026.07.19,10:15        ,10:30       ,Olympia    ,        14,         7,    21
2026.07.19,10:30        ,10:45       ,Olympia    ,         1,         9,    10
2026.07.19,10:45        ,11:00       ,Olympia    ,        10,         8,    18
2026.07.19,11:00        ,11:15       ,Olympia    ,         8,         6,    14
2026.07.19,11:15        ,11:30       ,Olympia    ,         6,        14,    20
2026.07.19,11:30        ,11:45       ,Olympia    ,        19,        15,    34
2026.07.19,11:45        ,12:00       ,Olympia    ,         9,         7,    16
2026.07.19,12:00        ,12:15       ,Olympia    ,        13,        19,    32
2026.07.19,12:15        ,12:30       ,Olympia    ,         9,        14,    23
2026.07.19,12:30        ,12:45       ,Olympia    ,        17,        15,    32
2026.07.19,12:45        ,13:00       ,Olympia    ,        19,        21,    40
2026.07.19,13:00        ,13:15       ,Olympia    ,        12,        23,    35
2026.07.19,13:15        ,13:30       ,Olympia    ,        16,        30,    46
2026.07.19,13:30        ,13:45       ,Olympia    ,        17,        12,    29
2026.07.19,13:45        ,14:00       ,Olympia    ,        23,        27,    50
2026.07.19,14:00        ,14:15       ,Olympia    ,        27,        37,    64
2026.07.19,14:15        ,14:30       ,Olympia    ,        37,        30,    67
2026.07.19,14:30        ,14:45       ,Olympia    ,        40,        37,    77
2026.07.19,14:45        ,15:00       ,Olympia    ,        29,        54,    83
2026.07.19,15:00        ,15:15       ,Olympia    ,        25,        34,    59
2026.07.19,15:15        ,15:30       ,Olympia    ,        38,        20,    58
2026.07.19,15:30        ,15:45       ,Olympia    ,        26,        27,    53
2026.07.19,15:45        ,16:00       ,Olympia    ,        32,        20,    52
2026.07.19,16:00        ,16:15       ,Olympia    ,        35,        17,    52
2026.07.19,16:15        ,16:30       ,Olympia    ,        47,        29,    76
2026.07.19,16:30        ,16:45       ,Olympia    ,        38,        41,    79
2026.07.19,16:45        ,17:00       ,Olympia    ,        44,        45,    89
2026.07.19,17:00        ,17:15       ,Olympia    ,        35,        37,    72
2026.07.19,17:15        ,17:30       ,Olympia    ,        27,        43,    70
2026.07.19,17:30        ,17:45       ,Olympia    ,        33,        44,    77
2026.07.19,17:45        ,18:00       ,Olympia    ,        33,        34,    67
2026.07.19,18:00        ,18:15       ,Olympia    ,        45,        43,    88
2026.07.19,18:15        ,18:30       ,Olympia    ,        42,        53,    95
2026.07.19,18:30        ,18:45       ,Olympia    ,        47,        34,    81
2026.07.19,18:45        ,19:00       ,Olympia    ,        35,        33,    68
2026.07.19,19:00        ,19:15       ,Olympia    ,        42,        33,    75
2026.07.19,19:15        ,19:30       ,Olympia    ,        42,        35,    77
2026.07.19,19:30        ,19:45       ,Olympia    ,        29,        26,    55
2026.07.19,19:45        ,20:00       ,Olympia    ,        30,        24,    54
2026.07.19,20:00        ,20:15       ,Olympia    ,        36,        31,    67
2026.07.19,20:15        ,20:30       ,Olympia    ,        41,        38,    79
2026.07.19,20:30        ,20:45       ,Olympia    ,        19,        32,    51
2026.07.19,20:45        ,21:00       ,Olympia    ,        41,        29,    70
2026.07.19,21:00        ,21:15       ,Olympia    ,        22,        24,    46
2026.07.19,21:15        ,21:30       ,Olympia    ,        20,        15,    35
2026.07.19,21:30        ,21:45       ,Olympia    ,         7,        10,    17
2026.07.19,21:45        ,22:00       ,Olympia    ,         6,        13,    19
2026.07.19,22:00        ,22:15       ,Olympia    ,         6,        17,    23
2026.07.19,22:15        ,22:30       ,Olympia    ,        13,        13,    26
2026.07.19,22:30        ,22:45       ,Olympia    ,         6,         6,    12
2026.07.19,22:45        ,23:00       ,Olympia    ,         1,         9,    10
2026.07.19,23:00        ,23:15       ,Olympia    ,         2,         3,     5
2026.07.19,23:15        ,23:30       ,Olympia    ,         7,         9,    16
2026.07.19,23:30        ,23:45       ,Olympia    ,         2,         8,    10
2026.07.19,23:45        ,00:00       ,Olympia    ,         2,         7,     9
2026.07.20,00:00        ,00:15       ,Olympia    ,        10,        29,    39
2026.07.20,00:15        ,00:30       ,Olympia    ,        10,        12,    22
2026.07.20,00:30        ,00:45       ,Olympia    ,         3,         5,     8
2026.07.20,00:45        ,01:00       ,Olympia    ,         1,         6,     7
2026.07.20,01:00        ,01:15       ,Olympia    ,         2,         5,     7
2026.07.20,01:15        ,01:30       ,Olympia    ,         1,         3,     4
2026.07.20,01:30        ,01:45       ,Olympia    ,         3,         2,     5
2026.07.20,01:45        ,02:00       ,Olympia    ,         0,         5,     5
2026.07.20,02:00        ,02:15       ,Olympia    ,         0,         0,     0
2026.07.20,02:15        ,02:30       ,Olympia    ,         1,         2,     3
2026.07.20,02:30        ,02:45       ,Olympia    ,         0,         0,     0
2026.07.20,02:45        ,03:00       ,Olympia    ,         0,         1,     1
2026.07.20,03:00        ,03:15       ,Olympia    ,         0,         0,     0
2026.07.20,03:15        ,03:30       ,Olympia    ,         1,         2,     3
2026.07.20,03:30        ,03:45       ,Olympia    ,         0,         0,     0
2026.07.20,03:45        ,04:00       ,Olympia    ,         0,         0,     0
2026.07.20,04:00        ,04:15       ,Olympia    ,         0,         0,     0
2026.07.20,04:15        ,04:30       ,Olympia    ,         1,         0,     1
2026.07.20,04:30        ,04:45       ,Olympia    ,         1,         1,     2
2026.07.20,04:45        ,05:00       ,Olympia    ,         0,         2,     2
2026.07.20,05:00        ,05:15       ,Olympia    ,         3,         1,     4
2026.07.20,05:15        ,05:30       ,Olympia    ,         1,         8,     9
2026.07.20,05:30        ,05:45       ,Olympia    ,         3,         8,    11
2026.07.20,05:45        ,06:00       ,Olympia    ,         7,         6,    13
2026.07.20,06:00        ,06:15       ,Olympia    ,         2,         6,     8
2026.07.20,06:15        ,06:30       ,Olympia    ,         6,         8,    14
2026.07.20,06:30        ,06:45       ,Olympia    ,        11,        14,    25
2026.07.20,06:45        ,07:00       ,Olympia    ,        11,        16,    27
2026.07.20,07:00        ,07:15       ,Olympia    ,        22,        24,    46
2026.07.20,07:15        ,07:30       ,Olympia    ,        26,        43,    69
2026.07.20,07:30        ,07:45       ,Olympia    ,        27,        36,    63
2026.07.20,07:45        ,08:00       ,Olympia    ,        53,        42,    95
2026.07.20,08:00        ,08:15       ,Olympia    ,        38,        34,    72
2026.07.20,08:15        ,08:30       ,Olympia    ,        40,        39,    79
2026.07.20,08:30        ,08:45       ,Olympia    ,        33,        40,    73
2026.07.20,08:45        ,09:00       ,Olympia    ,        35,        47,    82
2026.07.20,09:00        ,09:15       ,Olympia    ,        25,        24,    49
2026.07.20,09:15        ,09:30       ,Olympia    ,        24,        18,    42
2026.07.20,09:30        ,09:45       ,Olympia    ,        17,        16,    33
2026.07.20,09:45        ,10:00       ,Olympia    ,        16,        26,    42
2026.07.20,10:00        ,10:15       ,Olympia    ,        14,        12,    26
2026.07.20,10:15        ,10:30       ,Olympia    ,        18,        20,    38
2026.07.20,10:30        ,10:45       ,Olympia    ,        15,        17,    32
2026.07.20,10:45        ,11:00       ,Olympia    ,        13,        19,    32
2026.07.20,11:00        ,11:15       ,Olympia    ,        22,        18,    40
2026.07.20,11:15        ,11:30       ,Olympia    ,        19,        19,    38
2026.07.20,11:30        ,11:45       ,Olympia    ,        14,        16,    30
2026.07.20,11:45        ,12:00       ,Olympia    ,        11,        14,    25
2026.07.20,12:00        ,12:15       ,Olympia    ,        19,        13,    32
2026.07.20,12:15        ,12:30       ,Olympia    ,        35,        21,    56
2026.07.20,12:30        ,12:45       ,Olympia    ,        16,        15,    31
2026.07.20,12:45        ,13:00       ,Olympia    ,        26,        24,    50
2026.07.20,13:00        ,13:15       ,Olympia    ,        20,        14,    34
2026.07.20,13:15        ,13:30       ,Olympia    ,        12,        23,    35
2026.07.20,13:30        ,13:45       ,Olympia    ,        26,        14,    40
2026.07.20,13:45        ,14:00       ,Olympia    ,        12,        17,    29
2026.07.20,14:00        ,14:15       ,Olympia    ,        35,        18,    53
2026.07.20,14:15        ,14:30       ,Olympia    ,        21,        25,    46
2026.07.20,14:30        ,14:45       ,Olympia    ,        23,        32,    55
2026.07.20,14:45        ,15:00       ,Olympia    ,        26,        34,    60
2026.07.20,15:00        ,15:15       ,Olympia    ,        20,        26,    46
2026.07.20,15:15        ,15:30       ,Olympia    ,        26,        28,    54
2026.07.20,15:30        ,15:45       ,Olympia    ,        26,        40,    66
2026.07.20,15:45        ,16:00       ,Olympia    ,        30,        62,    92
2026.07.20,16:00        ,16:15       ,Olympia    ,        47,        41,    88
2026.07.20,16:15        ,16:30       ,Olympia    ,        38,        55,    93
2026.07.20,16:30        ,16:45       ,Olympia    ,        35,        60,    95
2026.07.20,16:45        ,17:00       ,Olympia    ,        35,        63,    98
2026.07.20,17:00        ,17:15       ,Olympia    ,        53,        61,   114
2026.07.20,17:15        ,17:30       ,Olympia    ,        54,        52,   106
2026.07.20,17:30        ,17:45       ,Olympia    ,        59,        56,   115
2026.07.20,17:45        ,18:00       ,Olympia    ,        54,        82,   136
2026.07.20,18:00        ,18:15       ,Olympia    ,        49,        56,   105
2026.07.20,18:15        ,18:30       ,Olympia    ,        68,        57,   125
2026.07.20,18:30        ,18:45       ,Olympia    ,        62,        57,   119
2026.07.20,18:45        ,19:00       ,Olympia    ,        62,        74,   136
2026.07.20,19:00        ,19:15       ,Olympia    ,        65,        43,   108
2026.07.20,19:15        ,19:30       ,Olympia    ,        56,        40,    96
2026.07.20,19:30        ,19:45       ,Olympia    ,        50,        36,    86
2026.07.20,19:45        ,20:00       ,Olympia    ,        50,        43,    93
2026.07.20,20:00        ,20:15       ,Olympia    ,        60,        54,   114
2026.07.20,20:15        ,20:30       ,Olympia    ,        37,        25,    62
2026.07.20,20:30        ,20:45       ,Olympia    ,        41,        30,    71
2026.07.20,20:45        ,21:00       ,Olympia    ,        43,        19,    62
2026.07.20,21:00        ,21:15       ,Olympia    ,        31,        21,    52
2026.07.20,21:15        ,21:30       ,Olympia    ,        36,        22,    58
2026.07.20,21:30        ,21:45       ,Olympia    ,        29,        19,    48
2026.07.20,21:45        ,22:00       ,Olympia    ,        20,         9,    29
2026.07.20,22:00        ,22:15       ,Olympia    ,        17,         7,    24
2026.07.20,22:15        ,22:30       ,Olympia    ,        13,        10,    23
2026.07.20,22:30        ,22:45       ,Olympia    ,        20,         5,    25
2026.07.20,22:45        ,23:00       ,Olympia    ,        12,         9,    21
2026.07.20,23:00        ,23:15       ,Olympia    ,        13,         2,    15
2026.07.20,23:15        ,23:30       ,Olympia    ,         1,         7,     8
2026.07.20,23:30        ,23:45       ,Olympia    ,         1,         3,     4
2026.07.20,23:45        ,00:00       ,Olympia    ,         5,         3,     8
2026.07.21,00:00        ,00:15       ,Olympia    ,         2,         6,     8
2026.07.21,00:15        ,00:30       ,Olympia    ,         0,         2,     2
2026.07.21,00:30        ,00:45       ,Olympia    ,         0,         3,     3
2026.07.21,00:45        ,01:00       ,Olympia    ,         0,         0,     0
2026.07.21,01:00        ,01:15       ,Olympia    ,         0,         1,     1
2026.07.21,01:15        ,01:30       ,Olympia    ,         0,         0,     0
2026.07.21,01:30        ,01:45       ,Olympia    ,         1,         0,     1
2026.07.21,01:45        ,02:00       ,Olympia    ,         0,         1,     1
2026.07.21,02:00        ,02:15       ,Olympia    ,         2,         0,     2
2026.07.21,02:15        ,02:30       ,Olympia    ,         0,         1,     1
2026.07.21,02:30        ,02:45       ,Olympia    ,         0,         0,     0
2026.07.21,02:45        ,03:00       ,Olympia    ,         0,         0,     0
2026.07.21,03:00        ,03:15       ,Olympia    ,         0,         1,     1
2026.07.21,03:15        ,03:30       ,Olympia    ,         0,         0,     0
2026.07.21,03:30        ,03:45       ,Olympia    ,         0,         0,     0
2026.07.21,03:45        ,04:00       ,Olympia    ,         0,         2,     2
2026.07.21,04:00        ,04:15       ,Olympia    ,         0,         1,     1
2026.07.21,04:15        ,04:30       ,Olympia    ,         1,         0,     1
2026.07.21,04:30        ,04:45       ,Olympia    ,         0,         0,     0
2026.07.21,04:45        ,05:00       ,Olympia    ,         1,         1,     2
2026.07.21,05:00        ,05:15       ,Olympia    ,         3,         2,     5
2026.07.21,05:15        ,05:30       ,Olympia    ,         0,         9,     9
2026.07.21,05:30        ,05:45       ,Olympia    ,         5,         5,    10
2026.07.21,05:45        ,06:00       ,Olympia    ,         5,         5,    10
2026.07.21,06:00        ,06:15       ,Olympia    ,         5,        11,    16
2026.07.21,06:15        ,06:30       ,Olympia    ,         8,         8,    16
2026.07.21,06:30        ,06:45       ,Olympia    ,         8,        21,    29
2026.07.21,06:45        ,07:00       ,Olympia    ,         9,        31,    40
2026.07.21,07:00        ,07:15       ,Olympia    ,        22,        29,    51
2026.07.21,07:15        ,07:30       ,Olympia    ,        31,        31,    62
2026.07.21,07:30        ,07:45       ,Olympia    ,        36,        41,    77
2026.07.21,07:45        ,08:00       ,Olympia    ,        62,        47,   109
2026.07.21,08:00        ,08:15       ,Olympia    ,        40,        47,    87
2026.07.21,08:15        ,08:30       ,Olympia    ,        59,        45,   104
2026.07.21,08:30        ,08:45       ,Olympia    ,        35,        50,    85
2026.07.21,08:45        ,09:00       ,Olympia    ,        42,        55,    97
2026.07.21,09:00        ,09:15       ,Olympia    ,        16,        35,    51
2026.07.21,09:15        ,09:30       ,Olympia    ,        45,        32,    77
2026.07.21,09:30        ,09:45       ,Olympia    ,        27,        34,    61
2026.07.21,09:45        ,10:00       ,Olympia    ,        25,        26,    51
2026.07.21,10:00        ,10:15       ,Olympia    ,        24,        21,    45
2026.07.21,10:15        ,10:30       ,Olympia    ,        19,        12,    31
2026.07.21,10:30        ,10:45       ,Olympia    ,        16,        22,    38
2026.07.21,10:45        ,11:00       ,Olympia    ,        29,        24,    53
2026.07.21,11:00        ,11:15       ,Olympia    ,        20,        21,    41
2026.07.21,11:15        ,11:30       ,Olympia    ,        24,        18,    42
2026.07.21,11:30        ,11:45       ,Olympia    ,        14,        16,    30
2026.07.21,11:45        ,12:00       ,Olympia    ,        22,        21,    43
2026.07.21,12:00        ,12:15       ,Olympia    ,        22,        16,    38
2026.07.21,12:15        ,12:30       ,Olympia    ,        24,        18,    42
2026.07.21,12:30        ,12:45       ,Olympia    ,        30,        25,    55
2026.07.21,12:45        ,13:00       ,Olympia    ,        21,        22,    43
2026.07.21,13:00        ,13:15       ,Olympia    ,        19,        19,    38
2026.07.21,13:15        ,13:30       ,Olympia    ,        30,        20,    50
2026.07.21,13:30        ,13:45       ,Olympia    ,        29,        21,    50
2026.07.21,13:45        ,14:00       ,Olympia    ,        35,        25,    60
2026.07.21,14:00        ,14:15       ,Olympia    ,        20,        23,    43
2026.07.21,14:15        ,14:30       ,Olympia    ,        27,        33,    60
2026.07.21,14:30        ,14:45       ,Olympia    ,        26,        28,    54
2026.07.21,14:45        ,15:00       ,Olympia    ,        19,        32,    51
2026.07.21,15:00        ,15:15       ,Olympia    ,        23,        25,    48
2026.07.21,15:15        ,15:30       ,Olympia    ,        35,        26,    61
2026.07.21,15:30        ,15:45       ,Olympia    ,        30,        36,    66
2026.07.21,15:45        ,16:00       ,Olympia    ,        35,        50,    85
2026.07.21,16:00        ,16:15       ,Olympia    ,        38,        41,    79
2026.07.21,16:15        ,16:30       ,Olympia    ,        46,        46,    92
2026.07.21,16:30        ,16:45       ,Olympia    ,        37,        42,    79
2026.07.21,16:45        ,17:00       ,Olympia    ,        52,        67,   119
2026.07.21,17:00        ,17:15       ,Olympia    ,        60,        42,   102
2026.07.21,17:15        ,17:30       ,Olympia    ,        53,        45,    98
2026.07.21,17:30        ,17:45       ,Olympia    ,        62,        62,   124
2026.07.21,17:45        ,18:00       ,Olympia    ,        59,        77,   136
2026.07.21,18:00        ,18:15       ,Olympia    ,        75,        72,   147
2026.07.21,18:15        ,18:30       ,Olympia    ,        78,        56,   134
2026.07.21,18:30        ,18:45       ,Olympia    ,        85,        59,   144
2026.07.21,18:45        ,19:00       ,Olympia    ,        54,        71,   125
2026.07.21,19:00        ,19:15       ,Olympia    ,        46,        52,    98
2026.07.21,19:15        ,19:30       ,Olympia    ,        41,        29,    70
2026.07.21,19:30        ,19:45       ,Olympia    ,        45,        44,    89
2026.07.21,19:45        ,20:00       ,Olympia    ,        37,        50,    87
2026.07.21,20:00        ,20:15       ,Olympia    ,        49,        24,    73
2026.07.21,20:15        ,20:30       ,Olympia    ,        51,        21,    72
2026.07.21,20:30        ,20:45       ,Olympia    ,        48,        39,    87
2026.07.21,20:45        ,21:00       ,Olympia    ,        31,        34,    65
2026.07.21,21:00        ,21:15       ,Olympia    ,        35,        27,    62
2026.07.21,21:15        ,21:30       ,Olympia    ,        35,        35,    70
2026.07.21,21:30        ,21:45       ,Olympia    ,        24,        12,    36
2026.07.21,21:45        ,22:00       ,Olympia    ,        13,        11,    24
2026.07.21,22:00        ,22:15       ,Olympia    ,        15,        24,    39
2026.07.21,22:15        ,22:30       ,Olympia    ,        15,         9,    24
2026.07.21,22:30        ,22:45       ,Olympia    ,        16,         9,    25
2026.07.21,22:45        ,23:00       ,Olympia    ,        11,        15,    26
2026.07.21,23:00        ,23:15       ,Olympia    ,         4,         4,     8
2026.07.21,23:15        ,23:30       ,Olympia    ,         5,         8,    13
2026.07.21,23:30        ,23:45       ,Olympia    ,        18,        13,    31
2026.07.21,23:45        ,00:00       ,Olympia    ,         8,         9,    17
2026.07.22,00:00        ,00:15       ,Olympia    ,         2,         1,     3
2026.07.22,00:15        ,00:30       ,Olympia    ,         2,         1,     3
2026.07.22,00:30        ,00:45       ,Olympia    ,         0,         1,     1
2026.07.22,00:45        ,01:00       ,Olympia    ,         1,         0,     1
2026.07.22,01:00        ,01:15       ,Olympia    ,         0,         0,     0
2026.07.22,01:15        ,01:30       ,Olympia    ,         0,         1,     1
2026.07.22,01:30        ,01:45       ,Olympia    ,         0,         0,     0
2026.07.22,01:45        ,02:00       ,Olympia    ,         0,         1,     1
2026.07.22,02:00        ,02:15       ,Olympia    ,         0,         0,     0
2026.07.22,02:15        ,02:30       ,Olympia    ,         0,         4,     4
2026.07.22,02:30        ,02:45       ,Olympia    ,         1,         0,     1
2026.07.22,02:45        ,03:00       ,Olympia    ,         0,         1,     1
2026.07.22,03:00        ,03:15       ,Olympia    ,         0,         0,     0
2026.07.22,03:15        ,03:30       ,Olympia    ,         0,         3,     3
2026.07.22,03:30        ,03:45       ,Olympia    ,         0,         0,     0
2026.07.22,03:45        ,04:00       ,Olympia    ,         0,         0,     0
2026.07.22,04:00        ,04:15       ,Olympia    ,         0,         0,     0
2026.07.22,04:15        ,04:30       ,Olympia    ,         0,         0,     0
2026.07.22,04:30        ,04:45       ,Olympia    ,         0,         0,     0
2026.07.22,04:45        ,05:00       ,Olympia    ,         0,         0,     0
2026.07.22,05:00        ,05:15       ,Olympia    ,         2,         3,     5
2026.07.22,05:15        ,05:30       ,Olympia    ,         5,         9,    14
2026.07.22,05:30        ,05:45       ,Olympia    ,         4,         5,     9
2026.07.22,05:45        ,06:00       ,Olympia    ,         3,         9,    12
2026.07.22,06:00        ,06:15       ,Olympia    ,         2,         5,     7
2026.07.22,06:15        ,06:30       ,Olympia    ,         9,        10,    19
2026.07.22,06:30        ,06:45       ,Olympia    ,         7,        22,    29
2026.07.22,06:45        ,07:00       ,Olympia    ,        10,        27,    37
2026.07.22,07:00        ,07:15       ,Olympia    ,        15,        34,    49
2026.07.22,07:15        ,07:30       ,Olympia    ,        27,        41,    68
2026.07.22,07:30        ,07:45       ,Olympia    ,        48,        40,    88
2026.07.22,07:45        ,08:00       ,Olympia    ,        41,        53,    94
2026.07.22,08:00        ,08:15       ,Olympia    ,        26,        56,    82
2026.07.22,08:15        ,08:30       ,Olympia    ,        32,        54,    86
2026.07.22,08:30        ,08:45       ,Olympia    ,        37,        51,    88
2026.07.22,08:45        ,09:00       ,Olympia    ,        28,        71,    99
2026.07.22,09:00        ,09:15       ,Olympia    ,        16,        34,    50
2026.07.22,09:15        ,09:30       ,Olympia    ,        12,        19,    31
2026.07.22,09:30        ,09:45       ,Olympia    ,         8,        24,    32
2026.07.22,09:45        ,10:00       ,Olympia    ,        12,        33,    45
2026.07.22,10:00        ,10:15       ,Olympia    ,        11,        11,    22
2026.07.22,10:15        ,10:30       ,Olympia    ,         8,        12,    20
2026.07.22,10:30        ,10:45       ,Olympia    ,        11,        17,    28
2026.07.22,10:45        ,11:00       ,Olympia    ,         4,        19,    23
2026.07.22,11:00        ,11:15       ,Olympia    ,        17,        16,    33
2026.07.22,11:15        ,11:30       ,Olympia    ,         7,        13,    20
2026.07.22,11:30        ,11:45       ,Olympia    ,         8,        14,    22
2026.07.22,11:45        ,12:00       ,Olympia    ,         6,        34,    40
2026.07.22,12:00        ,12:15       ,Olympia    ,         3,        10,    13
2026.07.22,12:15        ,12:30       ,Olympia    ,        14,        19,    33
2026.07.22,12:30        ,12:45       ,Olympia    ,         7,        22,    29
2026.07.22,12:45        ,13:00       ,Olympia    ,         5,        31,    36
2026.07.22,13:00        ,13:15       ,Olympia    ,         6,        14,    20
2026.07.22,13:15        ,13:30       ,Olympia    ,         8,        34,    42
2026.07.22,13:30        ,13:45       ,Olympia    ,         9,        16,    25
2026.07.22,13:45        ,14:00       ,Olympia    ,         9,        30,    39
2026.07.22,14:00        ,14:15       ,Olympia    ,        12,        47,    59
2026.07.22,14:15        ,14:30       ,Olympia    ,        17,        32,    49
2026.07.22,14:30        ,14:45       ,Olympia    ,        12,        29,    41
2026.07.22,14:45        ,15:00       ,Olympia    ,        19,        39,    58
2026.07.22,15:00        ,15:15       ,Olympia    ,        40,        40,    80
2026.07.22,15:15        ,15:30       ,Olympia    ,        43,        25,    68
2026.07.22,15:30        ,15:45       ,Olympia    ,        45,        51,    96
2026.07.22,15:45        ,16:00       ,Olympia    ,        31,        42,    73
2026.07.22,16:00        ,16:15       ,Olympia    ,        46,        43,    89
2026.07.22,16:15        ,16:30       ,Olympia    ,        39,        44,    83
2026.07.22,16:30        ,16:45       ,Olympia    ,        43,        67,   110
2026.07.22,16:45        ,17:00       ,Olympia    ,        54,        66,   120
2026.07.22,17:00        ,17:15       ,Olympia    ,        57,        42,    99
2026.07.22,17:15        ,17:30       ,Olympia    ,        68,        56,   124
2026.07.22,17:30        ,17:45       ,Olympia    ,        65,        47,   112
2026.07.22,17:45        ,18:00       ,Olympia    ,        66,        55,   121
2026.07.22,18:00        ,18:15       ,Olympia    ,        74,        71,   145
2026.07.22,18:15        ,18:30       ,Olympia    ,        83,        82,   165
2026.07.22,18:30        ,18:45       ,Olympia    ,        60,        90,   150
2026.07.22,18:45        ,19:00       ,Olympia    ,        60,        85,   145
2026.07.22,19:00        ,19:15       ,Olympia    ,        57,        57,   114
2026.07.22,19:15        ,19:30       ,Olympia    ,        52,        49,   101
2026.07.22,19:30        ,19:45       ,Olympia    ,        35,        37,    72
2026.07.22,19:45        ,20:00       ,Olympia    ,        28,        58,    86
2026.07.22,20:00        ,20:15       ,Olympia    ,        36,        51,    87
2026.07.22,20:15        ,20:30       ,Olympia    ,        49,        35,    84
2026.07.22,20:30        ,20:45       ,Olympia    ,        54,        28,    82
2026.07.22,20:45        ,21:00       ,Olympia    ,        61,        30,    91
2026.07.22,21:00        ,21:15       ,Olympia    ,        67,        24,    91
2026.07.22,21:15        ,21:30       ,Olympia    ,        57,        18,    75
2026.07.22,21:30        ,21:45       ,Olympia    ,        34,        12,    46
2026.07.22,21:45        ,22:00       ,Olympia    ,        33,        17,    50
2026.07.22,22:00        ,22:15       ,Olympia    ,        34,        24,    58
2026.07.22,22:15        ,22:30       ,Olympia    ,        23,        12,    35
2026.07.22,22:30        ,22:45       ,Olympia    ,        27,         5,    32
2026.07.22,22:45        ,23:00       ,Olympia    ,        17,         5,    22
2026.07.22,23:00        ,23:15       ,Olympia    ,         3,         7,    10
2026.07.22,23:15        ,23:30       ,Olympia    ,        13,         8,    21
2026.07.22,23:30        ,23:45       ,Olympia    ,         4,         2,     6
2026.07.22,23:45        ,00:00       ,Olympia    ,         7,         2,     9
2026.07.23,00:00        ,00:15       ,Olympia    ,         5,         1,     6
2026.07.23,00:15        ,00:30       ,Olympia    ,         0,         1,     1
2026.07.23,00:30        ,00:45       ,Olympia    ,         2,         3,     5
2026.07.23,00:45        ,01:00       ,Olympia    ,         2,         5,     7
2026.07.23,01:00        ,01:15       ,Olympia    ,         0,         1,     1
2026.07.23,01:15        ,01:30       ,Olympia    ,         0,         1,     1
2026.07.23,01:30        ,01:45       ,Olympia    ,         1,         0,     1
2026.07.23,01:45        ,02:00       ,Olympia    ,         2,         0,     2
2026.07.23,02:00        ,02:15       ,Olympia    ,         1,         0,     1
2026.07.23,02:15        ,02:30       ,Olympia    ,         2,         1,     3
2026.07.23,02:30        ,02:45       ,Olympia    ,         0,         1,     1
2026.07.23,02:45        ,03:00       ,Olympia    ,         0,         2,     2
2026.07.23,03:00        ,03:15       ,Olympia    ,         0,         0,     0
2026.07.23,03:15        ,03:30       ,Olympia    ,         0,         0,     0
2026.07.23,03:30        ,03:45       ,Olympia    ,         0,         0,     0
2026.07.23,03:45        ,04:00       ,Olympia    ,         0,         1,     1
2026.07.23,04:00        ,04:15       ,Olympia    ,         1,         0,     1
2026.07.23,04:15        ,04:30       ,Olympia    ,         1,         0,     1
2026.07.23,04:30        ,04:45       ,Olympia    ,         1,         0,     1
2026.07.23,04:45        ,05:00       ,Olympia    ,         0,         0,     0
2026.07.23,05:00        ,05:15       ,Olympia    ,         0,         2,     2
2026.07.23,05:15        ,05:30       ,Olympia    ,         1,        10,    11
2026.07.23,05:30        ,05:45       ,Olympia    ,         7,         2,     9
2026.07.23,05:45        ,06:00       ,Olympia    ,         2,         8,    10
2026.07.23,06:00        ,06:15       ,Olympia    ,         3,         1,     4
2026.07.23,06:15        ,06:30       ,Olympia    ,         8,         8,    16
2026.07.23,06:30        ,06:45       ,Olympia    ,         8,        11,    19
2026.07.23,06:45        ,07:00       ,Olympia    ,        16,        22,    38
2026.07.23,07:00        ,07:15       ,Olympia    ,        18,        25,    43
2026.07.23,07:15        ,07:30       ,Olympia    ,        24,        44,    68
2026.07.23,07:30        ,07:45       ,Olympia    ,        39,        40,    79
2026.07.23,07:45        ,08:00       ,Olympia    ,        61,        55,   116
2026.07.23,08:00        ,08:15       ,Olympia    ,        48,        47,    95
2026.07.23,08:15        ,08:30       ,Olympia    ,        50,        49,    99
2026.07.23,08:30        ,08:45       ,Olympia    ,        53,        51,   104
2026.07.23,08:45        ,09:00       ,Olympia    ,        26,        56,    82
2026.07.23,09:00        ,09:15       ,Olympia    ,        33,        29,    62
2026.07.23,09:15        ,09:30       ,Olympia    ,        29,        15,    44
2026.07.23,09:30        ,09:45       ,Olympia    ,        17,        23,    40
2026.07.23,09:45        ,10:00       ,Olympia    ,        21,        20,    41
2026.07.23,10:00        ,10:15       ,Olympia    ,        20,        15,    35
2026.07.23,10:15        ,10:30       ,Olympia    ,        19,        14,    33
2026.07.23,10:30        ,10:45       ,Olympia    ,        14,        14,    28
2026.07.23,10:45        ,11:00       ,Olympia    ,        21,        20,    41
2026.07.23,11:00        ,11:15       ,Olympia    ,        22,        18,    40
2026.07.23,11:15        ,11:30       ,Olympia    ,        17,        19,    36
2026.07.23,11:30        ,11:45       ,Olympia    ,        27,        15,    42
2026.07.23,11:45        ,12:00       ,Olympia    ,        14,        23,    37
2026.07.23,12:00        ,12:15       ,Olympia    ,        19,        12,    31
2026.07.23,12:15        ,12:30       ,Olympia    ,        23,        20,    43
2026.07.23,12:30        ,12:45       ,Olympia    ,        16,        20,    36
2026.07.23,12:45        ,13:00       ,Olympia    ,        18,        14,    32
2026.07.23,13:00        ,13:15       ,Olympia    ,        25,        23,    48
2026.07.23,13:15        ,13:30       ,Olympia    ,        29,        23,    52
2026.07.23,13:30        ,13:45       ,Olympia    ,        19,        22,    41
2026.07.23,13:45        ,14:00       ,Olympia    ,        28,        30,    58
2026.07.23,14:00        ,14:15       ,Olympia    ,        17,        28,    45
2026.07.23,14:15        ,14:30       ,Olympia    ,        28,        28,    56
2026.07.23,14:30        ,14:45       ,Olympia    ,        24,        32,    56
2026.07.23,14:45        ,15:00       ,Olympia    ,        21,        26,    47
2026.07.23,15:00        ,15:15       ,Olympia    ,        15,        28,    43
2026.07.23,15:15        ,15:30       ,Olympia    ,        42,        35,    77
2026.07.23,15:30        ,15:45       ,Olympia    ,        42,        32,    74
2026.07.23,15:45        ,16:00       ,Olympia    ,        31,        32,    63
2026.07.23,16:00        ,16:15       ,Olympia    ,        39,        41,    80
2026.07.23,16:15        ,16:30       ,Olympia    ,        39,        39,    78
2026.07.23,16:30        ,16:45       ,Olympia    ,        40,        54,    94
2026.07.23,16:45        ,17:00       ,Olympia    ,        67,        44,   111
2026.07.23,17:00        ,17:15       ,Olympia    ,        49,        48,    97
2026.07.23,17:15        ,17:30       ,Olympia    ,        44,        50,    94
2026.07.23,17:30        ,17:45       ,Olympia    ,        55,        73,   128
2026.07.23,17:45        ,18:00       ,Olympia    ,        67,        71,   138
2026.07.23,18:00        ,18:15       ,Olympia    ,        59,        62,   121
2026.07.23,18:15        ,18:30       ,Olympia    ,        62,        55,   117
2026.07.23,18:30        ,18:45       ,Olympia    ,        54,        58,   112
2026.07.23,18:45        ,19:00       ,Olympia    ,        61,        64,   125
2026.07.23,19:00        ,19:15       ,Olympia    ,        49,        41,    90
2026.07.23,19:15        ,19:30       ,Olympia    ,        49,        32,    81
2026.07.23,19:30        ,19:45       ,Olympia    ,        57,        34,    91
2026.07.23,19:45        ,20:00       ,Olympia    ,        47,        43,    90
2026.07.23,20:00        ,20:15       ,Olympia    ,        44,        31,    75
2026.07.23,20:15        ,20:30       ,Olympia    ,        68,        40,   108
2026.07.23,20:30        ,20:45       ,Olympia    ,        33,        20,    53
2026.07.23,20:45        ,21:00       ,Olympia    ,        23,        19,    42
2026.07.23,21:00        ,21:15       ,Olympia    ,        42,        24,    66
2026.07.23,21:15        ,21:30       ,Olympia    ,        35,        23,    58
2026.07.23,21:30        ,21:45       ,Olympia    ,        31,        12,    43
2026.07.23,21:45        ,22:00       ,Olympia    ,        18,        14,    32
2026.07.23,22:00        ,22:15       ,Olympia    ,        28,        16,    44
2026.07.23,22:15        ,22:30       ,Olympia    ,        13,        13,    26
2026.07.23,22:30        ,22:45       ,Olympia    ,         3,         7,    10
2026.07.23,22:45        ,23:00       ,Olympia    ,        10,         9,    19
2026.07.23,23:00        ,23:15       ,Olympia    ,         8,         4,    12
2026.07.23,23:15        ,23:30       ,Olympia    ,         9,         6,    15
2026.07.23,23:30        ,23:45       ,Olympia    ,         3,         3,     6
2026.07.23,23:45        ,00:00       ,Olympia    ,         6,         4,    10
2026.07.24,00:00        ,00:15       ,Olympia    ,        13,         4,    17
2026.07.24,00:15        ,00:30       ,Olympia    ,         3,         2,     5
2026.07.24,00:30        ,00:45       ,Olympia    ,         0,         4,     4
2026.07.24,00:45        ,01:00       ,Olympia    ,         0,         0,     0
2026.07.24,01:00        ,01:15       ,Olympia    ,         0,         1,     1
2026.07.24,01:15        ,01:30       ,Olympia    ,         1,         2,     3
2026.07.24,01:30        ,01:45       ,Olympia    ,         4,         1,     5
2026.07.24,01:45        ,02:00       ,Olympia    ,         0,         2,     2
2026.07.24,02:00        ,02:15       ,Olympia    ,         0,         0,     0
2026.07.24,02:15        ,02:30       ,Olympia    ,         0,         0,     0
2026.07.24,02:30        ,02:45       ,Olympia    ,         0,         2,     2
2026.07.24,02:45        ,03:00       ,Olympia    ,         0,         1,     1
2026.07.24,03:00        ,03:15       ,Olympia    ,         0,         0,     0
2026.07.24,03:15        ,03:30       ,Olympia    ,         0,         0,     0
2026.07.24,03:30        ,03:45       ,Olympia    ,         0,         0,     0
2026.07.24,03:45        ,04:00       ,Olympia    ,         0,         0,     0
2026.07.24,04:00        ,04:15       ,Olympia    ,         0,         0,     0
2026.07.24,04:15        ,04:30       ,Olympia    ,         1,         1,     2
2026.07.24,04:30        ,04:45       ,Olympia    ,         1,         0,     1
2026.07.24,04:45        ,05:00       ,Olympia    ,         0,         1,     1
2026.07.24,05:00        ,05:15       ,Olympia    ,         0,         2,     2
2026.07.24,05:15        ,05:30       ,Olympia    ,         0,         7,     7
2026.07.24,05:30        ,05:45       ,Olympia    ,         4,         2,     6
2026.07.24,05:45        ,06:00       ,Olympia    ,         5,         5,    10
2026.07.24,06:00        ,06:15       ,Olympia    ,         3,         7,    10
2026.07.24,06:15        ,06:30       ,Olympia    ,         8,         9,    17
2026.07.24,06:30        ,06:45       ,Olympia    ,         4,        18,    22
2026.07.24,06:45        ,07:00       ,Olympia    ,         8,        22,    30
2026.07.24,07:00        ,07:15       ,Olympia    ,        13,        21,    34
2026.07.24,07:15        ,07:30       ,Olympia    ,        22,        16,    38
2026.07.24,07:30        ,07:45       ,Olympia    ,        26,        35,    61
2026.07.24,07:45        ,08:00       ,Olympia    ,        44,        44,    88
2026.07.24,08:00        ,08:15       ,Olympia    ,        40,        29,    69
2026.07.24,08:15        ,08:30       ,Olympia    ,        33,        28,    61
2026.07.24,08:30        ,08:45       ,Olympia    ,        41,        27,    68
2026.07.24,08:45        ,09:00       ,Olympia    ,        30,        33,    63
2026.07.24,09:00        ,09:15       ,Olympia    ,        20,        20,    40
2026.07.24,09:15        ,09:30       ,Olympia    ,        27,        16,    43
2026.07.24,09:30        ,09:45       ,Olympia    ,        24,        11,    35
2026.07.24,09:45        ,10:00       ,Olympia    ,        15,        38,    53
2026.07.24,10:00        ,10:15       ,Olympia    ,        28,        26,    54
2026.07.24,10:15        ,10:30       ,Olympia    ,        25,        19,    44
2026.07.24,10:30        ,10:45       ,Olympia    ,        14,        12,    26
2026.07.24,10:45        ,11:00       ,Olympia    ,         8,        28,    36
2026.07.24,11:00        ,11:15       ,Olympia    ,        24,         8,    32
2026.07.24,11:15        ,11:30       ,Olympia    ,        19,        25,    44
2026.07.24,11:30        ,11:45       ,Olympia    ,        27,        23,    50
2026.07.24,11:45        ,12:00       ,Olympia    ,        23,        17,    40
2026.07.24,12:00        ,12:15       ,Olympia    ,        21,        18,    39
2026.07.24,12:15        ,12:30       ,Olympia    ,        21,        23,    44
2026.07.24,12:30        ,12:45       ,Olympia    ,        26,        17,    43
2026.07.24,12:45        ,13:00       ,Olympia    ,        26,        22,    48
2026.07.24,13:00        ,13:15       ,Olympia    ,        32,        23,    55
2026.07.24,13:15        ,13:30       ,Olympia    ,        14,        30,    44
2026.07.24,13:30        ,13:45       ,Olympia    ,        24,        24,    48
2026.07.24,13:45        ,14:00       ,Olympia    ,        24,        36,    60
2026.07.24,14:00        ,14:15       ,Olympia    ,        37,        29,    66
2026.07.24,14:15        ,14:30       ,Olympia    ,        33,        30,    63
2026.07.24,14:30        ,14:45       ,Olympia    ,        40,        43,    83
2026.07.24,14:45        ,15:00       ,Olympia    ,        30,        54,    84
2026.07.24,15:00        ,15:15       ,Olympia    ,        54,        38,    92
2026.07.24,15:15        ,15:30       ,Olympia    ,        36,        48,    84
2026.07.24,15:30        ,15:45       ,Olympia    ,        31,        48,    79
2026.07.24,15:45        ,16:00       ,Olympia    ,        49,        40,    89
2026.07.24,16:00        ,16:15       ,Olympia    ,        47,        49,    96
2026.07.24,16:15        ,16:30       ,Olympia    ,        43,        35,    78
2026.07.24,16:30        ,16:45       ,Olympia    ,        43,        55,    98
2026.07.24,16:45        ,17:00       ,Olympia    ,        54,        67,   121
2026.07.24,17:00        ,17:15       ,Olympia    ,        36,        42,    78
2026.07.24,17:15        ,17:30       ,Olympia    ,        40,        44,    84
2026.07.24,17:30        ,17:45       ,Olympia    ,        46,        58,   104
2026.07.24,17:45        ,18:00       ,Olympia    ,        58,        44,   102
2026.07.24,18:00        ,18:15       ,Olympia    ,        55,        48,   103
2026.07.24,18:15        ,18:30       ,Olympia    ,        42,        42,    84
2026.07.24,18:30        ,18:45       ,Olympia    ,        36,        46,    82
2026.07.24,18:45        ,19:00       ,Olympia    ,        44,        65,   109
2026.07.24,19:00        ,19:15       ,Olympia    ,        41,        35,    76
2026.07.24,19:15        ,19:30       ,Olympia    ,        38,        35,    73
2026.07.24,19:30        ,19:45       ,Olympia    ,        31,        31,    62
2026.07.24,19:45        ,20:00       ,Olympia    ,        25,        47,    72
2026.07.24,20:00        ,20:15       ,Olympia    ,        26,        34,    60
2026.07.24,20:15        ,20:30       ,Olympia    ,        50,        29,    79
2026.07.24,20:30        ,20:45       ,Olympia    ,        34,        24,    58
2026.07.24,20:45        ,21:00       ,Olympia    ,        51,        30,    81
2026.07.24,21:00        ,21:15       ,Olympia    ,        46,        27,    73
2026.07.24,21:15        ,21:30       ,Olympia    ,        51,        33,    84
2026.07.24,21:30        ,21:45       ,Olympia    ,        42,        10,    52
2026.07.24,21:45        ,22:00       ,Olympia    ,        27,        13,    40
2026.07.24,22:00        ,22:15       ,Olympia    ,        21,        14,    35
2026.07.24,22:15        ,22:30       ,Olympia    ,        15,        15,    30
2026.07.24,22:30        ,22:45       ,Olympia    ,         6,        11,    17
2026.07.24,22:45        ,23:00       ,Olympia    ,         3,        14,    17
2026.07.24,23:00        ,23:15       ,Olympia    ,        16,         6,    22
2026.07.24,23:15        ,23:30       ,Olympia    ,         3,        13,    16
2026.07.24,23:30        ,23:45       ,Olympia    ,        11,         7,    18
2026.07.24,23:45        ,00:00       ,Olympia    ,         4,        11,    15
2026.07.25,00:00        ,00:15       ,Olympia    ,         2,         5,     7
2026.07.25,00:15        ,00:30       ,Olympia    ,         4,         4,     8
2026.07.25,00:30        ,00:45       ,Olympia    ,         5,         7,    12
2026.07.25,00:45        ,01:00       ,Olympia    ,         1,         1,     2
2026.07.25,01:00        ,01:15       ,Olympia    ,         1,         4,     5
2026.07.25,01:15        ,01:30       ,Olympia    ,         2,         1,     3
2026.07.25,01:30        ,01:45       ,Olympia    ,         2,         2,     4
2026.07.25,01:45        ,02:00       ,Olympia    ,         6,         1,     7
2026.07.25,02:00        ,02:15       ,Olympia    ,         1,         1,     2
2026.07.25,02:15        ,02:30       ,Olympia    ,         1,         1,     2
2026.07.25,02:30        ,02:45       ,Olympia    ,         3,         1,     4
2026.07.25,02:45        ,03:00       ,Olympia    ,         0,         1,     1
2026.07.25,03:00        ,03:15       ,Olympia    ,         0,         1,     1
2026.07.25,03:15        ,03:30       ,Olympia    ,         1,         1,     2
2026.07.25,03:30        ,03:45       ,Olympia    ,         1,         1,     2
2026.07.25,03:45        ,04:00       ,Olympia    ,         0,         1,     1
2026.07.25,04:00        ,04:15       ,Olympia    ,         0,         0,     0
2026.07.25,04:15        ,04:30       ,Olympia    ,         0,         0,     0
2026.07.25,04:30        ,04:45       ,Olympia    ,         0,         0,     0
2026.07.25,04:45        ,05:00       ,Olympia    ,         0,         2,     2
2026.07.25,05:00        ,05:15       ,Olympia    ,         0,         0,     0
2026.07.25,05:15        ,05:30       ,Olympia    ,         0,         3,     3
2026.07.25,05:30        ,05:45       ,Olympia    ,         3,         2,     5
2026.07.25,05:45        ,06:00       ,Olympia    ,         1,         0,     1
2026.07.25,06:00        ,06:15       ,Olympia    ,         0,         0,     0
2026.07.25,06:15        ,06:30       ,Olympia    ,         2,         0,     2
2026.07.25,06:30        ,06:45       ,Olympia    ,         2,         2,     4
2026.07.25,06:45        ,07:00       ,Olympia    ,         5,         2,     7
2026.07.25,07:00        ,07:15       ,Olympia    ,         2,         9,    11
2026.07.25,07:15        ,07:30       ,Olympia    ,         1,         8,     9
2026.07.25,07:30        ,07:45       ,Olympia    ,         4,         9,    13
2026.07.25,07:45        ,08:00       ,Olympia    ,         3,        16,    19
2026.07.25,08:00        ,08:15       ,Olympia    ,         4,         7,    11
2026.07.25,08:15        ,08:30       ,Olympia    ,         8,        13,    21
2026.07.25,08:30        ,08:45       ,Olympia    ,        12,        13,    25
2026.07.25,08:45        ,09:00       ,Olympia    ,         5,        22,    27
2026.07.25,09:00        ,09:15       ,Olympia    ,        20,        15,    35
2026.07.25,09:15        ,09:30       ,Olympia    ,        30,        15,    45
2026.07.25,09:30        ,09:45       ,Olympia    ,        23,        17,    40
2026.07.25,09:45        ,10:00       ,Olympia    ,        18,        31,    49
2026.07.25,10:00        ,10:15       ,Olympia    ,        17,        28,    45
2026.07.25,10:15        ,10:30       ,Olympia    ,        22,        22,    44
2026.07.25,10:30        ,10:45       ,Olympia    ,        19,        24,    43
2026.07.25,10:45        ,11:00       ,Olympia    ,        24,        23,    47
2026.07.25,11:00        ,11:15       ,Olympia    ,        30,        27,    57
2026.07.25,11:15        ,11:30       ,Olympia    ,        39,        34,    73
2026.07.25,11:30        ,11:45       ,Olympia    ,        22,        28,    50
2026.07.25,11:45        ,12:00       ,Olympia    ,        26,        35,    61
2026.07.25,12:00        ,12:15       ,Olympia    ,        28,        27,    55
2026.07.25,12:15        ,12:30       ,Olympia    ,        34,        22,    56
2026.07.25,12:30        ,12:45       ,Olympia    ,        21,        25,    46
2026.07.25,12:45        ,13:00       ,Olympia    ,        36,        38,    74
2026.07.25,13:00        ,13:15       ,Olympia    ,        31,        32,    63
2026.07.25,13:15        ,13:30       ,Olympia    ,        21,        27,    48
2026.07.25,13:30        ,13:45       ,Olympia    ,        42,        14,    56
2026.07.25,13:45        ,14:00       ,Olympia    ,        30,        31,    61
2026.07.25,14:00        ,14:15       ,Olympia    ,        41,        25,    66
2026.07.25,14:15        ,14:30       ,Olympia    ,        28,        16,    44
2026.07.25,14:30        ,14:45       ,Olympia    ,        25,        29,    54
2026.07.25,14:45        ,15:00       ,Olympia    ,        31,        50,    81
2026.07.25,15:00        ,15:15       ,Olympia    ,        18,        47,    65
2026.07.25,15:15        ,15:30       ,Olympia    ,        25,        31,    56
2026.07.25,15:30        ,15:45       ,Olympia    ,        33,        26,    59
2026.07.25,15:45        ,16:00       ,Olympia    ,        27,        30,    57
2026.07.25,16:00        ,16:15       ,Olympia    ,        20,        23,    43
2026.07.25,16:15        ,16:30       ,Olympia    ,        30,        38,    68
2026.07.25,16:30        ,16:45       ,Olympia    ,        18,        19,    37
2026.07.25,16:45        ,17:00       ,Olympia    ,        27,        19,    46
2026.07.25,17:00        ,17:15       ,Olympia    ,        34,        30,    64
2026.07.25,17:15        ,17:30       ,Olympia    ,        41,        24,    65
2026.07.25,17:30        ,17:45       ,Olympia    ,        30,        35,    65
2026.07.25,17:45        ,18:00       ,Olympia    ,        30,        46,    76
2026.07.25,18:00        ,18:15       ,Olympia    ,        15,        16,    31
2026.07.25,18:15        ,18:30       ,Olympia    ,        48,        19,    67
2026.07.25,18:30        ,18:45       ,Olympia    ,        24,        26,    50
2026.07.25,18:45        ,19:00       ,Olympia    ,        28,        35,    63
2026.07.25,19:00        ,19:15       ,Olympia    ,        35,        19,    54
2026.07.25,19:15        ,19:30       ,Olympia    ,        30,        30,    60
2026.07.25,19:30        ,19:45       ,Olympia    ,        26,        32,    58
2026.07.25,19:45        ,20:00       ,Olympia    ,        34,        23,    57
2026.07.25,20:00        ,20:15       ,Olympia    ,        28,        17,    45
2026.07.25,20:15        ,20:30       ,Olympia    ,        28,        39,    67
2026.07.25,20:30        ,20:45       ,Olympia    ,        35,        23,    58
2026.07.25,20:45        ,21:00       ,Olympia    ,        15,        18,    33
2026.07.25,21:00        ,21:15       ,Olympia    ,        29,        38,    67
2026.07.25,21:15        ,21:30       ,Olympia    ,        25,        14,    39
2026.07.25,21:30        ,21:45       ,Olympia    ,        25,         9,    34
2026.07.25,21:45        ,22:00       ,Olympia    ,        10,        14,    24
2026.07.25,22:00        ,22:15       ,Olympia    ,        12,         8,    20
2026.07.25,22:15        ,22:30       ,Olympia    ,        11,        15,    26
2026.07.25,22:30        ,22:45       ,Olympia    ,         6,         8,    14
2026.07.25,22:45        ,23:00       ,Olympia    ,         9,         6,    15
2026.07.25,23:00        ,23:15       ,Olympia    ,         7,        12,    19
2026.07.25,23:15        ,23:30       ,Olympia    ,         8,         8,    16
2026.07.25,23:30        ,23:45       ,Olympia    ,        12,         5,    17
2026.07.25,23:45        ,00:00       ,Olympia    ,         7,         7,    14
2026.07.26,00:00        ,00:15       ,Olympia    ,         9,         5,    14
2026.07.26,00:15        ,00:30       ,Olympia    ,         7,         7,    14
2026.07.26,00:30        ,00:45       ,Olympia    ,         4,         6,    10
2026.07.26,00:45        ,01:00       ,Olympia    ,         7,         6,    13
2026.07.26,01:00        ,01:15       ,Olympia    ,         1,         6,     7
2026.07.26,01:15        ,01:30       ,Olympia    ,         3,         2,     5
2026.07.26,01:30        ,01:45       ,Olympia    ,         6,         2,     8
2026.07.26,01:45        ,02:00       ,Olympia    ,         0,         4,     4
2026.07.26,02:00        ,02:15       ,Olympia    ,         2,         3,     5
2026.07.26,02:15        ,02:30       ,Olympia    ,         0,         2,     2
2026.07.26,02:30        ,02:45       ,Olympia    ,         0,         0,     0
2026.07.26,02:45        ,03:00       ,Olympia    ,         0,         0,     0
2026.07.26,03:00        ,03:15       ,Olympia    ,         0,         1,     1
2026.07.26,03:15        ,03:30       ,Olympia    ,         1,         2,     3
2026.07.26,03:30        ,03:45       ,Olympia    ,         0,         2,     2
2026.07.26,03:45        ,04:00       ,Olympia    ,         0,         0,     0
2026.07.26,04:00        ,04:15       ,Olympia    ,         0,         0,     0
2026.07.26,04:15        ,04:30       ,Olympia    ,         1,         0,     1
2026.07.26,04:30        ,04:45       ,Olympia    ,         3,         0,     3
2026.07.26,04:45        ,05:00       ,Olympia    ,         0,         1,     1
2026.07.26,05:00        ,05:15       ,Olympia    ,         1,         0,     1
2026.07.26,05:15        ,05:30       ,Olympia    ,         0,         2,     2
2026.07.26,05:30        ,05:45       ,Olympia    ,         1,         1,     2
2026.07.26,05:45        ,06:00       ,Olympia    ,         1,         1,     2
2026.07.26,06:00        ,06:15       ,Olympia    ,         0,         0,     0
2026.07.26,06:15        ,06:30       ,Olympia    ,         1,         0,     1
2026.07.26,06:30        ,06:45       ,Olympia    ,         0,         1,     1
2026.07.26,06:45        ,07:00       ,Olympia    ,         0,         1,     1
2026.07.26,07:00        ,07:15       ,Olympia    ,         1,         3,     4
2026.07.26,07:15        ,07:30       ,Olympia    ,         2,         3,     5
2026.07.26,07:30        ,07:45       ,Olympia    ,         1,         5,     6
2026.07.26,07:45        ,08:00       ,Olympia    ,         2,        11,    13
2026.07.26,08:00        ,08:15       ,Olympia    ,         3,         3,     6
2026.07.26,08:15        ,08:30       ,Olympia    ,         0,         4,     4
2026.07.26,08:30        ,08:45       ,Olympia    ,         6,         7,    13
2026.07.26,08:45        ,09:00       ,Olympia    ,         2,        21,    23
2026.07.26,09:00        ,09:15       ,Olympia    ,        11,         6,    17
2026.07.26,09:15        ,09:30       ,Olympia    ,         8,        15,    23
2026.07.26,09:30        ,09:45       ,Olympia    ,         9,        10,    19
2026.07.26,09:45        ,10:00       ,Olympia    ,         9,        17,    26
2026.07.26,10:00        ,10:15       ,Olympia    ,        15,        20,    35
2026.07.26,10:15        ,10:30       ,Olympia    ,         9,        11,    20
2026.07.26,10:30        ,10:45       ,Olympia    ,        11,        20,    31
2026.07.26,10:45        ,11:00       ,Olympia    ,        20,         9,    29
2026.07.26,11:00        ,11:15       ,Olympia    ,        19,        19,    38
2026.07.26,11:15        ,11:30       ,Olympia    ,        17,        15,    32
2026.07.26,11:30        ,11:45       ,Olympia    ,        21,        34,    55
2026.07.26,11:45        ,12:00       ,Olympia    ,        15,        31,    46
2026.07.26,12:00        ,12:15       ,Olympia    ,        24,        17,    41
2026.07.26,12:15        ,12:30       ,Olympia    ,        21,        20,    41
2026.07.26,12:30        ,12:45       ,Olympia    ,        27,        31,    58
2026.07.26,12:45        ,13:00       ,Olympia    ,        24,        32,    56
2026.07.26,13:00        ,13:15       ,Olympia    ,        22,        18,    40
2026.07.26,13:15        ,13:30       ,Olympia    ,        14,        21,    35
2026.07.26,13:30        ,13:45       ,Olympia    ,        16,        28,    44
2026.07.26,13:45        ,14:00       ,Olympia    ,        45,        42,    87
2026.07.26,14:00        ,14:15       ,Olympia    ,        18,        25,    43
2026.07.26,14:15        ,14:30       ,Olympia    ,        28,        30,    58
2026.07.26,14:30        ,14:45       ,Olympia    ,        28,        31,    59
2026.07.26,14:45        ,15:00       ,Olympia    ,        38,        38,    76
2026.07.26,15:00        ,15:15       ,Olympia    ,        26,        33,    59
2026.07.26,15:15        ,15:30       ,Olympia    ,        30,        45,    75
2026.07.26,15:30        ,15:45       ,Olympia    ,        27,        18,    45
2026.07.26,15:45        ,16:00       ,Olympia    ,        29,        43,    72
2026.07.26,16:00        ,16:15       ,Olympia    ,        22,        26,    48
2026.07.26,16:15        ,16:30       ,Olympia    ,        29,        16,    45
2026.07.26,16:30        ,16:45       ,Olympia    ,        25,        43,    68
2026.07.26,16:45        ,17:00       ,Olympia    ,        52,        34,    86
2026.07.26,17:00        ,17:15       ,Olympia    ,        33,        36,    69
2026.07.26,17:15        ,17:30       ,Olympia    ,        45,        54,    99
2026.07.26,17:30        ,17:45       ,Olympia    ,        44,        38,    82
2026.07.26,17:45        ,18:00       ,Olympia    ,        29,        44,    73
2026.07.26,18:00        ,18:15       ,Olympia    ,        44,        31,    75
2026.07.26,18:15        ,18:30       ,Olympia    ,        39,        44,    83
2026.07.26,18:30        ,18:45       ,Olympia    ,        35,        27,    62
2026.07.26,18:45        ,19:00       ,Olympia    ,        34,        43,    77
2026.07.26,19:00        ,19:15       ,Olympia    ,        22,        29,    51
2026.07.26,19:15        ,19:30       ,Olympia    ,        32,        34,    66
2026.07.26,19:30        ,19:45       ,Olympia    ,        24,        23,    47
2026.07.26,19:45        ,20:00       ,Olympia    ,        34,        28,    62
2026.07.26,20:00        ,20:15       ,Olympia    ,        24,        26,    50
2026.07.26,20:15        ,20:30       ,Olympia    ,        26,        23,    49
2026.07.26,20:30        ,20:45       ,Olympia    ,        24,        27,    51
2026.07.26,20:45        ,21:00       ,Olympia    ,        27,        21,    48
2026.07.26,21:00        ,21:15       ,Olympia    ,        26,        17,    43
2026.07.26,21:15        ,21:30       ,Olympia    ,        20,        11,    31
2026.07.26,21:30        ,21:45       ,Olympia    ,        15,         2,    17
2026.07.26,21:45        ,22:00       ,Olympia    ,        12,        12,    24
2026.07.26,22:00        ,22:15       ,Olympia    ,        14,         5,    19
2026.07.26,22:15        ,22:30       ,Olympia    ,         3,         3,     6
2026.07.26,22:30        ,22:45       ,Olympia    ,         9,         6,    15
2026.07.26,22:45        ,23:00       ,Olympia    ,         5,         3,     8
2026.07.26,23:00        ,23:15       ,Olympia    ,         7,         5,    12
2026.07.26,23:15        ,23:30       ,Olympia    ,         3,         5,     8
2026.07.26,23:30        ,23:45       ,Olympia    ,         8,         2,    10
2026.07.26,23:45        ,00:00       ,Olympia    ,         1,         0,     1
2026.07.27,00:00        ,00:15       ,Olympia    ,         2,         1,     3
2026.07.27,00:15        ,00:30       ,Olympia    ,         2,         1,     3
2026.07.27,00:30        ,00:45       ,Olympia    ,         0,         2,     2
2026.07.27,00:45        ,01:00       ,Olympia    ,         1,         2,     3
2026.07.27,01:00        ,01:15       ,Olympia    ,         0,         0,     0
2026.07.27,01:15        ,01:30       ,Olympia    ,         0,         0,     0
2026.07.27,01:30        ,01:45       ,Olympia    ,         0,         3,     3
2026.07.27,01:45        ,02:00       ,Olympia    ,         1,         0,     1
2026.07.27,02:00        ,02:15       ,Olympia    ,         1,         3,     4
2026.07.27,02:15        ,02:30       ,Olympia    ,         0,         1,     1
2026.07.27,02:30        ,02:45       ,Olympia    ,         0,         0,     0
2026.07.27,02:45        ,03:00       ,Olympia    ,         0,         0,     0
2026.07.27,03:00        ,03:15       ,Olympia    ,         0,         0,     0
2026.07.27,03:15        ,03:30       ,Olympia    ,         0,         0,     0
2026.07.27,03:30        ,03:45       ,Olympia    ,         1,         2,     3
2026.07.27,03:45        ,04:00       ,Olympia    ,         0,         0,     0
2026.07.27,04:00        ,04:15       ,Olympia    ,         0,         0,     0
2026.07.27,04:15        ,04:30       ,Olympia    ,         0,         0,     0
2026.07.27,04:30        ,04:45       ,Olympia    ,         0,         1,     1
2026.07.27,04:45        ,05:00       ,Olympia    ,         0,         3,     3
2026.07.27,05:00        ,05:15       ,Olympia    ,         0,         2,     2
2026.07.27,05:15        ,05:30       ,Olympia    ,         1,         8,     9
2026.07.27,05:30        ,05:45       ,Olympia    ,         6,         9,    15
2026.07.27,05:45        ,06:00       ,Olympia    ,         6,         5,    11
2026.07.27,06:00        ,06:15       ,Olympia    ,         3,         4,     7
2026.07.27,06:15        ,06:30       ,Olympia    ,         5,         7,    12
2026.07.27,06:30        ,06:45       ,Olympia    ,         8,        15,    23
2026.07.27,06:45        ,07:00       ,Olympia    ,         7,        24,    31
2026.07.27,07:00        ,07:15       ,Olympia    ,        14,        12,    26
2026.07.27,07:15        ,07:30       ,Olympia    ,        26,        29,    55
2026.07.27,07:30        ,07:45       ,Olympia    ,        31,        42,    73
2026.07.27,07:45        ,08:00       ,Olympia    ,        41,        34,    75
2026.07.27,08:00        ,08:15       ,Olympia    ,        25,        30,    55
2026.07.27,08:15        ,08:30       ,Olympia    ,        27,        42,    69
2026.07.27,08:30        ,08:45       ,Olympia    ,        24,        31,    55
2026.07.27,08:45        ,09:00       ,Olympia    ,        18,        19,    37
2026.07.27,09:00        ,09:15       ,Olympia    ,        12,        13,    25
2026.07.27,09:15        ,09:30       ,Olympia    ,         5,         7,    12
2026.07.27,09:30        ,09:45       ,Olympia    ,         6,        10,    16
2026.07.27,09:45        ,10:00       ,Olympia    ,         2,         7,     9
2026.07.27,10:00        ,10:15       ,Olympia    ,         2,         7,     9
2026.07.27,10:15        ,10:30       ,Olympia    ,         3,         7,    10
2026.07.27,10:30        ,10:45       ,Olympia    ,         0,         5,     5
2026.07.27,10:45        ,11:00       ,Olympia    ,         4,         9,    13
2026.07.27,11:00        ,11:15       ,Olympia    ,         4,         9,    13
2026.07.27,11:15        ,11:30       ,Olympia    ,         3,         7,    10
2026.07.27,11:30        ,11:45       ,Olympia    ,         7,        11,    18
2026.07.27,11:45        ,12:00       ,Olympia    ,         6,         9,    15
2026.07.27,12:00        ,12:15       ,Olympia    ,         7,        14,    21
2026.07.27,12:15        ,12:30       ,Olympia    ,         5,        14,    19
2026.07.27,12:30        ,12:45       ,Olympia    ,         6,        10,    16
2026.07.27,12:45        ,13:00       ,Olympia    ,        13,        10,    23
2026.07.27,13:00        ,13:15       ,Olympia    ,         7,        19,    26
2026.07.27,13:15        ,13:30       ,Olympia    ,         9,        14,    23
2026.07.27,13:30        ,13:45       ,Olympia    ,         8,        10,    18
2026.07.27,13:45        ,14:00       ,Olympia    ,        17,        10,    27
2026.07.27,14:00        ,14:15       ,Olympia    ,         9,        17,    26
2026.07.27,14:15        ,14:30       ,Olympia    ,        13,        17,    30
2026.07.27,14:30        ,14:45       ,Olympia    ,        19,        23,    42
2026.07.27,14:45        ,15:00       ,Olympia    ,         9,        10,    19
2026.07.27,15:00        ,15:15       ,Olympia    ,        15,        27,    42
2026.07.27,15:15        ,15:30       ,Olympia    ,        20,        27,    47
2026.07.27,15:30        ,15:45       ,Olympia    ,        13,        27,    40
2026.07.27,15:45        ,16:00       ,Olympia    ,        18,        45,    63
2026.07.27,16:00        ,16:15       ,Olympia    ,        24,        31,    55
2026.07.27,16:15        ,16:30       ,Olympia    ,        20,        33,    53
2026.07.27,16:30        ,16:45       ,Olympia    ,        31,        36,    67
2026.07.27,16:45        ,17:00       ,Olympia    ,        28,        48,    76
2026.07.27,17:00        ,17:15       ,Olympia    ,        27,        33,    60
2026.07.27,17:15        ,17:30       ,Olympia    ,        36,        42,    78
2026.07.27,17:30        ,17:45       ,Olympia    ,        37,        44,    81
2026.07.27,17:45        ,18:00       ,Olympia    ,        37,        53,    90
2026.07.27,18:00        ,18:15       ,Olympia    ,        43,        51,    94
2026.07.27,18:15        ,18:30       ,Olympia    ,        35,        48,    83
2026.07.27,18:30        ,18:45       ,Olympia    ,        50,        44,    94
2026.07.27,18:45        ,19:00       ,Olympia    ,        58,        65,   123
2026.07.27,19:00        ,19:15       ,Olympia    ,        33,        24,    57
2026.07.27,19:15        ,19:30       ,Olympia    ,        38,        26,    64
2026.07.27,19:30        ,19:45       ,Olympia    ,        27,        26,    53
2026.07.27,19:45        ,20:00       ,Olympia    ,        29,        34,    63
2026.07.27,20:00        ,20:15       ,Olympia    ,        45,        24,    69
2026.07.27,20:15        ,20:30       ,Olympia    ,        27,        21,    48
2026.07.27,20:30        ,20:45       ,Olympia    ,        39,        18,    57
2026.07.27,20:45        ,21:00       ,Olympia    ,        16,        30,    46
2026.07.27,21:00        ,21:15       ,Olympia    ,        22,        22,    44
2026.07.27,21:15        ,21:30       ,Olympia    ,        28,        13,    41
2026.07.27,21:30        ,21:45       ,Olympia    ,        13,         7,    20
2026.07.27,21:45        ,22:00       ,Olympia    ,        16,         7,    23
2026.07.27,22:00        ,22:15       ,Olympia    ,        16,         6,    22
2026.07.27,22:15        ,22:30       ,Olympia    ,        14,         2,    16
2026.07.27,22:30        ,22:45       ,Olympia    ,        11,         8,    19
2026.07.27,22:45        ,23:00       ,Olympia    ,         8,        12,    20
2026.07.27,23:00        ,23:15       ,Olympia    ,         5,         4,     9
2026.07.27,23:15        ,23:30       ,Olympia    ,        10,         3,    13
2026.07.27,23:30        ,23:45       ,Olympia    ,         2,        11,    13
2026.07.27,23:45        ,00:00       ,Olympia    ,         8,         5,    13
2026.07.28,00:00        ,00:15       ,Olympia    ,         1,         5,     6
2026.07.28,00:15        ,00:30       ,Olympia    ,         2,         4,     6
2026.07.28,00:30        ,00:45       ,Olympia    ,         2,         3,     5
2026.07.28,00:45        ,01:00       ,Olympia    ,         0,         0,     0
2026.07.28,01:00        ,01:15       ,Olympia    ,         0,         6,     6
2026.07.28,01:15        ,01:30       ,Olympia    ,         0,         2,     2
2026.07.28,01:30        ,01:45       ,Olympia    ,         1,         3,     4
2026.07.28,01:45        ,02:00       ,Olympia    ,         0,         1,     1
2026.07.28,02:00        ,02:15       ,Olympia    ,         1,         0,     1
2026.07.28,02:15        ,02:30       ,Olympia    ,         0,         0,     0
2026.07.28,02:30        ,02:45       ,Olympia    ,         1,         4,     5
2026.07.28,02:45        ,03:00       ,Olympia    ,         0,         1,     1
2026.07.28,03:00        ,03:15       ,Olympia    ,         0,         1,     1
2026.07.28,03:15        ,03:30       ,Olympia    ,         0,         0,     0
2026.07.28,03:30        ,03:45       ,Olympia    ,         0,         0,     0
2026.07.28,03:45        ,04:00       ,Olympia    ,         0,         0,     0
2026.07.28,04:00        ,04:15       ,Olympia    ,         0,         0,     0
2026.07.28,04:15        ,04:30       ,Olympia    ,         0,         0,     0
2026.07.28,04:30        ,04:45       ,Olympia    ,         1,         0,     1
2026.07.28,04:45        ,05:00       ,Olympia    ,         0,         2,     2
2026.07.28,05:00        ,05:15       ,Olympia    ,         1,         3,     4
2026.07.28,05:15        ,05:30       ,Olympia    ,         1,         9,    10
2026.07.28,05:30        ,05:45       ,Olympia    ,         6,         5,    11
2026.07.28,05:45        ,06:00       ,Olympia    ,         4,         7,    11
2026.07.28,06:00        ,06:15       ,Olympia    ,         9,         6,    15
2026.07.28,06:15        ,06:30       ,Olympia    ,         4,        10,    14
2026.07.28,06:30        ,06:45       ,Olympia    ,         6,        16,    22
2026.07.28,06:45        ,07:00       ,Olympia    ,         8,        29,    37
2026.07.28,07:00        ,07:15       ,Olympia    ,        22,        28,    50
2026.07.28,07:15        ,07:30       ,Olympia    ,        27,        44,    71
2026.07.28,07:30        ,07:45       ,Olympia    ,        43,        59,   102
2026.07.28,07:45        ,08:00       ,Olympia    ,        48,        55,   103
2026.07.28,08:00        ,08:15       ,Olympia    ,        42,        58,   100
2026.07.28,08:15        ,08:30       ,Olympia    ,        23,        48,    71
2026.07.28,08:30        ,08:45       ,Olympia    ,        29,        48,    77
2026.07.28,08:45        ,09:00       ,Olympia    ,        30,        58,    88
2026.07.28,09:00        ,09:15       ,Olympia    ,        18,        29,    47
2026.07.28,09:15        ,09:30       ,Olympia    ,        17,        28,    45
2026.07.28,09:30        ,09:45       ,Olympia    ,         9,        21,    30
2026.07.28,09:45        ,10:00       ,Olympia    ,        14,        29,    43
2026.07.28,10:00        ,10:15       ,Olympia    ,        11,        13,    24
2026.07.28,10:15        ,10:30       ,Olympia    ,        20,        20,    40
2026.07.28,10:30        ,10:45       ,Olympia    ,        11,        13,    24
2026.07.28,10:45        ,11:00       ,Olympia    ,        12,        20,    32
2026.07.28,11:00        ,11:15       ,Olympia    ,         8,        14,    22
2026.07.28,11:15        ,11:30       ,Olympia    ,        11,        14,    25
2026.07.28,11:30        ,11:45       ,Olympia    ,        13,        16,    29
2026.07.28,11:45        ,12:00       ,Olympia    ,        10,        24,    34
2026.07.28,12:00        ,12:15       ,Olympia    ,        10,        22,    32
2026.07.28,12:15        ,12:30       ,Olympia    ,        19,        17,    36
2026.07.28,12:30        ,12:45       ,Olympia    ,        18,         7,    25
2026.07.28,12:45        ,13:00       ,Olympia    ,         9,        17,    26
2026.07.28,13:00        ,13:15       ,Olympia    ,        19,        15,    34
2026.07.28,13:15        ,13:30       ,Olympia    ,        10,        20,    30
2026.07.28,13:30        ,13:45       ,Olympia    ,        19,        21,    40
2026.07.28,13:45        ,14:00       ,Olympia    ,        23,        25,    48
2026.07.28,14:00        ,14:15       ,Olympia    ,        15,        29,    44
2026.07.28,14:15        ,14:30       ,Olympia    ,        12,        21,    33
2026.07.28,14:30        ,14:45       ,Olympia    ,        15,        13,    28
2026.07.28,14:45        ,15:00       ,Olympia    ,        17,        26,    43
2026.07.28,15:00        ,15:15       ,Olympia    ,        22,        24,    46
2026.07.28,15:15        ,15:30       ,Olympia    ,        23,        29,    52
2026.07.28,15:30        ,15:45       ,Olympia    ,        19,        34,    53
2026.07.28,15:45        ,16:00       ,Olympia    ,        23,        49,    72
2026.07.28,16:00        ,16:15       ,Olympia    ,        14,        39,    53
2026.07.28,16:15        ,16:30       ,Olympia    ,        22,        41,    63
2026.07.28,16:30        ,16:45       ,Olympia    ,        34,        45,    79
2026.07.28,16:45        ,17:00       ,Olympia    ,        46,        46,    92
2026.07.28,17:00        ,17:15       ,Olympia    ,        28,        42,    70
2026.07.28,17:15        ,17:30       ,Olympia    ,        33,        37,    70
2026.07.28,17:30        ,17:45       ,Olympia    ,        37,        61,    98
2026.07.28,17:45        ,18:00       ,Olympia    ,        38,        81,   119
2026.07.28,18:00        ,18:15       ,Olympia    ,        34,        72,   106
2026.07.28,18:15        ,18:30       ,Olympia    ,        50,        48,    98
2026.07.28,18:30        ,18:45       ,Olympia    ,        42,        42,    84
2026.07.28,18:45        ,19:00       ,Olympia    ,        49,        59,   108
2026.07.28,19:00        ,19:15       ,Olympia    ,        23,        45,    68
2026.07.28,19:15        ,19:30       ,Olympia    ,        34,        31,    65
2026.07.28,19:30        ,19:45       ,Olympia    ,        28,        34,    62
2026.07.28,19:45        ,20:00       ,Olympia    ,        29,        67,    96
2026.07.28,20:00        ,20:15       ,Olympia    ,        35,        33,    68
2026.07.28,20:15        ,20:30       ,Olympia    ,        42,        30,    72
2026.07.28,20:30        ,20:45       ,Olympia    ,        57,        52,   109
2026.07.28,20:45        ,21:00       ,Olympia    ,        31,        68,    99
2026.07.28,21:00        ,21:15       ,Olympia    ,        33,        36,    69
2026.07.28,21:15        ,21:30       ,Olympia    ,        33,        22,    55
2026.07.28,21:30        ,21:45       ,Olympia    ,        20,        24,    44
2026.07.28,21:45        ,22:00       ,Olympia    ,        30,        10,    40
2026.07.28,22:00        ,22:15       ,Olympia    ,        13,        12,    25
2026.07.28,22:15        ,22:30       ,Olympia    ,        12,         4,    16
2026.07.28,22:30        ,22:45       ,Olympia    ,        13,         2,    15
2026.07.28,22:45        ,23:00       ,Olympia    ,        11,         9,    20
2026.07.28,23:00        ,23:15       ,Olympia    ,         9,        13,    22
2026.07.28,23:15        ,23:30       ,Olympia    ,        68,        10,    78
2026.07.28,23:30        ,23:45       ,Olympia    ,        13,         6,    19
2026.07.28,23:45        ,00:00       ,Olympia    ,         4,         5,     9
2026.07.29,00:00        ,00:15       ,Olympia    ,         4,         3,     7
2026.07.29,00:15        ,00:30       ,Olympia    ,         1,         0,     1
2026.07.29,00:30        ,00:45       ,Olympia    ,         0,         4,     4
2026.07.29,00:45        ,01:00       ,Olympia    ,         1,         1,     2
2026.07.29,01:00        ,01:15       ,Olympia    ,         1,         6,     7
2026.07.29,01:15        ,01:30       ,Olympia    ,         4,         3,     7
2026.07.29,01:30        ,01:45       ,Olympia    ,         1,         4,     5
2026.07.29,01:45        ,02:00       ,Olympia    ,         0,         0,     0
2026.07.29,02:00        ,02:15       ,Olympia    ,         0,         0,     0
2026.07.29,02:15        ,02:30       ,Olympia    ,         2,         0,     2
2026.07.29,02:30        ,02:45       ,Olympia    ,         1,         0,     1
2026.07.29,02:45        ,03:00       ,Olympia    ,         0,         0,     0
2026.07.29,03:00        ,03:15       ,Olympia    ,         0,         1,     1
2026.07.29,03:15        ,03:30       ,Olympia    ,         2,         2,     4
2026.07.29,03:30        ,03:45       ,Olympia    ,         0,         0,     0
2026.07.29,03:45        ,04:00       ,Olympia    ,         0,         1,     1
2026.07.29,04:00        ,04:15       ,Olympia    ,         0,         1,     1
2026.07.29,04:15        ,04:30       ,Olympia    ,         0,         0,     0
2026.07.29,04:30        ,04:45       ,Olympia    ,         1,         2,     3
2026.07.29,04:45        ,05:00       ,Olympia    ,         0,         0,     0
2026.07.29,05:00        ,05:15       ,Olympia    ,         2,         5,     7
2026.07.29,05:15        ,05:30       ,Olympia    ,         1,         2,     3
2026.07.29,05:30        ,05:45       ,Olympia    ,         5,         9,    14
2026.07.29,05:45        ,06:00       ,Olympia    ,         1,         5,     6
2026.07.29,06:00        ,06:15       ,Olympia    ,         6,        12,    18
2026.07.29,06:15        ,06:30       ,Olympia    ,         5,        12,    17
2026.07.29,06:30        ,06:45       ,Olympia    ,         9,        19,    28
2026.07.29,06:45        ,07:00       ,Olympia    ,        10,        26,    36
2026.07.29,07:00        ,07:15       ,Olympia    ,        20,        35,    55
2026.07.29,07:15        ,07:30       ,Olympia    ,        32,        31,    63
2026.07.29,07:30        ,07:45       ,Olympia    ,        38,        42,    80
2026.07.29,07:45        ,08:00       ,Olympia    ,        62,        41,   103
2026.07.29,08:00        ,08:15       ,Olympia    ,        43,        46,    89
2026.07.29,08:15        ,08:30       ,Olympia    ,        44,        54,    98
2026.07.29,08:30        ,08:45       ,Olympia    ,        43,        49,    92
2026.07.29,08:45        ,09:00       ,Olympia    ,        30,        49,    79
2026.07.29,09:00        ,09:15       ,Olympia    ,        17,        30,    47
2026.07.29,09:15        ,09:30       ,Olympia    ,        21,        30,    51
2026.07.29,09:30        ,09:45       ,Olympia    ,        32,        14,    46
2026.07.29,09:45        ,10:00       ,Olympia    ,        20,        23,    43
2026.07.29,10:00        ,10:15       ,Olympia    ,        11,         7,    18
2026.07.29,10:15        ,10:30       ,Olympia    ,        18,        40,    58
2026.07.29,10:30        ,10:45       ,Olympia    ,        12,        21,    33
2026.07.29,10:45        ,11:00       ,Olympia    ,        11,        18,    29
2026.07.29,11:00        ,11:15       ,Olympia    ,        10,        16,    26
2026.07.29,11:15        ,11:30       ,Olympia    ,        13,        17,    30
2026.07.29,11:30        ,11:45       ,Olympia    ,        33,        15,    48
2026.07.29,11:45        ,12:00       ,Olympia    ,         7,        19,    26
2026.07.29,12:00        ,12:15       ,Olympia    ,        16,        19,    35
2026.07.29,12:15        ,12:30       ,Olympia    ,        27,        14,    41
2026.07.29,12:30        ,12:45       ,Olympia    ,        24,        27,    51
2026.07.29,12:45        ,13:00       ,Olympia    ,        18,        22,    40
2026.07.29,13:00        ,13:15       ,Olympia    ,        17,        18,    35
2026.07.29,13:15        ,13:30       ,Olympia    ,        18,        22,    40
2026.07.29,13:30        ,13:45       ,Olympia    ,        17,        19,    36
2026.07.29,13:45        ,14:00       ,Olympia    ,        22,        12,    34
2026.07.29,14:00        ,14:15       ,Olympia    ,        16,        20,    36
2026.07.29,14:15        ,14:30       ,Olympia    ,        25,        17,    42
2026.07.29,14:30        ,14:45       ,Olympia    ,        13,        25,    38
2026.07.29,14:45        ,15:00       ,Olympia    ,        20,        23,    43
2026.07.29,15:00        ,15:15       ,Olympia    ,        21,        25,    46
2026.07.29,15:15        ,15:30       ,Olympia    ,        23,        24,    47
2026.07.29,15:30        ,15:45       ,Olympia    ,        27,        28,    55
2026.07.29,15:45        ,16:00       ,Olympia    ,        25,        37,    62
2026.07.29,16:00        ,16:15       ,Olympia    ,        23,        33,    56
2026.07.29,16:15        ,16:30       ,Olympia    ,        32,        33,    65
2026.07.29,16:30        ,16:45       ,Olympia    ,        35,        33,    68
2026.07.29,16:45        ,17:00       ,Olympia    ,        37,        43,    80
2026.07.29,17:00        ,17:15       ,Olympia    ,        33,        33,    66
2026.07.29,17:15        ,17:30       ,Olympia    ,        49,        25,    74
2026.07.29,17:30        ,17:45       ,Olympia    ,        62,        31,    93
2026.07.29,17:45        ,18:00       ,Olympia    ,        53,        55,   108
2026.07.29,18:00        ,18:15       ,Olympia    ,        51,        49,   100
2026.07.29,18:15        ,18:30       ,Olympia    ,        54,        42,    96
2026.07.29,18:30        ,18:45       ,Olympia    ,        51,        51,   102
2026.07.29,18:45        ,19:00       ,Olympia    ,        62,        61,   123
2026.07.29,19:00        ,19:15       ,Olympia    ,        28,        36,    64
2026.07.29,19:15        ,19:30       ,Olympia    ,        41,        31,    72
2026.07.29,19:30        ,19:45       ,Olympia    ,        34,        42,    76
2026.07.29,19:45        ,20:00       ,Olympia    ,        38,        27,    65
2026.07.29,20:00        ,20:15       ,Olympia    ,        23,        30,    53
2026.07.29,20:15        ,20:30       ,Olympia    ,        41,        31,    72
2026.07.29,20:30        ,20:45       ,Olympia    ,        27,        24,    51
2026.07.29,20:45        ,21:00       ,Olympia    ,        42,        42,    84
2026.07.29,21:00        ,21:15       ,Olympia    ,        40,        36,    76
2026.07.29,21:15        ,21:30       ,Olympia    ,        44,        22,    66
2026.07.29,21:30        ,21:45       ,Olympia    ,        35,        15,    50
2026.07.29,21:45        ,22:00       ,Olympia    ,        30,        23,    53
2026.07.29,22:00        ,22:15       ,Olympia    ,        29,        16,    45
2026.07.29,22:15        ,22:30       ,Olympia    ,        15,        10,    25
2026.07.29,22:30        ,22:45       ,Olympia    ,        26,        10,    36
2026.07.29,22:45        ,23:00       ,Olympia    ,        16,        11,    27
2026.07.29,23:00        ,23:15       ,Olympia    ,        11,         7,    18
2026.07.29,23:15        ,23:30       ,Olympia    ,         5,         8,    13
2026.07.29,23:30        ,23:45       ,Olympia    ,         3,         5,     8
2026.07.29,23:45        ,00:00       ,Olympia    ,         9,         6,    15
2026.07.30,00:00        ,00:15       ,Olympia    ,         9,         6,    15
2026.07.30,00:15        ,00:30       ,Olympia    ,        12,         3,    15
2026.07.30,00:30        ,00:45       ,Olympia    ,         2,         2,     4
2026.07.30,00:45        ,01:00       ,Olympia    ,         5,         1,     6
2026.07.30,01:00        ,01:15       ,Olympia    ,         1,         1,     2
2026.07.30,01:15        ,01:30       ,Olympia    ,         0,         3,     3
2026.07.30,01:30        ,01:45       ,Olympia    ,         0,         2,     2
2026.07.30,01:45        ,02:00       ,Olympia    ,         1,         1,     2
2026.07.30,02:00        ,02:15       ,Olympia    ,         0,         0,     0
2026.07.30,02:15        ,02:30       ,Olympia    ,         0,         1,     1
2026.07.30,02:30        ,02:45       ,Olympia    ,         1,         1,     2
2026.07.30,02:45        ,03:00       ,Olympia    ,         0,         0,     0
2026.07.30,03:00        ,03:15       ,Olympia    ,         0,         0,     0
2026.07.30,03:15        ,03:30       ,Olympia    ,         0,         0,     0
2026.07.30,03:30        ,03:45       ,Olympia    ,         0,         1,     1
2026.07.30,03:45        ,04:00       ,Olympia    ,         0,         0,     0
2026.07.30,04:00        ,04:15       ,Olympia    ,         0,         1,     1
2026.07.30,04:15        ,04:30       ,Olympia    ,         1,         0,     1
2026.07.30,04:30        ,04:45       ,Olympia    ,         0,         0,     0
2026.07.30,04:45        ,05:00       ,Olympia    ,         1,         4,     5
2026.07.30,05:00        ,05:15       ,Olympia    ,         1,         1,     2
2026.07.30,05:15        ,05:30       ,Olympia    ,         2,         9,    11
2026.07.30,05:30        ,05:45       ,Olympia    ,         5,         9,    14
2026.07.30,05:45        ,06:00       ,Olympia    ,         3,         6,     9
2026.07.30,06:00        ,06:15       ,Olympia    ,         8,         5,    13
2026.07.30,06:15        ,06:30       ,Olympia    ,         7,         8,    15
2026.07.30,06:30        ,06:45       ,Olympia    ,         3,        12,    15
2026.07.30,06:45        ,07:00       ,Olympia    ,        10,        23,    33
2026.07.30,07:00        ,07:15       ,Olympia    ,        18,        31,    49
2026.07.30,07:15        ,07:30       ,Olympia    ,        21,        31,    52
2026.07.30,07:30        ,07:45       ,Olympia    ,        40,        40,    80
2026.07.30,07:45        ,08:00       ,Olympia    ,        52,        67,   119
2026.07.30,08:00        ,08:15       ,Olympia    ,        40,        49,    89
2026.07.30,08:15        ,08:30       ,Olympia    ,        40,        69,   109
2026.07.30,08:30        ,08:45       ,Olympia    ,        40,        49,    89
2026.07.30,08:45        ,09:00       ,Olympia    ,        46,        69,   115
2026.07.30,09:00        ,09:15       ,Olympia    ,        21,        27,    48
2026.07.30,09:15        ,09:30       ,Olympia    ,        23,        20,    43
2026.07.30,09:30        ,09:45       ,Olympia    ,        18,        20,    38
2026.07.30,09:45        ,10:00       ,Olympia    ,        19,        17,    36
2026.07.30,10:00        ,10:15       ,Olympia    ,         8,        21,    29
2026.07.30,10:15        ,10:30       ,Olympia    ,        18,        17,    35
2026.07.30,10:30        ,10:45       ,Olympia    ,        17,        15,    32
2026.07.30,10:45        ,11:00       ,Olympia    ,        12,        19,    31
2026.07.30,11:00        ,11:15       ,Olympia    ,        19,        12,    31
2026.07.30,11:15        ,11:30       ,Olympia    ,        15,        17,    32
2026.07.30,11:30        ,11:45       ,Olympia    ,        15,        18,    33
2026.07.30,11:45        ,12:00       ,Olympia    ,        28,        11,    39
2026.07.30,12:00        ,12:15       ,Olympia    ,        40,        17,    57
2026.07.30,12:15        ,12:30       ,Olympia    ,        34,        17,    51
2026.07.30,12:30        ,12:45       ,Olympia    ,        20,        22,    42
2026.07.30,12:45        ,13:00       ,Olympia    ,        18,        15,    33
2026.07.30,13:00        ,13:15       ,Olympia    ,        18,        19,    37
2026.07.30,13:15        ,13:30       ,Olympia    ,        15,        24,    39
2026.07.30,13:30        ,13:45       ,Olympia    ,        21,        17,    38
2026.07.30,13:45        ,14:00       ,Olympia    ,        19,        29,    48
2026.07.30,14:00        ,14:15       ,Olympia    ,        22,        14,    36
2026.07.30,14:15        ,14:30       ,Olympia    ,        20,        17,    37
2026.07.30,14:30        ,14:45       ,Olympia    ,        22,        15,    37
2026.07.30,14:45        ,15:00       ,Olympia    ,        12,        21,    33
2026.07.30,15:00        ,15:15       ,Olympia    ,        27,        32,    59
2026.07.30,15:15        ,15:30       ,Olympia    ,        18,        17,    35
2026.07.30,15:30        ,15:45       ,Olympia    ,        21,        31,    52
2026.07.30,15:45        ,16:00       ,Olympia    ,        26,        37,    63
2026.07.30,16:00        ,16:15       ,Olympia    ,        30,        23,    53
2026.07.30,16:15        ,16:30       ,Olympia    ,        36,        38,    74
2026.07.30,16:30        ,16:45       ,Olympia    ,        42,        34,    76
2026.07.30,16:45        ,17:00       ,Olympia    ,        37,        44,    81
2026.07.30,17:00        ,17:15       ,Olympia    ,        47,        15,    62
2026.07.30,17:15        ,17:30       ,Olympia    ,        45,        44,    89
2026.07.30,17:30        ,17:45       ,Olympia    ,        53,        39,    92
2026.07.30,17:45        ,18:00       ,Olympia    ,        69,        55,   124
2026.07.30,18:00        ,18:15       ,Olympia    ,        36,        61,    97
2026.07.30,18:15        ,18:30       ,Olympia    ,        49,        39,    88
2026.07.30,18:30        ,18:45       ,Olympia    ,        37,        38,    75
2026.07.30,18:45        ,19:00       ,Olympia    ,        34,        55,    89
2026.07.30,19:00        ,19:15       ,Olympia    ,        29,        42,    71
2026.07.30,19:15        ,19:30       ,Olympia    ,        35,        39,    74
2026.07.30,19:30        ,19:45       ,Olympia    ,        34,        40,    74
2026.07.30,19:45        ,20:00       ,Olympia    ,        35,        39,    74
2026.07.30,20:00        ,20:15       ,Olympia    ,        44,        27,    71
2026.07.30,20:15        ,20:30       ,Olympia    ,        36,        55,    91
2026.07.30,20:30        ,20:45       ,Olympia    ,        38,        32,    70
2026.07.30,20:45        ,21:00       ,Olympia    ,        33,        34,    67
2026.07.30,21:00        ,21:15       ,Olympia    ,        35,        31,    66
2026.07.30,21:15        ,21:30       ,Olympia    ,        48,        19,    67
2026.07.30,21:30        ,21:45       ,Olympia    ,        57,        25,    82
2026.07.30,21:45        ,22:00       ,Olympia    ,        20,        22,    42
2026.07.30,22:00        ,22:15       ,Olympia    ,        14,        18,    32
2026.07.30,22:15        ,22:30       ,Olympia    ,        18,        12,    30
2026.07.30,22:30        ,22:45       ,Olympia    ,        10,         8,    18
2026.07.30,22:45        ,23:00       ,Olympia    ,        22,        10,    32
2026.07.30,23:00        ,23:15       ,Olympia    ,        33,        12,    45
2026.07.30,23:15        ,23:30       ,Olympia    ,         5,        14,    19
2026.07.30,23:30        ,23:45       ,Olympia    ,         4,        11,    15
2026.07.30,23:45        ,00:00       ,Olympia    ,         7,         5,    12
2026.07.31,00:00        ,00:15       ,Olympia    ,         2,         5,     7
2026.07.31,00:15        ,00:30       ,Olympia    ,         3,         3,     6
2026.07.31,00:30        ,00:45       ,Olympia    ,         0,         5,     5
2026.07.31,00:45        ,01:00       ,Olympia    ,         4,         1,     5
2026.07.31,01:00        ,01:15       ,Olympia    ,         1,         1,     2
2026.07.31,01:15        ,01:30       ,Olympia    ,         0,         0,     0
2026.07.31,01:30        ,01:45       ,Olympia    ,         1,         1,     2
2026.07.31,01:45        ,02:00       ,Olympia    ,         2,         3,     5
2026.07.31,02:00        ,02:15       ,Olympia    ,         1,         0,     1
2026.07.31,02:15        ,02:30       ,Olympia    ,         1,         3,     4
2026.07.31,02:30        ,02:45       ,Olympia    ,         1,         0,     1
2026.07.31,02:45        ,03:00       ,Olympia    ,         0,         1,     1
2026.07.31,03:00        ,03:15       ,Olympia    ,         0,         4,     4
2026.07.31,03:15        ,03:30       ,Olympia    ,         3,         0,     3
2026.07.31,03:30        ,03:45       ,Olympia    ,         0,         0,     0
2026.07.31,03:45        ,04:00       ,Olympia    ,         0,         0,     0
2026.07.31,04:00        ,04:15       ,Olympia    ,         0,         0,     0
2026.07.31,04:15        ,04:30       ,Olympia    ,         0,         0,     0
2026.07.31,04:30        ,04:45       ,Olympia    ,         2,         0,     2
2026.07.31,04:45        ,05:00       ,Olympia    ,         2,         0,     2
2026.07.31,05:00        ,05:15       ,Olympia    ,         1,         1,     2
2026.07.31,05:15        ,05:30       ,Olympia    ,         3,         7,    10
2026.07.31,05:30        ,05:45       ,Olympia    ,         5,         8,    13
2026.07.31,05:45        ,06:00       ,Olympia    ,         2,         8,    10
2026.07.31,06:00        ,06:15       ,Olympia    ,         1,         4,     5
2026.07.31,06:15        ,06:30       ,Olympia    ,         4,         4,     8
2026.07.31,06:30        ,06:45       ,Olympia    ,         9,        17,    26
2026.07.31,06:45        ,07:00       ,Olympia    ,        10,        19,    29
2026.07.31,07:00        ,07:15       ,Olympia    ,        12,        22,    34
2026.07.31,07:15        ,07:30       ,Olympia    ,        13,        32,    45
2026.07.31,07:30        ,07:45       ,Olympia    ,        34,        28,    62
2026.07.31,07:45        ,08:00       ,Olympia    ,        31,        36,    67
2026.07.31,08:00        ,08:15       ,Olympia    ,        35,        26,    61
2026.07.31,08:15        ,08:30       ,Olympia    ,        31,        32,    63
2026.07.31,08:30        ,08:45       ,Olympia    ,        36,        23,    59
2026.07.31,08:45        ,09:00       ,Olympia    ,        32,        45,    77
2026.07.31,09:00        ,09:15       ,Olympia    ,        24,        23,    47
2026.07.31,09:15        ,09:30       ,Olympia    ,        24,        31,    55
2026.07.31,09:30        ,09:45       ,Olympia    ,        21,        18,    39
2026.07.31,09:45        ,10:00       ,Olympia    ,        11,        26,    37
2026.07.31,10:00        ,10:15       ,Olympia    ,        22,        16,    38
2026.07.31,10:15        ,10:30       ,Olympia    ,        27,        15,    42
2026.07.31,10:30        ,10:45       ,Olympia    ,        14,        15,    29
2026.07.31,10:45        ,11:00       ,Olympia    ,        14,        15,    29
2026.07.31,11:00        ,11:15       ,Olympia    ,        28,        17,    45
2026.07.31,11:15        ,11:30       ,Olympia    ,        17,        21,    38
2026.07.31,11:30        ,11:45       ,Olympia    ,        24,        20,    44
2026.07.31,11:45        ,12:00       ,Olympia    ,        20,        18,    38
2026.07.31,12:00        ,12:15       ,Olympia    ,        17,        13,    30
2026.07.31,12:15        ,12:30       ,Olympia    ,        14,        21,    35
2026.07.31,12:30        ,12:45       ,Olympia    ,        31,        22,    53
2026.07.31,12:45        ,13:00       ,Olympia    ,        20,        21,    41
2026.07.31,13:00        ,13:15       ,Olympia    ,        14,        16,    30
2026.07.31,13:15        ,13:30       ,Olympia    ,        16,        27,    43
2026.07.31,13:30        ,13:45       ,Olympia    ,        24,        21,    45
2026.07.31,13:45        ,14:00       ,Olympia    ,        29,        24,    53
2026.07.31,14:00        ,14:15       ,Olympia    ,        18,        25,    43
2026.07.31,14:15        ,14:30       ,Olympia    ,        22,        37,    59
2026.07.31,14:30        ,14:45       ,Olympia    ,        24,        15,    39
2026.07.31,14:45        ,15:00       ,Olympia    ,        25,        28,    53
2026.07.31,15:00        ,15:15       ,Olympia    ,        42,        27,    69
2026.07.31,15:15        ,15:30       ,Olympia    ,        18,        33,    51
2026.07.31,15:30        ,15:45       ,Olympia    ,        23,        30,    53
2026.07.31,15:45        ,16:00       ,Olympia    ,        29,        33,    62
2026.07.31,16:00        ,16:15       ,Olympia    ,        25,        28,    53
2026.07.31,16:15        ,16:30       ,Olympia    ,        29,        22,    51
2026.07.31,16:30        ,16:45       ,Olympia    ,        30,        38,    68
2026.07.31,16:45        ,17:00       ,Olympia    ,        23,        36,    59
2026.07.31,17:00        ,17:15       ,Olympia    ,        35,        31,    66
2026.07.31,17:15        ,17:30       ,Olympia    ,        44,        43,    87
2026.07.31,17:30        ,17:45       ,Olympia    ,        27,        34,    61
2026.07.31,17:45        ,18:00       ,Olympia    ,        22,        39,    61
2026.07.31,18:00        ,18:15       ,Olympia    ,        33,        24,    57
2026.07.31,18:15        ,18:30       ,Olympia    ,        50,        45,    95
2026.07.31,18:30        ,18:45       ,Olympia    ,        34,        38,    72
2026.07.31,18:45        ,19:00       ,Olympia    ,        28,        50,    78
2026.07.31,19:00        ,19:15       ,Olympia    ,        30,        35,    65
2026.07.31,19:15        ,19:30       ,Olympia    ,        51,        30,    81
2026.07.31,19:30        ,19:45       ,Olympia    ,        28,        31,    59
2026.07.31,19:45        ,20:00       ,Olympia    ,        44,        17,    61
2026.07.31,20:00        ,20:15       ,Olympia    ,        41,        23,    64
2026.07.31,20:15        ,20:30       ,Olympia    ,        11,        11,    22
2026.07.31,20:30        ,20:45       ,Olympia    ,        16,        14,    30
2026.07.31,20:45        ,21:00       ,Olympia    ,        22,        11,    33
2026.07.31,21:00        ,21:15       ,Olympia    ,        11,         9,    20
2026.07.31,21:15        ,21:30       ,Olympia    ,        20,        11,    31
2026.07.31,21:30        ,21:45       ,Olympia    ,        15,         4,    19
2026.07.31,21:45        ,22:00       ,Olympia    ,        14,         3,    17
2026.07.31,22:00        ,22:15       ,Olympia    ,        13,        12,    25
2026.07.31,22:15        ,22:30       ,Olympia    ,        18,         7,    25
2026.07.31,22:30        ,22:45       ,Olympia    ,        25,         6,    31
2026.07.31,22:45        ,23:00       ,Olympia    ,        13,         4,    17
2026.07.31,23:00        ,23:15       ,Olympia    ,         8,         6,    14
2026.07.31,23:15        ,23:30       ,Olympia    ,         6,         2,     8
2026.07.31,23:30        ,23:45       ,Olympia    ,         5,         3,     8
2026.07.31,23:45        ,00:00       ,Olympia    ,         5,         9,    14
2026.07.01,00:00        ,00:15       ,Hirsch     ,         1,         0,     1
2026.07.01,00:15        ,00:30       ,Hirsch     ,         0,         2,     2
2026.07.01,00:30        ,00:45       ,Hirsch     ,         0,         0,     0
2026.07.01,00:45        ,01:00       ,Hirsch     ,         2,         0,     2
2026.07.01,01:00        ,01:15       ,Hirsch     ,         5,         0,     5
2026.07.01,01:15        ,01:30       ,Hirsch     ,         0,         0,     0
2026.07.01,01:30        ,01:45       ,Hirsch     ,         0,         0,     0
2026.07.01,01:45        ,02:00       ,Hirsch     ,         1,         0,     1
2026.07.01,02:00        ,02:15       ,Hirsch     ,         2,         0,     2
2026.07.01,02:15        ,02:30       ,Hirsch     ,         0,         0,     0
2026.07.01,02:30        ,02:45       ,Hirsch     ,         0,         0,     0
2026.07.01,02:45        ,03:00       ,Hirsch     ,         1,         0,     1
2026.07.01,03:00        ,03:15       ,Hirsch     ,         0,         0,     0
2026.07.01,03:15        ,03:30       ,Hirsch     ,         0,         0,     0
2026.07.01,03:30        ,03:45       ,Hirsch     ,         0,         0,     0
2026.07.01,03:45        ,04:00       ,Hirsch     ,         0,         0,     0
2026.07.01,04:00        ,04:15       ,Hirsch     ,         0,         0,     0
2026.07.01,04:15        ,04:30       ,Hirsch     ,         0,         0,     0
2026.07.01,04:30        ,04:45       ,Hirsch     ,         0,         0,     0
2026.07.01,04:45        ,05:00       ,Hirsch     ,         0,         0,     0
2026.07.01,05:00        ,05:15       ,Hirsch     ,         0,         2,     2
2026.07.01,05:15        ,05:30       ,Hirsch     ,         1,         2,     3
2026.07.01,05:30        ,05:45       ,Hirsch     ,         2,         5,     7
2026.07.01,05:45        ,06:00       ,Hirsch     ,         1,         7,     8
2026.07.01,06:00        ,06:15       ,Hirsch     ,         2,         2,     4
2026.07.01,06:15        ,06:30       ,Hirsch     ,         0,        17,    17
2026.07.01,06:30        ,06:45       ,Hirsch     ,         9,        23,    32
2026.07.01,06:45        ,07:00       ,Hirsch     ,         3,        19,    22
2026.07.01,07:00        ,07:15       ,Hirsch     ,         2,        31,    33
2026.07.01,07:15        ,07:30       ,Hirsch     ,        11,        34,    45
2026.07.01,07:30        ,07:45       ,Hirsch     ,         7,        54,    61
2026.07.01,07:45        ,08:00       ,Hirsch     ,        12,        69,    81
2026.07.01,08:00        ,08:15       ,Hirsch     ,         9,        78,    87
2026.07.01,08:15        ,08:30       ,Hirsch     ,        11,        94,   105
2026.07.01,08:30        ,08:45       ,Hirsch     ,        13,        66,    79
2026.07.01,08:45        ,09:00       ,Hirsch     ,         5,        50,    55
2026.07.01,09:00        ,09:15       ,Hirsch     ,         9,        31,    40
2026.07.01,09:15        ,09:30       ,Hirsch     ,        10,        24,    34
2026.07.01,09:30        ,09:45       ,Hirsch     ,         4,        14,    18
2026.07.01,09:45        ,10:00       ,Hirsch     ,         0,         2,     2
2026.07.01,10:00        ,10:15       ,Hirsch     ,         1,         3,     4
2026.07.01,10:15        ,10:30       ,Hirsch     ,         1,         4,     5
2026.07.01,10:30        ,10:45       ,Hirsch     ,         2,         2,     4
2026.07.01,10:45        ,11:00       ,Hirsch     ,         1,         2,     3
2026.07.01,11:00        ,11:15       ,Hirsch     ,         3,         4,     7
2026.07.01,11:15        ,11:30       ,Hirsch     ,         3,         1,     4
2026.07.01,11:30        ,11:45       ,Hirsch     ,         0,         1,     1
2026.07.01,11:45        ,12:00       ,Hirsch     ,         0,         2,     2
2026.07.01,12:00        ,12:15       ,Hirsch     ,         0,         0,     0
2026.07.01,12:15        ,12:30       ,Hirsch     ,         5,         1,     6
2026.07.01,12:30        ,12:45       ,Hirsch     ,         8,         8,    16
2026.07.01,12:45        ,13:00       ,Hirsch     ,         4,         5,     9
2026.07.01,13:00        ,13:15       ,Hirsch     ,         9,         3,    12
2026.07.01,13:15        ,13:30       ,Hirsch     ,         4,         5,     9
2026.07.01,13:30        ,13:45       ,Hirsch     ,         5,         3,     8
2026.07.01,13:45        ,14:00       ,Hirsch     ,        11,         6,    17
2026.07.01,14:00        ,14:15       ,Hirsch     ,         8,         3,    11
2026.07.01,14:15        ,14:30       ,Hirsch     ,         6,         6,    12
2026.07.01,14:30        ,14:45       ,Hirsch     ,         9,         4,    13
2026.07.01,14:45        ,15:00       ,Hirsch     ,        13,         5,    18
2026.07.01,15:00        ,15:15       ,Hirsch     ,         7,         2,     9
2026.07.01,15:15        ,15:30       ,Hirsch     ,        19,         2,    21
2026.07.01,15:30        ,15:45       ,Hirsch     ,        12,         7,    19
2026.07.01,15:45        ,16:00       ,Hirsch     ,        11,         4,    15
2026.07.01,16:00        ,16:15       ,Hirsch     ,        17,         8,    25
2026.07.01,16:15        ,16:30       ,Hirsch     ,        26,         9,    35
2026.07.01,16:30        ,16:45       ,Hirsch     ,        30,        10,    40
2026.07.01,16:45        ,17:00       ,Hirsch     ,        29,        12,    41
2026.07.01,17:00        ,17:15       ,Hirsch     ,        32,         5,    37
2026.07.01,17:15        ,17:30       ,Hirsch     ,        38,        12,    50
2026.07.01,17:30        ,17:45       ,Hirsch     ,        34,        15,    49
2026.07.01,17:45        ,18:00       ,Hirsch     ,        37,         7,    44
2026.07.01,18:00        ,18:15       ,Hirsch     ,        39,        12,    51
2026.07.01,18:15        ,18:30       ,Hirsch     ,        42,        14,    56
2026.07.01,18:30        ,18:45       ,Hirsch     ,        42,        13,    55
2026.07.01,18:45        ,19:00       ,Hirsch     ,        39,        16,    55
2026.07.01,19:00        ,19:15       ,Hirsch     ,        27,        13,    40
2026.07.01,19:15        ,19:30       ,Hirsch     ,        18,        13,    31
2026.07.01,19:30        ,19:45       ,Hirsch     ,        17,         8,    25
2026.07.01,19:45        ,20:00       ,Hirsch     ,        18,         7,    25
2026.07.01,20:00        ,20:15       ,Hirsch     ,        11,        11,    22
2026.07.01,20:15        ,20:30       ,Hirsch     ,         6,         2,     8
2026.07.01,20:30        ,20:45       ,Hirsch     ,        18,        12,    30
2026.07.01,20:45        ,21:00       ,Hirsch     ,        11,         4,    15
2026.07.01,21:00        ,21:15       ,Hirsch     ,         8,         5,    13
2026.07.01,21:15        ,21:30       ,Hirsch     ,        10,         4,    14
2026.07.01,21:30        ,21:45       ,Hirsch     ,        10,         3,    13
2026.07.01,21:45        ,22:00       ,Hirsch     ,        14,         8,    22
2026.07.01,22:00        ,22:15       ,Hirsch     ,         4,         1,     5
2026.07.01,22:15        ,22:30       ,Hirsch     ,        11,         4,    15
2026.07.01,22:30        ,22:45       ,Hirsch     ,        12,         5,    17
2026.07.01,22:45        ,23:00       ,Hirsch     ,         6,         0,     6
2026.07.01,23:00        ,23:15       ,Hirsch     ,         6,         0,     6
2026.07.01,23:15        ,23:30       ,Hirsch     ,         1,         3,     4
2026.07.01,23:30        ,23:45       ,Hirsch     ,         3,         1,     4
2026.07.01,23:45        ,00:00       ,Hirsch     ,         2,         0,     2
2026.07.02,00:00        ,00:15       ,Hirsch     ,         2,         0,     2
2026.07.02,00:15        ,00:30       ,Hirsch     ,         1,         0,     1
2026.07.02,00:30        ,00:45       ,Hirsch     ,         2,         0,     2
2026.07.02,00:45        ,01:00       ,Hirsch     ,         2,         0,     2
2026.07.02,01:00        ,01:15       ,Hirsch     ,         1,         0,     1
2026.07.02,01:15        ,01:30       ,Hirsch     ,         0,         1,     1
2026.07.02,01:30        ,01:45       ,Hirsch     ,         0,         1,     1
2026.07.02,01:45        ,02:00       ,Hirsch     ,         0,         0,     0
2026.07.02,02:00        ,02:15       ,Hirsch     ,         0,         0,     0
2026.07.02,02:15        ,02:30       ,Hirsch     ,         1,         0,     1
2026.07.02,02:30        ,02:45       ,Hirsch     ,         0,         0,     0
2026.07.02,02:45        ,03:00       ,Hirsch     ,         0,         0,     0
2026.07.02,03:00        ,03:15       ,Hirsch     ,         0,         1,     1
2026.07.02,03:15        ,03:30       ,Hirsch     ,         0,         0,     0
2026.07.02,03:30        ,03:45       ,Hirsch     ,         0,         0,     0
2026.07.02,03:45        ,04:00       ,Hirsch     ,         0,         0,     0
2026.07.02,04:00        ,04:15       ,Hirsch     ,         0,         0,     0
2026.07.02,04:15        ,04:30       ,Hirsch     ,         0,         1,     1
2026.07.02,04:30        ,04:45       ,Hirsch     ,         0,         0,     0
2026.07.02,04:45        ,05:00       ,Hirsch     ,         0,         0,     0
2026.07.02,05:00        ,05:15       ,Hirsch     ,         1,         3,     4
2026.07.02,05:15        ,05:30       ,Hirsch     ,         1,         4,     5
2026.07.02,05:30        ,05:45       ,Hirsch     ,         1,         9,    10
2026.07.02,05:45        ,06:00       ,Hirsch     ,         1,         7,     8
2026.07.02,06:00        ,06:15       ,Hirsch     ,         4,         8,    12
2026.07.02,06:15        ,06:30       ,Hirsch     ,         4,        17,    21
2026.07.02,06:30        ,06:45       ,Hirsch     ,         7,        20,    27
2026.07.02,06:45        ,07:00       ,Hirsch     ,         7,        33,    40
2026.07.02,07:00        ,07:15       ,Hirsch     ,         6,        45,    51
2026.07.02,07:15        ,07:30       ,Hirsch     ,         6,        59,    65
2026.07.02,07:30        ,07:45       ,Hirsch     ,        14,        77,    91
2026.07.02,07:45        ,08:00       ,Hirsch     ,        22,       105,   127
2026.07.02,08:00        ,08:15       ,Hirsch     ,        16,       146,   162
2026.07.02,08:15        ,08:30       ,Hirsch     ,        14,       146,   160
2026.07.02,08:30        ,08:45       ,Hirsch     ,        19,        87,   106
2026.07.02,08:45        ,09:00       ,Hirsch     ,        10,        70,    80
2026.07.02,09:00        ,09:15       ,Hirsch     ,        10,        62,    72
2026.07.02,09:15        ,09:30       ,Hirsch     ,         5,        54,    59
2026.07.02,09:30        ,09:45       ,Hirsch     ,        10,        30,    40
2026.07.02,09:45        ,10:00       ,Hirsch     ,        10,        29,    39
2026.07.02,10:00        ,10:15       ,Hirsch     ,         6,        20,    26
2026.07.02,10:15        ,10:30       ,Hirsch     ,         6,        12,    18
2026.07.02,10:30        ,10:45       ,Hirsch     ,         7,        14,    21
2026.07.02,10:45        ,11:00       ,Hirsch     ,        10,        12,    22
2026.07.02,11:00        ,11:15       ,Hirsch     ,        14,        16,    30
2026.07.02,11:15        ,11:30       ,Hirsch     ,         8,        15,    23
2026.07.02,11:30        ,11:45       ,Hirsch     ,         7,        11,    18
2026.07.02,11:45        ,12:00       ,Hirsch     ,        11,        15,    26
2026.07.02,12:00        ,12:15       ,Hirsch     ,        18,        14,    32
2026.07.02,12:15        ,12:30       ,Hirsch     ,        15,        12,    27
2026.07.02,12:30        ,12:45       ,Hirsch     ,        24,        13,    37
2026.07.02,12:45        ,13:00       ,Hirsch     ,        19,         9,    28
2026.07.02,13:00        ,13:15       ,Hirsch     ,        14,        12,    26
2026.07.02,13:15        ,13:30       ,Hirsch     ,        15,         6,    21
2026.07.02,13:30        ,13:45       ,Hirsch     ,        25,         4,    29
2026.07.02,13:45        ,14:00       ,Hirsch     ,        13,        12,    25
2026.07.02,14:00        ,14:15       ,Hirsch     ,        24,         6,    30
2026.07.02,14:15        ,14:30       ,Hirsch     ,        20,        12,    32
2026.07.02,14:30        ,14:45       ,Hirsch     ,        26,        16,    42
2026.07.02,14:45        ,15:00       ,Hirsch     ,        15,         5,    20
2026.07.02,15:00        ,15:15       ,Hirsch     ,        26,         6,    32
2026.07.02,15:15        ,15:30       ,Hirsch     ,        29,        15,    44
2026.07.02,15:30        ,15:45       ,Hirsch     ,        34,        18,    52
2026.07.02,15:45        ,16:00       ,Hirsch     ,        46,        16,    62
2026.07.02,16:00        ,16:15       ,Hirsch     ,        51,        13,    64
2026.07.02,16:15        ,16:30       ,Hirsch     ,        47,        14,    61
2026.07.02,16:30        ,16:45       ,Hirsch     ,        49,        15,    64
2026.07.02,16:45        ,17:00       ,Hirsch     ,        45,        15,    60
2026.07.02,17:00        ,17:15       ,Hirsch     ,        65,        10,    75
2026.07.02,17:15        ,17:30       ,Hirsch     ,        62,        25,    87
2026.07.02,17:30        ,17:45       ,Hirsch     ,        64,        26,    90
2026.07.02,17:45        ,18:00       ,Hirsch     ,        65,        25,    90
2026.07.02,18:00        ,18:15       ,Hirsch     ,        65,        32,    97
2026.07.02,18:15        ,18:30       ,Hirsch     ,        70,        25,    95
2026.07.02,18:30        ,18:45       ,Hirsch     ,        58,        27,    85
2026.07.02,18:45        ,19:00       ,Hirsch     ,        49,        19,    68
2026.07.02,19:00        ,19:15       ,Hirsch     ,        38,        27,    65
2026.07.02,19:15        ,19:30       ,Hirsch     ,        42,        33,    75
2026.07.02,19:30        ,19:45       ,Hirsch     ,        29,        15,    44
2026.07.02,19:45        ,20:00       ,Hirsch     ,        31,        15,    46
2026.07.02,20:00        ,20:15       ,Hirsch     ,        23,        10,    33
2026.07.02,20:15        ,20:30       ,Hirsch     ,        30,         8,    38
2026.07.02,20:30        ,20:45       ,Hirsch     ,        19,        12,    31
2026.07.02,20:45        ,21:00       ,Hirsch     ,        21,        17,    38
2026.07.02,21:00        ,21:15       ,Hirsch     ,        21,        17,    38
2026.07.02,21:15        ,21:30       ,Hirsch     ,        23,        19,    42
2026.07.02,21:30        ,21:45       ,Hirsch     ,        13,         7,    20
2026.07.02,21:45        ,22:00       ,Hirsch     ,        21,         6,    27
2026.07.02,22:00        ,22:15       ,Hirsch     ,        14,         5,    19
2026.07.02,22:15        ,22:30       ,Hirsch     ,         9,        12,    21
2026.07.02,22:30        ,22:45       ,Hirsch     ,         7,         6,    13
2026.07.02,22:45        ,23:00       ,Hirsch     ,         8,         1,     9
2026.07.02,23:00        ,23:15       ,Hirsch     ,        30,         4,    34
2026.07.02,23:15        ,23:30       ,Hirsch     ,        20,         1,    21
2026.07.02,23:30        ,23:45       ,Hirsch     ,         8,         0,     8
2026.07.02,23:45        ,00:00       ,Hirsch     ,         6,         1,     7
2026.07.03,00:00        ,00:15       ,Hirsch     ,         5,         3,     8
2026.07.03,00:15        ,00:30       ,Hirsch     ,         5,         2,     7
2026.07.03,00:30        ,00:45       ,Hirsch     ,         4,         0,     4
2026.07.03,00:45        ,01:00       ,Hirsch     ,         5,         0,     5
2026.07.03,01:00        ,01:15       ,Hirsch     ,         1,         1,     2
2026.07.03,01:15        ,01:30       ,Hirsch     ,         4,         0,     4
2026.07.03,01:30        ,01:45       ,Hirsch     ,         2,         1,     3
2026.07.03,01:45        ,02:00       ,Hirsch     ,         2,         0,     2
2026.07.03,02:00        ,02:15       ,Hirsch     ,         2,         0,     2
2026.07.03,02:15        ,02:30       ,Hirsch     ,         0,         0,     0
2026.07.03,02:30        ,02:45       ,Hirsch     ,         0,         0,     0
2026.07.03,02:45        ,03:00       ,Hirsch     ,         0,         0,     0
2026.07.03,03:00        ,03:15       ,Hirsch     ,         3,         0,     3
2026.07.03,03:15        ,03:30       ,Hirsch     ,         0,         1,     1
2026.07.03,03:30        ,03:45       ,Hirsch     ,         0,         0,     0
2026.07.03,03:45        ,04:00       ,Hirsch     ,         1,         1,     2
2026.07.03,04:00        ,04:15       ,Hirsch     ,         0,         0,     0
2026.07.03,04:15        ,04:30       ,Hirsch     ,         0,         1,     1
2026.07.03,04:30        ,04:45       ,Hirsch     ,         0,         0,     0
2026.07.03,04:45        ,05:00       ,Hirsch     ,         0,         3,     3
2026.07.03,05:00        ,05:15       ,Hirsch     ,         0,         2,     2
2026.07.03,05:15        ,05:30       ,Hirsch     ,         0,         5,     5
2026.07.03,05:30        ,05:45       ,Hirsch     ,         2,         8,    10
2026.07.03,05:45        ,06:00       ,Hirsch     ,         1,         7,     8
2026.07.03,06:00        ,06:15       ,Hirsch     ,         4,        13,    17
2026.07.03,06:15        ,06:30       ,Hirsch     ,         3,         5,     8
2026.07.03,06:30        ,06:45       ,Hirsch     ,         3,        16,    19
2026.07.03,06:45        ,07:00       ,Hirsch     ,         0,        23,    23
2026.07.03,07:00        ,07:15       ,Hirsch     ,         7,        42,    49
2026.07.03,07:15        ,07:30       ,Hirsch     ,         9,        32,    41
2026.07.03,07:30        ,07:45       ,Hirsch     ,         9,        50,    59
2026.07.03,07:45        ,08:00       ,Hirsch     ,        16,        74,    90
2026.07.03,08:00        ,08:15       ,Hirsch     ,         8,        55,    63
2026.07.03,08:15        ,08:30       ,Hirsch     ,        19,        69,    88
2026.07.03,08:30        ,08:45       ,Hirsch     ,         8,        67,    75
2026.07.03,08:45        ,09:00       ,Hirsch     ,        19,        34,    53
2026.07.03,09:00        ,09:15       ,Hirsch     ,         8,        31,    39
2026.07.03,09:15        ,09:30       ,Hirsch     ,        14,        18,    32
2026.07.03,09:30        ,09:45       ,Hirsch     ,         7,        27,    34
2026.07.03,09:45        ,10:00       ,Hirsch     ,         8,        15,    23
2026.07.03,10:00        ,10:15       ,Hirsch     ,         7,        16,    23
2026.07.03,10:15        ,10:30       ,Hirsch     ,        13,        23,    36
2026.07.03,10:30        ,10:45       ,Hirsch     ,        12,        11,    23
2026.07.03,10:45        ,11:00       ,Hirsch     ,         7,        15,    22
2026.07.03,11:00        ,11:15       ,Hirsch     ,         9,        12,    21
2026.07.03,11:15        ,11:30       ,Hirsch     ,        15,        10,    25
2026.07.03,11:30        ,11:45       ,Hirsch     ,         8,        16,    24
2026.07.03,11:45        ,12:00       ,Hirsch     ,        12,         9,    21
2026.07.03,12:00        ,12:15       ,Hirsch     ,         9,        11,    20
2026.07.03,12:15        ,12:30       ,Hirsch     ,        24,        12,    36
2026.07.03,12:30        ,12:45       ,Hirsch     ,        20,        20,    40
2026.07.03,12:45        ,13:00       ,Hirsch     ,        23,        16,    39
2026.07.03,13:00        ,13:15       ,Hirsch     ,        24,         7,    31
2026.07.03,13:15        ,13:30       ,Hirsch     ,        18,        21,    39
2026.07.03,13:30        ,13:45       ,Hirsch     ,        25,        20,    45
2026.07.03,13:45        ,14:00       ,Hirsch     ,        29,        10,    39
2026.07.03,14:00        ,14:15       ,Hirsch     ,        24,        16,    40
2026.07.03,14:15        ,14:30       ,Hirsch     ,        28,        18,    46
2026.07.03,14:30        ,14:45       ,Hirsch     ,        17,        17,    34
2026.07.03,14:45        ,15:00       ,Hirsch     ,        19,         9,    28
2026.07.03,15:00        ,15:15       ,Hirsch     ,        39,        10,    49
2026.07.03,15:15        ,15:30       ,Hirsch     ,        28,        17,    45
2026.07.03,15:30        ,15:45       ,Hirsch     ,        31,        20,    51
2026.07.03,15:45        ,16:00       ,Hirsch     ,        41,        16,    57
2026.07.03,16:00        ,16:15       ,Hirsch     ,        31,        19,    50
2026.07.03,16:15        ,16:30       ,Hirsch     ,        35,         9,    44
2026.07.03,16:30        ,16:45       ,Hirsch     ,        32,        14,    46
2026.07.03,16:45        ,17:00       ,Hirsch     ,        33,        21,    54
2026.07.03,17:00        ,17:15       ,Hirsch     ,        31,        20,    51
2026.07.03,17:15        ,17:30       ,Hirsch     ,        36,        20,    56
2026.07.03,17:30        ,17:45       ,Hirsch     ,        42,        18,    60
2026.07.03,17:45        ,18:00       ,Hirsch     ,        40,        21,    61
2026.07.03,18:00        ,18:15       ,Hirsch     ,        32,        24,    56
2026.07.03,18:15        ,18:30       ,Hirsch     ,        45,        25,    70
2026.07.03,18:30        ,18:45       ,Hirsch     ,        28,        26,    54
2026.07.03,18:45        ,19:00       ,Hirsch     ,        32,        35,    67
2026.07.03,19:00        ,19:15       ,Hirsch     ,        22,        16,    38
2026.07.03,19:15        ,19:30       ,Hirsch     ,        19,        27,    46
2026.07.03,19:30        ,19:45       ,Hirsch     ,        23,        16,    39
2026.07.03,19:45        ,20:00       ,Hirsch     ,        20,        19,    39
2026.07.03,20:00        ,20:15       ,Hirsch     ,        21,         9,    30
2026.07.03,20:15        ,20:30       ,Hirsch     ,        15,         7,    22
2026.07.03,20:30        ,20:45       ,Hirsch     ,        18,         8,    26
2026.07.03,20:45        ,21:00       ,Hirsch     ,         7,         4,    11
2026.07.03,21:00        ,21:15       ,Hirsch     ,        12,         5,    17
2026.07.03,21:15        ,21:30       ,Hirsch     ,        15,         9,    24
2026.07.03,21:30        ,21:45       ,Hirsch     ,        13,        12,    25
2026.07.03,21:45        ,22:00       ,Hirsch     ,        15,         7,    22
2026.07.03,22:00        ,22:15       ,Hirsch     ,        10,         5,    15
2026.07.03,22:15        ,22:30       ,Hirsch     ,         8,         3,    11
2026.07.03,22:30        ,22:45       ,Hirsch     ,         8,         6,    14
2026.07.03,22:45        ,23:00       ,Hirsch     ,        11,        12,    23
2026.07.03,23:00        ,23:15       ,Hirsch     ,        16,         7,    23
2026.07.03,23:15        ,23:30       ,Hirsch     ,        17,         4,    21
2026.07.03,23:30        ,23:45       ,Hirsch     ,         7,         5,    12
2026.07.03,23:45        ,00:00       ,Hirsch     ,         7,         0,     7
2026.07.04,00:00        ,00:15       ,Hirsch     ,         4,         0,     4
2026.07.04,00:15        ,00:30       ,Hirsch     ,         7,         0,     7
2026.07.04,00:30        ,00:45       ,Hirsch     ,         8,         1,     9
2026.07.04,00:45        ,01:00       ,Hirsch     ,         2,         1,     3
2026.07.04,01:00        ,01:15       ,Hirsch     ,         3,         0,     3
2026.07.04,01:15        ,01:30       ,Hirsch     ,         0,         2,     2
2026.07.04,01:30        ,01:45       ,Hirsch     ,         2,         0,     2
2026.07.04,01:45        ,02:00       ,Hirsch     ,         0,         0,     0
2026.07.04,02:00        ,02:15       ,Hirsch     ,         3,         0,     3
2026.07.04,02:15        ,02:30       ,Hirsch     ,         1,         0,     1
2026.07.04,02:30        ,02:45       ,Hirsch     ,         2,         0,     2
2026.07.04,02:45        ,03:00       ,Hirsch     ,         2,         0,     2
2026.07.04,03:00        ,03:15       ,Hirsch     ,         3,         0,     3
2026.07.04,03:15        ,03:30       ,Hirsch     ,         0,         3,     3
2026.07.04,03:30        ,03:45       ,Hirsch     ,         2,         0,     2
2026.07.04,03:45        ,04:00       ,Hirsch     ,         0,         0,     0
2026.07.04,04:00        ,04:15       ,Hirsch     ,         0,         0,     0
2026.07.04,04:15        ,04:30       ,Hirsch     ,         0,         0,     0
2026.07.04,04:30        ,04:45       ,Hirsch     ,         0,         0,     0
2026.07.04,04:45        ,05:00       ,Hirsch     ,         0,         0,     0
2026.07.04,05:00        ,05:15       ,Hirsch     ,         1,         0,     1
2026.07.04,05:15        ,05:30       ,Hirsch     ,         0,         1,     1
2026.07.04,05:30        ,05:45       ,Hirsch     ,         3,         3,     6
2026.07.04,05:45        ,06:00       ,Hirsch     ,         0,         2,     2
2026.07.04,06:00        ,06:15       ,Hirsch     ,         0,         0,     0
2026.07.04,06:15        ,06:30       ,Hirsch     ,         3,         2,     5
2026.07.04,06:30        ,06:45       ,Hirsch     ,         0,         3,     3
2026.07.04,06:45        ,07:00       ,Hirsch     ,         1,         1,     2
2026.07.04,07:00        ,07:15       ,Hirsch     ,         2,         3,     5
2026.07.04,07:15        ,07:30       ,Hirsch     ,         0,         4,     4
2026.07.04,07:30        ,07:45       ,Hirsch     ,         2,         2,     4
2026.07.04,07:45        ,08:00       ,Hirsch     ,         1,         7,     8
2026.07.04,08:00        ,08:15       ,Hirsch     ,         4,         3,     7
2026.07.04,08:15        ,08:30       ,Hirsch     ,         2,         7,     9
2026.07.04,08:30        ,08:45       ,Hirsch     ,         7,         5,    12
2026.07.04,08:45        ,09:00       ,Hirsch     ,         3,         7,    10
2026.07.04,09:00        ,09:15       ,Hirsch     ,         4,        10,    14
2026.07.04,09:15        ,09:30       ,Hirsch     ,         5,        16,    21
2026.07.04,09:30        ,09:45       ,Hirsch     ,         7,        15,    22
2026.07.04,09:45        ,10:00       ,Hirsch     ,         9,         9,    18
2026.07.04,10:00        ,10:15       ,Hirsch     ,        14,        14,    28
2026.07.04,10:15        ,10:30       ,Hirsch     ,        18,        11,    29
2026.07.04,10:30        ,10:45       ,Hirsch     ,        11,        16,    27
2026.07.04,10:45        ,11:00       ,Hirsch     ,        10,        12,    22
2026.07.04,11:00        ,11:15       ,Hirsch     ,        14,         9,    23
2026.07.04,11:15        ,11:30       ,Hirsch     ,        21,        18,    39
2026.07.04,11:30        ,11:45       ,Hirsch     ,        15,         9,    24
2026.07.04,11:45        ,12:00       ,Hirsch     ,        13,        17,    30
2026.07.04,12:00        ,12:15       ,Hirsch     ,        11,        12,    23
2026.07.04,12:15        ,12:30       ,Hirsch     ,         9,        22,    31
2026.07.04,12:30        ,12:45       ,Hirsch     ,         3,         4,     7
2026.07.04,12:45        ,13:00       ,Hirsch     ,        21,        10,    31
2026.07.04,13:00        ,13:15       ,Hirsch     ,        12,         9,    21
2026.07.04,13:15        ,13:30       ,Hirsch     ,        10,        15,    25
2026.07.04,13:30        ,13:45       ,Hirsch     ,        23,        19,    42
2026.07.04,13:45        ,14:00       ,Hirsch     ,        11,        10,    21
2026.07.04,14:00        ,14:15       ,Hirsch     ,        23,        13,    36
2026.07.04,14:15        ,14:30       ,Hirsch     ,        11,        12,    23
2026.07.04,14:30        ,14:45       ,Hirsch     ,        10,        20,    30
2026.07.04,14:45        ,15:00       ,Hirsch     ,        15,        15,    30
2026.07.04,15:00        ,15:15       ,Hirsch     ,        20,         8,    28
2026.07.04,15:15        ,15:30       ,Hirsch     ,        19,        17,    36
2026.07.04,15:30        ,15:45       ,Hirsch     ,         9,        10,    19
2026.07.04,15:45        ,16:00       ,Hirsch     ,        10,         5,    15
2026.07.04,16:00        ,16:15       ,Hirsch     ,        11,        14,    25
2026.07.04,16:15        ,16:30       ,Hirsch     ,         7,        20,    27
2026.07.04,16:30        ,16:45       ,Hirsch     ,        16,        21,    37
2026.07.04,16:45        ,17:00       ,Hirsch     ,         9,        11,    20
2026.07.04,17:00        ,17:15       ,Hirsch     ,        15,        16,    31
2026.07.04,17:15        ,17:30       ,Hirsch     ,        12,        16,    28
2026.07.04,17:30        ,17:45       ,Hirsch     ,        14,        13,    27
2026.07.04,17:45        ,18:00       ,Hirsch     ,        20,        18,    38
2026.07.04,18:00        ,18:15       ,Hirsch     ,        16,        21,    37
2026.07.04,18:15        ,18:30       ,Hirsch     ,        17,        17,    34
2026.07.04,18:30        ,18:45       ,Hirsch     ,        19,        15,    34
2026.07.04,18:45        ,19:00       ,Hirsch     ,        12,        16,    28
2026.07.04,19:00        ,19:15       ,Hirsch     ,        16,        23,    39
2026.07.04,19:15        ,19:30       ,Hirsch     ,        15,        15,    30
2026.07.04,19:30        ,19:45       ,Hirsch     ,         9,        18,    27
2026.07.04,19:45        ,20:00       ,Hirsch     ,        21,         6,    27
2026.07.04,20:00        ,20:15       ,Hirsch     ,        10,         9,    19
2026.07.04,20:15        ,20:30       ,Hirsch     ,        11,         2,    13
2026.07.04,20:30        ,20:45       ,Hirsch     ,         7,        17,    24
2026.07.04,20:45        ,21:00       ,Hirsch     ,         7,         6,    13
2026.07.04,21:00        ,21:15       ,Hirsch     ,         9,         8,    17
2026.07.04,21:15        ,21:30       ,Hirsch     ,         6,         5,    11
2026.07.04,21:30        ,21:45       ,Hirsch     ,        13,        18,    31
2026.07.04,21:45        ,22:00       ,Hirsch     ,        12,         9,    21
2026.07.04,22:00        ,22:15       ,Hirsch     ,         3,        11,    14
2026.07.04,22:15        ,22:30       ,Hirsch     ,        10,         6,    16
2026.07.04,22:30        ,22:45       ,Hirsch     ,        16,         1,    17
2026.07.04,22:45        ,23:00       ,Hirsch     ,        10,         5,    15
2026.07.04,23:00        ,23:15       ,Hirsch     ,         8,         1,     9
2026.07.04,23:15        ,23:30       ,Hirsch     ,         7,         3,    10
2026.07.04,23:30        ,23:45       ,Hirsch     ,        10,         0,    10
2026.07.04,23:45        ,00:00       ,Hirsch     ,         6,         1,     7
2026.07.05,00:00        ,00:15       ,Hirsch     ,         4,         0,     4
2026.07.05,00:15        ,00:30       ,Hirsch     ,         6,         0,     6
2026.07.05,00:30        ,00:45       ,Hirsch     ,         2,         2,     4
2026.07.05,00:45        ,01:00       ,Hirsch     ,         5,         0,     5
2026.07.05,01:00        ,01:15       ,Hirsch     ,         8,         0,     8
2026.07.05,01:15        ,01:30       ,Hirsch     ,         1,         1,     2
2026.07.05,01:30        ,01:45       ,Hirsch     ,         8,         0,     8
2026.07.05,01:45        ,02:00       ,Hirsch     ,         0,         0,     0
2026.07.05,02:00        ,02:15       ,Hirsch     ,         1,         0,     1
2026.07.05,02:15        ,02:30       ,Hirsch     ,         0,         0,     0
2026.07.05,02:30        ,02:45       ,Hirsch     ,         2,         0,     2
2026.07.05,02:45        ,03:00       ,Hirsch     ,         1,         0,     1
2026.07.05,03:00        ,03:15       ,Hirsch     ,         0,         1,     1
2026.07.05,03:15        ,03:30       ,Hirsch     ,         1,         0,     1
2026.07.05,03:30        ,03:45       ,Hirsch     ,         1,         0,     1
2026.07.05,03:45        ,04:00       ,Hirsch     ,         0,         0,     0
2026.07.05,04:00        ,04:15       ,Hirsch     ,         1,         0,     1
2026.07.05,04:15        ,04:30       ,Hirsch     ,         0,         0,     0
2026.07.05,04:30        ,04:45       ,Hirsch     ,         0,         0,     0
2026.07.05,04:45        ,05:00       ,Hirsch     ,         1,         0,     1
2026.07.05,05:00        ,05:15       ,Hirsch     ,         2,         0,     2
2026.07.05,05:15        ,05:30       ,Hirsch     ,         0,         2,     2
2026.07.05,05:30        ,05:45       ,Hirsch     ,         1,         1,     2
2026.07.05,05:45        ,06:00       ,Hirsch     ,         0,         1,     1
2026.07.05,06:00        ,06:15       ,Hirsch     ,         2,         1,     3
2026.07.05,06:15        ,06:30       ,Hirsch     ,         0,         2,     2
2026.07.05,06:30        ,06:45       ,Hirsch     ,         1,         4,     5
2026.07.05,06:45        ,07:00       ,Hirsch     ,         0,         2,     2
2026.07.05,07:00        ,07:15       ,Hirsch     ,         1,         4,     5
2026.07.05,07:15        ,07:30       ,Hirsch     ,         1,         4,     5
2026.07.05,07:30        ,07:45       ,Hirsch     ,         3,         6,     9
2026.07.05,07:45        ,08:00       ,Hirsch     ,         0,         0,     0
2026.07.05,08:00        ,08:15       ,Hirsch     ,         3,         3,     6
2026.07.05,08:15        ,08:30       ,Hirsch     ,         4,         9,    13
2026.07.05,08:30        ,08:45       ,Hirsch     ,         4,         4,     8
2026.07.05,08:45        ,09:00       ,Hirsch     ,         0,         6,     6
2026.07.05,09:00        ,09:15       ,Hirsch     ,         3,         7,    10
2026.07.05,09:15        ,09:30       ,Hirsch     ,         7,        25,    32
2026.07.05,09:30        ,09:45       ,Hirsch     ,        11,         9,    20
2026.07.05,09:45        ,10:00       ,Hirsch     ,         5,        12,    17
2026.07.05,10:00        ,10:15       ,Hirsch     ,         7,        18,    25
2026.07.05,10:15        ,10:30       ,Hirsch     ,         4,         9,    13
2026.07.05,10:30        ,10:45       ,Hirsch     ,         8,         9,    17
2026.07.05,10:45        ,11:00       ,Hirsch     ,         7,        18,    25
2026.07.05,11:00        ,11:15       ,Hirsch     ,        13,        12,    25
2026.07.05,11:15        ,11:30       ,Hirsch     ,        15,        14,    29
2026.07.05,11:30        ,11:45       ,Hirsch     ,         9,        14,    23
2026.07.05,11:45        ,12:00       ,Hirsch     ,         7,        14,    21
2026.07.05,12:00        ,12:15       ,Hirsch     ,        12,        12,    24
2026.07.05,12:15        ,12:30       ,Hirsch     ,        17,        17,    34
2026.07.05,12:30        ,12:45       ,Hirsch     ,        11,        12,    23
2026.07.05,12:45        ,13:00       ,Hirsch     ,        12,        27,    39
2026.07.05,13:00        ,13:15       ,Hirsch     ,        12,         7,    19
2026.07.05,13:15        ,13:30       ,Hirsch     ,        14,        14,    28
2026.07.05,13:30        ,13:45       ,Hirsch     ,        17,         8,    25
2026.07.05,13:45        ,14:00       ,Hirsch     ,        12,        10,    22
2026.07.05,14:00        ,14:15       ,Hirsch     ,        12,        10,    22
2026.07.05,14:15        ,14:30       ,Hirsch     ,        11,        18,    29
2026.07.05,14:30        ,14:45       ,Hirsch     ,        20,         6,    26
2026.07.05,14:45        ,15:00       ,Hirsch     ,        22,        14,    36
2026.07.05,15:00        ,15:15       ,Hirsch     ,        17,        14,    31
2026.07.05,15:15        ,15:30       ,Hirsch     ,        16,        13,    29
2026.07.05,15:30        ,15:45       ,Hirsch     ,        18,         9,    27
2026.07.05,15:45        ,16:00       ,Hirsch     ,        16,         9,    25
2026.07.05,16:00        ,16:15       ,Hirsch     ,        17,         9,    26
2026.07.05,16:15        ,16:30       ,Hirsch     ,         6,        10,    16
2026.07.05,16:30        ,16:45       ,Hirsch     ,         9,        10,    19
2026.07.05,16:45        ,17:00       ,Hirsch     ,        10,        17,    27
2026.07.05,17:00        ,17:15       ,Hirsch     ,        12,        24,    36
2026.07.05,17:15        ,17:30       ,Hirsch     ,         4,         9,    13
2026.07.05,17:30        ,17:45       ,Hirsch     ,        20,        16,    36
2026.07.05,17:45        ,18:00       ,Hirsch     ,        13,        12,    25
2026.07.05,18:00        ,18:15       ,Hirsch     ,        18,         9,    27
2026.07.05,18:15        ,18:30       ,Hirsch     ,        12,        14,    26
2026.07.05,18:30        ,18:45       ,Hirsch     ,        20,         6,    26
2026.07.05,18:45        ,19:00       ,Hirsch     ,         6,        16,    22
2026.07.05,19:00        ,19:15       ,Hirsch     ,         4,         3,     7
2026.07.05,19:15        ,19:30       ,Hirsch     ,         6,         3,     9
2026.07.05,19:30        ,19:45       ,Hirsch     ,         4,         4,     8
2026.07.05,19:45        ,20:00       ,Hirsch     ,         5,         2,     7
2026.07.05,20:00        ,20:15       ,Hirsch     ,         6,         5,    11
2026.07.05,20:15        ,20:30       ,Hirsch     ,         5,         8,    13
2026.07.05,20:30        ,20:45       ,Hirsch     ,         2,         2,     4
2026.07.05,20:45        ,21:00       ,Hirsch     ,         5,         5,    10
2026.07.05,21:00        ,21:15       ,Hirsch     ,         5,         1,     6
2026.07.05,21:15        ,21:30       ,Hirsch     ,         5,         2,     7
2026.07.05,21:30        ,21:45       ,Hirsch     ,         6,         6,    12
2026.07.05,21:45        ,22:00       ,Hirsch     ,         2,         2,     4
2026.07.05,22:00        ,22:15       ,Hirsch     ,         8,         3,    11
2026.07.05,22:15        ,22:30       ,Hirsch     ,         1,         1,     2
2026.07.05,22:30        ,22:45       ,Hirsch     ,         2,         0,     2
2026.07.05,22:45        ,23:00       ,Hirsch     ,         0,         3,     3
2026.07.05,23:00        ,23:15       ,Hirsch     ,         2,         0,     2
2026.07.05,23:15        ,23:30       ,Hirsch     ,         2,         1,     3
2026.07.05,23:30        ,23:45       ,Hirsch     ,         0,         0,     0
2026.07.05,23:45        ,00:00       ,Hirsch     ,         2,         1,     3
2026.07.06,00:00        ,00:15       ,Hirsch     ,         2,         0,     2
2026.07.06,00:15        ,00:30       ,Hirsch     ,         3,         0,     3
2026.07.06,00:30        ,00:45       ,Hirsch     ,         2,         0,     2
2026.07.06,00:45        ,01:00       ,Hirsch     ,         2,         3,     5
2026.07.06,01:00        ,01:15       ,Hirsch     ,         1,         0,     1
2026.07.06,01:15        ,01:30       ,Hirsch     ,         0,         1,     1
2026.07.06,01:30        ,01:45       ,Hirsch     ,         0,         0,     0
2026.07.06,01:45        ,02:00       ,Hirsch     ,         0,         0,     0
2026.07.06,02:00        ,02:15       ,Hirsch     ,         0,         0,     0
2026.07.06,02:15        ,02:30       ,Hirsch     ,         0,         0,     0
2026.07.06,02:30        ,02:45       ,Hirsch     ,         0,         0,     0
2026.07.06,02:45        ,03:00       ,Hirsch     ,         1,         0,     1
2026.07.06,03:00        ,03:15       ,Hirsch     ,         0,         0,     0
2026.07.06,03:15        ,03:30       ,Hirsch     ,         0,         0,     0
2026.07.06,03:30        ,03:45       ,Hirsch     ,         0,         0,     0
2026.07.06,03:45        ,04:00       ,Hirsch     ,         0,         0,     0
2026.07.06,04:00        ,04:15       ,Hirsch     ,         0,         0,     0
2026.07.06,04:15        ,04:30       ,Hirsch     ,         0,         0,     0
2026.07.06,04:30        ,04:45       ,Hirsch     ,         0,         0,     0
2026.07.06,04:45        ,05:00       ,Hirsch     ,         0,         1,     1
2026.07.06,05:00        ,05:15       ,Hirsch     ,         0,         4,     4
2026.07.06,05:15        ,05:30       ,Hirsch     ,         1,         2,     3
2026.07.06,05:30        ,05:45       ,Hirsch     ,         5,         8,    13
2026.07.06,05:45        ,06:00       ,Hirsch     ,         2,        12,    14
2026.07.06,06:00        ,06:15       ,Hirsch     ,         1,         7,     8
2026.07.06,06:15        ,06:30       ,Hirsch     ,         2,        13,    15
2026.07.06,06:30        ,06:45       ,Hirsch     ,         2,        20,    22
2026.07.06,06:45        ,07:00       ,Hirsch     ,         7,        35,    42
2026.07.06,07:00        ,07:15       ,Hirsch     ,         8,        39,    47
2026.07.06,07:15        ,07:30       ,Hirsch     ,         7,        41,    48
2026.07.06,07:30        ,07:45       ,Hirsch     ,        15,        76,    91
2026.07.06,07:45        ,08:00       ,Hirsch     ,        11,        92,   103
2026.07.06,08:00        ,08:15       ,Hirsch     ,         9,       114,   123
2026.07.06,08:15        ,08:30       ,Hirsch     ,        15,       116,   131
2026.07.06,08:30        ,08:45       ,Hirsch     ,        10,       105,   115
2026.07.06,08:45        ,09:00       ,Hirsch     ,        19,        78,    97
2026.07.06,09:00        ,09:15       ,Hirsch     ,        15,        39,    54
2026.07.06,09:15        ,09:30       ,Hirsch     ,         5,        43,    48
2026.07.06,09:30        ,09:45       ,Hirsch     ,         7,        40,    47
2026.07.06,09:45        ,10:00       ,Hirsch     ,         6,        24,    30
2026.07.06,10:00        ,10:15       ,Hirsch     ,         9,        19,    28
2026.07.06,10:15        ,10:30       ,Hirsch     ,         6,        16,    22
2026.07.06,10:30        ,10:45       ,Hirsch     ,         8,        11,    19
2026.07.06,10:45        ,11:00       ,Hirsch     ,        11,         6,    17
2026.07.06,11:00        ,11:15       ,Hirsch     ,        11,         9,    20
2026.07.06,11:15        ,11:30       ,Hirsch     ,         5,        10,    15
2026.07.06,11:30        ,11:45       ,Hirsch     ,         6,        15,    21
2026.07.06,11:45        ,12:00       ,Hirsch     ,         8,        10,    18
2026.07.06,12:00        ,12:15       ,Hirsch     ,        11,         9,    20
2026.07.06,12:15        ,12:30       ,Hirsch     ,        10,        18,    28
2026.07.06,12:30        ,12:45       ,Hirsch     ,        11,        14,    25
2026.07.06,12:45        ,13:00       ,Hirsch     ,        11,         7,    18
2026.07.06,13:00        ,13:15       ,Hirsch     ,         9,         4,    13
2026.07.06,13:15        ,13:30       ,Hirsch     ,        17,        10,    27
2026.07.06,13:30        ,13:45       ,Hirsch     ,        21,        11,    32
2026.07.06,13:45        ,14:00       ,Hirsch     ,        19,         6,    25
2026.07.06,14:00        ,14:15       ,Hirsch     ,        19,        12,    31
2026.07.06,14:15        ,14:30       ,Hirsch     ,        26,        10,    36
2026.07.06,14:30        ,14:45       ,Hirsch     ,        15,         9,    24
2026.07.06,14:45        ,15:00       ,Hirsch     ,        28,        10,    38
2026.07.06,15:00        ,15:15       ,Hirsch     ,        16,        15,    31
2026.07.06,15:15        ,15:30       ,Hirsch     ,        42,        17,    59
2026.07.06,15:30        ,15:45       ,Hirsch     ,        45,        14,    59
2026.07.06,15:45        ,16:00       ,Hirsch     ,        35,         9,    44
2026.07.06,16:00        ,16:15       ,Hirsch     ,        33,        16,    49
2026.07.06,16:15        ,16:30       ,Hirsch     ,        52,        21,    73
2026.07.06,16:30        ,16:45       ,Hirsch     ,        44,        13,    57
2026.07.06,16:45        ,17:00       ,Hirsch     ,        52,        16,    68
2026.07.06,17:00        ,17:15       ,Hirsch     ,        52,        16,    68
2026.07.06,17:15        ,17:30       ,Hirsch     ,        46,        21,    67
2026.07.06,17:30        ,17:45       ,Hirsch     ,        54,        17,    71
2026.07.06,17:45        ,18:00       ,Hirsch     ,        70,        24,    94
2026.07.06,18:00        ,18:15       ,Hirsch     ,        57,        31,    88
2026.07.06,18:15        ,18:30       ,Hirsch     ,        61,        24,    85
2026.07.06,18:30        ,18:45       ,Hirsch     ,        53,        14,    67
2026.07.06,18:45        ,19:00       ,Hirsch     ,        50,        17,    67
2026.07.06,19:00        ,19:15       ,Hirsch     ,        30,        18,    48
2026.07.06,19:15        ,19:30       ,Hirsch     ,        35,        13,    48
2026.07.06,19:30        ,19:45       ,Hirsch     ,        27,        13,    40
2026.07.06,19:45        ,20:00       ,Hirsch     ,        22,        17,    39
2026.07.06,20:00        ,20:15       ,Hirsch     ,        27,        18,    45
2026.07.06,20:15        ,20:30       ,Hirsch     ,        22,        14,    36
2026.07.06,20:30        ,20:45       ,Hirsch     ,        22,        12,    34
2026.07.06,20:45        ,21:00       ,Hirsch     ,        21,         3,    24
2026.07.06,21:00        ,21:15       ,Hirsch     ,        16,         3,    19
2026.07.06,21:15        ,21:30       ,Hirsch     ,        10,         6,    16
2026.07.06,21:30        ,21:45       ,Hirsch     ,        10,         2,    12
2026.07.06,21:45        ,22:00       ,Hirsch     ,         6,         1,     7
2026.07.06,22:00        ,22:15       ,Hirsch     ,        12,         4,    16
2026.07.06,22:15        ,22:30       ,Hirsch     ,         6,         7,    13
2026.07.06,22:30        ,22:45       ,Hirsch     ,        11,         2,    13
2026.07.06,22:45        ,23:00       ,Hirsch     ,         6,         1,     7
2026.07.06,23:00        ,23:15       ,Hirsch     ,         9,         1,    10
2026.07.06,23:15        ,23:30       ,Hirsch     ,        14,         2,    16
2026.07.06,23:30        ,23:45       ,Hirsch     ,        10,         3,    13
2026.07.06,23:45        ,00:00       ,Hirsch     ,         3,         1,     4
2026.07.07,00:00        ,00:15       ,Hirsch     ,         3,         0,     3
2026.07.07,00:15        ,00:30       ,Hirsch     ,         3,         1,     4
2026.07.07,00:30        ,00:45       ,Hirsch     ,         3,         1,     4
2026.07.07,00:45        ,01:00       ,Hirsch     ,         2,         0,     2
2026.07.07,01:00        ,01:15       ,Hirsch     ,         1,         0,     1
2026.07.07,01:15        ,01:30       ,Hirsch     ,         1,         0,     1
2026.07.07,01:30        ,01:45       ,Hirsch     ,         0,         0,     0
2026.07.07,01:45        ,02:00       ,Hirsch     ,         1,         0,     1
2026.07.07,02:00        ,02:15       ,Hirsch     ,         0,         0,     0
2026.07.07,02:15        ,02:30       ,Hirsch     ,         1,         0,     1
2026.07.07,02:30        ,02:45       ,Hirsch     ,         0,         0,     0
2026.07.07,02:45        ,03:00       ,Hirsch     ,         0,         0,     0
2026.07.07,03:00        ,03:15       ,Hirsch     ,         0,         0,     0
2026.07.07,03:15        ,03:30       ,Hirsch     ,         0,         0,     0
2026.07.07,03:30        ,03:45       ,Hirsch     ,         0,         0,     0
2026.07.07,03:45        ,04:00       ,Hirsch     ,         0,         0,     0
2026.07.07,04:00        ,04:15       ,Hirsch     ,         0,         0,     0
2026.07.07,04:15        ,04:30       ,Hirsch     ,         0,         0,     0
2026.07.07,04:30        ,04:45       ,Hirsch     ,         0,         1,     1
2026.07.07,04:45        ,05:00       ,Hirsch     ,         0,         1,     1
2026.07.07,05:00        ,05:15       ,Hirsch     ,         0,         4,     4
2026.07.07,05:15        ,05:30       ,Hirsch     ,         1,         7,     8
2026.07.07,05:30        ,05:45       ,Hirsch     ,         0,        11,    11
2026.07.07,05:45        ,06:00       ,Hirsch     ,         2,        10,    12
2026.07.07,06:00        ,06:15       ,Hirsch     ,         6,         9,    15
2026.07.07,06:15        ,06:30       ,Hirsch     ,         6,        13,    19
2026.07.07,06:30        ,06:45       ,Hirsch     ,         7,        30,    37
2026.07.07,06:45        ,07:00       ,Hirsch     ,         7,        31,    38
2026.07.07,07:00        ,07:15       ,Hirsch     ,         6,        59,    65
2026.07.07,07:15        ,07:30       ,Hirsch     ,         7,        69,    76
2026.07.07,07:30        ,07:45       ,Hirsch     ,        16,        96,   112
2026.07.07,07:45        ,08:00       ,Hirsch     ,        12,       112,   124
2026.07.07,08:00        ,08:15       ,Hirsch     ,        18,       124,   142
2026.07.07,08:15        ,08:30       ,Hirsch     ,        23,       138,   161
2026.07.07,08:30        ,08:45       ,Hirsch     ,        23,       102,   125
2026.07.07,08:45        ,09:00       ,Hirsch     ,        16,        90,   106
2026.07.07,09:00        ,09:15       ,Hirsch     ,         6,        58,    64
2026.07.07,09:15        ,09:30       ,Hirsch     ,        13,        29,    42
2026.07.07,09:30        ,09:45       ,Hirsch     ,        11,        48,    59
2026.07.07,09:45        ,10:00       ,Hirsch     ,         5,        22,    27
2026.07.07,10:00        ,10:15       ,Hirsch     ,         6,        14,    20
2026.07.07,10:15        ,10:30       ,Hirsch     ,        10,        22,    32
2026.07.07,10:30        ,10:45       ,Hirsch     ,         7,        15,    22
2026.07.07,10:45        ,11:00       ,Hirsch     ,        14,        12,    26
2026.07.07,11:00        ,11:15       ,Hirsch     ,         8,        13,    21
2026.07.07,11:15        ,11:30       ,Hirsch     ,         7,         8,    15
2026.07.07,11:30        ,11:45       ,Hirsch     ,        11,        14,    25
2026.07.07,11:45        ,12:00       ,Hirsch     ,         6,        12,    18
2026.07.07,12:00        ,12:15       ,Hirsch     ,        10,        11,    21
2026.07.07,12:15        ,12:30       ,Hirsch     ,        11,         7,    18
2026.07.07,12:30        ,12:45       ,Hirsch     ,        12,        14,    26
2026.07.07,12:45        ,13:00       ,Hirsch     ,        23,        10,    33
2026.07.07,13:00        ,13:15       ,Hirsch     ,        17,         3,    20
2026.07.07,13:15        ,13:30       ,Hirsch     ,        28,        17,    45
2026.07.07,13:30        ,13:45       ,Hirsch     ,        26,         6,    32
2026.07.07,13:45        ,14:00       ,Hirsch     ,        21,        13,    34
2026.07.07,14:00        ,14:15       ,Hirsch     ,        17,        10,    27
2026.07.07,14:15        ,14:30       ,Hirsch     ,        14,        10,    24
2026.07.07,14:30        ,14:45       ,Hirsch     ,        26,         9,    35
2026.07.07,14:45        ,15:00       ,Hirsch     ,        19,         5,    24
2026.07.07,15:00        ,15:15       ,Hirsch     ,        29,        13,    42
2026.07.07,15:15        ,15:30       ,Hirsch     ,        37,        13,    50
2026.07.07,15:30        ,15:45       ,Hirsch     ,        33,        18,    51
2026.07.07,15:45        ,16:00       ,Hirsch     ,        50,         8,    58
2026.07.07,16:00        ,16:15       ,Hirsch     ,        40,        15,    55
2026.07.07,16:15        ,16:30       ,Hirsch     ,        73,        20,    93
2026.07.07,16:30        ,16:45       ,Hirsch     ,        60,        16,    76
2026.07.07,16:45        ,17:00       ,Hirsch     ,        51,        15,    66
2026.07.07,17:00        ,17:15       ,Hirsch     ,        70,        22,    92
2026.07.07,17:15        ,17:30       ,Hirsch     ,        66,        24,    90
2026.07.07,17:30        ,17:45       ,Hirsch     ,        75,        19,    94
2026.07.07,17:45        ,18:00       ,Hirsch     ,        70,        36,   106
2026.07.07,18:00        ,18:15       ,Hirsch     ,        69,        30,    99
2026.07.07,18:15        ,18:30       ,Hirsch     ,        57,        25,    82
2026.07.07,18:30        ,18:45       ,Hirsch     ,        64,        25,    89
2026.07.07,18:45        ,19:00       ,Hirsch     ,        73,        21,    94
2026.07.07,19:00        ,19:15       ,Hirsch     ,        47,        18,    65
2026.07.07,19:15        ,19:30       ,Hirsch     ,        32,         2,    34
2026.07.07,19:30        ,19:45       ,Hirsch     ,        38,        10,    48
2026.07.07,19:45        ,20:00       ,Hirsch     ,        35,         6,    41
2026.07.07,20:00        ,20:15       ,Hirsch     ,        12,        11,    23
2026.07.07,20:15        ,20:30       ,Hirsch     ,        18,         2,    20
2026.07.07,20:30        ,20:45       ,Hirsch     ,        14,        13,    27
2026.07.07,20:45        ,21:00       ,Hirsch     ,        22,         9,    31
2026.07.07,21:00        ,21:15       ,Hirsch     ,        22,         9,    31
2026.07.07,21:15        ,21:30       ,Hirsch     ,        19,         3,    22
2026.07.07,21:30        ,21:45       ,Hirsch     ,        17,        11,    28
2026.07.07,21:45        ,22:00       ,Hirsch     ,        15,        10,    25
2026.07.07,22:00        ,22:15       ,Hirsch     ,        19,         9,    28
2026.07.07,22:15        ,22:30       ,Hirsch     ,        11,         4,    15
2026.07.07,22:30        ,22:45       ,Hirsch     ,         9,         2,    11
2026.07.07,22:45        ,23:00       ,Hirsch     ,         6,         3,     9
2026.07.07,23:00        ,23:15       ,Hirsch     ,         3,         4,     7
2026.07.07,23:15        ,23:30       ,Hirsch     ,         5,         1,     6
2026.07.07,23:30        ,23:45       ,Hirsch     ,         4,         2,     6
2026.07.07,23:45        ,00:00       ,Hirsch     ,         2,         0,     2
2026.07.08,00:00        ,00:15       ,Hirsch     ,         4,         3,     7
2026.07.08,00:15        ,00:30       ,Hirsch     ,         4,         1,     5
2026.07.08,00:30        ,00:45       ,Hirsch     ,         1,         0,     1
2026.07.08,00:45        ,01:00       ,Hirsch     ,         2,         0,     2
2026.07.08,01:00        ,01:15       ,Hirsch     ,        13,         0,    13
2026.07.08,01:15        ,01:30       ,Hirsch     ,         2,         1,     3
2026.07.08,01:30        ,01:45       ,Hirsch     ,         1,         1,     2
2026.07.08,01:45        ,02:00       ,Hirsch     ,         0,         0,     0
2026.07.08,02:00        ,02:15       ,Hirsch     ,         0,         1,     1
2026.07.08,02:15        ,02:30       ,Hirsch     ,         0,         0,     0
2026.07.08,02:30        ,02:45       ,Hirsch     ,         1,         0,     1
2026.07.08,02:45        ,03:00       ,Hirsch     ,         0,         0,     0
2026.07.08,03:00        ,03:15       ,Hirsch     ,         0,         0,     0
2026.07.08,03:15        ,03:30       ,Hirsch     ,         0,         0,     0
2026.07.08,03:30        ,03:45       ,Hirsch     ,         0,         0,     0
2026.07.08,03:45        ,04:00       ,Hirsch     ,         0,         0,     0
2026.07.08,04:00        ,04:15       ,Hirsch     ,         0,         0,     0
2026.07.08,04:15        ,04:30       ,Hirsch     ,         0,         0,     0
2026.07.08,04:30        ,04:45       ,Hirsch     ,         0,         1,     1
2026.07.08,04:45        ,05:00       ,Hirsch     ,         0,         1,     1
2026.07.08,05:00        ,05:15       ,Hirsch     ,         0,         3,     3
2026.07.08,05:15        ,05:30       ,Hirsch     ,         0,         6,     6
2026.07.08,05:30        ,05:45       ,Hirsch     ,         3,         7,    10
2026.07.08,05:45        ,06:00       ,Hirsch     ,         0,         6,     6
2026.07.08,06:00        ,06:15       ,Hirsch     ,         3,         5,     8
2026.07.08,06:15        ,06:30       ,Hirsch     ,         4,        10,    14
2026.07.08,06:30        ,06:45       ,Hirsch     ,         2,        12,    14
2026.07.08,06:45        ,07:00       ,Hirsch     ,         6,        24,    30
2026.07.08,07:00        ,07:15       ,Hirsch     ,         4,        26,    30
2026.07.08,07:15        ,07:30       ,Hirsch     ,         5,        39,    44
2026.07.08,07:30        ,07:45       ,Hirsch     ,        10,        52,    62
2026.07.08,07:45        ,08:00       ,Hirsch     ,         5,        66,    71
2026.07.08,08:00        ,08:15       ,Hirsch     ,         1,        83,    84
2026.07.08,08:15        ,08:30       ,Hirsch     ,        15,        91,   106
2026.07.08,08:30        ,08:45       ,Hirsch     ,        11,        88,    99
2026.07.08,08:45        ,09:00       ,Hirsch     ,        16,        62,    78
2026.07.08,09:00        ,09:15       ,Hirsch     ,         4,        48,    52
2026.07.08,09:15        ,09:30       ,Hirsch     ,        10,        28,    38
2026.07.08,09:30        ,09:45       ,Hirsch     ,         9,        21,    30
2026.07.08,09:45        ,10:00       ,Hirsch     ,         3,        27,    30
2026.07.08,10:00        ,10:15       ,Hirsch     ,         5,        13,    18
2026.07.08,10:15        ,10:30       ,Hirsch     ,         5,        18,    23
2026.07.08,10:30        ,10:45       ,Hirsch     ,         4,        16,    20
2026.07.08,10:45        ,11:00       ,Hirsch     ,         3,         8,    11
2026.07.08,11:00        ,11:15       ,Hirsch     ,         5,        11,    16
2026.07.08,11:15        ,11:30       ,Hirsch     ,         7,         7,    14
2026.07.08,11:30        ,11:45       ,Hirsch     ,        11,         4,    15
2026.07.08,11:45        ,12:00       ,Hirsch     ,         9,         6,    15
2026.07.08,12:00        ,12:15       ,Hirsch     ,         8,         8,    16
2026.07.08,12:15        ,12:30       ,Hirsch     ,         7,        11,    18
2026.07.08,12:30        ,12:45       ,Hirsch     ,         8,        10,    18
2026.07.08,12:45        ,13:00       ,Hirsch     ,        11,         3,    14
2026.07.08,13:00        ,13:15       ,Hirsch     ,        13,         8,    21
2026.07.08,13:15        ,13:30       ,Hirsch     ,         8,         4,    12
2026.07.08,13:30        ,13:45       ,Hirsch     ,        13,        11,    24
2026.07.08,13:45        ,14:00       ,Hirsch     ,        17,         4,    21
2026.07.08,14:00        ,14:15       ,Hirsch     ,        12,         6,    18
2026.07.08,14:15        ,14:30       ,Hirsch     ,        19,        12,    31
2026.07.08,14:30        ,14:45       ,Hirsch     ,        28,         8,    36
2026.07.08,14:45        ,15:00       ,Hirsch     ,        24,         3,    27
2026.07.08,15:00        ,15:15       ,Hirsch     ,        19,        14,    33
2026.07.08,15:15        ,15:30       ,Hirsch     ,        20,         7,    27
2026.07.08,15:30        ,15:45       ,Hirsch     ,        29,        16,    45
2026.07.08,15:45        ,16:00       ,Hirsch     ,        32,        11,    43
2026.07.08,16:00        ,16:15       ,Hirsch     ,        40,        13,    53
2026.07.08,16:15        ,16:30       ,Hirsch     ,        28,        13,    41
2026.07.08,16:30        ,16:45       ,Hirsch     ,        38,        17,    55
2026.07.08,16:45        ,17:00       ,Hirsch     ,        30,        15,    45
2026.07.08,17:00        ,17:15       ,Hirsch     ,        43,        12,    55
2026.07.08,17:15        ,17:30       ,Hirsch     ,        53,        19,    72
2026.07.08,17:30        ,17:45       ,Hirsch     ,        57,        31,    88
2026.07.08,17:45        ,18:00       ,Hirsch     ,        59,        15,    74
2026.07.08,18:00        ,18:15       ,Hirsch     ,        40,        17,    57
2026.07.08,18:15        ,18:30       ,Hirsch     ,        50,        13,    63
2026.07.08,18:30        ,18:45       ,Hirsch     ,        48,        15,    63
2026.07.08,18:45        ,19:00       ,Hirsch     ,        38,        17,    55
2026.07.08,19:00        ,19:15       ,Hirsch     ,        40,        22,    62
2026.07.08,19:15        ,19:30       ,Hirsch     ,        32,        17,    49
2026.07.08,19:30        ,19:45       ,Hirsch     ,        11,         9,    20
2026.07.08,19:45        ,20:00       ,Hirsch     ,        23,        13,    36
2026.07.08,20:00        ,20:15       ,Hirsch     ,        27,        11,    38
2026.07.08,20:15        ,20:30       ,Hirsch     ,        23,         8,    31
2026.07.08,20:30        ,20:45       ,Hirsch     ,        22,        10,    32
2026.07.08,20:45        ,21:00       ,Hirsch     ,        14,        15,    29
2026.07.08,21:00        ,21:15       ,Hirsch     ,        12,         7,    19
2026.07.08,21:15        ,21:30       ,Hirsch     ,        14,         7,    21
2026.07.08,21:30        ,21:45       ,Hirsch     ,         9,         8,    17
2026.07.08,21:45        ,22:00       ,Hirsch     ,        12,         1,    13
2026.07.08,22:00        ,22:15       ,Hirsch     ,         8,         7,    15
2026.07.08,22:15        ,22:30       ,Hirsch     ,        11,         5,    16
2026.07.08,22:30        ,22:45       ,Hirsch     ,         7,         1,     8
2026.07.08,22:45        ,23:00       ,Hirsch     ,        11,         1,    12
2026.07.08,23:00        ,23:15       ,Hirsch     ,         8,         5,    13
2026.07.08,23:15        ,23:30       ,Hirsch     ,         9,         2,    11
2026.07.08,23:30        ,23:45       ,Hirsch     ,         5,         1,     6
2026.07.08,23:45        ,00:00       ,Hirsch     ,         0,         0,     0
2026.07.09,00:00        ,00:15       ,Hirsch     ,         2,         1,     3
2026.07.09,00:15        ,00:30       ,Hirsch     ,         2,         0,     2
2026.07.09,00:30        ,00:45       ,Hirsch     ,         0,         0,     0
2026.07.09,00:45        ,01:00       ,Hirsch     ,         1,         0,     1
2026.07.09,01:00        ,01:15       ,Hirsch     ,         2,         1,     3
2026.07.09,01:15        ,01:30       ,Hirsch     ,         2,         1,     3
2026.07.09,01:30        ,01:45       ,Hirsch     ,         0,         0,     0
2026.07.09,01:45        ,02:00       ,Hirsch     ,         0,         0,     0
2026.07.09,02:00        ,02:15       ,Hirsch     ,         1,         0,     1
2026.07.09,02:15        ,02:30       ,Hirsch     ,         0,         0,     0
2026.07.09,02:30        ,02:45       ,Hirsch     ,         0,         0,     0
2026.07.09,02:45        ,03:00       ,Hirsch     ,         0,         0,     0
2026.07.09,03:00        ,03:15       ,Hirsch     ,         0,         0,     0
2026.07.09,03:15        ,03:30       ,Hirsch     ,         0,         1,     1
2026.07.09,03:30        ,03:45       ,Hirsch     ,         0,         0,     0
2026.07.09,03:45        ,04:00       ,Hirsch     ,         0,         0,     0
2026.07.09,04:00        ,04:15       ,Hirsch     ,         0,         0,     0
2026.07.09,04:15        ,04:30       ,Hirsch     ,         1,         0,     1
2026.07.09,04:30        ,04:45       ,Hirsch     ,         0,         1,     1
2026.07.09,04:45        ,05:00       ,Hirsch     ,         0,         1,     1
2026.07.09,05:00        ,05:15       ,Hirsch     ,         0,         3,     3
2026.07.09,05:15        ,05:30       ,Hirsch     ,         0,         3,     3
2026.07.09,05:30        ,05:45       ,Hirsch     ,         2,        10,    12
2026.07.09,05:45        ,06:00       ,Hirsch     ,         1,         9,    10
2026.07.09,06:00        ,06:15       ,Hirsch     ,         4,        10,    14
2026.07.09,06:15        ,06:30       ,Hirsch     ,         3,        18,    21
2026.07.09,06:30        ,06:45       ,Hirsch     ,         4,        24,    28
2026.07.09,06:45        ,07:00       ,Hirsch     ,         8,        36,    44
2026.07.09,07:00        ,07:15       ,Hirsch     ,         7,        35,    42
2026.07.09,07:15        ,07:30       ,Hirsch     ,         8,        62,    70
2026.07.09,07:30        ,07:45       ,Hirsch     ,        15,       103,   118
2026.07.09,07:45        ,08:00       ,Hirsch     ,        17,       101,   118
2026.07.09,08:00        ,08:15       ,Hirsch     ,        16,       116,   132
2026.07.09,08:15        ,08:30       ,Hirsch     ,        17,       144,   161
2026.07.09,08:30        ,08:45       ,Hirsch     ,        16,       120,   136
2026.07.09,08:45        ,09:00       ,Hirsch     ,        15,        68,    83
2026.07.09,09:00        ,09:15       ,Hirsch     ,         7,        59,    66
2026.07.09,09:15        ,09:30       ,Hirsch     ,        12,        39,    51
2026.07.09,09:30        ,09:45       ,Hirsch     ,         8,        26,    34
2026.07.09,09:45        ,10:00       ,Hirsch     ,         9,        32,    41
2026.07.09,10:00        ,10:15       ,Hirsch     ,        15,        15,    30
2026.07.09,10:15        ,10:30       ,Hirsch     ,         8,        19,    27
2026.07.09,10:30        ,10:45       ,Hirsch     ,        12,        19,    31
2026.07.09,10:45        ,11:00       ,Hirsch     ,         8,        16,    24
2026.07.09,11:00        ,11:15       ,Hirsch     ,         9,        16,    25
2026.07.09,11:15        ,11:30       ,Hirsch     ,         8,        17,    25
2026.07.09,11:30        ,11:45       ,Hirsch     ,         8,        11,    19
2026.07.09,11:45        ,12:00       ,Hirsch     ,        16,        11,    27
2026.07.09,12:00        ,12:15       ,Hirsch     ,        17,         8,    25
2026.07.09,12:15        ,12:30       ,Hirsch     ,        11,         5,    16
2026.07.09,12:30        ,12:45       ,Hirsch     ,        12,        12,    24
2026.07.09,12:45        ,13:00       ,Hirsch     ,        13,        11,    24
2026.07.09,13:00        ,13:15       ,Hirsch     ,        20,        11,    31
2026.07.09,13:15        ,13:30       ,Hirsch     ,        10,         7,    17
2026.07.09,13:30        ,13:45       ,Hirsch     ,        20,        10,    30
2026.07.09,13:45        ,14:00       ,Hirsch     ,        24,        10,    34
2026.07.09,14:00        ,14:15       ,Hirsch     ,        21,         8,    29
2026.07.09,14:15        ,14:30       ,Hirsch     ,        24,         7,    31
2026.07.09,14:30        ,14:45       ,Hirsch     ,        32,        11,    43
2026.07.09,14:45        ,15:00       ,Hirsch     ,        24,        11,    35
2026.07.09,15:00        ,15:15       ,Hirsch     ,        31,        12,    43
2026.07.09,15:15        ,15:30       ,Hirsch     ,        30,        12,    42
2026.07.09,15:30        ,15:45       ,Hirsch     ,        25,        20,    45
2026.07.09,15:45        ,16:00       ,Hirsch     ,        32,        15,    47
2026.07.09,16:00        ,16:15       ,Hirsch     ,        30,         6,    36
2026.07.09,16:15        ,16:30       ,Hirsch     ,        48,        17,    65
2026.07.09,16:30        ,16:45       ,Hirsch     ,        46,        18,    64
2026.07.09,16:45        ,17:00       ,Hirsch     ,        52,        17,    69
2026.07.09,17:00        ,17:15       ,Hirsch     ,        65,        23,    88
2026.07.09,17:15        ,17:30       ,Hirsch     ,        72,        21,    93
2026.07.09,17:30        ,17:45       ,Hirsch     ,        79,        31,   110
2026.07.09,17:45        ,18:00       ,Hirsch     ,        67,        26,    93
2026.07.09,18:00        ,18:15       ,Hirsch     ,        65,        17,    82
2026.07.09,18:15        ,18:30       ,Hirsch     ,        60,        24,    84
2026.07.09,18:30        ,18:45       ,Hirsch     ,        57,        23,    80
2026.07.09,18:45        ,19:00       ,Hirsch     ,        49,        23,    72
2026.07.09,19:00        ,19:15       ,Hirsch     ,        43,        18,    61
2026.07.09,19:15        ,19:30       ,Hirsch     ,        31,        11,    42
2026.07.09,19:30        ,19:45       ,Hirsch     ,        25,        14,    39
2026.07.09,19:45        ,20:00       ,Hirsch     ,        28,        14,    42
2026.07.09,20:00        ,20:15       ,Hirsch     ,        28,        15,    43
2026.07.09,20:15        ,20:30       ,Hirsch     ,        14,        10,    24
2026.07.09,20:30        ,20:45       ,Hirsch     ,        17,        15,    32
2026.07.09,20:45        ,21:00       ,Hirsch     ,        24,         9,    33
2026.07.09,21:00        ,21:15       ,Hirsch     ,        23,        17,    40
2026.07.09,21:15        ,21:30       ,Hirsch     ,        17,        13,    30
2026.07.09,21:30        ,21:45       ,Hirsch     ,        13,        10,    23
2026.07.09,21:45        ,22:00       ,Hirsch     ,        17,         5,    22
2026.07.09,22:00        ,22:15       ,Hirsch     ,        15,        12,    27
2026.07.09,22:15        ,22:30       ,Hirsch     ,        20,         8,    28
2026.07.09,22:30        ,22:45       ,Hirsch     ,        10,         3,    13
2026.07.09,22:45        ,23:00       ,Hirsch     ,        17,         3,    20
2026.07.09,23:00        ,23:15       ,Hirsch     ,         6,         2,     8
2026.07.09,23:15        ,23:30       ,Hirsch     ,         8,         5,    13
2026.07.09,23:30        ,23:45       ,Hirsch     ,         0,         2,     2
2026.07.09,23:45        ,00:00       ,Hirsch     ,         4,         0,     4
2026.07.10,00:00        ,00:15       ,Hirsch     ,         9,         0,     9
2026.07.10,00:15        ,00:30       ,Hirsch     ,         4,         1,     5
2026.07.10,00:30        ,00:45       ,Hirsch     ,         5,         0,     5
2026.07.10,00:45        ,01:00       ,Hirsch     ,         3,         0,     3
2026.07.10,01:00        ,01:15       ,Hirsch     ,         6,         1,     7
2026.07.10,01:15        ,01:30       ,Hirsch     ,         0,         0,     0
2026.07.10,01:30        ,01:45       ,Hirsch     ,         2,         0,     2
2026.07.10,01:45        ,02:00       ,Hirsch     ,         0,         0,     0
2026.07.10,02:00        ,02:15       ,Hirsch     ,         2,         0,     2
2026.07.10,02:15        ,02:30       ,Hirsch     ,         1,         0,     1
2026.07.10,02:30        ,02:45       ,Hirsch     ,         0,         1,     1
2026.07.10,02:45        ,03:00       ,Hirsch     ,         0,         0,     0
2026.07.10,03:00        ,03:15       ,Hirsch     ,         0,         0,     0
2026.07.10,03:15        ,03:30       ,Hirsch     ,         1,         0,     1
2026.07.10,03:30        ,03:45       ,Hirsch     ,         1,         0,     1
2026.07.10,03:45        ,04:00       ,Hirsch     ,         0,         0,     0
2026.07.10,04:00        ,04:15       ,Hirsch     ,         0,         1,     1
2026.07.10,04:15        ,04:30       ,Hirsch     ,         0,         2,     2
2026.07.10,04:30        ,04:45       ,Hirsch     ,         0,         1,     1
2026.07.10,04:45        ,05:00       ,Hirsch     ,         0,         0,     0
2026.07.10,05:00        ,05:15       ,Hirsch     ,         0,         4,     4
2026.07.10,05:15        ,05:30       ,Hirsch     ,         0,         3,     3
2026.07.10,05:30        ,05:45       ,Hirsch     ,         2,        10,    12
2026.07.10,05:45        ,06:00       ,Hirsch     ,         1,         4,     5
2026.07.10,06:00        ,06:15       ,Hirsch     ,         4,         5,     9
2026.07.10,06:15        ,06:30       ,Hirsch     ,         6,        11,    17
2026.07.10,06:30        ,06:45       ,Hirsch     ,         3,        20,    23
2026.07.10,06:45        ,07:00       ,Hirsch     ,         4,        32,    36
2026.07.10,07:00        ,07:15       ,Hirsch     ,         3,        38,    41
2026.07.10,07:15        ,07:30       ,Hirsch     ,         6,        36,    42
2026.07.10,07:30        ,07:45       ,Hirsch     ,        17,        58,    75
2026.07.10,07:45        ,08:00       ,Hirsch     ,        13,        83,    96
2026.07.10,08:00        ,08:15       ,Hirsch     ,        17,        54,    71
2026.07.10,08:15        ,08:30       ,Hirsch     ,        17,        65,    82
2026.07.10,08:30        ,08:45       ,Hirsch     ,         9,        72,    81
2026.07.10,08:45        ,09:00       ,Hirsch     ,        15,        46,    61
2026.07.10,09:00        ,09:15       ,Hirsch     ,         6,        38,    44
2026.07.10,09:15        ,09:30       ,Hirsch     ,         8,        33,    41
2026.07.10,09:30        ,09:45       ,Hirsch     ,        12,        30,    42
2026.07.10,09:45        ,10:00       ,Hirsch     ,        13,        12,    25
2026.07.10,10:00        ,10:15       ,Hirsch     ,         8,        11,    19
2026.07.10,10:15        ,10:30       ,Hirsch     ,         5,        21,    26
2026.07.10,10:30        ,10:45       ,Hirsch     ,         6,         8,    14
2026.07.10,10:45        ,11:00       ,Hirsch     ,        13,        12,    25
2026.07.10,11:00        ,11:15       ,Hirsch     ,        13,         3,    16
2026.07.10,11:15        ,11:30       ,Hirsch     ,        12,        14,    26
2026.07.10,11:30        ,11:45       ,Hirsch     ,        10,         9,    19
2026.07.10,11:45        ,12:00       ,Hirsch     ,        30,        10,    40
2026.07.10,12:00        ,12:15       ,Hirsch     ,        18,        10,    28
2026.07.10,12:15        ,12:30       ,Hirsch     ,        12,        12,    24
2026.07.10,12:30        ,12:45       ,Hirsch     ,        15,        10,    25
2026.07.10,12:45        ,13:00       ,Hirsch     ,        18,        14,    32
2026.07.10,13:00        ,13:15       ,Hirsch     ,        19,         9,    28
2026.07.10,13:15        ,13:30       ,Hirsch     ,        26,        10,    36
2026.07.10,13:30        ,13:45       ,Hirsch     ,        31,         7,    38
2026.07.10,13:45        ,14:00       ,Hirsch     ,        18,        10,    28
2026.07.10,14:00        ,14:15       ,Hirsch     ,        27,         6,    33
2026.07.10,14:15        ,14:30       ,Hirsch     ,        31,        16,    47
2026.07.10,14:30        ,14:45       ,Hirsch     ,        15,         7,    22
2026.07.10,14:45        ,15:00       ,Hirsch     ,        30,        10,    40
2026.07.10,15:00        ,15:15       ,Hirsch     ,        19,        15,    34
2026.07.10,15:15        ,15:30       ,Hirsch     ,        34,        11,    45
2026.07.10,15:30        ,15:45       ,Hirsch     ,        33,        14,    47
2026.07.10,15:45        ,16:00       ,Hirsch     ,        43,        14,    57
2026.07.10,16:00        ,16:15       ,Hirsch     ,        34,        15,    49
2026.07.10,16:15        ,16:30       ,Hirsch     ,        28,        22,    50
2026.07.10,16:30        ,16:45       ,Hirsch     ,        33,        22,    55
2026.07.10,16:45        ,17:00       ,Hirsch     ,        30,         8,    38
2026.07.10,17:00        ,17:15       ,Hirsch     ,        39,        25,    64
2026.07.10,17:15        ,17:30       ,Hirsch     ,        53,        19,    72
2026.07.10,17:30        ,17:45       ,Hirsch     ,        34,        27,    61
2026.07.10,17:45        ,18:00       ,Hirsch     ,        33,        27,    60
2026.07.10,18:00        ,18:15       ,Hirsch     ,        38,        14,    52
2026.07.10,18:15        ,18:30       ,Hirsch     ,        25,        27,    52
2026.07.10,18:30        ,18:45       ,Hirsch     ,        35,        26,    61
2026.07.10,18:45        ,19:00       ,Hirsch     ,        32,        16,    48
2026.07.10,19:00        ,19:15       ,Hirsch     ,        16,        28,    44
2026.07.10,19:15        ,19:30       ,Hirsch     ,        26,        19,    45
2026.07.10,19:30        ,19:45       ,Hirsch     ,        23,        26,    49
2026.07.10,19:45        ,20:00       ,Hirsch     ,        10,         8,    18
2026.07.10,20:00        ,20:15       ,Hirsch     ,        28,        17,    45
2026.07.10,20:15        ,20:30       ,Hirsch     ,        15,        16,    31
2026.07.10,20:30        ,20:45       ,Hirsch     ,         8,        11,    19
2026.07.10,20:45        ,21:00       ,Hirsch     ,        11,        13,    24
2026.07.10,21:00        ,21:15       ,Hirsch     ,         8,        12,    20
2026.07.10,21:15        ,21:30       ,Hirsch     ,         9,        10,    19
2026.07.10,21:30        ,21:45       ,Hirsch     ,         9,         5,    14
2026.07.10,21:45        ,22:00       ,Hirsch     ,        13,         5,    18
2026.07.10,22:00        ,22:15       ,Hirsch     ,        16,        11,    27
2026.07.10,22:15        ,22:30       ,Hirsch     ,        15,         8,    23
2026.07.10,22:30        ,22:45       ,Hirsch     ,        23,         2,    25
2026.07.10,22:45        ,23:00       ,Hirsch     ,        11,         4,    15
2026.07.10,23:00        ,23:15       ,Hirsch     ,        22,         5,    27
2026.07.10,23:15        ,23:30       ,Hirsch     ,        11,         3,    14
2026.07.10,23:30        ,23:45       ,Hirsch     ,         9,         1,    10
2026.07.10,23:45        ,00:00       ,Hirsch     ,         6,         2,     8
2026.07.11,00:00        ,00:15       ,Hirsch     ,         9,         5,    14
2026.07.11,00:15        ,00:30       ,Hirsch     ,        10,         0,    10
2026.07.11,00:30        ,00:45       ,Hirsch     ,         6,         2,     8
2026.07.11,00:45        ,01:00       ,Hirsch     ,        12,         4,    16
2026.07.11,01:00        ,01:15       ,Hirsch     ,         4,         0,     4
2026.07.11,01:15        ,01:30       ,Hirsch     ,         2,         0,     2
2026.07.11,01:30        ,01:45       ,Hirsch     ,         5,         0,     5
2026.07.11,01:45        ,02:00       ,Hirsch     ,         4,         0,     4
2026.07.11,02:00        ,02:15       ,Hirsch     ,         0,         0,     0
2026.07.11,02:15        ,02:30       ,Hirsch     ,         4,         0,     4
2026.07.11,02:30        ,02:45       ,Hirsch     ,         0,         0,     0
2026.07.11,02:45        ,03:00       ,Hirsch     ,         1,         1,     2
2026.07.11,03:00        ,03:15       ,Hirsch     ,         0,         0,     0
2026.07.11,03:15        ,03:30       ,Hirsch     ,         4,         0,     4
2026.07.11,03:30        ,03:45       ,Hirsch     ,         0,         1,     1
2026.07.11,03:45        ,04:00       ,Hirsch     ,         1,         0,     1
2026.07.11,04:00        ,04:15       ,Hirsch     ,         1,         0,     1
2026.07.11,04:15        ,04:30       ,Hirsch     ,         0,         0,     0
2026.07.11,04:30        ,04:45       ,Hirsch     ,         1,         1,     2
2026.07.11,04:45        ,05:00       ,Hirsch     ,         0,         0,     0
2026.07.11,05:00        ,05:15       ,Hirsch     ,         1,         0,     1
2026.07.11,05:15        ,05:30       ,Hirsch     ,         0,         1,     1
2026.07.11,05:30        ,05:45       ,Hirsch     ,         1,         1,     2
2026.07.11,05:45        ,06:00       ,Hirsch     ,         2,         2,     4
2026.07.11,06:00        ,06:15       ,Hirsch     ,         0,         0,     0
2026.07.11,06:15        ,06:30       ,Hirsch     ,         0,         5,     5
2026.07.11,06:30        ,06:45       ,Hirsch     ,         1,         0,     1
2026.07.11,06:45        ,07:00       ,Hirsch     ,         0,         3,     3
2026.07.11,07:00        ,07:15       ,Hirsch     ,         2,         4,     6
2026.07.11,07:15        ,07:30       ,Hirsch     ,         0,         4,     4
2026.07.11,07:30        ,07:45       ,Hirsch     ,         6,         4,    10
2026.07.11,07:45        ,08:00       ,Hirsch     ,         1,         4,     5
2026.07.11,08:00        ,08:15       ,Hirsch     ,         5,         3,     8
2026.07.11,08:15        ,08:30       ,Hirsch     ,         1,        15,    16
2026.07.11,08:30        ,08:45       ,Hirsch     ,         3,         5,     8
2026.07.11,08:45        ,09:00       ,Hirsch     ,         5,         8,    13
2026.07.11,09:00        ,09:15       ,Hirsch     ,        10,        13,    23
2026.07.11,09:15        ,09:30       ,Hirsch     ,         7,         8,    15
2026.07.11,09:30        ,09:45       ,Hirsch     ,         8,        15,    23
2026.07.11,09:45        ,10:00       ,Hirsch     ,         9,        18,    27
2026.07.11,10:00        ,10:15       ,Hirsch     ,         4,        11,    15
2026.07.11,10:15        ,10:30       ,Hirsch     ,         3,         7,    10
2026.07.11,10:30        ,10:45       ,Hirsch     ,        11,        17,    28
2026.07.11,10:45        ,11:00       ,Hirsch     ,        12,        13,    25
2026.07.11,11:00        ,11:15       ,Hirsch     ,        11,         4,    15
2026.07.11,11:15        ,11:30       ,Hirsch     ,        11,        22,    33
2026.07.11,11:30        ,11:45       ,Hirsch     ,         8,         9,    17
2026.07.11,11:45        ,12:00       ,Hirsch     ,        10,         8,    18
2026.07.11,12:00        ,12:15       ,Hirsch     ,        11,        12,    23
2026.07.11,12:15        ,12:30       ,Hirsch     ,         9,        13,    22
2026.07.11,12:30        ,12:45       ,Hirsch     ,        13,        11,    24
2026.07.11,12:45        ,13:00       ,Hirsch     ,        13,         8,    21
2026.07.11,13:00        ,13:15       ,Hirsch     ,        15,         8,    23
2026.07.11,13:15        ,13:30       ,Hirsch     ,        19,        10,    29
2026.07.11,13:30        ,13:45       ,Hirsch     ,        15,        17,    32
2026.07.11,13:45        ,14:00       ,Hirsch     ,        10,        13,    23
2026.07.11,14:00        ,14:15       ,Hirsch     ,         5,         9,    14
2026.07.11,14:15        ,14:30       ,Hirsch     ,        13,        11,    24
2026.07.11,14:30        ,14:45       ,Hirsch     ,        18,        11,    29
2026.07.11,14:45        ,15:00       ,Hirsch     ,        15,        12,    27
2026.07.11,15:00        ,15:15       ,Hirsch     ,         8,        13,    21
2026.07.11,15:15        ,15:30       ,Hirsch     ,        11,         8,    19
2026.07.11,15:30        ,15:45       ,Hirsch     ,         5,         6,    11
2026.07.11,15:45        ,16:00       ,Hirsch     ,         8,         8,    16
2026.07.11,16:00        ,16:15       ,Hirsch     ,         5,        12,    17
2026.07.11,16:15        ,16:30       ,Hirsch     ,        12,        17,    29
2026.07.11,16:30        ,16:45       ,Hirsch     ,        21,        28,    49
2026.07.11,16:45        ,17:00       ,Hirsch     ,        18,        20,    38
2026.07.11,17:00        ,17:15       ,Hirsch     ,        21,        16,    37
2026.07.11,17:15        ,17:30       ,Hirsch     ,        17,        25,    42
2026.07.11,17:30        ,17:45       ,Hirsch     ,        17,        22,    39
2026.07.11,17:45        ,18:00       ,Hirsch     ,        21,        20,    41
2026.07.11,18:00        ,18:15       ,Hirsch     ,        13,        17,    30
2026.07.11,18:15        ,18:30       ,Hirsch     ,        11,        17,    28
2026.07.11,18:30        ,18:45       ,Hirsch     ,        22,        11,    33
2026.07.11,18:45        ,19:00       ,Hirsch     ,        11,         8,    19
2026.07.11,19:00        ,19:15       ,Hirsch     ,        13,        14,    27
2026.07.11,19:15        ,19:30       ,Hirsch     ,        12,        13,    25
2026.07.11,19:30        ,19:45       ,Hirsch     ,        10,        25,    35
2026.07.11,19:45        ,20:00       ,Hirsch     ,         9,        14,    23
2026.07.11,20:00        ,20:15       ,Hirsch     ,         6,         6,    12
2026.07.11,20:15        ,20:30       ,Hirsch     ,         8,        10,    18
2026.07.11,20:30        ,20:45       ,Hirsch     ,         6,         8,    14
2026.07.11,20:45        ,21:00       ,Hirsch     ,         6,         8,    14
2026.07.11,21:00        ,21:15       ,Hirsch     ,        17,        11,    28
2026.07.11,21:15        ,21:30       ,Hirsch     ,        11,         8,    19
2026.07.11,21:30        ,21:45       ,Hirsch     ,         9,        11,    20
2026.07.11,21:45        ,22:00       ,Hirsch     ,        11,         7,    18
2026.07.11,22:00        ,22:15       ,Hirsch     ,         5,         6,    11
2026.07.11,22:15        ,22:30       ,Hirsch     ,         9,         5,    14
2026.07.11,22:30        ,22:45       ,Hirsch     ,         8,         8,    16
2026.07.11,22:45        ,23:00       ,Hirsch     ,        19,         4,    23
2026.07.11,23:00        ,23:15       ,Hirsch     ,        14,         2,    16
2026.07.11,23:15        ,23:30       ,Hirsch     ,         7,         2,     9
2026.07.11,23:30        ,23:45       ,Hirsch     ,        16,         0,    16
2026.07.11,23:45        ,00:00       ,Hirsch     ,         3,         1,     4
2026.07.12,00:00        ,00:15       ,Hirsch     ,        12,         4,    16
2026.07.12,00:15        ,00:30       ,Hirsch     ,         5,         0,     5
2026.07.12,00:30        ,00:45       ,Hirsch     ,         3,         0,     3
2026.07.12,00:45        ,01:00       ,Hirsch     ,         6,         1,     7
2026.07.12,01:00        ,01:15       ,Hirsch     ,         8,         0,     8
2026.07.12,01:15        ,01:30       ,Hirsch     ,        10,         0,    10
2026.07.12,01:30        ,01:45       ,Hirsch     ,         0,         0,     0
2026.07.12,01:45        ,02:00       ,Hirsch     ,         5,         1,     6
2026.07.12,02:00        ,02:15       ,Hirsch     ,        13,         0,    13
2026.07.12,02:15        ,02:30       ,Hirsch     ,         2,         0,     2
2026.07.12,02:30        ,02:45       ,Hirsch     ,         1,         3,     4
2026.07.12,02:45        ,03:00       ,Hirsch     ,         2,         0,     2
2026.07.12,03:00        ,03:15       ,Hirsch     ,         1,         2,     3
2026.07.12,03:15        ,03:30       ,Hirsch     ,         2,         0,     2
2026.07.12,03:30        ,03:45       ,Hirsch     ,         0,         0,     0
2026.07.12,03:45        ,04:00       ,Hirsch     ,         1,         0,     1
2026.07.12,04:00        ,04:15       ,Hirsch     ,         3,         0,     3
2026.07.12,04:15        ,04:30       ,Hirsch     ,         0,         0,     0
2026.07.12,04:30        ,04:45       ,Hirsch     ,         0,         0,     0
2026.07.12,04:45        ,05:00       ,Hirsch     ,         0,         1,     1
2026.07.12,05:00        ,05:15       ,Hirsch     ,         0,         0,     0
2026.07.12,05:15        ,05:30       ,Hirsch     ,         0,         1,     1
2026.07.12,05:30        ,05:45       ,Hirsch     ,         0,         0,     0
2026.07.12,05:45        ,06:00       ,Hirsch     ,         3,         0,     3
2026.07.12,06:00        ,06:15       ,Hirsch     ,         0,         4,     4
2026.07.12,06:15        ,06:30       ,Hirsch     ,         1,         2,     3
2026.07.12,06:30        ,06:45       ,Hirsch     ,         1,         3,     4
2026.07.12,06:45        ,07:00       ,Hirsch     ,         1,         1,     2
2026.07.12,07:00        ,07:15       ,Hirsch     ,         1,         6,     7
2026.07.12,07:15        ,07:30       ,Hirsch     ,         0,         5,     5
2026.07.12,07:30        ,07:45       ,Hirsch     ,         2,         3,     5
2026.07.12,07:45        ,08:00       ,Hirsch     ,         1,         5,     6
2026.07.12,08:00        ,08:15       ,Hirsch     ,         2,         1,     3
2026.07.12,08:15        ,08:30       ,Hirsch     ,         3,         6,     9
2026.07.12,08:30        ,08:45       ,Hirsch     ,         2,         5,     7
2026.07.12,08:45        ,09:00       ,Hirsch     ,         8,        12,    20
2026.07.12,09:00        ,09:15       ,Hirsch     ,         5,         4,     9
2026.07.12,09:15        ,09:30       ,Hirsch     ,         9,         8,    17
2026.07.12,09:30        ,09:45       ,Hirsch     ,         6,         7,    13
2026.07.12,09:45        ,10:00       ,Hirsch     ,         9,        12,    21
2026.07.12,10:00        ,10:15       ,Hirsch     ,        12,        16,    28
2026.07.12,10:15        ,10:30       ,Hirsch     ,         7,        18,    25
2026.07.12,10:30        ,10:45       ,Hirsch     ,        18,        13,    31
2026.07.12,10:45        ,11:00       ,Hirsch     ,        15,         9,    24
2026.07.12,11:00        ,11:15       ,Hirsch     ,        23,        16,    39
2026.07.12,11:15        ,11:30       ,Hirsch     ,        24,         9,    33
2026.07.12,11:30        ,11:45       ,Hirsch     ,        15,        10,    25
2026.07.12,11:45        ,12:00       ,Hirsch     ,        17,        19,    36
2026.07.12,12:00        ,12:15       ,Hirsch     ,        20,         8,    28
2026.07.12,12:15        ,12:30       ,Hirsch     ,        10,        12,    22
2026.07.12,12:30        ,12:45       ,Hirsch     ,        16,         7,    23
2026.07.12,12:45        ,13:00       ,Hirsch     ,        12,        11,    23
2026.07.12,13:00        ,13:15       ,Hirsch     ,        17,         8,    25
2026.07.12,13:15        ,13:30       ,Hirsch     ,        12,         9,    21
2026.07.12,13:30        ,13:45       ,Hirsch     ,        16,        11,    27
2026.07.12,13:45        ,14:00       ,Hirsch     ,        20,        15,    35
2026.07.12,14:00        ,14:15       ,Hirsch     ,        12,         8,    20
2026.07.12,14:15        ,14:30       ,Hirsch     ,        15,        10,    25
2026.07.12,14:30        ,14:45       ,Hirsch     ,        12,        14,    26
2026.07.12,14:45        ,15:00       ,Hirsch     ,         7,        19,    26
2026.07.12,15:00        ,15:15       ,Hirsch     ,         8,        15,    23
2026.07.12,15:15        ,15:30       ,Hirsch     ,        14,        14,    28
2026.07.12,15:30        ,15:45       ,Hirsch     ,        13,        11,    24
2026.07.12,15:45        ,16:00       ,Hirsch     ,        12,         6,    18
2026.07.12,16:00        ,16:15       ,Hirsch     ,        14,         8,    22
2026.07.12,16:15        ,16:30       ,Hirsch     ,         9,        15,    24
2026.07.12,16:30        ,16:45       ,Hirsch     ,        16,         7,    23
2026.07.12,16:45        ,17:00       ,Hirsch     ,         9,        11,    20
2026.07.12,17:00        ,17:15       ,Hirsch     ,        12,        23,    35
2026.07.12,17:15        ,17:30       ,Hirsch     ,        13,        15,    28
2026.07.12,17:30        ,17:45       ,Hirsch     ,         5,        20,    25
2026.07.12,17:45        ,18:00       ,Hirsch     ,        15,        17,    32
2026.07.12,18:00        ,18:15       ,Hirsch     ,         9,        19,    28
2026.07.12,18:15        ,18:30       ,Hirsch     ,        13,        20,    33
2026.07.12,18:30        ,18:45       ,Hirsch     ,         7,        19,    26
2026.07.12,18:45        ,19:00       ,Hirsch     ,         8,        28,    36
2026.07.12,19:00        ,19:15       ,Hirsch     ,        19,        17,    36
2026.07.12,19:15        ,19:30       ,Hirsch     ,        12,        17,    29
2026.07.12,19:30        ,19:45       ,Hirsch     ,        10,        10,    20
2026.07.12,19:45        ,20:00       ,Hirsch     ,        18,         8,    26
2026.07.12,20:00        ,20:15       ,Hirsch     ,        10,        24,    34
2026.07.12,20:15        ,20:30       ,Hirsch     ,        11,         9,    20
2026.07.12,20:30        ,20:45       ,Hirsch     ,        20,        15,    35
2026.07.12,20:45        ,21:00       ,Hirsch     ,        11,        12,    23
2026.07.12,21:00        ,21:15       ,Hirsch     ,         5,        14,    19
2026.07.12,21:15        ,21:30       ,Hirsch     ,        12,        10,    22
2026.07.12,21:30        ,21:45       ,Hirsch     ,         8,         2,    10
2026.07.12,21:45        ,22:00       ,Hirsch     ,        13,         3,    16
2026.07.12,22:00        ,22:15       ,Hirsch     ,         9,         5,    14
2026.07.12,22:15        ,22:30       ,Hirsch     ,         7,         7,    14
2026.07.12,22:30        ,22:45       ,Hirsch     ,         5,         2,     7
2026.07.12,22:45        ,23:00       ,Hirsch     ,         5,         3,     8
2026.07.12,23:00        ,23:15       ,Hirsch     ,         8,         3,    11
2026.07.12,23:15        ,23:30       ,Hirsch     ,         8,         2,    10
2026.07.12,23:30        ,23:45       ,Hirsch     ,         1,         3,     4
2026.07.12,23:45        ,00:00       ,Hirsch     ,         1,         1,     2
2026.07.13,00:00        ,00:15       ,Hirsch     ,         1,         0,     1
2026.07.13,00:15        ,00:30       ,Hirsch     ,         1,         0,     1
2026.07.13,00:30        ,00:45       ,Hirsch     ,         2,         1,     3
2026.07.13,00:45        ,01:00       ,Hirsch     ,         1,         0,     1
2026.07.13,01:00        ,01:15       ,Hirsch     ,         0,         0,     0
2026.07.13,01:15        ,01:30       ,Hirsch     ,         0,         1,     1
2026.07.13,01:30        ,01:45       ,Hirsch     ,         0,         0,     0
2026.07.13,01:45        ,02:00       ,Hirsch     ,         0,         0,     0
2026.07.13,02:00        ,02:15       ,Hirsch     ,         0,         0,     0
2026.07.13,02:15        ,02:30       ,Hirsch     ,         0,         1,     1
2026.07.13,02:30        ,02:45       ,Hirsch     ,         0,         0,     0
2026.07.13,02:45        ,03:00       ,Hirsch     ,         0,         0,     0
2026.07.13,03:00        ,03:15       ,Hirsch     ,         1,         0,     1
2026.07.13,03:15        ,03:30       ,Hirsch     ,         0,         0,     0
2026.07.13,03:30        ,03:45       ,Hirsch     ,         0,         0,     0
2026.07.13,03:45        ,04:00       ,Hirsch     ,         0,         0,     0
2026.07.13,04:00        ,04:15       ,Hirsch     ,         0,         0,     0
2026.07.13,04:15        ,04:30       ,Hirsch     ,         0,         0,     0
2026.07.13,04:30        ,04:45       ,Hirsch     ,         0,         0,     0
2026.07.13,04:45        ,05:00       ,Hirsch     ,         0,         1,     1
2026.07.13,05:00        ,05:15       ,Hirsch     ,         0,         3,     3
2026.07.13,05:15        ,05:30       ,Hirsch     ,         0,         4,     4
2026.07.13,05:30        ,05:45       ,Hirsch     ,         1,         7,     8
2026.07.13,05:45        ,06:00       ,Hirsch     ,         1,        10,    11
2026.07.13,06:00        ,06:15       ,Hirsch     ,         4,         7,    11
2026.07.13,06:15        ,06:30       ,Hirsch     ,         2,        10,    12
2026.07.13,06:30        ,06:45       ,Hirsch     ,         6,        18,    24
2026.07.13,06:45        ,07:00       ,Hirsch     ,         9,        38,    47
2026.07.13,07:00        ,07:15       ,Hirsch     ,         9,        56,    65
2026.07.13,07:15        ,07:30       ,Hirsch     ,        11,        62,    73
2026.07.13,07:30        ,07:45       ,Hirsch     ,        17,        99,   116
2026.07.13,07:45        ,08:00       ,Hirsch     ,        14,        94,   108
2026.07.13,08:00        ,08:15       ,Hirsch     ,        24,       113,   137
2026.07.13,08:15        ,08:30       ,Hirsch     ,        21,       120,   141
2026.07.13,08:30        ,08:45       ,Hirsch     ,        19,       107,   126
2026.07.13,08:45        ,09:00       ,Hirsch     ,        12,        73,    85
2026.07.13,09:00        ,09:15       ,Hirsch     ,        19,        54,    73
2026.07.13,09:15        ,09:30       ,Hirsch     ,         9,        46,    55
2026.07.13,09:30        ,09:45       ,Hirsch     ,         4,        33,    37
2026.07.13,09:45        ,10:00       ,Hirsch     ,         6,        23,    29
2026.07.13,10:00        ,10:15       ,Hirsch     ,         5,        24,    29
2026.07.13,10:15        ,10:30       ,Hirsch     ,         7,        18,    25
2026.07.13,10:30        ,10:45       ,Hirsch     ,         9,        18,    27
2026.07.13,10:45        ,11:00       ,Hirsch     ,        14,        11,    25
2026.07.13,11:00        ,11:15       ,Hirsch     ,         8,        14,    22
2026.07.13,11:15        ,11:30       ,Hirsch     ,        11,        12,    23
2026.07.13,11:30        ,11:45       ,Hirsch     ,        11,         6,    17
2026.07.13,11:45        ,12:00       ,Hirsch     ,         8,        11,    19
2026.07.13,12:00        ,12:15       ,Hirsch     ,        11,        11,    22
2026.07.13,12:15        ,12:30       ,Hirsch     ,         7,        11,    18
2026.07.13,12:30        ,12:45       ,Hirsch     ,        21,         5,    26
2026.07.13,12:45        ,13:00       ,Hirsch     ,        16,         5,    21
2026.07.13,13:00        ,13:15       ,Hirsch     ,         9,         9,    18
2026.07.13,13:15        ,13:30       ,Hirsch     ,         8,         8,    16
2026.07.13,13:30        ,13:45       ,Hirsch     ,        22,         7,    29
2026.07.13,13:45        ,14:00       ,Hirsch     ,        13,        12,    25
2026.07.13,14:00        ,14:15       ,Hirsch     ,        19,         5,    24
2026.07.13,14:15        ,14:30       ,Hirsch     ,        18,        15,    33
2026.07.13,14:30        ,14:45       ,Hirsch     ,        17,         6,    23
2026.07.13,14:45        ,15:00       ,Hirsch     ,        22,         4,    26
2026.07.13,15:00        ,15:15       ,Hirsch     ,        25,        13,    38
2026.07.13,15:15        ,15:30       ,Hirsch     ,        43,         7,    50
2026.07.13,15:30        ,15:45       ,Hirsch     ,        48,         9,    57
2026.07.13,15:45        ,16:00       ,Hirsch     ,        26,        10,    36
2026.07.13,16:00        ,16:15       ,Hirsch     ,        39,        19,    58
2026.07.13,16:15        ,16:30       ,Hirsch     ,        44,        14,    58
2026.07.13,16:30        ,16:45       ,Hirsch     ,        49,        14,    63
2026.07.13,16:45        ,17:00       ,Hirsch     ,        60,        11,    71
2026.07.13,17:00        ,17:15       ,Hirsch     ,        73,        16,    89
2026.07.13,17:15        ,17:30       ,Hirsch     ,        74,        19,    93
2026.07.13,17:30        ,17:45       ,Hirsch     ,        70,        23,    93
2026.07.13,17:45        ,18:00       ,Hirsch     ,        67,        32,    99
2026.07.13,18:00        ,18:15       ,Hirsch     ,        62,        23,    85
2026.07.13,18:15        ,18:30       ,Hirsch     ,        70,        34,   104
2026.07.13,18:30        ,18:45       ,Hirsch     ,        46,        21,    67
2026.07.13,18:45        ,19:00       ,Hirsch     ,        65,        22,    87
2026.07.13,19:00        ,19:15       ,Hirsch     ,        43,        12,    55
2026.07.13,19:15        ,19:30       ,Hirsch     ,        25,        24,    49
2026.07.13,19:30        ,19:45       ,Hirsch     ,        31,        18,    49
2026.07.13,19:45        ,20:00       ,Hirsch     ,        17,        16,    33
2026.07.13,20:00        ,20:15       ,Hirsch     ,        26,         7,    33
2026.07.13,20:15        ,20:30       ,Hirsch     ,        23,        14,    37
2026.07.13,20:30        ,20:45       ,Hirsch     ,        20,        11,    31
2026.07.13,20:45        ,21:00       ,Hirsch     ,         7,         8,    15
2026.07.13,21:00        ,21:15       ,Hirsch     ,        15,         3,    18
2026.07.13,21:15        ,21:30       ,Hirsch     ,        18,         6,    24
2026.07.13,21:30        ,21:45       ,Hirsch     ,        12,         2,    14
2026.07.13,21:45        ,22:00       ,Hirsch     ,        17,         6,    23
2026.07.13,22:00        ,22:15       ,Hirsch     ,        12,         2,    14
2026.07.13,22:15        ,22:30       ,Hirsch     ,        12,         5,    17
2026.07.13,22:30        ,22:45       ,Hirsch     ,         8,         3,    11
2026.07.13,22:45        ,23:00       ,Hirsch     ,         8,         4,    12
2026.07.13,23:00        ,23:15       ,Hirsch     ,         7,         2,     9
2026.07.13,23:15        ,23:30       ,Hirsch     ,         3,         2,     5
2026.07.13,23:30        ,23:45       ,Hirsch     ,         6,         2,     8
2026.07.13,23:45        ,00:00       ,Hirsch     ,         2,         1,     3
2026.07.14,00:00        ,00:15       ,Hirsch     ,         1,         1,     2
2026.07.14,00:15        ,00:30       ,Hirsch     ,         1,         2,     3
2026.07.14,00:30        ,00:45       ,Hirsch     ,         0,         1,     1
2026.07.14,00:45        ,01:00       ,Hirsch     ,         0,         0,     0
2026.07.14,01:00        ,01:15       ,Hirsch     ,         0,         1,     1
2026.07.14,01:15        ,01:30       ,Hirsch     ,         1,         1,     2
2026.07.14,01:30        ,01:45       ,Hirsch     ,         0,         0,     0
2026.07.14,01:45        ,02:00       ,Hirsch     ,         0,         0,     0
2026.07.14,02:00        ,02:15       ,Hirsch     ,         0,         1,     1
2026.07.14,02:15        ,02:30       ,Hirsch     ,         0,         1,     1
2026.07.14,02:30        ,02:45       ,Hirsch     ,         0,         0,     0
2026.07.14,02:45        ,03:00       ,Hirsch     ,         0,         0,     0
2026.07.14,03:00        ,03:15       ,Hirsch     ,         0,         0,     0
2026.07.14,03:15        ,03:30       ,Hirsch     ,         0,         0,     0
2026.07.14,03:30        ,03:45       ,Hirsch     ,         0,         0,     0
2026.07.14,03:45        ,04:00       ,Hirsch     ,         0,         0,     0
2026.07.14,04:00        ,04:15       ,Hirsch     ,         0,         0,     0
2026.07.14,04:15        ,04:30       ,Hirsch     ,         0,         1,     1
2026.07.14,04:30        ,04:45       ,Hirsch     ,         1,         0,     1
2026.07.14,04:45        ,05:00       ,Hirsch     ,         1,         0,     1
2026.07.14,05:00        ,05:15       ,Hirsch     ,         3,         2,     5
2026.07.14,05:15        ,05:30       ,Hirsch     ,         2,         1,     3
2026.07.14,05:30        ,05:45       ,Hirsch     ,        10,         2,    12
2026.07.14,05:45        ,06:00       ,Hirsch     ,         7,         4,    11
2026.07.14,06:00        ,06:15       ,Hirsch     ,         8,         2,    10
2026.07.14,06:15        ,06:30       ,Hirsch     ,        12,         4,    16
2026.07.14,06:30        ,06:45       ,Hirsch     ,        30,         6,    36
2026.07.14,06:45        ,07:00       ,Hirsch     ,        44,         7,    51
2026.07.14,07:00        ,07:15       ,Hirsch     ,        52,        11,    63
2026.07.14,07:15        ,07:30       ,Hirsch     ,        55,         9,    64
2026.07.14,07:30        ,07:45       ,Hirsch     ,        87,        14,   101
2026.07.14,07:45        ,08:00       ,Hirsch     ,       108,        19,   127
2026.07.14,08:00        ,08:15       ,Hirsch     ,        95,        14,   109
2026.07.14,08:15        ,08:30       ,Hirsch     ,       109,        13,   122
2026.07.14,08:30        ,08:45       ,Hirsch     ,       108,        15,   123
2026.07.14,08:45        ,09:00       ,Hirsch     ,        67,        18,    85
2026.07.14,09:00        ,09:15       ,Hirsch     ,        53,        11,    64
2026.07.14,09:15        ,09:30       ,Hirsch     ,        46,         9,    55
2026.07.14,09:30        ,09:45       ,Hirsch     ,        31,         7,    38
2026.07.14,09:45        ,10:00       ,Hirsch     ,        18,         4,    22
2026.07.14,10:00        ,10:15       ,Hirsch     ,         9,         3,    12
2026.07.14,10:15        ,10:30       ,Hirsch     ,         3,         3,     6
2026.07.14,10:30        ,10:45       ,Hirsch     ,         2,         3,     5
2026.07.14,10:45        ,11:00       ,Hirsch     ,         5,         4,     9
2026.07.14,11:00        ,11:15       ,Hirsch     ,         0,         2,     2
2026.07.14,11:15        ,11:30       ,Hirsch     ,         2,         7,     9
2026.07.14,11:30        ,11:45       ,Hirsch     ,         5,         8,    13
2026.07.14,11:45        ,12:00       ,Hirsch     ,         1,         2,     3
2026.07.14,12:00        ,12:15       ,Hirsch     ,         4,         4,     8
2026.07.14,12:15        ,12:30       ,Hirsch     ,         7,         3,    10
2026.07.14,12:30        ,12:45       ,Hirsch     ,         7,         7,    14
2026.07.14,12:45        ,13:00       ,Hirsch     ,         2,         6,     8
2026.07.14,13:00        ,13:15       ,Hirsch     ,         5,         8,    13
2026.07.14,13:15        ,13:30       ,Hirsch     ,         4,        21,    25
2026.07.14,13:30        ,13:45       ,Hirsch     ,         7,        16,    23
2026.07.14,13:45        ,14:00       ,Hirsch     ,         9,        11,    20
2026.07.14,14:00        ,14:15       ,Hirsch     ,         8,        19,    27
2026.07.14,14:15        ,14:30       ,Hirsch     ,        13,        16,    29
2026.07.14,14:30        ,14:45       ,Hirsch     ,         9,        16,    25
2026.07.14,14:45        ,15:00       ,Hirsch     ,         8,        20,    28
2026.07.14,15:00        ,15:15       ,Hirsch     ,         8,        22,    30
2026.07.14,15:15        ,15:30       ,Hirsch     ,        18,        36,    54
2026.07.14,15:30        ,15:45       ,Hirsch     ,         9,        32,    41
2026.07.14,15:45        ,16:00       ,Hirsch     ,        10,        46,    56
2026.07.14,16:00        ,16:15       ,Hirsch     ,        13,        49,    62
2026.07.14,16:15        ,16:30       ,Hirsch     ,        15,        45,    60
2026.07.14,16:30        ,16:45       ,Hirsch     ,        15,        53,    68
2026.07.14,16:45        ,17:00       ,Hirsch     ,        19,        58,    77
2026.07.14,17:00        ,17:15       ,Hirsch     ,        19,        59,    78
2026.07.14,17:15        ,17:30       ,Hirsch     ,        23,        55,    78
2026.07.14,17:30        ,17:45       ,Hirsch     ,        23,        53,    76
2026.07.14,17:45        ,18:00       ,Hirsch     ,        22,        79,   101
2026.07.14,18:00        ,18:15       ,Hirsch     ,        28,        59,    87
2026.07.14,18:15        ,18:30       ,Hirsch     ,        20,        69,    89
2026.07.14,18:30        ,18:45       ,Hirsch     ,        17,        48,    65
2026.07.14,18:45        ,19:00       ,Hirsch     ,        19,        48,    67
2026.07.14,19:00        ,19:15       ,Hirsch     ,        16,        41,    57
2026.07.14,19:15        ,19:30       ,Hirsch     ,        15,        26,    41
2026.07.14,19:30        ,19:45       ,Hirsch     ,        18,        28,    46
2026.07.14,19:45        ,20:00       ,Hirsch     ,        21,        23,    44
2026.07.14,20:00        ,20:15       ,Hirsch     ,        17,        22,    39
2026.07.14,20:15        ,20:30       ,Hirsch     ,        17,        16,    33
2026.07.14,20:30        ,20:45       ,Hirsch     ,         9,        29,    38
2026.07.14,20:45        ,21:00       ,Hirsch     ,        19,        13,    32
2026.07.14,21:00        ,21:15       ,Hirsch     ,         9,        18,    27
2026.07.14,21:15        ,21:30       ,Hirsch     ,         6,        17,    23
2026.07.14,21:30        ,21:45       ,Hirsch     ,         5,        13,    18
2026.07.14,21:45        ,22:00       ,Hirsch     ,         3,        13,    16
2026.07.14,22:00        ,22:15       ,Hirsch     ,         9,        12,    21
2026.07.14,22:15        ,22:30       ,Hirsch     ,         4,        11,    15
2026.07.14,22:30        ,22:45       ,Hirsch     ,         0,         4,     4
2026.07.14,22:45        ,23:00       ,Hirsch     ,         1,        12,    13
2026.07.14,23:00        ,23:15       ,Hirsch     ,         4,        22,    26
2026.07.14,23:15        ,23:30       ,Hirsch     ,         1,        10,    11
2026.07.14,23:30        ,23:45       ,Hirsch     ,         0,         1,     1
2026.07.14,23:45        ,00:00       ,Hirsch     ,         1,         2,     3
2026.07.15,00:00        ,00:15       ,Hirsch     ,         0,         1,     1
2026.07.15,00:15        ,00:30       ,Hirsch     ,         1,         2,     3
2026.07.15,00:30        ,00:45       ,Hirsch     ,         1,         4,     5
2026.07.15,00:45        ,01:00       ,Hirsch     ,         1,         0,     1
2026.07.15,01:00        ,01:15       ,Hirsch     ,         0,         1,     1
2026.07.15,01:15        ,01:30       ,Hirsch     ,         0,         1,     1
2026.07.15,01:30        ,01:45       ,Hirsch     ,         0,         1,     1
2026.07.15,01:45        ,02:00       ,Hirsch     ,         0,         0,     0
2026.07.15,02:00        ,02:15       ,Hirsch     ,         0,         1,     1
2026.07.15,02:15        ,02:30       ,Hirsch     ,         0,         1,     1
2026.07.15,02:30        ,02:45       ,Hirsch     ,         0,         0,     0
2026.07.15,02:45        ,03:00       ,Hirsch     ,         0,         0,     0
2026.07.15,03:00        ,03:15       ,Hirsch     ,         0,         0,     0
2026.07.15,03:15        ,03:30       ,Hirsch     ,         0,         0,     0
2026.07.15,03:30        ,03:45       ,Hirsch     ,         0,         0,     0
2026.07.15,03:45        ,04:00       ,Hirsch     ,         0,         0,     0
2026.07.15,04:00        ,04:15       ,Hirsch     ,         0,         0,     0
2026.07.15,04:15        ,04:30       ,Hirsch     ,         0,         0,     0
2026.07.15,04:30        ,04:45       ,Hirsch     ,         0,         0,     0
2026.07.15,04:45        ,05:00       ,Hirsch     ,         0,         0,     0
2026.07.15,05:00        ,05:15       ,Hirsch     ,         1,         0,     1
2026.07.15,05:15        ,05:30       ,Hirsch     ,         1,         1,     2
2026.07.15,05:30        ,05:45       ,Hirsch     ,         3,         2,     5
2026.07.15,05:45        ,06:00       ,Hirsch     ,         8,         0,     8
2026.07.15,06:00        ,06:15       ,Hirsch     ,         7,         2,     9
2026.07.15,06:15        ,06:30       ,Hirsch     ,         9,         3,    12
2026.07.15,06:30        ,06:45       ,Hirsch     ,        16,         5,    21
2026.07.15,06:45        ,07:00       ,Hirsch     ,        36,         7,    43
2026.07.15,07:00        ,07:15       ,Hirsch     ,        38,         4,    42
2026.07.15,07:15        ,07:30       ,Hirsch     ,        51,         9,    60
2026.07.15,07:30        ,07:45       ,Hirsch     ,        69,        13,    82
2026.07.15,07:45        ,08:00       ,Hirsch     ,        78,        13,    91
2026.07.15,08:00        ,08:15       ,Hirsch     ,        90,         6,    96
2026.07.15,08:15        ,08:30       ,Hirsch     ,       114,        15,   129
2026.07.15,08:30        ,08:45       ,Hirsch     ,        73,        18,    91
2026.07.15,08:45        ,09:00       ,Hirsch     ,        71,         8,    79
2026.07.15,09:00        ,09:15       ,Hirsch     ,        34,        12,    46
2026.07.15,09:15        ,09:30       ,Hirsch     ,        38,         9,    47
2026.07.15,09:30        ,09:45       ,Hirsch     ,        28,         6,    34
2026.07.15,09:45        ,10:00       ,Hirsch     ,        21,         8,    29
2026.07.15,10:00        ,10:15       ,Hirsch     ,        14,         3,    17
2026.07.15,10:15        ,10:30       ,Hirsch     ,        11,         4,    15
2026.07.15,10:30        ,10:45       ,Hirsch     ,         8,         3,    11
2026.07.15,10:45        ,11:00       ,Hirsch     ,        11,         6,    17
2026.07.15,11:00        ,11:15       ,Hirsch     ,         6,         8,    14
2026.07.15,11:15        ,11:30       ,Hirsch     ,         6,         1,     7
2026.07.15,11:30        ,11:45       ,Hirsch     ,         7,        14,    21
2026.07.15,11:45        ,12:00       ,Hirsch     ,         6,         6,    12
2026.07.15,12:00        ,12:15       ,Hirsch     ,         7,        12,    19
2026.07.15,12:15        ,12:30       ,Hirsch     ,         8,        10,    18
2026.07.15,12:30        ,12:45       ,Hirsch     ,         9,        18,    27
2026.07.15,12:45        ,13:00       ,Hirsch     ,         5,         4,     9
2026.07.15,13:00        ,13:15       ,Hirsch     ,         6,        11,    17
2026.07.15,13:15        ,13:30       ,Hirsch     ,         9,        17,    26
2026.07.15,13:30        ,13:45       ,Hirsch     ,         6,        11,    17
2026.07.15,13:45        ,14:00       ,Hirsch     ,         7,        23,    30
2026.07.15,14:00        ,14:15       ,Hirsch     ,         6,        26,    32
2026.07.15,14:15        ,14:30       ,Hirsch     ,         4,        17,    21
2026.07.15,14:30        ,14:45       ,Hirsch     ,         7,        19,    26
2026.07.15,14:45        ,15:00       ,Hirsch     ,        13,        21,    34
2026.07.15,15:00        ,15:15       ,Hirsch     ,        10,        16,    26
2026.07.15,15:15        ,15:30       ,Hirsch     ,         3,        27,    30
2026.07.15,15:30        ,15:45       ,Hirsch     ,        10,        25,    35
2026.07.15,15:45        ,16:00       ,Hirsch     ,         9,        36,    45
2026.07.15,16:00        ,16:15       ,Hirsch     ,        20,        22,    42
2026.07.15,16:15        ,16:30       ,Hirsch     ,        13,        38,    51
2026.07.15,16:30        ,16:45       ,Hirsch     ,         8,        47,    55
2026.07.15,16:45        ,17:00       ,Hirsch     ,        10,        33,    43
2026.07.15,17:00        ,17:15       ,Hirsch     ,        10,        48,    58
2026.07.15,17:15        ,17:30       ,Hirsch     ,        14,        53,    67
2026.07.15,17:30        ,17:45       ,Hirsch     ,        34,        48,    82
2026.07.15,17:45        ,18:00       ,Hirsch     ,        22,        54,    76
2026.07.15,18:00        ,18:15       ,Hirsch     ,        20,        44,    64
2026.07.15,18:15        ,18:30       ,Hirsch     ,        22,        35,    57
2026.07.15,18:30        ,18:45       ,Hirsch     ,        17,        37,    54
2026.07.15,18:45        ,19:00       ,Hirsch     ,        15,        44,    59
2026.07.15,19:00        ,19:15       ,Hirsch     ,        20,        35,    55
2026.07.15,19:15        ,19:30       ,Hirsch     ,        17,        27,    44
2026.07.15,19:30        ,19:45       ,Hirsch     ,        18,        20,    38
2026.07.15,19:45        ,20:00       ,Hirsch     ,         8,        27,    35
2026.07.15,20:00        ,20:15       ,Hirsch     ,        14,        20,    34
2026.07.15,20:15        ,20:30       ,Hirsch     ,        16,        14,    30
2026.07.15,20:30        ,20:45       ,Hirsch     ,        14,        19,    33
2026.07.15,20:45        ,21:00       ,Hirsch     ,         6,        13,    19
2026.07.15,21:00        ,21:15       ,Hirsch     ,         6,        15,    21
2026.07.15,21:15        ,21:30       ,Hirsch     ,         4,        11,    15
2026.07.15,21:30        ,21:45       ,Hirsch     ,         0,         8,     8
2026.07.15,21:45        ,22:00       ,Hirsch     ,         2,         9,    11
2026.07.15,22:00        ,22:15       ,Hirsch     ,         2,        14,    16
2026.07.15,22:15        ,22:30       ,Hirsch     ,         4,        11,    15
2026.07.15,22:30        ,22:45       ,Hirsch     ,         1,        11,    12
2026.07.15,22:45        ,23:00       ,Hirsch     ,         3,         6,     9
2026.07.15,23:00        ,23:15       ,Hirsch     ,         1,        11,    12
2026.07.15,23:15        ,23:30       ,Hirsch     ,         3,        11,    14
2026.07.15,23:30        ,23:45       ,Hirsch     ,         4,         6,    10
2026.07.15,23:45        ,00:00       ,Hirsch     ,         1,         5,     6
2026.07.16,00:00        ,00:15       ,Hirsch     ,         1,         5,     6
2026.07.16,00:15        ,00:30       ,Hirsch     ,         0,         0,     0
2026.07.16,00:30        ,00:45       ,Hirsch     ,         0,         0,     0
2026.07.16,00:45        ,01:00       ,Hirsch     ,         0,         2,     2
2026.07.16,01:00        ,01:15       ,Hirsch     ,         0,         2,     2
2026.07.16,01:15        ,01:30       ,Hirsch     ,         0,         2,     2
2026.07.16,01:30        ,01:45       ,Hirsch     ,         0,         1,     1
2026.07.16,01:45        ,02:00       ,Hirsch     ,         0,         0,     0
2026.07.16,02:00        ,02:15       ,Hirsch     ,         0,         0,     0
2026.07.16,02:15        ,02:30       ,Hirsch     ,         0,         3,     3
2026.07.16,02:30        ,02:45       ,Hirsch     ,         0,         0,     0
2026.07.16,02:45        ,03:00       ,Hirsch     ,         0,         1,     1
2026.07.16,03:00        ,03:15       ,Hirsch     ,         0,         0,     0
2026.07.16,03:15        ,03:30       ,Hirsch     ,         0,         0,     0
2026.07.16,03:30        ,03:45       ,Hirsch     ,         1,         0,     1
2026.07.16,03:45        ,04:00       ,Hirsch     ,         0,         0,     0
2026.07.16,04:00        ,04:15       ,Hirsch     ,         0,         0,     0
2026.07.16,04:15        ,04:30       ,Hirsch     ,         0,         0,     0
2026.07.16,04:30        ,04:45       ,Hirsch     ,         0,         0,     0
2026.07.16,04:45        ,05:00       ,Hirsch     ,         1,         0,     1
2026.07.16,05:00        ,05:15       ,Hirsch     ,         1,         0,     1
2026.07.16,05:15        ,05:30       ,Hirsch     ,         3,         0,     3
2026.07.16,05:30        ,05:45       ,Hirsch     ,         3,         2,     5
2026.07.16,05:45        ,06:00       ,Hirsch     ,         5,         0,     5
2026.07.16,06:00        ,06:15       ,Hirsch     ,         4,         2,     6
2026.07.16,06:15        ,06:30       ,Hirsch     ,        13,         0,    13
2026.07.16,06:30        ,06:45       ,Hirsch     ,        23,         5,    28
2026.07.16,06:45        ,07:00       ,Hirsch     ,        41,        12,    53
2026.07.16,07:00        ,07:15       ,Hirsch     ,        43,         8,    51
2026.07.16,07:15        ,07:30       ,Hirsch     ,        53,         9,    62
2026.07.16,07:30        ,07:45       ,Hirsch     ,        92,        14,   106
2026.07.16,07:45        ,08:00       ,Hirsch     ,       126,        13,   139
2026.07.16,08:00        ,08:15       ,Hirsch     ,       110,        12,   122
2026.07.16,08:15        ,08:30       ,Hirsch     ,       144,        10,   154
2026.07.16,08:30        ,08:45       ,Hirsch     ,        96,        23,   119
2026.07.16,08:45        ,09:00       ,Hirsch     ,        75,        17,    92
2026.07.16,09:00        ,09:15       ,Hirsch     ,        58,         7,    65
2026.07.16,09:15        ,09:30       ,Hirsch     ,        40,         9,    49
2026.07.16,09:30        ,09:45       ,Hirsch     ,        37,        14,    51
2026.07.16,09:45        ,10:00       ,Hirsch     ,        18,        15,    33
2026.07.16,10:00        ,10:15       ,Hirsch     ,        21,         8,    29
2026.07.16,10:15        ,10:30       ,Hirsch     ,        13,        11,    24
2026.07.16,10:30        ,10:45       ,Hirsch     ,        16,         5,    21
2026.07.16,10:45        ,11:00       ,Hirsch     ,        14,        11,    25
2026.07.16,11:00        ,11:15       ,Hirsch     ,        14,        13,    27
2026.07.16,11:15        ,11:30       ,Hirsch     ,         3,        11,    14
2026.07.16,11:30        ,11:45       ,Hirsch     ,        11,        12,    23
2026.07.16,11:45        ,12:00       ,Hirsch     ,        14,         8,    22
2026.07.16,12:00        ,12:15       ,Hirsch     ,        13,        14,    27
2026.07.16,12:15        ,12:30       ,Hirsch     ,        10,         7,    17
2026.07.16,12:30        ,12:45       ,Hirsch     ,        10,        13,    23
2026.07.16,12:45        ,13:00       ,Hirsch     ,         7,        17,    24
2026.07.16,13:00        ,13:15       ,Hirsch     ,        17,        21,    38
2026.07.16,13:15        ,13:30       ,Hirsch     ,         9,        23,    32
2026.07.16,13:30        ,13:45       ,Hirsch     ,        12,        14,    26
2026.07.16,13:45        ,14:00       ,Hirsch     ,        13,        12,    25
2026.07.16,14:00        ,14:15       ,Hirsch     ,         3,        23,    26
2026.07.16,14:15        ,14:30       ,Hirsch     ,         5,        21,    26
2026.07.16,14:30        ,14:45       ,Hirsch     ,         9,        28,    37
2026.07.16,14:45        ,15:00       ,Hirsch     ,        11,        17,    28
2026.07.16,15:00        ,15:15       ,Hirsch     ,        11,        25,    36
2026.07.16,15:15        ,15:30       ,Hirsch     ,         9,        30,    39
2026.07.16,15:30        ,15:45       ,Hirsch     ,         7,        43,    50
2026.07.16,15:45        ,16:00       ,Hirsch     ,        14,        32,    46
2026.07.16,16:00        ,16:15       ,Hirsch     ,        13,        40,    53
2026.07.16,16:15        ,16:30       ,Hirsch     ,        22,        59,    81
2026.07.16,16:30        ,16:45       ,Hirsch     ,        17,        45,    62
2026.07.16,16:45        ,17:00       ,Hirsch     ,        12,        44,    56
2026.07.16,17:00        ,17:15       ,Hirsch     ,        19,        54,    73
2026.07.16,17:15        ,17:30       ,Hirsch     ,        28,        55,    83
2026.07.16,17:30        ,17:45       ,Hirsch     ,        22,        57,    79
2026.07.16,17:45        ,18:00       ,Hirsch     ,        31,        79,   110
2026.07.16,18:00        ,18:15       ,Hirsch     ,        18,        63,    81
2026.07.16,18:15        ,18:30       ,Hirsch     ,        26,        70,    96
2026.07.16,18:30        ,18:45       ,Hirsch     ,        33,        61,    94
2026.07.16,18:45        ,19:00       ,Hirsch     ,        29,        52,    81
2026.07.16,19:00        ,19:15       ,Hirsch     ,        22,        31,    53
2026.07.16,19:15        ,19:30       ,Hirsch     ,        19,        28,    47
2026.07.16,19:30        ,19:45       ,Hirsch     ,        21,        32,    53
2026.07.16,19:45        ,20:00       ,Hirsch     ,        18,        30,    48
2026.07.16,20:00        ,20:15       ,Hirsch     ,         9,        24,    33
2026.07.16,20:15        ,20:30       ,Hirsch     ,         8,        13,    21
2026.07.16,20:30        ,20:45       ,Hirsch     ,         7,        22,    29
2026.07.16,20:45        ,21:00       ,Hirsch     ,        19,        16,    35
2026.07.16,21:00        ,21:15       ,Hirsch     ,        16,        21,    37
2026.07.16,21:15        ,21:30       ,Hirsch     ,        18,        29,    47
2026.07.16,21:30        ,21:45       ,Hirsch     ,         8,        16,    24
2026.07.16,21:45        ,22:00       ,Hirsch     ,         5,        22,    27
2026.07.16,22:00        ,22:15       ,Hirsch     ,         3,        17,    20
2026.07.16,22:15        ,22:30       ,Hirsch     ,         3,         9,    12
2026.07.16,22:30        ,22:45       ,Hirsch     ,         1,         6,     7
2026.07.16,22:45        ,23:00       ,Hirsch     ,         0,         7,     7
2026.07.16,23:00        ,23:15       ,Hirsch     ,         4,         4,     8
2026.07.16,23:15        ,23:30       ,Hirsch     ,         1,         2,     3
2026.07.16,23:30        ,23:45       ,Hirsch     ,         1,         4,     5
2026.07.16,23:45        ,00:00       ,Hirsch     ,         1,         5,     6
2026.07.17,00:00        ,00:15       ,Hirsch     ,         2,         4,     6
2026.07.17,00:15        ,00:30       ,Hirsch     ,         0,         4,     4
2026.07.17,00:30        ,00:45       ,Hirsch     ,         1,         8,     9
2026.07.17,00:45        ,01:00       ,Hirsch     ,         1,         2,     3
2026.07.17,01:00        ,01:15       ,Hirsch     ,         1,         4,     5
2026.07.17,01:15        ,01:30       ,Hirsch     ,         0,         0,     0
2026.07.17,01:30        ,01:45       ,Hirsch     ,         0,         0,     0
2026.07.17,01:45        ,02:00       ,Hirsch     ,         0,         1,     1
2026.07.17,02:00        ,02:15       ,Hirsch     ,         0,         0,     0
2026.07.17,02:15        ,02:30       ,Hirsch     ,         0,         0,     0
2026.07.17,02:30        ,02:45       ,Hirsch     ,         0,         0,     0
2026.07.17,02:45        ,03:00       ,Hirsch     ,         0,         0,     0
2026.07.17,03:00        ,03:15       ,Hirsch     ,         0,         0,     0
2026.07.17,03:15        ,03:30       ,Hirsch     ,         0,         0,     0
2026.07.17,03:30        ,03:45       ,Hirsch     ,         0,         0,     0
2026.07.17,03:45        ,04:00       ,Hirsch     ,         1,         0,     1
2026.07.17,04:00        ,04:15       ,Hirsch     ,         0,         0,     0
2026.07.17,04:15        ,04:30       ,Hirsch     ,         0,         0,     0
2026.07.17,04:30        ,04:45       ,Hirsch     ,         0,         0,     0
2026.07.17,04:45        ,05:00       ,Hirsch     ,         0,         0,     0
2026.07.17,05:00        ,05:15       ,Hirsch     ,         1,         1,     2
2026.07.17,05:15        ,05:30       ,Hirsch     ,         1,         1,     2
2026.07.17,05:30        ,05:45       ,Hirsch     ,         5,         3,     8
2026.07.17,05:45        ,06:00       ,Hirsch     ,         5,         0,     5
2026.07.17,06:00        ,06:15       ,Hirsch     ,         5,         3,     8
2026.07.17,06:15        ,06:30       ,Hirsch     ,         5,         2,     7
2026.07.17,06:30        ,06:45       ,Hirsch     ,        16,         4,    20
2026.07.17,06:45        ,07:00       ,Hirsch     ,        15,         6,    21
2026.07.17,07:00        ,07:15       ,Hirsch     ,        34,         3,    37
2026.07.17,07:15        ,07:30       ,Hirsch     ,        37,        10,    47
2026.07.17,07:30        ,07:45       ,Hirsch     ,        57,        13,    70
2026.07.17,07:45        ,08:00       ,Hirsch     ,        52,         3,    55
2026.07.17,08:00        ,08:15       ,Hirsch     ,        58,        11,    69
2026.07.17,08:15        ,08:30       ,Hirsch     ,        64,        15,    79
2026.07.17,08:30        ,08:45       ,Hirsch     ,        61,        17,    78
2026.07.17,08:45        ,09:00       ,Hirsch     ,        46,         6,    52
2026.07.17,09:00        ,09:15       ,Hirsch     ,        37,         5,    42
2026.07.17,09:15        ,09:30       ,Hirsch     ,        21,         5,    26
2026.07.17,09:30        ,09:45       ,Hirsch     ,        18,        10,    28
2026.07.17,09:45        ,10:00       ,Hirsch     ,        17,         9,    26
2026.07.17,10:00        ,10:15       ,Hirsch     ,        13,         9,    22
2026.07.17,10:15        ,10:30       ,Hirsch     ,        16,        14,    30
2026.07.17,10:30        ,10:45       ,Hirsch     ,        20,         8,    28
2026.07.17,10:45        ,11:00       ,Hirsch     ,         6,         8,    14
2026.07.17,11:00        ,11:15       ,Hirsch     ,         5,         5,    10
2026.07.17,11:15        ,11:30       ,Hirsch     ,        15,        11,    26
2026.07.17,11:30        ,11:45       ,Hirsch     ,         5,         3,     8
2026.07.17,11:45        ,12:00       ,Hirsch     ,        12,        14,    26
2026.07.17,12:00        ,12:15       ,Hirsch     ,         9,        14,    23
2026.07.17,12:15        ,12:30       ,Hirsch     ,        12,        23,    35
2026.07.17,12:30        ,12:45       ,Hirsch     ,         7,         7,    14
2026.07.17,12:45        ,13:00       ,Hirsch     ,         8,        25,    33
2026.07.17,13:00        ,13:15       ,Hirsch     ,         6,        18,    24
2026.07.17,13:15        ,13:30       ,Hirsch     ,        10,        23,    33
2026.07.17,13:30        ,13:45       ,Hirsch     ,        16,        18,    34
2026.07.17,13:45        ,14:00       ,Hirsch     ,         7,        16,    23
2026.07.17,14:00        ,14:15       ,Hirsch     ,        12,        24,    36
2026.07.17,14:15        ,14:30       ,Hirsch     ,        10,        22,    32
2026.07.17,14:30        ,14:45       ,Hirsch     ,         8,        26,    34
2026.07.17,14:45        ,15:00       ,Hirsch     ,        15,        30,    45
2026.07.17,15:00        ,15:15       ,Hirsch     ,        11,        24,    35
2026.07.17,15:15        ,15:30       ,Hirsch     ,        13,        33,    46
2026.07.17,15:30        ,15:45       ,Hirsch     ,        21,        28,    49
2026.07.17,15:45        ,16:00       ,Hirsch     ,        13,        33,    46
2026.07.17,16:00        ,16:15       ,Hirsch     ,        10,        30,    40
2026.07.17,16:15        ,16:30       ,Hirsch     ,        12,        26,    38
2026.07.17,16:30        ,16:45       ,Hirsch     ,        14,        40,    54
2026.07.17,16:45        ,17:00       ,Hirsch     ,         9,        26,    35
2026.07.17,17:00        ,17:15       ,Hirsch     ,        21,        37,    58
2026.07.17,17:15        ,17:30       ,Hirsch     ,        14,        35,    49
2026.07.17,17:30        ,17:45       ,Hirsch     ,        17,        24,    41
2026.07.17,17:45        ,18:00       ,Hirsch     ,        15,        30,    45
2026.07.17,18:00        ,18:15       ,Hirsch     ,        26,        43,    69
2026.07.17,18:15        ,18:30       ,Hirsch     ,        23,        28,    51
2026.07.17,18:30        ,18:45       ,Hirsch     ,        22,        24,    46
2026.07.17,18:45        ,19:00       ,Hirsch     ,        16,        35,    51
2026.07.17,19:00        ,19:15       ,Hirsch     ,        12,        16,    28
2026.07.17,19:15        ,19:30       ,Hirsch     ,        23,        16,    39
2026.07.17,19:30        ,19:45       ,Hirsch     ,         6,        12,    18
2026.07.17,19:45        ,20:00       ,Hirsch     ,         4,        16,    20
2026.07.17,20:00        ,20:15       ,Hirsch     ,         0,         6,     6
2026.07.17,20:15        ,20:30       ,Hirsch     ,         2,         8,    10
2026.07.17,20:30        ,20:45       ,Hirsch     ,         3,         9,    12
2026.07.17,20:45        ,21:00       ,Hirsch     ,         5,         8,    13
2026.07.17,21:00        ,21:15       ,Hirsch     ,         6,         7,    13
2026.07.17,21:15        ,21:30       ,Hirsch     ,         2,         9,    11
2026.07.17,21:30        ,21:45       ,Hirsch     ,         5,        11,    16
2026.07.17,21:45        ,22:00       ,Hirsch     ,         3,         3,     6
2026.07.17,22:00        ,22:15       ,Hirsch     ,         3,         3,     6
2026.07.17,22:15        ,22:30       ,Hirsch     ,         4,         6,    10
2026.07.17,22:30        ,22:45       ,Hirsch     ,         0,         3,     3
2026.07.17,22:45        ,23:00       ,Hirsch     ,         1,         5,     6
2026.07.17,23:00        ,23:15       ,Hirsch     ,         3,         7,    10
2026.07.17,23:15        ,23:30       ,Hirsch     ,         1,        10,    11
2026.07.17,23:30        ,23:45       ,Hirsch     ,         1,         6,     7
2026.07.17,23:45        ,00:00       ,Hirsch     ,         0,         6,     6
2026.07.18,00:00        ,00:15       ,Hirsch     ,         3,         0,     3
2026.07.18,00:15        ,00:30       ,Hirsch     ,         0,         5,     5
2026.07.18,00:30        ,00:45       ,Hirsch     ,         1,         0,     1
2026.07.18,00:45        ,01:00       ,Hirsch     ,         0,         5,     5
2026.07.18,01:00        ,01:15       ,Hirsch     ,         0,         1,     1
2026.07.18,01:15        ,01:30       ,Hirsch     ,         0,         2,     2
2026.07.18,01:30        ,01:45       ,Hirsch     ,         0,         0,     0
2026.07.18,01:45        ,02:00       ,Hirsch     ,         0,         0,     0
2026.07.18,02:00        ,02:15       ,Hirsch     ,         0,         0,     0
2026.07.18,02:15        ,02:30       ,Hirsch     ,         0,         2,     2
2026.07.18,02:30        ,02:45       ,Hirsch     ,         0,         1,     1
2026.07.18,02:45        ,03:00       ,Hirsch     ,         0,         0,     0
2026.07.18,03:00        ,03:15       ,Hirsch     ,         0,         1,     1
2026.07.18,03:15        ,03:30       ,Hirsch     ,         0,         2,     2
2026.07.18,03:30        ,03:45       ,Hirsch     ,         0,         3,     3
2026.07.18,03:45        ,04:00       ,Hirsch     ,         0,         1,     1
2026.07.18,04:00        ,04:15       ,Hirsch     ,         0,         1,     1
2026.07.18,04:15        ,04:30       ,Hirsch     ,         0,         0,     0
2026.07.18,04:30        ,04:45       ,Hirsch     ,         0,         0,     0
2026.07.18,04:45        ,05:00       ,Hirsch     ,         0,         1,     1
2026.07.18,05:00        ,05:15       ,Hirsch     ,         1,         0,     1
2026.07.18,05:15        ,05:30       ,Hirsch     ,         0,         0,     0
2026.07.18,05:30        ,05:45       ,Hirsch     ,         0,         2,     2
2026.07.18,05:45        ,06:00       ,Hirsch     ,         2,         1,     3
2026.07.18,06:00        ,06:15       ,Hirsch     ,         1,         1,     2
2026.07.18,06:15        ,06:30       ,Hirsch     ,         0,         0,     0
2026.07.18,06:30        ,06:45       ,Hirsch     ,         1,         2,     3
2026.07.18,06:45        ,07:00       ,Hirsch     ,         1,         1,     2
2026.07.18,07:00        ,07:15       ,Hirsch     ,         1,         1,     2
2026.07.18,07:15        ,07:30       ,Hirsch     ,         1,         0,     1
2026.07.18,07:30        ,07:45       ,Hirsch     ,         4,         3,     7
2026.07.18,07:45        ,08:00       ,Hirsch     ,         1,         0,     1
2026.07.18,08:00        ,08:15       ,Hirsch     ,         3,         5,     8
2026.07.18,08:15        ,08:30       ,Hirsch     ,         9,         6,    15
2026.07.18,08:30        ,08:45       ,Hirsch     ,         6,         4,    10
2026.07.18,08:45        ,09:00       ,Hirsch     ,         4,         6,    10
2026.07.18,09:00        ,09:15       ,Hirsch     ,        12,         5,    17
2026.07.18,09:15        ,09:30       ,Hirsch     ,        10,         4,    14
2026.07.18,09:30        ,09:45       ,Hirsch     ,        14,         7,    21
2026.07.18,09:45        ,10:00       ,Hirsch     ,        20,        10,    30
2026.07.18,10:00        ,10:15       ,Hirsch     ,        11,         7,    18
2026.07.18,10:15        ,10:30       ,Hirsch     ,        16,         4,    20
2026.07.18,10:30        ,10:45       ,Hirsch     ,        16,        28,    44
2026.07.18,10:45        ,11:00       ,Hirsch     ,        21,        18,    39
2026.07.18,11:00        ,11:15       ,Hirsch     ,        12,        15,    27
2026.07.18,11:15        ,11:30       ,Hirsch     ,        14,        11,    25
2026.07.18,11:30        ,11:45       ,Hirsch     ,        17,         9,    26
2026.07.18,11:45        ,12:00       ,Hirsch     ,        14,        15,    29
2026.07.18,12:00        ,12:15       ,Hirsch     ,         5,         5,    10
2026.07.18,12:15        ,12:30       ,Hirsch     ,        16,         6,    22
2026.07.18,12:30        ,12:45       ,Hirsch     ,        14,        16,    30
2026.07.18,12:45        ,13:00       ,Hirsch     ,         6,        18,    24
2026.07.18,13:00        ,13:15       ,Hirsch     ,        18,        10,    28
2026.07.18,13:15        ,13:30       ,Hirsch     ,        18,        19,    37
2026.07.18,13:30        ,13:45       ,Hirsch     ,        19,        13,    32
2026.07.18,13:45        ,14:00       ,Hirsch     ,        15,        16,    31
2026.07.18,14:00        ,14:15       ,Hirsch     ,        15,         9,    24
2026.07.18,14:15        ,14:30       ,Hirsch     ,        13,        16,    29
2026.07.18,14:30        ,14:45       ,Hirsch     ,         5,        14,    19
2026.07.18,14:45        ,15:00       ,Hirsch     ,         1,         3,     4
2026.07.18,15:00        ,15:15       ,Hirsch     ,         8,        10,    18
2026.07.18,15:15        ,15:30       ,Hirsch     ,        13,        20,    33
2026.07.18,15:30        ,15:45       ,Hirsch     ,         8,        15,    23
2026.07.18,15:45        ,16:00       ,Hirsch     ,         8,        10,    18
2026.07.18,16:00        ,16:15       ,Hirsch     ,         2,        10,    12
2026.07.18,16:15        ,16:30       ,Hirsch     ,        13,        17,    30
2026.07.18,16:30        ,16:45       ,Hirsch     ,        10,        10,    20
2026.07.18,16:45        ,17:00       ,Hirsch     ,         8,         9,    17
2026.07.18,17:00        ,17:15       ,Hirsch     ,         4,        14,    18
2026.07.18,17:15        ,17:30       ,Hirsch     ,        11,        12,    23
2026.07.18,17:30        ,17:45       ,Hirsch     ,        14,        18,    32
2026.07.18,17:45        ,18:00       ,Hirsch     ,        17,        15,    32
2026.07.18,18:00        ,18:15       ,Hirsch     ,        10,        10,    20
2026.07.18,18:15        ,18:30       ,Hirsch     ,        10,         5,    15
2026.07.18,18:30        ,18:45       ,Hirsch     ,         7,        14,    21
2026.07.18,18:45        ,19:00       ,Hirsch     ,        14,        13,    27
2026.07.18,19:00        ,19:15       ,Hirsch     ,         6,        15,    21
2026.07.18,19:15        ,19:30       ,Hirsch     ,        12,        13,    25
2026.07.18,19:30        ,19:45       ,Hirsch     ,        11,         3,    14
2026.07.18,19:45        ,20:00       ,Hirsch     ,        13,        12,    25
2026.07.18,20:00        ,20:15       ,Hirsch     ,         9,        11,    20
2026.07.18,20:15        ,20:30       ,Hirsch     ,        12,        10,    22
2026.07.18,20:30        ,20:45       ,Hirsch     ,         3,         8,    11
2026.07.18,20:45        ,21:00       ,Hirsch     ,         5,         8,    13
2026.07.18,21:00        ,21:15       ,Hirsch     ,         1,         8,     9
2026.07.18,21:15        ,21:30       ,Hirsch     ,         8,         8,    16
2026.07.18,21:30        ,21:45       ,Hirsch     ,        12,         4,    16
2026.07.18,21:45        ,22:00       ,Hirsch     ,         4,         9,    13
2026.07.18,22:00        ,22:15       ,Hirsch     ,         3,         7,    10
2026.07.18,22:15        ,22:30       ,Hirsch     ,         5,         8,    13
2026.07.18,22:30        ,22:45       ,Hirsch     ,         4,         3,     7
2026.07.18,22:45        ,23:00       ,Hirsch     ,         2,         3,     5
2026.07.18,23:00        ,23:15       ,Hirsch     ,         2,         7,     9
2026.07.18,23:15        ,23:30       ,Hirsch     ,         2,         9,    11
2026.07.18,23:30        ,23:45       ,Hirsch     ,         2,         3,     5
2026.07.18,23:45        ,00:00       ,Hirsch     ,         4,         1,     5
2026.07.19,00:00        ,00:15       ,Hirsch     ,         0,        10,    10
2026.07.19,00:15        ,00:30       ,Hirsch     ,         2,         3,     5
2026.07.19,00:30        ,00:45       ,Hirsch     ,         1,         4,     5
2026.07.19,00:45        ,01:00       ,Hirsch     ,         0,         1,     1
2026.07.19,01:00        ,01:15       ,Hirsch     ,         0,         3,     3
2026.07.19,01:15        ,01:30       ,Hirsch     ,         1,         4,     5
2026.07.19,01:30        ,01:45       ,Hirsch     ,         1,         2,     3
2026.07.19,01:45        ,02:00       ,Hirsch     ,         2,         3,     5
2026.07.19,02:00        ,02:15       ,Hirsch     ,         0,         0,     0
2026.07.19,02:15        ,02:30       ,Hirsch     ,         1,         0,     1
2026.07.19,02:30        ,02:45       ,Hirsch     ,         2,         2,     4
2026.07.19,02:45        ,03:00       ,Hirsch     ,         0,         0,     0
2026.07.19,03:00        ,03:15       ,Hirsch     ,         3,         1,     4
2026.07.19,03:15        ,03:30       ,Hirsch     ,         1,         2,     3
2026.07.19,03:30        ,03:45       ,Hirsch     ,         2,         2,     4
2026.07.19,03:45        ,04:00       ,Hirsch     ,         2,         0,     2
2026.07.19,04:00        ,04:15       ,Hirsch     ,         2,         2,     4
2026.07.19,04:15        ,04:30       ,Hirsch     ,         0,         2,     2
2026.07.19,04:30        ,04:45       ,Hirsch     ,         1,         0,     1
2026.07.19,04:45        ,05:00       ,Hirsch     ,         1,         1,     2
2026.07.19,05:00        ,05:15       ,Hirsch     ,         2,         0,     2
2026.07.19,05:15        ,05:30       ,Hirsch     ,         1,         0,     1
2026.07.19,05:30        ,05:45       ,Hirsch     ,         0,         0,     0
2026.07.19,05:45        ,06:00       ,Hirsch     ,         1,         0,     1
2026.07.19,06:00        ,06:15       ,Hirsch     ,         0,         0,     0
2026.07.19,06:15        ,06:30       ,Hirsch     ,         0,         1,     1
2026.07.19,06:30        ,06:45       ,Hirsch     ,         0,         1,     1
2026.07.19,06:45        ,07:00       ,Hirsch     ,         0,         1,     1
2026.07.19,07:00        ,07:15       ,Hirsch     ,         5,         2,     7
2026.07.19,07:15        ,07:30       ,Hirsch     ,         2,         0,     2
2026.07.19,07:30        ,07:45       ,Hirsch     ,         3,         2,     5
2026.07.19,07:45        ,08:00       ,Hirsch     ,         2,         3,     5
2026.07.19,08:00        ,08:15       ,Hirsch     ,         2,         1,     3
2026.07.19,08:15        ,08:30       ,Hirsch     ,         3,         2,     5
2026.07.19,08:30        ,08:45       ,Hirsch     ,         1,         0,     1
2026.07.19,08:45        ,09:00       ,Hirsch     ,         3,         6,     9
2026.07.19,09:00        ,09:15       ,Hirsch     ,         0,         2,     2
2026.07.19,09:15        ,09:30       ,Hirsch     ,         5,         0,     5
2026.07.19,09:30        ,09:45       ,Hirsch     ,         1,         0,     1
2026.07.19,09:45        ,10:00       ,Hirsch     ,         3,         3,     6
2026.07.19,10:00        ,10:15       ,Hirsch     ,         7,         2,     9
2026.07.19,10:15        ,10:30       ,Hirsch     ,         6,         2,     8
2026.07.19,10:30        ,10:45       ,Hirsch     ,         6,         3,     9
2026.07.19,10:45        ,11:00       ,Hirsch     ,         7,         2,     9
2026.07.19,11:00        ,11:15       ,Hirsch     ,         2,         3,     5
2026.07.19,11:15        ,11:30       ,Hirsch     ,         4,         1,     5
2026.07.19,11:30        ,11:45       ,Hirsch     ,         4,         8,    12
2026.07.19,11:45        ,12:00       ,Hirsch     ,         7,         1,     8
2026.07.19,12:00        ,12:15       ,Hirsch     ,         8,         3,    11
2026.07.19,12:15        ,12:30       ,Hirsch     ,        13,         7,    20
2026.07.19,12:30        ,12:45       ,Hirsch     ,         6,         5,    11
2026.07.19,12:45        ,13:00       ,Hirsch     ,        13,         9,    22
2026.07.19,13:00        ,13:15       ,Hirsch     ,         7,         6,    13
2026.07.19,13:15        ,13:30       ,Hirsch     ,        13,         7,    20
2026.07.19,13:30        ,13:45       ,Hirsch     ,        15,        10,    25
2026.07.19,13:45        ,14:00       ,Hirsch     ,         8,         8,    16
2026.07.19,14:00        ,14:15       ,Hirsch     ,        15,         8,    23
2026.07.19,14:15        ,14:30       ,Hirsch     ,         6,        14,    20
2026.07.19,14:30        ,14:45       ,Hirsch     ,         7,        18,    25
2026.07.19,14:45        ,15:00       ,Hirsch     ,        23,         7,    30
2026.07.19,15:00        ,15:15       ,Hirsch     ,        13,        11,    24
2026.07.19,15:15        ,15:30       ,Hirsch     ,         9,        23,    32
2026.07.19,15:30        ,15:45       ,Hirsch     ,        13,        11,    24
2026.07.19,15:45        ,16:00       ,Hirsch     ,        12,         8,    20
2026.07.19,16:00        ,16:15       ,Hirsch     ,        14,         9,    23
2026.07.19,16:15        ,16:30       ,Hirsch     ,        10,        12,    22
2026.07.19,16:30        ,16:45       ,Hirsch     ,         7,        11,    18
2026.07.19,16:45        ,17:00       ,Hirsch     ,         5,        15,    20
2026.07.19,17:00        ,17:15       ,Hirsch     ,        26,        13,    39
2026.07.19,17:15        ,17:30       ,Hirsch     ,        14,        10,    24
2026.07.19,17:30        ,17:45       ,Hirsch     ,        11,        13,    24
2026.07.19,17:45        ,18:00       ,Hirsch     ,        10,        11,    21
2026.07.19,18:00        ,18:15       ,Hirsch     ,        30,        10,    40
2026.07.19,18:15        ,18:30       ,Hirsch     ,        13,        28,    41
2026.07.19,18:30        ,18:45       ,Hirsch     ,        12,         5,    17
2026.07.19,18:45        ,19:00       ,Hirsch     ,        32,        11,    43
2026.07.19,19:00        ,19:15       ,Hirsch     ,        25,        13,    38
2026.07.19,19:15        ,19:30       ,Hirsch     ,        29,         9,    38
2026.07.19,19:30        ,19:45       ,Hirsch     ,        20,         7,    27
2026.07.19,19:45        ,20:00       ,Hirsch     ,        22,        15,    37
2026.07.19,20:00        ,20:15       ,Hirsch     ,        19,        13,    32
2026.07.19,20:15        ,20:30       ,Hirsch     ,        12,        14,    26
2026.07.19,20:30        ,20:45       ,Hirsch     ,         8,         6,    14
2026.07.19,20:45        ,21:00       ,Hirsch     ,         6,        17,    23
2026.07.19,21:00        ,21:15       ,Hirsch     ,         3,         3,     6
2026.07.19,21:15        ,21:30       ,Hirsch     ,        12,         3,    15
2026.07.19,21:30        ,21:45       ,Hirsch     ,         2,         7,     9
2026.07.19,21:45        ,22:00       ,Hirsch     ,         1,         5,     6
2026.07.19,22:00        ,22:15       ,Hirsch     ,         1,         9,    10
2026.07.19,22:15        ,22:30       ,Hirsch     ,         0,         5,     5
2026.07.19,22:30        ,22:45       ,Hirsch     ,         1,         2,     3
2026.07.19,22:45        ,23:00       ,Hirsch     ,         0,         3,     3
2026.07.19,23:00        ,23:15       ,Hirsch     ,         3,         3,     6
2026.07.19,23:15        ,23:30       ,Hirsch     ,         1,         5,     6
2026.07.19,23:30        ,23:45       ,Hirsch     ,         0,         8,     8
2026.07.19,23:45        ,00:00       ,Hirsch     ,         0,         0,     0
2026.07.20,00:00        ,00:15       ,Hirsch     ,         2,        17,    19
2026.07.20,00:15        ,00:30       ,Hirsch     ,         5,        25,    30
2026.07.20,00:30        ,00:45       ,Hirsch     ,         1,         4,     5
2026.07.20,00:45        ,01:00       ,Hirsch     ,         3,         8,    11
2026.07.20,01:00        ,01:15       ,Hirsch     ,         1,         0,     1
2026.07.20,01:15        ,01:30       ,Hirsch     ,         0,         0,     0
2026.07.20,01:30        ,01:45       ,Hirsch     ,         0,         2,     2
2026.07.20,01:45        ,02:00       ,Hirsch     ,         0,         1,     1
2026.07.20,02:00        ,02:15       ,Hirsch     ,         0,         0,     0
2026.07.20,02:15        ,02:30       ,Hirsch     ,         0,         0,     0
2026.07.20,02:30        ,02:45       ,Hirsch     ,         0,         0,     0
2026.07.20,02:45        ,03:00       ,Hirsch     ,         0,         0,     0
2026.07.20,03:00        ,03:15       ,Hirsch     ,         0,         0,     0
2026.07.20,03:15        ,03:30       ,Hirsch     ,         0,         1,     1
2026.07.20,03:30        ,03:45       ,Hirsch     ,         0,         0,     0
2026.07.20,03:45        ,04:00       ,Hirsch     ,         0,         0,     0
2026.07.20,04:00        ,04:15       ,Hirsch     ,         1,         0,     1
2026.07.20,04:15        ,04:30       ,Hirsch     ,         0,         0,     0
2026.07.20,04:30        ,04:45       ,Hirsch     ,         1,         0,     1
2026.07.20,04:45        ,05:00       ,Hirsch     ,         0,         0,     0
2026.07.20,05:00        ,05:15       ,Hirsch     ,         3,         1,     4
2026.07.20,05:15        ,05:30       ,Hirsch     ,         6,         0,     6
2026.07.20,05:30        ,05:45       ,Hirsch     ,        11,         2,    13
2026.07.20,05:45        ,06:00       ,Hirsch     ,        10,         2,    12
2026.07.20,06:00        ,06:15       ,Hirsch     ,         9,         1,    10
2026.07.20,06:15        ,06:30       ,Hirsch     ,        19,         5,    24
2026.07.20,06:30        ,06:45       ,Hirsch     ,        12,         5,    17
2026.07.20,06:45        ,07:00       ,Hirsch     ,        35,         4,    39
2026.07.20,07:00        ,07:15       ,Hirsch     ,        52,         8,    60
2026.07.20,07:15        ,07:30       ,Hirsch     ,        51,        10,    61
2026.07.20,07:30        ,07:45       ,Hirsch     ,        87,        12,    99
2026.07.20,07:45        ,08:00       ,Hirsch     ,        99,        15,   114
2026.07.20,08:00        ,08:15       ,Hirsch     ,       118,        13,   131
2026.07.20,08:15        ,08:30       ,Hirsch     ,       115,        23,   138
2026.07.20,08:30        ,08:45       ,Hirsch     ,       114,        16,   130
2026.07.20,08:45        ,09:00       ,Hirsch     ,        80,        21,   101
2026.07.20,09:00        ,09:15       ,Hirsch     ,        46,        12,    58
2026.07.20,09:15        ,09:30       ,Hirsch     ,        32,         8,    40
2026.07.20,09:30        ,09:45       ,Hirsch     ,        25,        11,    36
2026.07.20,09:45        ,10:00       ,Hirsch     ,        37,         7,    44
2026.07.20,10:00        ,10:15       ,Hirsch     ,        14,         7,    21
2026.07.20,10:15        ,10:30       ,Hirsch     ,        15,        10,    25
2026.07.20,10:30        ,10:45       ,Hirsch     ,        11,        10,    21
2026.07.20,10:45        ,11:00       ,Hirsch     ,         8,         7,    15
2026.07.20,11:00        ,11:15       ,Hirsch     ,        11,        10,    21
2026.07.20,11:15        ,11:30       ,Hirsch     ,        25,        15,    40
2026.07.20,11:30        ,11:45       ,Hirsch     ,        11,        14,    25
2026.07.20,11:45        ,12:00       ,Hirsch     ,        10,         6,    16
2026.07.20,12:00        ,12:15       ,Hirsch     ,         9,         6,    15
2026.07.20,12:15        ,12:30       ,Hirsch     ,         9,         8,    17
2026.07.20,12:30        ,12:45       ,Hirsch     ,        10,        18,    28
2026.07.20,12:45        ,13:00       ,Hirsch     ,        12,        11,    23
2026.07.20,13:00        ,13:15       ,Hirsch     ,         9,        23,    32
2026.07.20,13:15        ,13:30       ,Hirsch     ,         9,        21,    30
2026.07.20,13:30        ,13:45       ,Hirsch     ,         7,        15,    22
2026.07.20,13:45        ,14:00       ,Hirsch     ,        10,        16,    26
2026.07.20,14:00        ,14:15       ,Hirsch     ,         7,        14,    21
2026.07.20,14:15        ,14:30       ,Hirsch     ,        16,        17,    33
2026.07.20,14:30        ,14:45       ,Hirsch     ,         9,        17,    26
2026.07.20,14:45        ,15:00       ,Hirsch     ,        15,        26,    41
2026.07.20,15:00        ,15:15       ,Hirsch     ,         6,        27,    33
2026.07.20,15:15        ,15:30       ,Hirsch     ,        10,        39,    49
2026.07.20,15:30        ,15:45       ,Hirsch     ,         9,        40,    49
2026.07.20,15:45        ,16:00       ,Hirsch     ,        16,        34,    50
2026.07.20,16:00        ,16:15       ,Hirsch     ,        12,        28,    40
2026.07.20,16:15        ,16:30       ,Hirsch     ,        14,        53,    67
2026.07.20,16:30        ,16:45       ,Hirsch     ,        16,        43,    59
2026.07.20,16:45        ,17:00       ,Hirsch     ,        13,        60,    73
2026.07.20,17:00        ,17:15       ,Hirsch     ,        17,        54,    71
2026.07.20,17:15        ,17:30       ,Hirsch     ,        19,        74,    93
2026.07.20,17:30        ,17:45       ,Hirsch     ,        29,        77,   106
2026.07.20,17:45        ,18:00       ,Hirsch     ,        21,        70,    91
2026.07.20,18:00        ,18:15       ,Hirsch     ,        28,        60,    88
2026.07.20,18:15        ,18:30       ,Hirsch     ,        27,        64,    91
2026.07.20,18:30        ,18:45       ,Hirsch     ,        31,        70,   101
2026.07.20,18:45        ,19:00       ,Hirsch     ,        24,        47,    71
2026.07.20,19:00        ,19:15       ,Hirsch     ,        22,        44,    66
2026.07.20,19:15        ,19:30       ,Hirsch     ,        15,        46,    61
2026.07.20,19:30        ,19:45       ,Hirsch     ,        16,        33,    49
2026.07.20,19:45        ,20:00       ,Hirsch     ,        15,        26,    41
2026.07.20,20:00        ,20:15       ,Hirsch     ,         9,        28,    37
2026.07.20,20:15        ,20:30       ,Hirsch     ,        16,        27,    43
2026.07.20,20:30        ,20:45       ,Hirsch     ,        20,        14,    34
2026.07.20,20:45        ,21:00       ,Hirsch     ,        13,        13,    26
2026.07.20,21:00        ,21:15       ,Hirsch     ,         6,        18,    24
2026.07.20,21:15        ,21:30       ,Hirsch     ,         8,        15,    23
2026.07.20,21:30        ,21:45       ,Hirsch     ,         8,        19,    27
2026.07.20,21:45        ,22:00       ,Hirsch     ,         2,        11,    13
2026.07.20,22:00        ,22:15       ,Hirsch     ,         5,        11,    16
2026.07.20,22:15        ,22:30       ,Hirsch     ,         8,         9,    17
2026.07.20,22:30        ,22:45       ,Hirsch     ,         0,        16,    16
2026.07.20,22:45        ,23:00       ,Hirsch     ,         1,        14,    15
2026.07.20,23:00        ,23:15       ,Hirsch     ,         1,        11,    12
2026.07.20,23:15        ,23:30       ,Hirsch     ,         3,         8,    11
2026.07.20,23:30        ,23:45       ,Hirsch     ,         2,         3,     5
2026.07.20,23:45        ,00:00       ,Hirsch     ,         0,         5,     5
2026.07.21,00:00        ,00:15       ,Hirsch     ,         0,         5,     5
2026.07.21,00:15        ,00:30       ,Hirsch     ,         0,         3,     3
2026.07.21,00:30        ,00:45       ,Hirsch     ,         0,         3,     3
2026.07.21,00:45        ,01:00       ,Hirsch     ,         0,         1,     1
2026.07.21,01:00        ,01:15       ,Hirsch     ,         0,         0,     0
2026.07.21,01:15        ,01:30       ,Hirsch     ,         0,         0,     0
2026.07.21,01:30        ,01:45       ,Hirsch     ,         1,         0,     1
2026.07.21,01:45        ,02:00       ,Hirsch     ,         0,         0,     0
2026.07.21,02:00        ,02:15       ,Hirsch     ,         0,         0,     0
2026.07.21,02:15        ,02:30       ,Hirsch     ,         0,         0,     0
2026.07.21,02:30        ,02:45       ,Hirsch     ,         0,         0,     0
2026.07.21,02:45        ,03:00       ,Hirsch     ,         0,         1,     1
2026.07.21,03:00        ,03:15       ,Hirsch     ,         0,         0,     0
2026.07.21,03:15        ,03:30       ,Hirsch     ,         0,         1,     1
2026.07.21,03:30        ,03:45       ,Hirsch     ,         0,         0,     0
2026.07.21,03:45        ,04:00       ,Hirsch     ,         0,         0,     0
2026.07.21,04:00        ,04:15       ,Hirsch     ,         0,         0,     0
2026.07.21,04:15        ,04:30       ,Hirsch     ,         0,         0,     0
2026.07.21,04:30        ,04:45       ,Hirsch     ,         0,         0,     0
2026.07.21,04:45        ,05:00       ,Hirsch     ,         1,         0,     1
2026.07.21,05:00        ,05:15       ,Hirsch     ,         3,         1,     4
2026.07.21,05:15        ,05:30       ,Hirsch     ,         1,         0,     1
2026.07.21,05:30        ,05:45       ,Hirsch     ,         6,         1,     7
2026.07.21,05:45        ,06:00       ,Hirsch     ,         9,         0,     9
2026.07.21,06:00        ,06:15       ,Hirsch     ,        14,         2,    16
2026.07.21,06:15        ,06:30       ,Hirsch     ,        12,         8,    20
2026.07.21,06:30        ,06:45       ,Hirsch     ,        27,         3,    30
2026.07.21,06:45        ,07:00       ,Hirsch     ,        42,         8,    50
2026.07.21,07:00        ,07:15       ,Hirsch     ,        57,         6,    63
2026.07.21,07:15        ,07:30       ,Hirsch     ,        67,         9,    76
2026.07.21,07:30        ,07:45       ,Hirsch     ,        89,        18,   107
2026.07.21,07:45        ,08:00       ,Hirsch     ,       107,        14,   121
2026.07.21,08:00        ,08:15       ,Hirsch     ,       114,        15,   129
2026.07.21,08:15        ,08:30       ,Hirsch     ,       127,        21,   148
2026.07.21,08:30        ,08:45       ,Hirsch     ,       124,        21,   145
2026.07.21,08:45        ,09:00       ,Hirsch     ,        87,        22,   109
2026.07.21,09:00        ,09:15       ,Hirsch     ,        60,        14,    74
2026.07.21,09:15        ,09:30       ,Hirsch     ,        50,        12,    62
2026.07.21,09:30        ,09:45       ,Hirsch     ,        45,         9,    54
2026.07.21,09:45        ,10:00       ,Hirsch     ,        26,        11,    37
2026.07.21,10:00        ,10:15       ,Hirsch     ,        23,        11,    34
2026.07.21,10:15        ,10:30       ,Hirsch     ,        18,         4,    22
2026.07.21,10:30        ,10:45       ,Hirsch     ,        18,         4,    22
2026.07.21,10:45        ,11:00       ,Hirsch     ,        15,         7,    22
2026.07.21,11:00        ,11:15       ,Hirsch     ,        15,         7,    22
2026.07.21,11:15        ,11:30       ,Hirsch     ,        15,         8,    23
2026.07.21,11:30        ,11:45       ,Hirsch     ,        11,        12,    23
2026.07.21,11:45        ,12:00       ,Hirsch     ,         6,        15,    21
2026.07.21,12:00        ,12:15       ,Hirsch     ,        18,         7,    25
2026.07.21,12:15        ,12:30       ,Hirsch     ,        10,         8,    18
2026.07.21,12:30        ,12:45       ,Hirsch     ,        15,        16,    31
2026.07.21,12:45        ,13:00       ,Hirsch     ,        10,        14,    24
2026.07.21,13:00        ,13:15       ,Hirsch     ,        15,         7,    22
2026.07.21,13:15        ,13:30       ,Hirsch     ,        12,        18,    30
2026.07.21,13:30        ,13:45       ,Hirsch     ,        11,        18,    29
2026.07.21,13:45        ,14:00       ,Hirsch     ,         2,        21,    23
2026.07.21,14:00        ,14:15       ,Hirsch     ,         8,        11,    19
2026.07.21,14:15        ,14:30       ,Hirsch     ,         9,        19,    28
2026.07.21,14:30        ,14:45       ,Hirsch     ,        10,        28,    38
2026.07.21,14:45        ,15:00       ,Hirsch     ,         9,        31,    40
2026.07.21,15:00        ,15:15       ,Hirsch     ,         9,        22,    31
2026.07.21,15:15        ,15:30       ,Hirsch     ,        15,        33,    48
2026.07.21,15:30        ,15:45       ,Hirsch     ,         5,        42,    47
2026.07.21,15:45        ,16:00       ,Hirsch     ,        22,        35,    57
2026.07.21,16:00        ,16:15       ,Hirsch     ,        27,        33,    60
2026.07.21,16:15        ,16:30       ,Hirsch     ,        12,        54,    66
2026.07.21,16:30        ,16:45       ,Hirsch     ,        14,        57,    71
2026.07.21,16:45        ,17:00       ,Hirsch     ,        22,        60,    82
2026.07.21,17:00        ,17:15       ,Hirsch     ,        17,        53,    70
2026.07.21,17:15        ,17:30       ,Hirsch     ,        17,        77,    94
2026.07.21,17:30        ,17:45       ,Hirsch     ,        24,        77,   101
2026.07.21,17:45        ,18:00       ,Hirsch     ,        28,        93,   121
2026.07.21,18:00        ,18:15       ,Hirsch     ,        29,        66,    95
2026.07.21,18:15        ,18:30       ,Hirsch     ,        24,        72,    96
2026.07.21,18:30        ,18:45       ,Hirsch     ,        19,        75,    94
2026.07.21,18:45        ,19:00       ,Hirsch     ,        18,        69,    87
2026.07.21,19:00        ,19:15       ,Hirsch     ,        20,        43,    63
2026.07.21,19:15        ,19:30       ,Hirsch     ,        18,        26,    44
2026.07.21,19:30        ,19:45       ,Hirsch     ,        10,        34,    44
2026.07.21,19:45        ,20:00       ,Hirsch     ,        11,        35,    46
2026.07.21,20:00        ,20:15       ,Hirsch     ,         9,        22,    31
2026.07.21,20:15        ,20:30       ,Hirsch     ,         3,        24,    27
2026.07.21,20:30        ,20:45       ,Hirsch     ,         9,        11,    20
2026.07.21,20:45        ,21:00       ,Hirsch     ,         5,        18,    23
2026.07.21,21:00        ,21:15       ,Hirsch     ,         8,        20,    28
2026.07.21,21:15        ,21:30       ,Hirsch     ,         9,        17,    26
2026.07.21,21:30        ,21:45       ,Hirsch     ,         2,        15,    17
2026.07.21,21:45        ,22:00       ,Hirsch     ,         6,        12,    18
2026.07.21,22:00        ,22:15       ,Hirsch     ,         4,        23,    27
2026.07.21,22:15        ,22:30       ,Hirsch     ,         3,        15,    18
2026.07.21,22:30        ,22:45       ,Hirsch     ,         2,        12,    14
2026.07.21,22:45        ,23:00       ,Hirsch     ,         2,         9,    11
2026.07.21,23:00        ,23:15       ,Hirsch     ,         2,         5,     7
2026.07.21,23:15        ,23:30       ,Hirsch     ,         2,        10,    12
2026.07.21,23:30        ,23:45       ,Hirsch     ,         6,         5,    11
2026.07.21,23:45        ,00:00       ,Hirsch     ,         3,         6,     9
2026.07.22,00:00        ,00:15       ,Hirsch     ,         0,         0,     0
2026.07.22,00:15        ,00:30       ,Hirsch     ,         0,         0,     0
2026.07.22,00:30        ,00:45       ,Hirsch     ,         0,         2,     2
2026.07.22,00:45        ,01:00       ,Hirsch     ,         0,         2,     2
2026.07.22,01:00        ,01:15       ,Hirsch     ,         0,         1,     1
2026.07.22,01:15        ,01:30       ,Hirsch     ,         0,         0,     0
2026.07.22,01:30        ,01:45       ,Hirsch     ,         0,         0,     0
2026.07.22,01:45        ,02:00       ,Hirsch     ,         0,         0,     0
2026.07.22,02:00        ,02:15       ,Hirsch     ,         0,         0,     0
2026.07.22,02:15        ,02:30       ,Hirsch     ,         0,         2,     2
2026.07.22,02:30        ,02:45       ,Hirsch     ,         0,         0,     0
2026.07.22,02:45        ,03:00       ,Hirsch     ,         1,         0,     1
2026.07.22,03:00        ,03:15       ,Hirsch     ,         0,         0,     0
2026.07.22,03:15        ,03:30       ,Hirsch     ,         0,         0,     0
2026.07.22,03:30        ,03:45       ,Hirsch     ,         0,         0,     0
2026.07.22,03:45        ,04:00       ,Hirsch     ,         0,         0,     0
2026.07.22,04:00        ,04:15       ,Hirsch     ,         0,         0,     0
2026.07.22,04:15        ,04:30       ,Hirsch     ,         0,         0,     0
2026.07.22,04:30        ,04:45       ,Hirsch     ,         0,         0,     0
2026.07.22,04:45        ,05:00       ,Hirsch     ,         1,         0,     1
2026.07.22,05:00        ,05:15       ,Hirsch     ,         4,         0,     4
2026.07.22,05:15        ,05:30       ,Hirsch     ,         2,         1,     3
2026.07.22,05:30        ,05:45       ,Hirsch     ,         9,         1,    10
2026.07.22,05:45        ,06:00       ,Hirsch     ,        11,         1,    12
2026.07.22,06:00        ,06:15       ,Hirsch     ,         5,         1,     6
2026.07.22,06:15        ,06:30       ,Hirsch     ,        17,         5,    22
2026.07.22,06:30        ,06:45       ,Hirsch     ,        16,         5,    21
2026.07.22,06:45        ,07:00       ,Hirsch     ,        50,         5,    55
2026.07.22,07:00        ,07:15       ,Hirsch     ,        56,         3,    59
2026.07.22,07:15        ,07:30       ,Hirsch     ,        58,        12,    70
2026.07.22,07:30        ,07:45       ,Hirsch     ,        87,        10,    97
2026.07.22,07:45        ,08:00       ,Hirsch     ,       122,        20,   142
2026.07.22,08:00        ,08:15       ,Hirsch     ,       125,        12,   137
2026.07.22,08:15        ,08:30       ,Hirsch     ,       113,        24,   137
2026.07.22,08:30        ,08:45       ,Hirsch     ,       111,        21,   132
2026.07.22,08:45        ,09:00       ,Hirsch     ,        77,        16,    93
2026.07.22,09:00        ,09:15       ,Hirsch     ,        66,         7,    73
2026.07.22,09:15        ,09:30       ,Hirsch     ,        42,        10,    52
2026.07.22,09:30        ,09:45       ,Hirsch     ,        34,         7,    41
2026.07.22,09:45        ,10:00       ,Hirsch     ,        27,         4,    31
2026.07.22,10:00        ,10:15       ,Hirsch     ,        21,         4,    25
2026.07.22,10:15        ,10:30       ,Hirsch     ,        21,         4,    25
2026.07.22,10:30        ,10:45       ,Hirsch     ,        27,        15,    42
2026.07.22,10:45        ,11:00       ,Hirsch     ,        24,        14,    38
2026.07.22,11:00        ,11:15       ,Hirsch     ,        13,         7,    20
2026.07.22,11:15        ,11:30       ,Hirsch     ,        17,        11,    28
2026.07.22,11:30        ,11:45       ,Hirsch     ,        15,        13,    28
2026.07.22,11:45        ,12:00       ,Hirsch     ,        11,        12,    23
2026.07.22,12:00        ,12:15       ,Hirsch     ,        16,        12,    28
2026.07.22,12:15        ,12:30       ,Hirsch     ,        15,        13,    28
2026.07.22,12:30        ,12:45       ,Hirsch     ,         9,        19,    28
2026.07.22,12:45        ,13:00       ,Hirsch     ,        12,        17,    29
2026.07.22,13:00        ,13:15       ,Hirsch     ,         6,        13,    19
2026.07.22,13:15        ,13:30       ,Hirsch     ,         7,        29,    36
2026.07.22,13:30        ,13:45       ,Hirsch     ,        15,        27,    42
2026.07.22,13:45        ,14:00       ,Hirsch     ,        10,        20,    30
2026.07.22,14:00        ,14:15       ,Hirsch     ,        13,        14,    27
2026.07.22,14:15        ,14:30       ,Hirsch     ,         7,        16,    23
2026.07.22,14:30        ,14:45       ,Hirsch     ,        17,        26,    43
2026.07.22,14:45        ,15:00       ,Hirsch     ,        16,        15,    31
2026.07.22,15:00        ,15:15       ,Hirsch     ,        13,        37,    50
2026.07.22,15:15        ,15:30       ,Hirsch     ,        15,        41,    56
2026.07.22,15:30        ,15:45       ,Hirsch     ,        17,        44,    61
2026.07.22,15:45        ,16:00       ,Hirsch     ,        18,        41,    59
2026.07.22,16:00        ,16:15       ,Hirsch     ,         9,        47,    56
2026.07.22,16:15        ,16:30       ,Hirsch     ,        16,        45,    61
2026.07.22,16:30        ,16:45       ,Hirsch     ,        14,        54,    68
2026.07.22,16:45        ,17:00       ,Hirsch     ,        23,        45,    68
2026.07.22,17:00        ,17:15       ,Hirsch     ,        19,        43,    62
2026.07.22,17:15        ,17:30       ,Hirsch     ,        22,        74,    96
2026.07.22,17:30        ,17:45       ,Hirsch     ,        25,        80,   105
2026.07.22,17:45        ,18:00       ,Hirsch     ,        30,        82,   112
2026.07.22,18:00        ,18:15       ,Hirsch     ,        24,        70,    94
2026.07.22,18:15        ,18:30       ,Hirsch     ,        19,        72,    91
2026.07.22,18:30        ,18:45       ,Hirsch     ,        34,        63,    97
2026.07.22,18:45        ,19:00       ,Hirsch     ,        26,        68,    94
2026.07.22,19:00        ,19:15       ,Hirsch     ,        14,        46,    60
2026.07.22,19:15        ,19:30       ,Hirsch     ,        11,        44,    55
2026.07.22,19:30        ,19:45       ,Hirsch     ,        12,        37,    49
2026.07.22,19:45        ,20:00       ,Hirsch     ,        17,        28,    45
2026.07.22,20:00        ,20:15       ,Hirsch     ,        11,        39,    50
2026.07.22,20:15        ,20:30       ,Hirsch     ,         8,        20,    28
2026.07.22,20:30        ,20:45       ,Hirsch     ,        11,        12,    23
2026.07.22,20:45        ,21:00       ,Hirsch     ,        12,        25,    37
2026.07.22,21:00        ,21:15       ,Hirsch     ,        19,        19,    38
2026.07.22,21:15        ,21:30       ,Hirsch     ,         9,        30,    39
2026.07.22,21:30        ,21:45       ,Hirsch     ,         4,        14,    18
2026.07.22,21:45        ,22:00       ,Hirsch     ,        11,        11,    22
2026.07.22,22:00        ,22:15       ,Hirsch     ,         2,        19,    21
2026.07.22,22:15        ,22:30       ,Hirsch     ,         6,        14,    20
2026.07.22,22:30        ,22:45       ,Hirsch     ,        13,        17,    30
2026.07.22,22:45        ,23:00       ,Hirsch     ,         4,        11,    15
2026.07.22,23:00        ,23:15       ,Hirsch     ,         1,         6,     7
2026.07.22,23:15        ,23:30       ,Hirsch     ,         1,         7,     8
2026.07.22,23:30        ,23:45       ,Hirsch     ,         3,         5,     8
2026.07.22,23:45        ,00:00       ,Hirsch     ,         2,         7,     9
2026.07.23,00:00        ,00:15       ,Hirsch     ,         1,         2,     3
2026.07.23,00:15        ,00:30       ,Hirsch     ,         0,         1,     1
2026.07.23,00:30        ,00:45       ,Hirsch     ,         0,         2,     2
2026.07.23,00:45        ,01:00       ,Hirsch     ,         0,         2,     2
2026.07.23,01:00        ,01:15       ,Hirsch     ,         1,         1,     2
2026.07.23,01:15        ,01:30       ,Hirsch     ,         0,         0,     0
2026.07.23,01:30        ,01:45       ,Hirsch     ,         0,         1,     1
2026.07.23,01:45        ,02:00       ,Hirsch     ,         0,         0,     0
2026.07.23,02:00        ,02:15       ,Hirsch     ,         0,         0,     0
2026.07.23,02:15        ,02:30       ,Hirsch     ,         0,         0,     0
2026.07.23,02:30        ,02:45       ,Hirsch     ,         0,         0,     0
2026.07.23,02:45        ,03:00       ,Hirsch     ,         0,         0,     0
2026.07.23,03:00        ,03:15       ,Hirsch     ,         0,         0,     0
2026.07.23,03:15        ,03:30       ,Hirsch     ,         0,         0,     0
2026.07.23,03:30        ,03:45       ,Hirsch     ,         0,         0,     0
2026.07.23,03:45        ,04:00       ,Hirsch     ,         0,         0,     0
2026.07.23,04:00        ,04:15       ,Hirsch     ,         0,         0,     0
2026.07.23,04:15        ,04:30       ,Hirsch     ,         0,         0,     0
2026.07.23,04:30        ,04:45       ,Hirsch     ,         0,         0,     0
2026.07.23,04:45        ,05:00       ,Hirsch     ,         1,         0,     1
2026.07.23,05:00        ,05:15       ,Hirsch     ,         3,         1,     4
2026.07.23,05:15        ,05:30       ,Hirsch     ,         2,         2,     4
2026.07.23,05:30        ,05:45       ,Hirsch     ,         8,         1,     9
2026.07.23,05:45        ,06:00       ,Hirsch     ,         7,         1,     8
2026.07.23,06:00        ,06:15       ,Hirsch     ,        13,         3,    16
2026.07.23,06:15        ,06:30       ,Hirsch     ,        15,         7,    22
2026.07.23,06:30        ,06:45       ,Hirsch     ,        24,         6,    30
2026.07.23,06:45        ,07:00       ,Hirsch     ,        34,         4,    38
2026.07.23,07:00        ,07:15       ,Hirsch     ,        41,         7,    48
2026.07.23,07:15        ,07:30       ,Hirsch     ,        60,         7,    67
2026.07.23,07:30        ,07:45       ,Hirsch     ,        78,        16,    94
2026.07.23,07:45        ,08:00       ,Hirsch     ,        96,        21,   117
2026.07.23,08:00        ,08:15       ,Hirsch     ,       122,        10,   132
2026.07.23,08:15        ,08:30       ,Hirsch     ,       137,        23,   160
2026.07.23,08:30        ,08:45       ,Hirsch     ,       109,        14,   123
2026.07.23,08:45        ,09:00       ,Hirsch     ,        69,        13,    82
2026.07.23,09:00        ,09:15       ,Hirsch     ,        53,        16,    69
2026.07.23,09:15        ,09:30       ,Hirsch     ,        48,        13,    61
2026.07.23,09:30        ,09:45       ,Hirsch     ,        36,         8,    44
2026.07.23,09:45        ,10:00       ,Hirsch     ,        27,         4,    31
2026.07.23,10:00        ,10:15       ,Hirsch     ,        22,         5,    27
2026.07.23,10:15        ,10:30       ,Hirsch     ,        16,         6,    22
2026.07.23,10:30        ,10:45       ,Hirsch     ,        11,         7,    18
2026.07.23,10:45        ,11:00       ,Hirsch     ,         9,         4,    13
2026.07.23,11:00        ,11:15       ,Hirsch     ,        13,         9,    22
2026.07.23,11:15        ,11:30       ,Hirsch     ,        12,         3,    15
2026.07.23,11:30        ,11:45       ,Hirsch     ,        20,         7,    27
2026.07.23,11:45        ,12:00       ,Hirsch     ,         9,         7,    16
2026.07.23,12:00        ,12:15       ,Hirsch     ,        13,        17,    30
2026.07.23,12:15        ,12:30       ,Hirsch     ,         6,        13,    19
2026.07.23,12:30        ,12:45       ,Hirsch     ,         6,        15,    21
2026.07.23,12:45        ,13:00       ,Hirsch     ,        13,        12,    25
2026.07.23,13:00        ,13:15       ,Hirsch     ,         4,        10,    14
2026.07.23,13:15        ,13:30       ,Hirsch     ,         9,        19,    28
2026.07.23,13:30        ,13:45       ,Hirsch     ,        12,        21,    33
2026.07.23,13:45        ,14:00       ,Hirsch     ,        10,        19,    29
2026.07.23,14:00        ,14:15       ,Hirsch     ,        10,        14,    24
2026.07.23,14:15        ,14:30       ,Hirsch     ,        13,        22,    35
2026.07.23,14:30        ,14:45       ,Hirsch     ,        12,        15,    27
2026.07.23,14:45        ,15:00       ,Hirsch     ,         4,        28,    32
2026.07.23,15:00        ,15:15       ,Hirsch     ,        11,        18,    29
2026.07.23,15:15        ,15:30       ,Hirsch     ,         7,        32,    39
2026.07.23,15:30        ,15:45       ,Hirsch     ,        10,        34,    44
2026.07.23,15:45        ,16:00       ,Hirsch     ,        21,        49,    70
2026.07.23,16:00        ,16:15       ,Hirsch     ,        22,        39,    61
2026.07.23,16:15        ,16:30       ,Hirsch     ,        19,        39,    58
2026.07.23,16:30        ,16:45       ,Hirsch     ,        18,        48,    66
2026.07.23,16:45        ,17:00       ,Hirsch     ,        21,        63,    84
2026.07.23,17:00        ,17:15       ,Hirsch     ,        15,        60,    75
2026.07.23,17:15        ,17:30       ,Hirsch     ,        20,        61,    81
2026.07.23,17:30        ,17:45       ,Hirsch     ,        30,        52,    82
2026.07.23,17:45        ,18:00       ,Hirsch     ,        28,        67,    95
2026.07.23,18:00        ,18:15       ,Hirsch     ,        24,        53,    77
2026.07.23,18:15        ,18:30       ,Hirsch     ,        23,        64,    87
2026.07.23,18:30        ,18:45       ,Hirsch     ,        29,        63,    92
2026.07.23,18:45        ,19:00       ,Hirsch     ,        14,        52,    66
2026.07.23,19:00        ,19:15       ,Hirsch     ,        22,        55,    77
2026.07.23,19:15        ,19:30       ,Hirsch     ,        26,        40,    66
2026.07.23,19:30        ,19:45       ,Hirsch     ,        16,        35,    51
2026.07.23,19:45        ,20:00       ,Hirsch     ,        12,        31,    43
2026.07.23,20:00        ,20:15       ,Hirsch     ,         5,        18,    23
2026.07.23,20:15        ,20:30       ,Hirsch     ,        20,        26,    46
2026.07.23,20:30        ,20:45       ,Hirsch     ,         8,        21,    29
2026.07.23,20:45        ,21:00       ,Hirsch     ,         9,        21,    30
2026.07.23,21:00        ,21:15       ,Hirsch     ,         7,        15,    22
2026.07.23,21:15        ,21:30       ,Hirsch     ,         6,        17,    23
2026.07.23,21:30        ,21:45       ,Hirsch     ,         9,        22,    31
2026.07.23,21:45        ,22:00       ,Hirsch     ,         9,        16,    25
2026.07.23,22:00        ,22:15       ,Hirsch     ,         1,        14,    15
2026.07.23,22:15        ,22:30       ,Hirsch     ,         5,        22,    27
2026.07.23,22:30        ,22:45       ,Hirsch     ,         1,        16,    17
2026.07.23,22:45        ,23:00       ,Hirsch     ,         2,        18,    20
2026.07.23,23:00        ,23:15       ,Hirsch     ,         1,         7,     8
2026.07.23,23:15        ,23:30       ,Hirsch     ,         1,        10,    11
2026.07.23,23:30        ,23:45       ,Hirsch     ,         1,        17,    18
2026.07.23,23:45        ,00:00       ,Hirsch     ,         1,         6,     7
2026.07.24,00:00        ,00:15       ,Hirsch     ,         1,         8,     9
2026.07.24,00:15        ,00:30       ,Hirsch     ,         2,         4,     6
2026.07.24,00:30        ,00:45       ,Hirsch     ,         0,         5,     5
2026.07.24,00:45        ,01:00       ,Hirsch     ,         0,         3,     3
2026.07.24,01:00        ,01:15       ,Hirsch     ,         1,         4,     5
2026.07.24,01:15        ,01:30       ,Hirsch     ,         0,         0,     0
2026.07.24,01:30        ,01:45       ,Hirsch     ,         1,         1,     2
2026.07.24,01:45        ,02:00       ,Hirsch     ,         0,         0,     0
2026.07.24,02:00        ,02:15       ,Hirsch     ,         0,         0,     0
2026.07.24,02:15        ,02:30       ,Hirsch     ,         0,         1,     1
2026.07.24,02:30        ,02:45       ,Hirsch     ,         0,         0,     0
2026.07.24,02:45        ,03:00       ,Hirsch     ,         0,         0,     0
2026.07.24,03:00        ,03:15       ,Hirsch     ,         0,         0,     0
2026.07.24,03:15        ,03:30       ,Hirsch     ,         0,         2,     2
2026.07.24,03:30        ,03:45       ,Hirsch     ,         0,         0,     0
2026.07.24,03:45        ,04:00       ,Hirsch     ,         0,         0,     0
2026.07.24,04:00        ,04:15       ,Hirsch     ,         0,         0,     0
2026.07.24,04:15        ,04:30       ,Hirsch     ,         0,         0,     0
2026.07.24,04:30        ,04:45       ,Hirsch     ,         0,         0,     0
2026.07.24,04:45        ,05:00       ,Hirsch     ,         0,         0,     0
2026.07.24,05:00        ,05:15       ,Hirsch     ,         3,         1,     4
2026.07.24,05:15        ,05:30       ,Hirsch     ,         4,         0,     4
2026.07.24,05:30        ,05:45       ,Hirsch     ,         8,         2,    10
2026.07.24,05:45        ,06:00       ,Hirsch     ,         7,         1,     8
2026.07.24,06:00        ,06:15       ,Hirsch     ,         6,         3,     9
2026.07.24,06:15        ,06:30       ,Hirsch     ,        15,         1,    16
2026.07.24,06:30        ,06:45       ,Hirsch     ,        19,         2,    21
2026.07.24,06:45        ,07:00       ,Hirsch     ,        19,         5,    24
2026.07.24,07:00        ,07:15       ,Hirsch     ,        31,         3,    34
2026.07.24,07:15        ,07:30       ,Hirsch     ,        42,         6,    48
2026.07.24,07:30        ,07:45       ,Hirsch     ,        59,        13,    72
2026.07.24,07:45        ,08:00       ,Hirsch     ,        67,        13,    80
2026.07.24,08:00        ,08:15       ,Hirsch     ,        63,        18,    81
2026.07.24,08:15        ,08:30       ,Hirsch     ,        77,        11,    88
2026.07.24,08:30        ,08:45       ,Hirsch     ,        73,        20,    93
2026.07.24,08:45        ,09:00       ,Hirsch     ,        49,        17,    66
2026.07.24,09:00        ,09:15       ,Hirsch     ,        29,         9,    38
2026.07.24,09:15        ,09:30       ,Hirsch     ,        34,         5,    39
2026.07.24,09:30        ,09:45       ,Hirsch     ,        35,         4,    39
2026.07.24,09:45        ,10:00       ,Hirsch     ,        11,        21,    32
2026.07.24,10:00        ,10:15       ,Hirsch     ,        17,        13,    30
2026.07.24,10:15        ,10:30       ,Hirsch     ,        18,         3,    21
2026.07.24,10:30        ,10:45       ,Hirsch     ,        12,         5,    17
2026.07.24,10:45        ,11:00       ,Hirsch     ,        16,        13,    29
2026.07.24,11:00        ,11:15       ,Hirsch     ,         6,        12,    18
2026.07.24,11:15        ,11:30       ,Hirsch     ,        12,        16,    28
2026.07.24,11:30        ,11:45       ,Hirsch     ,         9,         6,    15
2026.07.24,11:45        ,12:00       ,Hirsch     ,        10,        10,    20
2026.07.24,12:00        ,12:15       ,Hirsch     ,        14,        16,    30
2026.07.24,12:15        ,12:30       ,Hirsch     ,        13,        14,    27
2026.07.24,12:30        ,12:45       ,Hirsch     ,        13,        12,    25
2026.07.24,12:45        ,13:00       ,Hirsch     ,        12,        13,    25
2026.07.24,13:00        ,13:15       ,Hirsch     ,         7,        33,    40
2026.07.24,13:15        ,13:30       ,Hirsch     ,        16,        28,    44
2026.07.24,13:30        ,13:45       ,Hirsch     ,         8,        29,    37
2026.07.24,13:45        ,14:00       ,Hirsch     ,        12,        20,    32
2026.07.24,14:00        ,14:15       ,Hirsch     ,        11,        27,    38
2026.07.24,14:15        ,14:30       ,Hirsch     ,        10,        26,    36
2026.07.24,14:30        ,14:45       ,Hirsch     ,        12,        33,    45
2026.07.24,14:45        ,15:00       ,Hirsch     ,        20,        23,    43
2026.07.24,15:00        ,15:15       ,Hirsch     ,        11,        26,    37
2026.07.24,15:15        ,15:30       ,Hirsch     ,        20,        40,    60
2026.07.24,15:30        ,15:45       ,Hirsch     ,        18,        46,    64
2026.07.24,15:45        ,16:00       ,Hirsch     ,        14,        44,    58
2026.07.24,16:00        ,16:15       ,Hirsch     ,        15,        34,    49
2026.07.24,16:15        ,16:30       ,Hirsch     ,        23,        38,    61
2026.07.24,16:30        ,16:45       ,Hirsch     ,        20,        49,    69
2026.07.24,16:45        ,17:00       ,Hirsch     ,        17,        44,    61
2026.07.24,17:00        ,17:15       ,Hirsch     ,        26,        29,    55
2026.07.24,17:15        ,17:30       ,Hirsch     ,        12,        35,    47
2026.07.24,17:30        ,17:45       ,Hirsch     ,        27,        31,    58
2026.07.24,17:45        ,18:00       ,Hirsch     ,        27,        49,    76
2026.07.24,18:00        ,18:15       ,Hirsch     ,        24,        35,    59
2026.07.24,18:15        ,18:30       ,Hirsch     ,        18,        37,    55
2026.07.24,18:30        ,18:45       ,Hirsch     ,        24,        32,    56
2026.07.24,18:45        ,19:00       ,Hirsch     ,        29,        26,    55
2026.07.24,19:00        ,19:15       ,Hirsch     ,        21,        14,    35
2026.07.24,19:15        ,19:30       ,Hirsch     ,        15,        12,    27
2026.07.24,19:30        ,19:45       ,Hirsch     ,        21,        17,    38
2026.07.24,19:45        ,20:00       ,Hirsch     ,        14,        30,    44
2026.07.24,20:00        ,20:15       ,Hirsch     ,        12,        22,    34
2026.07.24,20:15        ,20:30       ,Hirsch     ,        16,        13,    29
2026.07.24,20:30        ,20:45       ,Hirsch     ,        13,        18,    31
2026.07.24,20:45        ,21:00       ,Hirsch     ,         8,        10,    18
2026.07.24,21:00        ,21:15       ,Hirsch     ,         8,         9,    17
2026.07.24,21:15        ,21:30       ,Hirsch     ,        13,        20,    33
2026.07.24,21:30        ,21:45       ,Hirsch     ,        11,        14,    25
2026.07.24,21:45        ,22:00       ,Hirsch     ,         2,        11,    13
2026.07.24,22:00        ,22:15       ,Hirsch     ,         1,        13,    14
2026.07.24,22:15        ,22:30       ,Hirsch     ,         4,        18,    22
2026.07.24,22:30        ,22:45       ,Hirsch     ,         3,        14,    17
2026.07.24,22:45        ,23:00       ,Hirsch     ,         4,         8,    12
2026.07.24,23:00        ,23:15       ,Hirsch     ,         1,        16,    17
2026.07.24,23:15        ,23:30       ,Hirsch     ,         1,        11,    12
2026.07.24,23:30        ,23:45       ,Hirsch     ,         3,         6,     9
2026.07.24,23:45        ,00:00       ,Hirsch     ,         0,         5,     5
2026.07.25,00:00        ,00:15       ,Hirsch     ,         3,         4,     7
2026.07.25,00:15        ,00:30       ,Hirsch     ,         4,         9,    13
2026.07.25,00:30        ,00:45       ,Hirsch     ,         0,         5,     5
2026.07.25,00:45        ,01:00       ,Hirsch     ,         2,         5,     7
2026.07.25,01:00        ,01:15       ,Hirsch     ,         1,         3,     4
2026.07.25,01:15        ,01:30       ,Hirsch     ,         1,         1,     2
2026.07.25,01:30        ,01:45       ,Hirsch     ,         1,         1,     2
2026.07.25,01:45        ,02:00       ,Hirsch     ,         1,         1,     2
2026.07.25,02:00        ,02:15       ,Hirsch     ,         0,         2,     2
2026.07.25,02:15        ,02:30       ,Hirsch     ,         0,         1,     1
2026.07.25,02:30        ,02:45       ,Hirsch     ,         0,         2,     2
2026.07.25,02:45        ,03:00       ,Hirsch     ,         0,         0,     0
2026.07.25,03:00        ,03:15       ,Hirsch     ,         0,         1,     1
2026.07.25,03:15        ,03:30       ,Hirsch     ,         0,         1,     1
2026.07.25,03:30        ,03:45       ,Hirsch     ,         0,         1,     1
2026.07.25,03:45        ,04:00       ,Hirsch     ,         1,         0,     1
2026.07.25,04:00        ,04:15       ,Hirsch     ,         0,         0,     0
2026.07.25,04:15        ,04:30       ,Hirsch     ,         0,         1,     1
2026.07.25,04:30        ,04:45       ,Hirsch     ,         0,         1,     1
2026.07.25,04:45        ,05:00       ,Hirsch     ,         0,         0,     0
2026.07.25,05:00        ,05:15       ,Hirsch     ,         0,         0,     0
2026.07.25,05:15        ,05:30       ,Hirsch     ,         4,         3,     7
2026.07.25,05:30        ,05:45       ,Hirsch     ,         0,         1,     1
2026.07.25,05:45        ,06:00       ,Hirsch     ,         1,         0,     1
2026.07.25,06:00        ,06:15       ,Hirsch     ,         2,         2,     4
2026.07.25,06:15        ,06:30       ,Hirsch     ,         1,         0,     1
2026.07.25,06:30        ,06:45       ,Hirsch     ,         0,         1,     1
2026.07.25,06:45        ,07:00       ,Hirsch     ,         3,         0,     3
2026.07.25,07:00        ,07:15       ,Hirsch     ,         2,         2,     4
2026.07.25,07:15        ,07:30       ,Hirsch     ,         4,         1,     5
2026.07.25,07:30        ,07:45       ,Hirsch     ,         3,         2,     5
2026.07.25,07:45        ,08:00       ,Hirsch     ,         4,         3,     7
2026.07.25,08:00        ,08:15       ,Hirsch     ,         6,         5,    11
2026.07.25,08:15        ,08:30       ,Hirsch     ,         3,         4,     7
2026.07.25,08:30        ,08:45       ,Hirsch     ,         7,         8,    15
2026.07.25,08:45        ,09:00       ,Hirsch     ,         9,         3,    12
2026.07.25,09:00        ,09:15       ,Hirsch     ,         6,         9,    15
2026.07.25,09:15        ,09:30       ,Hirsch     ,        18,         5,    23
2026.07.25,09:30        ,09:45       ,Hirsch     ,        20,        10,    30
2026.07.25,09:45        ,10:00       ,Hirsch     ,        14,        11,    25
2026.07.25,10:00        ,10:15       ,Hirsch     ,        16,         5,    21
2026.07.25,10:15        ,10:30       ,Hirsch     ,        25,         8,    33
2026.07.25,10:30        ,10:45       ,Hirsch     ,        14,        20,    34
2026.07.25,10:45        ,11:00       ,Hirsch     ,        18,        11,    29
2026.07.25,11:00        ,11:15       ,Hirsch     ,        23,        14,    37
2026.07.25,11:15        ,11:30       ,Hirsch     ,        22,        18,    40
2026.07.25,11:30        ,11:45       ,Hirsch     ,        12,         9,    21
2026.07.25,11:45        ,12:00       ,Hirsch     ,        13,         4,    17
2026.07.25,12:00        ,12:15       ,Hirsch     ,        17,         9,    26
2026.07.25,12:15        ,12:30       ,Hirsch     ,        17,        13,    30
2026.07.25,12:30        ,12:45       ,Hirsch     ,         6,        11,    17
2026.07.25,12:45        ,13:00       ,Hirsch     ,        12,         6,    18
2026.07.25,13:00        ,13:15       ,Hirsch     ,        13,        16,    29
2026.07.25,13:15        ,13:30       ,Hirsch     ,         7,         9,    16
2026.07.25,13:30        ,13:45       ,Hirsch     ,        23,        11,    34
2026.07.25,13:45        ,14:00       ,Hirsch     ,        20,        12,    32
2026.07.25,14:00        ,14:15       ,Hirsch     ,        12,        16,    28
2026.07.25,14:15        ,14:30       ,Hirsch     ,         9,        19,    28
2026.07.25,14:30        ,14:45       ,Hirsch     ,        21,        22,    43
2026.07.25,14:45        ,15:00       ,Hirsch     ,        11,        13,    24
2026.07.25,15:00        ,15:15       ,Hirsch     ,        14,         8,    22
2026.07.25,15:15        ,15:30       ,Hirsch     ,        14,         7,    21
2026.07.25,15:30        ,15:45       ,Hirsch     ,        11,        11,    22
2026.07.25,15:45        ,16:00       ,Hirsch     ,        12,        13,    25
2026.07.25,16:00        ,16:15       ,Hirsch     ,         9,        15,    24
2026.07.25,16:15        ,16:30       ,Hirsch     ,        13,        17,    30
2026.07.25,16:30        ,16:45       ,Hirsch     ,        18,        22,    40
2026.07.25,16:45        ,17:00       ,Hirsch     ,        12,        25,    37
2026.07.25,17:00        ,17:15       ,Hirsch     ,         9,        12,    21
2026.07.25,17:15        ,17:30       ,Hirsch     ,        16,        13,    29
2026.07.25,17:30        ,17:45       ,Hirsch     ,         8,        24,    32
2026.07.25,17:45        ,18:00       ,Hirsch     ,        21,        11,    32
2026.07.25,18:00        ,18:15       ,Hirsch     ,        16,        25,    41
2026.07.25,18:15        ,18:30       ,Hirsch     ,        12,        17,    29
2026.07.25,18:30        ,18:45       ,Hirsch     ,        16,        19,    35
2026.07.25,18:45        ,19:00       ,Hirsch     ,        10,        16,    26
2026.07.25,19:00        ,19:15       ,Hirsch     ,        14,        21,    35
2026.07.25,19:15        ,19:30       ,Hirsch     ,        17,        10,    27
2026.07.25,19:30        ,19:45       ,Hirsch     ,        15,         4,    19
2026.07.25,19:45        ,20:00       ,Hirsch     ,         4,        11,    15
2026.07.25,20:00        ,20:15       ,Hirsch     ,        12,         6,    18
2026.07.25,20:15        ,20:30       ,Hirsch     ,        12,         9,    21
2026.07.25,20:30        ,20:45       ,Hirsch     ,        18,        17,    35
2026.07.25,20:45        ,21:00       ,Hirsch     ,         9,         6,    15
2026.07.25,21:00        ,21:15       ,Hirsch     ,         2,         4,     6
2026.07.25,21:15        ,21:30       ,Hirsch     ,         3,        12,    15
2026.07.25,21:30        ,21:45       ,Hirsch     ,         3,        14,    17
2026.07.25,21:45        ,22:00       ,Hirsch     ,         9,        10,    19
2026.07.25,22:00        ,22:15       ,Hirsch     ,         3,        13,    16
2026.07.25,22:15        ,22:30       ,Hirsch     ,         5,        13,    18
2026.07.25,22:30        ,22:45       ,Hirsch     ,         9,        14,    23
2026.07.25,22:45        ,23:00       ,Hirsch     ,        12,        10,    22
2026.07.25,23:00        ,23:15       ,Hirsch     ,         4,        15,    19
2026.07.25,23:15        ,23:30       ,Hirsch     ,         8,         8,    16
2026.07.25,23:30        ,23:45       ,Hirsch     ,         1,        13,    14
2026.07.25,23:45        ,00:00       ,Hirsch     ,         0,         5,     5
2026.07.26,00:00        ,00:15       ,Hirsch     ,         2,         3,     5
2026.07.26,00:15        ,00:30       ,Hirsch     ,         6,         5,    11
2026.07.26,00:30        ,00:45       ,Hirsch     ,         1,         6,     7
2026.07.26,00:45        ,01:00       ,Hirsch     ,         0,         9,     9
2026.07.26,01:00        ,01:15       ,Hirsch     ,         1,         2,     3
2026.07.26,01:15        ,01:30       ,Hirsch     ,         2,         2,     4
2026.07.26,01:30        ,01:45       ,Hirsch     ,         2,         0,     2
2026.07.26,01:45        ,02:00       ,Hirsch     ,         0,         2,     2
2026.07.26,02:00        ,02:15       ,Hirsch     ,         0,         0,     0
2026.07.26,02:15        ,02:30       ,Hirsch     ,         0,         0,     0
2026.07.26,02:30        ,02:45       ,Hirsch     ,         1,         0,     1
2026.07.26,02:45        ,03:00       ,Hirsch     ,         1,         1,     2
2026.07.26,03:00        ,03:15       ,Hirsch     ,         1,         2,     3
2026.07.26,03:15        ,03:30       ,Hirsch     ,         0,         0,     0
2026.07.26,03:30        ,03:45       ,Hirsch     ,         0,         0,     0
2026.07.26,03:45        ,04:00       ,Hirsch     ,         1,         1,     2
2026.07.26,04:00        ,04:15       ,Hirsch     ,         0,         0,     0
2026.07.26,04:15        ,04:30       ,Hirsch     ,         0,         0,     0
2026.07.26,04:30        ,04:45       ,Hirsch     ,         1,         3,     4
2026.07.26,04:45        ,05:00       ,Hirsch     ,         0,         0,     0
2026.07.26,05:00        ,05:15       ,Hirsch     ,         0,         1,     1
2026.07.26,05:15        ,05:30       ,Hirsch     ,         3,         0,     3
2026.07.26,05:30        ,05:45       ,Hirsch     ,         0,         0,     0
2026.07.26,05:45        ,06:00       ,Hirsch     ,         1,         3,     4
2026.07.26,06:00        ,06:15       ,Hirsch     ,         0,         1,     1
2026.07.26,06:15        ,06:30       ,Hirsch     ,         4,         0,     4
2026.07.26,06:30        ,06:45       ,Hirsch     ,         1,         1,     2
2026.07.26,06:45        ,07:00       ,Hirsch     ,         0,         0,     0
2026.07.26,07:00        ,07:15       ,Hirsch     ,         3,         2,     5
2026.07.26,07:15        ,07:30       ,Hirsch     ,         0,         1,     1
2026.07.26,07:30        ,07:45       ,Hirsch     ,         3,         3,     6
2026.07.26,07:45        ,08:00       ,Hirsch     ,         0,         3,     3
2026.07.26,08:00        ,08:15       ,Hirsch     ,         1,         0,     1
2026.07.26,08:15        ,08:30       ,Hirsch     ,         1,         2,     3
2026.07.26,08:30        ,08:45       ,Hirsch     ,         2,         2,     4
2026.07.26,08:45        ,09:00       ,Hirsch     ,         5,         3,     8
2026.07.26,09:00        ,09:15       ,Hirsch     ,         3,         4,     7
2026.07.26,09:15        ,09:30       ,Hirsch     ,         7,        11,    18
2026.07.26,09:30        ,09:45       ,Hirsch     ,         8,         6,    14
2026.07.26,09:45        ,10:00       ,Hirsch     ,         4,         7,    11
2026.07.26,10:00        ,10:15       ,Hirsch     ,        14,         1,    15
2026.07.26,10:15        ,10:30       ,Hirsch     ,        11,         3,    14
2026.07.26,10:30        ,10:45       ,Hirsch     ,         6,         3,     9
2026.07.26,10:45        ,11:00       ,Hirsch     ,         8,         3,    11
2026.07.26,11:00        ,11:15       ,Hirsch     ,         7,         2,     9
2026.07.26,11:15        ,11:30       ,Hirsch     ,         6,         6,    12
2026.07.26,11:30        ,11:45       ,Hirsch     ,         7,        11,    18
2026.07.26,11:45        ,12:00       ,Hirsch     ,        12,         9,    21
2026.07.26,12:00        ,12:15       ,Hirsch     ,        19,        10,    29
2026.07.26,12:15        ,12:30       ,Hirsch     ,        15,        20,    35
2026.07.26,12:30        ,12:45       ,Hirsch     ,        18,        13,    31
2026.07.26,12:45        ,13:00       ,Hirsch     ,        11,         9,    20
2026.07.26,13:00        ,13:15       ,Hirsch     ,         9,        11,    20
2026.07.26,13:15        ,13:30       ,Hirsch     ,         7,        10,    17
2026.07.26,13:30        ,13:45       ,Hirsch     ,        15,        12,    27
2026.07.26,13:45        ,14:00       ,Hirsch     ,        12,         8,    20
2026.07.26,14:00        ,14:15       ,Hirsch     ,        16,        12,    28
2026.07.26,14:15        ,14:30       ,Hirsch     ,         9,        15,    24
2026.07.26,14:30        ,14:45       ,Hirsch     ,         8,         9,    17
2026.07.26,14:45        ,15:00       ,Hirsch     ,        14,        18,    32
2026.07.26,15:00        ,15:15       ,Hirsch     ,         5,        19,    24
2026.07.26,15:15        ,15:30       ,Hirsch     ,        11,        16,    27
2026.07.26,15:30        ,15:45       ,Hirsch     ,         8,        19,    27
2026.07.26,15:45        ,16:00       ,Hirsch     ,        10,         9,    19
2026.07.26,16:00        ,16:15       ,Hirsch     ,        14,        11,    25
2026.07.26,16:15        ,16:30       ,Hirsch     ,        11,        14,    25
2026.07.26,16:30        ,16:45       ,Hirsch     ,        23,        16,    39
2026.07.26,16:45        ,17:00       ,Hirsch     ,        12,        10,    22
2026.07.26,17:00        ,17:15       ,Hirsch     ,        12,        19,    31
2026.07.26,17:15        ,17:30       ,Hirsch     ,        29,        20,    49
2026.07.26,17:30        ,17:45       ,Hirsch     ,        10,        18,    28
2026.07.26,17:45        ,18:00       ,Hirsch     ,        13,        18,    31
2026.07.26,18:00        ,18:15       ,Hirsch     ,        14,         5,    19
2026.07.26,18:15        ,18:30       ,Hirsch     ,        23,        11,    34
2026.07.26,18:30        ,18:45       ,Hirsch     ,        21,        14,    35
2026.07.26,18:45        ,19:00       ,Hirsch     ,        17,        11,    28
2026.07.26,19:00        ,19:15       ,Hirsch     ,        26,        10,    36
2026.07.26,19:15        ,19:30       ,Hirsch     ,         9,        13,    22
2026.07.26,19:30        ,19:45       ,Hirsch     ,         7,        19,    26
2026.07.26,19:45        ,20:00       ,Hirsch     ,        10,        17,    27
2026.07.26,20:00        ,20:15       ,Hirsch     ,         6,        11,    17
2026.07.26,20:15        ,20:30       ,Hirsch     ,        13,         8,    21
2026.07.26,20:30        ,20:45       ,Hirsch     ,         6,        12,    18
2026.07.26,20:45        ,21:00       ,Hirsch     ,         9,        13,    22
2026.07.26,21:00        ,21:15       ,Hirsch     ,         9,        10,    19
2026.07.26,21:15        ,21:30       ,Hirsch     ,         4,         4,     8
2026.07.26,21:30        ,21:45       ,Hirsch     ,         4,        12,    16
2026.07.26,21:45        ,22:00       ,Hirsch     ,         2,         9,    11
2026.07.26,22:00        ,22:15       ,Hirsch     ,         0,        11,    11
2026.07.26,22:15        ,22:30       ,Hirsch     ,         4,        20,    24
2026.07.26,22:30        ,22:45       ,Hirsch     ,         3,         3,     6
2026.07.26,22:45        ,23:00       ,Hirsch     ,         3,         9,    12
2026.07.26,23:00        ,23:15       ,Hirsch     ,         1,         5,     6
2026.07.26,23:15        ,23:30       ,Hirsch     ,         0,         8,     8
2026.07.26,23:30        ,23:45       ,Hirsch     ,         0,         2,     2
2026.07.26,23:45        ,00:00       ,Hirsch     ,         0,         1,     1
2026.07.27,00:00        ,00:15       ,Hirsch     ,         0,         5,     5
2026.07.27,00:15        ,00:30       ,Hirsch     ,         0,         0,     0
2026.07.27,00:30        ,00:45       ,Hirsch     ,         0,         2,     2
2026.07.27,00:45        ,01:00       ,Hirsch     ,         0,         1,     1
2026.07.27,01:00        ,01:15       ,Hirsch     ,         0,         1,     1
2026.07.27,01:15        ,01:30       ,Hirsch     ,         1,         1,     2
2026.07.27,01:30        ,01:45       ,Hirsch     ,         0,         0,     0
2026.07.27,01:45        ,02:00       ,Hirsch     ,         0,         0,     0
2026.07.27,02:00        ,02:15       ,Hirsch     ,         0,         0,     0
2026.07.27,02:15        ,02:30       ,Hirsch     ,         0,         0,     0
2026.07.27,02:30        ,02:45       ,Hirsch     ,         0,         0,     0
2026.07.27,02:45        ,03:00       ,Hirsch     ,         0,         0,     0
2026.07.27,03:00        ,03:15       ,Hirsch     ,         0,         0,     0
2026.07.27,03:15        ,03:30       ,Hirsch     ,         0,         0,     0
2026.07.27,03:30        ,03:45       ,Hirsch     ,         0,         0,     0
2026.07.27,03:45        ,04:00       ,Hirsch     ,         0,         0,     0
2026.07.27,04:00        ,04:15       ,Hirsch     ,         0,         0,     0
2026.07.27,04:15        ,04:30       ,Hirsch     ,         0,         0,     0
2026.07.27,04:30        ,04:45       ,Hirsch     ,         0,         0,     0
2026.07.27,04:45        ,05:00       ,Hirsch     ,         1,         0,     1
2026.07.27,05:00        ,05:15       ,Hirsch     ,         2,         0,     2
2026.07.27,05:15        ,05:30       ,Hirsch     ,         5,         1,     6
2026.07.27,05:30        ,05:45       ,Hirsch     ,         9,         2,    11
2026.07.27,05:45        ,06:00       ,Hirsch     ,         9,         0,     9
2026.07.27,06:00        ,06:15       ,Hirsch     ,         8,         1,     9
2026.07.27,06:15        ,06:30       ,Hirsch     ,        10,         4,    14
2026.07.27,06:30        ,06:45       ,Hirsch     ,        17,         7,    24
2026.07.27,06:45        ,07:00       ,Hirsch     ,        35,         8,    43
2026.07.27,07:00        ,07:15       ,Hirsch     ,        43,         5,    48
2026.07.27,07:15        ,07:30       ,Hirsch     ,        59,         8,    67
2026.07.27,07:30        ,07:45       ,Hirsch     ,        77,        17,    94
2026.07.27,07:45        ,08:00       ,Hirsch     ,        90,        19,   109
2026.07.27,08:00        ,08:15       ,Hirsch     ,       116,        15,   131
2026.07.27,08:15        ,08:30       ,Hirsch     ,        99,        15,   114
2026.07.27,08:30        ,08:45       ,Hirsch     ,        54,        13,    67
2026.07.27,08:45        ,09:00       ,Hirsch     ,        43,        11,    54
2026.07.27,09:00        ,09:15       ,Hirsch     ,        15,         1,    16
2026.07.27,09:15        ,09:30       ,Hirsch     ,         9,         5,    14
2026.07.27,09:30        ,09:45       ,Hirsch     ,        13,         3,    16
2026.07.27,09:45        ,10:00       ,Hirsch     ,        10,         4,    14
2026.07.27,10:00        ,10:15       ,Hirsch     ,        10,         4,    14
2026.07.27,10:15        ,10:30       ,Hirsch     ,        12,         2,    14
2026.07.27,10:30        ,10:45       ,Hirsch     ,         8,         4,    12
2026.07.27,10:45        ,11:00       ,Hirsch     ,        17,         0,    17
2026.07.27,11:00        ,11:15       ,Hirsch     ,         9,         4,    13
2026.07.27,11:15        ,11:30       ,Hirsch     ,         3,         7,    10
2026.07.27,11:30        ,11:45       ,Hirsch     ,         6,         7,    13
2026.07.27,11:45        ,12:00       ,Hirsch     ,         2,         6,     8
2026.07.27,12:00        ,12:15       ,Hirsch     ,         5,         4,     9
2026.07.27,12:15        ,12:30       ,Hirsch     ,         4,         2,     6
2026.07.27,12:30        ,12:45       ,Hirsch     ,         7,         8,    15
2026.07.27,12:45        ,13:00       ,Hirsch     ,         8,         7,    15
2026.07.27,13:00        ,13:15       ,Hirsch     ,         7,         6,    13
2026.07.27,13:15        ,13:30       ,Hirsch     ,        11,         6,    17
2026.07.27,13:30        ,13:45       ,Hirsch     ,         8,         9,    17
2026.07.27,13:45        ,14:00       ,Hirsch     ,         7,        19,    26
2026.07.27,14:00        ,14:15       ,Hirsch     ,         9,        12,    21
2026.07.27,14:15        ,14:30       ,Hirsch     ,         8,        18,    26
2026.07.27,14:30        ,14:45       ,Hirsch     ,        16,        24,    40
2026.07.27,14:45        ,15:00       ,Hirsch     ,        13,        24,    37
2026.07.27,15:00        ,15:15       ,Hirsch     ,        10,        26,    36
2026.07.27,15:15        ,15:30       ,Hirsch     ,        15,        19,    34
2026.07.27,15:30        ,15:45       ,Hirsch     ,        13,        27,    40
2026.07.27,15:45        ,16:00       ,Hirsch     ,        14,        23,    37
2026.07.27,16:00        ,16:15       ,Hirsch     ,        10,        37,    47
2026.07.27,16:15        ,16:30       ,Hirsch     ,        25,        41,    66
2026.07.27,16:30        ,16:45       ,Hirsch     ,        25,        41,    66
2026.07.27,16:45        ,17:00       ,Hirsch     ,        15,        41,    56
2026.07.27,17:00        ,17:15       ,Hirsch     ,        15,        49,    64
2026.07.27,17:15        ,17:30       ,Hirsch     ,        21,        56,    77
2026.07.27,17:30        ,17:45       ,Hirsch     ,        24,        77,   101
2026.07.27,17:45        ,18:00       ,Hirsch     ,        21,        65,    86
2026.07.27,18:00        ,18:15       ,Hirsch     ,        26,        51,    77
2026.07.27,18:15        ,18:30       ,Hirsch     ,        18,        55,    73
2026.07.27,18:30        ,18:45       ,Hirsch     ,        20,        43,    63
2026.07.27,18:45        ,19:00       ,Hirsch     ,        14,        38,    52
2026.07.27,19:00        ,19:15       ,Hirsch     ,        19,        31,    50
2026.07.27,19:15        ,19:30       ,Hirsch     ,        21,        17,    38
2026.07.27,19:30        ,19:45       ,Hirsch     ,         8,        19,    27
2026.07.27,19:45        ,20:00       ,Hirsch     ,        20,        27,    47
2026.07.27,20:00        ,20:15       ,Hirsch     ,         7,        14,    21
2026.07.27,20:15        ,20:30       ,Hirsch     ,        13,        15,    28
2026.07.27,20:30        ,20:45       ,Hirsch     ,         5,        19,    24
2026.07.27,20:45        ,21:00       ,Hirsch     ,         9,        14,    23
2026.07.27,21:00        ,21:15       ,Hirsch     ,        10,        13,    23
2026.07.27,21:15        ,21:30       ,Hirsch     ,         6,         6,    12
2026.07.27,21:30        ,21:45       ,Hirsch     ,         6,         6,    12
2026.07.27,21:45        ,22:00       ,Hirsch     ,         5,         9,    14
2026.07.27,22:00        ,22:15       ,Hirsch     ,         5,        16,    21
2026.07.27,22:15        ,22:30       ,Hirsch     ,         0,        15,    15
2026.07.27,22:30        ,22:45       ,Hirsch     ,         6,         9,    15
2026.07.27,22:45        ,23:00       ,Hirsch     ,         1,        12,    13
2026.07.27,23:00        ,23:15       ,Hirsch     ,         3,         7,    10
2026.07.27,23:15        ,23:30       ,Hirsch     ,         0,         4,     4
2026.07.27,23:30        ,23:45       ,Hirsch     ,         4,         7,    11
2026.07.27,23:45        ,00:00       ,Hirsch     ,         0,         4,     4
2026.07.28,00:00        ,00:15       ,Hirsch     ,         2,         2,     4
2026.07.28,00:15        ,00:30       ,Hirsch     ,         1,         2,     3
2026.07.28,00:30        ,00:45       ,Hirsch     ,         1,         1,     2
2026.07.28,00:45        ,01:00       ,Hirsch     ,         0,         0,     0
2026.07.28,01:00        ,01:15       ,Hirsch     ,         0,         0,     0
2026.07.28,01:15        ,01:30       ,Hirsch     ,         0,         1,     1
2026.07.28,01:30        ,01:45       ,Hirsch     ,         0,         1,     1
2026.07.28,01:45        ,02:00       ,Hirsch     ,         0,         0,     0
2026.07.28,02:00        ,02:15       ,Hirsch     ,         0,         0,     0
2026.07.28,02:15        ,02:30       ,Hirsch     ,         0,         0,     0
2026.07.28,02:30        ,02:45       ,Hirsch     ,         0,         0,     0
2026.07.28,02:45        ,03:00       ,Hirsch     ,         0,         0,     0
2026.07.28,03:00        ,03:15       ,Hirsch     ,         0,         0,     0
2026.07.28,03:15        ,03:30       ,Hirsch     ,         0,         0,     0
2026.07.28,03:30        ,03:45       ,Hirsch     ,         0,         0,     0
2026.07.28,03:45        ,04:00       ,Hirsch     ,         0,         0,     0
2026.07.28,04:00        ,04:15       ,Hirsch     ,         0,         0,     0
2026.07.28,04:15        ,04:30       ,Hirsch     ,         0,         0,     0
2026.07.28,04:30        ,04:45       ,Hirsch     ,         0,         0,     0
2026.07.28,04:45        ,05:00       ,Hirsch     ,         0,         0,     0
2026.07.28,05:00        ,05:15       ,Hirsch     ,         4,         0,     4
2026.07.28,05:15        ,05:30       ,Hirsch     ,         5,         1,     6
2026.07.28,05:30        ,05:45       ,Hirsch     ,        14,         1,    15
2026.07.28,05:45        ,06:00       ,Hirsch     ,         8,         1,     9
2026.07.28,06:00        ,06:15       ,Hirsch     ,        13,         2,    15
2026.07.28,06:15        ,06:30       ,Hirsch     ,        16,         1,    17
2026.07.28,06:30        ,06:45       ,Hirsch     ,        25,         5,    30
2026.07.28,06:45        ,07:00       ,Hirsch     ,        46,         7,    53
2026.07.28,07:00        ,07:15       ,Hirsch     ,        57,         6,    63
2026.07.28,07:15        ,07:30       ,Hirsch     ,        72,         4,    76
2026.07.28,07:30        ,07:45       ,Hirsch     ,        92,        22,   114
2026.07.28,07:45        ,08:00       ,Hirsch     ,       112,        18,   130
2026.07.28,08:00        ,08:15       ,Hirsch     ,       124,        17,   141
2026.07.28,08:15        ,08:30       ,Hirsch     ,       128,        29,   157
2026.07.28,08:30        ,08:45       ,Hirsch     ,       139,        18,   157
2026.07.28,08:45        ,09:00       ,Hirsch     ,        87,        12,    99
2026.07.28,09:00        ,09:15       ,Hirsch     ,        59,        14,    73
2026.07.28,09:15        ,09:30       ,Hirsch     ,        56,        20,    76
2026.07.28,09:30        ,09:45       ,Hirsch     ,        42,         8,    50
2026.07.28,09:45        ,10:00       ,Hirsch     ,        25,         9,    34
2026.07.28,10:00        ,10:15       ,Hirsch     ,        19,         4,    23
2026.07.28,10:15        ,10:30       ,Hirsch     ,        16,        14,    30
2026.07.28,10:30        ,10:45       ,Hirsch     ,        13,         6,    19
2026.07.28,10:45        ,11:00       ,Hirsch     ,        11,        17,    28
2026.07.28,11:00        ,11:15       ,Hirsch     ,        20,         9,    29
2026.07.28,11:15        ,11:30       ,Hirsch     ,        10,         4,    14
2026.07.28,11:30        ,11:45       ,Hirsch     ,        20,        12,    32
2026.07.28,11:45        ,12:00       ,Hirsch     ,        12,         7,    19
2026.07.28,12:00        ,12:15       ,Hirsch     ,        11,        13,    24
2026.07.28,12:15        ,12:30       ,Hirsch     ,        18,        19,    37
2026.07.28,12:30        ,12:45       ,Hirsch     ,         6,        15,    21
2026.07.28,12:45        ,13:00       ,Hirsch     ,        14,        21,    35
2026.07.28,13:00        ,13:15       ,Hirsch     ,        10,        14,    24
2026.07.28,13:15        ,13:30       ,Hirsch     ,         9,        11,    20
2026.07.28,13:30        ,13:45       ,Hirsch     ,        12,        17,    29
2026.07.28,13:45        ,14:00       ,Hirsch     ,        13,        15,    28
2026.07.28,14:00        ,14:15       ,Hirsch     ,         9,        23,    32
2026.07.28,14:15        ,14:30       ,Hirsch     ,        10,        29,    39
2026.07.28,14:30        ,14:45       ,Hirsch     ,        12,        22,    34
2026.07.28,14:45        ,15:00       ,Hirsch     ,         8,        25,    33
2026.07.28,15:00        ,15:15       ,Hirsch     ,        18,        31,    49
2026.07.28,15:15        ,15:30       ,Hirsch     ,        12,        29,    41
2026.07.28,15:30        ,15:45       ,Hirsch     ,        12,        27,    39
2026.07.28,15:45        ,16:00       ,Hirsch     ,        14,        36,    50
2026.07.28,16:00        ,16:15       ,Hirsch     ,         9,        37,    46
2026.07.28,16:15        ,16:30       ,Hirsch     ,        10,        50,    60
2026.07.28,16:30        ,16:45       ,Hirsch     ,         9,        63,    72
2026.07.28,16:45        ,17:00       ,Hirsch     ,        17,        53,    70
2026.07.28,17:00        ,17:15       ,Hirsch     ,        30,        68,    98
2026.07.28,17:15        ,17:30       ,Hirsch     ,        33,        77,   110
2026.07.28,17:30        ,17:45       ,Hirsch     ,        26,        88,   114
2026.07.28,17:45        ,18:00       ,Hirsch     ,        26,        90,   116
2026.07.28,18:00        ,18:15       ,Hirsch     ,        39,        92,   131
2026.07.28,18:15        ,18:30       ,Hirsch     ,        27,        61,    88
2026.07.28,18:30        ,18:45       ,Hirsch     ,        26,        65,    91
2026.07.28,18:45        ,19:00       ,Hirsch     ,        15,        65,    80
2026.07.28,19:00        ,19:15       ,Hirsch     ,        21,        51,    72
2026.07.28,19:15        ,19:30       ,Hirsch     ,        18,        40,    58
2026.07.28,19:30        ,19:45       ,Hirsch     ,        12,        39,    51
2026.07.28,19:45        ,20:00       ,Hirsch     ,        15,        24,    39
2026.07.28,20:00        ,20:15       ,Hirsch     ,        11,        28,    39
2026.07.28,20:15        ,20:30       ,Hirsch     ,        18,        17,    35
2026.07.28,20:30        ,20:45       ,Hirsch     ,        12,        22,    34
2026.07.28,20:45        ,21:00       ,Hirsch     ,        14,        28,    42
2026.07.28,21:00        ,21:15       ,Hirsch     ,        15,        30,    45
2026.07.28,21:15        ,21:30       ,Hirsch     ,         6,        21,    27
2026.07.28,21:30        ,21:45       ,Hirsch     ,         7,        15,    22
2026.07.28,21:45        ,22:00       ,Hirsch     ,         7,        25,    32
2026.07.28,22:00        ,22:15       ,Hirsch     ,         8,        18,    26
2026.07.28,22:15        ,22:30       ,Hirsch     ,         4,        13,    17
2026.07.28,22:30        ,22:45       ,Hirsch     ,         5,        19,    24
2026.07.28,22:45        ,23:00       ,Hirsch     ,         0,        11,    11
2026.07.28,23:00        ,23:15       ,Hirsch     ,         2,        12,    14
2026.07.28,23:15        ,23:30       ,Hirsch     ,         8,         6,    14
2026.07.28,23:30        ,23:45       ,Hirsch     ,         1,         9,    10
2026.07.28,23:45        ,00:00       ,Hirsch     ,         1,         2,     3
2026.07.29,00:00        ,00:15       ,Hirsch     ,         0,         7,     7
2026.07.29,00:15        ,00:30       ,Hirsch     ,         0,         2,     2
2026.07.29,00:30        ,00:45       ,Hirsch     ,         0,         2,     2
2026.07.29,00:45        ,01:00       ,Hirsch     ,         0,         5,     5
2026.07.29,01:00        ,01:15       ,Hirsch     ,         0,         4,     4
2026.07.29,01:15        ,01:30       ,Hirsch     ,         0,         1,     1
2026.07.29,01:30        ,01:45       ,Hirsch     ,         0,         2,     2
2026.07.29,01:45        ,02:00       ,Hirsch     ,         1,         1,     2
2026.07.29,02:00        ,02:15       ,Hirsch     ,         0,         0,     0
2026.07.29,02:15        ,02:30       ,Hirsch     ,         0,         1,     1
2026.07.29,02:30        ,02:45       ,Hirsch     ,         0,         3,     3
2026.07.29,02:45        ,03:00       ,Hirsch     ,         0,         0,     0
2026.07.29,03:00        ,03:15       ,Hirsch     ,         0,         0,     0
2026.07.29,03:15        ,03:30       ,Hirsch     ,         0,         0,     0
2026.07.29,03:30        ,03:45       ,Hirsch     ,         0,         0,     0
2026.07.29,03:45        ,04:00       ,Hirsch     ,         0,         0,     0
2026.07.29,04:00        ,04:15       ,Hirsch     ,         0,         0,     0
2026.07.29,04:15        ,04:30       ,Hirsch     ,         0,         1,     1
2026.07.29,04:30        ,04:45       ,Hirsch     ,         0,         0,     0
2026.07.29,04:45        ,05:00       ,Hirsch     ,         1,         0,     1
2026.07.29,05:00        ,05:15       ,Hirsch     ,         4,         0,     4
2026.07.29,05:15        ,05:30       ,Hirsch     ,         4,         0,     4
2026.07.29,05:30        ,05:45       ,Hirsch     ,        11,         2,    13
2026.07.29,05:45        ,06:00       ,Hirsch     ,         6,         0,     6
2026.07.29,06:00        ,06:15       ,Hirsch     ,         9,         2,    11
2026.07.29,06:15        ,06:30       ,Hirsch     ,        14,         1,    15
2026.07.29,06:30        ,06:45       ,Hirsch     ,        26,         3,    29
2026.07.29,06:45        ,07:00       ,Hirsch     ,        45,         4,    49
2026.07.29,07:00        ,07:15       ,Hirsch     ,        47,         7,    54
2026.07.29,07:15        ,07:30       ,Hirsch     ,        65,        12,    77
2026.07.29,07:30        ,07:45       ,Hirsch     ,        88,        14,   102
2026.07.29,07:45        ,08:00       ,Hirsch     ,       110,        23,   133
2026.07.29,08:00        ,08:15       ,Hirsch     ,       135,        14,   149
2026.07.29,08:15        ,08:30       ,Hirsch     ,       141,        23,   164
2026.07.29,08:30        ,08:45       ,Hirsch     ,       100,        16,   116
2026.07.29,08:45        ,09:00       ,Hirsch     ,        78,        16,    94
2026.07.29,09:00        ,09:15       ,Hirsch     ,        77,        13,    90
2026.07.29,09:15        ,09:30       ,Hirsch     ,        35,         9,    44
2026.07.29,09:30        ,09:45       ,Hirsch     ,        36,        13,    49
2026.07.29,09:45        ,10:00       ,Hirsch     ,        22,         6,    28
2026.07.29,10:00        ,10:15       ,Hirsch     ,        30,         5,    35
2026.07.29,10:15        ,10:30       ,Hirsch     ,        12,         6,    18
2026.07.29,10:30        ,10:45       ,Hirsch     ,        23,        13,    36
2026.07.29,10:45        ,11:00       ,Hirsch     ,        15,        12,    27
2026.07.29,11:00        ,11:15       ,Hirsch     ,        13,         6,    19
2026.07.29,11:15        ,11:30       ,Hirsch     ,        17,        11,    28
2026.07.29,11:30        ,11:45       ,Hirsch     ,         4,         7,    11
2026.07.29,11:45        ,12:00       ,Hirsch     ,        11,        12,    23
2026.07.29,12:00        ,12:15       ,Hirsch     ,        18,         9,    27
2026.07.29,12:15        ,12:30       ,Hirsch     ,         7,        18,    25
2026.07.29,12:30        ,12:45       ,Hirsch     ,        12,        15,    27
2026.07.29,12:45        ,13:00       ,Hirsch     ,         9,        22,    31
2026.07.29,13:00        ,13:15       ,Hirsch     ,         7,        13,    20
2026.07.29,13:15        ,13:30       ,Hirsch     ,        17,        20,    37
2026.07.29,13:30        ,13:45       ,Hirsch     ,         6,        22,    28
2026.07.29,13:45        ,14:00       ,Hirsch     ,         4,        22,    26
2026.07.29,14:00        ,14:15       ,Hirsch     ,        10,        20,    30
2026.07.29,14:15        ,14:30       ,Hirsch     ,         9,        23,    32
2026.07.29,14:30        ,14:45       ,Hirsch     ,        10,        25,    35
2026.07.29,14:45        ,15:00       ,Hirsch     ,        10,        24,    34
2026.07.29,15:00        ,15:15       ,Hirsch     ,        11,        25,    36
2026.07.29,15:15        ,15:30       ,Hirsch     ,        11,        37,    48
2026.07.29,15:30        ,15:45       ,Hirsch     ,        11,        34,    45
2026.07.29,15:45        ,16:00       ,Hirsch     ,        14,        37,    51
2026.07.29,16:00        ,16:15       ,Hirsch     ,        16,        43,    59
2026.07.29,16:15        ,16:30       ,Hirsch     ,        23,        49,    72
2026.07.29,16:30        ,16:45       ,Hirsch     ,        17,        53,    70
2026.07.29,16:45        ,17:00       ,Hirsch     ,        17,        49,    66
2026.07.29,17:00        ,17:15       ,Hirsch     ,        13,        42,    55
2026.07.29,17:15        ,17:30       ,Hirsch     ,        21,        76,    97
2026.07.29,17:30        ,17:45       ,Hirsch     ,        20,        86,   106
2026.07.29,17:45        ,18:00       ,Hirsch     ,        32,        69,   101
2026.07.29,18:00        ,18:15       ,Hirsch     ,        29,        51,    80
2026.07.29,18:15        ,18:30       ,Hirsch     ,        16,        67,    83
2026.07.29,18:30        ,18:45       ,Hirsch     ,        25,        63,    88
2026.07.29,18:45        ,19:00       ,Hirsch     ,        23,        49,    72
2026.07.29,19:00        ,19:15       ,Hirsch     ,        11,        52,    63
2026.07.29,19:15        ,19:30       ,Hirsch     ,        19,        50,    69
2026.07.29,19:30        ,19:45       ,Hirsch     ,        11,        32,    43
2026.07.29,19:45        ,20:00       ,Hirsch     ,        18,        23,    41
2026.07.29,20:00        ,20:15       ,Hirsch     ,        14,        26,    40
2026.07.29,20:15        ,20:30       ,Hirsch     ,        13,        19,    32
2026.07.29,20:30        ,20:45       ,Hirsch     ,        15,        22,    37
2026.07.29,20:45        ,21:00       ,Hirsch     ,         9,        26,    35
2026.07.29,21:00        ,21:15       ,Hirsch     ,         9,        15,    24
2026.07.29,21:15        ,21:30       ,Hirsch     ,         9,        22,    31
2026.07.29,21:30        ,21:45       ,Hirsch     ,         9,        16,    25
2026.07.29,21:45        ,22:00       ,Hirsch     ,         4,        11,    15
2026.07.29,22:00        ,22:15       ,Hirsch     ,         4,        22,    26
2026.07.29,22:15        ,22:30       ,Hirsch     ,         7,        16,    23
2026.07.29,22:30        ,22:45       ,Hirsch     ,         4,        23,    27
2026.07.29,22:45        ,23:00       ,Hirsch     ,         2,        15,    17
2026.07.29,23:00        ,23:15       ,Hirsch     ,         3,        16,    19
2026.07.29,23:15        ,23:30       ,Hirsch     ,         3,        12,    15
2026.07.29,23:30        ,23:45       ,Hirsch     ,         5,        10,    15
2026.07.29,23:45        ,00:00       ,Hirsch     ,         0,         3,     3
2026.07.30,00:00        ,00:15       ,Hirsch     ,         6,         8,    14
2026.07.30,00:15        ,00:30       ,Hirsch     ,         0,         3,     3
2026.07.30,00:30        ,00:45       ,Hirsch     ,         0,         1,     1
2026.07.30,00:45        ,01:00       ,Hirsch     ,         1,         4,     5
2026.07.30,01:00        ,01:15       ,Hirsch     ,         0,         1,     1
2026.07.30,01:15        ,01:30       ,Hirsch     ,         0,         2,     2
2026.07.30,01:30        ,01:45       ,Hirsch     ,         0,         3,     3
2026.07.30,01:45        ,02:00       ,Hirsch     ,         0,         1,     1
2026.07.30,02:00        ,02:15       ,Hirsch     ,         0,         2,     2
2026.07.30,02:15        ,02:30       ,Hirsch     ,         0,         0,     0
2026.07.30,02:30        ,02:45       ,Hirsch     ,         0,         3,     3
2026.07.30,02:45        ,03:00       ,Hirsch     ,         0,         0,     0
2026.07.30,03:00        ,03:15       ,Hirsch     ,         0,         0,     0
2026.07.30,03:15        ,03:30       ,Hirsch     ,         0,         1,     1
2026.07.30,03:30        ,03:45       ,Hirsch     ,         0,         0,     0
2026.07.30,03:45        ,04:00       ,Hirsch     ,         0,         0,     0
2026.07.30,04:00        ,04:15       ,Hirsch     ,         0,         0,     0
2026.07.30,04:15        ,04:30       ,Hirsch     ,         0,         0,     0
2026.07.30,04:30        ,04:45       ,Hirsch     ,         0,         0,     0
2026.07.30,04:45        ,05:00       ,Hirsch     ,         3,         1,     4
2026.07.30,05:00        ,05:15       ,Hirsch     ,         2,         0,     2
2026.07.30,05:15        ,05:30       ,Hirsch     ,         7,         0,     7
2026.07.30,05:30        ,05:45       ,Hirsch     ,         5,         1,     6
2026.07.30,05:45        ,06:00       ,Hirsch     ,        11,         1,    12
2026.07.30,06:00        ,06:15       ,Hirsch     ,         9,         4,    13
2026.07.30,06:15        ,06:30       ,Hirsch     ,        13,         2,    15
2026.07.30,06:30        ,06:45       ,Hirsch     ,        19,         4,    23
2026.07.30,06:45        ,07:00       ,Hirsch     ,        40,         9,    49
2026.07.30,07:00        ,07:15       ,Hirsch     ,        48,         6,    54
2026.07.30,07:15        ,07:30       ,Hirsch     ,        54,        10,    64
2026.07.30,07:30        ,07:45       ,Hirsch     ,        66,         9,    75
2026.07.30,07:45        ,08:00       ,Hirsch     ,        97,        17,   114
2026.07.30,08:00        ,08:15       ,Hirsch     ,       120,        16,   136
2026.07.30,08:15        ,08:30       ,Hirsch     ,       124,        18,   142
2026.07.30,08:30        ,08:45       ,Hirsch     ,       124,        22,   146
2026.07.30,08:45        ,09:00       ,Hirsch     ,        67,        20,    87
2026.07.30,09:00        ,09:15       ,Hirsch     ,        46,         8,    54
2026.07.30,09:15        ,09:30       ,Hirsch     ,        40,        10,    50
2026.07.30,09:30        ,09:45       ,Hirsch     ,        39,         9,    48
2026.07.30,09:45        ,10:00       ,Hirsch     ,        23,         7,    30
2026.07.30,10:00        ,10:15       ,Hirsch     ,        17,        10,    27
2026.07.30,10:15        ,10:30       ,Hirsch     ,        12,        10,    22
2026.07.30,10:30        ,10:45       ,Hirsch     ,        15,         5,    20
2026.07.30,10:45        ,11:00       ,Hirsch     ,        13,        11,    24
2026.07.30,11:00        ,11:15       ,Hirsch     ,         8,         8,    16
2026.07.30,11:15        ,11:30       ,Hirsch     ,        10,         6,    16
2026.07.30,11:30        ,11:45       ,Hirsch     ,         8,        11,    19
2026.07.30,11:45        ,12:00       ,Hirsch     ,         9,         8,    17
2026.07.30,12:00        ,12:15       ,Hirsch     ,         9,         9,    18
2026.07.30,12:15        ,12:30       ,Hirsch     ,         5,        11,    16
2026.07.30,12:30        ,12:45       ,Hirsch     ,         6,        18,    24
2026.07.30,12:45        ,13:00       ,Hirsch     ,        12,         9,    21
2026.07.30,13:00        ,13:15       ,Hirsch     ,         6,        18,    24
2026.07.30,13:15        ,13:30       ,Hirsch     ,         6,        15,    21
2026.07.30,13:30        ,13:45       ,Hirsch     ,         8,        17,    25
2026.07.30,13:45        ,14:00       ,Hirsch     ,         5,        15,    20
2026.07.30,14:00        ,14:15       ,Hirsch     ,         5,        20,    25
2026.07.30,14:15        ,14:30       ,Hirsch     ,         9,        16,    25
2026.07.30,14:30        ,14:45       ,Hirsch     ,         9,        19,    28
2026.07.30,14:45        ,15:00       ,Hirsch     ,        11,        30,    41
2026.07.30,15:00        ,15:15       ,Hirsch     ,         9,        36,    45
2026.07.30,15:15        ,15:30       ,Hirsch     ,         8,        28,    36
2026.07.30,15:30        ,15:45       ,Hirsch     ,         8,        25,    33
2026.07.30,15:45        ,16:00       ,Hirsch     ,        13,        40,    53
2026.07.30,16:00        ,16:15       ,Hirsch     ,        13,        40,    53
2026.07.30,16:15        ,16:30       ,Hirsch     ,        12,        37,    49
2026.07.30,16:30        ,16:45       ,Hirsch     ,        15,        44,    59
2026.07.30,16:45        ,17:00       ,Hirsch     ,        15,        38,    53
2026.07.30,17:00        ,17:15       ,Hirsch     ,        17,        64,    81
2026.07.30,17:15        ,17:30       ,Hirsch     ,        24,        57,    81
2026.07.30,17:30        ,17:45       ,Hirsch     ,        20,        57,    77
2026.07.30,17:45        ,18:00       ,Hirsch     ,        21,        61,    82
2026.07.30,18:00        ,18:15       ,Hirsch     ,        20,        35,    55
2026.07.30,18:15        ,18:30       ,Hirsch     ,        29,        59,    88
2026.07.30,18:30        ,18:45       ,Hirsch     ,        17,        40,    57
2026.07.30,18:45        ,19:00       ,Hirsch     ,        25,        44,    69
2026.07.30,19:00        ,19:15       ,Hirsch     ,        23,        40,    63
2026.07.30,19:15        ,19:30       ,Hirsch     ,        24,        33,    57
2026.07.30,19:30        ,19:45       ,Hirsch     ,        17,        31,    48
2026.07.30,19:45        ,20:00       ,Hirsch     ,         8,        28,    36
2026.07.30,20:00        ,20:15       ,Hirsch     ,        11,        21,    32
2026.07.30,20:15        ,20:30       ,Hirsch     ,        10,        19,    29
2026.07.30,20:30        ,20:45       ,Hirsch     ,         7,        31,    38
2026.07.30,20:45        ,21:00       ,Hirsch     ,         8,        17,    25
2026.07.30,21:00        ,21:15       ,Hirsch     ,         9,        25,    34
2026.07.30,21:15        ,21:30       ,Hirsch     ,         7,        22,    29
2026.07.30,21:30        ,21:45       ,Hirsch     ,         4,        11,    15
2026.07.30,21:45        ,22:00       ,Hirsch     ,         6,        20,    26
2026.07.30,22:00        ,22:15       ,Hirsch     ,         8,        18,    26
2026.07.30,22:15        ,22:30       ,Hirsch     ,         4,        16,    20
2026.07.30,22:30        ,22:45       ,Hirsch     ,        10,        11,    21
2026.07.30,22:45        ,23:00       ,Hirsch     ,         6,        21,    27
2026.07.30,23:00        ,23:15       ,Hirsch     ,         5,        12,    17
2026.07.30,23:15        ,23:30       ,Hirsch     ,         1,        13,    14
2026.07.30,23:30        ,23:45       ,Hirsch     ,         2,        16,    18
2026.07.30,23:45        ,00:00       ,Hirsch     ,         4,         8,    12
2026.07.31,00:00        ,00:15       ,Hirsch     ,         6,         5,    11
2026.07.31,00:15        ,00:30       ,Hirsch     ,         2,         6,     8
2026.07.31,00:30        ,00:45       ,Hirsch     ,         0,         5,     5
2026.07.31,00:45        ,01:00       ,Hirsch     ,         0,         5,     5
2026.07.31,01:00        ,01:15       ,Hirsch     ,         1,         2,     3
2026.07.31,01:15        ,01:30       ,Hirsch     ,         0,         2,     2
2026.07.31,01:30        ,01:45       ,Hirsch     ,         0,         5,     5
2026.07.31,01:45        ,02:00       ,Hirsch     ,         0,         2,     2
2026.07.31,02:00        ,02:15       ,Hirsch     ,         0,         4,     4
2026.07.31,02:15        ,02:30       ,Hirsch     ,         0,         2,     2
2026.07.31,02:30        ,02:45       ,Hirsch     ,         0,         1,     1
2026.07.31,02:45        ,03:00       ,Hirsch     ,         0,         1,     1
2026.07.31,03:00        ,03:15       ,Hirsch     ,         0,         0,     0
2026.07.31,03:15        ,03:30       ,Hirsch     ,         0,         1,     1
2026.07.31,03:30        ,03:45       ,Hirsch     ,         0,         0,     0
2026.07.31,03:45        ,04:00       ,Hirsch     ,         0,         0,     0
2026.07.31,04:00        ,04:15       ,Hirsch     ,         0,         3,     3
2026.07.31,04:15        ,04:30       ,Hirsch     ,         1,         0,     1
2026.07.31,04:30        ,04:45       ,Hirsch     ,         0,         1,     1
2026.07.31,04:45        ,05:00       ,Hirsch     ,         0,         0,     0
2026.07.31,05:00        ,05:15       ,Hirsch     ,         1,         1,     2
2026.07.31,05:15        ,05:30       ,Hirsch     ,         3,         1,     4
2026.07.31,05:30        ,05:45       ,Hirsch     ,         5,         0,     5
2026.07.31,05:45        ,06:00       ,Hirsch     ,        11,         1,    12
2026.07.31,06:00        ,06:15       ,Hirsch     ,        11,         4,    15
2026.07.31,06:15        ,06:30       ,Hirsch     ,         9,         4,    13
2026.07.31,06:30        ,06:45       ,Hirsch     ,        11,         3,    14
2026.07.31,06:45        ,07:00       ,Hirsch     ,        30,         5,    35
2026.07.31,07:00        ,07:15       ,Hirsch     ,        34,         6,    40
2026.07.31,07:15        ,07:30       ,Hirsch     ,        37,         9,    46
2026.07.31,07:30        ,07:45       ,Hirsch     ,        45,        13,    58
2026.07.31,07:45        ,08:00       ,Hirsch     ,        54,        10,    64
2026.07.31,08:00        ,08:15       ,Hirsch     ,        59,        14,    73
2026.07.31,08:15        ,08:30       ,Hirsch     ,        61,        17,    78
2026.07.31,08:30        ,08:45       ,Hirsch     ,        47,        11,    58
2026.07.31,08:45        ,09:00       ,Hirsch     ,        58,        17,    75
2026.07.31,09:00        ,09:15       ,Hirsch     ,        31,        16,    47
2026.07.31,09:15        ,09:30       ,Hirsch     ,        27,         4,    31
2026.07.31,09:30        ,09:45       ,Hirsch     ,        23,         6,    29
2026.07.31,09:45        ,10:00       ,Hirsch     ,        19,        10,    29
2026.07.31,10:00        ,10:15       ,Hirsch     ,        21,        11,    32
2026.07.31,10:15        ,10:30       ,Hirsch     ,        21,         9,    30
2026.07.31,10:30        ,10:45       ,Hirsch     ,        13,        20,    33
2026.07.31,10:45        ,11:00       ,Hirsch     ,         8,        11,    19
2026.07.31,11:00        ,11:15       ,Hirsch     ,        10,         7,    17
2026.07.31,11:15        ,11:30       ,Hirsch     ,        13,         8,    21
2026.07.31,11:30        ,11:45       ,Hirsch     ,        13,        12,    25
2026.07.31,11:45        ,12:00       ,Hirsch     ,        11,        12,    23
2026.07.31,12:00        ,12:15       ,Hirsch     ,        15,        15,    30
2026.07.31,12:15        ,12:30       ,Hirsch     ,         2,        13,    15
2026.07.31,12:30        ,12:45       ,Hirsch     ,         5,        15,    20
2026.07.31,12:45        ,13:00       ,Hirsch     ,         9,        14,    23
2026.07.31,13:00        ,13:15       ,Hirsch     ,         6,        16,    22
2026.07.31,13:15        ,13:30       ,Hirsch     ,        12,        16,    28
2026.07.31,13:30        ,13:45       ,Hirsch     ,        10,        12,    22
2026.07.31,13:45        ,14:00       ,Hirsch     ,        11,        13,    24
2026.07.31,14:00        ,14:15       ,Hirsch     ,         8,        23,    31
2026.07.31,14:15        ,14:30       ,Hirsch     ,         4,        20,    24
2026.07.31,14:30        ,14:45       ,Hirsch     ,         3,        17,    20
2026.07.31,14:45        ,15:00       ,Hirsch     ,         9,        23,    32
2026.07.31,15:00        ,15:15       ,Hirsch     ,        16,        37,    53
2026.07.31,15:15        ,15:30       ,Hirsch     ,        13,        20,    33
2026.07.31,15:30        ,15:45       ,Hirsch     ,         9,        27,    36
2026.07.31,15:45        ,16:00       ,Hirsch     ,        23,        29,    52
2026.07.31,16:00        ,16:15       ,Hirsch     ,         9,        22,    31
2026.07.31,16:15        ,16:30       ,Hirsch     ,        13,        30,    43
2026.07.31,16:30        ,16:45       ,Hirsch     ,        12,        26,    38
2026.07.31,16:45        ,17:00       ,Hirsch     ,        14,        32,    46
2026.07.31,17:00        ,17:15       ,Hirsch     ,        25,        27,    52
2026.07.31,17:15        ,17:30       ,Hirsch     ,        17,        29,    46
2026.07.31,17:30        ,17:45       ,Hirsch     ,        21,        34,    55
2026.07.31,17:45        ,18:00       ,Hirsch     ,        17,        34,    51
2026.07.31,18:00        ,18:15       ,Hirsch     ,        30,        34,    64
2026.07.31,18:15        ,18:30       ,Hirsch     ,         7,        36,    43
2026.07.31,18:30        ,18:45       ,Hirsch     ,        20,        30,    50
2026.07.31,18:45        ,19:00       ,Hirsch     ,        17,        24,    41
2026.07.31,19:00        ,19:15       ,Hirsch     ,         9,        20,    29
2026.07.31,19:15        ,19:30       ,Hirsch     ,        20,        17,    37
2026.07.31,19:30        ,19:45       ,Hirsch     ,        19,        17,    36
2026.07.31,19:45        ,20:00       ,Hirsch     ,         2,        12,    14
2026.07.31,20:00        ,20:15       ,Hirsch     ,         2,         7,     9
2026.07.31,20:15        ,20:30       ,Hirsch     ,         0,         2,     2
2026.07.31,20:30        ,20:45       ,Hirsch     ,         2,         6,     8
2026.07.31,20:45        ,21:00       ,Hirsch     ,         2,         0,     2
2026.07.31,21:00        ,21:15       ,Hirsch     ,         3,         6,     9
2026.07.31,21:15        ,21:30       ,Hirsch     ,         5,        11,    16
2026.07.31,21:30        ,21:45       ,Hirsch     ,        11,        13,    24
2026.07.31,21:45        ,22:00       ,Hirsch     ,         2,         2,     4
2026.07.31,22:00        ,22:15       ,Hirsch     ,        10,        12,    22
2026.07.31,22:15        ,22:30       ,Hirsch     ,         2,         8,    10
2026.07.31,22:30        ,22:45       ,Hirsch     ,         3,         8,    11
2026.07.31,22:45        ,23:00       ,Hirsch     ,         3,        11,    14
2026.07.31,23:00        ,23:15       ,Hirsch     ,         2,         3,     5
2026.07.31,23:15        ,23:30       ,Hirsch     ,         0,         3,     3
2026.07.31,23:30        ,23:45       ,Hirsch     ,         3,         6,     9
2026.07.31,23:45        ,00:00       ,Hirsch     ,         2,         0,     2
2026.07.01,00:00        ,00:15       ,Erhardt    ,         9,         6,    15
2026.07.01,00:15        ,00:30       ,Erhardt    ,         5,         5,    10
2026.07.01,00:30        ,00:45       ,Erhardt    ,         7,         5,    12
2026.07.01,00:45        ,01:00       ,Erhardt    ,         3,         5,     8
2026.07.01,01:00        ,01:15       ,Erhardt    ,         2,         5,     7
2026.07.01,01:15        ,01:30       ,Erhardt    ,         4,         0,     4
2026.07.01,01:30        ,01:45       ,Erhardt    ,         2,         1,     3
2026.07.01,01:45        ,02:00       ,Erhardt    ,         1,         1,     2
2026.07.01,02:00        ,02:15       ,Erhardt    ,         2,         2,     4
2026.07.01,02:15        ,02:30       ,Erhardt    ,         0,         1,     1
2026.07.01,02:30        ,02:45       ,Erhardt    ,         1,         0,     1
2026.07.01,02:45        ,03:00       ,Erhardt    ,         0,         0,     0
2026.07.01,03:00        ,03:15       ,Erhardt    ,         3,         3,     6
2026.07.01,03:15        ,03:30       ,Erhardt    ,         1,         0,     1
2026.07.01,03:30        ,03:45       ,Erhardt    ,         0,         0,     0
2026.07.01,03:45        ,04:00       ,Erhardt    ,         0,         0,     0
2026.07.01,04:00        ,04:15       ,Erhardt    ,         1,         2,     3
2026.07.01,04:15        ,04:30       ,Erhardt    ,         1,         0,     1
2026.07.01,04:30        ,04:45       ,Erhardt    ,         1,         2,     3
2026.07.01,04:45        ,05:00       ,Erhardt    ,         0,         1,     1
2026.07.01,05:00        ,05:15       ,Erhardt    ,         0,         2,     2
2026.07.01,05:15        ,05:30       ,Erhardt    ,         3,         1,     4
2026.07.01,05:30        ,05:45       ,Erhardt    ,         4,         8,    12
2026.07.01,05:45        ,06:00       ,Erhardt    ,        10,         7,    17
2026.07.01,06:00        ,06:15       ,Erhardt    ,         7,        11,    18
2026.07.01,06:15        ,06:30       ,Erhardt    ,         7,         8,    15
2026.07.01,06:30        ,06:45       ,Erhardt    ,        12,        12,    24
2026.07.01,06:45        ,07:00       ,Erhardt    ,        19,        13,    32
2026.07.01,07:00        ,07:15       ,Erhardt    ,        33,        17,    50
2026.07.01,07:15        ,07:30       ,Erhardt    ,        50,        26,    76
2026.07.01,07:30        ,07:45       ,Erhardt    ,        58,        28,    86
2026.07.01,07:45        ,08:00       ,Erhardt    ,        81,        55,   136
2026.07.01,08:00        ,08:15       ,Erhardt    ,        80,        53,   133
2026.07.01,08:15        ,08:30       ,Erhardt    ,        67,        52,   119
2026.07.01,08:30        ,08:45       ,Erhardt    ,        80,        57,   137
2026.07.01,08:45        ,09:00       ,Erhardt    ,        65,        55,   120
2026.07.01,09:00        ,09:15       ,Erhardt    ,        56,        43,    99
2026.07.01,09:15        ,09:30       ,Erhardt    ,        30,        30,    60
2026.07.01,09:30        ,09:45       ,Erhardt    ,        16,        26,    42
2026.07.01,09:45        ,10:00       ,Erhardt    ,        11,        17,    28
2026.07.01,10:00        ,10:15       ,Erhardt    ,         5,         6,    11
2026.07.01,10:15        ,10:30       ,Erhardt    ,         9,         8,    17
2026.07.01,10:30        ,10:45       ,Erhardt    ,        10,         6,    16
2026.07.01,10:45        ,11:00       ,Erhardt    ,        10,         3,    13
2026.07.01,11:00        ,11:15       ,Erhardt    ,         6,         7,    13
2026.07.01,11:15        ,11:30       ,Erhardt    ,         9,         4,    13
2026.07.01,11:30        ,11:45       ,Erhardt    ,         4,        10,    14
2026.07.01,11:45        ,12:00       ,Erhardt    ,         8,         6,    14
2026.07.01,12:00        ,12:15       ,Erhardt    ,         6,         7,    13
2026.07.01,12:15        ,12:30       ,Erhardt    ,         5,         7,    12
2026.07.01,12:30        ,12:45       ,Erhardt    ,         9,        11,    20
2026.07.01,12:45        ,13:00       ,Erhardt    ,        16,        13,    29
2026.07.01,13:00        ,13:15       ,Erhardt    ,        21,        22,    43
2026.07.01,13:15        ,13:30       ,Erhardt    ,        16,        16,    32
2026.07.01,13:30        ,13:45       ,Erhardt    ,        22,        22,    44
2026.07.01,13:45        ,14:00       ,Erhardt    ,        15,        18,    33
2026.07.01,14:00        ,14:15       ,Erhardt    ,        23,        12,    35
2026.07.01,14:15        ,14:30       ,Erhardt    ,        13,        14,    27
2026.07.01,14:30        ,14:45       ,Erhardt    ,        13,        21,    34
2026.07.01,14:45        ,15:00       ,Erhardt    ,        20,        23,    43
2026.07.01,15:00        ,15:15       ,Erhardt    ,        17,        13,    30
2026.07.01,15:15        ,15:30       ,Erhardt    ,        18,        20,    38
2026.07.01,15:30        ,15:45       ,Erhardt    ,        29,        17,    46
2026.07.01,15:45        ,16:00       ,Erhardt    ,        21,        24,    45
2026.07.01,16:00        ,16:15       ,Erhardt    ,        32,        29,    61
2026.07.01,16:15        ,16:30       ,Erhardt    ,        28,        24,    52
2026.07.01,16:30        ,16:45       ,Erhardt    ,        49,        32,    81
2026.07.01,16:45        ,17:00       ,Erhardt    ,        40,        37,    77
2026.07.01,17:00        ,17:15       ,Erhardt    ,        44,        36,    80
2026.07.01,17:15        ,17:30       ,Erhardt    ,        57,        33,    90
2026.07.01,17:30        ,17:45       ,Erhardt    ,        48,        36,    84
2026.07.01,17:45        ,18:00       ,Erhardt    ,        76,        54,   130
2026.07.01,18:00        ,18:15       ,Erhardt    ,        62,        48,   110
2026.07.01,18:15        ,18:30       ,Erhardt    ,        67,        56,   123
2026.07.01,18:30        ,18:45       ,Erhardt    ,        39,        47,    86
2026.07.01,18:45        ,19:00       ,Erhardt    ,        43,        58,   101
2026.07.01,19:00        ,19:15       ,Erhardt    ,        35,        43,    78
2026.07.01,19:15        ,19:30       ,Erhardt    ,        39,        35,    74
2026.07.01,19:30        ,19:45       ,Erhardt    ,        30,        25,    55
2026.07.01,19:45        ,20:00       ,Erhardt    ,        34,        30,    64
2026.07.01,20:00        ,20:15       ,Erhardt    ,        30,        25,    55
2026.07.01,20:15        ,20:30       ,Erhardt    ,        43,        26,    69
2026.07.01,20:30        ,20:45       ,Erhardt    ,        23,        32,    55
2026.07.01,20:45        ,21:00       ,Erhardt    ,        27,        23,    50
2026.07.01,21:00        ,21:15       ,Erhardt    ,        22,        23,    45
2026.07.01,21:15        ,21:30       ,Erhardt    ,        24,        17,    41
2026.07.01,21:30        ,21:45       ,Erhardt    ,        19,        18,    37
2026.07.01,21:45        ,22:00       ,Erhardt    ,        24,        28,    52
2026.07.01,22:00        ,22:15       ,Erhardt    ,        24,        14,    38
2026.07.01,22:15        ,22:30       ,Erhardt    ,        17,        17,    34
2026.07.01,22:30        ,22:45       ,Erhardt    ,        27,        13,    40
2026.07.01,22:45        ,23:00       ,Erhardt    ,        23,        18,    41
2026.07.01,23:00        ,23:15       ,Erhardt    ,        15,        15,    30
2026.07.01,23:15        ,23:30       ,Erhardt    ,        12,        16,    28
2026.07.01,23:30        ,23:45       ,Erhardt    ,         8,         6,    14
2026.07.01,23:45        ,00:00       ,Erhardt    ,         7,         7,    14
2026.07.02,00:00        ,00:15       ,Erhardt    ,         8,         7,    15
2026.07.02,00:15        ,00:30       ,Erhardt    ,         5,         9,    14
2026.07.02,00:30        ,00:45       ,Erhardt    ,         3,         6,     9
2026.07.02,00:45        ,01:00       ,Erhardt    ,         4,         4,     8
2026.07.02,01:00        ,01:15       ,Erhardt    ,         1,         3,     4
2026.07.02,01:15        ,01:30       ,Erhardt    ,         5,         1,     6
2026.07.02,01:30        ,01:45       ,Erhardt    ,         1,         2,     3
2026.07.02,01:45        ,02:00       ,Erhardt    ,         1,         4,     5
2026.07.02,02:00        ,02:15       ,Erhardt    ,         3,         1,     4
2026.07.02,02:15        ,02:30       ,Erhardt    ,         1,         0,     1
2026.07.02,02:30        ,02:45       ,Erhardt    ,         4,         0,     4
2026.07.02,02:45        ,03:00       ,Erhardt    ,         2,         0,     2
2026.07.02,03:00        ,03:15       ,Erhardt    ,         0,         0,     0
2026.07.02,03:15        ,03:30       ,Erhardt    ,         0,         0,     0
2026.07.02,03:30        ,03:45       ,Erhardt    ,         2,         1,     3
2026.07.02,03:45        ,04:00       ,Erhardt    ,         0,         0,     0
2026.07.02,04:00        ,04:15       ,Erhardt    ,         0,         1,     1
2026.07.02,04:15        ,04:30       ,Erhardt    ,         2,         0,     2
2026.07.02,04:30        ,04:45       ,Erhardt    ,         1,         0,     1
2026.07.02,04:45        ,05:00       ,Erhardt    ,         0,         2,     2
2026.07.02,05:00        ,05:15       ,Erhardt    ,         1,         2,     3
2026.07.02,05:15        ,05:30       ,Erhardt    ,         6,         3,     9
2026.07.02,05:30        ,05:45       ,Erhardt    ,         7,         7,    14
2026.07.02,05:45        ,06:00       ,Erhardt    ,        14,        11,    25
2026.07.02,06:00        ,06:15       ,Erhardt    ,        16,         9,    25
2026.07.02,06:15        ,06:30       ,Erhardt    ,         9,         9,    18
2026.07.02,06:30        ,06:45       ,Erhardt    ,        17,        28,    45
2026.07.02,06:45        ,07:00       ,Erhardt    ,        33,        26,    59
2026.07.02,07:00        ,07:15       ,Erhardt    ,        46,        46,    92
2026.07.02,07:15        ,07:30       ,Erhardt    ,        49,        49,    98
2026.07.02,07:30        ,07:45       ,Erhardt    ,        83,        56,   139
2026.07.02,07:45        ,08:00       ,Erhardt    ,        82,        72,   154
2026.07.02,08:00        ,08:15       ,Erhardt    ,        99,        82,   181
2026.07.02,08:15        ,08:30       ,Erhardt    ,       123,        89,   212
2026.07.02,08:30        ,08:45       ,Erhardt    ,       139,       111,   250
2026.07.02,08:45        ,09:00       ,Erhardt    ,        91,       106,   197
2026.07.02,09:00        ,09:15       ,Erhardt    ,        87,        56,   143
2026.07.02,09:15        ,09:30       ,Erhardt    ,        48,        68,   116
2026.07.02,09:30        ,09:45       ,Erhardt    ,        50,        54,   104
2026.07.02,09:45        ,10:00       ,Erhardt    ,        43,        42,    85
2026.07.02,10:00        ,10:15       ,Erhardt    ,        45,        37,    82
2026.07.02,10:15        ,10:30       ,Erhardt    ,        40,        45,    85
2026.07.02,10:30        ,10:45       ,Erhardt    ,        37,        43,    80
2026.07.02,10:45        ,11:00       ,Erhardt    ,        38,        32,    70
2026.07.02,11:00        ,11:15       ,Erhardt    ,        41,        39,    80
2026.07.02,11:15        ,11:30       ,Erhardt    ,        35,        44,    79
2026.07.02,11:30        ,11:45       ,Erhardt    ,        38,        35,    73
2026.07.02,11:45        ,12:00       ,Erhardt    ,        34,        57,    91
2026.07.02,12:00        ,12:15       ,Erhardt    ,        48,        45,    93
2026.07.02,12:15        ,12:30       ,Erhardt    ,        56,        54,   110
2026.07.02,12:30        ,12:45       ,Erhardt    ,        62,        38,   100
2026.07.02,12:45        ,13:00       ,Erhardt    ,        65,        33,    98
2026.07.02,13:00        ,13:15       ,Erhardt    ,        40,        40,    80
2026.07.02,13:15        ,13:30       ,Erhardt    ,        72,        46,   118
2026.07.02,13:30        ,13:45       ,Erhardt    ,        51,        45,    96
2026.07.02,13:45        ,14:00       ,Erhardt    ,        59,        50,   109
2026.07.02,14:00        ,14:15       ,Erhardt    ,        65,        39,   104
2026.07.02,14:15        ,14:30       ,Erhardt    ,        51,        51,   102
2026.07.02,14:30        ,14:45       ,Erhardt    ,        66,        51,   117
2026.07.02,14:45        ,15:00       ,Erhardt    ,        62,        65,   127
2026.07.02,15:00        ,15:15       ,Erhardt    ,        70,        54,   124
2026.07.02,15:15        ,15:30       ,Erhardt    ,        86,        53,   139
2026.07.02,15:30        ,15:45       ,Erhardt    ,        85,        57,   142
2026.07.02,15:45        ,16:00       ,Erhardt    ,        79,        60,   139
2026.07.02,16:00        ,16:15       ,Erhardt    ,        86,        58,   144
2026.07.02,16:15        ,16:30       ,Erhardt    ,        80,        65,   145
2026.07.02,16:30        ,16:45       ,Erhardt    ,       100,        76,   176
2026.07.02,16:45        ,17:00       ,Erhardt    ,       106,        62,   168
2026.07.02,17:00        ,17:15       ,Erhardt    ,       114,        73,   187
2026.07.02,17:15        ,17:30       ,Erhardt    ,       121,        73,   194
2026.07.02,17:30        ,17:45       ,Erhardt    ,       129,       100,   229
2026.07.02,17:45        ,18:00       ,Erhardt    ,       174,       109,   283
2026.07.02,18:00        ,18:15       ,Erhardt    ,       162,        86,   248
2026.07.02,18:15        ,18:30       ,Erhardt    ,       156,       120,   276
2026.07.02,18:30        ,18:45       ,Erhardt    ,       132,        95,   227
2026.07.02,18:45        ,19:00       ,Erhardt    ,       131,       105,   236
2026.07.02,19:00        ,19:15       ,Erhardt    ,        98,        85,   183
2026.07.02,19:15        ,19:30       ,Erhardt    ,       131,        61,   192
2026.07.02,19:30        ,19:45       ,Erhardt    ,        72,        93,   165
2026.07.02,19:45        ,20:00       ,Erhardt    ,        75,        84,   159
2026.07.02,20:00        ,20:15       ,Erhardt    ,        86,        38,   124
2026.07.02,20:15        ,20:30       ,Erhardt    ,        61,        64,   125
2026.07.02,20:30        ,20:45       ,Erhardt    ,        57,        66,   123
2026.07.02,20:45        ,21:00       ,Erhardt    ,        47,        73,   120
2026.07.02,21:00        ,21:15       ,Erhardt    ,        64,        51,   115
2026.07.02,21:15        ,21:30       ,Erhardt    ,        46,        50,    96
2026.07.02,21:30        ,21:45       ,Erhardt    ,        59,        43,   102
2026.07.02,21:45        ,22:00       ,Erhardt    ,        40,        51,    91
2026.07.02,22:00        ,22:15       ,Erhardt    ,        47,        42,    89
2026.07.02,22:15        ,22:30       ,Erhardt    ,        57,        38,    95
2026.07.02,22:30        ,22:45       ,Erhardt    ,        46,        37,    83
2026.07.02,22:45        ,23:00       ,Erhardt    ,        45,        28,    73
2026.07.02,23:00        ,23:15       ,Erhardt    ,        43,        22,    65
2026.07.02,23:15        ,23:30       ,Erhardt    ,        46,        37,    83
2026.07.02,23:30        ,23:45       ,Erhardt    ,        32,        13,    45
2026.07.02,23:45        ,00:00       ,Erhardt    ,        18,         7,    25
2026.07.03,00:00        ,00:15       ,Erhardt    ,        17,        12,    29
2026.07.03,00:15        ,00:30       ,Erhardt    ,        12,        13,    25
2026.07.03,00:30        ,00:45       ,Erhardt    ,         8,         7,    15
2026.07.03,00:45        ,01:00       ,Erhardt    ,        15,         8,    23
2026.07.03,01:00        ,01:15       ,Erhardt    ,         5,         4,     9
2026.07.03,01:15        ,01:30       ,Erhardt    ,         7,         4,    11
2026.07.03,01:30        ,01:45       ,Erhardt    ,         4,         7,    11
2026.07.03,01:45        ,02:00       ,Erhardt    ,         4,         1,     5
2026.07.03,02:00        ,02:15       ,Erhardt    ,         3,         3,     6
2026.07.03,02:15        ,02:30       ,Erhardt    ,         3,         1,     4
2026.07.03,02:30        ,02:45       ,Erhardt    ,         5,         2,     7
2026.07.03,02:45        ,03:00       ,Erhardt    ,         3,         3,     6
2026.07.03,03:00        ,03:15       ,Erhardt    ,         2,         0,     2
2026.07.03,03:15        ,03:30       ,Erhardt    ,         1,         1,     2
2026.07.03,03:30        ,03:45       ,Erhardt    ,         0,         2,     2
2026.07.03,03:45        ,04:00       ,Erhardt    ,         1,         3,     4
2026.07.03,04:00        ,04:15       ,Erhardt    ,         0,         3,     3
2026.07.03,04:15        ,04:30       ,Erhardt    ,         1,         0,     1
2026.07.03,04:30        ,04:45       ,Erhardt    ,         0,         0,     0
2026.07.03,04:45        ,05:00       ,Erhardt    ,         1,         1,     2
2026.07.03,05:00        ,05:15       ,Erhardt    ,         2,         2,     4
2026.07.03,05:15        ,05:30       ,Erhardt    ,         3,         3,     6
2026.07.03,05:30        ,05:45       ,Erhardt    ,         4,         8,    12
2026.07.03,05:45        ,06:00       ,Erhardt    ,         6,        11,    17
2026.07.03,06:00        ,06:15       ,Erhardt    ,        10,         6,    16
2026.07.03,06:15        ,06:30       ,Erhardt    ,        11,        11,    22
2026.07.03,06:30        ,06:45       ,Erhardt    ,        16,        18,    34
2026.07.03,06:45        ,07:00       ,Erhardt    ,        23,        19,    42
2026.07.03,07:00        ,07:15       ,Erhardt    ,        25,        34,    59
2026.07.03,07:15        ,07:30       ,Erhardt    ,        44,        32,    76
2026.07.03,07:30        ,07:45       ,Erhardt    ,        61,        44,   105
2026.07.03,07:45        ,08:00       ,Erhardt    ,        82,        59,   141
2026.07.03,08:00        ,08:15       ,Erhardt    ,        70,        43,   113
2026.07.03,08:15        ,08:30       ,Erhardt    ,        60,        58,   118
2026.07.03,08:30        ,08:45       ,Erhardt    ,        78,        62,   140
2026.07.03,08:45        ,09:00       ,Erhardt    ,        60,        71,   131
2026.07.03,09:00        ,09:15       ,Erhardt    ,        71,        73,   144
2026.07.03,09:15        ,09:30       ,Erhardt    ,        49,        64,   113
2026.07.03,09:30        ,09:45       ,Erhardt    ,        39,        39,    78
2026.07.03,09:45        ,10:00       ,Erhardt    ,        34,        48,    82
2026.07.03,10:00        ,10:15       ,Erhardt    ,        27,        40,    67
2026.07.03,10:15        ,10:30       ,Erhardt    ,        45,        37,    82
2026.07.03,10:30        ,10:45       ,Erhardt    ,        38,        35,    73
2026.07.03,10:45        ,11:00       ,Erhardt    ,        38,        40,    78
2026.07.03,11:00        ,11:15       ,Erhardt    ,        38,        33,    71
2026.07.03,11:15        ,11:30       ,Erhardt    ,        45,        54,    99
2026.07.03,11:30        ,11:45       ,Erhardt    ,        29,        43,    72
2026.07.03,11:45        ,12:00       ,Erhardt    ,        52,        38,    90
2026.07.03,12:00        ,12:15       ,Erhardt    ,        47,        37,    84
2026.07.03,12:15        ,12:30       ,Erhardt    ,        46,        42,    88
2026.07.03,12:30        ,12:45       ,Erhardt    ,        44,        25,    69
2026.07.03,12:45        ,13:00       ,Erhardt    ,        45,        45,    90
2026.07.03,13:00        ,13:15       ,Erhardt    ,        53,        47,   100
2026.07.03,13:15        ,13:30       ,Erhardt    ,        54,        32,    86
2026.07.03,13:30        ,13:45       ,Erhardt    ,        57,        33,    90
2026.07.03,13:45        ,14:00       ,Erhardt    ,        56,        36,    92
2026.07.03,14:00        ,14:15       ,Erhardt    ,        58,        30,    88
2026.07.03,14:15        ,14:30       ,Erhardt    ,        64,        53,   117
2026.07.03,14:30        ,14:45       ,Erhardt    ,        55,        31,    86
2026.07.03,14:45        ,15:00       ,Erhardt    ,        56,        48,   104
2026.07.03,15:00        ,15:15       ,Erhardt    ,        66,        47,   113
2026.07.03,15:15        ,15:30       ,Erhardt    ,        68,        48,   116
2026.07.03,15:30        ,15:45       ,Erhardt    ,        74,        62,   136
2026.07.03,15:45        ,16:00       ,Erhardt    ,        75,        62,   137
2026.07.03,16:00        ,16:15       ,Erhardt    ,        68,        72,   140
2026.07.03,16:15        ,16:30       ,Erhardt    ,        86,        76,   162
2026.07.03,16:30        ,16:45       ,Erhardt    ,        79,        60,   139
2026.07.03,16:45        ,17:00       ,Erhardt    ,        86,        58,   144
2026.07.03,17:00        ,17:15       ,Erhardt    ,        77,        59,   136
2026.07.03,17:15        ,17:30       ,Erhardt    ,       121,        61,   182
2026.07.03,17:30        ,17:45       ,Erhardt    ,        86,        84,   170
2026.07.03,17:45        ,18:00       ,Erhardt    ,       102,        84,   186
2026.07.03,18:00        ,18:15       ,Erhardt    ,       124,        65,   189
2026.07.03,18:15        ,18:30       ,Erhardt    ,       113,        80,   193
2026.07.03,18:30        ,18:45       ,Erhardt    ,       111,        73,   184
2026.07.03,18:45        ,19:00       ,Erhardt    ,       103,        45,   148
2026.07.03,19:00        ,19:15       ,Erhardt    ,       101,        73,   174
2026.07.03,19:15        ,19:30       ,Erhardt    ,        95,        81,   176
2026.07.03,19:30        ,19:45       ,Erhardt    ,        84,        58,   142
2026.07.03,19:45        ,20:00       ,Erhardt    ,        68,        72,   140
2026.07.03,20:00        ,20:15       ,Erhardt    ,        71,        59,   130
2026.07.03,20:15        ,20:30       ,Erhardt    ,        51,        49,   100
2026.07.03,20:30        ,20:45       ,Erhardt    ,        44,        38,    82
2026.07.03,20:45        ,21:00       ,Erhardt    ,        50,        45,    95
2026.07.03,21:00        ,21:15       ,Erhardt    ,        42,        45,    87
2026.07.03,21:15        ,21:30       ,Erhardt    ,        52,        47,    99
2026.07.03,21:30        ,21:45       ,Erhardt    ,        13,        14,    27
2026.07.03,21:45        ,22:00       ,Erhardt    ,        43,        37,    80
2026.07.03,22:00        ,22:15       ,Erhardt    ,        33,        45,    78
2026.07.03,22:15        ,22:30       ,Erhardt    ,        44,        41,    85
2026.07.03,22:30        ,22:45       ,Erhardt    ,        33,        53,    86
2026.07.03,22:45        ,23:00       ,Erhardt    ,        32,        35,    67
2026.07.03,23:00        ,23:15       ,Erhardt    ,        22,        21,    43
2026.07.03,23:15        ,23:30       ,Erhardt    ,        41,        37,    78
2026.07.03,23:30        ,23:45       ,Erhardt    ,        34,        36,    70
2026.07.03,23:45        ,00:00       ,Erhardt    ,        26,        44,    70
2026.07.04,00:00        ,00:15       ,Erhardt    ,        26,        17,    43
2026.07.04,00:15        ,00:30       ,Erhardt    ,        27,        30,    57
2026.07.04,00:30        ,00:45       ,Erhardt    ,        16,        20,    36
2026.07.04,00:45        ,01:00       ,Erhardt    ,         7,        19,    26
2026.07.04,01:00        ,01:15       ,Erhardt    ,        20,        13,    33
2026.07.04,01:15        ,01:30       ,Erhardt    ,        10,        15,    25
2026.07.04,01:30        ,01:45       ,Erhardt    ,         6,         8,    14
2026.07.04,01:45        ,02:00       ,Erhardt    ,         4,         7,    11
2026.07.04,02:00        ,02:15       ,Erhardt    ,         7,         5,    12
2026.07.04,02:15        ,02:30       ,Erhardt    ,         2,        10,    12
2026.07.04,02:30        ,02:45       ,Erhardt    ,        12,         1,    13
2026.07.04,02:45        ,03:00       ,Erhardt    ,         3,         3,     6
2026.07.04,03:00        ,03:15       ,Erhardt    ,         7,         2,     9
2026.07.04,03:15        ,03:30       ,Erhardt    ,         2,         5,     7
2026.07.04,03:30        ,03:45       ,Erhardt    ,         0,         4,     4
2026.07.04,03:45        ,04:00       ,Erhardt    ,         1,         4,     5
2026.07.04,04:00        ,04:15       ,Erhardt    ,         1,         8,     9
2026.07.04,04:15        ,04:30       ,Erhardt    ,         3,         1,     4
2026.07.04,04:30        ,04:45       ,Erhardt    ,         2,         4,     6
2026.07.04,04:45        ,05:00       ,Erhardt    ,         1,         4,     5
2026.07.04,05:00        ,05:15       ,Erhardt    ,         1,         2,     3
2026.07.04,05:15        ,05:30       ,Erhardt    ,         1,         2,     3
2026.07.04,05:30        ,05:45       ,Erhardt    ,         0,         7,     7
2026.07.04,05:45        ,06:00       ,Erhardt    ,         4,         5,     9
2026.07.04,06:00        ,06:15       ,Erhardt    ,         0,         4,     4
2026.07.04,06:15        ,06:30       ,Erhardt    ,         5,         4,     9
2026.07.04,06:30        ,06:45       ,Erhardt    ,         9,         4,    13
2026.07.04,06:45        ,07:00       ,Erhardt    ,         8,         2,    10
2026.07.04,07:00        ,07:15       ,Erhardt    ,         6,        10,    16
2026.07.04,07:15        ,07:30       ,Erhardt    ,         8,         7,    15
2026.07.04,07:30        ,07:45       ,Erhardt    ,        14,        11,    25
2026.07.04,07:45        ,08:00       ,Erhardt    ,        27,         9,    36
2026.07.04,08:00        ,08:15       ,Erhardt    ,        13,        12,    25
2026.07.04,08:15        ,08:30       ,Erhardt    ,        25,        16,    41
2026.07.04,08:30        ,08:45       ,Erhardt    ,        31,        20,    51
2026.07.04,08:45        ,09:00       ,Erhardt    ,        32,        28,    60
2026.07.04,09:00        ,09:15       ,Erhardt    ,        25,        41,    66
2026.07.04,09:15        ,09:30       ,Erhardt    ,        22,        45,    67
2026.07.04,09:30        ,09:45       ,Erhardt    ,        58,        34,    92
2026.07.04,09:45        ,10:00       ,Erhardt    ,        62,        61,   123
2026.07.04,10:00        ,10:15       ,Erhardt    ,        56,        44,   100
2026.07.04,10:15        ,10:30       ,Erhardt    ,        69,        50,   119
2026.07.04,10:30        ,10:45       ,Erhardt    ,        64,        39,   103
2026.07.04,10:45        ,11:00       ,Erhardt    ,        60,        53,   113
2026.07.04,11:00        ,11:15       ,Erhardt    ,        49,        45,    94
2026.07.04,11:15        ,11:30       ,Erhardt    ,        81,        44,   125
2026.07.04,11:30        ,11:45       ,Erhardt    ,        63,        60,   123
2026.07.04,11:45        ,12:00       ,Erhardt    ,        55,        65,   120
2026.07.04,12:00        ,12:15       ,Erhardt    ,        60,        62,   122
2026.07.04,12:15        ,12:30       ,Erhardt    ,        52,        59,   111
2026.07.04,12:30        ,12:45       ,Erhardt    ,        91,        77,   168
2026.07.04,12:45        ,13:00       ,Erhardt    ,        49,        59,   108
2026.07.04,13:00        ,13:15       ,Erhardt    ,        57,        70,   127
2026.07.04,13:15        ,13:30       ,Erhardt    ,        62,        60,   122
2026.07.04,13:30        ,13:45       ,Erhardt    ,        43,        86,   129
2026.07.04,13:45        ,14:00       ,Erhardt    ,        71,        79,   150
2026.07.04,14:00        ,14:15       ,Erhardt    ,        72,        82,   154
2026.07.04,14:15        ,14:30       ,Erhardt    ,        89,        75,   164
2026.07.04,14:30        ,14:45       ,Erhardt    ,        86,        76,   162
2026.07.04,14:45        ,15:00       ,Erhardt    ,        87,        95,   182
2026.07.04,15:00        ,15:15       ,Erhardt    ,        97,        95,   192
2026.07.04,15:15        ,15:30       ,Erhardt    ,        85,        78,   163
2026.07.04,15:30        ,15:45       ,Erhardt    ,        78,        85,   163
2026.07.04,15:45        ,16:00       ,Erhardt    ,        98,       107,   205
2026.07.04,16:00        ,16:15       ,Erhardt    ,        81,        85,   166
2026.07.04,16:15        ,16:30       ,Erhardt    ,        64,       125,   189
2026.07.04,16:30        ,16:45       ,Erhardt    ,        86,        71,   157
2026.07.04,16:45        ,17:00       ,Erhardt    ,        81,       111,   192
2026.07.04,17:00        ,17:15       ,Erhardt    ,        89,        82,   171
2026.07.04,17:15        ,17:30       ,Erhardt    ,       106,        93,   199
2026.07.04,17:30        ,17:45       ,Erhardt    ,        78,        85,   163
2026.07.04,17:45        ,18:00       ,Erhardt    ,        89,        89,   178
2026.07.04,18:00        ,18:15       ,Erhardt    ,       104,       105,   209
2026.07.04,18:15        ,18:30       ,Erhardt    ,        91,       102,   193
2026.07.04,18:30        ,18:45       ,Erhardt    ,        82,        96,   178
2026.07.04,18:45        ,19:00       ,Erhardt    ,        86,        89,   175
2026.07.04,19:00        ,19:15       ,Erhardt    ,        81,        82,   163
2026.07.04,19:15        ,19:30       ,Erhardt    ,        54,        75,   129
2026.07.04,19:30        ,19:45       ,Erhardt    ,       106,        69,   175
2026.07.04,19:45        ,20:00       ,Erhardt    ,        69,        54,   123
2026.07.04,20:00        ,20:15       ,Erhardt    ,        64,        55,   119
2026.07.04,20:15        ,20:30       ,Erhardt    ,        82,        69,   151
2026.07.04,20:30        ,20:45       ,Erhardt    ,        52,        72,   124
2026.07.04,20:45        ,21:00       ,Erhardt    ,        67,        49,   116
2026.07.04,21:00        ,21:15       ,Erhardt    ,        43,        42,    85
2026.07.04,21:15        ,21:30       ,Erhardt    ,        48,        51,    99
2026.07.04,21:30        ,21:45       ,Erhardt    ,        37,        40,    77
2026.07.04,21:45        ,22:00       ,Erhardt    ,        41,        28,    69
2026.07.04,22:00        ,22:15       ,Erhardt    ,        50,        47,    97
2026.07.04,22:15        ,22:30       ,Erhardt    ,        48,        51,    99
2026.07.04,22:30        ,22:45       ,Erhardt    ,        42,        57,    99
2026.07.04,22:45        ,23:00       ,Erhardt    ,        39,        46,    85
2026.07.04,23:00        ,23:15       ,Erhardt    ,        36,        28,    64
2026.07.04,23:15        ,23:30       ,Erhardt    ,        35,        44,    79
2026.07.04,23:30        ,23:45       ,Erhardt    ,        28,        41,    69
2026.07.04,23:45        ,00:00       ,Erhardt    ,        30,        20,    50
2026.07.05,00:00        ,00:15       ,Erhardt    ,        26,        23,    49
2026.07.05,00:15        ,00:30       ,Erhardt    ,        25,        23,    48
2026.07.05,00:30        ,00:45       ,Erhardt    ,        12,        21,    33
2026.07.05,00:45        ,01:00       ,Erhardt    ,         9,        20,    29
2026.07.05,01:00        ,01:15       ,Erhardt    ,        14,        19,    33
2026.07.05,01:15        ,01:30       ,Erhardt    ,        17,        13,    30
2026.07.05,01:30        ,01:45       ,Erhardt    ,        13,        10,    23
2026.07.05,01:45        ,02:00       ,Erhardt    ,         7,        14,    21
2026.07.05,02:00        ,02:15       ,Erhardt    ,         6,         3,     9
2026.07.05,02:15        ,02:30       ,Erhardt    ,         2,         7,     9
2026.07.05,02:30        ,02:45       ,Erhardt    ,         6,        10,    16
2026.07.05,02:45        ,03:00       ,Erhardt    ,         3,         4,     7
2026.07.05,03:00        ,03:15       ,Erhardt    ,         6,         4,    10
2026.07.05,03:15        ,03:30       ,Erhardt    ,         4,         2,     6
2026.07.05,03:30        ,03:45       ,Erhardt    ,         1,         6,     7
2026.07.05,03:45        ,04:00       ,Erhardt    ,         3,         1,     4
2026.07.05,04:00        ,04:15       ,Erhardt    ,         0,         3,     3
2026.07.05,04:15        ,04:30       ,Erhardt    ,         0,         4,     4
2026.07.05,04:30        ,04:45       ,Erhardt    ,         0,         2,     2
2026.07.05,04:45        ,05:00       ,Erhardt    ,         2,         1,     3
2026.07.05,05:00        ,05:15       ,Erhardt    ,         2,         2,     4
2026.07.05,05:15        ,05:30       ,Erhardt    ,         2,         1,     3
2026.07.05,05:30        ,05:45       ,Erhardt    ,         0,         1,     1
2026.07.05,05:45        ,06:00       ,Erhardt    ,         2,         4,     6
2026.07.05,06:00        ,06:15       ,Erhardt    ,         2,         3,     5
2026.07.05,06:15        ,06:30       ,Erhardt    ,         2,         4,     6
2026.07.05,06:30        ,06:45       ,Erhardt    ,         8,         4,    12
2026.07.05,06:45        ,07:00       ,Erhardt    ,         5,        12,    17
2026.07.05,07:00        ,07:15       ,Erhardt    ,         6,        13,    19
2026.07.05,07:15        ,07:30       ,Erhardt    ,        16,        33,    49
2026.07.05,07:30        ,07:45       ,Erhardt    ,        12,        21,    33
2026.07.05,07:45        ,08:00       ,Erhardt    ,        12,        25,    37
2026.07.05,08:00        ,08:15       ,Erhardt    ,         9,         8,    17
2026.07.05,08:15        ,08:30       ,Erhardt    ,        16,        16,    32
2026.07.05,08:30        ,08:45       ,Erhardt    ,        16,        18,    34
2026.07.05,08:45        ,09:00       ,Erhardt    ,        20,        22,    42
2026.07.05,09:00        ,09:15       ,Erhardt    ,        13,        19,    32
2026.07.05,09:15        ,09:30       ,Erhardt    ,        32,        22,    54
2026.07.05,09:30        ,09:45       ,Erhardt    ,        31,        36,    67
2026.07.05,09:45        ,10:00       ,Erhardt    ,        33,        54,    87
2026.07.05,10:00        ,10:15       ,Erhardt    ,        27,        42,    69
2026.07.05,10:15        ,10:30       ,Erhardt    ,        43,        47,    90
2026.07.05,10:30        ,10:45       ,Erhardt    ,        49,        42,    91
2026.07.05,10:45        ,11:00       ,Erhardt    ,        74,        37,   111
2026.07.05,11:00        ,11:15       ,Erhardt    ,        64,        41,   105
2026.07.05,11:15        ,11:30       ,Erhardt    ,        52,        44,    96
2026.07.05,11:30        ,11:45       ,Erhardt    ,        49,        57,   106
2026.07.05,11:45        ,12:00       ,Erhardt    ,        45,        49,    94
2026.07.05,12:00        ,12:15       ,Erhardt    ,        53,        59,   112
2026.07.05,12:15        ,12:30       ,Erhardt    ,        37,        65,   102
2026.07.05,12:30        ,12:45       ,Erhardt    ,        55,        49,   104
2026.07.05,12:45        ,13:00       ,Erhardt    ,        83,        57,   140
2026.07.05,13:00        ,13:15       ,Erhardt    ,        46,        43,    89
2026.07.05,13:15        ,13:30       ,Erhardt    ,        79,        57,   136
2026.07.05,13:30        ,13:45       ,Erhardt    ,        55,        38,    93
2026.07.05,13:45        ,14:00       ,Erhardt    ,        81,        67,   148
2026.07.05,14:00        ,14:15       ,Erhardt    ,        37,        49,    86
2026.07.05,14:15        ,14:30       ,Erhardt    ,        68,        45,   113
2026.07.05,14:30        ,14:45       ,Erhardt    ,        65,        52,   117
2026.07.05,14:45        ,15:00       ,Erhardt    ,        70,        69,   139
2026.07.05,15:00        ,15:15       ,Erhardt    ,        59,        77,   136
2026.07.05,15:15        ,15:30       ,Erhardt    ,        46,        71,   117
2026.07.05,15:30        ,15:45       ,Erhardt    ,        51,        60,   111
2026.07.05,15:45        ,16:00       ,Erhardt    ,        45,        56,   101
2026.07.05,16:00        ,16:15       ,Erhardt    ,        39,        50,    89
2026.07.05,16:15        ,16:30       ,Erhardt    ,        31,        41,    72
2026.07.05,16:30        ,16:45       ,Erhardt    ,        36,        48,    84
2026.07.05,16:45        ,17:00       ,Erhardt    ,        49,        47,    96
2026.07.05,17:00        ,17:15       ,Erhardt    ,        32,        48,    80
2026.07.05,17:15        ,17:30       ,Erhardt    ,        46,        50,    96
2026.07.05,17:30        ,17:45       ,Erhardt    ,        42,        52,    94
2026.07.05,17:45        ,18:00       ,Erhardt    ,        59,        56,   115
2026.07.05,18:00        ,18:15       ,Erhardt    ,        45,        45,    90
2026.07.05,18:15        ,18:30       ,Erhardt    ,        37,        42,    79
2026.07.05,18:30        ,18:45       ,Erhardt    ,        36,        48,    84
2026.07.05,18:45        ,19:00       ,Erhardt    ,        47,        56,   103
2026.07.05,19:00        ,19:15       ,Erhardt    ,        36,        40,    76
2026.07.05,19:15        ,19:30       ,Erhardt    ,         7,        16,    23
2026.07.05,19:30        ,19:45       ,Erhardt    ,         7,         9,    16
2026.07.05,19:45        ,20:00       ,Erhardt    ,         3,         7,    10
2026.07.05,20:00        ,20:15       ,Erhardt    ,         9,        11,    20
2026.07.05,20:15        ,20:30       ,Erhardt    ,        10,         5,    15
2026.07.05,20:30        ,20:45       ,Erhardt    ,         9,        14,    23
2026.07.05,20:45        ,21:00       ,Erhardt    ,        14,         7,    21
2026.07.05,21:00        ,21:15       ,Erhardt    ,         8,         7,    15
2026.07.05,21:15        ,21:30       ,Erhardt    ,        17,        13,    30
2026.07.05,21:30        ,21:45       ,Erhardt    ,        14,        12,    26
2026.07.05,21:45        ,22:00       ,Erhardt    ,        14,        18,    32
2026.07.05,22:00        ,22:15       ,Erhardt    ,        15,        11,    26
2026.07.05,22:15        ,22:30       ,Erhardt    ,         5,         8,    13
2026.07.05,22:30        ,22:45       ,Erhardt    ,        10,         6,    16
2026.07.05,22:45        ,23:00       ,Erhardt    ,         5,         5,    10
2026.07.05,23:00        ,23:15       ,Erhardt    ,         7,         4,    11
2026.07.05,23:15        ,23:30       ,Erhardt    ,         4,         5,     9
2026.07.05,23:30        ,23:45       ,Erhardt    ,         3,         2,     5
2026.07.05,23:45        ,00:00       ,Erhardt    ,         3,         7,    10
2026.07.06,00:00        ,00:15       ,Erhardt    ,         5,         3,     8
2026.07.06,00:15        ,00:30       ,Erhardt    ,         6,         2,     8
2026.07.06,00:30        ,00:45       ,Erhardt    ,         1,         3,     4
2026.07.06,00:45        ,01:00       ,Erhardt    ,         1,         1,     2
2026.07.06,01:00        ,01:15       ,Erhardt    ,         0,         1,     1
2026.07.06,01:15        ,01:30       ,Erhardt    ,         2,         1,     3
2026.07.06,01:30        ,01:45       ,Erhardt    ,         0,         0,     0
2026.07.06,01:45        ,02:00       ,Erhardt    ,         2,         0,     2
2026.07.06,02:00        ,02:15       ,Erhardt    ,         0,         0,     0
2026.07.06,02:15        ,02:30       ,Erhardt    ,         0,         0,     0
2026.07.06,02:30        ,02:45       ,Erhardt    ,         1,         1,     2
2026.07.06,02:45        ,03:00       ,Erhardt    ,         0,         1,     1
2026.07.06,03:00        ,03:15       ,Erhardt    ,         1,         0,     1
2026.07.06,03:15        ,03:30       ,Erhardt    ,         0,         0,     0
2026.07.06,03:30        ,03:45       ,Erhardt    ,         0,         0,     0
2026.07.06,03:45        ,04:00       ,Erhardt    ,         0,         0,     0
2026.07.06,04:00        ,04:15       ,Erhardt    ,         0,         0,     0
2026.07.06,04:15        ,04:30       ,Erhardt    ,         0,         0,     0
2026.07.06,04:30        ,04:45       ,Erhardt    ,         0,         1,     1
2026.07.06,04:45        ,05:00       ,Erhardt    ,         1,         0,     1
2026.07.06,05:00        ,05:15       ,Erhardt    ,         2,         0,     2
2026.07.06,05:15        ,05:30       ,Erhardt    ,         2,         1,     3
2026.07.06,05:30        ,05:45       ,Erhardt    ,         6,         7,    13
2026.07.06,05:45        ,06:00       ,Erhardt    ,         5,         9,    14
2026.07.06,06:00        ,06:15       ,Erhardt    ,        11,         5,    16
2026.07.06,06:15        ,06:30       ,Erhardt    ,        14,        11,    25
2026.07.06,06:30        ,06:45       ,Erhardt    ,        16,        18,    34
2026.07.06,06:45        ,07:00       ,Erhardt    ,        20,        27,    47
2026.07.06,07:00        ,07:15       ,Erhardt    ,        35,        24,    59
2026.07.06,07:15        ,07:30       ,Erhardt    ,        47,        53,   100
2026.07.06,07:30        ,07:45       ,Erhardt    ,        67,        58,   125
2026.07.06,07:45        ,08:00       ,Erhardt    ,        94,        65,   159
2026.07.06,08:00        ,08:15       ,Erhardt    ,        86,        69,   155
2026.07.06,08:15        ,08:30       ,Erhardt    ,        79,        77,   156
2026.07.06,08:30        ,08:45       ,Erhardt    ,       101,        93,   194
2026.07.06,08:45        ,09:00       ,Erhardt    ,        78,       114,   192
2026.07.06,09:00        ,09:15       ,Erhardt    ,        61,        70,   131
2026.07.06,09:15        ,09:30       ,Erhardt    ,        43,        52,    95
2026.07.06,09:30        ,09:45       ,Erhardt    ,        35,        50,    85
2026.07.06,09:45        ,10:00       ,Erhardt    ,        38,        41,    79
2026.07.06,10:00        ,10:15       ,Erhardt    ,        28,        37,    65
2026.07.06,10:15        ,10:30       ,Erhardt    ,        39,        25,    64
2026.07.06,10:30        ,10:45       ,Erhardt    ,        30,        34,    64
2026.07.06,10:45        ,11:00       ,Erhardt    ,        19,        34,    53
2026.07.06,11:00        ,11:15       ,Erhardt    ,        28,        19,    47
2026.07.06,11:15        ,11:30       ,Erhardt    ,        18,        35,    53
2026.07.06,11:30        ,11:45       ,Erhardt    ,        26,        31,    57
2026.07.06,11:45        ,12:00       ,Erhardt    ,        42,        38,    80
2026.07.06,12:00        ,12:15       ,Erhardt    ,        35,        22,    57
2026.07.06,12:15        ,12:30       ,Erhardt    ,        49,        31,    80
2026.07.06,12:30        ,12:45       ,Erhardt    ,        39,        26,    65
2026.07.06,12:45        ,13:00       ,Erhardt    ,        28,        37,    65
2026.07.06,13:00        ,13:15       ,Erhardt    ,        34,        36,    70
2026.07.06,13:15        ,13:30       ,Erhardt    ,        52,        26,    78
2026.07.06,13:30        ,13:45       ,Erhardt    ,        32,        22,    54
2026.07.06,13:45        ,14:00       ,Erhardt    ,        40,        27,    67
2026.07.06,14:00        ,14:15       ,Erhardt    ,        28,        28,    56
2026.07.06,14:15        ,14:30       ,Erhardt    ,        41,        38,    79
2026.07.06,14:30        ,14:45       ,Erhardt    ,        43,        24,    67
2026.07.06,14:45        ,15:00       ,Erhardt    ,        44,        31,    75
2026.07.06,15:00        ,15:15       ,Erhardt    ,        62,        40,   102
2026.07.06,15:15        ,15:30       ,Erhardt    ,        64,        38,   102
2026.07.06,15:30        ,15:45       ,Erhardt    ,        61,        32,    93
2026.07.06,15:45        ,16:00       ,Erhardt    ,        73,        49,   122
2026.07.06,16:00        ,16:15       ,Erhardt    ,        69,        53,   122
2026.07.06,16:15        ,16:30       ,Erhardt    ,        66,        49,   115
2026.07.06,16:30        ,16:45       ,Erhardt    ,        70,        42,   112
2026.07.06,16:45        ,17:00       ,Erhardt    ,        90,        59,   149
2026.07.06,17:00        ,17:15       ,Erhardt    ,       109,        42,   151
2026.07.06,17:15        ,17:30       ,Erhardt    ,        97,        59,   156
2026.07.06,17:30        ,17:45       ,Erhardt    ,       132,        64,   196
2026.07.06,17:45        ,18:00       ,Erhardt    ,       129,        75,   204
2026.07.06,18:00        ,18:15       ,Erhardt    ,       118,        71,   189
2026.07.06,18:15        ,18:30       ,Erhardt    ,       127,        71,   198
2026.07.06,18:30        ,18:45       ,Erhardt    ,        98,        80,   178
2026.07.06,18:45        ,19:00       ,Erhardt    ,       104,        73,   177
2026.07.06,19:00        ,19:15       ,Erhardt    ,        85,        66,   151
2026.07.06,19:15        ,19:30       ,Erhardt    ,        84,        53,   137
2026.07.06,19:30        ,19:45       ,Erhardt    ,        57,        49,   106
2026.07.06,19:45        ,20:00       ,Erhardt    ,        56,        57,   113
2026.07.06,20:00        ,20:15       ,Erhardt    ,        57,        61,   118
2026.07.06,20:15        ,20:30       ,Erhardt    ,        57,        34,    91
2026.07.06,20:30        ,20:45       ,Erhardt    ,        56,        45,   101
2026.07.06,20:45        ,21:00       ,Erhardt    ,        40,        44,    84
2026.07.06,21:00        ,21:15       ,Erhardt    ,        43,        38,    81
2026.07.06,21:15        ,21:30       ,Erhardt    ,        37,        34,    71
2026.07.06,21:30        ,21:45       ,Erhardt    ,        34,        19,    53
2026.07.06,21:45        ,22:00       ,Erhardt    ,        33,        32,    65
2026.07.06,22:00        ,22:15       ,Erhardt    ,        38,        26,    64
2026.07.06,22:15        ,22:30       ,Erhardt    ,        34,        31,    65
2026.07.06,22:30        ,22:45       ,Erhardt    ,        31,        35,    66
2026.07.06,22:45        ,23:00       ,Erhardt    ,        19,        20,    39
2026.07.06,23:00        ,23:15       ,Erhardt    ,        14,        27,    41
2026.07.06,23:15        ,23:30       ,Erhardt    ,        25,        15,    40
2026.07.06,23:30        ,23:45       ,Erhardt    ,        18,        12,    30
2026.07.06,23:45        ,00:00       ,Erhardt    ,        10,        12,    22
2026.07.07,00:00        ,00:15       ,Erhardt    ,        17,        15,    32
2026.07.07,00:15        ,00:30       ,Erhardt    ,        10,         9,    19
2026.07.07,00:30        ,00:45       ,Erhardt    ,         5,         5,    10
2026.07.07,00:45        ,01:00       ,Erhardt    ,         5,         5,    10
2026.07.07,01:00        ,01:15       ,Erhardt    ,         0,         3,     3
2026.07.07,01:15        ,01:30       ,Erhardt    ,         3,         4,     7
2026.07.07,01:30        ,01:45       ,Erhardt    ,         0,         1,     1
2026.07.07,01:45        ,02:00       ,Erhardt    ,         1,         0,     1
2026.07.07,02:00        ,02:15       ,Erhardt    ,         0,         1,     1
2026.07.07,02:15        ,02:30       ,Erhardt    ,         0,         1,     1
2026.07.07,02:30        ,02:45       ,Erhardt    ,         1,         0,     1
2026.07.07,02:45        ,03:00       ,Erhardt    ,         1,         0,     1
2026.07.07,03:00        ,03:15       ,Erhardt    ,         0,         1,     1
2026.07.07,03:15        ,03:30       ,Erhardt    ,         0,         0,     0
2026.07.07,03:30        ,03:45       ,Erhardt    ,         0,         0,     0
2026.07.07,03:45        ,04:00       ,Erhardt    ,         1,         0,     1
2026.07.07,04:00        ,04:15       ,Erhardt    ,         0,         2,     2
2026.07.07,04:15        ,04:30       ,Erhardt    ,         1,         1,     2
2026.07.07,04:30        ,04:45       ,Erhardt    ,         3,         3,     6
2026.07.07,04:45        ,05:00       ,Erhardt    ,         2,         2,     4
2026.07.07,05:00        ,05:15       ,Erhardt    ,         1,         0,     1
2026.07.07,05:15        ,05:30       ,Erhardt    ,         6,         3,     9
2026.07.07,05:30        ,05:45       ,Erhardt    ,         7,        11,    18
2026.07.07,05:45        ,06:00       ,Erhardt    ,        14,        13,    27
2026.07.07,06:00        ,06:15       ,Erhardt    ,        15,        13,    28
2026.07.07,06:15        ,06:30       ,Erhardt    ,        22,        13,    35
2026.07.07,06:30        ,06:45       ,Erhardt    ,        20,        26,    46
2026.07.07,06:45        ,07:00       ,Erhardt    ,        32,        38,    70
2026.07.07,07:00        ,07:15       ,Erhardt    ,        46,        25,    71
2026.07.07,07:15        ,07:30       ,Erhardt    ,        63,        65,   128
2026.07.07,07:30        ,07:45       ,Erhardt    ,        95,        64,   159
2026.07.07,07:45        ,08:00       ,Erhardt    ,       120,       100,   220
2026.07.07,08:00        ,08:15       ,Erhardt    ,       109,        96,   205
2026.07.07,08:15        ,08:30       ,Erhardt    ,       133,       107,   240
2026.07.07,08:30        ,08:45       ,Erhardt    ,       140,       105,   245
2026.07.07,08:45        ,09:00       ,Erhardt    ,       126,       130,   256
2026.07.07,09:00        ,09:15       ,Erhardt    ,        75,        82,   157
2026.07.07,09:15        ,09:30       ,Erhardt    ,        61,        45,   106
2026.07.07,09:30        ,09:45       ,Erhardt    ,        42,        64,   106
2026.07.07,09:45        ,10:00       ,Erhardt    ,        46,        57,   103
2026.07.07,10:00        ,10:15       ,Erhardt    ,        34,        40,    74
2026.07.07,10:15        ,10:30       ,Erhardt    ,        39,        41,    80
2026.07.07,10:30        ,10:45       ,Erhardt    ,        41,        28,    69
2026.07.07,10:45        ,11:00       ,Erhardt    ,        39,        34,    73
2026.07.07,11:00        ,11:15       ,Erhardt    ,        46,        43,    89
2026.07.07,11:15        ,11:30       ,Erhardt    ,        45,        34,    79
2026.07.07,11:30        ,11:45       ,Erhardt    ,        26,        41,    67
2026.07.07,11:45        ,12:00       ,Erhardt    ,        57,        53,   110
2026.07.07,12:00        ,12:15       ,Erhardt    ,        35,        36,    71
2026.07.07,12:15        ,12:30       ,Erhardt    ,        46,        58,   104
2026.07.07,12:30        ,12:45       ,Erhardt    ,        41,        41,    82
2026.07.07,12:45        ,13:00       ,Erhardt    ,        41,        39,    80
2026.07.07,13:00        ,13:15       ,Erhardt    ,        50,        43,    93
2026.07.07,13:15        ,13:30       ,Erhardt    ,        54,        36,    90
2026.07.07,13:30        ,13:45       ,Erhardt    ,        64,        32,    96
2026.07.07,13:45        ,14:00       ,Erhardt    ,        31,        26,    57
2026.07.07,14:00        ,14:15       ,Erhardt    ,        43,        37,    80
2026.07.07,14:15        ,14:30       ,Erhardt    ,        57,        40,    97
2026.07.07,14:30        ,14:45       ,Erhardt    ,        73,        27,   100
2026.07.07,14:45        ,15:00       ,Erhardt    ,        54,        33,    87
2026.07.07,15:00        ,15:15       ,Erhardt    ,        79,        39,   118
2026.07.07,15:15        ,15:30       ,Erhardt    ,        71,        44,   115
2026.07.07,15:30        ,15:45       ,Erhardt    ,        80,        55,   135
2026.07.07,15:45        ,16:00       ,Erhardt    ,        91,        70,   161
2026.07.07,16:00        ,16:15       ,Erhardt    ,        68,        50,   118
2026.07.07,16:15        ,16:30       ,Erhardt    ,        77,        53,   130
2026.07.07,16:30        ,16:45       ,Erhardt    ,       114,        63,   177
2026.07.07,16:45        ,17:00       ,Erhardt    ,        97,        79,   176
2026.07.07,17:00        ,17:15       ,Erhardt    ,       114,        59,   173
2026.07.07,17:15        ,17:30       ,Erhardt    ,       121,        75,   196
2026.07.07,17:30        ,17:45       ,Erhardt    ,       148,        96,   244
2026.07.07,17:45        ,18:00       ,Erhardt    ,       145,       117,   262
2026.07.07,18:00        ,18:15       ,Erhardt    ,       152,        84,   236
2026.07.07,18:15        ,18:30       ,Erhardt    ,       153,        84,   237
2026.07.07,18:30        ,18:45       ,Erhardt    ,       156,        90,   246
2026.07.07,18:45        ,19:00       ,Erhardt    ,       134,        92,   226
2026.07.07,19:00        ,19:15       ,Erhardt    ,        97,        76,   173
2026.07.07,19:15        ,19:30       ,Erhardt    ,        91,        67,   158
2026.07.07,19:30        ,19:45       ,Erhardt    ,        80,        56,   136
2026.07.07,19:45        ,20:00       ,Erhardt    ,        64,        53,   117
2026.07.07,20:00        ,20:15       ,Erhardt    ,        65,        60,   125
2026.07.07,20:15        ,20:30       ,Erhardt    ,        67,        51,   118
2026.07.07,20:30        ,20:45       ,Erhardt    ,        60,        62,   122
2026.07.07,20:45        ,21:00       ,Erhardt    ,        55,        50,   105
2026.07.07,21:00        ,21:15       ,Erhardt    ,        68,        43,   111
2026.07.07,21:15        ,21:30       ,Erhardt    ,        38,        35,    73
2026.07.07,21:30        ,21:45       ,Erhardt    ,        59,        41,   100
2026.07.07,21:45        ,22:00       ,Erhardt    ,        38,        49,    87
2026.07.07,22:00        ,22:15       ,Erhardt    ,        38,        38,    76
2026.07.07,22:15        ,22:30       ,Erhardt    ,        50,        43,    93
2026.07.07,22:30        ,22:45       ,Erhardt    ,        30,        54,    84
2026.07.07,22:45        ,23:00       ,Erhardt    ,        36,        31,    67
2026.07.07,23:00        ,23:15       ,Erhardt    ,        17,        28,    45
2026.07.07,23:15        ,23:30       ,Erhardt    ,        15,        21,    36
2026.07.07,23:30        ,23:45       ,Erhardt    ,        15,        13,    28
2026.07.07,23:45        ,00:00       ,Erhardt    ,         9,         7,    16
2026.07.08,00:00        ,00:15       ,Erhardt    ,         6,        19,    25
2026.07.08,00:15        ,00:30       ,Erhardt    ,         9,        11,    20
2026.07.08,00:30        ,00:45       ,Erhardt    ,         3,         3,     6
2026.07.08,00:45        ,01:00       ,Erhardt    ,         3,         5,     8
2026.07.08,01:00        ,01:15       ,Erhardt    ,        10,         3,    13
2026.07.08,01:15        ,01:30       ,Erhardt    ,         4,         1,     5
2026.07.08,01:30        ,01:45       ,Erhardt    ,         0,         2,     2
2026.07.08,01:45        ,02:00       ,Erhardt    ,         4,         2,     6
2026.07.08,02:00        ,02:15       ,Erhardt    ,         0,         0,     0
2026.07.08,02:15        ,02:30       ,Erhardt    ,         0,         0,     0
2026.07.08,02:30        ,02:45       ,Erhardt    ,         0,         0,     0
2026.07.08,02:45        ,03:00       ,Erhardt    ,         0,         1,     1
2026.07.08,03:00        ,03:15       ,Erhardt    ,         0,         1,     1
2026.07.08,03:15        ,03:30       ,Erhardt    ,         0,         0,     0
2026.07.08,03:30        ,03:45       ,Erhardt    ,         0,         1,     1
2026.07.08,03:45        ,04:00       ,Erhardt    ,         1,         0,     1
2026.07.08,04:00        ,04:15       ,Erhardt    ,         0,         0,     0
2026.07.08,04:15        ,04:30       ,Erhardt    ,         1,         1,     2
2026.07.08,04:30        ,04:45       ,Erhardt    ,         2,         1,     3
2026.07.08,04:45        ,05:00       ,Erhardt    ,         2,         0,     2
2026.07.08,05:00        ,05:15       ,Erhardt    ,         1,         2,     3
2026.07.08,05:15        ,05:30       ,Erhardt    ,         4,         5,     9
2026.07.08,05:30        ,05:45       ,Erhardt    ,         9,         6,    15
2026.07.08,05:45        ,06:00       ,Erhardt    ,         3,         9,    12
2026.07.08,06:00        ,06:15       ,Erhardt    ,         6,         7,    13
2026.07.08,06:15        ,06:30       ,Erhardt    ,        15,        13,    28
2026.07.08,06:30        ,06:45       ,Erhardt    ,        20,        20,    40
2026.07.08,06:45        ,07:00       ,Erhardt    ,        21,        24,    45
2026.07.08,07:00        ,07:15       ,Erhardt    ,        38,        31,    69
2026.07.08,07:15        ,07:30       ,Erhardt    ,        48,        32,    80
2026.07.08,07:30        ,07:45       ,Erhardt    ,        66,        40,   106
2026.07.08,07:45        ,08:00       ,Erhardt    ,        81,        42,   123
2026.07.08,08:00        ,08:15       ,Erhardt    ,        84,        49,   133
2026.07.08,08:15        ,08:30       ,Erhardt    ,        85,        47,   132
2026.07.08,08:30        ,08:45       ,Erhardt    ,        79,        78,   157
2026.07.08,08:45        ,09:00       ,Erhardt    ,        64,        77,   141
2026.07.08,09:00        ,09:15       ,Erhardt    ,        72,        43,   115
2026.07.08,09:15        ,09:30       ,Erhardt    ,        53,        41,    94
2026.07.08,09:30        ,09:45       ,Erhardt    ,        41,        50,    91
2026.07.08,09:45        ,10:00       ,Erhardt    ,        30,        45,    75
2026.07.08,10:00        ,10:15       ,Erhardt    ,        41,        29,    70
2026.07.08,10:15        ,10:30       ,Erhardt    ,        24,        34,    58
2026.07.08,10:30        ,10:45       ,Erhardt    ,        28,        25,    53
2026.07.08,10:45        ,11:00       ,Erhardt    ,        21,        31,    52
2026.07.08,11:00        ,11:15       ,Erhardt    ,        29,        31,    60
2026.07.08,11:15        ,11:30       ,Erhardt    ,        23,        28,    51
2026.07.08,11:30        ,11:45       ,Erhardt    ,        26,        20,    46
2026.07.08,11:45        ,12:00       ,Erhardt    ,        32,        38,    70
2026.07.08,12:00        ,12:15       ,Erhardt    ,        36,        27,    63
2026.07.08,12:15        ,12:30       ,Erhardt    ,        33,        29,    62
2026.07.08,12:30        ,12:45       ,Erhardt    ,        30,        27,    57
2026.07.08,12:45        ,13:00       ,Erhardt    ,        37,        40,    77
2026.07.08,13:00        ,13:15       ,Erhardt    ,        40,        29,    69
2026.07.08,13:15        ,13:30       ,Erhardt    ,        55,        27,    82
2026.07.08,13:30        ,13:45       ,Erhardt    ,        40,        29,    69
2026.07.08,13:45        ,14:00       ,Erhardt    ,        29,        23,    52
2026.07.08,14:00        ,14:15       ,Erhardt    ,        40,        27,    67
2026.07.08,14:15        ,14:30       ,Erhardt    ,        40,        37,    77
2026.07.08,14:30        ,14:45       ,Erhardt    ,        37,        31,    68
2026.07.08,14:45        ,15:00       ,Erhardt    ,        46,        43,    89
2026.07.08,15:00        ,15:15       ,Erhardt    ,        60,        28,    88
2026.07.08,15:15        ,15:30       ,Erhardt    ,        71,        46,   117
2026.07.08,15:30        ,15:45       ,Erhardt    ,        50,        37,    87
2026.07.08,15:45        ,16:00       ,Erhardt    ,        57,        40,    97
2026.07.08,16:00        ,16:15       ,Erhardt    ,        77,        35,   112
2026.07.08,16:15        ,16:30       ,Erhardt    ,        71,        53,   124
2026.07.08,16:30        ,16:45       ,Erhardt    ,        71,        51,   122
2026.07.08,16:45        ,17:00       ,Erhardt    ,        72,        44,   116
2026.07.08,17:00        ,17:15       ,Erhardt    ,        73,        56,   129
2026.07.08,17:15        ,17:30       ,Erhardt    ,        88,        52,   140
2026.07.08,17:30        ,17:45       ,Erhardt    ,        82,        56,   138
2026.07.08,17:45        ,18:00       ,Erhardt    ,       120,        68,   188
2026.07.08,18:00        ,18:15       ,Erhardt    ,       124,        78,   202
2026.07.08,18:15        ,18:30       ,Erhardt    ,       127,        74,   201
2026.07.08,18:30        ,18:45       ,Erhardt    ,       105,        71,   176
2026.07.08,18:45        ,19:00       ,Erhardt    ,        93,        81,   174
2026.07.08,19:00        ,19:15       ,Erhardt    ,       107,        48,   155
2026.07.08,19:15        ,19:30       ,Erhardt    ,        86,        54,   140
2026.07.08,19:30        ,19:45       ,Erhardt    ,        53,        55,   108
2026.07.08,19:45        ,20:00       ,Erhardt    ,        48,        40,    88
2026.07.08,20:00        ,20:15       ,Erhardt    ,        63,        47,   110
2026.07.08,20:15        ,20:30       ,Erhardt    ,        50,        45,    95
2026.07.08,20:30        ,20:45       ,Erhardt    ,        44,        44,    88
2026.07.08,20:45        ,21:00       ,Erhardt    ,        27,        44,    71
2026.07.08,21:00        ,21:15       ,Erhardt    ,        58,        36,    94
2026.07.08,21:15        ,21:30       ,Erhardt    ,        37,        35,    72
2026.07.08,21:30        ,21:45       ,Erhardt    ,        40,        41,    81
2026.07.08,21:45        ,22:00       ,Erhardt    ,        38,        29,    67
2026.07.08,22:00        ,22:15       ,Erhardt    ,        44,        39,    83
2026.07.08,22:15        ,22:30       ,Erhardt    ,        56,        24,    80
2026.07.08,22:30        ,22:45       ,Erhardt    ,        42,        34,    76
2026.07.08,22:45        ,23:00       ,Erhardt    ,        37,        33,    70
2026.07.08,23:00        ,23:15       ,Erhardt    ,        26,        26,    52
2026.07.08,23:15        ,23:30       ,Erhardt    ,        21,        18,    39
2026.07.08,23:30        ,23:45       ,Erhardt    ,        15,         9,    24
2026.07.08,23:45        ,00:00       ,Erhardt    ,        10,         7,    17
2026.07.09,00:00        ,00:15       ,Erhardt    ,        14,         9,    23
2026.07.09,00:15        ,00:30       ,Erhardt    ,         8,         5,    13
2026.07.09,00:30        ,00:45       ,Erhardt    ,         7,         3,    10
2026.07.09,00:45        ,01:00       ,Erhardt    ,         5,         6,    11
2026.07.09,01:00        ,01:15       ,Erhardt    ,         4,         5,     9
2026.07.09,01:15        ,01:30       ,Erhardt    ,         2,         5,     7
2026.07.09,01:30        ,01:45       ,Erhardt    ,         2,         1,     3
2026.07.09,01:45        ,02:00       ,Erhardt    ,         3,         2,     5
2026.07.09,02:00        ,02:15       ,Erhardt    ,         0,         0,     0
2026.07.09,02:15        ,02:30       ,Erhardt    ,         0,         1,     1
2026.07.09,02:30        ,02:45       ,Erhardt    ,         1,         0,     1
2026.07.09,02:45        ,03:00       ,Erhardt    ,         0,         0,     0
2026.07.09,03:00        ,03:15       ,Erhardt    ,         0,         1,     1
2026.07.09,03:15        ,03:30       ,Erhardt    ,         0,         1,     1
2026.07.09,03:30        ,03:45       ,Erhardt    ,         0,         0,     0
2026.07.09,03:45        ,04:00       ,Erhardt    ,         2,         1,     3
2026.07.09,04:00        ,04:15       ,Erhardt    ,         1,         2,     3
2026.07.09,04:15        ,04:30       ,Erhardt    ,         2,         0,     2
2026.07.09,04:30        ,04:45       ,Erhardt    ,         1,         0,     1
2026.07.09,04:45        ,05:00       ,Erhardt    ,         2,         0,     2
2026.07.09,05:00        ,05:15       ,Erhardt    ,         2,         1,     3
2026.07.09,05:15        ,05:30       ,Erhardt    ,         3,         2,     5
2026.07.09,05:30        ,05:45       ,Erhardt    ,         8,        11,    19
2026.07.09,05:45        ,06:00       ,Erhardt    ,         9,         9,    18
2026.07.09,06:00        ,06:15       ,Erhardt    ,        18,        12,    30
2026.07.09,06:15        ,06:30       ,Erhardt    ,        13,        11,    24
2026.07.09,06:30        ,06:45       ,Erhardt    ,        25,        13,    38
2026.07.09,06:45        ,07:00       ,Erhardt    ,        36,        35,    71
2026.07.09,07:00        ,07:15       ,Erhardt    ,        67,        35,   102
2026.07.09,07:15        ,07:30       ,Erhardt    ,        60,        49,   109
2026.07.09,07:30        ,07:45       ,Erhardt    ,        94,        52,   146
2026.07.09,07:45        ,08:00       ,Erhardt    ,        97,        82,   179
2026.07.09,08:00        ,08:15       ,Erhardt    ,       113,        78,   191
2026.07.09,08:15        ,08:30       ,Erhardt    ,       135,        89,   224
2026.07.09,08:30        ,08:45       ,Erhardt    ,       113,       106,   219
2026.07.09,08:45        ,09:00       ,Erhardt    ,        96,       107,   203
2026.07.09,09:00        ,09:15       ,Erhardt    ,        77,        63,   140
2026.07.09,09:15        ,09:30       ,Erhardt    ,        55,        48,   103
2026.07.09,09:30        ,09:45       ,Erhardt    ,        59,        58,   117
2026.07.09,09:45        ,10:00       ,Erhardt    ,        48,        58,   106
2026.07.09,10:00        ,10:15       ,Erhardt    ,        43,        39,    82
2026.07.09,10:15        ,10:30       ,Erhardt    ,        39,        42,    81
2026.07.09,10:30        ,10:45       ,Erhardt    ,        33,        39,    72
2026.07.09,10:45        ,11:00       ,Erhardt    ,        39,        36,    75
2026.07.09,11:00        ,11:15       ,Erhardt    ,        40,        31,    71
2026.07.09,11:15        ,11:30       ,Erhardt    ,        41,        50,    91
2026.07.09,11:30        ,11:45       ,Erhardt    ,        40,        46,    86
2026.07.09,11:45        ,12:00       ,Erhardt    ,        44,        44,    88
2026.07.09,12:00        ,12:15       ,Erhardt    ,        49,        31,    80
2026.07.09,12:15        ,12:30       ,Erhardt    ,        53,        52,   105
2026.07.09,12:30        ,12:45       ,Erhardt    ,        38,        32,    70
2026.07.09,12:45        ,13:00       ,Erhardt    ,        43,        41,    84
2026.07.09,13:00        ,13:15       ,Erhardt    ,        45,        38,    83
2026.07.09,13:15        ,13:30       ,Erhardt    ,        67,        54,   121
2026.07.09,13:30        ,13:45       ,Erhardt    ,        60,        39,    99
2026.07.09,13:45        ,14:00       ,Erhardt    ,        62,        46,   108
2026.07.09,14:00        ,14:15       ,Erhardt    ,        60,        52,   112
2026.07.09,14:15        ,14:30       ,Erhardt    ,        51,        50,   101
2026.07.09,14:30        ,14:45       ,Erhardt    ,        58,        48,   106
2026.07.09,14:45        ,15:00       ,Erhardt    ,        62,        35,    97
2026.07.09,15:00        ,15:15       ,Erhardt    ,        77,        45,   122
2026.07.09,15:15        ,15:30       ,Erhardt    ,        75,        58,   133
2026.07.09,15:30        ,15:45       ,Erhardt    ,        77,        54,   131
2026.07.09,15:45        ,16:00       ,Erhardt    ,       114,        62,   176
2026.07.09,16:00        ,16:15       ,Erhardt    ,        61,        48,   109
2026.07.09,16:15        ,16:30       ,Erhardt    ,        92,        82,   174
2026.07.09,16:30        ,16:45       ,Erhardt    ,       111,        65,   176
2026.07.09,16:45        ,17:00       ,Erhardt    ,       119,        73,   192
2026.07.09,17:00        ,17:15       ,Erhardt    ,       109,        84,   193
2026.07.09,17:15        ,17:30       ,Erhardt    ,       138,        85,   223
2026.07.09,17:30        ,17:45       ,Erhardt    ,       142,        66,   208
2026.07.09,17:45        ,18:00       ,Erhardt    ,       158,       120,   278
2026.07.09,18:00        ,18:15       ,Erhardt    ,       193,        84,   277
2026.07.09,18:15        ,18:30       ,Erhardt    ,       177,       121,   298
2026.07.09,18:30        ,18:45       ,Erhardt    ,       158,       116,   274
2026.07.09,18:45        ,19:00       ,Erhardt    ,       111,       108,   219
2026.07.09,19:00        ,19:15       ,Erhardt    ,       145,       104,   249
2026.07.09,19:15        ,19:30       ,Erhardt    ,       100,        95,   195
2026.07.09,19:30        ,19:45       ,Erhardt    ,        83,        89,   172
2026.07.09,19:45        ,20:00       ,Erhardt    ,        82,        78,   160
2026.07.09,20:00        ,20:15       ,Erhardt    ,        77,        66,   143
2026.07.09,20:15        ,20:30       ,Erhardt    ,        61,        53,   114
2026.07.09,20:30        ,20:45       ,Erhardt    ,        62,        56,   118
2026.07.09,20:45        ,21:00       ,Erhardt    ,        61,        60,   121
2026.07.09,21:00        ,21:15       ,Erhardt    ,        68,        59,   127
2026.07.09,21:15        ,21:30       ,Erhardt    ,        61,        57,   118
2026.07.09,21:30        ,21:45       ,Erhardt    ,        51,        47,    98
2026.07.09,21:45        ,22:00       ,Erhardt    ,        65,        56,   121
2026.07.09,22:00        ,22:15       ,Erhardt    ,        79,        44,   123
2026.07.09,22:15        ,22:30       ,Erhardt    ,        60,        40,   100
2026.07.09,22:30        ,22:45       ,Erhardt    ,        39,        41,    80
2026.07.09,22:45        ,23:00       ,Erhardt    ,        50,        41,    91
2026.07.09,23:00        ,23:15       ,Erhardt    ,        53,        34,    87
2026.07.09,23:15        ,23:30       ,Erhardt    ,        29,        17,    46
2026.07.09,23:30        ,23:45       ,Erhardt    ,        19,        20,    39
2026.07.09,23:45        ,00:00       ,Erhardt    ,        35,        16,    51
2026.07.10,00:00        ,00:15       ,Erhardt    ,        18,        22,    40
2026.07.10,00:15        ,00:30       ,Erhardt    ,        34,        21,    55
2026.07.10,00:30        ,00:45       ,Erhardt    ,        11,        12,    23
2026.07.10,00:45        ,01:00       ,Erhardt    ,        11,        10,    21
2026.07.10,01:00        ,01:15       ,Erhardt    ,         6,         9,    15
2026.07.10,01:15        ,01:30       ,Erhardt    ,         5,         2,     7
2026.07.10,01:30        ,01:45       ,Erhardt    ,         2,         6,     8
2026.07.10,01:45        ,02:00       ,Erhardt    ,         0,         2,     2
2026.07.10,02:00        ,02:15       ,Erhardt    ,         2,         2,     4
2026.07.10,02:15        ,02:30       ,Erhardt    ,         4,         2,     6
2026.07.10,02:30        ,02:45       ,Erhardt    ,         1,         3,     4
2026.07.10,02:45        ,03:00       ,Erhardt    ,         2,         0,     2
2026.07.10,03:00        ,03:15       ,Erhardt    ,         1,         1,     2
2026.07.10,03:15        ,03:30       ,Erhardt    ,         0,         2,     2
2026.07.10,03:30        ,03:45       ,Erhardt    ,         1,         0,     1
2026.07.10,03:45        ,04:00       ,Erhardt    ,         1,         0,     1
2026.07.10,04:00        ,04:15       ,Erhardt    ,         0,         2,     2
2026.07.10,04:15        ,04:30       ,Erhardt    ,         0,         0,     0
2026.07.10,04:30        ,04:45       ,Erhardt    ,         1,         1,     2
2026.07.10,04:45        ,05:00       ,Erhardt    ,         1,         1,     2
2026.07.10,05:00        ,05:15       ,Erhardt    ,         2,         2,     4
2026.07.10,05:15        ,05:30       ,Erhardt    ,         4,         3,     7
2026.07.10,05:30        ,05:45       ,Erhardt    ,        10,        12,    22
2026.07.10,05:45        ,06:00       ,Erhardt    ,        11,         9,    20
2026.07.10,06:00        ,06:15       ,Erhardt    ,        15,         6,    21
2026.07.10,06:15        ,06:30       ,Erhardt    ,        18,        12,    30
2026.07.10,06:30        ,06:45       ,Erhardt    ,        15,        24,    39
2026.07.10,06:45        ,07:00       ,Erhardt    ,        28,        15,    43
2026.07.10,07:00        ,07:15       ,Erhardt    ,        29,        35,    64
2026.07.10,07:15        ,07:30       ,Erhardt    ,        51,        32,    83
2026.07.10,07:30        ,07:45       ,Erhardt    ,        57,        55,   112
2026.07.10,07:45        ,08:00       ,Erhardt    ,        93,        54,   147
2026.07.10,08:00        ,08:15       ,Erhardt    ,        75,        67,   142
2026.07.10,08:15        ,08:30       ,Erhardt    ,        92,        57,   149
2026.07.10,08:30        ,08:45       ,Erhardt    ,       113,        70,   183
2026.07.10,08:45        ,09:00       ,Erhardt    ,        83,        72,   155
2026.07.10,09:00        ,09:15       ,Erhardt    ,        54,        42,    96
2026.07.10,09:15        ,09:30       ,Erhardt    ,        50,        44,    94
2026.07.10,09:30        ,09:45       ,Erhardt    ,        52,        60,   112
2026.07.10,09:45        ,10:00       ,Erhardt    ,        53,        45,    98
2026.07.10,10:00        ,10:15       ,Erhardt    ,        53,        30,    83
2026.07.10,10:15        ,10:30       ,Erhardt    ,        40,        38,    78
2026.07.10,10:30        ,10:45       ,Erhardt    ,        56,        49,   105
2026.07.10,10:45        ,11:00       ,Erhardt    ,        55,        43,    98
2026.07.10,11:00        ,11:15       ,Erhardt    ,        26,        26,    52
2026.07.10,11:15        ,11:30       ,Erhardt    ,        60,        41,   101
2026.07.10,11:30        ,11:45       ,Erhardt    ,        47,        32,    79
2026.07.10,11:45        ,12:00       ,Erhardt    ,        65,        34,    99
2026.07.10,12:00        ,12:15       ,Erhardt    ,        63,        44,   107
2026.07.10,12:15        ,12:30       ,Erhardt    ,        61,        42,   103
2026.07.10,12:30        ,12:45       ,Erhardt    ,        45,        55,   100
2026.07.10,12:45        ,13:00       ,Erhardt    ,        67,        45,   112
2026.07.10,13:00        ,13:15       ,Erhardt    ,        48,        28,    76
2026.07.10,13:15        ,13:30       ,Erhardt    ,        59,        40,    99
2026.07.10,13:30        ,13:45       ,Erhardt    ,        63,        37,   100
2026.07.10,13:45        ,14:00       ,Erhardt    ,        56,        42,    98
2026.07.10,14:00        ,14:15       ,Erhardt    ,        63,        41,   104
2026.07.10,14:15        ,14:30       ,Erhardt    ,        77,        37,   114
2026.07.10,14:30        ,14:45       ,Erhardt    ,        98,        64,   162
2026.07.10,14:45        ,15:00       ,Erhardt    ,        95,        62,   157
2026.07.10,15:00        ,15:15       ,Erhardt    ,        70,        48,   118
2026.07.10,15:15        ,15:30       ,Erhardt    ,        84,        47,   131
2026.07.10,15:30        ,15:45       ,Erhardt    ,        89,        46,   135
2026.07.10,15:45        ,16:00       ,Erhardt    ,       117,        53,   170
2026.07.10,16:00        ,16:15       ,Erhardt    ,        88,        78,   166
2026.07.10,16:15        ,16:30       ,Erhardt    ,       104,        55,   159
2026.07.10,16:30        ,16:45       ,Erhardt    ,       116,        53,   169
2026.07.10,16:45        ,17:00       ,Erhardt    ,       104,        64,   168
2026.07.10,17:00        ,17:15       ,Erhardt    ,        84,        78,   162
2026.07.10,17:15        ,17:30       ,Erhardt    ,        96,        69,   165
2026.07.10,17:30        ,17:45       ,Erhardt    ,       115,        80,   195
2026.07.10,17:45        ,18:00       ,Erhardt    ,       122,        72,   194
2026.07.10,18:00        ,18:15       ,Erhardt    ,       114,       122,   236
2026.07.10,18:15        ,18:30       ,Erhardt    ,       130,        93,   223
2026.07.10,18:30        ,18:45       ,Erhardt    ,       114,       101,   215
2026.07.10,18:45        ,19:00       ,Erhardt    ,       105,        98,   203
2026.07.10,19:00        ,19:15       ,Erhardt    ,       122,        93,   215
2026.07.10,19:15        ,19:30       ,Erhardt    ,       109,       101,   210
2026.07.10,19:30        ,19:45       ,Erhardt    ,        79,        94,   173
2026.07.10,19:45        ,20:00       ,Erhardt    ,        77,        96,   173
2026.07.10,20:00        ,20:15       ,Erhardt    ,        76,        82,   158
2026.07.10,20:15        ,20:30       ,Erhardt    ,        60,        63,   123
2026.07.10,20:30        ,20:45       ,Erhardt    ,        52,        64,   116
2026.07.10,20:45        ,21:00       ,Erhardt    ,        54,        51,   105
2026.07.10,21:00        ,21:15       ,Erhardt    ,        50,        37,    87
2026.07.10,21:15        ,21:30       ,Erhardt    ,        55,        51,   106
2026.07.10,21:30        ,21:45       ,Erhardt    ,        53,        35,    88
2026.07.10,21:45        ,22:00       ,Erhardt    ,        35,        48,    83
2026.07.10,22:00        ,22:15       ,Erhardt    ,        38,        45,    83
2026.07.10,22:15        ,22:30       ,Erhardt    ,        53,        46,    99
2026.07.10,22:30        ,22:45       ,Erhardt    ,        44,        32,    76
2026.07.10,22:45        ,23:00       ,Erhardt    ,        53,        48,   101
2026.07.10,23:00        ,23:15       ,Erhardt    ,        49,        42,    91
2026.07.10,23:15        ,23:30       ,Erhardt    ,        34,        42,    76
2026.07.10,23:30        ,23:45       ,Erhardt    ,        41,        37,    78
2026.07.10,23:45        ,00:00       ,Erhardt    ,        54,        40,    94
2026.07.11,00:00        ,00:15       ,Erhardt    ,        41,        25,    66
2026.07.11,00:15        ,00:30       ,Erhardt    ,        24,        42,    66
2026.07.11,00:30        ,00:45       ,Erhardt    ,        25,        21,    46
2026.07.11,00:45        ,01:00       ,Erhardt    ,        17,        22,    39
2026.07.11,01:00        ,01:15       ,Erhardt    ,         6,        15,    21
2026.07.11,01:15        ,01:30       ,Erhardt    ,        12,        15,    27
2026.07.11,01:30        ,01:45       ,Erhardt    ,        16,        11,    27
2026.07.11,01:45        ,02:00       ,Erhardt    ,        10,         6,    16
2026.07.11,02:00        ,02:15       ,Erhardt    ,         6,        11,    17
2026.07.11,02:15        ,02:30       ,Erhardt    ,        11,         6,    17
2026.07.11,02:30        ,02:45       ,Erhardt    ,         5,         6,    11
2026.07.11,02:45        ,03:00       ,Erhardt    ,         7,         2,     9
2026.07.11,03:00        ,03:15       ,Erhardt    ,         2,         4,     6
2026.07.11,03:15        ,03:30       ,Erhardt    ,         0,         0,     0
2026.07.11,03:30        ,03:45       ,Erhardt    ,         3,         6,     9
2026.07.11,03:45        ,04:00       ,Erhardt    ,         1,         4,     5
2026.07.11,04:00        ,04:15       ,Erhardt    ,         0,         2,     2
2026.07.11,04:15        ,04:30       ,Erhardt    ,         1,         0,     1
2026.07.11,04:30        ,04:45       ,Erhardt    ,         3,         5,     8
2026.07.11,04:45        ,05:00       ,Erhardt    ,         2,         1,     3
2026.07.11,05:00        ,05:15       ,Erhardt    ,         1,         1,     2
2026.07.11,05:15        ,05:30       ,Erhardt    ,         2,         4,     6
2026.07.11,05:30        ,05:45       ,Erhardt    ,         3,         2,     5
2026.07.11,05:45        ,06:00       ,Erhardt    ,         3,         4,     7
2026.07.11,06:00        ,06:15       ,Erhardt    ,         4,         2,     6
2026.07.11,06:15        ,06:30       ,Erhardt    ,         3,         2,     5
2026.07.11,06:30        ,06:45       ,Erhardt    ,         8,         1,     9
2026.07.11,06:45        ,07:00       ,Erhardt    ,         4,         2,     6
2026.07.11,07:00        ,07:15       ,Erhardt    ,         6,         6,    12
2026.07.11,07:15        ,07:30       ,Erhardt    ,         6,         4,    10
2026.07.11,07:30        ,07:45       ,Erhardt    ,        11,        10,    21
2026.07.11,07:45        ,08:00       ,Erhardt    ,        19,         5,    24
2026.07.11,08:00        ,08:15       ,Erhardt    ,        22,        12,    34
2026.07.11,08:15        ,08:30       ,Erhardt    ,        26,        24,    50
2026.07.11,08:30        ,08:45       ,Erhardt    ,        37,        24,    61
2026.07.11,08:45        ,09:00       ,Erhardt    ,        68,        38,   106
2026.07.11,09:00        ,09:15       ,Erhardt    ,        41,        22,    63
2026.07.11,09:15        ,09:30       ,Erhardt    ,        47,        29,    76
2026.07.11,09:30        ,09:45       ,Erhardt    ,        53,        49,   102
2026.07.11,09:45        ,10:00       ,Erhardt    ,        85,        54,   139
2026.07.11,10:00        ,10:15       ,Erhardt    ,        63,        53,   116
2026.07.11,10:15        ,10:30       ,Erhardt    ,        65,        44,   109
2026.07.11,10:30        ,10:45       ,Erhardt    ,        54,        51,   105
2026.07.11,10:45        ,11:00       ,Erhardt    ,        57,        43,   100
2026.07.11,11:00        ,11:15       ,Erhardt    ,        55,        61,   116
2026.07.11,11:15        ,11:30       ,Erhardt    ,        57,        58,   115
2026.07.11,11:30        ,11:45       ,Erhardt    ,        67,        72,   139
2026.07.11,11:45        ,12:00       ,Erhardt    ,        57,        54,   111
2026.07.11,12:00        ,12:15       ,Erhardt    ,        55,        71,   126
2026.07.11,12:15        ,12:30       ,Erhardt    ,        64,        72,   136
2026.07.11,12:30        ,12:45       ,Erhardt    ,        79,        67,   146
2026.07.11,12:45        ,13:00       ,Erhardt    ,        63,        62,   125
2026.07.11,13:00        ,13:15       ,Erhardt    ,        53,        69,   122
2026.07.11,13:15        ,13:30       ,Erhardt    ,        74,        62,   136
2026.07.11,13:30        ,13:45       ,Erhardt    ,        76,        85,   161
2026.07.11,13:45        ,14:00       ,Erhardt    ,        85,        92,   177
2026.07.11,14:00        ,14:15       ,Erhardt    ,        89,        83,   172
2026.07.11,14:15        ,14:30       ,Erhardt    ,        67,        57,   124
2026.07.11,14:30        ,14:45       ,Erhardt    ,        60,        83,   143
2026.07.11,14:45        ,15:00       ,Erhardt    ,        92,       103,   195
2026.07.11,15:00        ,15:15       ,Erhardt    ,        89,        72,   161
2026.07.11,15:15        ,15:30       ,Erhardt    ,        79,       105,   184
2026.07.11,15:30        ,15:45       ,Erhardt    ,        92,        85,   177
2026.07.11,15:45        ,16:00       ,Erhardt    ,        92,        68,   160
2026.07.11,16:00        ,16:15       ,Erhardt    ,       106,        90,   196
2026.07.11,16:15        ,16:30       ,Erhardt    ,        75,        77,   152
2026.07.11,16:30        ,16:45       ,Erhardt    ,       104,        84,   188
2026.07.11,16:45        ,17:00       ,Erhardt    ,        75,        76,   151
2026.07.11,17:00        ,17:15       ,Erhardt    ,        75,        86,   161
2026.07.11,17:15        ,17:30       ,Erhardt    ,        81,        99,   180
2026.07.11,17:30        ,17:45       ,Erhardt    ,       101,        84,   185
2026.07.11,17:45        ,18:00       ,Erhardt    ,       133,        51,   184
2026.07.11,18:00        ,18:15       ,Erhardt    ,       129,        90,   219
2026.07.11,18:15        ,18:30       ,Erhardt    ,        94,        97,   191
2026.07.11,18:30        ,18:45       ,Erhardt    ,        96,        76,   172
2026.07.11,18:45        ,19:00       ,Erhardt    ,       101,        91,   192
2026.07.11,19:00        ,19:15       ,Erhardt    ,       101,       110,   211
2026.07.11,19:15        ,19:30       ,Erhardt    ,       107,        76,   183
2026.07.11,19:30        ,19:45       ,Erhardt    ,        83,        69,   152
2026.07.11,19:45        ,20:00       ,Erhardt    ,        70,        74,   144
2026.07.11,20:00        ,20:15       ,Erhardt    ,        74,        87,   161
2026.07.11,20:15        ,20:30       ,Erhardt    ,        87,        60,   147
2026.07.11,20:30        ,20:45       ,Erhardt    ,        80,        49,   129
2026.07.11,20:45        ,21:00       ,Erhardt    ,        81,        58,   139
2026.07.11,21:00        ,21:15       ,Erhardt    ,        47,        60,   107
2026.07.11,21:15        ,21:30       ,Erhardt    ,        57,        64,   121
2026.07.11,21:30        ,21:45       ,Erhardt    ,        59,        41,   100
2026.07.11,21:45        ,22:00       ,Erhardt    ,        50,        44,    94
2026.07.11,22:00        ,22:15       ,Erhardt    ,        36,        63,    99
2026.07.11,22:15        ,22:30       ,Erhardt    ,        48,        79,   127
2026.07.11,22:30        ,22:45       ,Erhardt    ,        30,        58,    88
2026.07.11,22:45        ,23:00       ,Erhardt    ,        35,        70,   105
2026.07.11,23:00        ,23:15       ,Erhardt    ,        40,        55,    95
2026.07.11,23:15        ,23:30       ,Erhardt    ,        54,        33,    87
2026.07.11,23:30        ,23:45       ,Erhardt    ,        21,        40,    61
2026.07.11,23:45        ,00:00       ,Erhardt    ,        35,        42,    77
2026.07.12,00:00        ,00:15       ,Erhardt    ,        33,        41,    74
2026.07.12,00:15        ,00:30       ,Erhardt    ,        32,        32,    64
2026.07.12,00:30        ,00:45       ,Erhardt    ,        22,        16,    38
2026.07.12,00:45        ,01:00       ,Erhardt    ,        11,        27,    38
2026.07.12,01:00        ,01:15       ,Erhardt    ,         9,        20,    29
2026.07.12,01:15        ,01:30       ,Erhardt    ,        15,        27,    42
2026.07.12,01:30        ,01:45       ,Erhardt    ,         8,        22,    30
2026.07.12,01:45        ,02:00       ,Erhardt    ,        10,        12,    22
2026.07.12,02:00        ,02:15       ,Erhardt    ,         7,        16,    23
2026.07.12,02:15        ,02:30       ,Erhardt    ,         7,        14,    21
2026.07.12,02:30        ,02:45       ,Erhardt    ,         5,         7,    12
2026.07.12,02:45        ,03:00       ,Erhardt    ,         5,        13,    18
2026.07.12,03:00        ,03:15       ,Erhardt    ,         6,         9,    15
2026.07.12,03:15        ,03:30       ,Erhardt    ,         1,         9,    10
2026.07.12,03:30        ,03:45       ,Erhardt    ,         4,         4,     8
2026.07.12,03:45        ,04:00       ,Erhardt    ,         6,         3,     9
2026.07.12,04:00        ,04:15       ,Erhardt    ,         1,         4,     5
2026.07.12,04:15        ,04:30       ,Erhardt    ,         1,         1,     2
2026.07.12,04:30        ,04:45       ,Erhardt    ,         4,         2,     6
2026.07.12,04:45        ,05:00       ,Erhardt    ,         2,         0,     2
2026.07.12,05:00        ,05:15       ,Erhardt    ,         2,         2,     4
2026.07.12,05:15        ,05:30       ,Erhardt    ,         1,         3,     4
2026.07.12,05:30        ,05:45       ,Erhardt    ,         4,         1,     5
2026.07.12,05:45        ,06:00       ,Erhardt    ,         2,         1,     3
2026.07.12,06:00        ,06:15       ,Erhardt    ,         5,         5,    10
2026.07.12,06:15        ,06:30       ,Erhardt    ,         8,         2,    10
2026.07.12,06:30        ,06:45       ,Erhardt    ,         5,         4,     9
2026.07.12,06:45        ,07:00       ,Erhardt    ,         4,         5,     9
2026.07.12,07:00        ,07:15       ,Erhardt    ,         6,         1,     7
2026.07.12,07:15        ,07:30       ,Erhardt    ,         9,         5,    14
2026.07.12,07:30        ,07:45       ,Erhardt    ,         8,        11,    19
2026.07.12,07:45        ,08:00       ,Erhardt    ,        11,         9,    20
2026.07.12,08:00        ,08:15       ,Erhardt    ,        11,        15,    26
2026.07.12,08:15        ,08:30       ,Erhardt    ,        34,         6,    40
2026.07.12,08:30        ,08:45       ,Erhardt    ,        28,        23,    51
2026.07.12,08:45        ,09:00       ,Erhardt    ,        27,        20,    47
2026.07.12,09:00        ,09:15       ,Erhardt    ,        31,        19,    50
2026.07.12,09:15        ,09:30       ,Erhardt    ,        52,        24,    76
2026.07.12,09:30        ,09:45       ,Erhardt    ,        45,        35,    80
2026.07.12,09:45        ,10:00       ,Erhardt    ,        50,        29,    79
2026.07.12,10:00        ,10:15       ,Erhardt    ,        40,        39,    79
2026.07.12,10:15        ,10:30       ,Erhardt    ,        64,        51,   115
2026.07.12,10:30        ,10:45       ,Erhardt    ,        49,        51,   100
2026.07.12,10:45        ,11:00       ,Erhardt    ,        70,        54,   124
2026.07.12,11:00        ,11:15       ,Erhardt    ,        46,        47,    93
2026.07.12,11:15        ,11:30       ,Erhardt    ,        59,        55,   114
2026.07.12,11:30        ,11:45       ,Erhardt    ,        56,        43,    99
2026.07.12,11:45        ,12:00       ,Erhardt    ,        65,        61,   126
2026.07.12,12:00        ,12:15       ,Erhardt    ,        54,        58,   112
2026.07.12,12:15        ,12:30       ,Erhardt    ,        72,        76,   148
2026.07.12,12:30        ,12:45       ,Erhardt    ,        58,        77,   135
2026.07.12,12:45        ,13:00       ,Erhardt    ,        77,        64,   141
2026.07.12,13:00        ,13:15       ,Erhardt    ,        65,        66,   131
2026.07.12,13:15        ,13:30       ,Erhardt    ,        81,        92,   173
2026.07.12,13:30        ,13:45       ,Erhardt    ,        94,        74,   168
2026.07.12,13:45        ,14:00       ,Erhardt    ,        60,        87,   147
2026.07.12,14:00        ,14:15       ,Erhardt    ,        85,       103,   188
2026.07.12,14:15        ,14:30       ,Erhardt    ,        95,        90,   185
2026.07.12,14:30        ,14:45       ,Erhardt    ,        93,        90,   183
2026.07.12,14:45        ,15:00       ,Erhardt    ,        93,        69,   162
2026.07.12,15:00        ,15:15       ,Erhardt    ,        75,        91,   166
2026.07.12,15:15        ,15:30       ,Erhardt    ,        99,        93,   192
2026.07.12,15:30        ,15:45       ,Erhardt    ,        68,        89,   157
2026.07.12,15:45        ,16:00       ,Erhardt    ,        80,        75,   155
2026.07.12,16:00        ,16:15       ,Erhardt    ,       107,        78,   185
2026.07.12,16:15        ,16:30       ,Erhardt    ,        84,        95,   179
2026.07.12,16:30        ,16:45       ,Erhardt    ,        97,        82,   179
2026.07.12,16:45        ,17:00       ,Erhardt    ,        86,        74,   160
2026.07.12,17:00        ,17:15       ,Erhardt    ,        73,        92,   165
2026.07.12,17:15        ,17:30       ,Erhardt    ,       109,        69,   178
2026.07.12,17:30        ,17:45       ,Erhardt    ,        84,       102,   186
2026.07.12,17:45        ,18:00       ,Erhardt    ,        96,       117,   213
2026.07.12,18:00        ,18:15       ,Erhardt    ,        92,        89,   181
2026.07.12,18:15        ,18:30       ,Erhardt    ,        91,        93,   184
2026.07.12,18:30        ,18:45       ,Erhardt    ,       116,        93,   209
2026.07.12,18:45        ,19:00       ,Erhardt    ,        96,       124,   220
2026.07.12,19:00        ,19:15       ,Erhardt    ,        81,        89,   170
2026.07.12,19:15        ,19:30       ,Erhardt    ,        83,        67,   150
2026.07.12,19:30        ,19:45       ,Erhardt    ,        78,        83,   161
2026.07.12,19:45        ,20:00       ,Erhardt    ,        76,        46,   122
2026.07.12,20:00        ,20:15       ,Erhardt    ,        67,        60,   127
2026.07.12,20:15        ,20:30       ,Erhardt    ,        52,        62,   114
2026.07.12,20:30        ,20:45       ,Erhardt    ,        63,        49,   112
2026.07.12,20:45        ,21:00       ,Erhardt    ,        61,        71,   132
2026.07.12,21:00        ,21:15       ,Erhardt    ,        43,        66,   109
2026.07.12,21:15        ,21:30       ,Erhardt    ,        45,        38,    83
2026.07.12,21:30        ,21:45       ,Erhardt    ,        40,        45,    85
2026.07.12,21:45        ,22:00       ,Erhardt    ,        22,        37,    59
2026.07.12,22:00        ,22:15       ,Erhardt    ,        37,        47,    84
2026.07.12,22:15        ,22:30       ,Erhardt    ,        25,        38,    63
2026.07.12,22:30        ,22:45       ,Erhardt    ,        44,        35,    79
2026.07.12,22:45        ,23:00       ,Erhardt    ,        30,        17,    47
2026.07.12,23:00        ,23:15       ,Erhardt    ,        20,        15,    35
2026.07.12,23:15        ,23:30       ,Erhardt    ,        11,        20,    31
2026.07.12,23:30        ,23:45       ,Erhardt    ,         9,        10,    19
2026.07.12,23:45        ,00:00       ,Erhardt    ,        12,         3,    15
2026.07.13,00:00        ,00:15       ,Erhardt    ,        13,         2,    15
2026.07.13,00:15        ,00:30       ,Erhardt    ,         5,         8,    13
2026.07.13,00:30        ,00:45       ,Erhardt    ,         5,         7,    12
2026.07.13,00:45        ,01:00       ,Erhardt    ,         6,         2,     8
2026.07.13,01:00        ,01:15       ,Erhardt    ,         7,         3,    10
2026.07.13,01:15        ,01:30       ,Erhardt    ,         1,         2,     3
2026.07.13,01:30        ,01:45       ,Erhardt    ,         0,         2,     2
2026.07.13,01:45        ,02:00       ,Erhardt    ,         2,         1,     3
2026.07.13,02:00        ,02:15       ,Erhardt    ,         1,         1,     2
2026.07.13,02:15        ,02:30       ,Erhardt    ,         1,         1,     2
2026.07.13,02:30        ,02:45       ,Erhardt    ,         1,         0,     1
2026.07.13,02:45        ,03:00       ,Erhardt    ,         0,         3,     3
2026.07.13,03:00        ,03:15       ,Erhardt    ,         1,         0,     1
2026.07.13,03:15        ,03:30       ,Erhardt    ,         1,         1,     2
2026.07.13,03:30        ,03:45       ,Erhardt    ,         0,         1,     1
2026.07.13,03:45        ,04:00       ,Erhardt    ,         0,         0,     0
2026.07.13,04:00        ,04:15       ,Erhardt    ,         0,         1,     1
2026.07.13,04:15        ,04:30       ,Erhardt    ,         0,         1,     1
2026.07.13,04:30        ,04:45       ,Erhardt    ,         3,         3,     6
2026.07.13,04:45        ,05:00       ,Erhardt    ,         2,         2,     4
2026.07.13,05:00        ,05:15       ,Erhardt    ,         1,         1,     2
2026.07.13,05:15        ,05:30       ,Erhardt    ,         3,         2,     5
2026.07.13,05:30        ,05:45       ,Erhardt    ,        13,        10,    23
2026.07.13,05:45        ,06:00       ,Erhardt    ,        11,        17,    28
2026.07.13,06:00        ,06:15       ,Erhardt    ,        14,        10,    24
2026.07.13,06:15        ,06:30       ,Erhardt    ,        14,        17,    31
2026.07.13,06:30        ,06:45       ,Erhardt    ,        19,        26,    45
2026.07.13,06:45        ,07:00       ,Erhardt    ,        32,        33,    65
2026.07.13,07:00        ,07:15       ,Erhardt    ,        48,        46,    94
2026.07.13,07:15        ,07:30       ,Erhardt    ,        50,        56,   106
2026.07.13,07:30        ,07:45       ,Erhardt    ,        88,        54,   142
2026.07.13,07:45        ,08:00       ,Erhardt    ,       110,        73,   183
2026.07.13,08:00        ,08:15       ,Erhardt    ,       125,        58,   183
2026.07.13,08:15        ,08:30       ,Erhardt    ,       104,        88,   192
2026.07.13,08:30        ,08:45       ,Erhardt    ,       145,        84,   229
2026.07.13,08:45        ,09:00       ,Erhardt    ,        99,        85,   184
2026.07.13,09:00        ,09:15       ,Erhardt    ,        78,        78,   156
2026.07.13,09:15        ,09:30       ,Erhardt    ,        74,        46,   120
2026.07.13,09:30        ,09:45       ,Erhardt    ,        47,        48,    95
2026.07.13,09:45        ,10:00       ,Erhardt    ,        47,        61,   108
2026.07.13,10:00        ,10:15       ,Erhardt    ,        35,        36,    71
2026.07.13,10:15        ,10:30       ,Erhardt    ,        43,        34,    77
2026.07.13,10:30        ,10:45       ,Erhardt    ,        39,        44,    83
2026.07.13,10:45        ,11:00       ,Erhardt    ,        34,        34,    68
2026.07.13,11:00        ,11:15       ,Erhardt    ,        35,        38,    73
2026.07.13,11:15        ,11:30       ,Erhardt    ,        41,        42,    83
2026.07.13,11:30        ,11:45       ,Erhardt    ,        36,        38,    74
2026.07.13,11:45        ,12:00       ,Erhardt    ,        36,        48,    84
2026.07.13,12:00        ,12:15       ,Erhardt    ,        45,        36,    81
2026.07.13,12:15        ,12:30       ,Erhardt    ,        52,        41,    93
2026.07.13,12:30        ,12:45       ,Erhardt    ,        44,        37,    81
2026.07.13,12:45        ,13:00       ,Erhardt    ,        37,        38,    75
2026.07.13,13:00        ,13:15       ,Erhardt    ,        54,        34,    88
2026.07.13,13:15        ,13:30       ,Erhardt    ,        52,        44,    96
2026.07.13,13:30        ,13:45       ,Erhardt    ,        58,        35,    93
2026.07.13,13:45        ,14:00       ,Erhardt    ,        42,        37,    79
2026.07.13,14:00        ,14:15       ,Erhardt    ,        34,        31,    65
2026.07.13,14:15        ,14:30       ,Erhardt    ,        48,        40,    88
2026.07.13,14:30        ,14:45       ,Erhardt    ,        65,        44,   109
2026.07.13,14:45        ,15:00       ,Erhardt    ,        58,        40,    98
2026.07.13,15:00        ,15:15       ,Erhardt    ,        59,        51,   110
2026.07.13,15:15        ,15:30       ,Erhardt    ,        68,        50,   118
2026.07.13,15:30        ,15:45       ,Erhardt    ,        57,        46,   103
2026.07.13,15:45        ,16:00       ,Erhardt    ,        92,        52,   144
2026.07.13,16:00        ,16:15       ,Erhardt    ,        87,        54,   141
2026.07.13,16:15        ,16:30       ,Erhardt    ,        89,        56,   145
2026.07.13,16:30        ,16:45       ,Erhardt    ,        92,        72,   164
2026.07.13,16:45        ,17:00       ,Erhardt    ,       109,        85,   194
2026.07.13,17:00        ,17:15       ,Erhardt    ,        99,        85,   184
2026.07.13,17:15        ,17:30       ,Erhardt    ,       134,        75,   209
2026.07.13,17:30        ,17:45       ,Erhardt    ,       137,        90,   227
2026.07.13,17:45        ,18:00       ,Erhardt    ,       158,       107,   265
2026.07.13,18:00        ,18:15       ,Erhardt    ,       159,        89,   248
2026.07.13,18:15        ,18:30       ,Erhardt    ,       153,       100,   253
2026.07.13,18:30        ,18:45       ,Erhardt    ,       151,        87,   238
2026.07.13,18:45        ,19:00       ,Erhardt    ,       145,        79,   224
2026.07.13,19:00        ,19:15       ,Erhardt    ,       110,        71,   181
2026.07.13,19:15        ,19:30       ,Erhardt    ,       113,        51,   164
2026.07.13,19:30        ,19:45       ,Erhardt    ,        86,        76,   162
2026.07.13,19:45        ,20:00       ,Erhardt    ,        55,        42,    97
2026.07.13,20:00        ,20:15       ,Erhardt    ,        77,        61,   138
2026.07.13,20:15        ,20:30       ,Erhardt    ,        75,        49,   124
2026.07.13,20:30        ,20:45       ,Erhardt    ,        47,        42,    89
2026.07.13,20:45        ,21:00       ,Erhardt    ,        51,        53,   104
2026.07.13,21:00        ,21:15       ,Erhardt    ,        57,        49,   106
2026.07.13,21:15        ,21:30       ,Erhardt    ,        48,        34,    82
2026.07.13,21:30        ,21:45       ,Erhardt    ,        49,        38,    87
2026.07.13,21:45        ,22:00       ,Erhardt    ,        41,        38,    79
2026.07.13,22:00        ,22:15       ,Erhardt    ,        43,        29,    72
2026.07.13,22:15        ,22:30       ,Erhardt    ,        40,        40,    80
2026.07.13,22:30        ,22:45       ,Erhardt    ,        23,        34,    57
2026.07.13,22:45        ,23:00       ,Erhardt    ,        23,        31,    54
2026.07.13,23:00        ,23:15       ,Erhardt    ,        21,        25,    46
2026.07.13,23:15        ,23:30       ,Erhardt    ,        21,        29,    50
2026.07.13,23:30        ,23:45       ,Erhardt    ,        15,        12,    27
2026.07.13,23:45        ,00:00       ,Erhardt    ,        18,        14,    32
2026.07.14,00:00        ,00:15       ,Erhardt    ,        10,         8,    18
2026.07.14,00:15        ,00:30       ,Erhardt    ,         7,        10,    17
2026.07.14,00:30        ,00:45       ,Erhardt    ,         9,         4,    13
2026.07.14,00:45        ,01:00       ,Erhardt    ,         6,         4,    10
2026.07.14,01:00        ,01:15       ,Erhardt    ,         1,         3,     4
2026.07.14,01:15        ,01:30       ,Erhardt    ,         3,         1,     4
2026.07.14,01:30        ,01:45       ,Erhardt    ,         4,         1,     5
2026.07.14,01:45        ,02:00       ,Erhardt    ,         2,         2,     4
2026.07.14,02:00        ,02:15       ,Erhardt    ,         2,         2,     4
2026.07.14,02:15        ,02:30       ,Erhardt    ,         1,         1,     2
2026.07.14,02:30        ,02:45       ,Erhardt    ,         0,         2,     2
2026.07.14,02:45        ,03:00       ,Erhardt    ,         2,         1,     3
2026.07.14,03:00        ,03:15       ,Erhardt    ,         0,         0,     0
2026.07.14,03:15        ,03:30       ,Erhardt    ,         3,         0,     3
2026.07.14,03:30        ,03:45       ,Erhardt    ,         0,         1,     1
2026.07.14,03:45        ,04:00       ,Erhardt    ,         0,         2,     2
2026.07.14,04:00        ,04:15       ,Erhardt    ,         0,         2,     2
2026.07.14,04:15        ,04:30       ,Erhardt    ,         1,         3,     4
2026.07.14,04:30        ,04:45       ,Erhardt    ,         2,         1,     3
2026.07.14,04:45        ,05:00       ,Erhardt    ,         2,         1,     3
2026.07.14,05:00        ,05:15       ,Erhardt    ,         4,         3,     7
2026.07.14,05:15        ,05:30       ,Erhardt    ,         3,         4,     7
2026.07.14,05:30        ,05:45       ,Erhardt    ,        11,        13,    24
2026.07.14,05:45        ,06:00       ,Erhardt    ,        15,         9,    24
2026.07.14,06:00        ,06:15       ,Erhardt    ,        19,         9,    28
2026.07.14,06:15        ,06:30       ,Erhardt    ,        14,         9,    23
2026.07.14,06:30        ,06:45       ,Erhardt    ,        31,        18,    49
2026.07.14,06:45        ,07:00       ,Erhardt    ,        39,        33,    72
2026.07.14,07:00        ,07:15       ,Erhardt    ,        50,        45,    95
2026.07.14,07:15        ,07:30       ,Erhardt    ,        61,        34,    95
2026.07.14,07:30        ,07:45       ,Erhardt    ,        81,        61,   142
2026.07.14,07:45        ,08:00       ,Erhardt    ,       132,        60,   192
2026.07.14,08:00        ,08:15       ,Erhardt    ,       139,        85,   224
2026.07.14,08:15        ,08:30       ,Erhardt    ,       111,        94,   205
2026.07.14,08:30        ,08:45       ,Erhardt    ,       113,        97,   210
2026.07.14,08:45        ,09:00       ,Erhardt    ,       125,        99,   224
2026.07.14,09:00        ,09:15       ,Erhardt    ,        79,        52,   131
2026.07.14,09:15        ,09:30       ,Erhardt    ,        66,        53,   119
2026.07.14,09:30        ,09:45       ,Erhardt    ,        57,        40,    97
2026.07.14,09:45        ,10:00       ,Erhardt    ,        43,        23,    66
2026.07.14,10:00        ,10:15       ,Erhardt    ,        17,        19,    36
2026.07.14,10:15        ,10:30       ,Erhardt    ,        23,        22,    45
2026.07.14,10:30        ,10:45       ,Erhardt    ,        10,        13,    23
2026.07.14,10:45        ,11:00       ,Erhardt    ,        21,        12,    33
2026.07.14,11:00        ,11:15       ,Erhardt    ,        16,        14,    30
2026.07.14,11:15        ,11:30       ,Erhardt    ,         6,        12,    18
2026.07.14,11:30        ,11:45       ,Erhardt    ,        22,        12,    34
2026.07.14,11:45        ,12:00       ,Erhardt    ,         7,        19,    26
2026.07.14,12:00        ,12:15       ,Erhardt    ,        17,        14,    31
2026.07.14,12:15        ,12:30       ,Erhardt    ,        25,        10,    35
2026.07.14,12:30        ,12:45       ,Erhardt    ,        22,        34,    56
2026.07.14,12:45        ,13:00       ,Erhardt    ,        27,        18,    45
2026.07.14,13:00        ,13:15       ,Erhardt    ,        29,        18,    47
2026.07.14,13:15        ,13:30       ,Erhardt    ,        41,        26,    67
2026.07.14,13:30        ,13:45       ,Erhardt    ,        30,        34,    64
2026.07.14,13:45        ,14:00       ,Erhardt    ,        38,        40,    78
2026.07.14,14:00        ,14:15       ,Erhardt    ,        32,        28,    60
2026.07.14,14:15        ,14:30       ,Erhardt    ,        38,        36,    74
2026.07.14,14:30        ,14:45       ,Erhardt    ,        43,        30,    73
2026.07.14,14:45        ,15:00       ,Erhardt    ,        44,        34,    78
2026.07.14,15:00        ,15:15       ,Erhardt    ,        57,        35,    92
2026.07.14,15:15        ,15:30       ,Erhardt    ,        71,        42,   113
2026.07.14,15:30        ,15:45       ,Erhardt    ,        57,        42,    99
2026.07.14,15:45        ,16:00       ,Erhardt    ,        68,        43,   111
2026.07.14,16:00        ,16:15       ,Erhardt    ,        67,        45,   112
2026.07.14,16:15        ,16:30       ,Erhardt    ,        84,        50,   134
2026.07.14,16:30        ,16:45       ,Erhardt    ,        84,        58,   142
2026.07.14,16:45        ,17:00       ,Erhardt    ,        82,        67,   149
2026.07.14,17:00        ,17:15       ,Erhardt    ,       112,        68,   180
2026.07.14,17:15        ,17:30       ,Erhardt    ,        91,        74,   165
2026.07.14,17:30        ,17:45       ,Erhardt    ,       130,        86,   216
2026.07.14,17:45        ,18:00       ,Erhardt    ,       127,        74,   201
2026.07.14,18:00        ,18:15       ,Erhardt    ,       128,        80,   208
2026.07.14,18:15        ,18:30       ,Erhardt    ,       135,       118,   253
2026.07.14,18:30        ,18:45       ,Erhardt    ,       108,        81,   189
2026.07.14,18:45        ,19:00       ,Erhardt    ,       110,        92,   202
2026.07.14,19:00        ,19:15       ,Erhardt    ,        77,        82,   159
2026.07.14,19:15        ,19:30       ,Erhardt    ,        84,        75,   159
2026.07.14,19:30        ,19:45       ,Erhardt    ,        89,        52,   141
2026.07.14,19:45        ,20:00       ,Erhardt    ,        65,        53,   118
2026.07.14,20:00        ,20:15       ,Erhardt    ,        77,        53,   130
2026.07.14,20:15        ,20:30       ,Erhardt    ,        72,        64,   136
2026.07.14,20:30        ,20:45       ,Erhardt    ,        55,        49,   104
2026.07.14,20:45        ,21:00       ,Erhardt    ,        51,        59,   110
2026.07.14,21:00        ,21:15       ,Erhardt    ,        48,        39,    87
2026.07.14,21:15        ,21:30       ,Erhardt    ,        39,        34,    73
2026.07.14,21:30        ,21:45       ,Erhardt    ,        47,        38,    85
2026.07.14,21:45        ,22:00       ,Erhardt    ,        47,        36,    83
2026.07.14,22:00        ,22:15       ,Erhardt    ,        57,        39,    96
2026.07.14,22:15        ,22:30       ,Erhardt    ,        48,        41,    89
2026.07.14,22:30        ,22:45       ,Erhardt    ,        29,        14,    43
2026.07.14,22:45        ,23:00       ,Erhardt    ,         7,         8,    15
2026.07.14,23:00        ,23:15       ,Erhardt    ,        26,        33,    59
2026.07.14,23:15        ,23:30       ,Erhardt    ,        40,        28,    68
2026.07.14,23:30        ,23:45       ,Erhardt    ,         9,        18,    27
2026.07.14,23:45        ,00:00       ,Erhardt    ,         7,         0,     7
2026.07.15,00:00        ,00:15       ,Erhardt    ,         1,         5,     6
2026.07.15,00:15        ,00:30       ,Erhardt    ,         5,         7,    12
2026.07.15,00:30        ,00:45       ,Erhardt    ,         5,         3,     8
2026.07.15,00:45        ,01:00       ,Erhardt    ,         8,         1,     9
2026.07.15,01:00        ,01:15       ,Erhardt    ,         2,         4,     6
2026.07.15,01:15        ,01:30       ,Erhardt    ,         5,         4,     9
2026.07.15,01:30        ,01:45       ,Erhardt    ,         3,         2,     5
2026.07.15,01:45        ,02:00       ,Erhardt    ,         0,         2,     2
2026.07.15,02:00        ,02:15       ,Erhardt    ,         1,         2,     3
2026.07.15,02:15        ,02:30       ,Erhardt    ,         0,         0,     0
2026.07.15,02:30        ,02:45       ,Erhardt    ,         0,         2,     2
2026.07.15,02:45        ,03:00       ,Erhardt    ,         0,         3,     3
2026.07.15,03:00        ,03:15       ,Erhardt    ,         0,         1,     1
2026.07.15,03:15        ,03:30       ,Erhardt    ,         0,         0,     0
2026.07.15,03:30        ,03:45       ,Erhardt    ,         0,         2,     2
2026.07.15,03:45        ,04:00       ,Erhardt    ,         0,         1,     1
2026.07.15,04:00        ,04:15       ,Erhardt    ,         0,         1,     1
2026.07.15,04:15        ,04:30       ,Erhardt    ,         0,         1,     1
2026.07.15,04:30        ,04:45       ,Erhardt    ,         1,         2,     3
2026.07.15,04:45        ,05:00       ,Erhardt    ,         1,         2,     3
2026.07.15,05:00        ,05:15       ,Erhardt    ,         2,         1,     3
2026.07.15,05:15        ,05:30       ,Erhardt    ,         4,         3,     7
2026.07.15,05:30        ,05:45       ,Erhardt    ,        15,         8,    23
2026.07.15,05:45        ,06:00       ,Erhardt    ,         7,         4,    11
2026.07.15,06:00        ,06:15       ,Erhardt    ,         6,         8,    14
2026.07.15,06:15        ,06:30       ,Erhardt    ,         9,         9,    18
2026.07.15,06:30        ,06:45       ,Erhardt    ,        23,        20,    43
2026.07.15,06:45        ,07:00       ,Erhardt    ,        29,        29,    58
2026.07.15,07:00        ,07:15       ,Erhardt    ,        39,        31,    70
2026.07.15,07:15        ,07:30       ,Erhardt    ,        45,        34,    79
2026.07.15,07:30        ,07:45       ,Erhardt    ,        78,        44,   122
2026.07.15,07:45        ,08:00       ,Erhardt    ,        96,        58,   154
2026.07.15,08:00        ,08:15       ,Erhardt    ,        89,        56,   145
2026.07.15,08:15        ,08:30       ,Erhardt    ,        96,        57,   153
2026.07.15,08:30        ,08:45       ,Erhardt    ,        96,       101,   197
2026.07.15,08:45        ,09:00       ,Erhardt    ,       111,        84,   195
2026.07.15,09:00        ,09:15       ,Erhardt    ,        68,        56,   124
2026.07.15,09:15        ,09:30       ,Erhardt    ,        46,        41,    87
2026.07.15,09:30        ,09:45       ,Erhardt    ,        50,        53,   103
2026.07.15,09:45        ,10:00       ,Erhardt    ,        46,        40,    86
2026.07.15,10:00        ,10:15       ,Erhardt    ,        26,        27,    53
2026.07.15,10:15        ,10:30       ,Erhardt    ,        35,        25,    60
2026.07.15,10:30        ,10:45       ,Erhardt    ,        26,        19,    45
2026.07.15,10:45        ,11:00       ,Erhardt    ,        28,        21,    49
2026.07.15,11:00        ,11:15       ,Erhardt    ,        26,        24,    50
2026.07.15,11:15        ,11:30       ,Erhardt    ,        26,        25,    51
2026.07.15,11:30        ,11:45       ,Erhardt    ,        28,        27,    55
2026.07.15,11:45        ,12:00       ,Erhardt    ,        24,        33,    57
2026.07.15,12:00        ,12:15       ,Erhardt    ,        34,        33,    67
2026.07.15,12:15        ,12:30       ,Erhardt    ,        31,        21,    52
2026.07.15,12:30        ,12:45       ,Erhardt    ,        47,        47,    94
2026.07.15,12:45        ,13:00       ,Erhardt    ,        28,        39,    67
2026.07.15,13:00        ,13:15       ,Erhardt    ,        34,        25,    59
2026.07.15,13:15        ,13:30       ,Erhardt    ,        40,        39,    79
2026.07.15,13:30        ,13:45       ,Erhardt    ,        47,        24,    71
2026.07.15,13:45        ,14:00       ,Erhardt    ,        44,        35,    79
2026.07.15,14:00        ,14:15       ,Erhardt    ,        35,        47,    82
2026.07.15,14:15        ,14:30       ,Erhardt    ,        47,        35,    82
2026.07.15,14:30        ,14:45       ,Erhardt    ,        62,        43,   105
2026.07.15,14:45        ,15:00       ,Erhardt    ,        44,        33,    77
2026.07.15,15:00        ,15:15       ,Erhardt    ,        42,        29,    71
2026.07.15,15:15        ,15:30       ,Erhardt    ,        45,        41,    86
2026.07.15,15:30        ,15:45       ,Erhardt    ,        58,        38,    96
2026.07.15,15:45        ,16:00       ,Erhardt    ,        46,        53,    99
2026.07.15,16:00        ,16:15       ,Erhardt    ,        65,        36,   101
2026.07.15,16:15        ,16:30       ,Erhardt    ,        53,        38,    91
2026.07.15,16:30        ,16:45       ,Erhardt    ,        71,        47,   118
2026.07.15,16:45        ,17:00       ,Erhardt    ,        66,        56,   122
2026.07.15,17:00        ,17:15       ,Erhardt    ,        90,        62,   152
2026.07.15,17:15        ,17:30       ,Erhardt    ,        87,        60,   147
2026.07.15,17:30        ,17:45       ,Erhardt    ,       105,        73,   178
2026.07.15,17:45        ,18:00       ,Erhardt    ,        96,        71,   167
2026.07.15,18:00        ,18:15       ,Erhardt    ,        93,        72,   165
2026.07.15,18:15        ,18:30       ,Erhardt    ,       112,        72,   184
2026.07.15,18:30        ,18:45       ,Erhardt    ,        76,        76,   152
2026.07.15,18:45        ,19:00       ,Erhardt    ,        94,        63,   157
2026.07.15,19:00        ,19:15       ,Erhardt    ,        70,        44,   114
2026.07.15,19:15        ,19:30       ,Erhardt    ,        71,        44,   115
2026.07.15,19:30        ,19:45       ,Erhardt    ,        51,        40,    91
2026.07.15,19:45        ,20:00       ,Erhardt    ,        42,        43,    85
2026.07.15,20:00        ,20:15       ,Erhardt    ,        53,        37,    90
2026.07.15,20:15        ,20:30       ,Erhardt    ,        47,        47,    94
2026.07.15,20:30        ,20:45       ,Erhardt    ,        39,        20,    59
2026.07.15,20:45        ,21:00       ,Erhardt    ,        37,        20,    57
2026.07.15,21:00        ,21:15       ,Erhardt    ,        41,        22,    63
2026.07.15,21:15        ,21:30       ,Erhardt    ,        45,        30,    75
2026.07.15,21:30        ,21:45       ,Erhardt    ,        51,        30,    81
2026.07.15,21:45        ,22:00       ,Erhardt    ,        38,        13,    51
2026.07.15,22:00        ,22:15       ,Erhardt    ,        32,        19,    51
2026.07.15,22:15        ,22:30       ,Erhardt    ,        21,        23,    44
2026.07.15,22:30        ,22:45       ,Erhardt    ,        27,        26,    53
2026.07.15,22:45        ,23:00       ,Erhardt    ,        19,        13,    32
2026.07.15,23:00        ,23:15       ,Erhardt    ,        27,        15,    42
2026.07.15,23:15        ,23:30       ,Erhardt    ,        33,        30,    63
2026.07.15,23:30        ,23:45       ,Erhardt    ,        31,        22,    53
2026.07.15,23:45        ,00:00       ,Erhardt    ,        16,        13,    29
2026.07.16,00:00        ,00:15       ,Erhardt    ,        12,         9,    21
2026.07.16,00:15        ,00:30       ,Erhardt    ,         3,         6,     9
2026.07.16,00:30        ,00:45       ,Erhardt    ,         3,         8,    11
2026.07.16,00:45        ,01:00       ,Erhardt    ,         4,         5,     9
2026.07.16,01:00        ,01:15       ,Erhardt    ,         5,         7,    12
2026.07.16,01:15        ,01:30       ,Erhardt    ,         0,         6,     6
2026.07.16,01:30        ,01:45       ,Erhardt    ,         1,         3,     4
2026.07.16,01:45        ,02:00       ,Erhardt    ,         0,         2,     2
2026.07.16,02:00        ,02:15       ,Erhardt    ,         4,         0,     4
2026.07.16,02:15        ,02:30       ,Erhardt    ,         0,         1,     1
2026.07.16,02:30        ,02:45       ,Erhardt    ,         0,         2,     2
2026.07.16,02:45        ,03:00       ,Erhardt    ,         1,         0,     1
2026.07.16,03:00        ,03:15       ,Erhardt    ,         1,         0,     1
2026.07.16,03:15        ,03:30       ,Erhardt    ,         0,         1,     1
2026.07.16,03:30        ,03:45       ,Erhardt    ,         0,         0,     0
2026.07.16,03:45        ,04:00       ,Erhardt    ,         0,         2,     2
2026.07.16,04:00        ,04:15       ,Erhardt    ,         0,         2,     2
2026.07.16,04:15        ,04:30       ,Erhardt    ,         0,         1,     1
2026.07.16,04:30        ,04:45       ,Erhardt    ,         1,         1,     2
2026.07.16,04:45        ,05:00       ,Erhardt    ,         1,         1,     2
2026.07.16,05:00        ,05:15       ,Erhardt    ,         1,         2,     3
2026.07.16,05:15        ,05:30       ,Erhardt    ,         2,         2,     4
2026.07.16,05:30        ,05:45       ,Erhardt    ,        10,         6,    16
2026.07.16,05:45        ,06:00       ,Erhardt    ,         6,        10,    16
2026.07.16,06:00        ,06:15       ,Erhardt    ,        10,         9,    19
2026.07.16,06:15        ,06:30       ,Erhardt    ,        17,         4,    21
2026.07.16,06:30        ,06:45       ,Erhardt    ,        22,        22,    44
2026.07.16,06:45        ,07:00       ,Erhardt    ,        45,        18,    63
2026.07.16,07:00        ,07:15       ,Erhardt    ,        46,        24,    70
2026.07.16,07:15        ,07:30       ,Erhardt    ,        63,        33,    96
2026.07.16,07:30        ,07:45       ,Erhardt    ,        81,        64,   145
2026.07.16,07:45        ,08:00       ,Erhardt    ,       101,        76,   177
2026.07.16,08:00        ,08:15       ,Erhardt    ,        87,        94,   181
2026.07.16,08:15        ,08:30       ,Erhardt    ,       114,        71,   185
2026.07.16,08:30        ,08:45       ,Erhardt    ,       111,       107,   218
2026.07.16,08:45        ,09:00       ,Erhardt    ,        77,       107,   184
2026.07.16,09:00        ,09:15       ,Erhardt    ,        82,        55,   137
2026.07.16,09:15        ,09:30       ,Erhardt    ,        60,        57,   117
2026.07.16,09:30        ,09:45       ,Erhardt    ,        46,        53,    99
2026.07.16,09:45        ,10:00       ,Erhardt    ,        57,        75,   132
2026.07.16,10:00        ,10:15       ,Erhardt    ,        37,        40,    77
2026.07.16,10:15        ,10:30       ,Erhardt    ,        32,        40,    72
2026.07.16,10:30        ,10:45       ,Erhardt    ,        44,        41,    85
2026.07.16,10:45        ,11:00       ,Erhardt    ,        34,        42,    76
2026.07.16,11:00        ,11:15       ,Erhardt    ,        46,        47,    93
2026.07.16,11:15        ,11:30       ,Erhardt    ,        36,        40,    76
2026.07.16,11:30        ,11:45       ,Erhardt    ,        42,        35,    77
2026.07.16,11:45        ,12:00       ,Erhardt    ,        39,        52,    91
2026.07.16,12:00        ,12:15       ,Erhardt    ,        47,        37,    84
2026.07.16,12:15        ,12:30       ,Erhardt    ,        45,        59,   104
2026.07.16,12:30        ,12:45       ,Erhardt    ,        41,        38,    79
2026.07.16,12:45        ,13:00       ,Erhardt    ,        43,        35,    78
2026.07.16,13:00        ,13:15       ,Erhardt    ,        64,        28,    92
2026.07.16,13:15        ,13:30       ,Erhardt    ,        55,        40,    95
2026.07.16,13:30        ,13:45       ,Erhardt    ,        48,        53,   101
2026.07.16,13:45        ,14:00       ,Erhardt    ,        52,        59,   111
2026.07.16,14:00        ,14:15       ,Erhardt    ,        54,        42,    96
2026.07.16,14:15        ,14:30       ,Erhardt    ,        52,        42,    94
2026.07.16,14:30        ,14:45       ,Erhardt    ,        67,        52,   119
2026.07.16,14:45        ,15:00       ,Erhardt    ,        60,        62,   122
2026.07.16,15:00        ,15:15       ,Erhardt    ,        75,        47,   122
2026.07.16,15:15        ,15:30       ,Erhardt    ,        91,        41,   132
2026.07.16,15:30        ,15:45       ,Erhardt    ,        69,        37,   106
2026.07.16,15:45        ,16:00       ,Erhardt    ,        78,        51,   129
2026.07.16,16:00        ,16:15       ,Erhardt    ,        74,        43,   117
2026.07.16,16:15        ,16:30       ,Erhardt    ,        89,        69,   158
2026.07.16,16:30        ,16:45       ,Erhardt    ,       121,        60,   181
2026.07.16,16:45        ,17:00       ,Erhardt    ,        98,        90,   188
2026.07.16,17:00        ,17:15       ,Erhardt    ,       111,        74,   185
2026.07.16,17:15        ,17:30       ,Erhardt    ,       131,        78,   209
2026.07.16,17:30        ,17:45       ,Erhardt    ,       160,        91,   251
2026.07.16,17:45        ,18:00       ,Erhardt    ,       145,       138,   283
2026.07.16,18:00        ,18:15       ,Erhardt    ,       170,        97,   267
2026.07.16,18:15        ,18:30       ,Erhardt    ,       166,       140,   306
2026.07.16,18:30        ,18:45       ,Erhardt    ,       140,       108,   248
2026.07.16,18:45        ,19:00       ,Erhardt    ,       139,       137,   276
2026.07.16,19:00        ,19:15       ,Erhardt    ,       129,       120,   249
2026.07.16,19:15        ,19:30       ,Erhardt    ,       115,        80,   195
2026.07.16,19:30        ,19:45       ,Erhardt    ,        94,       102,   196
2026.07.16,19:45        ,20:00       ,Erhardt    ,        69,        83,   152
2026.07.16,20:00        ,20:15       ,Erhardt    ,        66,        78,   144
2026.07.16,20:15        ,20:30       ,Erhardt    ,        73,        63,   136
2026.07.16,20:30        ,20:45       ,Erhardt    ,        77,        75,   152
2026.07.16,20:45        ,21:00       ,Erhardt    ,        55,        71,   126
2026.07.16,21:00        ,21:15       ,Erhardt    ,        72,        52,   124
2026.07.16,21:15        ,21:30       ,Erhardt    ,        70,        55,   125
2026.07.16,21:30        ,21:45       ,Erhardt    ,        78,        60,   138
2026.07.16,21:45        ,22:00       ,Erhardt    ,        93,        74,   167
2026.07.16,22:00        ,22:15       ,Erhardt    ,        87,        39,   126
2026.07.16,22:15        ,22:30       ,Erhardt    ,        63,        36,    99
2026.07.16,22:30        ,22:45       ,Erhardt    ,         7,        13,    20
2026.07.16,22:45        ,23:00       ,Erhardt    ,        14,        15,    29
2026.07.16,23:00        ,23:15       ,Erhardt    ,        27,        18,    45
2026.07.16,23:15        ,23:30       ,Erhardt    ,        11,        14,    25
2026.07.16,23:30        ,23:45       ,Erhardt    ,        14,        14,    28
2026.07.16,23:45        ,00:00       ,Erhardt    ,        13,        12,    25
2026.07.17,00:00        ,00:15       ,Erhardt    ,        12,        13,    25
2026.07.17,00:15        ,00:30       ,Erhardt    ,         7,        14,    21
2026.07.17,00:30        ,00:45       ,Erhardt    ,        11,         9,    20
2026.07.17,00:45        ,01:00       ,Erhardt    ,         6,         3,     9
2026.07.17,01:00        ,01:15       ,Erhardt    ,         8,         4,    12
2026.07.17,01:15        ,01:30       ,Erhardt    ,         6,         3,     9
2026.07.17,01:30        ,01:45       ,Erhardt    ,         2,         1,     3
2026.07.17,01:45        ,02:00       ,Erhardt    ,         2,         6,     8
2026.07.17,02:00        ,02:15       ,Erhardt    ,         1,         4,     5
2026.07.17,02:15        ,02:30       ,Erhardt    ,         1,         1,     2
2026.07.17,02:30        ,02:45       ,Erhardt    ,         4,         2,     6
2026.07.17,02:45        ,03:00       ,Erhardt    ,         1,         2,     3
2026.07.17,03:00        ,03:15       ,Erhardt    ,         0,         0,     0
2026.07.17,03:15        ,03:30       ,Erhardt    ,         3,         1,     4
2026.07.17,03:30        ,03:45       ,Erhardt    ,         0,         0,     0
2026.07.17,03:45        ,04:00       ,Erhardt    ,         1,         1,     2
2026.07.17,04:00        ,04:15       ,Erhardt    ,         1,         1,     2
2026.07.17,04:15        ,04:30       ,Erhardt    ,         0,         1,     1
2026.07.17,04:30        ,04:45       ,Erhardt    ,         1,         2,     3
2026.07.17,04:45        ,05:00       ,Erhardt    ,         0,         1,     1
2026.07.17,05:00        ,05:15       ,Erhardt    ,         2,         1,     3
2026.07.17,05:15        ,05:30       ,Erhardt    ,         3,         4,     7
2026.07.17,05:30        ,05:45       ,Erhardt    ,         8,         9,    17
2026.07.17,05:45        ,06:00       ,Erhardt    ,         6,        11,    17
2026.07.17,06:00        ,06:15       ,Erhardt    ,         8,         4,    12
2026.07.17,06:15        ,06:30       ,Erhardt    ,        17,         8,    25
2026.07.17,06:30        ,06:45       ,Erhardt    ,        13,        16,    29
2026.07.17,06:45        ,07:00       ,Erhardt    ,        29,        23,    52
2026.07.17,07:00        ,07:15       ,Erhardt    ,        36,        30,    66
2026.07.17,07:15        ,07:30       ,Erhardt    ,        50,        23,    73
2026.07.17,07:30        ,07:45       ,Erhardt    ,        67,        28,    95
2026.07.17,07:45        ,08:00       ,Erhardt    ,        60,        61,   121
2026.07.17,08:00        ,08:15       ,Erhardt    ,        73,        58,   131
2026.07.17,08:15        ,08:30       ,Erhardt    ,        50,        46,    96
2026.07.17,08:30        ,08:45       ,Erhardt    ,        68,        60,   128
2026.07.17,08:45        ,09:00       ,Erhardt    ,        69,        50,   119
2026.07.17,09:00        ,09:15       ,Erhardt    ,        41,        62,   103
2026.07.17,09:15        ,09:30       ,Erhardt    ,        43,        52,    95
2026.07.17,09:30        ,09:45       ,Erhardt    ,        31,        32,    63
2026.07.17,09:45        ,10:00       ,Erhardt    ,        33,        35,    68
2026.07.17,10:00        ,10:15       ,Erhardt    ,        31,        33,    64
2026.07.17,10:15        ,10:30       ,Erhardt    ,        27,        32,    59
2026.07.17,10:30        ,10:45       ,Erhardt    ,        36,        28,    64
2026.07.17,10:45        ,11:00       ,Erhardt    ,        30,        52,    82
2026.07.17,11:00        ,11:15       ,Erhardt    ,        25,        27,    52
2026.07.17,11:15        ,11:30       ,Erhardt    ,        23,        33,    56
2026.07.17,11:30        ,11:45       ,Erhardt    ,        40,        33,    73
2026.07.17,11:45        ,12:00       ,Erhardt    ,        46,        48,    94
2026.07.17,12:00        ,12:15       ,Erhardt    ,        36,        42,    78
2026.07.17,12:15        ,12:30       ,Erhardt    ,        56,        43,    99
2026.07.17,12:30        ,12:45       ,Erhardt    ,        59,        56,   115
2026.07.17,12:45        ,13:00       ,Erhardt    ,        45,        38,    83
2026.07.17,13:00        ,13:15       ,Erhardt    ,        33,        32,    65
2026.07.17,13:15        ,13:30       ,Erhardt    ,        61,        38,    99
2026.07.17,13:30        ,13:45       ,Erhardt    ,        50,        57,   107
2026.07.17,13:45        ,14:00       ,Erhardt    ,        49,        43,    92
2026.07.17,14:00        ,14:15       ,Erhardt    ,        58,        35,    93
2026.07.17,14:15        ,14:30       ,Erhardt    ,        61,        32,    93
2026.07.17,14:30        ,14:45       ,Erhardt    ,        47,        50,    97
2026.07.17,14:45        ,15:00       ,Erhardt    ,        56,        49,   105
2026.07.17,15:00        ,15:15       ,Erhardt    ,        68,        25,    93
2026.07.17,15:15        ,15:30       ,Erhardt    ,        53,        59,   112
2026.07.17,15:30        ,15:45       ,Erhardt    ,        64,        53,   117
2026.07.17,15:45        ,16:00       ,Erhardt    ,        74,        58,   132
2026.07.17,16:00        ,16:15       ,Erhardt    ,        50,        44,    94
2026.07.17,16:15        ,16:30       ,Erhardt    ,        72,        66,   138
2026.07.17,16:30        ,16:45       ,Erhardt    ,        74,        54,   128
2026.07.17,16:45        ,17:00       ,Erhardt    ,        96,        67,   163
2026.07.17,17:00        ,17:15       ,Erhardt    ,        82,        60,   142
2026.07.17,17:15        ,17:30       ,Erhardt    ,        92,        69,   161
2026.07.17,17:30        ,17:45       ,Erhardt    ,        84,        64,   148
2026.07.17,17:45        ,18:00       ,Erhardt    ,       104,        67,   171
2026.07.17,18:00        ,18:15       ,Erhardt    ,       110,        89,   199
2026.07.17,18:15        ,18:30       ,Erhardt    ,       105,        59,   164
2026.07.17,18:30        ,18:45       ,Erhardt    ,        70,        64,   134
2026.07.17,18:45        ,19:00       ,Erhardt    ,       101,        65,   166
2026.07.17,19:00        ,19:15       ,Erhardt    ,        79,        63,   142
2026.07.17,19:15        ,19:30       ,Erhardt    ,        76,        68,   144
2026.07.17,19:30        ,19:45       ,Erhardt    ,        49,        39,    88
2026.07.17,19:45        ,20:00       ,Erhardt    ,        46,        55,   101
2026.07.17,20:00        ,20:15       ,Erhardt    ,        59,        53,   112
2026.07.17,20:15        ,20:30       ,Erhardt    ,        44,        37,    81
2026.07.17,20:30        ,20:45       ,Erhardt    ,        42,        28,    70
2026.07.17,20:45        ,21:00       ,Erhardt    ,        18,        27,    45
2026.07.17,21:00        ,21:15       ,Erhardt    ,        32,        41,    73
2026.07.17,21:15        ,21:30       ,Erhardt    ,        31,        24,    55
2026.07.17,21:30        ,21:45       ,Erhardt    ,        35,        25,    60
2026.07.17,21:45        ,22:00       ,Erhardt    ,        23,        19,    42
2026.07.17,22:00        ,22:15       ,Erhardt    ,        38,        29,    67
2026.07.17,22:15        ,22:30       ,Erhardt    ,        44,        32,    76
2026.07.17,22:30        ,22:45       ,Erhardt    ,        34,        30,    64
2026.07.17,22:45        ,23:00       ,Erhardt    ,        27,        21,    48
2026.07.17,23:00        ,23:15       ,Erhardt    ,        16,        37,    53
2026.07.17,23:15        ,23:30       ,Erhardt    ,        19,        34,    53
2026.07.17,23:30        ,23:45       ,Erhardt    ,        24,        22,    46
2026.07.17,23:45        ,00:00       ,Erhardt    ,        34,        16,    50
2026.07.18,00:00        ,00:15       ,Erhardt    ,        21,        18,    39
2026.07.18,00:15        ,00:30       ,Erhardt    ,        27,        27,    54
2026.07.18,00:30        ,00:45       ,Erhardt    ,        19,        16,    35
2026.07.18,00:45        ,01:00       ,Erhardt    ,        13,        19,    32
2026.07.18,01:00        ,01:15       ,Erhardt    ,        16,        13,    29
2026.07.18,01:15        ,01:30       ,Erhardt    ,         6,        14,    20
2026.07.18,01:30        ,01:45       ,Erhardt    ,         9,         4,    13
2026.07.18,01:45        ,02:00       ,Erhardt    ,         4,         9,    13
2026.07.18,02:00        ,02:15       ,Erhardt    ,         4,         8,    12
2026.07.18,02:15        ,02:30       ,Erhardt    ,         7,         4,    11
2026.07.18,02:30        ,02:45       ,Erhardt    ,         3,         5,     8
2026.07.18,02:45        ,03:00       ,Erhardt    ,         4,         3,     7
2026.07.18,03:00        ,03:15       ,Erhardt    ,         2,         6,     8
2026.07.18,03:15        ,03:30       ,Erhardt    ,         3,         2,     5
2026.07.18,03:30        ,03:45       ,Erhardt    ,         0,         3,     3
2026.07.18,03:45        ,04:00       ,Erhardt    ,         1,         4,     5
2026.07.18,04:00        ,04:15       ,Erhardt    ,         2,         2,     4
2026.07.18,04:15        ,04:30       ,Erhardt    ,         7,         3,    10
2026.07.18,04:30        ,04:45       ,Erhardt    ,         5,         5,    10
2026.07.18,04:45        ,05:00       ,Erhardt    ,         1,         0,     1
2026.07.18,05:00        ,05:15       ,Erhardt    ,         1,         3,     4
2026.07.18,05:15        ,05:30       ,Erhardt    ,         1,         4,     5
2026.07.18,05:30        ,05:45       ,Erhardt    ,         1,         0,     1
2026.07.18,05:45        ,06:00       ,Erhardt    ,         2,         4,     6
2026.07.18,06:00        ,06:15       ,Erhardt    ,         2,         4,     6
2026.07.18,06:15        ,06:30       ,Erhardt    ,         2,         3,     5
2026.07.18,06:30        ,06:45       ,Erhardt    ,         3,         8,    11
2026.07.18,06:45        ,07:00       ,Erhardt    ,         3,         4,     7
2026.07.18,07:00        ,07:15       ,Erhardt    ,         9,         6,    15
2026.07.18,07:15        ,07:30       ,Erhardt    ,        12,         7,    19
2026.07.18,07:30        ,07:45       ,Erhardt    ,        12,         9,    21
2026.07.18,07:45        ,08:00       ,Erhardt    ,        11,        14,    25
2026.07.18,08:00        ,08:15       ,Erhardt    ,        12,         6,    18
2026.07.18,08:15        ,08:30       ,Erhardt    ,        23,        20,    43
2026.07.18,08:30        ,08:45       ,Erhardt    ,        24,        18,    42
2026.07.18,08:45        ,09:00       ,Erhardt    ,        30,        25,    55
2026.07.18,09:00        ,09:15       ,Erhardt    ,        44,        27,    71
2026.07.18,09:15        ,09:30       ,Erhardt    ,        35,        33,    68
2026.07.18,09:30        ,09:45       ,Erhardt    ,        55,        35,    90
2026.07.18,09:45        ,10:00       ,Erhardt    ,        46,        42,    88
2026.07.18,10:00        ,10:15       ,Erhardt    ,        56,        30,    86
2026.07.18,10:15        ,10:30       ,Erhardt    ,        46,        39,    85
2026.07.18,10:30        ,10:45       ,Erhardt    ,        50,        40,    90
2026.07.18,10:45        ,11:00       ,Erhardt    ,        57,        62,   119
2026.07.18,11:00        ,11:15       ,Erhardt    ,        47,        51,    98
2026.07.18,11:15        ,11:30       ,Erhardt    ,        57,        52,   109
2026.07.18,11:30        ,11:45       ,Erhardt    ,        73,        47,   120
2026.07.18,11:45        ,12:00       ,Erhardt    ,        63,        66,   129
2026.07.18,12:00        ,12:15       ,Erhardt    ,        42,        55,    97
2026.07.18,12:15        ,12:30       ,Erhardt    ,        70,        49,   119
2026.07.18,12:30        ,12:45       ,Erhardt    ,        64,        70,   134
2026.07.18,12:45        ,13:00       ,Erhardt    ,        33,        57,    90
2026.07.18,13:00        ,13:15       ,Erhardt    ,        43,        50,    93
2026.07.18,13:15        ,13:30       ,Erhardt    ,        59,        61,   120
2026.07.18,13:30        ,13:45       ,Erhardt    ,        61,        74,   135
2026.07.18,13:45        ,14:00       ,Erhardt    ,        70,        67,   137
2026.07.18,14:00        ,14:15       ,Erhardt    ,        62,        56,   118
2026.07.18,14:15        ,14:30       ,Erhardt    ,        53,        68,   121
2026.07.18,14:30        ,14:45       ,Erhardt    ,        63,        80,   143
2026.07.18,14:45        ,15:00       ,Erhardt    ,        58,        45,   103
2026.07.18,15:00        ,15:15       ,Erhardt    ,        19,        54,    73
2026.07.18,15:15        ,15:30       ,Erhardt    ,        64,        51,   115
2026.07.18,15:30        ,15:45       ,Erhardt    ,        52,        46,    98
2026.07.18,15:45        ,16:00       ,Erhardt    ,        37,        34,    71
2026.07.18,16:00        ,16:15       ,Erhardt    ,        30,        39,    69
2026.07.18,16:15        ,16:30       ,Erhardt    ,        39,        45,    84
2026.07.18,16:30        ,16:45       ,Erhardt    ,        34,        44,    78
2026.07.18,16:45        ,17:00       ,Erhardt    ,        39,        59,    98
2026.07.18,17:00        ,17:15       ,Erhardt    ,        52,        62,   114
2026.07.18,17:15        ,17:30       ,Erhardt    ,        45,        55,   100
2026.07.18,17:30        ,17:45       ,Erhardt    ,        73,        52,   125
2026.07.18,17:45        ,18:00       ,Erhardt    ,        55,        53,   108
2026.07.18,18:00        ,18:15       ,Erhardt    ,        55,        53,   108
2026.07.18,18:15        ,18:30       ,Erhardt    ,        54,        40,    94
2026.07.18,18:30        ,18:45       ,Erhardt    ,        72,        49,   121
2026.07.18,18:45        ,19:00       ,Erhardt    ,        40,        65,   105
2026.07.18,19:00        ,19:15       ,Erhardt    ,        39,        42,    81
2026.07.18,19:15        ,19:30       ,Erhardt    ,        37,        45,    82
2026.07.18,19:30        ,19:45       ,Erhardt    ,        42,        45,    87
2026.07.18,19:45        ,20:00       ,Erhardt    ,        46,        34,    80
2026.07.18,20:00        ,20:15       ,Erhardt    ,        25,        31,    56
2026.07.18,20:15        ,20:30       ,Erhardt    ,        25,        29,    54
2026.07.18,20:30        ,20:45       ,Erhardt    ,        25,        31,    56
2026.07.18,20:45        ,21:00       ,Erhardt    ,        43,        44,    87
2026.07.18,21:00        ,21:15       ,Erhardt    ,        38,        38,    76
2026.07.18,21:15        ,21:30       ,Erhardt    ,        32,        20,    52
2026.07.18,21:30        ,21:45       ,Erhardt    ,        27,        37,    64
2026.07.18,21:45        ,22:00       ,Erhardt    ,        28,        28,    56
2026.07.18,22:00        ,22:15       ,Erhardt    ,        20,        21,    41
2026.07.18,22:15        ,22:30       ,Erhardt    ,        30,        29,    59
2026.07.18,22:30        ,22:45       ,Erhardt    ,        29,        30,    59
2026.07.18,22:45        ,23:00       ,Erhardt    ,        15,        33,    48
2026.07.18,23:00        ,23:15       ,Erhardt    ,        34,        22,    56
2026.07.18,23:15        ,23:30       ,Erhardt    ,        24,        15,    39
2026.07.18,23:30        ,23:45       ,Erhardt    ,        27,        22,    49
2026.07.18,23:45        ,00:00       ,Erhardt    ,        26,        17,    43
2026.07.19,00:00        ,00:15       ,Erhardt    ,        18,        17,    35
2026.07.19,00:15        ,00:30       ,Erhardt    ,        16,        23,    39
2026.07.19,00:30        ,00:45       ,Erhardt    ,         9,        22,    31
2026.07.19,00:45        ,01:00       ,Erhardt    ,         9,        19,    28
2026.07.19,01:00        ,01:15       ,Erhardt    ,         7,        27,    34
2026.07.19,01:15        ,01:30       ,Erhardt    ,        14,         7,    21
2026.07.19,01:30        ,01:45       ,Erhardt    ,         9,        11,    20
2026.07.19,01:45        ,02:00       ,Erhardt    ,         6,        18,    24
2026.07.19,02:00        ,02:15       ,Erhardt    ,        10,        12,    22
2026.07.19,02:15        ,02:30       ,Erhardt    ,         8,         4,    12
2026.07.19,02:30        ,02:45       ,Erhardt    ,         5,         7,    12
2026.07.19,02:45        ,03:00       ,Erhardt    ,         9,         9,    18
2026.07.19,03:00        ,03:15       ,Erhardt    ,         4,        19,    23
2026.07.19,03:15        ,03:30       ,Erhardt    ,         4,        25,    29
2026.07.19,03:30        ,03:45       ,Erhardt    ,        11,        19,    30
2026.07.19,03:45        ,04:00       ,Erhardt    ,         6,        35,    41
2026.07.19,04:00        ,04:15       ,Erhardt    ,         5,        31,    36
2026.07.19,04:15        ,04:30       ,Erhardt    ,         2,        33,    35
2026.07.19,04:30        ,04:45       ,Erhardt    ,         3,        29,    32
2026.07.19,04:45        ,05:00       ,Erhardt    ,         4,        20,    24
2026.07.19,05:00        ,05:15       ,Erhardt    ,         1,        19,    20
2026.07.19,05:15        ,05:30       ,Erhardt    ,         7,        20,    27
2026.07.19,05:30        ,05:45       ,Erhardt    ,         3,        16,    19
2026.07.19,05:45        ,06:00       ,Erhardt    ,         5,        37,    42
2026.07.19,06:00        ,06:15       ,Erhardt    ,         2,        14,    16
2026.07.19,06:15        ,06:30       ,Erhardt    ,         2,        12,    14
2026.07.19,06:30        ,06:45       ,Erhardt    ,        11,        13,    24
2026.07.19,06:45        ,07:00       ,Erhardt    ,         8,         9,    17
2026.07.19,07:00        ,07:15       ,Erhardt    ,        25,         8,    33
2026.07.19,07:15        ,07:30       ,Erhardt    ,        19,         8,    27
2026.07.19,07:30        ,07:45       ,Erhardt    ,        17,        14,    31
2026.07.19,07:45        ,08:00       ,Erhardt    ,        13,         8,    21
2026.07.19,08:00        ,08:15       ,Erhardt    ,        20,        13,    33
2026.07.19,08:15        ,08:30       ,Erhardt    ,        28,        11,    39
2026.07.19,08:30        ,08:45       ,Erhardt    ,        18,        11,    29
2026.07.19,08:45        ,09:00       ,Erhardt    ,        30,        10,    40
2026.07.19,09:00        ,09:15       ,Erhardt    ,        38,         7,    45
2026.07.19,09:15        ,09:30       ,Erhardt    ,        30,        16,    46
2026.07.19,09:30        ,09:45       ,Erhardt    ,        20,        28,    48
2026.07.19,09:45        ,10:00       ,Erhardt    ,        18,        14,    32
2026.07.19,10:00        ,10:15       ,Erhardt    ,        19,         9,    28
2026.07.19,10:15        ,10:30       ,Erhardt    ,        10,        12,    22
2026.07.19,10:30        ,10:45       ,Erhardt    ,        23,         9,    32
2026.07.19,10:45        ,11:00       ,Erhardt    ,        32,        15,    47
2026.07.19,11:00        ,11:15       ,Erhardt    ,        16,        17,    33
2026.07.19,11:15        ,11:30       ,Erhardt    ,        14,        16,    30
2026.07.19,11:30        ,11:45       ,Erhardt    ,        16,        14,    30
2026.07.19,11:45        ,12:00       ,Erhardt    ,        22,        18,    40
2026.07.19,12:00        ,12:15       ,Erhardt    ,        15,        28,    43
2026.07.19,12:15        ,12:30       ,Erhardt    ,        19,        27,    46
2026.07.19,12:30        ,12:45       ,Erhardt    ,        29,        39,    68
2026.07.19,12:45        ,13:00       ,Erhardt    ,        29,        61,    90
2026.07.19,13:00        ,13:15       ,Erhardt    ,        32,        41,    73
2026.07.19,13:15        ,13:30       ,Erhardt    ,        22,        28,    50
2026.07.19,13:30        ,13:45       ,Erhardt    ,        47,        69,   116
2026.07.19,13:45        ,14:00       ,Erhardt    ,        42,        51,    93
2026.07.19,14:00        ,14:15       ,Erhardt    ,        47,        48,    95
2026.07.19,14:15        ,14:30       ,Erhardt    ,        37,        60,    97
2026.07.19,14:30        ,14:45       ,Erhardt    ,        65,        75,   140
2026.07.19,14:45        ,15:00       ,Erhardt    ,        57,        38,    95
2026.07.19,15:00        ,15:15       ,Erhardt    ,        44,        52,    96
2026.07.19,15:15        ,15:30       ,Erhardt    ,        54,        76,   130
2026.07.19,15:30        ,15:45       ,Erhardt    ,        39,        70,   109
2026.07.19,15:45        ,16:00       ,Erhardt    ,        56,        41,    97
2026.07.19,16:00        ,16:15       ,Erhardt    ,        39,        48,    87
2026.07.19,16:15        ,16:30       ,Erhardt    ,        74,        32,   106
2026.07.19,16:30        ,16:45       ,Erhardt    ,        58,        46,   104
2026.07.19,16:45        ,17:00       ,Erhardt    ,        73,        63,   136
2026.07.19,17:00        ,17:15       ,Erhardt    ,        74,        43,   117
2026.07.19,17:15        ,17:30       ,Erhardt    ,        67,        35,   102
2026.07.19,17:30        ,17:45       ,Erhardt    ,        62,        45,   107
2026.07.19,17:45        ,18:00       ,Erhardt    ,        41,        47,    88
2026.07.19,18:00        ,18:15       ,Erhardt    ,        55,        49,   104
2026.07.19,18:15        ,18:30       ,Erhardt    ,        70,        55,   125
2026.07.19,18:30        ,18:45       ,Erhardt    ,        41,        55,    96
2026.07.19,18:45        ,19:00       ,Erhardt    ,        61,        51,   112
2026.07.19,19:00        ,19:15       ,Erhardt    ,        41,        42,    83
2026.07.19,19:15        ,19:30       ,Erhardt    ,        31,        51,    82
2026.07.19,19:30        ,19:45       ,Erhardt    ,        30,        39,    69
2026.07.19,19:45        ,20:00       ,Erhardt    ,        42,        46,    88
2026.07.19,20:00        ,20:15       ,Erhardt    ,        40,        40,    80
2026.07.19,20:15        ,20:30       ,Erhardt    ,        39,        35,    74
2026.07.19,20:30        ,20:45       ,Erhardt    ,        35,        29,    64
2026.07.19,20:45        ,21:00       ,Erhardt    ,        30,        21,    51
2026.07.19,21:00        ,21:15       ,Erhardt    ,        20,        18,    38
2026.07.19,21:15        ,21:30       ,Erhardt    ,        10,        10,    20
2026.07.19,21:30        ,21:45       ,Erhardt    ,        15,         7,    22
2026.07.19,21:45        ,22:00       ,Erhardt    ,        19,        18,    37
2026.07.19,22:00        ,22:15       ,Erhardt    ,        13,        13,    26
2026.07.19,22:15        ,22:30       ,Erhardt    ,        15,        17,    32
2026.07.19,22:30        ,22:45       ,Erhardt    ,         8,         8,    16
2026.07.19,22:45        ,23:00       ,Erhardt    ,         7,         4,    11
2026.07.19,23:00        ,23:15       ,Erhardt    ,         7,         4,    11
2026.07.19,23:15        ,23:30       ,Erhardt    ,        15,         6,    21
2026.07.19,23:30        ,23:45       ,Erhardt    ,        11,        11,    22
2026.07.19,23:45        ,00:00       ,Erhardt    ,         5,         9,    14
2026.07.20,00:00        ,00:15       ,Erhardt    ,        11,        11,    22
2026.07.20,00:15        ,00:30       ,Erhardt    ,        29,        35,    64
2026.07.20,00:30        ,00:45       ,Erhardt    ,        18,        24,    42
2026.07.20,00:45        ,01:00       ,Erhardt    ,         6,        10,    16
2026.07.20,01:00        ,01:15       ,Erhardt    ,         5,         5,    10
2026.07.20,01:15        ,01:30       ,Erhardt    ,         6,         3,     9
2026.07.20,01:30        ,01:45       ,Erhardt    ,         8,         1,     9
2026.07.20,01:45        ,02:00       ,Erhardt    ,         3,         6,     9
2026.07.20,02:00        ,02:15       ,Erhardt    ,         6,         0,     6
2026.07.20,02:15        ,02:30       ,Erhardt    ,         1,         0,     1
2026.07.20,02:30        ,02:45       ,Erhardt    ,         0,         1,     1
2026.07.20,02:45        ,03:00       ,Erhardt    ,         0,         1,     1
2026.07.20,03:00        ,03:15       ,Erhardt    ,         1,         1,     2
2026.07.20,03:15        ,03:30       ,Erhardt    ,         2,         1,     3
2026.07.20,03:30        ,03:45       ,Erhardt    ,         0,         0,     0
2026.07.20,03:45        ,04:00       ,Erhardt    ,         1,         0,     1
2026.07.20,04:00        ,04:15       ,Erhardt    ,         1,         0,     1
2026.07.20,04:15        ,04:30       ,Erhardt    ,         0,         1,     1
2026.07.20,04:30        ,04:45       ,Erhardt    ,         0,         0,     0
2026.07.20,04:45        ,05:00       ,Erhardt    ,         3,         2,     5
2026.07.20,05:00        ,05:15       ,Erhardt    ,         1,         1,     2
2026.07.20,05:15        ,05:30       ,Erhardt    ,         4,         1,     5
2026.07.20,05:30        ,05:45       ,Erhardt    ,        12,         5,    17
2026.07.20,05:45        ,06:00       ,Erhardt    ,         8,        13,    21
2026.07.20,06:00        ,06:15       ,Erhardt    ,         8,         6,    14
2026.07.20,06:15        ,06:30       ,Erhardt    ,        13,        10,    23
2026.07.20,06:30        ,06:45       ,Erhardt    ,        20,        14,    34
2026.07.20,06:45        ,07:00       ,Erhardt    ,        30,        34,    64
2026.07.20,07:00        ,07:15       ,Erhardt    ,        51,        27,    78
2026.07.20,07:15        ,07:30       ,Erhardt    ,        42,        58,   100
2026.07.20,07:30        ,07:45       ,Erhardt    ,        62,        64,   126
2026.07.20,07:45        ,08:00       ,Erhardt    ,        98,        52,   150
2026.07.20,08:00        ,08:15       ,Erhardt    ,       109,        49,   158
2026.07.20,08:15        ,08:30       ,Erhardt    ,       118,        70,   188
2026.07.20,08:30        ,08:45       ,Erhardt    ,       101,       104,   205
2026.07.20,08:45        ,09:00       ,Erhardt    ,       107,        70,   177
2026.07.20,09:00        ,09:15       ,Erhardt    ,        77,        74,   151
2026.07.20,09:15        ,09:30       ,Erhardt    ,        49,        54,   103
2026.07.20,09:30        ,09:45       ,Erhardt    ,        44,        54,    98
2026.07.20,09:45        ,10:00       ,Erhardt    ,        40,        47,    87
2026.07.20,10:00        ,10:15       ,Erhardt    ,        38,        24,    62
2026.07.20,10:15        ,10:30       ,Erhardt    ,        28,        35,    63
2026.07.20,10:30        ,10:45       ,Erhardt    ,        38,        32,    70
2026.07.20,10:45        ,11:00       ,Erhardt    ,        27,        36,    63
2026.07.20,11:00        ,11:15       ,Erhardt    ,        26,        38,    64
2026.07.20,11:15        ,11:30       ,Erhardt    ,        39,        42,    81
2026.07.20,11:30        ,11:45       ,Erhardt    ,        30,        46,    76
2026.07.20,11:45        ,12:00       ,Erhardt    ,        36,        35,    71
2026.07.20,12:00        ,12:15       ,Erhardt    ,        35,        43,    78
2026.07.20,12:15        ,12:30       ,Erhardt    ,        47,        36,    83
2026.07.20,12:30        ,12:45       ,Erhardt    ,        52,        45,    97
2026.07.20,12:45        ,13:00       ,Erhardt    ,        40,        36,    76
2026.07.20,13:00        ,13:15       ,Erhardt    ,        43,        31,    74
2026.07.20,13:15        ,13:30       ,Erhardt    ,        47,        27,    74
2026.07.20,13:30        ,13:45       ,Erhardt    ,        40,        50,    90
2026.07.20,13:45        ,14:00       ,Erhardt    ,        48,        48,    96
2026.07.20,14:00        ,14:15       ,Erhardt    ,        55,        34,    89
2026.07.20,14:15        ,14:30       ,Erhardt    ,        50,        43,    93
2026.07.20,14:30        ,14:45       ,Erhardt    ,        60,        47,   107
2026.07.20,14:45        ,15:00       ,Erhardt    ,        57,        37,    94
2026.07.20,15:00        ,15:15       ,Erhardt    ,        61,        41,   102
2026.07.20,15:15        ,15:30       ,Erhardt    ,        79,        70,   149
2026.07.20,15:30        ,15:45       ,Erhardt    ,        73,        40,   113
2026.07.20,15:45        ,16:00       ,Erhardt    ,        63,        63,   126
2026.07.20,16:00        ,16:15       ,Erhardt    ,        92,        44,   136
2026.07.20,16:15        ,16:30       ,Erhardt    ,        98,        65,   163
2026.07.20,16:30        ,16:45       ,Erhardt    ,        73,        85,   158
2026.07.20,16:45        ,17:00       ,Erhardt    ,        93,        67,   160
2026.07.20,17:00        ,17:15       ,Erhardt    ,        96,        51,   147
2026.07.20,17:15        ,17:30       ,Erhardt    ,        96,        66,   162
2026.07.20,17:30        ,17:45       ,Erhardt    ,       148,        82,   230
2026.07.20,17:45        ,18:00       ,Erhardt    ,       130,        92,   222
2026.07.20,18:00        ,18:15       ,Erhardt    ,       111,        77,   188
2026.07.20,18:15        ,18:30       ,Erhardt    ,       151,        84,   235
2026.07.20,18:30        ,18:45       ,Erhardt    ,       136,        92,   228
2026.07.20,18:45        ,19:00       ,Erhardt    ,       113,        86,   199
2026.07.20,19:00        ,19:15       ,Erhardt    ,       110,        57,   167
2026.07.20,19:15        ,19:30       ,Erhardt    ,        86,        55,   141
2026.07.20,19:30        ,19:45       ,Erhardt    ,        55,        57,   112
2026.07.20,19:45        ,20:00       ,Erhardt    ,        66,        52,   118
2026.07.20,20:00        ,20:15       ,Erhardt    ,        61,        53,   114
2026.07.20,20:15        ,20:30       ,Erhardt    ,        60,        48,   108
2026.07.20,20:30        ,20:45       ,Erhardt    ,        65,        53,   118
2026.07.20,20:45        ,21:00       ,Erhardt    ,        51,        37,    88
2026.07.20,21:00        ,21:15       ,Erhardt    ,        44,        40,    84
2026.07.20,21:15        ,21:30       ,Erhardt    ,        52,        22,    74
2026.07.20,21:30        ,21:45       ,Erhardt    ,        40,        38,    78
2026.07.20,21:45        ,22:00       ,Erhardt    ,        42,        39,    81
2026.07.20,22:00        ,22:15       ,Erhardt    ,        40,        27,    67
2026.07.20,22:15        ,22:30       ,Erhardt    ,        29,        25,    54
2026.07.20,22:30        ,22:45       ,Erhardt    ,        24,        17,    41
2026.07.20,22:45        ,23:00       ,Erhardt    ,        19,        23,    42
2026.07.20,23:00        ,23:15       ,Erhardt    ,        16,        16,    32
2026.07.20,23:15        ,23:30       ,Erhardt    ,        19,        15,    34
2026.07.20,23:30        ,23:45       ,Erhardt    ,         8,         5,    13
2026.07.20,23:45        ,00:00       ,Erhardt    ,         8,         5,    13
2026.07.21,00:00        ,00:15       ,Erhardt    ,         6,         4,    10
2026.07.21,00:15        ,00:30       ,Erhardt    ,         7,         6,    13
2026.07.21,00:30        ,00:45       ,Erhardt    ,         6,         1,     7
2026.07.21,00:45        ,01:00       ,Erhardt    ,         0,         1,     1
2026.07.21,01:00        ,01:15       ,Erhardt    ,         1,         2,     3
2026.07.21,01:15        ,01:30       ,Erhardt    ,         2,         1,     3
2026.07.21,01:30        ,01:45       ,Erhardt    ,         1,         2,     3
2026.07.21,01:45        ,02:00       ,Erhardt    ,         0,         3,     3
2026.07.21,02:00        ,02:15       ,Erhardt    ,         1,         0,     1
2026.07.21,02:15        ,02:30       ,Erhardt    ,         0,         1,     1
2026.07.21,02:30        ,02:45       ,Erhardt    ,         1,         1,     2
2026.07.21,02:45        ,03:00       ,Erhardt    ,         0,         0,     0
2026.07.21,03:00        ,03:15       ,Erhardt    ,         1,         0,     1
2026.07.21,03:15        ,03:30       ,Erhardt    ,         1,         0,     1
2026.07.21,03:30        ,03:45       ,Erhardt    ,         0,         0,     0
2026.07.21,03:45        ,04:00       ,Erhardt    ,         0,         0,     0
2026.07.21,04:00        ,04:15       ,Erhardt    ,         0,         1,     1
2026.07.21,04:15        ,04:30       ,Erhardt    ,         0,         1,     1
2026.07.21,04:30        ,04:45       ,Erhardt    ,         0,         1,     1
2026.07.21,04:45        ,05:00       ,Erhardt    ,         2,         0,     2
2026.07.21,05:00        ,05:15       ,Erhardt    ,         1,         2,     3
2026.07.21,05:15        ,05:30       ,Erhardt    ,         5,         2,     7
2026.07.21,05:30        ,05:45       ,Erhardt    ,         8,         7,    15
2026.07.21,05:45        ,06:00       ,Erhardt    ,        10,        15,    25
2026.07.21,06:00        ,06:15       ,Erhardt    ,        19,         7,    26
2026.07.21,06:15        ,06:30       ,Erhardt    ,        15,        15,    30
2026.07.21,06:30        ,06:45       ,Erhardt    ,        15,        23,    38
2026.07.21,06:45        ,07:00       ,Erhardt    ,        37,        32,    69
2026.07.21,07:00        ,07:15       ,Erhardt    ,        61,        28,    89
2026.07.21,07:15        ,07:30       ,Erhardt    ,        59,        54,   113
2026.07.21,07:30        ,07:45       ,Erhardt    ,       104,        66,   170
2026.07.21,07:45        ,08:00       ,Erhardt    ,       115,        75,   190
2026.07.21,08:00        ,08:15       ,Erhardt    ,       122,        73,   195
2026.07.21,08:15        ,08:30       ,Erhardt    ,       125,        96,   221
2026.07.21,08:30        ,08:45       ,Erhardt    ,        93,       122,   215
2026.07.21,08:45        ,09:00       ,Erhardt    ,       112,       101,   213
2026.07.21,09:00        ,09:15       ,Erhardt    ,        72,        68,   140
2026.07.21,09:15        ,09:30       ,Erhardt    ,        62,        70,   132
2026.07.21,09:30        ,09:45       ,Erhardt    ,        72,        52,   124
2026.07.21,09:45        ,10:00       ,Erhardt    ,        55,        48,   103
2026.07.21,10:00        ,10:15       ,Erhardt    ,        46,        35,    81
2026.07.21,10:15        ,10:30       ,Erhardt    ,        48,        34,    82
2026.07.21,10:30        ,10:45       ,Erhardt    ,        45,        26,    71
2026.07.21,10:45        ,11:00       ,Erhardt    ,        39,        38,    77
2026.07.21,11:00        ,11:15       ,Erhardt    ,        36,        23,    59
2026.07.21,11:15        ,11:30       ,Erhardt    ,        37,        41,    78
2026.07.21,11:30        ,11:45       ,Erhardt    ,        39,        35,    74
2026.07.21,11:45        ,12:00       ,Erhardt    ,        49,        37,    86
2026.07.21,12:00        ,12:15       ,Erhardt    ,        43,        30,    73
2026.07.21,12:15        ,12:30       ,Erhardt    ,        45,        52,    97
2026.07.21,12:30        ,12:45       ,Erhardt    ,        47,        42,    89
2026.07.21,12:45        ,13:00       ,Erhardt    ,        34,        31,    65
2026.07.21,13:00        ,13:15       ,Erhardt    ,        42,        29,    71
2026.07.21,13:15        ,13:30       ,Erhardt    ,        58,        48,   106
2026.07.21,13:30        ,13:45       ,Erhardt    ,        33,        49,    82
2026.07.21,13:45        ,14:00       ,Erhardt    ,        62,        53,   115
2026.07.21,14:00        ,14:15       ,Erhardt    ,        52,        37,    89
2026.07.21,14:15        ,14:30       ,Erhardt    ,        55,        46,   101
2026.07.21,14:30        ,14:45       ,Erhardt    ,        63,        38,   101
2026.07.21,14:45        ,15:00       ,Erhardt    ,        65,        62,   127
2026.07.21,15:00        ,15:15       ,Erhardt    ,        64,        41,   105
2026.07.21,15:15        ,15:30       ,Erhardt    ,        88,        39,   127
2026.07.21,15:30        ,15:45       ,Erhardt    ,        77,        52,   129
2026.07.21,15:45        ,16:00       ,Erhardt    ,        82,        48,   130
2026.07.21,16:00        ,16:15       ,Erhardt    ,        90,        46,   136
2026.07.21,16:15        ,16:30       ,Erhardt    ,        89,        52,   141
2026.07.21,16:30        ,16:45       ,Erhardt    ,        92,        86,   178
2026.07.21,16:45        ,17:00       ,Erhardt    ,        84,        70,   154
2026.07.21,17:00        ,17:15       ,Erhardt    ,       117,        57,   174
2026.07.21,17:15        ,17:30       ,Erhardt    ,       130,        68,   198
2026.07.21,17:30        ,17:45       ,Erhardt    ,       139,        97,   236
2026.07.21,17:45        ,18:00       ,Erhardt    ,       173,        82,   255
2026.07.21,18:00        ,18:15       ,Erhardt    ,       156,        97,   253
2026.07.21,18:15        ,18:30       ,Erhardt    ,       134,       111,   245
2026.07.21,18:30        ,18:45       ,Erhardt    ,       139,       106,   245
2026.07.21,18:45        ,19:00       ,Erhardt    ,       100,       106,   206
2026.07.21,19:00        ,19:15       ,Erhardt    ,        99,       103,   202
2026.07.21,19:15        ,19:30       ,Erhardt    ,        92,        82,   174
2026.07.21,19:30        ,19:45       ,Erhardt    ,        74,        73,   147
2026.07.21,19:45        ,20:00       ,Erhardt    ,        46,        73,   119
2026.07.21,20:00        ,20:15       ,Erhardt    ,        71,        53,   124
2026.07.21,20:15        ,20:30       ,Erhardt    ,        59,        52,   111
2026.07.21,20:30        ,20:45       ,Erhardt    ,        65,        57,   122
2026.07.21,20:45        ,21:00       ,Erhardt    ,        51,        58,   109
2026.07.21,21:00        ,21:15       ,Erhardt    ,        48,        50,    98
2026.07.21,21:15        ,21:30       ,Erhardt    ,        40,        35,    75
2026.07.21,21:30        ,21:45       ,Erhardt    ,        47,        42,    89
2026.07.21,21:45        ,22:00       ,Erhardt    ,        69,        39,   108
2026.07.21,22:00        ,22:15       ,Erhardt    ,        52,        52,   104
2026.07.21,22:15        ,22:30       ,Erhardt    ,        34,        42,    76
2026.07.21,22:30        ,22:45       ,Erhardt    ,        44,        21,    65
2026.07.21,22:45        ,23:00       ,Erhardt    ,        31,        27,    58
2026.07.21,23:00        ,23:15       ,Erhardt    ,        46,        14,    60
2026.07.21,23:15        ,23:30       ,Erhardt    ,        24,        21,    45
2026.07.21,23:30        ,23:45       ,Erhardt    ,        12,        10,    22
2026.07.21,23:45        ,00:00       ,Erhardt    ,         8,         5,    13
2026.07.22,00:00        ,00:15       ,Erhardt    ,        11,        10,    21
2026.07.22,00:15        ,00:30       ,Erhardt    ,         8,         8,    16
2026.07.22,00:30        ,00:45       ,Erhardt    ,         3,         8,    11
2026.07.22,00:45        ,01:00       ,Erhardt    ,        10,         4,    14
2026.07.22,01:00        ,01:15       ,Erhardt    ,         5,         3,     8
2026.07.22,01:15        ,01:30       ,Erhardt    ,         0,         4,     4
2026.07.22,01:30        ,01:45       ,Erhardt    ,         1,         2,     3
2026.07.22,01:45        ,02:00       ,Erhardt    ,         1,         2,     3
2026.07.22,02:00        ,02:15       ,Erhardt    ,         1,         0,     1
2026.07.22,02:15        ,02:30       ,Erhardt    ,         1,         2,     3
2026.07.22,02:30        ,02:45       ,Erhardt    ,         0,         1,     1
2026.07.22,02:45        ,03:00       ,Erhardt    ,         0,         1,     1
2026.07.22,03:00        ,03:15       ,Erhardt    ,         1,         1,     2
2026.07.22,03:15        ,03:30       ,Erhardt    ,         0,         0,     0
2026.07.22,03:30        ,03:45       ,Erhardt    ,         0,         0,     0
2026.07.22,03:45        ,04:00       ,Erhardt    ,         0,         1,     1
2026.07.22,04:00        ,04:15       ,Erhardt    ,         0,         1,     1
2026.07.22,04:15        ,04:30       ,Erhardt    ,         0,         3,     3
2026.07.22,04:30        ,04:45       ,Erhardt    ,         0,         1,     1
2026.07.22,04:45        ,05:00       ,Erhardt    ,         2,         0,     2
2026.07.22,05:00        ,05:15       ,Erhardt    ,         1,         2,     3
2026.07.22,05:15        ,05:30       ,Erhardt    ,         7,         3,    10
2026.07.22,05:30        ,05:45       ,Erhardt    ,         7,         4,    11
2026.07.22,05:45        ,06:00       ,Erhardt    ,        13,         6,    19
2026.07.22,06:00        ,06:15       ,Erhardt    ,        16,        14,    30
2026.07.22,06:15        ,06:30       ,Erhardt    ,        24,        11,    35
2026.07.22,06:30        ,06:45       ,Erhardt    ,        17,        21,    38
2026.07.22,06:45        ,07:00       ,Erhardt    ,        37,        33,    70
2026.07.22,07:00        ,07:15       ,Erhardt    ,        41,        34,    75
2026.07.22,07:15        ,07:30       ,Erhardt    ,        66,        39,   105
2026.07.22,07:30        ,07:45       ,Erhardt    ,        96,        64,   160
2026.07.22,07:45        ,08:00       ,Erhardt    ,       100,        74,   174
2026.07.22,08:00        ,08:15       ,Erhardt    ,        98,        79,   177
2026.07.22,08:15        ,08:30       ,Erhardt    ,       139,        75,   214
2026.07.22,08:30        ,08:45       ,Erhardt    ,       120,        98,   218
2026.07.22,08:45        ,09:00       ,Erhardt    ,       142,        99,   241
2026.07.22,09:00        ,09:15       ,Erhardt    ,        82,        63,   145
2026.07.22,09:15        ,09:30       ,Erhardt    ,        60,        65,   125
2026.07.22,09:30        ,09:45       ,Erhardt    ,        46,        65,   111
2026.07.22,09:45        ,10:00       ,Erhardt    ,        55,        47,   102
2026.07.22,10:00        ,10:15       ,Erhardt    ,        38,        37,    75
2026.07.22,10:15        ,10:30       ,Erhardt    ,        30,        39,    69
2026.07.22,10:30        ,10:45       ,Erhardt    ,        39,        39,    78
2026.07.22,10:45        ,11:00       ,Erhardt    ,        31,        35,    66
2026.07.22,11:00        ,11:15       ,Erhardt    ,        44,        40,    84
2026.07.22,11:15        ,11:30       ,Erhardt    ,        51,        36,    87
2026.07.22,11:30        ,11:45       ,Erhardt    ,        44,        50,    94
2026.07.22,11:45        ,12:00       ,Erhardt    ,        40,        50,    90
2026.07.22,12:00        ,12:15       ,Erhardt    ,        37,        45,    82
2026.07.22,12:15        ,12:30       ,Erhardt    ,        49,        33,    82
2026.07.22,12:30        ,12:45       ,Erhardt    ,        67,        37,   104
2026.07.22,12:45        ,13:00       ,Erhardt    ,        39,        34,    73
2026.07.22,13:00        ,13:15       ,Erhardt    ,        53,        45,    98
2026.07.22,13:15        ,13:30       ,Erhardt    ,        60,        42,   102
2026.07.22,13:30        ,13:45       ,Erhardt    ,        49,        34,    83
2026.07.22,13:45        ,14:00       ,Erhardt    ,        42,        55,    97
2026.07.22,14:00        ,14:15       ,Erhardt    ,        74,        40,   114
2026.07.22,14:15        ,14:30       ,Erhardt    ,        58,        45,   103
2026.07.22,14:30        ,14:45       ,Erhardt    ,        67,        37,   104
2026.07.22,14:45        ,15:00       ,Erhardt    ,        50,        56,   106
2026.07.22,15:00        ,15:15       ,Erhardt    ,        62,        45,   107
2026.07.22,15:15        ,15:30       ,Erhardt    ,        67,        54,   121
2026.07.22,15:30        ,15:45       ,Erhardt    ,        87,        50,   137
2026.07.22,15:45        ,16:00       ,Erhardt    ,       102,        46,   148
2026.07.22,16:00        ,16:15       ,Erhardt    ,       102,        65,   167
2026.07.22,16:15        ,16:30       ,Erhardt    ,        89,        58,   147
2026.07.22,16:30        ,16:45       ,Erhardt    ,        90,        83,   173
2026.07.22,16:45        ,17:00       ,Erhardt    ,       102,        76,   178
2026.07.22,17:00        ,17:15       ,Erhardt    ,       126,        60,   186
2026.07.22,17:15        ,17:30       ,Erhardt    ,       139,        73,   212
2026.07.22,17:30        ,17:45       ,Erhardt    ,       117,       100,   217
2026.07.22,17:45        ,18:00       ,Erhardt    ,       139,       123,   262
2026.07.22,18:00        ,18:15       ,Erhardt    ,       153,        88,   241
2026.07.22,18:15        ,18:30       ,Erhardt    ,       149,        99,   248
2026.07.22,18:30        ,18:45       ,Erhardt    ,       135,       106,   241
2026.07.22,18:45        ,19:00       ,Erhardt    ,       140,       115,   255
2026.07.22,19:00        ,19:15       ,Erhardt    ,       126,        76,   202
2026.07.22,19:15        ,19:30       ,Erhardt    ,        96,        83,   179
2026.07.22,19:30        ,19:45       ,Erhardt    ,        84,        74,   158
2026.07.22,19:45        ,20:00       ,Erhardt    ,        87,        70,   157
2026.07.22,20:00        ,20:15       ,Erhardt    ,        87,        63,   150
2026.07.22,20:15        ,20:30       ,Erhardt    ,        78,        56,   134
2026.07.22,20:30        ,20:45       ,Erhardt    ,        62,        50,   112
2026.07.22,20:45        ,21:00       ,Erhardt    ,        48,        64,   112
2026.07.22,21:00        ,21:15       ,Erhardt    ,        53,        62,   115
2026.07.22,21:15        ,21:30       ,Erhardt    ,        41,        50,    91
2026.07.22,21:30        ,21:45       ,Erhardt    ,        78,        53,   131
2026.07.22,21:45        ,22:00       ,Erhardt    ,        60,        41,   101
2026.07.22,22:00        ,22:15       ,Erhardt    ,        60,        44,   104
2026.07.22,22:15        ,22:30       ,Erhardt    ,        48,        50,    98
2026.07.22,22:30        ,22:45       ,Erhardt    ,        50,        50,   100
2026.07.22,22:45        ,23:00       ,Erhardt    ,        41,        40,    81
2026.07.22,23:00        ,23:15       ,Erhardt    ,        37,        31,    68
2026.07.22,23:15        ,23:30       ,Erhardt    ,        19,        25,    44
2026.07.22,23:30        ,23:45       ,Erhardt    ,        15,        33,    48
2026.07.22,23:45        ,00:00       ,Erhardt    ,        12,        14,    26
2026.07.23,00:00        ,00:15       ,Erhardt    ,         7,        10,    17
2026.07.23,00:15        ,00:30       ,Erhardt    ,         7,        10,    17
2026.07.23,00:30        ,00:45       ,Erhardt    ,         5,         7,    12
2026.07.23,00:45        ,01:00       ,Erhardt    ,         5,         4,     9
2026.07.23,01:00        ,01:15       ,Erhardt    ,         2,         1,     3
2026.07.23,01:15        ,01:30       ,Erhardt    ,         0,         7,     7
2026.07.23,01:30        ,01:45       ,Erhardt    ,         1,         3,     4
2026.07.23,01:45        ,02:00       ,Erhardt    ,         0,         2,     2
2026.07.23,02:00        ,02:15       ,Erhardt    ,         0,         3,     3
2026.07.23,02:15        ,02:30       ,Erhardt    ,         0,         0,     0
2026.07.23,02:30        ,02:45       ,Erhardt    ,         2,         2,     4
2026.07.23,02:45        ,03:00       ,Erhardt    ,         0,         3,     3
2026.07.23,03:00        ,03:15       ,Erhardt    ,         1,         1,     2
2026.07.23,03:15        ,03:30       ,Erhardt    ,         2,         1,     3
2026.07.23,03:30        ,03:45       ,Erhardt    ,         1,         0,     1
2026.07.23,03:45        ,04:00       ,Erhardt    ,         1,         3,     4
2026.07.23,04:00        ,04:15       ,Erhardt    ,         2,         1,     3
2026.07.23,04:15        ,04:30       ,Erhardt    ,         0,         1,     1
2026.07.23,04:30        ,04:45       ,Erhardt    ,         0,         0,     0
2026.07.23,04:45        ,05:00       ,Erhardt    ,         2,         1,     3
2026.07.23,05:00        ,05:15       ,Erhardt    ,         1,         2,     3
2026.07.23,05:15        ,05:30       ,Erhardt    ,         3,         3,     6
2026.07.23,05:30        ,05:45       ,Erhardt    ,        13,        12,    25
2026.07.23,05:45        ,06:00       ,Erhardt    ,        14,         9,    23
2026.07.23,06:00        ,06:15       ,Erhardt    ,        13,        10,    23
2026.07.23,06:15        ,06:30       ,Erhardt    ,        14,         9,    23
2026.07.23,06:30        ,06:45       ,Erhardt    ,        32,        15,    47
2026.07.23,06:45        ,07:00       ,Erhardt    ,        28,        30,    58
2026.07.23,07:00        ,07:15       ,Erhardt    ,        44,        33,    77
2026.07.23,07:15        ,07:30       ,Erhardt    ,        54,        38,    92
2026.07.23,07:30        ,07:45       ,Erhardt    ,        88,        56,   144
2026.07.23,07:45        ,08:00       ,Erhardt    ,        92,        60,   152
2026.07.23,08:00        ,08:15       ,Erhardt    ,       107,        70,   177
2026.07.23,08:15        ,08:30       ,Erhardt    ,       119,        84,   203
2026.07.23,08:30        ,08:45       ,Erhardt    ,       129,        94,   223
2026.07.23,08:45        ,09:00       ,Erhardt    ,       103,       102,   205
2026.07.23,09:00        ,09:15       ,Erhardt    ,        57,        76,   133
2026.07.23,09:15        ,09:30       ,Erhardt    ,        70,        68,   138
2026.07.23,09:30        ,09:45       ,Erhardt    ,        47,        59,   106
2026.07.23,09:45        ,10:00       ,Erhardt    ,        37,        57,    94
2026.07.23,10:00        ,10:15       ,Erhardt    ,        47,        33,    80
2026.07.23,10:15        ,10:30       ,Erhardt    ,        36,        24,    60
2026.07.23,10:30        ,10:45       ,Erhardt    ,        33,        26,    59
2026.07.23,10:45        ,11:00       ,Erhardt    ,        39,        35,    74
2026.07.23,11:00        ,11:15       ,Erhardt    ,        31,        30,    61
2026.07.23,11:15        ,11:30       ,Erhardt    ,        35,        37,    72
2026.07.23,11:30        ,11:45       ,Erhardt    ,        35,        61,    96
2026.07.23,11:45        ,12:00       ,Erhardt    ,        42,        28,    70
2026.07.23,12:00        ,12:15       ,Erhardt    ,        32,        44,    76
2026.07.23,12:15        ,12:30       ,Erhardt    ,        51,        41,    92
2026.07.23,12:30        ,12:45       ,Erhardt    ,        49,        44,    93
2026.07.23,12:45        ,13:00       ,Erhardt    ,        44,        47,    91
2026.07.23,13:00        ,13:15       ,Erhardt    ,        44,        38,    82
2026.07.23,13:15        ,13:30       ,Erhardt    ,        46,        47,    93
2026.07.23,13:30        ,13:45       ,Erhardt    ,        45,        26,    71
2026.07.23,13:45        ,14:00       ,Erhardt    ,        53,        39,    92
2026.07.23,14:00        ,14:15       ,Erhardt    ,        37,        41,    78
2026.07.23,14:15        ,14:30       ,Erhardt    ,        67,        46,   113
2026.07.23,14:30        ,14:45       ,Erhardt    ,        73,        45,   118
2026.07.23,14:45        ,15:00       ,Erhardt    ,        68,        66,   134
2026.07.23,15:00        ,15:15       ,Erhardt    ,        63,        34,    97
2026.07.23,15:15        ,15:30       ,Erhardt    ,        73,        45,   118
2026.07.23,15:30        ,15:45       ,Erhardt    ,        69,        60,   129
2026.07.23,15:45        ,16:00       ,Erhardt    ,        74,        57,   131
2026.07.23,16:00        ,16:15       ,Erhardt    ,        66,        57,   123
2026.07.23,16:15        ,16:30       ,Erhardt    ,        87,        52,   139
2026.07.23,16:30        ,16:45       ,Erhardt    ,        82,        70,   152
2026.07.23,16:45        ,17:00       ,Erhardt    ,        97,        86,   183
2026.07.23,17:00        ,17:15       ,Erhardt    ,       125,        74,   199
2026.07.23,17:15        ,17:30       ,Erhardt    ,       117,        78,   195
2026.07.23,17:30        ,17:45       ,Erhardt    ,       127,        89,   216
2026.07.23,17:45        ,18:00       ,Erhardt    ,       149,       102,   251
2026.07.23,18:00        ,18:15       ,Erhardt    ,       140,       100,   240
2026.07.23,18:15        ,18:30       ,Erhardt    ,       126,        97,   223
2026.07.23,18:30        ,18:45       ,Erhardt    ,       120,        74,   194
2026.07.23,18:45        ,19:00       ,Erhardt    ,        98,        69,   167
2026.07.23,19:00        ,19:15       ,Erhardt    ,        85,       112,   197
2026.07.23,19:15        ,19:30       ,Erhardt    ,       108,        78,   186
2026.07.23,19:30        ,19:45       ,Erhardt    ,        81,        60,   141
2026.07.23,19:45        ,20:00       ,Erhardt    ,        67,        48,   115
2026.07.23,20:00        ,20:15       ,Erhardt    ,        66,        35,   101
2026.07.23,20:15        ,20:30       ,Erhardt    ,        62,        57,   119
2026.07.23,20:30        ,20:45       ,Erhardt    ,        65,        48,   113
2026.07.23,20:45        ,21:00       ,Erhardt    ,        52,        41,    93
2026.07.23,21:00        ,21:15       ,Erhardt    ,        36,        42,    78
2026.07.23,21:15        ,21:30       ,Erhardt    ,        58,        53,   111
2026.07.23,21:30        ,21:45       ,Erhardt    ,        52,        36,    88
2026.07.23,21:45        ,22:00       ,Erhardt    ,        53,        31,    84
2026.07.23,22:00        ,22:15       ,Erhardt    ,        49,        41,    90
2026.07.23,22:15        ,22:30       ,Erhardt    ,        64,        36,   100
2026.07.23,22:30        ,22:45       ,Erhardt    ,        40,        27,    67
2026.07.23,22:45        ,23:00       ,Erhardt    ,        41,        27,    68
2026.07.23,23:00        ,23:15       ,Erhardt    ,        32,        30,    62
2026.07.23,23:15        ,23:30       ,Erhardt    ,        25,        24,    49
2026.07.23,23:30        ,23:45       ,Erhardt    ,        28,        10,    38
2026.07.23,23:45        ,00:00       ,Erhardt    ,        15,        10,    25
2026.07.24,00:00        ,00:15       ,Erhardt    ,        20,        17,    37
2026.07.24,00:15        ,00:30       ,Erhardt    ,        10,        10,    20
2026.07.24,00:30        ,00:45       ,Erhardt    ,         5,         8,    13
2026.07.24,00:45        ,01:00       ,Erhardt    ,         5,         5,    10
2026.07.24,01:00        ,01:15       ,Erhardt    ,        11,         4,    15
2026.07.24,01:15        ,01:30       ,Erhardt    ,         1,         4,     5
2026.07.24,01:30        ,01:45       ,Erhardt    ,         4,         0,     4
2026.07.24,01:45        ,02:00       ,Erhardt    ,         2,         1,     3
2026.07.24,02:00        ,02:15       ,Erhardt    ,         5,         6,    11
2026.07.24,02:15        ,02:30       ,Erhardt    ,         4,         6,    10
2026.07.24,02:30        ,02:45       ,Erhardt    ,         0,         3,     3
2026.07.24,02:45        ,03:00       ,Erhardt    ,         2,         5,     7
2026.07.24,03:00        ,03:15       ,Erhardt    ,         0,         1,     1
2026.07.24,03:15        ,03:30       ,Erhardt    ,         0,         0,     0
2026.07.24,03:30        ,03:45       ,Erhardt    ,         1,         0,     1
2026.07.24,03:45        ,04:00       ,Erhardt    ,         1,         2,     3
2026.07.24,04:00        ,04:15       ,Erhardt    ,         1,         0,     1
2026.07.24,04:15        ,04:30       ,Erhardt    ,         1,         2,     3
2026.07.24,04:30        ,04:45       ,Erhardt    ,         0,         0,     0
2026.07.24,04:45        ,05:00       ,Erhardt    ,         1,         2,     3
2026.07.24,05:00        ,05:15       ,Erhardt    ,         2,         0,     2
2026.07.24,05:15        ,05:30       ,Erhardt    ,         5,         2,     7
2026.07.24,05:30        ,05:45       ,Erhardt    ,        11,         8,    19
2026.07.24,05:45        ,06:00       ,Erhardt    ,         7,         7,    14
2026.07.24,06:00        ,06:15       ,Erhardt    ,         9,         6,    15
2026.07.24,06:15        ,06:30       ,Erhardt    ,        12,         6,    18
2026.07.24,06:30        ,06:45       ,Erhardt    ,        15,        18,    33
2026.07.24,06:45        ,07:00       ,Erhardt    ,        35,        23,    58
2026.07.24,07:00        ,07:15       ,Erhardt    ,        41,        24,    65
2026.07.24,07:15        ,07:30       ,Erhardt    ,        60,        26,    86
2026.07.24,07:30        ,07:45       ,Erhardt    ,        64,        39,   103
2026.07.24,07:45        ,08:00       ,Erhardt    ,        64,        59,   123
2026.07.24,08:00        ,08:15       ,Erhardt    ,        72,        58,   130
2026.07.24,08:15        ,08:30       ,Erhardt    ,        84,        55,   139
2026.07.24,08:30        ,08:45       ,Erhardt    ,        84,        72,   156
2026.07.24,08:45        ,09:00       ,Erhardt    ,        67,        68,   135
2026.07.24,09:00        ,09:15       ,Erhardt    ,        64,        55,   119
2026.07.24,09:15        ,09:30       ,Erhardt    ,        42,        36,    78
2026.07.24,09:30        ,09:45       ,Erhardt    ,        47,        41,    88
2026.07.24,09:45        ,10:00       ,Erhardt    ,        54,        36,    90
2026.07.24,10:00        ,10:15       ,Erhardt    ,        37,        37,    74
2026.07.24,10:15        ,10:30       ,Erhardt    ,        44,        38,    82
2026.07.24,10:30        ,10:45       ,Erhardt    ,        32,        38,    70
2026.07.24,10:45        ,11:00       ,Erhardt    ,        42,        32,    74
2026.07.24,11:00        ,11:15       ,Erhardt    ,        37,        39,    76
2026.07.24,11:15        ,11:30       ,Erhardt    ,        49,        45,    94
2026.07.24,11:30        ,11:45       ,Erhardt    ,        51,        47,    98
2026.07.24,11:45        ,12:00       ,Erhardt    ,        41,        48,    89
2026.07.24,12:00        ,12:15       ,Erhardt    ,        39,        46,    85
2026.07.24,12:15        ,12:30       ,Erhardt    ,        53,        48,   101
2026.07.24,12:30        ,12:45       ,Erhardt    ,        65,        52,   117
2026.07.24,12:45        ,13:00       ,Erhardt    ,        62,        63,   125
2026.07.24,13:00        ,13:15       ,Erhardt    ,        56,        42,    98
2026.07.24,13:15        ,13:30       ,Erhardt    ,        71,        45,   116
2026.07.24,13:30        ,13:45       ,Erhardt    ,        60,        44,   104
2026.07.24,13:45        ,14:00       ,Erhardt    ,        65,        49,   114
2026.07.24,14:00        ,14:15       ,Erhardt    ,        70,        43,   113
2026.07.24,14:15        ,14:30       ,Erhardt    ,        75,        48,   123
2026.07.24,14:30        ,14:45       ,Erhardt    ,        51,        75,   126
2026.07.24,14:45        ,15:00       ,Erhardt    ,        86,        70,   156
2026.07.24,15:00        ,15:15       ,Erhardt    ,        66,        59,   125
2026.07.24,15:15        ,15:30       ,Erhardt    ,        87,        50,   137
2026.07.24,15:30        ,15:45       ,Erhardt    ,        92,        68,   160
2026.07.24,15:45        ,16:00       ,Erhardt    ,       104,        69,   173
2026.07.24,16:00        ,16:15       ,Erhardt    ,        82,        52,   134
2026.07.24,16:15        ,16:30       ,Erhardt    ,        94,        92,   186
2026.07.24,16:30        ,16:45       ,Erhardt    ,        85,        71,   156
2026.07.24,16:45        ,17:00       ,Erhardt    ,        97,        90,   187
2026.07.24,17:00        ,17:15       ,Erhardt    ,        94,       100,   194
2026.07.24,17:15        ,17:30       ,Erhardt    ,       106,        84,   190
2026.07.24,17:30        ,17:45       ,Erhardt    ,       116,        87,   203
2026.07.24,17:45        ,18:00       ,Erhardt    ,       103,       127,   230
2026.07.24,18:00        ,18:15       ,Erhardt    ,       126,       104,   230
2026.07.24,18:15        ,18:30       ,Erhardt    ,       122,        98,   220
2026.07.24,18:30        ,18:45       ,Erhardt    ,       110,       123,   233
2026.07.24,18:45        ,19:00       ,Erhardt    ,       103,       114,   217
2026.07.24,19:00        ,19:15       ,Erhardt    ,       115,        81,   196
2026.07.24,19:15        ,19:30       ,Erhardt    ,        82,       120,   202
2026.07.24,19:30        ,19:45       ,Erhardt    ,        68,        63,   131
2026.07.24,19:45        ,20:00       ,Erhardt    ,        69,        68,   137
2026.07.24,20:00        ,20:15       ,Erhardt    ,        77,        69,   146
2026.07.24,20:15        ,20:30       ,Erhardt    ,        87,        49,   136
2026.07.24,20:30        ,20:45       ,Erhardt    ,        55,        67,   122
2026.07.24,20:45        ,21:00       ,Erhardt    ,        78,        61,   139
2026.07.24,21:00        ,21:15       ,Erhardt    ,        63,        47,   110
2026.07.24,21:15        ,21:30       ,Erhardt    ,        62,        51,   113
2026.07.24,21:30        ,21:45       ,Erhardt    ,        54,        39,    93
2026.07.24,21:45        ,22:00       ,Erhardt    ,        52,        40,    92
2026.07.24,22:00        ,22:15       ,Erhardt    ,        51,        62,   113
2026.07.24,22:15        ,22:30       ,Erhardt    ,        69,        59,   128
2026.07.24,22:30        ,22:45       ,Erhardt    ,        63,        33,    96
2026.07.24,22:45        ,23:00       ,Erhardt    ,        48,        41,    89
2026.07.24,23:00        ,23:15       ,Erhardt    ,        34,        48,    82
2026.07.24,23:15        ,23:30       ,Erhardt    ,        56,        34,    90
2026.07.24,23:30        ,23:45       ,Erhardt    ,        24,        33,    57
2026.07.24,23:45        ,00:00       ,Erhardt    ,        34,        34,    68
2026.07.25,00:00        ,00:15       ,Erhardt    ,        57,        38,    95
2026.07.25,00:15        ,00:30       ,Erhardt    ,        10,        19,    29
2026.07.25,00:30        ,00:45       ,Erhardt    ,        18,        20,    38
2026.07.25,00:45        ,01:00       ,Erhardt    ,        19,        18,    37
2026.07.25,01:00        ,01:15       ,Erhardt    ,        22,        10,    32
2026.07.25,01:15        ,01:30       ,Erhardt    ,        11,        14,    25
2026.07.25,01:30        ,01:45       ,Erhardt    ,         8,        14,    22
2026.07.25,01:45        ,02:00       ,Erhardt    ,         7,        18,    25
2026.07.25,02:00        ,02:15       ,Erhardt    ,         6,        12,    18
2026.07.25,02:15        ,02:30       ,Erhardt    ,        14,         8,    22
2026.07.25,02:30        ,02:45       ,Erhardt    ,         6,         7,    13
2026.07.25,02:45        ,03:00       ,Erhardt    ,         3,         0,     3
2026.07.25,03:00        ,03:15       ,Erhardt    ,         4,         4,     8
2026.07.25,03:15        ,03:30       ,Erhardt    ,         3,         3,     6
2026.07.25,03:30        ,03:45       ,Erhardt    ,         2,         3,     5
2026.07.25,03:45        ,04:00       ,Erhardt    ,         5,         3,     8
2026.07.25,04:00        ,04:15       ,Erhardt    ,         4,         0,     4
2026.07.25,04:15        ,04:30       ,Erhardt    ,         1,         4,     5
2026.07.25,04:30        ,04:45       ,Erhardt    ,         9,         0,     9
2026.07.25,04:45        ,05:00       ,Erhardt    ,         3,         3,     6
2026.07.25,05:00        ,05:15       ,Erhardt    ,         5,         2,     7
2026.07.25,05:15        ,05:30       ,Erhardt    ,         2,         1,     3
2026.07.25,05:30        ,05:45       ,Erhardt    ,         4,         2,     6
2026.07.25,05:45        ,06:00       ,Erhardt    ,         8,         8,    16
2026.07.25,06:00        ,06:15       ,Erhardt    ,         2,         0,     2
2026.07.25,06:15        ,06:30       ,Erhardt    ,         6,         3,     9
2026.07.25,06:30        ,06:45       ,Erhardt    ,         4,         4,     8
2026.07.25,06:45        ,07:00       ,Erhardt    ,         7,         4,    11
2026.07.25,07:00        ,07:15       ,Erhardt    ,        15,         8,    23
2026.07.25,07:15        ,07:30       ,Erhardt    ,        10,        12,    22
2026.07.25,07:30        ,07:45       ,Erhardt    ,        18,         8,    26
2026.07.25,07:45        ,08:00       ,Erhardt    ,        12,        15,    27
2026.07.25,08:00        ,08:15       ,Erhardt    ,        18,         9,    27
2026.07.25,08:15        ,08:30       ,Erhardt    ,        20,        24,    44
2026.07.25,08:30        ,08:45       ,Erhardt    ,        31,        27,    58
2026.07.25,08:45        ,09:00       ,Erhardt    ,        41,        29,    70
2026.07.25,09:00        ,09:15       ,Erhardt    ,        45,        12,    57
2026.07.25,09:15        ,09:30       ,Erhardt    ,        51,        32,    83
2026.07.25,09:30        ,09:45       ,Erhardt    ,        47,        32,    79
2026.07.25,09:45        ,10:00       ,Erhardt    ,        82,        36,   118
2026.07.25,10:00        ,10:15       ,Erhardt    ,        52,        43,    95
2026.07.25,10:15        ,10:30       ,Erhardt    ,        74,        35,   109
2026.07.25,10:30        ,10:45       ,Erhardt    ,        68,        46,   114
2026.07.25,10:45        ,11:00       ,Erhardt    ,        67,        50,   117
2026.07.25,11:00        ,11:15       ,Erhardt    ,        70,        54,   124
2026.07.25,11:15        ,11:30       ,Erhardt    ,        61,        74,   135
2026.07.25,11:30        ,11:45       ,Erhardt    ,        58,        65,   123
2026.07.25,11:45        ,12:00       ,Erhardt    ,        64,        53,   117
2026.07.25,12:00        ,12:15       ,Erhardt    ,        68,        55,   123
2026.07.25,12:15        ,12:30       ,Erhardt    ,        62,        77,   139
2026.07.25,12:30        ,12:45       ,Erhardt    ,        84,        64,   148
2026.07.25,12:45        ,13:00       ,Erhardt    ,        76,        54,   130
2026.07.25,13:00        ,13:15       ,Erhardt    ,        74,        82,   156
2026.07.25,13:15        ,13:30       ,Erhardt    ,        72,        66,   138
2026.07.25,13:30        ,13:45       ,Erhardt    ,        85,        71,   156
2026.07.25,13:45        ,14:00       ,Erhardt    ,        93,        57,   150
2026.07.25,14:00        ,14:15       ,Erhardt    ,        80,        98,   178
2026.07.25,14:15        ,14:30       ,Erhardt    ,        55,        75,   130
2026.07.25,14:30        ,14:45       ,Erhardt    ,        94,        97,   191
2026.07.25,14:45        ,15:00       ,Erhardt    ,       100,        69,   169
2026.07.25,15:00        ,15:15       ,Erhardt    ,       107,        88,   195
2026.07.25,15:15        ,15:30       ,Erhardt    ,        83,        98,   181
2026.07.25,15:30        ,15:45       ,Erhardt    ,        98,        84,   182
2026.07.25,15:45        ,16:00       ,Erhardt    ,        82,        94,   176
2026.07.25,16:00        ,16:15       ,Erhardt    ,        75,        92,   167
2026.07.25,16:15        ,16:30       ,Erhardt    ,        88,        83,   171
2026.07.25,16:30        ,16:45       ,Erhardt    ,        67,        80,   147
2026.07.25,16:45        ,17:00       ,Erhardt    ,        74,        78,   152
2026.07.25,17:00        ,17:15       ,Erhardt    ,        79,       112,   191
2026.07.25,17:15        ,17:30       ,Erhardt    ,       129,       102,   231
2026.07.25,17:30        ,17:45       ,Erhardt    ,        94,        98,   192
2026.07.25,17:45        ,18:00       ,Erhardt    ,        99,        87,   186
2026.07.25,18:00        ,18:15       ,Erhardt    ,       110,        93,   203
2026.07.25,18:15        ,18:30       ,Erhardt    ,        96,        92,   188
2026.07.25,18:30        ,18:45       ,Erhardt    ,       103,        91,   194
2026.07.25,18:45        ,19:00       ,Erhardt    ,        83,        95,   178
2026.07.25,19:00        ,19:15       ,Erhardt    ,        82,        79,   161
2026.07.25,19:15        ,19:30       ,Erhardt    ,        66,        97,   163
2026.07.25,19:30        ,19:45       ,Erhardt    ,        83,        49,   132
2026.07.25,19:45        ,20:00       ,Erhardt    ,        86,        75,   161
2026.07.25,20:00        ,20:15       ,Erhardt    ,        61,        77,   138
2026.07.25,20:15        ,20:30       ,Erhardt    ,        53,        53,   106
2026.07.25,20:30        ,20:45       ,Erhardt    ,        55,        42,    97
2026.07.25,20:45        ,21:00       ,Erhardt    ,        48,        57,   105
2026.07.25,21:00        ,21:15       ,Erhardt    ,        66,        49,   115
2026.07.25,21:15        ,21:30       ,Erhardt    ,        42,        39,    81
2026.07.25,21:30        ,21:45       ,Erhardt    ,        50,        59,   109
2026.07.25,21:45        ,22:00       ,Erhardt    ,        47,        57,   104
2026.07.25,22:00        ,22:15       ,Erhardt    ,        46,        34,    80
2026.07.25,22:15        ,22:30       ,Erhardt    ,        33,        33,    66
2026.07.25,22:30        ,22:45       ,Erhardt    ,        31,        51,    82
2026.07.25,22:45        ,23:00       ,Erhardt    ,        39,        33,    72
2026.07.25,23:00        ,23:15       ,Erhardt    ,        18,        38,    56
2026.07.25,23:15        ,23:30       ,Erhardt    ,        38,        50,    88
2026.07.25,23:30        ,23:45       ,Erhardt    ,        31,        35,    66
2026.07.25,23:45        ,00:00       ,Erhardt    ,        34,        32,    66
2026.07.26,00:00        ,00:15       ,Erhardt    ,        29,        27,    56
2026.07.26,00:15        ,00:30       ,Erhardt    ,        13,        40,    53
2026.07.26,00:30        ,00:45       ,Erhardt    ,        14,        30,    44
2026.07.26,00:45        ,01:00       ,Erhardt    ,        12,        28,    40
2026.07.26,01:00        ,01:15       ,Erhardt    ,        12,        22,    34
2026.07.26,01:15        ,01:30       ,Erhardt    ,         6,        21,    27
2026.07.26,01:30        ,01:45       ,Erhardt    ,        10,        11,    21
2026.07.26,01:45        ,02:00       ,Erhardt    ,         8,        12,    20
2026.07.26,02:00        ,02:15       ,Erhardt    ,         6,        22,    28
2026.07.26,02:15        ,02:30       ,Erhardt    ,         5,        16,    21
2026.07.26,02:30        ,02:45       ,Erhardt    ,         4,        10,    14
2026.07.26,02:45        ,03:00       ,Erhardt    ,         4,         8,    12
2026.07.26,03:00        ,03:15       ,Erhardt    ,         3,        12,    15
2026.07.26,03:15        ,03:30       ,Erhardt    ,         3,         4,     7
2026.07.26,03:30        ,03:45       ,Erhardt    ,         3,         3,     6
2026.07.26,03:45        ,04:00       ,Erhardt    ,         5,         2,     7
2026.07.26,04:00        ,04:15       ,Erhardt    ,         3,         1,     4
2026.07.26,04:15        ,04:30       ,Erhardt    ,         0,         6,     6
2026.07.26,04:30        ,04:45       ,Erhardt    ,         1,         6,     7
2026.07.26,04:45        ,05:00       ,Erhardt    ,         5,         3,     8
2026.07.26,05:00        ,05:15       ,Erhardt    ,         1,         1,     2
2026.07.26,05:15        ,05:30       ,Erhardt    ,         7,         2,     9
2026.07.26,05:30        ,05:45       ,Erhardt    ,         4,         0,     4
2026.07.26,05:45        ,06:00       ,Erhardt    ,         0,         1,     1
2026.07.26,06:00        ,06:15       ,Erhardt    ,         0,         5,     5
2026.07.26,06:15        ,06:30       ,Erhardt    ,         5,         0,     5
2026.07.26,06:30        ,06:45       ,Erhardt    ,         1,         4,     5
2026.07.26,06:45        ,07:00       ,Erhardt    ,         1,         3,     4
2026.07.26,07:00        ,07:15       ,Erhardt    ,         3,         8,    11
2026.07.26,07:15        ,07:30       ,Erhardt    ,         8,         5,    13
2026.07.26,07:30        ,07:45       ,Erhardt    ,         6,         4,    10
2026.07.26,07:45        ,08:00       ,Erhardt    ,         7,         4,    11
2026.07.26,08:00        ,08:15       ,Erhardt    ,         6,        11,    17
2026.07.26,08:15        ,08:30       ,Erhardt    ,        10,        13,    23
2026.07.26,08:30        ,08:45       ,Erhardt    ,        10,        18,    28
2026.07.26,08:45        ,09:00       ,Erhardt    ,        18,        10,    28
2026.07.26,09:00        ,09:15       ,Erhardt    ,        19,         6,    25
2026.07.26,09:15        ,09:30       ,Erhardt    ,        18,        13,    31
2026.07.26,09:30        ,09:45       ,Erhardt    ,        32,        26,    58
2026.07.26,09:45        ,10:00       ,Erhardt    ,        35,        27,    62
2026.07.26,10:00        ,10:15       ,Erhardt    ,        18,        24,    42
2026.07.26,10:15        ,10:30       ,Erhardt    ,        19,        35,    54
2026.07.26,10:30        ,10:45       ,Erhardt    ,        37,        37,    74
2026.07.26,10:45        ,11:00       ,Erhardt    ,        35,        31,    66
2026.07.26,11:00        ,11:15       ,Erhardt    ,        45,        37,    82
2026.07.26,11:15        ,11:30       ,Erhardt    ,        56,        31,    87
2026.07.26,11:30        ,11:45       ,Erhardt    ,        47,        55,   102
2026.07.26,11:45        ,12:00       ,Erhardt    ,        46,        45,    91
2026.07.26,12:00        ,12:15       ,Erhardt    ,        46,        32,    78
2026.07.26,12:15        ,12:30       ,Erhardt    ,        51,        30,    81
2026.07.26,12:30        ,12:45       ,Erhardt    ,        44,        47,    91
2026.07.26,12:45        ,13:00       ,Erhardt    ,        54,        58,   112
2026.07.26,13:00        ,13:15       ,Erhardt    ,        46,        62,   108
2026.07.26,13:15        ,13:30       ,Erhardt    ,        55,        64,   119
2026.07.26,13:30        ,13:45       ,Erhardt    ,        42,        49,    91
2026.07.26,13:45        ,14:00       ,Erhardt    ,        59,        52,   111
2026.07.26,14:00        ,14:15       ,Erhardt    ,        54,        54,   108
2026.07.26,14:15        ,14:30       ,Erhardt    ,        52,        46,    98
2026.07.26,14:30        ,14:45       ,Erhardt    ,        42,        51,    93
2026.07.26,14:45        ,15:00       ,Erhardt    ,        47,        72,   119
2026.07.26,15:00        ,15:15       ,Erhardt    ,        53,        42,    95
2026.07.26,15:15        ,15:30       ,Erhardt    ,        74,        60,   134
2026.07.26,15:30        ,15:45       ,Erhardt    ,        65,        61,   126
2026.07.26,15:45        ,16:00       ,Erhardt    ,        32,        64,    96
2026.07.26,16:00        ,16:15       ,Erhardt    ,        58,        56,   114
2026.07.26,16:15        ,16:30       ,Erhardt    ,        61,        64,   125
2026.07.26,16:30        ,16:45       ,Erhardt    ,        60,        73,   133
2026.07.26,16:45        ,17:00       ,Erhardt    ,        84,        68,   152
2026.07.26,17:00        ,17:15       ,Erhardt    ,        64,        59,   123
2026.07.26,17:15        ,17:30       ,Erhardt    ,        52,        67,   119
2026.07.26,17:30        ,17:45       ,Erhardt    ,        55,        64,   119
2026.07.26,17:45        ,18:00       ,Erhardt    ,        48,        66,   114
2026.07.26,18:00        ,18:15       ,Erhardt    ,        60,        57,   117
2026.07.26,18:15        ,18:30       ,Erhardt    ,        54,        54,   108
2026.07.26,18:30        ,18:45       ,Erhardt    ,        79,        52,   131
2026.07.26,18:45        ,19:00       ,Erhardt    ,        53,        58,   111
2026.07.26,19:00        ,19:15       ,Erhardt    ,        51,        51,   102
2026.07.26,19:15        ,19:30       ,Erhardt    ,        44,        34,    78
2026.07.26,19:30        ,19:45       ,Erhardt    ,        44,        50,    94
2026.07.26,19:45        ,20:00       ,Erhardt    ,        40,        28,    68
2026.07.26,20:00        ,20:15       ,Erhardt    ,        24,        28,    52
2026.07.26,20:15        ,20:30       ,Erhardt    ,        32,        46,    78
2026.07.26,20:30        ,20:45       ,Erhardt    ,        24,        42,    66
2026.07.26,20:45        ,21:00       ,Erhardt    ,        36,        21,    57
2026.07.26,21:00        ,21:15       ,Erhardt    ,        24,        22,    46
2026.07.26,21:15        ,21:30       ,Erhardt    ,        21,        23,    44
2026.07.26,21:30        ,21:45       ,Erhardt    ,        30,        20,    50
2026.07.26,21:45        ,22:00       ,Erhardt    ,        19,        27,    46
2026.07.26,22:00        ,22:15       ,Erhardt    ,        20,        21,    41
2026.07.26,22:15        ,22:30       ,Erhardt    ,        10,        15,    25
2026.07.26,22:30        ,22:45       ,Erhardt    ,        15,        16,    31
2026.07.26,22:45        ,23:00       ,Erhardt    ,        14,         9,    23
2026.07.26,23:00        ,23:15       ,Erhardt    ,        12,        15,    27
2026.07.26,23:15        ,23:30       ,Erhardt    ,        12,         9,    21
2026.07.26,23:30        ,23:45       ,Erhardt    ,        21,         5,    26
2026.07.26,23:45        ,00:00       ,Erhardt    ,         5,         5,    10
2026.07.27,00:00        ,00:15       ,Erhardt    ,         1,         5,     6
2026.07.27,00:15        ,00:30       ,Erhardt    ,         3,         0,     3
2026.07.27,00:30        ,00:45       ,Erhardt    ,         2,         1,     3
2026.07.27,00:45        ,01:00       ,Erhardt    ,         3,         7,    10
2026.07.27,01:00        ,01:15       ,Erhardt    ,         0,         1,     1
2026.07.27,01:15        ,01:30       ,Erhardt    ,         1,         1,     2
2026.07.27,01:30        ,01:45       ,Erhardt    ,         1,         1,     2
2026.07.27,01:45        ,02:00       ,Erhardt    ,         0,         2,     2
2026.07.27,02:00        ,02:15       ,Erhardt    ,         1,         0,     1
2026.07.27,02:15        ,02:30       ,Erhardt    ,         1,         0,     1
2026.07.27,02:30        ,02:45       ,Erhardt    ,         0,         1,     1
2026.07.27,02:45        ,03:00       ,Erhardt    ,         0,         1,     1
2026.07.27,03:00        ,03:15       ,Erhardt    ,         1,         1,     2
2026.07.27,03:15        ,03:30       ,Erhardt    ,         0,         0,     0
2026.07.27,03:30        ,03:45       ,Erhardt    ,         2,         0,     2
2026.07.27,03:45        ,04:00       ,Erhardt    ,         0,         0,     0
2026.07.27,04:00        ,04:15       ,Erhardt    ,         0,         1,     1
2026.07.27,04:15        ,04:30       ,Erhardt    ,         2,         0,     2
2026.07.27,04:30        ,04:45       ,Erhardt    ,         2,         1,     3
2026.07.27,04:45        ,05:00       ,Erhardt    ,         0,         2,     2
2026.07.27,05:00        ,05:15       ,Erhardt    ,         2,         1,     3
2026.07.27,05:15        ,05:30       ,Erhardt    ,         4,         3,     7
2026.07.27,05:30        ,05:45       ,Erhardt    ,         7,         6,    13
2026.07.27,05:45        ,06:00       ,Erhardt    ,        12,        12,    24
2026.07.27,06:00        ,06:15       ,Erhardt    ,         7,         5,    12
2026.07.27,06:15        ,06:30       ,Erhardt    ,        13,        10,    23
2026.07.27,06:30        ,06:45       ,Erhardt    ,        21,        18,    39
2026.07.27,06:45        ,07:00       ,Erhardt    ,        22,        24,    46
2026.07.27,07:00        ,07:15       ,Erhardt    ,        29,        28,    57
2026.07.27,07:15        ,07:30       ,Erhardt    ,        46,        37,    83
2026.07.27,07:30        ,07:45       ,Erhardt    ,        69,        34,   103
2026.07.27,07:45        ,08:00       ,Erhardt    ,        90,        59,   149
2026.07.27,08:00        ,08:15       ,Erhardt    ,       102,        67,   169
2026.07.27,08:15        ,08:30       ,Erhardt    ,       102,        75,   177
2026.07.27,08:30        ,08:45       ,Erhardt    ,       112,        65,   177
2026.07.27,08:45        ,09:00       ,Erhardt    ,        61,        59,   120
2026.07.27,09:00        ,09:15       ,Erhardt    ,        48,        36,    84
2026.07.27,09:15        ,09:30       ,Erhardt    ,        35,        29,    64
2026.07.27,09:30        ,09:45       ,Erhardt    ,        23,        30,    53
2026.07.27,09:45        ,10:00       ,Erhardt    ,        20,        21,    41
2026.07.27,10:00        ,10:15       ,Erhardt    ,        19,        14,    33
2026.07.27,10:15        ,10:30       ,Erhardt    ,        18,        15,    33
2026.07.27,10:30        ,10:45       ,Erhardt    ,        21,        15,    36
2026.07.27,10:45        ,11:00       ,Erhardt    ,        16,        15,    31
2026.07.27,11:00        ,11:15       ,Erhardt    ,        13,        16,    29
2026.07.27,11:15        ,11:30       ,Erhardt    ,        28,        20,    48
2026.07.27,11:30        ,11:45       ,Erhardt    ,        15,        24,    39
2026.07.27,11:45        ,12:00       ,Erhardt    ,        20,        27,    47
2026.07.27,12:00        ,12:15       ,Erhardt    ,        28,        19,    47
2026.07.27,12:15        ,12:30       ,Erhardt    ,        21,        27,    48
2026.07.27,12:30        ,12:45       ,Erhardt    ,        38,        22,    60
2026.07.27,12:45        ,13:00       ,Erhardt    ,        29,        32,    61
2026.07.27,13:00        ,13:15       ,Erhardt    ,        28,        18,    46
2026.07.27,13:15        ,13:30       ,Erhardt    ,        41,        31,    72
2026.07.27,13:30        ,13:45       ,Erhardt    ,        31,        43,    74
2026.07.27,13:45        ,14:00       ,Erhardt    ,        43,        19,    62
2026.07.27,14:00        ,14:15       ,Erhardt    ,        34,        23,    57
2026.07.27,14:15        ,14:30       ,Erhardt    ,        32,        29,    61
2026.07.27,14:30        ,14:45       ,Erhardt    ,        43,        43,    86
2026.07.27,14:45        ,15:00       ,Erhardt    ,        60,        43,   103
2026.07.27,15:00        ,15:15       ,Erhardt    ,        50,        34,    84
2026.07.27,15:15        ,15:30       ,Erhardt    ,        53,        33,    86
2026.07.27,15:30        ,15:45       ,Erhardt    ,        41,        59,   100
2026.07.27,15:45        ,16:00       ,Erhardt    ,        39,        47,    86
2026.07.27,16:00        ,16:15       ,Erhardt    ,        57,        42,    99
2026.07.27,16:15        ,16:30       ,Erhardt    ,        79,        42,   121
2026.07.27,16:30        ,16:45       ,Erhardt    ,        66,        53,   119
2026.07.27,16:45        ,17:00       ,Erhardt    ,        78,        54,   132
2026.07.27,17:00        ,17:15       ,Erhardt    ,        82,        67,   149
2026.07.27,17:15        ,17:30       ,Erhardt    ,        99,        53,   152
2026.07.27,17:30        ,17:45       ,Erhardt    ,       110,        73,   183
2026.07.27,17:45        ,18:00       ,Erhardt    ,       119,        62,   181
2026.07.27,18:00        ,18:15       ,Erhardt    ,       114,        63,   177
2026.07.27,18:15        ,18:30       ,Erhardt    ,       125,        64,   189
2026.07.27,18:30        ,18:45       ,Erhardt    ,        92,        56,   148
2026.07.27,18:45        ,19:00       ,Erhardt    ,        99,        70,   169
2026.07.27,19:00        ,19:15       ,Erhardt    ,        80,        62,   142
2026.07.27,19:15        ,19:30       ,Erhardt    ,        65,        44,   109
2026.07.27,19:30        ,19:45       ,Erhardt    ,        48,        44,    92
2026.07.27,19:45        ,20:00       ,Erhardt    ,        52,        47,    99
2026.07.27,20:00        ,20:15       ,Erhardt    ,        41,        51,    92
2026.07.27,20:15        ,20:30       ,Erhardt    ,        49,        56,   105
2026.07.27,20:30        ,20:45       ,Erhardt    ,        31,        31,    62
2026.07.27,20:45        ,21:00       ,Erhardt    ,        36,        22,    58
2026.07.27,21:00        ,21:15       ,Erhardt    ,        25,        25,    50
2026.07.27,21:15        ,21:30       ,Erhardt    ,        45,        19,    64
2026.07.27,21:30        ,21:45       ,Erhardt    ,        36,        33,    69
2026.07.27,21:45        ,22:00       ,Erhardt    ,        28,        21,    49
2026.07.27,22:00        ,22:15       ,Erhardt    ,        26,        25,    51
2026.07.27,22:15        ,22:30       ,Erhardt    ,        27,        22,    49
2026.07.27,22:30        ,22:45       ,Erhardt    ,        34,        16,    50
2026.07.27,22:45        ,23:00       ,Erhardt    ,        22,        18,    40
2026.07.27,23:00        ,23:15       ,Erhardt    ,        27,        17,    44
2026.07.27,23:15        ,23:30       ,Erhardt    ,        15,         5,    20
2026.07.27,23:30        ,23:45       ,Erhardt    ,         8,         7,    15
2026.07.27,23:45        ,00:00       ,Erhardt    ,         8,         3,    11
2026.07.28,00:00        ,00:15       ,Erhardt    ,         6,         4,    10
2026.07.28,00:15        ,00:30       ,Erhardt    ,         3,         7,    10
2026.07.28,00:30        ,00:45       ,Erhardt    ,         9,         3,    12
2026.07.28,00:45        ,01:00       ,Erhardt    ,         5,         1,     6
2026.07.28,01:00        ,01:15       ,Erhardt    ,         1,         2,     3
2026.07.28,01:15        ,01:30       ,Erhardt    ,         2,         2,     4
2026.07.28,01:30        ,01:45       ,Erhardt    ,         0,         1,     1
2026.07.28,01:45        ,02:00       ,Erhardt    ,         6,         0,     6
2026.07.28,02:00        ,02:15       ,Erhardt    ,         2,         0,     2
2026.07.28,02:15        ,02:30       ,Erhardt    ,         0,         1,     1
2026.07.28,02:30        ,02:45       ,Erhardt    ,         2,         1,     3
2026.07.28,02:45        ,03:00       ,Erhardt    ,         1,         1,     2
2026.07.28,03:00        ,03:15       ,Erhardt    ,         1,         1,     2
2026.07.28,03:15        ,03:30       ,Erhardt    ,         1,         2,     3
2026.07.28,03:30        ,03:45       ,Erhardt    ,         0,         1,     1
2026.07.28,03:45        ,04:00       ,Erhardt    ,         0,         0,     0
2026.07.28,04:00        ,04:15       ,Erhardt    ,         0,         1,     1
2026.07.28,04:15        ,04:30       ,Erhardt    ,         1,         0,     1
2026.07.28,04:30        ,04:45       ,Erhardt    ,         2,         2,     4
2026.07.28,04:45        ,05:00       ,Erhardt    ,         1,         0,     1
2026.07.28,05:00        ,05:15       ,Erhardt    ,         2,         6,     8
2026.07.28,05:15        ,05:30       ,Erhardt    ,         5,         5,    10
2026.07.28,05:30        ,05:45       ,Erhardt    ,         8,         9,    17
2026.07.28,05:45        ,06:00       ,Erhardt    ,         9,        13,    22
2026.07.28,06:00        ,06:15       ,Erhardt    ,        15,         9,    24
2026.07.28,06:15        ,06:30       ,Erhardt    ,        34,        14,    48
2026.07.28,06:30        ,06:45       ,Erhardt    ,        31,        21,    52
2026.07.28,06:45        ,07:00       ,Erhardt    ,        33,        36,    69
2026.07.28,07:00        ,07:15       ,Erhardt    ,        48,        42,    90
2026.07.28,07:15        ,07:30       ,Erhardt    ,        60,        53,   113
2026.07.28,07:30        ,07:45       ,Erhardt    ,        91,        69,   160
2026.07.28,07:45        ,08:00       ,Erhardt    ,        88,        77,   165
2026.07.28,08:00        ,08:15       ,Erhardt    ,       131,        84,   215
2026.07.28,08:15        ,08:30       ,Erhardt    ,       133,        79,   212
2026.07.28,08:30        ,08:45       ,Erhardt    ,       112,       113,   225
2026.07.28,08:45        ,09:00       ,Erhardt    ,       124,       105,   229
2026.07.28,09:00        ,09:15       ,Erhardt    ,        96,        71,   167
2026.07.28,09:15        ,09:30       ,Erhardt    ,        60,        64,   124
2026.07.28,09:30        ,09:45       ,Erhardt    ,        58,        55,   113
2026.07.28,09:45        ,10:00       ,Erhardt    ,        52,        50,   102
2026.07.28,10:00        ,10:15       ,Erhardt    ,        37,        38,    75
2026.07.28,10:15        ,10:30       ,Erhardt    ,        33,        34,    67
2026.07.28,10:30        ,10:45       ,Erhardt    ,        35,        31,    66
2026.07.28,10:45        ,11:00       ,Erhardt    ,        51,        29,    80
2026.07.28,11:00        ,11:15       ,Erhardt    ,        35,        22,    57
2026.07.28,11:15        ,11:30       ,Erhardt    ,        46,        48,    94
2026.07.28,11:30        ,11:45       ,Erhardt    ,        44,        51,    95
2026.07.28,11:45        ,12:00       ,Erhardt    ,        38,        45,    83
2026.07.28,12:00        ,12:15       ,Erhardt    ,        46,        49,    95
2026.07.28,12:15        ,12:30       ,Erhardt    ,        59,        47,   106
2026.07.28,12:30        ,12:45       ,Erhardt    ,        46,        61,   107
2026.07.28,12:45        ,13:00       ,Erhardt    ,        54,        69,   123
2026.07.28,13:00        ,13:15       ,Erhardt    ,        44,        28,    72
2026.07.28,13:15        ,13:30       ,Erhardt    ,        49,        61,   110
2026.07.28,13:30        ,13:45       ,Erhardt    ,        70,        49,   119
2026.07.28,13:45        ,14:00       ,Erhardt    ,        61,        54,   115
2026.07.28,14:00        ,14:15       ,Erhardt    ,        64,        40,   104
2026.07.28,14:15        ,14:30       ,Erhardt    ,        64,        39,   103
2026.07.28,14:30        ,14:45       ,Erhardt    ,        76,        47,   123
2026.07.28,14:45        ,15:00       ,Erhardt    ,        77,        53,   130
2026.07.28,15:00        ,15:15       ,Erhardt    ,        62,        48,   110
2026.07.28,15:15        ,15:30       ,Erhardt    ,        60,        52,   112
2026.07.28,15:30        ,15:45       ,Erhardt    ,        77,        56,   133
2026.07.28,15:45        ,16:00       ,Erhardt    ,        98,        52,   150
2026.07.28,16:00        ,16:15       ,Erhardt    ,        89,        65,   154
2026.07.28,16:15        ,16:30       ,Erhardt    ,        94,        72,   166
2026.07.28,16:30        ,16:45       ,Erhardt    ,       102,        70,   172
2026.07.28,16:45        ,17:00       ,Erhardt    ,       121,        79,   200
2026.07.28,17:00        ,17:15       ,Erhardt    ,       131,        82,   213
2026.07.28,17:15        ,17:30       ,Erhardt    ,       127,       106,   233
2026.07.28,17:30        ,17:45       ,Erhardt    ,       148,        87,   235
2026.07.28,17:45        ,18:00       ,Erhardt    ,       191,       128,   319
2026.07.28,18:00        ,18:15       ,Erhardt    ,       170,       140,   310
2026.07.28,18:15        ,18:30       ,Erhardt    ,       189,       115,   304
2026.07.28,18:30        ,18:45       ,Erhardt    ,       150,       113,   263
2026.07.28,18:45        ,19:00       ,Erhardt    ,       165,       123,   288
2026.07.28,19:00        ,19:15       ,Erhardt    ,       142,        89,   231
2026.07.28,19:15        ,19:30       ,Erhardt    ,       116,        88,   204
2026.07.28,19:30        ,19:45       ,Erhardt    ,        86,        77,   163
2026.07.28,19:45        ,20:00       ,Erhardt    ,        87,        56,   143
2026.07.28,20:00        ,20:15       ,Erhardt    ,        75,        66,   141
2026.07.28,20:15        ,20:30       ,Erhardt    ,        75,        56,   131
2026.07.28,20:30        ,20:45       ,Erhardt    ,        72,        81,   153
2026.07.28,20:45        ,21:00       ,Erhardt    ,        58,        82,   140
2026.07.28,21:00        ,21:15       ,Erhardt    ,        50,        54,   104
2026.07.28,21:15        ,21:30       ,Erhardt    ,        66,        52,   118
2026.07.28,21:30        ,21:45       ,Erhardt    ,        58,        54,   112
2026.07.28,21:45        ,22:00       ,Erhardt    ,        43,        55,    98
2026.07.28,22:00        ,22:15       ,Erhardt    ,        43,        45,    88
2026.07.28,22:15        ,22:30       ,Erhardt    ,        52,        39,    91
2026.07.28,22:30        ,22:45       ,Erhardt    ,        62,        35,    97
2026.07.28,22:45        ,23:00       ,Erhardt    ,        21,        30,    51
2026.07.28,23:00        ,23:15       ,Erhardt    ,        48,        23,    71
2026.07.28,23:15        ,23:30       ,Erhardt    ,        30,        14,    44
2026.07.28,23:30        ,23:45       ,Erhardt    ,        18,        10,    28
2026.07.28,23:45        ,00:00       ,Erhardt    ,        19,        17,    36
2026.07.29,00:00        ,00:15       ,Erhardt    ,        13,        11,    24
2026.07.29,00:15        ,00:30       ,Erhardt    ,         9,         5,    14
2026.07.29,00:30        ,00:45       ,Erhardt    ,         3,         4,     7
2026.07.29,00:45        ,01:00       ,Erhardt    ,         4,         8,    12
2026.07.29,01:00        ,01:15       ,Erhardt    ,         3,         7,    10
2026.07.29,01:15        ,01:30       ,Erhardt    ,         3,         8,    11
2026.07.29,01:30        ,01:45       ,Erhardt    ,         6,         0,     6
2026.07.29,01:45        ,02:00       ,Erhardt    ,         0,         0,     0
2026.07.29,02:00        ,02:15       ,Erhardt    ,         0,         1,     1
2026.07.29,02:15        ,02:30       ,Erhardt    ,         3,         0,     3
2026.07.29,02:30        ,02:45       ,Erhardt    ,         0,         0,     0
2026.07.29,02:45        ,03:00       ,Erhardt    ,         1,         0,     1
2026.07.29,03:00        ,03:15       ,Erhardt    ,         2,         0,     2
2026.07.29,03:15        ,03:30       ,Erhardt    ,         2,         1,     3
2026.07.29,03:30        ,03:45       ,Erhardt    ,         0,         0,     0
2026.07.29,03:45        ,04:00       ,Erhardt    ,         0,         3,     3
2026.07.29,04:00        ,04:15       ,Erhardt    ,         2,         1,     3
2026.07.29,04:15        ,04:30       ,Erhardt    ,         2,         2,     4
2026.07.29,04:30        ,04:45       ,Erhardt    ,         1,         1,     2
2026.07.29,04:45        ,05:00       ,Erhardt    ,         1,         1,     2
2026.07.29,05:00        ,05:15       ,Erhardt    ,         5,         3,     8
2026.07.29,05:15        ,05:30       ,Erhardt    ,         2,         2,     4
2026.07.29,05:30        ,05:45       ,Erhardt    ,         9,         8,    17
2026.07.29,05:45        ,06:00       ,Erhardt    ,        13,        10,    23
2026.07.29,06:00        ,06:15       ,Erhardt    ,        10,        19,    29
2026.07.29,06:15        ,06:30       ,Erhardt    ,        24,        14,    38
2026.07.29,06:30        ,06:45       ,Erhardt    ,        24,        32,    56
2026.07.29,06:45        ,07:00       ,Erhardt    ,        29,        26,    55
2026.07.29,07:00        ,07:15       ,Erhardt    ,        65,        37,   102
2026.07.29,07:15        ,07:30       ,Erhardt    ,        53,        45,    98
2026.07.29,07:30        ,07:45       ,Erhardt    ,        81,        62,   143
2026.07.29,07:45        ,08:00       ,Erhardt    ,        97,        83,   180
2026.07.29,08:00        ,08:15       ,Erhardt    ,       133,        66,   199
2026.07.29,08:15        ,08:30       ,Erhardt    ,       144,        82,   226
2026.07.29,08:30        ,08:45       ,Erhardt    ,       131,       119,   250
2026.07.29,08:45        ,09:00       ,Erhardt    ,       123,        96,   219
2026.07.29,09:00        ,09:15       ,Erhardt    ,        77,        79,   156
2026.07.29,09:15        ,09:30       ,Erhardt    ,        85,        58,   143
2026.07.29,09:30        ,09:45       ,Erhardt    ,        58,        62,   120
2026.07.29,09:45        ,10:00       ,Erhardt    ,        43,        64,   107
2026.07.29,10:00        ,10:15       ,Erhardt    ,        47,        32,    79
2026.07.29,10:15        ,10:30       ,Erhardt    ,        29,        40,    69
2026.07.29,10:30        ,10:45       ,Erhardt    ,        49,        50,    99
2026.07.29,10:45        ,11:00       ,Erhardt    ,        49,        43,    92
2026.07.29,11:00        ,11:15       ,Erhardt    ,        53,        41,    94
2026.07.29,11:15        ,11:30       ,Erhardt    ,        47,        43,    90
2026.07.29,11:30        ,11:45       ,Erhardt    ,        35,        40,    75
2026.07.29,11:45        ,12:00       ,Erhardt    ,        77,        48,   125
2026.07.29,12:00        ,12:15       ,Erhardt    ,        52,        37,    89
2026.07.29,12:15        ,12:30       ,Erhardt    ,        40,        39,    79
2026.07.29,12:30        ,12:45       ,Erhardt    ,        68,        42,   110
2026.07.29,12:45        ,13:00       ,Erhardt    ,        65,        38,   103
2026.07.29,13:00        ,13:15       ,Erhardt    ,        48,        55,   103
2026.07.29,13:15        ,13:30       ,Erhardt    ,        47,        55,   102
2026.07.29,13:30        ,13:45       ,Erhardt    ,        67,        44,   111
2026.07.29,13:45        ,14:00       ,Erhardt    ,        68,        36,   104
2026.07.29,14:00        ,14:15       ,Erhardt    ,        59,        43,   102
2026.07.29,14:15        ,14:30       ,Erhardt    ,        56,        42,    98
2026.07.29,14:30        ,14:45       ,Erhardt    ,        75,        51,   126
2026.07.29,14:45        ,15:00       ,Erhardt    ,        47,        61,   108
2026.07.29,15:00        ,15:15       ,Erhardt    ,        72,        53,   125
2026.07.29,15:15        ,15:30       ,Erhardt    ,        84,        53,   137
2026.07.29,15:30        ,15:45       ,Erhardt    ,        90,        67,   157
2026.07.29,15:45        ,16:00       ,Erhardt    ,        66,        64,   130
2026.07.29,16:00        ,16:15       ,Erhardt    ,        90,        58,   148
2026.07.29,16:15        ,16:30       ,Erhardt    ,        87,        56,   143
2026.07.29,16:30        ,16:45       ,Erhardt    ,        95,        65,   160
2026.07.29,16:45        ,17:00       ,Erhardt    ,       112,        73,   185
2026.07.29,17:00        ,17:15       ,Erhardt    ,       127,        84,   211
2026.07.29,17:15        ,17:30       ,Erhardt    ,       164,        82,   246
2026.07.29,17:30        ,17:45       ,Erhardt    ,       174,        93,   267
2026.07.29,17:45        ,18:00       ,Erhardt    ,       188,        97,   285
2026.07.29,18:00        ,18:15       ,Erhardt    ,       162,       101,   263
2026.07.29,18:15        ,18:30       ,Erhardt    ,       170,       134,   304
2026.07.29,18:30        ,18:45       ,Erhardt    ,       152,       117,   269
2026.07.29,18:45        ,19:00       ,Erhardt    ,       163,       128,   291
2026.07.29,19:00        ,19:15       ,Erhardt    ,       126,       135,   261
2026.07.29,19:15        ,19:30       ,Erhardt    ,        95,        92,   187
2026.07.29,19:30        ,19:45       ,Erhardt    ,        76,        85,   161
2026.07.29,19:45        ,20:00       ,Erhardt    ,        94,        75,   169
2026.07.29,20:00        ,20:15       ,Erhardt    ,        75,        82,   157
2026.07.29,20:15        ,20:30       ,Erhardt    ,        91,        74,   165
2026.07.29,20:30        ,20:45       ,Erhardt    ,        78,        68,   146
2026.07.29,20:45        ,21:00       ,Erhardt    ,        73,        60,   133
2026.07.29,21:00        ,21:15       ,Erhardt    ,        74,        55,   129
2026.07.29,21:15        ,21:30       ,Erhardt    ,        66,        91,   157
2026.07.29,21:30        ,21:45       ,Erhardt    ,        53,        67,   120
2026.07.29,21:45        ,22:00       ,Erhardt    ,        75,        47,   122
2026.07.29,22:00        ,22:15       ,Erhardt    ,        78,        58,   136
2026.07.29,22:15        ,22:30       ,Erhardt    ,        66,        49,   115
2026.07.29,22:30        ,22:45       ,Erhardt    ,        35,        49,    84
2026.07.29,22:45        ,23:00       ,Erhardt    ,        52,        32,    84
2026.07.29,23:00        ,23:15       ,Erhardt    ,        49,        34,    83
2026.07.29,23:15        ,23:30       ,Erhardt    ,        38,        35,    73
2026.07.29,23:30        ,23:45       ,Erhardt    ,        18,        36,    54
2026.07.29,23:45        ,00:00       ,Erhardt    ,        13,        20,    33
2026.07.30,00:00        ,00:15       ,Erhardt    ,        11,        17,    28
2026.07.30,00:15        ,00:30       ,Erhardt    ,        16,        20,    36
2026.07.30,00:30        ,00:45       ,Erhardt    ,        18,         4,    22
2026.07.30,00:45        ,01:00       ,Erhardt    ,         8,         3,    11
2026.07.30,01:00        ,01:15       ,Erhardt    ,         4,         7,    11
2026.07.30,01:15        ,01:30       ,Erhardt    ,         3,         4,     7
2026.07.30,01:30        ,01:45       ,Erhardt    ,         3,         1,     4
2026.07.30,01:45        ,02:00       ,Erhardt    ,         4,         2,     6
2026.07.30,02:00        ,02:15       ,Erhardt    ,         3,         1,     4
2026.07.30,02:15        ,02:30       ,Erhardt    ,         1,         0,     1
2026.07.30,02:30        ,02:45       ,Erhardt    ,         1,         4,     5
2026.07.30,02:45        ,03:00       ,Erhardt    ,         4,         1,     5
2026.07.30,03:00        ,03:15       ,Erhardt    ,         1,         0,     1
2026.07.30,03:15        ,03:30       ,Erhardt    ,         1,         2,     3
2026.07.30,03:30        ,03:45       ,Erhardt    ,         3,         0,     3
2026.07.30,03:45        ,04:00       ,Erhardt    ,         1,         2,     3
2026.07.30,04:00        ,04:15       ,Erhardt    ,         1,         0,     1
2026.07.30,04:15        ,04:30       ,Erhardt    ,         0,         0,     0
2026.07.30,04:30        ,04:45       ,Erhardt    ,         0,         3,     3
2026.07.30,04:45        ,05:00       ,Erhardt    ,         2,         1,     3
2026.07.30,05:00        ,05:15       ,Erhardt    ,         2,         2,     4
2026.07.30,05:15        ,05:30       ,Erhardt    ,         4,         6,    10
2026.07.30,05:30        ,05:45       ,Erhardt    ,        13,         7,    20
2026.07.30,05:45        ,06:00       ,Erhardt    ,        14,        13,    27
2026.07.30,06:00        ,06:15       ,Erhardt    ,        21,        10,    31
2026.07.30,06:15        ,06:30       ,Erhardt    ,        30,        14,    44
2026.07.30,06:30        ,06:45       ,Erhardt    ,        33,        24,    57
2026.07.30,06:45        ,07:00       ,Erhardt    ,        33,        28,    61
2026.07.30,07:00        ,07:15       ,Erhardt    ,        63,        29,    92
2026.07.30,07:15        ,07:30       ,Erhardt    ,        68,        47,   115
2026.07.30,07:30        ,07:45       ,Erhardt    ,        83,        58,   141
2026.07.30,07:45        ,08:00       ,Erhardt    ,        91,        86,   177
2026.07.30,08:00        ,08:15       ,Erhardt    ,       118,        57,   175
2026.07.30,08:15        ,08:30       ,Erhardt    ,       118,        93,   211
2026.07.30,08:30        ,08:45       ,Erhardt    ,       110,        81,   191
2026.07.30,08:45        ,09:00       ,Erhardt    ,       103,       129,   232
2026.07.30,09:00        ,09:15       ,Erhardt    ,        70,        56,   126
2026.07.30,09:15        ,09:30       ,Erhardt    ,        69,        53,   122
2026.07.30,09:30        ,09:45       ,Erhardt    ,        59,        53,   112
2026.07.30,09:45        ,10:00       ,Erhardt    ,        74,        57,   131
2026.07.30,10:00        ,10:15       ,Erhardt    ,        50,        36,    86
2026.07.30,10:15        ,10:30       ,Erhardt    ,        50,        47,    97
2026.07.30,10:30        ,10:45       ,Erhardt    ,        35,        28,    63
2026.07.30,10:45        ,11:00       ,Erhardt    ,        49,        37,    86
2026.07.30,11:00        ,11:15       ,Erhardt    ,        43,        39,    82
2026.07.30,11:15        ,11:30       ,Erhardt    ,        39,        30,    69
2026.07.30,11:30        ,11:45       ,Erhardt    ,        49,        31,    80
2026.07.30,11:45        ,12:00       ,Erhardt    ,        52,        59,   111
2026.07.30,12:00        ,12:15       ,Erhardt    ,        48,        25,    73
2026.07.30,12:15        ,12:30       ,Erhardt    ,        52,        50,   102
2026.07.30,12:30        ,12:45       ,Erhardt    ,        52,        42,    94
2026.07.30,12:45        ,13:00       ,Erhardt    ,        47,        44,    91
2026.07.30,13:00        ,13:15       ,Erhardt    ,        53,        42,    95
2026.07.30,13:15        ,13:30       ,Erhardt    ,        45,        51,    96
2026.07.30,13:30        ,13:45       ,Erhardt    ,        73,        47,   120
2026.07.30,13:45        ,14:00       ,Erhardt    ,        50,        40,    90
2026.07.30,14:00        ,14:15       ,Erhardt    ,        76,        40,   116
2026.07.30,14:15        ,14:30       ,Erhardt    ,        59,        59,   118
2026.07.30,14:30        ,14:45       ,Erhardt    ,        74,        58,   132
2026.07.30,14:45        ,15:00       ,Erhardt    ,        76,        51,   127
2026.07.30,15:00        ,15:15       ,Erhardt    ,        70,        44,   114
2026.07.30,15:15        ,15:30       ,Erhardt    ,        74,        55,   129
2026.07.30,15:30        ,15:45       ,Erhardt    ,        83,        49,   132
2026.07.30,15:45        ,16:00       ,Erhardt    ,        71,        64,   135
2026.07.30,16:00        ,16:15       ,Erhardt    ,        83,        56,   139
2026.07.30,16:15        ,16:30       ,Erhardt    ,        87,        71,   158
2026.07.30,16:30        ,16:45       ,Erhardt    ,       111,        75,   186
2026.07.30,16:45        ,17:00       ,Erhardt    ,       116,        75,   191
2026.07.30,17:00        ,17:15       ,Erhardt    ,       118,        90,   208
2026.07.30,17:15        ,17:30       ,Erhardt    ,       137,        96,   233
2026.07.30,17:30        ,17:45       ,Erhardt    ,       141,       100,   241
2026.07.30,17:45        ,18:00       ,Erhardt    ,       158,       113,   271
2026.07.30,18:00        ,18:15       ,Erhardt    ,       178,       132,   310
2026.07.30,18:15        ,18:30       ,Erhardt    ,       159,       151,   310
2026.07.30,18:30        ,18:45       ,Erhardt    ,       143,       147,   290
2026.07.30,18:45        ,19:00       ,Erhardt    ,       144,       121,   265
2026.07.30,19:00        ,19:15       ,Erhardt    ,       126,       115,   241
2026.07.30,19:15        ,19:30       ,Erhardt    ,       106,       105,   211
2026.07.30,19:30        ,19:45       ,Erhardt    ,       104,        98,   202
2026.07.30,19:45        ,20:00       ,Erhardt    ,        89,        81,   170
2026.07.30,20:00        ,20:15       ,Erhardt    ,        71,        90,   161
2026.07.30,20:15        ,20:30       ,Erhardt    ,        81,        69,   150
2026.07.30,20:30        ,20:45       ,Erhardt    ,        71,        93,   164
2026.07.30,20:45        ,21:00       ,Erhardt    ,        83,        82,   165
2026.07.30,21:00        ,21:15       ,Erhardt    ,        84,        49,   133
2026.07.30,21:15        ,21:30       ,Erhardt    ,        61,        61,   122
2026.07.30,21:30        ,21:45       ,Erhardt    ,        69,        61,   130
2026.07.30,21:45        ,22:00       ,Erhardt    ,        74,        68,   142
2026.07.30,22:00        ,22:15       ,Erhardt    ,        60,        53,   113
2026.07.30,22:15        ,22:30       ,Erhardt    ,        73,        59,   132
2026.07.30,22:30        ,22:45       ,Erhardt    ,        58,        67,   125
2026.07.30,22:45        ,23:00       ,Erhardt    ,        38,        51,    89
2026.07.30,23:00        ,23:15       ,Erhardt    ,        40,        32,    72
2026.07.30,23:15        ,23:30       ,Erhardt    ,        43,        43,    86
2026.07.30,23:30        ,23:45       ,Erhardt    ,        25,        29,    54
2026.07.30,23:45        ,00:00       ,Erhardt    ,        32,        13,    45
2026.07.31,00:00        ,00:15       ,Erhardt    ,        35,        22,    57
2026.07.31,00:15        ,00:30       ,Erhardt    ,         9,        19,    28
2026.07.31,00:30        ,00:45       ,Erhardt    ,        18,        10,    28
2026.07.31,00:45        ,01:00       ,Erhardt    ,         8,        11,    19
2026.07.31,01:00        ,01:15       ,Erhardt    ,         3,         7,    10
2026.07.31,01:15        ,01:30       ,Erhardt    ,         5,         7,    12
2026.07.31,01:30        ,01:45       ,Erhardt    ,        17,         5,    22
2026.07.31,01:45        ,02:00       ,Erhardt    ,         5,         5,    10
2026.07.31,02:00        ,02:15       ,Erhardt    ,         6,         2,     8
2026.07.31,02:15        ,02:30       ,Erhardt    ,         4,         1,     5
2026.07.31,02:30        ,02:45       ,Erhardt    ,         3,         4,     7
2026.07.31,02:45        ,03:00       ,Erhardt    ,         1,         4,     5
2026.07.31,03:00        ,03:15       ,Erhardt    ,         1,         1,     2
2026.07.31,03:15        ,03:30       ,Erhardt    ,         3,         3,     6
2026.07.31,03:30        ,03:45       ,Erhardt    ,         4,         0,     4
2026.07.31,03:45        ,04:00       ,Erhardt    ,         0,         3,     3
2026.07.31,04:00        ,04:15       ,Erhardt    ,         2,         0,     2
2026.07.31,04:15        ,04:30       ,Erhardt    ,         1,         0,     1
2026.07.31,04:30        ,04:45       ,Erhardt    ,         0,         3,     3
2026.07.31,04:45        ,05:00       ,Erhardt    ,         2,         2,     4
2026.07.31,05:00        ,05:15       ,Erhardt    ,         1,         2,     3
2026.07.31,05:15        ,05:30       ,Erhardt    ,         4,         0,     4
2026.07.31,05:30        ,05:45       ,Erhardt    ,        17,         3,    20
2026.07.31,05:45        ,06:00       ,Erhardt    ,         7,        11,    18
2026.07.31,06:00        ,06:15       ,Erhardt    ,         8,         9,    17
2026.07.31,06:15        ,06:30       ,Erhardt    ,        20,        18,    38
2026.07.31,06:30        ,06:45       ,Erhardt    ,        21,        18,    39
2026.07.31,06:45        ,07:00       ,Erhardt    ,        28,        29,    57
2026.07.31,07:00        ,07:15       ,Erhardt    ,        32,        22,    54
2026.07.31,07:15        ,07:30       ,Erhardt    ,        56,        27,    83
2026.07.31,07:30        ,07:45       ,Erhardt    ,        53,        45,    98
2026.07.31,07:45        ,08:00       ,Erhardt    ,        66,        60,   126
2026.07.31,08:00        ,08:15       ,Erhardt    ,        61,        65,   126
2026.07.31,08:15        ,08:30       ,Erhardt    ,        84,        63,   147
2026.07.31,08:30        ,08:45       ,Erhardt    ,        68,        83,   151
2026.07.31,08:45        ,09:00       ,Erhardt    ,        61,        65,   126
2026.07.31,09:00        ,09:15       ,Erhardt    ,        58,        64,   122
2026.07.31,09:15        ,09:30       ,Erhardt    ,        49,        37,    86
2026.07.31,09:30        ,09:45       ,Erhardt    ,        50,        47,    97
2026.07.31,09:45        ,10:00       ,Erhardt    ,        53,        44,    97
2026.07.31,10:00        ,10:15       ,Erhardt    ,        42,        32,    74
2026.07.31,10:15        ,10:30       ,Erhardt    ,        45,        45,    90
2026.07.31,10:30        ,10:45       ,Erhardt    ,        38,        41,    79
2026.07.31,10:45        ,11:00       ,Erhardt    ,        38,        41,    79
2026.07.31,11:00        ,11:15       ,Erhardt    ,        35,        33,    68
2026.07.31,11:15        ,11:30       ,Erhardt    ,        41,        50,    91
2026.07.31,11:30        ,11:45       ,Erhardt    ,        40,        55,    95
2026.07.31,11:45        ,12:00       ,Erhardt    ,        46,        46,    92
2026.07.31,12:00        ,12:15       ,Erhardt    ,        46,        38,    84
2026.07.31,12:15        ,12:30       ,Erhardt    ,        54,        45,    99
2026.07.31,12:30        ,12:45       ,Erhardt    ,        48,        38,    86
2026.07.31,12:45        ,13:00       ,Erhardt    ,        64,        49,   113
2026.07.31,13:00        ,13:15       ,Erhardt    ,        55,        46,   101
2026.07.31,13:15        ,13:30       ,Erhardt    ,        65,        49,   114
2026.07.31,13:30        ,13:45       ,Erhardt    ,        61,        44,   105
2026.07.31,13:45        ,14:00       ,Erhardt    ,        48,        53,   101
2026.07.31,14:00        ,14:15       ,Erhardt    ,        59,        58,   117
2026.07.31,14:15        ,14:30       ,Erhardt    ,        71,        56,   127
2026.07.31,14:30        ,14:45       ,Erhardt    ,        80,        48,   128
2026.07.31,14:45        ,15:00       ,Erhardt    ,        79,        47,   126
2026.07.31,15:00        ,15:15       ,Erhardt    ,        62,        53,   115
2026.07.31,15:15        ,15:30       ,Erhardt    ,        80,        74,   154
2026.07.31,15:30        ,15:45       ,Erhardt    ,        76,        74,   150
2026.07.31,15:45        ,16:00       ,Erhardt    ,        73,        56,   129
2026.07.31,16:00        ,16:15       ,Erhardt    ,        75,        80,   155
2026.07.31,16:15        ,16:30       ,Erhardt    ,        80,        56,   136
2026.07.31,16:30        ,16:45       ,Erhardt    ,        88,        57,   145
2026.07.31,16:45        ,17:00       ,Erhardt    ,        98,        70,   168
2026.07.31,17:00        ,17:15       ,Erhardt    ,        87,        70,   157
2026.07.31,17:15        ,17:30       ,Erhardt    ,       103,        78,   181
2026.07.31,17:30        ,17:45       ,Erhardt    ,       101,        74,   175
2026.07.31,17:45        ,18:00       ,Erhardt    ,       124,        82,   206
2026.07.31,18:00        ,18:15       ,Erhardt    ,        96,        90,   186
2026.07.31,18:15        ,18:30       ,Erhardt    ,       126,        87,   213
2026.07.31,18:30        ,18:45       ,Erhardt    ,       106,        87,   193
2026.07.31,18:45        ,19:00       ,Erhardt    ,        97,       111,   208
2026.07.31,19:00        ,19:15       ,Erhardt    ,       110,        84,   194
2026.07.31,19:15        ,19:30       ,Erhardt    ,       124,        80,   204
2026.07.31,19:30        ,19:45       ,Erhardt    ,        73,        65,   138
2026.07.31,19:45        ,20:00       ,Erhardt    ,        39,        41,    80
2026.07.31,20:00        ,20:15       ,Erhardt    ,        32,        34,    66
2026.07.31,20:15        ,20:30       ,Erhardt    ,        33,        28,    61
2026.07.31,20:30        ,20:45       ,Erhardt    ,        20,        18,    38
2026.07.31,20:45        ,21:00       ,Erhardt    ,        21,        20,    41
2026.07.31,21:00        ,21:15       ,Erhardt    ,        26,        18,    44
2026.07.31,21:15        ,21:30       ,Erhardt    ,        29,        36,    65
2026.07.31,21:30        ,21:45       ,Erhardt    ,        35,        26,    61
2026.07.31,21:45        ,22:00       ,Erhardt    ,        29,        46,    75
2026.07.31,22:00        ,22:15       ,Erhardt    ,        44,        30,    74
2026.07.31,22:15        ,22:30       ,Erhardt    ,        34,        32,    66
2026.07.31,22:30        ,22:45       ,Erhardt    ,        22,        41,    63
2026.07.31,22:45        ,23:00       ,Erhardt    ,        23,        22,    45
2026.07.31,23:00        ,23:15       ,Erhardt    ,        16,        29,    45
2026.07.31,23:15        ,23:30       ,Erhardt    ,        28,        36,    64
2026.07.31,23:30        ,23:45       ,Erhardt    ,        20,        22,    42
2026.07.31,23:45        ,00:00       ,Erhardt    ,        15,        25,    40
