datum,uhrzeit_start,uhrzeit_ende,zaehlstelle,richtung_1,richtung_2,gesamt
2025.04.01,00:00,00:15,Arnulf,0,0,0
2025.04.01,00:15,00:30,Arnulf,1,0,1
2025.04.01,00:30,00:45,Arnulf,0,0,0
2025.04.01,00:45,01:00,Arnulf,0,0,0
2025.04.01,01:00,01:15,Arnulf,0,0,0
2025.04.01,01:15,01:30,Arnulf,0,0,0
2025.04.01,01:30,01:45,Arnulf,0,0,0
2025.04.01,01:45,02:00,Arnulf,2,0,2
2025.04.01,02:00,02:15,Arnulf,0,0,0
2025.04.01,02:15,02:30,Arnulf,1,0,1
2025.04.01,02:30,02:45,Arnulf,0,0,0
2025.04.01,02:45,03:00,Arnulf,1,0,1
2025.04.01,03:00,03:15,Arnulf,0,0,0
2025.04.01,03:15,03:30,Arnulf,0,0,0
2025.04.01,03:30,03:45,Arnulf,0,0,0
2025.04.01,03:45,04:00,Arnulf,0,0,0
2025.04.01,04:00,04:15,Arnulf,1,0,1
2025.04.01,04:15,04:30,Arnulf,0,0,0
2025.04.01,04:30,04:45,Arnulf,1,2,3
2025.04.01,04:45,05:00,Arnulf,0,0,0
2025.04.01,05:00,05:15,Arnulf,1,0,1
2025.04.01,05:15,05:30,Arnulf,4,0,4
2025.04.01,05:30,05:45,Arnulf,8,0,8
2025.04.01,05:45,06:00,Arnulf,7,0,7
2025.04.01,06:00,06:15,Arnulf,2,0,2
2025.04.01,06:15,06:30,Arnulf,5,0,5
2025.04.01,06:30,06:45,Arnulf,3,0,3
2025.04.01,06:45,07:00,Arnulf,12,1,13
2025.04.01,07:00,07:15,Arnulf,11,0,11
2025.04.01,07:15,07:30,Arnulf,19,0,19
2025.04.01,07:30,07:45,Arnulf,26,2,28
2025.04.01,07:45,08:00,Arnulf,30,1,31
2025.04.01,08:00,08:15,Arnulf,30,0,30
2025.04.01,08:15,08:30,Arnulf,32,3,35
2025.04.01,08:30,08:45,Arnulf,28,1,29
2025.04.01,08:45,09:00,Arnulf,38,1,39
2025.04.01,09:00,09:15,Arnulf,23,0,23
2025.04.01,09:15,09:30,Arnulf,17,1,18
2025.04.01,09:30,09:45,Arnulf,16,1,17
2025.04.01,09:45,10:00,Arnulf,16,1,17
2025.04.01,10:00,10:15,Arnulf,11,0,11
2025.04.01,10:15,10:30,Arnulf,10,0,10
2025.04.01,10:30,10:45,Arnulf,12,2,14
2025.04.01,10:45,11:00,Arnulf,13,0,13
2025.04.01,11:00,11:15,Arnulf,9,0,9
2025.04.01,11:15,11:30,Arnulf,10,1,11
2025.04.01,11:30,11:45,Arnulf,4,1,5
2025.04.01,11:45,12:00,Arnulf,9,1,10
2025.04.01,12:00,12:15,Arnulf,6,0,6
2025.04.01,12:15,12:30,Arnulf,9,1,10
2025.04.01,12:30,12:45,Arnulf,8,2,10
2025.04.01,12:45,13:00,Arnulf,10,1,11
2025.04.01,13:00,13:15,Arnulf,12,3,15
2025.04.01,13:15,13:30,Arnulf,13,0,13
2025.04.01,13:30,13:45,Arnulf,11,3,14
2025.04.01,13:45,14:00,Arnulf,9,0,9
2025.04.01,14:00,14:15,Arnulf,8,3,11
2025.04.01,14:15,14:30,Arnulf,9,0,9
2025.04.01,14:30,14:45,Arnulf,8,0,8
2025.04.01,14:45,15:00,Arnulf,11,4,15
2025.04.01,15:00,15:15,Arnulf,12,0,12
2025.04.01,15:15,15:30,Arnulf,13,0,13
2025.04.01,15:30,15:45,Arnulf,9,0,9
2025.04.01,15:45,16:00,Arnulf,14,1,15
2025.04.01,16:00,16:15,Arnulf,27,1,28
2025.04.01,16:15,16:30,Arnulf,18,3,21
2025.04.01,16:30,16:45,Arnulf,27,1,28
2025.04.01,16:45,17:00,Arnulf,24,2,26
2025.04.01,17:00,17:15,Arnulf,19,7,26
2025.04.01,17:15,17:30,Arnulf,28,4,32
2025.04.01,17:30,17:45,Arnulf,33,3,36
2025.04.01,17:45,18:00,Arnulf,28,4,32
2025.04.01,18:00,18:15,Arnulf,18,1,19
2025.04.01,18:15,18:30,Arnulf,31,2,33
2025.04.01,18:30,18:45,Arnulf,16,1,17
2025.04.01,18:45,19:00,Arnulf,24,4,28
2025.04.01,19:00,19:15,Arnulf,20,1,21
2025.04.01,19:15,19:30,Arnulf,15,2,17
2025.04.01,19:30,19:45,Arnulf,15,1,16
2025.04.01,19:45,20:00,Arnulf,4,0,4
2025.04.01,20:00,20:15,Arnulf,5,1,6
2025.04.01,20:15,20:30,Arnulf,4,0,4
2025.04.01,20:30,20:45,Arnulf,3,0,3
2025.04.01,20:45,21:00,Arnulf,3,0,3
2025.04.01,21:00,21:15,Arnulf,3,1,4
2025.04.01,21:15,21:30,Arnulf,2,1,3
2025.04.01,21:30,21:45,Arnulf,1,0,1
2025.04.01,21:45,22:00,Arnulf,3,0,3
2025.04.01,22:00,22:15,Arnulf,4,1,5
2025.04.01,22:15,22:30,Arnulf,8,0,8
2025.04.01,22:30,22:45,Arnulf,5,0,5
2025.04.01,22:45,23:00,Arnulf,4,2,6
2025.04.01,23:00,23:15,Arnulf,2,0,2
2025.04.01,23:15,23:30,Arnulf,3,0,3
2025.04.01,23:30,23:45,Arnulf,4,0,4
2025.04.01,23:45,00:00,Arnulf,1,0,1
2025.04.02,00:00,00:15,Arnulf,2,0,2
2025.04.02,00:15,00:30,Arnulf,1,0,1
2025.04.02,00:30,00:45,Arnulf,0,0,0
2025.04.02,00:45,01:00,Arnulf,1,0,1
2025.04.02,01:00,01:15,Arnulf,1,0,1
2025.04.02,01:15,01:30,Arnulf,1,0,1
2025.04.02,01:30,01:45,Arnulf,0,0,0
2025.04.02,01:45,02:00,Arnulf,0,0,0
2025.04.02,02:00,02:15,Arnulf,2,0,2
2025.04.02,02:15,02:30,Arnulf,2,0,2
2025.04.02,02:30,02:45,Arnulf,0,0,0
2025.04.02,02:45,03:00,Arnulf,0,0,0
2025.04.02,03:00,03:15,Arnulf,0,0,0
2025.04.02,03:15,03:30,Arnulf,0,0,0
2025.04.02,03:30,03:45,Arnulf,1,0,1
2025.04.02,03:45,04:00,Arnulf,1,0,1
2025.04.02,04:00,04:15,Arnulf,0,0,0
2025.04.02,04:15,04:30,Arnulf,0,0,0
2025.04.02,04:30,04:45,Arnulf,0,1,1
2025.04.02,04:45,05:00,Arnulf,0,0,0
2025.04.02,05:00,05:15,Arnulf,1,0,1
2025.04.02,05:15,05:30,Arnulf,4,0,4
2025.04.02,05:30,05:45,Arnulf,3,0,3
2025.04.02,05:45,06:00,Arnulf,8,0,8
2025.04.02,06:00,06:15,Arnulf,4,0,4
2025.04.02,06:15,06:30,Arnulf,5,2,7
2025.04.02,06:30,06:45,Arnulf,2,1,3
2025.04.02,06:45,07:00,Arnulf,18,2,20
2025.04.02,07:00,07:15,Arnulf,15,0,15
2025.04.02,07:15,07:30,Arnulf,23,0,23
2025.04.02,07:30,07:45,Arnulf,39,1,40
2025.04.02,07:45,08:00,Arnulf,31,0,31
2025.04.02,08:00,08:15,Arnulf,34,3,37
2025.04.02,08:15,08:30,Arnulf,60,1,61
2025.04.02,08:30,08:45,Arnulf,45,2,47
2025.04.02,08:45,09:00,Arnulf,42,5,47
2025.04.02,09:00,09:15,Arnulf,32,1,33
2025.04.02,09:15,09:30,Arnulf,24,0,24
2025.04.02,09:30,09:45,Arnulf,14,0,14
2025.04.02,09:45,10:00,Arnulf,19,0,19
2025.04.02,10:00,10:15,Arnulf,13,2,15
2025.04.02,10:15,10:30,Arnulf,15,0,15
2025.04.02,10:30,10:45,Arnulf,13,3,16
2025.04.02,10:45,11:00,Arnulf,16,0,16
2025.04.02,11:00,11:15,Arnulf,8,0,8
2025.04.02,11:15,11:30,Arnulf,16,0,16
2025.04.02,11:30,11:45,Arnulf,11,0,11
2025.04.02,11:45,12:00,Arnulf,15,1,16
2025.04.02,12:00,12:15,Arnulf,21,0,21
2025.04.02,12:15,12:30,Arnulf,9,0,9
2025.04.02,12:30,12:45,Arnulf,19,0,19
2025.04.02,12:45,13:00,Arnulf,12,2,14
2025.04.02,13:00,13:15,Arnulf,13,1,14
2025.04.02,13:15,13:30,Arnulf,21,0,21
2025.04.02,13:30,13:45,Arnulf,11,0,11
2025.04.02,13:45,14:00,Arnulf,10,1,11
2025.04.02,14:00,14:15,Arnulf,7,2,9
2025.04.02,14:15,14:30,Arnulf,11,1,12
2025.04.02,14:30,14:45,Arnulf,15,0,15
2025.04.02,14:45,15:00,Arnulf,14,2,16
2025.04.02,15:00,15:15,Arnulf,14,2,16
2025.04.02,15:15,15:30,Arnulf,13,1,14
2025.04.02,15:30,15:45,Arnulf,16,1,17
2025.04.02,15:45,16:00,Arnulf,18,1,19
2025.04.02,16:00,16:15,Arnulf,24,0,24
2025.04.02,16:15,16:30,Arnulf,22,1,23
2025.04.02,16:30,16:45,Arnulf,23,2,25
2025.04.02,16:45,17:00,Arnulf,27,1,28
2025.04.02,17:00,17:15,Arnulf,22,3,25
2025.04.02,17:15,17:30,Arnulf,35,1,36
2025.04.02,17:30,17:45,Arnulf,43,2,45
2025.04.02,17:45,18:00,Arnulf,36,2,38
2025.04.02,18:00,18:15,Arnulf,31,2,33
2025.04.02,18:15,18:30,Arnulf,31,1,32
2025.04.02,18:30,18:45,Arnulf,30,1,31
2025.04.02,18:45,19:00,Arnulf,30,4,34
2025.04.02,19:00,19:15,Arnulf,14,1,15
2025.04.02,19:15,19:30,Arnulf,26,0,26
2025.04.02,19:30,19:45,Arnulf,20,0,20
2025.04.02,19:45,20:00,Arnulf,13,0,13
2025.04.02,20:00,20:15,Arnulf,10,0,10
2025.04.02,20:15,20:30,Arnulf,18,1,19
2025.04.02,20:30,20:45,Arnulf,8,1,9
2025.04.02,20:45,21:00,Arnulf,8,0,8
2025.04.02,21:00,21:15,Arnulf,9,0,9
2025.04.02,21:15,21:30,Arnulf,6,1,7
2025.04.02,21:30,21:45,Arnulf,5,0,5
2025.04.02,21:45,22:00,Arnulf,4,1,5
2025.04.02,22:00,22:15,Arnulf,6,1,7
2025.04.02,22:15,22:30,Arnulf,5,0,5
2025.04.02,22:30,22:45,Arnulf,6,2,8
2025.04.02,22:45,23:00,Arnulf,4,0,4
2025.04.02,23:00,23:15,Arnulf,1,0,1
2025.04.02,23:15,23:30,Arnulf,2,0,2
2025.04.02,23:30,23:45,Arnulf,5,0,5
2025.04.02,23:45,00:00,Arnulf,1,0,1
2025.04.03,00:00,00:15,Arnulf,1,1,2
2025.04.03,00:15,00:30,Arnulf,2,0,2
2025.04.03,00:30,00:45,Arnulf,0,0,0
2025.04.03,00:45,01:00,Arnulf,0,0,0
2025.04.03,01:00,01:15,Arnulf,0,0,0
2025.04.03,01:15,01:30,Arnulf,0,0,0
2025.04.03,01:30,01:45,Arnulf,0,0,0
2025.04.03,01:45,02:00,Arnulf,0,0,0
2025.04.03,02:00,02:15,Arnulf,0,0,0
2025.04.03,02:15,02:30,Arnulf,0,0,0
2025.04.03,02:30,02:45,Arnulf,0,0,0
2025.04.03,02:45,03:00,Arnulf,0,0,0
2025.04.03,03:00,03:15,Arnulf,0,0,0
2025.04.03,03:15,03:30,Arnulf,0,0,0
2025.04.03,03:30,03:45,Arnulf,0,0,0
2025.04.03,03:45,04:00,Arnulf,0,0,0
2025.04.03,04:00,04:15,Arnulf,2,0,2
2025.04.03,04:15,04:30,Arnulf,0,0,0
2025.04.03,04:30,04:45,Arnulf,0,0,0
2025.04.03,04:45,05:00,Arnulf,1,2,3
2025.04.03,05:00,05:15,Arnulf,0,0,0
2025.04.03,05:15,05:30,Arnulf,2,1,3
2025.04.03,05:30,05:45,Arnulf,6,0,6
2025.04.03,05:45,06:00,Arnulf,2,0,2
2025.04.03,06:00,06:15,Arnulf,3,1,4
2025.04.03,06:15,06:30,Arnulf,6,0,6
2025.04.03,06:30,06:45,Arnulf,4,0,4
2025.04.03,06:45,07:00,Arnulf,16,1,17
2025.04.03,07:00,07:15,Arnulf,21,0,21
2025.04.03,07:15,07:30,Arnulf,27,0,27
2025.04.03,07:30,07:45,Arnulf,34,3,37
2025.04.03,07:45,08:00,Arnulf,41,2,43
2025.04.03,08:00,08:15,Arnulf,52,1,53
2025.04.03,08:15,08:30,Arnulf,44,1,45
2025.04.03,08:30,08:45,Arnulf,66,0,66
2025.04.03,08:45,09:00,Arnulf,47,2,49
2025.04.03,09:00,09:15,Arnulf,21,2,23
2025.04.03,09:15,09:30,Arnulf,21,0,21
2025.04.03,09:30,09:45,Arnulf,27,3,30
2025.04.03,09:45,10:00,Arnulf,17,4,21
2025.04.03,10:00,10:15,Arnulf,15,4,19
2025.04.03,10:15,10:30,Arnulf,15,2,17
2025.04.03,10:30,10:45,Arnulf,18,0,18
2025.04.03,10:45,11:00,Arnulf,15,0,15
2025.04.03,11:00,11:15,Arnulf,8,1,9
2025.04.03,11:15,11:30,Arnulf,17,0,17
2025.04.03,11:30,11:45,Arnulf,16,1,17
2025.04.03,11:45,12:00,Arnulf,18,0,18
2025.04.03,12:00,12:15,Arnulf,19,1,20
2025.04.03,12:15,12:30,Arnulf,22,0,22
2025.04.03,12:30,12:45,Arnulf,21,1,22
2025.04.03,12:45,13:00,Arnulf,13,0,13
2025.04.03,13:00,13:15,Arnulf,16,1,17
2025.04.03,13:15,13:30,Arnulf,21,0,21
2025.04.03,13:30,13:45,Arnulf,16,3,19
2025.04.03,13:45,14:00,Arnulf,24,2,26
2025.04.03,14:00,14:15,Arnulf,11,0,11
2025.04.03,14:15,14:30,Arnulf,13,1,14
2025.04.03,14:30,14:45,Arnulf,17,2,19
2025.04.03,14:45,15:00,Arnulf,20,3,23
2025.04.03,15:00,15:15,Arnulf,16,0,16
2025.04.03,15:15,15:30,Arnulf,25,0,25
2025.04.03,15:30,15:45,Arnulf,24,0,24
2025.04.03,15:45,16:00,Arnulf,24,1,25
2025.04.03,16:00,16:15,Arnulf,34,0,34
2025.04.03,16:15,16:30,Arnulf,25,0,25
2025.04.03,16:30,16:45,Arnulf,27,3,30
2025.04.03,16:45,17:00,Arnulf,36,1,37
2025.04.03,17:00,17:15,Arnulf,28,3,31
2025.04.03,17:15,17:30,Arnulf,42,3,45
2025.04.03,17:30,17:45,Arnulf,42,1,43
2025.04.03,17:45,18:00,Arnulf,46,0,46
2025.04.03,18:00,18:15,Arnulf,46,1,47
2025.04.03,18:15,18:30,Arnulf,43,6,49
2025.04.03,18:30,18:45,Arnulf,45,4,49
2025.04.03,18:45,19:00,Arnulf,40,2,42
2025.04.03,19:00,19:15,Arnulf,16,0,16
2025.04.03,19:15,19:30,Arnulf,31,2,33
2025.04.03,19:30,19:45,Arnulf,14,1,15
2025.04.03,19:45,20:00,Arnulf,20,2,22
2025.04.03,20:00,20:15,Arnulf,12,1,13
2025.04.03,20:15,20:30,Arnulf,7,2,9
2025.04.03,20:30,20:45,Arnulf,11,3,14
2025.04.03,20:45,21:00,Arnulf,6,0,6
2025.04.03,21:00,21:15,Arnulf,7,0,7
2025.04.03,21:15,21:30,Arnulf,7,1,8
2025.04.03,21:30,21:45,Arnulf,8,2,10
2025.04.03,21:45,22:00,Arnulf,15,3,18
2025.04.03,22:00,22:15,Arnulf,12,1,13
2025.04.03,22:15,22:30,Arnulf,6,0,6
2025.04.03,22:30,22:45,Arnulf,7,1,8
2025.04.03,22:45,23:00,Arnulf,11,2,13
2025.04.03,23:00,23:15,Arnulf,4,1,5
2025.04.03,23:15,23:30,Arnulf,1,2,3
2025.04.03,23:30,23:45,Arnulf,5,0,5
2025.04.03,23:45,00:00,Arnulf,7,0,7
2025.04.04,00:00,00:15,Arnulf,2,1,3
2025.04.04,00:15,00:30,Arnulf,4,1,5
2025.04.04,00:30,00:45,Arnulf,1,0,1
2025.04.04,00:45,01:00,Arnulf,2,0,2
2025.04.04,01:00,01:15,Arnulf,1,0,1
2025.04.04,01:15,01:30,Arnulf,1,0,1
2025.04.04,01:30,01:45,Arnulf,1,0,1
2025.04.04,01:45,02:00,Arnulf,0,0,0
2025.04.04,02:00,02:15,Arnulf,0,0,0
2025.04.04,02:15,02:30,Arnulf,0,1,1
2025.04.04,02:30,02:45,Arnulf,0,0,0
2025.04.04,02:45,03:00,Arnulf,0,0,0
2025.04.04,03:00,03:15,Arnulf,1,0,1
2025.04.04,03:15,03:30,Arnulf,0,1,1
2025.04.04,03:30,03:45,Arnulf,0,0,0
2025.04.04,03:45,04:00,Arnulf,1,0,1
2025.04.04,04:00,04:15,Arnulf,0,0,0
2025.04.04,04:15,04:30,Arnulf,0,0,0
2025.04.04,04:30,04:45,Arnulf,1,0,1
2025.04.04,04:45,05:00,Arnulf,2,2,4
2025.04.04,05:00,05:15,Arnulf,1,0,1
2025.04.04,05:15,05:30,Arnulf,3,0,3
2025.04.04,05:30,05:45,Arnulf,1,1,2
2025.04.04,05:45,06:00,Arnulf,3,0,3
2025.04.04,06:00,06:15,Arnulf,2,0,2
2025.04.04,06:15,06:30,Arnulf,5,0,5
2025.04.04,06:30,06:45,Arnulf,4,0,4
2025.04.04,06:45,07:00,Arnulf,11,0,11
2025.04.04,07:00,07:15,Arnulf,10,0,10
2025.04.04,07:15,07:30,Arnulf,11,1,12
2025.04.04,07:30,07:45,Arnulf,27,1,28
2025.04.04,07:45,08:00,Arnulf,38,0,38
2025.04.04,08:00,08:15,Arnulf,34,2,36
2025.04.04,08:15,08:30,Arnulf,31,1,32
2025.04.04,08:30,08:45,Arnulf,42,0,42
2025.04.04,08:45,09:00,Arnulf,37,3,40
2025.04.04,09:00,09:15,Arnulf,24,2,26
2025.04.04,09:15,09:30,Arnulf,24,1,25
2025.04.04,09:30,09:45,Arnulf,18,0,18
2025.04.04,09:45,10:00,Arnulf,23,1,24
2025.04.04,10:00,10:15,Arnulf,14,0,14
2025.04.04,10:15,10:30,Arnulf,24,1,25
2025.04.04,10:30,10:45,Arnulf,15,0,15
2025.04.04,10:45,11:00,Arnulf,12,0,12
2025.04.04,11:00,11:15,Arnulf,16,3,19
2025.04.04,11:15,11:30,Arnulf,19,0,19
2025.04.04,11:30,11:45,Arnulf,16,2,18
2025.04.04,11:45,12:00,Arnulf,19,1,20
2025.04.04,12:00,12:15,Arnulf,15,2,17
2025.04.04,12:15,12:30,Arnulf,19,0,19
2025.04.04,12:30,12:45,Arnulf,23,1,24
2025.04.04,12:45,13:00,Arnulf,13,1,14
2025.04.04,13:00,13:15,Arnulf,24,1,25
2025.04.04,13:15,13:30,Arnulf,15,1,16
2025.04.04,13:30,13:45,Arnulf,26,1,27
2025.04.04,13:45,14:00,Arnulf,23,0,23
2025.04.04,14:00,14:15,Arnulf,27,0,27
2025.04.04,14:15,14:30,Arnulf,19,0,19
2025.04.04,14:30,14:45,Arnulf,23,1,24
2025.04.04,14:45,15:00,Arnulf,17,0,17
2025.04.04,15:00,15:15,Arnulf,24,0,24
2025.04.04,15:15,15:30,Arnulf,36,3,39
2025.04.04,15:30,15:45,Arnulf,30,1,31
2025.04.04,15:45,16:00,Arnulf,34,1,35
2025.04.04,16:00,16:15,Arnulf,24,0,24
2025.04.04,16:15,16:30,Arnulf,17,3,20
2025.04.04,16:30,16:45,Arnulf,39,2,41
2025.04.04,16:45,17:00,Arnulf,29,2,31
2025.04.04,17:00,17:15,Arnulf,33,3,36
2025.04.04,17:15,17:30,Arnulf,39,0,39
2025.04.04,17:30,17:45,Arnulf,31,4,35
2025.04.04,17:45,18:00,Arnulf,24,1,25
2025.04.04,18:00,18:15,Arnulf,32,0,32
2025.04.04,18:15,18:30,Arnulf,28,0,28
2025.04.04,18:30,18:45,Arnulf,20,0,20
2025.04.04,18:45,19:00,Arnulf,37,2,39
2025.04.04,19:00,19:15,Arnulf,23,4,27
2025.04.04,19:15,19:30,Arnulf,22,0,22
2025.04.04,19:30,19:45,Arnulf,24,2,26
2025.04.04,19:45,20:00,Arnulf,17,2,19
2025.04.04,20:00,20:15,Arnulf,11,1,12
2025.04.04,20:15,20:30,Arnulf,12,2,14
2025.04.04,20:30,20:45,Arnulf,16,2,18
2025.04.04,20:45,21:00,Arnulf,10,0,10
2025.04.04,21:00,21:15,Arnulf,6,0,6
2025.04.04,21:15,21:30,Arnulf,9,0,9
2025.04.04,21:30,21:45,Arnulf,6,1,7
2025.04.04,21:45,22:00,Arnulf,16,3,19
2025.04.04,22:00,22:15,Arnulf,10,1,11
2025.04.04,22:15,22:30,Arnulf,4,1,5
2025.04.04,22:30,22:45,Arnulf,10,0,10
2025.04.04,22:45,23:00,Arnulf,6,3,9
2025.04.04,23:00,23:15,Arnulf,11,0,11
2025.04.04,23:15,23:30,Arnulf,4,0,4
2025.04.04,23:30,23:45,Arnulf,4,0,4
2025.04.04,23:45,00:00,Arnulf,9,1,10
2025.04.05,00:00,00:15,Arnulf,7,1,8
2025.04.05,00:15,00:30,Arnulf,2,0,2
2025.04.05,00:30,00:45,Arnulf,6,2,8
2025.04.05,00:45,01:00,Arnulf,3,1,4
2025.04.05,01:00,01:15,Arnulf,4,0,4
2025.04.05,01:15,01:30,Arnulf,3,1,4
2025.04.05,01:30,01:45,Arnulf,4,1,5
2025.04.05,01:45,02:00,Arnulf,2,1,3
2025.04.05,02:00,02:15,Arnulf,1,0,1
2025.04.05,02:15,02:30,Arnulf,0,0,0
2025.04.05,02:30,02:45,Arnulf,3,0,3
2025.04.05,02:45,03:00,Arnulf,2,0,2
2025.04.05,03:00,03:15,Arnulf,1,0,1
2025.04.05,03:15,03:30,Arnulf,3,0,3
2025.04.05,03:30,03:45,Arnulf,1,0,1
2025.04.05,03:45,04:00,Arnulf,0,0,0
2025.04.05,04:00,04:15,Arnulf,1,1,2
2025.04.05,04:15,04:30,Arnulf,0,0,0
2025.04.05,04:30,04:45,Arnulf,0,0,0
2025.04.05,04:45,05:00,Arnulf,1,0,1
2025.04.05,05:00,05:15,Arnulf,1,0,1
2025.04.05,05:15,05:30,Arnulf,1,0,1
2025.04.05,05:30,05:45,Arnulf,1,1,2
2025.04.05,05:45,06:00,Arnulf,3,0,3
2025.04.05,06:00,06:15,Arnulf,0,0,0
2025.04.05,06:15,06:30,Arnulf,2,0,2
2025.04.05,06:30,06:45,Arnulf,4,0,4
2025.04.05,06:45,07:00,Arnulf,4,0,4
2025.04.05,07:00,07:15,Arnulf,4,0,4
2025.04.05,07:15,07:30,Arnulf,9,0,9
2025.04.05,07:30,07:45,Arnulf,2,0,2
2025.04.05,07:45,08:00,Arnulf,8,0,8
2025.04.05,08:00,08:15,Arnulf,12,0,12
2025.04.05,08:15,08:30,Arnulf,9,0,9
2025.04.05,08:30,08:45,Arnulf,12,0,12
2025.04.05,08:45,09:00,Arnulf,11,0,11
2025.04.05,09:00,09:15,Arnulf,15,0,15
2025.04.05,09:15,09:30,Arnulf,12,0,12
2025.04.05,09:30,09:45,Arnulf,23,0,23
2025.04.05,09:45,10:00,Arnulf,23,0,23
2025.04.05,10:00,10:15,Arnulf,17,2,19
2025.04.05,10:15,10:30,Arnulf,23,0,23
2025.04.05,10:30,10:45,Arnulf,18,0,18
2025.04.05,10:45,11:00,Arnulf,23,0,23
2025.04.05,11:00,11:15,Arnulf,15,0,15
2025.04.05,11:15,11:30,Arnulf,17,0,17
2025.04.05,11:30,11:45,Arnulf,16,2,18
2025.04.05,11:45,12:00,Arnulf,29,0,29
2025.04.05,12:00,12:15,Arnulf,18,1,19
2025.04.05,12:15,12:30,Arnulf,34,0,34
2025.04.05,12:30,12:45,Arnulf,19,0,19
2025.04.05,12:45,13:00,Arnulf,24,0,24
2025.04.05,13:00,13:15,Arnulf,18,0,18
2025.04.05,13:15,13:30,Arnulf,29,0,29
2025.04.05,13:30,13:45,Arnulf,24,2,26
2025.04.05,13:45,14:00,Arnulf,31,3,34
2025.04.05,14:00,14:15,Arnulf,28,2,30
2025.04.05,14:15,14:30,Arnulf,22,0,22
2025.04.05,14:30,14:45,Arnulf,22,3,25
2025.04.05,14:45,15:00,Arnulf,26,0,26
2025.04.05,15:00,15:15,Arnulf,20,1,21
2025.04.05,15:15,15:30,Arnulf,27,0,27
2025.04.05,15:30,15:45,Arnulf,32,2,34
2025.04.05,15:45,16:00,Arnulf,14,0,14
2025.04.05,16:00,16:15,Arnulf,28,2,30
2025.04.05,16:15,16:30,Arnulf,16,1,17
2025.04.05,16:30,16:45,Arnulf,18,2,20
2025.04.05,16:45,17:00,Arnulf,18,0,18
2025.04.05,17:00,17:15,Arnulf,19,6,25
2025.04.05,17:15,17:30,Arnulf,21,1,22
2025.04.05,17:30,17:45,Arnulf,31,0,31
2025.04.05,17:45,18:00,Arnulf,48,2,50
2025.04.05,18:00,18:15,Arnulf,26,0,26
2025.04.05,18:15,18:30,Arnulf,24,1,25
2025.04.05,18:30,18:45,Arnulf,13,2,15
2025.04.05,18:45,19:00,Arnulf,16,1,17
2025.04.05,19:00,19:15,Arnulf,13,3,16
2025.04.05,19:15,19:30,Arnulf,13,1,14
2025.04.05,19:30,19:45,Arnulf,13,0,13
2025.04.05,19:45,20:00,Arnulf,18,1,19
2025.04.05,20:00,20:15,Arnulf,19,2,21
2025.04.05,20:15,20:30,Arnulf,10,1,11
2025.04.05,20:30,20:45,Arnulf,7,0,7
2025.04.05,20:45,21:00,Arnulf,10,2,12
2025.04.05,21:00,21:15,Arnulf,4,2,6
2025.04.05,21:15,21:30,Arnulf,4,0,4
2025.04.05,21:30,21:45,Arnulf,6,0,6
2025.04.05,21:45,22:00,Arnulf,10,1,11
2025.04.05,22:00,22:15,Arnulf,13,0,13
2025.04.05,22:15,22:30,Arnulf,5,0,5
2025.04.05,22:30,22:45,Arnulf,7,1,8
2025.04.05,22:45,23:00,Arnulf,3,1,4
2025.04.05,23:00,23:15,Arnulf,10,1,11
2025.04.05,23:15,23:30,Arnulf,5,0,5
2025.04.05,23:30,23:45,Arnulf,1,0,1
2025.04.05,23:45,00:00,Arnulf,2,5,7
2025.04.06,00:00,00:15,Arnulf,2,0,2
2025.04.06,00:15,00:30,Arnulf,1,2,3
2025.04.06,00:30,00:45,Arnulf,2,2,4
2025.04.06,00:45,01:00,Arnulf,0,0,0
2025.04.06,01:00,01:15,Arnulf,1,1,2
2025.04.06,01:15,01:30,Arnulf,2,0,2
2025.04.06,01:30,01:45,Arnulf,3,0,3
2025.04.06,01:45,02:00,Arnulf,7,0,7
2025.04.06,02:00,02:15,Arnulf,1,0,1
2025.04.06,02:15,02:30,Arnulf,1,0,1
2025.04.06,02:30,02:45,Arnulf,1,0,1
2025.04.06,02:45,03:00,Arnulf,1,0,1
2025.04.06,03:00,03:15,Arnulf,0,0,0
2025.04.06,03:15,03:30,Arnulf,1,0,1
2025.04.06,03:30,03:45,Arnulf,0,0,0
2025.04.06,03:45,04:00,Arnulf,0,0,0
2025.04.06,04:00,04:15,Arnulf,0,0,0
2025.04.06,04:15,04:30,Arnulf,0,0,0
2025.04.06,04:30,04:45,Arnulf,0,0,0
2025.04.06,04:45,05:00,Arnulf,0,0,0
2025.04.06,05:00,05:15,Arnulf,0,0,0
2025.04.06,05:15,05:30,Arnulf,0,0,0
2025.04.06,05:30,05:45,Arnulf,0,1,1
2025.04.06,05:45,06:00,Arnulf,1,0,1
2025.04.06,06:00,06:15,Arnulf,1,0,1
2025.04.06,06:15,06:30,Arnulf,2,0,2
2025.04.06,06:30,06:45,Arnulf,1,0,1
2025.04.06,06:45,07:00,Arnulf,2,0,2
2025.04.06,07:00,07:15,Arnulf,4,1,5
2025.04.06,07:15,07:30,Arnulf,3,0,3
2025.04.06,07:30,07:45,Arnulf,0,0,0
2025.04.06,07:45,08:00,Arnulf,3,0,3
2025.04.06,08:00,08:15,Arnulf,5,0,5
2025.04.06,08:15,08:30,Arnulf,9,0,9
2025.04.06,08:30,08:45,Arnulf,10,0,10
2025.04.06,08:45,09:00,Arnulf,5,0,5
2025.04.06,09:00,09:15,Arnulf,4,0,4
2025.04.06,09:15,09:30,Arnulf,7,1,8
2025.04.06,09:30,09:45,Arnulf,8,0,8
2025.04.06,09:45,10:00,Arnulf,7,3,10
2025.04.06,10:00,10:15,Arnulf,5,0,5
2025.04.06,10:15,10:30,Arnulf,10,0,10
2025.04.06,10:30,10:45,Arnulf,12,0,12
2025.04.06,10:45,11:00,Arnulf,14,0,14
2025.04.06,11:00,11:15,Arnulf,6,0,6
2025.04.06,11:15,11:30,Arnulf,9,0,9
2025.04.06,11:30,11:45,Arnulf,12,1,13
2025.04.06,11:45,12:00,Arnulf,10,1,11
2025.04.06,12:00,12:15,Arnulf,13,0,13
2025.04.06,12:15,12:30,Arnulf,10,1,11
2025.04.06,12:30,12:45,Arnulf,8,0,8
2025.04.06,12:45,13:00,Arnulf,12,1,13
2025.04.06,13:00,13:15,Arnulf,12,1,13
2025.04.06,13:15,13:30,Arnulf,18,0,18
2025.04.06,13:30,13:45,Arnulf,19,1,20
2025.04.06,13:45,14:00,Arnulf,12,0,12
2025.04.06,14:00,14:15,Arnulf,20,0,20
2025.04.06,14:15,14:30,Arnulf,11,1,12
2025.04.06,14:30,14:45,Arnulf,8,3,11
2025.04.06,14:45,15:00,Arnulf,14,0,14
2025.04.06,15:00,15:15,Arnulf,17,2,19
2025.04.06,15:15,15:30,Arnulf,11,0,11
2025.04.06,15:30,15:45,Arnulf,14,1,15
2025.04.06,15:45,16:00,Arnulf,12,2,14
2025.04.06,16:00,16:15,Arnulf,15,0,15
2025.04.06,16:15,16:30,Arnulf,7,0,7
2025.04.06,16:30,16:45,Arnulf,13,2,15
2025.04.06,16:45,17:00,Arnulf,13,1,14
2025.04.06,17:00,17:15,Arnulf,9,1,10
2025.04.06,17:15,17:30,Arnulf,14,0,14
2025.04.06,17:30,17:45,Arnulf,16,3,19
2025.04.06,17:45,18:00,Arnulf,14,2,16
2025.04.06,18:00,18:15,Arnulf,10,1,11
2025.04.06,18:15,18:30,Arnulf,14,0,14
2025.04.06,18:30,18:45,Arnulf,8,1,9
2025.04.06,18:45,19:00,Arnulf,7,0,7
2025.04.06,19:00,19:15,Arnulf,8,1,9
2025.04.06,19:15,19:30,Arnulf,12,2,14
2025.04.06,19:30,19:45,Arnulf,7,2,9
2025.04.06,19:45,20:00,Arnulf,11,1,12
2025.04.06,20:00,20:15,Arnulf,8,1,9
2025.04.06,20:15,20:30,Arnulf,5,0,5
2025.04.06,20:30,20:45,Arnulf,1,1,2
2025.04.06,20:45,21:00,Arnulf,1,0,1
2025.04.06,21:00,21:15,Arnulf,11,5,16
2025.04.06,21:15,21:30,Arnulf,6,0,6
2025.04.06,21:30,21:45,Arnulf,3,1,4
2025.04.06,21:45,22:00,Arnulf,3,1,4
2025.04.06,22:00,22:15,Arnulf,10,0,10
2025.04.06,22:15,22:30,Arnulf,4,0,4
2025.04.06,22:30,22:45,Arnulf,3,0,3
2025.04.06,22:45,23:00,Arnulf,2,0,2
2025.04.06,23:00,23:15,Arnulf,0,1,1
2025.04.06,23:15,23:30,Arnulf,3,0,3
2025.04.06,23:30,23:45,Arnulf,2,0,2
2025.04.06,23:45,00:00,Arnulf,1,1,2
2025.04.07,00:00,00:15,Arnulf,1,0,1
2025.04.07,00:15,00:30,Arnulf,1,0,1
2025.04.07,00:30,00:45,Arnulf,1,0,1
2025.04.07,00:45,01:00,Arnulf,0,0,0
2025.04.07,01:00,01:15,Arnulf,0,0,0
2025.04.07,01:15,01:30,Arnulf,0,0,0
2025.04.07,01:30,01:45,Arnulf,0,0,0
2025.04.07,01:45,02:00,Arnulf,5,0,5
2025.04.07,02:00,02:15,Arnulf,1,0,1
2025.04.07,02:15,02:30,Arnulf,1,0,1
2025.04.07,02:30,02:45,Arnulf,1,0,1
2025.04.07,02:45,03:00,Arnulf,0,0,0
2025.04.07,03:00,03:15,Arnulf,0,0,0
2025.04.07,03:15,03:30,Arnulf,0,0,0
2025.04.07,03:30,03:45,Arnulf,1,0,1
2025.04.07,03:45,04:00,Arnulf,1,0,1
2025.04.07,04:00,04:15,Arnulf,2,0,2
2025.04.07,04:15,04:30,Arnulf,0,0,0
2025.04.07,04:30,04:45,Arnulf,1,0,1
2025.04.07,04:45,05:00,Arnulf,1,2,3
2025.04.07,05:00,05:15,Arnulf,1,0,1
2025.04.07,05:15,05:30,Arnulf,3,0,3
2025.04.07,05:30,05:45,Arnulf,4,0,4
2025.04.07,05:45,06:00,Arnulf,4,0,4
2025.04.07,06:00,06:15,Arnulf,5,0,5
2025.04.07,06:15,06:30,Arnulf,7,2,9
2025.04.07,06:30,06:45,Arnulf,11,1,12
2025.04.07,06:45,07:00,Arnulf,14,3,17
2025.04.07,07:00,07:15,Arnulf,14,2,16
2025.04.07,07:15,07:30,Arnulf,30,0,30
2025.04.07,07:30,07:45,Arnulf,25,1,26
2025.04.07,07:45,08:00,Arnulf,32,3,35
2025.04.07,08:00,08:15,Arnulf,34,1,35
2025.04.07,08:15,08:30,Arnulf,52,0,52
2025.04.07,08:30,08:45,Arnulf,48,1,49
2025.04.07,08:45,09:00,Arnulf,44,1,45
2025.04.07,09:00,09:15,Arnulf,26,4,30
2025.04.07,09:15,09:30,Arnulf,22,1,23
2025.04.07,09:30,09:45,Arnulf,24,0,24
2025.04.07,09:45,10:00,Arnulf,12,1,13
2025.04.07,10:00,10:15,Arnulf,15,0,15
2025.04.07,10:15,10:30,Arnulf,20,0,20
2025.04.07,10:30,10:45,Arnulf,7,0,7
2025.04.07,10:45,11:00,Arnulf,11,0,11
2025.04.07,11:00,11:15,Arnulf,8,1,9
2025.04.07,11:15,11:30,Arnulf,18,0,18
2025.04.07,11:30,11:45,Arnulf,9,2,11
2025.04.07,11:45,12:00,Arnulf,8,0,8
2025.04.07,12:00,12:15,Arnulf,12,2,14
2025.04.07,12:15,12:30,Arnulf,21,1,22
2025.04.07,12:30,12:45,Arnulf,12,0,12
2025.04.07,12:45,13:00,Arnulf,11,1,12
2025.04.07,13:00,13:15,Arnulf,10,0,10
2025.04.07,13:15,13:30,Arnulf,15,0,15
2025.04.07,13:30,13:45,Arnulf,10,1,11
2025.04.07,13:45,14:00,Arnulf,17,1,18
2025.04.07,14:00,14:15,Arnulf,14,1,15
2025.04.07,14:15,14:30,Arnulf,15,0,15
2025.04.07,14:30,14:45,Arnulf,13,1,14
2025.04.07,14:45,15:00,Arnulf,19,2,21
2025.04.07,15:00,15:15,Arnulf,15,2,17
2025.04.07,15:15,15:30,Arnulf,10,3,13
2025.04.07,15:30,15:45,Arnulf,19,2,21
2025.04.07,15:45,16:00,Arnulf,26,0,26
2025.04.07,16:00,16:15,Arnulf,22,1,23
2025.04.07,16:15,16:30,Arnulf,15,3,18
2025.04.07,16:30,16:45,Arnulf,21,3,24
2025.04.07,16:45,17:00,Arnulf,27,4,31
2025.04.07,17:00,17:15,Arnulf,26,3,29
2025.04.07,17:15,17:30,Arnulf,26,2,28
2025.04.07,17:30,17:45,Arnulf,38,1,39
2025.04.07,17:45,18:00,Arnulf,34,1,35
2025.04.07,18:00,18:15,Arnulf,25,1,26
2025.04.07,18:15,18:30,Arnulf,29,2,31
2025.04.07,18:30,18:45,Arnulf,23,2,25
2025.04.07,18:45,19:00,Arnulf,25,2,27
2025.04.07,19:00,19:15,Arnulf,22,1,23
2025.04.07,19:15,19:30,Arnulf,17,2,19
2025.04.07,19:30,19:45,Arnulf,24,4,28
2025.04.07,19:45,20:00,Arnulf,9,0,9
2025.04.07,20:00,20:15,Arnulf,5,1,6
2025.04.07,20:15,20:30,Arnulf,4,2,6
2025.04.07,20:30,20:45,Arnulf,6,2,8
2025.04.07,20:45,21:00,Arnulf,6,5,11
2025.04.07,21:00,21:15,Arnulf,7,2,9
2025.04.07,21:15,21:30,Arnulf,5,1,6
2025.04.07,21:30,21:45,Arnulf,7,3,10
2025.04.07,21:45,22:00,Arnulf,8,0,8
2025.04.07,22:00,22:15,Arnulf,7,0,7
2025.04.07,22:15,22:30,Arnulf,8,2,10
2025.04.07,22:30,22:45,Arnulf,5,2,7
2025.04.07,22:45,23:00,Arnulf,3,0,3
2025.04.07,23:00,23:15,Arnulf,3,0,3
2025.04.07,23:15,23:30,Arnulf,4,0,4
2025.04.07,23:30,23:45,Arnulf,3,0,3
2025.04.07,23:45,00:00,Arnulf,3,0,3
2025.04.08,00:00,00:15,Arnulf,0,0,0
2025.04.08,00:15,00:30,Arnulf,1,0,1
2025.04.08,00:30,00:45,Arnulf,1,0,1
2025.04.08,00:45,01:00,Arnulf,0,0,0
2025.04.08,01:00,01:15,Arnulf,0,0,0
2025.04.08,01:15,01:30,Arnulf,0,0,0
2025.04.08,01:30,01:45,Arnulf,1,0,1
2025.04.08,01:45,02:00,Arnulf,0,0,0
2025.04.08,02:00,02:15,Arnulf,0,0,0
2025.04.08,02:15,02:30,Arnulf,1,0,1
2025.04.08,02:30,02:45,Arnulf,1,0,1
2025.04.08,02:45,03:00,Arnulf,0,0,0
2025.04.08,03:00,03:15,Arnulf,2,0,2
2025.04.08,03:15,03:30,Arnulf,0,0,0
2025.04.08,03:30,03:45,Arnulf,0,0,0
2025.04.08,03:45,04:00,Arnulf,0,0,0
2025.04.08,04:00,04:15,Arnulf,1,0,1
2025.04.08,04:15,04:30,Arnulf,1,0,1
2025.04.08,04:30,04:45,Arnulf,0,0,0
2025.04.08,04:45,05:00,Arnulf,3,3,6
2025.04.08,05:00,05:15,Arnulf,3,0,3
2025.04.08,05:15,05:30,Arnulf,1,0,1
2025.04.08,05:30,05:45,Arnulf,6,0,6
2025.04.08,05:45,06:00,Arnulf,5,0,5
2025.04.08,06:00,06:15,Arnulf,5,0,5
2025.04.08,06:15,06:30,Arnulf,4,0,4
2025.04.08,06:30,06:45,Arnulf,6,2,8
2025.04.08,06:45,07:00,Arnulf,23,2,25
2025.04.08,07:00,07:15,Arnulf,13,1,14
2025.04.08,07:15,07:30,Arnulf,35,1,36
2025.04.08,07:30,07:45,Arnulf,32,1,33
2025.04.08,07:45,08:00,Arnulf,44,0,44
2025.04.08,08:00,08:15,Arnulf,43,2,45
2025.04.08,08:15,08:30,Arnulf,47,0,47
2025.04.08,08:30,08:45,Arnulf,53,1,54
2025.04.08,08:45,09:00,Arnulf,58,0,58
2025.04.08,09:00,09:15,Arnulf,27,1,28
2025.04.08,09:15,09:30,Arnulf,28,0,28
2025.04.08,09:30,09:45,Arnulf,20,1,21
2025.04.08,09:45,10:00,Arnulf,30,2,32
2025.04.08,10:00,10:15,Arnulf,11,0,11
2025.04.08,10:15,10:30,Arnulf,18,0,18
2025.04.08,10:30,10:45,Arnulf,11,0,11
2025.04.08,10:45,11:00,Arnulf,22,0,22
2025.04.08,11:00,11:15,Arnulf,9,0,9
2025.04.08,11:15,11:30,Arnulf,17,2,19
2025.04.08,11:30,11:45,Arnulf,14,0,14
2025.04.08,11:45,12:00,Arnulf,15,1,16
2025.04.08,12:00,12:15,Arnulf,17,0,17
2025.04.08,12:15,12:30,Arnulf,26,2,28
2025.04.08,12:30,12:45,Arnulf,24,0,24
2025.04.08,12:45,13:00,Arnulf,18,0,18
2025.04.08,13:00,13:15,Arnulf,14,2,16
2025.04.08,13:15,13:30,Arnulf,16,1,17
2025.04.08,13:30,13:45,Arnulf,24,1,25
2025.04.08,13:45,14:00,Arnulf,29,3,32
2025.04.08,14:00,14:15,Arnulf,27,0,27
2025.04.08,14:15,14:30,Arnulf,21,2,23
2025.04.08,14:30,14:45,Arnulf,17,3,20
2025.04.08,14:45,15:00,Arnulf,20,0,20
2025.04.08,15:00,15:15,Arnulf,14,2,16
2025.04.08,15:15,15:30,Arnulf,16,1,17
2025.04.08,15:30,15:45,Arnulf,18,1,19
2025.04.08,15:45,16:00,Arnulf,14,2,16
2025.04.08,16:00,16:15,Arnulf,21,3,24
2025.04.08,16:15,16:30,Arnulf,38,5,43
2025.04.08,16:30,16:45,Arnulf,27,3,30
2025.04.08,16:45,17:00,Arnulf,38,5,43
2025.04.08,17:00,17:15,Arnulf,30,2,32
2025.04.08,17:15,17:30,Arnulf,40,2,42
2025.04.08,17:30,17:45,Arnulf,43,3,46
2025.04.08,17:45,18:00,Arnulf,40,3,43
2025.04.08,18:00,18:15,Arnulf,45,1,46
2025.04.08,18:15,18:30,Arnulf,36,4,40
2025.04.08,18:30,18:45,Arnulf,41,1,42
2025.04.08,18:45,19:00,Arnulf,32,1,33
2025.04.08,19:00,19:15,Arnulf,29,3,32
2025.04.08,19:15,19:30,Arnulf,16,2,18
2025.04.08,19:30,19:45,Arnulf,15,1,16
2025.04.08,19:45,20:00,Arnulf,20,6,26
2025.04.08,20:00,20:15,Arnulf,24,1,25
2025.04.08,20:15,20:30,Arnulf,11,2,13
2025.04.08,20:30,20:45,Arnulf,11,1,12
2025.04.08,20:45,21:00,Arnulf,12,1,13
2025.04.08,21:00,21:15,Arnulf,9,1,10
2025.04.08,21:15,21:30,Arnulf,10,0,10
2025.04.08,21:30,21:45,Arnulf,7,0,7
2025.04.08,21:45,22:00,Arnulf,2,1,3
2025.04.08,22:00,22:15,Arnulf,12,1,13
2025.04.08,22:15,22:30,Arnulf,2,1,3
2025.04.08,22:30,22:45,Arnulf,5,1,6
2025.04.08,22:45,23:00,Arnulf,7,1,8
2025.04.08,23:00,23:15,Arnulf,6,0,6
2025.04.08,23:15,23:30,Arnulf,3,0,3
2025.04.08,23:30,23:45,Arnulf,4,0,4
2025.04.08,23:45,00:00,Arnulf,3,0,3
2025.04.09,00:00,00:15,Arnulf,1,0,1
2025.04.09,00:15,00:30,Arnulf,0,0,0
2025.04.09,00:30,00:45,Arnulf,1,2,3
2025.04.09,00:45,01:00,Arnulf,0,0,0
2025.04.09,01:00,01:15,Arnulf,1,1,2
2025.04.09,01:15,01:30,Arnulf,0,0,0
2025.04.09,01:30,01:45,Arnulf,0,0,0
2025.04.09,01:45,02:00,Arnulf,1,0,1
2025.04.09,02:00,02:15,Arnulf,0,0,0
2025.04.09,02:15,02:30,Arnulf,0,0,0
2025.04.09,02:30,02:45,Arnulf,1,0,1
2025.04.09,02:45,03:00,Arnulf,0,0,0
2025.04.09,03:00,03:15,Arnulf,1,0,1
2025.04.09,03:15,03:30,Arnulf,0,0,0
2025.04.09,03:30,03:45,Arnulf,0,0,0
2025.04.09,03:45,04:00,Arnulf,0,0,0
2025.04.09,04:00,04:15,Arnulf,0,0,0
2025.04.09,04:15,04:30,Arnulf,0,1,1
2025.04.09,04:30,04:45,Arnulf,1,0,1
2025.04.09,04:45,05:00,Arnulf,1,2,3
2025.04.09,05:00,05:15,Arnulf,1,0,1
2025.04.09,05:15,05:30,Arnulf,2,0,2
2025.04.09,05:30,05:45,Arnulf,4,0,4
2025.04.09,05:45,06:00,Arnulf,4,0,4
2025.04.09,06:00,06:15,Arnulf,4,1,5
2025.04.09,06:15,06:30,Arnulf,6,0,6
2025.04.09,06:30,06:45,Arnulf,6,2,8
2025.04.09,06:45,07:00,Arnulf,13,2,15
2025.04.09,07:00,07:15,Arnulf,26,0,26
2025.04.09,07:15,07:30,Arnulf,24,0,24
2025.04.09,07:30,07:45,Arnulf,34,0,34
2025.04.09,07:45,08:00,Arnulf,41,0,41
2025.04.09,08:00,08:15,Arnulf,53,2,55
2025.04.09,08:15,08:30,Arnulf,55,2,57
2025.04.09,08:30,08:45,Arnulf,52,3,55
2025.04.09,08:45,09:00,Arnulf,48,1,49
2025.04.09,09:00,09:15,Arnulf,39,0,39
2025.04.09,09:15,09:30,Arnulf,27,3,30
2025.04.09,09:30,09:45,Arnulf,29,0,29
2025.04.09,09:45,10:00,Arnulf,26,2,28
2025.04.09,10:00,10:15,Arnulf,19,3,22
2025.04.09,10:15,10:30,Arnulf,22,0,22
2025.04.09,10:30,10:45,Arnulf,9,1,10
2025.04.09,10:45,11:00,Arnulf,11,0,11
2025.04.09,11:00,11:15,Arnulf,11,0,11
2025.04.09,11:15,11:30,Arnulf,10,0,10
2025.04.09,11:30,11:45,Arnulf,15,0,15
2025.04.09,11:45,12:00,Arnulf,28,0,28
2025.04.09,12:00,12:15,Arnulf,18,1,19
2025.04.09,12:15,12:30,Arnulf,21,1,22
2025.04.09,12:30,12:45,Arnulf,16,2,18
2025.04.09,12:45,13:00,Arnulf,12,1,13
2025.04.09,13:00,13:15,Arnulf,21,1,22
2025.04.09,13:15,13:30,Arnulf,22,1,23
2025.04.09,13:30,13:45,Arnulf,13,2,15
2025.04.09,13:45,14:00,Arnulf,15,1,16
2025.04.09,14:00,14:15,Arnulf,10,1,11
2025.04.09,14:15,14:30,Arnulf,29,1,30
2025.04.09,14:30,14:45,Arnulf,13,3,16
2025.04.09,14:45,15:00,Arnulf,15,4,19
2025.04.09,15:00,15:15,Arnulf,18,2,20
2025.04.09,15:15,15:30,Arnulf,22,2,24
2025.04.09,15:30,15:45,Arnulf,25,2,27
2025.04.09,15:45,16:00,Arnulf,19,2,21
2025.04.09,16:00,16:15,Arnulf,19,3,22
2025.04.09,16:15,16:30,Arnulf,19,2,21
2025.04.09,16:30,16:45,Arnulf,25,3,28
2025.04.09,16:45,17:00,Arnulf,32,1,33
2025.04.09,17:00,17:15,Arnulf,31,2,33
2025.04.09,17:15,17:30,Arnulf,45,0,45
2025.04.09,17:30,17:45,Arnulf,38,5,43
2025.04.09,17:45,18:00,Arnulf,26,3,29
2025.04.09,18:00,18:15,Arnulf,41,1,42
2025.04.09,18:15,18:30,Arnulf,30,4,34
2025.04.09,18:30,18:45,Arnulf,26,3,29
2025.04.09,18:45,19:00,Arnulf,26,2,28
2025.04.09,19:00,19:15,Arnulf,32,0,32
2025.04.09,19:15,19:30,Arnulf,22,3,25
2025.04.09,19:30,19:45,Arnulf,26,4,30
2025.04.09,19:45,20:00,Arnulf,17,3,20
2025.04.09,20:00,20:15,Arnulf,25,2,27
2025.04.09,20:15,20:30,Arnulf,21,0,21
2025.04.09,20:30,20:45,Arnulf,16,2,18
2025.04.09,20:45,21:00,Arnulf,8,4,12
2025.04.09,21:00,21:15,Arnulf,8,0,8
2025.04.09,21:15,21:30,Arnulf,5,0,5
2025.04.09,21:30,21:45,Arnulf,6,2,8
2025.04.09,21:45,22:00,Arnulf,9,0,9
2025.04.09,22:00,22:15,Arnulf,5,4,9
2025.04.09,22:15,22:30,Arnulf,10,2,12
2025.04.09,22:30,22:45,Arnulf,8,0,8
2025.04.09,22:45,23:00,Arnulf,2,0,2
2025.04.09,23:00,23:15,Arnulf,2,0,2
2025.04.09,23:15,23:30,Arnulf,2,1,3
2025.04.09,23:30,23:45,Arnulf,4,1,5
2025.04.09,23:45,00:00,Arnulf,1,1,2
2025.04.10,00:00,00:15,Arnulf,0,0,0
2025.04.10,00:15,00:30,Arnulf,0,0,0
2025.04.10,00:30,00:45,Arnulf,0,0,0
2025.04.10,00:45,01:00,Arnulf,1,0,1
2025.04.10,01:00,01:15,Arnulf,1,0,1
2025.04.10,01:15,01:30,Arnulf,1,0,1
2025.04.10,01:30,01:45,Arnulf,0,0,0
2025.04.10,01:45,02:00,Arnulf,1,0,1
2025.04.10,02:00,02:15,Arnulf,0,0,0
2025.04.10,02:15,02:30,Arnulf,0,1,1
2025.04.10,02:30,02:45,Arnulf,0,1,1
2025.04.10,02:45,03:00,Arnulf,0,0,0
2025.04.10,03:00,03:15,Arnulf,0,0,0
2025.04.10,03:15,03:30,Arnulf,1,0,1
2025.04.10,03:30,03:45,Arnulf,0,0,0
2025.04.10,03:45,04:00,Arnulf,0,0,0
2025.04.10,04:00,04:15,Arnulf,1,0,1
2025.04.10,04:15,04:30,Arnulf,1,0,1
2025.04.10,04:30,04:45,Arnulf,1,1,2
2025.04.10,04:45,05:00,Arnulf,1,2,3
2025.04.10,05:00,05:15,Arnulf,1,0,1
2025.04.10,05:15,05:30,Arnulf,1,0,1
2025.04.10,05:30,05:45,Arnulf,4,1,5
2025.04.10,05:45,06:00,Arnulf,7,0,7
2025.04.10,06:00,06:15,Arnulf,7,0,7
2025.04.10,06:15,06:30,Arnulf,4,0,4
2025.04.10,06:30,06:45,Arnulf,8,0,8
2025.04.10,06:45,07:00,Arnulf,14,0,14
2025.04.10,07:00,07:15,Arnulf,9,0,9
2025.04.10,07:15,07:30,Arnulf,30,0,30
2025.04.10,07:30,07:45,Arnulf,26,0,26
2025.04.10,07:45,08:00,Arnulf,41,2,43
2025.04.10,08:00,08:15,Arnulf,48,3,51
2025.04.10,08:15,08:30,Arnulf,57,3,60
2025.04.10,08:30,08:45,Arnulf,51,1,52
2025.04.10,08:45,09:00,Arnulf,42,3,45
2025.04.10,09:00,09:15,Arnulf,43,4,47
2025.04.10,09:15,09:30,Arnulf,35,0,35
2025.04.10,09:30,09:45,Arnulf,22,1,23
2025.04.10,09:45,10:00,Arnulf,17,1,18
2025.04.10,10:00,10:15,Arnulf,25,2,27
2025.04.10,10:15,10:30,Arnulf,15,0,15
2025.04.10,10:30,10:45,Arnulf,14,0,14
2025.04.10,10:45,11:00,Arnulf,10,1,11
2025.04.10,11:00,11:15,Arnulf,12,1,13
2025.04.10,11:15,11:30,Arnulf,15,1,16
2025.04.10,11:30,11:45,Arnulf,12,0,12
2025.04.10,11:45,12:00,Arnulf,16,0,16
2025.04.10,12:00,12:15,Arnulf,16,0,16
2025.04.10,12:15,12:30,Arnulf,17,0,17
2025.04.10,12:30,12:45,Arnulf,19,2,21
2025.04.10,12:45,13:00,Arnulf,13,0,13
2025.04.10,13:00,13:15,Arnulf,19,2,21
2025.04.10,13:15,13:30,Arnulf,18,1,19
2025.04.10,13:30,13:45,Arnulf,23,0,23
2025.04.10,13:45,14:00,Arnulf,17,1,18
2025.04.10,14:00,14:15,Arnulf,16,2,18
2025.04.10,14:15,14:30,Arnulf,13,0,13
2025.04.10,14:30,14:45,Arnulf,15,3,18
2025.04.10,14:45,15:00,Arnulf,26,1,27
2025.04.10,15:00,15:15,Arnulf,21,4,25
2025.04.10,15:15,15:30,Arnulf,24,3,27
2025.04.10,15:30,15:45,Arnulf,19,2,21
2025.04.10,15:45,16:00,Arnulf,30,2,32
2025.04.10,16:00,16:15,Arnulf,25,1,26
2025.04.10,16:15,16:30,Arnulf,31,2,33
2025.04.10,16:30,16:45,Arnulf,20,0,20
2025.04.10,16:45,17:00,Arnulf,31,2,33
2025.04.10,17:00,17:15,Arnulf,25,5,30
2025.04.10,17:15,17:30,Arnulf,31,4,35
2025.04.10,17:30,17:45,Arnulf,29,0,29
2025.04.10,17:45,18:00,Arnulf,33,0,33
2025.04.10,18:00,18:15,Arnulf,43,3,46
2025.04.10,18:15,18:30,Arnulf,42,3,45
2025.04.10,18:30,18:45,Arnulf,33,1,34
2025.04.10,18:45,19:00,Arnulf,34,0,34
2025.04.10,19:00,19:15,Arnulf,24,0,24
2025.04.10,19:15,19:30,Arnulf,23,3,26
2025.04.10,19:30,19:45,Arnulf,12,2,14
2025.04.10,19:45,20:00,Arnulf,14,2,16
2025.04.10,20:00,20:15,Arnulf,14,0,14
2025.04.10,20:15,20:30,Arnulf,14,1,15
2025.04.10,20:30,20:45,Arnulf,9,1,10
2025.04.10,20:45,21:00,Arnulf,12,0,12
2025.04.10,21:00,21:15,Arnulf,7,0,7
2025.04.10,21:15,21:30,Arnulf,9,0,9
2025.04.10,21:30,21:45,Arnulf,7,1,8
2025.04.10,21:45,22:00,Arnulf,4,1,5
2025.04.10,22:00,22:15,Arnulf,6,1,7
2025.04.10,22:15,22:30,Arnulf,5,3,8
2025.04.10,22:30,22:45,Arnulf,2,2,4
2025.04.10,22:45,23:00,Arnulf,7,4,11
2025.04.10,23:00,23:15,Arnulf,6,1,7
2025.04.10,23:15,23:30,Arnulf,3,0,3
2025.04.10,23:30,23:45,Arnulf,1,0,1
2025.04.10,23:45,00:00,Arnulf,3,0,3
2025.04.11,00:00,00:15,Arnulf,1,1,2
2025.04.11,00:15,00:30,Arnulf,3,0,3
2025.04.11,00:30,00:45,Arnulf,1,0,1
2025.04.11,00:45,01:00,Arnulf,0,0,0
2025.04.11,01:00,01:15,Arnulf,1,0,1
2025.04.11,01:15,01:30,Arnulf,0,0,0
2025.04.11,01:30,01:45,Arnulf,0,1,1
2025.04.11,01:45,02:00,Arnulf,0,0,0
2025.04.11,02:00,02:15,Arnulf,0,0,0
2025.04.11,02:15,02:30,Arnulf,1,0,1
2025.04.11,02:30,02:45,Arnulf,1,0,1
2025.04.11,02:45,03:00,Arnulf,0,0,0
2025.04.11,03:00,03:15,Arnulf,0,0,0
2025.04.11,03:15,03:30,Arnulf,0,0,0
2025.04.11,03:30,03:45,Arnulf,0,0,0
2025.04.11,03:45,04:00,Arnulf,0,0,0
2025.04.11,04:00,04:15,Arnulf,0,0,0
2025.04.11,04:15,04:30,Arnulf,1,0,1
2025.04.11,04:30,04:45,Arnulf,0,2,2
2025.04.11,04:45,05:00,Arnulf,1,0,1
2025.04.11,05:00,05:15,Arnulf,2,0,2
2025.04.11,05:15,05:30,Arnulf,5,0,5
2025.04.11,05:30,05:45,Arnulf,1,2,3
2025.04.11,05:45,06:00,Arnulf,3,0,3
2025.04.11,06:00,06:15,Arnulf,7,0,7
2025.04.11,06:15,06:30,Arnulf,6,0,6
2025.04.11,06:30,06:45,Arnulf,6,1,7
2025.04.11,06:45,07:00,Arnulf,13,0,13
2025.04.11,07:00,07:15,Arnulf,16,0,16
2025.04.11,07:15,07:30,Arnulf,19,2,21
2025.04.11,07:30,07:45,Arnulf,28,3,31
2025.04.11,07:45,08:00,Arnulf,47,0,47
2025.04.11,08:00,08:15,Arnulf,31,0,31
2025.04.11,08:15,08:30,Arnulf,31,2,33
2025.04.11,08:30,08:45,Arnulf,28,2,30
2025.04.11,08:45,09:00,Arnulf,35,2,37
2025.04.11,09:00,09:15,Arnulf,34,0,34
2025.04.11,09:15,09:30,Arnulf,24,2,26
2025.04.11,09:30,09:45,Arnulf,23,0,23
2025.04.11,09:45,10:00,Arnulf,29,1,30
2025.04.11,10:00,10:15,Arnulf,15,1,16
2025.04.11,10:15,10:30,Arnulf,21,1,22
2025.04.11,10:30,10:45,Arnulf,16,0,16
2025.04.11,10:45,11:00,Arnulf,20,1,21
2025.04.11,11:00,11:15,Arnulf,19,1,20
2025.04.11,11:15,11:30,Arnulf,23,0,23
2025.04.11,11:30,11:45,Arnulf,13,0,13
2025.04.11,11:45,12:00,Arnulf,13,1,14
2025.04.11,12:00,12:15,Arnulf,17,0,17
2025.04.11,12:15,12:30,Arnulf,13,0,13
2025.04.11,12:30,12:45,Arnulf,28,0,28
2025.04.11,12:45,13:00,Arnulf,21,3,24
2025.04.11,13:00,13:15,Arnulf,30,2,32
2025.04.11,13:15,13:30,Arnulf,16,1,17
2025.04.11,13:30,13:45,Arnulf,13,1,14
2025.04.11,13:45,14:00,Arnulf,26,3,29
2025.04.11,14:00,14:15,Arnulf,20,3,23
2025.04.11,14:15,14:30,Arnulf,19,0,19
2025.04.11,14:30,14:45,Arnulf,24,3,27
2025.04.11,14:45,15:00,Arnulf,22,1,23
2025.04.11,15:00,15:15,Arnulf,25,1,26
2025.04.11,15:15,15:30,Arnulf,25,1,26
2025.04.11,15:30,15:45,Arnulf,14,1,15
2025.04.11,15:45,16:00,Arnulf,23,1,24
2025.04.11,16:00,16:15,Arnulf,35,0,35
2025.04.11,16:15,16:30,Arnulf,24,5,29
2025.04.11,16:30,16:45,Arnulf,27,1,28
2025.04.11,16:45,17:00,Arnulf,28,3,31
2025.04.11,17:00,17:15,Arnulf,27,4,31
2025.04.11,17:15,17:30,Arnulf,29,3,32
2025.04.11,17:30,17:45,Arnulf,34,1,35
2025.04.11,17:45,18:00,Arnulf,23,2,25
2025.04.11,18:00,18:15,Arnulf,22,3,25
2025.04.11,18:15,18:30,Arnulf,22,1,23
2025.04.11,18:30,18:45,Arnulf,23,1,24
2025.04.11,18:45,19:00,Arnulf,32,2,34
2025.04.11,19:00,19:15,Arnulf,29,0,29
2025.04.11,19:15,19:30,Arnulf,23,2,25
2025.04.11,19:30,19:45,Arnulf,20,0,20
2025.04.11,19:45,20:00,Arnulf,19,2,21
2025.04.11,20:00,20:15,Arnulf,16,1,17
2025.04.11,20:15,20:30,Arnulf,15,0,15
2025.04.11,20:30,20:45,Arnulf,13,4,17
2025.04.11,20:45,21:00,Arnulf,11,0,11
2025.04.11,21:00,21:15,Arnulf,6,1,7
2025.04.11,21:15,21:30,Arnulf,9,0,9
2025.04.11,21:30,21:45,Arnulf,8,4,12
2025.04.11,21:45,22:00,Arnulf,7,1,8
2025.04.11,22:00,22:15,Arnulf,15,0,15
2025.04.11,22:15,22:30,Arnulf,13,1,14
2025.04.11,22:30,22:45,Arnulf,7,0,7
2025.04.11,22:45,23:00,Arnulf,7,0,7
2025.04.11,23:00,23:15,Arnulf,9,1,10
2025.04.11,23:15,23:30,Arnulf,4,2,6
2025.04.11,23:30,23:45,Arnulf,2,1,3
2025.04.11,23:45,00:00,Arnulf,1,0,1
2025.04.12,00:00,00:15,Arnulf,4,0,4
2025.04.12,00:15,00:30,Arnulf,2,1,3
2025.04.12,00:30,00:45,Arnulf,4,0,4
2025.04.12,00:45,01:00,Arnulf,3,0,3
2025.04.12,01:00,01:15,Arnulf,3,0,3
2025.04.12,01:15,01:30,Arnulf,0,0,0
2025.04.12,01:30,01:45,Arnulf,4,0,4
2025.04.12,01:45,02:00,Arnulf,1,1,2
2025.04.12,02:00,02:15,Arnulf,3,1,4
2025.04.12,02:15,02:30,Arnulf,0,0,0
2025.04.12,02:30,02:45,Arnulf,5,0,5
2025.04.12,02:45,03:00,Arnulf,0,0,0
2025.04.12,03:00,03:15,Arnulf,0,0,0
2025.04.12,03:15,03:30,Arnulf,0,0,0
2025.04.12,03:30,03:45,Arnulf,1,1,2
2025.04.12,03:45,04:00,Arnulf,4,0,4
2025.04.12,04:00,04:15,Arnulf,1,0,1
2025.04.12,04:15,04:30,Arnulf,0,0,0
2025.04.12,04:30,04:45,Arnulf,2,0,2
2025.04.12,04:45,05:00,Arnulf,2,0,2
2025.04.12,05:00,05:15,Arnulf,1,1,2
2025.04.12,05:15,05:30,Arnulf,2,0,2
2025.04.12,05:30,05:45,Arnulf,3,0,3
2025.04.12,05:45,06:00,Arnulf,3,0,3
2025.04.12,06:00,06:15,Arnulf,0,1,1
2025.04.12,06:15,06:30,Arnulf,1,0,1
2025.04.12,06:30,06:45,Arnulf,2,0,2
2025.04.12,06:45,07:00,Arnulf,7,0,7
2025.04.12,07:00,07:15,Arnulf,7,0,7
2025.04.12,07:15,07:30,Arnulf,4,2,6
2025.04.12,07:30,07:45,Arnulf,6,0,6
2025.04.12,07:45,08:00,Arnulf,9,0,9
2025.04.12,08:00,08:15,Arnulf,10,1,11
2025.04.12,08:15,08:30,Arnulf,11,0,11
2025.04.12,08:30,08:45,Arnulf,13,1,14
2025.04.12,08:45,09:00,Arnulf,9,0,9
2025.04.12,09:00,09:15,Arnulf,16,1,17
2025.04.12,09:15,09:30,Arnulf,21,0,21
2025.04.12,09:30,09:45,Arnulf,28,0,28
2025.04.12,09:45,10:00,Arnulf,22,0,22
2025.04.12,10:00,10:15,Arnulf,17,0,17
2025.04.12,10:15,10:30,Arnulf,21,0,21
2025.04.12,10:30,10:45,Arnulf,18,1,19
2025.04.12,10:45,11:00,Arnulf,20,2,22
2025.04.12,11:00,11:15,Arnulf,12,0,12
2025.04.12,11:15,11:30,Arnulf,15,0,15
2025.04.12,11:30,11:45,Arnulf,20,1,21
2025.04.12,11:45,12:00,Arnulf,12,1,13
2025.04.12,12:00,12:15,Arnulf,16,0,16
2025.04.12,12:15,12:30,Arnulf,21,1,22
2025.04.12,12:30,12:45,Arnulf,18,0,18
2025.04.12,12:45,13:00,Arnulf,30,0,30
2025.04.12,13:00,13:15,Arnulf,29,0,29
2025.04.12,13:15,13:30,Arnulf,23,1,24
2025.04.12,13:30,13:45,Arnulf,27,0,27
2025.04.12,13:45,14:00,Arnulf,19,0,19
2025.04.12,14:00,14:15,Arnulf,27,0,27
2025.04.12,14:15,14:30,Arnulf,28,2,30
2025.04.12,14:30,14:45,Arnulf,28,0,28
2025.04.12,14:45,15:00,Arnulf,26,0,26
2025.04.12,15:00,15:15,Arnulf,23,2,25
2025.04.12,15:15,15:30,Arnulf,20,1,21
2025.04.12,15:30,15:45,Arnulf,16,3,19
2025.04.12,15:45,16:00,Arnulf,27,2,29
2025.04.12,16:00,16:15,Arnulf,15,2,17
2025.04.12,16:15,16:30,Arnulf,32,0,32
2025.04.12,16:30,16:45,Arnulf,29,1,30
2025.04.12,16:45,17:00,Arnulf,28,3,31
2025.04.12,17:00,17:15,Arnulf,27,1,28
2025.04.12,17:15,17:30,Arnulf,29,1,30
2025.04.12,17:30,17:45,Arnulf,27,0,27
2025.04.12,17:45,18:00,Arnulf,30,0,30
2025.04.12,18:00,18:15,Arnulf,26,1,27
2025.04.12,18:15,18:30,Arnulf,25,1,26
2025.04.12,18:30,18:45,Arnulf,23,1,24
2025.04.12,18:45,19:00,Arnulf,26,2,28
2025.04.12,19:00,19:15,Arnulf,15,1,16
2025.04.12,19:15,19:30,Arnulf,20,0,20
2025.04.12,19:30,19:45,Arnulf,20,0,20
2025.04.12,19:45,20:00,Arnulf,15,1,16
2025.04.12,20:00,20:15,Arnulf,14,3,17
2025.04.12,20:15,20:30,Arnulf,14,2,16
2025.04.12,20:30,20:45,Arnulf,7,2,9
2025.04.12,20:45,21:00,Arnulf,18,0,18
2025.04.12,21:00,21:15,Arnulf,16,2,18
2025.04.12,21:15,21:30,Arnulf,14,0,14
2025.04.12,21:30,21:45,Arnulf,10,1,11
2025.04.12,21:45,22:00,Arnulf,4,5,9
2025.04.12,22:00,22:15,Arnulf,7,1,8
2025.04.12,22:15,22:30,Arnulf,13,0,13
2025.04.12,22:30,22:45,Arnulf,8,0,8
2025.04.12,22:45,23:00,Arnulf,4,0,4
2025.04.12,23:00,23:15,Arnulf,7,0,7
2025.04.12,23:15,23:30,Arnulf,2,2,4
2025.04.12,23:30,23:45,Arnulf,4,1,5
2025.04.12,23:45,00:00,Arnulf,3,3,6
2025.04.13,00:00,00:15,Arnulf,1,4,5
2025.04.13,00:15,00:30,Arnulf,4,0,4
2025.04.13,00:30,00:45,Arnulf,6,1,7
2025.04.13,00:45,01:00,Arnulf,1,1,2
2025.04.13,01:00,01:15,Arnulf,3,0,3
2025.04.13,01:15,01:30,Arnulf,6,0,6
2025.04.13,01:30,01:45,Arnulf,1,0,1
2025.04.13,01:45,02:00,Arnulf,4,0,4
2025.04.13,02:00,02:15,Arnulf,1,0,1
2025.04.13,02:15,02:30,Arnulf,1,0,1
2025.04.13,02:30,02:45,Arnulf,2,0,2
2025.04.13,02:45,03:00,Arnulf,5,0,5
2025.04.13,03:00,03:15,Arnulf,0,0,0
2025.04.13,03:15,03:30,Arnulf,0,0,0
2025.04.13,03:30,03:45,Arnulf,1,0,1
2025.04.13,03:45,04:00,Arnulf,1,0,1
2025.04.13,04:00,04:15,Arnulf,2,0,2
2025.04.13,04:15,04:30,Arnulf,2,0,2
2025.04.13,04:30,04:45,Arnulf,0,0,0
2025.04.13,04:45,05:00,Arnulf,1,0,1
2025.04.13,05:00,05:15,Arnulf,1,0,1
2025.04.13,05:15,05:30,Arnulf,1,0,1
2025.04.13,05:30,05:45,Arnulf,2,0,2
2025.04.13,05:45,06:00,Arnulf,3,0,3
2025.04.13,06:00,06:15,Arnulf,2,0,2
2025.04.13,06:15,06:30,Arnulf,1,0,1
2025.04.13,06:30,06:45,Arnulf,4,0,4
2025.04.13,06:45,07:00,Arnulf,2,1,3
2025.04.13,07:00,07:15,Arnulf,1,0,1
2025.04.13,07:15,07:30,Arnulf,0,0,0
2025.04.13,07:30,07:45,Arnulf,5,0,5
2025.04.13,07:45,08:00,Arnulf,5,1,6
2025.04.13,08:00,08:15,Arnulf,6,0,6
2025.04.13,08:15,08:30,Arnulf,8,0,8
2025.04.13,08:30,08:45,Arnulf,5,3,8
2025.04.13,08:45,09:00,Arnulf,7,0,7
2025.04.13,09:00,09:15,Arnulf,8,2,10
2025.04.13,09:15,09:30,Arnulf,15,0,15
2025.04.13,09:30,09:45,Arnulf,8,1,9
2025.04.13,09:45,10:00,Arnulf,11,1,12
2025.04.13,10:00,10:15,Arnulf,10,0,10
2025.04.13,10:15,10:30,Arnulf,14,0,14
2025.04.13,10:30,10:45,Arnulf,24,0,24
2025.04.13,10:45,11:00,Arnulf,8,2,10
2025.04.13,11:00,11:15,Arnulf,19,0,19
2025.04.13,11:15,11:30,Arnulf,17,1,18
2025.04.13,11:30,11:45,Arnulf,14,0,14
2025.04.13,11:45,12:00,Arnulf,12,3,15
2025.04.13,12:00,12:15,Arnulf,5,3,8
2025.04.13,12:15,12:30,Arnulf,9,0,9
2025.04.13,12:30,12:45,Arnulf,14,1,15
2025.04.13,12:45,13:00,Arnulf,19,0,19
2025.04.13,13:00,13:15,Arnulf,12,1,13
2025.04.13,13:15,13:30,Arnulf,11,0,11
2025.04.13,13:30,13:45,Arnulf,18,1,19
2025.04.13,13:45,14:00,Arnulf,15,5,20
2025.04.13,14:00,14:15,Arnulf,15,3,18
2025.04.13,14:15,14:30,Arnulf,3,0,3
2025.04.13,14:30,14:45,Arnulf,15,3,18
2025.04.13,14:45,15:00,Arnulf,17,0,17
2025.04.13,15:00,15:15,Arnulf,12,0,12
2025.04.13,15:15,15:30,Arnulf,16,2,18
2025.04.13,15:30,15:45,Arnulf,27,0,27
2025.04.13,15:45,16:00,Arnulf,11,0,11
2025.04.13,16:00,16:15,Arnulf,9,1,10
2025.04.13,16:15,16:30,Arnulf,16,1,17
2025.04.13,16:30,16:45,Arnulf,19,0,19
2025.04.13,16:45,17:00,Arnulf,13,1,14
2025.04.13,17:00,17:15,Arnulf,11,3,14
2025.04.13,17:15,17:30,Arnulf,12,2,14
2025.04.13,17:30,17:45,Arnulf,8,2,10
2025.04.13,17:45,18:00,Arnulf,7,2,9
2025.04.13,18:00,18:15,Arnulf,19,0,19
2025.04.13,18:15,18:30,Arnulf,9,2,11
2025.04.13,18:30,18:45,Arnulf,22,1,23
2025.04.13,18:45,19:00,Arnulf,11,2,13
2025.04.13,19:00,19:15,Arnulf,11,1,12
2025.04.13,19:15,19:30,Arnulf,11,1,12
2025.04.13,19:30,19:45,Arnulf,13,0,13
2025.04.13,19:45,20:00,Arnulf,12,0,12
2025.04.13,20:00,20:15,Arnulf,4,1,5
2025.04.13,20:15,20:30,Arnulf,8,2,10
2025.04.13,20:30,20:45,Arnulf,6,1,7
2025.04.13,20:45,21:00,Arnulf,12,0,12
2025.04.13,21:00,21:15,Arnulf,4,0,4
2025.04.13,21:15,21:30,Arnulf,6,2,8
2025.04.13,21:30,21:45,Arnulf,6,1,7
2025.04.13,21:45,22:00,Arnulf,4,1,5
2025.04.13,22:00,22:15,Arnulf,8,1,9
2025.04.13,22:15,22:30,Arnulf,6,0,6
2025.04.13,22:30,22:45,Arnulf,9,0,9
2025.04.13,22:45,23:00,Arnulf,3,0,3
2025.04.13,23:00,23:15,Arnulf,3,1,4
2025.04.13,23:15,23:30,Arnulf,3,0,3
2025.04.13,23:30,23:45,Arnulf,12,1,13
2025.04.13,23:45,00:00,Arnulf,2,0,2
2025.04.14,00:00,00:15,Arnulf,1,0,1
2025.04.14,00:15,00:30,Arnulf,0,1,1
2025.04.14,00:30,00:45,Arnulf,0,0,0
2025.04.14,00:45,01:00,Arnulf,1,3,4
2025.04.14,01:00,01:15,Arnulf,3,0,3
2025.04.14,01:15,01:30,Arnulf,0,1,1
2025.04.14,01:30,01:45,Arnulf,0,0,0
2025.04.14,01:45,02:00,Arnulf,0,0,0
2025.04.14,02:00,02:15,Arnulf,0,0,0
2025.04.14,02:15,02:30,Arnulf,0,0,0
2025.04.14,02:30,02:45,Arnulf,1,0,1
2025.04.14,02:45,03:00,Arnulf,2,0,2
2025.04.14,03:00,03:15,Arnulf,1,1,2
2025.04.14,03:15,03:30,Arnulf,0,0,0
2025.04.14,03:30,03:45,Arnulf,0,0,0
2025.04.14,03:45,04:00,Arnulf,0,0,0
2025.04.14,04:00,04:15,Arnulf,2,0,2
2025.04.14,04:15,04:30,Arnulf,0,0,0
2025.04.14,04:30,04:45,Arnulf,1,0,1
2025.04.14,04:45,05:00,Arnulf,1,0,1
2025.04.14,05:00,05:15,Arnulf,2,0,2
2025.04.14,05:15,05:30,Arnulf,1,0,1
2025.04.14,05:30,05:45,Arnulf,1,0,1
2025.04.14,05:45,06:00,Arnulf,7,0,7
2025.04.14,06:00,06:15,Arnulf,5,3,8
2025.04.14,06:15,06:30,Arnulf,5,1,6
2025.04.14,06:30,06:45,Arnulf,6,1,7
2025.04.14,06:45,07:00,Arnulf,23,2,25
2025.04.14,07:00,07:15,Arnulf,10,1,11
2025.04.14,07:15,07:30,Arnulf,22,0,22
2025.04.14,07:30,07:45,Arnulf,24,1,25
2025.04.14,07:45,08:00,Arnulf,30,1,31
2025.04.14,08:00,08:15,Arnulf,37,2,39
2025.04.14,08:15,08:30,Arnulf,34,0,34
2025.04.14,08:30,08:45,Arnulf,48,1,49
2025.04.14,08:45,09:00,Arnulf,35,1,36
2025.04.14,09:00,09:15,Arnulf,37,0,37
2025.04.14,09:15,09:30,Arnulf,27,1,28
2025.04.14,09:30,09:45,Arnulf,22,1,23
2025.04.14,09:45,10:00,Arnulf,23,2,25
2025.04.14,10:00,10:15,Arnulf,21,0,21
2025.04.14,10:15,10:30,Arnulf,13,0,13
2025.04.14,10:30,10:45,Arnulf,11,0,11
2025.04.14,10:45,11:00,Arnulf,22,0,22
2025.04.14,11:00,11:15,Arnulf,19,1,20
2025.04.14,11:15,11:30,Arnulf,22,0,22
2025.04.14,11:30,11:45,Arnulf,13,2,15
2025.04.14,11:45,12:00,Arnulf,14,0,14
2025.04.14,12:00,12:15,Arnulf,17,0,17
2025.04.14,12:15,12:30,Arnulf,22,1,23
2025.04.14,12:30,12:45,Arnulf,15,1,16
2025.04.14,12:45,13:00,Arnulf,20,1,21
2025.04.14,13:00,13:15,Arnulf,20,1,21
2025.04.14,13:15,13:30,Arnulf,12,1,13
2025.04.14,13:30,13:45,Arnulf,17,2,19
2025.04.14,13:45,14:00,Arnulf,17,2,19
2025.04.14,14:00,14:15,Arnulf,20,1,21
2025.04.14,14:15,14:30,Arnulf,20,0,20
2025.04.14,14:30,14:45,Arnulf,25,1,26
2025.04.14,14:45,15:00,Arnulf,11,1,12
2025.04.14,15:00,15:15,Arnulf,19,4,23
2025.04.14,15:15,15:30,Arnulf,20,0,20
2025.04.14,15:30,15:45,Arnulf,16,1,17
2025.04.14,15:45,16:00,Arnulf,18,0,18
2025.04.14,16:00,16:15,Arnulf,18,2,20
2025.04.14,16:15,16:30,Arnulf,23,5,28
2025.04.14,16:30,16:45,Arnulf,18,3,21
2025.04.14,16:45,17:00,Arnulf,27,2,29
2025.04.14,17:00,17:15,Arnulf,43,4,47
2025.04.14,17:15,17:30,Arnulf,38,3,41
2025.04.14,17:30,17:45,Arnulf,33,2,35
2025.04.14,17:45,18:00,Arnulf,35,4,39
2025.04.14,18:00,18:15,Arnulf,41,4,45
2025.04.14,18:15,18:30,Arnulf,38,2,40
2025.04.14,18:30,18:45,Arnulf,19,4,23
2025.04.14,18:45,19:00,Arnulf,32,4,36
2025.04.14,19:00,19:15,Arnulf,28,2,30
2025.04.14,19:15,19:30,Arnulf,24,0,24
2025.04.14,19:30,19:45,Arnulf,11,5,16
2025.04.14,19:45,20:00,Arnulf,15,4,19
2025.04.14,20:00,20:15,Arnulf,5,1,6
2025.04.14,20:15,20:30,Arnulf,8,1,9
2025.04.14,20:30,20:45,Arnulf,13,1,14
2025.04.14,20:45,21:00,Arnulf,12,3,15
2025.04.14,21:00,21:15,Arnulf,3,1,4
2025.04.14,21:15,21:30,Arnulf,10,5,15
2025.04.14,21:30,21:45,Arnulf,8,0,8
2025.04.14,21:45,22:00,Arnulf,16,0,16
2025.04.14,22:00,22:15,Arnulf,10,0,10
2025.04.14,22:15,22:30,Arnulf,13,1,14
2025.04.14,22:30,22:45,Arnulf,13,2,15
2025.04.14,22:45,23:00,Arnulf,6,0,6
2025.04.14,23:00,23:15,Arnulf,4,0,4
2025.04.14,23:15,23:30,Arnulf,2,0,2
2025.04.14,23:30,23:45,Arnulf,2,1,3
2025.04.14,23:45,00:00,Arnulf,2,0,2
2025.04.15,00:00,00:15,Arnulf,1,0,1
2025.04.15,00:15,00:30,Arnulf,1,0,1
2025.04.15,00:30,00:45,Arnulf,1,0,1
2025.04.15,00:45,01:00,Arnulf,0,0,0
2025.04.15,01:00,01:15,Arnulf,0,0,0
2025.04.15,01:15,01:30,Arnulf,0,2,2
2025.04.15,01:30,01:45,Arnulf,0,0,0
2025.04.15,01:45,02:00,Arnulf,4,1,5
2025.04.15,02:00,02:15,Arnulf,1,0,1
2025.04.15,02:15,02:30,Arnulf,1,0,1
2025.04.15,02:30,02:45,Arnulf,0,0,0
2025.04.15,02:45,03:00,Arnulf,1,0,1
2025.04.15,03:00,03:15,Arnulf,1,0,1
2025.04.15,03:15,03:30,Arnulf,0,0,0
2025.04.15,03:30,03:45,Arnulf,0,0,0
2025.04.15,03:45,04:00,Arnulf,0,1,1
2025.04.15,04:00,04:15,Arnulf,1,1,2
2025.04.15,04:15,04:30,Arnulf,1,0,1
2025.04.15,04:30,04:45,Arnulf,0,2,2
2025.04.15,04:45,05:00,Arnulf,1,1,2
2025.04.15,05:00,05:15,Arnulf,3,0,3
2025.04.15,05:15,05:30,Arnulf,3,0,3
2025.04.15,05:30,05:45,Arnulf,7,0,7
2025.04.15,05:45,06:00,Arnulf,5,0,5
2025.04.15,06:00,06:15,Arnulf,5,1,6
2025.04.15,06:15,06:30,Arnulf,5,0,5
2025.04.15,06:30,06:45,Arnulf,8,1,9
2025.04.15,06:45,07:00,Arnulf,23,2,25
2025.04.15,07:00,07:15,Arnulf,19,1,20
2025.04.15,07:15,07:30,Arnulf,30,0,30
2025.04.15,07:30,07:45,Arnulf,34,2,36
2025.04.15,07:45,08:00,Arnulf,39,1,40
2025.04.15,08:00,08:15,Arnulf,43,2,45
2025.04.15,08:15,08:30,Arnulf,44,0,44
2025.04.15,08:30,08:45,Arnulf,64,1,65
2025.04.15,08:45,09:00,Arnulf,56,1,57
2025.04.15,09:00,09:15,Arnulf,36,0,36
2025.04.15,09:15,09:30,Arnulf,26,1,27
2025.04.15,09:30,09:45,Arnulf,24,0,24
2025.04.15,09:45,10:00,Arnulf,40,1,41
2025.04.15,10:00,10:15,Arnulf,18,1,19
2025.04.15,10:15,10:30,Arnulf,29,2,31
2025.04.15,10:30,10:45,Arnulf,13,0,13
2025.04.15,10:45,11:00,Arnulf,13,0,13
2025.04.15,11:00,11:15,Arnulf,14,1,15
2025.04.15,11:15,11:30,Arnulf,18,2,20
2025.04.15,11:30,11:45,Arnulf,19,1,20
2025.04.15,11:45,12:00,Arnulf,30,1,31
2025.04.15,12:00,12:15,Arnulf,25,2,27
2025.04.15,12:15,12:30,Arnulf,24,1,25
2025.04.15,12:30,12:45,Arnulf,21,0,21
2025.04.15,12:45,13:00,Arnulf,23,1,24
2025.04.15,13:00,13:15,Arnulf,11,1,12
2025.04.15,13:15,13:30,Arnulf,20,0,20
2025.04.15,13:30,13:45,Arnulf,22,3,25
2025.04.15,13:45,14:00,Arnulf,20,1,21
2025.04.15,14:00,14:15,Arnulf,14,1,15
2025.04.15,14:15,14:30,Arnulf,16,5,21
2025.04.15,14:30,14:45,Arnulf,21,1,22
2025.04.15,14:45,15:00,Arnulf,18,0,18
2025.04.15,15:00,15:15,Arnulf,18,3,21
2025.04.15,15:15,15:30,Arnulf,29,3,32
2025.04.15,15:30,15:45,Arnulf,25,0,25
2025.04.15,15:45,16:00,Arnulf,21,3,24
2025.04.15,16:00,16:15,Arnulf,25,1,26
2025.04.15,16:15,16:30,Arnulf,24,2,26
2025.04.15,16:30,16:45,Arnulf,25,3,28
2025.04.15,16:45,17:00,Arnulf,40,3,43
2025.04.15,17:00,17:15,Arnulf,42,4,46
2025.04.15,17:15,17:30,Arnulf,34,4,38
2025.04.15,17:30,17:45,Arnulf,56,4,60
2025.04.15,17:45,18:00,Arnulf,42,5,47
2025.04.15,18:00,18:15,Arnulf,46,2,48
2025.04.15,18:15,18:30,Arnulf,49,2,51
2025.04.15,18:30,18:45,Arnulf,40,2,42
2025.04.15,18:45,19:00,Arnulf,36,0,36
2025.04.15,19:00,19:15,Arnulf,18,1,19
2025.04.15,19:15,19:30,Arnulf,27,3,30
2025.04.15,19:30,19:45,Arnulf,20,0,20
2025.04.15,19:45,20:00,Arnulf,13,6,19
2025.04.15,20:00,20:15,Arnulf,15,3,18
2025.04.15,20:15,20:30,Arnulf,17,0,17
2025.04.15,20:30,20:45,Arnulf,9,0,9
2025.04.15,20:45,21:00,Arnulf,13,0,13
2025.04.15,21:00,21:15,Arnulf,8,0,8
2025.04.15,21:15,21:30,Arnulf,1,0,1
2025.04.15,21:30,21:45,Arnulf,13,1,14
2025.04.15,21:45,22:00,Arnulf,8,0,8
2025.04.15,22:00,22:15,Arnulf,12,0,12
2025.04.15,22:15,22:30,Arnulf,8,1,9
2025.04.15,22:30,22:45,Arnulf,8,1,9
2025.04.15,22:45,23:00,Arnulf,3,0,3
2025.04.15,23:00,23:15,Arnulf,4,2,6
2025.04.15,23:15,23:30,Arnulf,3,0,3
2025.04.15,23:30,23:45,Arnulf,0,2,2
2025.04.15,23:45,00:00,Arnulf,0,0,0
2025.04.16,00:00,00:15,Arnulf,2,1,3
2025.04.16,00:15,00:30,Arnulf,0,0,0
2025.04.16,00:30,00:45,Arnulf,2,1,3
2025.04.16,00:45,01:00,Arnulf,3,0,3
2025.04.16,01:00,01:15,Arnulf,1,0,1
2025.04.16,01:15,01:30,Arnulf,0,0,0
2025.04.16,01:30,01:45,Arnulf,0,0,0
2025.04.16,01:45,02:00,Arnulf,2,1,3
2025.04.16,02:00,02:15,Arnulf,0,0,0
2025.04.16,02:15,02:30,Arnulf,0,0,0
2025.04.16,02:30,02:45,Arnulf,2,0,2
2025.04.16,02:45,03:00,Arnulf,1,0,1
2025.04.16,03:00,03:15,Arnulf,0,0,0
2025.04.16,03:15,03:30,Arnulf,0,0,0
2025.04.16,03:30,03:45,Arnulf,0,0,0
2025.04.16,03:45,04:00,Arnulf,0,0,0
2025.04.16,04:00,04:15,Arnulf,0,0,0
2025.04.16,04:15,04:30,Arnulf,1,0,1
2025.04.16,04:30,04:45,Arnulf,0,0,0
2025.04.16,04:45,05:00,Arnulf,1,0,1
2025.04.16,05:00,05:15,Arnulf,0,0,0
2025.04.16,05:15,05:30,Arnulf,2,0,2
2025.04.16,05:30,05:45,Arnulf,2,0,2
2025.04.16,05:45,06:00,Arnulf,8,0,8
2025.04.16,06:00,06:15,Arnulf,2,0,2
2025.04.16,06:15,06:30,Arnulf,7,0,7
2025.04.16,06:30,06:45,Arnulf,6,0,6
2025.04.16,06:45,07:00,Arnulf,16,1,17
2025.04.16,07:00,07:15,Arnulf,25,0,25
2025.04.16,07:15,07:30,Arnulf,24,0,24
2025.04.16,07:30,07:45,Arnulf,28,0,28
2025.04.16,07:45,08:00,Arnulf,39,3,42
2025.04.16,08:00,08:15,Arnulf,32,0,32
2025.04.16,08:15,08:30,Arnulf,50,1,51
2025.04.16,08:30,08:45,Arnulf,44,4,48
2025.04.16,08:45,09:00,Arnulf,39,4,43
2025.04.16,09:00,09:15,Arnulf,41,1,42
2025.04.16,09:15,09:30,Arnulf,35,1,36
2025.04.16,09:30,09:45,Arnulf,25,2,27
2025.04.16,09:45,10:00,Arnulf,15,2,17
2025.04.16,10:00,10:15,Arnulf,17,0,17
2025.04.16,10:15,10:30,Arnulf,23,2,25
2025.04.16,10:30,10:45,Arnulf,14,1,15
2025.04.16,10:45,11:00,Arnulf,20,1,21
2025.04.16,11:00,11:15,Arnulf,17,2,19
2025.04.16,11:15,11:30,Arnulf,17,0,17
2025.04.16,11:30,11:45,Arnulf,14,0,14
2025.04.16,11:45,12:00,Arnulf,18,0,18
2025.04.16,12:00,12:15,Arnulf,16,0,16
2025.04.16,12:15,12:30,Arnulf,27,1,28
2025.04.16,12:30,12:45,Arnulf,22,1,23
2025.04.16,12:45,13:00,Arnulf,17,0,17
2025.04.16,13:00,13:15,Arnulf,15,1,16
2025.04.16,13:15,13:30,Arnulf,16,0,16
2025.04.16,13:30,13:45,Arnulf,15,1,16
2025.04.16,13:45,14:00,Arnulf,17,0,17
2025.04.16,14:00,14:15,Arnulf,14,2,16
2025.04.16,14:15,14:30,Arnulf,28,1,29
2025.04.16,14:30,14:45,Arnulf,26,3,29
2025.04.16,14:45,15:00,Arnulf,12,2,14
2025.04.16,15:00,15:15,Arnulf,14,1,15
2025.04.16,15:15,15:30,Arnulf,21,1,22
2025.04.16,15:30,15:45,Arnulf,17,0,17
2025.04.16,15:45,16:00,Arnulf,20,1,21
2025.04.16,16:00,16:15,Arnulf,29,1,30
2025.04.16,16:15,16:30,Arnulf,27,3,30
2025.04.16,16:30,16:45,Arnulf,38,4,42
2025.04.16,16:45,17:00,Arnulf,33,4,37
2025.04.16,17:00,17:15,Arnulf,42,2,44
2025.04.16,17:15,17:30,Arnulf,45,4,49
2025.04.16,17:30,17:45,Arnulf,52,1,53
2025.04.16,17:45,18:00,Arnulf,47,4,51
2025.04.16,18:00,18:15,Arnulf,41,3,44
2025.04.16,18:15,18:30,Arnulf,43,1,44
2025.04.16,18:30,18:45,Arnulf,38,4,42
2025.04.16,18:45,19:00,Arnulf,29,5,34
2025.04.16,19:00,19:15,Arnulf,21,2,23
2025.04.16,19:15,19:30,Arnulf,19,1,20
2025.04.16,19:30,19:45,Arnulf,18,2,20
2025.04.16,19:45,20:00,Arnulf,14,2,16
2025.04.16,20:00,20:15,Arnulf,22,2,24
2025.04.16,20:15,20:30,Arnulf,18,3,21
2025.04.16,20:30,20:45,Arnulf,12,1,13
2025.04.16,20:45,21:00,Arnulf,16,1,17
2025.04.16,21:00,21:15,Arnulf,16,0,16
2025.04.16,21:15,21:30,Arnulf,12,4,16
2025.04.16,21:30,21:45,Arnulf,9,0,9
2025.04.16,21:45,22:00,Arnulf,12,0,12
2025.04.16,22:00,22:15,Arnulf,15,3,18
2025.04.16,22:15,22:30,Arnulf,9,0,9
2025.04.16,22:30,22:45,Arnulf,5,0,5
2025.04.16,22:45,23:00,Arnulf,6,5,11
2025.04.16,23:00,23:15,Arnulf,20,1,21
2025.04.16,23:15,23:30,Arnulf,8,1,9
2025.04.16,23:30,23:45,Arnulf,5,3,8
2025.04.16,23:45,00:00,Arnulf,4,0,4
2025.04.17,00:00,00:15,Arnulf,4,0,4
2025.04.17,00:15,00:30,Arnulf,3,0,3
2025.04.17,00:30,00:45,Arnulf,1,0,1
2025.04.17,00:45,01:00,Arnulf,1,0,1
2025.04.17,01:00,01:15,Arnulf,1,1,2
2025.04.17,01:15,01:30,Arnulf,1,0,1
2025.04.17,01:30,01:45,Arnulf,0,0,0
2025.04.17,01:45,02:00,Arnulf,0,0,0
2025.04.17,02:00,02:15,Arnulf,1,0,1
2025.04.17,02:15,02:30,Arnulf,1,0,1
2025.04.17,02:30,02:45,Arnulf,1,0,1
2025.04.17,02:45,03:00,Arnulf,2,0,2
2025.04.17,03:00,03:15,Arnulf,0,0,0
2025.04.17,03:15,03:30,Arnulf,2,1,3
2025.04.17,03:30,03:45,Arnulf,3,0,3
2025.04.17,03:45,04:00,Arnulf,0,0,0
2025.04.17,04:00,04:15,Arnulf,1,0,1
2025.04.17,04:15,04:30,Arnulf,2,0,2
2025.04.17,04:30,04:45,Arnulf,1,2,3
2025.04.17,04:45,05:00,Arnulf,0,0,0
2025.04.17,05:00,05:15,Arnulf,1,0,1
2025.04.17,05:15,05:30,Arnulf,2,0,2
2025.04.17,05:30,05:45,Arnulf,2,0,2
2025.04.17,05:45,06:00,Arnulf,7,0,7
2025.04.17,06:00,06:15,Arnulf,2,1,3
2025.04.17,06:15,06:30,Arnulf,6,0,6
2025.04.17,06:30,06:45,Arnulf,15,0,15
2025.04.17,06:45,07:00,Arnulf,8,0,8
2025.04.17,07:00,07:15,Arnulf,15,1,16
2025.04.17,07:15,07:30,Arnulf,20,0,20
2025.04.17,07:30,07:45,Arnulf,24,1,25
2025.04.17,07:45,08:00,Arnulf,32,2,34
2025.04.17,08:00,08:15,Arnulf,35,3,38
2025.04.17,08:15,08:30,Arnulf,29,1,30
2025.04.17,08:30,08:45,Arnulf,30,1,31
2025.04.17,08:45,09:00,Arnulf,27,2,29
2025.04.17,09:00,09:15,Arnulf,29,0,29
2025.04.17,09:15,09:30,Arnulf,17,1,18
2025.04.17,09:30,09:45,Arnulf,12,1,13
2025.04.17,09:45,10:00,Arnulf,15,0,15
2025.04.17,10:00,10:15,Arnulf,15,0,15
2025.04.17,10:15,10:30,Arnulf,12,1,13
2025.04.17,10:30,10:45,Arnulf,25,0,25
2025.04.17,10:45,11:00,Arnulf,11,1,12
2025.04.17,11:00,11:15,Arnulf,15,0,15
2025.04.17,11:15,11:30,Arnulf,8,0,8
2025.04.17,11:30,11:45,Arnulf,17,1,18
2025.04.17,11:45,12:00,Arnulf,16,1,17
2025.04.17,12:00,12:15,Arnulf,23,1,24
2025.04.17,12:15,12:30,Arnulf,15,1,16
2025.04.17,12:30,12:45,Arnulf,13,1,14
2025.04.17,12:45,13:00,Arnulf,17,3,20
2025.04.17,13:00,13:15,Arnulf,16,0,16
2025.04.17,13:15,13:30,Arnulf,10,2,12
2025.04.17,13:30,13:45,Arnulf,7,2,9
2025.04.17,13:45,14:00,Arnulf,16,0,16
2025.04.17,14:00,14:15,Arnulf,17,2,19
2025.04.17,14:15,14:30,Arnulf,16,3,19
2025.04.17,14:30,14:45,Arnulf,17,3,20
2025.04.17,14:45,15:00,Arnulf,21,1,22
2025.04.17,15:00,15:15,Arnulf,21,0,21
2025.04.17,15:15,15:30,Arnulf,17,0,17
2025.04.17,15:30,15:45,Arnulf,20,2,22
2025.04.17,15:45,16:00,Arnulf,16,3,19
2025.04.17,16:00,16:15,Arnulf,28,2,30
2025.04.17,16:15,16:30,Arnulf,15,2,17
2025.04.17,16:30,16:45,Arnulf,22,0,22
2025.04.17,16:45,17:00,Arnulf,25,1,26
2025.04.17,17:00,17:15,Arnulf,23,1,24
2025.04.17,17:15,17:30,Arnulf,37,5,42
2025.04.17,17:30,17:45,Arnulf,27,1,28
2025.04.17,17:45,18:00,Arnulf,30,1,31
2025.04.17,18:00,18:15,Arnulf,33,3,36
2025.04.17,18:15,18:30,Arnulf,33,0,33
2025.04.17,18:30,18:45,Arnulf,20,3,23
2025.04.17,18:45,19:00,Arnulf,21,0,21
2025.04.17,19:00,19:15,Arnulf,19,1,20
2025.04.17,19:15,19:30,Arnulf,7,6,13
2025.04.17,19:30,19:45,Arnulf,10,0,10
2025.04.17,19:45,20:00,Arnulf,15,0,15
2025.04.17,20:00,20:15,Arnulf,12,0,12
2025.04.17,20:15,20:30,Arnulf,8,1,9
2025.04.17,20:30,20:45,Arnulf,10,0,10
2025.04.17,20:45,21:00,Arnulf,3,1,4
2025.04.17,21:00,21:15,Arnulf,7,0,7
2025.04.17,21:15,21:30,Arnulf,7,1,8
2025.04.17,21:30,21:45,Arnulf,8,0,8
2025.04.17,21:45,22:00,Arnulf,5,0,5
2025.04.17,22:00,22:15,Arnulf,4,1,5
2025.04.17,22:15,22:30,Arnulf,4,1,5
2025.04.17,22:30,22:45,Arnulf,4,0,4
2025.04.17,22:45,23:00,Arnulf,7,2,9
2025.04.17,23:00,23:15,Arnulf,10,6,16
2025.04.17,23:15,23:30,Arnulf,9,1,10
2025.04.17,23:30,23:45,Arnulf,3,0,3
2025.04.17,23:45,00:00,Arnulf,3,1,4
2025.04.18,00:00,00:15,Arnulf,2,0,2
2025.04.18,00:15,00:30,Arnulf,1,0,1
2025.04.18,00:30,00:45,Arnulf,0,0,0
2025.04.18,00:45,01:00,Arnulf,0,0,0
2025.04.18,01:00,01:15,Arnulf,1,1,2
2025.04.18,01:15,01:30,Arnulf,0,0,0
2025.04.18,01:30,01:45,Arnulf,1,0,1
2025.04.18,01:45,02:00,Arnulf,4,0,4
2025.04.18,02:00,02:15,Arnulf,0,0,0
2025.04.18,02:15,02:30,Arnulf,0,0,0
2025.04.18,02:30,02:45,Arnulf,8,0,8
2025.04.18,02:45,03:00,Arnulf,0,0,0
2025.04.18,03:00,03:15,Arnulf,0,0,0
2025.04.18,03:15,03:30,Arnulf,0,0,0
2025.04.18,03:30,03:45,Arnulf,1,0,1
2025.04.18,03:45,04:00,Arnulf,2,0,2
2025.04.18,04:00,04:15,Arnulf,0,0,0
2025.04.18,04:15,04:30,Arnulf,2,0,2
2025.04.18,04:30,04:45,Arnulf,2,0,2
2025.04.18,04:45,05:00,Arnulf,0,0,0
2025.04.18,05:00,05:15,Arnulf,0,0,0
2025.04.18,05:15,05:30,Arnulf,2,0,2
2025.04.18,05:30,05:45,Arnulf,2,0,2
2025.04.18,05:45,06:00,Arnulf,0,0,0
2025.04.18,06:00,06:15,Arnulf,2,0,2
2025.04.18,06:15,06:30,Arnulf,3,0,3
2025.04.18,06:30,06:45,Arnulf,1,0,1
2025.04.18,06:45,07:00,Arnulf,4,0,4
2025.04.18,07:00,07:15,Arnulf,1,0,1
2025.04.18,07:15,07:30,Arnulf,5,0,5
2025.04.18,07:30,07:45,Arnulf,3,0,3
2025.04.18,07:45,08:00,Arnulf,2,0,2
2025.04.18,08:00,08:15,Arnulf,1,1,2
2025.04.18,08:15,08:30,Arnulf,7,0,7
2025.04.18,08:30,08:45,Arnulf,4,0,4
2025.04.18,08:45,09:00,Arnulf,5,0,5
2025.04.18,09:00,09:15,Arnulf,2,0,2
2025.04.18,09:15,09:30,Arnulf,8,0,8
2025.04.18,09:30,09:45,Arnulf,6,0,6
2025.04.18,09:45,10:00,Arnulf,9,2,11
2025.04.18,10:00,10:15,Arnulf,9,1,10
2025.04.18,10:15,10:30,Arnulf,6,0,6
2025.04.18,10:30,10:45,Arnulf,8,0,8
2025.04.18,10:45,11:00,Arnulf,10,0,10
2025.04.18,11:00,11:15,Arnulf,9,0,9
2025.04.18,11:15,11:30,Arnulf,3,1,4
2025.04.18,11:30,11:45,Arnulf,6,0,6
2025.04.18,11:45,12:00,Arnulf,5,0,5
2025.04.18,12:00,12:15,Arnulf,12,1,13
2025.04.18,12:15,12:30,Arnulf,12,0,12
2025.04.18,12:30,12:45,Arnulf,5,0,5
2025.04.18,12:45,13:00,Arnulf,15,0,15
2025.04.18,13:00,13:15,Arnulf,2,0,2
2025.04.18,13:15,13:30,Arnulf,12,0,12
2025.04.18,13:30,13:45,Arnulf,7,2,9
2025.04.18,13:45,14:00,Arnulf,9,0,9
2025.04.18,14:00,14:15,Arnulf,12,1,13
2025.04.18,14:15,14:30,Arnulf,22,1,23
2025.04.18,14:30,14:45,Arnulf,11,0,11
2025.04.18,14:45,15:00,Arnulf,8,0,8
2025.04.18,15:00,15:15,Arnulf,10,1,11
2025.04.18,15:15,15:30,Arnulf,13,0,13
2025.04.18,15:30,15:45,Arnulf,9,0,9
2025.04.18,15:45,16:00,Arnulf,9,0,9
2025.04.18,16:00,16:15,Arnulf,12,0,12
2025.04.18,16:15,16:30,Arnulf,10,0,10
2025.04.18,16:30,16:45,Arnulf,6,1,7
2025.04.18,16:45,17:00,Arnulf,14,0,14
2025.04.18,17:00,17:15,Arnulf,10,1,11
2025.04.18,17:15,17:30,Arnulf,10,1,11
2025.04.18,17:30,17:45,Arnulf,10,1,11
2025.04.18,17:45,18:00,Arnulf,14,1,15
2025.04.18,18:00,18:15,Arnulf,8,0,8
2025.04.18,18:15,18:30,Arnulf,10,0,10
2025.04.18,18:30,18:45,Arnulf,8,0,8
2025.04.18,18:45,19:00,Arnulf,11,1,12
2025.04.18,19:00,19:15,Arnulf,7,1,8
2025.04.18,19:15,19:30,Arnulf,11,1,12
2025.04.18,19:30,19:45,Arnulf,8,0,8
2025.04.18,19:45,20:00,Arnulf,2,1,3
2025.04.18,20:00,20:15,Arnulf,18,0,18
2025.04.18,20:15,20:30,Arnulf,17,0,17
2025.04.18,20:30,20:45,Arnulf,5,0,5
2025.04.18,20:45,21:00,Arnulf,7,1,8
2025.04.18,21:00,21:15,Arnulf,3,0,3
2025.04.18,21:15,21:30,Arnulf,6,1,7
2025.04.18,21:30,21:45,Arnulf,5,0,5
2025.04.18,21:45,22:00,Arnulf,6,2,8
2025.04.18,22:00,22:15,Arnulf,4,0,4
2025.04.18,22:15,22:30,Arnulf,3,0,3
2025.04.18,22:30,22:45,Arnulf,6,0,6
2025.04.18,22:45,23:00,Arnulf,1,0,1
2025.04.18,23:00,23:15,Arnulf,3,0,3
2025.04.18,23:15,23:30,Arnulf,4,0,4
2025.04.18,23:30,23:45,Arnulf,2,0,2
2025.04.18,23:45,00:00,Arnulf,1,0,1
2025.04.19,00:00,00:15,Arnulf,2,0,2
2025.04.19,00:15,00:30,Arnulf,1,0,1
2025.04.19,00:30,00:45,Arnulf,3,0,3
2025.04.19,00:45,01:00,Arnulf,2,0,2
2025.04.19,01:00,01:15,Arnulf,1,1,2
2025.04.19,01:15,01:30,Arnulf,1,0,1
2025.04.19,01:30,01:45,Arnulf,1,0,1
2025.04.19,01:45,02:00,Arnulf,0,0,0
2025.04.19,02:00,02:15,Arnulf,1,0,1
2025.04.19,02:15,02:30,Arnulf,2,0,2
2025.04.19,02:30,02:45,Arnulf,0,0,0
2025.04.19,02:45,03:00,Arnulf,3,0,3
2025.04.19,03:00,03:15,Arnulf,0,0,0
2025.04.19,03:15,03:30,Arnulf,1,0,1
2025.04.19,03:30,03:45,Arnulf,0,0,0
2025.04.19,03:45,04:00,Arnulf,1,0,1
2025.04.19,04:00,04:15,Arnulf,0,0,0
2025.04.19,04:15,04:30,Arnulf,0,0,0
2025.04.19,04:30,04:45,Arnulf,0,0,0
2025.04.19,04:45,05:00,Arnulf,2,0,2
2025.04.19,05:00,05:15,Arnulf,0,0,0
2025.04.19,05:15,05:30,Arnulf,3,2,5
2025.04.19,05:30,05:45,Arnulf,0,0,0
2025.04.19,05:45,06:00,Arnulf,0,0,0
2025.04.19,06:00,06:15,Arnulf,0,0,0
2025.04.19,06:15,06:30,Arnulf,6,0,6
2025.04.19,06:30,06:45,Arnulf,1,0,1
2025.04.19,06:45,07:00,Arnulf,8,0,8
2025.04.19,07:00,07:15,Arnulf,3,0,3
2025.04.19,07:15,07:30,Arnulf,3,1,4
2025.04.19,07:30,07:45,Arnulf,6,0,6
2025.04.19,07:45,08:00,Arnulf,7,0,7
2025.04.19,08:00,08:15,Arnulf,7,0,7
2025.04.19,08:15,08:30,Arnulf,12,0,12
2025.04.19,08:30,08:45,Arnulf,7,0,7
2025.04.19,08:45,09:00,Arnulf,9,0,9
2025.04.19,09:00,09:15,Arnulf,14,1,15
2025.04.19,09:15,09:30,Arnulf,19,0,19
2025.04.19,09:30,09:45,Arnulf,8,0,8
2025.04.19,09:45,10:00,Arnulf,17,1,18
2025.04.19,10:00,10:15,Arnulf,10,0,10
2025.04.19,10:15,10:30,Arnulf,25,1,26
2025.04.19,10:30,10:45,Arnulf,16,0,16
2025.04.19,10:45,11:00,Arnulf,30,1,31
2025.04.19,11:00,11:15,Arnulf,15,0,15
2025.04.19,11:15,11:30,Arnulf,16,0,16
2025.04.19,11:30,11:45,Arnulf,15,1,16
2025.04.19,11:45,12:00,Arnulf,18,0,18
2025.04.19,12:00,12:15,Arnulf,11,4,15
2025.04.19,12:15,12:30,Arnulf,24,0,24
2025.04.19,12:30,12:45,Arnulf,13,0,13
2025.04.19,12:45,13:00,Arnulf,19,1,20
2025.04.19,13:00,13:15,Arnulf,22,0,22
2025.04.19,13:15,13:30,Arnulf,15,2,17
2025.04.19,13:30,13:45,Arnulf,17,2,19
2025.04.19,13:45,14:00,Arnulf,29,3,32
2025.04.19,14:00,14:15,Arnulf,30,0,30
2025.04.19,14:15,14:30,Arnulf,26,2,28
2025.04.19,14:30,14:45,Arnulf,21,1,22
2025.04.19,14:45,15:00,Arnulf,27,0,27
2025.04.19,15:00,15:15,Arnulf,14,1,15
2025.04.19,15:15,15:30,Arnulf,21,0,21
2025.04.19,15:30,15:45,Arnulf,24,2,26
2025.04.19,15:45,16:00,Arnulf,24,4,28
2025.04.19,16:00,16:15,Arnulf,16,3,19
2025.04.19,16:15,16:30,Arnulf,26,1,27
2025.04.19,16:30,16:45,Arnulf,21,1,22
2025.04.19,16:45,17:00,Arnulf,18,1,19
2025.04.19,17:00,17:15,Arnulf,10,1,11
2025.04.19,17:15,17:30,Arnulf,23,0,23
2025.04.19,17:30,17:45,Arnulf,19,0,19
2025.04.19,17:45,18:00,Arnulf,15,0,15
2025.04.19,18:00,18:15,Arnulf,19,0,19
2025.04.19,18:15,18:30,Arnulf,25,1,26
2025.04.19,18:30,18:45,Arnulf,16,1,17
2025.04.19,18:45,19:00,Arnulf,17,1,18
2025.04.19,19:00,19:15,Arnulf,17,2,19
2025.04.19,19:15,19:30,Arnulf,7,0,7
2025.04.19,19:30,19:45,Arnulf,12,2,14
2025.04.19,19:45,20:00,Arnulf,13,2,15
2025.04.19,20:00,20:15,Arnulf,25,1,26
2025.04.19,20:15,20:30,Arnulf,8,0,8
2025.04.19,20:30,20:45,Arnulf,13,2,15
2025.04.19,20:45,21:00,Arnulf,8,0,8
2025.04.19,21:00,21:15,Arnulf,3,0,3
2025.04.19,21:15,21:30,Arnulf,14,2,16
2025.04.19,21:30,21:45,Arnulf,9,1,10
2025.04.19,21:45,22:00,Arnulf,6,0,6
2025.04.19,22:00,22:15,Arnulf,7,0,7
2025.04.19,22:15,22:30,Arnulf,5,0,5
2025.04.19,22:30,22:45,Arnulf,4,0,4
2025.04.19,22:45,23:00,Arnulf,6,1,7
2025.04.19,23:00,23:15,Arnulf,6,8,14
2025.04.19,23:15,23:30,Arnulf,8,0,8
2025.04.19,23:30,23:45,Arnulf,4,0,4
2025.04.19,23:45,00:00,Arnulf,3,1,4
2025.04.20,00:00,00:15,Arnulf,2,1,3
2025.04.20,00:15,00:30,Arnulf,2,2,4
2025.04.20,00:30,00:45,Arnulf,2,0,2
2025.04.20,00:45,01:00,Arnulf,3,0,3
2025.04.20,01:00,01:15,Arnulf,0,0,0
2025.04.20,01:15,01:30,Arnulf,4,1,5
2025.04.20,01:30,01:45,Arnulf,0,0,0
2025.04.20,01:45,02:00,Arnulf,5,0,5
2025.04.20,02:00,02:15,Arnulf,1,0,1
2025.04.20,02:15,02:30,Arnulf,2,1,3
2025.04.20,02:30,02:45,Arnulf,2,0,2
2025.04.20,02:45,03:00,Arnulf,1,0,1
2025.04.20,03:00,03:15,Arnulf,1,0,1
2025.04.20,03:15,03:30,Arnulf,0,0,0
2025.04.20,03:30,03:45,Arnulf,0,1,1
2025.04.20,03:45,04:00,Arnulf,1,0,1
2025.04.20,04:00,04:15,Arnulf,2,0,2
2025.04.20,04:15,04:30,Arnulf,1,0,1
2025.04.20,04:30,04:45,Arnulf,1,1,2
2025.04.20,04:45,05:00,Arnulf,0,0,0
2025.04.20,05:00,05:15,Arnulf,1,0,1
2025.04.20,05:15,05:30,Arnulf,0,0,0
2025.04.20,05:30,05:45,Arnulf,0,0,0
2025.04.20,05:45,06:00,Arnulf,2,0,2
2025.04.20,06:00,06:15,Arnulf,3,1,4
2025.04.20,06:15,06:30,Arnulf,1,0,1
2025.04.20,06:30,06:45,Arnulf,0,0,0
2025.04.20,06:45,07:00,Arnulf,3,0,3
2025.04.20,07:00,07:15,Arnulf,4,0,4
2025.04.20,07:15,07:30,Arnulf,2,1,3
2025.04.20,07:30,07:45,Arnulf,3,0,3
2025.04.20,07:45,08:00,Arnulf,5,1,6
2025.04.20,08:00,08:15,Arnulf,2,0,2
2025.04.20,08:15,08:30,Arnulf,7,0,7
2025.04.20,08:30,08:45,Arnulf,6,0,6
2025.04.20,08:45,09:00,Arnulf,8,1,9
2025.04.20,09:00,09:15,Arnulf,4,1,5
2025.04.20,09:15,09:30,Arnulf,16,1,17
2025.04.20,09:30,09:45,Arnulf,9,5,14
2025.04.20,09:45,10:00,Arnulf,19,2,21
2025.04.20,10:00,10:15,Arnulf,11,1,12
2025.04.20,10:15,10:30,Arnulf,9,0,9
2025.04.20,10:30,10:45,Arnulf,16,1,17
2025.04.20,10:45,11:00,Arnulf,8,0,8
2025.04.20,11:00,11:15,Arnulf,17,1,18
2025.04.20,11:15,11:30,Arnulf,15,1,16
2025.04.20,11:30,11:45,Arnulf,18,2,20
2025.04.20,11:45,12:00,Arnulf,15,0,15
2025.04.20,12:00,12:15,Arnulf,8,0,8
2025.04.20,12:15,12:30,Arnulf,15,0,15
2025.04.20,12:30,12:45,Arnulf,14,2,16
2025.04.20,12:45,13:00,Arnulf,11,1,12
2025.04.20,13:00,13:15,Arnulf,4,0,4
2025.04.20,13:15,13:30,Arnulf,19,0,19
2025.04.20,13:30,13:45,Arnulf,10,1,11
2025.04.20,13:45,14:00,Arnulf,12,1,13
2025.04.20,14:00,14:15,Arnulf,13,0,13
2025.04.20,14:15,14:30,Arnulf,20,2,22
2025.04.20,14:30,14:45,Arnulf,30,2,32
2025.04.20,14:45,15:00,Arnulf,15,0,15
2025.04.20,15:00,15:15,Arnulf,10,5,15
2025.04.20,15:15,15:30,Arnulf,8,1,9
2025.04.20,15:30,15:45,Arnulf,9,0,9
2025.04.20,15:45,16:00,Arnulf,11,2,13
2025.04.20,16:00,16:15,Arnulf,17,0,17
2025.04.20,16:15,16:30,Arnulf,21,1,22
2025.04.20,16:30,16:45,Arnulf,12,0,12
2025.04.20,16:45,17:00,Arnulf,11,0,11
2025.04.20,17:00,17:15,Arnulf,20,3,23
2025.04.20,17:15,17:30,Arnulf,12,0,12
2025.04.20,17:30,17:45,Arnulf,11,1,12
2025.04.20,17:45,18:00,Arnulf,13,0,13
2025.04.20,18:00,18:15,Arnulf,10,0,10
2025.04.20,18:15,18:30,Arnulf,17,3,20
2025.04.20,18:30,18:45,Arnulf,14,2,16
2025.04.20,18:45,19:00,Arnulf,10,0,10
2025.04.20,19:00,19:15,Arnulf,5,1,6
2025.04.20,19:15,19:30,Arnulf,10,1,11
2025.04.20,19:30,19:45,Arnulf,10,2,12
2025.04.20,19:45,20:00,Arnulf,5,1,6
2025.04.20,20:00,20:15,Arnulf,7,0,7
2025.04.20,20:15,20:30,Arnulf,6,1,7
2025.04.20,20:30,20:45,Arnulf,4,0,4
2025.04.20,20:45,21:00,Arnulf,8,1,9
2025.04.20,21:00,21:15,Arnulf,8,4,12
2025.04.20,21:15,21:30,Arnulf,7,1,8
2025.04.20,21:30,21:45,Arnulf,5,0,5
2025.04.20,21:45,22:00,Arnulf,3,1,4
2025.04.20,22:00,22:15,Arnulf,6,1,7
2025.04.20,22:15,22:30,Arnulf,7,1,8
2025.04.20,22:30,22:45,Arnulf,1,0,1
2025.04.20,22:45,23:00,Arnulf,5,0,5
2025.04.20,23:00,23:15,Arnulf,1,1,2
2025.04.20,23:15,23:30,Arnulf,4,0,4
2025.04.20,23:30,23:45,Arnulf,5,2,7
2025.04.20,23:45,00:00,Arnulf,1,0,1
2025.04.21,00:00,00:15,Arnulf,2,0,2
2025.04.21,00:15,00:30,Arnulf,0,0,0
2025.04.21,00:30,00:45,Arnulf,0,0,0
2025.04.21,00:45,01:00,Arnulf,1,0,1
2025.04.21,01:00,01:15,Arnulf,1,1,2
2025.04.21,01:15,01:30,Arnulf,0,1,1
2025.04.21,01:30,01:45,Arnulf,1,1,2
2025.04.21,01:45,02:00,Arnulf,1,0,1
2025.04.21,02:00,02:15,Arnulf,0,1,1
2025.04.21,02:15,02:30,Arnulf,1,0,1
2025.04.21,02:30,02:45,Arnulf,0,0,0
2025.04.21,02:45,03:00,Arnulf,1,0,1
2025.04.21,03:00,03:15,Arnulf,1,0,1
2025.04.21,03:15,03:30,Arnulf,1,0,1
2025.04.21,03:30,03:45,Arnulf,0,0,0
2025.04.21,03:45,04:00,Arnulf,0,0,0
2025.04.21,04:00,04:15,Arnulf,0,0,0
2025.04.21,04:15,04:30,Arnulf,2,0,2
2025.04.21,04:30,04:45,Arnulf,0,0,0
2025.04.21,04:45,05:00,Arnulf,1,0,1
2025.04.21,05:00,05:15,Arnulf,1,0,1
2025.04.21,05:15,05:30,Arnulf,0,0,0
2025.04.21,05:30,05:45,Arnulf,0,0,0
2025.04.21,05:45,06:00,Arnulf,0,0,0
2025.04.21,06:00,06:15,Arnulf,0,0,0
2025.04.21,06:15,06:30,Arnulf,4,0,4
2025.04.21,06:30,06:45,Arnulf,3,0,3
2025.04.21,06:45,07:00,Arnulf,0,0,0
2025.04.21,07:00,07:15,Arnulf,2,0,2
2025.04.21,07:15,07:30,Arnulf,5,1,6
2025.04.21,07:30,07:45,Arnulf,0,0,0
2025.04.21,07:45,08:00,Arnulf,6,1,7
2025.04.21,08:00,08:15,Arnulf,1,1,2
2025.04.21,08:15,08:30,Arnulf,2,0,2
2025.04.21,08:30,08:45,Arnulf,3,0,3
2025.04.21,08:45,09:00,Arnulf,5,1,6
2025.04.21,09:00,09:15,Arnulf,7,0,7
2025.04.21,09:15,09:30,Arnulf,14,0,14
2025.04.21,09:30,09:45,Arnulf,7,0,7
2025.04.21,09:45,10:00,Arnulf,17,0,17
2025.04.21,10:00,10:15,Arnulf,9,1,10
2025.04.21,10:15,10:30,Arnulf,4,0,4
2025.04.21,10:30,10:45,Arnulf,9,0,9
2025.04.21,10:45,11:00,Arnulf,6,0,6
2025.04.21,11:00,11:15,Arnulf,9,0,9
2025.04.21,11:15,11:30,Arnulf,8,1,9
2025.04.21,11:30,11:45,Arnulf,11,0,11
2025.04.21,11:45,12:00,Arnulf,11,1,12
2025.04.21,12:00,12:15,Arnulf,13,1,14
2025.04.21,12:15,12:30,Arnulf,15,0,15
2025.04.21,12:30,12:45,Arnulf,23,0,23
2025.04.21,12:45,13:00,Arnulf,17,0,17
2025.04.21,13:00,13:15,Arnulf,10,1,11
2025.04.21,13:15,13:30,Arnulf,15,0,15
2025.04.21,13:30,13:45,Arnulf,16,0,16
2025.04.21,13:45,14:00,Arnulf,13,2,15
2025.04.21,14:00,14:15,Arnulf,19,0,19
2025.04.21,14:15,14:30,Arnulf,14,0,14
2025.04.21,14:30,14:45,Arnulf,11,0,11
2025.04.21,14:45,15:00,Arnulf,13,2,15
2025.04.21,15:00,15:15,Arnulf,8,0,8
2025.04.21,15:15,15:30,Arnulf,13,2,15
2025.04.21,15:30,15:45,Arnulf,15,0,15
2025.04.21,15:45,16:00,Arnulf,14,1,15
2025.04.21,16:00,16:15,Arnulf,20,4,24
2025.04.21,16:15,16:30,Arnulf,11,1,12
2025.04.21,16:30,16:45,Arnulf,17,1,18
2025.04.21,16:45,17:00,Arnulf,11,1,12
2025.04.21,17:00,17:15,Arnulf,10,1,11
2025.04.21,17:15,17:30,Arnulf,17,1,18
2025.04.21,17:30,17:45,Arnulf,14,0,14
2025.04.21,17:45,18:00,Arnulf,16,1,17
2025.04.21,18:00,18:15,Arnulf,12,2,14
2025.04.21,18:15,18:30,Arnulf,29,0,29
2025.04.21,18:30,18:45,Arnulf,7,3,10
2025.04.21,18:45,19:00,Arnulf,13,1,14
2025.04.21,19:00,19:15,Arnulf,18,0,18
2025.04.21,19:15,19:30,Arnulf,11,0,11
2025.04.21,19:30,19:45,Arnulf,18,1,19
2025.04.21,19:45,20:00,Arnulf,7,2,9
2025.04.21,20:00,20:15,Arnulf,10,0,10
2025.04.21,20:15,20:30,Arnulf,6,0,6
2025.04.21,20:30,20:45,Arnulf,9,0,9
2025.04.21,20:45,21:00,Arnulf,6,1,7
2025.04.21,21:00,21:15,Arnulf,5,0,5
2025.04.21,21:15,21:30,Arnulf,9,0,9
2025.04.21,21:30,21:45,Arnulf,3,1,4
2025.04.21,21:45,22:00,Arnulf,5,2,7
2025.04.21,22:00,22:15,Arnulf,1,4,5
2025.04.21,22:15,22:30,Arnulf,2,0,2
2025.04.21,22:30,22:45,Arnulf,3,1,4
2025.04.21,22:45,23:00,Arnulf,2,1,3
2025.04.21,23:00,23:15,Arnulf,0,0,0
2025.04.21,23:15,23:30,Arnulf,3,0,3
2025.04.21,23:30,23:45,Arnulf,2,0,2
2025.04.21,23:45,00:00,Arnulf,3,1,4
2025.04.22,00:00,00:15,Arnulf,0,0,0
2025.04.22,00:15,00:30,Arnulf,0,1,1
2025.04.22,00:30,00:45,Arnulf,0,0,0
2025.04.22,00:45,01:00,Arnulf,3,0,3
2025.04.22,01:00,01:15,Arnulf,0,0,0
2025.04.22,01:15,01:30,Arnulf,0,0,0
2025.04.22,01:30,01:45,Arnulf,0,0,0
2025.04.22,01:45,02:00,Arnulf,1,0,1
2025.04.22,02:00,02:15,Arnulf,0,0,0
2025.04.22,02:15,02:30,Arnulf,0,0,0
2025.04.22,02:30,02:45,Arnulf,2,0,2
2025.04.22,02:45,03:00,Arnulf,0,0,0
2025.04.22,03:00,03:15,Arnulf,0,0,0
2025.04.22,03:15,03:30,Arnulf,0,0,0
2025.04.22,03:30,03:45,Arnulf,0,0,0
2025.04.22,03:45,04:00,Arnulf,0,0,0
2025.04.22,04:00,04:15,Arnulf,2,0,2
2025.04.22,04:15,04:30,Arnulf,2,0,2
2025.04.22,04:30,04:45,Arnulf,0,0,0
2025.04.22,04:45,05:00,Arnulf,2,0,2
2025.04.22,05:00,05:15,Arnulf,4,2,6
2025.04.22,05:15,05:30,Arnulf,4,2,6
2025.04.22,05:30,05:45,Arnulf,1,1,2
2025.04.22,05:45,06:00,Arnulf,4,0,4
2025.04.22,06:00,06:15,Arnulf,7,1,8
2025.04.22,06:15,06:30,Arnulf,7,0,7
2025.04.22,06:30,06:45,Arnulf,11,0,11
2025.04.22,06:45,07:00,Arnulf,19,1,20
2025.04.22,07:00,07:15,Arnulf,18,1,19
2025.04.22,07:15,07:30,Arnulf,23,0,23
2025.04.22,07:30,07:45,Arnulf,25,0,25
2025.04.22,07:45,08:00,Arnulf,37,1,38
2025.04.22,08:00,08:15,Arnulf,36,3,39
2025.04.22,08:15,08:30,Arnulf,40,2,42
2025.04.22,08:30,08:45,Arnulf,47,1,48
2025.04.22,08:45,09:00,Arnulf,51,0,51
2025.04.22,09:00,09:15,Arnulf,30,4,34
2025.04.22,09:15,09:30,Arnulf,24,0,24
2025.04.22,09:30,09:45,Arnulf,22,1,23
2025.04.22,09:45,10:00,Arnulf,15,3,18
2025.04.22,10:00,10:15,Arnulf,17,1,18
2025.04.22,10:15,10:30,Arnulf,17,1,18
2025.04.22,10:30,10:45,Arnulf,18,0,18
2025.04.22,10:45,11:00,Arnulf,14,2,16
2025.04.22,11:00,11:15,Arnulf,14,0,14
2025.04.22,11:15,11:30,Arnulf,11,2,13
2025.04.22,11:30,11:45,Arnulf,12,0,12
2025.04.22,11:45,12:00,Arnulf,17,0,17
2025.04.22,12:00,12:15,Arnulf,22,1,23
2025.04.22,12:15,12:30,Arnulf,22,0,22
2025.04.22,12:30,12:45,Arnulf,19,0,19
2025.04.22,12:45,13:00,Arnulf,15,0,15
2025.04.22,13:00,13:15,Arnulf,22,0,22
2025.04.22,13:15,13:30,Arnulf,10,2,12
2025.04.22,13:30,13:45,Arnulf,7,6,13
2025.04.22,13:45,14:00,Arnulf,19,1,20
2025.04.22,14:00,14:15,Arnulf,13,3,16
2025.04.22,14:15,14:30,Arnulf,10,2,12
2025.04.22,14:30,14:45,Arnulf,15,3,18
2025.04.22,14:45,15:00,Arnulf,15,0,15
2025.04.22,15:00,15:15,Arnulf,17,0,17
2025.04.22,15:15,15:30,Arnulf,17,1,18
2025.04.22,15:30,15:45,Arnulf,15,3,18
2025.04.22,15:45,16:00,Arnulf,22,1,23
2025.04.22,16:00,16:15,Arnulf,17,2,19
2025.04.22,16:15,16:30,Arnulf,28,0,28
2025.04.22,16:30,16:45,Arnulf,17,6,23
2025.04.22,16:45,17:00,Arnulf,22,3,25
2025.04.22,17:00,17:15,Arnulf,24,4,28
2025.04.22,17:15,17:30,Arnulf,31,2,33
2025.04.22,17:30,17:45,Arnulf,38,5,43
2025.04.22,17:45,18:00,Arnulf,50,6,56
2025.04.22,18:00,18:15,Arnulf,36,2,38
2025.04.22,18:15,18:30,Arnulf,37,2,39
2025.04.22,18:30,18:45,Arnulf,15,2,17
2025.04.22,18:45,19:00,Arnulf,32,3,35
2025.04.22,19:00,19:15,Arnulf,13,1,14
2025.04.22,19:15,19:30,Arnulf,13,2,15
2025.04.22,19:30,19:45,Arnulf,20,2,22
2025.04.22,19:45,20:00,Arnulf,17,1,18
2025.04.22,20:00,20:15,Arnulf,26,2,28
2025.04.22,20:15,20:30,Arnulf,11,4,15
2025.04.22,20:30,20:45,Arnulf,9,0,9
2025.04.22,20:45,21:00,Arnulf,5,2,7
2025.04.22,21:00,21:15,Arnulf,3,1,4
2025.04.22,21:15,21:30,Arnulf,6,1,7
2025.04.22,21:30,21:45,Arnulf,5,0,5
2025.04.22,21:45,22:00,Arnulf,9,0,9
2025.04.22,22:00,22:15,Arnulf,3,0,3
2025.04.22,22:15,22:30,Arnulf,11,0,11
2025.04.22,22:30,22:45,Arnulf,5,1,6
2025.04.22,22:45,23:00,Arnulf,8,0,8
2025.04.22,23:00,23:15,Arnulf,6,0,6
2025.04.22,23:15,23:30,Arnulf,5,0,5
2025.04.22,23:30,23:45,Arnulf,3,0,3
2025.04.22,23:45,00:00,Arnulf,3,0,3
2025.04.23,00:00,00:15,Arnulf,1,0,1
2025.04.23,00:15,00:30,Arnulf,2,0,2
2025.04.23,00:30,00:45,Arnulf,1,0,1
2025.04.23,00:45,01:00,Arnulf,0,2,2
2025.04.23,01:00,01:15,Arnulf,1,1,2
2025.04.23,01:15,01:30,Arnulf,0,1,1
2025.04.23,01:30,01:45,Arnulf,2,0,2
2025.04.23,01:45,02:00,Arnulf,2,0,2
2025.04.23,02:00,02:15,Arnulf,1,0,1
2025.04.23,02:15,02:30,Arnulf,1,0,1
2025.04.23,02:30,02:45,Arnulf,0,0,0
2025.04.23,02:45,03:00,Arnulf,1,0,1
2025.04.23,03:00,03:15,Arnulf,0,0,0
2025.04.23,03:15,03:30,Arnulf,0,0,0
2025.04.23,03:30,03:45,Arnulf,0,0,0
2025.04.23,03:45,04:00,Arnulf,0,0,0
2025.04.23,04:00,04:15,Arnulf,1,0,1
2025.04.23,04:15,04:30,Arnulf,0,0,0
2025.04.23,04:30,04:45,Arnulf,0,0,0
2025.04.23,04:45,05:00,Arnulf,2,2,4
2025.04.23,05:00,05:15,Arnulf,2,0,2
2025.04.23,05:15,05:30,Arnulf,1,0,1
2025.04.23,05:30,05:45,Arnulf,3,0,3
2025.04.23,05:45,06:00,Arnulf,6,0,6
2025.04.23,06:00,06:15,Arnulf,6,0,6
2025.04.23,06:15,06:30,Arnulf,7,0,7
2025.04.23,06:30,06:45,Arnulf,8,0,8
2025.04.23,06:45,07:00,Arnulf,17,2,19
2025.04.23,07:00,07:15,Arnulf,19,0,19
2025.04.23,07:15,07:30,Arnulf,25,1,26
2025.04.23,07:30,07:45,Arnulf,30,0,30
2025.04.23,07:45,08:00,Arnulf,30,1,31
2025.04.23,08:00,08:15,Arnulf,23,1,24
2025.04.23,08:15,08:30,Arnulf,51,2,53
2025.04.23,08:30,08:45,Arnulf,63,0,63
2025.04.23,08:45,09:00,Arnulf,38,3,41
2025.04.23,09:00,09:15,Arnulf,28,3,31
2025.04.23,09:15,09:30,Arnulf,22,0,22
2025.04.23,09:30,09:45,Arnulf,24,0,24
2025.04.23,09:45,10:00,Arnulf,30,2,32
2025.04.23,10:00,10:15,Arnulf,13,0,13
2025.04.23,10:15,10:30,Arnulf,16,0,16
2025.04.23,10:30,10:45,Arnulf,15,1,16
2025.04.23,10:45,11:00,Arnulf,16,1,17
2025.04.23,11:00,11:15,Arnulf,15,1,16
2025.04.23,11:15,11:30,Arnulf,12,0,12
2025.04.23,11:30,11:45,Arnulf,13,1,14
2025.04.23,11:45,12:00,Arnulf,19,0,19
2025.04.23,12:00,12:15,Arnulf,26,1,27
2025.04.23,12:15,12:30,Arnulf,18,1,19
2025.04.23,12:30,12:45,Arnulf,14,1,15
2025.04.23,12:45,13:00,Arnulf,22,0,22
2025.04.23,13:00,13:15,Arnulf,13,1,14
2025.04.23,13:15,13:30,Arnulf,15,0,15
2025.04.23,13:30,13:45,Arnulf,20,2,22
2025.04.23,13:45,14:00,Arnulf,14,0,14
2025.04.23,14:00,14:15,Arnulf,24,1,25
2025.04.23,14:15,14:30,Arnulf,15,1,16
2025.04.23,14:30,14:45,Arnulf,37,3,40
2025.04.23,14:45,15:00,Arnulf,22,0,22
2025.04.23,15:00,15:15,Arnulf,15,2,17
2025.04.23,15:15,15:30,Arnulf,13,2,15
2025.04.23,15:30,15:45,Arnulf,20,1,21
2025.04.23,15:45,16:00,Arnulf,14,1,15
2025.04.23,16:00,16:15,Arnulf,23,0,23
2025.04.23,16:15,16:30,Arnulf,33,2,35
2025.04.23,16:30,16:45,Arnulf,30,2,32
2025.04.23,16:45,17:00,Arnulf,28,0,28
2025.04.23,17:00,17:15,Arnulf,28,2,30
2025.04.23,17:15,17:30,Arnulf,24,1,25
2025.04.23,17:30,17:45,Arnulf,39,1,40
2025.04.23,17:45,18:00,Arnulf,24,5,29
2025.04.23,18:00,18:15,Arnulf,54,5,59
2025.04.23,18:15,18:30,Arnulf,38,3,41
2025.04.23,18:30,18:45,Arnulf,38,0,38
2025.04.23,18:45,19:00,Arnulf,18,1,19
2025.04.23,19:00,19:15,Arnulf,19,2,21
2025.04.23,19:15,19:30,Arnulf,11,1,12
2025.04.23,19:30,19:45,Arnulf,17,2,19
2025.04.23,19:45,20:00,Arnulf,11,1,12
2025.04.23,20:00,20:15,Arnulf,12,1,13
2025.04.23,20:15,20:30,Arnulf,7,0,7
2025.04.23,20:30,20:45,Arnulf,5,2,7
2025.04.23,20:45,21:00,Arnulf,3,1,4
2025.04.23,21:00,21:15,Arnulf,4,0,4
2025.04.23,21:15,21:30,Arnulf,11,0,11
2025.04.23,21:30,21:45,Arnulf,9,2,11
2025.04.23,21:45,22:00,Arnulf,8,2,10
2025.04.23,22:00,22:15,Arnulf,8,0,8
2025.04.23,22:15,22:30,Arnulf,2,1,3
2025.04.23,22:30,22:45,Arnulf,7,0,7
2025.04.23,22:45,23:00,Arnulf,5,3,8
2025.04.23,23:00,23:15,Arnulf,1,0,1
2025.04.23,23:15,23:30,Arnulf,2,0,2
2025.04.23,23:30,23:45,Arnulf,5,1,6
2025.04.23,23:45,00:00,Arnulf,1,0,1
2025.04.24,00:00,00:15,Arnulf,3,0,3
2025.04.24,00:15,00:30,Arnulf,0,1,1
2025.04.24,00:30,00:45,Arnulf,0,0,0
2025.04.24,00:45,01:00,Arnulf,0,0,0
2025.04.24,01:00,01:15,Arnulf,0,0,0
2025.04.24,01:15,01:30,Arnulf,0,0,0
2025.04.24,01:30,01:45,Arnulf,0,0,0
2025.04.24,01:45,02:00,Arnulf,0,0,0
2025.04.24,02:00,02:15,Arnulf,0,0,0
2025.04.24,02:15,02:30,Arnulf,3,0,3
2025.04.24,02:30,02:45,Arnulf,0,0,0
2025.04.24,02:45,03:00,Arnulf,0,0,0
2025.04.24,03:00,03:15,Arnulf,1,0,1
2025.04.24,03:15,03:30,Arnulf,0,0,0
2025.04.24,03:30,03:45,Arnulf,0,0,0
2025.04.24,03:45,04:00,Arnulf,0,0,0
2025.04.24,04:00,04:15,Arnulf,1,0,1
2025.04.24,04:15,04:30,Arnulf,0,0,0
2025.04.24,04:30,04:45,Arnulf,1,3,4
2025.04.24,04:45,05:00,Arnulf,1,0,1
2025.04.24,05:00,05:15,Arnulf,3,0,3
2025.04.24,05:15,05:30,Arnulf,2,0,2
2025.04.24,05:30,05:45,Arnulf,4,1,5
2025.04.24,05:45,06:00,Arnulf,3,0,3
2025.04.24,06:00,06:15,Arnulf,1,0,1
2025.04.24,06:15,06:30,Arnulf,4,0,4
2025.04.24,06:30,06:45,Arnulf,6,0,6
2025.04.24,06:45,07:00,Arnulf,12,1,13
2025.04.24,07:00,07:15,Arnulf,10,0,10
2025.04.24,07:15,07:30,Arnulf,17,1,18
2025.04.24,07:30,07:45,Arnulf,21,0,21
2025.04.24,07:45,08:00,Arnulf,21,1,22
2025.04.24,08:00,08:15,Arnulf,23,1,24
2025.04.24,08:15,08:30,Arnulf,29,3,32
2025.04.24,08:30,08:45,Arnulf,47,0,47
2025.04.24,08:45,09:00,Arnulf,33,0,33
2025.04.24,09:00,09:15,Arnulf,20,1,21
2025.04.24,09:15,09:30,Arnulf,16,1,17
2025.04.24,09:30,09:45,Arnulf,16,2,18
2025.04.24,09:45,10:00,Arnulf,19,2,21
2025.04.24,10:00,10:15,Arnulf,10,1,11
2025.04.24,10:15,10:30,Arnulf,15,0,15
2025.04.24,10:30,10:45,Arnulf,8,2,10
2025.04.24,10:45,11:00,Arnulf,6,0,6
2025.04.24,11:00,11:15,Arnulf,13,1,14
2025.04.24,11:15,11:30,Arnulf,5,0,5
2025.04.24,11:30,11:45,Arnulf,14,1,15
2025.04.24,11:45,12:00,Arnulf,20,1,21
2025.04.24,12:00,12:15,Arnulf,6,1,7
2025.04.24,12:15,12:30,Arnulf,21,1,22
2025.04.24,12:30,12:45,Arnulf,17,0,17
2025.04.24,12:45,13:00,Arnulf,7,0,7
2025.04.24,13:00,13:15,Arnulf,10,0,10
2025.04.24,13:15,13:30,Arnulf,6,3,9
2025.04.24,13:30,13:45,Arnulf,15,2,17
2025.04.24,13:45,14:00,Arnulf,8,0,8
2025.04.24,14:00,14:15,Arnulf,9,1,10
2025.04.24,14:15,14:30,Arnulf,12,2,14
2025.04.24,14:30,14:45,Arnulf,13,1,14
2025.04.24,14:45,15:00,Arnulf,19,1,20
2025.04.24,15:00,15:15,Arnulf,10,2,12
2025.04.24,15:15,15:30,Arnulf,14,0,14
2025.04.24,15:30,15:45,Arnulf,14,1,15
2025.04.24,15:45,16:00,Arnulf,21,1,22
2025.04.24,16:00,16:15,Arnulf,15,1,16
2025.04.24,16:15,16:30,Arnulf,16,0,16
2025.04.24,16:30,16:45,Arnulf,26,2,28
2025.04.24,16:45,17:00,Arnulf,22,0,22
2025.04.24,17:00,17:15,Arnulf,24,2,26
2025.04.24,17:15,17:30,Arnulf,25,1,26
2025.04.24,17:30,17:45,Arnulf,27,1,28
2025.04.24,17:45,18:00,Arnulf,26,1,27
2025.04.24,18:00,18:15,Arnulf,24,3,27
2025.04.24,18:15,18:30,Arnulf,31,3,34
2025.04.24,18:30,18:45,Arnulf,27,0,27
2025.04.24,18:45,19:00,Arnulf,27,1,28
2025.04.24,19:00,19:15,Arnulf,23,3,26
2025.04.24,19:15,19:30,Arnulf,20,0,20
2025.04.24,19:30,19:45,Arnulf,11,1,12
2025.04.24,19:45,20:00,Arnulf,19,1,20
2025.04.24,20:00,20:15,Arnulf,6,1,7
2025.04.24,20:15,20:30,Arnulf,13,2,15
2025.04.24,20:30,20:45,Arnulf,5,4,9
2025.04.24,20:45,21:00,Arnulf,12,0,12
2025.04.24,21:00,21:15,Arnulf,11,0,11
2025.04.24,21:15,21:30,Arnulf,15,1,16
2025.04.24,21:30,21:45,Arnulf,5,1,6
2025.04.24,21:45,22:00,Arnulf,11,0,11
2025.04.24,22:00,22:15,Arnulf,13,0,13
2025.04.24,22:15,22:30,Arnulf,10,2,12
2025.04.24,22:30,22:45,Arnulf,5,0,5
2025.04.24,22:45,23:00,Arnulf,6,0,6
2025.04.24,23:00,23:15,Arnulf,3,1,4
2025.04.24,23:15,23:30,Arnulf,3,0,3
2025.04.24,23:30,23:45,Arnulf,3,3,6
2025.04.24,23:45,00:00,Arnulf,4,0,4
2025.04.25,00:00,00:15,Arnulf,2,0,2
2025.04.25,00:15,00:30,Arnulf,1,0,1
2025.04.25,00:30,00:45,Arnulf,1,0,1
2025.04.25,00:45,01:00,Arnulf,1,0,1
2025.04.25,01:00,01:15,Arnulf,0,0,0
2025.04.25,01:15,01:30,Arnulf,1,0,1
2025.04.25,01:30,01:45,Arnulf,2,0,2
2025.04.25,01:45,02:00,Arnulf,0,0,0
2025.04.25,02:00,02:15,Arnulf,0,0,0
2025.04.25,02:15,02:30,Arnulf,3,0,3
2025.04.25,02:30,02:45,Arnulf,0,0,0
2025.04.25,02:45,03:00,Arnulf,0,0,0
2025.04.25,03:00,03:15,Arnulf,1,0,1
2025.04.25,03:15,03:30,Arnulf,0,0,0
2025.04.25,03:30,03:45,Arnulf,0,0,0
2025.04.25,03:45,04:00,Arnulf,0,0,0
2025.04.25,04:00,04:15,Arnulf,1,0,1
2025.04.25,04:15,04:30,Arnulf,0,0,0
2025.04.25,04:30,04:45,Arnulf,1,1,2
2025.04.25,04:45,05:00,Arnulf,1,0,1
2025.04.25,05:00,05:15,Arnulf,0,0,0
2025.04.25,05:15,05:30,Arnulf,0,0,0
2025.04.25,05:30,05:45,Arnulf,2,0,2
2025.04.25,05:45,06:00,Arnulf,4,0,4
2025.04.25,06:00,06:15,Arnulf,3,0,3
2025.04.25,06:15,06:30,Arnulf,6,0,6
2025.04.25,06:30,06:45,Arnulf,6,0,6
2025.04.25,06:45,07:00,Arnulf,10,1,11
2025.04.25,07:00,07:15,Arnulf,10,1,11
2025.04.25,07:15,07:30,Arnulf,12,1,13
2025.04.25,07:30,07:45,Arnulf,18,2,20
2025.04.25,07:45,08:00,Arnulf,27,0,27
2025.04.25,08:00,08:15,Arnulf,26,2,28
2025.04.25,08:15,08:30,Arnulf,30,0,30
2025.04.25,08:30,08:45,Arnulf,29,0,29
2025.04.25,08:45,09:00,Arnulf,36,2,38
2025.04.25,09:00,09:15,Arnulf,25,0,25
2025.04.25,09:15,09:30,Arnulf,33,1,34
2025.04.25,09:30,09:45,Arnulf,19,1,20
2025.04.25,09:45,10:00,Arnulf,16,1,17
2025.04.25,10:00,10:15,Arnulf,8,0,8
2025.04.25,10:15,10:30,Arnulf,15,0,15
2025.04.25,10:30,10:45,Arnulf,10,2,12
2025.04.25,10:45,11:00,Arnulf,15,0,15
2025.04.25,11:00,11:15,Arnulf,4,0,4
2025.04.25,11:15,11:30,Arnulf,14,1,15
2025.04.25,11:30,11:45,Arnulf,9,0,9
2025.04.25,11:45,12:00,Arnulf,21,2,23
2025.04.25,12:00,12:15,Arnulf,15,0,15
2025.04.25,12:15,12:30,Arnulf,16,0,16
2025.04.25,12:30,12:45,Arnulf,14,0,14
2025.04.25,12:45,13:00,Arnulf,15,0,15
2025.04.25,13:00,13:15,Arnulf,13,1,14
2025.04.25,13:15,13:30,Arnulf,14,4,18
2025.04.25,13:30,13:45,Arnulf,12,4,16
2025.04.25,13:45,14:00,Arnulf,20,1,21
2025.04.25,14:00,14:15,Arnulf,19,1,20
2025.04.25,14:15,14:30,Arnulf,13,2,15
2025.04.25,14:30,14:45,Arnulf,16,1,17
2025.04.25,14:45,15:00,Arnulf,12,2,14
2025.04.25,15:00,15:15,Arnulf,26,2,28
2025.04.25,15:15,15:30,Arnulf,13,0,13
2025.04.25,15:30,15:45,Arnulf,16,1,17
2025.04.25,15:45,16:00,Arnulf,18,1,19
2025.04.25,16:00,16:15,Arnulf,14,3,17
2025.04.25,16:15,16:30,Arnulf,27,2,29
2025.04.25,16:30,16:45,Arnulf,19,0,19
2025.04.25,16:45,17:00,Arnulf,10,3,13
2025.04.25,17:00,17:15,Arnulf,22,0,22
2025.04.25,17:15,17:30,Arnulf,9,3,12
2025.04.25,17:30,17:45,Arnulf,20,1,21
2025.04.25,17:45,18:00,Arnulf,24,1,25
2025.04.25,18:00,18:15,Arnulf,17,1,18
2025.04.25,18:15,18:30,Arnulf,13,2,15
2025.04.25,18:30,18:45,Arnulf,20,0,20
2025.04.25,18:45,19:00,Arnulf,24,1,25
2025.04.25,19:00,19:15,Arnulf,24,0,24
2025.04.25,19:15,19:30,Arnulf,11,0,11
2025.04.25,19:30,19:45,Arnulf,15,0,15
2025.04.25,19:45,20:00,Arnulf,13,0,13
2025.04.25,20:00,20:15,Arnulf,7,2,9
2025.04.25,20:15,20:30,Arnulf,11,0,11
2025.04.25,20:30,20:45,Arnulf,8,1,9
2025.04.25,20:45,21:00,Arnulf,3,0,3
2025.04.25,21:00,21:15,Arnulf,4,0,4
2025.04.25,21:15,21:30,Arnulf,7,3,10
2025.04.25,21:30,21:45,Arnulf,7,0,7
2025.04.25,21:45,22:00,Arnulf,2,0,2
2025.04.25,22:00,22:15,Arnulf,5,0,5
2025.04.25,22:15,22:30,Arnulf,7,0,7
2025.04.25,22:30,22:45,Arnulf,4,0,4
2025.04.25,22:45,23:00,Arnulf,3,0,3
2025.04.25,23:00,23:15,Arnulf,6,2,8
2025.04.25,23:15,23:30,Arnulf,1,1,2
2025.04.25,23:30,23:45,Arnulf,4,0,4
2025.04.25,23:45,00:00,Arnulf,2,0,2
2025.04.26,00:00,00:15,Arnulf,2,0,2
2025.04.26,00:15,00:30,Arnulf,2,0,2
2025.04.26,00:30,00:45,Arnulf,3,0,3
2025.04.26,00:45,01:00,Arnulf,4,0,4
2025.04.26,01:00,01:15,Arnulf,1,0,1
2025.04.26,01:15,01:30,Arnulf,1,0,1
2025.04.26,01:30,01:45,Arnulf,1,0,1
2025.04.26,01:45,02:00,Arnulf,2,1,3
2025.04.26,02:00,02:15,Arnulf,3,0,3
2025.04.26,02:15,02:30,Arnulf,1,0,1
2025.04.26,02:30,02:45,Arnulf,0,0,0
2025.04.26,02:45,03:00,Arnulf,0,0,0
2025.04.26,03:00,03:15,Arnulf,1,0,1
2025.04.26,03:15,03:30,Arnulf,0,1,1
2025.04.26,03:30,03:45,Arnulf,1,0,1
2025.04.26,03:45,04:00,Arnulf,1,0,1
2025.04.26,04:00,04:15,Arnulf,0,0,0
2025.04.26,04:15,04:30,Arnulf,0,0,0
2025.04.26,04:30,04:45,Arnulf,1,0,1
2025.04.26,04:45,05:00,Arnulf,0,0,0
2025.04.26,05:00,05:15,Arnulf,1,0,1
2025.04.26,05:15,05:30,Arnulf,4,0,4
2025.04.26,05:30,05:45,Arnulf,0,0,0
2025.04.26,05:45,06:00,Arnulf,1,0,1
2025.04.26,06:00,06:15,Arnulf,1,0,1
2025.04.26,06:15,06:30,Arnulf,1,0,1
2025.04.26,06:30,06:45,Arnulf,0,0,0
2025.04.26,06:45,07:00,Arnulf,4,0,4
2025.04.26,07:00,07:15,Arnulf,5,0,5
2025.04.26,07:15,07:30,Arnulf,2,0,2
2025.04.26,07:30,07:45,Arnulf,7,0,7
2025.04.26,07:45,08:00,Arnulf,1,1,2
2025.04.26,08:00,08:15,Arnulf,8,0,8
2025.04.26,08:15,08:30,Arnulf,12,0,12
2025.04.26,08:30,08:45,Arnulf,7,1,8
2025.04.26,08:45,09:00,Arnulf,5,1,6
2025.04.26,09:00,09:15,Arnulf,9,0,9
2025.04.26,09:15,09:30,Arnulf,12,0,12
2025.04.26,09:30,09:45,Arnulf,12,0,12
2025.04.26,09:45,10:00,Arnulf,17,1,18
2025.04.26,10:00,10:15,Arnulf,15,0,15
2025.04.26,10:15,10:30,Arnulf,11,0,11
2025.04.26,10:30,10:45,Arnulf,16,0,16
2025.04.26,10:45,11:00,Arnulf,10,0,10
2025.04.26,11:00,11:15,Arnulf,11,0,11
2025.04.26,11:15,11:30,Arnulf,14,0,14
2025.04.26,11:30,11:45,Arnulf,13,0,13
2025.04.26,11:45,12:00,Arnulf,9,0,9
2025.04.26,12:00,12:15,Arnulf,13,2,15
2025.04.26,12:15,12:30,Arnulf,20,1,21
2025.04.26,12:30,12:45,Arnulf,5,1,6
2025.04.26,12:45,13:00,Arnulf,13,0,13
2025.04.26,13:00,13:15,Arnulf,7,3,10
2025.04.26,13:15,13:30,Arnulf,13,0,13
2025.04.26,13:30,13:45,Arnulf,15,1,16
2025.04.26,13:45,14:00,Arnulf,18,0,18
2025.04.26,14:00,14:15,Arnulf,26,0,26
2025.04.26,14:15,14:30,Arnulf,10,0,10
2025.04.26,14:30,14:45,Arnulf,18,0,18
2025.04.26,14:45,15:00,Arnulf,26,0,26
2025.04.26,15:00,15:15,Arnulf,7,2,9
2025.04.26,15:15,15:30,Arnulf,16,2,18
2025.04.26,15:30,15:45,Arnulf,25,2,27
2025.04.26,15:45,16:00,Arnulf,10,2,12
2025.04.26,16:00,16:15,Arnulf,18,2,20
2025.04.26,16:15,16:30,Arnulf,23,0,23
2025.04.26,16:30,16:45,Arnulf,8,1,9
2025.04.26,16:45,17:00,Arnulf,11,0,11
2025.04.26,17:00,17:15,Arnulf,17,0,17
2025.04.26,17:15,17:30,Arnulf,16,4,20
2025.04.26,17:30,17:45,Arnulf,11,0,11
2025.04.26,17:45,18:00,Arnulf,9,1,10
2025.04.26,18:00,18:15,Arnulf,16,1,17
2025.04.26,18:15,18:30,Arnulf,6,1,7
2025.04.26,18:30,18:45,Arnulf,10,1,11
2025.04.26,18:45,19:00,Arnulf,9,0,9
2025.04.26,19:00,19:15,Arnulf,3,0,3
2025.04.26,19:15,19:30,Arnulf,19,1,20
2025.04.26,19:30,19:45,Arnulf,16,0,16
2025.04.26,19:45,20:00,Arnulf,18,0,18
2025.04.26,20:00,20:15,Arnulf,8,1,9
2025.04.26,20:15,20:30,Arnulf,12,0,12
2025.04.26,20:30,20:45,Arnulf,6,2,8
2025.04.26,20:45,21:00,Arnulf,9,2,11
2025.04.26,21:00,21:15,Arnulf,5,1,6
2025.04.26,21:15,21:30,Arnulf,7,0,7
2025.04.26,21:30,21:45,Arnulf,7,0,7
2025.04.26,21:45,22:00,Arnulf,8,3,11
2025.04.26,22:00,22:15,Arnulf,19,2,21
2025.04.26,22:15,22:30,Arnulf,8,1,9
2025.04.26,22:30,22:45,Arnulf,4,0,4
2025.04.26,22:45,23:00,Arnulf,3,1,4
2025.04.26,23:00,23:15,Arnulf,1,0,1
2025.04.26,23:15,23:30,Arnulf,3,0,3
2025.04.26,23:30,23:45,Arnulf,1,1,2
2025.04.26,23:45,00:00,Arnulf,3,0,3
2025.04.27,00:00,00:15,Arnulf,2,0,2
2025.04.27,00:15,00:30,Arnulf,1,0,1
2025.04.27,00:30,00:45,Arnulf,5,1,6
2025.04.27,00:45,01:00,Arnulf,6,0,6
2025.04.27,01:00,01:15,Arnulf,4,0,4
2025.04.27,01:15,01:30,Arnulf,1,0,1
2025.04.27,01:30,01:45,Arnulf,3,0,3
2025.04.27,01:45,02:00,Arnulf,3,0,3
2025.04.27,02:00,02:15,Arnulf,4,0,4
2025.04.27,02:15,02:30,Arnulf,3,0,3
2025.04.27,02:30,02:45,Arnulf,0,0,0
2025.04.27,02:45,03:00,Arnulf,2,0,2
2025.04.27,03:00,03:15,Arnulf,1,0,1
2025.04.27,03:15,03:30,Arnulf,1,0,1
2025.04.27,03:30,03:45,Arnulf,3,0,3
2025.04.27,03:45,04:00,Arnulf,2,0,2
2025.04.27,04:00,04:15,Arnulf,2,0,2
2025.04.27,04:15,04:30,Arnulf,0,0,0
2025.04.27,04:30,04:45,Arnulf,1,0,1
2025.04.27,04:45,05:00,Arnulf,0,0,0
2025.04.27,05:00,05:15,Arnulf,5,0,5
2025.04.27,05:15,05:30,Arnulf,0,0,0
2025.04.27,05:30,05:45,Arnulf,0,0,0
2025.04.27,05:45,06:00,Arnulf,0,0,0
2025.04.27,06:00,06:15,Arnulf,2,1,3
2025.04.27,06:15,06:30,Arnulf,1,0,1
2025.04.27,06:30,06:45,Arnulf,3,0,3
2025.04.27,06:45,07:00,Arnulf,4,0,4
2025.04.27,07:00,07:15,Arnulf,2,0,2
2025.04.27,07:15,07:30,Arnulf,4,0,4
2025.04.27,07:30,07:45,Arnulf,7,0,7
2025.04.27,07:45,08:00,Arnulf,4,0,4
2025.04.27,08:00,08:15,Arnulf,5,0,5
2025.04.27,08:15,08:30,Arnulf,10,0,10
2025.04.27,08:30,08:45,Arnulf,9,1,10
2025.04.27,08:45,09:00,Arnulf,9,1,10
2025.04.27,09:00,09:15,Arnulf,5,1,6
2025.04.27,09:15,09:30,Arnulf,7,0,7
2025.04.27,09:30,09:45,Arnulf,11,1,12
2025.04.27,09:45,10:00,Arnulf,16,2,18
2025.04.27,10:00,10:15,Arnulf,9,4,13
2025.04.27,10:15,10:30,Arnulf,20,0,20
2025.04.27,10:30,10:45,Arnulf,33,1,34
2025.04.27,10:45,11:00,Arnulf,6,1,7
2025.04.27,11:00,11:15,Arnulf,10,0,10
2025.04.27,11:15,11:30,Arnulf,16,3,19
2025.04.27,11:30,11:45,Arnulf,31,3,34
2025.04.27,11:45,12:00,Arnulf,16,2,18
2025.04.27,12:00,12:15,Arnulf,13,3,16
2025.04.27,12:15,12:30,Arnulf,13,1,14
2025.04.27,12:30,12:45,Arnulf,18,0,18
2025.04.27,12:45,13:00,Arnulf,22,3,25
2025.04.27,13:00,13:15,Arnulf,17,3,20
2025.04.27,13:15,13:30,Arnulf,18,0,18
2025.04.27,13:30,13:45,Arnulf,25,3,28
2025.04.27,13:45,14:00,Arnulf,35,1,36
2025.04.27,14:00,14:15,Arnulf,20,0,20
2025.04.27,14:15,14:30,Arnulf,29,1,30
2025.04.27,14:30,14:45,Arnulf,34,0,34
2025.04.27,14:45,15:00,Arnulf,23,0,23
2025.04.27,15:00,15:15,Arnulf,28,2,30
2025.04.27,15:15,15:30,Arnulf,31,0,31
2025.04.27,15:30,15:45,Arnulf,28,0,28
2025.04.27,15:45,16:00,Arnulf,35,0,35
2025.04.27,16:00,16:15,Arnulf,18,2,20
2025.04.27,16:15,16:30,Arnulf,21,2,23
2025.04.27,16:30,16:45,Arnulf,24,4,28
2025.04.27,16:45,17:00,Arnulf,26,2,28
2025.04.27,17:00,17:15,Arnulf,26,3,29
2025.04.27,17:15,17:30,Arnulf,27,4,31
2025.04.27,17:30,17:45,Arnulf,27,5,32
2025.04.27,17:45,18:00,Arnulf,34,2,36
2025.04.27,18:00,18:15,Arnulf,22,2,24
2025.04.27,18:15,18:30,Arnulf,20,2,22
2025.04.27,18:30,18:45,Arnulf,14,1,15
2025.04.27,18:45,19:00,Arnulf,19,1,20
2025.04.27,19:00,19:15,Arnulf,18,3,21
2025.04.27,19:15,19:30,Arnulf,17,3,20
2025.04.27,19:30,19:45,Arnulf,26,4,30
2025.04.27,19:45,20:00,Arnulf,14,0,14
2025.04.27,20:00,20:15,Arnulf,12,0,12
2025.04.27,20:15,20:30,Arnulf,18,0,18
2025.04.27,20:30,20:45,Arnulf,12,0,12
2025.04.27,20:45,21:00,Arnulf,15,1,16
2025.04.27,21:00,21:15,Arnulf,6,5,11
2025.04.27,21:15,21:30,Arnulf,10,3,13
2025.04.27,21:30,21:45,Arnulf,9,0,9
2025.04.27,21:45,22:00,Arnulf,9,0,9
2025.04.27,22:00,22:15,Arnulf,8,0,8
2025.04.27,22:15,22:30,Arnulf,8,2,10
2025.04.27,22:30,22:45,Arnulf,9,0,9
2025.04.27,22:45,23:00,Arnulf,6,1,7
2025.04.27,23:00,23:15,Arnulf,3,1,4
2025.04.27,23:15,23:30,Arnulf,2,0,2
2025.04.27,23:30,23:45,Arnulf,2,0,2
2025.04.27,23:45,00:00,Arnulf,3,1,4
2025.04.28,00:00,00:15,Arnulf,1,0,1
2025.04.28,00:15,00:30,Arnulf,0,0,0
2025.04.28,00:30,00:45,Arnulf,0,0,0
2025.04.28,00:45,01:00,Arnulf,3,0,3
2025.04.28,01:00,01:15,Arnulf,0,0,0
2025.04.28,01:15,01:30,Arnulf,1,1,2
2025.04.28,01:30,01:45,Arnulf,0,0,0
2025.04.28,01:45,02:00,Arnulf,2,0,2
2025.04.28,02:00,02:15,Arnulf,0,0,0
2025.04.28,02:15,02:30,Arnulf,0,0,0
2025.04.28,02:30,02:45,Arnulf,0,0,0
2025.04.28,02:45,03:00,Arnulf,1,0,1
2025.04.28,03:00,03:15,Arnulf,1,0,1
2025.04.28,03:15,03:30,Arnulf,0,0,0
2025.04.28,03:30,03:45,Arnulf,0,0,0
2025.04.28,03:45,04:00,Arnulf,0,0,0
2025.04.28,04:00,04:15,Arnulf,0,0,0
2025.04.28,04:15,04:30,Arnulf,0,0,0
2025.04.28,04:30,04:45,Arnulf,4,1,5
2025.04.28,04:45,05:00,Arnulf,1,0,1
2025.04.28,05:00,05:15,Arnulf,4,0,4
2025.04.28,05:15,05:30,Arnulf,0,0,0
2025.04.28,05:30,05:45,Arnulf,4,0,4
2025.04.28,05:45,06:00,Arnulf,8,0,8
2025.04.28,06:00,06:15,Arnulf,6,1,7
2025.04.28,06:15,06:30,Arnulf,8,0,8
2025.04.28,06:30,06:45,Arnulf,13,0,13
2025.04.28,06:45,07:00,Arnulf,24,2,26
2025.04.28,07:00,07:15,Arnulf,23,1,24
2025.04.28,07:15,07:30,Arnulf,40,2,42
2025.04.28,07:30,07:45,Arnulf,49,1,50
2025.04.28,07:45,08:00,Arnulf,44,1,45
2025.04.28,08:00,08:15,Arnulf,65,1,66
2025.04.28,08:15,08:30,Arnulf,72,2,74
2025.04.28,08:30,08:45,Arnulf,69,0,69
2025.04.28,08:45,09:00,Arnulf,66,2,68
2025.04.28,09:00,09:15,Arnulf,43,2,45
2025.04.28,09:15,09:30,Arnulf,28,0,28
2025.04.28,09:30,09:45,Arnulf,19,1,20
2025.04.28,09:45,10:00,Arnulf,34,1,35
2025.04.28,10:00,10:15,Arnulf,18,1,19
2025.04.28,10:15,10:30,Arnulf,22,0,22
2025.04.28,10:30,10:45,Arnulf,16,1,17
2025.04.28,10:45,11:00,Arnulf,21,0,21
2025.04.28,11:00,11:15,Arnulf,14,0,14
2025.04.28,11:15,11:30,Arnulf,19,1,20
2025.04.28,11:30,11:45,Arnulf,17,1,18
2025.04.28,11:45,12:00,Arnulf,20,0,20
2025.04.28,12:00,12:15,Arnulf,19,3,22
2025.04.28,12:15,12:30,Arnulf,13,1,14
2025.04.28,12:30,12:45,Arnulf,18,1,19
2025.04.28,12:45,13:00,Arnulf,16,6,22
2025.04.28,13:00,13:15,Arnulf,26,0,26
2025.04.28,13:15,13:30,Arnulf,21,0,21
2025.04.28,13:30,13:45,Arnulf,21,2,23
2025.04.28,13:45,14:00,Arnulf,12,1,13
2025.04.28,14:00,14:15,Arnulf,14,1,15
2025.04.28,14:15,14:30,Arnulf,22,1,23
2025.04.28,14:30,14:45,Arnulf,24,1,25
2025.04.28,14:45,15:00,Arnulf,20,0,20
2025.04.28,15:00,15:15,Arnulf,22,2,24
2025.04.28,15:15,15:30,Arnulf,24,2,26
2025.04.28,15:30,15:45,Arnulf,31,1,32
2025.04.28,15:45,16:00,Arnulf,33,2,35
2025.04.28,16:00,16:15,Arnulf,26,0,26
2025.04.28,16:15,16:30,Arnulf,34,4,38
2025.04.28,16:30,16:45,Arnulf,32,3,35
2025.04.28,16:45,17:00,Arnulf,31,3,34
2025.04.28,17:00,17:15,Arnulf,37,3,40
2025.04.28,17:15,17:30,Arnulf,49,2,51
2025.04.28,17:30,17:45,Arnulf,52,5,57
2025.04.28,17:45,18:00,Arnulf,41,1,42
2025.04.28,18:00,18:15,Arnulf,51,3,54
2025.04.28,18:15,18:30,Arnulf,49,2,51
2025.04.28,18:30,18:45,Arnulf,36,4,40
2025.04.28,18:45,19:00,Arnulf,36,5,41
2025.04.28,19:00,19:15,Arnulf,27,0,27
2025.04.28,19:15,19:30,Arnulf,24,0,24
2025.04.28,19:30,19:45,Arnulf,20,1,21
2025.04.28,19:45,20:00,Arnulf,13,4,17
2025.04.28,20:00,20:15,Arnulf,18,0,18
2025.04.28,20:15,20:30,Arnulf,5,4,9
2025.04.28,20:30,20:45,Arnulf,9,0,9
2025.04.28,20:45,21:00,Arnulf,7,2,9
2025.04.28,21:00,21:15,Arnulf,7,3,10
2025.04.28,21:15,21:30,Arnulf,12,0,12
2025.04.28,21:30,21:45,Arnulf,11,0,11
2025.04.28,21:45,22:00,Arnulf,10,1,11
2025.04.28,22:00,22:15,Arnulf,11,2,13
2025.04.28,22:15,22:30,Arnulf,19,3,22
2025.04.28,22:30,22:45,Arnulf,10,0,10
2025.04.28,22:45,23:00,Arnulf,10,0,10
2025.04.28,23:00,23:15,Arnulf,5,1,6
2025.04.28,23:15,23:30,Arnulf,5,0,5
2025.04.28,23:30,23:45,Arnulf,4,1,5
2025.04.28,23:45,00:00,Arnulf,1,0,1
2025.04.29,00:00,00:15,Arnulf,0,0,0
2025.04.29,00:15,00:30,Arnulf,2,2,4
2025.04.29,00:30,00:45,Arnulf,2,0,2
2025.04.29,00:45,01:00,Arnulf,0,0,0
2025.04.29,01:00,01:15,Arnulf,0,0,0
2025.04.29,01:15,01:30,Arnulf,1,0,1
2025.04.29,01:30,01:45,Arnulf,0,0,0
2025.04.29,01:45,02:00,Arnulf,1,0,1
2025.04.29,02:00,02:15,Arnulf,0,0,0
2025.04.29,02:15,02:30,Arnulf,1,0,1
2025.04.29,02:30,02:45,Arnulf,0,0,0
2025.04.29,02:45,03:00,Arnulf,0,0,0
2025.04.29,03:00,03:15,Arnulf,2,0,2
2025.04.29,03:15,03:30,Arnulf,0,0,0
2025.04.29,03:30,03:45,Arnulf,0,0,0
2025.04.29,03:45,04:00,Arnulf,0,0,0
2025.04.29,04:00,04:15,Arnulf,0,0,0
2025.04.29,04:15,04:30,Arnulf,1,0,1
2025.04.29,04:30,04:45,Arnulf,1,0,1
2025.04.29,04:45,05:00,Arnulf,0,1,1
2025.04.29,05:00,05:15,Arnulf,3,0,3
2025.04.29,05:15,05:30,Arnulf,1,0,1
2025.04.29,05:30,05:45,Arnulf,6,0,6
2025.04.29,05:45,06:00,Arnulf,5,0,5
2025.04.29,06:00,06:15,Arnulf,5,0,5
2025.04.29,06:15,06:30,Arnulf,7,1,8
2025.04.29,06:30,06:45,Arnulf,12,2,14
2025.04.29,06:45,07:00,Arnulf,25,0,25
2025.04.29,07:00,07:15,Arnulf,25,1,26
2025.04.29,07:15,07:30,Arnulf,34,1,35
2025.04.29,07:30,07:45,Arnulf,64,5,69
2025.04.29,07:45,08:00,Arnulf,67,2,69
2025.04.29,08:00,08:15,Arnulf,66,8,74
2025.04.29,08:15,08:30,Arnulf,82,5,87
2025.04.29,08:30,08:45,Arnulf,74,2,76
2025.04.29,08:45,09:00,Arnulf,64,1,65
2025.04.29,09:00,09:15,Arnulf,31,5,36
2025.04.29,09:15,09:30,Arnulf,39,6,45
2025.04.29,09:30,09:45,Arnulf,35,2,37
2025.04.29,09:45,10:00,Arnulf,35,1,36
2025.04.29,10:00,10:15,Arnulf,19,1,20
2025.04.29,10:15,10:30,Arnulf,29,0,29
2025.04.29,10:30,10:45,Arnulf,23,1,24
2025.04.29,10:45,11:00,Arnulf,30,0,30
2025.04.29,11:00,11:15,Arnulf,15,0,15
2025.04.29,11:15,11:30,Arnulf,13,2,15
2025.04.29,11:30,11:45,Arnulf,21,1,22
2025.04.29,11:45,12:00,Arnulf,23,2,25
2025.04.29,12:00,12:15,Arnulf,34,3,37
2025.04.29,12:15,12:30,Arnulf,22,1,23
2025.04.29,12:30,12:45,Arnulf,23,1,24
2025.04.29,12:45,13:00,Arnulf,30,0,30
2025.04.29,13:00,13:15,Arnulf,19,2,21
2025.04.29,13:15,13:30,Arnulf,22,2,24
2025.04.29,13:30,13:45,Arnulf,15,0,15
2025.04.29,13:45,14:00,Arnulf,28,1,29
2025.04.29,14:00,14:15,Arnulf,18,3,21
2025.04.29,14:15,14:30,Arnulf,27,1,28
2025.04.29,14:30,14:45,Arnulf,25,1,26
2025.04.29,14:45,15:00,Arnulf,15,4,19
2025.04.29,15:00,15:15,Arnulf,19,1,20
2025.04.29,15:15,15:30,Arnulf,21,3,24
2025.04.29,15:30,15:45,Arnulf,26,2,28
2025.04.29,15:45,16:00,Arnulf,36,2,38
2025.04.29,16:00,16:15,Arnulf,26,2,28
2025.04.29,16:15,16:30,Arnulf,31,3,34
2025.04.29,16:30,16:45,Arnulf,46,4,50
2025.04.29,16:45,17:00,Arnulf,44,1,45
2025.04.29,17:00,17:15,Arnulf,40,3,43
2025.04.29,17:15,17:30,Arnulf,56,6,62
2025.04.29,17:30,17:45,Arnulf,53,3,56
2025.04.29,17:45,18:00,Arnulf,52,1,53
2025.04.29,18:00,18:15,Arnulf,50,5,55
2025.04.29,18:15,18:30,Arnulf,67,0,67
2025.04.29,18:30,18:45,Arnulf,45,2,47
2025.04.29,18:45,19:00,Arnulf,43,1,44
2025.04.29,19:00,19:15,Arnulf,36,2,38
2025.04.29,19:15,19:30,Arnulf,31,2,33
2025.04.29,19:30,19:45,Arnulf,20,1,21
2025.04.29,19:45,20:00,Arnulf,18,2,20
2025.04.29,20:00,20:15,Arnulf,20,4,24
2025.04.29,20:15,20:30,Arnulf,12,1,13
2025.04.29,20:30,20:45,Arnulf,22,0,22
2025.04.29,20:45,21:00,Arnulf,16,1,17
2025.04.29,21:00,21:15,Arnulf,11,2,13
2025.04.29,21:15,21:30,Arnulf,16,2,18
2025.04.29,21:30,21:45,Arnulf,15,1,16
2025.04.29,21:45,22:00,Arnulf,10,1,11
2025.04.29,22:00,22:15,Arnulf,25,1,26
2025.04.29,22:15,22:30,Arnulf,17,1,18
2025.04.29,22:30,22:45,Arnulf,17,2,19
2025.04.29,22:45,23:00,Arnulf,5,1,6
2025.04.29,23:00,23:15,Arnulf,10,2,12
2025.04.29,23:15,23:30,Arnulf,12,0,12
2025.04.29,23:30,23:45,Arnulf,3,1,4
2025.04.29,23:45,00:00,Arnulf,3,0,3
2025.04.30,00:00,00:15,Arnulf,1,0,1
2025.04.30,00:15,00:30,Arnulf,1,0,1
2025.04.30,00:30,00:45,Arnulf,0,0,0
2025.04.30,00:45,01:00,Arnulf,0,0,0
2025.04.30,01:00,01:15,Arnulf,0,0,0
2025.04.30,01:15,01:30,Arnulf,3,0,3
2025.04.30,01:30,01:45,Arnulf,0,0,0
2025.04.30,01:45,02:00,Arnulf,1,0,1
2025.04.30,02:00,02:15,Arnulf,0,1,1
2025.04.30,02:15,02:30,Arnulf,0,0,0
2025.04.30,02:30,02:45,Arnulf,1,0,1
2025.04.30,02:45,03:00,Arnulf,0,0,0
2025.04.30,03:00,03:15,Arnulf,0,0,0
2025.04.30,03:15,03:30,Arnulf,1,0,1
2025.04.30,03:30,03:45,Arnulf,0,0,0
2025.04.30,03:45,04:00,Arnulf,1,0,1
2025.04.30,04:00,04:15,Arnulf,0,0,0
2025.04.30,04:15,04:30,Arnulf,0,0,0
2025.04.30,04:30,04:45,Arnulf,2,1,3
2025.04.30,04:45,05:00,Arnulf,0,0,0
2025.04.30,05:00,05:15,Arnulf,0,0,0
2025.04.30,05:15,05:30,Arnulf,3,0,3
2025.04.30,05:30,05:45,Arnulf,1,0,1
2025.04.30,05:45,06:00,Arnulf,8,0,8
2025.04.30,06:00,06:15,Arnulf,8,0,8
2025.04.30,06:15,06:30,Arnulf,2,1,3
2025.04.30,06:30,06:45,Arnulf,10,1,11
2025.04.30,06:45,07:00,Arnulf,19,0,19
2025.04.30,07:00,07:15,Arnulf,27,0,27
2025.04.30,07:15,07:30,Arnulf,41,1,42
2025.04.30,07:30,07:45,Arnulf,30,0,30
2025.04.30,07:45,08:00,Arnulf,61,3,64
2025.04.30,08:00,08:15,Arnulf,58,2,60
2025.04.30,08:15,08:30,Arnulf,70,0,70
2025.04.30,08:30,08:45,Arnulf,61,3,64
2025.04.30,08:45,09:00,Arnulf,63,1,64
2025.04.30,09:00,09:15,Arnulf,45,0,45
2025.04.30,09:15,09:30,Arnulf,29,2,31
2025.04.30,09:30,09:45,Arnulf,27,2,29
2025.04.30,09:45,10:00,Arnulf,29,1,30
2025.04.30,10:00,10:15,Arnulf,25,1,26
2025.04.30,10:15,10:30,Arnulf,21,1,22
2025.04.30,10:30,10:45,Arnulf,17,0,17
2025.04.30,10:45,11:00,Arnulf,24,0,24
2025.04.30,11:00,11:15,Arnulf,21,1,22
2025.04.30,11:15,11:30,Arnulf,21,0,21
2025.04.30,11:30,11:45,Arnulf,21,2,23
2025.04.30,11:45,12:00,Arnulf,27,0,27
2025.04.30,12:00,12:15,Arnulf,20,1,21
2025.04.30,12:15,12:30,Arnulf,26,1,27
2025.04.30,12:30,12:45,Arnulf,23,1,24
2025.04.30,12:45,13:00,Arnulf,20,3,23
2025.04.30,13:00,13:15,Arnulf,15,2,17
2025.04.30,13:15,13:30,Arnulf,25,0,25
2025.04.30,13:30,13:45,Arnulf,29,2,31
2025.04.30,13:45,14:00,Arnulf,22,3,25
2025.04.30,14:00,14:15,Arnulf,21,2,23
2025.04.30,14:15,14:30,Arnulf,15,0,15
2025.04.30,14:30,14:45,Arnulf,26,2,28
2025.04.30,14:45,15:00,Arnulf,39,1,40
2025.04.30,15:00,15:15,Arnulf,32,3,35
2025.04.30,15:15,15:30,Arnulf,22,4,26
2025.04.30,15:30,15:45,Arnulf,29,1,30
2025.04.30,15:45,16:00,Arnulf,27,1,28
2025.04.30,16:00,16:15,Arnulf,26,7,33
2025.04.30,16:15,16:30,Arnulf,40,3,43
2025.04.30,16:30,16:45,Arnulf,40,5,45
2025.04.30,16:45,17:00,Arnulf,41,2,43
2025.04.30,17:00,17:15,Arnulf,43,4,47
2025.04.30,17:15,17:30,Arnulf,51,3,54
2025.04.30,17:30,17:45,Arnulf,54,5,59
2025.04.30,17:45,18:00,Arnulf,46,2,48
2025.04.30,18:00,18:15,Arnulf,53,3,56
2025.04.30,18:15,18:30,Arnulf,55,0,55
2025.04.30,18:30,18:45,Arnulf,38,1,39
2025.04.30,18:45,19:00,Arnulf,39,2,41
2025.04.30,19:00,19:15,Arnulf,32,0,32
2025.04.30,19:15,19:30,Arnulf,32,1,33
2025.04.30,19:30,19:45,Arnulf,31,3,34
2025.04.30,19:45,20:00,Arnulf,25,4,29
2025.04.30,20:00,20:15,Arnulf,24,2,26
2025.04.30,20:15,20:30,Arnulf,23,2,25
2025.04.30,20:30,20:45,Arnulf,34,0,34
2025.04.30,20:45,21:00,Arnulf,25,1,26
2025.04.30,21:00,21:15,Arnulf,16,4,20
2025.04.30,21:15,21:30,Arnulf,11,0,11
2025.04.30,21:30,21:45,Arnulf,19,1,20
2025.04.30,21:45,22:00,Arnulf,17,0,17
2025.04.30,22:00,22:15,Arnulf,17,2,19
2025.04.30,22:15,22:30,Arnulf,16,1,17
2025.04.30,22:30,22:45,Arnulf,19,0,19
2025.04.30,22:45,23:00,Arnulf,6,4,10
2025.04.30,23:00,23:15,Arnulf,12,2,14
2025.04.30,23:15,23:30,Arnulf,13,0,13
2025.04.30,23:30,23:45,Arnulf,10,2,12
2025.04.30,23:45,00:00,Arnulf,10,1,11
2025.04.01,00:00,00:15,Olympia,0,1,1
2025.04.01,00:15,00:30,Olympia,0,1,1
2025.04.01,00:30,00:45,Olympia,1,0,1
2025.04.01,00:45,01:00,Olympia,0,0,0
2025.04.01,01:00,01:15,Olympia,0,0,0
2025.04.01,01:15,01:30,Olympia,0,0,0
2025.04.01,01:30,01:45,Olympia,1,0,1
2025.04.01,01:45,02:00,Olympia,0,0,0
2025.04.01,02:00,02:15,Olympia,0,0,0
2025.04.01,02:15,02:30,Olympia,1,0,1
2025.04.01,02:30,02:45,Olympia,1,0,1
2025.04.01,02:45,03:00,Olympia,0,0,0
2025.04.01,03:00,03:15,Olympia,1,0,1
2025.04.01,03:15,03:30,Olympia,0,0,0
2025.04.01,03:30,03:45,Olympia,0,0,0
2025.04.01,03:45,04:00,Olympia,0,0,0
2025.04.01,04:00,04:15,Olympia,0,1,1
2025.04.01,04:15,04:30,Olympia,0,1,1
2025.04.01,04:30,04:45,Olympia,2,0,2
2025.04.01,04:45,05:00,Olympia,1,0,1
2025.04.01,05:00,05:15,Olympia,1,0,1
2025.04.01,05:15,05:30,Olympia,2,0,2
2025.04.01,05:30,05:45,Olympia,0,5,5
2025.04.01,05:45,06:00,Olympia,5,2,7
2025.04.01,06:00,06:15,Olympia,3,3,6
2025.04.01,06:15,06:30,Olympia,4,4,8
2025.04.01,06:30,06:45,Olympia,10,5,15
2025.04.01,06:45,07:00,Olympia,19,6,25
2025.04.01,07:00,07:15,Olympia,13,11,24
2025.04.01,07:15,07:30,Olympia,11,13,24
2025.04.01,07:30,07:45,Olympia,19,16,35
2025.04.01,07:45,08:00,Olympia,30,17,47
2025.04.01,08:00,08:15,Olympia,29,36,65
2025.04.01,08:15,08:30,Olympia,22,28,50
2025.04.01,08:30,08:45,Olympia,28,28,56
2025.04.01,08:45,09:00,Olympia,16,18,34
2025.04.01,09:00,09:15,Olympia,12,8,20
2025.04.01,09:15,09:30,Olympia,13,20,33
2025.04.01,09:30,09:45,Olympia,12,12,24
2025.04.01,09:45,10:00,Olympia,6,13,19
2025.04.01,10:00,10:15,Olympia,7,8,15
2025.04.01,10:15,10:30,Olympia,6,6,12
2025.04.01,10:30,10:45,Olympia,5,9,14
2025.04.01,10:45,11:00,Olympia,3,4,7
2025.04.01,11:00,11:15,Olympia,5,12,17
2025.04.01,11:15,11:30,Olympia,4,6,10
2025.04.01,11:30,11:45,Olympia,5,8,13
2025.04.01,11:45,12:00,Olympia,14,3,17
2025.04.01,12:00,12:15,Olympia,4,1,5
2025.04.01,12:15,12:30,Olympia,8,11,19
2025.04.01,12:30,12:45,Olympia,3,6,9
2025.04.01,12:45,13:00,Olympia,6,6,12
2025.04.01,13:00,13:15,Olympia,6,6,12
2025.04.01,13:15,13:30,Olympia,12,8,20
2025.04.01,13:30,13:45,Olympia,9,8,17
2025.04.01,13:45,14:00,Olympia,4,4,8
2025.04.01,14:00,14:15,Olympia,8,7,15
2025.04.01,14:15,14:30,Olympia,11,7,18
2025.04.01,14:30,14:45,Olympia,8,4,12
2025.04.01,14:45,15:00,Olympia,12,18,30
2025.04.01,15:00,15:15,Olympia,8,9,17
2025.04.01,15:15,15:30,Olympia,9,9,18
2025.04.01,15:30,15:45,Olympia,13,10,23
2025.04.01,15:45,16:00,Olympia,23,12,35
2025.04.01,16:00,16:15,Olympia,14,14,28
2025.04.01,16:15,16:30,Olympia,24,20,44
2025.04.01,16:30,16:45,Olympia,28,17,45
2025.04.01,16:45,17:00,Olympia,30,26,56
2025.04.01,17:00,17:15,Olympia,25,19,44
2025.04.01,17:15,17:30,Olympia,15,28,43
2025.04.01,17:30,17:45,Olympia,17,20,37
2025.04.01,17:45,18:00,Olympia,28,21,49
2025.04.01,18:00,18:15,Olympia,25,24,49
2025.04.01,18:15,18:30,Olympia,21,39,60
2025.04.01,18:30,18:45,Olympia,26,31,57
2025.04.01,18:45,19:00,Olympia,27,17,44
2025.04.01,19:00,19:15,Olympia,17,12,29
2025.04.01,19:15,19:30,Olympia,17,14,31
2025.04.01,19:30,19:45,Olympia,17,16,33
2025.04.01,19:45,20:00,Olympia,21,18,39
2025.04.01,20:00,20:15,Olympia,10,9,19
2025.04.01,20:15,20:30,Olympia,4,11,15
2025.04.01,20:30,20:45,Olympia,5,9,14
2025.04.01,20:45,21:00,Olympia,5,7,12
2025.04.01,21:00,21:15,Olympia,10,5,15
2025.04.01,21:15,21:30,Olympia,8,9,17
2025.04.01,21:30,21:45,Olympia,8,10,18
2025.04.01,21:45,22:00,Olympia,4,10,14
2025.04.01,22:00,22:15,Olympia,10,1,11
2025.04.01,22:15,22:30,Olympia,3,9,12
2025.04.01,22:30,22:45,Olympia,3,3,6
2025.04.01,22:45,23:00,Olympia,1,6,7
2025.04.01,23:00,23:15,Olympia,0,3,3
2025.04.01,23:15,23:30,Olympia,0,1,1
2025.04.01,23:30,23:45,Olympia,1,3,4
2025.04.01,23:45,00:00,Olympia,0,1,1
2025.04.02,00:00,00:15,Olympia,1,0,1
2025.04.02,00:15,00:30,Olympia,1,0,1
2025.04.02,00:30,00:45,Olympia,0,0,0
2025.04.02,00:45,01:00,Olympia,1,0,1
2025.04.02,01:00,01:15,Olympia,0,1,1
2025.04.02,01:15,01:30,Olympia,1,0,1
2025.04.02,01:30,01:45,Olympia,2,0,2
2025.04.02,01:45,02:00,Olympia,0,1,1
2025.04.02,02:00,02:15,Olympia,0,0,0
2025.04.02,02:15,02:30,Olympia,0,0,0
2025.04.02,02:30,02:45,Olympia,0,0,0
2025.04.02,02:45,03:00,Olympia,0,0,0
2025.04.02,03:00,03:15,Olympia,0,0,0
2025.04.02,03:15,03:30,Olympia,0,0,0
2025.04.02,03:30,03:45,Olympia,0,0,0
2025.04.02,03:45,04:00,Olympia,0,0,0
2025.04.02,04:00,04:15,Olympia,0,1,1
2025.04.02,04:15,04:30,Olympia,0,0,0
2025.04.02,04:30,04:45,Olympia,1,0,1
2025.04.02,04:45,05:00,Olympia,2,0,2
2025.04.02,05:00,05:15,Olympia,1,0,1
2025.04.02,05:15,05:30,Olympia,5,0,5
2025.04.02,05:30,05:45,Olympia,0,3,3
2025.04.02,05:45,06:00,Olympia,3,2,5
2025.04.02,06:00,06:15,Olympia,7,1,8
2025.04.02,06:15,06:30,Olympia,5,3,8
2025.04.02,06:30,06:45,Olympia,11,5,16
2025.04.02,06:45,07:00,Olympia,8,7,15
2025.04.02,07:00,07:15,Olympia,19,10,29
2025.04.02,07:15,07:30,Olympia,18,20,38
2025.04.02,07:30,07:45,Olympia,23,18,41
2025.04.02,07:45,08:00,Olympia,27,28,55
2025.04.02,08:00,08:15,Olympia,32,37,69
2025.04.02,08:15,08:30,Olympia,33,28,61
2025.04.02,08:30,08:45,Olympia,24,29,53
2025.04.02,08:45,09:00,Olympia,35,32,67
2025.04.02,09:00,09:15,Olympia,18,23,41
2025.04.02,09:15,09:30,Olympia,9,23,32
2025.04.02,09:30,09:45,Olympia,12,10,22
2025.04.02,09:45,10:00,Olympia,6,17,23
2025.04.02,10:00,10:15,Olympia,11,6,17
2025.04.02,10:15,10:30,Olympia,10,15,25
2025.04.02,10:30,10:45,Olympia,5,8,13
2025.04.02,10:45,11:00,Olympia,4,10,14
2025.04.02,11:00,11:15,Olympia,9,8,17
2025.04.02,11:15,11:30,Olympia,12,13,25
2025.04.02,11:30,11:45,Olympia,14,8,22
2025.04.02,11:45,12:00,Olympia,7,13,20
2025.04.02,12:00,12:15,Olympia,15,11,26
2025.04.02,12:15,12:30,Olympia,12,27,39
2025.04.02,12:30,12:45,Olympia,19,17,36
2025.04.02,12:45,13:00,Olympia,20,16,36
2025.04.02,13:00,13:15,Olympia,4,11,15
2025.04.02,13:15,13:30,Olympia,14,14,28
2025.04.02,13:30,13:45,Olympia,17,18,35
2025.04.02,13:45,14:00,Olympia,13,8,21
2025.04.02,14:00,14:15,Olympia,19,6,25
2025.04.02,14:15,14:30,Olympia,21,13,34
2025.04.02,14:30,14:45,Olympia,22,20,42
2025.04.02,14:45,15:00,Olympia,17,20,37
2025.04.02,15:00,15:15,Olympia,24,21,45
2025.04.02,15:15,15:30,Olympia,22,19,41
2025.04.02,15:30,15:45,Olympia,29,13,42
2025.04.02,15:45,16:00,Olympia,25,14,39
2025.04.02,16:00,16:15,Olympia,29,30,59
2025.04.02,16:15,16:30,Olympia,40,23,63
2025.04.02,16:30,16:45,Olympia,34,30,64
2025.04.02,16:45,17:00,Olympia,38,23,61
2025.04.02,17:00,17:15,Olympia,41,38,79
2025.04.02,17:15,17:30,Olympia,21,51,72
2025.04.02,17:30,17:45,Olympia,32,30,62
2025.04.02,17:45,18:00,Olympia,39,34,73
2025.04.02,18:00,18:15,Olympia,38,40,78
2025.04.02,18:15,18:30,Olympia,49,39,88
2025.04.02,18:30,18:45,Olympia,35,37,72
2025.04.02,18:45,19:00,Olympia,29,34,63
2025.04.02,19:00,19:15,Olympia,32,35,67
2025.04.02,19:15,19:30,Olympia,22,27,49
2025.04.02,19:30,19:45,Olympia,32,21,53
2025.04.02,19:45,20:00,Olympia,20,21,41
2025.04.02,20:00,20:15,Olympia,10,19,29
2025.04.02,20:15,20:30,Olympia,20,22,42
2025.04.02,20:30,20:45,Olympia,12,16,28
2025.04.02,20:45,21:00,Olympia,12,7,19
2025.04.02,21:00,21:15,Olympia,6,3,9
2025.04.02,21:15,21:30,Olympia,10,7,17
2025.04.02,21:30,21:45,Olympia,3,5,8
2025.04.02,21:45,22:00,Olympia,6,19,25
2025.04.02,22:00,22:15,Olympia,3,6,9
2025.04.02,22:15,22:30,Olympia,3,6,9
2025.04.02,22:30,22:45,Olympia,2,9,11
2025.04.02,22:45,23:00,Olympia,5,10,15
2025.04.02,23:00,23:15,Olympia,2,4,6
2025.04.02,23:15,23:30,Olympia,5,6,11
2025.04.02,23:30,23:45,Olympia,3,2,5
2025.04.02,23:45,00:00,Olympia,2,1,3
2025.04.03,00:00,00:15,Olympia,0,0,0
2025.04.03,00:15,00:30,Olympia,0,1,1
2025.04.03,00:30,00:45,Olympia,2,0,2
2025.04.03,00:45,01:00,Olympia,0,0,0
2025.04.03,01:00,01:15,Olympia,4,3,7
2025.04.03,01:15,01:30,Olympia,0,0,0
2025.04.03,01:30,01:45,Olympia,1,1,2
2025.04.03,01:45,02:00,Olympia,0,0,0
2025.04.03,02:00,02:15,Olympia,1,0,1
2025.04.03,02:15,02:30,Olympia,0,0,0
2025.04.03,02:30,02:45,Olympia,0,0,0
2025.04.03,02:45,03:00,Olympia,1,0,1
2025.04.03,03:00,03:15,Olympia,0,0,0
2025.04.03,03:15,03:30,Olympia,1,2,3
2025.04.03,03:30,03:45,Olympia,0,0,0
2025.04.03,03:45,04:00,Olympia,0,0,0
2025.04.03,04:00,04:15,Olympia,0,1,1
2025.04.03,04:15,04:30,Olympia,0,0,0
2025.04.03,04:30,04:45,Olympia,1,0,1
2025.04.03,04:45,05:00,Olympia,1,0,1
2025.04.03,05:00,05:15,Olympia,1,1,2
2025.04.03,05:15,05:30,Olympia,2,0,2
2025.04.03,05:30,05:45,Olympia,2,4,6
2025.04.03,05:45,06:00,Olympia,7,4,11
2025.04.03,06:00,06:15,Olympia,4,1,5
2025.04.03,06:15,06:30,Olympia,4,5,9
2025.04.03,06:30,06:45,Olympia,9,8,17
2025.04.03,06:45,07:00,Olympia,16,3,19
2025.04.03,07:00,07:15,Olympia,13,13,26
2025.04.03,07:15,07:30,Olympia,24,24,48
2025.04.03,07:30,07:45,Olympia,24,34,58
2025.04.03,07:45,08:00,Olympia,36,34,70
2025.04.03,08:00,08:15,Olympia,33,39,72
2025.04.03,08:15,08:30,Olympia,33,37,70
2025.04.03,08:30,08:45,Olympia,30,32,62
2025.04.03,08:45,09:00,Olympia,33,33,66
2025.04.03,09:00,09:15,Olympia,21,22,43
2025.04.03,09:15,09:30,Olympia,23,19,42
2025.04.03,09:30,09:45,Olympia,20,20,40
2025.04.03,09:45,10:00,Olympia,9,33,42
2025.04.03,10:00,10:15,Olympia,3,10,13
2025.04.03,10:15,10:30,Olympia,9,6,15
2025.04.03,10:30,10:45,Olympia,14,11,25
2025.04.03,10:45,11:00,Olympia,14,7,21
2025.04.03,11:00,11:15,Olympia,10,10,20
2025.04.03,11:15,11:30,Olympia,20,11,31
2025.04.03,11:30,11:45,Olympia,14,18,32
2025.04.03,11:45,12:00,Olympia,15,8,23
2025.04.03,12:00,12:15,Olympia,16,22,38
2025.04.03,12:15,12:30,Olympia,12,14,26
2025.04.03,12:30,12:45,Olympia,22,31,53
2025.04.03,12:45,13:00,Olympia,21,21,42
2025.04.03,13:00,13:15,Olympia,22,19,41
2025.04.03,13:15,13:30,Olympia,22,17,39
2025.04.03,13:30,13:45,Olympia,21,16,37
2025.04.03,13:45,14:00,Olympia,17,14,31
2025.04.03,14:00,14:15,Olympia,25,14,39
2025.04.03,14:15,14:30,Olympia,26,25,51
2025.04.03,14:30,14:45,Olympia,27,30,57
2025.04.03,14:45,15:00,Olympia,26,21,47
2025.04.03,15:00,15:15,Olympia,32,16,48
2025.04.03,15:15,15:30,Olympia,35,25,60
2025.04.03,15:30,15:45,Olympia,24,23,47
2025.04.03,15:45,16:00,Olympia,26,38,64
2025.04.03,16:00,16:15,Olympia,40,25,65
2025.04.03,16:15,16:30,Olympia,53,38,91
2025.04.03,16:30,16:45,Olympia,44,32,76
2025.04.03,16:45,17:00,Olympia,42,35,77
2025.04.03,17:00,17:15,Olympia,53,56,109
2025.04.03,17:15,17:30,Olympia,50,45,95
2025.04.03,17:30,17:45,Olympia,58,64,122
2025.04.03,17:45,18:00,Olympia,48,48,96
2025.04.03,18:00,18:15,Olympia,52,57,109
2025.04.03,18:15,18:30,Olympia,49,69,118
2025.04.03,18:30,18:45,Olympia,51,51,102
2025.04.03,18:45,19:00,Olympia,37,52,89
2025.04.03,19:00,19:15,Olympia,38,28,66
2025.04.03,19:15,19:30,Olympia,32,39,71
2025.04.03,19:30,19:45,Olympia,20,33,53
2025.04.03,19:45,20:00,Olympia,35,25,60
2025.04.03,20:00,20:15,Olympia,6,47,53
2025.04.03,20:15,20:30,Olympia,16,29,45
2025.04.03,20:30,20:45,Olympia,8,11,19
2025.04.03,20:45,21:00,Olympia,17,12,29
2025.04.03,21:00,21:15,Olympia,8,11,19
2025.04.03,21:15,21:30,Olympia,11,7,18
2025.04.03,21:30,21:45,Olympia,4,10,14
2025.04.03,21:45,22:00,Olympia,8,9,17
2025.04.03,22:00,22:15,Olympia,6,9,15
2025.04.03,22:15,22:30,Olympia,1,5,6
2025.04.03,22:30,22:45,Olympia,8,5,13
2025.04.03,22:45,23:00,Olympia,4,2,6
2025.04.03,23:00,23:15,Olympia,9,7,16
2025.04.03,23:15,23:30,Olympia,0,1,1
2025.04.03,23:30,23:45,Olympia,0,1,1
2025.04.03,23:45,00:00,Olympia,5,2,7
2025.04.04,00:00,00:15,Olympia,0,1,1
2025.04.04,00:15,00:30,Olympia,3,1,4
2025.04.04,00:30,00:45,Olympia,1,1,2
2025.04.04,00:45,01:00,Olympia,1,1,2
2025.04.04,01:00,01:15,Olympia,0,3,3
2025.04.04,01:15,01:30,Olympia,2,0,2
2025.04.04,01:30,01:45,Olympia,0,1,1
2025.04.04,01:45,02:00,Olympia,0,0,0
2025.04.04,02:00,02:15,Olympia,0,0,0
2025.04.04,02:15,02:30,Olympia,1,0,1
2025.04.04,02:30,02:45,Olympia,0,0,0
2025.04.04,02:45,03:00,Olympia,0,0,0
2025.04.04,03:00,03:15,Olympia,0,0,0
2025.04.04,03:15,03:30,Olympia,0,0,0
2025.04.04,03:30,03:45,Olympia,0,0,0
2025.04.04,03:45,04:00,Olympia,0,0,0
2025.04.04,04:00,04:15,Olympia,0,1,1
2025.04.04,04:15,04:30,Olympia,0,0,0
2025.04.04,04:30,04:45,Olympia,1,1,2
2025.04.04,04:45,05:00,Olympia,0,0,0
2025.04.04,05:00,05:15,Olympia,1,0,1
2025.04.04,05:15,05:30,Olympia,4,1,5
2025.04.04,05:30,05:45,Olympia,4,5,9
2025.04.04,05:45,06:00,Olympia,5,2,7
2025.04.04,06:00,06:15,Olympia,9,2,11
2025.04.04,06:15,06:30,Olympia,5,6,11
2025.04.04,06:30,06:45,Olympia,9,3,12
2025.04.04,06:45,07:00,Olympia,10,4,14
2025.04.04,07:00,07:15,Olympia,18,7,25
2025.04.04,07:15,07:30,Olympia,9,19,28
2025.04.04,07:30,07:45,Olympia,20,35,55
2025.04.04,07:45,08:00,Olympia,40,25,65
2025.04.04,08:00,08:15,Olympia,23,24,47
2025.04.04,08:15,08:30,Olympia,24,20,44
2025.04.04,08:30,08:45,Olympia,27,21,48
2025.04.04,08:45,09:00,Olympia,22,23,45
2025.04.04,09:00,09:15,Olympia,17,29,46
2025.04.04,09:15,09:30,Olympia,12,17,29
2025.04.04,09:30,09:45,Olympia,14,14,28
2025.04.04,09:45,10:00,Olympia,16,23,39
2025.04.04,10:00,10:15,Olympia,18,10,28
2025.04.04,10:15,10:30,Olympia,20,12,32
2025.04.04,10:30,10:45,Olympia,11,14,25
2025.04.04,10:45,11:00,Olympia,15,12,27
2025.04.04,11:00,11:15,Olympia,15,16,31
2025.04.04,11:15,11:30,Olympia,20,24,44
2025.04.04,11:30,11:45,Olympia,28,16,44
2025.04.04,11:45,12:00,Olympia,29,11,40
2025.04.04,12:00,12:15,Olympia,23,10,33
2025.04.04,12:15,12:30,Olympia,30,19,49
2025.04.04,12:30,12:45,Olympia,19,21,40
2025.04.04,12:45,13:00,Olympia,27,28,55
2025.04.04,13:00,13:15,Olympia,24,12,36
2025.04.04,13:15,13:30,Olympia,22,22,44
2025.04.04,13:30,13:45,Olympia,14,19,33
2025.04.04,13:45,14:00,Olympia,24,27,51
2025.04.04,14:00,14:15,Olympia,43,24,67
2025.04.04,14:15,14:30,Olympia,45,26,71
2025.04.04,14:30,14:45,Olympia,41,27,68
2025.04.04,14:45,15:00,Olympia,49,46,95
2025.04.04,15:00,15:15,Olympia,56,40,96
2025.04.04,15:15,15:30,Olympia,68,26,94
2025.04.04,15:30,15:45,Olympia,58,32,90
2025.04.04,15:45,16:00,Olympia,49,26,75
2025.04.04,16:00,16:15,Olympia,58,39,97
2025.04.04,16:15,16:30,Olympia,52,51,103
2025.04.04,16:30,16:45,Olympia,58,32,90
2025.04.04,16:45,17:00,Olympia,68,54,122
2025.04.04,17:00,17:15,Olympia,62,45,107
2025.04.04,17:15,17:30,Olympia,53,52,105
2025.04.04,17:30,17:45,Olympia,43,50,93
2025.04.04,17:45,18:00,Olympia,77,64,141
2025.04.04,18:00,18:15,Olympia,46,52,98
2025.04.04,18:15,18:30,Olympia,54,60,114
2025.04.04,18:30,18:45,Olympia,64,58,122
2025.04.04,18:45,19:00,Olympia,47,51,98
2025.04.04,19:00,19:15,Olympia,26,41,67
2025.04.04,19:15,19:30,Olympia,28,49,77
2025.04.04,19:30,19:45,Olympia,24,33,57
2025.04.04,19:45,20:00,Olympia,16,31,47
2025.04.04,20:00,20:15,Olympia,14,16,30
2025.04.04,20:15,20:30,Olympia,15,32,47
2025.04.04,20:30,20:45,Olympia,6,13,19
2025.04.04,20:45,21:00,Olympia,3,20,23
2025.04.04,21:00,21:15,Olympia,9,10,19
2025.04.04,21:15,21:30,Olympia,7,15,22
2025.04.04,21:30,21:45,Olympia,4,6,10
2025.04.04,21:45,22:00,Olympia,9,7,16
2025.04.04,22:00,22:15,Olympia,9,7,16
2025.04.04,22:15,22:30,Olympia,5,17,22
2025.04.04,22:30,22:45,Olympia,4,14,18
2025.04.04,22:45,23:00,Olympia,9,33,42
2025.04.04,23:00,23:15,Olympia,4,40,44
2025.04.04,23:15,23:30,Olympia,1,15,16
2025.04.04,23:30,23:45,Olympia,7,3,10
2025.04.04,23:45,00:00,Olympia,3,2,5
2025.04.05,00:00,00:15,Olympia,6,3,9
2025.04.05,00:15,00:30,Olympia,1,1,2
2025.04.05,00:30,00:45,Olympia,3,1,4
2025.04.05,00:45,01:00,Olympia,1,5,6
2025.04.05,01:00,01:15,Olympia,1,0,1
2025.04.05,01:15,01:30,Olympia,2,2,4
2025.04.05,01:30,01:45,Olympia,3,1,4
2025.04.05,01:45,02:00,Olympia,0,0,0
2025.04.05,02:00,02:15,Olympia,1,1,2
2025.04.05,02:15,02:30,Olympia,2,1,3
2025.04.05,02:30,02:45,Olympia,1,1,2
2025.04.05,02:45,03:00,Olympia,0,0,0
2025.04.05,03:00,03:15,Olympia,0,1,1
2025.04.05,03:15,03:30,Olympia,0,1,1
2025.04.05,03:30,03:45,Olympia,0,0,0
2025.04.05,03:45,04:00,Olympia,0,0,0
2025.04.05,04:00,04:15,Olympia,1,0,1
2025.04.05,04:15,04:30,Olympia,1,1,2
2025.04.05,04:30,04:45,Olympia,0,0,0
2025.04.05,04:45,05:00,Olympia,1,0,1
2025.04.05,05:00,05:15,Olympia,0,0,0
2025.04.05,05:15,05:30,Olympia,0,0,0
2025.04.05,05:30,05:45,Olympia,1,1,2
2025.04.05,05:45,06:00,Olympia,1,2,3
2025.04.05,06:00,06:15,Olympia,3,0,3
2025.04.05,06:15,06:30,Olympia,0,1,1
2025.04.05,06:30,06:45,Olympia,3,0,3
2025.04.05,06:45,07:00,Olympia,3,1,4
2025.04.05,07:00,07:15,Olympia,1,1,2
2025.04.05,07:15,07:30,Olympia,3,3,6
2025.04.05,07:30,07:45,Olympia,3,7,10
2025.04.05,07:45,08:00,Olympia,3,4,7
2025.04.05,08:00,08:15,Olympia,5,5,10
2025.04.05,08:15,08:30,Olympia,2,8,10
2025.04.05,08:30,08:45,Olympia,6,4,10
2025.04.05,08:45,09:00,Olympia,12,8,20
2025.04.05,09:00,09:15,Olympia,7,5,12
2025.04.05,09:15,09:30,Olympia,13,12,25
2025.04.05,09:30,09:45,Olympia,16,6,22
2025.04.05,09:45,10:00,Olympia,10,14,24
2025.04.05,10:00,10:15,Olympia,24,19,43
2025.04.05,10:15,10:30,Olympia,23,10,33
2025.04.05,10:30,10:45,Olympia,31,13,44
2025.04.05,10:45,11:00,Olympia,38,19,57
2025.04.05,11:00,11:15,Olympia,60,17,77
2025.04.05,11:15,11:30,Olympia,40,36,76
2025.04.05,11:30,11:45,Olympia,43,27,70
2025.04.05,11:45,12:00,Olympia,65,34,99
2025.04.05,12:00,12:15,Olympia,59,33,92
2025.04.05,12:15,12:30,Olympia,56,32,88
2025.04.05,12:30,12:45,Olympia,59,31,90
2025.04.05,12:45,13:00,Olympia,54,39,93
2025.04.05,13:00,13:15,Olympia,66,28,94
2025.04.05,13:15,13:30,Olympia,56,51,107
2025.04.05,13:30,13:45,Olympia,57,45,102
2025.04.05,13:45,14:00,Olympia,55,50,105
2025.04.05,14:00,14:15,Olympia,62,65,127
2025.04.05,14:15,14:30,Olympia,53,51,104
2025.04.05,14:30,14:45,Olympia,59,40,99
2025.04.05,14:45,15:00,Olympia,68,37,105
2025.04.05,15:00,15:15,Olympia,88,35,123
2025.04.05,15:15,15:30,Olympia,51,46,97
2025.04.05,15:30,15:45,Olympia,69,62,131
2025.04.05,15:45,16:00,Olympia,61,65,126
2025.04.05,16:00,16:15,Olympia,48,36,84
2025.04.05,16:15,16:30,Olympia,53,41,94
2025.04.05,16:30,16:45,Olympia,53,36,89
2025.04.05,16:45,17:00,Olympia,40,49,89
2025.04.05,17:00,17:15,Olympia,53,50,103
2025.04.05,17:15,17:30,Olympia,30,63,93
2025.04.05,17:30,17:45,Olympia,41,36,77
2025.04.05,17:45,18:00,Olympia,22,38,60
2025.04.05,18:00,18:15,Olympia,25,34,59
2025.04.05,18:15,18:30,Olympia,19,41,60
2025.04.05,18:30,18:45,Olympia,23,37,60
2025.04.05,18:45,19:00,Olympia,25,29,54
2025.04.05,19:00,19:15,Olympia,17,25,42
2025.04.05,19:15,19:30,Olympia,15,28,43
2025.04.05,19:30,19:45,Olympia,11,25,36
2025.04.05,19:45,20:00,Olympia,15,26,41
2025.04.05,20:00,20:15,Olympia,5,13,18
2025.04.05,20:15,20:30,Olympia,15,10,25
2025.04.05,20:30,20:45,Olympia,7,7,14
2025.04.05,20:45,21:00,Olympia,1,5,6
2025.04.05,21:00,21:15,Olympia,5,8,13
2025.04.05,21:15,21:30,Olympia,4,5,9
2025.04.05,21:30,21:45,Olympia,6,2,8
2025.04.05,21:45,22:00,Olympia,4,3,7
2025.04.05,22:00,22:15,Olympia,3,1,4
2025.04.05,22:15,22:30,Olympia,2,7,9
2025.04.05,22:30,22:45,Olympia,7,1,8
2025.04.05,22:45,23:00,Olympia,2,2,4
2025.04.05,23:00,23:15,Olympia,4,1,5
2025.04.05,23:15,23:30,Olympia,1,5,6
2025.04.05,23:30,23:45,Olympia,2,2,4
2025.04.05,23:45,00:00,Olympia,5,1,6
2025.04.06,00:00,00:15,Olympia,2,2,4
2025.04.06,00:15,00:30,Olympia,8,1,9
2025.04.06,00:30,00:45,Olympia,0,2,2
2025.04.06,00:45,01:00,Olympia,0,0,0
2025.04.06,01:00,01:15,Olympia,2,0,2
2025.04.06,01:15,01:30,Olympia,0,2,2
2025.04.06,01:30,01:45,Olympia,0,0,0
2025.04.06,01:45,02:00,Olympia,1,0,1
2025.04.06,02:00,02:15,Olympia,2,1,3
2025.04.06,02:15,02:30,Olympia,0,0,0
2025.04.06,02:30,02:45,Olympia,0,0,0
2025.04.06,02:45,03:00,Olympia,1,0,1
2025.04.06,03:00,03:15,Olympia,1,0,1
2025.04.06,03:15,03:30,Olympia,0,1,1
2025.04.06,03:30,03:45,Olympia,0,0,0
2025.04.06,03:45,04:00,Olympia,0,0,0
2025.04.06,04:00,04:15,Olympia,2,0,2
2025.04.06,04:15,04:30,Olympia,0,0,0
2025.04.06,04:30,04:45,Olympia,0,0,0
2025.04.06,04:45,05:00,Olympia,0,0,0
2025.04.06,05:00,05:15,Olympia,0,0,0
2025.04.06,05:15,05:30,Olympia,0,0,0
2025.04.06,05:30,05:45,Olympia,0,1,1
2025.04.06,05:45,06:00,Olympia,0,0,0
2025.04.06,06:00,06:15,Olympia,0,1,1
2025.04.06,06:15,06:30,Olympia,1,0,1
2025.04.06,06:30,06:45,Olympia,3,0,3
2025.04.06,06:45,07:00,Olympia,3,2,5
2025.04.06,07:00,07:15,Olympia,3,0,3
2025.04.06,07:15,07:30,Olympia,3,0,3
2025.04.06,07:30,07:45,Olympia,0,1,1
2025.04.06,07:45,08:00,Olympia,2,4,6
2025.04.06,08:00,08:15,Olympia,7,2,9
2025.04.06,08:15,08:30,Olympia,3,2,5
2025.04.06,08:30,08:45,Olympia,7,5,12
2025.04.06,08:45,09:00,Olympia,19,2,21
2025.04.06,09:00,09:15,Olympia,42,6,48
2025.04.06,09:15,09:30,Olympia,43,4,47
2025.04.06,09:30,09:45,Olympia,53,7,60
2025.04.06,09:45,10:00,Olympia,39,8,47
2025.04.06,10:00,10:15,Olympia,24,10,34
2025.04.06,10:15,10:30,Olympia,30,11,41
2025.04.06,10:30,10:45,Olympia,31,11,42
2025.04.06,10:45,11:00,Olympia,28,19,47
2025.04.06,11:00,11:15,Olympia,33,23,56
2025.04.06,11:15,11:30,Olympia,23,26,49
2025.04.06,11:30,11:45,Olympia,29,16,45
2025.04.06,11:45,12:00,Olympia,36,14,50
2025.04.06,12:00,12:15,Olympia,29,47,76
2025.04.06,12:15,12:30,Olympia,18,50,68
2025.04.06,12:30,12:45,Olympia,16,45,61
2025.04.06,12:45,13:00,Olympia,25,39,64
2025.04.06,13:00,13:15,Olympia,32,49,81
2025.04.06,13:15,13:30,Olympia,29,40,69
2025.04.06,13:30,13:45,Olympia,31,33,64
2025.04.06,13:45,14:00,Olympia,33,26,59
2025.04.06,14:00,14:15,Olympia,60,20,80
2025.04.06,14:15,14:30,Olympia,38,20,58
2025.04.06,14:30,14:45,Olympia,46,24,70
2025.04.06,14:45,15:00,Olympia,40,23,63
2025.04.06,15:00,15:15,Olympia,38,27,65
2025.04.06,15:15,15:30,Olympia,47,42,89
2025.04.06,15:30,15:45,Olympia,39,26,65
2025.04.06,15:45,16:00,Olympia,49,35,84
2025.04.06,16:00,16:15,Olympia,42,24,66
2025.04.06,16:15,16:30,Olympia,39,37,76
2025.04.06,16:30,16:45,Olympia,40,43,83
2025.04.06,16:45,17:00,Olympia,34,48,82
2025.04.06,17:00,17:15,Olympia,30,32,62
2025.04.06,17:15,17:30,Olympia,22,35,57
2025.04.06,17:30,17:45,Olympia,30,42,72
2025.04.06,17:45,18:00,Olympia,28,26,54
2025.04.06,18:00,18:15,Olympia,18,20,38
2025.04.06,18:15,18:30,Olympia,20,29,49
2025.04.06,18:30,18:45,Olympia,8,22,30
2025.04.06,18:45,19:00,Olympia,17,26,43
2025.04.06,19:00,19:15,Olympia,28,18,46
2025.04.06,19:15,19:30,Olympia,18,21,39
2025.04.06,19:30,19:45,Olympia,19,15,34
2025.04.06,19:45,20:00,Olympia,7,14,21
2025.04.06,20:00,20:15,Olympia,4,10,14
2025.04.06,20:15,20:30,Olympia,2,6,8
2025.04.06,20:30,20:45,Olympia,2,10,12
2025.04.06,20:45,21:00,Olympia,3,4,7
2025.04.06,21:00,21:15,Olympia,3,3,6
2025.04.06,21:15,21:30,Olympia,2,5,7
2025.04.06,21:30,21:45,Olympia,4,2,6
2025.04.06,21:45,22:00,Olympia,2,3,5
2025.04.06,22:00,22:15,Olympia,2,3,5
2025.04.06,22:15,22:30,Olympia,1,1,2
2025.04.06,22:30,22:45,Olympia,3,2,5
2025.04.06,22:45,23:00,Olympia,0,13,13
2025.04.06,23:00,23:15,Olympia,0,3,3
2025.04.06,23:15,23:30,Olympia,0,2,2
2025.04.06,23:30,23:45,Olympia,0,1,1
2025.04.06,23:45,00:00,Olympia,3,0,3
2025.04.07,00:00,00:15,Olympia,2,1,3
2025.04.07,00:15,00:30,Olympia,0,0,0
2025.04.07,00:30,00:45,Olympia,1,0,1
2025.04.07,00:45,01:00,Olympia,0,1,1
2025.04.07,01:00,01:15,Olympia,0,0,0
2025.04.07,01:15,01:30,Olympia,2,0,2
2025.04.07,01:30,01:45,Olympia,0,0,0
2025.04.07,01:45,02:00,Olympia,0,0,0
2025.04.07,02:00,02:15,Olympia,0,0,0
2025.04.07,02:15,02:30,Olympia,0,0,0
2025.04.07,02:30,02:45,Olympia,0,0,0
2025.04.07,02:45,03:00,Olympia,0,0,0
2025.04.07,03:00,03:15,Olympia,0,0,0
2025.04.07,03:15,03:30,Olympia,0,0,0
2025.04.07,03:30,03:45,Olympia,0,0,0
2025.04.07,03:45,04:00,Olympia,0,0,0
2025.04.07,04:00,04:15,Olympia,1,1,2
2025.04.07,04:15,04:30,Olympia,0,0,0
2025.04.07,04:30,04:45,Olympia,0,0,0
2025.04.07,04:45,05:00,Olympia,1,0,1
2025.04.07,05:00,05:15,Olympia,1,0,1
2025.04.07,05:15,05:30,Olympia,3,0,3
2025.04.07,05:30,05:45,Olympia,2,4,6
2025.04.07,05:45,06:00,Olympia,4,2,6
2025.04.07,06:00,06:15,Olympia,6,1,7
2025.04.07,06:15,06:30,Olympia,4,7,11
2025.04.07,06:30,06:45,Olympia,6,7,13
2025.04.07,06:45,07:00,Olympia,10,4,14
2025.04.07,07:00,07:15,Olympia,18,8,26
2025.04.07,07:15,07:30,Olympia,28,12,40
2025.04.07,07:30,07:45,Olympia,24,24,48
2025.04.07,07:45,08:00,Olympia,31,25,56
2025.04.07,08:00,08:15,Olympia,25,30,55
2025.04.07,08:15,08:30,Olympia,25,25,50
2025.04.07,08:30,08:45,Olympia,23,28,51
2025.04.07,08:45,09:00,Olympia,33,24,57
2025.04.07,09:00,09:15,Olympia,23,19,42
2025.04.07,09:15,09:30,Olympia,12,8,20
2025.04.07,09:30,09:45,Olympia,11,18,29
2025.04.07,09:45,10:00,Olympia,8,21,29
2025.04.07,10:00,10:15,Olympia,10,11,21
2025.04.07,10:15,10:30,Olympia,12,13,25
2025.04.07,10:30,10:45,Olympia,7,9,16
2025.04.07,10:45,11:00,Olympia,11,11,22
2025.04.07,11:00,11:15,Olympia,11,12,23
2025.04.07,11:15,11:30,Olympia,7,9,16
2025.04.07,11:30,11:45,Olympia,12,14,26
2025.04.07,11:45,12:00,Olympia,14,12,26
2025.04.07,12:00,12:15,Olympia,8,6,14
2025.04.07,12:15,12:30,Olympia,7,13,20
2025.04.07,12:30,12:45,Olympia,5,18,23
2025.04.07,12:45,13:00,Olympia,10,10,20
2025.04.07,13:00,13:15,Olympia,12,6,18
2025.04.07,13:15,13:30,Olympia,19,12,31
2025.04.07,13:30,13:45,Olympia,10,17,27
2025.04.07,13:45,14:00,Olympia,18,12,30
2025.04.07,14:00,14:15,Olympia,14,10,24
2025.04.07,14:15,14:30,Olympia,12,13,25
2025.04.07,14:30,14:45,Olympia,17,17,34
2025.04.07,14:45,15:00,Olympia,17,15,32
2025.04.07,15:00,15:15,Olympia,16,18,34
2025.04.07,15:15,15:30,Olympia,14,18,32
2025.04.07,15:30,15:45,Olympia,14,17,31
2025.04.07,15:45,16:00,Olympia,38,24,62
2025.04.07,16:00,16:15,Olympia,29,20,49
2025.04.07,16:15,16:30,Olympia,20,26,46
2025.04.07,16:30,16:45,Olympia,28,17,45
2025.04.07,16:45,17:00,Olympia,39,31,70
2025.04.07,17:00,17:15,Olympia,31,22,53
2025.04.07,17:15,17:30,Olympia,35,22,57
2025.04.07,17:30,17:45,Olympia,37,30,67
2025.04.07,17:45,18:00,Olympia,40,38,78
2025.04.07,18:00,18:15,Olympia,50,41,91
2025.04.07,18:15,18:30,Olympia,39,46,85
2025.04.07,18:30,18:45,Olympia,39,36,75
2025.04.07,18:45,19:00,Olympia,45,42,87
2025.04.07,19:00,19:15,Olympia,30,32,62
2025.04.07,19:15,19:30,Olympia,23,25,48
2025.04.07,19:30,19:45,Olympia,37,17,54
2025.04.07,19:45,20:00,Olympia,24,24,48
2025.04.07,20:00,20:15,Olympia,17,22,39
2025.04.07,20:15,20:30,Olympia,13,25,38
2025.04.07,20:30,20:45,Olympia,20,13,33
2025.04.07,20:45,21:00,Olympia,14,10,24
2025.04.07,21:00,21:15,Olympia,4,17,21
2025.04.07,21:15,21:30,Olympia,5,3,8
2025.04.07,21:30,21:45,Olympia,4,13,17
2025.04.07,21:45,22:00,Olympia,3,17,20
2025.04.07,22:00,22:15,Olympia,3,19,22
2025.04.07,22:15,22:30,Olympia,5,14,19
2025.04.07,22:30,22:45,Olympia,1,37,38
2025.04.07,22:45,23:00,Olympia,2,10,12
2025.04.07,23:00,23:15,Olympia,0,7,7
2025.04.07,23:15,23:30,Olympia,0,2,2
2025.04.07,23:30,23:45,Olympia,4,0,4
2025.04.07,23:45,00:00,Olympia,2,0,2
2025.04.08,00:00,00:15,Olympia,1,6,7
2025.04.08,00:15,00:30,Olympia,0,1,1
2025.04.08,00:30,00:45,Olympia,1,0,1
2025.04.08,00:45,01:00,Olympia,0,0,0
2025.04.08,01:00,01:15,Olympia,0,0,0
2025.04.08,01:15,01:30,Olympia,2,1,3
2025.04.08,01:30,01:45,Olympia,0,0,0
2025.04.08,01:45,02:00,Olympia,0,0,0
2025.04.08,02:00,02:15,Olympia,0,0,0
2025.04.08,02:15,02:30,Olympia,0,0,0
2025.04.08,02:30,02:45,Olympia,0,1,1
2025.04.08,02:45,03:00,Olympia,0,0,0
2025.04.08,03:00,03:15,Olympia,0,0,0
2025.04.08,03:15,03:30,Olympia,0,0,0
2025.04.08,03:30,03:45,Olympia,0,1,1
2025.04.08,03:45,04:00,Olympia,0,0,0
2025.04.08,04:00,04:15,Olympia,1,1,2
2025.04.08,04:15,04:30,Olympia,0,0,0
2025.04.08,04:30,04:45,Olympia,0,0,0
2025.04.08,04:45,05:00,Olympia,0,0,0
2025.04.08,05:00,05:15,Olympia,0,0,0
2025.04.08,05:15,05:30,Olympia,3,1,4
2025.04.08,05:30,05:45,Olympia,0,5,5
2025.04.08,05:45,06:00,Olympia,4,5,9
2025.04.08,06:00,06:15,Olympia,6,0,6
2025.04.08,06:15,06:30,Olympia,4,2,6
2025.04.08,06:30,06:45,Olympia,10,10,20
2025.04.08,06:45,07:00,Olympia,21,9,30
2025.04.08,07:00,07:15,Olympia,17,12,29
2025.04.08,07:15,07:30,Olympia,24,21,45
2025.04.08,07:30,07:45,Olympia,29,30,59
2025.04.08,07:45,08:00,Olympia,37,35,72
2025.04.08,08:00,08:15,Olympia,38,31,69
2025.04.08,08:15,08:30,Olympia,25,35,60
2025.04.08,08:30,08:45,Olympia,38,34,72
2025.04.08,08:45,09:00,Olympia,38,29,67
2025.04.08,09:00,09:15,Olympia,19,30,49
2025.04.08,09:15,09:30,Olympia,20,19,39
2025.04.08,09:30,09:45,Olympia,11,16,27
2025.04.08,09:45,10:00,Olympia,13,13,26
2025.04.08,10:00,10:15,Olympia,11,9,20
2025.04.08,10:15,10:30,Olympia,9,12,21
2025.04.08,10:30,10:45,Olympia,16,12,28
2025.04.08,10:45,11:00,Olympia,13,6,19
2025.04.08,11:00,11:15,Olympia,10,11,21
2025.04.08,11:15,11:30,Olympia,11,10,21
2025.04.08,11:30,11:45,Olympia,7,13,20
2025.04.08,11:45,12:00,Olympia,12,4,16
2025.04.08,12:00,12:15,Olympia,7,14,21
2025.04.08,12:15,12:30,Olympia,12,7,19
2025.04.08,12:30,12:45,Olympia,12,8,20
2025.04.08,12:45,13:00,Olympia,11,12,23
2025.04.08,13:00,13:15,Olympia,14,15,29
2025.04.08,13:15,13:30,Olympia,21,17,38
2025.04.08,13:30,13:45,Olympia,12,12,24
2025.04.08,13:45,14:00,Olympia,12,7,19
2025.04.08,14:00,14:15,Olympia,31,21,52
2025.04.08,14:15,14:30,Olympia,27,20,47
2025.04.08,14:30,14:45,Olympia,14,15,29
2025.04.08,14:45,15:00,Olympia,19,20,39
2025.04.08,15:00,15:15,Olympia,28,27,55
2025.04.08,15:15,15:30,Olympia,24,27,51
2025.04.08,15:30,15:45,Olympia,36,21,57
2025.04.08,15:45,16:00,Olympia,28,19,47
2025.04.08,16:00,16:15,Olympia,38,29,67
2025.04.08,16:15,16:30,Olympia,43,44,87
2025.04.08,16:30,16:45,Olympia,43,35,78
2025.04.08,16:45,17:00,Olympia,47,29,76
2025.04.08,17:00,17:15,Olympia,39,41,80
2025.04.08,17:15,17:30,Olympia,37,36,73
2025.04.08,17:30,17:45,Olympia,42,44,86
2025.04.08,17:45,18:00,Olympia,43,54,97
2025.04.08,18:00,18:15,Olympia,47,38,85
2025.04.08,18:15,18:30,Olympia,52,58,110
2025.04.08,18:30,18:45,Olympia,30,31,61
2025.04.08,18:45,19:00,Olympia,35,45,80
2025.04.08,19:00,19:15,Olympia,32,38,70
2025.04.08,19:15,19:30,Olympia,26,40,66
2025.04.08,19:30,19:45,Olympia,27,36,63
2025.04.08,19:45,20:00,Olympia,25,26,51
2025.04.08,20:00,20:15,Olympia,10,15,25
2025.04.08,20:15,20:30,Olympia,21,28,49
2025.04.08,20:30,20:45,Olympia,10,10,20
2025.04.08,20:45,21:00,Olympia,12,11,23
2025.04.08,21:00,21:15,Olympia,5,8,13
2025.04.08,21:15,21:30,Olympia,5,11,16
2025.04.08,21:30,21:45,Olympia,2,15,17
2025.04.08,21:45,22:00,Olympia,3,14,17
2025.04.08,22:00,22:15,Olympia,3,6,9
2025.04.08,22:15,22:30,Olympia,9,11,20
2025.04.08,22:30,22:45,Olympia,6,6,12
2025.04.08,22:45,23:00,Olympia,3,3,6
2025.04.08,23:00,23:15,Olympia,3,3,6
2025.04.08,23:15,23:30,Olympia,6,2,8
2025.04.08,23:30,23:45,Olympia,0,4,4
2025.04.08,23:45,00:00,Olympia,4,4,8
2025.04.09,00:00,00:15,Olympia,0,5,5
2025.04.09,00:15,00:30,Olympia,1,0,1
2025.04.09,00:30,00:45,Olympia,0,0,0
2025.04.09,00:45,01:00,Olympia,1,0,1
2025.04.09,01:00,01:15,Olympia,0,0,0
2025.04.09,01:15,01:30,Olympia,3,0,3
2025.04.09,01:30,01:45,Olympia,0,0,0
2025.04.09,01:45,02:00,Olympia,0,0,0
2025.04.09,02:00,02:15,Olympia,0,0,0
2025.04.09,02:15,02:30,Olympia,1,0,1
2025.04.09,02:30,02:45,Olympia,0,0,0
2025.04.09,02:45,03:00,Olympia,0,0,0
2025.04.09,03:00,03:15,Olympia,0,0,0
2025.04.09,03:15,03:30,Olympia,0,0,0
2025.04.09,03:30,03:45,Olympia,0,0,0
2025.04.09,03:45,04:00,Olympia,0,0,0
2025.04.09,04:00,04:15,Olympia,0,1,1
2025.04.09,04:15,04:30,Olympia,0,0,0
2025.04.09,04:30,04:45,Olympia,0,0,0
2025.04.09,04:45,05:00,Olympia,0,1,1
2025.04.09,05:00,05:15,Olympia,0,0,0
2025.04.09,05:15,05:30,Olympia,2,2,4
2025.04.09,05:30,05:45,Olympia,0,6,6
2025.04.09,05:45,06:00,Olympia,6,3,9
2025.04.09,06:00,06:15,Olympia,7,0,7
2025.04.09,06:15,06:30,Olympia,3,6,9
2025.04.09,06:30,06:45,Olympia,8,7,15
2025.04.09,06:45,07:00,Olympia,15,7,22
2025.04.09,07:00,07:15,Olympia,19,10,29
2025.04.09,07:15,07:30,Olympia,21,10,31
2025.04.09,07:30,07:45,Olympia,27,40,67
2025.04.09,07:45,08:00,Olympia,29,34,63
2025.04.09,08:00,08:15,Olympia,41,35,76
2025.04.09,08:15,08:30,Olympia,23,29,52
2025.04.09,08:30,08:45,Olympia,40,33,73
2025.04.09,08:45,09:00,Olympia,39,34,73
2025.04.09,09:00,09:15,Olympia,19,20,39
2025.04.09,09:15,09:30,Olympia,14,14,28
2025.04.09,09:30,09:45,Olympia,10,10,20
2025.04.09,09:45,10:00,Olympia,16,21,37
2025.04.09,10:00,10:15,Olympia,8,6,14
2025.04.09,10:15,10:30,Olympia,14,12,26
2025.04.09,10:30,10:45,Olympia,16,14,30
2025.04.09,10:45,11:00,Olympia,9,8,17
2025.04.09,11:00,11:15,Olympia,7,6,13
2025.04.09,11:15,11:30,Olympia,5,14,19
2025.04.09,11:30,11:45,Olympia,7,13,20
2025.04.09,11:45,12:00,Olympia,9,12,21
2025.04.09,12:00,12:15,Olympia,10,9,19
2025.04.09,12:15,12:30,Olympia,14,12,26
2025.04.09,12:30,12:45,Olympia,16,13,29
2025.04.09,12:45,13:00,Olympia,14,10,24
2025.04.09,13:00,13:15,Olympia,17,16,33
2025.04.09,13:15,13:30,Olympia,18,18,36
2025.04.09,13:30,13:45,Olympia,9,17,26
2025.04.09,13:45,14:00,Olympia,17,6,23
2025.04.09,14:00,14:15,Olympia,13,11,24
2025.04.09,14:15,14:30,Olympia,18,9,27
2025.04.09,14:30,14:45,Olympia,17,19,36
2025.04.09,14:45,15:00,Olympia,18,14,32
2025.04.09,15:00,15:15,Olympia,24,10,34
2025.04.09,15:15,15:30,Olympia,10,23,33
2025.04.09,15:30,15:45,Olympia,25,21,46
2025.04.09,15:45,16:00,Olympia,30,21,51
2025.04.09,16:00,16:15,Olympia,30,19,49
2025.04.09,16:15,16:30,Olympia,23,30,53
2025.04.09,16:30,16:45,Olympia,35,27,62
2025.04.09,16:45,17:00,Olympia,34,27,61
2025.04.09,17:00,17:15,Olympia,28,38,66
2025.04.09,17:15,17:30,Olympia,28,39,67
2025.04.09,17:30,17:45,Olympia,40,45,85
2025.04.09,17:45,18:00,Olympia,36,49,85
2025.04.09,18:00,18:15,Olympia,36,42,78
2025.04.09,18:15,18:30,Olympia,41,42,83
2025.04.09,18:30,18:45,Olympia,34,40,74
2025.04.09,18:45,19:00,Olympia,33,39,72
2025.04.09,19:00,19:15,Olympia,21,24,45
2025.04.09,19:15,19:30,Olympia,25,34,59
2025.04.09,19:30,19:45,Olympia,22,27,49
2025.04.09,19:45,20:00,Olympia,25,29,54
2025.04.09,20:00,20:15,Olympia,14,20,34
2025.04.09,20:15,20:30,Olympia,15,29,44
2025.04.09,20:30,20:45,Olympia,13,20,33
2025.04.09,20:45,21:00,Olympia,8,3,11
2025.04.09,21:00,21:15,Olympia,10,11,21
2025.04.09,21:15,21:30,Olympia,11,7,18
2025.04.09,21:30,21:45,Olympia,6,10,16
2025.04.09,21:45,22:00,Olympia,4,11,15
2025.04.09,22:00,22:15,Olympia,9,10,19
2025.04.09,22:15,22:30,Olympia,2,9,11
2025.04.09,22:30,22:45,Olympia,7,3,10
2025.04.09,22:45,23:00,Olympia,5,7,12
2025.04.09,23:00,23:15,Olympia,6,11,17
2025.04.09,23:15,23:30,Olympia,5,6,11
2025.04.09,23:30,23:45,Olympia,3,3,6
2025.04.09,23:45,00:00,Olympia,2,1,3
2025.04.10,00:00,00:15,Olympia,2,5,7
2025.04.10,00:15,00:30,Olympia,0,1,1
2025.04.10,00:30,00:45,Olympia,0,0,0
2025.04.10,00:45,01:00,Olympia,1,0,1
2025.04.10,01:00,01:15,Olympia,0,0,0
2025.04.10,01:15,01:30,Olympia,1,1,2
2025.04.10,01:30,01:45,Olympia,2,0,2
2025.04.10,01:45,02:00,Olympia,0,0,0
2025.04.10,02:00,02:15,Olympia,1,0,1
2025.04.10,02:15,02:30,Olympia,2,0,2
2025.04.10,02:30,02:45,Olympia,0,0,0
2025.04.10,02:45,03:00,Olympia,0,0,0
2025.04.10,03:00,03:15,Olympia,0,0,0
2025.04.10,03:15,03:30,Olympia,0,0,0
2025.04.10,03:30,03:45,Olympia,0,0,0
2025.04.10,03:45,04:00,Olympia,0,1,1
2025.04.10,04:00,04:15,Olympia,0,0,0
2025.04.10,04:15,04:30,Olympia,0,0,0
2025.04.10,04:30,04:45,Olympia,0,1,1
2025.04.10,04:45,05:00,Olympia,1,0,1
2025.04.10,05:00,05:15,Olympia,0,2,2
2025.04.10,05:15,05:30,Olympia,2,1,3
2025.04.10,05:30,05:45,Olympia,3,2,5
2025.04.10,05:45,06:00,Olympia,7,0,7
2025.04.10,06:00,06:15,Olympia,3,2,5
2025.04.10,06:15,06:30,Olympia,3,5,8
2025.04.10,06:30,06:45,Olympia,13,8,21
2025.04.10,06:45,07:00,Olympia,16,5,21
2025.04.10,07:00,07:15,Olympia,15,19,34
2025.04.10,07:15,07:30,Olympia,21,17,38
2025.04.10,07:30,07:45,Olympia,25,20,45
2025.04.10,07:45,08:00,Olympia,39,37,76
2025.04.10,08:00,08:15,Olympia,37,42,79
2025.04.10,08:15,08:30,Olympia,35,43,78
2025.04.10,08:30,08:45,Olympia,39,30,69
2025.04.10,08:45,09:00,Olympia,39,27,66
2025.04.10,09:00,09:15,Olympia,18,16,34
2025.04.10,09:15,09:30,Olympia,17,19,36
2025.04.10,09:30,09:45,Olympia,18,13,31
2025.04.10,09:45,10:00,Olympia,9,13,22
2025.04.10,10:00,10:15,Olympia,18,10,28
2025.04.10,10:15,10:30,Olympia,7,15,22
2025.04.10,10:30,10:45,Olympia,8,10,18
2025.04.10,10:45,11:00,Olympia,5,8,13
2025.04.10,11:00,11:15,Olympia,8,8,16
2025.04.10,11:15,11:30,Olympia,7,11,18
2025.04.10,11:30,11:45,Olympia,5,9,14
2025.04.10,11:45,12:00,Olympia,9,14,23
2025.04.10,12:00,12:15,Olympia,12,9,21
2025.04.10,12:15,12:30,Olympia,12,8,20
2025.04.10,12:30,12:45,Olympia,15,8,23
2025.04.10,12:45,13:00,Olympia,15,8,23
2025.04.10,13:00,13:15,Olympia,15,8,23
2025.04.10,13:15,13:30,Olympia,20,11,31
2025.04.10,13:30,13:45,Olympia,16,17,33
2025.04.10,13:45,14:00,Olympia,15,10,25
2025.04.10,14:00,14:15,Olympia,19,12,31
2025.04.10,14:15,14:30,Olympia,19,14,33
2025.04.10,14:30,14:45,Olympia,13,18,31
2025.04.10,14:45,15:00,Olympia,19,17,36
2025.04.10,15:00,15:15,Olympia,25,17,42
2025.04.10,15:15,15:30,Olympia,24,31,55
2025.04.10,15:30,15:45,Olympia,35,32,67
2025.04.10,15:45,16:00,Olympia,24,18,42
2025.04.10,16:00,16:15,Olympia,21,34,55
2025.04.10,16:15,16:30,Olympia,50,41,91
2025.04.10,16:30,16:45,Olympia,39,27,66
2025.04.10,16:45,17:00,Olympia,30,36,66
2025.04.10,17:00,17:15,Olympia,45,31,76
2025.04.10,17:15,17:30,Olympia,29,34,63
2025.04.10,17:30,17:45,Olympia,47,44,91
2025.04.10,17:45,18:00,Olympia,42,43,85
2025.04.10,18:00,18:15,Olympia,39,42,81
2025.04.10,18:15,18:30,Olympia,54,51,105
2025.04.10,18:30,18:45,Olympia,39,43,82
2025.04.10,18:45,19:00,Olympia,34,42,76
2025.04.10,19:00,19:15,Olympia,44,37,81
2025.04.10,19:15,19:30,Olympia,31,28,59
2025.04.10,19:30,19:45,Olympia,25,30,55
2025.04.10,19:45,20:00,Olympia,24,22,46
2025.04.10,20:00,20:15,Olympia,8,25,33
2025.04.10,20:15,20:30,Olympia,25,33,58
2025.04.10,20:30,20:45,Olympia,12,10,22
2025.04.10,20:45,21:00,Olympia,11,14,25
2025.04.10,21:00,21:15,Olympia,4,13,17
2025.04.10,21:15,21:30,Olympia,8,7,15
2025.04.10,21:30,21:45,Olympia,4,5,9
2025.04.10,21:45,22:00,Olympia,9,10,19
2025.04.10,22:00,22:15,Olympia,5,29,34
2025.04.10,22:15,22:30,Olympia,6,13,19
2025.04.10,22:30,22:45,Olympia,3,3,6
2025.04.10,22:45,23:00,Olympia,5,12,17
2025.04.10,23:00,23:15,Olympia,3,7,10
2025.04.10,23:15,23:30,Olympia,4,3,7
2025.04.10,23:30,23:45,Olympia,1,2,3
2025.04.10,23:45,00:00,Olympia,4,2,6
2025.04.11,00:00,00:15,Olympia,1,4,5
2025.04.11,00:15,00:30,Olympia,3,3,6
2025.04.11,00:30,00:45,Olympia,0,2,2
2025.04.11,00:45,01:00,Olympia,0,0,0
2025.04.11,01:00,01:15,Olympia,0,1,1
2025.04.11,01:15,01:30,Olympia,3,1,4
2025.04.11,01:30,01:45,Olympia,1,0,1
2025.04.11,01:45,02:00,Olympia,2,0,2
2025.04.11,02:00,02:15,Olympia,0,0,0
2025.04.11,02:15,02:30,Olympia,3,1,4
2025.04.11,02:30,02:45,Olympia,1,1,2
2025.04.11,02:45,03:00,Olympia,0,0,0
2025.04.11,03:00,03:15,Olympia,0,0,0
2025.04.11,03:15,03:30,Olympia,0,0,0
2025.04.11,03:30,03:45,Olympia,0,0,0
2025.04.11,03:45,04:00,Olympia,0,0,0
2025.04.11,04:00,04:15,Olympia,0,0,0
2025.04.11,04:15,04:30,Olympia,0,0,0
2025.04.11,04:30,04:45,Olympia,2,1,3
2025.04.11,04:45,05:00,Olympia,2,0,2
2025.04.11,05:00,05:15,Olympia,0,0,0
2025.04.11,05:15,05:30,Olympia,2,4,6
2025.04.11,05:30,05:45,Olympia,1,6,7
2025.04.11,05:45,06:00,Olympia,2,0,2
2025.04.11,06:00,06:15,Olympia,7,4,11
2025.04.11,06:15,06:30,Olympia,4,9,13
2025.04.11,06:30,06:45,Olympia,8,6,14
2025.04.11,06:45,07:00,Olympia,13,8,21
2025.04.11,07:00,07:15,Olympia,13,11,24
2025.04.11,07:15,07:30,Olympia,16,17,33
2025.04.11,07:30,07:45,Olympia,17,21,38
2025.04.11,07:45,08:00,Olympia,33,25,58
2025.04.11,08:00,08:15,Olympia,30,25,55
2025.04.11,08:15,08:30,Olympia,24,22,46
2025.04.11,08:30,08:45,Olympia,23,28,51
2025.04.11,08:45,09:00,Olympia,22,13,35
2025.04.11,09:00,09:15,Olympia,24,14,38
2025.04.11,09:15,09:30,Olympia,10,20,30
2025.04.11,09:30,09:45,Olympia,12,16,28
2025.04.11,09:45,10:00,Olympia,13,9,22
2025.04.11,10:00,10:15,Olympia,15,4,19
2025.04.11,10:15,10:30,Olympia,15,17,32
2025.04.11,10:30,10:45,Olympia,4,8,12
2025.04.11,10:45,11:00,Olympia,12,18,30
2025.04.11,11:00,11:15,Olympia,18,16,34
2025.04.11,11:15,11:30,Olympia,12,10,22
2025.04.11,11:30,11:45,Olympia,16,17,33
2025.04.11,11:45,12:00,Olympia,16,21,37
2025.04.11,12:00,12:15,Olympia,16,18,34
2025.04.11,12:15,12:30,Olympia,20,30,50
2025.04.11,12:30,12:45,Olympia,27,23,50
2025.04.11,12:45,13:00,Olympia,24,12,36
2025.04.11,13:00,13:15,Olympia,19,18,37
2025.04.11,13:15,13:30,Olympia,16,13,29
2025.04.11,13:30,13:45,Olympia,29,25,54
2025.04.11,13:45,14:00,Olympia,24,33,57
2025.04.11,14:00,14:15,Olympia,26,16,42
2025.04.11,14:15,14:30,Olympia,30,22,52
2025.04.11,14:30,14:45,Olympia,34,15,49
2025.04.11,14:45,15:00,Olympia,47,27,74
2025.04.11,15:00,15:15,Olympia,37,27,64
2025.04.11,15:15,15:30,Olympia,67,26,93
2025.04.11,15:30,15:45,Olympia,57,30,87
2025.04.11,15:45,16:00,Olympia,52,21,73
2025.04.11,16:00,16:15,Olympia,39,29,68
2025.04.11,16:15,16:30,Olympia,37,35,72
2025.04.11,16:30,16:45,Olympia,55,37,92
2025.04.11,16:45,17:00,Olympia,57,36,93
2025.04.11,17:00,17:15,Olympia,27,32,59
2025.04.11,17:15,17:30,Olympia,37,47,84
2025.04.11,17:30,17:45,Olympia,43,48,91
2025.04.11,17:45,18:00,Olympia,43,45,88
2025.04.11,18:00,18:15,Olympia,36,55,91
2025.04.11,18:15,18:30,Olympia,45,52,97
2025.04.11,18:30,18:45,Olympia,28,39,67
2025.04.11,18:45,19:00,Olympia,38,48,86
2025.04.11,19:00,19:15,Olympia,25,44,69
2025.04.11,19:15,19:30,Olympia,20,25,45
2025.04.11,19:30,19:45,Olympia,30,27,57
2025.04.11,19:45,20:00,Olympia,26,17,43
2025.04.11,20:00,20:15,Olympia,17,14,31
2025.04.11,20:15,20:30,Olympia,24,28,52
2025.04.11,20:30,20:45,Olympia,10,21,31
2025.04.11,20:45,21:00,Olympia,6,18,24
2025.04.11,21:00,21:15,Olympia,10,12,22
2025.04.11,21:15,21:30,Olympia,13,18,31
2025.04.11,21:30,21:45,Olympia,8,9,17
2025.04.11,21:45,22:00,Olympia,4,13,17
2025.04.11,22:00,22:15,Olympia,10,11,21
2025.04.11,22:15,22:30,Olympia,8,3,11
2025.04.11,22:30,22:45,Olympia,3,5,8
2025.04.11,22:45,23:00,Olympia,2,4,6
2025.04.11,23:00,23:15,Olympia,5,8,13
2025.04.11,23:15,23:30,Olympia,1,9,10
2025.04.11,23:30,23:45,Olympia,2,11,13
2025.04.11,23:45,00:00,Olympia,5,6,11
2025.04.12,00:00,00:15,Olympia,5,1,6
2025.04.12,00:15,00:30,Olympia,1,0,1
2025.04.12,00:30,00:45,Olympia,0,0,0
2025.04.12,00:45,01:00,Olympia,2,2,4
2025.04.12,01:00,01:15,Olympia,2,0,2
2025.04.12,01:15,01:30,Olympia,3,0,3
2025.04.12,01:30,01:45,Olympia,5,1,6
2025.04.12,01:45,02:00,Olympia,0,0,0
2025.04.12,02:00,02:15,Olympia,0,0,0
2025.04.12,02:15,02:30,Olympia,1,3,4
2025.04.12,02:30,02:45,Olympia,0,0,0
2025.04.12,02:45,03:00,Olympia,1,0,1
2025.04.12,03:00,03:15,Olympia,0,0,0
2025.04.12,03:15,03:30,Olympia,0,0,0
2025.04.12,03:30,03:45,Olympia,0,0,0
2025.04.12,03:45,04:00,Olympia,0,0,0
2025.04.12,04:00,04:15,Olympia,0,0,0
2025.04.12,04:15,04:30,Olympia,0,0,0
2025.04.12,04:30,04:45,Olympia,0,0,0
2025.04.12,04:45,05:00,Olympia,1,1,2
2025.04.12,05:00,05:15,Olympia,0,0,0
2025.04.12,05:15,05:30,Olympia,0,0,0
2025.04.12,05:30,05:45,Olympia,0,1,1
2025.04.12,05:45,06:00,Olympia,0,2,2
2025.04.12,06:00,06:15,Olympia,1,0,1
2025.04.12,06:15,06:30,Olympia,3,0,3
2025.04.12,06:30,06:45,Olympia,1,5,6
2025.04.12,06:45,07:00,Olympia,5,1,6
2025.04.12,07:00,07:15,Olympia,0,3,3
2025.04.12,07:15,07:30,Olympia,5,0,5
2025.04.12,07:30,07:45,Olympia,1,6,7
2025.04.12,07:45,08:00,Olympia,7,5,12
2025.04.12,08:00,08:15,Olympia,9,6,15
2025.04.12,08:15,08:30,Olympia,7,6,13
2025.04.12,08:30,08:45,Olympia,26,2,28
2025.04.12,08:45,09:00,Olympia,18,7,25
2025.04.12,09:00,09:15,Olympia,13,10,23
2025.04.12,09:15,09:30,Olympia,14,8,22
2025.04.12,09:30,09:45,Olympia,21,12,33
2025.04.12,09:45,10:00,Olympia,14,12,26
2025.04.12,10:00,10:15,Olympia,20,8,28
2025.04.12,10:15,10:30,Olympia,17,10,27
2025.04.12,10:30,10:45,Olympia,16,19,35
2025.04.12,10:45,11:00,Olympia,32,17,49
2025.04.12,11:00,11:15,Olympia,25,22,47
2025.04.12,11:15,11:30,Olympia,36,29,65
2025.04.12,11:30,11:45,Olympia,27,30,57
2025.04.12,11:45,12:00,Olympia,29,18,47
2025.04.12,12:00,12:15,Olympia,27,27,54
2025.04.12,12:15,12:30,Olympia,38,20,58
2025.04.12,12:30,12:45,Olympia,27,29,56
2025.04.12,12:45,13:00,Olympia,49,35,84
2025.04.12,13:00,13:15,Olympia,37,26,63
2025.04.12,13:15,13:30,Olympia,30,35,65
2025.04.12,13:30,13:45,Olympia,40,32,72
2025.04.12,13:45,14:00,Olympia,49,35,84
2025.04.12,14:00,14:15,Olympia,52,34,86
2025.04.12,14:15,14:30,Olympia,49,35,84
2025.04.12,14:30,14:45,Olympia,55,40,95
2025.04.12,14:45,15:00,Olympia,53,38,91
2025.04.12,15:00,15:15,Olympia,34,40,74
2025.04.12,15:15,15:30,Olympia,58,41,99
2025.04.12,15:30,15:45,Olympia,54,39,93
2025.04.12,15:45,16:00,Olympia,43,37,80
2025.04.12,16:00,16:15,Olympia,34,51,85
2025.04.12,16:15,16:30,Olympia,24,36,60
2025.04.12,16:30,16:45,Olympia,41,34,75
2025.04.12,16:45,17:00,Olympia,28,39,67
2025.04.12,17:00,17:15,Olympia,31,61,92
2025.04.12,17:15,17:30,Olympia,42,43,85
2025.04.12,17:30,17:45,Olympia,27,47,74
2025.04.12,17:45,18:00,Olympia,26,50,76
2025.04.12,18:00,18:15,Olympia,25,39,64
2025.04.12,18:15,18:30,Olympia,23,41,64
2025.04.12,18:30,18:45,Olympia,28,30,58
2025.04.12,18:45,19:00,Olympia,29,24,53
2025.04.12,19:00,19:15,Olympia,21,24,45
2025.04.12,19:15,19:30,Olympia,13,34,47
2025.04.12,19:30,19:45,Olympia,21,25,46
2025.04.12,19:45,20:00,Olympia,23,12,35
2025.04.12,20:00,20:15,Olympia,19,17,36
2025.04.12,20:15,20:30,Olympia,12,33,45
2025.04.12,20:30,20:45,Olympia,18,8,26
2025.04.12,20:45,21:00,Olympia,5,10,15
2025.04.12,21:00,21:15,Olympia,9,11,20
2025.04.12,21:15,21:30,Olympia,4,4,8
2025.04.12,21:30,21:45,Olympia,3,9,12
2025.04.12,21:45,22:00,Olympia,4,9,13
2025.04.12,22:00,22:15,Olympia,7,6,13
2025.04.12,22:15,22:30,Olympia,2,10,12
2025.04.12,22:30,22:45,Olympia,7,14,21
2025.04.12,22:45,23:00,Olympia,3,3,6
2025.04.12,23:00,23:15,Olympia,4,4,8
2025.04.12,23:15,23:30,Olympia,4,1,5
2025.04.12,23:30,23:45,Olympia,0,2,2
2025.04.12,23:45,00:00,Olympia,2,0,2
2025.04.13,00:00,00:15,Olympia,4,2,6
2025.04.13,00:15,00:30,Olympia,7,1,8
2025.04.13,00:30,00:45,Olympia,1,1,2
2025.04.13,00:45,01:00,Olympia,0,2,2
2025.04.13,01:00,01:15,Olympia,1,0,1
2025.04.13,01:15,01:30,Olympia,2,1,3
2025.04.13,01:30,01:45,Olympia,3,3,6
2025.04.13,01:45,02:00,Olympia,2,2,4
2025.04.13,02:00,02:15,Olympia,0,0,0
2025.04.13,02:15,02:30,Olympia,1,0,1
2025.04.13,02:30,02:45,Olympia,0,0,0
2025.04.13,02:45,03:00,Olympia,0,0,0
2025.04.13,03:00,03:15,Olympia,0,0,0
2025.04.13,03:15,03:30,Olympia,1,0,1
2025.04.13,03:30,03:45,Olympia,0,1,1
2025.04.13,03:45,04:00,Olympia,0,0,0
2025.04.13,04:00,04:15,Olympia,0,0,0
2025.04.13,04:15,04:30,Olympia,0,0,0
2025.04.13,04:30,04:45,Olympia,0,0,0
2025.04.13,04:45,05:00,Olympia,1,0,1
2025.04.13,05:00,05:15,Olympia,0,0,0
2025.04.13,05:15,05:30,Olympia,0,0,0
2025.04.13,05:30,05:45,Olympia,0,1,1
2025.04.13,05:45,06:00,Olympia,0,1,1
2025.04.13,06:00,06:15,Olympia,2,0,2
2025.04.13,06:15,06:30,Olympia,1,0,1
2025.04.13,06:30,06:45,Olympia,3,0,3
2025.04.13,06:45,07:00,Olympia,2,1,3
2025.04.13,07:00,07:15,Olympia,1,0,1
2025.04.13,07:15,07:30,Olympia,4,2,6
2025.04.13,07:30,07:45,Olympia,5,0,5
2025.04.13,07:45,08:00,Olympia,2,0,2
2025.04.13,08:00,08:15,Olympia,7,1,8
2025.04.13,08:15,08:30,Olympia,5,1,6
2025.04.13,08:30,08:45,Olympia,4,5,9
2025.04.13,08:45,09:00,Olympia,6,5,11
2025.04.13,09:00,09:15,Olympia,8,4,12
2025.04.13,09:15,09:30,Olympia,9,15,24
2025.04.13,09:30,09:45,Olympia,16,5,21
2025.04.13,09:45,10:00,Olympia,26,6,32
2025.04.13,10:00,10:15,Olympia,13,8,21
2025.04.13,10:15,10:30,Olympia,17,19,36
2025.04.13,10:30,10:45,Olympia,11,9,20
2025.04.13,10:45,11:00,Olympia,22,8,30
2025.04.13,11:00,11:15,Olympia,25,20,45
2025.04.13,11:15,11:30,Olympia,23,13,36
2025.04.13,11:30,11:45,Olympia,22,22,44
2025.04.13,11:45,12:00,Olympia,20,14,34
2025.04.13,12:00,12:15,Olympia,13,27,40
2025.04.13,12:15,12:30,Olympia,23,11,34
2025.04.13,12:30,12:45,Olympia,18,15,33
2025.04.13,12:45,13:00,Olympia,26,26,52
2025.04.13,13:00,13:15,Olympia,32,21,53
2025.04.13,13:15,13:30,Olympia,19,23,42
2025.04.13,13:30,13:45,Olympia,23,25,48
2025.04.13,13:45,14:00,Olympia,34,23,57
2025.04.13,14:00,14:15,Olympia,33,30,63
2025.04.13,14:15,14:30,Olympia,22,28,50
2025.04.13,14:30,14:45,Olympia,28,31,59
2025.04.13,14:45,15:00,Olympia,31,23,54
2025.04.13,15:00,15:15,Olympia,39,32,71
2025.04.13,15:15,15:30,Olympia,34,25,59
2025.04.13,15:30,15:45,Olympia,29,24,53
2025.04.13,15:45,16:00,Olympia,30,30,60
2025.04.13,16:00,16:15,Olympia,31,32,63
2025.04.13,16:15,16:30,Olympia,12,29,41
2025.04.13,16:30,16:45,Olympia,36,33,69
2025.04.13,16:45,17:00,Olympia,25,41,66
2025.04.13,17:00,17:15,Olympia,38,39,77
2025.04.13,17:15,17:30,Olympia,18,39,57
2025.04.13,17:30,17:45,Olympia,14,46,60
2025.04.13,17:45,18:00,Olympia,34,23,57
2025.04.13,18:00,18:15,Olympia,32,18,50
2025.04.13,18:15,18:30,Olympia,21,25,46
2025.04.13,18:30,18:45,Olympia,18,23,41
2025.04.13,18:45,19:00,Olympia,20,20,40
2025.04.13,19:00,19:15,Olympia,16,15,31
2025.04.13,19:15,19:30,Olympia,13,19,32
2025.04.13,19:30,19:45,Olympia,17,17,34
2025.04.13,19:45,20:00,Olympia,12,19,31
2025.04.13,20:00,20:15,Olympia,9,18,27
2025.04.13,20:15,20:30,Olympia,12,20,32
2025.04.13,20:30,20:45,Olympia,5,10,15
2025.04.13,20:45,21:00,Olympia,7,3,10
2025.04.13,21:00,21:15,Olympia,4,9,13
2025.04.13,21:15,21:30,Olympia,5,7,12
2025.04.13,21:30,21:45,Olympia,6,10,16
2025.04.13,21:45,22:00,Olympia,5,5,10
2025.04.13,22:00,22:15,Olympia,0,6,6
2025.04.13,22:15,22:30,Olympia,1,3,4
2025.04.13,22:30,22:45,Olympia,4,1,5
2025.04.13,22:45,23:00,Olympia,5,4,9
2025.04.13,23:00,23:15,Olympia,1,1,2
2025.04.13,23:15,23:30,Olympia,0,1,1
2025.04.13,23:30,23:45,Olympia,1,1,2
2025.04.13,23:45,00:00,Olympia,2,1,3
2025.04.14,00:00,00:15,Olympia,2,1,3
2025.04.14,00:15,00:30,Olympia,1,0,1
2025.04.14,00:30,00:45,Olympia,0,0,0
2025.04.14,00:45,01:00,Olympia,1,0,1
2025.04.14,01:00,01:15,Olympia,0,0,0
2025.04.14,01:15,01:30,Olympia,0,0,0
2025.04.14,01:30,01:45,Olympia,2,0,2
2025.04.14,01:45,02:00,Olympia,0,0,0
2025.04.14,02:00,02:15,Olympia,0,0,0
2025.04.14,02:15,02:30,Olympia,0,0,0
2025.04.14,02:30,02:45,Olympia,2,0,2
2025.04.14,02:45,03:00,Olympia,0,0,0
2025.04.14,03:00,03:15,Olympia,0,0,0
2025.04.14,03:15,03:30,Olympia,0,0,0
2025.04.14,03:30,03:45,Olympia,0,0,0
2025.04.14,03:45,04:00,Olympia,0,0,0
2025.04.14,04:00,04:15,Olympia,0,0,0
2025.04.14,04:15,04:30,Olympia,0,0,0
2025.04.14,04:30,04:45,Olympia,0,1,1
2025.04.14,04:45,05:00,Olympia,0,0,0
2025.04.14,05:00,05:15,Olympia,1,0,1
2025.04.14,05:15,05:30,Olympia,1,0,1
2025.04.14,05:30,05:45,Olympia,1,4,5
2025.04.14,05:45,06:00,Olympia,5,1,6
2025.04.14,06:00,06:15,Olympia,5,1,6
2025.04.14,06:15,06:30,Olympia,3,2,5
2025.04.14,06:30,06:45,Olympia,9,12,21
2025.04.14,06:45,07:00,Olympia,11,7,18
2025.04.14,07:00,07:15,Olympia,13,11,24
2025.04.14,07:15,07:30,Olympia,27,11,38
2025.04.14,07:30,07:45,Olympia,15,23,38
2025.04.14,07:45,08:00,Olympia,18,22,40
2025.04.14,08:00,08:15,Olympia,33,19,52
2025.04.14,08:15,08:30,Olympia,23,31,54
2025.04.14,08:30,08:45,Olympia,35,35,70
2025.04.14,08:45,09:00,Olympia,21,22,43
2025.04.14,09:00,09:15,Olympia,15,18,33
2025.04.14,09:15,09:30,Olympia,13,11,24
2025.04.14,09:30,09:45,Olympia,15,13,28
2025.04.14,09:45,10:00,Olympia,12,17,29
2025.04.14,10:00,10:15,Olympia,15,9,24
2025.04.14,10:15,10:30,Olympia,13,10,23
2025.04.14,10:30,10:45,Olympia,7,9,16
2025.04.14,10:45,11:00,Olympia,11,8,19
2025.04.14,11:00,11:15,Olympia,12,12,24
2025.04.14,11:15,11:30,Olympia,6,11,17
2025.04.14,11:30,11:45,Olympia,19,10,29
2025.04.14,11:45,12:00,Olympia,15,16,31
2025.04.14,12:00,12:15,Olympia,20,13,33
2025.04.14,12:15,12:30,Olympia,14,24,38
2025.04.14,12:30,12:45,Olympia,15,15,30
2025.04.14,12:45,13:00,Olympia,12,13,25
2025.04.14,13:00,13:15,Olympia,15,9,24
2025.04.14,13:15,13:30,Olympia,10,13,23
2025.04.14,13:30,13:45,Olympia,11,17,28
2025.04.14,13:45,14:00,Olympia,21,25,46
2025.04.14,14:00,14:15,Olympia,19,25,44
2025.04.14,14:15,14:30,Olympia,37,29,66
2025.04.14,14:30,14:45,Olympia,22,20,42
2025.04.14,14:45,15:00,Olympia,20,14,34
2025.04.14,15:00,15:15,Olympia,25,18,43
2025.04.14,15:15,15:30,Olympia,33,23,56
2025.04.14,15:30,15:45,Olympia,44,22,66
2025.04.14,15:45,16:00,Olympia,22,27,49
2025.04.14,16:00,16:15,Olympia,34,32,66
2025.04.14,16:15,16:30,Olympia,23,20,43
2025.04.14,16:30,16:45,Olympia,32,29,61
2025.04.14,16:45,17:00,Olympia,40,36,76
2025.04.14,17:00,17:15,Olympia,32,34,66
2025.04.14,17:15,17:30,Olympia,36,22,58
2025.04.14,17:30,17:45,Olympia,30,41,71
2025.04.14,17:45,18:00,Olympia,37,33,70
2025.04.14,18:00,18:15,Olympia,54,48,102
2025.04.14,18:15,18:30,Olympia,38,35,73
2025.04.14,18:30,18:45,Olympia,31,35,66
2025.04.14,18:45,19:00,Olympia,48,44,92
2025.04.14,19:00,19:15,Olympia,32,34,66
2025.04.14,19:15,19:30,Olympia,19,26,45
2025.04.14,19:30,19:45,Olympia,24,30,54
2025.04.14,19:45,20:00,Olympia,26,21,47
2025.04.14,20:00,20:15,Olympia,13,46,59
2025.04.14,20:15,20:30,Olympia,11,29,40
2025.04.14,20:30,20:45,Olympia,15,25,40
2025.04.14,20:45,21:00,Olympia,10,8,18
2025.04.14,21:00,21:15,Olympia,9,14,23
2025.04.14,21:15,21:30,Olympia,10,6,16
2025.04.14,21:30,21:45,Olympia,4,14,18
2025.04.14,21:45,22:00,Olympia,4,19,23
2025.04.14,22:00,22:15,Olympia,3,7,10
2025.04.14,22:15,22:30,Olympia,7,7,14
2025.04.14,22:30,22:45,Olympia,10,5,15
2025.04.14,22:45,23:00,Olympia,7,11,18
2025.04.14,23:00,23:15,Olympia,2,1,3
2025.04.14,23:15,23:30,Olympia,0,3,3
2025.04.14,23:30,23:45,Olympia,3,3,6
2025.04.14,23:45,00:00,Olympia,4,7,11
2025.04.15,00:00,00:15,Olympia,2,0,2
2025.04.15,00:15,00:30,Olympia,0,1,1
2025.04.15,00:30,00:45,Olympia,1,0,1
2025.04.15,00:45,01:00,Olympia,1,0,1
2025.04.15,01:00,01:15,Olympia,0,1,1
2025.04.15,01:15,01:30,Olympia,2,0,2
2025.04.15,01:30,01:45,Olympia,1,0,1
2025.04.15,01:45,02:00,Olympia,1,0,1
2025.04.15,02:00,02:15,Olympia,0,0,0
2025.04.15,02:15,02:30,Olympia,0,0,0
2025.04.15,02:30,02:45,Olympia,0,0,0
2025.04.15,02:45,03:00,Olympia,0,0,0
2025.04.15,03:00,03:15,Olympia,0,1,1
2025.04.15,03:15,03:30,Olympia,0,0,0
2025.04.15,03:30,03:45,Olympia,0,1,1
2025.04.15,03:45,04:00,Olympia,0,0,0
2025.04.15,04:00,04:15,Olympia,0,0,0
2025.04.15,04:15,04:30,Olympia,0,0,0
2025.04.15,04:30,04:45,Olympia,0,0,0
2025.04.15,04:45,05:00,Olympia,0,0,0
2025.04.15,05:00,05:15,Olympia,0,0,0
2025.04.15,05:15,05:30,Olympia,1,2,3
2025.04.15,05:30,05:45,Olympia,0,6,6
2025.04.15,05:45,06:00,Olympia,6,1,7
2025.04.15,06:00,06:15,Olympia,6,1,7
2025.04.15,06:15,06:30,Olympia,5,6,11
2025.04.15,06:30,06:45,Olympia,14,8,22
2025.04.15,06:45,07:00,Olympia,24,7,31
2025.04.15,07:00,07:15,Olympia,23,17,40
2025.04.15,07:15,07:30,Olympia,25,18,43
2025.04.15,07:30,07:45,Olympia,23,21,44
2025.04.15,07:45,08:00,Olympia,33,27,60
2025.04.15,08:00,08:15,Olympia,33,37,70
2025.04.15,08:15,08:30,Olympia,34,22,56
2025.04.15,08:30,08:45,Olympia,35,40,75
2025.04.15,08:45,09:00,Olympia,36,28,64
2025.04.15,09:00,09:15,Olympia,29,28,57
2025.04.15,09:15,09:30,Olympia,19,22,41
2025.04.15,09:30,09:45,Olympia,7,15,22
2025.04.15,09:45,10:00,Olympia,11,20,31
2025.04.15,10:00,10:15,Olympia,11,14,25
2025.04.15,10:15,10:30,Olympia,17,9,26
2025.04.15,10:30,10:45,Olympia,20,13,33
2025.04.15,10:45,11:00,Olympia,9,10,19
2025.04.15,11:00,11:15,Olympia,14,19,33
2025.04.15,11:15,11:30,Olympia,13,25,38
2025.04.15,11:30,11:45,Olympia,14,20,34
2025.04.15,11:45,12:00,Olympia,16,9,25
2025.04.15,12:00,12:15,Olympia,13,18,31
2025.04.15,12:15,12:30,Olympia,15,15,30
2025.04.15,12:30,12:45,Olympia,23,22,45
2025.04.15,12:45,13:00,Olympia,10,15,25
2025.04.15,13:00,13:15,Olympia,10,17,27
2025.04.15,13:15,13:30,Olympia,18,19,37
2025.04.15,13:30,13:45,Olympia,21,19,40
2025.04.15,13:45,14:00,Olympia,28,15,43
2025.04.15,14:00,14:15,Olympia,25,20,45
2025.04.15,14:15,14:30,Olympia,26,20,46
2025.04.15,14:30,14:45,Olympia,18,15,33
2025.04.15,14:45,15:00,Olympia,30,16,46
2025.04.15,15:00,15:15,Olympia,17,21,38
2025.04.15,15:15,15:30,Olympia,23,23,46
2025.04.15,15:30,15:45,Olympia,13,26,39
2025.04.15,15:45,16:00,Olympia,27,38,65
2025.04.15,16:00,16:15,Olympia,38,25,63
2025.04.15,16:15,16:30,Olympia,23,30,53
2025.04.15,16:30,16:45,Olympia,39,23,62
2025.04.15,16:45,17:00,Olympia,38,31,69
2025.04.15,17:00,17:15,Olympia,26,33,59
2025.04.15,17:15,17:30,Olympia,47,46,93
2025.04.15,17:30,17:45,Olympia,48,39,87
2025.04.15,17:45,18:00,Olympia,45,52,97
2025.04.15,18:00,18:15,Olympia,39,54,93
2025.04.15,18:15,18:30,Olympia,52,44,96
2025.04.15,18:30,18:45,Olympia,32,50,82
2025.04.15,18:45,19:00,Olympia,53,35,88
2025.04.15,19:00,19:15,Olympia,28,35,63
2025.04.15,19:15,19:30,Olympia,32,44,76
2025.04.15,19:30,19:45,Olympia,31,29,60
2025.04.15,19:45,20:00,Olympia,49,26,75
2025.04.15,20:00,20:15,Olympia,34,39,73
2025.04.15,20:15,20:30,Olympia,24,42,66
2025.04.15,20:30,20:45,Olympia,15,34,49
2025.04.15,20:45,21:00,Olympia,16,9,25
2025.04.15,21:00,21:15,Olympia,4,25,29
2025.04.15,21:15,21:30,Olympia,18,14,32
2025.04.15,21:30,21:45,Olympia,8,15,23
2025.04.15,21:45,22:00,Olympia,4,11,15
2025.04.15,22:00,22:15,Olympia,10,8,18
2025.04.15,22:15,22:30,Olympia,11,12,23
2025.04.15,22:30,22:45,Olympia,4,13,17
2025.04.15,22:45,23:00,Olympia,3,4,7
2025.04.15,23:00,23:15,Olympia,1,13,14
2025.04.15,23:15,23:30,Olympia,0,15,15
2025.04.15,23:30,23:45,Olympia,2,3,5
2025.04.15,23:45,00:00,Olympia,0,5,5
2025.04.16,00:00,00:15,Olympia,1,3,4
2025.04.16,00:15,00:30,Olympia,0,2,2
2025.04.16,00:30,00:45,Olympia,1,2,3
2025.04.16,00:45,01:00,Olympia,2,3,5
2025.04.16,01:00,01:15,Olympia,0,1,1
2025.04.16,01:15,01:30,Olympia,2,1,3
2025.04.16,01:30,01:45,Olympia,1,0,1
2025.04.16,01:45,02:00,Olympia,0,0,0
2025.04.16,02:00,02:15,Olympia,1,0,1
2025.04.16,02:15,02:30,Olympia,1,0,1
2025.04.16,02:30,02:45,Olympia,0,0,0
2025.04.16,02:45,03:00,Olympia,0,0,0
2025.04.16,03:00,03:15,Olympia,0,0,0
2025.04.16,03:15,03:30,Olympia,0,0,0
2025.04.16,03:30,03:45,Olympia,0,0,0
2025.04.16,03:45,04:00,Olympia,0,0,0
2025.04.16,04:00,04:15,Olympia,0,1,1
2025.04.16,04:15,04:30,Olympia,0,0,0
2025.04.16,04:30,04:45,Olympia,0,0,0
2025.04.16,04:45,05:00,Olympia,0,1,1
2025.04.16,05:00,05:15,Olympia,0,0,0
2025.04.16,05:15,05:30,Olympia,1,1,2
2025.04.16,05:30,05:45,Olympia,2,3,5
2025.04.16,05:45,06:00,Olympia,1,2,3
2025.04.16,06:00,06:15,Olympia,4,5,9
2025.04.16,06:15,06:30,Olympia,7,4,11
2025.04.16,06:30,06:45,Olympia,9,6,15
2025.04.16,06:45,07:00,Olympia,18,12,30
2025.04.16,07:00,07:15,Olympia,20,11,31
2025.04.16,07:15,07:30,Olympia,28,20,48
2025.04.16,07:30,07:45,Olympia,27,18,45
2025.04.16,07:45,08:00,Olympia,33,25,58
2025.04.16,08:00,08:15,Olympia,31,23,54
2025.04.16,08:15,08:30,Olympia,31,34,65
2025.04.16,08:30,08:45,Olympia,30,33,63
2025.04.16,08:45,09:00,Olympia,26,34,60
2025.04.16,09:00,09:15,Olympia,18,20,38
2025.04.16,09:15,09:30,Olympia,12,25,37
2025.04.16,09:30,09:45,Olympia,9,28,37
2025.04.16,09:45,10:00,Olympia,18,17,35
2025.04.16,10:00,10:15,Olympia,21,12,33
2025.04.16,10:15,10:30,Olympia,19,16,35
2025.04.16,10:30,10:45,Olympia,9,14,23
2025.04.16,10:45,11:00,Olympia,14,11,25
2025.04.16,11:00,11:15,Olympia,7,11,18
2025.04.16,11:15,11:30,Olympia,14,16,30
2025.04.16,11:30,11:45,Olympia,20,15,35
2025.04.16,11:45,12:00,Olympia,21,25,46
2025.04.16,12:00,12:15,Olympia,15,8,23
2025.04.16,12:15,12:30,Olympia,25,15,40
2025.04.16,12:30,12:45,Olympia,11,18,29
2025.04.16,12:45,13:00,Olympia,11,16,27
2025.04.16,13:00,13:15,Olympia,20,33,53
2025.04.16,13:15,13:30,Olympia,25,20,45
2025.04.16,13:30,13:45,Olympia,14,16,30
2025.04.16,13:45,14:00,Olympia,16,12,28
2025.04.16,14:00,14:15,Olympia,24,22,46
2025.04.16,14:15,14:30,Olympia,19,25,44
2025.04.16,14:30,14:45,Olympia,23,23,46
2025.04.16,14:45,15:00,Olympia,32,17,49
2025.04.16,15:00,15:15,Olympia,20,22,42
2025.04.16,15:15,15:30,Olympia,28,35,63
2025.04.16,15:30,15:45,Olympia,32,23,55
2025.04.16,15:45,16:00,Olympia,38,20,58
2025.04.16,16:00,16:15,Olympia,25,31,56
2025.04.16,16:15,16:30,Olympia,41,48,89
2025.04.16,16:30,16:45,Olympia,41,25,66
2025.04.16,16:45,17:00,Olympia,37,36,73
2025.04.16,17:00,17:15,Olympia,35,43,78
2025.04.16,17:15,17:30,Olympia,50,39,89
2025.04.16,17:30,17:45,Olympia,41,42,83
2025.04.16,17:45,18:00,Olympia,53,33,86
2025.04.16,18:00,18:15,Olympia,37,44,81
2025.04.16,18:15,18:30,Olympia,46,45,91
2025.04.16,18:30,18:45,Olympia,37,35,72
2025.04.16,18:45,19:00,Olympia,48,42,90
2025.04.16,19:00,19:15,Olympia,47,22,69
2025.04.16,19:15,19:30,Olympia,50,33,83
2025.04.16,19:30,19:45,Olympia,43,36,79
2025.04.16,19:45,20:00,Olympia,37,26,63
2025.04.16,20:00,20:15,Olympia,31,38,69
2025.04.16,20:15,20:30,Olympia,12,45,57
2025.04.16,20:30,20:45,Olympia,15,30,45
2025.04.16,20:45,21:00,Olympia,1,13,14
2025.04.16,21:00,21:15,Olympia,15,16,31
2025.04.16,21:15,21:30,Olympia,7,9,16
2025.04.16,21:30,21:45,Olympia,1,12,13
2025.04.16,21:45,22:00,Olympia,6,9,15
2025.04.16,22:00,22:15,Olympia,4,2,6
2025.04.16,22:15,22:30,Olympia,1,3,4
2025.04.16,22:30,22:45,Olympia,3,4,7
2025.04.16,22:45,23:00,Olympia,4,78,82
2025.04.16,23:00,23:15,Olympia,9,25,34
2025.04.16,23:15,23:30,Olympia,9,8,17
2025.04.16,23:30,23:45,Olympia,3,6,9
2025.04.16,23:45,00:00,Olympia,4,2,6
2025.04.17,00:00,00:15,Olympia,0,3,3
2025.04.17,00:15,00:30,Olympia,2,1,3
2025.04.17,00:30,00:45,Olympia,0,0,0
2025.04.17,00:45,01:00,Olympia,0,1,1
2025.04.17,01:00,01:15,Olympia,0,0,0
2025.04.17,01:15,01:30,Olympia,2,0,2
2025.04.17,01:30,01:45,Olympia,0,0,0
2025.04.17,01:45,02:00,Olympia,0,0,0
2025.04.17,02:00,02:15,Olympia,0,1,1
2025.04.17,02:15,02:30,Olympia,1,0,1
2025.04.17,02:30,02:45,Olympia,0,0,0
2025.04.17,02:45,03:00,Olympia,1,0,1
2025.04.17,03:00,03:15,Olympia,0,0,0
2025.04.17,03:15,03:30,Olympia,0,0,0
2025.04.17,03:30,03:45,Olympia,2,0,2
2025.04.17,03:45,04:00,Olympia,0,0,0
2025.04.17,04:00,04:15,Olympia,0,0,0
2025.04.17,04:15,04:30,Olympia,1,1,2
2025.04.17,04:30,04:45,Olympia,0,0,0
2025.04.17,04:45,05:00,Olympia,0,0,0
2025.04.17,05:00,05:15,Olympia,0,0,0
2025.04.17,05:15,05:30,Olympia,1,1,2
2025.04.17,05:30,05:45,Olympia,1,2,3
2025.04.17,05:45,06:00,Olympia,4,2,6
2025.04.17,06:00,06:15,Olympia,5,1,6
2025.04.17,06:15,06:30,Olympia,2,6,8
2025.04.17,06:30,06:45,Olympia,3,10,13
2025.04.17,06:45,07:00,Olympia,16,3,19
2025.04.17,07:00,07:15,Olympia,8,8,16
2025.04.17,07:15,07:30,Olympia,20,11,31
2025.04.17,07:30,07:45,Olympia,16,15,31
2025.04.17,07:45,08:00,Olympia,20,21,41
2025.04.17,08:00,08:15,Olympia,15,14,29
2025.04.17,08:15,08:30,Olympia,20,12,32
2025.04.17,08:30,08:45,Olympia,22,23,45
2025.04.17,08:45,09:00,Olympia,28,10,38
2025.04.17,09:00,09:15,Olympia,11,11,22
2025.04.17,09:15,09:30,Olympia,11,15,26
2025.04.17,09:30,09:45,Olympia,11,4,15
2025.04.17,09:45,10:00,Olympia,12,11,23
2025.04.17,10:00,10:15,Olympia,7,13,20
2025.04.17,10:15,10:30,Olympia,7,6,13
2025.04.17,10:30,10:45,Olympia,17,6,23
2025.04.17,10:45,11:00,Olympia,9,11,20
2025.04.17,11:00,11:15,Olympia,9,6,15
2025.04.17,11:15,11:30,Olympia,8,18,26
2025.04.17,11:30,11:45,Olympia,7,10,17
2025.04.17,11:45,12:00,Olympia,3,9,12
2025.04.17,12:00,12:15,Olympia,3,4,7
2025.04.17,12:15,12:30,Olympia,11,5,16
2025.04.17,12:30,12:45,Olympia,11,8,19
2025.04.17,12:45,13:00,Olympia,6,12,18
2025.04.17,13:00,13:15,Olympia,6,9,15
2025.04.17,13:15,13:30,Olympia,19,9,28
2025.04.17,13:30,13:45,Olympia,18,20,38
2025.04.17,13:45,14:00,Olympia,12,13,25
2025.04.17,14:00,14:15,Olympia,14,7,21
2025.04.17,14:15,14:30,Olympia,12,13,25
2025.04.17,14:30,14:45,Olympia,16,15,31
2025.04.17,14:45,15:00,Olympia,23,22,45
2025.04.17,15:00,15:15,Olympia,14,12,26
2025.04.17,15:15,15:30,Olympia,22,11,33
2025.04.17,15:30,15:45,Olympia,19,16,35
2025.04.17,15:45,16:00,Olympia,28,24,52
2025.04.17,16:00,16:15,Olympia,18,18,36
2025.04.17,16:15,16:30,Olympia,23,25,48
2025.04.17,16:30,16:45,Olympia,29,19,48
2025.04.17,16:45,17:00,Olympia,20,18,38
2025.04.17,17:00,17:15,Olympia,22,20,42
2025.04.17,17:15,17:30,Olympia,23,25,48
2025.04.17,17:30,17:45,Olympia,23,23,46
2025.04.17,17:45,18:00,Olympia,23,20,43
2025.04.17,18:00,18:15,Olympia,15,28,43
2025.04.17,18:15,18:30,Olympia,17,33,50
2025.04.17,18:30,18:45,Olympia,16,16,32
2025.04.17,18:45,19:00,Olympia,20,19,39
2025.04.17,19:00,19:15,Olympia,25,8,33
2025.04.17,19:15,19:30,Olympia,13,11,24
2025.04.17,19:30,19:45,Olympia,13,17,30
2025.04.17,19:45,20:00,Olympia,7,11,18
2025.04.17,20:00,20:15,Olympia,5,28,33
2025.04.17,20:15,20:30,Olympia,12,11,23
2025.04.17,20:30,20:45,Olympia,12,10,22
2025.04.17,20:45,21:00,Olympia,8,15,23
2025.04.17,21:00,21:15,Olympia,6,4,10
2025.04.17,21:15,21:30,Olympia,5,4,9
2025.04.17,21:30,21:45,Olympia,2,3,5
2025.04.17,21:45,22:00,Olympia,5,6,11
2025.04.17,22:00,22:15,Olympia,5,7,12
2025.04.17,22:15,22:30,Olympia,2,5,7
2025.04.17,22:30,22:45,Olympia,1,2,3
2025.04.17,22:45,23:00,Olympia,3,5,8
2025.04.17,23:00,23:15,Olympia,1,5,6
2025.04.17,23:15,23:30,Olympia,2,4,6
2025.04.17,23:30,23:45,Olympia,3,1,4
2025.04.17,23:45,00:00,Olympia,2,0,2
2025.04.18,00:00,00:15,Olympia,3,0,3
2025.04.18,00:15,00:30,Olympia,2,0,2
2025.04.18,00:30,00:45,Olympia,2,3,5
2025.04.18,00:45,01:00,Olympia,0,0,0
2025.04.18,01:00,01:15,Olympia,1,0,1
2025.04.18,01:15,01:30,Olympia,2,0,2
2025.04.18,01:30,01:45,Olympia,1,0,1
2025.04.18,01:45,02:00,Olympia,0,0,0
2025.04.18,02:00,02:15,Olympia,0,0,0
2025.04.18,02:15,02:30,Olympia,1,0,1
2025.04.18,02:30,02:45,Olympia,0,0,0
2025.04.18,02:45,03:00,Olympia,0,0,0
2025.04.18,03:00,03:15,Olympia,0,0,0
2025.04.18,03:15,03:30,Olympia,1,0,1
2025.04.18,03:30,03:45,Olympia,0,0,0
2025.04.18,03:45,04:00,Olympia,0,0,0
2025.04.18,04:00,04:15,Olympia,0,0,0
2025.04.18,04:15,04:30,Olympia,0,0,0
2025.04.18,04:30,04:45,Olympia,0,0,0
2025.04.18,04:45,05:00,Olympia,1,0,1
2025.04.18,05:00,05:15,Olympia,0,0,0
2025.04.18,05:15,05:30,Olympia,0,0,0
2025.04.18,05:30,05:45,Olympia,0,1,1
2025.04.18,05:45,06:00,Olympia,0,1,1
2025.04.18,06:00,06:15,Olympia,0,0,0
2025.04.18,06:15,06:30,Olympia,0,1,1
2025.04.18,06:30,06:45,Olympia,1,0,1
2025.04.18,06:45,07:00,Olympia,1,0,1
2025.04.18,07:00,07:15,Olympia,3,1,4
2025.04.18,07:15,07:30,Olympia,1,1,2
2025.04.18,07:30,07:45,Olympia,1,1,2
2025.04.18,07:45,08:00,Olympia,2,1,3
2025.04.18,08:00,08:15,Olympia,3,3,6
2025.04.18,08:15,08:30,Olympia,2,1,3
2025.04.18,08:30,08:45,Olympia,5,3,8
2025.04.18,08:45,09:00,Olympia,9,4,13
2025.04.18,09:00,09:15,Olympia,8,4,12
2025.04.18,09:15,09:30,Olympia,3,3,6
2025.04.18,09:30,09:45,Olympia,4,6,10
2025.04.18,09:45,10:00,Olympia,8,3,11
2025.04.18,10:00,10:15,Olympia,11,5,16
2025.04.18,10:15,10:30,Olympia,7,5,12
2025.04.18,10:30,10:45,Olympia,3,5,8
2025.04.18,10:45,11:00,Olympia,8,5,13
2025.04.18,11:00,11:15,Olympia,10,10,20
2025.04.18,11:15,11:30,Olympia,8,9,17
2025.04.18,11:30,11:45,Olympia,7,12,19
2025.04.18,11:45,12:00,Olympia,13,8,21
2025.04.18,12:00,12:15,Olympia,18,16,34
2025.04.18,12:15,12:30,Olympia,14,11,25
2025.04.18,12:30,12:45,Olympia,10,7,17
2025.04.18,12:45,13:00,Olympia,14,12,26
2025.04.18,13:00,13:15,Olympia,11,6,17
2025.04.18,13:15,13:30,Olympia,8,12,20
2025.04.18,13:30,13:45,Olympia,2,5,7
2025.04.18,13:45,14:00,Olympia,13,8,21
2025.04.18,14:00,14:15,Olympia,11,6,17
2025.04.18,14:15,14:30,Olympia,9,9,18
2025.04.18,14:30,14:45,Olympia,7,13,20
2025.04.18,14:45,15:00,Olympia,17,8,25
2025.04.18,15:00,15:15,Olympia,15,19,34
2025.04.18,15:15,15:30,Olympia,24,7,31
2025.04.18,15:30,15:45,Olympia,14,14,28
2025.04.18,15:45,16:00,Olympia,18,16,34
2025.04.18,16:00,16:15,Olympia,28,14,42
2025.04.18,16:15,16:30,Olympia,14,18,32
2025.04.18,16:30,16:45,Olympia,10,15,25
2025.04.18,16:45,17:00,Olympia,16,6,22
2025.04.18,17:00,17:15,Olympia,17,23,40
2025.04.18,17:15,17:30,Olympia,16,18,34
2025.04.18,17:30,17:45,Olympia,13,10,23
2025.04.18,17:45,18:00,Olympia,20,15,35
2025.04.18,18:00,18:15,Olympia,20,8,28
2025.04.18,18:15,18:30,Olympia,10,18,28
2025.04.18,18:30,18:45,Olympia,15,12,27
2025.04.18,18:45,19:00,Olympia,14,13,27
2025.04.18,19:00,19:15,Olympia,9,10,19
2025.04.18,19:15,19:30,Olympia,13,17,30
2025.04.18,19:30,19:45,Olympia,10,8,18
2025.04.18,19:45,20:00,Olympia,10,7,17
2025.04.18,20:00,20:15,Olympia,10,13,23
2025.04.18,20:15,20:30,Olympia,6,7,13
2025.04.18,20:30,20:45,Olympia,2,7,9
2025.04.18,20:45,21:00,Olympia,6,13,19
2025.04.18,21:00,21:15,Olympia,6,6,12
2025.04.18,21:15,21:30,Olympia,1,5,6
2025.04.18,21:30,21:45,Olympia,1,1,2
2025.04.18,21:45,22:00,Olympia,1,2,3
2025.04.18,22:00,22:15,Olympia,1,0,1
2025.04.18,22:15,22:30,Olympia,3,2,5
2025.04.18,22:30,22:45,Olympia,0,3,3
2025.04.18,22:45,23:00,Olympia,0,4,4
2025.04.18,23:00,23:15,Olympia,0,0,0
2025.04.18,23:15,23:30,Olympia,2,2,4
2025.04.18,23:30,23:45,Olympia,4,0,4
2025.04.18,23:45,00:00,Olympia,0,0,0
2025.04.19,00:00,00:15,Olympia,1,0,1
2025.04.19,00:15,00:30,Olympia,3,3,6
2025.04.19,00:30,00:45,Olympia,0,1,1
2025.04.19,00:45,01:00,Olympia,0,0,0
2025.04.19,01:00,01:15,Olympia,0,1,1
2025.04.19,01:15,01:30,Olympia,2,0,2
2025.04.19,01:30,01:45,Olympia,0,0,0
2025.04.19,01:45,02:00,Olympia,1,2,3
2025.04.19,02:00,02:15,Olympia,0,0,0
2025.04.19,02:15,02:30,Olympia,0,0,0
2025.04.19,02:30,02:45,Olympia,0,0,0
2025.04.19,02:45,03:00,Olympia,0,1,1
2025.04.19,03:00,03:15,Olympia,1,0,1
2025.04.19,03:15,03:30,Olympia,1,0,1
2025.04.19,03:30,03:45,Olympia,0,0,0
2025.04.19,03:45,04:00,Olympia,0,0,0
2025.04.19,04:00,04:15,Olympia,0,0,0
2025.04.19,04:15,04:30,Olympia,0,0,0
2025.04.19,04:30,04:45,Olympia,0,0,0
2025.04.19,04:45,05:00,Olympia,0,0,0
2025.04.19,05:00,05:15,Olympia,0,1,1
2025.04.19,05:15,05:30,Olympia,1,0,1
2025.04.19,05:30,05:45,Olympia,0,0,0
2025.04.19,05:45,06:00,Olympia,1,2,3
2025.04.19,06:00,06:15,Olympia,0,0,0
2025.04.19,06:15,06:30,Olympia,0,1,1
2025.04.19,06:30,06:45,Olympia,3,2,5
2025.04.19,06:45,07:00,Olympia,1,0,1
2025.04.19,07:00,07:15,Olympia,1,0,1
2025.04.19,07:15,07:30,Olympia,2,0,2
2025.04.19,07:30,07:45,Olympia,2,1,3
2025.04.19,07:45,08:00,Olympia,1,0,1
2025.04.19,08:00,08:15,Olympia,1,3,4
2025.04.19,08:15,08:30,Olympia,7,4,11
2025.04.19,08:30,08:45,Olympia,10,10,20
2025.04.19,08:45,09:00,Olympia,10,5,15
2025.04.19,09:00,09:15,Olympia,4,10,14
2025.04.19,09:15,09:30,Olympia,8,2,10
2025.04.19,09:30,09:45,Olympia,12,8,20
2025.04.19,09:45,10:00,Olympia,7,4,11
2025.04.19,10:00,10:15,Olympia,8,11,19
2025.04.19,10:15,10:30,Olympia,11,16,27
2025.04.19,10:30,10:45,Olympia,14,9,23
2025.04.19,10:45,11:00,Olympia,22,16,38
2025.04.19,11:00,11:15,Olympia,13,12,25
2025.04.19,11:15,11:30,Olympia,20,26,46
2025.04.19,11:30,11:45,Olympia,6,17,23
2025.04.19,11:45,12:00,Olympia,29,14,43
2025.04.19,12:00,12:15,Olympia,19,13,32
2025.04.19,12:15,12:30,Olympia,36,22,58
2025.04.19,12:30,12:45,Olympia,20,13,33
2025.04.19,12:45,13:00,Olympia,26,17,43
2025.04.19,13:00,13:15,Olympia,10,13,23
2025.04.19,13:15,13:30,Olympia,22,21,43
2025.04.19,13:30,13:45,Olympia,29,18,47
2025.04.19,13:45,14:00,Olympia,28,21,49
2025.04.19,14:00,14:15,Olympia,23,13,36
2025.04.19,14:15,14:30,Olympia,22,31,53
2025.04.19,14:30,14:45,Olympia,27,25,52
2025.04.19,14:45,15:00,Olympia,36,17,53
2025.04.19,15:00,15:15,Olympia,30,24,54
2025.04.19,15:15,15:30,Olympia,29,25,54
2025.04.19,15:30,15:45,Olympia,30,25,55
2025.04.19,15:45,16:00,Olympia,31,15,46
2025.04.19,16:00,16:15,Olympia,20,33,53
2025.04.19,16:15,16:30,Olympia,16,22,38
2025.04.19,16:30,16:45,Olympia,24,21,45
2025.04.19,16:45,17:00,Olympia,43,28,71
2025.04.19,17:00,17:15,Olympia,32,23,55
2025.04.19,17:15,17:30,Olympia,13,38,51
2025.04.19,17:30,17:45,Olympia,23,42,65
2025.04.19,17:45,18:00,Olympia,24,28,52
2025.04.19,18:00,18:15,Olympia,17,20,37
2025.04.19,18:15,18:30,Olympia,24,25,49
2025.04.19,18:30,18:45,Olympia,28,24,52
2025.04.19,18:45,19:00,Olympia,23,22,45
2025.04.19,19:00,19:15,Olympia,12,23,35
2025.04.19,19:15,19:30,Olympia,9,21,30
2025.04.19,19:30,19:45,Olympia,10,16,26
2025.04.19,19:45,20:00,Olympia,18,11,29
2025.04.19,20:00,20:15,Olympia,11,14,25
2025.04.19,20:15,20:30,Olympia,8,19,27
2025.04.19,20:30,20:45,Olympia,7,7,14
2025.04.19,20:45,21:00,Olympia,7,5,12
2025.04.19,21:00,21:15,Olympia,8,5,13
2025.04.19,21:15,21:30,Olympia,0,0,0
2025.04.19,21:30,21:45,Olympia,1,7,8
2025.04.19,21:45,22:00,Olympia,8,4,12
2025.04.19,22:00,22:15,Olympia,4,5,9
2025.04.19,22:15,22:30,Olympia,2,4,6
2025.04.19,22:30,22:45,Olympia,6,3,9
2025.04.19,22:45,23:00,Olympia,1,5,6
2025.04.19,23:00,23:15,Olympia,3,1,4
2025.04.19,23:15,23:30,Olympia,2,5,7
2025.04.19,23:30,23:45,Olympia,2,0,2
2025.04.19,23:45,00:00,Olympia,0,2,2
2025.04.20,00:00,00:15,Olympia,2,7,9
2025.04.20,00:15,00:30,Olympia,2,1,3
2025.04.20,00:30,00:45,Olympia,0,1,1
2025.04.20,00:45,01:00,Olympia,0,0,0
2025.04.20,01:00,01:15,Olympia,2,0,2
2025.04.20,01:15,01:30,Olympia,0,0,0
2025.04.20,01:30,01:45,Olympia,0,1,1
2025.04.20,01:45,02:00,Olympia,1,0,1
2025.04.20,02:00,02:15,Olympia,0,1,1
2025.04.20,02:15,02:30,Olympia,1,0,1
2025.04.20,02:30,02:45,Olympia,1,0,1
2025.04.20,02:45,03:00,Olympia,1,1,2
2025.04.20,03:00,03:15,Olympia,0,0,0
2025.04.20,03:15,03:30,Olympia,0,0,0
2025.04.20,03:30,03:45,Olympia,0,0,0
2025.04.20,03:45,04:00,Olympia,0,0,0
2025.04.20,04:00,04:15,Olympia,0,0,0
2025.04.20,04:15,04:30,Olympia,0,0,0
2025.04.20,04:30,04:45,Olympia,0,0,0
2025.04.20,04:45,05:00,Olympia,0,2,2
2025.04.20,05:00,05:15,Olympia,0,0,0
2025.04.20,05:15,05:30,Olympia,0,0,0
2025.04.20,05:30,05:45,Olympia,0,1,1
2025.04.20,05:45,06:00,Olympia,1,0,1
2025.04.20,06:00,06:15,Olympia,2,2,4
2025.04.20,06:15,06:30,Olympia,0,0,0
2025.04.20,06:30,06:45,Olympia,0,0,0
2025.04.20,06:45,07:00,Olympia,0,0,0
2025.04.20,07:00,07:15,Olympia,2,0,2
2025.04.20,07:15,07:30,Olympia,1,0,1
2025.04.20,07:30,07:45,Olympia,0,0,0
2025.04.20,07:45,08:00,Olympia,3,4,7
2025.04.20,08:00,08:15,Olympia,5,2,7
2025.04.20,08:15,08:30,Olympia,4,3,7
2025.04.20,08:30,08:45,Olympia,5,2,7
2025.04.20,08:45,09:00,Olympia,2,2,4
2025.04.20,09:00,09:15,Olympia,7,8,15
2025.04.20,09:15,09:30,Olympia,15,4,19
2025.04.20,09:30,09:45,Olympia,7,7,14
2025.04.20,09:45,10:00,Olympia,12,2,14
2025.04.20,10:00,10:15,Olympia,7,14,21
2025.04.20,10:15,10:30,Olympia,17,7,24
2025.04.20,10:30,10:45,Olympia,9,3,12
2025.04.20,10:45,11:00,Olympia,30,11,41
2025.04.20,11:00,11:15,Olympia,32,7,39
2025.04.20,11:15,11:30,Olympia,50,11,61
2025.04.20,11:30,11:45,Olympia,45,20,65
2025.04.20,11:45,12:00,Olympia,34,16,50
2025.04.20,12:00,12:15,Olympia,38,21,59
2025.04.20,12:15,12:30,Olympia,32,21,53
2025.04.20,12:30,12:45,Olympia,30,16,46
2025.04.20,12:45,13:00,Olympia,42,28,70
2025.04.20,13:00,13:15,Olympia,53,21,74
2025.04.20,13:15,13:30,Olympia,34,28,62
2025.04.20,13:30,13:45,Olympia,35,29,64
2025.04.20,13:45,14:00,Olympia,39,44,83
2025.04.20,14:00,14:15,Olympia,36,32,68
2025.04.20,14:15,14:30,Olympia,18,33,51
2025.04.20,14:30,14:45,Olympia,39,36,75
2025.04.20,14:45,15:00,Olympia,35,51,86
2025.04.20,15:00,15:15,Olympia,33,38,71
2025.04.20,15:15,15:30,Olympia,29,31,60
2025.04.20,15:30,15:45,Olympia,36,27,63
2025.04.20,15:45,16:00,Olympia,25,39,64
2025.04.20,16:00,16:15,Olympia,38,43,81
2025.04.20,16:15,16:30,Olympia,18,26,44
2025.04.20,16:30,16:45,Olympia,25,38,63
2025.04.20,16:45,17:00,Olympia,30,39,69
2025.04.20,17:00,17:15,Olympia,22,47,69
2025.04.20,17:15,17:30,Olympia,24,46,70
2025.04.20,17:30,17:45,Olympia,13,27,40
2025.04.20,17:45,18:00,Olympia,17,32,49
2025.04.20,18:00,18:15,Olympia,10,25,35
2025.04.20,18:15,18:30,Olympia,14,16,30
2025.04.20,18:30,18:45,Olympia,9,7,16
2025.04.20,18:45,19:00,Olympia,12,18,30
2025.04.20,19:00,19:15,Olympia,6,19,25
2025.04.20,19:15,19:30,Olympia,2,17,19
2025.04.20,19:30,19:45,Olympia,4,12,16
2025.04.20,19:45,20:00,Olympia,2,2,4
2025.04.20,20:00,20:15,Olympia,5,5,10
2025.04.20,20:15,20:30,Olympia,4,7,11
2025.04.20,20:30,20:45,Olympia,5,3,8
2025.04.20,20:45,21:00,Olympia,1,4,5
2025.04.20,21:00,21:15,Olympia,11,2,13
2025.04.20,21:15,21:30,Olympia,6,2,8
2025.04.20,21:30,21:45,Olympia,3,4,7
2025.04.20,21:45,22:00,Olympia,1,0,1
2025.04.20,22:00,22:15,Olympia,4,2,6
2025.04.20,22:15,22:30,Olympia,0,1,1
2025.04.20,22:30,22:45,Olympia,3,2,5
2025.04.20,22:45,23:00,Olympia,2,4,6
2025.04.20,23:00,23:15,Olympia,1,1,2
2025.04.20,23:15,23:30,Olympia,1,2,3
2025.04.20,23:30,23:45,Olympia,1,0,1
2025.04.20,23:45,00:00,Olympia,0,1,1
2025.04.21,00:00,00:15,Olympia,10,2,12
2025.04.21,00:15,00:30,Olympia,1,1,2
2025.04.21,00:30,00:45,Olympia,0,1,1
2025.04.21,00:45,01:00,Olympia,0,0,0
2025.04.21,01:00,01:15,Olympia,0,1,1
2025.04.21,01:15,01:30,Olympia,0,0,0
2025.04.21,01:30,01:45,Olympia,0,0,0
2025.04.21,01:45,02:00,Olympia,0,5,5
2025.04.21,02:00,02:15,Olympia,2,0,2
2025.04.21,02:15,02:30,Olympia,0,0,0
2025.04.21,02:30,02:45,Olympia,0,0,0
2025.04.21,02:45,03:00,Olympia,1,0,1
2025.04.21,03:00,03:15,Olympia,0,0,0
2025.04.21,03:15,03:30,Olympia,0,0,0
2025.04.21,03:30,03:45,Olympia,0,0,0
2025.04.21,03:45,04:00,Olympia,0,0,0
2025.04.21,04:00,04:15,Olympia,0,0,0
2025.04.21,04:15,04:30,Olympia,1,0,1
2025.04.21,04:30,04:45,Olympia,0,0,0
2025.04.21,04:45,05:00,Olympia,0,0,0
2025.04.21,05:00,05:15,Olympia,0,0,0
2025.04.21,05:15,05:30,Olympia,0,0,0
2025.04.21,05:30,05:45,Olympia,0,0,0
2025.04.21,05:45,06:00,Olympia,0,0,0
2025.04.21,06:00,06:15,Olympia,0,1,1
2025.04.21,06:15,06:30,Olympia,0,0,0
2025.04.21,06:30,06:45,Olympia,1,0,1
2025.04.21,06:45,07:00,Olympia,0,2,2
2025.04.21,07:00,07:15,Olympia,1,2,3
2025.04.21,07:15,07:30,Olympia,1,1,2
2025.04.21,07:30,07:45,Olympia,1,1,2
2025.04.21,07:45,08:00,Olympia,0,0,0
2025.04.21,08:00,08:15,Olympia,4,4,8
2025.04.21,08:15,08:30,Olympia,3,0,3
2025.04.21,08:30,08:45,Olympia,1,1,2
2025.04.21,08:45,09:00,Olympia,2,3,5
2025.04.21,09:00,09:15,Olympia,4,2,6
2025.04.21,09:15,09:30,Olympia,2,0,2
2025.04.21,09:30,09:45,Olympia,5,3,8
2025.04.21,09:45,10:00,Olympia,10,10,20
2025.04.21,10:00,10:15,Olympia,10,6,16
2025.04.21,10:15,10:30,Olympia,13,4,17
2025.04.21,10:30,10:45,Olympia,17,19,36
2025.04.21,10:45,11:00,Olympia,15,13,28
2025.04.21,11:00,11:15,Olympia,11,2,13
2025.04.21,11:15,11:30,Olympia,14,11,25
2025.04.21,11:30,11:45,Olympia,10,15,25
2025.04.21,11:45,12:00,Olympia,7,9,16
2025.04.21,12:00,12:15,Olympia,31,22,53
2025.04.21,12:15,12:30,Olympia,13,11,24
2025.04.21,12:30,12:45,Olympia,11,11,22
2025.04.21,12:45,13:00,Olympia,9,18,27
2025.04.21,13:00,13:15,Olympia,20,17,37
2025.04.21,13:15,13:30,Olympia,24,16,40
2025.04.21,13:30,13:45,Olympia,18,17,35
2025.04.21,13:45,14:00,Olympia,21,11,32
2025.04.21,14:00,14:15,Olympia,8,10,18
2025.04.21,14:15,14:30,Olympia,38,14,52
2025.04.21,14:30,14:45,Olympia,28,17,45
2025.04.21,14:45,15:00,Olympia,27,27,54
2025.04.21,15:00,15:15,Olympia,24,21,45
2025.04.21,15:15,15:30,Olympia,29,23,52
2025.04.21,15:30,15:45,Olympia,21,23,44
2025.04.21,15:45,16:00,Olympia,17,25,42
2025.04.21,16:00,16:15,Olympia,24,28,52
2025.04.21,16:15,16:30,Olympia,24,27,51
2025.04.21,16:30,16:45,Olympia,18,13,31
2025.04.21,16:45,17:00,Olympia,32,22,54
2025.04.21,17:00,17:15,Olympia,39,31,70
2025.04.21,17:15,17:30,Olympia,21,30,51
2025.04.21,17:30,17:45,Olympia,25,36,61
2025.04.21,17:45,18:00,Olympia,25,32,57
2025.04.21,18:00,18:15,Olympia,25,27,52
2025.04.21,18:15,18:30,Olympia,29,30,59
2025.04.21,18:30,18:45,Olympia,19,27,46
2025.04.21,18:45,19:00,Olympia,23,28,51
2025.04.21,19:00,19:15,Olympia,26,19,45
2025.04.21,19:15,19:30,Olympia,9,18,27
2025.04.21,19:30,19:45,Olympia,16,36,52
2025.04.21,19:45,20:00,Olympia,13,16,29
2025.04.21,20:00,20:15,Olympia,21,30,51
2025.04.21,20:15,20:30,Olympia,16,23,39
2025.04.21,20:30,20:45,Olympia,8,17,25
2025.04.21,20:45,21:00,Olympia,3,4,7
2025.04.21,21:00,21:15,Olympia,5,8,13
2025.04.21,21:15,21:30,Olympia,4,3,7
2025.04.21,21:30,21:45,Olympia,5,3,8
2025.04.21,21:45,22:00,Olympia,5,5,10
2025.04.21,22:00,22:15,Olympia,4,3,7
2025.04.21,22:15,22:30,Olympia,0,4,4
2025.04.21,22:30,22:45,Olympia,2,3,5
2025.04.21,22:45,23:00,Olympia,7,2,9
2025.04.21,23:00,23:15,Olympia,4,4,8
2025.04.21,23:15,23:30,Olympia,0,1,1
2025.04.21,23:30,23:45,Olympia,0,2,2
2025.04.21,23:45,00:00,Olympia,0,0,0
2025.04.22,00:00,00:15,Olympia,3,1,4
2025.04.22,00:15,00:30,Olympia,0,1,1
2025.04.22,00:30,00:45,Olympia,1,0,1
2025.04.22,00:45,01:00,Olympia,0,2,2
2025.04.22,01:00,01:15,Olympia,0,0,0
2025.04.22,01:15,01:30,Olympia,3,0,3
2025.04.22,01:30,01:45,Olympia,0,1,1
2025.04.22,01:45,02:00,Olympia,0,0,0
2025.04.22,02:00,02:15,Olympia,0,0,0
2025.04.22,02:15,02:30,Olympia,0,0,0
2025.04.22,02:30,02:45,Olympia,0,0,0
2025.04.22,02:45,03:00,Olympia,0,0,0
2025.04.22,03:00,03:15,Olympia,0,0,0
2025.04.22,03:15,03:30,Olympia,0,1,1
2025.04.22,03:30,03:45,Olympia,0,0,0
2025.04.22,03:45,04:00,Olympia,0,0,0
2025.04.22,04:00,04:15,Olympia,0,1,1
2025.04.22,04:15,04:30,Olympia,0,0,0
2025.04.22,04:30,04:45,Olympia,0,0,0
2025.04.22,04:45,05:00,Olympia,1,0,1
2025.04.22,05:00,05:15,Olympia,0,0,0
2025.04.22,05:15,05:30,Olympia,1,1,2
2025.04.22,05:30,05:45,Olympia,1,3,4
2025.04.22,05:45,06:00,Olympia,4,3,7
2025.04.22,06:00,06:15,Olympia,2,3,5
2025.04.22,06:15,06:30,Olympia,5,6,11
2025.04.22,06:30,06:45,Olympia,9,6,15
2025.04.22,06:45,07:00,Olympia,13,7,20
2025.04.22,07:00,07:15,Olympia,12,12,24
2025.04.22,07:15,07:30,Olympia,29,12,41
2025.04.22,07:30,07:45,Olympia,20,24,44
2025.04.22,07:45,08:00,Olympia,30,32,62
2025.04.22,08:00,08:15,Olympia,24,24,48
2025.04.22,08:15,08:30,Olympia,19,29,48
2025.04.22,08:30,08:45,Olympia,30,26,56
2025.04.22,08:45,09:00,Olympia,35,28,63
2025.04.22,09:00,09:15,Olympia,20,17,37
2025.04.22,09:15,09:30,Olympia,17,19,36
2025.04.22,09:30,09:45,Olympia,10,12,22
2025.04.22,09:45,10:00,Olympia,18,9,27
2025.04.22,10:00,10:15,Olympia,14,10,24
2025.04.22,10:15,10:30,Olympia,14,9,23
2025.04.22,10:30,10:45,Olympia,19,12,31
2025.04.22,10:45,11:00,Olympia,12,12,24
2025.04.22,11:00,11:15,Olympia,13,14,27
2025.04.22,11:15,11:30,Olympia,12,12,24
2025.04.22,11:30,11:45,Olympia,13,16,29
2025.04.22,11:45,12:00,Olympia,18,19,37
2025.04.22,12:00,12:15,Olympia,15,10,25
2025.04.22,12:15,12:30,Olympia,16,6,22
2025.04.22,12:30,12:45,Olympia,11,18,29
2025.04.22,12:45,13:00,Olympia,13,21,34
2025.04.22,13:00,13:15,Olympia,23,2,25
2025.04.22,13:15,13:30,Olympia,20,21,41
2025.04.22,13:30,13:45,Olympia,12,9,21
2025.04.22,13:45,14:00,Olympia,14,25,39
2025.04.22,14:00,14:15,Olympia,11,17,28
2025.04.22,14:15,14:30,Olympia,11,10,21
2025.04.22,14:30,14:45,Olympia,16,16,32
2025.04.22,14:45,15:00,Olympia,29,17,46
2025.04.22,15:00,15:15,Olympia,17,19,36
2025.04.22,15:15,15:30,Olympia,24,22,46
2025.04.22,15:30,15:45,Olympia,23,24,47
2025.04.22,15:45,16:00,Olympia,18,18,36
2025.04.22,16:00,16:15,Olympia,21,24,45
2025.04.22,16:15,16:30,Olympia,16,23,39
2025.04.22,16:30,16:45,Olympia,32,22,54
2025.04.22,16:45,17:00,Olympia,36,24,60
2025.04.22,17:00,17:15,Olympia,34,37,71
2025.04.22,17:15,17:30,Olympia,34,33,67
2025.04.22,17:30,17:45,Olympia,25,35,60
2025.04.22,17:45,18:00,Olympia,35,44,79
2025.04.22,18:00,18:15,Olympia,20,37,57
2025.04.22,18:15,18:30,Olympia,32,54,86
2025.04.22,18:30,18:45,Olympia,40,32,72
2025.04.22,18:45,19:00,Olympia,31,36,67
2025.04.22,19:00,19:15,Olympia,25,35,60
2025.04.22,19:15,19:30,Olympia,14,16,30
2025.04.22,19:30,19:45,Olympia,18,14,32
2025.04.22,19:45,20:00,Olympia,12,22,34
2025.04.22,20:00,20:15,Olympia,13,21,34
2025.04.22,20:15,20:30,Olympia,13,20,33
2025.04.22,20:30,20:45,Olympia,4,12,16
2025.04.22,20:45,21:00,Olympia,15,5,20
2025.04.22,21:00,21:15,Olympia,9,11,20
2025.04.22,21:15,21:30,Olympia,5,14,19
2025.04.22,21:30,21:45,Olympia,5,7,12
2025.04.22,21:45,22:00,Olympia,2,10,12
2025.04.22,22:00,22:15,Olympia,2,3,5
2025.04.22,22:15,22:30,Olympia,4,3,7
2025.04.22,22:30,22:45,Olympia,7,7,14
2025.04.22,22:45,23:00,Olympia,5,6,11
2025.04.22,23:00,23:15,Olympia,2,4,6
2025.04.22,23:15,23:30,Olympia,3,1,4
2025.04.22,23:30,23:45,Olympia,3,1,4
2025.04.22,23:45,00:00,Olympia,0,0,0
2025.04.23,00:00,00:15,Olympia,1,1,2
2025.04.23,00:15,00:30,Olympia,2,0,2
2025.04.23,00:30,00:45,Olympia,0,2,2
2025.04.23,00:45,01:00,Olympia,0,1,1
2025.04.23,01:00,01:15,Olympia,2,0,2
2025.04.23,01:15,01:30,Olympia,1,1,2
2025.04.23,01:30,01:45,Olympia,2,0,2
2025.04.23,01:45,02:00,Olympia,0,1,1
2025.04.23,02:00,02:15,Olympia,0,0,0
2025.04.23,02:15,02:30,Olympia,0,0,0
2025.04.23,02:30,02:45,Olympia,0,1,1
2025.04.23,02:45,03:00,Olympia,0,0,0
2025.04.23,03:00,03:15,Olympia,0,0,0
2025.04.23,03:15,03:30,Olympia,0,0,0
2025.04.23,03:30,03:45,Olympia,0,0,0
2025.04.23,03:45,04:00,Olympia,0,0,0
2025.04.23,04:00,04:15,Olympia,0,2,2
2025.04.23,04:15,04:30,Olympia,0,0,0
2025.04.23,04:30,04:45,Olympia,0,0,0
2025.04.23,04:45,05:00,Olympia,1,0,1
2025.04.23,05:00,05:15,Olympia,0,2,2
2025.04.23,05:15,05:30,Olympia,1,0,1
2025.04.23,05:30,05:45,Olympia,3,4,7
2025.04.23,05:45,06:00,Olympia,1,1,2
2025.04.23,06:00,06:15,Olympia,3,3,6
2025.04.23,06:15,06:30,Olympia,4,7,11
2025.04.23,06:30,06:45,Olympia,11,9,20
2025.04.23,06:45,07:00,Olympia,22,5,27
2025.04.23,07:00,07:15,Olympia,18,7,25
2025.04.23,07:15,07:30,Olympia,29,12,41
2025.04.23,07:30,07:45,Olympia,20,28,48
2025.04.23,07:45,08:00,Olympia,31,31,62
2025.04.23,08:00,08:15,Olympia,25,22,47
2025.04.23,08:15,08:30,Olympia,31,37,68
2025.04.23,08:30,08:45,Olympia,27,28,55
2025.04.23,08:45,09:00,Olympia,37,34,71
2025.04.23,09:00,09:15,Olympia,28,18,46
2025.04.23,09:15,09:30,Olympia,12,27,39
2025.04.23,09:30,09:45,Olympia,17,14,31
2025.04.23,09:45,10:00,Olympia,19,18,37
2025.04.23,10:00,10:15,Olympia,19,14,33
2025.04.23,10:15,10:30,Olympia,9,16,25
2025.04.23,10:30,10:45,Olympia,14,12,26
2025.04.23,10:45,11:00,Olympia,16,17,33
2025.04.23,11:00,11:15,Olympia,11,12,23
2025.04.23,11:15,11:30,Olympia,15,18,33
2025.04.23,11:30,11:45,Olympia,4,21,25
2025.04.23,11:45,12:00,Olympia,17,20,37
2025.04.23,12:00,12:15,Olympia,13,22,35
2025.04.23,12:15,12:30,Olympia,14,13,27
2025.04.23,12:30,12:45,Olympia,12,22,34
2025.04.23,12:45,13:00,Olympia,14,17,31
2025.04.23,13:00,13:15,Olympia,13,9,22
2025.04.23,13:15,13:30,Olympia,14,20,34
2025.04.23,13:30,13:45,Olympia,18,27,45
2025.04.23,13:45,14:00,Olympia,21,21,42
2025.04.23,14:00,14:15,Olympia,27,11,38
2025.04.23,14:15,14:30,Olympia,15,9,24
2025.04.23,14:30,14:45,Olympia,18,19,37
2025.04.23,14:45,15:00,Olympia,26,18,44
2025.04.23,15:00,15:15,Olympia,22,24,46
2025.04.23,15:15,15:30,Olympia,21,19,40
2025.04.23,15:30,15:45,Olympia,15,29,44
2025.04.23,15:45,16:00,Olympia,28,29,57
2025.04.23,16:00,16:15,Olympia,38,32,70
2025.04.23,16:15,16:30,Olympia,40,52,92
2025.04.23,16:30,16:45,Olympia,41,27,68
2025.04.23,16:45,17:00,Olympia,25,33,58
2025.04.23,17:00,17:15,Olympia,41,49,90
2025.04.23,17:15,17:30,Olympia,43,56,99
2025.04.23,17:30,17:45,Olympia,38,53,91
2025.04.23,17:45,18:00,Olympia,53,58,111
2025.04.23,18:00,18:15,Olympia,45,56,101
2025.04.23,18:15,18:30,Olympia,34,39,73
2025.04.23,18:30,18:45,Olympia,24,31,55
2025.04.23,18:45,19:00,Olympia,32,26,58
2025.04.23,19:00,19:15,Olympia,18,31,49
2025.04.23,19:15,19:30,Olympia,21,14,35
2025.04.23,19:30,19:45,Olympia,16,18,34
2025.04.23,19:45,20:00,Olympia,12,12,24
2025.04.23,20:00,20:15,Olympia,10,17,27
2025.04.23,20:15,20:30,Olympia,4,17,21
2025.04.23,20:30,20:45,Olympia,3,5,8
2025.04.23,20:45,21:00,Olympia,6,9,15
2025.04.23,21:00,21:15,Olympia,3,10,13
2025.04.23,21:15,21:30,Olympia,7,5,12
2025.04.23,21:30,21:45,Olympia,8,3,11
2025.04.23,21:45,22:00,Olympia,3,7,10
2025.04.23,22:00,22:15,Olympia,6,5,11
2025.04.23,22:15,22:30,Olympia,3,2,5
2025.04.23,22:30,22:45,Olympia,0,5,5
2025.04.23,22:45,23:00,Olympia,1,4,5
2025.04.23,23:00,23:15,Olympia,1,4,5
2025.04.23,23:15,23:30,Olympia,3,3,6
2025.04.23,23:30,23:45,Olympia,2,1,3
2025.04.23,23:45,00:00,Olympia,1,1,2
2025.04.24,00:00,00:15,Olympia,1,0,1
2025.04.24,00:15,00:30,Olympia,1,0,1
2025.04.24,00:30,00:45,Olympia,2,0,2
2025.04.24,00:45,01:00,Olympia,0,0,0
2025.04.24,01:00,01:15,Olympia,0,1,1
2025.04.24,01:15,01:30,Olympia,1,1,2
2025.04.24,01:30,01:45,Olympia,2,0,2
2025.04.24,01:45,02:00,Olympia,0,0,0
2025.04.24,02:00,02:15,Olympia,0,0,0
2025.04.24,02:15,02:30,Olympia,0,0,0
2025.04.24,02:30,02:45,Olympia,0,0,0
2025.04.24,02:45,03:00,Olympia,1,0,1
2025.04.24,03:00,03:15,Olympia,0,0,0
2025.04.24,03:15,03:30,Olympia,1,0,1
2025.04.24,03:30,03:45,Olympia,0,0,0
2025.04.24,03:45,04:00,Olympia,0,0,0
2025.04.24,04:00,04:15,Olympia,0,1,1
2025.04.24,04:15,04:30,Olympia,0,0,0
2025.04.24,04:30,04:45,Olympia,0,0,0
2025.04.24,04:45,05:00,Olympia,0,0,0
2025.04.24,05:00,05:15,Olympia,0,0,0
2025.04.24,05:15,05:30,Olympia,1,1,2
2025.04.24,05:30,05:45,Olympia,1,4,5
2025.04.24,05:45,06:00,Olympia,3,1,4
2025.04.24,06:00,06:15,Olympia,4,0,4
2025.04.24,06:15,06:30,Olympia,2,5,7
2025.04.24,06:30,06:45,Olympia,4,3,7
2025.04.24,06:45,07:00,Olympia,13,3,16
2025.04.24,07:00,07:15,Olympia,16,4,20
2025.04.24,07:15,07:30,Olympia,17,12,29
2025.04.24,07:30,07:45,Olympia,20,13,33
2025.04.24,07:45,08:00,Olympia,28,17,45
2025.04.24,08:00,08:15,Olympia,26,24,50
2025.04.24,08:15,08:30,Olympia,23,22,45
2025.04.24,08:30,08:45,Olympia,26,22,48
2025.04.24,08:45,09:00,Olympia,25,21,46
2025.04.24,09:00,09:15,Olympia,22,17,39
2025.04.24,09:15,09:30,Olympia,13,13,26
2025.04.24,09:30,09:45,Olympia,4,7,11
2025.04.24,09:45,10:00,Olympia,12,13,25
2025.04.24,10:00,10:15,Olympia,9,9,18
2025.04.24,10:15,10:30,Olympia,15,6,21
2025.04.24,10:30,10:45,Olympia,7,12,19
2025.04.24,10:45,11:00,Olympia,11,6,17
2025.04.24,11:00,11:15,Olympia,6,7,13
2025.04.24,11:15,11:30,Olympia,6,11,17
2025.04.24,11:30,11:45,Olympia,11,5,16
2025.04.24,11:45,12:00,Olympia,9,10,19
2025.04.24,12:00,12:15,Olympia,13,6,19
2025.04.24,12:15,12:30,Olympia,6,12,18
2025.04.24,12:30,12:45,Olympia,9,5,14
2025.04.24,12:45,13:00,Olympia,9,6,15
2025.04.24,13:00,13:15,Olympia,10,5,15
2025.04.24,13:15,13:30,Olympia,11,11,22
2025.04.24,13:30,13:45,Olympia,5,17,22
2025.04.24,13:45,14:00,Olympia,15,7,22
2025.04.24,14:00,14:15,Olympia,12,12,24
2025.04.24,14:15,14:30,Olympia,15,10,25
2025.04.24,14:30,14:45,Olympia,13,8,21
2025.04.24,14:45,15:00,Olympia,12,10,22
2025.04.24,15:00,15:15,Olympia,15,19,34
2025.04.24,15:15,15:30,Olympia,15,7,22
2025.04.24,15:30,15:45,Olympia,18,24,42
2025.04.24,15:45,16:00,Olympia,9,14,23
2025.04.24,16:00,16:15,Olympia,10,24,34
2025.04.24,16:15,16:30,Olympia,24,21,45
2025.04.24,16:30,16:45,Olympia,23,17,40
2025.04.24,16:45,17:00,Olympia,25,29,54
2025.04.24,17:00,17:15,Olympia,23,15,38
2025.04.24,17:15,17:30,Olympia,21,28,49
2025.04.24,17:30,17:45,Olympia,18,34,52
2025.04.24,17:45,18:00,Olympia,29,39,68
2025.04.24,18:00,18:15,Olympia,29,22,51
2025.04.24,18:15,18:30,Olympia,29,33,62
2025.04.24,18:30,18:45,Olympia,29,29,58
2025.04.24,18:45,19:00,Olympia,27,23,50
2025.04.24,19:00,19:15,Olympia,14,30,44
2025.04.24,19:15,19:30,Olympia,21,20,41
2025.04.24,19:30,19:45,Olympia,21,19,40
2025.04.24,19:45,20:00,Olympia,13,18,31
2025.04.24,20:00,20:15,Olympia,12,20,32
2025.04.24,20:15,20:30,Olympia,7,19,26
2025.04.24,20:30,20:45,Olympia,13,11,24
2025.04.24,20:45,21:00,Olympia,11,10,21
2025.04.24,21:00,21:15,Olympia,7,9,16
2025.04.24,21:15,21:30,Olympia,6,11,17
2025.04.24,21:30,21:45,Olympia,8,8,16
2025.04.24,21:45,22:00,Olympia,5,15,20
2025.04.24,22:00,22:15,Olympia,6,8,14
2025.04.24,22:15,22:30,Olympia,4,13,17
2025.04.24,22:30,22:45,Olympia,2,10,12
2025.04.24,22:45,23:00,Olympia,4,18,22
2025.04.24,23:00,23:15,Olympia,5,4,9
2025.04.24,23:15,23:30,Olympia,2,3,5
2025.04.24,23:30,23:45,Olympia,1,4,5
2025.04.24,23:45,00:00,Olympia,0,4,4
2025.04.25,00:00,00:15,Olympia,0,0,0
2025.04.25,00:15,00:30,Olympia,3,2,5
2025.04.25,00:30,00:45,Olympia,0,0,0
2025.04.25,00:45,01:00,Olympia,2,0,2
2025.04.25,01:00,01:15,Olympia,5,1,6
2025.04.25,01:15,01:30,Olympia,3,1,4
2025.04.25,01:30,01:45,Olympia,0,2,2
2025.04.25,01:45,02:00,Olympia,0,0,0
2025.04.25,02:00,02:15,Olympia,0,0,0
2025.04.25,02:15,02:30,Olympia,0,3,3
2025.04.25,02:30,02:45,Olympia,1,0,1
2025.04.25,02:45,03:00,Olympia,0,0,0
2025.04.25,03:00,03:15,Olympia,2,0,2
2025.04.25,03:15,03:30,Olympia,0,0,0
2025.04.25,03:30,03:45,Olympia,0,0,0
2025.04.25,03:45,04:00,Olympia,0,0,0
2025.04.25,04:00,04:15,Olympia,0,0,0
2025.04.25,04:15,04:30,Olympia,0,0,0
2025.04.25,04:30,04:45,Olympia,0,0,0
2025.04.25,04:45,05:00,Olympia,0,0,0
2025.04.25,05:00,05:15,Olympia,0,0,0
2025.04.25,05:15,05:30,Olympia,1,0,1
2025.04.25,05:30,05:45,Olympia,3,2,5
2025.04.25,05:45,06:00,Olympia,2,0,2
2025.04.25,06:00,06:15,Olympia,3,2,5
2025.04.25,06:15,06:30,Olympia,5,3,8
2025.04.25,06:30,06:45,Olympia,6,3,9
2025.04.25,06:45,07:00,Olympia,9,5,14
2025.04.25,07:00,07:15,Olympia,3,4,7
2025.04.25,07:15,07:30,Olympia,17,3,20
2025.04.25,07:30,07:45,Olympia,14,11,25
2025.04.25,07:45,08:00,Olympia,22,27,49
2025.04.25,08:00,08:15,Olympia,16,17,33
2025.04.25,08:15,08:30,Olympia,17,14,31
2025.04.25,08:30,08:45,Olympia,30,20,50
2025.04.25,08:45,09:00,Olympia,25,14,39
2025.04.25,09:00,09:15,Olympia,16,21,37
2025.04.25,09:15,09:30,Olympia,16,16,32
2025.04.25,09:30,09:45,Olympia,16,9,25
2025.04.25,09:45,10:00,Olympia,17,10,27
2025.04.25,10:00,10:15,Olympia,19,9,28
2025.04.25,10:15,10:30,Olympia,11,13,24
2025.04.25,10:30,10:45,Olympia,9,6,15
2025.04.25,10:45,11:00,Olympia,12,10,22
2025.04.25,11:00,11:15,Olympia,8,8,16
2025.04.25,11:15,11:30,Olympia,9,10,19
2025.04.25,11:30,11:45,Olympia,12,11,23
2025.04.25,11:45,12:00,Olympia,19,7,26
2025.04.25,12:00,12:15,Olympia,26,19,45
2025.04.25,12:15,12:30,Olympia,76,20,96
2025.04.25,12:30,12:45,Olympia,71,26,97
2025.04.25,12:45,13:00,Olympia,96,31,127
2025.04.25,13:00,13:15,Olympia,113,34,147
2025.04.25,13:15,13:30,Olympia,107,34,141
2025.04.25,13:30,13:45,Olympia,106,44,150
2025.04.25,13:45,14:00,Olympia,112,46,158
2025.04.25,14:00,14:15,Olympia,122,43,165
2025.04.25,14:15,14:30,Olympia,110,51,161
2025.04.25,14:30,14:45,Olympia,110,37,147
2025.04.25,14:45,15:00,Olympia,112,53,165
2025.04.25,15:00,15:15,Olympia,120,42,162
2025.04.25,15:15,15:30,Olympia,99,57,156
2025.04.25,15:30,15:45,Olympia,123,48,171
2025.04.25,15:45,16:00,Olympia,120,46,166
2025.04.25,16:00,16:15,Olympia,122,47,169
2025.04.25,16:15,16:30,Olympia,104,45,149
2025.04.25,16:30,16:45,Olympia,119,34,153
2025.04.25,16:45,17:00,Olympia,116,43,159
2025.04.25,17:00,17:15,Olympia,111,40,151
2025.04.25,17:15,17:30,Olympia,87,61,148
2025.04.25,17:30,17:45,Olympia,67,42,109
2025.04.25,17:45,18:00,Olympia,65,45,110
2025.04.25,18:00,18:15,Olympia,51,35,86
2025.04.25,18:15,18:30,Olympia,66,24,90
2025.04.25,18:30,18:45,Olympia,51,24,75
2025.04.25,18:45,19:00,Olympia,26,40,66
2025.04.25,19:00,19:15,Olympia,14,26,40
2025.04.25,19:15,19:30,Olympia,14,13,27
2025.04.25,19:30,19:45,Olympia,17,7,24
2025.04.25,19:45,20:00,Olympia,8,15,23
2025.04.25,20:00,20:15,Olympia,3,16,19
2025.04.25,20:15,20:30,Olympia,13,4,17
2025.04.25,20:30,20:45,Olympia,8,11,19
2025.04.25,20:45,21:00,Olympia,0,4,4
2025.04.25,21:00,21:15,Olympia,4,12,16
2025.04.25,21:15,21:30,Olympia,2,6,8
2025.04.25,21:30,21:45,Olympia,4,1,5
2025.04.25,21:45,22:00,Olympia,2,3,5
2025.04.25,22:00,22:15,Olympia,2,8,10
2025.04.25,22:15,22:30,Olympia,4,5,9
2025.04.25,22:30,22:45,Olympia,1,9,10
2025.04.25,22:45,23:00,Olympia,0,6,6
2025.04.25,23:00,23:15,Olympia,2,5,7
2025.04.25,23:15,23:30,Olympia,3,0,3
2025.04.25,23:30,23:45,Olympia,5,3,8
2025.04.25,23:45,00:00,Olympia,2,0,2
2025.04.26,00:00,00:15,Olympia,0,2,2
2025.04.26,00:15,00:30,Olympia,2,0,2
2025.04.26,00:30,00:45,Olympia,3,0,3
2025.04.26,00:45,01:00,Olympia,1,0,1
2025.04.26,01:00,01:15,Olympia,1,7,8
2025.04.26,01:15,01:30,Olympia,0,0,0
2025.04.26,01:30,01:45,Olympia,7,0,7
2025.04.26,01:45,02:00,Olympia,3,0,3
2025.04.26,02:00,02:15,Olympia,0,1,1
2025.04.26,02:15,02:30,Olympia,1,0,1
2025.04.26,02:30,02:45,Olympia,0,0,0
2025.04.26,02:45,03:00,Olympia,0,1,1
2025.04.26,03:00,03:15,Olympia,0,0,0
2025.04.26,03:15,03:30,Olympia,0,0,0
2025.04.26,03:30,03:45,Olympia,0,0,0
2025.04.26,03:45,04:00,Olympia,1,0,1
2025.04.26,04:00,04:15,Olympia,0,0,0
2025.04.26,04:15,04:30,Olympia,1,3,4
2025.04.26,04:30,04:45,Olympia,0,1,1
2025.04.26,04:45,05:00,Olympia,1,0,1
2025.04.26,05:00,05:15,Olympia,0,1,1
2025.04.26,05:15,05:30,Olympia,0,1,1
2025.04.26,05:30,05:45,Olympia,1,0,1
2025.04.26,05:45,06:00,Olympia,0,0,0
2025.04.26,06:00,06:15,Olympia,0,1,1
2025.04.26,06:15,06:30,Olympia,2,1,3
2025.04.26,06:30,06:45,Olympia,1,0,1
2025.04.26,06:45,07:00,Olympia,1,2,3
2025.04.26,07:00,07:15,Olympia,1,0,1
2025.04.26,07:15,07:30,Olympia,1,1,2
2025.04.26,07:30,07:45,Olympia,6,2,8
2025.04.26,07:45,08:00,Olympia,0,3,3
2025.04.26,08:00,08:15,Olympia,0,5,5
2025.04.26,08:15,08:30,Olympia,6,1,7
2025.04.26,08:30,08:45,Olympia,15,7,22
2025.04.26,08:45,09:00,Olympia,19,3,22
2025.04.26,09:00,09:15,Olympia,10,7,17
2025.04.26,09:15,09:30,Olympia,16,7,23
2025.04.26,09:30,09:45,Olympia,19,10,29
2025.04.26,09:45,10:00,Olympia,17,6,23
2025.04.26,10:00,10:15,Olympia,43,16,59
2025.04.26,10:15,10:30,Olympia,55,26,81
2025.04.26,10:30,10:45,Olympia,84,43,127
2025.04.26,10:45,11:00,Olympia,71,40,111
2025.04.26,11:00,11:15,Olympia,97,32,129
2025.04.26,11:15,11:30,Olympia,92,37,129
2025.04.26,11:30,11:45,Olympia,100,42,142
2025.04.26,11:45,12:00,Olympia,139,28,167
2025.04.26,12:00,12:15,Olympia,121,30,151
2025.04.26,12:15,12:30,Olympia,128,59,187
2025.04.26,12:30,12:45,Olympia,126,68,194
2025.04.26,12:45,13:00,Olympia,172,46,218
2025.04.26,13:00,13:15,Olympia,132,64,196
2025.04.26,13:15,13:30,Olympia,128,53,181
2025.04.26,13:30,13:45,Olympia,129,30,159
2025.04.26,13:45,14:00,Olympia,131,52,183
2025.04.26,14:00,14:15,Olympia,154,48,202
2025.04.26,14:15,14:30,Olympia,159,46,205
2025.04.26,14:30,14:45,Olympia,128,36,164
2025.04.26,14:45,15:00,Olympia,136,49,185
2025.04.26,15:00,15:15,Olympia,189,52,241
2025.04.26,15:15,15:30,Olympia,130,52,182
2025.04.26,15:30,15:45,Olympia,139,51,190
2025.04.26,15:45,16:00,Olympia,151,52,203
2025.04.26,16:00,16:15,Olympia,150,54,204
2025.04.26,16:15,16:30,Olympia,145,65,210
2025.04.26,16:30,16:45,Olympia,137,50,187
2025.04.26,16:45,17:00,Olympia,134,39,173
2025.04.26,17:00,17:15,Olympia,99,39,138
2025.04.26,17:15,17:30,Olympia,110,50,160
2025.04.26,17:30,17:45,Olympia,100,28,128
2025.04.26,17:45,18:00,Olympia,85,40,125
2025.04.26,18:00,18:15,Olympia,81,38,119
2025.04.26,18:15,18:30,Olympia,61,34,95
2025.04.26,18:30,18:45,Olympia,82,43,125
2025.04.26,18:45,19:00,Olympia,34,36,70
2025.04.26,19:00,19:15,Olympia,31,35,66
2025.04.26,19:15,19:30,Olympia,25,30,55
2025.04.26,19:30,19:45,Olympia,43,14,57
2025.04.26,19:45,20:00,Olympia,48,11,59
2025.04.26,20:00,20:15,Olympia,22,15,37
2025.04.26,20:15,20:30,Olympia,21,12,33
2025.04.26,20:30,20:45,Olympia,14,15,29
2025.04.26,20:45,21:00,Olympia,9,8,17
2025.04.26,21:00,21:15,Olympia,4,7,11
2025.04.26,21:15,21:30,Olympia,4,8,12
2025.04.26,21:30,21:45,Olympia,8,10,18
2025.04.26,21:45,22:00,Olympia,5,5,10
2025.04.26,22:00,22:15,Olympia,1,7,8
2025.04.26,22:15,22:30,Olympia,0,6,6
2025.04.26,22:30,22:45,Olympia,2,5,7
2025.04.26,22:45,23:00,Olympia,1,4,5
2025.04.26,23:00,23:15,Olympia,10,4,14
2025.04.26,23:15,23:30,Olympia,2,26,28
2025.04.26,23:30,23:45,Olympia,7,71,78
2025.04.26,23:45,00:00,Olympia,3,21,24
2025.04.27,00:00,00:15,Olympia,3,7,10
2025.04.27,00:15,00:30,Olympia,3,1,4
2025.04.27,00:30,00:45,Olympia,2,2,4
2025.04.27,00:45,01:00,Olympia,0,1,1
2025.04.27,01:00,01:15,Olympia,0,2,2
2025.04.27,01:15,01:30,Olympia,0,1,1
2025.04.27,01:30,01:45,Olympia,0,0,0
2025.04.27,01:45,02:00,Olympia,0,3,3
2025.04.27,02:00,02:15,Olympia,1,1,2
2025.04.27,02:15,02:30,Olympia,0,0,0
2025.04.27,02:30,02:45,Olympia,0,0,0
2025.04.27,02:45,03:00,Olympia,0,0,0
2025.04.27,03:00,03:15,Olympia,1,1,2
2025.04.27,03:15,03:30,Olympia,1,1,2
2025.04.27,03:30,03:45,Olympia,1,0,1
2025.04.27,03:45,04:00,Olympia,0,0,0
2025.04.27,04:00,04:15,Olympia,0,1,1
2025.04.27,04:15,04:30,Olympia,1,0,1
2025.04.27,04:30,04:45,Olympia,0,0,0
2025.04.27,04:45,05:00,Olympia,0,0,0
2025.04.27,05:00,05:15,Olympia,0,0,0
2025.04.27,05:15,05:30,Olympia,0,0,0
2025.04.27,05:30,05:45,Olympia,0,0,0
2025.04.27,05:45,06:00,Olympia,2,0,2
2025.04.27,06:00,06:15,Olympia,3,1,4
2025.04.27,06:15,06:30,Olympia,0,0,0
2025.04.27,06:30,06:45,Olympia,1,1,2
2025.04.27,06:45,07:00,Olympia,4,0,4
2025.04.27,07:00,07:15,Olympia,2,1,3
2025.04.27,07:15,07:30,Olympia,4,0,4
2025.04.27,07:30,07:45,Olympia,3,6,9
2025.04.27,07:45,08:00,Olympia,10,0,10
2025.04.27,08:00,08:15,Olympia,4,4,8
2025.04.27,08:15,08:30,Olympia,9,3,12
2025.04.27,08:30,08:45,Olympia,14,5,19
2025.04.27,08:45,09:00,Olympia,19,5,24
2025.04.27,09:00,09:15,Olympia,12,6,18
2025.04.27,09:15,09:30,Olympia,19,11,30
2025.04.27,09:30,09:45,Olympia,32,12,44
2025.04.27,09:45,10:00,Olympia,38,14,52
2025.04.27,10:00,10:15,Olympia,47,16,63
2025.04.27,10:15,10:30,Olympia,70,35,105
2025.04.27,10:30,10:45,Olympia,60,35,95
2025.04.27,10:45,11:00,Olympia,106,46,152
2025.04.27,11:00,11:15,Olympia,113,38,151
2025.04.27,11:15,11:30,Olympia,125,51,176
2025.04.27,11:30,11:45,Olympia,148,36,184
2025.04.27,11:45,12:00,Olympia,142,43,185
2025.04.27,12:00,12:15,Olympia,145,41,186
2025.04.27,12:15,12:30,Olympia,182,50,232
2025.04.27,12:30,12:45,Olympia,173,54,227
2025.04.27,12:45,13:00,Olympia,191,68,259
2025.04.27,13:00,13:15,Olympia,168,56,224
2025.04.27,13:15,13:30,Olympia,151,64,215
2025.04.27,13:30,13:45,Olympia,222,64,286
2025.04.27,13:45,14:00,Olympia,148,53,201
2025.04.27,14:00,14:15,Olympia,203,55,258
2025.04.27,14:15,14:30,Olympia,193,58,251
2025.04.27,14:30,14:45,Olympia,178,84,262
2025.04.27,14:45,15:00,Olympia,175,93,268
2025.04.27,15:00,15:15,Olympia,163,72,235
2025.04.27,15:15,15:30,Olympia,156,57,213
2025.04.27,15:30,15:45,Olympia,160,66,226
2025.04.27,15:45,16:00,Olympia,222,56,278
2025.04.27,16:00,16:15,Olympia,165,69,234
2025.04.27,16:15,16:30,Olympia,150,60,210
2025.04.27,16:30,16:45,Olympia,101,52,153
2025.04.27,16:45,17:00,Olympia,57,52,109
2025.04.27,17:00,17:15,Olympia,42,47,89
2025.04.27,17:15,17:30,Olympia,45,50,95
2025.04.27,17:30,17:45,Olympia,47,33,80
2025.04.27,17:45,18:00,Olympia,40,57,97
2025.04.27,18:00,18:15,Olympia,44,37,81
2025.04.27,18:15,18:30,Olympia,28,34,62
2025.04.27,18:30,18:45,Olympia,35,34,69
2025.04.27,18:45,19:00,Olympia,43,39,82
2025.04.27,19:00,19:15,Olympia,38,36,74
2025.04.27,19:15,19:30,Olympia,22,38,60
2025.04.27,19:30,19:45,Olympia,35,25,60
2025.04.27,19:45,20:00,Olympia,22,24,46
2025.04.27,20:00,20:15,Olympia,28,26,54
2025.04.27,20:15,20:30,Olympia,13,26,39
2025.04.27,20:30,20:45,Olympia,11,16,27
2025.04.27,20:45,21:00,Olympia,6,22,28
2025.04.27,21:00,21:15,Olympia,10,11,21
2025.04.27,21:15,21:30,Olympia,6,7,13
2025.04.27,21:30,21:45,Olympia,5,4,9
2025.04.27,21:45,22:00,Olympia,9,4,13
2025.04.27,22:00,22:15,Olympia,4,3,7
2025.04.27,22:15,22:30,Olympia,3,9,12
2025.04.27,22:30,22:45,Olympia,4,12,16
2025.04.27,22:45,23:00,Olympia,0,20,20
2025.04.27,23:00,23:15,Olympia,1,50,51
2025.04.27,23:15,23:30,Olympia,0,18,18
2025.04.27,23:30,23:45,Olympia,1,2,3
2025.04.27,23:45,00:00,Olympia,0,3,3
2025.04.28,00:00,00:15,Olympia,1,3,4
2025.04.28,00:15,00:30,Olympia,0,1,1
2025.04.28,00:30,00:45,Olympia,1,0,1
2025.04.28,00:45,01:00,Olympia,0,0,0
2025.04.28,01:00,01:15,Olympia,1,0,1
2025.04.28,01:15,01:30,Olympia,1,1,2
2025.04.28,01:30,01:45,Olympia,2,2,4
2025.04.28,01:45,02:00,Olympia,0,0,0
2025.04.28,02:00,02:15,Olympia,1,0,1
2025.04.28,02:15,02:30,Olympia,3,2,5
2025.04.28,02:30,02:45,Olympia,0,3,3
2025.04.28,02:45,03:00,Olympia,1,3,4
2025.04.28,03:00,03:15,Olympia,0,1,1
2025.04.28,03:15,03:30,Olympia,0,0,0
2025.04.28,03:30,03:45,Olympia,0,0,0
2025.04.28,03:45,04:00,Olympia,0,0,0
2025.04.28,04:00,04:15,Olympia,0,0,0
2025.04.28,04:15,04:30,Olympia,0,0,0
2025.04.28,04:30,04:45,Olympia,0,1,1
2025.04.28,04:45,05:00,Olympia,1,0,1
2025.04.28,05:00,05:15,Olympia,0,0,0
2025.04.28,05:15,05:30,Olympia,2,3,5
2025.04.28,05:30,05:45,Olympia,2,4,6
2025.04.28,05:45,06:00,Olympia,4,4,8
2025.04.28,06:00,06:15,Olympia,4,7,11
2025.04.28,06:15,06:30,Olympia,7,6,13
2025.04.28,06:30,06:45,Olympia,8,8,16
2025.04.28,06:45,07:00,Olympia,23,14,37
2025.04.28,07:00,07:15,Olympia,19,13,32
2025.04.28,07:15,07:30,Olympia,31,15,46
2025.04.28,07:30,07:45,Olympia,27,36,63
2025.04.28,07:45,08:00,Olympia,49,44,93
2025.04.28,08:00,08:15,Olympia,45,46,91
2025.04.28,08:15,08:30,Olympia,37,35,72
2025.04.28,08:30,08:45,Olympia,41,37,78
2025.04.28,08:45,09:00,Olympia,34,39,73
2025.04.28,09:00,09:15,Olympia,21,27,48
2025.04.28,09:15,09:30,Olympia,9,15,24
2025.04.28,09:30,09:45,Olympia,13,25,38
2025.04.28,09:45,10:00,Olympia,19,20,39
2025.04.28,10:00,10:15,Olympia,25,18,43
2025.04.28,10:15,10:30,Olympia,8,17,25
2025.04.28,10:30,10:45,Olympia,11,25,36
2025.04.28,10:45,11:00,Olympia,14,12,26
2025.04.28,11:00,11:15,Olympia,12,18,30
2025.04.28,11:15,11:30,Olympia,18,15,33
2025.04.28,11:30,11:45,Olympia,15,15,30
2025.04.28,11:45,12:00,Olympia,20,8,28
2025.04.28,12:00,12:15,Olympia,17,19,36
2025.04.28,12:15,12:30,Olympia,8,18,26
2025.04.28,12:30,12:45,Olympia,16,10,26
2025.04.28,12:45,13:00,Olympia,15,18,33
2025.04.28,13:00,13:15,Olympia,22,21,43
2025.04.28,13:15,13:30,Olympia,22,9,31
2025.04.28,13:30,13:45,Olympia,23,20,43
2025.04.28,13:45,14:00,Olympia,19,24,43
2025.04.28,14:00,14:15,Olympia,30,12,42
2025.04.28,14:15,14:30,Olympia,21,18,39
2025.04.28,14:30,14:45,Olympia,22,17,39
2025.04.28,14:45,15:00,Olympia,30,21,51
2025.04.28,15:00,15:15,Olympia,21,23,44
2025.04.28,15:15,15:30,Olympia,32,14,46
2025.04.28,15:30,15:45,Olympia,36,37,73
2025.04.28,15:45,16:00,Olympia,57,25,82
2025.04.28,16:00,16:15,Olympia,46,48,94
2025.04.28,16:15,16:30,Olympia,56,32,88
2025.04.28,16:30,16:45,Olympia,47,30,77
2025.04.28,16:45,17:00,Olympia,66,44,110
2025.04.28,17:00,17:15,Olympia,54,44,98
2025.04.28,17:15,17:30,Olympia,44,55,99
2025.04.28,17:30,17:45,Olympia,53,61,114
2025.04.28,17:45,18:00,Olympia,66,60,126
2025.04.28,18:00,18:15,Olympia,76,43,119
2025.04.28,18:15,18:30,Olympia,75,55,130
2025.04.28,18:30,18:45,Olympia,53,70,123
2025.04.28,18:45,19:00,Olympia,72,64,136
2025.04.28,19:00,19:15,Olympia,37,49,86
2025.04.28,19:15,19:30,Olympia,37,58,95
2025.04.28,19:30,19:45,Olympia,39,40,79
2025.04.28,19:45,20:00,Olympia,58,54,112
2025.04.28,20:00,20:15,Olympia,28,65,93
2025.04.28,20:15,20:30,Olympia,30,70,100
2025.04.28,20:30,20:45,Olympia,24,33,57
2025.04.28,20:45,21:00,Olympia,16,22,38
2025.04.28,21:00,21:15,Olympia,15,28,43
2025.04.28,21:15,21:30,Olympia,10,16,26
2025.04.28,21:30,21:45,Olympia,11,21,32
2025.04.28,21:45,22:00,Olympia,6,40,46
2025.04.28,22:00,22:15,Olympia,2,13,15
2025.04.28,22:15,22:30,Olympia,4,16,20
2025.04.28,22:30,22:45,Olympia,2,13,15
2025.04.28,22:45,23:00,Olympia,5,11,16
2025.04.28,23:00,23:15,Olympia,7,5,12
2025.04.28,23:15,23:30,Olympia,3,7,10
2025.04.28,23:30,23:45,Olympia,4,2,6
2025.04.28,23:45,00:00,Olympia,2,3,5
2025.04.29,00:00,00:15,Olympia,0,1,1
2025.04.29,00:15,00:30,Olympia,0,0,0
2025.04.29,00:30,00:45,Olympia,0,1,1
2025.04.29,00:45,01:00,Olympia,0,0,0
2025.04.29,01:00,01:15,Olympia,1,0,1
2025.04.29,01:15,01:30,Olympia,2,0,2
2025.04.29,01:30,01:45,Olympia,0,1,1
2025.04.29,01:45,02:00,Olympia,0,0,0
2025.04.29,02:00,02:15,Olympia,0,1,1
2025.04.29,02:15,02:30,Olympia,0,0,0
2025.04.29,02:30,02:45,Olympia,0,0,0
2025.04.29,02:45,03:00,Olympia,0,0,0
2025.04.29,03:00,03:15,Olympia,0,0,0
2025.04.29,03:15,03:30,Olympia,0,0,0
2025.04.29,03:30,03:45,Olympia,0,0,0
2025.04.29,03:45,04:00,Olympia,0,1,1
2025.04.29,04:00,04:15,Olympia,0,0,0
2025.04.29,04:15,04:30,Olympia,0,0,0
2025.04.29,04:30,04:45,Olympia,0,1,1
2025.04.29,04:45,05:00,Olympia,1,0,1
2025.04.29,05:00,05:15,Olympia,0,2,2
2025.04.29,05:15,05:30,Olympia,1,2,3
2025.04.29,05:30,05:45,Olympia,2,7,9
2025.04.29,05:45,06:00,Olympia,4,3,7
2025.04.29,06:00,06:15,Olympia,12,6,18
2025.04.29,06:15,06:30,Olympia,8,8,16
2025.04.29,06:30,06:45,Olympia,12,9,21
2025.04.29,06:45,07:00,Olympia,22,9,31
2025.04.29,07:00,07:15,Olympia,33,12,45
2025.04.29,07:15,07:30,Olympia,44,19,63
2025.04.29,07:30,07:45,Olympia,41,39,80
2025.04.29,07:45,08:00,Olympia,41,60,101
2025.04.29,08:00,08:15,Olympia,71,58,129
2025.04.29,08:15,08:30,Olympia,38,50,88
2025.04.29,08:30,08:45,Olympia,48,43,91
2025.04.29,08:45,09:00,Olympia,39,40,79
2025.04.29,09:00,09:15,Olympia,31,36,67
2025.04.29,09:15,09:30,Olympia,13,16,29
2025.04.29,09:30,09:45,Olympia,18,20,38
2025.04.29,09:45,10:00,Olympia,22,25,47
2025.04.29,10:00,10:15,Olympia,19,16,35
2025.04.29,10:15,10:30,Olympia,15,20,35
2025.04.29,10:30,10:45,Olympia,12,20,32
2025.04.29,10:45,11:00,Olympia,12,11,23
2025.04.29,11:00,11:15,Olympia,10,14,24
2025.04.29,11:15,11:30,Olympia,13,16,29
2025.04.29,11:30,11:45,Olympia,16,19,35
2025.04.29,11:45,12:00,Olympia,14,23,37
2025.04.29,12:00,12:15,Olympia,21,21,42
2025.04.29,12:15,12:30,Olympia,15,25,40
2025.04.29,12:30,12:45,Olympia,15,20,35
2025.04.29,12:45,13:00,Olympia,15,21,36
2025.04.29,13:00,13:15,Olympia,20,13,33
2025.04.29,13:15,13:30,Olympia,17,26,43
2025.04.29,13:30,13:45,Olympia,22,21,43
2025.04.29,13:45,14:00,Olympia,24,20,44
2025.04.29,14:00,14:15,Olympia,24,15,39
2025.04.29,14:15,14:30,Olympia,17,15,32
2025.04.29,14:30,14:45,Olympia,24,24,48
2025.04.29,14:45,15:00,Olympia,32,9,41
2025.04.29,15:00,15:15,Olympia,29,32,61
2025.04.29,15:15,15:30,Olympia,32,25,57
2025.04.29,15:30,15:45,Olympia,33,32,65
2025.04.29,15:45,16:00,Olympia,45,28,73
2025.04.29,16:00,16:15,Olympia,44,42,86
2025.04.29,16:15,16:30,Olympia,48,30,78
2025.04.29,16:30,16:45,Olympia,65,48,113
2025.04.29,16:45,17:00,Olympia,50,50,100
2025.04.29,17:00,17:15,Olympia,51,52,103
2025.04.29,17:15,17:30,Olympia,51,63,114
2025.04.29,17:30,17:45,Olympia,61,56,117
2025.04.29,17:45,18:00,Olympia,74,83,157
2025.04.29,18:00,18:15,Olympia,74,69,143
2025.04.29,18:15,18:30,Olympia,70,81,151
2025.04.29,18:30,18:45,Olympia,55,72,127
2025.04.29,18:45,19:00,Olympia,51,62,113
2025.04.29,19:00,19:15,Olympia,49,54,103
2025.04.29,19:15,19:30,Olympia,49,35,84
2025.04.29,19:30,19:45,Olympia,44,51,95
2025.04.29,19:45,20:00,Olympia,57,46,103
2025.04.29,20:00,20:15,Olympia,28,53,81
2025.04.29,20:15,20:30,Olympia,39,56,95
2025.04.29,20:30,20:45,Olympia,26,43,69
2025.04.29,20:45,21:00,Olympia,26,33,59
2025.04.29,21:00,21:15,Olympia,17,24,41
2025.04.29,21:15,21:30,Olympia,19,32,51
2025.04.29,21:30,21:45,Olympia,12,26,38
2025.04.29,21:45,22:00,Olympia,9,34,43
2025.04.29,22:00,22:15,Olympia,11,20,31
2025.04.29,22:15,22:30,Olympia,9,18,27
2025.04.29,22:30,22:45,Olympia,8,13,21
2025.04.29,22:45,23:00,Olympia,4,10,14
2025.04.29,23:00,23:15,Olympia,3,12,15
2025.04.29,23:15,23:30,Olympia,2,16,18
2025.04.29,23:30,23:45,Olympia,8,2,10
2025.04.29,23:45,00:00,Olympia,0,1,1
2025.04.30,00:00,00:15,Olympia,0,0,0
2025.04.30,00:15,00:30,Olympia,1,1,2
2025.04.30,00:30,00:45,Olympia,1,2,3
2025.04.30,00:45,01:00,Olympia,1,0,1
2025.04.30,01:00,01:15,Olympia,1,0,1
2025.04.30,01:15,01:30,Olympia,4,1,5
2025.04.30,01:30,01:45,Olympia,0,0,0
2025.04.30,01:45,02:00,Olympia,1,0,1
2025.04.30,02:00,02:15,Olympia,2,0,2
2025.04.30,02:15,02:30,Olympia,0,0,0
2025.04.30,02:30,02:45,Olympia,0,1,1
2025.04.30,02:45,03:00,Olympia,2,0,2
2025.04.30,03:00,03:15,Olympia,0,0,0
2025.04.30,03:15,03:30,Olympia,0,0,0
2025.04.30,03:30,03:45,Olympia,0,0,0
2025.04.30,03:45,04:00,Olympia,0,0,0
2025.04.30,04:00,04:15,Olympia,0,0,0
2025.04.30,04:15,04:30,Olympia,0,0,0
2025.04.30,04:30,04:45,Olympia,0,1,1
2025.04.30,04:45,05:00,Olympia,3,0,3
2025.04.30,05:00,05:15,Olympia,1,0,1
2025.04.30,05:15,05:30,Olympia,2,2,4
2025.04.30,05:30,05:45,Olympia,3,5,8
2025.04.30,05:45,06:00,Olympia,8,4,12
2025.04.30,06:00,06:15,Olympia,5,5,10
2025.04.30,06:15,06:30,Olympia,1,4,5
2025.04.30,06:30,06:45,Olympia,9,12,21
2025.04.30,06:45,07:00,Olympia,24,12,36
2025.04.30,07:00,07:15,Olympia,26,14,40
2025.04.30,07:15,07:30,Olympia,24,21,45
2025.04.30,07:30,07:45,Olympia,35,38,73
2025.04.30,07:45,08:00,Olympia,47,56,103
2025.04.30,08:00,08:15,Olympia,52,33,85
2025.04.30,08:15,08:30,Olympia,39,38,77
2025.04.30,08:30,08:45,Olympia,39,40,79
2025.04.30,08:45,09:00,Olympia,37,42,79
2025.04.30,09:00,09:15,Olympia,25,33,58
2025.04.30,09:15,09:30,Olympia,13,23,36
2025.04.30,09:30,09:45,Olympia,21,24,45
2025.04.30,09:45,10:00,Olympia,26,25,51
2025.04.30,10:00,10:15,Olympia,19,10,29
2025.04.30,10:15,10:30,Olympia,19,13,32
2025.04.30,10:30,10:45,Olympia,12,10,22
2025.04.30,10:45,11:00,Olympia,24,16,40
2025.04.30,11:00,11:15,Olympia,11,17,28
2025.04.30,11:15,11:30,Olympia,10,22,32
2025.04.30,11:30,11:45,Olympia,17,24,41
2025.04.30,11:45,12:00,Olympia,18,28,46
2025.04.30,12:00,12:15,Olympia,19,30,49
2025.04.30,12:15,12:30,Olympia,16,22,38
2025.04.30,12:30,12:45,Olympia,23,26,49
2025.04.30,12:45,13:00,Olympia,20,20,40
2025.04.30,13:00,13:15,Olympia,22,22,44
2025.04.30,13:15,13:30,Olympia,38,32,70
2025.04.30,13:30,13:45,Olympia,19,13,32
2025.04.30,13:45,14:00,Olympia,30,30,60
2025.04.30,14:00,14:15,Olympia,25,16,41
2025.04.30,14:15,14:30,Olympia,25,28,53
2025.04.30,14:30,14:45,Olympia,21,19,40
2025.04.30,14:45,15:00,Olympia,27,31,58
2025.04.30,15:00,15:15,Olympia,33,30,63
2025.04.30,15:15,15:30,Olympia,25,24,49
2025.04.30,15:30,15:45,Olympia,33,24,57
2025.04.30,15:45,16:00,Olympia,38,39,77
2025.04.30,16:00,16:15,Olympia,37,33,70
2025.04.30,16:15,16:30,Olympia,41,32,73
2025.04.30,16:30,16:45,Olympia,56,26,82
2025.04.30,16:45,17:00,Olympia,56,48,104
2025.04.30,17:00,17:15,Olympia,54,53,107
2025.04.30,17:15,17:30,Olympia,48,49,97
2025.04.30,17:30,17:45,Olympia,60,50,110
2025.04.30,17:45,18:00,Olympia,55,41,96
2025.04.30,18:00,18:15,Olympia,66,53,119
2025.04.30,18:15,18:30,Olympia,79,56,135
2025.04.30,18:30,18:45,Olympia,49,48,97
2025.04.30,18:45,19:00,Olympia,39,67,106
2025.04.30,19:00,19:15,Olympia,53,35,88
2025.04.30,19:15,19:30,Olympia,59,38,97
2025.04.30,19:30,19:45,Olympia,47,39,86
2025.04.30,19:45,20:00,Olympia,41,28,69
2025.04.30,20:00,20:15,Olympia,40,47,87
2025.04.30,20:15,20:30,Olympia,27,52,79
2025.04.30,20:30,20:45,Olympia,18,49,67
2025.04.30,20:45,21:00,Olympia,15,33,48
2025.04.30,21:00,21:15,Olympia,11,30,41
2025.04.30,21:15,21:30,Olympia,18,24,42
2025.04.30,21:30,21:45,Olympia,12,32,44
2025.04.30,21:45,22:00,Olympia,3,18,21
2025.04.30,22:00,22:15,Olympia,11,32,43
2025.04.30,22:15,22:30,Olympia,9,38,47
2025.04.30,22:30,22:45,Olympia,8,24,32
2025.04.30,22:45,23:00,Olympia,4,17,21
2025.04.30,23:00,23:15,Olympia,13,9,22
2025.04.30,23:15,23:30,Olympia,6,13,19
2025.04.30,23:30,23:45,Olympia,2,4,6
2025.04.30,23:45,00:00,Olympia,2,3,5
2025.04.01,00:00,00:15,Hirsch,0,0,0
2025.04.01,00:15,00:30,Hirsch,1,0,1
2025.04.01,00:30,00:45,Hirsch,1,0,1
2025.04.01,00:45,01:00,Hirsch,0,0,0
2025.04.01,01:00,01:15,Hirsch,0,1,1
2025.04.01,01:15,01:30,Hirsch,0,0,0
2025.04.01,01:30,01:45,Hirsch,0,0,0
2025.04.01,01:45,02:00,Hirsch,0,0,0
2025.04.01,02:00,02:15,Hirsch,0,0,0
2025.04.01,02:15,02:30,Hirsch,0,0,0
2025.04.01,02:30,02:45,Hirsch,0,0,0
2025.04.01,02:45,03:00,Hirsch,0,0,0
2025.04.01,03:00,03:15,Hirsch,0,0,0
2025.04.01,03:15,03:30,Hirsch,0,0,0
2025.04.01,03:30,03:45,Hirsch,0,0,0
2025.04.01,03:45,04:00,Hirsch,0,0,0
2025.04.01,04:00,04:15,Hirsch,0,0,0
2025.04.01,04:15,04:30,Hirsch,0,0,0
2025.04.01,04:30,04:45,Hirsch,0,0,0
2025.04.01,04:45,05:00,Hirsch,0,0,0
2025.04.01,05:00,05:15,Hirsch,0,1,1
2025.04.01,05:15,05:30,Hirsch,0,3,3
2025.04.01,05:30,05:45,Hirsch,0,7,7
2025.04.01,05:45,06:00,Hirsch,1,4,5
2025.04.01,06:00,06:15,Hirsch,0,9,9
2025.04.01,06:15,06:30,Hirsch,0,7,7
2025.04.01,06:30,06:45,Hirsch,1,17,18
2025.04.01,06:45,07:00,Hirsch,3,13,16
2025.04.01,07:00,07:15,Hirsch,8,22,30
2025.04.01,07:15,07:30,Hirsch,9,30,39
2025.04.01,07:30,07:45,Hirsch,6,43,49
2025.04.01,07:45,08:00,Hirsch,6,78,84
2025.04.01,08:00,08:15,Hirsch,8,68,76
2025.04.01,08:15,08:30,Hirsch,6,78,84
2025.04.01,08:30,08:45,Hirsch,6,60,66
2025.04.01,08:45,09:00,Hirsch,6,41,47
2025.04.01,09:00,09:15,Hirsch,5,21,26
2025.04.01,09:15,09:30,Hirsch,5,26,31
2025.04.01,09:30,09:45,Hirsch,6,19,25
2025.04.01,09:45,10:00,Hirsch,7,20,27
2025.04.01,10:00,10:15,Hirsch,8,10,18
2025.04.01,10:15,10:30,Hirsch,2,13,15
2025.04.01,10:30,10:45,Hirsch,4,4,8
2025.04.01,10:45,11:00,Hirsch,1,3,4
2025.04.01,11:00,11:15,Hirsch,3,6,9
2025.04.01,11:15,11:30,Hirsch,3,5,8
2025.04.01,11:30,11:45,Hirsch,3,1,4
2025.04.01,11:45,12:00,Hirsch,5,7,12
2025.04.01,12:00,12:15,Hirsch,4,2,6
2025.04.01,12:15,12:30,Hirsch,2,2,4
2025.04.01,12:30,12:45,Hirsch,9,12,21
2025.04.01,12:45,13:00,Hirsch,7,3,10
2025.04.01,13:00,13:15,Hirsch,7,5,12
2025.04.01,13:15,13:30,Hirsch,6,4,10
2025.04.01,13:30,13:45,Hirsch,3,5,8
2025.04.01,13:45,14:00,Hirsch,6,4,10
2025.04.01,14:00,14:15,Hirsch,9,6,15
2025.04.01,14:15,14:30,Hirsch,15,1,16
2025.04.01,14:30,14:45,Hirsch,12,4,16
2025.04.01,14:45,15:00,Hirsch,10,4,14
2025.04.01,15:00,15:15,Hirsch,8,6,14
2025.04.01,15:15,15:30,Hirsch,19,4,23
2025.04.01,15:30,15:45,Hirsch,10,6,16
2025.04.01,15:45,16:00,Hirsch,21,3,24
2025.04.01,16:00,16:15,Hirsch,18,9,27
2025.04.01,16:15,16:30,Hirsch,16,10,26
2025.04.01,16:30,16:45,Hirsch,23,5,28
2025.04.01,16:45,17:00,Hirsch,29,6,35
2025.04.01,17:00,17:15,Hirsch,27,9,36
2025.04.01,17:15,17:30,Hirsch,36,9,45
2025.04.01,17:30,17:45,Hirsch,25,13,38
2025.04.01,17:45,18:00,Hirsch,49,16,65
2025.04.01,18:00,18:15,Hirsch,45,12,57
2025.04.01,18:15,18:30,Hirsch,42,6,48
2025.04.01,18:30,18:45,Hirsch,32,12,44
2025.04.01,18:45,19:00,Hirsch,26,16,42
2025.04.01,19:00,19:15,Hirsch,22,11,33
2025.04.01,19:15,19:30,Hirsch,22,4,26
2025.04.01,19:30,19:45,Hirsch,13,3,16
2025.04.01,19:45,20:00,Hirsch,21,4,25
2025.04.01,20:00,20:15,Hirsch,6,3,9
2025.04.01,20:15,20:30,Hirsch,8,2,10
2025.04.01,20:30,20:45,Hirsch,7,2,9
2025.04.01,20:45,21:00,Hirsch,7,4,11
2025.04.01,21:00,21:15,Hirsch,9,4,13
2025.04.01,21:15,21:30,Hirsch,5,1,6
2025.04.01,21:30,21:45,Hirsch,10,3,13
2025.04.01,21:45,22:00,Hirsch,4,2,6
2025.04.01,22:00,22:15,Hirsch,4,2,6
2025.04.01,22:15,22:30,Hirsch,3,4,7
2025.04.01,22:30,22:45,Hirsch,10,0,10
2025.04.01,22:45,23:00,Hirsch,4,1,5
2025.04.01,23:00,23:15,Hirsch,9,2,11
2025.04.01,23:15,23:30,Hirsch,2,3,5
2025.04.01,23:30,23:45,Hirsch,2,0,2
2025.04.01,23:45,00:00,Hirsch,2,1,3
2025.04.02,00:00,00:15,Hirsch,2,0,2
2025.04.02,00:15,00:30,Hirsch,1,0,1
2025.04.02,00:30,00:45,Hirsch,2,0,2
2025.04.02,00:45,01:00,Hirsch,2,0,2
2025.04.02,01:00,01:15,Hirsch,2,0,2
2025.04.02,01:15,01:30,Hirsch,0,0,0
2025.04.02,01:30,01:45,Hirsch,0,0,0
2025.04.02,01:45,02:00,Hirsch,0,0,0
2025.04.02,02:00,02:15,Hirsch,0,0,0
2025.04.02,02:15,02:30,Hirsch,0,0,0
2025.04.02,02:30,02:45,Hirsch,0,0,0
2025.04.02,02:45,03:00,Hirsch,0,0,0
2025.04.02,03:00,03:15,Hirsch,0,0,0
2025.04.02,03:15,03:30,Hirsch,0,0,0
2025.04.02,03:30,03:45,Hirsch,0,0,0
2025.04.02,03:45,04:00,Hirsch,1,0,1
2025.04.02,04:00,04:15,Hirsch,0,0,0
2025.04.02,04:15,04:30,Hirsch,0,0,0
2025.04.02,04:30,04:45,Hirsch,0,0,0
2025.04.02,04:45,05:00,Hirsch,0,1,1
2025.04.02,05:00,05:15,Hirsch,0,1,1
2025.04.02,05:15,05:30,Hirsch,1,7,8
2025.04.02,05:30,05:45,Hirsch,0,5,5
2025.04.02,05:45,06:00,Hirsch,0,8,8
2025.04.02,06:00,06:15,Hirsch,0,6,6
2025.04.02,06:15,06:30,Hirsch,0,14,14
2025.04.02,06:30,06:45,Hirsch,0,11,11
2025.04.02,06:45,07:00,Hirsch,5,16,21
2025.04.02,07:00,07:15,Hirsch,2,33,35
2025.04.02,07:15,07:30,Hirsch,10,37,47
2025.04.02,07:30,07:45,Hirsch,9,60,69
2025.04.02,07:45,08:00,Hirsch,17,63,80
2025.04.02,08:00,08:15,Hirsch,10,74,84
2025.04.02,08:15,08:30,Hirsch,10,87,97
2025.04.02,08:30,08:45,Hirsch,13,64,77
2025.04.02,08:45,09:00,Hirsch,16,59,75
2025.04.02,09:00,09:15,Hirsch,8,29,37
2025.04.02,09:15,09:30,Hirsch,4,29,33
2025.04.02,09:30,09:45,Hirsch,2,21,23
2025.04.02,09:45,10:00,Hirsch,4,16,20
2025.04.02,10:00,10:15,Hirsch,2,18,20
2025.04.02,10:15,10:30,Hirsch,7,13,20
2025.04.02,10:30,10:45,Hirsch,4,8,12
2025.04.02,10:45,11:00,Hirsch,9,9,18
2025.04.02,11:00,11:15,Hirsch,2,16,18
2025.04.02,11:15,11:30,Hirsch,4,2,6
2025.04.02,11:30,11:45,Hirsch,3,7,10
2025.04.02,11:45,12:00,Hirsch,5,6,11
2025.04.02,12:00,12:15,Hirsch,7,9,16
2025.04.02,12:15,12:30,Hirsch,7,8,15
2025.04.02,12:30,12:45,Hirsch,9,5,14
2025.04.02,12:45,13:00,Hirsch,9,6,15
2025.04.02,13:00,13:15,Hirsch,11,4,15
2025.04.02,13:15,13:30,Hirsch,6,6,12
2025.04.02,13:30,13:45,Hirsch,11,8,19
2025.04.02,13:45,14:00,Hirsch,24,4,28
2025.04.02,14:00,14:15,Hirsch,19,13,32
2025.04.02,14:15,14:30,Hirsch,18,18,36
2025.04.02,14:30,14:45,Hirsch,18,9,27
2025.04.02,14:45,15:00,Hirsch,24,7,31
2025.04.02,15:00,15:15,Hirsch,18,7,25
2025.04.02,15:15,15:30,Hirsch,33,6,39
2025.04.02,15:30,15:45,Hirsch,21,6,27
2025.04.02,15:45,16:00,Hirsch,22,6,28
2025.04.02,16:00,16:15,Hirsch,17,8,25
2025.04.02,16:15,16:30,Hirsch,27,15,42
2025.04.02,16:30,16:45,Hirsch,42,12,54
2025.04.02,16:45,17:00,Hirsch,36,12,48
2025.04.02,17:00,17:15,Hirsch,34,15,49
2025.04.02,17:15,17:30,Hirsch,47,9,56
2025.04.02,17:30,17:45,Hirsch,39,17,56
2025.04.02,17:45,18:00,Hirsch,43,15,58
2025.04.02,18:00,18:15,Hirsch,44,27,71
2025.04.02,18:15,18:30,Hirsch,36,17,53
2025.04.02,18:30,18:45,Hirsch,50,15,65
2025.04.02,18:45,19:00,Hirsch,44,11,55
2025.04.02,19:00,19:15,Hirsch,22,4,26
2025.04.02,19:15,19:30,Hirsch,23,10,33
2025.04.02,19:30,19:45,Hirsch,20,2,22
2025.04.02,19:45,20:00,Hirsch,18,5,23
2025.04.02,20:00,20:15,Hirsch,10,2,12
2025.04.02,20:15,20:30,Hirsch,9,2,11
2025.04.02,20:30,20:45,Hirsch,12,6,18
2025.04.02,20:45,21:00,Hirsch,8,2,10
2025.04.02,21:00,21:15,Hirsch,14,0,14
2025.04.02,21:15,21:30,Hirsch,5,3,8
2025.04.02,21:30,21:45,Hirsch,7,1,8
2025.04.02,21:45,22:00,Hirsch,10,3,13
2025.04.02,22:00,22:15,Hirsch,13,3,16
2025.04.02,22:15,22:30,Hirsch,7,8,15
2025.04.02,22:30,22:45,Hirsch,6,4,10
2025.04.02,22:45,23:00,Hirsch,7,0,7
2025.04.02,23:00,23:15,Hirsch,4,0,4
2025.04.02,23:15,23:30,Hirsch,6,0,6
2025.04.02,23:30,23:45,Hirsch,3,0,3
2025.04.02,23:45,00:00,Hirsch,0,0,0
2025.04.03,00:00,00:15,Hirsch,1,0,1
2025.04.03,00:15,00:30,Hirsch,2,1,3
2025.04.03,00:30,00:45,Hirsch,0,0,0
2025.04.03,00:45,01:00,Hirsch,0,0,0
2025.04.03,01:00,01:15,Hirsch,1,0,1
2025.04.03,01:15,01:30,Hirsch,0,0,0
2025.04.03,01:30,01:45,Hirsch,0,1,1
2025.04.03,01:45,02:00,Hirsch,0,0,0
2025.04.03,02:00,02:15,Hirsch,0,0,0
2025.04.03,02:15,02:30,Hirsch,0,0,0
2025.04.03,02:30,02:45,Hirsch,0,0,0
2025.04.03,02:45,03:00,Hirsch,0,0,0
2025.04.03,03:00,03:15,Hirsch,1,0,1
2025.04.03,03:15,03:30,Hirsch,0,0,0
2025.04.03,03:30,03:45,Hirsch,0,0,0
2025.04.03,03:45,04:00,Hirsch,0,0,0
2025.04.03,04:00,04:15,Hirsch,0,0,0
2025.04.03,04:15,04:30,Hirsch,0,0,0
2025.04.03,04:30,04:45,Hirsch,0,1,1
2025.04.03,04:45,05:00,Hirsch,0,2,2
2025.04.03,05:00,05:15,Hirsch,0,1,1
2025.04.03,05:15,05:30,Hirsch,0,4,4
2025.04.03,05:30,05:45,Hirsch,0,4,4
2025.04.03,05:45,06:00,Hirsch,0,7,7
2025.04.03,06:00,06:15,Hirsch,1,5,6
2025.04.03,06:15,06:30,Hirsch,0,11,11
2025.04.03,06:30,06:45,Hirsch,1,14,15
2025.04.03,06:45,07:00,Hirsch,2,20,22
2025.04.03,07:00,07:15,Hirsch,6,33,39
2025.04.03,07:15,07:30,Hirsch,12,38,50
2025.04.03,07:30,07:45,Hirsch,9,53,62
2025.04.03,07:45,08:00,Hirsch,6,88,94
2025.04.03,08:00,08:15,Hirsch,14,88,102
2025.04.03,08:15,08:30,Hirsch,16,117,133
2025.04.03,08:30,08:45,Hirsch,7,82,89
2025.04.03,08:45,09:00,Hirsch,6,64,70
2025.04.03,09:00,09:15,Hirsch,11,36,47
2025.04.03,09:15,09:30,Hirsch,9,34,43
2025.04.03,09:30,09:45,Hirsch,3,26,29
2025.04.03,09:45,10:00,Hirsch,7,10,17
2025.04.03,10:00,10:15,Hirsch,2,11,13
2025.04.03,10:15,10:30,Hirsch,4,18,22
2025.04.03,10:30,10:45,Hirsch,10,14,24
2025.04.03,10:45,11:00,Hirsch,6,7,13
2025.04.03,11:00,11:15,Hirsch,11,6,17
2025.04.03,11:15,11:30,Hirsch,5,9,14
2025.04.03,11:30,11:45,Hirsch,6,13,19
2025.04.03,11:45,12:00,Hirsch,9,11,20
2025.04.03,12:00,12:15,Hirsch,9,11,20
2025.04.03,12:15,12:30,Hirsch,5,13,18
2025.04.03,12:30,12:45,Hirsch,9,12,21
2025.04.03,12:45,13:00,Hirsch,15,10,25
2025.04.03,13:00,13:15,Hirsch,13,9,22
2025.04.03,13:15,13:30,Hirsch,11,5,16
2025.04.03,13:30,13:45,Hirsch,15,10,25
2025.04.03,13:45,14:00,Hirsch,17,11,28
2025.04.03,14:00,14:15,Hirsch,11,10,21
2025.04.03,14:15,14:30,Hirsch,21,10,31
2025.04.03,14:30,14:45,Hirsch,19,13,32
2025.04.03,14:45,15:00,Hirsch,27,9,36
2025.04.03,15:00,15:15,Hirsch,12,10,22
2025.04.03,15:15,15:30,Hirsch,32,11,43
2025.04.03,15:30,15:45,Hirsch,27,14,41
2025.04.03,15:45,16:00,Hirsch,29,18,47
2025.04.03,16:00,16:15,Hirsch,20,8,28
2025.04.03,16:15,16:30,Hirsch,36,13,49
2025.04.03,16:30,16:45,Hirsch,33,16,49
2025.04.03,16:45,17:00,Hirsch,51,16,67
2025.04.03,17:00,17:15,Hirsch,33,15,48
2025.04.03,17:15,17:30,Hirsch,54,16,70
2025.04.03,17:30,17:45,Hirsch,56,17,73
2025.04.03,17:45,18:00,Hirsch,51,26,77
2025.04.03,18:00,18:15,Hirsch,51,22,73
2025.04.03,18:15,18:30,Hirsch,61,20,81
2025.04.03,18:30,18:45,Hirsch,47,14,61
2025.04.03,18:45,19:00,Hirsch,41,13,54
2025.04.03,19:00,19:15,Hirsch,26,5,31
2025.04.03,19:15,19:30,Hirsch,31,11,42
2025.04.03,19:30,19:45,Hirsch,26,11,37
2025.04.03,19:45,20:00,Hirsch,17,10,27
2025.04.03,20:00,20:15,Hirsch,16,2,18
2025.04.03,20:15,20:30,Hirsch,11,4,15
2025.04.03,20:30,20:45,Hirsch,13,3,16
2025.04.03,20:45,21:00,Hirsch,5,3,8
2025.04.03,21:00,21:15,Hirsch,9,4,13
2025.04.03,21:15,21:30,Hirsch,12,1,13
2025.04.03,21:30,21:45,Hirsch,16,6,22
2025.04.03,21:45,22:00,Hirsch,11,1,12
2025.04.03,22:00,22:15,Hirsch,12,4,16
2025.04.03,22:15,22:30,Hirsch,10,2,12
2025.04.03,22:30,22:45,Hirsch,8,3,11
2025.04.03,22:45,23:00,Hirsch,7,0,7
2025.04.03,23:00,23:15,Hirsch,6,1,7
2025.04.03,23:15,23:30,Hirsch,6,0,6
2025.04.03,23:30,23:45,Hirsch,3,0,3
2025.04.03,23:45,00:00,Hirsch,7,0,7
2025.04.04,00:00,00:15,Hirsch,0,2,2
2025.04.04,00:15,00:30,Hirsch,3,0,3
2025.04.04,00:30,00:45,Hirsch,0,0,0
2025.04.04,00:45,01:00,Hirsch,3,0,3
2025.04.04,01:00,01:15,Hirsch,0,0,0
2025.04.04,01:15,01:30,Hirsch,0,1,1
2025.04.04,01:30,01:45,Hirsch,2,1,3
2025.04.04,01:45,02:00,Hirsch,1,0,1
2025.04.04,02:00,02:15,Hirsch,0,0,0
2025.04.04,02:15,02:30,Hirsch,0,0,0
2025.04.04,02:30,02:45,Hirsch,2,0,2
2025.04.04,02:45,03:00,Hirsch,0,0,0
2025.04.04,03:00,03:15,Hirsch,0,0,0
2025.04.04,03:15,03:30,Hirsch,0,0,0
2025.04.04,03:30,03:45,Hirsch,0,0,0
2025.04.04,03:45,04:00,Hirsch,0,0,0
2025.04.04,04:00,04:15,Hirsch,0,0,0
2025.04.04,04:15,04:30,Hirsch,1,0,1
2025.04.04,04:30,04:45,Hirsch,0,0,0
2025.04.04,04:45,05:00,Hirsch,0,1,1
2025.04.04,05:00,05:15,Hirsch,0,1,1
2025.04.04,05:15,05:30,Hirsch,0,4,4
2025.04.04,05:30,05:45,Hirsch,0,3,3
2025.04.04,05:45,06:00,Hirsch,0,5,5
2025.04.04,06:00,06:15,Hirsch,0,9,9
2025.04.04,06:15,06:30,Hirsch,1,2,3
2025.04.04,06:30,06:45,Hirsch,1,8,9
2025.04.04,06:45,07:00,Hirsch,3,27,30
2025.04.04,07:00,07:15,Hirsch,2,26,28
2025.04.04,07:15,07:30,Hirsch,5,22,27
2025.04.04,07:30,07:45,Hirsch,9,51,60
2025.04.04,07:45,08:00,Hirsch,9,56,65
2025.04.04,08:00,08:15,Hirsch,6,46,52
2025.04.04,08:15,08:30,Hirsch,14,60,74
2025.04.04,08:30,08:45,Hirsch,12,54,66
2025.04.04,08:45,09:00,Hirsch,7,32,39
2025.04.04,09:00,09:15,Hirsch,6,21,27
2025.04.04,09:15,09:30,Hirsch,5,36,41
2025.04.04,09:30,09:45,Hirsch,6,29,35
2025.04.04,09:45,10:00,Hirsch,7,14,21
2025.04.04,10:00,10:15,Hirsch,6,6,12
2025.04.04,10:15,10:30,Hirsch,6,14,20
2025.04.04,10:30,10:45,Hirsch,7,14,21
2025.04.04,10:45,11:00,Hirsch,9,11,20
2025.04.04,11:00,11:15,Hirsch,4,4,8
2025.04.04,11:15,11:30,Hirsch,8,10,18
2025.04.04,11:30,11:45,Hirsch,8,11,19
2025.04.04,11:45,12:00,Hirsch,8,6,14
2025.04.04,12:00,12:15,Hirsch,12,8,20
2025.04.04,12:15,12:30,Hirsch,11,9,20
2025.04.04,12:30,12:45,Hirsch,21,10,31
2025.04.04,12:45,13:00,Hirsch,15,6,21
2025.04.04,13:00,13:15,Hirsch,16,10,26
2025.04.04,13:15,13:30,Hirsch,17,14,31
2025.04.04,13:30,13:45,Hirsch,21,14,35
2025.04.04,13:45,14:00,Hirsch,16,7,23
2025.04.04,14:00,14:15,Hirsch,28,13,41
2025.04.04,14:15,14:30,Hirsch,23,15,38
2025.04.04,14:30,14:45,Hirsch,27,12,39
2025.04.04,14:45,15:00,Hirsch,24,18,42
2025.04.04,15:00,15:15,Hirsch,26,15,41
2025.04.04,15:15,15:30,Hirsch,23,23,46
2025.04.04,15:30,15:45,Hirsch,40,15,55
2025.04.04,15:45,16:00,Hirsch,32,14,46
2025.04.04,16:00,16:15,Hirsch,38,9,47
2025.04.04,16:15,16:30,Hirsch,40,14,54
2025.04.04,16:30,16:45,Hirsch,43,16,59
2025.04.04,16:45,17:00,Hirsch,24,19,43
2025.04.04,17:00,17:15,Hirsch,20,11,31
2025.04.04,17:15,17:30,Hirsch,38,16,54
2025.04.04,17:30,17:45,Hirsch,29,13,42
2025.04.04,17:45,18:00,Hirsch,41,13,54
2025.04.04,18:00,18:15,Hirsch,21,12,33
2025.04.04,18:15,18:30,Hirsch,22,17,39
2025.04.04,18:30,18:45,Hirsch,23,13,36
2025.04.04,18:45,19:00,Hirsch,11,20,31
2025.04.04,19:00,19:15,Hirsch,18,9,27
2025.04.04,19:15,19:30,Hirsch,22,17,39
2025.04.04,19:30,19:45,Hirsch,18,19,37
2025.04.04,19:45,20:00,Hirsch,7,3,10
2025.04.04,20:00,20:15,Hirsch,13,3,16
2025.04.04,20:15,20:30,Hirsch,9,6,15
2025.04.04,20:30,20:45,Hirsch,6,7,13
2025.04.04,20:45,21:00,Hirsch,4,4,8
2025.04.04,21:00,21:15,Hirsch,1,0,1
2025.04.04,21:15,21:30,Hirsch,6,3,9
2025.04.04,21:30,21:45,Hirsch,9,4,13
2025.04.04,21:45,22:00,Hirsch,8,2,10
2025.04.04,22:00,22:15,Hirsch,10,2,12
2025.04.04,22:15,22:30,Hirsch,4,1,5
2025.04.04,22:30,22:45,Hirsch,11,2,13
2025.04.04,22:45,23:00,Hirsch,6,2,8
2025.04.04,23:00,23:15,Hirsch,2,0,2
2025.04.04,23:15,23:30,Hirsch,5,0,5
2025.04.04,23:30,23:45,Hirsch,1,1,2
2025.04.04,23:45,00:00,Hirsch,9,1,10
2025.04.05,00:00,00:15,Hirsch,7,0,7
2025.04.05,00:15,00:30,Hirsch,6,1,7
2025.04.05,00:30,00:45,Hirsch,5,2,7
2025.04.05,00:45,01:00,Hirsch,1,1,2
2025.04.05,01:00,01:15,Hirsch,1,0,1
2025.04.05,01:15,01:30,Hirsch,1,1,2
2025.04.05,01:30,01:45,Hirsch,3,0,3
2025.04.05,01:45,02:00,Hirsch,3,1,4
2025.04.05,02:00,02:15,Hirsch,3,0,3
2025.04.05,02:15,02:30,Hirsch,1,0,1
2025.04.05,02:30,02:45,Hirsch,0,0,0
2025.04.05,02:45,03:00,Hirsch,0,0,0
2025.04.05,03:00,03:15,Hirsch,0,0,0
2025.04.05,03:15,03:30,Hirsch,0,0,0
2025.04.05,03:30,03:45,Hirsch,0,0,0
2025.04.05,03:45,04:00,Hirsch,0,0,0
2025.04.05,04:00,04:15,Hirsch,0,0,0
2025.04.05,04:15,04:30,Hirsch,0,1,1
2025.04.05,04:30,04:45,Hirsch,0,1,1
2025.04.05,04:45,05:00,Hirsch,0,0,0
2025.04.05,05:00,05:15,Hirsch,0,0,0
2025.04.05,05:15,05:30,Hirsch,0,0,0
2025.04.05,05:30,05:45,Hirsch,0,0,0
2025.04.05,05:45,06:00,Hirsch,0,0,0
2025.04.05,06:00,06:15,Hirsch,0,0,0
2025.04.05,06:15,06:30,Hirsch,0,1,1
2025.04.05,06:30,06:45,Hirsch,0,0,0
2025.04.05,06:45,07:00,Hirsch,4,1,5
2025.04.05,07:00,07:15,Hirsch,0,1,1
2025.04.05,07:15,07:30,Hirsch,1,1,2
2025.04.05,07:30,07:45,Hirsch,0,6,6
2025.04.05,07:45,08:00,Hirsch,0,0,0
2025.04.05,08:00,08:15,Hirsch,2,6,8
2025.04.05,08:15,08:30,Hirsch,4,13,17
2025.04.05,08:30,08:45,Hirsch,5,9,14
2025.04.05,08:45,09:00,Hirsch,2,2,4
2025.04.05,09:00,09:15,Hirsch,4,7,11
2025.04.05,09:15,09:30,Hirsch,5,6,11
2025.04.05,09:30,09:45,Hirsch,5,15,20
2025.04.05,09:45,10:00,Hirsch,4,10,14
2025.04.05,10:00,10:15,Hirsch,5,12,17
2025.04.05,10:15,10:30,Hirsch,6,6,12
2025.04.05,10:30,10:45,Hirsch,4,11,15
2025.04.05,10:45,11:00,Hirsch,11,10,21
2025.04.05,11:00,11:15,Hirsch,10,8,18
2025.04.05,11:15,11:30,Hirsch,13,11,24
2025.04.05,11:30,11:45,Hirsch,5,15,20
2025.04.05,11:45,12:00,Hirsch,27,18,45
2025.04.05,12:00,12:15,Hirsch,9,30,39
2025.04.05,12:15,12:30,Hirsch,13,15,28
2025.04.05,12:30,12:45,Hirsch,13,18,31
2025.04.05,12:45,13:00,Hirsch,10,12,22
2025.04.05,13:00,13:15,Hirsch,31,12,43
2025.04.05,13:15,13:30,Hirsch,21,9,30
2025.04.05,13:30,13:45,Hirsch,21,13,34
2025.04.05,13:45,14:00,Hirsch,27,16,43
2025.04.05,14:00,14:15,Hirsch,18,10,28
2025.04.05,14:15,14:30,Hirsch,22,28,50
2025.04.05,14:30,14:45,Hirsch,20,21,41
2025.04.05,14:45,15:00,Hirsch,21,14,35
2025.04.05,15:00,15:15,Hirsch,10,14,24
2025.04.05,15:15,15:30,Hirsch,21,18,39
2025.04.05,15:30,15:45,Hirsch,29,9,38
2025.04.05,15:45,16:00,Hirsch,18,10,28
2025.04.05,16:00,16:15,Hirsch,18,17,35
2025.04.05,16:15,16:30,Hirsch,24,18,42
2025.04.05,16:30,16:45,Hirsch,18,24,42
2025.04.05,16:45,17:00,Hirsch,17,16,33
2025.04.05,17:00,17:15,Hirsch,17,13,30
2025.04.05,17:15,17:30,Hirsch,14,15,29
2025.04.05,17:30,17:45,Hirsch,16,19,35
2025.04.05,17:45,18:00,Hirsch,22,11,33
2025.04.05,18:00,18:15,Hirsch,15,12,27
2025.04.05,18:15,18:30,Hirsch,6,12,18
2025.04.05,18:30,18:45,Hirsch,10,18,28
2025.04.05,18:45,19:00,Hirsch,11,17,28
2025.04.05,19:00,19:15,Hirsch,13,12,25
2025.04.05,19:15,19:30,Hirsch,4,4,8
2025.04.05,19:30,19:45,Hirsch,14,9,23
2025.04.05,19:45,20:00,Hirsch,4,8,12
2025.04.05,20:00,20:15,Hirsch,8,16,24
2025.04.05,20:15,20:30,Hirsch,7,3,10
2025.04.05,20:30,20:45,Hirsch,6,3,9
2025.04.05,20:45,21:00,Hirsch,3,2,5
2025.04.05,21:00,21:15,Hirsch,3,0,3
2025.04.05,21:15,21:30,Hirsch,2,2,4
2025.04.05,21:30,21:45,Hirsch,3,1,4
2025.04.05,21:45,22:00,Hirsch,8,1,9
2025.04.05,22:00,22:15,Hirsch,4,1,5
2025.04.05,22:15,22:30,Hirsch,5,1,6
2025.04.05,22:30,22:45,Hirsch,8,0,8
2025.04.05,22:45,23:00,Hirsch,5,0,5
2025.04.05,23:00,23:15,Hirsch,8,0,8
2025.04.05,23:15,23:30,Hirsch,3,4,7
2025.04.05,23:30,23:45,Hirsch,1,1,2
2025.04.05,23:45,00:00,Hirsch,2,1,3
2025.04.06,00:00,00:15,Hirsch,1,0,1
2025.04.06,00:15,00:30,Hirsch,2,2,4
2025.04.06,00:30,00:45,Hirsch,3,0,3
2025.04.06,00:45,01:00,Hirsch,3,0,3
2025.04.06,01:00,01:15,Hirsch,3,2,5
2025.04.06,01:15,01:30,Hirsch,1,0,1
2025.04.06,01:30,01:45,Hirsch,3,1,4
2025.04.06,01:45,02:00,Hirsch,0,2,2
2025.04.06,02:00,02:15,Hirsch,1,0,1
2025.04.06,02:15,02:30,Hirsch,1,0,1
2025.04.06,02:30,02:45,Hirsch,0,0,0
2025.04.06,02:45,03:00,Hirsch,0,0,0
2025.04.06,03:00,03:15,Hirsch,1,0,1
2025.04.06,03:15,03:30,Hirsch,0,0,0
2025.04.06,03:30,03:45,Hirsch,0,0,0
2025.04.06,03:45,04:00,Hirsch,0,1,1
2025.04.06,04:00,04:15,Hirsch,0,0,0
2025.04.06,04:15,04:30,Hirsch,0,0,0
2025.04.06,04:30,04:45,Hirsch,0,0,0
2025.04.06,04:45,05:00,Hirsch,0,0,0
2025.04.06,05:00,05:15,Hirsch,1,0,1
2025.04.06,05:15,05:30,Hirsch,0,0,0
2025.04.06,05:30,05:45,Hirsch,1,3,4
2025.04.06,05:45,06:00,Hirsch,1,0,1
2025.04.06,06:00,06:15,Hirsch,0,0,0
2025.04.06,06:15,06:30,Hirsch,0,0,0
2025.04.06,06:30,06:45,Hirsch,0,0,0
2025.04.06,06:45,07:00,Hirsch,1,0,1
2025.04.06,07:00,07:15,Hirsch,2,0,2
2025.04.06,07:15,07:30,Hirsch,1,0,1
2025.04.06,07:30,07:45,Hirsch,1,0,1
2025.04.06,07:45,08:00,Hirsch,0,2,2
2025.04.06,08:00,08:15,Hirsch,0,0,0
2025.04.06,08:15,08:30,Hirsch,0,6,6
2025.04.06,08:30,08:45,Hirsch,1,2,3
2025.04.06,08:45,09:00,Hirsch,3,3,6
2025.04.06,09:00,09:15,Hirsch,0,3,3
2025.04.06,09:15,09:30,Hirsch,0,8,8
2025.04.06,09:30,09:45,Hirsch,0,9,9
2025.04.06,09:45,10:00,Hirsch,1,3,4
2025.04.06,10:00,10:15,Hirsch,6,4,10
2025.04.06,10:15,10:30,Hirsch,2,7,9
2025.04.06,10:30,10:45,Hirsch,4,2,6
2025.04.06,10:45,11:00,Hirsch,10,7,17
2025.04.06,11:00,11:15,Hirsch,7,1,8
2025.04.06,11:15,11:30,Hirsch,4,5,9
2025.04.06,11:30,11:45,Hirsch,7,6,13
2025.04.06,11:45,12:00,Hirsch,8,8,16
2025.04.06,12:00,12:15,Hirsch,7,4,11
2025.04.06,12:15,12:30,Hirsch,14,7,21
2025.04.06,12:30,12:45,Hirsch,5,5,10
2025.04.06,12:45,13:00,Hirsch,5,12,17
2025.04.06,13:00,13:15,Hirsch,27,4,31
2025.04.06,13:15,13:30,Hirsch,14,11,25
2025.04.06,13:30,13:45,Hirsch,9,16,25
2025.04.06,13:45,14:00,Hirsch,15,17,32
2025.04.06,14:00,14:15,Hirsch,6,10,16
2025.04.06,14:15,14:30,Hirsch,4,13,17
2025.04.06,14:30,14:45,Hirsch,13,7,20
2025.04.06,14:45,15:00,Hirsch,9,15,24
2025.04.06,15:00,15:15,Hirsch,15,15,30
2025.04.06,15:15,15:30,Hirsch,18,5,23
2025.04.06,15:30,15:45,Hirsch,12,12,24
2025.04.06,15:45,16:00,Hirsch,4,8,12
2025.04.06,16:00,16:15,Hirsch,10,6,16
2025.04.06,16:15,16:30,Hirsch,4,7,11
2025.04.06,16:30,16:45,Hirsch,14,9,23
2025.04.06,16:45,17:00,Hirsch,11,17,28
2025.04.06,17:00,17:15,Hirsch,10,19,29
2025.04.06,17:15,17:30,Hirsch,9,16,25
2025.04.06,17:30,17:45,Hirsch,6,6,12
2025.04.06,17:45,18:00,Hirsch,3,10,13
2025.04.06,18:00,18:15,Hirsch,20,10,30
2025.04.06,18:15,18:30,Hirsch,12,4,16
2025.04.06,18:30,18:45,Hirsch,8,5,13
2025.04.06,18:45,19:00,Hirsch,6,9,15
2025.04.06,19:00,19:15,Hirsch,4,12,16
2025.04.06,19:15,19:30,Hirsch,3,3,6
2025.04.06,19:30,19:45,Hirsch,3,6,9
2025.04.06,19:45,20:00,Hirsch,4,3,7
2025.04.06,20:00,20:15,Hirsch,4,1,5
2025.04.06,20:15,20:30,Hirsch,3,1,4
2025.04.06,20:30,20:45,Hirsch,5,1,6
2025.04.06,20:45,21:00,Hirsch,4,5,9
2025.04.06,21:00,21:15,Hirsch,0,4,4
2025.04.06,21:15,21:30,Hirsch,2,3,5
2025.04.06,21:30,21:45,Hirsch,3,1,4
2025.04.06,21:45,22:00,Hirsch,4,3,7
2025.04.06,22:00,22:15,Hirsch,2,1,3
2025.04.06,22:15,22:30,Hirsch,0,0,0
2025.04.06,22:30,22:45,Hirsch,4,0,4
2025.04.06,22:45,23:00,Hirsch,4,0,4
2025.04.06,23:00,23:15,Hirsch,0,1,1
2025.04.06,23:15,23:30,Hirsch,1,0,1
2025.04.06,23:30,23:45,Hirsch,1,1,2
2025.04.06,23:45,00:00,Hirsch,0,0,0
2025.04.07,00:00,00:15,Hirsch,2,1,3
2025.04.07,00:15,00:30,Hirsch,1,0,1
2025.04.07,00:30,00:45,Hirsch,1,0,1
2025.04.07,00:45,01:00,Hirsch,0,0,0
2025.04.07,01:00,01:15,Hirsch,1,0,1
2025.04.07,01:15,01:30,Hirsch,0,0,0
2025.04.07,01:30,01:45,Hirsch,0,0,0
2025.04.07,01:45,02:00,Hirsch,0,0,0
2025.04.07,02:00,02:15,Hirsch,0,0,0
2025.04.07,02:15,02:30,Hirsch,0,0,0
2025.04.07,02:30,02:45,Hirsch,0,0,0
2025.04.07,02:45,03:00,Hirsch,0,0,0
2025.04.07,03:00,03:15,Hirsch,0,0,0
2025.04.07,03:15,03:30,Hirsch,0,0,0
2025.04.07,03:30,03:45,Hirsch,0,0,0
2025.04.07,03:45,04:00,Hirsch,0,0,0
2025.04.07,04:00,04:15,Hirsch,1,0,1
2025.04.07,04:15,04:30,Hirsch,0,0,0
2025.04.07,04:30,04:45,Hirsch,0,0,0
2025.04.07,04:45,05:00,Hirsch,0,0,0
2025.04.07,05:00,05:15,Hirsch,0,3,3
2025.04.07,05:15,05:30,Hirsch,0,2,2
2025.04.07,05:30,05:45,Hirsch,0,3,3
2025.04.07,05:45,06:00,Hirsch,0,11,11
2025.04.07,06:00,06:15,Hirsch,0,7,7
2025.04.07,06:15,06:30,Hirsch,0,10,10
2025.04.07,06:30,06:45,Hirsch,0,11,11
2025.04.07,06:45,07:00,Hirsch,4,14,18
2025.04.07,07:00,07:15,Hirsch,2,25,27
2025.04.07,07:15,07:30,Hirsch,9,29,38
2025.04.07,07:30,07:45,Hirsch,11,51,62
2025.04.07,07:45,08:00,Hirsch,8,62,70
2025.04.07,08:00,08:15,Hirsch,8,75,83
2025.04.07,08:15,08:30,Hirsch,9,83,92
2025.04.07,08:30,08:45,Hirsch,15,74,89
2025.04.07,08:45,09:00,Hirsch,7,49,56
2025.04.07,09:00,09:15,Hirsch,5,40,45
2025.04.07,09:15,09:30,Hirsch,5,27,32
2025.04.07,09:30,09:45,Hirsch,5,27,32
2025.04.07,09:45,10:00,Hirsch,3,14,17
2025.04.07,10:00,10:15,Hirsch,4,18,22
2025.04.07,10:15,10:30,Hirsch,6,7,13
2025.04.07,10:30,10:45,Hirsch,9,11,20
2025.04.07,10:45,11:00,Hirsch,3,6,9
2025.04.07,11:00,11:15,Hirsch,4,9,13
2025.04.07,11:15,11:30,Hirsch,4,2,6
2025.04.07,11:30,11:45,Hirsch,3,7,10
2025.04.07,11:45,12:00,Hirsch,8,3,11
2025.04.07,12:00,12:15,Hirsch,9,4,13
2025.04.07,12:15,12:30,Hirsch,6,6,12
2025.04.07,12:30,12:45,Hirsch,5,3,8
2025.04.07,12:45,13:00,Hirsch,9,7,16
2025.04.07,13:00,13:15,Hirsch,7,8,15
2025.04.07,13:15,13:30,Hirsch,6,12,18
2025.04.07,13:30,13:45,Hirsch,13,7,20
2025.04.07,13:45,14:00,Hirsch,8,10,18
2025.04.07,14:00,14:15,Hirsch,6,8,14
2025.04.07,14:15,14:30,Hirsch,13,5,18
2025.04.07,14:30,14:45,Hirsch,18,6,24
2025.04.07,14:45,15:00,Hirsch,16,5,21
2025.04.07,15:00,15:15,Hirsch,15,7,22
2025.04.07,15:15,15:30,Hirsch,26,7,33
2025.04.07,15:30,15:45,Hirsch,22,14,36
2025.04.07,15:45,16:00,Hirsch,15,9,24
2025.04.07,16:00,16:15,Hirsch,30,7,37
2025.04.07,16:15,16:30,Hirsch,20,13,33
2025.04.07,16:30,16:45,Hirsch,32,13,45
2025.04.07,16:45,17:00,Hirsch,29,10,39
2025.04.07,17:00,17:15,Hirsch,45,8,53
2025.04.07,17:15,17:30,Hirsch,33,12,45
2025.04.07,17:30,17:45,Hirsch,50,15,65
2025.04.07,17:45,18:00,Hirsch,48,13,61
2025.04.07,18:00,18:15,Hirsch,47,18,65
2025.04.07,18:15,18:30,Hirsch,44,14,58
2025.04.07,18:30,18:45,Hirsch,41,19,60
2025.04.07,18:45,19:00,Hirsch,41,16,57
2025.04.07,19:00,19:15,Hirsch,33,7,40
2025.04.07,19:15,19:30,Hirsch,23,7,30
2025.04.07,19:30,19:45,Hirsch,25,6,31
2025.04.07,19:45,20:00,Hirsch,16,0,16
2025.04.07,20:00,20:15,Hirsch,7,2,9
2025.04.07,20:15,20:30,Hirsch,12,5,17
2025.04.07,20:30,20:45,Hirsch,10,2,12
2025.04.07,20:45,21:00,Hirsch,4,2,6
2025.04.07,21:00,21:15,Hirsch,7,2,9
2025.04.07,21:15,21:30,Hirsch,6,2,8
2025.04.07,21:30,21:45,Hirsch,6,3,9
2025.04.07,21:45,22:00,Hirsch,8,4,12
2025.04.07,22:00,22:15,Hirsch,8,2,10
2025.04.07,22:15,22:30,Hirsch,5,1,6
2025.04.07,22:30,22:45,Hirsch,2,0,2
2025.04.07,22:45,23:00,Hirsch,2,0,2
2025.04.07,23:00,23:15,Hirsch,5,0,5
2025.04.07,23:15,23:30,Hirsch,2,1,3
2025.04.07,23:30,23:45,Hirsch,3,1,4
2025.04.07,23:45,00:00,Hirsch,3,0,3
2025.04.08,00:00,00:15,Hirsch,2,0,2
2025.04.08,00:15,00:30,Hirsch,2,1,3
2025.04.08,00:30,00:45,Hirsch,0,1,1
2025.04.08,00:45,01:00,Hirsch,0,0,0
2025.04.08,01:00,01:15,Hirsch,0,0,0
2025.04.08,01:15,01:30,Hirsch,0,1,1
2025.04.08,01:30,01:45,Hirsch,1,0,1
2025.04.08,01:45,02:00,Hirsch,0,0,0
2025.04.08,02:00,02:15,Hirsch,0,0,0
2025.04.08,02:15,02:30,Hirsch,0,0,0
2025.04.08,02:30,02:45,Hirsch,0,0,0
2025.04.08,02:45,03:00,Hirsch,1,0,1
2025.04.08,03:00,03:15,Hirsch,0,0,0
2025.04.08,03:15,03:30,Hirsch,0,0,0
2025.04.08,03:30,03:45,Hirsch,0,0,0
2025.04.08,03:45,04:00,Hirsch,0,0,0
2025.04.08,04:00,04:15,Hirsch,0,0,0
2025.04.08,04:15,04:30,Hirsch,0,1,1
2025.04.08,04:30,04:45,Hirsch,0,1,1
2025.04.08,04:45,05:00,Hirsch,0,0,0
2025.04.08,05:00,05:15,Hirsch,1,1,2
2025.04.08,05:15,05:30,Hirsch,0,2,2
2025.04.08,05:30,05:45,Hirsch,1,8,9
2025.04.08,05:45,06:00,Hirsch,0,5,5
2025.04.08,06:00,06:15,Hirsch,2,7,9
2025.04.08,06:15,06:30,Hirsch,1,14,15
2025.04.08,06:30,06:45,Hirsch,1,16,17
2025.04.08,06:45,07:00,Hirsch,8,17,25
2025.04.08,07:00,07:15,Hirsch,2,38,40
2025.04.08,07:15,07:30,Hirsch,8,38,46
2025.04.08,07:30,07:45,Hirsch,5,51,56
2025.04.08,07:45,08:00,Hirsch,18,73,91
2025.04.08,08:00,08:15,Hirsch,10,97,107
2025.04.08,08:15,08:30,Hirsch,9,82,91
2025.04.08,08:30,08:45,Hirsch,14,86,100
2025.04.08,08:45,09:00,Hirsch,4,49,53
2025.04.08,09:00,09:15,Hirsch,10,40,50
2025.04.08,09:15,09:30,Hirsch,6,38,44
2025.04.08,09:30,09:45,Hirsch,6,31,37
2025.04.08,09:45,10:00,Hirsch,5,19,24
2025.04.08,10:00,10:15,Hirsch,4,15,19
2025.04.08,10:15,10:30,Hirsch,5,10,15
2025.04.08,10:30,10:45,Hirsch,4,11,15
2025.04.08,10:45,11:00,Hirsch,5,6,11
2025.04.08,11:00,11:15,Hirsch,5,9,14
2025.04.08,11:15,11:30,Hirsch,11,7,18
2025.04.08,11:30,11:45,Hirsch,9,5,14
2025.04.08,11:45,12:00,Hirsch,7,10,17
2025.04.08,12:00,12:15,Hirsch,6,14,20
2025.04.08,12:15,12:30,Hirsch,3,6,9
2025.04.08,12:30,12:45,Hirsch,8,12,20
2025.04.08,12:45,13:00,Hirsch,8,8,16
2025.04.08,13:00,13:15,Hirsch,5,9,14
2025.04.08,13:15,13:30,Hirsch,8,14,22
2025.04.08,13:30,13:45,Hirsch,19,7,26
2025.04.08,13:45,14:00,Hirsch,14,9,23
2025.04.08,14:00,14:15,Hirsch,5,7,12
2025.04.08,14:15,14:30,Hirsch,15,5,20
2025.04.08,14:30,14:45,Hirsch,19,8,27
2025.04.08,14:45,15:00,Hirsch,21,5,26
2025.04.08,15:00,15:15,Hirsch,27,9,36
2025.04.08,15:15,15:30,Hirsch,32,8,40
2025.04.08,15:30,15:45,Hirsch,23,10,33
2025.04.08,15:45,16:00,Hirsch,15,11,26
2025.04.08,16:00,16:15,Hirsch,22,11,33
2025.04.08,16:15,16:30,Hirsch,40,14,54
2025.04.08,16:30,16:45,Hirsch,52,20,72
2025.04.08,16:45,17:00,Hirsch,60,9,69
2025.04.08,17:00,17:15,Hirsch,43,13,56
2025.04.08,17:15,17:30,Hirsch,45,9,54
2025.04.08,17:30,17:45,Hirsch,46,14,60
2025.04.08,17:45,18:00,Hirsch,52,15,67
2025.04.08,18:00,18:15,Hirsch,52,12,64
2025.04.08,18:15,18:30,Hirsch,49,15,64
2025.04.08,18:30,18:45,Hirsch,50,13,63
2025.04.08,18:45,19:00,Hirsch,33,17,50
2025.04.08,19:00,19:15,Hirsch,27,15,42
2025.04.08,19:15,19:30,Hirsch,26,6,32
2025.04.08,19:30,19:45,Hirsch,20,9,29
2025.04.08,19:45,20:00,Hirsch,11,8,19
2025.04.08,20:00,20:15,Hirsch,18,5,23
2025.04.08,20:15,20:30,Hirsch,12,7,19
2025.04.08,20:30,20:45,Hirsch,8,7,15
2025.04.08,20:45,21:00,Hirsch,14,5,19
2025.04.08,21:00,21:15,Hirsch,6,6,12
2025.04.08,21:15,21:30,Hirsch,11,2,13
2025.04.08,21:30,21:45,Hirsch,10,2,12
2025.04.08,21:45,22:00,Hirsch,9,1,10
2025.04.08,22:00,22:15,Hirsch,6,1,7
2025.04.08,22:15,22:30,Hirsch,8,2,10
2025.04.08,22:30,22:45,Hirsch,6,1,7
2025.04.08,22:45,23:00,Hirsch,4,0,4
2025.04.08,23:00,23:15,Hirsch,10,3,13
2025.04.08,23:15,23:30,Hirsch,4,1,5
2025.04.08,23:30,23:45,Hirsch,4,1,5
2025.04.08,23:45,00:00,Hirsch,3,0,3
2025.04.09,00:00,00:15,Hirsch,3,0,3
2025.04.09,00:15,00:30,Hirsch,0,0,0
2025.04.09,00:30,00:45,Hirsch,0,0,0
2025.04.09,00:45,01:00,Hirsch,0,0,0
2025.04.09,01:00,01:15,Hirsch,1,0,1
2025.04.09,01:15,01:30,Hirsch,0,0,0
2025.04.09,01:30,01:45,Hirsch,2,0,2
2025.04.09,01:45,02:00,Hirsch,2,0,2
2025.04.09,02:00,02:15,Hirsch,0,0,0
2025.04.09,02:15,02:30,Hirsch,1,0,1
2025.04.09,02:30,02:45,Hirsch,0,0,0
2025.04.09,02:45,03:00,Hirsch,1,1,2
2025.04.09,03:00,03:15,Hirsch,1,0,1
2025.04.09,03:15,03:30,Hirsch,0,0,0
2025.04.09,03:30,03:45,Hirsch,0,0,0
2025.04.09,03:45,04:00,Hirsch,0,0,0
2025.04.09,04:00,04:15,Hirsch,0,0,0
2025.04.09,04:15,04:30,Hirsch,1,0,1
2025.04.09,04:30,04:45,Hirsch,0,0,0
2025.04.09,04:45,05:00,Hirsch,0,0,0
2025.04.09,05:00,05:15,Hirsch,1,2,3
2025.04.09,05:15,05:30,Hirsch,1,3,4
2025.04.09,05:30,05:45,Hirsch,1,5,6
2025.04.09,05:45,06:00,Hirsch,2,3,5
2025.04.09,06:00,06:15,Hirsch,2,7,9
2025.04.09,06:15,06:30,Hirsch,2,8,10
2025.04.09,06:30,06:45,Hirsch,1,15,16
2025.04.09,06:45,07:00,Hirsch,6,20,26
2025.04.09,07:00,07:15,Hirsch,2,30,32
2025.04.09,07:15,07:30,Hirsch,11,31,42
2025.04.09,07:30,07:45,Hirsch,4,48,52
2025.04.09,07:45,08:00,Hirsch,13,83,96
2025.04.09,08:00,08:15,Hirsch,12,95,107
2025.04.09,08:15,08:30,Hirsch,9,81,90
2025.04.09,08:30,08:45,Hirsch,15,80,95
2025.04.09,08:45,09:00,Hirsch,9,60,69
2025.04.09,09:00,09:15,Hirsch,4,41,45
2025.04.09,09:15,09:30,Hirsch,6,39,45
2025.04.09,09:30,09:45,Hirsch,7,25,32
2025.04.09,09:45,10:00,Hirsch,7,18,25
2025.04.09,10:00,10:15,Hirsch,9,7,16
2025.04.09,10:15,10:30,Hirsch,10,13,23
2025.04.09,10:30,10:45,Hirsch,7,17,24
2025.04.09,10:45,11:00,Hirsch,4,8,12
2025.04.09,11:00,11:15,Hirsch,4,13,17
2025.04.09,11:15,11:30,Hirsch,3,10,13
2025.04.09,11:30,11:45,Hirsch,9,9,18
2025.04.09,11:45,12:00,Hirsch,10,8,18
2025.04.09,12:00,12:15,Hirsch,6,11,17
2025.04.09,12:15,12:30,Hirsch,14,7,21
2025.04.09,12:30,12:45,Hirsch,9,5,14
2025.04.09,12:45,13:00,Hirsch,6,9,15
2025.04.09,13:00,13:15,Hirsch,12,6,18
2025.04.09,13:15,13:30,Hirsch,9,8,17
2025.04.09,13:30,13:45,Hirsch,19,9,28
2025.04.09,13:45,14:00,Hirsch,16,9,25
2025.04.09,14:00,14:15,Hirsch,20,6,26
2025.04.09,14:15,14:30,Hirsch,14,10,24
2025.04.09,14:30,14:45,Hirsch,19,8,27
2025.04.09,14:45,15:00,Hirsch,20,8,28
2025.04.09,15:00,15:15,Hirsch,15,6,21
2025.04.09,15:15,15:30,Hirsch,22,10,32
2025.04.09,15:30,15:45,Hirsch,28,15,43
2025.04.09,15:45,16:00,Hirsch,27,11,38
2025.04.09,16:00,16:15,Hirsch,16,3,19
2025.04.09,16:15,16:30,Hirsch,28,6,34
2025.04.09,16:30,16:45,Hirsch,34,11,45
2025.04.09,16:45,17:00,Hirsch,43,14,57
2025.04.09,17:00,17:15,Hirsch,40,9,49
2025.04.09,17:15,17:30,Hirsch,50,21,71
2025.04.09,17:30,17:45,Hirsch,49,17,66
2025.04.09,17:45,18:00,Hirsch,47,11,58
2025.04.09,18:00,18:15,Hirsch,30,19,49
2025.04.09,18:15,18:30,Hirsch,54,16,70
2025.04.09,18:30,18:45,Hirsch,46,18,64
2025.04.09,18:45,19:00,Hirsch,35,12,47
2025.04.09,19:00,19:15,Hirsch,27,18,45
2025.04.09,19:15,19:30,Hirsch,25,11,36
2025.04.09,19:30,19:45,Hirsch,23,12,35
2025.04.09,19:45,20:00,Hirsch,32,2,34
2025.04.09,20:00,20:15,Hirsch,14,3,17
2025.04.09,20:15,20:30,Hirsch,23,3,26
2025.04.09,20:30,20:45,Hirsch,14,2,16
2025.04.09,20:45,21:00,Hirsch,9,4,13
2025.04.09,21:00,21:15,Hirsch,9,6,15
2025.04.09,21:15,21:30,Hirsch,8,2,10
2025.04.09,21:30,21:45,Hirsch,9,0,9
2025.04.09,21:45,22:00,Hirsch,9,2,11
2025.04.09,22:00,22:15,Hirsch,4,5,9
2025.04.09,22:15,22:30,Hirsch,7,6,13
2025.04.09,22:30,22:45,Hirsch,10,2,12
2025.04.09,22:45,23:00,Hirsch,9,1,10
2025.04.09,23:00,23:15,Hirsch,2,4,6
2025.04.09,23:15,23:30,Hirsch,5,1,6
2025.04.09,23:30,23:45,Hirsch,4,0,4
2025.04.09,23:45,00:00,Hirsch,1,1,2
2025.04.10,00:00,00:15,Hirsch,4,1,5
2025.04.10,00:15,00:30,Hirsch,0,0,0
2025.04.10,00:30,00:45,Hirsch,1,0,1
2025.04.10,00:45,01:00,Hirsch,1,0,1
2025.04.10,01:00,01:15,Hirsch,0,0,0
2025.04.10,01:15,01:30,Hirsch,0,0,0
2025.04.10,01:30,01:45,Hirsch,0,0,0
2025.04.10,01:45,02:00,Hirsch,0,0,0
2025.04.10,02:00,02:15,Hirsch,0,0,0
2025.04.10,02:15,02:30,Hirsch,0,0,0
2025.04.10,02:30,02:45,Hirsch,1,0,1
2025.04.10,02:45,03:00,Hirsch,0,0,0
2025.04.10,03:00,03:15,Hirsch,0,0,0
2025.04.10,03:15,03:30,Hirsch,0,0,0
2025.04.10,03:30,03:45,Hirsch,0,0,0
2025.04.10,03:45,04:00,Hirsch,0,0,0
2025.04.10,04:00,04:15,Hirsch,0,0,0
2025.04.10,04:15,04:30,Hirsch,0,0,0
2025.04.10,04:30,04:45,Hirsch,0,0,0
2025.04.10,04:45,05:00,Hirsch,0,0,0
2025.04.10,05:00,05:15,Hirsch,0,2,2
2025.04.10,05:15,05:30,Hirsch,1,2,3
2025.04.10,05:30,05:45,Hirsch,3,7,10
2025.04.10,05:45,06:00,Hirsch,0,6,6
2025.04.10,06:00,06:15,Hirsch,1,5,6
2025.04.10,06:15,06:30,Hirsch,0,7,7
2025.04.10,06:30,06:45,Hirsch,1,13,14
2025.04.10,06:45,07:00,Hirsch,3,27,30
2025.04.10,07:00,07:15,Hirsch,5,29,34
2025.04.10,07:15,07:30,Hirsch,9,54,63
2025.04.10,07:30,07:45,Hirsch,4,57,61
2025.04.10,07:45,08:00,Hirsch,10,64,74
2025.04.10,08:00,08:15,Hirsch,8,75,83
2025.04.10,08:15,08:30,Hirsch,12,90,102
2025.04.10,08:30,08:45,Hirsch,7,74,81
2025.04.10,08:45,09:00,Hirsch,10,52,62
2025.04.10,09:00,09:15,Hirsch,10,36,46
2025.04.10,09:15,09:30,Hirsch,5,39,44
2025.04.10,09:30,09:45,Hirsch,8,20,28
2025.04.10,09:45,10:00,Hirsch,1,19,20
2025.04.10,10:00,10:15,Hirsch,4,13,17
2025.04.10,10:15,10:30,Hirsch,6,6,12
2025.04.10,10:30,10:45,Hirsch,5,18,23
2025.04.10,10:45,11:00,Hirsch,4,13,17
2025.04.10,11:00,11:15,Hirsch,4,14,18
2025.04.10,11:15,11:30,Hirsch,6,5,11
2025.04.10,11:30,11:45,Hirsch,4,9,13
2025.04.10,11:45,12:00,Hirsch,10,6,16
2025.04.10,12:00,12:15,Hirsch,8,5,13
2025.04.10,12:15,12:30,Hirsch,4,8,12
2025.04.10,12:30,12:45,Hirsch,11,4,15
2025.04.10,12:45,13:00,Hirsch,13,10,23
2025.04.10,13:00,13:15,Hirsch,10,8,18
2025.04.10,13:15,13:30,Hirsch,12,10,22
2025.04.10,13:30,13:45,Hirsch,20,17,37
2025.04.10,13:45,14:00,Hirsch,13,8,21
2025.04.10,14:00,14:15,Hirsch,14,13,27
2025.04.10,14:15,14:30,Hirsch,25,11,36
2025.04.10,14:30,14:45,Hirsch,23,11,34
2025.04.10,14:45,15:00,Hirsch,19,9,28
2025.04.10,15:00,15:15,Hirsch,23,10,33
2025.04.10,15:15,15:30,Hirsch,26,5,31
2025.04.10,15:30,15:45,Hirsch,25,7,32
2025.04.10,15:45,16:00,Hirsch,23,9,32
2025.04.10,16:00,16:15,Hirsch,32,15,47
2025.04.10,16:15,16:30,Hirsch,36,15,51
2025.04.10,16:30,16:45,Hirsch,28,13,41
2025.04.10,16:45,17:00,Hirsch,39,9,48
2025.04.10,17:00,17:15,Hirsch,47,13,60
2025.04.10,17:15,17:30,Hirsch,53,12,65
2025.04.10,17:30,17:45,Hirsch,47,21,68
2025.04.10,17:45,18:00,Hirsch,50,11,61
2025.04.10,18:00,18:15,Hirsch,55,18,73
2025.04.10,18:15,18:30,Hirsch,44,9,53
2025.04.10,18:30,18:45,Hirsch,47,17,64
2025.04.10,18:45,19:00,Hirsch,34,11,45
2025.04.10,19:00,19:15,Hirsch,30,11,41
2025.04.10,19:15,19:30,Hirsch,22,14,36
2025.04.10,19:30,19:45,Hirsch,21,14,35
2025.04.10,19:45,20:00,Hirsch,26,14,40
2025.04.10,20:00,20:15,Hirsch,11,2,13
2025.04.10,20:15,20:30,Hirsch,6,5,11
2025.04.10,20:30,20:45,Hirsch,9,3,12
2025.04.10,20:45,21:00,Hirsch,15,2,17
2025.04.10,21:00,21:15,Hirsch,11,0,11
2025.04.10,21:15,21:30,Hirsch,15,4,19
2025.04.10,21:30,21:45,Hirsch,10,4,14
2025.04.10,21:45,22:00,Hirsch,16,0,16
2025.04.10,22:00,22:15,Hirsch,7,5,12
2025.04.10,22:15,22:30,Hirsch,5,1,6
2025.04.10,22:30,22:45,Hirsch,8,1,9
2025.04.10,22:45,23:00,Hirsch,4,5,9
2025.04.10,23:00,23:15,Hirsch,10,2,12
2025.04.10,23:15,23:30,Hirsch,6,2,8
2025.04.10,23:30,23:45,Hirsch,6,3,9
2025.04.10,23:45,00:00,Hirsch,0,0,0
2025.04.11,00:00,00:15,Hirsch,2,0,2
2025.04.11,00:15,00:30,Hirsch,6,0,6
2025.04.11,00:30,00:45,Hirsch,1,0,1
2025.04.11,00:45,01:00,Hirsch,2,1,3
2025.04.11,01:00,01:15,Hirsch,1,0,1
2025.04.11,01:15,01:30,Hirsch,3,2,5
2025.04.11,01:30,01:45,Hirsch,1,0,1
2025.04.11,01:45,02:00,Hirsch,1,0,1
2025.04.11,02:00,02:15,Hirsch,0,0,0
2025.04.11,02:15,02:30,Hirsch,0,0,0
2025.04.11,02:30,02:45,Hirsch,1,0,1
2025.04.11,02:45,03:00,Hirsch,0,0,0
2025.04.11,03:00,03:15,Hirsch,0,0,0
2025.04.11,03:15,03:30,Hirsch,1,0,1
2025.04.11,03:30,03:45,Hirsch,0,0,0
2025.04.11,03:45,04:00,Hirsch,0,0,0
2025.04.11,04:00,04:15,Hirsch,0,1,1
2025.04.11,04:15,04:30,Hirsch,0,0,0
2025.04.11,04:30,04:45,Hirsch,0,0,0
2025.04.11,04:45,05:00,Hirsch,0,0,0
2025.04.11,05:00,05:15,Hirsch,1,2,3
2025.04.11,05:15,05:30,Hirsch,0,3,3
2025.04.11,05:30,05:45,Hirsch,1,3,4
2025.04.11,05:45,06:00,Hirsch,0,8,8
2025.04.11,06:00,06:15,Hirsch,0,8,8
2025.04.11,06:15,06:30,Hirsch,0,7,7
2025.04.11,06:30,06:45,Hirsch,0,11,11
2025.04.11,06:45,07:00,Hirsch,3,17,20
2025.04.11,07:00,07:15,Hirsch,2,35,37
2025.04.11,07:15,07:30,Hirsch,8,21,29
2025.04.11,07:30,07:45,Hirsch,9,40,49
2025.04.11,07:45,08:00,Hirsch,5,49,54
2025.04.11,08:00,08:15,Hirsch,9,58,67
2025.04.11,08:15,08:30,Hirsch,14,55,69
2025.04.11,08:30,08:45,Hirsch,10,50,60
2025.04.11,08:45,09:00,Hirsch,10,41,51
2025.04.11,09:00,09:15,Hirsch,11,29,40
2025.04.11,09:15,09:30,Hirsch,6,26,32
2025.04.11,09:30,09:45,Hirsch,7,37,44
2025.04.11,09:45,10:00,Hirsch,2,12,14
2025.04.11,10:00,10:15,Hirsch,4,16,20
2025.04.11,10:15,10:30,Hirsch,9,9,18
2025.04.11,10:30,10:45,Hirsch,3,7,10
2025.04.11,10:45,11:00,Hirsch,7,13,20
2025.04.11,11:00,11:15,Hirsch,14,9,23
2025.04.11,11:15,11:30,Hirsch,9,12,21
2025.04.11,11:30,11:45,Hirsch,8,5,13
2025.04.11,11:45,12:00,Hirsch,9,12,21
2025.04.11,12:00,12:15,Hirsch,12,10,22
2025.04.11,12:15,12:30,Hirsch,13,7,20
2025.04.11,12:30,12:45,Hirsch,15,10,25
2025.04.11,12:45,13:00,Hirsch,20,12,32
2025.04.11,13:00,13:15,Hirsch,13,17,30
2025.04.11,13:15,13:30,Hirsch,20,8,28
2025.04.11,13:30,13:45,Hirsch,13,9,22
2025.04.11,13:45,14:00,Hirsch,17,10,27
2025.04.11,14:00,14:15,Hirsch,19,15,34
2025.04.11,14:15,14:30,Hirsch,29,10,39
2025.04.11,14:30,14:45,Hirsch,18,14,32
2025.04.11,14:45,15:00,Hirsch,30,13,43
2025.04.11,15:00,15:15,Hirsch,34,10,44
2025.04.11,15:15,15:30,Hirsch,32,18,50
2025.04.11,15:30,15:45,Hirsch,33,10,43
2025.04.11,15:45,16:00,Hirsch,23,13,36
2025.04.11,16:00,16:15,Hirsch,28,23,51
2025.04.11,16:15,16:30,Hirsch,28,7,35
2025.04.11,16:30,16:45,Hirsch,36,16,52
2025.04.11,16:45,17:00,Hirsch,27,16,43
2025.04.11,17:00,17:15,Hirsch,36,23,59
2025.04.11,17:15,17:30,Hirsch,44,25,69
2025.04.11,17:30,17:45,Hirsch,55,15,70
2025.04.11,17:45,18:00,Hirsch,30,12,42
2025.04.11,18:00,18:15,Hirsch,28,13,41
2025.04.11,18:15,18:30,Hirsch,13,18,31
2025.04.11,18:30,18:45,Hirsch,16,25,41
2025.04.11,18:45,19:00,Hirsch,31,19,50
2025.04.11,19:00,19:15,Hirsch,16,10,26
2025.04.11,19:15,19:30,Hirsch,15,20,35
2025.04.11,19:30,19:45,Hirsch,19,9,28
2025.04.11,19:45,20:00,Hirsch,15,6,21
2025.04.11,20:00,20:15,Hirsch,14,4,18
2025.04.11,20:15,20:30,Hirsch,14,0,14
2025.04.11,20:30,20:45,Hirsch,7,2,9
2025.04.11,20:45,21:00,Hirsch,13,9,22
2025.04.11,21:00,21:15,Hirsch,9,8,17
2025.04.11,21:15,21:30,Hirsch,13,3,16
2025.04.11,21:30,21:45,Hirsch,8,1,9
2025.04.11,21:45,22:00,Hirsch,5,5,10
2025.04.11,22:00,22:15,Hirsch,2,0,2
2025.04.11,22:15,22:30,Hirsch,8,1,9
2025.04.11,22:30,22:45,Hirsch,10,1,11
2025.04.11,22:45,23:00,Hirsch,11,1,12
2025.04.11,23:00,23:15,Hirsch,12,0,12
2025.04.11,23:15,23:30,Hirsch,5,3,8
2025.04.11,23:30,23:45,Hirsch,10,1,11
2025.04.11,23:45,00:00,Hirsch,3,0,3
2025.04.12,00:00,00:15,Hirsch,4,2,6
2025.04.12,00:15,00:30,Hirsch,2,0,2
2025.04.12,00:30,00:45,Hirsch,4,2,6
2025.04.12,00:45,01:00,Hirsch,3,0,3
2025.04.12,01:00,01:15,Hirsch,0,1,1
2025.04.12,01:15,01:30,Hirsch,0,0,0
2025.04.12,01:30,01:45,Hirsch,1,1,2
2025.04.12,01:45,02:00,Hirsch,0,0,0
2025.04.12,02:00,02:15,Hirsch,0,0,0
2025.04.12,02:15,02:30,Hirsch,1,0,1
2025.04.12,02:30,02:45,Hirsch,0,0,0
2025.04.12,02:45,03:00,Hirsch,0,0,0
2025.04.12,03:00,03:15,Hirsch,0,0,0
2025.04.12,03:15,03:30,Hirsch,0,0,0
2025.04.12,03:30,03:45,Hirsch,0,0,0
2025.04.12,03:45,04:00,Hirsch,0,0,0
2025.04.12,04:00,04:15,Hirsch,1,0,1
2025.04.12,04:15,04:30,Hirsch,0,0,0
2025.04.12,04:30,04:45,Hirsch,0,0,0
2025.04.12,04:45,05:00,Hirsch,1,0,1
2025.04.12,05:00,05:15,Hirsch,0,2,2
2025.04.12,05:15,05:30,Hirsch,0,1,1
2025.04.12,05:30,05:45,Hirsch,0,1,1
2025.04.12,05:45,06:00,Hirsch,0,0,0
2025.04.12,06:00,06:15,Hirsch,0,0,0
2025.04.12,06:15,06:30,Hirsch,0,0,0
2025.04.12,06:30,06:45,Hirsch,0,4,4
2025.04.12,06:45,07:00,Hirsch,1,2,3
2025.04.12,07:00,07:15,Hirsch,0,2,2
2025.04.12,07:15,07:30,Hirsch,2,3,5
2025.04.12,07:30,07:45,Hirsch,1,2,3
2025.04.12,07:45,08:00,Hirsch,1,1,2
2025.04.12,08:00,08:15,Hirsch,2,2,4
2025.04.12,08:15,08:30,Hirsch,3,8,11
2025.04.12,08:30,08:45,Hirsch,4,8,12
2025.04.12,08:45,09:00,Hirsch,2,11,13
2025.04.12,09:00,09:15,Hirsch,5,3,8
2025.04.12,09:15,09:30,Hirsch,4,11,15
2025.04.12,09:30,09:45,Hirsch,4,6,10
2025.04.12,09:45,10:00,Hirsch,7,9,16
2025.04.12,10:00,10:15,Hirsch,6,9,15
2025.04.12,10:15,10:30,Hirsch,6,14,20
2025.04.12,10:30,10:45,Hirsch,15,12,27
2025.04.12,10:45,11:00,Hirsch,5,11,16
2025.04.12,11:00,11:15,Hirsch,6,17,23
2025.04.12,11:15,11:30,Hirsch,13,7,20
2025.04.12,11:30,11:45,Hirsch,8,11,19
2025.04.12,11:45,12:00,Hirsch,12,9,21
2025.04.12,12:00,12:15,Hirsch,13,6,19
2025.04.12,12:15,12:30,Hirsch,11,14,25
2025.04.12,12:30,12:45,Hirsch,12,23,35
2025.04.12,12:45,13:00,Hirsch,16,11,27
2025.04.12,13:00,13:15,Hirsch,19,6,25
2025.04.12,13:15,13:30,Hirsch,35,22,57
2025.04.12,13:30,13:45,Hirsch,22,13,35
2025.04.12,13:45,14:00,Hirsch,10,23,33
2025.04.12,14:00,14:15,Hirsch,16,17,33
2025.04.12,14:15,14:30,Hirsch,16,18,34
2025.04.12,14:30,14:45,Hirsch,17,16,33
2025.04.12,14:45,15:00,Hirsch,18,18,36
2025.04.12,15:00,15:15,Hirsch,25,10,35
2025.04.12,15:15,15:30,Hirsch,15,20,35
2025.04.12,15:30,15:45,Hirsch,25,11,36
2025.04.12,15:45,16:00,Hirsch,19,18,37
2025.04.12,16:00,16:15,Hirsch,19,16,35
2025.04.12,16:15,16:30,Hirsch,18,18,36
2025.04.12,16:30,16:45,Hirsch,22,18,40
2025.04.12,16:45,17:00,Hirsch,9,21,30
2025.04.12,17:00,17:15,Hirsch,8,14,22
2025.04.12,17:15,17:30,Hirsch,13,21,34
2025.04.12,17:30,17:45,Hirsch,13,10,23
2025.04.12,17:45,18:00,Hirsch,17,6,23
2025.04.12,18:00,18:15,Hirsch,16,21,37
2025.04.12,18:15,18:30,Hirsch,16,12,28
2025.04.12,18:30,18:45,Hirsch,10,16,26
2025.04.12,18:45,19:00,Hirsch,7,25,32
2025.04.12,19:00,19:15,Hirsch,6,22,28
2025.04.12,19:15,19:30,Hirsch,7,15,22
2025.04.12,19:30,19:45,Hirsch,14,11,25
2025.04.12,19:45,20:00,Hirsch,5,20,25
2025.04.12,20:00,20:15,Hirsch,7,6,13
2025.04.12,20:15,20:30,Hirsch,13,0,13
2025.04.12,20:30,20:45,Hirsch,11,5,16
2025.04.12,20:45,21:00,Hirsch,14,2,16
2025.04.12,21:00,21:15,Hirsch,5,5,10
2025.04.12,21:15,21:30,Hirsch,2,0,2
2025.04.12,21:30,21:45,Hirsch,5,6,11
2025.04.12,21:45,22:00,Hirsch,3,2,5
2025.04.12,22:00,22:15,Hirsch,7,2,9
2025.04.12,22:15,22:30,Hirsch,4,2,6
2025.04.12,22:30,22:45,Hirsch,3,1,4
2025.04.12,22:45,23:00,Hirsch,8,3,11
2025.04.12,23:00,23:15,Hirsch,5,0,5
2025.04.12,23:15,23:30,Hirsch,6,0,6
2025.04.12,23:30,23:45,Hirsch,8,3,11
2025.04.12,23:45,00:00,Hirsch,5,3,8
2025.04.13,00:00,00:15,Hirsch,3,0,3
2025.04.13,00:15,00:30,Hirsch,2,2,4
2025.04.13,00:30,00:45,Hirsch,0,0,0
2025.04.13,00:45,01:00,Hirsch,0,1,1
2025.04.13,01:00,01:15,Hirsch,7,2,9
2025.04.13,01:15,01:30,Hirsch,1,0,1
2025.04.13,01:30,01:45,Hirsch,0,0,0
2025.04.13,01:45,02:00,Hirsch,1,0,1
2025.04.13,02:00,02:15,Hirsch,2,0,2
2025.04.13,02:15,02:30,Hirsch,0,0,0
2025.04.13,02:30,02:45,Hirsch,0,0,0
2025.04.13,02:45,03:00,Hirsch,2,0,2
2025.04.13,03:00,03:15,Hirsch,0,0,0
2025.04.13,03:15,03:30,Hirsch,0,0,0
2025.04.13,03:30,03:45,Hirsch,0,0,0
2025.04.13,03:45,04:00,Hirsch,1,0,1
2025.04.13,04:00,04:15,Hirsch,0,0,0
2025.04.13,04:15,04:30,Hirsch,0,1,1
2025.04.13,04:30,04:45,Hirsch,1,1,2
2025.04.13,04:45,05:00,Hirsch,0,0,0
2025.04.13,05:00,05:15,Hirsch,0,0,0
2025.04.13,05:15,05:30,Hirsch,0,0,0
2025.04.13,05:30,05:45,Hirsch,0,1,1
2025.04.13,05:45,06:00,Hirsch,0,1,1
2025.04.13,06:00,06:15,Hirsch,0,1,1
2025.04.13,06:15,06:30,Hirsch,0,0,0
2025.04.13,06:30,06:45,Hirsch,0,1,1
2025.04.13,06:45,07:00,Hirsch,0,1,1
2025.04.13,07:00,07:15,Hirsch,0,0,0
2025.04.13,07:15,07:30,Hirsch,1,1,2
2025.04.13,07:30,07:45,Hirsch,0,4,4
2025.04.13,07:45,08:00,Hirsch,0,1,1
2025.04.13,08:00,08:15,Hirsch,1,2,3
2025.04.13,08:15,08:30,Hirsch,0,3,3
2025.04.13,08:30,08:45,Hirsch,0,4,4
2025.04.13,08:45,09:00,Hirsch,2,4,6
2025.04.13,09:00,09:15,Hirsch,4,6,10
2025.04.13,09:15,09:30,Hirsch,6,8,14
2025.04.13,09:30,09:45,Hirsch,5,12,17
2025.04.13,09:45,10:00,Hirsch,8,9,17
2025.04.13,10:00,10:15,Hirsch,4,9,13
2025.04.13,10:15,10:30,Hirsch,9,12,21
2025.04.13,10:30,10:45,Hirsch,16,8,24
2025.04.13,10:45,11:00,Hirsch,17,7,24
2025.04.13,11:00,11:15,Hirsch,5,4,9
2025.04.13,11:15,11:30,Hirsch,9,9,18
2025.04.13,11:30,11:45,Hirsch,6,2,8
2025.04.13,11:45,12:00,Hirsch,8,5,13
2025.04.13,12:00,12:15,Hirsch,5,2,7
2025.04.13,12:15,12:30,Hirsch,12,12,24
2025.04.13,12:30,12:45,Hirsch,9,8,17
2025.04.13,12:45,13:00,Hirsch,17,7,24
2025.04.13,13:00,13:15,Hirsch,10,6,16
2025.04.13,13:15,13:30,Hirsch,15,11,26
2025.04.13,13:30,13:45,Hirsch,9,9,18
2025.04.13,13:45,14:00,Hirsch,9,16,25
2025.04.13,14:00,14:15,Hirsch,10,12,22
2025.04.13,14:15,14:30,Hirsch,18,16,34
2025.04.13,14:30,14:45,Hirsch,10,13,23
2025.04.13,14:45,15:00,Hirsch,7,13,20
2025.04.13,15:00,15:15,Hirsch,22,10,32
2025.04.13,15:15,15:30,Hirsch,6,13,19
2025.04.13,15:30,15:45,Hirsch,17,13,30
2025.04.13,15:45,16:00,Hirsch,15,3,18
2025.04.13,16:00,16:15,Hirsch,12,8,20
2025.04.13,16:15,16:30,Hirsch,11,8,19
2025.04.13,16:30,16:45,Hirsch,17,7,24
2025.04.13,16:45,17:00,Hirsch,7,17,24
2025.04.13,17:00,17:15,Hirsch,11,11,22
2025.04.13,17:15,17:30,Hirsch,6,10,16
2025.04.13,17:30,17:45,Hirsch,7,12,19
2025.04.13,17:45,18:00,Hirsch,8,13,21
2025.04.13,18:00,18:15,Hirsch,11,12,23
2025.04.13,18:15,18:30,Hirsch,7,8,15
2025.04.13,18:30,18:45,Hirsch,6,4,10
2025.04.13,18:45,19:00,Hirsch,4,4,8
2025.04.13,19:00,19:15,Hirsch,8,8,16
2025.04.13,19:15,19:30,Hirsch,12,2,14
2025.04.13,19:30,19:45,Hirsch,6,6,12
2025.04.13,19:45,20:00,Hirsch,6,2,8
2025.04.13,20:00,20:15,Hirsch,4,2,6
2025.04.13,20:15,20:30,Hirsch,2,3,5
2025.04.13,20:30,20:45,Hirsch,2,1,3
2025.04.13,20:45,21:00,Hirsch,5,4,9
2025.04.13,21:00,21:15,Hirsch,2,2,4
2025.04.13,21:15,21:30,Hirsch,2,3,5
2025.04.13,21:30,21:45,Hirsch,1,2,3
2025.04.13,21:45,22:00,Hirsch,4,0,4
2025.04.13,22:00,22:15,Hirsch,3,2,5
2025.04.13,22:15,22:30,Hirsch,3,3,6
2025.04.13,22:30,22:45,Hirsch,1,1,2
2025.04.13,22:45,23:00,Hirsch,3,1,4
2025.04.13,23:00,23:15,Hirsch,0,0,0
2025.04.13,23:15,23:30,Hirsch,1,0,1
2025.04.13,23:30,23:45,Hirsch,0,1,1
2025.04.13,23:45,00:00,Hirsch,2,0,2
2025.04.14,00:00,00:15,Hirsch,0,0,0
2025.04.14,00:15,00:30,Hirsch,0,0,0
2025.04.14,00:30,00:45,Hirsch,1,0,1
2025.04.14,00:45,01:00,Hirsch,0,0,0
2025.04.14,01:00,01:15,Hirsch,1,0,1
2025.04.14,01:15,01:30,Hirsch,0,0,0
2025.04.14,01:30,01:45,Hirsch,0,0,0
2025.04.14,01:45,02:00,Hirsch,0,0,0
2025.04.14,02:00,02:15,Hirsch,0,0,0
2025.04.14,02:15,02:30,Hirsch,0,0,0
2025.04.14,02:30,02:45,Hirsch,0,0,0
2025.04.14,02:45,03:00,Hirsch,0,1,1
2025.04.14,03:00,03:15,Hirsch,0,0,0
2025.04.14,03:15,03:30,Hirsch,1,0,1
2025.04.14,03:30,03:45,Hirsch,0,0,0
2025.04.14,03:45,04:00,Hirsch,0,0,0
2025.04.14,04:00,04:15,Hirsch,0,0,0
2025.04.14,04:15,04:30,Hirsch,0,1,1
2025.04.14,04:30,04:45,Hirsch,0,0,0
2025.04.14,04:45,05:00,Hirsch,0,0,0
2025.04.14,05:00,05:15,Hirsch,0,2,2
2025.04.14,05:15,05:30,Hirsch,0,4,4
2025.04.14,05:30,05:45,Hirsch,0,5,5
2025.04.14,05:45,06:00,Hirsch,0,7,7
2025.04.14,06:00,06:15,Hirsch,0,7,7
2025.04.14,06:15,06:30,Hirsch,2,8,10
2025.04.14,06:30,06:45,Hirsch,1,11,12
2025.04.14,06:45,07:00,Hirsch,3,25,28
2025.04.14,07:00,07:15,Hirsch,1,21,22
2025.04.14,07:15,07:30,Hirsch,5,30,35
2025.04.14,07:30,07:45,Hirsch,7,47,54
2025.04.14,07:45,08:00,Hirsch,17,63,80
2025.04.14,08:00,08:15,Hirsch,12,52,64
2025.04.14,08:15,08:30,Hirsch,8,72,80
2025.04.14,08:30,08:45,Hirsch,14,66,80
2025.04.14,08:45,09:00,Hirsch,11,48,59
2025.04.14,09:00,09:15,Hirsch,13,43,56
2025.04.14,09:15,09:30,Hirsch,6,34,40
2025.04.14,09:30,09:45,Hirsch,10,22,32
2025.04.14,09:45,10:00,Hirsch,5,13,18
2025.04.14,10:00,10:15,Hirsch,8,16,24
2025.04.14,10:15,10:30,Hirsch,5,10,15
2025.04.14,10:30,10:45,Hirsch,4,9,13
2025.04.14,10:45,11:00,Hirsch,5,5,10
2025.04.14,11:00,11:15,Hirsch,3,11,14
2025.04.14,11:15,11:30,Hirsch,6,5,11
2025.04.14,11:30,11:45,Hirsch,7,11,18
2025.04.14,11:45,12:00,Hirsch,6,6,12
2025.04.14,12:00,12:15,Hirsch,7,8,15
2025.04.14,12:15,12:30,Hirsch,11,9,20
2025.04.14,12:30,12:45,Hirsch,10,13,23
2025.04.14,12:45,13:00,Hirsch,7,5,12
2025.04.14,13:00,13:15,Hirsch,6,12,18
2025.04.14,13:15,13:30,Hirsch,5,6,11
2025.04.14,13:30,13:45,Hirsch,10,13,23
2025.04.14,13:45,14:00,Hirsch,12,11,23
2025.04.14,14:00,14:15,Hirsch,18,5,23
2025.04.14,14:15,14:30,Hirsch,10,10,20
2025.04.14,14:30,14:45,Hirsch,18,5,23
2025.04.14,14:45,15:00,Hirsch,19,10,29
2025.04.14,15:00,15:15,Hirsch,18,2,20
2025.04.14,15:15,15:30,Hirsch,31,14,45
2025.04.14,15:30,15:45,Hirsch,17,8,25
2025.04.14,15:45,16:00,Hirsch,18,9,27
2025.04.14,16:00,16:15,Hirsch,26,9,35
2025.04.14,16:15,16:30,Hirsch,35,6,41
2025.04.14,16:30,16:45,Hirsch,40,19,59
2025.04.14,16:45,17:00,Hirsch,30,16,46
2025.04.14,17:00,17:15,Hirsch,34,10,44
2025.04.14,17:15,17:30,Hirsch,45,13,58
2025.04.14,17:30,17:45,Hirsch,51,16,67
2025.04.14,17:45,18:00,Hirsch,51,25,76
2025.04.14,18:00,18:15,Hirsch,48,19,67
2025.04.14,18:15,18:30,Hirsch,42,21,63
2025.04.14,18:30,18:45,Hirsch,51,4,55
2025.04.14,18:45,19:00,Hirsch,33,14,47
2025.04.14,19:00,19:15,Hirsch,13,8,21
2025.04.14,19:15,19:30,Hirsch,16,5,21
2025.04.14,19:30,19:45,Hirsch,15,7,22
2025.04.14,19:45,20:00,Hirsch,12,8,20
2025.04.14,20:00,20:15,Hirsch,16,7,23
2025.04.14,20:15,20:30,Hirsch,7,1,8
2025.04.14,20:30,20:45,Hirsch,15,4,19
2025.04.14,20:45,21:00,Hirsch,8,2,10
2025.04.14,21:00,21:15,Hirsch,10,2,12
2025.04.14,21:15,21:30,Hirsch,6,1,7
2025.04.14,21:30,21:45,Hirsch,10,1,11
2025.04.14,21:45,22:00,Hirsch,8,3,11
2025.04.14,22:00,22:15,Hirsch,3,7,10
2025.04.14,22:15,22:30,Hirsch,5,3,8
2025.04.14,22:30,22:45,Hirsch,10,0,10
2025.04.14,22:45,23:00,Hirsch,7,0,7
2025.04.14,23:00,23:15,Hirsch,5,2,7
2025.04.14,23:15,23:30,Hirsch,6,2,8
2025.04.14,23:30,23:45,Hirsch,2,0,2
2025.04.14,23:45,00:00,Hirsch,0,0,0
2025.04.15,00:00,00:15,Hirsch,2,1,3
2025.04.15,00:15,00:30,Hirsch,1,0,1
2025.04.15,00:30,00:45,Hirsch,0,0,0
2025.04.15,00:45,01:00,Hirsch,2,0,2
2025.04.15,01:00,01:15,Hirsch,0,0,0
2025.04.15,01:15,01:30,Hirsch,0,1,1
2025.04.15,01:30,01:45,Hirsch,0,0,0
2025.04.15,01:45,02:00,Hirsch,0,0,0
2025.04.15,02:00,02:15,Hirsch,0,0,0
2025.04.15,02:15,02:30,Hirsch,0,0,0
2025.04.15,02:30,02:45,Hirsch,0,2,2
2025.04.15,02:45,03:00,Hirsch,0,0,0
2025.04.15,03:00,03:15,Hirsch,1,0,1
2025.04.15,03:15,03:30,Hirsch,0,0,0
2025.04.15,03:30,03:45,Hirsch,0,0,0
2025.04.15,03:45,04:00,Hirsch,0,0,0
2025.04.15,04:00,04:15,Hirsch,0,1,1
2025.04.15,04:15,04:30,Hirsch,0,0,0
2025.04.15,04:30,04:45,Hirsch,0,0,0
2025.04.15,04:45,05:00,Hirsch,0,2,2
2025.04.15,05:00,05:15,Hirsch,0,1,1
2025.04.15,05:15,05:30,Hirsch,0,3,3
2025.04.15,05:30,05:45,Hirsch,0,11,11
2025.04.15,05:45,06:00,Hirsch,1,7,8
2025.04.15,06:00,06:15,Hirsch,2,6,8
2025.04.15,06:15,06:30,Hirsch,0,8,8
2025.04.15,06:30,06:45,Hirsch,1,17,18
2025.04.15,06:45,07:00,Hirsch,3,31,34
2025.04.15,07:00,07:15,Hirsch,3,39,42
2025.04.15,07:15,07:30,Hirsch,7,49,56
2025.04.15,07:30,07:45,Hirsch,4,44,48
2025.04.15,07:45,08:00,Hirsch,13,78,91
2025.04.15,08:00,08:15,Hirsch,11,72,83
2025.04.15,08:15,08:30,Hirsch,14,84,98
2025.04.15,08:30,08:45,Hirsch,11,81,92
2025.04.15,08:45,09:00,Hirsch,10,58,68
2025.04.15,09:00,09:15,Hirsch,4,45,49
2025.04.15,09:15,09:30,Hirsch,10,31,41
2025.04.15,09:30,09:45,Hirsch,5,26,31
2025.04.15,09:45,10:00,Hirsch,7,25,32
2025.04.15,10:00,10:15,Hirsch,3,15,18
2025.04.15,10:15,10:30,Hirsch,10,10,20
2025.04.15,10:30,10:45,Hirsch,3,5,8
2025.04.15,10:45,11:00,Hirsch,6,12,18
2025.04.15,11:00,11:15,Hirsch,3,8,11
2025.04.15,11:15,11:30,Hirsch,4,6,10
2025.04.15,11:30,11:45,Hirsch,6,17,23
2025.04.15,11:45,12:00,Hirsch,8,13,21
2025.04.15,12:00,12:15,Hirsch,7,7,14
2025.04.15,12:15,12:30,Hirsch,5,9,14
2025.04.15,12:30,12:45,Hirsch,8,9,17
2025.04.15,12:45,13:00,Hirsch,9,8,17
2025.04.15,13:00,13:15,Hirsch,4,7,11
2025.04.15,13:15,13:30,Hirsch,9,5,14
2025.04.15,13:30,13:45,Hirsch,7,13,20
2025.04.15,13:45,14:00,Hirsch,15,7,22
2025.04.15,14:00,14:15,Hirsch,18,10,28
2025.04.15,14:15,14:30,Hirsch,11,7,18
2025.04.15,14:30,14:45,Hirsch,19,10,29
2025.04.15,14:45,15:00,Hirsch,23,4,27
2025.04.15,15:00,15:15,Hirsch,18,10,28
2025.04.15,15:15,15:30,Hirsch,34,12,46
2025.04.15,15:30,15:45,Hirsch,23,12,35
2025.04.15,15:45,16:00,Hirsch,34,2,36
2025.04.15,16:00,16:15,Hirsch,24,9,33
2025.04.15,16:15,16:30,Hirsch,32,9,41
2025.04.15,16:30,16:45,Hirsch,51,16,67
2025.04.15,16:45,17:00,Hirsch,37,11,48
2025.04.15,17:00,17:15,Hirsch,50,12,62
2025.04.15,17:15,17:30,Hirsch,46,12,58
2025.04.15,17:30,17:45,Hirsch,51,12,63
2025.04.15,17:45,18:00,Hirsch,54,18,72
2025.04.15,18:00,18:15,Hirsch,50,14,64
2025.04.15,18:15,18:30,Hirsch,68,14,82
2025.04.15,18:30,18:45,Hirsch,40,9,49
2025.04.15,18:45,19:00,Hirsch,34,20,54
2025.04.15,19:00,19:15,Hirsch,26,7,33
2025.04.15,19:15,19:30,Hirsch,34,11,45
2025.04.15,19:30,19:45,Hirsch,24,14,38
2025.04.15,19:45,20:00,Hirsch,27,12,39
2025.04.15,20:00,20:15,Hirsch,8,4,12
2025.04.15,20:15,20:30,Hirsch,9,7,16
2025.04.15,20:30,20:45,Hirsch,9,4,13
2025.04.15,20:45,21:00,Hirsch,12,2,14
2025.04.15,21:00,21:15,Hirsch,8,2,10
2025.04.15,21:15,21:30,Hirsch,5,2,7
2025.04.15,21:30,21:45,Hirsch,13,4,17
2025.04.15,21:45,22:00,Hirsch,13,2,15
2025.04.15,22:00,22:15,Hirsch,12,1,13
2025.04.15,22:15,22:30,Hirsch,6,1,7
2025.04.15,22:30,22:45,Hirsch,4,3,7
2025.04.15,22:45,23:00,Hirsch,11,4,15
2025.04.15,23:00,23:15,Hirsch,3,0,3
2025.04.15,23:15,23:30,Hirsch,3,3,6
2025.04.15,23:30,23:45,Hirsch,3,0,3
2025.04.15,23:45,00:00,Hirsch,5,0,5
2025.04.16,00:00,00:15,Hirsch,2,1,3
2025.04.16,00:15,00:30,Hirsch,1,1,2
2025.04.16,00:30,00:45,Hirsch,2,0,2
2025.04.16,00:45,01:00,Hirsch,0,0,0
2025.04.16,01:00,01:15,Hirsch,1,0,1
2025.04.16,01:15,01:30,Hirsch,0,0,0
2025.04.16,01:30,01:45,Hirsch,0,0,0
2025.04.16,01:45,02:00,Hirsch,0,0,0
2025.04.16,02:00,02:15,Hirsch,0,0,0
2025.04.16,02:15,02:30,Hirsch,0,0,0
2025.04.16,02:30,02:45,Hirsch,0,0,0
2025.04.16,02:45,03:00,Hirsch,1,0,1
2025.04.16,03:00,03:15,Hirsch,0,0,0
2025.04.16,03:15,03:30,Hirsch,0,0,0
2025.04.16,03:30,03:45,Hirsch,0,0,0
2025.04.16,03:45,04:00,Hirsch,0,0,0
2025.04.16,04:00,04:15,Hirsch,0,0,0
2025.04.16,04:15,04:30,Hirsch,0,1,1
2025.04.16,04:30,04:45,Hirsch,0,1,1
2025.04.16,04:45,05:00,Hirsch,0,0,0
2025.04.16,05:00,05:15,Hirsch,0,2,2
2025.04.16,05:15,05:30,Hirsch,0,4,4
2025.04.16,05:30,05:45,Hirsch,0,7,7
2025.04.16,05:45,06:00,Hirsch,1,6,7
2025.04.16,06:00,06:15,Hirsch,1,12,13
2025.04.16,06:15,06:30,Hirsch,2,19,21
2025.04.16,06:30,06:45,Hirsch,3,18,21
2025.04.16,06:45,07:00,Hirsch,3,28,31
2025.04.16,07:00,07:15,Hirsch,6,28,34
2025.04.16,07:15,07:30,Hirsch,3,34,37
2025.04.16,07:30,07:45,Hirsch,9,56,65
2025.04.16,07:45,08:00,Hirsch,11,71,82
2025.04.16,08:00,08:15,Hirsch,7,75,82
2025.04.16,08:15,08:30,Hirsch,12,106,118
2025.04.16,08:30,08:45,Hirsch,7,73,80
2025.04.16,08:45,09:00,Hirsch,8,60,68
2025.04.16,09:00,09:15,Hirsch,11,43,54
2025.04.16,09:15,09:30,Hirsch,8,37,45
2025.04.16,09:30,09:45,Hirsch,8,27,35
2025.04.16,09:45,10:00,Hirsch,2,20,22
2025.04.16,10:00,10:15,Hirsch,4,18,22
2025.04.16,10:15,10:30,Hirsch,3,13,16
2025.04.16,10:30,10:45,Hirsch,10,11,21
2025.04.16,10:45,11:00,Hirsch,6,12,18
2025.04.16,11:00,11:15,Hirsch,7,15,22
2025.04.16,11:15,11:30,Hirsch,9,11,20
2025.04.16,11:30,11:45,Hirsch,9,7,16
2025.04.16,11:45,12:00,Hirsch,7,11,18
2025.04.16,12:00,12:15,Hirsch,9,9,18
2025.04.16,12:15,12:30,Hirsch,13,6,19
2025.04.16,12:30,12:45,Hirsch,10,7,17
2025.04.16,12:45,13:00,Hirsch,11,6,17
2025.04.16,13:00,13:15,Hirsch,12,13,25
2025.04.16,13:15,13:30,Hirsch,17,11,28
2025.04.16,13:30,13:45,Hirsch,14,7,21
2025.04.16,13:45,14:00,Hirsch,22,6,28
2025.04.16,14:00,14:15,Hirsch,16,3,19
2025.04.16,14:15,14:30,Hirsch,21,16,37
2025.04.16,14:30,14:45,Hirsch,13,15,28
2025.04.16,14:45,15:00,Hirsch,26,7,33
2025.04.16,15:00,15:15,Hirsch,21,7,28
2025.04.16,15:15,15:30,Hirsch,18,9,27
2025.04.16,15:30,15:45,Hirsch,19,6,25
2025.04.16,15:45,16:00,Hirsch,36,11,47
2025.04.16,16:00,16:15,Hirsch,24,16,40
2025.04.16,16:15,16:30,Hirsch,26,16,42
2025.04.16,16:30,16:45,Hirsch,44,12,56
2025.04.16,16:45,17:00,Hirsch,45,12,57
2025.04.16,17:00,17:15,Hirsch,48,18,66
2025.04.16,17:15,17:30,Hirsch,45,15,60
2025.04.16,17:30,17:45,Hirsch,49,17,66
2025.04.16,17:45,18:00,Hirsch,49,17,66
2025.04.16,18:00,18:15,Hirsch,51,17,68
2025.04.16,18:15,18:30,Hirsch,52,14,66
2025.04.16,18:30,18:45,Hirsch,48,15,63
2025.04.16,18:45,19:00,Hirsch,31,18,49
2025.04.16,19:00,19:15,Hirsch,27,10,37
2025.04.16,19:15,19:30,Hirsch,24,15,39
2025.04.16,19:30,19:45,Hirsch,23,6,29
2025.04.16,19:45,20:00,Hirsch,18,14,32
2025.04.16,20:00,20:15,Hirsch,24,10,34
2025.04.16,20:15,20:30,Hirsch,12,11,23
2025.04.16,20:30,20:45,Hirsch,11,11,22
2025.04.16,20:45,21:00,Hirsch,13,6,19
2025.04.16,21:00,21:15,Hirsch,7,5,12
2025.04.16,21:15,21:30,Hirsch,8,2,10
2025.04.16,21:30,21:45,Hirsch,8,3,11
2025.04.16,21:45,22:00,Hirsch,15,0,15
2025.04.16,22:00,22:15,Hirsch,3,3,6
2025.04.16,22:15,22:30,Hirsch,9,6,15
2025.04.16,22:30,22:45,Hirsch,4,1,5
2025.04.16,22:45,23:00,Hirsch,5,1,6
2025.04.16,23:00,23:15,Hirsch,27,0,27
2025.04.16,23:15,23:30,Hirsch,10,1,11
2025.04.16,23:30,23:45,Hirsch,12,2,14
2025.04.16,23:45,00:00,Hirsch,5,0,5
2025.04.17,00:00,00:15,Hirsch,4,0,4
2025.04.17,00:15,00:30,Hirsch,3,0,3
2025.04.17,00:30,00:45,Hirsch,2,0,2
2025.04.17,00:45,01:00,Hirsch,1,0,1
2025.04.17,01:00,01:15,Hirsch,1,1,2
2025.04.17,01:15,01:30,Hirsch,0,0,0
2025.04.17,01:30,01:45,Hirsch,1,0,1
2025.04.17,01:45,02:00,Hirsch,0,0,0
2025.04.17,02:00,02:15,Hirsch,0,0,0
2025.04.17,02:15,02:30,Hirsch,0,0,0
2025.04.17,02:30,02:45,Hirsch,0,0,0
2025.04.17,02:45,03:00,Hirsch,2,0,2
2025.04.17,03:00,03:15,Hirsch,0,0,0
2025.04.17,03:15,03:30,Hirsch,1,0,1
2025.04.17,03:30,03:45,Hirsch,0,0,0
2025.04.17,03:45,04:00,Hirsch,0,0,0
2025.04.17,04:00,04:15,Hirsch,0,1,1
2025.04.17,04:15,04:30,Hirsch,0,2,2
2025.04.17,04:30,04:45,Hirsch,0,0,0
2025.04.17,04:45,05:00,Hirsch,0,0,0
2025.04.17,05:00,05:15,Hirsch,0,1,1
2025.04.17,05:15,05:30,Hirsch,0,0,0
2025.04.17,05:30,05:45,Hirsch,0,6,6
2025.04.17,05:45,06:00,Hirsch,1,6,7
2025.04.17,06:00,06:15,Hirsch,0,6,6
2025.04.17,06:15,06:30,Hirsch,0,9,9
2025.04.17,06:30,06:45,Hirsch,0,10,10
2025.04.17,06:45,07:00,Hirsch,2,13,15
2025.04.17,07:00,07:15,Hirsch,6,23,29
2025.04.17,07:15,07:30,Hirsch,6,22,28
2025.04.17,07:30,07:45,Hirsch,2,31,33
2025.04.17,07:45,08:00,Hirsch,9,49,58
2025.04.17,08:00,08:15,Hirsch,9,52,61
2025.04.17,08:15,08:30,Hirsch,8,37,45
2025.04.17,08:30,08:45,Hirsch,14,41,55
2025.04.17,08:45,09:00,Hirsch,7,38,45
2025.04.17,09:00,09:15,Hirsch,2,28,30
2025.04.17,09:15,09:30,Hirsch,7,25,32
2025.04.17,09:30,09:45,Hirsch,7,15,22
2025.04.17,09:45,10:00,Hirsch,10,10,20
2025.04.17,10:00,10:15,Hirsch,4,13,17
2025.04.17,10:15,10:30,Hirsch,5,5,10
2025.04.17,10:30,10:45,Hirsch,7,6,13
2025.04.17,10:45,11:00,Hirsch,5,5,10
2025.04.17,11:00,11:15,Hirsch,5,13,18
2025.04.17,11:15,11:30,Hirsch,4,8,12
2025.04.17,11:30,11:45,Hirsch,2,12,14
2025.04.17,11:45,12:00,Hirsch,6,2,8
2025.04.17,12:00,12:15,Hirsch,5,4,9
2025.04.17,12:15,12:30,Hirsch,11,7,18
2025.04.17,12:30,12:45,Hirsch,6,13,19
2025.04.17,12:45,13:00,Hirsch,10,5,15
2025.04.17,13:00,13:15,Hirsch,12,8,20
2025.04.17,13:15,13:30,Hirsch,8,9,17
2025.04.17,13:30,13:45,Hirsch,8,15,23
2025.04.17,13:45,14:00,Hirsch,14,8,22
2025.04.17,14:00,14:15,Hirsch,17,8,25
2025.04.17,14:15,14:30,Hirsch,10,12,22
2025.04.17,14:30,14:45,Hirsch,13,5,18
2025.04.17,14:45,15:00,Hirsch,18,9,27
2025.04.17,15:00,15:15,Hirsch,17,5,22
2025.04.17,15:15,15:30,Hirsch,16,13,29
2025.04.17,15:30,15:45,Hirsch,17,5,22
2025.04.17,15:45,16:00,Hirsch,25,12,37
2025.04.17,16:00,16:15,Hirsch,26,14,40
2025.04.17,16:15,16:30,Hirsch,20,8,28
2025.04.17,16:30,16:45,Hirsch,23,15,38
2025.04.17,16:45,17:00,Hirsch,34,10,44
2025.04.17,17:00,17:15,Hirsch,25,7,32
2025.04.17,17:15,17:30,Hirsch,37,9,46
2025.04.17,17:30,17:45,Hirsch,33,8,41
2025.04.17,17:45,18:00,Hirsch,33,5,38
2025.04.17,18:00,18:15,Hirsch,30,5,35
2025.04.17,18:15,18:30,Hirsch,24,8,32
2025.04.17,18:30,18:45,Hirsch,22,9,31
2025.04.17,18:45,19:00,Hirsch,13,4,17
2025.04.17,19:00,19:15,Hirsch,14,7,21
2025.04.17,19:15,19:30,Hirsch,11,4,15
2025.04.17,19:30,19:45,Hirsch,14,6,20
2025.04.17,19:45,20:00,Hirsch,14,4,18
2025.04.17,20:00,20:15,Hirsch,9,6,15
2025.04.17,20:15,20:30,Hirsch,3,2,5
2025.04.17,20:30,20:45,Hirsch,2,3,5
2025.04.17,20:45,21:00,Hirsch,7,1,8
2025.04.17,21:00,21:15,Hirsch,5,4,9
2025.04.17,21:15,21:30,Hirsch,1,4,5
2025.04.17,21:30,21:45,Hirsch,3,4,7
2025.04.17,21:45,22:00,Hirsch,5,1,6
2025.04.17,22:00,22:15,Hirsch,2,3,5
2025.04.17,22:15,22:30,Hirsch,6,1,7
2025.04.17,22:30,22:45,Hirsch,5,1,6
2025.04.17,22:45,23:00,Hirsch,1,1,2
2025.04.17,23:00,23:15,Hirsch,3,3,6
2025.04.17,23:15,23:30,Hirsch,10,1,11
2025.04.17,23:30,23:45,Hirsch,2,0,2
2025.04.17,23:45,00:00,Hirsch,0,1,1
2025.04.18,00:00,00:15,Hirsch,4,3,7
2025.04.18,00:15,00:30,Hirsch,1,0,1
2025.04.18,00:30,00:45,Hirsch,1,1,2
2025.04.18,00:45,01:00,Hirsch,2,0,2
2025.04.18,01:00,01:15,Hirsch,0,0,0
2025.04.18,01:15,01:30,Hirsch,0,0,0
2025.04.18,01:30,01:45,Hirsch,0,0,0
2025.04.18,01:45,02:00,Hirsch,0,0,0
2025.04.18,02:00,02:15,Hirsch,4,0,4
2025.04.18,02:15,02:30,Hirsch,2,0,2
2025.04.18,02:30,02:45,Hirsch,3,0,3
2025.04.18,02:45,03:00,Hirsch,1,0,1
2025.04.18,03:00,03:15,Hirsch,0,0,0
2025.04.18,03:15,03:30,Hirsch,0,0,0
2025.04.18,03:30,03:45,Hirsch,0,0,0
2025.04.18,03:45,04:00,Hirsch,0,0,0
2025.04.18,04:00,04:15,Hirsch,0,0,0
2025.04.18,04:15,04:30,Hirsch,0,0,0
2025.04.18,04:30,04:45,Hirsch,0,0,0
2025.04.18,04:45,05:00,Hirsch,0,0,0
2025.04.18,05:00,05:15,Hirsch,0,3,3
2025.04.18,05:15,05:30,Hirsch,0,0,0
2025.04.18,05:30,05:45,Hirsch,0,0,0
2025.04.18,05:45,06:00,Hirsch,0,0,0
2025.04.18,06:00,06:15,Hirsch,0,0,0
2025.04.18,06:15,06:30,Hirsch,0,0,0
2025.04.18,06:30,06:45,Hirsch,1,0,1
2025.04.18,06:45,07:00,Hirsch,0,1,1
2025.04.18,07:00,07:15,Hirsch,1,1,2
2025.04.18,07:15,07:30,Hirsch,0,0,0
2025.04.18,07:30,07:45,Hirsch,1,0,1
2025.04.18,07:45,08:00,Hirsch,1,0,1
2025.04.18,08:00,08:15,Hirsch,0,1,1
2025.04.18,08:15,08:30,Hirsch,0,3,3
2025.04.18,08:30,08:45,Hirsch,1,3,4
2025.04.18,08:45,09:00,Hirsch,3,3,6
2025.04.18,09:00,09:15,Hirsch,2,1,3
2025.04.18,09:15,09:30,Hirsch,4,7,11
2025.04.18,09:30,09:45,Hirsch,1,5,6
2025.04.18,09:45,10:00,Hirsch,3,2,5
2025.04.18,10:00,10:15,Hirsch,4,2,6
2025.04.18,10:15,10:30,Hirsch,1,1,2
2025.04.18,10:30,10:45,Hirsch,5,3,8
2025.04.18,10:45,11:00,Hirsch,3,2,5
2025.04.18,11:00,11:15,Hirsch,3,5,8
2025.04.18,11:15,11:30,Hirsch,4,10,14
2025.04.18,11:30,11:45,Hirsch,3,2,5
2025.04.18,11:45,12:00,Hirsch,5,1,6
2025.04.18,12:00,12:15,Hirsch,3,1,4
2025.04.18,12:15,12:30,Hirsch,3,4,7
2025.04.18,12:30,12:45,Hirsch,5,1,6
2025.04.18,12:45,13:00,Hirsch,3,1,4
2025.04.18,13:00,13:15,Hirsch,4,7,11
2025.04.18,13:15,13:30,Hirsch,4,4,8
2025.04.18,13:30,13:45,Hirsch,1,5,6
2025.04.18,13:45,14:00,Hirsch,3,8,11
2025.04.18,14:00,14:15,Hirsch,4,7,11
2025.04.18,14:15,14:30,Hirsch,4,7,11
2025.04.18,14:30,14:45,Hirsch,6,5,11
2025.04.18,14:45,15:00,Hirsch,3,10,13
2025.04.18,15:00,15:15,Hirsch,8,7,15
2025.04.18,15:15,15:30,Hirsch,4,3,7
2025.04.18,15:30,15:45,Hirsch,3,2,5
2025.04.18,15:45,16:00,Hirsch,12,2,14
2025.04.18,16:00,16:15,Hirsch,6,9,15
2025.04.18,16:15,16:30,Hirsch,4,3,7
2025.04.18,16:30,16:45,Hirsch,10,4,14
2025.04.18,16:45,17:00,Hirsch,4,7,11
2025.04.18,17:00,17:15,Hirsch,7,6,13
2025.04.18,17:15,17:30,Hirsch,1,4,5
2025.04.18,17:30,17:45,Hirsch,8,1,9
2025.04.18,17:45,18:00,Hirsch,7,4,11
2025.04.18,18:00,18:15,Hirsch,4,7,11
2025.04.18,18:15,18:30,Hirsch,8,2,10
2025.04.18,18:30,18:45,Hirsch,5,8,13
2025.04.18,18:45,19:00,Hirsch,6,8,14
2025.04.18,19:00,19:15,Hirsch,1,4,5
2025.04.18,19:15,19:30,Hirsch,3,2,5
2025.04.18,19:30,19:45,Hirsch,7,3,10
2025.04.18,19:45,20:00,Hirsch,4,4,8
2025.04.18,20:00,20:15,Hirsch,5,6,11
2025.04.18,20:15,20:30,Hirsch,1,4,5
2025.04.18,20:30,20:45,Hirsch,5,0,5
2025.04.18,20:45,21:00,Hirsch,5,1,6
2025.04.18,21:00,21:15,Hirsch,0,4,4
2025.04.18,21:15,21:30,Hirsch,2,0,2
2025.04.18,21:30,21:45,Hirsch,0,4,4
2025.04.18,21:45,22:00,Hirsch,3,0,3
2025.04.18,22:00,22:15,Hirsch,1,0,1
2025.04.18,22:15,22:30,Hirsch,0,0,0
2025.04.18,22:30,22:45,Hirsch,0,0,0
2025.04.18,22:45,23:00,Hirsch,2,3,5
2025.04.18,23:00,23:15,Hirsch,0,2,2
2025.04.18,23:15,23:30,Hirsch,1,1,2
2025.04.18,23:30,23:45,Hirsch,1,3,4
2025.04.18,23:45,00:00,Hirsch,2,0,2
2025.04.19,00:00,00:15,Hirsch,0,0,0
2025.04.19,00:15,00:30,Hirsch,0,0,0
2025.04.19,00:30,00:45,Hirsch,0,1,1
2025.04.19,00:45,01:00,Hirsch,1,0,1
2025.04.19,01:00,01:15,Hirsch,1,0,1
2025.04.19,01:15,01:30,Hirsch,1,1,2
2025.04.19,01:30,01:45,Hirsch,0,0,0
2025.04.19,01:45,02:00,Hirsch,2,0,2
2025.04.19,02:00,02:15,Hirsch,0,0,0
2025.04.19,02:15,02:30,Hirsch,0,0,0
2025.04.19,02:30,02:45,Hirsch,0,0,0
2025.04.19,02:45,03:00,Hirsch,0,0,0
2025.04.19,03:00,03:15,Hirsch,1,0,1
2025.04.19,03:15,03:30,Hirsch,0,1,1
2025.04.19,03:30,03:45,Hirsch,0,0,0
2025.04.19,03:45,04:00,Hirsch,0,0,0
2025.04.19,04:00,04:15,Hirsch,0,0,0
2025.04.19,04:15,04:30,Hirsch,0,2,2
2025.04.19,04:30,04:45,Hirsch,0,0,0
2025.04.19,04:45,05:00,Hirsch,0,1,1
2025.04.19,05:00,05:15,Hirsch,0,2,2
2025.04.19,05:15,05:30,Hirsch,0,0,0
2025.04.19,05:30,05:45,Hirsch,0,0,0
2025.04.19,05:45,06:00,Hirsch,1,1,2
2025.04.19,06:00,06:15,Hirsch,0,1,1
2025.04.19,06:15,06:30,Hirsch,0,1,1
2025.04.19,06:30,06:45,Hirsch,0,1,1
2025.04.19,06:45,07:00,Hirsch,1,2,3
2025.04.19,07:00,07:15,Hirsch,0,0,0
2025.04.19,07:15,07:30,Hirsch,1,1,2
2025.04.19,07:30,07:45,Hirsch,1,3,4
2025.04.19,07:45,08:00,Hirsch,1,3,4
2025.04.19,08:00,08:15,Hirsch,1,1,2
2025.04.19,08:15,08:30,Hirsch,2,5,7
2025.04.19,08:30,08:45,Hirsch,4,2,6
2025.04.19,08:45,09:00,Hirsch,2,8,10
2025.04.19,09:00,09:15,Hirsch,4,9,13
2025.04.19,09:15,09:30,Hirsch,4,6,10
2025.04.19,09:30,09:45,Hirsch,1,1,2
2025.04.19,09:45,10:00,Hirsch,2,4,6
2025.04.19,10:00,10:15,Hirsch,4,8,12
2025.04.19,10:15,10:30,Hirsch,4,9,13
2025.04.19,10:30,10:45,Hirsch,10,13,23
2025.04.19,10:45,11:00,Hirsch,2,10,12
2025.04.19,11:00,11:15,Hirsch,5,8,13
2025.04.19,11:15,11:30,Hirsch,10,17,27
2025.04.19,11:30,11:45,Hirsch,10,7,17
2025.04.19,11:45,12:00,Hirsch,9,10,19
2025.04.19,12:00,12:15,Hirsch,7,13,20
2025.04.19,12:15,12:30,Hirsch,13,13,26
2025.04.19,12:30,12:45,Hirsch,12,4,16
2025.04.19,12:45,13:00,Hirsch,14,16,30
2025.04.19,13:00,13:15,Hirsch,7,1,8
2025.04.19,13:15,13:30,Hirsch,6,27,33
2025.04.19,13:30,13:45,Hirsch,18,10,28
2025.04.19,13:45,14:00,Hirsch,10,8,18
2025.04.19,14:00,14:15,Hirsch,12,10,22
2025.04.19,14:15,14:30,Hirsch,6,11,17
2025.04.19,14:30,14:45,Hirsch,20,13,33
2025.04.19,14:45,15:00,Hirsch,12,10,22
2025.04.19,15:00,15:15,Hirsch,10,12,22
2025.04.19,15:15,15:30,Hirsch,8,10,18
2025.04.19,15:30,15:45,Hirsch,18,24,42
2025.04.19,15:45,16:00,Hirsch,16,11,27
2025.04.19,16:00,16:15,Hirsch,15,15,30
2025.04.19,16:15,16:30,Hirsch,16,12,28
2025.04.19,16:30,16:45,Hirsch,16,10,26
2025.04.19,16:45,17:00,Hirsch,16,14,30
2025.04.19,17:00,17:15,Hirsch,8,16,24
2025.04.19,17:15,17:30,Hirsch,13,20,33
2025.04.19,17:30,17:45,Hirsch,13,17,30
2025.04.19,17:45,18:00,Hirsch,9,7,16
2025.04.19,18:00,18:15,Hirsch,17,16,33
2025.04.19,18:15,18:30,Hirsch,8,10,18
2025.04.19,18:30,18:45,Hirsch,11,7,18
2025.04.19,18:45,19:00,Hirsch,13,7,20
2025.04.19,19:00,19:15,Hirsch,5,9,14
2025.04.19,19:15,19:30,Hirsch,4,4,8
2025.04.19,19:30,19:45,Hirsch,9,7,16
2025.04.19,19:45,20:00,Hirsch,13,4,17
2025.04.19,20:00,20:15,Hirsch,6,7,13
2025.04.19,20:15,20:30,Hirsch,4,3,7
2025.04.19,20:30,20:45,Hirsch,5,1,6
2025.04.19,20:45,21:00,Hirsch,3,3,6
2025.04.19,21:00,21:15,Hirsch,1,0,1
2025.04.19,21:15,21:30,Hirsch,6,1,7
2025.04.19,21:30,21:45,Hirsch,2,3,5
2025.04.19,21:45,22:00,Hirsch,9,0,9
2025.04.19,22:00,22:15,Hirsch,5,1,6
2025.04.19,22:15,22:30,Hirsch,2,0,2
2025.04.19,22:30,22:45,Hirsch,2,4,6
2025.04.19,22:45,23:00,Hirsch,2,0,2
2025.04.19,23:00,23:15,Hirsch,4,1,5
2025.04.19,23:15,23:30,Hirsch,3,0,3
2025.04.19,23:30,23:45,Hirsch,0,3,3
2025.04.19,23:45,00:00,Hirsch,2,0,2
2025.04.20,00:00,00:15,Hirsch,0,2,2
2025.04.20,00:15,00:30,Hirsch,3,0,3
2025.04.20,00:30,00:45,Hirsch,0,1,1
2025.04.20,00:45,01:00,Hirsch,0,0,0
2025.04.20,01:00,01:15,Hirsch,0,0,0
2025.04.20,01:15,01:30,Hirsch,3,1,4
2025.04.20,01:30,01:45,Hirsch,1,0,1
2025.04.20,01:45,02:00,Hirsch,1,0,1
2025.04.20,02:00,02:15,Hirsch,0,0,0
2025.04.20,02:15,02:30,Hirsch,1,0,1
2025.04.20,02:30,02:45,Hirsch,0,0,0
2025.04.20,02:45,03:00,Hirsch,1,0,1
2025.04.20,03:00,03:15,Hirsch,0,0,0
2025.04.20,03:15,03:30,Hirsch,0,0,0
2025.04.20,03:30,03:45,Hirsch,1,0,1
2025.04.20,03:45,04:00,Hirsch,0,0,0
2025.04.20,04:00,04:15,Hirsch,0,0,0
2025.04.20,04:15,04:30,Hirsch,0,0,0
2025.04.20,04:30,04:45,Hirsch,0,0,0
2025.04.20,04:45,05:00,Hirsch,0,0,0
2025.04.20,05:00,05:15,Hirsch,0,1,1
2025.04.20,05:15,05:30,Hirsch,0,0,0
2025.04.20,05:30,05:45,Hirsch,1,2,3
2025.04.20,05:45,06:00,Hirsch,0,1,1
2025.04.20,06:00,06:15,Hirsch,3,0,3
2025.04.20,06:15,06:30,Hirsch,1,0,1
2025.04.20,06:30,06:45,Hirsch,0,1,1
2025.04.20,06:45,07:00,Hirsch,0,2,2
2025.04.20,07:00,07:15,Hirsch,0,0,0
2025.04.20,07:15,07:30,Hirsch,0,1,1
2025.04.20,07:30,07:45,Hirsch,1,1,2
2025.04.20,07:45,08:00,Hirsch,2,2,4
2025.04.20,08:00,08:15,Hirsch,3,6,9
2025.04.20,08:15,08:30,Hirsch,0,1,1
2025.04.20,08:30,08:45,Hirsch,3,3,6
2025.04.20,08:45,09:00,Hirsch,2,4,6
2025.04.20,09:00,09:15,Hirsch,3,8,11
2025.04.20,09:15,09:30,Hirsch,3,5,8
2025.04.20,09:30,09:45,Hirsch,7,8,15
2025.04.20,09:45,10:00,Hirsch,4,15,19
2025.04.20,10:00,10:15,Hirsch,3,4,7
2025.04.20,10:15,10:30,Hirsch,11,12,23
2025.04.20,10:30,10:45,Hirsch,9,4,13
2025.04.20,10:45,11:00,Hirsch,7,14,21
2025.04.20,11:00,11:15,Hirsch,5,12,17
2025.04.20,11:15,11:30,Hirsch,10,11,21
2025.04.20,11:30,11:45,Hirsch,8,5,13
2025.04.20,11:45,12:00,Hirsch,11,7,18
2025.04.20,12:00,12:15,Hirsch,15,5,20
2025.04.20,12:15,12:30,Hirsch,15,14,29
2025.04.20,12:30,12:45,Hirsch,11,8,19
2025.04.20,12:45,13:00,Hirsch,12,14,26
2025.04.20,13:00,13:15,Hirsch,19,2,21
2025.04.20,13:15,13:30,Hirsch,11,13,24
2025.04.20,13:30,13:45,Hirsch,8,11,19
2025.04.20,13:45,14:00,Hirsch,11,6,17
2025.04.20,14:00,14:15,Hirsch,6,12,18
2025.04.20,14:15,14:30,Hirsch,5,13,18
2025.04.20,14:30,14:45,Hirsch,11,11,22
2025.04.20,14:45,15:00,Hirsch,13,11,24
2025.04.20,15:00,15:15,Hirsch,7,12,19
2025.04.20,15:15,15:30,Hirsch,11,13,24
2025.04.20,15:30,15:45,Hirsch,12,10,22
2025.04.20,15:45,16:00,Hirsch,7,15,22
2025.04.20,16:00,16:15,Hirsch,8,8,16
2025.04.20,16:15,16:30,Hirsch,10,12,22
2025.04.20,16:30,16:45,Hirsch,10,3,13
2025.04.20,16:45,17:00,Hirsch,17,8,25
2025.04.20,17:00,17:15,Hirsch,12,10,22
2025.04.20,17:15,17:30,Hirsch,8,14,22
2025.04.20,17:30,17:45,Hirsch,9,9,18
2025.04.20,17:45,18:00,Hirsch,11,6,17
2025.04.20,18:00,18:15,Hirsch,3,2,5
2025.04.20,18:15,18:30,Hirsch,4,11,15
2025.04.20,18:30,18:45,Hirsch,5,8,13
2025.04.20,18:45,19:00,Hirsch,4,6,10
2025.04.20,19:00,19:15,Hirsch,2,1,3
2025.04.20,19:15,19:30,Hirsch,6,4,10
2025.04.20,19:30,19:45,Hirsch,0,6,6
2025.04.20,19:45,20:00,Hirsch,2,3,5
2025.04.20,20:00,20:15,Hirsch,5,3,8
2025.04.20,20:15,20:30,Hirsch,1,2,3
2025.04.20,20:30,20:45,Hirsch,9,4,13
2025.04.20,20:45,21:00,Hirsch,3,8,11
2025.04.20,21:00,21:15,Hirsch,0,3,3
2025.04.20,21:15,21:30,Hirsch,3,1,4
2025.04.20,21:30,21:45,Hirsch,6,2,8
2025.04.20,21:45,22:00,Hirsch,4,1,5
2025.04.20,22:00,22:15,Hirsch,3,3,6
2025.04.20,22:15,22:30,Hirsch,4,1,5
2025.04.20,22:30,22:45,Hirsch,3,2,5
2025.04.20,22:45,23:00,Hirsch,1,0,1
2025.04.20,23:00,23:15,Hirsch,2,0,2
2025.04.20,23:15,23:30,Hirsch,0,0,0
2025.04.20,23:30,23:45,Hirsch,0,0,0
2025.04.20,23:45,00:00,Hirsch,1,0,1
2025.04.21,00:00,00:15,Hirsch,0,0,0
2025.04.21,00:15,00:30,Hirsch,3,0,3
2025.04.21,00:30,00:45,Hirsch,1,0,1
2025.04.21,00:45,01:00,Hirsch,0,0,0
2025.04.21,01:00,01:15,Hirsch,0,0,0
2025.04.21,01:15,01:30,Hirsch,0,0,0
2025.04.21,01:30,01:45,Hirsch,0,0,0
2025.04.21,01:45,02:00,Hirsch,1,1,2
2025.04.21,02:00,02:15,Hirsch,1,0,1
2025.04.21,02:15,02:30,Hirsch,0,0,0
2025.04.21,02:30,02:45,Hirsch,0,0,0
2025.04.21,02:45,03:00,Hirsch,1,0,1
2025.04.21,03:00,03:15,Hirsch,0,0,0
2025.04.21,03:15,03:30,Hirsch,1,0,1
2025.04.21,03:30,03:45,Hirsch,0,0,0
2025.04.21,03:45,04:00,Hirsch,0,0,0
2025.04.21,04:00,04:15,Hirsch,0,0,0
2025.04.21,04:15,04:30,Hirsch,0,0,0
2025.04.21,04:30,04:45,Hirsch,0,1,1
2025.04.21,04:45,05:00,Hirsch,0,0,0
2025.04.21,05:00,05:15,Hirsch,0,0,0
2025.04.21,05:15,05:30,Hirsch,0,1,1
2025.04.21,05:30,05:45,Hirsch,1,1,2
2025.04.21,05:45,06:00,Hirsch,1,3,4
2025.04.21,06:00,06:15,Hirsch,1,0,1
2025.04.21,06:15,06:30,Hirsch,1,0,1
2025.04.21,06:30,06:45,Hirsch,0,0,0
2025.04.21,06:45,07:00,Hirsch,0,1,1
2025.04.21,07:00,07:15,Hirsch,0,2,2
2025.04.21,07:15,07:30,Hirsch,1,3,4
2025.04.21,07:30,07:45,Hirsch,0,1,1
2025.04.21,07:45,08:00,Hirsch,1,0,1
2025.04.21,08:00,08:15,Hirsch,2,2,4
2025.04.21,08:15,08:30,Hirsch,0,2,2
2025.04.21,08:30,08:45,Hirsch,0,2,2
2025.04.21,08:45,09:00,Hirsch,1,4,5
2025.04.21,09:00,09:15,Hirsch,1,1,2
2025.04.21,09:15,09:30,Hirsch,1,4,5
2025.04.21,09:30,09:45,Hirsch,2,7,9
2025.04.21,09:45,10:00,Hirsch,1,7,8
2025.04.21,10:00,10:15,Hirsch,1,4,5
2025.04.21,10:15,10:30,Hirsch,4,8,12
2025.04.21,10:30,10:45,Hirsch,4,5,9
2025.04.21,10:45,11:00,Hirsch,4,2,6
2025.04.21,11:00,11:15,Hirsch,4,3,7
2025.04.21,11:15,11:30,Hirsch,12,2,14
2025.04.21,11:30,11:45,Hirsch,9,7,16
2025.04.21,11:45,12:00,Hirsch,13,5,18
2025.04.21,12:00,12:15,Hirsch,7,12,19
2025.04.21,12:15,12:30,Hirsch,4,11,15
2025.04.21,12:30,12:45,Hirsch,8,9,17
2025.04.21,12:45,13:00,Hirsch,6,8,14
2025.04.21,13:00,13:15,Hirsch,7,10,17
2025.04.21,13:15,13:30,Hirsch,7,2,9
2025.04.21,13:30,13:45,Hirsch,8,4,12
2025.04.21,13:45,14:00,Hirsch,11,17,28
2025.04.21,14:00,14:15,Hirsch,10,9,19
2025.04.21,14:15,14:30,Hirsch,4,15,19
2025.04.21,14:30,14:45,Hirsch,4,9,13
2025.04.21,14:45,15:00,Hirsch,19,6,25
2025.04.21,15:00,15:15,Hirsch,7,17,24
2025.04.21,15:15,15:30,Hirsch,14,10,24
2025.04.21,15:30,15:45,Hirsch,13,9,22
2025.04.21,15:45,16:00,Hirsch,6,7,13
2025.04.21,16:00,16:15,Hirsch,6,8,14
2025.04.21,16:15,16:30,Hirsch,21,7,28
2025.04.21,16:30,16:45,Hirsch,15,10,25
2025.04.21,16:45,17:00,Hirsch,20,13,33
2025.04.21,17:00,17:15,Hirsch,18,9,27
2025.04.21,17:15,17:30,Hirsch,5,12,17
2025.04.21,17:30,17:45,Hirsch,28,15,43
2025.04.21,17:45,18:00,Hirsch,14,17,31
2025.04.21,18:00,18:15,Hirsch,7,6,13
2025.04.21,18:15,18:30,Hirsch,5,11,16
2025.04.21,18:30,18:45,Hirsch,8,16,24
2025.04.21,18:45,19:00,Hirsch,13,10,23
2025.04.21,19:00,19:15,Hirsch,9,10,19
2025.04.21,19:15,19:30,Hirsch,7,9,16
2025.04.21,19:30,19:45,Hirsch,5,5,10
2025.04.21,19:45,20:00,Hirsch,3,8,11
2025.04.21,20:00,20:15,Hirsch,1,2,3
2025.04.21,20:15,20:30,Hirsch,1,4,5
2025.04.21,20:30,20:45,Hirsch,4,2,6
2025.04.21,20:45,21:00,Hirsch,9,3,12
2025.04.21,21:00,21:15,Hirsch,1,1,2
2025.04.21,21:15,21:30,Hirsch,3,2,5
2025.04.21,21:30,21:45,Hirsch,0,4,4
2025.04.21,21:45,22:00,Hirsch,3,1,4
2025.04.21,22:00,22:15,Hirsch,2,1,3
2025.04.21,22:15,22:30,Hirsch,2,0,2
2025.04.21,22:30,22:45,Hirsch,0,0,0
2025.04.21,22:45,23:00,Hirsch,0,0,0
2025.04.21,23:00,23:15,Hirsch,1,1,2
2025.04.21,23:15,23:30,Hirsch,0,0,0
2025.04.21,23:30,23:45,Hirsch,2,0,2
2025.04.21,23:45,00:00,Hirsch,0,0,0
2025.04.22,00:00,00:15,Hirsch,0,0,0
2025.04.22,00:15,00:30,Hirsch,0,3,3
2025.04.22,00:30,00:45,Hirsch,0,0,0
2025.04.22,00:45,01:00,Hirsch,1,0,1
2025.04.22,01:00,01:15,Hirsch,0,0,0
2025.04.22,01:15,01:30,Hirsch,0,0,0
2025.04.22,01:30,01:45,Hirsch,0,0,0
2025.04.22,01:45,02:00,Hirsch,0,0,0
2025.04.22,02:00,02:15,Hirsch,0,0,0
2025.04.22,02:15,02:30,Hirsch,0,0,0
2025.04.22,02:30,02:45,Hirsch,0,0,0
2025.04.22,02:45,03:00,Hirsch,0,0,0
2025.04.22,03:00,03:15,Hirsch,0,0,0
2025.04.22,03:15,03:30,Hirsch,0,0,0
2025.04.22,03:30,03:45,Hirsch,0,1,1
2025.04.22,03:45,04:00,Hirsch,0,0,0
2025.04.22,04:00,04:15,Hirsch,0,1,1
2025.04.22,04:15,04:30,Hirsch,0,0,0
2025.04.22,04:30,04:45,Hirsch,0,0,0
2025.04.22,04:45,05:00,Hirsch,0,0,0
2025.04.22,05:00,05:15,Hirsch,1,1,2
2025.04.22,05:15,05:30,Hirsch,0,3,3
2025.04.22,05:30,05:45,Hirsch,0,5,5
2025.04.22,05:45,06:00,Hirsch,1,11,12
2025.04.22,06:00,06:15,Hirsch,1,4,5
2025.04.22,06:15,06:30,Hirsch,1,14,15
2025.04.22,06:30,06:45,Hirsch,2,11,13
2025.04.22,06:45,07:00,Hirsch,3,22,25
2025.04.22,07:00,07:15,Hirsch,4,31,35
2025.04.22,07:15,07:30,Hirsch,7,38,45
2025.04.22,07:30,07:45,Hirsch,6,36,42
2025.04.22,07:45,08:00,Hirsch,10,60,70
2025.04.22,08:00,08:15,Hirsch,8,70,78
2025.04.22,08:15,08:30,Hirsch,11,77,88
2025.04.22,08:30,08:45,Hirsch,6,63,69
2025.04.22,08:45,09:00,Hirsch,16,64,80
2025.04.22,09:00,09:15,Hirsch,9,36,45
2025.04.22,09:15,09:30,Hirsch,5,28,33
2025.04.22,09:30,09:45,Hirsch,3,30,33
2025.04.22,09:45,10:00,Hirsch,7,19,26
2025.04.22,10:00,10:15,Hirsch,5,16,21
2025.04.22,10:15,10:30,Hirsch,3,12,15
2025.04.22,10:30,10:45,Hirsch,6,5,11
2025.04.22,10:45,11:00,Hirsch,2,12,14
2025.04.22,11:00,11:15,Hirsch,5,10,15
2025.04.22,11:15,11:30,Hirsch,6,10,16
2025.04.22,11:30,11:45,Hirsch,9,14,23
2025.04.22,11:45,12:00,Hirsch,2,10,12
2025.04.22,12:00,12:15,Hirsch,5,7,12
2025.04.22,12:15,12:30,Hirsch,5,7,12
2025.04.22,12:30,12:45,Hirsch,16,15,31
2025.04.22,12:45,13:00,Hirsch,2,12,14
2025.04.22,13:00,13:15,Hirsch,5,6,11
2025.04.22,13:15,13:30,Hirsch,23,14,37
2025.04.22,13:30,13:45,Hirsch,11,10,21
2025.04.22,13:45,14:00,Hirsch,13,7,20
2025.04.22,14:00,14:15,Hirsch,14,9,23
2025.04.22,14:15,14:30,Hirsch,15,4,19
2025.04.22,14:30,14:45,Hirsch,11,14,25
2025.04.22,14:45,15:00,Hirsch,23,17,40
2025.04.22,15:00,15:15,Hirsch,14,5,19
2025.04.22,15:15,15:30,Hirsch,16,20,36
2025.04.22,15:30,15:45,Hirsch,37,15,52
2025.04.22,15:45,16:00,Hirsch,31,15,46
2025.04.22,16:00,16:15,Hirsch,31,11,42
2025.04.22,16:15,16:30,Hirsch,45,20,65
2025.04.22,16:30,16:45,Hirsch,44,9,53
2025.04.22,16:45,17:00,Hirsch,49,14,63
2025.04.22,17:00,17:15,Hirsch,45,10,55
2025.04.22,17:15,17:30,Hirsch,56,12,68
2025.04.22,17:30,17:45,Hirsch,36,18,54
2025.04.22,17:45,18:00,Hirsch,43,15,58
2025.04.22,18:00,18:15,Hirsch,48,8,56
2025.04.22,18:15,18:30,Hirsch,45,14,59
2025.04.22,18:30,18:45,Hirsch,38,14,52
2025.04.22,18:45,19:00,Hirsch,33,12,45
2025.04.22,19:00,19:15,Hirsch,24,3,27
2025.04.22,19:15,19:30,Hirsch,32,10,42
2025.04.22,19:30,19:45,Hirsch,18,11,29
2025.04.22,19:45,20:00,Hirsch,19,9,28
2025.04.22,20:00,20:15,Hirsch,15,7,22
2025.04.22,20:15,20:30,Hirsch,13,4,17
2025.04.22,20:30,20:45,Hirsch,6,0,6
2025.04.22,20:45,21:00,Hirsch,14,3,17
2025.04.22,21:00,21:15,Hirsch,2,3,5
2025.04.22,21:15,21:30,Hirsch,11,1,12
2025.04.22,21:30,21:45,Hirsch,9,3,12
2025.04.22,21:45,22:00,Hirsch,8,1,9
2025.04.22,22:00,22:15,Hirsch,4,2,6
2025.04.22,22:15,22:30,Hirsch,3,0,3
2025.04.22,22:30,22:45,Hirsch,3,0,3
2025.04.22,22:45,23:00,Hirsch,4,4,8
2025.04.22,23:00,23:15,Hirsch,3,1,4
2025.04.22,23:15,23:30,Hirsch,3,2,5
2025.04.22,23:30,23:45,Hirsch,4,0,4
2025.04.22,23:45,00:00,Hirsch,0,0,0
2025.04.23,00:00,00:15,Hirsch,1,0,1
2025.04.23,00:15,00:30,Hirsch,1,0,1
2025.04.23,00:30,00:45,Hirsch,2,0,2
2025.04.23,00:45,01:00,Hirsch,0,0,0
2025.04.23,01:00,01:15,Hirsch,0,0,0
2025.04.23,01:15,01:30,Hirsch,1,1,2
2025.04.23,01:30,01:45,Hirsch,0,0,0
2025.04.23,01:45,02:00,Hirsch,0,0,0
2025.04.23,02:00,02:15,Hirsch,0,0,0
2025.04.23,02:15,02:30,Hirsch,0,0,0
2025.04.23,02:30,02:45,Hirsch,1,0,1
2025.04.23,02:45,03:00,Hirsch,0,0,0
2025.04.23,03:00,03:15,Hirsch,0,0,0
2025.04.23,03:15,03:30,Hirsch,0,0,0
2025.04.23,03:30,03:45,Hirsch,0,0,0
2025.04.23,03:45,04:00,Hirsch,1,0,1
2025.04.23,04:00,04:15,Hirsch,0,0,0
2025.04.23,04:15,04:30,Hirsch,0,0,0
2025.04.23,04:30,04:45,Hirsch,0,0,0
2025.04.23,04:45,05:00,Hirsch,0,2,2
2025.04.23,05:00,05:15,Hirsch,1,1,2
2025.04.23,05:15,05:30,Hirsch,0,1,1
2025.04.23,05:30,05:45,Hirsch,1,8,9
2025.04.23,05:45,06:00,Hirsch,0,7,7
2025.04.23,06:00,06:15,Hirsch,1,10,11
2025.04.23,06:15,06:30,Hirsch,2,9,11
2025.04.23,06:30,06:45,Hirsch,0,16,16
2025.04.23,06:45,07:00,Hirsch,4,22,26
2025.04.23,07:00,07:15,Hirsch,0,29,29
2025.04.23,07:15,07:30,Hirsch,11,42,53
2025.04.23,07:30,07:45,Hirsch,8,51,59
2025.04.23,07:45,08:00,Hirsch,9,54,63
2025.04.23,08:00,08:15,Hirsch,7,46,53
2025.04.23,08:15,08:30,Hirsch,9,77,86
2025.04.23,08:30,08:45,Hirsch,15,57,72
2025.04.23,08:45,09:00,Hirsch,3,51,54
2025.04.23,09:00,09:15,Hirsch,9,32,41
2025.04.23,09:15,09:30,Hirsch,6,30,36
2025.04.23,09:30,09:45,Hirsch,4,21,25
2025.04.23,09:45,10:00,Hirsch,5,19,24
2025.04.23,10:00,10:15,Hirsch,7,9,16
2025.04.23,10:15,10:30,Hirsch,4,15,19
2025.04.23,10:30,10:45,Hirsch,10,10,20
2025.04.23,10:45,11:00,Hirsch,7,11,18
2025.04.23,11:00,11:15,Hirsch,6,5,11
2025.04.23,11:15,11:30,Hirsch,7,11,18
2025.04.23,11:30,11:45,Hirsch,9,12,21
2025.04.23,11:45,12:00,Hirsch,11,7,18
2025.04.23,12:00,12:15,Hirsch,10,13,23
2025.04.23,12:15,12:30,Hirsch,8,10,18
2025.04.23,12:30,12:45,Hirsch,8,10,18
2025.04.23,12:45,13:00,Hirsch,14,7,21
2025.04.23,13:00,13:15,Hirsch,12,11,23
2025.04.23,13:15,13:30,Hirsch,9,7,16
2025.04.23,13:30,13:45,Hirsch,13,10,23
2025.04.23,13:45,14:00,Hirsch,11,10,21
2025.04.23,14:00,14:15,Hirsch,16,18,34
2025.04.23,14:15,14:30,Hirsch,18,8,26
2025.04.23,14:30,14:45,Hirsch,14,14,28
2025.04.23,14:45,15:00,Hirsch,15,5,20
2025.04.23,15:00,15:15,Hirsch,12,17,29
2025.04.23,15:15,15:30,Hirsch,28,9,37
2025.04.23,15:30,15:45,Hirsch,21,16,37
2025.04.23,15:45,16:00,Hirsch,23,10,33
2025.04.23,16:00,16:15,Hirsch,32,12,44
2025.04.23,16:15,16:30,Hirsch,32,9,41
2025.04.23,16:30,16:45,Hirsch,42,18,60
2025.04.23,16:45,17:00,Hirsch,31,11,42
2025.04.23,17:00,17:15,Hirsch,54,12,66
2025.04.23,17:15,17:30,Hirsch,43,19,62
2025.04.23,17:30,17:45,Hirsch,50,17,67
2025.04.23,17:45,18:00,Hirsch,52,16,68
2025.04.23,18:00,18:15,Hirsch,35,13,48
2025.04.23,18:15,18:30,Hirsch,36,16,52
2025.04.23,18:30,18:45,Hirsch,43,10,53
2025.04.23,18:45,19:00,Hirsch,23,8,31
2025.04.23,19:00,19:15,Hirsch,24,5,29
2025.04.23,19:15,19:30,Hirsch,18,3,21
2025.04.23,19:30,19:45,Hirsch,16,1,17
2025.04.23,19:45,20:00,Hirsch,15,2,17
2025.04.23,20:00,20:15,Hirsch,12,5,17
2025.04.23,20:15,20:30,Hirsch,11,3,14
2025.04.23,20:30,20:45,Hirsch,8,0,8
2025.04.23,20:45,21:00,Hirsch,5,2,7
2025.04.23,21:00,21:15,Hirsch,4,4,8
2025.04.23,21:15,21:30,Hirsch,4,1,5
2025.04.23,21:30,21:45,Hirsch,2,0,2
2025.04.23,21:45,22:00,Hirsch,2,2,4
2025.04.23,22:00,22:15,Hirsch,4,2,6
2025.04.23,22:15,22:30,Hirsch,5,2,7
2025.04.23,22:30,22:45,Hirsch,4,2,6
2025.04.23,22:45,23:00,Hirsch,1,1,2
2025.04.23,23:00,23:15,Hirsch,0,1,1
2025.04.23,23:15,23:30,Hirsch,1,0,1
2025.04.23,23:30,23:45,Hirsch,2,1,3
2025.04.23,23:45,00:00,Hirsch,0,0,0
2025.04.24,00:00,00:15,Hirsch,0,0,0
2025.04.24,00:15,00:30,Hirsch,0,0,0
2025.04.24,00:30,00:45,Hirsch,2,0,2
2025.04.24,00:45,01:00,Hirsch,0,0,0
2025.04.24,01:00,01:15,Hirsch,1,1,2
2025.04.24,01:15,01:30,Hirsch,1,0,1
2025.04.24,01:30,01:45,Hirsch,0,0,0
2025.04.24,01:45,02:00,Hirsch,1,0,1
2025.04.24,02:00,02:15,Hirsch,0,0,0
2025.04.24,02:15,02:30,Hirsch,0,0,0
2025.04.24,02:30,02:45,Hirsch,1,0,1
2025.04.24,02:45,03:00,Hirsch,0,0,0
2025.04.24,03:00,03:15,Hirsch,0,0,0
2025.04.24,03:15,03:30,Hirsch,0,0,0
2025.04.24,03:30,03:45,Hirsch,0,0,0
2025.04.24,03:45,04:00,Hirsch,0,0,0
2025.04.24,04:00,04:15,Hirsch,0,0,0
2025.04.24,04:15,04:30,Hirsch,0,0,0
2025.04.24,04:30,04:45,Hirsch,1,0,1
2025.04.24,04:45,05:00,Hirsch,0,1,1
2025.04.24,05:00,05:15,Hirsch,1,1,2
2025.04.24,05:15,05:30,Hirsch,0,4,4
2025.04.24,05:30,05:45,Hirsch,1,3,4
2025.04.24,05:45,06:00,Hirsch,0,4,4
2025.04.24,06:00,06:15,Hirsch,0,6,6
2025.04.24,06:15,06:30,Hirsch,1,5,6
2025.04.24,06:30,06:45,Hirsch,0,10,10
2025.04.24,06:45,07:00,Hirsch,4,17,21
2025.04.24,07:00,07:15,Hirsch,3,15,18
2025.04.24,07:15,07:30,Hirsch,5,23,28
2025.04.24,07:30,07:45,Hirsch,6,36,42
2025.04.24,07:45,08:00,Hirsch,8,36,44
2025.04.24,08:00,08:15,Hirsch,8,38,46
2025.04.24,08:15,08:30,Hirsch,9,56,65
2025.04.24,08:30,08:45,Hirsch,5,51,56
2025.04.24,08:45,09:00,Hirsch,9,37,46
2025.04.24,09:00,09:15,Hirsch,7,21,28
2025.04.24,09:15,09:30,Hirsch,6,16,22
2025.04.24,09:30,09:45,Hirsch,4,20,24
2025.04.24,09:45,10:00,Hirsch,6,9,15
2025.04.24,10:00,10:15,Hirsch,4,8,12
2025.04.24,10:15,10:30,Hirsch,0,5,5
2025.04.24,10:30,10:45,Hirsch,10,4,14
2025.04.24,10:45,11:00,Hirsch,4,8,12
2025.04.24,11:00,11:15,Hirsch,3,8,11
2025.04.24,11:15,11:30,Hirsch,3,5,8
2025.04.24,11:30,11:45,Hirsch,3,6,9
2025.04.24,11:45,12:00,Hirsch,7,3,10
2025.04.24,12:00,12:15,Hirsch,5,5,10
2025.04.24,12:15,12:30,Hirsch,2,9,11
2025.04.24,12:30,12:45,Hirsch,3,4,7
2025.04.24,12:45,13:00,Hirsch,6,6,12
2025.04.24,13:00,13:15,Hirsch,8,7,15
2025.04.24,13:15,13:30,Hirsch,11,3,14
2025.04.24,13:30,13:45,Hirsch,5,4,9
2025.04.24,13:45,14:00,Hirsch,9,7,16
2025.04.24,14:00,14:15,Hirsch,12,8,20
2025.04.24,14:15,14:30,Hirsch,9,2,11
2025.04.24,14:30,14:45,Hirsch,13,9,22
2025.04.24,14:45,15:00,Hirsch,12,7,19
2025.04.24,15:00,15:15,Hirsch,10,7,17
2025.04.24,15:15,15:30,Hirsch,14,6,20
2025.04.24,15:30,15:45,Hirsch,17,6,23
2025.04.24,15:45,16:00,Hirsch,15,13,28
2025.04.24,16:00,16:15,Hirsch,13,10,23
2025.04.24,16:15,16:30,Hirsch,26,5,31
2025.04.24,16:30,16:45,Hirsch,17,6,23
2025.04.24,16:45,17:00,Hirsch,28,5,33
2025.04.24,17:00,17:15,Hirsch,22,10,32
2025.04.24,17:15,17:30,Hirsch,35,8,43
2025.04.24,17:30,17:45,Hirsch,29,17,46
2025.04.24,17:45,18:00,Hirsch,25,11,36
2025.04.24,18:00,18:15,Hirsch,20,15,35
2025.04.24,18:15,18:30,Hirsch,40,10,50
2025.04.24,18:30,18:45,Hirsch,38,6,44
2025.04.24,18:45,19:00,Hirsch,31,8,39
2025.04.24,19:00,19:15,Hirsch,23,9,32
2025.04.24,19:15,19:30,Hirsch,15,8,23
2025.04.24,19:30,19:45,Hirsch,17,11,28
2025.04.24,19:45,20:00,Hirsch,12,3,15
2025.04.24,20:00,20:15,Hirsch,13,3,16
2025.04.24,20:15,20:30,Hirsch,8,0,8
2025.04.24,20:30,20:45,Hirsch,6,3,9
2025.04.24,20:45,21:00,Hirsch,6,4,10
2025.04.24,21:00,21:15,Hirsch,4,5,9
2025.04.24,21:15,21:30,Hirsch,12,3,15
2025.04.24,21:30,21:45,Hirsch,6,5,11
2025.04.24,21:45,22:00,Hirsch,9,3,12
2025.04.24,22:00,22:15,Hirsch,9,0,9
2025.04.24,22:15,22:30,Hirsch,6,0,6
2025.04.24,22:30,22:45,Hirsch,4,4,8
2025.04.24,22:45,23:00,Hirsch,2,3,5
2025.04.24,23:00,23:15,Hirsch,4,0,4
2025.04.24,23:15,23:30,Hirsch,3,1,4
2025.04.24,23:30,23:45,Hirsch,5,1,6
2025.04.24,23:45,00:00,Hirsch,2,0,2
2025.04.25,00:00,00:15,Hirsch,2,0,2
2025.04.25,00:15,00:30,Hirsch,4,2,6
2025.04.25,00:30,00:45,Hirsch,0,1,1
2025.04.25,00:45,01:00,Hirsch,1,0,1
2025.04.25,01:00,01:15,Hirsch,2,0,2
2025.04.25,01:15,01:30,Hirsch,0,0,0
2025.04.25,01:30,01:45,Hirsch,1,0,1
2025.04.25,01:45,02:00,Hirsch,0,0,0
2025.04.25,02:00,02:15,Hirsch,0,0,0
2025.04.25,02:15,02:30,Hirsch,0,0,0
2025.04.25,02:30,02:45,Hirsch,0,0,0
2025.04.25,02:45,03:00,Hirsch,1,0,1
2025.04.25,03:00,03:15,Hirsch,0,0,0
2025.04.25,03:15,03:30,Hirsch,0,0,0
2025.04.25,03:30,03:45,Hirsch,1,0,1
2025.04.25,03:45,04:00,Hirsch,0,0,0
2025.04.25,04:00,04:15,Hirsch,0,0,0
2025.04.25,04:15,04:30,Hirsch,0,0,0
2025.04.25,04:30,04:45,Hirsch,0,0,0
2025.04.25,04:45,05:00,Hirsch,0,1,1
2025.04.25,05:00,05:15,Hirsch,1,1,2
2025.04.25,05:15,05:30,Hirsch,0,3,3
2025.04.25,05:30,05:45,Hirsch,0,4,4
2025.04.25,05:45,06:00,Hirsch,1,3,4
2025.04.25,06:00,06:15,Hirsch,0,1,1
2025.04.25,06:15,06:30,Hirsch,2,7,9
2025.04.25,06:30,06:45,Hirsch,1,7,8
2025.04.25,06:45,07:00,Hirsch,3,11,14
2025.04.25,07:00,07:15,Hirsch,2,13,15
2025.04.25,07:15,07:30,Hirsch,3,19,22
2025.04.25,07:30,07:45,Hirsch,8,24,32
2025.04.25,07:45,08:00,Hirsch,8,45,53
2025.04.25,08:00,08:15,Hirsch,7,29,36
2025.04.25,08:15,08:30,Hirsch,10,44,54
2025.04.25,08:30,08:45,Hirsch,7,36,43
2025.04.25,08:45,09:00,Hirsch,10,26,36
2025.04.25,09:00,09:15,Hirsch,1,18,19
2025.04.25,09:15,09:30,Hirsch,1,24,25
2025.04.25,09:30,09:45,Hirsch,5,17,22
2025.04.25,09:45,10:00,Hirsch,3,7,10
2025.04.25,10:00,10:15,Hirsch,2,15,17
2025.04.25,10:15,10:30,Hirsch,4,9,13
2025.04.25,10:30,10:45,Hirsch,7,3,10
2025.04.25,10:45,11:00,Hirsch,5,5,10
2025.04.25,11:00,11:15,Hirsch,4,7,11
2025.04.25,11:15,11:30,Hirsch,3,4,7
2025.04.25,11:30,11:45,Hirsch,9,1,10
2025.04.25,11:45,12:00,Hirsch,7,7,14
2025.04.25,12:00,12:15,Hirsch,10,14,24
2025.04.25,12:15,12:30,Hirsch,11,5,16
2025.04.25,12:30,12:45,Hirsch,12,6,18
2025.04.25,12:45,13:00,Hirsch,12,1,13
2025.04.25,13:00,13:15,Hirsch,9,7,16
2025.04.25,13:15,13:30,Hirsch,13,10,23
2025.04.25,13:30,13:45,Hirsch,10,9,19
2025.04.25,13:45,14:00,Hirsch,13,11,24
2025.04.25,14:00,14:15,Hirsch,5,7,12
2025.04.25,14:15,14:30,Hirsch,15,11,26
2025.04.25,14:30,14:45,Hirsch,12,16,28
2025.04.25,14:45,15:00,Hirsch,11,6,17
2025.04.25,15:00,15:15,Hirsch,17,6,23
2025.04.25,15:15,15:30,Hirsch,20,3,23
2025.04.25,15:30,15:45,Hirsch,15,6,21
2025.04.25,15:45,16:00,Hirsch,13,15,28
2025.04.25,16:00,16:15,Hirsch,29,13,42
2025.04.25,16:15,16:30,Hirsch,20,11,31
2025.04.25,16:30,16:45,Hirsch,23,7,30
2025.04.25,16:45,17:00,Hirsch,14,7,21
2025.04.25,17:00,17:15,Hirsch,17,7,24
2025.04.25,17:15,17:30,Hirsch,18,5,23
2025.04.25,17:30,17:45,Hirsch,21,6,27
2025.04.25,17:45,18:00,Hirsch,34,11,45
2025.04.25,18:00,18:15,Hirsch,37,12,49
2025.04.25,18:15,18:30,Hirsch,12,7,19
2025.04.25,18:30,18:45,Hirsch,7,11,18
2025.04.25,18:45,19:00,Hirsch,15,3,18
2025.04.25,19:00,19:15,Hirsch,14,7,21
2025.04.25,19:15,19:30,Hirsch,11,3,14
2025.04.25,19:30,19:45,Hirsch,7,3,10
2025.04.25,19:45,20:00,Hirsch,8,4,12
2025.04.25,20:00,20:15,Hirsch,12,8,20
2025.04.25,20:15,20:30,Hirsch,3,3,6
2025.04.25,20:30,20:45,Hirsch,5,5,10
2025.04.25,20:45,21:00,Hirsch,3,0,3
2025.04.25,21:00,21:15,Hirsch,5,0,5
2025.04.25,21:15,21:30,Hirsch,4,3,7
2025.04.25,21:30,21:45,Hirsch,1,3,4
2025.04.25,21:45,22:00,Hirsch,2,1,3
2025.04.25,22:00,22:15,Hirsch,0,0,0
2025.04.25,22:15,22:30,Hirsch,3,0,3
2025.04.25,22:30,22:45,Hirsch,1,2,3
2025.04.25,22:45,23:00,Hirsch,6,1,7
2025.04.25,23:00,23:15,Hirsch,2,0,2
2025.04.25,23:15,23:30,Hirsch,1,1,2
2025.04.25,23:30,23:45,Hirsch,4,1,5
2025.04.25,23:45,00:00,Hirsch,4,1,5
2025.04.26,00:00,00:15,Hirsch,1,0,1
2025.04.26,00:15,00:30,Hirsch,6,0,6
2025.04.26,00:30,00:45,Hirsch,1,0,1
2025.04.26,00:45,01:00,Hirsch,2,0,2
2025.04.26,01:00,01:15,Hirsch,0,0,0
2025.04.26,01:15,01:30,Hirsch,1,0,1
2025.04.26,01:30,01:45,Hirsch,1,0,1
2025.04.26,01:45,02:00,Hirsch,1,0,1
2025.04.26,02:00,02:15,Hirsch,1,0,1
2025.04.26,02:15,02:30,Hirsch,1,0,1
2025.04.26,02:30,02:45,Hirsch,1,0,1
2025.04.26,02:45,03:00,Hirsch,1,0,1
2025.04.26,03:00,03:15,Hirsch,0,1,1
2025.04.26,03:15,03:30,Hirsch,0,0,0
2025.04.26,03:30,03:45,Hirsch,0,0,0
2025.04.26,03:45,04:00,Hirsch,0,1,1
2025.04.26,04:00,04:15,Hirsch,0,0,0
2025.04.26,04:15,04:30,Hirsch,0,0,0
2025.04.26,04:30,04:45,Hirsch,0,0,0
2025.04.26,04:45,05:00,Hirsch,1,1,2
2025.04.26,05:00,05:15,Hirsch,0,0,0
2025.04.26,05:15,05:30,Hirsch,0,0,0
2025.04.26,05:30,05:45,Hirsch,0,0,0
2025.04.26,05:45,06:00,Hirsch,0,1,1
2025.04.26,06:00,06:15,Hirsch,0,0,0
2025.04.26,06:15,06:30,Hirsch,0,0,0
2025.04.26,06:30,06:45,Hirsch,0,4,4
2025.04.26,06:45,07:00,Hirsch,0,2,2
2025.04.26,07:00,07:15,Hirsch,0,2,2
2025.04.26,07:15,07:30,Hirsch,1,6,7
2025.04.26,07:30,07:45,Hirsch,0,3,3
2025.04.26,07:45,08:00,Hirsch,3,0,3
2025.04.26,08:00,08:15,Hirsch,2,3,5
2025.04.26,08:15,08:30,Hirsch,5,3,8
2025.04.26,08:30,08:45,Hirsch,4,1,5
2025.04.26,08:45,09:00,Hirsch,2,10,12
2025.04.26,09:00,09:15,Hirsch,2,4,6
2025.04.26,09:15,09:30,Hirsch,0,8,8
2025.04.26,09:30,09:45,Hirsch,2,6,8
2025.04.26,09:45,10:00,Hirsch,4,3,7
2025.04.26,10:00,10:15,Hirsch,4,11,15
2025.04.26,10:15,10:30,Hirsch,6,8,14
2025.04.26,10:30,10:45,Hirsch,7,5,12
2025.04.26,10:45,11:00,Hirsch,6,9,15
2025.04.26,11:00,11:15,Hirsch,11,9,20
2025.04.26,11:15,11:30,Hirsch,7,11,18
2025.04.26,11:30,11:45,Hirsch,5,9,14
2025.04.26,11:45,12:00,Hirsch,5,5,10
2025.04.26,12:00,12:15,Hirsch,7,9,16
2025.04.26,12:15,12:30,Hirsch,15,12,27
2025.04.26,12:30,12:45,Hirsch,2,13,15
2025.04.26,12:45,13:00,Hirsch,11,5,16
2025.04.26,13:00,13:15,Hirsch,9,8,17
2025.04.26,13:15,13:30,Hirsch,7,6,13
2025.04.26,13:30,13:45,Hirsch,3,15,18
2025.04.26,13:45,14:00,Hirsch,10,6,16
2025.04.26,14:00,14:15,Hirsch,8,8,16
2025.04.26,14:15,14:30,Hirsch,13,9,22
2025.04.26,14:30,14:45,Hirsch,9,17,26
2025.04.26,14:45,15:00,Hirsch,6,7,13
2025.04.26,15:00,15:15,Hirsch,6,4,10
2025.04.26,15:15,15:30,Hirsch,16,14,30
2025.04.26,15:30,15:45,Hirsch,11,8,19
2025.04.26,15:45,16:00,Hirsch,9,2,11
2025.04.26,16:00,16:15,Hirsch,6,6,12
2025.04.26,16:15,16:30,Hirsch,12,5,17
2025.04.26,16:30,16:45,Hirsch,12,9,21
2025.04.26,16:45,17:00,Hirsch,7,5,12
2025.04.26,17:00,17:15,Hirsch,6,10,16
2025.04.26,17:15,17:30,Hirsch,8,1,9
2025.04.26,17:30,17:45,Hirsch,18,4,22
2025.04.26,17:45,18:00,Hirsch,17,13,30
2025.04.26,18:00,18:15,Hirsch,8,5,13
2025.04.26,18:15,18:30,Hirsch,8,8,16
2025.04.26,18:30,18:45,Hirsch,11,9,20
2025.04.26,18:45,19:00,Hirsch,7,10,17
2025.04.26,19:00,19:15,Hirsch,3,13,16
2025.04.26,19:15,19:30,Hirsch,1,6,7
2025.04.26,19:30,19:45,Hirsch,9,8,17
2025.04.26,19:45,20:00,Hirsch,11,7,18
2025.04.26,20:00,20:15,Hirsch,7,2,9
2025.04.26,20:15,20:30,Hirsch,6,2,8
2025.04.26,20:30,20:45,Hirsch,0,0,0
2025.04.26,20:45,21:00,Hirsch,7,2,9
2025.04.26,21:00,21:15,Hirsch,1,0,1
2025.04.26,21:15,21:30,Hirsch,3,0,3
2025.04.26,21:30,21:45,Hirsch,3,2,5
2025.04.26,21:45,22:00,Hirsch,5,1,6
2025.04.26,22:00,22:15,Hirsch,7,2,9
2025.04.26,22:15,22:30,Hirsch,5,0,5
2025.04.26,22:30,22:45,Hirsch,2,2,4
2025.04.26,22:45,23:00,Hirsch,4,0,4
2025.04.26,23:00,23:15,Hirsch,2,0,2
2025.04.26,23:15,23:30,Hirsch,4,0,4
2025.04.26,23:30,23:45,Hirsch,6,1,7
2025.04.26,23:45,00:00,Hirsch,6,1,7
2025.04.27,00:00,00:15,Hirsch,0,0,0
2025.04.27,00:15,00:30,Hirsch,6,0,6
2025.04.27,00:30,00:45,Hirsch,5,3,8
2025.04.27,00:45,01:00,Hirsch,0,0,0
2025.04.27,01:00,01:15,Hirsch,0,0,0
2025.04.27,01:15,01:30,Hirsch,1,2,3
2025.04.27,01:30,01:45,Hirsch,0,0,0
2025.04.27,01:45,02:00,Hirsch,0,0,0
2025.04.27,02:00,02:15,Hirsch,0,0,0
2025.04.27,02:15,02:30,Hirsch,0,0,0
2025.04.27,02:30,02:45,Hirsch,2,0,2
2025.04.27,02:45,03:00,Hirsch,0,0,0
2025.04.27,03:00,03:15,Hirsch,1,0,1
2025.04.27,03:15,03:30,Hirsch,0,0,0
2025.04.27,03:30,03:45,Hirsch,0,0,0
2025.04.27,03:45,04:00,Hirsch,0,0,0
2025.04.27,04:00,04:15,Hirsch,1,0,1
2025.04.27,04:15,04:30,Hirsch,0,1,1
2025.04.27,04:30,04:45,Hirsch,0,0,0
2025.04.27,04:45,05:00,Hirsch,0,0,0
2025.04.27,05:00,05:15,Hirsch,0,0,0
2025.04.27,05:15,05:30,Hirsch,0,1,1
2025.04.27,05:30,05:45,Hirsch,0,0,0
2025.04.27,05:45,06:00,Hirsch,1,1,2
2025.04.27,06:00,06:15,Hirsch,1,0,1
2025.04.27,06:15,06:30,Hirsch,1,0,1
2025.04.27,06:30,06:45,Hirsch,0,0,0
2025.04.27,06:45,07:00,Hirsch,0,0,0
2025.04.27,07:00,07:15,Hirsch,0,0,0
2025.04.27,07:15,07:30,Hirsch,1,1,2
2025.04.27,07:30,07:45,Hirsch,1,4,5
2025.04.27,07:45,08:00,Hirsch,0,2,2
2025.04.27,08:00,08:15,Hirsch,1,1,2
2025.04.27,08:15,08:30,Hirsch,3,3,6
2025.04.27,08:30,08:45,Hirsch,0,5,5
2025.04.27,08:45,09:00,Hirsch,1,9,10
2025.04.27,09:00,09:15,Hirsch,3,2,5
2025.04.27,09:15,09:30,Hirsch,4,8,12
2025.04.27,09:30,09:45,Hirsch,3,2,5
2025.04.27,09:45,10:00,Hirsch,3,11,14
2025.04.27,10:00,10:15,Hirsch,12,18,30
2025.04.27,10:15,10:30,Hirsch,2,24,26
2025.04.27,10:30,10:45,Hirsch,9,13,22
2025.04.27,10:45,11:00,Hirsch,3,3,6
2025.04.27,11:00,11:15,Hirsch,8,16,24
2025.04.27,11:15,11:30,Hirsch,19,8,27
2025.04.27,11:30,11:45,Hirsch,11,18,29
2025.04.27,11:45,12:00,Hirsch,14,27,41
2025.04.27,12:00,12:15,Hirsch,23,11,34
2025.04.27,12:15,12:30,Hirsch,5,15,20
2025.04.27,12:30,12:45,Hirsch,27,11,38
2025.04.27,12:45,13:00,Hirsch,15,24,39
2025.04.27,13:00,13:15,Hirsch,16,11,27
2025.04.27,13:15,13:30,Hirsch,17,21,38
2025.04.27,13:30,13:45,Hirsch,18,15,33
2025.04.27,13:45,14:00,Hirsch,31,12,43
2025.04.27,14:00,14:15,Hirsch,25,23,48
2025.04.27,14:15,14:30,Hirsch,17,26,43
2025.04.27,14:30,14:45,Hirsch,13,26,39
2025.04.27,14:45,15:00,Hirsch,19,25,44
2025.04.27,15:00,15:15,Hirsch,20,30,50
2025.04.27,15:15,15:30,Hirsch,29,15,44
2025.04.27,15:30,15:45,Hirsch,17,25,42
2025.04.27,15:45,16:00,Hirsch,18,23,41
2025.04.27,16:00,16:15,Hirsch,29,15,44
2025.04.27,16:15,16:30,Hirsch,25,18,43
2025.04.27,16:30,16:45,Hirsch,22,10,32
2025.04.27,16:45,17:00,Hirsch,18,22,40
2025.04.27,17:00,17:15,Hirsch,36,13,49
2025.04.27,17:15,17:30,Hirsch,27,13,40
2025.04.27,17:30,17:45,Hirsch,22,21,43
2025.04.27,17:45,18:00,Hirsch,17,15,32
2025.04.27,18:00,18:15,Hirsch,13,16,29
2025.04.27,18:15,18:30,Hirsch,22,19,41
2025.04.27,18:30,18:45,Hirsch,9,29,38
2025.04.27,18:45,19:00,Hirsch,12,13,25
2025.04.27,19:00,19:15,Hirsch,11,18,29
2025.04.27,19:15,19:30,Hirsch,16,9,25
2025.04.27,19:30,19:45,Hirsch,13,12,25
2025.04.27,19:45,20:00,Hirsch,8,7,15
2025.04.27,20:00,20:15,Hirsch,5,4,9
2025.04.27,20:15,20:30,Hirsch,3,4,7
2025.04.27,20:30,20:45,Hirsch,7,2,9
2025.04.27,20:45,21:00,Hirsch,4,4,8
2025.04.27,21:00,21:15,Hirsch,6,3,9
2025.04.27,21:15,21:30,Hirsch,3,2,5
2025.04.27,21:30,21:45,Hirsch,1,2,3
2025.04.27,21:45,22:00,Hirsch,4,2,6
2025.04.27,22:00,22:15,Hirsch,19,1,20
2025.04.27,22:15,22:30,Hirsch,6,1,7
2025.04.27,22:30,22:45,Hirsch,1,1,2
2025.04.27,22:45,23:00,Hirsch,1,0,1
2025.04.27,23:00,23:15,Hirsch,4,1,5
2025.04.27,23:15,23:30,Hirsch,0,0,0
2025.04.27,23:30,23:45,Hirsch,1,0,1
2025.04.27,23:45,00:00,Hirsch,1,1,2
2025.04.28,00:00,00:15,Hirsch,1,0,1
2025.04.28,00:15,00:30,Hirsch,1,1,2
2025.04.28,00:30,00:45,Hirsch,1,0,1
2025.04.28,00:45,01:00,Hirsch,0,0,0
2025.04.28,01:00,01:15,Hirsch,1,0,1
2025.04.28,01:15,01:30,Hirsch,0,0,0
2025.04.28,01:30,01:45,Hirsch,0,0,0
2025.04.28,01:45,02:00,Hirsch,0,0,0
2025.04.28,02:00,02:15,Hirsch,0,0,0
2025.04.28,02:15,02:30,Hirsch,0,0,0
2025.04.28,02:30,02:45,Hirsch,0,0,0
2025.04.28,02:45,03:00,Hirsch,0,0,0
2025.04.28,03:00,03:15,Hirsch,0,0,0
2025.04.28,03:15,03:30,Hirsch,0,0,0
2025.04.28,03:30,03:45,Hirsch,1,0,1
2025.04.28,03:45,04:00,Hirsch,0,0,0
2025.04.28,04:00,04:15,Hirsch,0,0,0
2025.04.28,04:15,04:30,Hirsch,0,1,1
2025.04.28,04:30,04:45,Hirsch,0,0,0
2025.04.28,04:45,05:00,Hirsch,0,0,0
2025.04.28,05:00,05:15,Hirsch,0,3,3
2025.04.28,05:15,05:30,Hirsch,0,4,4
2025.04.28,05:30,05:45,Hirsch,1,7,8
2025.04.28,05:45,06:00,Hirsch,0,10,10
2025.04.28,06:00,06:15,Hirsch,3,7,10
2025.04.28,06:15,06:30,Hirsch,0,18,18
2025.04.28,06:30,06:45,Hirsch,2,16,18
2025.04.28,06:45,07:00,Hirsch,8,33,41
2025.04.28,07:00,07:15,Hirsch,6,41,47
2025.04.28,07:15,07:30,Hirsch,14,66,80
2025.04.28,07:30,07:45,Hirsch,7,61,68
2025.04.28,07:45,08:00,Hirsch,16,80,96
2025.04.28,08:00,08:15,Hirsch,10,95,105
2025.04.28,08:15,08:30,Hirsch,16,126,142
2025.04.28,08:30,08:45,Hirsch,14,100,114
2025.04.28,08:45,09:00,Hirsch,9,69,78
2025.04.28,09:00,09:15,Hirsch,8,50,58
2025.04.28,09:15,09:30,Hirsch,6,32,38
2025.04.28,09:30,09:45,Hirsch,10,26,36
2025.04.28,09:45,10:00,Hirsch,7,19,26
2025.04.28,10:00,10:15,Hirsch,11,11,22
2025.04.28,10:15,10:30,Hirsch,6,16,22
2025.04.28,10:30,10:45,Hirsch,5,13,18
2025.04.28,10:45,11:00,Hirsch,5,11,16
2025.04.28,11:00,11:15,Hirsch,3,19,22
2025.04.28,11:15,11:30,Hirsch,6,9,15
2025.04.28,11:30,11:45,Hirsch,6,10,16
2025.04.28,11:45,12:00,Hirsch,5,8,13
2025.04.28,12:00,12:15,Hirsch,13,10,23
2025.04.28,12:15,12:30,Hirsch,19,7,26
2025.04.28,12:30,12:45,Hirsch,8,8,16
2025.04.28,12:45,13:00,Hirsch,20,8,28
2025.04.28,13:00,13:15,Hirsch,19,19,38
2025.04.28,13:15,13:30,Hirsch,13,17,30
2025.04.28,13:30,13:45,Hirsch,16,12,28
2025.04.28,13:45,14:00,Hirsch,21,9,30
2025.04.28,14:00,14:15,Hirsch,17,10,27
2025.04.28,14:15,14:30,Hirsch,30,13,43
2025.04.28,14:30,14:45,Hirsch,25,7,32
2025.04.28,14:45,15:00,Hirsch,19,12,31
2025.04.28,15:00,15:15,Hirsch,28,5,33
2025.04.28,15:15,15:30,Hirsch,18,13,31
2025.04.28,15:30,15:45,Hirsch,30,8,38
2025.04.28,15:45,16:00,Hirsch,37,11,48
2025.04.28,16:00,16:15,Hirsch,33,10,43
2025.04.28,16:15,16:30,Hirsch,34,8,42
2025.04.28,16:30,16:45,Hirsch,47,15,62
2025.04.28,16:45,17:00,Hirsch,57,12,69
2025.04.28,17:00,17:15,Hirsch,41,15,56
2025.04.28,17:15,17:30,Hirsch,54,22,76
2025.04.28,17:30,17:45,Hirsch,64,21,85
2025.04.28,17:45,18:00,Hirsch,64,16,80
2025.04.28,18:00,18:15,Hirsch,65,21,86
2025.04.28,18:15,18:30,Hirsch,65,24,89
2025.04.28,18:30,18:45,Hirsch,52,19,71
2025.04.28,18:45,19:00,Hirsch,40,26,66
2025.04.28,19:00,19:15,Hirsch,46,15,61
2025.04.28,19:15,19:30,Hirsch,28,12,40
2025.04.28,19:30,19:45,Hirsch,25,7,32
2025.04.28,19:45,20:00,Hirsch,26,13,39
2025.04.28,20:00,20:15,Hirsch,26,11,37
2025.04.28,20:15,20:30,Hirsch,25,8,33
2025.04.28,20:30,20:45,Hirsch,16,5,21
2025.04.28,20:45,21:00,Hirsch,9,4,13
2025.04.28,21:00,21:15,Hirsch,10,3,13
2025.04.28,21:15,21:30,Hirsch,13,3,16
2025.04.28,21:30,21:45,Hirsch,10,7,17
2025.04.28,21:45,22:00,Hirsch,11,6,17
2025.04.28,22:00,22:15,Hirsch,16,2,18
2025.04.28,22:15,22:30,Hirsch,7,6,13
2025.04.28,22:30,22:45,Hirsch,5,2,7
2025.04.28,22:45,23:00,Hirsch,10,2,12
2025.04.28,23:00,23:15,Hirsch,7,1,8
2025.04.28,23:15,23:30,Hirsch,8,0,8
2025.04.28,23:30,23:45,Hirsch,1,2,3
2025.04.28,23:45,00:00,Hirsch,1,1,2
2025.04.29,00:00,00:15,Hirsch,1,0,1
2025.04.29,00:15,00:30,Hirsch,1,0,1
2025.04.29,00:30,00:45,Hirsch,0,0,0
2025.04.29,00:45,01:00,Hirsch,1,0,1
2025.04.29,01:00,01:15,Hirsch,1,0,1
2025.04.29,01:15,01:30,Hirsch,0,0,0
2025.04.29,01:30,01:45,Hirsch,2,0,2
2025.04.29,01:45,02:00,Hirsch,0,0,0
2025.04.29,02:00,02:15,Hirsch,0,0,0
2025.04.29,02:15,02:30,Hirsch,0,0,0
2025.04.29,02:30,02:45,Hirsch,0,0,0
2025.04.29,02:45,03:00,Hirsch,1,0,1
2025.04.29,03:00,03:15,Hirsch,0,1,1
2025.04.29,03:15,03:30,Hirsch,0,0,0
2025.04.29,03:30,03:45,Hirsch,0,0,0
2025.04.29,03:45,04:00,Hirsch,0,0,0
2025.04.29,04:00,04:15,Hirsch,0,0,0
2025.04.29,04:15,04:30,Hirsch,0,0,0
2025.04.29,04:30,04:45,Hirsch,0,1,1
2025.04.29,04:45,05:00,Hirsch,0,0,0
2025.04.29,05:00,05:15,Hirsch,0,1,1
2025.04.29,05:15,05:30,Hirsch,0,3,3
2025.04.29,05:30,05:45,Hirsch,1,8,9
2025.04.29,05:45,06:00,Hirsch,0,11,11
2025.04.29,06:00,06:15,Hirsch,3,13,16
2025.04.29,06:15,06:30,Hirsch,2,16,18
2025.04.29,06:30,06:45,Hirsch,5,21,26
2025.04.29,06:45,07:00,Hirsch,11,41,52
2025.04.29,07:00,07:15,Hirsch,4,51,55
2025.04.29,07:15,07:30,Hirsch,11,58,69
2025.04.29,07:30,07:45,Hirsch,17,95,112
2025.04.29,07:45,08:00,Hirsch,15,121,136
2025.04.29,08:00,08:15,Hirsch,18,130,148
2025.04.29,08:15,08:30,Hirsch,14,123,137
2025.04.29,08:30,08:45,Hirsch,23,103,126
2025.04.29,08:45,09:00,Hirsch,17,76,93
2025.04.29,09:00,09:15,Hirsch,6,68,74
2025.04.29,09:15,09:30,Hirsch,9,47,56
2025.04.29,09:30,09:45,Hirsch,8,41,49
2025.04.29,09:45,10:00,Hirsch,2,29,31
2025.04.29,10:00,10:15,Hirsch,7,17,24
2025.04.29,10:15,10:30,Hirsch,6,15,21
2025.04.29,10:30,10:45,Hirsch,3,13,16
2025.04.29,10:45,11:00,Hirsch,9,15,24
2025.04.29,11:00,11:15,Hirsch,3,12,15
2025.04.29,11:15,11:30,Hirsch,11,11,22
2025.04.29,11:30,11:45,Hirsch,9,7,16
2025.04.29,11:45,12:00,Hirsch,8,11,19
2025.04.29,12:00,12:15,Hirsch,11,14,25
2025.04.29,12:15,12:30,Hirsch,15,14,29
2025.04.29,12:30,12:45,Hirsch,13,21,34
2025.04.29,12:45,13:00,Hirsch,11,2,13
2025.04.29,13:00,13:15,Hirsch,13,7,20
2025.04.29,13:15,13:30,Hirsch,20,11,31
2025.04.29,13:30,13:45,Hirsch,19,14,33
2025.04.29,13:45,14:00,Hirsch,19,10,29
2025.04.29,14:00,14:15,Hirsch,19,7,26
2025.04.29,14:15,14:30,Hirsch,24,21,45
2025.04.29,14:30,14:45,Hirsch,31,16,47
2025.04.29,14:45,15:00,Hirsch,30,13,43
2025.04.29,15:00,15:15,Hirsch,29,8,37
2025.04.29,15:15,15:30,Hirsch,31,12,43
2025.04.29,15:30,15:45,Hirsch,41,13,54
2025.04.29,15:45,16:00,Hirsch,41,10,51
2025.04.29,16:00,16:15,Hirsch,35,20,55
2025.04.29,16:15,16:30,Hirsch,44,19,63
2025.04.29,16:30,16:45,Hirsch,60,18,78
2025.04.29,16:45,17:00,Hirsch,63,13,76
2025.04.29,17:00,17:15,Hirsch,71,18,89
2025.04.29,17:15,17:30,Hirsch,63,17,80
2025.04.29,17:30,17:45,Hirsch,77,35,112
2025.04.29,17:45,18:00,Hirsch,75,13,88
2025.04.29,18:00,18:15,Hirsch,86,21,107
2025.04.29,18:15,18:30,Hirsch,76,21,97
2025.04.29,18:30,18:45,Hirsch,52,29,81
2025.04.29,18:45,19:00,Hirsch,51,23,74
2025.04.29,19:00,19:15,Hirsch,52,20,72
2025.04.29,19:15,19:30,Hirsch,42,21,63
2025.04.29,19:30,19:45,Hirsch,37,11,48
2025.04.29,19:45,20:00,Hirsch,29,21,50
2025.04.29,20:00,20:15,Hirsch,20,10,30
2025.04.29,20:15,20:30,Hirsch,25,4,29
2025.04.29,20:30,20:45,Hirsch,17,6,23
2025.04.29,20:45,21:00,Hirsch,16,7,23
2025.04.29,21:00,21:15,Hirsch,13,4,17
2025.04.29,21:15,21:30,Hirsch,13,7,20
2025.04.29,21:30,21:45,Hirsch,10,2,12
2025.04.29,21:45,22:00,Hirsch,4,3,7
2025.04.29,22:00,22:15,Hirsch,17,2,19
2025.04.29,22:15,22:30,Hirsch,13,7,20
2025.04.29,22:30,22:45,Hirsch,11,2,13
2025.04.29,22:45,23:00,Hirsch,9,1,10
2025.04.29,23:00,23:15,Hirsch,10,1,11
2025.04.29,23:15,23:30,Hirsch,5,0,5
2025.04.29,23:30,23:45,Hirsch,2,1,3
2025.04.29,23:45,00:00,Hirsch,3,0,3
2025.04.30,00:00,00:15,Hirsch,3,0,3
2025.04.30,00:15,00:30,Hirsch,2,0,2
2025.04.30,00:30,00:45,Hirsch,1,0,1
2025.04.30,00:45,01:00,Hirsch,1,1,2
2025.04.30,01:00,01:15,Hirsch,2,0,2
2025.04.30,01:15,01:30,Hirsch,0,0,0
2025.04.30,01:30,01:45,Hirsch,0,0,0
2025.04.30,01:45,02:00,Hirsch,0,0,0
2025.04.30,02:00,02:15,Hirsch,0,0,0
2025.04.30,02:15,02:30,Hirsch,0,0,0
2025.04.30,02:30,02:45,Hirsch,1,0,1
2025.04.30,02:45,03:00,Hirsch,0,0,0
2025.04.30,03:00,03:15,Hirsch,0,0,0
2025.04.30,03:15,03:30,Hirsch,1,0,1
2025.04.30,03:30,03:45,Hirsch,0,0,0
2025.04.30,03:45,04:00,Hirsch,0,0,0
2025.04.30,04:00,04:15,Hirsch,0,1,1
2025.04.30,04:15,04:30,Hirsch,1,0,1
2025.04.30,04:30,04:45,Hirsch,0,0,0
2025.04.30,04:45,05:00,Hirsch,0,2,2
2025.04.30,05:00,05:15,Hirsch,0,0,0
2025.04.30,05:15,05:30,Hirsch,1,1,2
2025.04.30,05:30,05:45,Hirsch,1,7,8
2025.04.30,05:45,06:00,Hirsch,0,14,14
2025.04.30,06:00,06:15,Hirsch,2,10,12
2025.04.30,06:15,06:30,Hirsch,2,10,12
2025.04.30,06:30,06:45,Hirsch,3,23,26
2025.04.30,06:45,07:00,Hirsch,12,24,36
2025.04.30,07:00,07:15,Hirsch,4,44,48
2025.04.30,07:15,07:30,Hirsch,10,57,67
2025.04.30,07:30,07:45,Hirsch,9,60,69
2025.04.30,07:45,08:00,Hirsch,22,112,134
2025.04.30,08:00,08:15,Hirsch,9,117,126
2025.04.30,08:15,08:30,Hirsch,13,119,132
2025.04.30,08:30,08:45,Hirsch,13,102,115
2025.04.30,08:45,09:00,Hirsch,13,63,76
2025.04.30,09:00,09:15,Hirsch,12,37,49
2025.04.30,09:15,09:30,Hirsch,11,46,57
2025.04.30,09:30,09:45,Hirsch,10,39,49
2025.04.30,09:45,10:00,Hirsch,11,26,37
2025.04.30,10:00,10:15,Hirsch,0,19,19
2025.04.30,10:15,10:30,Hirsch,2,13,15
2025.04.30,10:30,10:45,Hirsch,3,19,22
2025.04.30,10:45,11:00,Hirsch,5,13,18
2025.04.30,11:00,11:15,Hirsch,8,22,30
2025.04.30,11:15,11:30,Hirsch,6,12,18
2025.04.30,11:30,11:45,Hirsch,9,10,19
2025.04.30,11:45,12:00,Hirsch,7,16,23
2025.04.30,12:00,12:15,Hirsch,16,10,26
2025.04.30,12:15,12:30,Hirsch,12,10,22
2025.04.30,12:30,12:45,Hirsch,8,13,21
2025.04.30,12:45,13:00,Hirsch,12,12,24
2025.04.30,13:00,13:15,Hirsch,19,8,27
2025.04.30,13:15,13:30,Hirsch,18,6,24
2025.04.30,13:30,13:45,Hirsch,21,13,34
2025.04.30,13:45,14:00,Hirsch,27,5,32
2025.04.30,14:00,14:15,Hirsch,22,9,31
2025.04.30,14:15,14:30,Hirsch,31,11,42
2025.04.30,14:30,14:45,Hirsch,35,16,51
2025.04.30,14:45,15:00,Hirsch,38,12,50
2025.04.30,15:00,15:15,Hirsch,29,7,36
2025.04.30,15:15,15:30,Hirsch,35,15,50
2025.04.30,15:30,15:45,Hirsch,40,24,64
2025.04.30,15:45,16:00,Hirsch,30,21,51
2025.04.30,16:00,16:15,Hirsch,53,10,63
2025.04.30,16:15,16:30,Hirsch,51,19,70
2025.04.30,16:30,16:45,Hirsch,43,18,61
2025.04.30,16:45,17:00,Hirsch,42,25,67
2025.04.30,17:00,17:15,Hirsch,62,20,82
2025.04.30,17:15,17:30,Hirsch,53,13,66
2025.04.30,17:30,17:45,Hirsch,67,21,88
2025.04.30,17:45,18:00,Hirsch,54,28,82
2025.04.30,18:00,18:15,Hirsch,71,21,92
2025.04.30,18:15,18:30,Hirsch,51,34,85
2025.04.30,18:30,18:45,Hirsch,63,27,90
2025.04.30,18:45,19:00,Hirsch,48,33,81
2025.04.30,19:00,19:15,Hirsch,33,22,55
2025.04.30,19:15,19:30,Hirsch,34,15,49
2025.04.30,19:30,19:45,Hirsch,22,16,38
2025.04.30,19:45,20:00,Hirsch,23,11,34
2025.04.30,20:00,20:15,Hirsch,15,15,30
2025.04.30,20:15,20:30,Hirsch,19,11,30
2025.04.30,20:30,20:45,Hirsch,21,14,35
2025.04.30,20:45,21:00,Hirsch,9,9,18
2025.04.30,21:00,21:15,Hirsch,18,5,23
2025.04.30,21:15,21:30,Hirsch,14,1,15
2025.04.30,21:30,21:45,Hirsch,8,2,10
2025.04.30,21:45,22:00,Hirsch,14,7,21
2025.04.30,22:00,22:15,Hirsch,12,8,20
2025.04.30,22:15,22:30,Hirsch,9,3,12
2025.04.30,22:30,22:45,Hirsch,12,5,17
2025.04.30,22:45,23:00,Hirsch,13,2,15
2025.04.30,23:00,23:15,Hirsch,26,1,27
2025.04.30,23:15,23:30,Hirsch,9,0,9
2025.04.30,23:30,23:45,Hirsch,4,0,4
2025.04.30,23:45,00:00,Hirsch,8,1,9
2025.04.01,00:00,00:15,Erhardt,1,4,5
2025.04.01,00:15,00:30,Erhardt,1,1,2
2025.04.01,00:30,00:45,Erhardt,0,0,0
2025.04.01,00:45,01:00,Erhardt,1,1,2
2025.04.01,01:00,01:15,Erhardt,0,0,0
2025.04.01,01:15,01:30,Erhardt,0,0,0
2025.04.01,01:30,01:45,Erhardt,1,1,2
2025.04.01,01:45,02:00,Erhardt,0,1,1
2025.04.01,02:00,02:15,Erhardt,0,0,0
2025.04.01,02:15,02:30,Erhardt,1,0,1
2025.04.01,02:30,02:45,Erhardt,0,0,0
2025.04.01,02:45,03:00,Erhardt,0,0,0
2025.04.01,03:00,03:15,Erhardt,0,0,0
2025.04.01,03:15,03:30,Erhardt,0,0,0
2025.04.01,03:30,03:45,Erhardt,0,0,0
2025.04.01,03:45,04:00,Erhardt,0,0,0
2025.04.01,04:00,04:15,Erhardt,0,0,0
2025.04.01,04:15,04:30,Erhardt,0,0,0
2025.04.01,04:30,04:45,Erhardt,0,3,3
2025.04.01,04:45,05:00,Erhardt,0,0,0
2025.04.01,05:00,05:15,Erhardt,0,0,0
2025.04.01,05:15,05:30,Erhardt,0,3,3
2025.04.01,05:30,05:45,Erhardt,3,2,5
2025.04.01,05:45,06:00,Erhardt,1,6,7
2025.04.01,06:00,06:15,Erhardt,2,3,5
2025.04.01,06:15,06:30,Erhardt,11,5,16
2025.04.01,06:30,06:45,Erhardt,11,8,19
2025.04.01,06:45,07:00,Erhardt,17,19,36
2025.04.01,07:00,07:15,Erhardt,18,20,38
2025.04.01,07:15,07:30,Erhardt,25,17,42
2025.04.01,07:30,07:45,Erhardt,48,28,76
2025.04.01,07:45,08:00,Erhardt,60,37,97
2025.04.01,08:00,08:15,Erhardt,53,49,102
2025.04.01,08:15,08:30,Erhardt,75,44,119
2025.04.01,08:30,08:45,Erhardt,80,45,125
2025.04.01,08:45,09:00,Erhardt,65,41,106
2025.04.01,09:00,09:15,Erhardt,41,33,74
2025.04.01,09:15,09:30,Erhardt,31,27,58
2025.04.01,09:30,09:45,Erhardt,22,20,42
2025.04.01,09:45,10:00,Erhardt,26,15,41
2025.04.01,10:00,10:15,Erhardt,29,12,41
2025.04.01,10:15,10:30,Erhardt,17,10,27
2025.04.01,10:30,10:45,Erhardt,7,14,21
2025.04.01,10:45,11:00,Erhardt,11,13,24
2025.04.01,11:00,11:15,Erhardt,10,9,19
2025.04.01,11:15,11:30,Erhardt,8,4,12
2025.04.01,11:30,11:45,Erhardt,12,7,19
2025.04.01,11:45,12:00,Erhardt,14,9,23
2025.04.01,12:00,12:15,Erhardt,8,16,24
2025.04.01,12:15,12:30,Erhardt,14,14,28
2025.04.01,12:30,12:45,Erhardt,14,8,22
2025.04.01,12:45,13:00,Erhardt,17,13,30
2025.04.01,13:00,13:15,Erhardt,12,9,21
2025.04.01,13:15,13:30,Erhardt,23,19,42
2025.04.01,13:30,13:45,Erhardt,23,18,41
2025.04.01,13:45,14:00,Erhardt,20,13,33
2025.04.01,14:00,14:15,Erhardt,17,11,28
2025.04.01,14:15,14:30,Erhardt,15,12,27
2025.04.01,14:30,14:45,Erhardt,18,20,38
2025.04.01,14:45,15:00,Erhardt,27,20,47
2025.04.01,15:00,15:15,Erhardt,32,18,50
2025.04.01,15:15,15:30,Erhardt,25,23,48
2025.04.01,15:30,15:45,Erhardt,39,16,55
2025.04.01,15:45,16:00,Erhardt,28,16,44
2025.04.01,16:00,16:15,Erhardt,35,25,60
2025.04.01,16:15,16:30,Erhardt,40,22,62
2025.04.01,16:30,16:45,Erhardt,37,18,55
2025.04.01,16:45,17:00,Erhardt,45,30,75
2025.04.01,17:00,17:15,Erhardt,47,22,69
2025.04.01,17:15,17:30,Erhardt,61,27,88
2025.04.01,17:30,17:45,Erhardt,49,36,85
2025.04.01,17:45,18:00,Erhardt,58,31,89
2025.04.01,18:00,18:15,Erhardt,56,32,88
2025.04.01,18:15,18:30,Erhardt,56,27,83
2025.04.01,18:30,18:45,Erhardt,64,19,83
2025.04.01,18:45,19:00,Erhardt,48,38,86
2025.04.01,19:00,19:15,Erhardt,43,27,70
2025.04.01,19:15,19:30,Erhardt,39,20,59
2025.04.01,19:30,19:45,Erhardt,27,26,53
2025.04.01,19:45,20:00,Erhardt,27,14,41
2025.04.01,20:00,20:15,Erhardt,29,18,47
2025.04.01,20:15,20:30,Erhardt,22,9,31
2025.04.01,20:30,20:45,Erhardt,22,13,35
2025.04.01,20:45,21:00,Erhardt,11,11,22
2025.04.01,21:00,21:15,Erhardt,21,9,30
2025.04.01,21:15,21:30,Erhardt,8,10,18
2025.04.01,21:30,21:45,Erhardt,19,17,36
2025.04.01,21:45,22:00,Erhardt,14,10,24
2025.04.01,22:00,22:15,Erhardt,23,4,27
2025.04.01,22:15,22:30,Erhardt,20,10,30
2025.04.01,22:30,22:45,Erhardt,10,9,19
2025.04.01,22:45,23:00,Erhardt,10,12,22
2025.04.01,23:00,23:15,Erhardt,10,11,21
2025.04.01,23:15,23:30,Erhardt,3,4,7
2025.04.01,23:30,23:45,Erhardt,2,2,4
2025.04.01,23:45,00:00,Erhardt,2,2,4
2025.04.02,00:00,00:15,Erhardt,3,6,9
2025.04.02,00:15,00:30,Erhardt,2,1,3
2025.04.02,00:30,00:45,Erhardt,3,1,4
2025.04.02,00:45,01:00,Erhardt,0,0,0
2025.04.02,01:00,01:15,Erhardt,1,0,1
2025.04.02,01:15,01:30,Erhardt,1,0,1
2025.04.02,01:30,01:45,Erhardt,0,0,0
2025.04.02,01:45,02:00,Erhardt,1,2,3
2025.04.02,02:00,02:15,Erhardt,1,0,1
2025.04.02,02:15,02:30,Erhardt,0,1,1
2025.04.02,02:30,02:45,Erhardt,0,0,0
2025.04.02,02:45,03:00,Erhardt,0,0,0
2025.04.02,03:00,03:15,Erhardt,0,0,0
2025.04.02,03:15,03:30,Erhardt,0,0,0
2025.04.02,03:30,03:45,Erhardt,1,2,3
2025.04.02,03:45,04:00,Erhardt,0,0,0
2025.04.02,04:00,04:15,Erhardt,0,0,0
2025.04.02,04:15,04:30,Erhardt,0,0,0
2025.04.02,04:30,04:45,Erhardt,1,2,3
2025.04.02,04:45,05:00,Erhardt,1,0,1
2025.04.02,05:00,05:15,Erhardt,0,1,1
2025.04.02,05:15,05:30,Erhardt,3,5,8
2025.04.02,05:30,05:45,Erhardt,3,3,6
2025.04.02,05:45,06:00,Erhardt,4,8,12
2025.04.02,06:00,06:15,Erhardt,4,2,6
2025.04.02,06:15,06:30,Erhardt,10,5,15
2025.04.02,06:30,06:45,Erhardt,18,7,25
2025.04.02,06:45,07:00,Erhardt,16,12,28
2025.04.02,07:00,07:15,Erhardt,24,31,55
2025.04.02,07:15,07:30,Erhardt,31,19,50
2025.04.02,07:30,07:45,Erhardt,35,39,74
2025.04.02,07:45,08:00,Erhardt,72,39,111
2025.04.02,08:00,08:15,Erhardt,61,65,126
2025.04.02,08:15,08:30,Erhardt,77,49,126
2025.04.02,08:30,08:45,Erhardt,91,61,152
2025.04.02,08:45,09:00,Erhardt,81,63,144
2025.04.02,09:00,09:15,Erhardt,49,49,98
2025.04.02,09:15,09:30,Erhardt,39,30,69
2025.04.02,09:30,09:45,Erhardt,36,34,70
2025.04.02,09:45,10:00,Erhardt,34,20,54
2025.04.02,10:00,10:15,Erhardt,25,34,59
2025.04.02,10:15,10:30,Erhardt,19,19,38
2025.04.02,10:30,10:45,Erhardt,28,18,46
2025.04.02,10:45,11:00,Erhardt,10,13,23
2025.04.02,11:00,11:15,Erhardt,15,18,33
2025.04.02,11:15,11:30,Erhardt,26,18,44
2025.04.02,11:30,11:45,Erhardt,18,20,38
2025.04.02,11:45,12:00,Erhardt,23,20,43
2025.04.02,12:00,12:15,Erhardt,19,23,42
2025.04.02,12:15,12:30,Erhardt,23,17,40
2025.04.02,12:30,12:45,Erhardt,32,28,60
2025.04.02,12:45,13:00,Erhardt,21,18,39
2025.04.02,13:00,13:15,Erhardt,34,17,51
2025.04.02,13:15,13:30,Erhardt,30,21,51
2025.04.02,13:30,13:45,Erhardt,35,28,63
2025.04.02,13:45,14:00,Erhardt,31,18,49
2025.04.02,14:00,14:15,Erhardt,36,23,59
2025.04.02,14:15,14:30,Erhardt,28,19,47
2025.04.02,14:30,14:45,Erhardt,40,25,65
2025.04.02,14:45,15:00,Erhardt,35,27,62
2025.04.02,15:00,15:15,Erhardt,33,36,69
2025.04.02,15:15,15:30,Erhardt,37,28,65
2025.04.02,15:30,15:45,Erhardt,47,27,74
2025.04.02,15:45,16:00,Erhardt,41,25,66
2025.04.02,16:00,16:15,Erhardt,35,34,69
2025.04.02,16:15,16:30,Erhardt,64,27,91
2025.04.02,16:30,16:45,Erhardt,60,29,89
2025.04.02,16:45,17:00,Erhardt,71,26,97
2025.04.02,17:00,17:15,Erhardt,49,39,88
2025.04.02,17:15,17:30,Erhardt,72,44,116
2025.04.02,17:30,17:45,Erhardt,86,42,128
2025.04.02,17:45,18:00,Erhardt,83,59,142
2025.04.02,18:00,18:15,Erhardt,80,47,127
2025.04.02,18:15,18:30,Erhardt,63,59,122
2025.04.02,18:30,18:45,Erhardt,74,33,107
2025.04.02,18:45,19:00,Erhardt,78,45,123
2025.04.02,19:00,19:15,Erhardt,60,43,103
2025.04.02,19:15,19:30,Erhardt,51,38,89
2025.04.02,19:30,19:45,Erhardt,48,21,69
2025.04.02,19:45,20:00,Erhardt,42,27,69
2025.04.02,20:00,20:15,Erhardt,21,21,42
2025.04.02,20:15,20:30,Erhardt,32,18,50
2025.04.02,20:30,20:45,Erhardt,22,16,38
2025.04.02,20:45,21:00,Erhardt,17,8,25
2025.04.02,21:00,21:15,Erhardt,24,11,35
2025.04.02,21:15,21:30,Erhardt,20,17,37
2025.04.02,21:30,21:45,Erhardt,19,20,39
2025.04.02,21:45,22:00,Erhardt,18,20,38
2025.04.02,22:00,22:15,Erhardt,28,18,46
2025.04.02,22:15,22:30,Erhardt,20,7,27
2025.04.02,22:30,22:45,Erhardt,15,21,36
2025.04.02,22:45,23:00,Erhardt,12,11,23
2025.04.02,23:00,23:15,Erhardt,10,11,21
2025.04.02,23:15,23:30,Erhardt,8,5,13
2025.04.02,23:30,23:45,Erhardt,10,8,18
2025.04.02,23:45,00:00,Erhardt,6,5,11
2025.04.03,00:00,00:15,Erhardt,3,4,7
2025.04.03,00:15,00:30,Erhardt,2,1,3
2025.04.03,00:30,00:45,Erhardt,2,3,5
2025.04.03,00:45,01:00,Erhardt,0,1,1
2025.04.03,01:00,01:15,Erhardt,0,0,0
2025.04.03,01:15,01:30,Erhardt,1,4,5
2025.04.03,01:30,01:45,Erhardt,3,0,3
2025.04.03,01:45,02:00,Erhardt,0,1,1
2025.04.03,02:00,02:15,Erhardt,0,0,0
2025.04.03,02:15,02:30,Erhardt,0,0,0
2025.04.03,02:30,02:45,Erhardt,0,1,1
2025.04.03,02:45,03:00,Erhardt,0,0,0
2025.04.03,03:00,03:15,Erhardt,0,0,0
2025.04.03,03:15,03:30,Erhardt,0,1,1
2025.04.03,03:30,03:45,Erhardt,0,0,0
2025.04.03,03:45,04:00,Erhardt,0,0,0
2025.04.03,04:00,04:15,Erhardt,0,0,0
2025.04.03,04:15,04:30,Erhardt,0,0,0
2025.04.03,04:30,04:45,Erhardt,2,3,5
2025.04.03,04:45,05:00,Erhardt,1,1,2
2025.04.03,05:00,05:15,Erhardt,1,0,1
2025.04.03,05:15,05:30,Erhardt,0,2,2
2025.04.03,05:30,05:45,Erhardt,5,2,7
2025.04.03,05:45,06:00,Erhardt,7,6,13
2025.04.03,06:00,06:15,Erhardt,3,5,8
2025.04.03,06:15,06:30,Erhardt,11,8,19
2025.04.03,06:30,06:45,Erhardt,11,1,12
2025.04.03,06:45,07:00,Erhardt,23,19,42
2025.04.03,07:00,07:15,Erhardt,25,25,50
2025.04.03,07:15,07:30,Erhardt,29,22,51
2025.04.03,07:30,07:45,Erhardt,53,42,95
2025.04.03,07:45,08:00,Erhardt,86,55,141
2025.04.03,08:00,08:15,Erhardt,76,45,121
2025.04.03,08:15,08:30,Erhardt,87,76,163
2025.04.03,08:30,08:45,Erhardt,83,77,160
2025.04.03,08:45,09:00,Erhardt,87,73,160
2025.04.03,09:00,09:15,Erhardt,55,52,107
2025.04.03,09:15,09:30,Erhardt,38,32,70
2025.04.03,09:30,09:45,Erhardt,38,34,72
2025.04.03,09:45,10:00,Erhardt,36,37,73
2025.04.03,10:00,10:15,Erhardt,31,31,62
2025.04.03,10:15,10:30,Erhardt,23,22,45
2025.04.03,10:30,10:45,Erhardt,26,24,50
2025.04.03,10:45,11:00,Erhardt,25,16,41
2025.04.03,11:00,11:15,Erhardt,24,18,42
2025.04.03,11:15,11:30,Erhardt,25,23,48
2025.04.03,11:30,11:45,Erhardt,35,19,54
2025.04.03,11:45,12:00,Erhardt,30,39,69
2025.04.03,12:00,12:15,Erhardt,40,25,65
2025.04.03,12:15,12:30,Erhardt,40,28,68
2025.04.03,12:30,12:45,Erhardt,30,37,67
2025.04.03,12:45,13:00,Erhardt,33,20,53
2025.04.03,13:00,13:15,Erhardt,31,19,50
2025.04.03,13:15,13:30,Erhardt,52,34,86
2025.04.03,13:30,13:45,Erhardt,37,19,56
2025.04.03,13:45,14:00,Erhardt,36,20,56
2025.04.03,14:00,14:15,Erhardt,53,26,79
2025.04.03,14:15,14:30,Erhardt,36,41,77
2025.04.03,14:30,14:45,Erhardt,37,39,76
2025.04.03,14:45,15:00,Erhardt,62,31,93
2025.04.03,15:00,15:15,Erhardt,42,35,77
2025.04.03,15:15,15:30,Erhardt,54,39,93
2025.04.03,15:30,15:45,Erhardt,52,50,102
2025.04.03,15:45,16:00,Erhardt,56,34,90
2025.04.03,16:00,16:15,Erhardt,77,40,117
2025.04.03,16:15,16:30,Erhardt,54,44,98
2025.04.03,16:30,16:45,Erhardt,69,40,109
2025.04.03,16:45,17:00,Erhardt,71,42,113
2025.04.03,17:00,17:15,Erhardt,68,66,134
2025.04.03,17:15,17:30,Erhardt,98,58,156
2025.04.03,17:30,17:45,Erhardt,65,60,125
2025.04.03,17:45,18:00,Erhardt,81,79,160
2025.04.03,18:00,18:15,Erhardt,83,65,148
2025.04.03,18:15,18:30,Erhardt,108,84,192
2025.04.03,18:30,18:45,Erhardt,89,71,160
2025.04.03,18:45,19:00,Erhardt,71,61,132
2025.04.03,19:00,19:15,Erhardt,63,62,125
2025.04.03,19:15,19:30,Erhardt,62,46,108
2025.04.03,19:30,19:45,Erhardt,44,59,103
2025.04.03,19:45,20:00,Erhardt,57,45,102
2025.04.03,20:00,20:15,Erhardt,43,30,73
2025.04.03,20:15,20:30,Erhardt,24,30,54
2025.04.03,20:30,20:45,Erhardt,28,16,44
2025.04.03,20:45,21:00,Erhardt,20,19,39
2025.04.03,21:00,21:15,Erhardt,36,11,47
2025.04.03,21:15,21:30,Erhardt,24,13,37
2025.04.03,21:30,21:45,Erhardt,14,13,27
2025.04.03,21:45,22:00,Erhardt,21,11,32
2025.04.03,22:00,22:15,Erhardt,16,15,31
2025.04.03,22:15,22:30,Erhardt,19,17,36
2025.04.03,22:30,22:45,Erhardt,20,32,52
2025.04.03,22:45,23:00,Erhardt,23,9,32
2025.04.03,23:00,23:15,Erhardt,31,11,42
2025.04.03,23:15,23:30,Erhardt,15,7,22
2025.04.03,23:30,23:45,Erhardt,11,7,18
2025.04.03,23:45,00:00,Erhardt,9,3,12
2025.04.04,00:00,00:15,Erhardt,3,11,14
2025.04.04,00:15,00:30,Erhardt,4,5,9
2025.04.04,00:30,00:45,Erhardt,4,1,5
2025.04.04,00:45,01:00,Erhardt,0,4,4
2025.04.04,01:00,01:15,Erhardt,2,1,3
2025.04.04,01:15,01:30,Erhardt,2,2,4
2025.04.04,01:30,01:45,Erhardt,3,0,3
2025.04.04,01:45,02:00,Erhardt,1,1,2
2025.04.04,02:00,02:15,Erhardt,1,0,1
2025.04.04,02:15,02:30,Erhardt,2,1,3
2025.04.04,02:30,02:45,Erhardt,1,0,1
2025.04.04,02:45,03:00,Erhardt,0,0,0
2025.04.04,03:00,03:15,Erhardt,0,0,0
2025.04.04,03:15,03:30,Erhardt,0,0,0
2025.04.04,03:30,03:45,Erhardt,1,1,2
2025.04.04,03:45,04:00,Erhardt,1,0,1
2025.04.04,04:00,04:15,Erhardt,0,0,0
2025.04.04,04:15,04:30,Erhardt,0,0,0
2025.04.04,04:30,04:45,Erhardt,0,2,2
2025.04.04,04:45,05:00,Erhardt,1,0,1
2025.04.04,05:00,05:15,Erhardt,0,0,0
2025.04.04,05:15,05:30,Erhardt,1,4,5
2025.04.04,05:30,05:45,Erhardt,5,2,7
2025.04.04,05:45,06:00,Erhardt,6,5,11
2025.04.04,06:00,06:15,Erhardt,6,3,9
2025.04.04,06:15,06:30,Erhardt,15,6,21
2025.04.04,06:30,06:45,Erhardt,16,7,23
2025.04.04,06:45,07:00,Erhardt,20,9,29
2025.04.04,07:00,07:15,Erhardt,20,14,34
2025.04.04,07:15,07:30,Erhardt,24,31,55
2025.04.04,07:30,07:45,Erhardt,46,32,78
2025.04.04,07:45,08:00,Erhardt,68,50,118
2025.04.04,08:00,08:15,Erhardt,59,48,107
2025.04.04,08:15,08:30,Erhardt,73,45,118
2025.04.04,08:30,08:45,Erhardt,66,52,118
2025.04.04,08:45,09:00,Erhardt,60,47,107
2025.04.04,09:00,09:15,Erhardt,37,44,81
2025.04.04,09:15,09:30,Erhardt,35,35,70
2025.04.04,09:30,09:45,Erhardt,36,35,71
2025.04.04,09:45,10:00,Erhardt,41,27,68
2025.04.04,10:00,10:15,Erhardt,29,37,66
2025.04.04,10:15,10:30,Erhardt,32,22,54
2025.04.04,10:30,10:45,Erhardt,39,20,59
2025.04.04,10:45,11:00,Erhardt,29,30,59
2025.04.04,11:00,11:15,Erhardt,21,23,44
2025.04.04,11:15,11:30,Erhardt,24,24,48
2025.04.04,11:30,11:45,Erhardt,29,29,58
2025.04.04,11:45,12:00,Erhardt,70,29,99
2025.04.04,12:00,12:15,Erhardt,39,29,68
2025.04.04,12:15,12:30,Erhardt,30,30,60
2025.04.04,12:30,12:45,Erhardt,32,39,71
2025.04.04,12:45,13:00,Erhardt,50,33,83
2025.04.04,13:00,13:15,Erhardt,60,27,87
2025.04.04,13:15,13:30,Erhardt,58,27,85
2025.04.04,13:30,13:45,Erhardt,50,43,93
2025.04.04,13:45,14:00,Erhardt,63,27,90
2025.04.04,14:00,14:15,Erhardt,58,34,92
2025.04.04,14:15,14:30,Erhardt,50,38,88
2025.04.04,14:30,14:45,Erhardt,48,48,96
2025.04.04,14:45,15:00,Erhardt,87,39,126
2025.04.04,15:00,15:15,Erhardt,78,41,119
2025.04.04,15:15,15:30,Erhardt,69,47,116
2025.04.04,15:30,15:45,Erhardt,85,40,125
2025.04.04,15:45,16:00,Erhardt,57,52,109
2025.04.04,16:00,16:15,Erhardt,73,54,127
2025.04.04,16:15,16:30,Erhardt,81,67,148
2025.04.04,16:30,16:45,Erhardt,88,53,141
2025.04.04,16:45,17:00,Erhardt,85,58,143
2025.04.04,17:00,17:15,Erhardt,62,56,118
2025.04.04,17:15,17:30,Erhardt,95,63,158
2025.04.04,17:30,17:45,Erhardt,84,72,156
2025.04.04,17:45,18:00,Erhardt,65,55,120
2025.04.04,18:00,18:15,Erhardt,81,59,140
2025.04.04,18:15,18:30,Erhardt,80,55,135
2025.04.04,18:30,18:45,Erhardt,83,52,135
2025.04.04,18:45,19:00,Erhardt,73,48,121
2025.04.04,19:00,19:15,Erhardt,57,61,118
2025.04.04,19:15,19:30,Erhardt,49,45,94
2025.04.04,19:30,19:45,Erhardt,47,46,93
2025.04.04,19:45,20:00,Erhardt,36,60,96
2025.04.04,20:00,20:15,Erhardt,28,31,59
2025.04.04,20:15,20:30,Erhardt,39,24,63
2025.04.04,20:30,20:45,Erhardt,21,22,43
2025.04.04,20:45,21:00,Erhardt,21,25,46
2025.04.04,21:00,21:15,Erhardt,21,10,31
2025.04.04,21:15,21:30,Erhardt,28,11,39
2025.04.04,21:30,21:45,Erhardt,10,7,17
2025.04.04,21:45,22:00,Erhardt,23,9,32
2025.04.04,22:00,22:15,Erhardt,23,11,34
2025.04.04,22:15,22:30,Erhardt,20,15,35
2025.04.04,22:30,22:45,Erhardt,22,18,40
2025.04.04,22:45,23:00,Erhardt,19,20,39
2025.04.04,23:00,23:15,Erhardt,22,15,37
2025.04.04,23:15,23:30,Erhardt,22,11,33
2025.04.04,23:30,23:45,Erhardt,10,12,22
2025.04.04,23:45,00:00,Erhardt,9,15,24
2025.04.05,00:00,00:15,Erhardt,11,5,16
2025.04.05,00:15,00:30,Erhardt,8,9,17
2025.04.05,00:30,00:45,Erhardt,5,13,18
2025.04.05,00:45,01:00,Erhardt,7,15,22
2025.04.05,01:00,01:15,Erhardt,2,4,6
2025.04.05,01:15,01:30,Erhardt,10,3,13
2025.04.05,01:30,01:45,Erhardt,1,1,2
2025.04.05,01:45,02:00,Erhardt,4,3,7
2025.04.05,02:00,02:15,Erhardt,1,5,6
2025.04.05,02:15,02:30,Erhardt,0,1,1
2025.04.05,02:30,02:45,Erhardt,0,4,4
2025.04.05,02:45,03:00,Erhardt,1,3,4
2025.04.05,03:00,03:15,Erhardt,0,1,1
2025.04.05,03:15,03:30,Erhardt,1,0,1
2025.04.05,03:30,03:45,Erhardt,0,0,0
2025.04.05,03:45,04:00,Erhardt,0,4,4
2025.04.05,04:00,04:15,Erhardt,0,1,1
2025.04.05,04:15,04:30,Erhardt,0,0,0
2025.04.05,04:30,04:45,Erhardt,0,0,0
2025.04.05,04:45,05:00,Erhardt,0,2,2
2025.04.05,05:00,05:15,Erhardt,1,2,3
2025.04.05,05:15,05:30,Erhardt,0,0,0
2025.04.05,05:30,05:45,Erhardt,0,0,0
2025.04.05,05:45,06:00,Erhardt,1,1,2
2025.04.05,06:00,06:15,Erhardt,0,2,2
2025.04.05,06:15,06:30,Erhardt,2,0,2
2025.04.05,06:30,06:45,Erhardt,2,0,2
2025.04.05,06:45,07:00,Erhardt,1,0,1
2025.04.05,07:00,07:15,Erhardt,2,2,4
2025.04.05,07:15,07:30,Erhardt,4,3,7
2025.04.05,07:30,07:45,Erhardt,1,3,4
2025.04.05,07:45,08:00,Erhardt,5,10,15
2025.04.05,08:00,08:15,Erhardt,5,6,11
2025.04.05,08:15,08:30,Erhardt,5,9,14
2025.04.05,08:30,08:45,Erhardt,15,13,28
2025.04.05,08:45,09:00,Erhardt,23,20,43
2025.04.05,09:00,09:15,Erhardt,16,22,38
2025.04.05,09:15,09:30,Erhardt,29,23,52
2025.04.05,09:30,09:45,Erhardt,29,27,56
2025.04.05,09:45,10:00,Erhardt,44,39,83
2025.04.05,10:00,10:15,Erhardt,25,44,69
2025.04.05,10:15,10:30,Erhardt,42,43,85
2025.04.05,10:30,10:45,Erhardt,47,33,80
2025.04.05,10:45,11:00,Erhardt,56,36,92
2025.04.05,11:00,11:15,Erhardt,34,49,83
2025.04.05,11:15,11:30,Erhardt,48,43,91
2025.04.05,11:30,11:45,Erhardt,44,52,96
2025.04.05,11:45,12:00,Erhardt,77,36,113
2025.04.05,12:00,12:15,Erhardt,37,72,109
2025.04.05,12:15,12:30,Erhardt,65,55,120
2025.04.05,12:30,12:45,Erhardt,59,50,109
2025.04.05,12:45,13:00,Erhardt,74,61,135
2025.04.05,13:00,13:15,Erhardt,57,51,108
2025.04.05,13:15,13:30,Erhardt,89,56,145
2025.04.05,13:30,13:45,Erhardt,80,55,135
2025.04.05,13:45,14:00,Erhardt,63,80,143
2025.04.05,14:00,14:15,Erhardt,56,93,149
2025.04.05,14:15,14:30,Erhardt,59,65,124
2025.04.05,14:30,14:45,Erhardt,80,79,159
2025.04.05,14:45,15:00,Erhardt,74,87,161
2025.04.05,15:00,15:15,Erhardt,92,66,158
2025.04.05,15:15,15:30,Erhardt,70,89,159
2025.04.05,15:30,15:45,Erhardt,44,73,117
2025.04.05,15:45,16:00,Erhardt,98,69,167
2025.04.05,16:00,16:15,Erhardt,70,63,133
2025.04.05,16:15,16:30,Erhardt,86,59,145
2025.04.05,16:30,16:45,Erhardt,81,82,163
2025.04.05,16:45,17:00,Erhardt,67,86,153
2025.04.05,17:00,17:15,Erhardt,57,74,131
2025.04.05,17:15,17:30,Erhardt,57,55,112
2025.04.05,17:30,17:45,Erhardt,73,74,147
2025.04.05,17:45,18:00,Erhardt,81,78,159
2025.04.05,18:00,18:15,Erhardt,59,45,104
2025.04.05,18:15,18:30,Erhardt,44,48,92
2025.04.05,18:30,18:45,Erhardt,46,44,90
2025.04.05,18:45,19:00,Erhardt,34,58,92
2025.04.05,19:00,19:15,Erhardt,43,32,75
2025.04.05,19:15,19:30,Erhardt,26,29,55
2025.04.05,19:30,19:45,Erhardt,30,44,74
2025.04.05,19:45,20:00,Erhardt,21,10,31
2025.04.05,20:00,20:15,Erhardt,19,28,47
2025.04.05,20:15,20:30,Erhardt,18,18,36
2025.04.05,20:30,20:45,Erhardt,23,13,36
2025.04.05,20:45,21:00,Erhardt,31,15,46
2025.04.05,21:00,21:15,Erhardt,15,6,21
2025.04.05,21:15,21:30,Erhardt,18,8,26
2025.04.05,21:30,21:45,Erhardt,12,10,22
2025.04.05,21:45,22:00,Erhardt,13,13,26
2025.04.05,22:00,22:15,Erhardt,11,5,16
2025.04.05,22:15,22:30,Erhardt,16,14,30
2025.04.05,22:30,22:45,Erhardt,18,11,29
2025.04.05,22:45,23:00,Erhardt,12,9,21
2025.04.05,23:00,23:15,Erhardt,5,11,16
2025.04.05,23:15,23:30,Erhardt,7,12,19
2025.04.05,23:30,23:45,Erhardt,9,11,20
2025.04.05,23:45,00:00,Erhardt,9,12,21
2025.04.06,00:00,00:15,Erhardt,12,9,21
2025.04.06,00:15,00:30,Erhardt,7,6,13
2025.04.06,00:30,00:45,Erhardt,5,11,16
2025.04.06,00:45,01:00,Erhardt,10,6,16
2025.04.06,01:00,01:15,Erhardt,5,8,13
2025.04.06,01:15,01:30,Erhardt,5,6,11
2025.04.06,01:30,01:45,Erhardt,5,5,10
2025.04.06,01:45,02:00,Erhardt,4,6,10
2025.04.06,02:00,02:15,Erhardt,3,2,5
2025.04.06,02:15,02:30,Erhardt,1,2,3
2025.04.06,02:30,02:45,Erhardt,0,0,0
2025.04.06,02:45,03:00,Erhardt,2,0,2
2025.04.06,03:00,03:15,Erhardt,4,2,6
2025.04.06,03:15,03:30,Erhardt,2,0,2
2025.04.06,03:30,03:45,Erhardt,0,1,1
2025.04.06,03:45,04:00,Erhardt,0,0,0
2025.04.06,04:00,04:15,Erhardt,1,1,2
2025.04.06,04:15,04:30,Erhardt,1,1,2
2025.04.06,04:30,04:45,Erhardt,0,0,0
2025.04.06,04:45,05:00,Erhardt,1,2,3
2025.04.06,05:00,05:15,Erhardt,0,3,3
2025.04.06,05:15,05:30,Erhardt,0,0,0
2025.04.06,05:30,05:45,Erhardt,0,1,1
2025.04.06,05:45,06:00,Erhardt,1,0,1
2025.04.06,06:00,06:15,Erhardt,1,0,1
2025.04.06,06:15,06:30,Erhardt,2,0,2
2025.04.06,06:30,06:45,Erhardt,2,0,2
2025.04.06,06:45,07:00,Erhardt,1,2,3
2025.04.06,07:00,07:15,Erhardt,0,4,4
2025.04.06,07:15,07:30,Erhardt,3,0,3
2025.04.06,07:30,07:45,Erhardt,0,1,1
2025.04.06,07:45,08:00,Erhardt,2,2,4
2025.04.06,08:00,08:15,Erhardt,5,5,10
2025.04.06,08:15,08:30,Erhardt,4,5,9
2025.04.06,08:30,08:45,Erhardt,6,5,11
2025.04.06,08:45,09:00,Erhardt,3,12,15
2025.04.06,09:00,09:15,Erhardt,3,8,11
2025.04.06,09:15,09:30,Erhardt,2,1,3
2025.04.06,09:30,09:45,Erhardt,11,22,33
2025.04.06,09:45,10:00,Erhardt,11,17,28
2025.04.06,10:00,10:15,Erhardt,11,13,24
2025.04.06,10:15,10:30,Erhardt,11,18,29
2025.04.06,10:30,10:45,Erhardt,18,20,38
2025.04.06,10:45,11:00,Erhardt,19,27,46
2025.04.06,11:00,11:15,Erhardt,20,24,44
2025.04.06,11:15,11:30,Erhardt,30,26,56
2025.04.06,11:30,11:45,Erhardt,31,17,48
2025.04.06,11:45,12:00,Erhardt,36,21,57
2025.04.06,12:00,12:15,Erhardt,33,25,58
2025.04.06,12:15,12:30,Erhardt,28,30,58
2025.04.06,12:30,12:45,Erhardt,28,19,47
2025.04.06,12:45,13:00,Erhardt,47,20,67
2025.04.06,13:00,13:15,Erhardt,26,30,56
2025.04.06,13:15,13:30,Erhardt,34,39,73
2025.04.06,13:30,13:45,Erhardt,34,48,82
2025.04.06,13:45,14:00,Erhardt,35,51,86
2025.04.06,14:00,14:15,Erhardt,23,40,63
2025.04.06,14:15,14:30,Erhardt,35,33,68
2025.04.06,14:30,14:45,Erhardt,52,43,95
2025.04.06,14:45,15:00,Erhardt,34,49,83
2025.04.06,15:00,15:15,Erhardt,35,47,82
2025.04.06,15:15,15:30,Erhardt,43,41,84
2025.04.06,15:30,15:45,Erhardt,46,40,86
2025.04.06,15:45,16:00,Erhardt,43,47,90
2025.04.06,16:00,16:15,Erhardt,38,32,70
2025.04.06,16:15,16:30,Erhardt,45,39,84
2025.04.06,16:30,16:45,Erhardt,28,31,59
2025.04.06,16:45,17:00,Erhardt,34,30,64
2025.04.06,17:00,17:15,Erhardt,57,25,82
2025.04.06,17:15,17:30,Erhardt,36,28,64
2025.04.06,17:30,17:45,Erhardt,36,36,72
2025.04.06,17:45,18:00,Erhardt,23,26,49
2025.04.06,18:00,18:15,Erhardt,22,46,68
2025.04.06,18:15,18:30,Erhardt,22,26,48
2025.04.06,18:30,18:45,Erhardt,17,24,41
2025.04.06,18:45,19:00,Erhardt,21,28,49
2025.04.06,19:00,19:15,Erhardt,19,26,45
2025.04.06,19:15,19:30,Erhardt,22,19,41
2025.04.06,19:30,19:45,Erhardt,13,21,34
2025.04.06,19:45,20:00,Erhardt,10,14,24
2025.04.06,20:00,20:15,Erhardt,11,13,24
2025.04.06,20:15,20:30,Erhardt,11,8,19
2025.04.06,20:30,20:45,Erhardt,8,5,13
2025.04.06,20:45,21:00,Erhardt,13,8,21
2025.04.06,21:00,21:15,Erhardt,12,4,16
2025.04.06,21:15,21:30,Erhardt,9,6,15
2025.04.06,21:30,21:45,Erhardt,7,6,13
2025.04.06,21:45,22:00,Erhardt,2,7,9
2025.04.06,22:00,22:15,Erhardt,5,6,11
2025.04.06,22:15,22:30,Erhardt,3,6,9
2025.04.06,22:30,22:45,Erhardt,3,5,8
2025.04.06,22:45,23:00,Erhardt,3,2,5
2025.04.06,23:00,23:15,Erhardt,2,4,6
2025.04.06,23:15,23:30,Erhardt,1,6,7
2025.04.06,23:30,23:45,Erhardt,0,5,5
2025.04.06,23:45,00:00,Erhardt,1,0,1
2025.04.07,00:00,00:15,Erhardt,1,0,1
2025.04.07,00:15,00:30,Erhardt,0,1,1
2025.04.07,00:30,00:45,Erhardt,0,0,0
2025.04.07,00:45,01:00,Erhardt,3,0,3
2025.04.07,01:00,01:15,Erhardt,1,1,2
2025.04.07,01:15,01:30,Erhardt,0,0,0
2025.04.07,01:30,01:45,Erhardt,1,0,1
2025.04.07,01:45,02:00,Erhardt,1,0,1
2025.04.07,02:00,02:15,Erhardt,0,0,0
2025.04.07,02:15,02:30,Erhardt,0,0,0
2025.04.07,02:30,02:45,Erhardt,0,0,0
2025.04.07,02:45,03:00,Erhardt,0,0,0
2025.04.07,03:00,03:15,Erhardt,0,1,1
2025.04.07,03:15,03:30,Erhardt,1,0,1
2025.04.07,03:30,03:45,Erhardt,0,0,0
2025.04.07,03:45,04:00,Erhardt,0,0,0
2025.04.07,04:00,04:15,Erhardt,1,0,1
2025.04.07,04:15,04:30,Erhardt,0,0,0
2025.04.07,04:30,04:45,Erhardt,0,1,1
2025.04.07,04:45,05:00,Erhardt,0,2,2
2025.04.07,05:00,05:15,Erhardt,0,0,0
2025.04.07,05:15,05:30,Erhardt,3,1,4
2025.04.07,05:30,05:45,Erhardt,1,4,5
2025.04.07,05:45,06:00,Erhardt,2,4,6
2025.04.07,06:00,06:15,Erhardt,5,4,9
2025.04.07,06:15,06:30,Erhardt,10,10,20
2025.04.07,06:30,06:45,Erhardt,11,7,18
2025.04.07,06:45,07:00,Erhardt,16,12,28
2025.04.07,07:00,07:15,Erhardt,19,16,35
2025.04.07,07:15,07:30,Erhardt,20,28,48
2025.04.07,07:30,07:45,Erhardt,39,49,88
2025.04.07,07:45,08:00,Erhardt,76,33,109
2025.04.07,08:00,08:15,Erhardt,67,58,125
2025.04.07,08:15,08:30,Erhardt,81,52,133
2025.04.07,08:30,08:45,Erhardt,87,57,144
2025.04.07,08:45,09:00,Erhardt,64,65,129
2025.04.07,09:00,09:15,Erhardt,55,42,97
2025.04.07,09:15,09:30,Erhardt,34,29,63
2025.04.07,09:30,09:45,Erhardt,34,35,69
2025.04.07,09:45,10:00,Erhardt,30,28,58
2025.04.07,10:00,10:15,Erhardt,20,17,37
2025.04.07,10:15,10:30,Erhardt,12,24,36
2025.04.07,10:30,10:45,Erhardt,17,21,38
2025.04.07,10:45,11:00,Erhardt,14,15,29
2025.04.07,11:00,11:15,Erhardt,28,15,43
2025.04.07,11:15,11:30,Erhardt,23,8,31
2025.04.07,11:30,11:45,Erhardt,21,14,35
2025.04.07,11:45,12:00,Erhardt,27,17,44
2025.04.07,12:00,12:15,Erhardt,22,25,47
2025.04.07,12:15,12:30,Erhardt,22,23,45
2025.04.07,12:30,12:45,Erhardt,27,14,41
2025.04.07,12:45,13:00,Erhardt,26,14,40
2025.04.07,13:00,13:15,Erhardt,30,24,54
2025.04.07,13:15,13:30,Erhardt,30,22,52
2025.04.07,13:30,13:45,Erhardt,42,22,64
2025.04.07,13:45,14:00,Erhardt,26,24,50
2025.04.07,14:00,14:15,Erhardt,19,17,36
2025.04.07,14:15,14:30,Erhardt,26,17,43
2025.04.07,14:30,14:45,Erhardt,41,18,59
2025.04.07,14:45,15:00,Erhardt,39,32,71
2025.04.07,15:00,15:15,Erhardt,41,19,60
2025.04.07,15:15,15:30,Erhardt,34,29,63
2025.04.07,15:30,15:45,Erhardt,38,31,69
2025.04.07,15:45,16:00,Erhardt,43,35,78
2025.04.07,16:00,16:15,Erhardt,42,25,67
2025.04.07,16:15,16:30,Erhardt,34,39,73
2025.04.07,16:30,16:45,Erhardt,57,27,84
2025.04.07,16:45,17:00,Erhardt,65,23,88
2025.04.07,17:00,17:15,Erhardt,43,36,79
2025.04.07,17:15,17:30,Erhardt,73,32,105
2025.04.07,17:30,17:45,Erhardt,81,43,124
2025.04.07,17:45,18:00,Erhardt,67,41,108
2025.04.07,18:00,18:15,Erhardt,62,41,103
2025.04.07,18:15,18:30,Erhardt,66,51,117
2025.04.07,18:30,18:45,Erhardt,66,51,117
2025.04.07,18:45,19:00,Erhardt,69,35,104
2025.04.07,19:00,19:15,Erhardt,50,30,80
2025.04.07,19:15,19:30,Erhardt,44,34,78
2025.04.07,19:30,19:45,Erhardt,31,30,61
2025.04.07,19:45,20:00,Erhardt,24,22,46
2025.04.07,20:00,20:15,Erhardt,28,21,49
2025.04.07,20:15,20:30,Erhardt,30,12,42
2025.04.07,20:30,20:45,Erhardt,25,17,42
2025.04.07,20:45,21:00,Erhardt,16,7,23
2025.04.07,21:00,21:15,Erhardt,23,11,34
2025.04.07,21:15,21:30,Erhardt,13,21,34
2025.04.07,21:30,21:45,Erhardt,15,8,23
2025.04.07,21:45,22:00,Erhardt,13,11,24
2025.04.07,22:00,22:15,Erhardt,16,11,27
2025.04.07,22:15,22:30,Erhardt,26,15,41
2025.04.07,22:30,22:45,Erhardt,17,13,30
2025.04.07,22:45,23:00,Erhardt,7,7,14
2025.04.07,23:00,23:15,Erhardt,13,6,19
2025.04.07,23:15,23:30,Erhardt,10,3,13
2025.04.07,23:30,23:45,Erhardt,3,3,6
2025.04.07,23:45,00:00,Erhardt,5,3,8
2025.04.08,00:00,00:15,Erhardt,3,2,5
2025.04.08,00:15,00:30,Erhardt,2,1,3
2025.04.08,00:30,00:45,Erhardt,0,0,0
2025.04.08,00:45,01:00,Erhardt,4,0,4
2025.04.08,01:00,01:15,Erhardt,0,0,0
2025.04.08,01:15,01:30,Erhardt,2,0,2
2025.04.08,01:30,01:45,Erhardt,1,0,1
2025.04.08,01:45,02:00,Erhardt,0,0,0
2025.04.08,02:00,02:15,Erhardt,0,0,0
2025.04.08,02:15,02:30,Erhardt,0,0,0
2025.04.08,02:30,02:45,Erhardt,1,0,1
2025.04.08,02:45,03:00,Erhardt,0,0,0
2025.04.08,03:00,03:15,Erhardt,0,0,0
2025.04.08,03:15,03:30,Erhardt,1,0,1
2025.04.08,03:30,03:45,Erhardt,0,0,0
2025.04.08,03:45,04:00,Erhardt,0,0,0
2025.04.08,04:00,04:15,Erhardt,0,0,0
2025.04.08,04:15,04:30,Erhardt,0,0,0
2025.04.08,04:30,04:45,Erhardt,0,1,1
2025.04.08,04:45,05:00,Erhardt,0,1,1
2025.04.08,05:00,05:15,Erhardt,0,0,0
2025.04.08,05:15,05:30,Erhardt,0,2,2
2025.04.08,05:30,05:45,Erhardt,4,4,8
2025.04.08,05:45,06:00,Erhardt,3,5,8
2025.04.08,06:00,06:15,Erhardt,5,1,6
2025.04.08,06:15,06:30,Erhardt,8,8,16
2025.04.08,06:30,06:45,Erhardt,8,12,20
2025.04.08,06:45,07:00,Erhardt,23,9,32
2025.04.08,07:00,07:15,Erhardt,26,27,53
2025.04.08,07:15,07:30,Erhardt,36,28,64
2025.04.08,07:30,07:45,Erhardt,52,47,99
2025.04.08,07:45,08:00,Erhardt,74,56,130
2025.04.08,08:00,08:15,Erhardt,91,54,145
2025.04.08,08:15,08:30,Erhardt,90,76,166
2025.04.08,08:30,08:45,Erhardt,81,61,142
2025.04.08,08:45,09:00,Erhardt,90,73,163
2025.04.08,09:00,09:15,Erhardt,58,43,101
2025.04.08,09:15,09:30,Erhardt,43,38,81
2025.04.08,09:30,09:45,Erhardt,46,31,77
2025.04.08,09:45,10:00,Erhardt,42,32,74
2025.04.08,10:00,10:15,Erhardt,25,24,49
2025.04.08,10:15,10:30,Erhardt,24,27,51
2025.04.08,10:30,10:45,Erhardt,18,26,44
2025.04.08,10:45,11:00,Erhardt,20,27,47
2025.04.08,11:00,11:15,Erhardt,12,14,26
2025.04.08,11:15,11:30,Erhardt,23,17,40
2025.04.08,11:30,11:45,Erhardt,21,19,40
2025.04.08,11:45,12:00,Erhardt,17,33,50
2025.04.08,12:00,12:15,Erhardt,20,25,45
2025.04.08,12:15,12:30,Erhardt,24,30,54
2025.04.08,12:30,12:45,Erhardt,25,22,47
2025.04.08,12:45,13:00,Erhardt,28,28,56
2025.04.08,13:00,13:15,Erhardt,37,25,62
2025.04.08,13:15,13:30,Erhardt,29,36,65
2025.04.08,13:30,13:45,Erhardt,28,39,67
2025.04.08,13:45,14:00,Erhardt,26,23,49
2025.04.08,14:00,14:15,Erhardt,26,40,66
2025.04.08,14:15,14:30,Erhardt,37,19,56
2025.04.08,14:30,14:45,Erhardt,42,17,59
2025.04.08,14:45,15:00,Erhardt,47,28,75
2025.04.08,15:00,15:15,Erhardt,43,25,68
2025.04.08,15:15,15:30,Erhardt,36,31,67
2025.04.08,15:30,15:45,Erhardt,45,34,79
2025.04.08,15:45,16:00,Erhardt,48,33,81
2025.04.08,16:00,16:15,Erhardt,39,41,80
2025.04.08,16:15,16:30,Erhardt,87,32,119
2025.04.08,16:30,16:45,Erhardt,62,26,88
2025.04.08,16:45,17:00,Erhardt,71,33,104
2025.04.08,17:00,17:15,Erhardt,76,30,106
2025.04.08,17:15,17:30,Erhardt,71,35,106
2025.04.08,17:30,17:45,Erhardt,74,53,127
2025.04.08,17:45,18:00,Erhardt,89,60,149
2025.04.08,18:00,18:15,Erhardt,97,41,138
2025.04.08,18:15,18:30,Erhardt,76,57,133
2025.04.08,18:30,18:45,Erhardt,74,50,124
2025.04.08,18:45,19:00,Erhardt,52,66,118
2025.04.08,19:00,19:15,Erhardt,68,32,100
2025.04.08,19:15,19:30,Erhardt,65,51,116
2025.04.08,19:30,19:45,Erhardt,41,47,88
2025.04.08,19:45,20:00,Erhardt,39,34,73
2025.04.08,20:00,20:15,Erhardt,37,24,61
2025.04.08,20:15,20:30,Erhardt,32,21,53
2025.04.08,20:30,20:45,Erhardt,26,17,43
2025.04.08,20:45,21:00,Erhardt,28,13,41
2025.04.08,21:00,21:15,Erhardt,31,10,41
2025.04.08,21:15,21:30,Erhardt,29,8,37
2025.04.08,21:30,21:45,Erhardt,25,20,45
2025.04.08,21:45,22:00,Erhardt,11,13,24
2025.04.08,22:00,22:15,Erhardt,15,15,30
2025.04.08,22:15,22:30,Erhardt,25,15,40
2025.04.08,22:30,22:45,Erhardt,23,15,38
2025.04.08,22:45,23:00,Erhardt,10,15,25
2025.04.08,23:00,23:15,Erhardt,13,12,25
2025.04.08,23:15,23:30,Erhardt,16,8,24
2025.04.08,23:30,23:45,Erhardt,14,11,25
2025.04.08,23:45,00:00,Erhardt,14,1,15
2025.04.09,00:00,00:15,Erhardt,7,2,9
2025.04.09,00:15,00:30,Erhardt,7,4,11
2025.04.09,00:30,00:45,Erhardt,0,3,3
2025.04.09,00:45,01:00,Erhardt,3,3,6
2025.04.09,01:00,01:15,Erhardt,3,1,4
2025.04.09,01:15,01:30,Erhardt,0,0,0
2025.04.09,01:30,01:45,Erhardt,0,0,0
2025.04.09,01:45,02:00,Erhardt,1,0,1
2025.04.09,02:00,02:15,Erhardt,1,0,1
2025.04.09,02:15,02:30,Erhardt,0,0,0
2025.04.09,02:30,02:45,Erhardt,0,0,0
2025.04.09,02:45,03:00,Erhardt,0,0,0
2025.04.09,03:00,03:15,Erhardt,0,0,0
2025.04.09,03:15,03:30,Erhardt,0,0,0
2025.04.09,03:30,03:45,Erhardt,0,1,1
2025.04.09,03:45,04:00,Erhardt,0,0,0
2025.04.09,04:00,04:15,Erhardt,0,0,0
2025.04.09,04:15,04:30,Erhardt,0,0,0
2025.04.09,04:30,04:45,Erhardt,0,3,3
2025.04.09,04:45,05:00,Erhardt,1,1,2
2025.04.09,05:00,05:15,Erhardt,1,0,1
2025.04.09,05:15,05:30,Erhardt,1,2,3
2025.04.09,05:30,05:45,Erhardt,2,2,4
2025.04.09,05:45,06:00,Erhardt,2,5,7
2025.04.09,06:00,06:15,Erhardt,6,4,10
2025.04.09,06:15,06:30,Erhardt,10,9,19
2025.04.09,06:30,06:45,Erhardt,17,3,20
2025.04.09,06:45,07:00,Erhardt,23,9,32
2025.04.09,07:00,07:15,Erhardt,26,24,50
2025.04.09,07:15,07:30,Erhardt,34,31,65
2025.04.09,07:30,07:45,Erhardt,47,49,96
2025.04.09,07:45,08:00,Erhardt,73,47,120
2025.04.09,08:00,08:15,Erhardt,80,52,132
2025.04.09,08:15,08:30,Erhardt,77,75,152
2025.04.09,08:30,08:45,Erhardt,89,75,164
2025.04.09,08:45,09:00,Erhardt,85,45,130
2025.04.09,09:00,09:15,Erhardt,52,47,99
2025.04.09,09:15,09:30,Erhardt,33,37,70
2025.04.09,09:30,09:45,Erhardt,32,35,67
2025.04.09,09:45,10:00,Erhardt,30,35,65
2025.04.09,10:00,10:15,Erhardt,36,17,53
2025.04.09,10:15,10:30,Erhardt,32,19,51
2025.04.09,10:30,10:45,Erhardt,21,31,52
2025.04.09,10:45,11:00,Erhardt,33,25,58
2025.04.09,11:00,11:15,Erhardt,12,27,39
2025.04.09,11:15,11:30,Erhardt,18,30,48
2025.04.09,11:30,11:45,Erhardt,25,25,50
2025.04.09,11:45,12:00,Erhardt,21,24,45
2025.04.09,12:00,12:15,Erhardt,28,26,54
2025.04.09,12:15,12:30,Erhardt,31,22,53
2025.04.09,12:30,12:45,Erhardt,25,26,51
2025.04.09,12:45,13:00,Erhardt,20,27,47
2025.04.09,13:00,13:15,Erhardt,25,24,49
2025.04.09,13:15,13:30,Erhardt,41,33,74
2025.04.09,13:30,13:45,Erhardt,27,37,64
2025.04.09,13:45,14:00,Erhardt,26,29,55
2025.04.09,14:00,14:15,Erhardt,28,25,53
2025.04.09,14:15,14:30,Erhardt,21,19,40
2025.04.09,14:30,14:45,Erhardt,34,27,61
2025.04.09,14:45,15:00,Erhardt,33,30,63
2025.04.09,15:00,15:15,Erhardt,39,32,71
2025.04.09,15:15,15:30,Erhardt,43,33,76
2025.04.09,15:30,15:45,Erhardt,39,30,69
2025.04.09,15:45,16:00,Erhardt,56,27,83
2025.04.09,16:00,16:15,Erhardt,51,37,88
2025.04.09,16:15,16:30,Erhardt,61,39,100
2025.04.09,16:30,16:45,Erhardt,64,33,97
2025.04.09,16:45,17:00,Erhardt,61,31,92
2025.04.09,17:00,17:15,Erhardt,65,29,94
2025.04.09,17:15,17:30,Erhardt,101,37,138
2025.04.09,17:30,17:45,Erhardt,81,49,130
2025.04.09,17:45,18:00,Erhardt,80,48,128
2025.04.09,18:00,18:15,Erhardt,85,56,141
2025.04.09,18:15,18:30,Erhardt,93,75,168
2025.04.09,18:30,18:45,Erhardt,80,47,127
2025.04.09,18:45,19:00,Erhardt,60,65,125
2025.04.09,19:00,19:15,Erhardt,71,34,105
2025.04.09,19:15,19:30,Erhardt,53,35,88
2025.04.09,19:30,19:45,Erhardt,51,35,86
2025.04.09,19:45,20:00,Erhardt,38,32,70
2025.04.09,20:00,20:15,Erhardt,41,21,62
2025.04.09,20:15,20:30,Erhardt,30,15,45
2025.04.09,20:30,20:45,Erhardt,30,17,47
2025.04.09,20:45,21:00,Erhardt,25,21,46
2025.04.09,21:00,21:15,Erhardt,27,14,41
2025.04.09,21:15,21:30,Erhardt,21,16,37
2025.04.09,21:30,21:45,Erhardt,21,19,40
2025.04.09,21:45,22:00,Erhardt,20,11,31
2025.04.09,22:00,22:15,Erhardt,28,13,41
2025.04.09,22:15,22:30,Erhardt,31,26,57
2025.04.09,22:30,22:45,Erhardt,16,13,29
2025.04.09,22:45,23:00,Erhardt,15,15,30
2025.04.09,23:00,23:15,Erhardt,10,18,28
2025.04.09,23:15,23:30,Erhardt,11,15,26
2025.04.09,23:30,23:45,Erhardt,15,7,22
2025.04.09,23:45,00:00,Erhardt,3,7,10
2025.04.10,00:00,00:15,Erhardt,6,4,10
2025.04.10,00:15,00:30,Erhardt,4,3,7
2025.04.10,00:30,00:45,Erhardt,5,1,6
2025.04.10,00:45,01:00,Erhardt,3,0,3
2025.04.10,01:00,01:15,Erhardt,2,1,3
2025.04.10,01:15,01:30,Erhardt,0,0,0
2025.04.10,01:30,01:45,Erhardt,0,1,1
2025.04.10,01:45,02:00,Erhardt,0,3,3
2025.04.10,02:00,02:15,Erhardt,2,0,2
2025.04.10,02:15,02:30,Erhardt,0,0,0
2025.04.10,02:30,02:45,Erhardt,0,0,0
2025.04.10,02:45,03:00,Erhardt,0,0,0
2025.04.10,03:00,03:15,Erhardt,0,0,0
2025.04.10,03:15,03:30,Erhardt,0,0,0
2025.04.10,03:30,03:45,Erhardt,0,0,0
2025.04.10,03:45,04:00,Erhardt,0,0,0
2025.04.10,04:00,04:15,Erhardt,0,0,0
2025.04.10,04:15,04:30,Erhardt,0,0,0
2025.04.10,04:30,04:45,Erhardt,0,3,3
2025.04.10,04:45,05:00,Erhardt,1,1,2
2025.04.10,05:00,05:15,Erhardt,2,1,3
2025.04.10,05:15,05:30,Erhardt,1,4,5
2025.04.10,05:30,05:45,Erhardt,4,4,8
2025.04.10,05:45,06:00,Erhardt,6,4,10
2025.04.10,06:00,06:15,Erhardt,1,4,5
2025.04.10,06:15,06:30,Erhardt,22,10,32
2025.04.10,06:30,06:45,Erhardt,15,9,24
2025.04.10,06:45,07:00,Erhardt,19,20,39
2025.04.10,07:00,07:15,Erhardt,26,16,42
2025.04.10,07:15,07:30,Erhardt,33,29,62
2025.04.10,07:30,07:45,Erhardt,53,45,98
2025.04.10,07:45,08:00,Erhardt,76,52,128
2025.04.10,08:00,08:15,Erhardt,65,65,130
2025.04.10,08:15,08:30,Erhardt,81,64,145
2025.04.10,08:30,08:45,Erhardt,108,74,182
2025.04.10,08:45,09:00,Erhardt,61,58,119
2025.04.10,09:00,09:15,Erhardt,56,37,93
2025.04.10,09:15,09:30,Erhardt,30,38,68
2025.04.10,09:30,09:45,Erhardt,35,33,68
2025.04.10,09:45,10:00,Erhardt,34,33,67
2025.04.10,10:00,10:15,Erhardt,23,22,45
2025.04.10,10:15,10:30,Erhardt,24,21,45
2025.04.10,10:30,10:45,Erhardt,21,25,46
2025.04.10,10:45,11:00,Erhardt,13,26,39
2025.04.10,11:00,11:15,Erhardt,18,20,38
2025.04.10,11:15,11:30,Erhardt,21,23,44
2025.04.10,11:30,11:45,Erhardt,19,24,43
2025.04.10,11:45,12:00,Erhardt,29,32,61
2025.04.10,12:00,12:15,Erhardt,22,21,43
2025.04.10,12:15,12:30,Erhardt,29,20,49
2025.04.10,12:30,12:45,Erhardt,26,22,48
2025.04.10,12:45,13:00,Erhardt,22,16,38
2025.04.10,13:00,13:15,Erhardt,28,16,44
2025.04.10,13:15,13:30,Erhardt,30,19,49
2025.04.10,13:30,13:45,Erhardt,32,22,54
2025.04.10,13:45,14:00,Erhardt,40,24,64
2025.04.10,14:00,14:15,Erhardt,28,21,49
2025.04.10,14:15,14:30,Erhardt,39,33,72
2025.04.10,14:30,14:45,Erhardt,39,22,61
2025.04.10,14:45,15:00,Erhardt,45,30,75
2025.04.10,15:00,15:15,Erhardt,58,25,83
2025.04.10,15:15,15:30,Erhardt,46,37,83
2025.04.10,15:30,15:45,Erhardt,58,30,88
2025.04.10,15:45,16:00,Erhardt,55,27,82
2025.04.10,16:00,16:15,Erhardt,55,37,92
2025.04.10,16:15,16:30,Erhardt,63,40,103
2025.04.10,16:30,16:45,Erhardt,53,43,96
2025.04.10,16:45,17:00,Erhardt,60,43,103
2025.04.10,17:00,17:15,Erhardt,60,39,99
2025.04.10,17:15,17:30,Erhardt,75,58,133
2025.04.10,17:30,17:45,Erhardt,93,49,142
2025.04.10,17:45,18:00,Erhardt,83,58,141
2025.04.10,18:00,18:15,Erhardt,78,45,123
2025.04.10,18:15,18:30,Erhardt,64,56,120
2025.04.10,18:30,18:45,Erhardt,73,60,133
2025.04.10,18:45,19:00,Erhardt,76,76,152
2025.04.10,19:00,19:15,Erhardt,68,46,114
2025.04.10,19:15,19:30,Erhardt,56,52,108
2025.04.10,19:30,19:45,Erhardt,33,37,70
2025.04.10,19:45,20:00,Erhardt,47,36,83
2025.04.10,20:00,20:15,Erhardt,33,28,61
2025.04.10,20:15,20:30,Erhardt,38,17,55
2025.04.10,20:30,20:45,Erhardt,26,21,47
2025.04.10,20:45,21:00,Erhardt,17,15,32
2025.04.10,21:00,21:15,Erhardt,19,12,31
2025.04.10,21:15,21:30,Erhardt,20,15,35
2025.04.10,21:30,21:45,Erhardt,23,13,36
2025.04.10,21:45,22:00,Erhardt,22,13,35
2025.04.10,22:00,22:15,Erhardt,26,12,38
2025.04.10,22:15,22:30,Erhardt,25,22,47
2025.04.10,22:30,22:45,Erhardt,21,13,34
2025.04.10,22:45,23:00,Erhardt,16,13,29
2025.04.10,23:00,23:15,Erhardt,31,14,45
2025.04.10,23:15,23:30,Erhardt,21,9,30
2025.04.10,23:30,23:45,Erhardt,15,7,22
2025.04.10,23:45,00:00,Erhardt,7,8,15
2025.04.11,00:00,00:15,Erhardt,4,2,6
2025.04.11,00:15,00:30,Erhardt,7,3,10
2025.04.11,00:30,00:45,Erhardt,2,9,11
2025.04.11,00:45,01:00,Erhardt,5,2,7
2025.04.11,01:00,01:15,Erhardt,1,3,4
2025.04.11,01:15,01:30,Erhardt,1,2,3
2025.04.11,01:30,01:45,Erhardt,2,2,4
2025.04.11,01:45,02:00,Erhardt,0,2,2
2025.04.11,02:00,02:15,Erhardt,1,0,1
2025.04.11,02:15,02:30,Erhardt,0,0,0
2025.04.11,02:30,02:45,Erhardt,0,0,0
2025.04.11,02:45,03:00,Erhardt,0,2,2
2025.04.11,03:00,03:15,Erhardt,0,0,0
2025.04.11,03:15,03:30,Erhardt,1,1,2
2025.04.11,03:30,03:45,Erhardt,0,1,1
2025.04.11,03:45,04:00,Erhardt,0,1,1
2025.04.11,04:00,04:15,Erhardt,0,0,0
2025.04.11,04:15,04:30,Erhardt,0,0,0
2025.04.11,04:30,04:45,Erhardt,1,2,3
2025.04.11,04:45,05:00,Erhardt,1,1,2
2025.04.11,05:00,05:15,Erhardt,0,0,0
2025.04.11,05:15,05:30,Erhardt,0,1,1
2025.04.11,05:30,05:45,Erhardt,3,0,3
2025.04.11,05:45,06:00,Erhardt,6,5,11
2025.04.11,06:00,06:15,Erhardt,5,4,9
2025.04.11,06:15,06:30,Erhardt,13,5,18
2025.04.11,06:30,06:45,Erhardt,7,8,15
2025.04.11,06:45,07:00,Erhardt,22,17,39
2025.04.11,07:00,07:15,Erhardt,23,20,43
2025.04.11,07:15,07:30,Erhardt,26,27,53
2025.04.11,07:30,07:45,Erhardt,49,39,88
2025.04.11,07:45,08:00,Erhardt,69,35,104
2025.04.11,08:00,08:15,Erhardt,55,57,112
2025.04.11,08:15,08:30,Erhardt,53,51,104
2025.04.11,08:30,08:45,Erhardt,66,53,119
2025.04.11,08:45,09:00,Erhardt,75,54,129
2025.04.11,09:00,09:15,Erhardt,42,31,73
2025.04.11,09:15,09:30,Erhardt,35,37,72
2025.04.11,09:30,09:45,Erhardt,38,38,76
2025.04.11,09:45,10:00,Erhardt,24,35,59
2025.04.11,10:00,10:15,Erhardt,28,25,53
2025.04.11,10:15,10:30,Erhardt,32,19,51
2025.04.11,10:30,10:45,Erhardt,22,26,48
2025.04.11,10:45,11:00,Erhardt,33,26,59
2025.04.11,11:00,11:15,Erhardt,23,13,36
2025.04.11,11:15,11:30,Erhardt,50,28,78
2025.04.11,11:30,11:45,Erhardt,23,37,60
2025.04.11,11:45,12:00,Erhardt,41,45,86
2025.04.11,12:00,12:15,Erhardt,45,29,74
2025.04.11,12:15,12:30,Erhardt,48,36,84
2025.04.11,12:30,12:45,Erhardt,39,30,69
2025.04.11,12:45,13:00,Erhardt,57,31,88
2025.04.11,13:00,13:15,Erhardt,46,30,76
2025.04.11,13:15,13:30,Erhardt,37,35,72
2025.04.11,13:30,13:45,Erhardt,50,40,90
2025.04.11,13:45,14:00,Erhardt,55,36,91
2025.04.11,14:00,14:15,Erhardt,50,39,89
2025.04.11,14:15,14:30,Erhardt,62,39,101
2025.04.11,14:30,14:45,Erhardt,68,41,109
2025.04.11,14:45,15:00,Erhardt,56,47,103
2025.04.11,15:00,15:15,Erhardt,53,37,90
2025.04.11,15:15,15:30,Erhardt,55,58,113
2025.04.11,15:30,15:45,Erhardt,80,39,119
2025.04.11,15:45,16:00,Erhardt,82,42,124
2025.04.11,16:00,16:15,Erhardt,70,46,116
2025.04.11,16:15,16:30,Erhardt,67,49,116
2025.04.11,16:30,16:45,Erhardt,78,50,128
2025.04.11,16:45,17:00,Erhardt,86,58,144
2025.04.11,17:00,17:15,Erhardt,92,55,147
2025.04.11,17:15,17:30,Erhardt,77,54,131
2025.04.11,17:30,17:45,Erhardt,84,66,150
2025.04.11,17:45,18:00,Erhardt,71,88,159
2025.04.11,18:00,18:15,Erhardt,94,58,152
2025.04.11,18:15,18:30,Erhardt,88,77,165
2025.04.11,18:30,18:45,Erhardt,60,61,121
2025.04.11,18:45,19:00,Erhardt,58,49,107
2025.04.11,19:00,19:15,Erhardt,56,58,114
2025.04.11,19:15,19:30,Erhardt,52,62,114
2025.04.11,19:30,19:45,Erhardt,35,31,66
2025.04.11,19:45,20:00,Erhardt,43,32,75
2025.04.11,20:00,20:15,Erhardt,37,43,80
2025.04.11,20:15,20:30,Erhardt,41,31,72
2025.04.11,20:30,20:45,Erhardt,36,21,57
2025.04.11,20:45,21:00,Erhardt,35,15,50
2025.04.11,21:00,21:15,Erhardt,20,13,33
2025.04.11,21:15,21:30,Erhardt,18,19,37
2025.04.11,21:30,21:45,Erhardt,21,15,36
2025.04.11,21:45,22:00,Erhardt,14,27,41
2025.04.11,22:00,22:15,Erhardt,20,19,39
2025.04.11,22:15,22:30,Erhardt,16,21,37
2025.04.11,22:30,22:45,Erhardt,23,11,34
2025.04.11,22:45,23:00,Erhardt,27,9,36
2025.04.11,23:00,23:15,Erhardt,8,15,23
2025.04.11,23:15,23:30,Erhardt,16,16,32
2025.04.11,23:30,23:45,Erhardt,24,9,33
2025.04.11,23:45,00:00,Erhardt,19,12,31
2025.04.12,00:00,00:15,Erhardt,12,5,17
2025.04.12,00:15,00:30,Erhardt,18,4,22
2025.04.12,00:30,00:45,Erhardt,11,8,19
2025.04.12,00:45,01:00,Erhardt,10,14,24
2025.04.12,01:00,01:15,Erhardt,6,4,10
2025.04.12,01:15,01:30,Erhardt,11,5,16
2025.04.12,01:30,01:45,Erhardt,10,6,16
2025.04.12,01:45,02:00,Erhardt,10,9,19
2025.04.12,02:00,02:15,Erhardt,2,2,4
2025.04.12,02:15,02:30,Erhardt,6,2,8
2025.04.12,02:30,02:45,Erhardt,5,3,8
2025.04.12,02:45,03:00,Erhardt,3,5,8
2025.04.12,03:00,03:15,Erhardt,5,1,6
2025.04.12,03:15,03:30,Erhardt,4,22,26
2025.04.12,03:30,03:45,Erhardt,0,1,1
2025.04.12,03:45,04:00,Erhardt,0,2,2
2025.04.12,04:00,04:15,Erhardt,0,0,0
2025.04.12,04:15,04:30,Erhardt,1,0,1
2025.04.12,04:30,04:45,Erhardt,3,0,3
2025.04.12,04:45,05:00,Erhardt,0,0,0
2025.04.12,05:00,05:15,Erhardt,1,0,1
2025.04.12,05:15,05:30,Erhardt,0,0,0
2025.04.12,05:30,05:45,Erhardt,2,0,2
2025.04.12,05:45,06:00,Erhardt,1,5,6
2025.04.12,06:00,06:15,Erhardt,1,4,5
2025.04.12,06:15,06:30,Erhardt,2,2,4
2025.04.12,06:30,06:45,Erhardt,4,2,6
2025.04.12,06:45,07:00,Erhardt,3,3,6
2025.04.12,07:00,07:15,Erhardt,2,4,6
2025.04.12,07:15,07:30,Erhardt,7,10,17
2025.04.12,07:30,07:45,Erhardt,14,12,26
2025.04.12,07:45,08:00,Erhardt,6,5,11
2025.04.12,08:00,08:15,Erhardt,10,5,15
2025.04.12,08:15,08:30,Erhardt,7,8,15
2025.04.12,08:30,08:45,Erhardt,14,19,33
2025.04.12,08:45,09:00,Erhardt,22,21,43
2025.04.12,09:00,09:15,Erhardt,25,21,46
2025.04.12,09:15,09:30,Erhardt,35,18,53
2025.04.12,09:30,09:45,Erhardt,40,28,68
2025.04.12,09:45,10:00,Erhardt,57,24,81
2025.04.12,10:00,10:15,Erhardt,40,43,83
2025.04.12,10:15,10:30,Erhardt,84,46,130
2025.04.12,10:30,10:45,Erhardt,43,62,105
2025.04.12,10:45,11:00,Erhardt,52,29,81
2025.04.12,11:00,11:15,Erhardt,39,38,77
2025.04.12,11:15,11:30,Erhardt,55,45,100
2025.04.12,11:30,11:45,Erhardt,57,54,111
2025.04.12,11:45,12:00,Erhardt,82,49,131
2025.04.12,12:00,12:15,Erhardt,50,50,100
2025.04.12,12:15,12:30,Erhardt,65,50,115
2025.04.12,12:30,12:45,Erhardt,55,56,111
2025.04.12,12:45,13:00,Erhardt,82,68,150
2025.04.12,13:00,13:15,Erhardt,73,69,142
2025.04.12,13:15,13:30,Erhardt,62,68,130
2025.04.12,13:30,13:45,Erhardt,64,64,128
2025.04.12,13:45,14:00,Erhardt,85,78,163
2025.04.12,14:00,14:15,Erhardt,75,84,159
2025.04.12,14:15,14:30,Erhardt,105,64,169
2025.04.12,14:30,14:45,Erhardt,92,75,167
2025.04.12,14:45,15:00,Erhardt,104,63,167
2025.04.12,15:00,15:15,Erhardt,84,89,173
2025.04.12,15:15,15:30,Erhardt,88,76,164
2025.04.12,15:30,15:45,Erhardt,87,65,152
2025.04.12,15:45,16:00,Erhardt,76,67,143
2025.04.12,16:00,16:15,Erhardt,99,70,169
2025.04.12,16:15,16:30,Erhardt,89,56,145
2025.04.12,16:30,16:45,Erhardt,72,78,150
2025.04.12,16:45,17:00,Erhardt,76,79,155
2025.04.12,17:00,17:15,Erhardt,62,84,146
2025.04.12,17:15,17:30,Erhardt,87,83,170
2025.04.12,17:30,17:45,Erhardt,95,70,165
2025.04.12,17:45,18:00,Erhardt,61,72,133
2025.04.12,18:00,18:15,Erhardt,73,92,165
2025.04.12,18:15,18:30,Erhardt,73,77,150
2025.04.12,18:30,18:45,Erhardt,55,65,120
2025.04.12,18:45,19:00,Erhardt,67,69,136
2025.04.12,19:00,19:15,Erhardt,47,41,88
2025.04.12,19:15,19:30,Erhardt,47,43,90
2025.04.12,19:30,19:45,Erhardt,35,37,72
2025.04.12,19:45,20:00,Erhardt,50,43,93
2025.04.12,20:00,20:15,Erhardt,25,47,72
2025.04.12,20:15,20:30,Erhardt,45,29,74
2025.04.12,20:30,20:45,Erhardt,35,31,66
2025.04.12,20:45,21:00,Erhardt,22,23,45
2025.04.12,21:00,21:15,Erhardt,29,32,61
2025.04.12,21:15,21:30,Erhardt,18,24,42
2025.04.12,21:30,21:45,Erhardt,27,17,44
2025.04.12,21:45,22:00,Erhardt,11,19,30
2025.04.12,22:00,22:15,Erhardt,17,14,31
2025.04.12,22:15,22:30,Erhardt,18,22,40
2025.04.12,22:30,22:45,Erhardt,23,24,47
2025.04.12,22:45,23:00,Erhardt,19,13,32
2025.04.12,23:00,23:15,Erhardt,20,21,41
2025.04.12,23:15,23:30,Erhardt,20,15,35
2025.04.12,23:30,23:45,Erhardt,13,17,30
2025.04.12,23:45,00:00,Erhardt,25,12,37
2025.04.13,00:00,00:15,Erhardt,7,19,26
2025.04.13,00:15,00:30,Erhardt,15,16,31
2025.04.13,00:30,00:45,Erhardt,6,6,12
2025.04.13,00:45,01:00,Erhardt,10,1,11
2025.04.13,01:00,01:15,Erhardt,14,15,29
2025.04.13,01:15,01:30,Erhardt,0,3,3
2025.04.13,01:30,01:45,Erhardt,6,5,11
2025.04.13,01:45,02:00,Erhardt,4,2,6
2025.04.13,02:00,02:15,Erhardt,5,8,13
2025.04.13,02:15,02:30,Erhardt,0,3,3
2025.04.13,02:30,02:45,Erhardt,2,8,10
2025.04.13,02:45,03:00,Erhardt,0,1,1
2025.04.13,03:00,03:15,Erhardt,0,4,4
2025.04.13,03:15,03:30,Erhardt,0,3,3
2025.04.13,03:30,03:45,Erhardt,3,4,7
2025.04.13,03:45,04:00,Erhardt,1,0,1
2025.04.13,04:00,04:15,Erhardt,1,1,2
2025.04.13,04:15,04:30,Erhardt,0,2,2
2025.04.13,04:30,04:45,Erhardt,0,1,1
2025.04.13,04:45,05:00,Erhardt,0,1,1
2025.04.13,05:00,05:15,Erhardt,0,1,1
2025.04.13,05:15,05:30,Erhardt,0,0,0
2025.04.13,05:30,05:45,Erhardt,2,0,2
2025.04.13,05:45,06:00,Erhardt,3,1,4
2025.04.13,06:00,06:15,Erhardt,0,1,1
2025.04.13,06:15,06:30,Erhardt,1,1,2
2025.04.13,06:30,06:45,Erhardt,3,0,3
2025.04.13,06:45,07:00,Erhardt,2,1,3
2025.04.13,07:00,07:15,Erhardt,6,0,6
2025.04.13,07:15,07:30,Erhardt,3,5,8
2025.04.13,07:30,07:45,Erhardt,3,1,4
2025.04.13,07:45,08:00,Erhardt,4,4,8
2025.04.13,08:00,08:15,Erhardt,8,6,14
2025.04.13,08:15,08:30,Erhardt,10,10,20
2025.04.13,08:30,08:45,Erhardt,10,9,19
2025.04.13,08:45,09:00,Erhardt,11,9,20
2025.04.13,09:00,09:15,Erhardt,16,12,28
2025.04.13,09:15,09:30,Erhardt,13,17,30
2025.04.13,09:30,09:45,Erhardt,23,20,43
2025.04.13,09:45,10:00,Erhardt,25,26,51
2025.04.13,10:00,10:15,Erhardt,25,31,56
2025.04.13,10:15,10:30,Erhardt,37,35,72
2025.04.13,10:30,10:45,Erhardt,30,29,59
2025.04.13,10:45,11:00,Erhardt,45,27,72
2025.04.13,11:00,11:15,Erhardt,31,26,57
2025.04.13,11:15,11:30,Erhardt,23,33,56
2025.04.13,11:30,11:45,Erhardt,42,29,71
2025.04.13,11:45,12:00,Erhardt,38,31,69
2025.04.13,12:00,12:15,Erhardt,18,37,55
2025.04.13,12:15,12:30,Erhardt,32,30,62
2025.04.13,12:30,12:45,Erhardt,41,35,76
2025.04.13,12:45,13:00,Erhardt,24,41,65
2025.04.13,13:00,13:15,Erhardt,43,38,81
2025.04.13,13:15,13:30,Erhardt,29,33,62
2025.04.13,13:30,13:45,Erhardt,32,69,101
2025.04.13,13:45,14:00,Erhardt,45,38,83
2025.04.13,14:00,14:15,Erhardt,37,38,75
2025.04.13,14:15,14:30,Erhardt,55,40,95
2025.04.13,14:30,14:45,Erhardt,62,48,110
2025.04.13,14:45,15:00,Erhardt,40,62,102
2025.04.13,15:00,15:15,Erhardt,57,44,101
2025.04.13,15:15,15:30,Erhardt,62,47,109
2025.04.13,15:30,15:45,Erhardt,52,35,87
2025.04.13,15:45,16:00,Erhardt,44,49,93
2025.04.13,16:00,16:15,Erhardt,46,52,98
2025.04.13,16:15,16:30,Erhardt,55,37,92
2025.04.13,16:30,16:45,Erhardt,51,33,84
2025.04.13,16:45,17:00,Erhardt,52,57,109
2025.04.13,17:00,17:15,Erhardt,40,47,87
2025.04.13,17:15,17:30,Erhardt,28,59,87
2025.04.13,17:30,17:45,Erhardt,70,50,120
2025.04.13,17:45,18:00,Erhardt,41,46,87
2025.04.13,18:00,18:15,Erhardt,41,39,80
2025.04.13,18:15,18:30,Erhardt,33,32,65
2025.04.13,18:30,18:45,Erhardt,31,25,56
2025.04.13,18:45,19:00,Erhardt,39,34,73
2025.04.13,19:00,19:15,Erhardt,18,40,58
2025.04.13,19:15,19:30,Erhardt,27,31,58
2025.04.13,19:30,19:45,Erhardt,16,32,48
2025.04.13,19:45,20:00,Erhardt,17,19,36
2025.04.13,20:00,20:15,Erhardt,15,24,39
2025.04.13,20:15,20:30,Erhardt,17,7,24
2025.04.13,20:30,20:45,Erhardt,14,16,30
2025.04.13,20:45,21:00,Erhardt,17,12,29
2025.04.13,21:00,21:15,Erhardt,19,14,33
2025.04.13,21:15,21:30,Erhardt,16,13,29
2025.04.13,21:30,21:45,Erhardt,12,20,32
2025.04.13,21:45,22:00,Erhardt,15,12,27
2025.04.13,22:00,22:15,Erhardt,10,12,22
2025.04.13,22:15,22:30,Erhardt,15,9,24
2025.04.13,22:30,22:45,Erhardt,5,5,10
2025.04.13,22:45,23:00,Erhardt,8,3,11
2025.04.13,23:00,23:15,Erhardt,3,2,5
2025.04.13,23:15,23:30,Erhardt,3,4,7
2025.04.13,23:30,23:45,Erhardt,4,3,7
2025.04.13,23:45,00:00,Erhardt,4,5,9
2025.04.14,00:00,00:15,Erhardt,2,2,4
2025.04.14,00:15,00:30,Erhardt,0,3,3
2025.04.14,00:30,00:45,Erhardt,2,0,2
2025.04.14,00:45,01:00,Erhardt,0,1,1
2025.04.14,01:00,01:15,Erhardt,1,0,1
2025.04.14,01:15,01:30,Erhardt,3,2,5
2025.04.14,01:30,01:45,Erhardt,0,2,2
2025.04.14,01:45,02:00,Erhardt,0,0,0
2025.04.14,02:00,02:15,Erhardt,0,0,0
2025.04.14,02:15,02:30,Erhardt,1,0,1
2025.04.14,02:30,02:45,Erhardt,0,0,0
2025.04.14,02:45,03:00,Erhardt,0,0,0
2025.04.14,03:00,03:15,Erhardt,0,0,0
2025.04.14,03:15,03:30,Erhardt,1,0,1
2025.04.14,03:30,03:45,Erhardt,0,1,1
2025.04.14,03:45,04:00,Erhardt,0,0,0
2025.04.14,04:00,04:15,Erhardt,0,0,0
2025.04.14,04:15,04:30,Erhardt,0,1,1
2025.04.14,04:30,04:45,Erhardt,1,2,3
2025.04.14,04:45,05:00,Erhardt,1,0,1
2025.04.14,05:00,05:15,Erhardt,1,1,2
2025.04.14,05:15,05:30,Erhardt,0,4,4
2025.04.14,05:30,05:45,Erhardt,4,4,8
2025.04.14,05:45,06:00,Erhardt,4,5,9
2025.04.14,06:00,06:15,Erhardt,5,4,9
2025.04.14,06:15,06:30,Erhardt,12,14,26
2025.04.14,06:30,06:45,Erhardt,15,11,26
2025.04.14,06:45,07:00,Erhardt,22,19,41
2025.04.14,07:00,07:15,Erhardt,20,22,42
2025.04.14,07:15,07:30,Erhardt,31,39,70
2025.04.14,07:30,07:45,Erhardt,33,43,76
2025.04.14,07:45,08:00,Erhardt,47,36,83
2025.04.14,08:00,08:15,Erhardt,52,44,96
2025.04.14,08:15,08:30,Erhardt,73,42,115
2025.04.14,08:30,08:45,Erhardt,63,52,115
2025.04.14,08:45,09:00,Erhardt,74,51,125
2025.04.14,09:00,09:15,Erhardt,53,36,89
2025.04.14,09:15,09:30,Erhardt,39,34,73
2025.04.14,09:30,09:45,Erhardt,30,15,45
2025.04.14,09:45,10:00,Erhardt,30,24,54
2025.04.14,10:00,10:15,Erhardt,22,15,37
2025.04.14,10:15,10:30,Erhardt,17,20,37
2025.04.14,10:30,10:45,Erhardt,15,14,29
2025.04.14,10:45,11:00,Erhardt,19,37,56
2025.04.14,11:00,11:15,Erhardt,19,13,32
2025.04.14,11:15,11:30,Erhardt,16,18,34
2025.04.14,11:30,11:45,Erhardt,26,21,47
2025.04.14,11:45,12:00,Erhardt,21,21,42
2025.04.14,12:00,12:15,Erhardt,18,19,37
2025.04.14,12:15,12:30,Erhardt,26,20,46
2025.04.14,12:30,12:45,Erhardt,36,21,57
2025.04.14,12:45,13:00,Erhardt,32,25,57
2025.04.14,13:00,13:15,Erhardt,29,14,43
2025.04.14,13:15,13:30,Erhardt,33,32,65
2025.04.14,13:30,13:45,Erhardt,31,31,62
2025.04.14,13:45,14:00,Erhardt,32,37,69
2025.04.14,14:00,14:15,Erhardt,24,21,45
2025.04.14,14:15,14:30,Erhardt,37,21,58
2025.04.14,14:30,14:45,Erhardt,38,20,58
2025.04.14,14:45,15:00,Erhardt,18,32,50
2025.04.14,15:00,15:15,Erhardt,42,31,73
2025.04.14,15:15,15:30,Erhardt,37,45,82
2025.04.14,15:30,15:45,Erhardt,43,44,87
2025.04.14,15:45,16:00,Erhardt,29,31,60
2025.04.14,16:00,16:15,Erhardt,37,29,66
2025.04.14,16:15,16:30,Erhardt,39,40,79
2025.04.14,16:30,16:45,Erhardt,47,36,83
2025.04.14,16:45,17:00,Erhardt,48,42,90
2025.04.14,17:00,17:15,Erhardt,77,48,125
2025.04.14,17:15,17:30,Erhardt,70,59,129
2025.04.14,17:30,17:45,Erhardt,94,50,144
2025.04.14,17:45,18:00,Erhardt,80,59,139
2025.04.14,18:00,18:15,Erhardt,85,51,136
2025.04.14,18:15,18:30,Erhardt,76,72,148
2025.04.14,18:30,18:45,Erhardt,85,67,152
2025.04.14,18:45,19:00,Erhardt,88,58,146
2025.04.14,19:00,19:15,Erhardt,65,38,103
2025.04.14,19:15,19:30,Erhardt,68,50,118
2025.04.14,19:30,19:45,Erhardt,35,33,68
2025.04.14,19:45,20:00,Erhardt,36,30,66
2025.04.14,20:00,20:15,Erhardt,35,20,55
2025.04.14,20:15,20:30,Erhardt,30,34,64
2025.04.14,20:30,20:45,Erhardt,26,23,49
2025.04.14,20:45,21:00,Erhardt,23,20,43
2025.04.14,21:00,21:15,Erhardt,16,15,31
2025.04.14,21:15,21:30,Erhardt,17,16,33
2025.04.14,21:30,21:45,Erhardt,11,17,28
2025.04.14,21:45,22:00,Erhardt,10,19,29
2025.04.14,22:00,22:15,Erhardt,28,5,33
2025.04.14,22:15,22:30,Erhardt,20,14,34
2025.04.14,22:30,22:45,Erhardt,12,15,27
2025.04.14,22:45,23:00,Erhardt,13,13,26
2025.04.14,23:00,23:15,Erhardt,9,7,16
2025.04.14,23:15,23:30,Erhardt,11,7,18
2025.04.14,23:30,23:45,Erhardt,7,10,17
2025.04.14,23:45,00:00,Erhardt,5,3,8
2025.04.15,00:00,00:15,Erhardt,7,1,8
2025.04.15,00:15,00:30,Erhardt,3,3,6
2025.04.15,00:30,00:45,Erhardt,1,0,1
2025.04.15,00:45,01:00,Erhardt,0,1,1
2025.04.15,01:00,01:15,Erhardt,0,0,0
2025.04.15,01:15,01:30,Erhardt,3,1,4
2025.04.15,01:30,01:45,Erhardt,0,0,0
2025.04.15,01:45,02:00,Erhardt,0,0,0
2025.04.15,02:00,02:15,Erhardt,0,0,0
2025.04.15,02:15,02:30,Erhardt,1,0,1
2025.04.15,02:30,02:45,Erhardt,2,0,2
2025.04.15,02:45,03:00,Erhardt,1,0,1
2025.04.15,03:00,03:15,Erhardt,1,0,1
2025.04.15,03:15,03:30,Erhardt,0,0,0
2025.04.15,03:30,03:45,Erhardt,0,0,0
2025.04.15,03:45,04:00,Erhardt,0,0,0
2025.04.15,04:00,04:15,Erhardt,0,0,0
2025.04.15,04:15,04:30,Erhardt,0,0,0
2025.04.15,04:30,04:45,Erhardt,1,2,3
2025.04.15,04:45,05:00,Erhardt,1,0,1
2025.04.15,05:00,05:15,Erhardt,3,2,5
2025.04.15,05:15,05:30,Erhardt,1,4,5
2025.04.15,05:30,05:45,Erhardt,4,1,5
2025.04.15,05:45,06:00,Erhardt,7,5,12
2025.04.15,06:00,06:15,Erhardt,9,3,12
2025.04.15,06:15,06:30,Erhardt,11,9,20
2025.04.15,06:30,06:45,Erhardt,19,7,26
2025.04.15,06:45,07:00,Erhardt,18,10,28
2025.04.15,07:00,07:15,Erhardt,28,20,48
2025.04.15,07:15,07:30,Erhardt,36,35,71
2025.04.15,07:30,07:45,Erhardt,47,36,83
2025.04.15,07:45,08:00,Erhardt,72,48,120
2025.04.15,08:00,08:15,Erhardt,62,39,101
2025.04.15,08:15,08:30,Erhardt,71,64,135
2025.04.15,08:30,08:45,Erhardt,96,85,181
2025.04.15,08:45,09:00,Erhardt,79,72,151
2025.04.15,09:00,09:15,Erhardt,58,43,101
2025.04.15,09:15,09:30,Erhardt,37,35,72
2025.04.15,09:30,09:45,Erhardt,44,40,84
2025.04.15,09:45,10:00,Erhardt,27,34,61
2025.04.15,10:00,10:15,Erhardt,19,28,47
2025.04.15,10:15,10:30,Erhardt,21,25,46
2025.04.15,10:30,10:45,Erhardt,23,31,54
2025.04.15,10:45,11:00,Erhardt,20,31,51
2025.04.15,11:00,11:15,Erhardt,20,26,46
2025.04.15,11:15,11:30,Erhardt,32,24,56
2025.04.15,11:30,11:45,Erhardt,28,19,47
2025.04.15,11:45,12:00,Erhardt,30,25,55
2025.04.15,12:00,12:15,Erhardt,29,26,55
2025.04.15,12:15,12:30,Erhardt,38,32,70
2025.04.15,12:30,12:45,Erhardt,26,37,63
2025.04.15,12:45,13:00,Erhardt,30,33,63
2025.04.15,13:00,13:15,Erhardt,30,37,67
2025.04.15,13:15,13:30,Erhardt,32,28,60
2025.04.15,13:30,13:45,Erhardt,30,44,74
2025.04.15,13:45,14:00,Erhardt,46,39,85
2025.04.15,14:00,14:15,Erhardt,38,37,75
2025.04.15,14:15,14:30,Erhardt,48,30,78
2025.04.15,14:30,14:45,Erhardt,43,41,84
2025.04.15,14:45,15:00,Erhardt,49,25,74
2025.04.15,15:00,15:15,Erhardt,44,46,90
2025.04.15,15:15,15:30,Erhardt,46,35,81
2025.04.15,15:30,15:45,Erhardt,37,40,77
2025.04.15,15:45,16:00,Erhardt,40,31,71
2025.04.15,16:00,16:15,Erhardt,45,35,80
2025.04.15,16:15,16:30,Erhardt,61,25,86
2025.04.15,16:30,16:45,Erhardt,68,38,106
2025.04.15,16:45,17:00,Erhardt,60,36,96
2025.04.15,17:00,17:15,Erhardt,71,48,119
2025.04.15,17:15,17:30,Erhardt,91,62,153
2025.04.15,17:30,17:45,Erhardt,113,53,166
2025.04.15,17:45,18:00,Erhardt,98,50,148
2025.04.15,18:00,18:15,Erhardt,95,54,149
2025.04.15,18:15,18:30,Erhardt,83,83,166
2025.04.15,18:30,18:45,Erhardt,83,74,157
2025.04.15,18:45,19:00,Erhardt,78,66,144
2025.04.15,19:00,19:15,Erhardt,80,60,140
2025.04.15,19:15,19:30,Erhardt,62,44,106
2025.04.15,19:30,19:45,Erhardt,54,44,98
2025.04.15,19:45,20:00,Erhardt,40,51,91
2025.04.15,20:00,20:15,Erhardt,48,32,80
2025.04.15,20:15,20:30,Erhardt,37,31,68
2025.04.15,20:30,20:45,Erhardt,36,23,59
2025.04.15,20:45,21:00,Erhardt,20,24,44
2025.04.15,21:00,21:15,Erhardt,29,28,57
2025.04.15,21:15,21:30,Erhardt,17,16,33
2025.04.15,21:30,21:45,Erhardt,21,14,35
2025.04.15,21:45,22:00,Erhardt,11,29,40
2025.04.15,22:00,22:15,Erhardt,38,18,56
2025.04.15,22:15,22:30,Erhardt,23,19,42
2025.04.15,22:30,22:45,Erhardt,20,23,43
2025.04.15,22:45,23:00,Erhardt,17,9,26
2025.04.15,23:00,23:15,Erhardt,19,14,33
2025.04.15,23:15,23:30,Erhardt,9,15,24
2025.04.15,23:30,23:45,Erhardt,9,6,15
2025.04.15,23:45,00:00,Erhardt,7,1,8
2025.04.16,00:00,00:15,Erhardt,4,4,8
2025.04.16,00:15,00:30,Erhardt,5,5,10
2025.04.16,00:30,00:45,Erhardt,2,2,4
2025.04.16,00:45,01:00,Erhardt,4,2,6
2025.04.16,01:00,01:15,Erhardt,5,2,7
2025.04.16,01:15,01:30,Erhardt,2,1,3
2025.04.16,01:30,01:45,Erhardt,3,0,3
2025.04.16,01:45,02:00,Erhardt,0,0,0
2025.04.16,02:00,02:15,Erhardt,0,1,1
2025.04.16,02:15,02:30,Erhardt,0,0,0
2025.04.16,02:30,02:45,Erhardt,1,0,1
2025.04.16,02:45,03:00,Erhardt,1,0,1
2025.04.16,03:00,03:15,Erhardt,0,0,0
2025.04.16,03:15,03:30,Erhardt,0,1,1
2025.04.16,03:30,03:45,Erhardt,0,0,0
2025.04.16,03:45,04:00,Erhardt,0,0,0
2025.04.16,04:00,04:15,Erhardt,0,0,0
2025.04.16,04:15,04:30,Erhardt,0,1,1
2025.04.16,04:30,04:45,Erhardt,0,3,3
2025.04.16,04:45,05:00,Erhardt,2,2,4
2025.04.16,05:00,05:15,Erhardt,1,1,2
2025.04.16,05:15,05:30,Erhardt,2,3,5
2025.04.16,05:30,05:45,Erhardt,4,2,6
2025.04.16,05:45,06:00,Erhardt,8,4,12
2025.04.16,06:00,06:15,Erhardt,6,3,9
2025.04.16,06:15,06:30,Erhardt,17,8,25
2025.04.16,06:30,06:45,Erhardt,16,5,21
2025.04.16,06:45,07:00,Erhardt,17,17,34
2025.04.16,07:00,07:15,Erhardt,31,22,53
2025.04.16,07:15,07:30,Erhardt,40,21,61
2025.04.16,07:30,07:45,Erhardt,42,39,81
2025.04.16,07:45,08:00,Erhardt,64,41,105
2025.04.16,08:00,08:15,Erhardt,75,49,124
2025.04.16,08:15,08:30,Erhardt,84,55,139
2025.04.16,08:30,08:45,Erhardt,104,66,170
2025.04.16,08:45,09:00,Erhardt,85,63,148
2025.04.16,09:00,09:15,Erhardt,55,49,104
2025.04.16,09:15,09:30,Erhardt,53,50,103
2025.04.16,09:30,09:45,Erhardt,23,45,68
2025.04.16,09:45,10:00,Erhardt,49,29,78
2025.04.16,10:00,10:15,Erhardt,23,32,55
2025.04.16,10:15,10:30,Erhardt,29,40,69
2025.04.16,10:30,10:45,Erhardt,46,24,70
2025.04.16,10:45,11:00,Erhardt,23,35,58
2025.04.16,11:00,11:15,Erhardt,31,37,68
2025.04.16,11:15,11:30,Erhardt,25,32,57
2025.04.16,11:30,11:45,Erhardt,32,52,84
2025.04.16,11:45,12:00,Erhardt,31,25,56
2025.04.16,12:00,12:15,Erhardt,30,21,51
2025.04.16,12:15,12:30,Erhardt,41,30,71
2025.04.16,12:30,12:45,Erhardt,39,30,69
2025.04.16,12:45,13:00,Erhardt,34,36,70
2025.04.16,13:00,13:15,Erhardt,53,33,86
2025.04.16,13:15,13:30,Erhardt,31,39,70
2025.04.16,13:30,13:45,Erhardt,46,31,77
2025.04.16,13:45,14:00,Erhardt,41,29,70
2025.04.16,14:00,14:15,Erhardt,50,33,83
2025.04.16,14:15,14:30,Erhardt,42,31,73
2025.04.16,14:30,14:45,Erhardt,46,38,84
2025.04.16,14:45,15:00,Erhardt,52,45,97
2025.04.16,15:00,15:15,Erhardt,38,36,74
2025.04.16,15:15,15:30,Erhardt,50,38,88
2025.04.16,15:30,15:45,Erhardt,54,43,97
2025.04.16,15:45,16:00,Erhardt,46,37,83
2025.04.16,16:00,16:15,Erhardt,50,42,92
2025.04.16,16:15,16:30,Erhardt,56,48,104
2025.04.16,16:30,16:45,Erhardt,62,44,106
2025.04.16,16:45,17:00,Erhardt,78,54,132
2025.04.16,17:00,17:15,Erhardt,96,54,150
2025.04.16,17:15,17:30,Erhardt,87,62,149
2025.04.16,17:30,17:45,Erhardt,85,75,160
2025.04.16,17:45,18:00,Erhardt,124,80,204
2025.04.16,18:00,18:15,Erhardt,95,72,167
2025.04.16,18:15,18:30,Erhardt,99,52,151
2025.04.16,18:30,18:45,Erhardt,111,52,163
2025.04.16,18:45,19:00,Erhardt,76,68,144
2025.04.16,19:00,19:15,Erhardt,82,42,124
2025.04.16,19:15,19:30,Erhardt,59,50,109
2025.04.16,19:30,19:45,Erhardt,40,36,76
2025.04.16,19:45,20:00,Erhardt,41,37,78
2025.04.16,20:00,20:15,Erhardt,38,44,82
2025.04.16,20:15,20:30,Erhardt,47,33,80
2025.04.16,20:30,20:45,Erhardt,50,35,85
2025.04.16,20:45,21:00,Erhardt,34,18,52
2025.04.16,21:00,21:15,Erhardt,29,22,51
2025.04.16,21:15,21:30,Erhardt,30,20,50
2025.04.16,21:30,21:45,Erhardt,22,19,41
2025.04.16,21:45,22:00,Erhardt,11,33,44
2025.04.16,22:00,22:15,Erhardt,27,21,48
2025.04.16,22:15,22:30,Erhardt,23,14,37
2025.04.16,22:30,22:45,Erhardt,14,5,19
2025.04.16,22:45,23:00,Erhardt,5,10,15
2025.04.16,23:00,23:15,Erhardt,21,15,36
2025.04.16,23:15,23:30,Erhardt,22,19,41
2025.04.16,23:30,23:45,Erhardt,19,8,27
2025.04.16,23:45,00:00,Erhardt,6,9,15
2025.04.17,00:00,00:15,Erhardt,7,6,13
2025.04.17,00:15,00:30,Erhardt,4,4,8
2025.04.17,00:30,00:45,Erhardt,4,2,6
2025.04.17,00:45,01:00,Erhardt,0,3,3
2025.04.17,01:00,01:15,Erhardt,1,2,3
2025.04.17,01:15,01:30,Erhardt,2,3,5
2025.04.17,01:30,01:45,Erhardt,4,0,4
2025.04.17,01:45,02:00,Erhardt,1,5,6
2025.04.17,02:00,02:15,Erhardt,3,0,3
2025.04.17,02:15,02:30,Erhardt,2,1,3
2025.04.17,02:30,02:45,Erhardt,0,0,0
2025.04.17,02:45,03:00,Erhardt,1,1,2
2025.04.17,03:00,03:15,Erhardt,0,0,0
2025.04.17,03:15,03:30,Erhardt,0,0,0
2025.04.17,03:30,03:45,Erhardt,0,0,0
2025.04.17,03:45,04:00,Erhardt,1,0,1
2025.04.17,04:00,04:15,Erhardt,0,0,0
2025.04.17,04:15,04:30,Erhardt,0,0,0
2025.04.17,04:30,04:45,Erhardt,1,1,2
2025.04.17,04:45,05:00,Erhardt,1,1,2
2025.04.17,05:00,05:15,Erhardt,0,1,1
2025.04.17,05:15,05:30,Erhardt,2,3,5
2025.04.17,05:30,05:45,Erhardt,6,2,8
2025.04.17,05:45,06:00,Erhardt,4,5,9
2025.04.17,06:00,06:15,Erhardt,5,4,9
2025.04.17,06:15,06:30,Erhardt,12,7,19
2025.04.17,06:30,06:45,Erhardt,8,9,17
2025.04.17,06:45,07:00,Erhardt,20,9,29
2025.04.17,07:00,07:15,Erhardt,19,16,35
2025.04.17,07:15,07:30,Erhardt,17,29,46
2025.04.17,07:30,07:45,Erhardt,31,25,56
2025.04.17,07:45,08:00,Erhardt,33,34,67
2025.04.17,08:00,08:15,Erhardt,53,31,84
2025.04.17,08:15,08:30,Erhardt,47,30,77
2025.04.17,08:30,08:45,Erhardt,59,42,101
2025.04.17,08:45,09:00,Erhardt,62,33,95
2025.04.17,09:00,09:15,Erhardt,55,32,87
2025.04.17,09:15,09:30,Erhardt,26,24,50
2025.04.17,09:30,09:45,Erhardt,35,26,61
2025.04.17,09:45,10:00,Erhardt,15,29,44
2025.04.17,10:00,10:15,Erhardt,29,17,46
2025.04.17,10:15,10:30,Erhardt,18,20,38
2025.04.17,10:30,10:45,Erhardt,25,28,53
2025.04.17,10:45,11:00,Erhardt,16,17,33
2025.04.17,11:00,11:15,Erhardt,19,15,34
2025.04.17,11:15,11:30,Erhardt,24,15,39
2025.04.17,11:30,11:45,Erhardt,18,24,42
2025.04.17,11:45,12:00,Erhardt,23,17,40
2025.04.17,12:00,12:15,Erhardt,29,14,43
2025.04.17,12:15,12:30,Erhardt,26,24,50
2025.04.17,12:30,12:45,Erhardt,22,37,59
2025.04.17,12:45,13:00,Erhardt,26,32,58
2025.04.17,13:00,13:15,Erhardt,30,23,53
2025.04.17,13:15,13:30,Erhardt,32,25,57
2025.04.17,13:30,13:45,Erhardt,29,26,55
2025.04.17,13:45,14:00,Erhardt,20,19,39
2025.04.17,14:00,14:15,Erhardt,27,29,56
2025.04.17,14:15,14:30,Erhardt,41,23,64
2025.04.17,14:30,14:45,Erhardt,39,26,65
2025.04.17,14:45,15:00,Erhardt,34,28,62
2025.04.17,15:00,15:15,Erhardt,38,32,70
2025.04.17,15:15,15:30,Erhardt,39,27,66
2025.04.17,15:30,15:45,Erhardt,48,37,85
2025.04.17,15:45,16:00,Erhardt,46,41,87
2025.04.17,16:00,16:15,Erhardt,44,38,82
2025.04.17,16:15,16:30,Erhardt,35,35,70
2025.04.17,16:30,16:45,Erhardt,60,48,108
2025.04.17,16:45,17:00,Erhardt,56,31,87
2025.04.17,17:00,17:15,Erhardt,57,42,99
2025.04.17,17:15,17:30,Erhardt,66,43,109
2025.04.17,17:30,17:45,Erhardt,67,35,102
2025.04.17,17:45,18:00,Erhardt,47,37,84
2025.04.17,18:00,18:15,Erhardt,41,49,90
2025.04.17,18:15,18:30,Erhardt,54,58,112
2025.04.17,18:30,18:45,Erhardt,47,32,79
2025.04.17,18:45,19:00,Erhardt,47,41,88
2025.04.17,19:00,19:15,Erhardt,45,20,65
2025.04.17,19:15,19:30,Erhardt,40,16,56
2025.04.17,19:30,19:45,Erhardt,19,25,44
2025.04.17,19:45,20:00,Erhardt,24,17,41
2025.04.17,20:00,20:15,Erhardt,43,26,69
2025.04.17,20:15,20:30,Erhardt,20,19,39
2025.04.17,20:30,20:45,Erhardt,17,17,34
2025.04.17,20:45,21:00,Erhardt,17,10,27
2025.04.17,21:00,21:15,Erhardt,11,10,21
2025.04.17,21:15,21:30,Erhardt,13,7,20
2025.04.17,21:30,21:45,Erhardt,16,11,27
2025.04.17,21:45,22:00,Erhardt,6,15,21
2025.04.17,22:00,22:15,Erhardt,13,12,25
2025.04.17,22:15,22:30,Erhardt,9,10,19
2025.04.17,22:30,22:45,Erhardt,14,10,24
2025.04.17,22:45,23:00,Erhardt,8,7,15
2025.04.17,23:00,23:15,Erhardt,9,7,16
2025.04.17,23:15,23:30,Erhardt,9,13,22
2025.04.17,23:30,23:45,Erhardt,6,8,14
2025.04.17,23:45,00:00,Erhardt,3,3,6
2025.04.18,00:00,00:15,Erhardt,6,7,13
2025.04.18,00:15,00:30,Erhardt,1,5,6
2025.04.18,00:30,00:45,Erhardt,2,3,5
2025.04.18,00:45,01:00,Erhardt,3,2,5
2025.04.18,01:00,01:15,Erhardt,5,7,12
2025.04.18,01:15,01:30,Erhardt,4,5,9
2025.04.18,01:30,01:45,Erhardt,6,3,9
2025.04.18,01:45,02:00,Erhardt,0,3,3
2025.04.18,02:00,02:15,Erhardt,1,2,3
2025.04.18,02:15,02:30,Erhardt,1,1,2
2025.04.18,02:30,02:45,Erhardt,1,0,1
2025.04.18,02:45,03:00,Erhardt,1,0,1
2025.04.18,03:00,03:15,Erhardt,3,1,4
2025.04.18,03:15,03:30,Erhardt,0,0,0
2025.04.18,03:30,03:45,Erhardt,0,0,0
2025.04.18,03:45,04:00,Erhardt,1,0,1
2025.04.18,04:00,04:15,Erhardt,0,0,0
2025.04.18,04:15,04:30,Erhardt,0,1,1
2025.04.18,04:30,04:45,Erhardt,0,1,1
2025.04.18,04:45,05:00,Erhardt,2,0,2
2025.04.18,05:00,05:15,Erhardt,2,1,3
2025.04.18,05:15,05:30,Erhardt,1,1,2
2025.04.18,05:30,05:45,Erhardt,3,1,4
2025.04.18,05:45,06:00,Erhardt,2,1,3
2025.04.18,06:00,06:15,Erhardt,0,3,3
2025.04.18,06:15,06:30,Erhardt,3,0,3
2025.04.18,06:30,06:45,Erhardt,1,2,3
2025.04.18,06:45,07:00,Erhardt,3,2,5
2025.04.18,07:00,07:15,Erhardt,0,0,0
2025.04.18,07:15,07:30,Erhardt,7,3,10
2025.04.18,07:30,07:45,Erhardt,2,4,6
2025.04.18,07:45,08:00,Erhardt,2,2,4
2025.04.18,08:00,08:15,Erhardt,5,4,9
2025.04.18,08:15,08:30,Erhardt,3,4,7
2025.04.18,08:30,08:45,Erhardt,7,5,12
2025.04.18,08:45,09:00,Erhardt,6,8,14
2025.04.18,09:00,09:15,Erhardt,3,6,9
2025.04.18,09:15,09:30,Erhardt,7,17,24
2025.04.18,09:30,09:45,Erhardt,13,9,22
2025.04.18,09:45,10:00,Erhardt,15,11,26
2025.04.18,10:00,10:15,Erhardt,7,6,13
2025.04.18,10:15,10:30,Erhardt,12,12,24
2025.04.18,10:30,10:45,Erhardt,13,8,21
2025.04.18,10:45,11:00,Erhardt,10,17,27
2025.04.18,11:00,11:15,Erhardt,14,13,27
2025.04.18,11:15,11:30,Erhardt,7,15,22
2025.04.18,11:30,11:45,Erhardt,14,16,30
2025.04.18,11:45,12:00,Erhardt,15,21,36
2025.04.18,12:00,12:15,Erhardt,14,12,26
2025.04.18,12:15,12:30,Erhardt,13,13,26
2025.04.18,12:30,12:45,Erhardt,16,15,31
2025.04.18,12:45,13:00,Erhardt,20,11,31
2025.04.18,13:00,13:15,Erhardt,22,16,38
2025.04.18,13:15,13:30,Erhardt,24,18,42
2025.04.18,13:30,13:45,Erhardt,11,11,22
2025.04.18,13:45,14:00,Erhardt,10,23,33
2025.04.18,14:00,14:15,Erhardt,21,14,35
2025.04.18,14:15,14:30,Erhardt,15,19,34
2025.04.18,14:30,14:45,Erhardt,26,16,42
2025.04.18,14:45,15:00,Erhardt,17,28,45
2025.04.18,15:00,15:15,Erhardt,26,24,50
2025.04.18,15:15,15:30,Erhardt,20,17,37
2025.04.18,15:30,15:45,Erhardt,14,13,27
2025.04.18,15:45,16:00,Erhardt,22,23,45
2025.04.18,16:00,16:15,Erhardt,18,21,39
2025.04.18,16:15,16:30,Erhardt,15,18,33
2025.04.18,16:30,16:45,Erhardt,22,28,50
2025.04.18,16:45,17:00,Erhardt,24,13,37
2025.04.18,17:00,17:15,Erhardt,13,17,30
2025.04.18,17:15,17:30,Erhardt,22,15,37
2025.04.18,17:30,17:45,Erhardt,19,16,35
2025.04.18,17:45,18:00,Erhardt,23,21,44
2025.04.18,18:00,18:15,Erhardt,17,13,30
2025.04.18,18:15,18:30,Erhardt,34,15,49
2025.04.18,18:30,18:45,Erhardt,18,22,40
2025.04.18,18:45,19:00,Erhardt,14,14,28
2025.04.18,19:00,19:15,Erhardt,17,15,32
2025.04.18,19:15,19:30,Erhardt,16,10,26
2025.04.18,19:30,19:45,Erhardt,18,14,32
2025.04.18,19:45,20:00,Erhardt,11,12,23
2025.04.18,20:00,20:15,Erhardt,11,11,22
2025.04.18,20:15,20:30,Erhardt,6,7,13
2025.04.18,20:30,20:45,Erhardt,10,11,21
2025.04.18,20:45,21:00,Erhardt,11,6,17
2025.04.18,21:00,21:15,Erhardt,9,5,14
2025.04.18,21:15,21:30,Erhardt,8,2,10
2025.04.18,21:30,21:45,Erhardt,3,5,8
2025.04.18,21:45,22:00,Erhardt,6,13,19
2025.04.18,22:00,22:15,Erhardt,7,10,17
2025.04.18,22:15,22:30,Erhardt,4,3,7
2025.04.18,22:30,22:45,Erhardt,5,4,9
2025.04.18,22:45,23:00,Erhardt,9,3,12
2025.04.18,23:00,23:15,Erhardt,5,2,7
2025.04.18,23:15,23:30,Erhardt,2,2,4
2025.04.18,23:30,23:45,Erhardt,2,4,6
2025.04.18,23:45,00:00,Erhardt,0,2,2
2025.04.19,00:00,00:15,Erhardt,4,2,6
2025.04.19,00:15,00:30,Erhardt,6,2,8
2025.04.19,00:30,00:45,Erhardt,0,0,0
2025.04.19,00:45,01:00,Erhardt,1,1,2
2025.04.19,01:00,01:15,Erhardt,2,0,2
2025.04.19,01:15,01:30,Erhardt,5,2,7
2025.04.19,01:30,01:45,Erhardt,2,1,3
2025.04.19,01:45,02:00,Erhardt,1,2,3
2025.04.19,02:00,02:15,Erhardt,1,0,1
2025.04.19,02:15,02:30,Erhardt,0,1,1
2025.04.19,02:30,02:45,Erhardt,1,0,1
2025.04.19,02:45,03:00,Erhardt,1,1,2
2025.04.19,03:00,03:15,Erhardt,2,1,3
2025.04.19,03:15,03:30,Erhardt,1,1,2
2025.04.19,03:30,03:45,Erhardt,0,0,0
2025.04.19,03:45,04:00,Erhardt,0,0,0
2025.04.19,04:00,04:15,Erhardt,0,0,0
2025.04.19,04:15,04:30,Erhardt,0,1,1
2025.04.19,04:30,04:45,Erhardt,0,2,2
2025.04.19,04:45,05:00,Erhardt,0,0,0
2025.04.19,05:00,05:15,Erhardt,2,0,2
2025.04.19,05:15,05:30,Erhardt,0,0,0
2025.04.19,05:30,05:45,Erhardt,2,0,2
2025.04.19,05:45,06:00,Erhardt,2,2,4
2025.04.19,06:00,06:15,Erhardt,1,3,4
2025.04.19,06:15,06:30,Erhardt,1,0,1
2025.04.19,06:30,06:45,Erhardt,2,0,2
2025.04.19,06:45,07:00,Erhardt,4,1,5
2025.04.19,07:00,07:15,Erhardt,3,11,14
2025.04.19,07:15,07:30,Erhardt,0,5,5
2025.04.19,07:30,07:45,Erhardt,1,3,4
2025.04.19,07:45,08:00,Erhardt,7,2,9
2025.04.19,08:00,08:15,Erhardt,8,3,11
2025.04.19,08:15,08:30,Erhardt,9,9,18
2025.04.19,08:30,08:45,Erhardt,9,9,18
2025.04.19,08:45,09:00,Erhardt,11,9,20
2025.04.19,09:00,09:15,Erhardt,9,11,20
2025.04.19,09:15,09:30,Erhardt,27,19,46
2025.04.19,09:30,09:45,Erhardt,25,25,50
2025.04.19,09:45,10:00,Erhardt,28,20,48
2025.04.19,10:00,10:15,Erhardt,32,27,59
2025.04.19,10:15,10:30,Erhardt,24,31,55
2025.04.19,10:30,10:45,Erhardt,23,35,58
2025.04.19,10:45,11:00,Erhardt,32,24,56
2025.04.19,11:00,11:15,Erhardt,35,30,65
2025.04.19,11:15,11:30,Erhardt,36,37,73
2025.04.19,11:30,11:45,Erhardt,29,30,59
2025.04.19,11:45,12:00,Erhardt,61,35,96
2025.04.19,12:00,12:15,Erhardt,42,45,87
2025.04.19,12:15,12:30,Erhardt,59,40,99
2025.04.19,12:30,12:45,Erhardt,58,59,117
2025.04.19,12:45,13:00,Erhardt,70,48,118
2025.04.19,13:00,13:15,Erhardt,58,34,92
2025.04.19,13:15,13:30,Erhardt,48,50,98
2025.04.19,13:30,13:45,Erhardt,58,24,82
2025.04.19,13:45,14:00,Erhardt,58,57,115
2025.04.19,14:00,14:15,Erhardt,62,45,107
2025.04.19,14:15,14:30,Erhardt,40,39,79
2025.04.19,14:30,14:45,Erhardt,75,34,109
2025.04.19,14:45,15:00,Erhardt,50,53,103
2025.04.19,15:00,15:15,Erhardt,54,33,87
2025.04.19,15:15,15:30,Erhardt,70,42,112
2025.04.19,15:30,15:45,Erhardt,54,21,75
2025.04.19,15:45,16:00,Erhardt,66,35,101
2025.04.19,16:00,16:15,Erhardt,66,62,128
2025.04.19,16:15,16:30,Erhardt,64,44,108
2025.04.19,16:30,16:45,Erhardt,41,43,84
2025.04.19,16:45,17:00,Erhardt,39,48,87
2025.04.19,17:00,17:15,Erhardt,69,41,110
2025.04.19,17:15,17:30,Erhardt,54,37,91
2025.04.19,17:30,17:45,Erhardt,60,41,101
2025.04.19,17:45,18:00,Erhardt,34,39,73
2025.04.19,18:00,18:15,Erhardt,48,46,94
2025.04.19,18:15,18:30,Erhardt,34,37,71
2025.04.19,18:30,18:45,Erhardt,41,37,78
2025.04.19,18:45,19:00,Erhardt,29,45,74
2025.04.19,19:00,19:15,Erhardt,31,42,73
2025.04.19,19:15,19:30,Erhardt,40,35,75
2025.04.19,19:30,19:45,Erhardt,20,22,42
2025.04.19,19:45,20:00,Erhardt,19,33,52
2025.04.19,20:00,20:15,Erhardt,33,19,52
2025.04.19,20:15,20:30,Erhardt,10,21,31
2025.04.19,20:30,20:45,Erhardt,16,11,27
2025.04.19,20:45,21:00,Erhardt,16,9,25
2025.04.19,21:00,21:15,Erhardt,11,11,22
2025.04.19,21:15,21:30,Erhardt,9,7,16
2025.04.19,21:30,21:45,Erhardt,10,14,24
2025.04.19,21:45,22:00,Erhardt,9,16,25
2025.04.19,22:00,22:15,Erhardt,14,10,24
2025.04.19,22:15,22:30,Erhardt,2,20,22
2025.04.19,22:30,22:45,Erhardt,5,9,14
2025.04.19,22:45,23:00,Erhardt,9,17,26
2025.04.19,23:00,23:15,Erhardt,6,16,22
2025.04.19,23:15,23:30,Erhardt,6,11,17
2025.04.19,23:30,23:45,Erhardt,5,8,13
2025.04.19,23:45,00:00,Erhardt,11,4,15
2025.04.20,00:00,00:15,Erhardt,9,2,11
2025.04.20,00:15,00:30,Erhardt,2,0,2
2025.04.20,00:30,00:45,Erhardt,7,1,8
2025.04.20,00:45,01:00,Erhardt,2,2,4
2025.04.20,01:00,01:15,Erhardt,2,4,6
2025.04.20,01:15,01:30,Erhardt,2,5,7
2025.04.20,01:30,01:45,Erhardt,3,3,6
2025.04.20,01:45,02:00,Erhardt,2,1,3
2025.04.20,02:00,02:15,Erhardt,1,3,4
2025.04.20,02:15,02:30,Erhardt,2,3,5
2025.04.20,02:30,02:45,Erhardt,0,0,0
2025.04.20,02:45,03:00,Erhardt,1,0,1
2025.04.20,03:00,03:15,Erhardt,1,2,3
2025.04.20,03:15,03:30,Erhardt,0,2,2
2025.04.20,03:30,03:45,Erhardt,1,0,1
2025.04.20,03:45,04:00,Erhardt,1,0,1
2025.04.20,04:00,04:15,Erhardt,0,1,1
2025.04.20,04:15,04:30,Erhardt,0,0,0
2025.04.20,04:30,04:45,Erhardt,3,2,5
2025.04.20,04:45,05:00,Erhardt,0,4,4
2025.04.20,05:00,05:15,Erhardt,1,0,1
2025.04.20,05:15,05:30,Erhardt,1,2,3
2025.04.20,05:30,05:45,Erhardt,2,0,2
2025.04.20,05:45,06:00,Erhardt,1,0,1
2025.04.20,06:00,06:15,Erhardt,0,1,1
2025.04.20,06:15,06:30,Erhardt,1,4,5
2025.04.20,06:30,06:45,Erhardt,1,0,1
2025.04.20,06:45,07:00,Erhardt,3,1,4
2025.04.20,07:00,07:15,Erhardt,5,2,7
2025.04.20,07:15,07:30,Erhardt,0,3,3
2025.04.20,07:30,07:45,Erhardt,4,5,9
2025.04.20,07:45,08:00,Erhardt,8,3,11
2025.04.20,08:00,08:15,Erhardt,1,9,10
2025.04.20,08:15,08:30,Erhardt,4,5,9
2025.04.20,08:30,08:45,Erhardt,6,4,10
2025.04.20,08:45,09:00,Erhardt,10,4,14
2025.04.20,09:00,09:15,Erhardt,10,11,21
2025.04.20,09:15,09:30,Erhardt,5,13,18
2025.04.20,09:30,09:45,Erhardt,12,19,31
2025.04.20,09:45,10:00,Erhardt,17,14,31
2025.04.20,10:00,10:15,Erhardt,17,25,42
2025.04.20,10:15,10:30,Erhardt,26,15,41
2025.04.20,10:30,10:45,Erhardt,15,28,43
2025.04.20,10:45,11:00,Erhardt,41,25,66
2025.04.20,11:00,11:15,Erhardt,21,21,42
2025.04.20,11:15,11:30,Erhardt,25,30,55
2025.04.20,11:30,11:45,Erhardt,23,29,52
2025.04.20,11:45,12:00,Erhardt,31,34,65
2025.04.20,12:00,12:15,Erhardt,33,31,64
2025.04.20,12:15,12:30,Erhardt,27,27,54
2025.04.20,12:30,12:45,Erhardt,27,24,51
2025.04.20,12:45,13:00,Erhardt,19,49,68
2025.04.20,13:00,13:15,Erhardt,23,30,53
2025.04.20,13:15,13:30,Erhardt,35,33,68
2025.04.20,13:30,13:45,Erhardt,37,35,72
2025.04.20,13:45,14:00,Erhardt,33,35,68
2025.04.20,14:00,14:15,Erhardt,36,50,86
2025.04.20,14:15,14:30,Erhardt,46,34,80
2025.04.20,14:30,14:45,Erhardt,37,45,82
2025.04.20,14:45,15:00,Erhardt,34,41,75
2025.04.20,15:00,15:15,Erhardt,34,41,75
2025.04.20,15:15,15:30,Erhardt,62,62,124
2025.04.20,15:30,15:45,Erhardt,36,37,73
2025.04.20,15:45,16:00,Erhardt,35,54,89
2025.04.20,16:00,16:15,Erhardt,64,32,96
2025.04.20,16:15,16:30,Erhardt,38,52,90
2025.04.20,16:30,16:45,Erhardt,40,32,72
2025.04.20,16:45,17:00,Erhardt,65,49,114
2025.04.20,17:00,17:15,Erhardt,43,33,76
2025.04.20,17:15,17:30,Erhardt,56,38,94
2025.04.20,17:30,17:45,Erhardt,42,36,78
2025.04.20,17:45,18:00,Erhardt,29,19,48
2025.04.20,18:00,18:15,Erhardt,24,34,58
2025.04.20,18:15,18:30,Erhardt,30,20,50
2025.04.20,18:30,18:45,Erhardt,24,25,49
2025.04.20,18:45,19:00,Erhardt,18,8,26
2025.04.20,19:00,19:15,Erhardt,21,12,33
2025.04.20,19:15,19:30,Erhardt,26,14,40
2025.04.20,19:30,19:45,Erhardt,10,24,34
2025.04.20,19:45,20:00,Erhardt,10,9,19
2025.04.20,20:00,20:15,Erhardt,9,6,15
2025.04.20,20:15,20:30,Erhardt,8,11,19
2025.04.20,20:30,20:45,Erhardt,10,5,15
2025.04.20,20:45,21:00,Erhardt,7,8,15
2025.04.20,21:00,21:15,Erhardt,6,7,13
2025.04.20,21:15,21:30,Erhardt,4,9,13
2025.04.20,21:30,21:45,Erhardt,5,3,8
2025.04.20,21:45,22:00,Erhardt,6,7,13
2025.04.20,22:00,22:15,Erhardt,4,6,10
2025.04.20,22:15,22:30,Erhardt,5,2,7
2025.04.20,22:30,22:45,Erhardt,3,4,7
2025.04.20,22:45,23:00,Erhardt,3,7,10
2025.04.20,23:00,23:15,Erhardt,2,2,4
2025.04.20,23:15,23:30,Erhardt,3,3,6
2025.04.20,23:30,23:45,Erhardt,3,1,4
2025.04.20,23:45,00:00,Erhardt,1,1,2
2025.04.21,00:00,00:15,Erhardt,2,0,2
2025.04.21,00:15,00:30,Erhardt,0,3,3
2025.04.21,00:30,00:45,Erhardt,1,0,1
2025.04.21,00:45,01:00,Erhardt,6,1,7
2025.04.21,01:00,01:15,Erhardt,0,1,1
2025.04.21,01:15,01:30,Erhardt,3,4,7
2025.04.21,01:30,01:45,Erhardt,0,3,3
2025.04.21,01:45,02:00,Erhardt,2,1,3
2025.04.21,02:00,02:15,Erhardt,0,2,2
2025.04.21,02:15,02:30,Erhardt,0,3,3
2025.04.21,02:30,02:45,Erhardt,1,0,1
2025.04.21,02:45,03:00,Erhardt,1,0,1
2025.04.21,03:00,03:15,Erhardt,1,0,1
2025.04.21,03:15,03:30,Erhardt,0,0,0
2025.04.21,03:30,03:45,Erhardt,0,1,1
2025.04.21,03:45,04:00,Erhardt,2,3,5
2025.04.21,04:00,04:15,Erhardt,0,1,1
2025.04.21,04:15,04:30,Erhardt,0,0,0
2025.04.21,04:30,04:45,Erhardt,0,2,2
2025.04.21,04:45,05:00,Erhardt,0,0,0
2025.04.21,05:00,05:15,Erhardt,0,1,1
2025.04.21,05:15,05:30,Erhardt,0,0,0
2025.04.21,05:30,05:45,Erhardt,2,0,2
2025.04.21,05:45,06:00,Erhardt,1,0,1
2025.04.21,06:00,06:15,Erhardt,0,0,0
2025.04.21,06:15,06:30,Erhardt,2,0,2
2025.04.21,06:30,06:45,Erhardt,1,1,2
2025.04.21,06:45,07:00,Erhardt,1,2,3
2025.04.21,07:00,07:15,Erhardt,0,3,3
2025.04.21,07:15,07:30,Erhardt,3,4,7
2025.04.21,07:30,07:45,Erhardt,3,3,6
2025.04.21,07:45,08:00,Erhardt,1,1,2
2025.04.21,08:00,08:15,Erhardt,3,0,3
2025.04.21,08:15,08:30,Erhardt,5,5,10
2025.04.21,08:30,08:45,Erhardt,3,2,5
2025.04.21,08:45,09:00,Erhardt,3,6,9
2025.04.21,09:00,09:15,Erhardt,3,5,8
2025.04.21,09:15,09:30,Erhardt,4,6,10
2025.04.21,09:30,09:45,Erhardt,11,12,23
2025.04.21,09:45,10:00,Erhardt,17,9,26
2025.04.21,10:00,10:15,Erhardt,13,10,23
2025.04.21,10:15,10:30,Erhardt,10,14,24
2025.04.21,10:30,10:45,Erhardt,18,18,36
2025.04.21,10:45,11:00,Erhardt,19,23,42
2025.04.21,11:00,11:15,Erhardt,22,12,34
2025.04.21,11:15,11:30,Erhardt,20,22,42
2025.04.21,11:30,11:45,Erhardt,22,22,44
2025.04.21,11:45,12:00,Erhardt,22,20,42
2025.04.21,12:00,12:15,Erhardt,19,17,36
2025.04.21,12:15,12:30,Erhardt,14,22,36
2025.04.21,12:30,12:45,Erhardt,26,25,51
2025.04.21,12:45,13:00,Erhardt,22,21,43
2025.04.21,13:00,13:15,Erhardt,21,25,46
2025.04.21,13:15,13:30,Erhardt,15,36,51
2025.04.21,13:30,13:45,Erhardt,21,22,43
2025.04.21,13:45,14:00,Erhardt,46,31,77
2025.04.21,14:00,14:15,Erhardt,23,40,63
2025.04.21,14:15,14:30,Erhardt,15,31,46
2025.04.21,14:30,14:45,Erhardt,31,20,51
2025.04.21,14:45,15:00,Erhardt,35,34,69
2025.04.21,15:00,15:15,Erhardt,41,21,62
2025.04.21,15:15,15:30,Erhardt,29,40,69
2025.04.21,15:30,15:45,Erhardt,38,38,76
2025.04.21,15:45,16:00,Erhardt,33,31,64
2025.04.21,16:00,16:15,Erhardt,31,37,68
2025.04.21,16:15,16:30,Erhardt,23,22,45
2025.04.21,16:30,16:45,Erhardt,20,29,49
2025.04.21,16:45,17:00,Erhardt,48,34,82
2025.04.21,17:00,17:15,Erhardt,34,44,78
2025.04.21,17:15,17:30,Erhardt,29,27,56
2025.04.21,17:30,17:45,Erhardt,23,23,46
2025.04.21,17:45,18:00,Erhardt,15,34,49
2025.04.21,18:00,18:15,Erhardt,31,44,75
2025.04.21,18:15,18:30,Erhardt,48,27,75
2025.04.21,18:30,18:45,Erhardt,24,37,61
2025.04.21,18:45,19:00,Erhardt,23,38,61
2025.04.21,19:00,19:15,Erhardt,24,25,49
2025.04.21,19:15,19:30,Erhardt,20,29,49
2025.04.21,19:30,19:45,Erhardt,13,26,39
2025.04.21,19:45,20:00,Erhardt,16,16,32
2025.04.21,20:00,20:15,Erhardt,32,7,39
2025.04.21,20:15,20:30,Erhardt,30,24,54
2025.04.21,20:30,20:45,Erhardt,16,9,25
2025.04.21,20:45,21:00,Erhardt,13,8,21
2025.04.21,21:00,21:15,Erhardt,10,7,17
2025.04.21,21:15,21:30,Erhardt,8,4,12
2025.04.21,21:30,21:45,Erhardt,7,5,12
2025.04.21,21:45,22:00,Erhardt,16,4,20
2025.04.21,22:00,22:15,Erhardt,5,12,17
2025.04.21,22:15,22:30,Erhardt,6,7,13
2025.04.21,22:30,22:45,Erhardt,11,2,13
2025.04.21,22:45,23:00,Erhardt,4,5,9
2025.04.21,23:00,23:15,Erhardt,2,1,3
2025.04.21,23:15,23:30,Erhardt,3,5,8
2025.04.21,23:30,23:45,Erhardt,5,3,8
2025.04.21,23:45,00:00,Erhardt,6,0,6
2025.04.22,00:00,00:15,Erhardt,1,2,3
2025.04.22,00:15,00:30,Erhardt,1,0,1
2025.04.22,00:30,00:45,Erhardt,0,1,1
2025.04.22,00:45,01:00,Erhardt,1,0,1
2025.04.22,01:00,01:15,Erhardt,1,0,1
2025.04.22,01:15,01:30,Erhardt,0,1,1
2025.04.22,01:30,01:45,Erhardt,0,0,0
2025.04.22,01:45,02:00,Erhardt,1,0,1
2025.04.22,02:00,02:15,Erhardt,0,1,1
2025.04.22,02:15,02:30,Erhardt,0,0,0
2025.04.22,02:30,02:45,Erhardt,1,1,2
2025.04.22,02:45,03:00,Erhardt,0,1,1
2025.04.22,03:00,03:15,Erhardt,0,0,0
2025.04.22,03:15,03:30,Erhardt,0,1,1
2025.04.22,03:30,03:45,Erhardt,0,0,0
2025.04.22,03:45,04:00,Erhardt,0,0,0
2025.04.22,04:00,04:15,Erhardt,0,0,0
2025.04.22,04:15,04:30,Erhardt,0,2,2
2025.04.22,04:30,04:45,Erhardt,0,0,0
2025.04.22,04:45,05:00,Erhardt,2,0,2
2025.04.22,05:00,05:15,Erhardt,0,0,0
2025.04.22,05:15,05:30,Erhardt,3,1,4
2025.04.22,05:30,05:45,Erhardt,5,3,8
2025.04.22,05:45,06:00,Erhardt,3,7,10
2025.04.22,06:00,06:15,Erhardt,5,2,7
2025.04.22,06:15,06:30,Erhardt,12,12,24
2025.04.22,06:30,06:45,Erhardt,9,10,19
2025.04.22,06:45,07:00,Erhardt,17,13,30
2025.04.22,07:00,07:15,Erhardt,21,16,37
2025.04.22,07:15,07:30,Erhardt,24,26,50
2025.04.22,07:30,07:45,Erhardt,37,35,72
2025.04.22,07:45,08:00,Erhardt,48,43,91
2025.04.22,08:00,08:15,Erhardt,77,53,130
2025.04.22,08:15,08:30,Erhardt,67,37,104
2025.04.22,08:30,08:45,Erhardt,81,62,143
2025.04.22,08:45,09:00,Erhardt,68,51,119
2025.04.22,09:00,09:15,Erhardt,49,45,94
2025.04.22,09:15,09:30,Erhardt,38,31,69
2025.04.22,09:30,09:45,Erhardt,36,34,70
2025.04.22,09:45,10:00,Erhardt,26,24,50
2025.04.22,10:00,10:15,Erhardt,16,25,41
2025.04.22,10:15,10:30,Erhardt,25,19,44
2025.04.22,10:30,10:45,Erhardt,29,27,56
2025.04.22,10:45,11:00,Erhardt,33,29,62
2025.04.22,11:00,11:15,Erhardt,25,26,51
2025.04.22,11:15,11:30,Erhardt,23,18,41
2025.04.22,11:30,11:45,Erhardt,28,29,57
2025.04.22,11:45,12:00,Erhardt,26,28,54
2025.04.22,12:00,12:15,Erhardt,21,14,35
2025.04.22,12:15,12:30,Erhardt,11,26,37
2025.04.22,12:30,12:45,Erhardt,16,29,45
2025.04.22,12:45,13:00,Erhardt,29,23,52
2025.04.22,13:00,13:15,Erhardt,29,25,54
2025.04.22,13:15,13:30,Erhardt,24,37,61
2025.04.22,13:30,13:45,Erhardt,27,26,53
2025.04.22,13:45,14:00,Erhardt,26,25,51
2025.04.22,14:00,14:15,Erhardt,24,37,61
2025.04.22,14:15,14:30,Erhardt,25,29,54
2025.04.22,14:30,14:45,Erhardt,32,25,57
2025.04.22,14:45,15:00,Erhardt,37,26,63
2025.04.22,15:00,15:15,Erhardt,38,30,68
2025.04.22,15:15,15:30,Erhardt,42,28,70
2025.04.22,15:30,15:45,Erhardt,39,22,61
2025.04.22,15:45,16:00,Erhardt,52,19,71
2025.04.22,16:00,16:15,Erhardt,41,31,72
2025.04.22,16:15,16:30,Erhardt,52,50,102
2025.04.22,16:30,16:45,Erhardt,53,44,97
2025.04.22,16:45,17:00,Erhardt,69,33,102
2025.04.22,17:00,17:15,Erhardt,62,31,93
2025.04.22,17:15,17:30,Erhardt,89,49,138
2025.04.22,17:30,17:45,Erhardt,93,41,134
2025.04.22,17:45,18:00,Erhardt,80,47,127
2025.04.22,18:00,18:15,Erhardt,93,42,135
2025.04.22,18:15,18:30,Erhardt,76,52,128
2025.04.22,18:30,18:45,Erhardt,80,40,120
2025.04.22,18:45,19:00,Erhardt,50,41,91
2025.04.22,19:00,19:15,Erhardt,47,37,84
2025.04.22,19:15,19:30,Erhardt,46,32,78
2025.04.22,19:30,19:45,Erhardt,34,24,58
2025.04.22,19:45,20:00,Erhardt,18,30,48
2025.04.22,20:00,20:15,Erhardt,24,23,47
2025.04.22,20:15,20:30,Erhardt,42,32,74
2025.04.22,20:30,20:45,Erhardt,21,30,51
2025.04.22,20:45,21:00,Erhardt,24,8,32
2025.04.22,21:00,21:15,Erhardt,15,17,32
2025.04.22,21:15,21:30,Erhardt,11,11,22
2025.04.22,21:30,21:45,Erhardt,14,16,30
2025.04.22,21:45,22:00,Erhardt,15,5,20
2025.04.22,22:00,22:15,Erhardt,14,13,27
2025.04.22,22:15,22:30,Erhardt,11,14,25
2025.04.22,22:30,22:45,Erhardt,14,11,25
2025.04.22,22:45,23:00,Erhardt,12,13,25
2025.04.22,23:00,23:15,Erhardt,13,9,22
2025.04.22,23:15,23:30,Erhardt,14,9,23
2025.04.22,23:30,23:45,Erhardt,5,5,10
2025.04.22,23:45,00:00,Erhardt,3,3,6
2025.04.23,00:00,00:15,Erhardt,5,8,13
2025.04.23,00:15,00:30,Erhardt,3,3,6
2025.04.23,00:30,00:45,Erhardt,1,0,1
2025.04.23,00:45,01:00,Erhardt,1,1,2
2025.04.23,01:00,01:15,Erhardt,2,5,7
2025.04.23,01:15,01:30,Erhardt,4,1,5
2025.04.23,01:30,01:45,Erhardt,1,1,2
2025.04.23,01:45,02:00,Erhardt,0,4,4
2025.04.23,02:00,02:15,Erhardt,1,1,2
2025.04.23,02:15,02:30,Erhardt,0,0,0
2025.04.23,02:30,02:45,Erhardt,3,0,3
2025.04.23,02:45,03:00,Erhardt,0,0,0
2025.04.23,03:00,03:15,Erhardt,0,0,0
2025.04.23,03:15,03:30,Erhardt,0,0,0
2025.04.23,03:30,03:45,Erhardt,0,0,0
2025.04.23,03:45,04:00,Erhardt,0,0,0
2025.04.23,04:00,04:15,Erhardt,0,0,0
2025.04.23,04:15,04:30,Erhardt,1,0,1
2025.04.23,04:30,04:45,Erhardt,0,1,1
2025.04.23,04:45,05:00,Erhardt,1,1,2
2025.04.23,05:00,05:15,Erhardt,5,0,5
2025.04.23,05:15,05:30,Erhardt,0,2,2
2025.04.23,05:30,05:45,Erhardt,3,5,8
2025.04.23,05:45,06:00,Erhardt,4,6,10
2025.04.23,06:00,06:15,Erhardt,11,5,16
2025.04.23,06:15,06:30,Erhardt,11,14,25
2025.04.23,06:30,06:45,Erhardt,10,8,18
2025.04.23,06:45,07:00,Erhardt,12,14,26
2025.04.23,07:00,07:15,Erhardt,21,17,38
2025.04.23,07:15,07:30,Erhardt,24,19,43
2025.04.23,07:30,07:45,Erhardt,42,35,77
2025.04.23,07:45,08:00,Erhardt,51,55,106
2025.04.23,08:00,08:15,Erhardt,56,47,103
2025.04.23,08:15,08:30,Erhardt,87,52,139
2025.04.23,08:30,08:45,Erhardt,91,46,137
2025.04.23,08:45,09:00,Erhardt,57,57,114
2025.04.23,09:00,09:15,Erhardt,40,33,73
2025.04.23,09:15,09:30,Erhardt,46,34,80
2025.04.23,09:30,09:45,Erhardt,35,31,66
2025.04.23,09:45,10:00,Erhardt,30,29,59
2025.04.23,10:00,10:15,Erhardt,34,27,61
2025.04.23,10:15,10:30,Erhardt,25,24,49
2025.04.23,10:30,10:45,Erhardt,16,25,41
2025.04.23,10:45,11:00,Erhardt,23,21,44
2025.04.23,11:00,11:15,Erhardt,28,14,42
2025.04.23,11:15,11:30,Erhardt,20,14,34
2025.04.23,11:30,11:45,Erhardt,14,30,44
2025.04.23,11:45,12:00,Erhardt,27,27,54
2025.04.23,12:00,12:15,Erhardt,29,26,55
2025.04.23,12:15,12:30,Erhardt,29,33,62
2025.04.23,12:30,12:45,Erhardt,32,31,63
2025.04.23,12:45,13:00,Erhardt,33,25,58
2025.04.23,13:00,13:15,Erhardt,16,16,32
2025.04.23,13:15,13:30,Erhardt,30,24,54
2025.04.23,13:30,13:45,Erhardt,30,34,64
2025.04.23,13:45,14:00,Erhardt,37,26,63
2025.04.23,14:00,14:15,Erhardt,39,23,62
2025.04.23,14:15,14:30,Erhardt,40,24,64
2025.04.23,14:30,14:45,Erhardt,36,27,63
2025.04.23,14:45,15:00,Erhardt,52,22,74
2025.04.23,15:00,15:15,Erhardt,36,38,74
2025.04.23,15:15,15:30,Erhardt,52,32,84
2025.04.23,15:30,15:45,Erhardt,46,32,78
2025.04.23,15:45,16:00,Erhardt,40,47,87
2025.04.23,16:00,16:15,Erhardt,48,37,85
2025.04.23,16:15,16:30,Erhardt,48,35,83
2025.04.23,16:30,16:45,Erhardt,73,32,105
2025.04.23,16:45,17:00,Erhardt,58,43,101
2025.04.23,17:00,17:15,Erhardt,67,45,112
2025.04.23,17:15,17:30,Erhardt,91,34,125
2025.04.23,17:30,17:45,Erhardt,86,46,132
2025.04.23,17:45,18:00,Erhardt,96,58,154
2025.04.23,18:00,18:15,Erhardt,96,50,146
2025.04.23,18:15,18:30,Erhardt,84,41,125
2025.04.23,18:30,18:45,Erhardt,70,37,107
2025.04.23,18:45,19:00,Erhardt,47,26,73
2025.04.23,19:00,19:15,Erhardt,41,18,59
2025.04.23,19:15,19:30,Erhardt,27,17,44
2025.04.23,19:30,19:45,Erhardt,21,17,38
2025.04.23,19:45,20:00,Erhardt,21,24,45
2025.04.23,20:00,20:15,Erhardt,20,15,35
2025.04.23,20:15,20:30,Erhardt,27,6,33
2025.04.23,20:30,20:45,Erhardt,18,7,25
2025.04.23,20:45,21:00,Erhardt,9,11,20
2025.04.23,21:00,21:15,Erhardt,21,8,29
2025.04.23,21:15,21:30,Erhardt,7,9,16
2025.04.23,21:30,21:45,Erhardt,9,6,15
2025.04.23,21:45,22:00,Erhardt,11,8,19
2025.04.23,22:00,22:15,Erhardt,10,14,24
2025.04.23,22:15,22:30,Erhardt,8,10,18
2025.04.23,22:30,22:45,Erhardt,9,1,10
2025.04.23,22:45,23:00,Erhardt,6,5,11
2025.04.23,23:00,23:15,Erhardt,7,9,16
2025.04.23,23:15,23:30,Erhardt,8,5,13
2025.04.23,23:30,23:45,Erhardt,6,2,8
2025.04.23,23:45,00:00,Erhardt,1,7,8
2025.04.24,00:00,00:15,Erhardt,2,2,4
2025.04.24,00:15,00:30,Erhardt,1,2,3
2025.04.24,00:30,00:45,Erhardt,1,2,3
2025.04.24,00:45,01:00,Erhardt,0,1,1
2025.04.24,01:00,01:15,Erhardt,1,2,3
2025.04.24,01:15,01:30,Erhardt,2,0,2
2025.04.24,01:30,01:45,Erhardt,0,1,1
2025.04.24,01:45,02:00,Erhardt,0,1,1
2025.04.24,02:00,02:15,Erhardt,0,0,0
2025.04.24,02:15,02:30,Erhardt,0,0,0
2025.04.24,02:30,02:45,Erhardt,2,3,5
2025.04.24,02:45,03:00,Erhardt,1,0,1
2025.04.24,03:00,03:15,Erhardt,0,0,0
2025.04.24,03:15,03:30,Erhardt,0,0,0
2025.04.24,03:30,03:45,Erhardt,1,0,1
2025.04.24,03:45,04:00,Erhardt,0,0,0
2025.04.24,04:00,04:15,Erhardt,0,0,0
2025.04.24,04:15,04:30,Erhardt,1,0,1
2025.04.24,04:30,04:45,Erhardt,0,0,0
2025.04.24,04:45,05:00,Erhardt,0,0,0
2025.04.24,05:00,05:15,Erhardt,0,1,1
2025.04.24,05:15,05:30,Erhardt,3,2,5
2025.04.24,05:30,05:45,Erhardt,3,2,5
2025.04.24,05:45,06:00,Erhardt,7,3,10
2025.04.24,06:00,06:15,Erhardt,6,2,8
2025.04.24,06:15,06:30,Erhardt,11,9,20
2025.04.24,06:30,06:45,Erhardt,9,8,17
2025.04.24,06:45,07:00,Erhardt,16,7,23
2025.04.24,07:00,07:15,Erhardt,18,12,30
2025.04.24,07:15,07:30,Erhardt,24,19,43
2025.04.24,07:30,07:45,Erhardt,38,19,57
2025.04.24,07:45,08:00,Erhardt,42,25,67
2025.04.24,08:00,08:15,Erhardt,49,24,73
2025.04.24,08:15,08:30,Erhardt,56,39,95
2025.04.24,08:30,08:45,Erhardt,59,37,96
2025.04.24,08:45,09:00,Erhardt,46,26,72
2025.04.24,09:00,09:15,Erhardt,34,27,61
2025.04.24,09:15,09:30,Erhardt,37,24,61
2025.04.24,09:30,09:45,Erhardt,18,28,46
2025.04.24,09:45,10:00,Erhardt,33,23,56
2025.04.24,10:00,10:15,Erhardt,17,19,36
2025.04.24,10:15,10:30,Erhardt,12,21,33
2025.04.24,10:30,10:45,Erhardt,11,20,31
2025.04.24,10:45,11:00,Erhardt,12,27,39
2025.04.24,11:00,11:15,Erhardt,9,10,19
2025.04.24,11:15,11:30,Erhardt,9,17,26
2025.04.24,11:30,11:45,Erhardt,15,20,35
2025.04.24,11:45,12:00,Erhardt,22,20,42
2025.04.24,12:00,12:15,Erhardt,13,21,34
2025.04.24,12:15,12:30,Erhardt,17,18,35
2025.04.24,12:30,12:45,Erhardt,7,13,20
2025.04.24,12:45,13:00,Erhardt,12,31,43
2025.04.24,13:00,13:15,Erhardt,12,19,31
2025.04.24,13:15,13:30,Erhardt,25,12,37
2025.04.24,13:30,13:45,Erhardt,24,8,32
2025.04.24,13:45,14:00,Erhardt,22,18,40
2025.04.24,14:00,14:15,Erhardt,19,21,40
2025.04.24,14:15,14:30,Erhardt,24,15,39
2025.04.24,14:30,14:45,Erhardt,22,15,37
2025.04.24,14:45,15:00,Erhardt,20,15,35
2025.04.24,15:00,15:15,Erhardt,33,17,50
2025.04.24,15:15,15:30,Erhardt,34,20,54
2025.04.24,15:30,15:45,Erhardt,29,13,42
2025.04.24,15:45,16:00,Erhardt,31,15,46
2025.04.24,16:00,16:15,Erhardt,32,16,48
2025.04.24,16:15,16:30,Erhardt,27,15,42
2025.04.24,16:30,16:45,Erhardt,35,20,55
2025.04.24,16:45,17:00,Erhardt,43,12,55
2025.04.24,17:00,17:15,Erhardt,54,28,82
2025.04.24,17:15,17:30,Erhardt,57,36,93
2025.04.24,17:30,17:45,Erhardt,49,25,74
2025.04.24,17:45,18:00,Erhardt,61,25,86
2025.04.24,18:00,18:15,Erhardt,49,34,83
2025.04.24,18:15,18:30,Erhardt,59,46,105
2025.04.24,18:30,18:45,Erhardt,74,36,110
2025.04.24,18:45,19:00,Erhardt,49,33,82
2025.04.24,19:00,19:15,Erhardt,36,21,57
2025.04.24,19:15,19:30,Erhardt,33,28,61
2025.04.24,19:30,19:45,Erhardt,28,25,53
2025.04.24,19:45,20:00,Erhardt,24,16,40
2025.04.24,20:00,20:15,Erhardt,30,28,58
2025.04.24,20:15,20:30,Erhardt,19,16,35
2025.04.24,20:30,20:45,Erhardt,20,11,31
2025.04.24,20:45,21:00,Erhardt,15,19,34
2025.04.24,21:00,21:15,Erhardt,17,9,26
2025.04.24,21:15,21:30,Erhardt,18,11,29
2025.04.24,21:30,21:45,Erhardt,18,17,35
2025.04.24,21:45,22:00,Erhardt,12,12,24
2025.04.24,22:00,22:15,Erhardt,18,12,30
2025.04.24,22:15,22:30,Erhardt,16,13,29
2025.04.24,22:30,22:45,Erhardt,13,9,22
2025.04.24,22:45,23:00,Erhardt,17,9,26
2025.04.24,23:00,23:15,Erhardt,8,4,12
2025.04.24,23:15,23:30,Erhardt,21,3,24
2025.04.24,23:30,23:45,Erhardt,8,4,12
2025.04.24,23:45,00:00,Erhardt,9,0,9
2025.04.25,00:00,00:15,Erhardt,5,3,8
2025.04.25,00:15,00:30,Erhardt,6,2,8
2025.04.25,00:30,00:45,Erhardt,1,2,3
2025.04.25,00:45,01:00,Erhardt,2,4,6
2025.04.25,01:00,01:15,Erhardt,2,1,3
2025.04.25,01:15,01:30,Erhardt,1,4,5
2025.04.25,01:30,01:45,Erhardt,0,2,2
2025.04.25,01:45,02:00,Erhardt,2,3,5
2025.04.25,02:00,02:15,Erhardt,0,1,1
2025.04.25,02:15,02:30,Erhardt,0,0,0
2025.04.25,02:30,02:45,Erhardt,0,0,0
2025.04.25,02:45,03:00,Erhardt,0,1,1
2025.04.25,03:00,03:15,Erhardt,0,0,0
2025.04.25,03:15,03:30,Erhardt,0,0,0
2025.04.25,03:30,03:45,Erhardt,1,1,2
2025.04.25,03:45,04:00,Erhardt,0,2,2
2025.04.25,04:00,04:15,Erhardt,0,1,1
2025.04.25,04:15,04:30,Erhardt,0,0,0
2025.04.25,04:30,04:45,Erhardt,0,0,0
2025.04.25,04:45,05:00,Erhardt,0,0,0
2025.04.25,05:00,05:15,Erhardt,1,1,2
2025.04.25,05:15,05:30,Erhardt,1,1,2
2025.04.25,05:30,05:45,Erhardt,1,1,2
2025.04.25,05:45,06:00,Erhardt,4,3,7
2025.04.25,06:00,06:15,Erhardt,7,1,8
2025.04.25,06:15,06:30,Erhardt,5,3,8
2025.04.25,06:30,06:45,Erhardt,13,3,16
2025.04.25,06:45,07:00,Erhardt,14,10,24
2025.04.25,07:00,07:15,Erhardt,14,14,28
2025.04.25,07:15,07:30,Erhardt,11,12,23
2025.04.25,07:30,07:45,Erhardt,24,22,46
2025.04.25,07:45,08:00,Erhardt,22,30,52
2025.04.25,08:00,08:15,Erhardt,30,36,66
2025.04.25,08:15,08:30,Erhardt,40,36,76
2025.04.25,08:30,08:45,Erhardt,33,48,81
2025.04.25,08:45,09:00,Erhardt,49,33,82
2025.04.25,09:00,09:15,Erhardt,35,29,64
2025.04.25,09:15,09:30,Erhardt,21,33,54
2025.04.25,09:30,09:45,Erhardt,25,30,55
2025.04.25,09:45,10:00,Erhardt,20,19,39
2025.04.25,10:00,10:15,Erhardt,15,9,24
2025.04.25,10:15,10:30,Erhardt,15,12,27
2025.04.25,10:30,10:45,Erhardt,14,12,26
2025.04.25,10:45,11:00,Erhardt,13,13,26
2025.04.25,11:00,11:15,Erhardt,14,19,33
2025.04.25,11:15,11:30,Erhardt,23,15,38
2025.04.25,11:30,11:45,Erhardt,18,25,43
2025.04.25,11:45,12:00,Erhardt,28,21,49
2025.04.25,12:00,12:15,Erhardt,22,26,48
2025.04.25,12:15,12:30,Erhardt,28,30,58
2025.04.25,12:30,12:45,Erhardt,28,18,46
2025.04.25,12:45,13:00,Erhardt,27,11,38
2025.04.25,13:00,13:15,Erhardt,25,28,53
2025.04.25,13:15,13:30,Erhardt,41,16,57
2025.04.25,13:30,13:45,Erhardt,30,23,53
2025.04.25,13:45,14:00,Erhardt,21,26,47
2025.04.25,14:00,14:15,Erhardt,20,19,39
2025.04.25,14:15,14:30,Erhardt,33,16,49
2025.04.25,14:30,14:45,Erhardt,23,19,42
2025.04.25,14:45,15:00,Erhardt,27,19,46
2025.04.25,15:00,15:15,Erhardt,35,21,56
2025.04.25,15:15,15:30,Erhardt,30,23,53
2025.04.25,15:30,15:45,Erhardt,25,17,42
2025.04.25,15:45,16:00,Erhardt,35,26,61
2025.04.25,16:00,16:15,Erhardt,42,22,64
2025.04.25,16:15,16:30,Erhardt,46,21,67
2025.04.25,16:30,16:45,Erhardt,36,24,60
2025.04.25,16:45,17:00,Erhardt,38,41,79
2025.04.25,17:00,17:15,Erhardt,38,25,63
2025.04.25,17:15,17:30,Erhardt,42,30,72
2025.04.25,17:30,17:45,Erhardt,40,26,66
2025.04.25,17:45,18:00,Erhardt,51,34,85
2025.04.25,18:00,18:15,Erhardt,34,33,67
2025.04.25,18:15,18:30,Erhardt,38,35,73
2025.04.25,18:30,18:45,Erhardt,37,38,75
2025.04.25,18:45,19:00,Erhardt,32,30,62
2025.04.25,19:00,19:15,Erhardt,47,18,65
2025.04.25,19:15,19:30,Erhardt,23,18,41
2025.04.25,19:30,19:45,Erhardt,21,19,40
2025.04.25,19:45,20:00,Erhardt,15,19,34
2025.04.25,20:00,20:15,Erhardt,19,9,28
2025.04.25,20:15,20:30,Erhardt,15,17,32
2025.04.25,20:30,20:45,Erhardt,14,6,20
2025.04.25,20:45,21:00,Erhardt,18,6,24
2025.04.25,21:00,21:15,Erhardt,16,4,20
2025.04.25,21:15,21:30,Erhardt,13,8,21
2025.04.25,21:30,21:45,Erhardt,5,12,17
2025.04.25,21:45,22:00,Erhardt,9,8,17
2025.04.25,22:00,22:15,Erhardt,10,4,14
2025.04.25,22:15,22:30,Erhardt,16,4,20
2025.04.25,22:30,22:45,Erhardt,13,7,20
2025.04.25,22:45,23:00,Erhardt,9,9,18
2025.04.25,23:00,23:15,Erhardt,9,7,16
2025.04.25,23:15,23:30,Erhardt,8,10,18
2025.04.25,23:30,23:45,Erhardt,10,8,18
2025.04.25,23:45,00:00,Erhardt,4,8,12
2025.04.26,00:00,00:15,Erhardt,5,6,11
2025.04.26,00:15,00:30,Erhardt,6,8,14
2025.04.26,00:30,00:45,Erhardt,0,4,4
2025.04.26,00:45,01:00,Erhardt,1,3,4
2025.04.26,01:00,01:15,Erhardt,1,5,6
2025.04.26,01:15,01:30,Erhardt,0,6,6
2025.04.26,01:30,01:45,Erhardt,0,1,1
2025.04.26,01:45,02:00,Erhardt,4,0,4
2025.04.26,02:00,02:15,Erhardt,2,7,9
2025.04.26,02:15,02:30,Erhardt,3,4,7
2025.04.26,02:30,02:45,Erhardt,2,1,3
2025.04.26,02:45,03:00,Erhardt,1,2,3
2025.04.26,03:00,03:15,Erhardt,1,0,1
2025.04.26,03:15,03:30,Erhardt,0,0,0
2025.04.26,03:30,03:45,Erhardt,0,1,1
2025.04.26,03:45,04:00,Erhardt,1,0,1
2025.04.26,04:00,04:15,Erhardt,0,0,0
2025.04.26,04:15,04:30,Erhardt,0,0,0
2025.04.26,04:30,04:45,Erhardt,0,0,0
2025.04.26,04:45,05:00,Erhardt,0,0,0
2025.04.26,05:00,05:15,Erhardt,0,0,0
2025.04.26,05:15,05:30,Erhardt,0,0,0
2025.04.26,05:30,05:45,Erhardt,1,0,1
2025.04.26,05:45,06:00,Erhardt,1,3,4
2025.04.26,06:00,06:15,Erhardt,1,1,2
2025.04.26,06:15,06:30,Erhardt,3,2,5
2025.04.26,06:30,06:45,Erhardt,6,1,7
2025.04.26,06:45,07:00,Erhardt,1,2,3
2025.04.26,07:00,07:15,Erhardt,5,4,9
2025.04.26,07:15,07:30,Erhardt,2,3,5
2025.04.26,07:30,07:45,Erhardt,5,6,11
2025.04.26,07:45,08:00,Erhardt,11,9,20
2025.04.26,08:00,08:15,Erhardt,4,4,8
2025.04.26,08:15,08:30,Erhardt,7,10,17
2025.04.26,08:30,08:45,Erhardt,10,1,11
2025.04.26,08:45,09:00,Erhardt,14,8,22
2025.04.26,09:00,09:15,Erhardt,11,20,31
2025.04.26,09:15,09:30,Erhardt,17,15,32
2025.04.26,09:30,09:45,Erhardt,12,21,33
2025.04.26,09:45,10:00,Erhardt,31,21,52
2025.04.26,10:00,10:15,Erhardt,28,18,46
2025.04.26,10:15,10:30,Erhardt,29,25,54
2025.04.26,10:30,10:45,Erhardt,27,31,58
2025.04.26,10:45,11:00,Erhardt,24,14,38
2025.04.26,11:00,11:15,Erhardt,33,18,51
2025.04.26,11:15,11:30,Erhardt,39,16,55
2025.04.26,11:30,11:45,Erhardt,24,18,42
2025.04.26,11:45,12:00,Erhardt,24,16,40
2025.04.26,12:00,12:15,Erhardt,17,13,30
2025.04.26,12:15,12:30,Erhardt,36,24,60
2025.04.26,12:30,12:45,Erhardt,40,19,59
2025.04.26,12:45,13:00,Erhardt,31,38,69
2025.04.26,13:00,13:15,Erhardt,27,44,71
2025.04.26,13:15,13:30,Erhardt,40,37,77
2025.04.26,13:30,13:45,Erhardt,28,25,53
2025.04.26,13:45,14:00,Erhardt,29,38,67
2025.04.26,14:00,14:15,Erhardt,46,31,77
2025.04.26,14:15,14:30,Erhardt,30,28,58
2025.04.26,14:30,14:45,Erhardt,21,45,66
2025.04.26,14:45,15:00,Erhardt,28,30,58
2025.04.26,15:00,15:15,Erhardt,30,28,58
2025.04.26,15:15,15:30,Erhardt,40,23,63
2025.04.26,15:30,15:45,Erhardt,29,29,58
2025.04.26,15:45,16:00,Erhardt,37,30,67
2025.04.26,16:00,16:15,Erhardt,29,33,62
2025.04.26,16:15,16:30,Erhardt,34,45,79
2025.04.26,16:30,16:45,Erhardt,24,37,61
2025.04.26,16:45,17:00,Erhardt,30,26,56
2025.04.26,17:00,17:15,Erhardt,27,39,66
2025.04.26,17:15,17:30,Erhardt,24,43,67
2025.04.26,17:30,17:45,Erhardt,27,20,47
2025.04.26,17:45,18:00,Erhardt,23,18,41
2025.04.26,18:00,18:15,Erhardt,33,37,70
2025.04.26,18:15,18:30,Erhardt,28,24,52
2025.04.26,18:30,18:45,Erhardt,29,32,61
2025.04.26,18:45,19:00,Erhardt,32,21,53
2025.04.26,19:00,19:15,Erhardt,31,31,62
2025.04.26,19:15,19:30,Erhardt,28,31,59
2025.04.26,19:30,19:45,Erhardt,24,18,42
2025.04.26,19:45,20:00,Erhardt,16,30,46
2025.04.26,20:00,20:15,Erhardt,23,14,37
2025.04.26,20:15,20:30,Erhardt,12,17,29
2025.04.26,20:30,20:45,Erhardt,17,9,26
2025.04.26,20:45,21:00,Erhardt,15,14,29
2025.04.26,21:00,21:15,Erhardt,10,13,23
2025.04.26,21:15,21:30,Erhardt,7,11,18
2025.04.26,21:30,21:45,Erhardt,12,23,35
2025.04.26,21:45,22:00,Erhardt,8,10,18
2025.04.26,22:00,22:15,Erhardt,15,20,35
2025.04.26,22:15,22:30,Erhardt,9,10,19
2025.04.26,22:30,22:45,Erhardt,14,12,26
2025.04.26,22:45,23:00,Erhardt,9,6,15
2025.04.26,23:00,23:15,Erhardt,7,16,23
2025.04.26,23:15,23:30,Erhardt,14,11,25
2025.04.26,23:30,23:45,Erhardt,16,10,26
2025.04.26,23:45,00:00,Erhardt,10,16,26
2025.04.27,00:00,00:15,Erhardt,10,10,20
2025.04.27,00:15,00:30,Erhardt,8,7,15
2025.04.27,00:30,00:45,Erhardt,9,9,18
2025.04.27,00:45,01:00,Erhardt,5,9,14
2025.04.27,01:00,01:15,Erhardt,8,5,13
2025.04.27,01:15,01:30,Erhardt,8,12,20
2025.04.27,01:30,01:45,Erhardt,1,3,4
2025.04.27,01:45,02:00,Erhardt,2,3,5
2025.04.27,02:00,02:15,Erhardt,2,8,10
2025.04.27,02:15,02:30,Erhardt,2,4,6
2025.04.27,02:30,02:45,Erhardt,3,1,4
2025.04.27,02:45,03:00,Erhardt,5,1,6
2025.04.27,03:00,03:15,Erhardt,2,4,6
2025.04.27,03:15,03:30,Erhardt,0,2,2
2025.04.27,03:30,03:45,Erhardt,1,3,4
2025.04.27,03:45,04:00,Erhardt,2,2,4
2025.04.27,04:00,04:15,Erhardt,0,0,0
2025.04.27,04:15,04:30,Erhardt,2,1,3
2025.04.27,04:30,04:45,Erhardt,1,1,2
2025.04.27,04:45,05:00,Erhardt,1,1,2
2025.04.27,05:00,05:15,Erhardt,0,0,0
2025.04.27,05:15,05:30,Erhardt,1,1,2
2025.04.27,05:30,05:45,Erhardt,0,1,1
2025.04.27,05:45,06:00,Erhardt,1,2,3
2025.04.27,06:00,06:15,Erhardt,0,3,3
2025.04.27,06:15,06:30,Erhardt,1,1,2
2025.04.27,06:30,06:45,Erhardt,1,0,1
2025.04.27,06:45,07:00,Erhardt,2,2,4
2025.04.27,07:00,07:15,Erhardt,1,4,5
2025.04.27,07:15,07:30,Erhardt,0,3,3
2025.04.27,07:30,07:45,Erhardt,2,3,5
2025.04.27,07:45,08:00,Erhardt,6,4,10
2025.04.27,08:00,08:15,Erhardt,4,6,10
2025.04.27,08:15,08:30,Erhardt,16,7,23
2025.04.27,08:30,08:45,Erhardt,10,8,18
2025.04.27,08:45,09:00,Erhardt,10,6,16
2025.04.27,09:00,09:15,Erhardt,16,8,24
2025.04.27,09:15,09:30,Erhardt,20,18,38
2025.04.27,09:30,09:45,Erhardt,23,27,50
2025.04.27,09:45,10:00,Erhardt,36,34,70
2025.04.27,10:00,10:15,Erhardt,50,34,84
2025.04.27,10:15,10:30,Erhardt,47,17,64
2025.04.27,10:30,10:45,Erhardt,42,31,73
2025.04.27,10:45,11:00,Erhardt,53,50,103
2025.04.27,11:00,11:15,Erhardt,48,47,95
2025.04.27,11:15,11:30,Erhardt,47,45,92
2025.04.27,11:30,11:45,Erhardt,58,57,115
2025.04.27,11:45,12:00,Erhardt,68,41,109
2025.04.27,12:00,12:15,Erhardt,64,49,113
2025.04.27,12:15,12:30,Erhardt,95,46,141
2025.04.27,12:30,12:45,Erhardt,95,55,150
2025.04.27,12:45,13:00,Erhardt,70,61,131
2025.04.27,13:00,13:15,Erhardt,74,74,148
2025.04.27,13:15,13:30,Erhardt,94,81,175
2025.04.27,13:30,13:45,Erhardt,96,79,175
2025.04.27,13:45,14:00,Erhardt,115,71,186
2025.04.27,14:00,14:15,Erhardt,100,105,205
2025.04.27,14:15,14:30,Erhardt,58,89,147
2025.04.27,14:30,14:45,Erhardt,82,78,160
2025.04.27,14:45,15:00,Erhardt,97,108,205
2025.04.27,15:00,15:15,Erhardt,75,93,168
2025.04.27,15:15,15:30,Erhardt,75,91,166
2025.04.27,15:30,15:45,Erhardt,76,100,176
2025.04.27,15:45,16:00,Erhardt,88,95,183
2025.04.27,16:00,16:15,Erhardt,72,92,164
2025.04.27,16:15,16:30,Erhardt,75,128,203
2025.04.27,16:30,16:45,Erhardt,68,81,149
2025.04.27,16:45,17:00,Erhardt,80,86,166
2025.04.27,17:00,17:15,Erhardt,77,80,157
2025.04.27,17:15,17:30,Erhardt,101,72,173
2025.04.27,17:30,17:45,Erhardt,94,75,169
2025.04.27,17:45,18:00,Erhardt,72,86,158
2025.04.27,18:00,18:15,Erhardt,70,73,143
2025.04.27,18:15,18:30,Erhardt,38,87,125
2025.04.27,18:30,18:45,Erhardt,49,54,103
2025.04.27,18:45,19:00,Erhardt,55,68,123
2025.04.27,19:00,19:15,Erhardt,49,54,103
2025.04.27,19:15,19:30,Erhardt,38,44,82
2025.04.27,19:30,19:45,Erhardt,25,53,78
2025.04.27,19:45,20:00,Erhardt,30,21,51
2025.04.27,20:00,20:15,Erhardt,23,29,52
2025.04.27,20:15,20:30,Erhardt,30,31,61
2025.04.27,20:30,20:45,Erhardt,14,19,33
2025.04.27,20:45,21:00,Erhardt,16,9,25
2025.04.27,21:00,21:15,Erhardt,11,14,25
2025.04.27,21:15,21:30,Erhardt,13,11,24
2025.04.27,21:30,21:45,Erhardt,14,8,22
2025.04.27,21:45,22:00,Erhardt,10,11,21
2025.04.27,22:00,22:15,Erhardt,8,15,23
2025.04.27,22:15,22:30,Erhardt,11,15,26
2025.04.27,22:30,22:45,Erhardt,6,11,17
2025.04.27,22:45,23:00,Erhardt,10,10,20
2025.04.27,23:00,23:15,Erhardt,12,10,22
2025.04.27,23:15,23:30,Erhardt,4,8,12
2025.04.27,23:30,23:45,Erhardt,2,2,4
2025.04.27,23:45,00:00,Erhardt,4,0,4
2025.04.28,00:00,00:15,Erhardt,1,5,6
2025.04.28,00:15,00:30,Erhardt,2,1,3
2025.04.28,00:30,00:45,Erhardt,1,2,3
2025.04.28,00:45,01:00,Erhardt,1,2,3
2025.04.28,01:00,01:15,Erhardt,0,0,0
2025.04.28,01:15,01:30,Erhardt,1,0,1
2025.04.28,01:30,01:45,Erhardt,0,2,2
2025.04.28,01:45,02:00,Erhardt,0,1,1
2025.04.28,02:00,02:15,Erhardt,1,1,2
2025.04.28,02:15,02:30,Erhardt,0,0,0
2025.04.28,02:30,02:45,Erhardt,0,0,0
2025.04.28,02:45,03:00,Erhardt,0,0,0
2025.04.28,03:00,03:15,Erhardt,0,0,0
2025.04.28,03:15,03:30,Erhardt,0,0,0
2025.04.28,03:30,03:45,Erhardt,0,0,0
2025.04.28,03:45,04:00,Erhardt,1,1,2
2025.04.28,04:00,04:15,Erhardt,0,0,0
2025.04.28,04:15,04:30,Erhardt,0,1,1
2025.04.28,04:30,04:45,Erhardt,1,0,1
2025.04.28,04:45,05:00,Erhardt,1,0,1
2025.04.28,05:00,05:15,Erhardt,1,0,1
2025.04.28,05:15,05:30,Erhardt,2,1,3
2025.04.28,05:30,05:45,Erhardt,4,4,8
2025.04.28,05:45,06:00,Erhardt,3,8,11
2025.04.28,06:00,06:15,Erhardt,8,5,13
2025.04.28,06:15,06:30,Erhardt,17,12,29
2025.04.28,06:30,06:45,Erhardt,16,10,26
2025.04.28,06:45,07:00,Erhardt,25,16,41
2025.04.28,07:00,07:15,Erhardt,28,18,46
2025.04.28,07:15,07:30,Erhardt,49,38,87
2025.04.28,07:30,07:45,Erhardt,74,52,126
2025.04.28,07:45,08:00,Erhardt,66,83,149
2025.04.28,08:00,08:15,Erhardt,89,80,169
2025.04.28,08:15,08:30,Erhardt,108,85,193
2025.04.28,08:30,08:45,Erhardt,95,51,146
2025.04.28,08:45,09:00,Erhardt,93,48,141
2025.04.28,09:00,09:15,Erhardt,79,59,138
2025.04.28,09:15,09:30,Erhardt,39,35,74
2025.04.28,09:30,09:45,Erhardt,33,48,81
2025.04.28,09:45,10:00,Erhardt,35,42,77
2025.04.28,10:00,10:15,Erhardt,31,34,65
2025.04.28,10:15,10:30,Erhardt,26,24,50
2025.04.28,10:30,10:45,Erhardt,30,21,51
2025.04.28,10:45,11:00,Erhardt,23,31,54
2025.04.28,11:00,11:15,Erhardt,19,33,52
2025.04.28,11:15,11:30,Erhardt,36,27,63
2025.04.28,11:30,11:45,Erhardt,35,31,66
2025.04.28,11:45,12:00,Erhardt,34,30,64
2025.04.28,12:00,12:15,Erhardt,31,32,63
2025.04.28,12:15,12:30,Erhardt,52,31,83
2025.04.28,12:30,12:45,Erhardt,26,27,53
2025.04.28,12:45,13:00,Erhardt,45,26,71
2025.04.28,13:00,13:15,Erhardt,45,45,90
2025.04.28,13:15,13:30,Erhardt,46,49,95
2025.04.28,13:30,13:45,Erhardt,52,31,83
2025.04.28,13:45,14:00,Erhardt,35,38,73
2025.04.28,14:00,14:15,Erhardt,57,35,92
2025.04.28,14:15,14:30,Erhardt,50,34,84
2025.04.28,14:30,14:45,Erhardt,47,36,83
2025.04.28,14:45,15:00,Erhardt,36,44,80
2025.04.28,15:00,15:15,Erhardt,58,30,88
2025.04.28,15:15,15:30,Erhardt,58,57,115
2025.04.28,15:30,15:45,Erhardt,72,33,105
2025.04.28,15:45,16:00,Erhardt,58,57,115
2025.04.28,16:00,16:15,Erhardt,62,42,104
2025.04.28,16:15,16:30,Erhardt,90,46,136
2025.04.28,16:30,16:45,Erhardt,69,54,123
2025.04.28,16:45,17:00,Erhardt,109,65,174
2025.04.28,17:00,17:15,Erhardt,91,62,153
2025.04.28,17:15,17:30,Erhardt,107,62,169
2025.04.28,17:30,17:45,Erhardt,106,67,173
2025.04.28,17:45,18:00,Erhardt,124,61,185
2025.04.28,18:00,18:15,Erhardt,122,79,201
2025.04.28,18:15,18:30,Erhardt,123,67,190
2025.04.28,18:30,18:45,Erhardt,84,66,150
2025.04.28,18:45,19:00,Erhardt,87,70,157
2025.04.28,19:00,19:15,Erhardt,86,37,123
2025.04.28,19:15,19:30,Erhardt,70,50,120
2025.04.28,19:30,19:45,Erhardt,58,42,100
2025.04.28,19:45,20:00,Erhardt,47,29,76
2025.04.28,20:00,20:15,Erhardt,56,37,93
2025.04.28,20:15,20:30,Erhardt,54,42,96
2025.04.28,20:30,20:45,Erhardt,48,23,71
2025.04.28,20:45,21:00,Erhardt,31,24,55
2025.04.28,21:00,21:15,Erhardt,38,26,64
2025.04.28,21:15,21:30,Erhardt,21,20,41
2025.04.28,21:30,21:45,Erhardt,24,21,45
2025.04.28,21:45,22:00,Erhardt,28,19,47
2025.04.28,22:00,22:15,Erhardt,21,15,36
2025.04.28,22:15,22:30,Erhardt,24,24,48
2025.04.28,22:30,22:45,Erhardt,19,19,38
2025.04.28,22:45,23:00,Erhardt,14,18,32
2025.04.28,23:00,23:15,Erhardt,20,7,27
2025.04.28,23:15,23:30,Erhardt,12,11,23
2025.04.28,23:30,23:45,Erhardt,9,3,12
2025.04.28,23:45,00:00,Erhardt,4,4,8
2025.04.29,00:00,00:15,Erhardt,4,5,9
2025.04.29,00:15,00:30,Erhardt,1,5,6
2025.04.29,00:30,00:45,Erhardt,2,2,4
2025.04.29,00:45,01:00,Erhardt,2,4,6
2025.04.29,01:00,01:15,Erhardt,0,3,3
2025.04.29,01:15,01:30,Erhardt,1,0,1
2025.04.29,01:30,01:45,Erhardt,1,2,3
2025.04.29,01:45,02:00,Erhardt,1,0,1
2025.04.29,02:00,02:15,Erhardt,2,0,2
2025.04.29,02:15,02:30,Erhardt,0,0,0
2025.04.29,02:30,02:45,Erhardt,0,0,0
2025.04.29,02:45,03:00,Erhardt,0,0,0
2025.04.29,03:00,03:15,Erhardt,0,1,1
2025.04.29,03:15,03:30,Erhardt,0,0,0
2025.04.29,03:30,03:45,Erhardt,0,0,0
2025.04.29,03:45,04:00,Erhardt,0,0,0
2025.04.29,04:00,04:15,Erhardt,0,0,0
2025.04.29,04:15,04:30,Erhardt,0,2,2
2025.04.29,04:30,04:45,Erhardt,2,1,3
2025.04.29,04:45,05:00,Erhardt,1,0,1
2025.04.29,05:00,05:15,Erhardt,0,2,2
2025.04.29,05:15,05:30,Erhardt,2,2,4
2025.04.29,05:30,05:45,Erhardt,6,1,7
2025.04.29,05:45,06:00,Erhardt,6,9,15
2025.04.29,06:00,06:15,Erhardt,12,4,16
2025.04.29,06:15,06:30,Erhardt,12,13,25
2025.04.29,06:30,06:45,Erhardt,19,14,33
2025.04.29,06:45,07:00,Erhardt,22,18,40
2025.04.29,07:00,07:15,Erhardt,39,32,71
2025.04.29,07:15,07:30,Erhardt,50,48,98
2025.04.29,07:30,07:45,Erhardt,85,70,155
2025.04.29,07:45,08:00,Erhardt,106,67,173
2025.04.29,08:00,08:15,Erhardt,87,83,170
2025.04.29,08:15,08:30,Erhardt,118,91,209
2025.04.29,08:30,08:45,Erhardt,85,112,197
2025.04.29,08:45,09:00,Erhardt,98,74,172
2025.04.29,09:00,09:15,Erhardt,89,66,155
2025.04.29,09:15,09:30,Erhardt,52,54,106
2025.04.29,09:30,09:45,Erhardt,53,34,87
2025.04.29,09:45,10:00,Erhardt,67,47,114
2025.04.29,10:00,10:15,Erhardt,40,32,72
2025.04.29,10:15,10:30,Erhardt,36,28,64
2025.04.29,10:30,10:45,Erhardt,49,32,81
2025.04.29,10:45,11:00,Erhardt,35,27,62
2025.04.29,11:00,11:15,Erhardt,37,27,64
2025.04.29,11:15,11:30,Erhardt,28,31,59
2025.04.29,11:30,11:45,Erhardt,32,37,69
2025.04.29,11:45,12:00,Erhardt,45,57,102
2025.04.29,12:00,12:15,Erhardt,39,31,70
2025.04.29,12:15,12:30,Erhardt,43,32,75
2025.04.29,12:30,12:45,Erhardt,40,34,74
2025.04.29,12:45,13:00,Erhardt,41,47,88
2025.04.29,13:00,13:15,Erhardt,56,36,92
2025.04.29,13:15,13:30,Erhardt,43,46,89
2025.04.29,13:30,13:45,Erhardt,55,44,99
2025.04.29,13:45,14:00,Erhardt,41,44,85
2025.04.29,14:00,14:15,Erhardt,44,38,82
2025.04.29,14:15,14:30,Erhardt,46,48,94
2025.04.29,14:30,14:45,Erhardt,47,58,105
2025.04.29,14:45,15:00,Erhardt,62,40,102
2025.04.29,15:00,15:15,Erhardt,54,47,101
2025.04.29,15:15,15:30,Erhardt,70,37,107
2025.04.29,15:30,15:45,Erhardt,69,74,143
2025.04.29,15:45,16:00,Erhardt,91,56,147
2025.04.29,16:00,16:15,Erhardt,74,43,117
2025.04.29,16:15,16:30,Erhardt,92,33,125
2025.04.29,16:30,16:45,Erhardt,96,66,162
2025.04.29,16:45,17:00,Erhardt,90,63,153
2025.04.29,17:00,17:15,Erhardt,105,53,158
2025.04.29,17:15,17:30,Erhardt,131,88,219
2025.04.29,17:30,17:45,Erhardt,141,85,226
2025.04.29,17:45,18:00,Erhardt,146,113,259
2025.04.29,18:00,18:15,Erhardt,144,82,226
2025.04.29,18:15,18:30,Erhardt,131,105,236
2025.04.29,18:30,18:45,Erhardt,109,81,190
2025.04.29,18:45,19:00,Erhardt,122,74,196
2025.04.29,19:00,19:15,Erhardt,104,73,177
2025.04.29,19:15,19:30,Erhardt,97,56,153
2025.04.29,19:30,19:45,Erhardt,78,51,129
2025.04.29,19:45,20:00,Erhardt,60,58,118
2025.04.29,20:00,20:15,Erhardt,48,57,105
2025.04.29,20:15,20:30,Erhardt,53,34,87
2025.04.29,20:30,20:45,Erhardt,40,44,84
2025.04.29,20:45,21:00,Erhardt,41,36,77
2025.04.29,21:00,21:15,Erhardt,38,35,73
2025.04.29,21:15,21:30,Erhardt,37,34,71
2025.04.29,21:30,21:45,Erhardt,30,25,55
2025.04.29,21:45,22:00,Erhardt,29,27,56
2025.04.29,22:00,22:15,Erhardt,29,18,47
2025.04.29,22:15,22:30,Erhardt,26,20,46
2025.04.29,22:30,22:45,Erhardt,31,20,51
2025.04.29,22:45,23:00,Erhardt,19,30,49
2025.04.29,23:00,23:15,Erhardt,23,22,45
2025.04.29,23:15,23:30,Erhardt,9,22,31
2025.04.29,23:30,23:45,Erhardt,9,9,18
2025.04.29,23:45,00:00,Erhardt,9,6,15
2025.04.30,00:00,00:15,Erhardt,5,4,9
2025.04.30,00:15,00:30,Erhardt,5,3,8
2025.04.30,00:30,00:45,Erhardt,5,8,13
2025.04.30,00:45,01:00,Erhardt,1,1,2
2025.04.30,01:00,01:15,Erhardt,4,1,5
2025.04.30,01:15,01:30,Erhardt,3,1,4
2025.04.30,01:30,01:45,Erhardt,0,2,2
2025.04.30,01:45,02:00,Erhardt,2,2,4
2025.04.30,02:00,02:15,Erhardt,0,0,0
2025.04.30,02:15,02:30,Erhardt,1,0,1
2025.04.30,02:30,02:45,Erhardt,1,0,1
2025.04.30,02:45,03:00,Erhardt,1,0,1
2025.04.30,03:00,03:15,Erhardt,1,0,1
2025.04.30,03:15,03:30,Erhardt,0,1,1
2025.04.30,03:30,03:45,Erhardt,0,0,0
2025.04.30,03:45,04:00,Erhardt,0,0,0
2025.04.30,04:00,04:15,Erhardt,0,1,1
2025.04.30,04:15,04:30,Erhardt,0,1,1
2025.04.30,04:30,04:45,Erhardt,2,3,5
2025.04.30,04:45,05:00,Erhardt,0,0,0
2025.04.30,05:00,05:15,Erhardt,2,0,2
2025.04.30,05:15,05:30,Erhardt,2,2,4
2025.04.30,05:30,05:45,Erhardt,5,1,6
2025.04.30,05:45,06:00,Erhardt,6,5,11
2025.04.30,06:00,06:15,Erhardt,8,10,18
2025.04.30,06:15,06:30,Erhardt,15,9,24
2025.04.30,06:30,06:45,Erhardt,24,15,39
2025.04.30,06:45,07:00,Erhardt,22,25,47
2025.04.30,07:00,07:15,Erhardt,39,26,65
2025.04.30,07:15,07:30,Erhardt,43,32,75
2025.04.30,07:30,07:45,Erhardt,84,46,130
2025.04.30,07:45,08:00,Erhardt,89,80,169
2025.04.30,08:00,08:15,Erhardt,81,84,165
2025.04.30,08:15,08:30,Erhardt,120,82,202
2025.04.30,08:30,08:45,Erhardt,112,73,185
2025.04.30,08:45,09:00,Erhardt,89,68,157
2025.04.30,09:00,09:15,Erhardt,71,65,136
2025.04.30,09:15,09:30,Erhardt,58,52,110
2025.04.30,09:30,09:45,Erhardt,60,41,101
2025.04.30,09:45,10:00,Erhardt,55,56,111
2025.04.30,10:00,10:15,Erhardt,35,40,75
2025.04.30,10:15,10:30,Erhardt,34,32,66
2025.04.30,10:30,10:45,Erhardt,42,32,74
2025.04.30,10:45,11:00,Erhardt,48,30,78
2025.04.30,11:00,11:15,Erhardt,38,29,67
2025.04.30,11:15,11:30,Erhardt,39,34,73
2025.04.30,11:30,11:45,Erhardt,31,45,76
2025.04.30,11:45,12:00,Erhardt,39,42,81
2025.04.30,12:00,12:15,Erhardt,49,39,88
2025.04.30,12:15,12:30,Erhardt,62,36,98
2025.04.30,12:30,12:45,Erhardt,39,29,68
2025.04.30,12:45,13:00,Erhardt,38,44,82
2025.04.30,13:00,13:15,Erhardt,44,35,79
2025.04.30,13:15,13:30,Erhardt,49,51,100
2025.04.30,13:30,13:45,Erhardt,45,43,88
2025.04.30,13:45,14:00,Erhardt,59,42,101
2025.04.30,14:00,14:15,Erhardt,60,55,115
2025.04.30,14:15,14:30,Erhardt,73,54,127
2025.04.30,14:30,14:45,Erhardt,46,56,102
2025.04.30,14:45,15:00,Erhardt,64,49,113
2025.04.30,15:00,15:15,Erhardt,57,54,111
2025.04.30,15:15,15:30,Erhardt,66,55,121
2025.04.30,15:30,15:45,Erhardt,70,40,110
2025.04.30,15:45,16:00,Erhardt,74,52,126
2025.04.30,16:00,16:15,Erhardt,81,48,129
2025.04.30,16:15,16:30,Erhardt,74,53,127
2025.04.30,16:30,16:45,Erhardt,86,59,145
2025.04.30,16:45,17:00,Erhardt,95,68,163
2025.04.30,17:00,17:15,Erhardt,102,51,153
2025.04.30,17:15,17:30,Erhardt,90,95,185
2025.04.30,17:30,17:45,Erhardt,106,65,171
2025.04.30,17:45,18:00,Erhardt,147,88,235
2025.04.30,18:00,18:15,Erhardt,120,75,195
2025.04.30,18:15,18:30,Erhardt,126,89,215
2025.04.30,18:30,18:45,Erhardt,106,65,171
2025.04.30,18:45,19:00,Erhardt,138,66,204
2025.04.30,19:00,19:15,Erhardt,94,73,167
2025.04.30,19:15,19:30,Erhardt,96,55,151
2025.04.30,19:30,19:45,Erhardt,60,38,98
2025.04.30,19:45,20:00,Erhardt,87,54,141
2025.04.30,20:00,20:15,Erhardt,74,42,116
2025.04.30,20:15,20:30,Erhardt,57,42,99
2025.04.30,20:30,20:45,Erhardt,40,25,65
2025.04.30,20:45,21:00,Erhardt,34,29,63
2025.04.30,21:00,21:15,Erhardt,42,35,77
2025.04.30,21:15,21:30,Erhardt,52,23,75
2025.04.30,21:30,21:45,Erhardt,31,32,63
2025.04.30,21:45,22:00,Erhardt,28,29,57
2025.04.30,22:00,22:15,Erhardt,26,38,64
2025.04.30,22:15,22:30,Erhardt,34,38,72
2025.04.30,22:30,22:45,Erhardt,30,27,57
2025.04.30,22:45,23:00,Erhardt,18,38,56
2025.04.30,23:00,23:15,Erhardt,20,21,41
2025.04.30,23:15,23:30,Erhardt,32,29,61
2025.04.30,23:30,23:45,Erhardt,18,22,40
2025.04.30,23:45,00:00,Erhardt,16,19,35
