datum,uhrzeit_start,uhrzeit_ende,zaehlstelle,richtung_1,richtung_2,gesamt
2025.05.01,00:00,00:15,Arnulf,9,0,9
2025.05.01,00:15,00:30,Arnulf,8,0,8
2025.05.01,00:30,00:45,Arnulf,7,1,8
2025.05.01,00:45,01:00,Arnulf,1,1,2
2025.05.01,01:00,01:15,Arnulf,5,2,7
2025.05.01,01:15,01:30,Arnulf,0,1,1
2025.05.01,01:30,01:45,Arnulf,0,0,0
2025.05.01,01:45,02:00,Arnulf,4,0,4
2025.05.01,02:00,02:15,Arnulf,4,1,5
2025.05.01,02:15,02:30,Arnulf,1,1,2
2025.05.01,02:30,02:45,Arnulf,0,0,0
2025.05.01,02:45,03:00,Arnulf,1,0,1
2025.05.01,03:00,03:15,Arnulf,4,0,4
2025.05.01,03:15,03:30,Arnulf,1,0,1
2025.05.01,03:30,03:45,Arnulf,0,0,0
2025.05.01,03:45,04:00,Arnulf,2,0,2
2025.05.01,04:00,04:15,Arnulf,2,0,2
2025.05.01,04:15,04:30,Arnulf,0,0,0
2025.05.01,04:30,04:45,Arnulf,2,0,2
2025.05.01,04:45,05:00,Arnulf,5,0,5
2025.05.01,05:00,05:15,Arnulf,5,0,5
2025.05.01,05:15,05:30,Arnulf,5,0,5
2025.05.01,05:30,05:45,Arnulf,2,0,2
2025.05.01,05:45,06:00,Arnulf,3,0,3
2025.05.01,06:00,06:15,Arnulf,5,0,5
2025.05.01,06:15,06:30,Arnulf,5,0,5
2025.05.01,06:30,06:45,Arnulf,4,0,4
2025.05.01,06:45,07:00,Arnulf,5,0,5
2025.05.01,07:00,07:15,Arnulf,7,1,8
2025.05.01,07:15,07:30,Arnulf,7,0,7
2025.05.01,07:30,07:45,Arnulf,17,1,18
2025.05.01,07:45,08:00,Arnulf,20,0,20
2025.05.01,08:00,08:15,Arnulf,19,1,20
2025.05.01,08:15,08:30,Arnulf,12,2,14
2025.05.01,08:30,08:45,Arnulf,16,0,16
2025.05.01,08:45,09:00,Arnulf,14,0,14
2025.05.01,09:00,09:15,Arnulf,20,0,20
2025.05.01,09:15,09:30,Arnulf,22,0,22
2025.05.01,09:30,09:45,Arnulf,23,2,25
2025.05.01,09:45,10:00,Arnulf,31,0,31
2025.05.01,10:00,10:15,Arnulf,19,0,19
2025.05.01,10:15,10:30,Arnulf,30,1,31
2025.05.01,10:30,10:45,Arnulf,20,2,22
2025.05.01,10:45,11:00,Arnulf,32,0,32
2025.05.01,11:00,11:15,Arnulf,15,1,16
2025.05.01,11:15,11:30,Arnulf,27,2,29
2025.05.01,11:30,11:45,Arnulf,19,1,20
2025.05.01,11:45,12:00,Arnulf,26,0,26
2025.05.01,12:00,12:15,Arnulf,23,1,24
2025.05.01,12:15,12:30,Arnulf,18,0,18
2025.05.01,12:30,12:45,Arnulf,33,0,33
2025.05.01,12:45,13:00,Arnulf,26,3,29
2025.05.01,13:00,13:15,Arnulf,37,1,38
2025.05.01,13:15,13:30,Arnulf,30,0,30
2025.05.01,13:30,13:45,Arnulf,22,0,22
2025.05.01,13:45,14:00,Arnulf,34,0,34
2025.05.01,14:00,14:15,Arnulf,37,0,37
2025.05.01,14:15,14:30,Arnulf,21,1,22
2025.05.01,14:30,14:45,Arnulf,34,0,34
2025.05.01,14:45,15:00,Arnulf,26,4,30
2025.05.01,15:00,15:15,Arnulf,28,0,28
2025.05.01,15:15,15:30,Arnulf,37,2,39
2025.05.01,15:30,15:45,Arnulf,31,0,31
2025.05.01,15:45,16:00,Arnulf,31,0,31
2025.05.01,16:00,16:15,Arnulf,27,1,28
2025.05.01,16:15,16:30,Arnulf,33,1,34
2025.05.01,16:30,16:45,Arnulf,29,3,32
2025.05.01,16:45,17:00,Arnulf,25,1,26
2025.05.01,17:00,17:15,Arnulf,28,2,30
2025.05.01,17:15,17:30,Arnulf,31,0,31
2025.05.01,17:30,17:45,Arnulf,35,1,36
2025.05.01,17:45,18:00,Arnulf,20,3,23
2025.05.01,18:00,18:15,Arnulf,32,0,32
2025.05.01,18:15,18:30,Arnulf,29,1,30
2025.05.01,18:30,18:45,Arnulf,42,2,44
2025.05.01,18:45,19:00,Arnulf,30,0,30
2025.05.01,19:00,19:15,Arnulf,35,6,41
2025.05.01,19:15,19:30,Arnulf,25,2,27
2025.05.01,19:30,19:45,Arnulf,29,1,30
2025.05.01,19:45,20:00,Arnulf,23,2,25
2025.05.01,20:00,20:15,Arnulf,17,0,17
2025.05.01,20:15,20:30,Arnulf,28,2,30
2025.05.01,20:30,20:45,Arnulf,12,2,14
2025.05.01,20:45,21:00,Arnulf,22,0,22
2025.05.01,21:00,21:15,Arnulf,27,2,29
2025.05.01,21:15,21:30,Arnulf,19,1,20
2025.05.01,21:30,21:45,Arnulf,31,0,31
2025.05.01,21:45,22:00,Arnulf,10,2,12
2025.05.01,22:00,22:15,Arnulf,24,1,25
2025.05.01,22:15,22:30,Arnulf,22,0,22
2025.05.01,22:30,22:45,Arnulf,12,1,13
2025.05.01,22:45,23:00,Arnulf,12,3,15
2025.05.01,23:00,23:15,Arnulf,6,1,7
2025.05.01,23:15,23:30,Arnulf,5,2,7
2025.05.01,23:30,23:45,Arnulf,4,0,4
2025.05.01,23:45,00:00,Arnulf,9,1,10
2025.05.02,00:00,00:15,Arnulf,8,1,9
2025.05.02,00:15,00:30,Arnulf,3,0,3
2025.05.02,00:30,00:45,Arnulf,4,0,4
2025.05.02,00:45,01:00,Arnulf,1,0,1
2025.05.02,01:00,01:15,Arnulf,1,0,1
2025.05.02,01:15,01:30,Arnulf,0,1,1
2025.05.02,01:30,01:45,Arnulf,0,0,0
2025.05.02,01:45,02:00,Arnulf,0,0,0
2025.05.02,02:00,02:15,Arnulf,3,0,3
2025.05.02,02:15,02:30,Arnulf,1,0,1
2025.05.02,02:30,02:45,Arnulf,2,0,2
2025.05.02,02:45,03:00,Arnulf,0,0,0
2025.05.02,03:00,03:15,Arnulf,0,0,0
2025.05.02,03:15,03:30,Arnulf,1,0,1
2025.05.02,03:30,03:45,Arnulf,1,0,1
2025.05.02,03:45,04:00,Arnulf,0,0,0
2025.05.02,04:00,04:15,Arnulf,2,0,2
2025.05.02,04:15,04:30,Arnulf,1,0,1
2025.05.02,04:30,04:45,Arnulf,0,0,0
2025.05.02,04:45,05:00,Arnulf,1,0,1
2025.05.02,05:00,05:15,Arnulf,2,0,2
2025.05.02,05:15,05:30,Arnulf,1,0,1
2025.05.02,05:30,05:45,Arnulf,6,1,7
2025.05.02,05:45,06:00,Arnulf,0,0,0
2025.05.02,06:00,06:15,Arnulf,7,0,7
2025.05.02,06:15,06:30,Arnulf,5,0,5
2025.05.02,06:30,06:45,Arnulf,3,0,3
2025.05.02,06:45,07:00,Arnulf,12,0,12
2025.05.02,07:00,07:15,Arnulf,23,0,23
2025.05.02,07:15,07:30,Arnulf,22,0,22
2025.05.02,07:30,07:45,Arnulf,41,1,42
2025.05.02,07:45,08:00,Arnulf,31,1,32
2025.05.02,08:00,08:15,Arnulf,30,0,30
2025.05.02,08:15,08:30,Arnulf,34,0,34
2025.05.02,08:30,08:45,Arnulf,37,2,39
2025.05.02,08:45,09:00,Arnulf,45,1,46
2025.05.02,09:00,09:15,Arnulf,27,1,28
2025.05.02,09:15,09:30,Arnulf,27,1,28
2025.05.02,09:30,09:45,Arnulf,32,0,32
2025.05.02,09:45,10:00,Arnulf,32,2,34
2025.05.02,10:00,10:15,Arnulf,21,1,22
2025.05.02,10:15,10:30,Arnulf,36,1,37
2025.05.02,10:30,10:45,Arnulf,23,0,23
2025.05.02,10:45,11:00,Arnulf,44,1,45
2025.05.02,11:00,11:15,Arnulf,23,0,23
2025.05.02,11:15,11:30,Arnulf,31,0,31
2025.05.02,11:30,11:45,Arnulf,19,0,19
2025.05.02,11:45,12:00,Arnulf,26,1,27
2025.05.02,12:00,12:15,Arnulf,20,5,25
2025.05.02,12:15,12:30,Arnulf,20,0,20
2025.05.02,12:30,12:45,Arnulf,26,2,28
2025.05.02,12:45,13:00,Arnulf,29,3,32
2025.05.02,13:00,13:15,Arnulf,15,2,17
2025.05.02,13:15,13:30,Arnulf,33,4,37
2025.05.02,13:30,13:45,Arnulf,30,2,32
2025.05.02,13:45,14:00,Arnulf,36,0,36
2025.05.02,14:00,14:15,Arnulf,29,1,30
2025.05.02,14:15,14:30,Arnulf,30,1,31
2025.05.02,14:30,14:45,Arnulf,36,1,37
2025.05.02,14:45,15:00,Arnulf,33,2,35
2025.05.02,15:00,15:15,Arnulf,21,1,22
2025.05.02,15:15,15:30,Arnulf,22,0,22
2025.05.02,15:30,15:45,Arnulf,22,0,22
2025.05.02,15:45,16:00,Arnulf,29,1,30
2025.05.02,16:00,16:15,Arnulf,21,0,21
2025.05.02,16:15,16:30,Arnulf,35,2,37
2025.05.02,16:30,16:45,Arnulf,28,3,31
2025.05.02,16:45,17:00,Arnulf,35,0,35
2025.05.02,17:00,17:15,Arnulf,40,0,40
2025.05.02,17:15,17:30,Arnulf,25,5,30
2025.05.02,17:30,17:45,Arnulf,38,1,39
2025.05.02,17:45,18:00,Arnulf,27,0,27
2025.05.02,18:00,18:15,Arnulf,45,1,46
2025.05.02,18:15,18:30,Arnulf,37,2,39
2025.05.02,18:30,18:45,Arnulf,36,2,38
2025.05.02,18:45,19:00,Arnulf,22,4,26
2025.05.02,19:00,19:15,Arnulf,25,4,29
2025.05.02,19:15,19:30,Arnulf,34,2,36
2025.05.02,19:30,19:45,Arnulf,26,1,27
2025.05.02,19:45,20:00,Arnulf,12,1,13
2025.05.02,20:00,20:15,Arnulf,15,1,16
2025.05.02,20:15,20:30,Arnulf,18,2,20
2025.05.02,20:30,20:45,Arnulf,18,1,19
2025.05.02,20:45,21:00,Arnulf,13,0,13
2025.05.02,21:00,21:15,Arnulf,23,1,24
2025.05.02,21:15,21:30,Arnulf,19,0,19
2025.05.02,21:30,21:45,Arnulf,29,0,29
2025.05.02,21:45,22:00,Arnulf,14,0,14
2025.05.02,22:00,22:15,Arnulf,26,1,27
2025.05.02,22:15,22:30,Arnulf,17,1,18
2025.05.02,22:30,22:45,Arnulf,19,2,21
2025.05.02,22:45,23:00,Arnulf,14,1,15
2025.05.02,23:00,23:15,Arnulf,8,0,8
2025.05.02,23:15,23:30,Arnulf,6,3,9
2025.05.02,23:30,23:45,Arnulf,5,1,6
2025.05.02,23:45,00:00,Arnulf,10,1,11
2025.05.03,00:00,00:15,Arnulf,4,3,7
2025.05.03,00:15,00:30,Arnulf,11,1,12
2025.05.03,00:30,00:45,Arnulf,5,1,6
2025.05.03,00:45,01:00,Arnulf,13,0,13
2025.05.03,01:00,01:15,Arnulf,4,2,6
2025.05.03,01:15,01:30,Arnulf,1,0,1
2025.05.03,01:30,01:45,Arnulf,9,0,9
2025.05.03,01:45,02:00,Arnulf,4,2,6
2025.05.03,02:00,02:15,Arnulf,5,0,5
2025.05.03,02:15,02:30,Arnulf,1,0,1
2025.05.03,02:30,02:45,Arnulf,1,1,2
2025.05.03,02:45,03:00,Arnulf,2,0,2
2025.05.03,03:00,03:15,Arnulf,2,0,2
2025.05.03,03:15,03:30,Arnulf,1,1,2
2025.05.03,03:30,03:45,Arnulf,0,0,0
2025.05.03,03:45,04:00,Arnulf,6,0,6
2025.05.03,04:00,04:15,Arnulf,0,0,0
2025.05.03,04:15,04:30,Arnulf,0,1,1
2025.05.03,04:30,04:45,Arnulf,3,0,3
2025.05.03,04:45,05:00,Arnulf,1,1,2
2025.05.03,05:00,05:15,Arnulf,1,0,1
2025.05.03,05:15,05:30,Arnulf,4,0,4
2025.05.03,05:30,05:45,Arnulf,3,0,3
2025.05.03,05:45,06:00,Arnulf,3,1,4
2025.05.03,06:00,06:15,Arnulf,4,0,4
2025.05.03,06:15,06:30,Arnulf,2,0,2
2025.05.03,06:30,06:45,Arnulf,2,0,2
2025.05.03,06:45,07:00,Arnulf,5,0,5
2025.05.03,07:00,07:15,Arnulf,1,0,1
2025.05.03,07:15,07:30,Arnulf,2,0,2
2025.05.03,07:30,07:45,Arnulf,4,0,4
2025.05.03,07:45,08:00,Arnulf,6,0,6
2025.05.03,08:00,08:15,Arnulf,4,0,4
2025.05.03,08:15,08:30,Arnulf,17,0,17
2025.05.03,08:30,08:45,Arnulf,10,0,10
2025.05.03,08:45,09:00,Arnulf,12,0,12
2025.05.03,09:00,09:15,Arnulf,10,1,11
2025.05.03,09:15,09:30,Arnulf,22,2,24
2025.05.03,09:30,09:45,Arnulf,22,1,23
2025.05.03,09:45,10:00,Arnulf,22,1,23
2025.05.03,10:00,10:15,Arnulf,25,0,25
2025.05.03,10:15,10:30,Arnulf,12,0,12
2025.05.03,10:30,10:45,Arnulf,21,0,21
2025.05.03,10:45,11:00,Arnulf,13,1,14
2025.05.03,11:00,11:15,Arnulf,25,0,25
2025.05.03,11:15,11:30,Arnulf,14,0,14
2025.05.03,11:30,11:45,Arnulf,10,0,10
2025.05.03,11:45,12:00,Arnulf,15,3,18
2025.05.03,12:00,12:15,Arnulf,3,2,5
2025.05.03,12:15,12:30,Arnulf,19,1,20
2025.05.03,12:30,12:45,Arnulf,14,0,14
2025.05.03,12:45,13:00,Arnulf,14,4,18
2025.05.03,13:00,13:15,Arnulf,15,1,16
2025.05.03,13:15,13:30,Arnulf,23,1,24
2025.05.03,13:30,13:45,Arnulf,13,1,14
2025.05.03,13:45,14:00,Arnulf,14,1,15
2025.05.03,14:00,14:15,Arnulf,18,1,19
2025.05.03,14:15,14:30,Arnulf,27,0,27
2025.05.03,14:30,14:45,Arnulf,13,3,16
2025.05.03,14:45,15:00,Arnulf,18,1,19
2025.05.03,15:00,15:15,Arnulf,24,0,24
2025.05.03,15:15,15:30,Arnulf,11,1,12
2025.05.03,15:30,15:45,Arnulf,9,1,10
2025.05.03,15:45,16:00,Arnulf,14,2,16
2025.05.03,16:00,16:15,Arnulf,11,1,12
2025.05.03,16:15,16:30,Arnulf,19,0,19
2025.05.03,16:30,16:45,Arnulf,16,3,19
2025.05.03,16:45,17:00,Arnulf,13,0,13
2025.05.03,17:00,17:15,Arnulf,23,0,23
2025.05.03,17:15,17:30,Arnulf,13,1,14
2025.05.03,17:30,17:45,Arnulf,21,0,21
2025.05.03,17:45,18:00,Arnulf,24,3,27
2025.05.03,18:00,18:15,Arnulf,26,1,27
2025.05.03,18:15,18:30,Arnulf,17,0,17
2025.05.03,18:30,18:45,Arnulf,9,0,9
2025.05.03,18:45,19:00,Arnulf,18,0,18
2025.05.03,19:00,19:15,Arnulf,31,0,31
2025.05.03,19:15,19:30,Arnulf,16,1,17
2025.05.03,19:30,19:45,Arnulf,19,0,19
2025.05.03,19:45,20:00,Arnulf,13,4,17
2025.05.03,20:00,20:15,Arnulf,15,2,17
2025.05.03,20:15,20:30,Arnulf,18,1,19
2025.05.03,20:30,20:45,Arnulf,7,2,9
2025.05.03,20:45,21:00,Arnulf,5,0,5
2025.05.03,21:00,21:15,Arnulf,17,0,17
2025.05.03,21:15,21:30,Arnulf,4,2,6
2025.05.03,21:30,21:45,Arnulf,10,0,10
2025.05.03,21:45,22:00,Arnulf,12,0,12
2025.05.03,22:00,22:15,Arnulf,10,0,10
2025.05.03,22:15,22:30,Arnulf,4,1,5
2025.05.03,22:30,22:45,Arnulf,5,0,5
2025.05.03,22:45,23:00,Arnulf,12,2,14
2025.05.03,23:00,23:15,Arnulf,7,1,8
2025.05.03,23:15,23:30,Arnulf,4,0,4
2025.05.03,23:30,23:45,Arnulf,6,0,6
2025.05.03,23:45,00:00,Arnulf,3,4,7
2025.05.04,00:00,00:15,Arnulf,3,2,5
2025.05.04,00:15,00:30,Arnulf,7,0,7
2025.05.04,00:30,00:45,Arnulf,5,1,6
2025.05.04,00:45,01:00,Arnulf,6,1,7
2025.05.04,01:00,01:15,Arnulf,0,0,0
2025.05.04,01:15,01:30,Arnulf,4,1,5
2025.05.04,01:30,01:45,Arnulf,4,2,6
2025.05.04,01:45,02:00,Arnulf,2,0,2
2025.05.04,02:00,02:15,Arnulf,7,0,7
2025.05.04,02:15,02:30,Arnulf,1,0,1
2025.05.04,02:30,02:45,Arnulf,1,0,1
2025.05.04,02:45,03:00,Arnulf,1,0,1
2025.05.04,03:00,03:15,Arnulf,2,0,2
2025.05.04,03:15,03:30,Arnulf,3,0,3
2025.05.04,03:30,03:45,Arnulf,1,0,1
2025.05.04,03:45,04:00,Arnulf,0,0,0
2025.05.04,04:00,04:15,Arnulf,1,0,1
2025.05.04,04:15,04:30,Arnulf,0,0,0
2025.05.04,04:30,04:45,Arnulf,2,1,3
2025.05.04,04:45,05:00,Arnulf,0,0,0
2025.05.04,05:00,05:15,Arnulf,5,0,5
2025.05.04,05:15,05:30,Arnulf,0,0,0
2025.05.04,05:30,05:45,Arnulf,3,1,4
2025.05.04,05:45,06:00,Arnulf,2,0,2
2025.05.04,06:00,06:15,Arnulf,0,0,0
2025.05.04,06:15,06:30,Arnulf,2,0,2
2025.05.04,06:30,06:45,Arnulf,1,1,2
2025.05.04,06:45,07:00,Arnulf,0,0,0
2025.05.04,07:00,07:15,Arnulf,5,1,6
2025.05.04,07:15,07:30,Arnulf,4,1,5
2025.05.04,07:30,07:45,Arnulf,3,0,3
2025.05.04,07:45,08:00,Arnulf,2,0,2
2025.05.04,08:00,08:15,Arnulf,0,0,0
2025.05.04,08:15,08:30,Arnulf,4,0,4
2025.05.04,08:30,08:45,Arnulf,5,1,6
2025.05.04,08:45,09:00,Arnulf,5,1,6
2025.05.04,09:00,09:15,Arnulf,4,0,4
2025.05.04,09:15,09:30,Arnulf,4,0,4
2025.05.04,09:30,09:45,Arnulf,2,0,2
2025.05.04,09:45,10:00,Arnulf,6,1,7
2025.05.04,10:00,10:15,Arnulf,3,0,3
2025.05.04,10:15,10:30,Arnulf,4,0,4
2025.05.04,10:30,10:45,Arnulf,7,0,7
2025.05.04,10:45,11:00,Arnulf,8,0,8
2025.05.04,11:00,11:15,Arnulf,6,0,6
2025.05.04,11:15,11:30,Arnulf,11,2,13
2025.05.04,11:30,11:45,Arnulf,12,0,12
2025.05.04,11:45,12:00,Arnulf,7,0,7
2025.05.04,12:00,12:15,Arnulf,7,1,8
2025.05.04,12:15,12:30,Arnulf,3,0,3
2025.05.04,12:30,12:45,Arnulf,10,0,10
2025.05.04,12:45,13:00,Arnulf,5,0,5
2025.05.04,13:00,13:15,Arnulf,4,0,4
2025.05.04,13:15,13:30,Arnulf,9,0,9
2025.05.04,13:30,13:45,Arnulf,7,1,8
2025.05.04,13:45,14:00,Arnulf,13,0,13
2025.05.04,14:00,14:15,Arnulf,7,1,8
2025.05.04,14:15,14:30,Arnulf,9,1,10
2025.05.04,14:30,14:45,Arnulf,16,0,16
2025.05.04,14:45,15:00,Arnulf,11,0,11
2025.05.04,15:00,15:15,Arnulf,9,1,10
2025.05.04,15:15,15:30,Arnulf,10,0,10
2025.05.04,15:30,15:45,Arnulf,6,0,6
2025.05.04,15:45,16:00,Arnulf,5,1,6
2025.05.04,16:00,16:15,Arnulf,12,1,13
2025.05.04,16:15,16:30,Arnulf,11,0,11
2025.05.04,16:30,16:45,Arnulf,12,2,14
2025.05.04,16:45,17:00,Arnulf,9,1,10
2025.05.04,17:00,17:15,Arnulf,6,0,6
2025.05.04,17:15,17:30,Arnulf,3,2,5
2025.05.04,17:30,17:45,Arnulf,6,0,6
2025.05.04,17:45,18:00,Arnulf,11,2,13
2025.05.04,18:00,18:15,Arnulf,11,1,12
2025.05.04,18:15,18:30,Arnulf,9,1,10
2025.05.04,18:30,18:45,Arnulf,12,1,13
2025.05.04,18:45,19:00,Arnulf,8,3,11
2025.05.04,19:00,19:15,Arnulf,6,1,7
2025.05.04,19:15,19:30,Arnulf,6,0,6
2025.05.04,19:30,19:45,Arnulf,6,0,6
2025.05.04,19:45,20:00,Arnulf,4,1,5
2025.05.04,20:00,20:15,Arnulf,7,0,7
2025.05.04,20:15,20:30,Arnulf,11,1,12
2025.05.04,20:30,20:45,Arnulf,13,1,14
2025.05.04,20:45,21:00,Arnulf,4,0,4
2025.05.04,21:00,21:15,Arnulf,4,0,4
2025.05.04,21:15,21:30,Arnulf,11,2,13
2025.05.04,21:30,21:45,Arnulf,8,0,8
2025.05.04,21:45,22:00,Arnulf,5,1,6
2025.05.04,22:00,22:15,Arnulf,5,1,6
2025.05.04,22:15,22:30,Arnulf,6,0,6
2025.05.04,22:30,22:45,Arnulf,4,0,4
2025.05.04,22:45,23:00,Arnulf,1,1,2
2025.05.04,23:00,23:15,Arnulf,4,0,4
2025.05.04,23:15,23:30,Arnulf,1,1,2
2025.05.04,23:30,23:45,Arnulf,3,3,6
2025.05.04,23:45,00:00,Arnulf,1,0,1
2025.05.05,00:00,00:15,Arnulf,2,0,2
2025.05.05,00:15,00:30,Arnulf,1,0,1
2025.05.05,00:30,00:45,Arnulf,0,0,0
2025.05.05,00:45,01:00,Arnulf,0,0,0
2025.05.05,01:00,01:15,Arnulf,0,0,0
2025.05.05,01:15,01:30,Arnulf,1,0,1
2025.05.05,01:30,01:45,Arnulf,0,0,0
2025.05.05,01:45,02:00,Arnulf,3,0,3
2025.05.05,02:00,02:15,Arnulf,0,0,0
2025.05.05,02:15,02:30,Arnulf,1,0,1
2025.05.05,02:30,02:45,Arnulf,0,0,0
2025.05.05,02:45,03:00,Arnulf,0,0,0
2025.05.05,03:00,03:15,Arnulf,1,0,1
2025.05.05,03:15,03:30,Arnulf,1,0,1
2025.05.05,03:30,03:45,Arnulf,1,0,1
2025.05.05,03:45,04:00,Arnulf,2,0,2
2025.05.05,04:00,04:15,Arnulf,0,0,0
2025.05.05,04:15,04:30,Arnulf,0,0,0
2025.05.05,04:30,04:45,Arnulf,2,0,2
2025.05.05,04:45,05:00,Arnulf,1,1,2
2025.05.05,05:00,05:15,Arnulf,2,0,2
2025.05.05,05:15,05:30,Arnulf,0,0,0
2025.05.05,05:30,05:45,Arnulf,2,0,2
2025.05.05,05:45,06:00,Arnulf,3,0,3
2025.05.05,06:00,06:15,Arnulf,3,0,3
2025.05.05,06:15,06:30,Arnulf,3,0,3
2025.05.05,06:30,06:45,Arnulf,5,1,6
2025.05.05,06:45,07:00,Arnulf,14,0,14
2025.05.05,07:00,07:15,Arnulf,5,0,5
2025.05.05,07:15,07:30,Arnulf,6,0,6
2025.05.05,07:30,07:45,Arnulf,13,0,13
2025.05.05,07:45,08:00,Arnulf,13,0,13
2025.05.05,08:00,08:15,Arnulf,24,0,24
2025.05.05,08:15,08:30,Arnulf,11,0,11
2025.05.05,08:30,08:45,Arnulf,15,1,16
2025.05.05,08:45,09:00,Arnulf,13,0,13
2025.05.05,09:00,09:15,Arnulf,4,0,4
2025.05.05,09:15,09:30,Arnulf,2,1,3
2025.05.05,09:30,09:45,Arnulf,10,0,10
2025.05.05,09:45,10:00,Arnulf,5,0,5
2025.05.05,10:00,10:15,Arnulf,8,0,8
2025.05.05,10:15,10:30,Arnulf,6,0,6
2025.05.05,10:30,10:45,Arnulf,4,0,4
2025.05.05,10:45,11:00,Arnulf,3,0,3
2025.05.05,11:00,11:15,Arnulf,2,1,3
2025.05.05,11:15,11:30,Arnulf,2,0,2
2025.05.05,11:30,11:45,Arnulf,3,0,3
2025.05.05,11:45,12:00,Arnulf,3,0,3
2025.05.05,12:00,12:15,Arnulf,7,0,7
2025.05.05,12:15,12:30,Arnulf,7,0,7
2025.05.05,12:30,12:45,Arnulf,3,1,4
2025.05.05,12:45,13:00,Arnulf,5,2,7
2025.05.05,13:00,13:15,Arnulf,5,0,5
2025.05.05,13:15,13:30,Arnulf,9,2,11
2025.05.05,13:30,13:45,Arnulf,4,1,5
2025.05.05,13:45,14:00,Arnulf,5,1,6
2025.05.05,14:00,14:15,Arnulf,5,0,5
2025.05.05,14:15,14:30,Arnulf,5,1,6
2025.05.05,14:30,14:45,Arnulf,3,0,3
2025.05.05,14:45,15:00,Arnulf,2,1,3
2025.05.05,15:00,15:15,Arnulf,1,0,1
2025.05.05,15:15,15:30,Arnulf,7,0,7
2025.05.05,15:30,15:45,Arnulf,5,0,5
2025.05.05,15:45,16:00,Arnulf,9,0,9
2025.05.05,16:00,16:15,Arnulf,7,0,7
2025.05.05,16:15,16:30,Arnulf,9,2,11
2025.05.05,16:30,16:45,Arnulf,9,1,10
2025.05.05,16:45,17:00,Arnulf,11,3,14
2025.05.05,17:00,17:15,Arnulf,13,0,13
2025.05.05,17:15,17:30,Arnulf,7,1,8
2025.05.05,17:30,17:45,Arnulf,12,3,15
2025.05.05,17:45,18:00,Arnulf,17,0,17
2025.05.05,18:00,18:15,Arnulf,8,0,8
2025.05.05,18:15,18:30,Arnulf,11,1,12
2025.05.05,18:30,18:45,Arnulf,10,3,13
2025.05.05,18:45,19:00,Arnulf,9,1,10
2025.05.05,19:00,19:15,Arnulf,6,0,6
2025.05.05,19:15,19:30,Arnulf,7,0,7
2025.05.05,19:30,19:45,Arnulf,11,1,12
2025.05.05,19:45,20:00,Arnulf,3,1,4
2025.05.05,20:00,20:15,Arnulf,5,1,6
2025.05.05,20:15,20:30,Arnulf,4,0,4
2025.05.05,20:30,20:45,Arnulf,4,1,5
2025.05.05,20:45,21:00,Arnulf,7,1,8
2025.05.05,21:00,21:15,Arnulf,3,0,3
2025.05.05,21:15,21:30,Arnulf,4,1,5
2025.05.05,21:30,21:45,Arnulf,4,0,4
2025.05.05,21:45,22:00,Arnulf,5,0,5
2025.05.05,22:00,22:15,Arnulf,4,0,4
2025.05.05,22:15,22:30,Arnulf,6,0,6
2025.05.05,22:30,22:45,Arnulf,4,0,4
2025.05.05,22:45,23:00,Arnulf,2,0,2
2025.05.05,23:00,23:15,Arnulf,2,2,4
2025.05.05,23:15,23:30,Arnulf,1,0,1
2025.05.05,23:30,23:45,Arnulf,1,0,1
2025.05.05,23:45,00:00,Arnulf,1,0,1
2025.05.06,00:00,00:15,Arnulf,1,0,1
2025.05.06,00:15,00:30,Arnulf,0,0,0
2025.05.06,00:30,00:45,Arnulf,1,0,1
2025.05.06,00:45,01:00,Arnulf,0,0,0
2025.05.06,01:00,01:15,Arnulf,0,0,0
2025.05.06,01:15,01:30,Arnulf,0,0,0
2025.05.06,01:30,01:45,Arnulf,1,0,1
2025.05.06,01:45,02:00,Arnulf,0,0,0
2025.05.06,02:00,02:15,Arnulf,0,0,0
2025.05.06,02:15,02:30,Arnulf,0,0,0
2025.05.06,02:30,02:45,Arnulf,3,0,3
2025.05.06,02:45,03:00,Arnulf,1,0,1
2025.05.06,03:00,03:15,Arnulf,0,0,0
2025.05.06,03:15,03:30,Arnulf,0,0,0
2025.05.06,03:30,03:45,Arnulf,0,0,0
2025.05.06,03:45,04:00,Arnulf,2,0,2
2025.05.06,04:00,04:15,Arnulf,0,0,0
2025.05.06,04:15,04:30,Arnulf,1,0,1
2025.05.06,04:30,04:45,Arnulf,3,2,5
2025.05.06,04:45,05:00,Arnulf,1,0,1
2025.05.06,05:00,05:15,Arnulf,0,0,0
2025.05.06,05:15,05:30,Arnulf,1,0,1
2025.05.06,05:30,05:45,Arnulf,6,0,6
2025.05.06,05:45,06:00,Arnulf,3,0,3
2025.05.06,06:00,06:15,Arnulf,3,0,3
2025.05.06,06:15,06:30,Arnulf,1,0,1
2025.05.06,06:30,06:45,Arnulf,4,0,4
2025.05.06,06:45,07:00,Arnulf,14,0,14
2025.05.06,07:00,07:15,Arnulf,7,0,7
2025.05.06,07:15,07:30,Arnulf,17,0,17
2025.05.06,07:30,07:45,Arnulf,20,0,20
2025.05.06,07:45,08:00,Arnulf,25,1,26
2025.05.06,08:00,08:15,Arnulf,30,1,31
2025.05.06,08:15,08:30,Arnulf,33,1,34
2025.05.06,08:30,08:45,Arnulf,39,0,39
2025.05.06,08:45,09:00,Arnulf,33,1,34
2025.05.06,09:00,09:15,Arnulf,20,3,23
2025.05.06,09:15,09:30,Arnulf,22,2,24
2025.05.06,09:30,09:45,Arnulf,22,1,23
2025.05.06,09:45,10:00,Arnulf,6,1,7
2025.05.06,10:00,10:15,Arnulf,17,1,18
2025.05.06,10:15,10:30,Arnulf,11,2,13
2025.05.06,10:30,10:45,Arnulf,13,1,14
2025.05.06,10:45,11:00,Arnulf,6,0,6
2025.05.06,11:00,11:15,Arnulf,8,0,8
2025.05.06,11:15,11:30,Arnulf,11,1,12
2025.05.06,11:30,11:45,Arnulf,11,0,11
2025.05.06,11:45,12:00,Arnulf,10,1,11
2025.05.06,12:00,12:15,Arnulf,10,0,10
2025.05.06,12:15,12:30,Arnulf,10,0,10
2025.05.06,12:30,12:45,Arnulf,10,1,11
2025.05.06,12:45,13:00,Arnulf,9,2,11
2025.05.06,13:00,13:15,Arnulf,12,1,13
2025.05.06,13:15,13:30,Arnulf,11,2,13
2025.05.06,13:30,13:45,Arnulf,10,1,11
2025.05.06,13:45,14:00,Arnulf,11,0,11
2025.05.06,14:00,14:15,Arnulf,10,0,10
2025.05.06,14:15,14:30,Arnulf,17,1,18
2025.05.06,14:30,14:45,Arnulf,7,1,8
2025.05.06,14:45,15:00,Arnulf,12,4,16
2025.05.06,15:00,15:15,Arnulf,19,3,22
2025.05.06,15:15,15:30,Arnulf,9,1,10
2025.05.06,15:30,15:45,Arnulf,9,0,9
2025.05.06,15:45,16:00,Arnulf,11,0,11
2025.05.06,16:00,16:15,Arnulf,19,2,21
2025.05.06,16:15,16:30,Arnulf,30,4,34
2025.05.06,16:30,16:45,Arnulf,13,1,14
2025.05.06,16:45,17:00,Arnulf,12,3,15
2025.05.06,17:00,17:15,Arnulf,21,4,25
2025.05.06,17:15,17:30,Arnulf,26,1,27
2025.05.06,17:30,17:45,Arnulf,24,2,26
2025.05.06,17:45,18:00,Arnulf,33,1,34
2025.05.06,18:00,18:15,Arnulf,28,1,29
2025.05.06,18:15,18:30,Arnulf,26,3,29
2025.05.06,18:30,18:45,Arnulf,16,2,18
2025.05.06,18:45,19:00,Arnulf,22,3,25
2025.05.06,19:00,19:15,Arnulf,18,0,18
2025.05.06,19:15,19:30,Arnulf,16,1,17
2025.05.06,19:30,19:45,Arnulf,9,2,11
2025.05.06,19:45,20:00,Arnulf,14,2,16
2025.05.06,20:00,20:15,Arnulf,3,1,4
2025.05.06,20:15,20:30,Arnulf,10,3,13
2025.05.06,20:30,20:45,Arnulf,9,0,9
2025.05.06,20:45,21:00,Arnulf,11,0,11
2025.05.06,21:00,21:15,Arnulf,4,2,6
2025.05.06,21:15,21:30,Arnulf,5,1,6
2025.05.06,21:30,21:45,Arnulf,13,3,16
2025.05.06,21:45,22:00,Arnulf,8,3,11
2025.05.06,22:00,22:15,Arnulf,3,2,5
2025.05.06,22:15,22:30,Arnulf,7,0,7
2025.05.06,22:30,22:45,Arnulf,10,0,10
2025.05.06,22:45,23:00,Arnulf,2,0,2
2025.05.06,23:00,23:15,Arnulf,9,0,9
2025.05.06,23:15,23:30,Arnulf,1,0,1
2025.05.06,23:30,23:45,Arnulf,1,0,1
2025.05.06,23:45,00:00,Arnulf,6,0,6
2025.05.07,00:00,00:15,Arnulf,4,0,4
2025.05.07,00:15,00:30,Arnulf,1,0,1
2025.05.07,00:30,00:45,Arnulf,0,0,0
2025.05.07,00:45,01:00,Arnulf,0,0,0
2025.05.07,01:00,01:15,Arnulf,0,0,0
2025.05.07,01:15,01:30,Arnulf,0,1,1
2025.05.07,01:30,01:45,Arnulf,0,0,0
2025.05.07,01:45,02:00,Arnulf,1,0,1
2025.05.07,02:00,02:15,Arnulf,0,1,1
2025.05.07,02:15,02:30,Arnulf,1,0,1
2025.05.07,02:30,02:45,Arnulf,0,0,0
2025.05.07,02:45,03:00,Arnulf,1,0,1
2025.05.07,03:00,03:15,Arnulf,0,0,0
2025.05.07,03:15,03:30,Arnulf,1,0,1
2025.05.07,03:30,03:45,Arnulf,0,0,0
2025.05.07,03:45,04:00,Arnulf,0,0,0
2025.05.07,04:00,04:15,Arnulf,0,0,0
2025.05.07,04:15,04:30,Arnulf,1,0,1
2025.05.07,04:30,04:45,Arnulf,1,0,1
2025.05.07,04:45,05:00,Arnulf,1,0,1
2025.05.07,05:00,05:15,Arnulf,1,0,1
2025.05.07,05:15,05:30,Arnulf,1,0,1
2025.05.07,05:30,05:45,Arnulf,4,1,5
2025.05.07,05:45,06:00,Arnulf,4,0,4
2025.05.07,06:00,06:15,Arnulf,4,1,5
2025.05.07,06:15,06:30,Arnulf,3,1,4
2025.05.07,06:30,06:45,Arnulf,11,0,11
2025.05.07,06:45,07:00,Arnulf,22,0,22
2025.05.07,07:00,07:15,Arnulf,16,0,16
2025.05.07,07:15,07:30,Arnulf,24,0,24
2025.05.07,07:30,07:45,Arnulf,32,1,33
2025.05.07,07:45,08:00,Arnulf,51,2,53
2025.05.07,08:00,08:15,Arnulf,29,2,31
2025.05.07,08:15,08:30,Arnulf,48,1,49
2025.05.07,08:30,08:45,Arnulf,45,0,45
2025.05.07,08:45,09:00,Arnulf,57,2,59
2025.05.07,09:00,09:15,Arnulf,34,0,34
2025.05.07,09:15,09:30,Arnulf,41,2,43
2025.05.07,09:30,09:45,Arnulf,29,0,29
2025.05.07,09:45,10:00,Arnulf,26,1,27
2025.05.07,10:00,10:15,Arnulf,20,1,21
2025.05.07,10:15,10:30,Arnulf,11,2,13
2025.05.07,10:30,10:45,Arnulf,19,0,19
2025.05.07,10:45,11:00,Arnulf,7,0,7
2025.05.07,11:00,11:15,Arnulf,18,0,18
2025.05.07,11:15,11:30,Arnulf,24,0,24
2025.05.07,11:30,11:45,Arnulf,14,0,14
2025.05.07,11:45,12:00,Arnulf,14,0,14
2025.05.07,12:00,12:15,Arnulf,23,1,24
2025.05.07,12:15,12:30,Arnulf,20,0,20
2025.05.07,12:30,12:45,Arnulf,14,1,15
2025.05.07,12:45,13:00,Arnulf,14,3,17
2025.05.07,13:00,13:15,Arnulf,14,1,15
2025.05.07,13:15,13:30,Arnulf,17,2,19
2025.05.07,13:30,13:45,Arnulf,19,3,22
2025.05.07,13:45,14:00,Arnulf,13,0,13
2025.05.07,14:00,14:15,Arnulf,10,1,11
2025.05.07,14:15,14:30,Arnulf,21,2,23
2025.05.07,14:30,14:45,Arnulf,14,2,16
2025.05.07,14:45,15:00,Arnulf,11,2,13
2025.05.07,15:00,15:15,Arnulf,23,0,23
2025.05.07,15:15,15:30,Arnulf,15,3,18
2025.05.07,15:30,15:45,Arnulf,17,1,18
2025.05.07,15:45,16:00,Arnulf,24,2,26
2025.05.07,16:00,16:15,Arnulf,26,1,27
2025.05.07,16:15,16:30,Arnulf,24,3,27
2025.05.07,16:30,16:45,Arnulf,25,2,27
2025.05.07,16:45,17:00,Arnulf,26,4,30
2025.05.07,17:00,17:15,Arnulf,28,2,30
2025.05.07,17:15,17:30,Arnulf,39,1,40
2025.05.07,17:30,17:45,Arnulf,28,4,32
2025.05.07,17:45,18:00,Arnulf,26,2,28
2025.05.07,18:00,18:15,Arnulf,40,1,41
2025.05.07,18:15,18:30,Arnulf,25,5,30
2025.05.07,18:30,18:45,Arnulf,35,2,37
2025.05.07,18:45,19:00,Arnulf,30,2,32
2025.05.07,19:00,19:15,Arnulf,35,0,35
2025.05.07,19:15,19:30,Arnulf,15,0,15
2025.05.07,19:30,19:45,Arnulf,31,0,31
2025.05.07,19:45,20:00,Arnulf,11,0,11
2025.05.07,20:00,20:15,Arnulf,7,0,7
2025.05.07,20:15,20:30,Arnulf,9,0,9
2025.05.07,20:30,20:45,Arnulf,10,1,11
2025.05.07,20:45,21:00,Arnulf,6,0,6
2025.05.07,21:00,21:15,Arnulf,9,0,9
2025.05.07,21:15,21:30,Arnulf,13,1,14
2025.05.07,21:30,21:45,Arnulf,5,0,5
2025.05.07,21:45,22:00,Arnulf,8,0,8
2025.05.07,22:00,22:15,Arnulf,7,1,8
2025.05.07,22:15,22:30,Arnulf,10,0,10
2025.05.07,22:30,22:45,Arnulf,7,2,9
2025.05.07,22:45,23:00,Arnulf,3,1,4
2025.05.07,23:00,23:15,Arnulf,7,0,7
2025.05.07,23:15,23:30,Arnulf,5,0,5
2025.05.07,23:30,23:45,Arnulf,5,0,5
2025.05.07,23:45,00:00,Arnulf,4,1,5
2025.05.08,00:00,00:15,Arnulf,2,0,2
2025.05.08,00:15,00:30,Arnulf,1,1,2
2025.05.08,00:30,00:45,Arnulf,1,0,1
2025.05.08,00:45,01:00,Arnulf,3,2,5
2025.05.08,01:00,01:15,Arnulf,0,0,0
2025.05.08,01:15,01:30,Arnulf,0,0,0
2025.05.08,01:30,01:45,Arnulf,0,2,2
2025.05.08,01:45,02:00,Arnulf,0,0,0
2025.05.08,02:00,02:15,Arnulf,1,1,2
2025.05.08,02:15,02:30,Arnulf,0,0,0
2025.05.08,02:30,02:45,Arnulf,0,0,0
2025.05.08,02:45,03:00,Arnulf,2,2,4
2025.05.08,03:00,03:15,Arnulf,1,0,1
2025.05.08,03:15,03:30,Arnulf,0,0,0
2025.05.08,03:30,03:45,Arnulf,0,0,0
2025.05.08,03:45,04:00,Arnulf,0,0,0
2025.05.08,04:00,04:15,Arnulf,0,0,0
2025.05.08,04:15,04:30,Arnulf,1,0,1
2025.05.08,04:30,04:45,Arnulf,2,2,4
2025.05.08,04:45,05:00,Arnulf,1,0,1
2025.05.08,05:00,05:15,Arnulf,2,0,2
2025.05.08,05:15,05:30,Arnulf,1,0,1
2025.05.08,05:30,05:45,Arnulf,4,1,5
2025.05.08,05:45,06:00,Arnulf,7,0,7
2025.05.08,06:00,06:15,Arnulf,2,0,2
2025.05.08,06:15,06:30,Arnulf,2,0,2
2025.05.08,06:30,06:45,Arnulf,11,2,13
2025.05.08,06:45,07:00,Arnulf,19,1,20
2025.05.08,07:00,07:15,Arnulf,10,0,10
2025.05.08,07:15,07:30,Arnulf,19,1,20
2025.05.08,07:30,07:45,Arnulf,29,1,30
2025.05.08,07:45,08:00,Arnulf,41,1,42
2025.05.08,08:00,08:15,Arnulf,41,0,41
2025.05.08,08:15,08:30,Arnulf,42,0,42
2025.05.08,08:30,08:45,Arnulf,44,1,45
2025.05.08,08:45,09:00,Arnulf,36,0,36
2025.05.08,09:00,09:15,Arnulf,22,0,22
2025.05.08,09:15,09:30,Arnulf,26,2,28
2025.05.08,09:30,09:45,Arnulf,26,2,28
2025.05.08,09:45,10:00,Arnulf,29,0,29
2025.05.08,10:00,10:15,Arnulf,13,0,13
2025.05.08,10:15,10:30,Arnulf,16,0,16
2025.05.08,10:30,10:45,Arnulf,7,1,8
2025.05.08,10:45,11:00,Arnulf,18,2,20
2025.05.08,11:00,11:15,Arnulf,5,1,6
2025.05.08,11:15,11:30,Arnulf,14,1,15
2025.05.08,11:30,11:45,Arnulf,13,1,14
2025.05.08,11:45,12:00,Arnulf,12,2,14
2025.05.08,12:00,12:15,Arnulf,21,1,22
2025.05.08,12:15,12:30,Arnulf,19,0,19
2025.05.08,12:30,12:45,Arnulf,23,2,25
2025.05.08,12:45,13:00,Arnulf,15,1,16
2025.05.08,13:00,13:15,Arnulf,9,0,9
2025.05.08,13:15,13:30,Arnulf,15,0,15
2025.05.08,13:30,13:45,Arnulf,24,3,27
2025.05.08,13:45,14:00,Arnulf,17,1,18
2025.05.08,14:00,14:15,Arnulf,22,1,23
2025.05.08,14:15,14:30,Arnulf,9,1,10
2025.05.08,14:30,14:45,Arnulf,5,3,8
2025.05.08,14:45,15:00,Arnulf,11,1,12
2025.05.08,15:00,15:15,Arnulf,12,2,14
2025.05.08,15:15,15:30,Arnulf,17,0,17
2025.05.08,15:30,15:45,Arnulf,12,3,15
2025.05.08,15:45,16:00,Arnulf,17,1,18
2025.05.08,16:00,16:15,Arnulf,18,3,21
2025.05.08,16:15,16:30,Arnulf,25,2,27
2025.05.08,16:30,16:45,Arnulf,25,4,29
2025.05.08,16:45,17:00,Arnulf,21,2,23
2025.05.08,17:00,17:15,Arnulf,31,1,32
2025.05.08,17:15,17:30,Arnulf,21,2,23
2025.05.08,17:30,17:45,Arnulf,28,3,31
2025.05.08,17:45,18:00,Arnulf,28,2,30
2025.05.08,18:00,18:15,Arnulf,29,0,29
2025.05.08,18:15,18:30,Arnulf,32,3,35
2025.05.08,18:30,18:45,Arnulf,29,3,32
2025.05.08,18:45,19:00,Arnulf,28,0,28
2025.05.08,19:00,19:15,Arnulf,22,0,22
2025.05.08,19:15,19:30,Arnulf,16,2,18
2025.05.08,19:30,19:45,Arnulf,17,0,17
2025.05.08,19:45,20:00,Arnulf,18,1,19
2025.05.08,20:00,20:15,Arnulf,10,1,11
2025.05.08,20:15,20:30,Arnulf,10,1,11
2025.05.08,20:30,20:45,Arnulf,3,2,5
2025.05.08,20:45,21:00,Arnulf,13,1,14
2025.05.08,21:00,21:15,Arnulf,5,1,6
2025.05.08,21:15,21:30,Arnulf,8,1,9
2025.05.08,21:30,21:45,Arnulf,13,0,13
2025.05.08,21:45,22:00,Arnulf,8,0,8
2025.05.08,22:00,22:15,Arnulf,13,0,13
2025.05.08,22:15,22:30,Arnulf,8,0,8
2025.05.08,22:30,22:45,Arnulf,8,1,9
2025.05.08,22:45,23:00,Arnulf,6,0,6
2025.05.08,23:00,23:15,Arnulf,5,2,7
2025.05.08,23:15,23:30,Arnulf,5,0,5
2025.05.08,23:30,23:45,Arnulf,7,1,8
2025.05.08,23:45,00:00,Arnulf,1,2,3
2025.05.09,00:00,00:15,Arnulf,0,0,0
2025.05.09,00:15,00:30,Arnulf,1,0,1
2025.05.09,00:30,00:45,Arnulf,2,2,4
2025.05.09,00:45,01:00,Arnulf,0,0,0
2025.05.09,01:00,01:15,Arnulf,3,0,3
2025.05.09,01:15,01:30,Arnulf,3,0,3
2025.05.09,01:30,01:45,Arnulf,1,0,1
2025.05.09,01:45,02:00,Arnulf,1,0,1
2025.05.09,02:00,02:15,Arnulf,1,0,1
2025.05.09,02:15,02:30,Arnulf,1,0,1
2025.05.09,02:30,02:45,Arnulf,1,0,1
2025.05.09,02:45,03:00,Arnulf,0,0,0
2025.05.09,03:00,03:15,Arnulf,0,0,0
2025.05.09,03:15,03:30,Arnulf,0,0,0
2025.05.09,03:30,03:45,Arnulf,1,0,1
2025.05.09,03:45,04:00,Arnulf,2,0,2
2025.05.09,04:00,04:15,Arnulf,1,0,1
2025.05.09,04:15,04:30,Arnulf,0,0,0
2025.05.09,04:30,04:45,Arnulf,1,0,1
2025.05.09,04:45,05:00,Arnulf,3,1,4
2025.05.09,05:00,05:15,Arnulf,2,1,3
2025.05.09,05:15,05:30,Arnulf,1,0,1
2025.05.09,05:30,05:45,Arnulf,5,0,5
2025.05.09,05:45,06:00,Arnulf,6,0,6
2025.05.09,06:00,06:15,Arnulf,4,0,4
2025.05.09,06:15,06:30,Arnulf,5,0,5
2025.05.09,06:30,06:45,Arnulf,11,0,11
2025.05.09,06:45,07:00,Arnulf,9,0,9
2025.05.09,07:00,07:15,Arnulf,17,1,18
2025.05.09,07:15,07:30,Arnulf,18,0,18
2025.05.09,07:30,07:45,Arnulf,27,1,28
2025.05.09,07:45,08:00,Arnulf,41,0,41
2025.05.09,08:00,08:15,Arnulf,29,0,29
2025.05.09,08:15,08:30,Arnulf,39,2,41
2025.05.09,08:30,08:45,Arnulf,37,1,38
2025.05.09,08:45,09:00,Arnulf,41,1,42
2025.05.09,09:00,09:15,Arnulf,35,1,36
2025.05.09,09:15,09:30,Arnulf,22,1,23
2025.05.09,09:30,09:45,Arnulf,17,0,17
2025.05.09,09:45,10:00,Arnulf,26,1,27
2025.05.09,10:00,10:15,Arnulf,19,1,20
2025.05.09,10:15,10:30,Arnulf,13,1,14
2025.05.09,10:30,10:45,Arnulf,12,0,12
2025.05.09,10:45,11:00,Arnulf,9,0,9
2025.05.09,11:00,11:15,Arnulf,18,0,18
2025.05.09,11:15,11:30,Arnulf,17,1,18
2025.05.09,11:30,11:45,Arnulf,15,0,15
2025.05.09,11:45,12:00,Arnulf,18,0,18
2025.05.09,12:00,12:15,Arnulf,14,1,15
2025.05.09,12:15,12:30,Arnulf,18,1,19
2025.05.09,12:30,12:45,Arnulf,19,2,21
2025.05.09,12:45,13:00,Arnulf,18,0,18
2025.05.09,13:00,13:15,Arnulf,23,3,26
2025.05.09,13:15,13:30,Arnulf,26,1,27
2025.05.09,13:30,13:45,Arnulf,20,3,23
2025.05.09,13:45,14:00,Arnulf,25,3,28
2025.05.09,14:00,14:15,Arnulf,10,2,12
2025.05.09,14:15,14:30,Arnulf,28,0,28
2025.05.09,14:30,14:45,Arnulf,23,0,23
2025.05.09,14:45,15:00,Arnulf,23,4,27
2025.05.09,15:00,15:15,Arnulf,8,1,9
2025.05.09,15:15,15:30,Arnulf,20,1,21
2025.05.09,15:30,15:45,Arnulf,19,4,23
2025.05.09,15:45,16:00,Arnulf,22,1,23
2025.05.09,16:00,16:15,Arnulf,19,5,24
2025.05.09,16:15,16:30,Arnulf,20,2,22
2025.05.09,16:30,16:45,Arnulf,23,1,24
2025.05.09,16:45,17:00,Arnulf,29,0,29
2025.05.09,17:00,17:15,Arnulf,20,2,22
2025.05.09,17:15,17:30,Arnulf,24,4,28
2025.05.09,17:30,17:45,Arnulf,26,2,28
2025.05.09,17:45,18:00,Arnulf,28,0,28
2025.05.09,18:00,18:15,Arnulf,16,2,18
2025.05.09,18:15,18:30,Arnulf,44,1,45
2025.05.09,18:30,18:45,Arnulf,23,2,25
2025.05.09,18:45,19:00,Arnulf,15,5,20
2025.05.09,19:00,19:15,Arnulf,31,0,31
2025.05.09,19:15,19:30,Arnulf,19,1,20
2025.05.09,19:30,19:45,Arnulf,23,3,26
2025.05.09,19:45,20:00,Arnulf,17,1,18
2025.05.09,20:00,20:15,Arnulf,21,2,23
2025.05.09,20:15,20:30,Arnulf,13,1,14
2025.05.09,20:30,20:45,Arnulf,4,0,4
2025.05.09,20:45,21:00,Arnulf,15,0,15
2025.05.09,21:00,21:15,Arnulf,16,2,18
2025.05.09,21:15,21:30,Arnulf,5,1,6
2025.05.09,21:30,21:45,Arnulf,9,1,10
2025.05.09,21:45,22:00,Arnulf,6,0,6
2025.05.09,22:00,22:15,Arnulf,11,1,12
2025.05.09,22:15,22:30,Arnulf,12,1,13
2025.05.09,22:30,22:45,Arnulf,9,0,9
2025.05.09,22:45,23:00,Arnulf,10,3,13
2025.05.09,23:00,23:15,Arnulf,5,4,9
2025.05.09,23:15,23:30,Arnulf,10,0,10
2025.05.09,23:30,23:45,Arnulf,8,0,8
2025.05.09,23:45,00:00,Arnulf,10,2,12
2025.05.10,00:00,00:15,Arnulf,8,3,11
2025.05.10,00:15,00:30,Arnulf,4,2,6
2025.05.10,00:30,00:45,Arnulf,1,0,1
2025.05.10,00:45,01:00,Arnulf,3,0,3
2025.05.10,01:00,01:15,Arnulf,2,1,3
2025.05.10,01:15,01:30,Arnulf,2,3,5
2025.05.10,01:30,01:45,Arnulf,4,0,4
2025.05.10,01:45,02:00,Arnulf,3,1,4
2025.05.10,02:00,02:15,Arnulf,4,0,4
2025.05.10,02:15,02:30,Arnulf,3,1,4
2025.05.10,02:30,02:45,Arnulf,4,0,4
2025.05.10,02:45,03:00,Arnulf,3,1,4
2025.05.10,03:00,03:15,Arnulf,0,0,0
2025.05.10,03:15,03:30,Arnulf,2,0,2
2025.05.10,03:30,03:45,Arnulf,0,1,1
2025.05.10,03:45,04:00,Arnulf,1,0,1
2025.05.10,04:00,04:15,Arnulf,1,0,1
2025.05.10,04:15,04:30,Arnulf,1,0,1
2025.05.10,04:30,04:45,Arnulf,1,0,1
2025.05.10,04:45,05:00,Arnulf,0,1,1
2025.05.10,05:00,05:15,Arnulf,1,0,1
2025.05.10,05:15,05:30,Arnulf,3,0,3
2025.05.10,05:30,05:45,Arnulf,5,1,6
2025.05.10,05:45,06:00,Arnulf,5,0,5
2025.05.10,06:00,06:15,Arnulf,3,0,3
2025.05.10,06:15,06:30,Arnulf,3,0,3
2025.05.10,06:30,06:45,Arnulf,3,0,3
2025.05.10,06:45,07:00,Arnulf,7,0,7
2025.05.10,07:00,07:15,Arnulf,4,0,4
2025.05.10,07:15,07:30,Arnulf,10,0,10
2025.05.10,07:30,07:45,Arnulf,6,0,6
2025.05.10,07:45,08:00,Arnulf,6,0,6
2025.05.10,08:00,08:15,Arnulf,7,0,7
2025.05.10,08:15,08:30,Arnulf,10,0,10
2025.05.10,08:30,08:45,Arnulf,13,1,14
2025.05.10,08:45,09:00,Arnulf,15,0,15
2025.05.10,09:00,09:15,Arnulf,24,2,26
2025.05.10,09:15,09:30,Arnulf,16,1,17
2025.05.10,09:30,09:45,Arnulf,24,0,24
2025.05.10,09:45,10:00,Arnulf,25,0,25
2025.05.10,10:00,10:15,Arnulf,23,0,23
2025.05.10,10:15,10:30,Arnulf,32,0,32
2025.05.10,10:30,10:45,Arnulf,33,1,34
2025.05.10,10:45,11:00,Arnulf,40,1,41
2025.05.10,11:00,11:15,Arnulf,15,2,17
2025.05.10,11:15,11:30,Arnulf,28,1,29
2025.05.10,11:30,11:45,Arnulf,32,0,32
2025.05.10,11:45,12:00,Arnulf,27,0,27
2025.05.10,12:00,12:15,Arnulf,24,0,24
2025.05.10,12:15,12:30,Arnulf,40,0,40
2025.05.10,12:30,12:45,Arnulf,23,0,23
2025.05.10,12:45,13:00,Arnulf,36,1,37
2025.05.10,13:00,13:15,Arnulf,37,0,37
2025.05.10,13:15,13:30,Arnulf,30,2,32
2025.05.10,13:30,13:45,Arnulf,33,0,33
2025.05.10,13:45,14:00,Arnulf,20,1,21
2025.05.10,14:00,14:15,Arnulf,27,0,27
2025.05.10,14:15,14:30,Arnulf,44,0,44
2025.05.10,14:30,14:45,Arnulf,33,0,33
2025.05.10,14:45,15:00,Arnulf,41,1,42
2025.05.10,15:00,15:15,Arnulf,41,0,41
2025.05.10,15:15,15:30,Arnulf,25,5,30
2025.05.10,15:30,15:45,Arnulf,32,0,32
2025.05.10,15:45,16:00,Arnulf,29,1,30
2025.05.10,16:00,16:15,Arnulf,29,1,30
2025.05.10,16:15,16:30,Arnulf,29,0,29
2025.05.10,16:30,16:45,Arnulf,30,1,31
2025.05.10,16:45,17:00,Arnulf,28,0,28
2025.05.10,17:00,17:15,Arnulf,33,0,33
2025.05.10,17:15,17:30,Arnulf,25,1,26
2025.05.10,17:30,17:45,Arnulf,24,4,28
2025.05.10,17:45,18:00,Arnulf,24,1,25
2025.05.10,18:00,18:15,Arnulf,20,0,20
2025.05.10,18:15,18:30,Arnulf,41,3,44
2025.05.10,18:30,18:45,Arnulf,33,1,34
2025.05.10,18:45,19:00,Arnulf,27,0,27
2025.05.10,19:00,19:15,Arnulf,32,0,32
2025.05.10,19:15,19:30,Arnulf,36,0,36
2025.05.10,19:30,19:45,Arnulf,24,0,24
2025.05.10,19:45,20:00,Arnulf,28,1,29
2025.05.10,20:00,20:15,Arnulf,21,3,24
2025.05.10,20:15,20:30,Arnulf,15,2,17
2025.05.10,20:30,20:45,Arnulf,29,0,29
2025.05.10,20:45,21:00,Arnulf,17,0,17
2025.05.10,21:00,21:15,Arnulf,16,0,16
2025.05.10,21:15,21:30,Arnulf,18,3,21
2025.05.10,21:30,21:45,Arnulf,13,0,13
2025.05.10,21:45,22:00,Arnulf,9,1,10
2025.05.10,22:00,22:15,Arnulf,15,1,16
2025.05.10,22:15,22:30,Arnulf,17,0,17
2025.05.10,22:30,22:45,Arnulf,7,0,7
2025.05.10,22:45,23:00,Arnulf,11,1,12
2025.05.10,23:00,23:15,Arnulf,6,0,6
2025.05.10,23:15,23:30,Arnulf,9,2,11
2025.05.10,23:30,23:45,Arnulf,2,4,6
2025.05.10,23:45,00:00,Arnulf,7,2,9
2025.05.11,00:00,00:15,Arnulf,4,4,8
2025.05.11,00:15,00:30,Arnulf,2,0,2
2025.05.11,00:30,00:45,Arnulf,5,3,8
2025.05.11,00:45,01:00,Arnulf,1,2,3
2025.05.11,01:00,01:15,Arnulf,1,2,3
2025.05.11,01:15,01:30,Arnulf,7,3,10
2025.05.11,01:30,01:45,Arnulf,3,2,5
2025.05.11,01:45,02:00,Arnulf,4,0,4
2025.05.11,02:00,02:15,Arnulf,3,0,3
2025.05.11,02:15,02:30,Arnulf,3,2,5
2025.05.11,02:30,02:45,Arnulf,4,0,4
2025.05.11,02:45,03:00,Arnulf,1,0,1
2025.05.11,03:00,03:15,Arnulf,0,0,0
2025.05.11,03:15,03:30,Arnulf,0,0,0
2025.05.11,03:30,03:45,Arnulf,3,0,3
2025.05.11,03:45,04:00,Arnulf,0,0,0
2025.05.11,04:00,04:15,Arnulf,5,0,5
2025.05.11,04:15,04:30,Arnulf,1,1,2
2025.05.11,04:30,04:45,Arnulf,2,0,2
2025.05.11,04:45,05:00,Arnulf,1,0,1
2025.05.11,05:00,05:15,Arnulf,5,0,5
2025.05.11,05:15,05:30,Arnulf,2,1,3
2025.05.11,05:30,05:45,Arnulf,1,0,1
2025.05.11,05:45,06:00,Arnulf,3,0,3
2025.05.11,06:00,06:15,Arnulf,2,1,3
2025.05.11,06:15,06:30,Arnulf,1,0,1
2025.05.11,06:30,06:45,Arnulf,2,2,4
2025.05.11,06:45,07:00,Arnulf,3,0,3
2025.05.11,07:00,07:15,Arnulf,6,0,6
2025.05.11,07:15,07:30,Arnulf,7,1,8
2025.05.11,07:30,07:45,Arnulf,6,0,6
2025.05.11,07:45,08:00,Arnulf,9,0,9
2025.05.11,08:00,08:15,Arnulf,7,1,8
2025.05.11,08:15,08:30,Arnulf,19,0,19
2025.05.11,08:30,08:45,Arnulf,25,1,26
2025.05.11,08:45,09:00,Arnulf,12,0,12
2025.05.11,09:00,09:15,Arnulf,19,1,20
2025.05.11,09:15,09:30,Arnulf,15,1,16
2025.05.11,09:30,09:45,Arnulf,15,2,17
2025.05.11,09:45,10:00,Arnulf,30,6,36
2025.05.11,10:00,10:15,Arnulf,36,1,37
2025.05.11,10:15,10:30,Arnulf,38,0,38
2025.05.11,10:30,10:45,Arnulf,28,0,28
2025.05.11,10:45,11:00,Arnulf,44,2,46
2025.05.11,11:00,11:15,Arnulf,24,0,24
2025.05.11,11:15,11:30,Arnulf,33,2,35
2025.05.11,11:30,11:45,Arnulf,24,1,25
2025.05.11,11:45,12:00,Arnulf,20,1,21
2025.05.11,12:00,12:15,Arnulf,16,2,18
2025.05.11,12:15,12:30,Arnulf,17,1,18
2025.05.11,12:30,12:45,Arnulf,19,0,19
2025.05.11,12:45,13:00,Arnulf,31,1,32
2025.05.11,13:00,13:15,Arnulf,22,3,25
2025.05.11,13:15,13:30,Arnulf,30,1,31
2025.05.11,13:30,13:45,Arnulf,19,1,20
2025.05.11,13:45,14:00,Arnulf,36,3,39
2025.05.11,14:00,14:15,Arnulf,31,1,32
2025.05.11,14:15,14:30,Arnulf,32,2,34
2025.05.11,14:30,14:45,Arnulf,30,1,31
2025.05.11,14:45,15:00,Arnulf,24,3,27
2025.05.11,15:00,15:15,Arnulf,40,5,45
2025.05.11,15:15,15:30,Arnulf,28,3,31
2025.05.11,15:30,15:45,Arnulf,30,3,33
2025.05.11,15:45,16:00,Arnulf,29,3,32
2025.05.11,16:00,16:15,Arnulf,31,0,31
2025.05.11,16:15,16:30,Arnulf,27,3,30
2025.05.11,16:30,16:45,Arnulf,15,5,20
2025.05.11,16:45,17:00,Arnulf,23,2,25
2025.05.11,17:00,17:15,Arnulf,27,6,33
2025.05.11,17:15,17:30,Arnulf,32,1,33
2025.05.11,17:30,17:45,Arnulf,27,0,27
2025.05.11,17:45,18:00,Arnulf,29,1,30
2025.05.11,18:00,18:15,Arnulf,31,1,32
2025.05.11,18:15,18:30,Arnulf,41,0,41
2025.05.11,18:30,18:45,Arnulf,22,2,24
2025.05.11,18:45,19:00,Arnulf,29,2,31
2025.05.11,19:00,19:15,Arnulf,30,2,32
2025.05.11,19:15,19:30,Arnulf,14,0,14
2025.05.11,19:30,19:45,Arnulf,17,3,20
2025.05.11,19:45,20:00,Arnulf,34,0,34
2025.05.11,20:00,20:15,Arnulf,19,0,19
2025.05.11,20:15,20:30,Arnulf,9,1,10
2025.05.11,20:30,20:45,Arnulf,16,2,18
2025.05.11,20:45,21:00,Arnulf,13,0,13
2025.05.11,21:00,21:15,Arnulf,13,0,13
2025.05.11,21:15,21:30,Arnulf,8,0,8
2025.05.11,21:30,21:45,Arnulf,7,0,7
2025.05.11,21:45,22:00,Arnulf,13,0,13
2025.05.11,22:00,22:15,Arnulf,13,2,15
2025.05.11,22:15,22:30,Arnulf,10,0,10
2025.05.11,22:30,22:45,Arnulf,6,1,7
2025.05.11,22:45,23:00,Arnulf,6,0,6
2025.05.11,23:00,23:15,Arnulf,2,0,2
2025.05.11,23:15,23:30,Arnulf,3,1,4
2025.05.11,23:30,23:45,Arnulf,1,1,2
2025.05.11,23:45,00:00,Arnulf,2,2,4
2025.05.12,00:00,00:15,Arnulf,0,0,0
2025.05.12,00:15,00:30,Arnulf,3,0,3
2025.05.12,00:30,00:45,Arnulf,1,0,1
2025.05.12,00:45,01:00,Arnulf,2,0,2
2025.05.12,01:00,01:15,Arnulf,0,0,0
2025.05.12,01:15,01:30,Arnulf,2,0,2
2025.05.12,01:30,01:45,Arnulf,2,0,2
2025.05.12,01:45,02:00,Arnulf,0,0,0
2025.05.12,02:00,02:15,Arnulf,0,0,0
2025.05.12,02:15,02:30,Arnulf,0,0,0
2025.05.12,02:30,02:45,Arnulf,2,0,2
2025.05.12,02:45,03:00,Arnulf,0,0,0
2025.05.12,03:00,03:15,Arnulf,0,0,0
2025.05.12,03:15,03:30,Arnulf,0,0,0
2025.05.12,03:30,03:45,Arnulf,0,0,0
2025.05.12,03:45,04:00,Arnulf,1,0,1
2025.05.12,04:00,04:15,Arnulf,1,0,1
2025.05.12,04:15,04:30,Arnulf,2,0,2
2025.05.12,04:30,04:45,Arnulf,0,0,0
2025.05.12,04:45,05:00,Arnulf,2,2,4
2025.05.12,05:00,05:15,Arnulf,1,1,2
2025.05.12,05:15,05:30,Arnulf,3,0,3
2025.05.12,05:30,05:45,Arnulf,5,0,5
2025.05.12,05:45,06:00,Arnulf,6,1,7
2025.05.12,06:00,06:15,Arnulf,7,0,7
2025.05.12,06:15,06:30,Arnulf,8,0,8
2025.05.12,06:30,06:45,Arnulf,8,0,8
2025.05.12,06:45,07:00,Arnulf,18,5,23
2025.05.12,07:00,07:15,Arnulf,18,0,18
2025.05.12,07:15,07:30,Arnulf,35,1,36
2025.05.12,07:30,07:45,Arnulf,60,1,61
2025.05.12,07:45,08:00,Arnulf,58,1,59
2025.05.12,08:00,08:15,Arnulf,62,1,63
2025.05.12,08:15,08:30,Arnulf,79,1,80
2025.05.12,08:30,08:45,Arnulf,79,0,79
2025.05.12,08:45,09:00,Arnulf,60,2,62
2025.05.12,09:00,09:15,Arnulf,44,1,45
2025.05.12,09:15,09:30,Arnulf,29,1,30
2025.05.12,09:30,09:45,Arnulf,33,0,33
2025.05.12,09:45,10:00,Arnulf,36,3,39
2025.05.12,10:00,10:15,Arnulf,22,0,22
2025.05.12,10:15,10:30,Arnulf,17,1,18
2025.05.12,10:30,10:45,Arnulf,23,0,23
2025.05.12,10:45,11:00,Arnulf,19,1,20
2025.05.12,11:00,11:15,Arnulf,18,1,19
2025.05.12,11:15,11:30,Arnulf,12,1,13
2025.05.12,11:30,11:45,Arnulf,26,1,27
2025.05.12,11:45,12:00,Arnulf,18,0,18
2025.05.12,12:00,12:15,Arnulf,24,0,24
2025.05.12,12:15,12:30,Arnulf,17,0,17
2025.05.12,12:30,12:45,Arnulf,25,0,25
2025.05.12,12:45,13:00,Arnulf,19,1,20
2025.05.12,13:00,13:15,Arnulf,23,1,24
2025.05.12,13:15,13:30,Arnulf,18,0,18
2025.05.12,13:30,13:45,Arnulf,34,0,34
2025.05.12,13:45,14:00,Arnulf,16,0,16
2025.05.12,14:00,14:15,Arnulf,11,0,11
2025.05.12,14:15,14:30,Arnulf,20,0,20
2025.05.12,14:30,14:45,Arnulf,16,2,18
2025.05.12,14:45,15:00,Arnulf,25,4,29
2025.05.12,15:00,15:15,Arnulf,21,0,21
2025.05.12,15:15,15:30,Arnulf,33,1,34
2025.05.12,15:30,15:45,Arnulf,22,2,24
2025.05.12,15:45,16:00,Arnulf,31,2,33
2025.05.12,16:00,16:15,Arnulf,28,1,29
2025.05.12,16:15,16:30,Arnulf,35,1,36
2025.05.12,16:30,16:45,Arnulf,36,1,37
2025.05.12,16:45,17:00,Arnulf,43,4,47
2025.05.12,17:00,17:15,Arnulf,24,3,27
2025.05.12,17:15,17:30,Arnulf,53,2,55
2025.05.12,17:30,17:45,Arnulf,54,2,56
2025.05.12,17:45,18:00,Arnulf,48,3,51
2025.05.12,18:00,18:15,Arnulf,46,0,46
2025.05.12,18:15,18:30,Arnulf,38,6,44
2025.05.12,18:30,18:45,Arnulf,44,2,46
2025.05.12,18:45,19:00,Arnulf,34,1,35
2025.05.12,19:00,19:15,Arnulf,39,1,40
2025.05.12,19:15,19:30,Arnulf,15,0,15
2025.05.12,19:30,19:45,Arnulf,23,3,26
2025.05.12,19:45,20:00,Arnulf,17,1,18
2025.05.12,20:00,20:15,Arnulf,14,0,14
2025.05.12,20:15,20:30,Arnulf,7,2,9
2025.05.12,20:30,20:45,Arnulf,15,2,17
2025.05.12,20:45,21:00,Arnulf,11,3,14
2025.05.12,21:00,21:15,Arnulf,13,1,14
2025.05.12,21:15,21:30,Arnulf,10,0,10
2025.05.12,21:30,21:45,Arnulf,12,1,13
2025.05.12,21:45,22:00,Arnulf,10,1,11
2025.05.12,22:00,22:15,Arnulf,6,2,8
2025.05.12,22:15,22:30,Arnulf,12,2,14
2025.05.12,22:30,22:45,Arnulf,11,2,13
2025.05.12,22:45,23:00,Arnulf,1,3,4
2025.05.12,23:00,23:15,Arnulf,7,0,7
2025.05.12,23:15,23:30,Arnulf,6,0,6
2025.05.12,23:30,23:45,Arnulf,2,1,3
2025.05.12,23:45,00:00,Arnulf,3,1,4
2025.05.13,00:00,00:15,Arnulf,1,0,1
2025.05.13,00:15,00:30,Arnulf,4,0,4
2025.05.13,00:30,00:45,Arnulf,0,0,0
2025.05.13,00:45,01:00,Arnulf,0,0,0
2025.05.13,01:00,01:15,Arnulf,0,0,0
2025.05.13,01:15,01:30,Arnulf,0,0,0
2025.05.13,01:30,01:45,Arnulf,0,0,0
2025.05.13,01:45,02:00,Arnulf,0,0,0
2025.05.13,02:00,02:15,Arnulf,2,0,2
2025.05.13,02:15,02:30,Arnulf,0,1,1
2025.05.13,02:30,02:45,Arnulf,2,0,2
2025.05.13,02:45,03:00,Arnulf,0,0,0
2025.05.13,03:00,03:15,Arnulf,0,0,0
2025.05.13,03:15,03:30,Arnulf,0,0,0
2025.05.13,03:30,03:45,Arnulf,0,0,0
2025.05.13,03:45,04:00,Arnulf,1,0,1
2025.05.13,04:00,04:15,Arnulf,0,0,0
2025.05.13,04:15,04:30,Arnulf,1,0,1
2025.05.13,04:30,04:45,Arnulf,0,2,2
2025.05.13,04:45,05:00,Arnulf,1,0,1
2025.05.13,05:00,05:15,Arnulf,2,0,2
2025.05.13,05:15,05:30,Arnulf,3,0,3
2025.05.13,05:30,05:45,Arnulf,6,1,7
2025.05.13,05:45,06:00,Arnulf,6,0,6
2025.05.13,06:00,06:15,Arnulf,12,1,13
2025.05.13,06:15,06:30,Arnulf,9,0,9
2025.05.13,06:30,06:45,Arnulf,18,0,18
2025.05.13,06:45,07:00,Arnulf,21,0,21
2025.05.13,07:00,07:15,Arnulf,19,2,21
2025.05.13,07:15,07:30,Arnulf,32,1,33
2025.05.13,07:30,07:45,Arnulf,48,0,48
2025.05.13,07:45,08:00,Arnulf,60,1,61
2025.05.13,08:00,08:15,Arnulf,67,2,69
2025.05.13,08:15,08:30,Arnulf,72,1,73
2025.05.13,08:30,08:45,Arnulf,70,0,70
2025.05.13,08:45,09:00,Arnulf,63,2,65
2025.05.13,09:00,09:15,Arnulf,33,6,39
2025.05.13,09:15,09:30,Arnulf,32,3,35
2025.05.13,09:30,09:45,Arnulf,30,1,31
2025.05.13,09:45,10:00,Arnulf,28,2,30
2025.05.13,10:00,10:15,Arnulf,19,1,20
2025.05.13,10:15,10:30,Arnulf,20,1,21
2025.05.13,10:30,10:45,Arnulf,19,2,21
2025.05.13,10:45,11:00,Arnulf,22,1,23
2025.05.13,11:00,11:15,Arnulf,21,0,21
2025.05.13,11:15,11:30,Arnulf,21,0,21
2025.05.13,11:30,11:45,Arnulf,16,1,17
2025.05.13,11:45,12:00,Arnulf,19,0,19
2025.05.13,12:00,12:15,Arnulf,25,1,26
2025.05.13,12:15,12:30,Arnulf,9,1,10
2025.05.13,12:30,12:45,Arnulf,25,1,26
2025.05.13,12:45,13:00,Arnulf,22,2,24
2025.05.13,13:00,13:15,Arnulf,22,0,22
2025.05.13,13:15,13:30,Arnulf,24,2,26
2025.05.13,13:30,13:45,Arnulf,21,0,21
2025.05.13,13:45,14:00,Arnulf,21,2,23
2025.05.13,14:00,14:15,Arnulf,11,1,12
2025.05.13,14:15,14:30,Arnulf,25,1,26
2025.05.13,14:30,14:45,Arnulf,23,2,25
2025.05.13,14:45,15:00,Arnulf,27,4,31
2025.05.13,15:00,15:15,Arnulf,15,2,17
2025.05.13,15:15,15:30,Arnulf,17,1,18
2025.05.13,15:30,15:45,Arnulf,22,1,23
2025.05.13,15:45,16:00,Arnulf,17,5,22
2025.05.13,16:00,16:15,Arnulf,28,2,30
2025.05.13,16:15,16:30,Arnulf,33,6,39
2025.05.13,16:30,16:45,Arnulf,40,1,41
2025.05.13,16:45,17:00,Arnulf,47,1,48
2025.05.13,17:00,17:15,Arnulf,44,1,45
2025.05.13,17:15,17:30,Arnulf,54,1,55
2025.05.13,17:30,17:45,Arnulf,47,2,49
2025.05.13,17:45,18:00,Arnulf,45,0,45
2025.05.13,18:00,18:15,Arnulf,48,2,50
2025.05.13,18:15,18:30,Arnulf,41,4,45
2025.05.13,18:30,18:45,Arnulf,37,1,38
2025.05.13,18:45,19:00,Arnulf,28,3,31
2025.05.13,19:00,19:15,Arnulf,29,0,29
2025.05.13,19:15,19:30,Arnulf,41,0,41
2025.05.13,19:30,19:45,Arnulf,29,0,29
2025.05.13,19:45,20:00,Arnulf,17,0,17
2025.05.13,20:00,20:15,Arnulf,22,1,23
2025.05.13,20:15,20:30,Arnulf,23,1,24
2025.05.13,20:30,20:45,Arnulf,11,0,11
2025.05.13,20:45,21:00,Arnulf,7,0,7
2025.05.13,21:00,21:15,Arnulf,6,3,9
2025.05.13,21:15,21:30,Arnulf,19,0,19
2025.05.13,21:30,21:45,Arnulf,11,2,13
2025.05.13,21:45,22:00,Arnulf,11,0,11
2025.05.13,22:00,22:15,Arnulf,13,2,15
2025.05.13,22:15,22:30,Arnulf,10,0,10
2025.05.13,22:30,22:45,Arnulf,14,0,14
2025.05.13,22:45,23:00,Arnulf,14,3,17
2025.05.13,23:00,23:15,Arnulf,13,1,14
2025.05.13,23:15,23:30,Arnulf,7,2,9
2025.05.13,23:30,23:45,Arnulf,3,2,5
2025.05.13,23:45,00:00,Arnulf,1,1,2
2025.05.14,00:00,00:15,Arnulf,1,0,1
2025.05.14,00:15,00:30,Arnulf,2,0,2
2025.05.14,00:30,00:45,Arnulf,1,0,1
2025.05.14,00:45,01:00,Arnulf,0,0,0
2025.05.14,01:00,01:15,Arnulf,0,0,0
2025.05.14,01:15,01:30,Arnulf,0,0,0
2025.05.14,01:30,01:45,Arnulf,1,1,2
2025.05.14,01:45,02:00,Arnulf,0,0,0
2025.05.14,02:00,02:15,Arnulf,0,0,0
2025.05.14,02:15,02:30,Arnulf,1,0,1
2025.05.14,02:30,02:45,Arnulf,1,0,1
2025.05.14,02:45,03:00,Arnulf,0,0,0
2025.05.14,03:00,03:15,Arnulf,0,0,0
2025.05.14,03:15,03:30,Arnulf,0,0,0
2025.05.14,03:30,03:45,Arnulf,1,0,1
2025.05.14,03:45,04:00,Arnulf,0,0,0
2025.05.14,04:00,04:15,Arnulf,0,0,0
2025.05.14,04:15,04:30,Arnulf,1,0,1
2025.05.14,04:30,04:45,Arnulf,3,2,5
2025.05.14,04:45,05:00,Arnulf,1,0,1
2025.05.14,05:00,05:15,Arnulf,6,0,6
2025.05.14,05:15,05:30,Arnulf,1,0,1
2025.05.14,05:30,05:45,Arnulf,3,1,4
2025.05.14,05:45,06:00,Arnulf,5,0,5
2025.05.14,06:00,06:15,Arnulf,6,0,6
2025.05.14,06:15,06:30,Arnulf,9,1,10
2025.05.14,06:30,06:45,Arnulf,12,2,14
2025.05.14,06:45,07:00,Arnulf,19,1,20
2025.05.14,07:00,07:15,Arnulf,21,0,21
2025.05.14,07:15,07:30,Arnulf,38,0,38
2025.05.14,07:30,07:45,Arnulf,47,2,49
2025.05.14,07:45,08:00,Arnulf,60,0,60
2025.05.14,08:00,08:15,Arnulf,50,0,50
2025.05.14,08:15,08:30,Arnulf,63,0,63
2025.05.14,08:30,08:45,Arnulf,65,3,68
2025.05.14,08:45,09:00,Arnulf,75,2,77
2025.05.14,09:00,09:15,Arnulf,51,3,54
2025.05.14,09:15,09:30,Arnulf,45,2,47
2025.05.14,09:30,09:45,Arnulf,24,1,25
2025.05.14,09:45,10:00,Arnulf,25,3,28
2025.05.14,10:00,10:15,Arnulf,22,0,22
2025.05.14,10:15,10:30,Arnulf,24,1,25
2025.05.14,10:30,10:45,Arnulf,25,1,26
2025.05.14,10:45,11:00,Arnulf,21,0,21
2025.05.14,11:00,11:15,Arnulf,21,1,22
2025.05.14,11:15,11:30,Arnulf,22,0,22
2025.05.14,11:30,11:45,Arnulf,23,2,25
2025.05.14,11:45,12:00,Arnulf,19,0,19
2025.05.14,12:00,12:15,Arnulf,10,1,11
2025.05.14,12:15,12:30,Arnulf,25,2,27
2025.05.14,12:30,12:45,Arnulf,17,3,20
2025.05.14,12:45,13:00,Arnulf,32,0,32
2025.05.14,13:00,13:15,Arnulf,28,4,32
2025.05.14,13:15,13:30,Arnulf,27,2,29
2025.05.14,13:30,13:45,Arnulf,21,0,21
2025.05.14,13:45,14:00,Arnulf,24,2,26
2025.05.14,14:00,14:15,Arnulf,14,3,17
2025.05.14,14:15,14:30,Arnulf,18,2,20
2025.05.14,14:30,14:45,Arnulf,19,2,21
2025.05.14,14:45,15:00,Arnulf,24,4,28
2025.05.14,15:00,15:15,Arnulf,22,2,24
2025.05.14,15:15,15:30,Arnulf,27,3,30
2025.05.14,15:30,15:45,Arnulf,28,0,28
2025.05.14,15:45,16:00,Arnulf,36,1,37
2025.05.14,16:00,16:15,Arnulf,45,2,47
2025.05.14,16:15,16:30,Arnulf,40,2,42
2025.05.14,16:30,16:45,Arnulf,28,3,31
2025.05.14,16:45,17:00,Arnulf,32,4,36
2025.05.14,17:00,17:15,Arnulf,41,2,43
2025.05.14,17:15,17:30,Arnulf,51,6,57
2025.05.14,17:30,17:45,Arnulf,66,3,69
2025.05.14,17:45,18:00,Arnulf,51,2,53
2025.05.14,18:00,18:15,Arnulf,64,2,66
2025.05.14,18:15,18:30,Arnulf,61,0,61
2025.05.14,18:30,18:45,Arnulf,55,0,55
2025.05.14,18:45,19:00,Arnulf,47,1,48
2025.05.14,19:00,19:15,Arnulf,29,2,31
2025.05.14,19:15,19:30,Arnulf,30,1,31
2025.05.14,19:30,19:45,Arnulf,28,3,31
2025.05.14,19:45,20:00,Arnulf,27,3,30
2025.05.14,20:00,20:15,Arnulf,24,3,27
2025.05.14,20:15,20:30,Arnulf,14,2,16
2025.05.14,20:30,20:45,Arnulf,20,1,21
2025.05.14,20:45,21:00,Arnulf,14,0,14
2025.05.14,21:00,21:15,Arnulf,17,2,19
2025.05.14,21:15,21:30,Arnulf,12,1,13
2025.05.14,21:30,21:45,Arnulf,17,1,18
2025.05.14,21:45,22:00,Arnulf,14,0,14
2025.05.14,22:00,22:15,Arnulf,21,1,22
2025.05.14,22:15,22:30,Arnulf,16,0,16
2025.05.14,22:30,22:45,Arnulf,7,0,7
2025.05.14,22:45,23:00,Arnulf,10,1,11
2025.05.14,23:00,23:15,Arnulf,4,0,4
2025.05.14,23:15,23:30,Arnulf,9,1,10
2025.05.14,23:30,23:45,Arnulf,10,1,11
2025.05.14,23:45,00:00,Arnulf,3,0,3
2025.05.15,00:00,00:15,Arnulf,5,0,5
2025.05.15,00:15,00:30,Arnulf,1,0,1
2025.05.15,00:30,00:45,Arnulf,0,0,0
2025.05.15,00:45,01:00,Arnulf,2,0,2
2025.05.15,01:00,01:15,Arnulf,0,0,0
2025.05.15,01:15,01:30,Arnulf,1,0,1
2025.05.15,01:30,01:45,Arnulf,1,0,1
2025.05.15,01:45,02:00,Arnulf,0,0,0
2025.05.15,02:00,02:15,Arnulf,0,1,1
2025.05.15,02:15,02:30,Arnulf,1,0,1
2025.05.15,02:30,02:45,Arnulf,0,1,1
2025.05.15,02:45,03:00,Arnulf,1,0,1
2025.05.15,03:00,03:15,Arnulf,1,0,1
2025.05.15,03:15,03:30,Arnulf,0,0,0
2025.05.15,03:30,03:45,Arnulf,0,0,0
2025.05.15,03:45,04:00,Arnulf,1,0,1
2025.05.15,04:00,04:15,Arnulf,0,0,0
2025.05.15,04:15,04:30,Arnulf,0,1,1
2025.05.15,04:30,04:45,Arnulf,1,1,2
2025.05.15,04:45,05:00,Arnulf,2,0,2
2025.05.15,05:00,05:15,Arnulf,1,0,1
2025.05.15,05:15,05:30,Arnulf,2,0,2
2025.05.15,05:30,05:45,Arnulf,5,1,6
2025.05.15,05:45,06:00,Arnulf,7,0,7
2025.05.15,06:00,06:15,Arnulf,4,0,4
2025.05.15,06:15,06:30,Arnulf,6,0,6
2025.05.15,06:30,06:45,Arnulf,13,0,13
2025.05.15,06:45,07:00,Arnulf,19,0,19
2025.05.15,07:00,07:15,Arnulf,31,0,31
2025.05.15,07:15,07:30,Arnulf,25,1,26
2025.05.15,07:30,07:45,Arnulf,41,1,42
2025.05.15,07:45,08:00,Arnulf,58,1,59
2025.05.15,08:00,08:15,Arnulf,58,2,60
2025.05.15,08:15,08:30,Arnulf,71,1,72
2025.05.15,08:30,08:45,Arnulf,64,4,68
2025.05.15,08:45,09:00,Arnulf,56,1,57
2025.05.15,09:00,09:15,Arnulf,40,3,43
2025.05.15,09:15,09:30,Arnulf,46,1,47
2025.05.15,09:30,09:45,Arnulf,22,2,24
2025.05.15,09:45,10:00,Arnulf,34,1,35
2025.05.15,10:00,10:15,Arnulf,15,0,15
2025.05.15,10:15,10:30,Arnulf,18,1,19
2025.05.15,10:30,10:45,Arnulf,15,1,16
2025.05.15,10:45,11:00,Arnulf,13,3,16
2025.05.15,11:00,11:15,Arnulf,14,3,17
2025.05.15,11:15,11:30,Arnulf,28,1,29
2025.05.15,11:30,11:45,Arnulf,15,0,15
2025.05.15,11:45,12:00,Arnulf,19,1,20
2025.05.15,12:00,12:15,Arnulf,25,1,26
2025.05.15,12:15,12:30,Arnulf,16,1,17
2025.05.15,12:30,12:45,Arnulf,16,0,16
2025.05.15,12:45,13:00,Arnulf,17,0,17
2025.05.15,13:00,13:15,Arnulf,25,2,27
2025.05.15,13:15,13:30,Arnulf,18,3,21
2025.05.15,13:30,13:45,Arnulf,21,3,24
2025.05.15,13:45,14:00,Arnulf,25,2,27
2025.05.15,14:00,14:15,Arnulf,26,2,28
2025.05.15,14:15,14:30,Arnulf,17,0,17
2025.05.15,14:30,14:45,Arnulf,22,2,24
2025.05.15,14:45,15:00,Arnulf,16,4,20
2025.05.15,15:00,15:15,Arnulf,17,0,17
2025.05.15,15:15,15:30,Arnulf,19,0,19
2025.05.15,15:30,15:45,Arnulf,28,1,29
2025.05.15,15:45,16:00,Arnulf,34,1,35
2025.05.15,16:00,16:15,Arnulf,27,1,28
2025.05.15,16:15,16:30,Arnulf,42,0,42
2025.05.15,16:30,16:45,Arnulf,42,3,45
2025.05.15,16:45,17:00,Arnulf,36,1,37
2025.05.15,17:00,17:15,Arnulf,31,3,34
2025.05.15,17:15,17:30,Arnulf,51,2,53
2025.05.15,17:30,17:45,Arnulf,35,3,38
2025.05.15,17:45,18:00,Arnulf,56,3,59
2025.05.15,18:00,18:15,Arnulf,49,1,50
2025.05.15,18:15,18:30,Arnulf,43,1,44
2025.05.15,18:30,18:45,Arnulf,50,0,50
2025.05.15,18:45,19:00,Arnulf,22,3,25
2025.05.15,19:00,19:15,Arnulf,26,0,26
2025.05.15,19:15,19:30,Arnulf,37,1,38
2025.05.15,19:30,19:45,Arnulf,22,3,25
2025.05.15,19:45,20:00,Arnulf,21,0,21
2025.05.15,20:00,20:15,Arnulf,17,3,20
2025.05.15,20:15,20:30,Arnulf,15,0,15
2025.05.15,20:30,20:45,Arnulf,20,2,22
2025.05.15,20:45,21:00,Arnulf,12,2,14
2025.05.15,21:00,21:15,Arnulf,8,1,9
2025.05.15,21:15,21:30,Arnulf,9,2,11
2025.05.15,21:30,21:45,Arnulf,9,1,10
2025.05.15,21:45,22:00,Arnulf,16,0,16
2025.05.15,22:00,22:15,Arnulf,16,2,18
2025.05.15,22:15,22:30,Arnulf,10,0,10
2025.05.15,22:30,22:45,Arnulf,5,1,6
2025.05.15,22:45,23:00,Arnulf,7,2,9
2025.05.15,23:00,23:15,Arnulf,10,0,10
2025.05.15,23:15,23:30,Arnulf,6,1,7
2025.05.15,23:30,23:45,Arnulf,9,1,10
2025.05.15,23:45,00:00,Arnulf,1,0,1
2025.05.16,00:00,00:15,Arnulf,5,2,7
2025.05.16,00:15,00:30,Arnulf,0,0,0
2025.05.16,00:30,00:45,Arnulf,1,0,1
2025.05.16,00:45,01:00,Arnulf,2,0,2
2025.05.16,01:00,01:15,Arnulf,0,0,0
2025.05.16,01:15,01:30,Arnulf,0,0,0
2025.05.16,01:30,01:45,Arnulf,0,0,0
2025.05.16,01:45,02:00,Arnulf,0,0,0
2025.05.16,02:00,02:15,Arnulf,0,0,0
2025.05.16,02:15,02:30,Arnulf,0,0,0
2025.05.16,02:30,02:45,Arnulf,0,0,0
2025.05.16,02:45,03:00,Arnulf,0,0,0
2025.05.16,03:00,03:15,Arnulf,0,0,0
2025.05.16,03:15,03:30,Arnulf,2,0,2
2025.05.16,03:30,03:45,Arnulf,0,0,0
2025.05.16,03:45,04:00,Arnulf,1,0,1
2025.05.16,04:00,04:15,Arnulf,0,0,0
2025.05.16,04:15,04:30,Arnulf,0,0,0
2025.05.16,04:30,04:45,Arnulf,1,0,1
2025.05.16,04:45,05:00,Arnulf,2,2,4
2025.05.16,05:00,05:15,Arnulf,0,0,0
2025.05.16,05:15,05:30,Arnulf,2,0,2
2025.05.16,05:30,05:45,Arnulf,3,0,3
2025.05.16,05:45,06:00,Arnulf,2,0,2
2025.05.16,06:00,06:15,Arnulf,4,1,5
2025.05.16,06:15,06:30,Arnulf,5,0,5
2025.05.16,06:30,06:45,Arnulf,11,0,11
2025.05.16,06:45,07:00,Arnulf,23,1,24
2025.05.16,07:00,07:15,Arnulf,13,0,13
2025.05.16,07:15,07:30,Arnulf,26,1,27
2025.05.16,07:30,07:45,Arnulf,36,1,37
2025.05.16,07:45,08:00,Arnulf,39,3,42
2025.05.16,08:00,08:15,Arnulf,34,2,36
2025.05.16,08:15,08:30,Arnulf,34,2,36
2025.05.16,08:30,08:45,Arnulf,48,0,48
2025.05.16,08:45,09:00,Arnulf,22,1,23
2025.05.16,09:00,09:15,Arnulf,36,0,36
2025.05.16,09:15,09:30,Arnulf,24,2,26
2025.05.16,09:30,09:45,Arnulf,31,0,31
2025.05.16,09:45,10:00,Arnulf,25,2,27
2025.05.16,10:00,10:15,Arnulf,25,0,25
2025.05.16,10:15,10:30,Arnulf,16,1,17
2025.05.16,10:30,10:45,Arnulf,12,0,12
2025.05.16,10:45,11:00,Arnulf,20,0,20
2025.05.16,11:00,11:15,Arnulf,16,0,16
2025.05.16,11:15,11:30,Arnulf,18,0,18
2025.05.16,11:30,11:45,Arnulf,26,2,28
2025.05.16,11:45,12:00,Arnulf,12,1,13
2025.05.16,12:00,12:15,Arnulf,21,2,23
2025.05.16,12:15,12:30,Arnulf,28,0,28
2025.05.16,12:30,12:45,Arnulf,15,3,18
2025.05.16,12:45,13:00,Arnulf,11,0,11
2025.05.16,13:00,13:15,Arnulf,25,3,28
2025.05.16,13:15,13:30,Arnulf,14,2,16
2025.05.16,13:30,13:45,Arnulf,16,0,16
2025.05.16,13:45,14:00,Arnulf,28,0,28
2025.05.16,14:00,14:15,Arnulf,20,2,22
2025.05.16,14:15,14:30,Arnulf,20,3,23
2025.05.16,14:30,14:45,Arnulf,13,1,14
2025.05.16,14:45,15:00,Arnulf,33,1,34
2025.05.16,15:00,15:15,Arnulf,22,0,22
2025.05.16,15:15,15:30,Arnulf,31,4,35
2025.05.16,15:30,15:45,Arnulf,25,2,27
2025.05.16,15:45,16:00,Arnulf,20,0,20
2025.05.16,16:00,16:15,Arnulf,13,3,16
2025.05.16,16:15,16:30,Arnulf,19,4,23
2025.05.16,16:30,16:45,Arnulf,18,4,22
2025.05.16,16:45,17:00,Arnulf,15,6,21
2025.05.16,17:00,17:15,Arnulf,16,1,17
2025.05.16,17:15,17:30,Arnulf,38,0,38
2025.05.16,17:30,17:45,Arnulf,16,5,21
2025.05.16,17:45,18:00,Arnulf,34,2,36
2025.05.16,18:00,18:15,Arnulf,20,0,20
2025.05.16,18:15,18:30,Arnulf,22,6,28
2025.05.16,18:30,18:45,Arnulf,18,1,19
2025.05.16,18:45,19:00,Arnulf,27,1,28
2025.05.16,19:00,19:15,Arnulf,17,3,20
2025.05.16,19:15,19:30,Arnulf,18,2,20
2025.05.16,19:30,19:45,Arnulf,9,1,10
2025.05.16,19:45,20:00,Arnulf,22,2,24
2025.05.16,20:00,20:15,Arnulf,16,0,16
2025.05.16,20:15,20:30,Arnulf,6,0,6
2025.05.16,20:30,20:45,Arnulf,9,3,12
2025.05.16,20:45,21:00,Arnulf,8,1,9
2025.05.16,21:00,21:15,Arnulf,8,1,9
2025.05.16,21:15,21:30,Arnulf,8,1,9
2025.05.16,21:30,21:45,Arnulf,9,0,9
2025.05.16,21:45,22:00,Arnulf,6,1,7
2025.05.16,22:00,22:15,Arnulf,3,1,4
2025.05.16,22:15,22:30,Arnulf,10,1,11
2025.05.16,22:30,22:45,Arnulf,9,0,9
2025.05.16,22:45,23:00,Arnulf,6,2,8
2025.05.16,23:00,23:15,Arnulf,9,3,12
2025.05.16,23:15,23:30,Arnulf,5,0,5
2025.05.16,23:30,23:45,Arnulf,7,0,7
2025.05.16,23:45,00:00,Arnulf,5,2,7
2025.05.17,00:00,00:15,Arnulf,2,0,2
2025.05.17,00:15,00:30,Arnulf,6,0,6
2025.05.17,00:30,00:45,Arnulf,2,0,2
2025.05.17,00:45,01:00,Arnulf,5,0,5
2025.05.17,01:00,01:15,Arnulf,1,0,1
2025.05.17,01:15,01:30,Arnulf,0,0,0
2025.05.17,01:30,01:45,Arnulf,2,0,2
2025.05.17,01:45,02:00,Arnulf,2,1,3
2025.05.17,02:00,02:15,Arnulf,1,0,1
2025.05.17,02:15,02:30,Arnulf,0,0,0
2025.05.17,02:30,02:45,Arnulf,3,0,3
2025.05.17,02:45,03:00,Arnulf,1,1,2
2025.05.17,03:00,03:15,Arnulf,0,0,0
2025.05.17,03:15,03:30,Arnulf,1,0,1
2025.05.17,03:30,03:45,Arnulf,1,0,1
2025.05.17,03:45,04:00,Arnulf,0,0,0
2025.05.17,04:00,04:15,Arnulf,1,0,1
2025.05.17,04:15,04:30,Arnulf,1,0,1
2025.05.17,04:30,04:45,Arnulf,0,0,0
2025.05.17,04:45,05:00,Arnulf,2,0,2
2025.05.17,05:00,05:15,Arnulf,2,0,2
2025.05.17,05:15,05:30,Arnulf,1,0,1
2025.05.17,05:30,05:45,Arnulf,2,0,2
2025.05.17,05:45,06:00,Arnulf,3,0,3
2025.05.17,06:00,06:15,Arnulf,2,1,3
2025.05.17,06:15,06:30,Arnulf,2,0,2
2025.05.17,06:30,06:45,Arnulf,3,0,3
2025.05.17,06:45,07:00,Arnulf,10,0,10
2025.05.17,07:00,07:15,Arnulf,6,0,6
2025.05.17,07:15,07:30,Arnulf,5,0,5
2025.05.17,07:30,07:45,Arnulf,11,0,11
2025.05.17,07:45,08:00,Arnulf,7,0,7
2025.05.17,08:00,08:15,Arnulf,9,0,9
2025.05.17,08:15,08:30,Arnulf,13,2,15
2025.05.17,08:30,08:45,Arnulf,10,2,12
2025.05.17,08:45,09:00,Arnulf,17,0,17
2025.05.17,09:00,09:15,Arnulf,9,1,10
2025.05.17,09:15,09:30,Arnulf,17,2,19
2025.05.17,09:30,09:45,Arnulf,17,0,17
2025.05.17,09:45,10:00,Arnulf,21,1,22
2025.05.17,10:00,10:15,Arnulf,12,0,12
2025.05.17,10:15,10:30,Arnulf,29,1,30
2025.05.17,10:30,10:45,Arnulf,16,0,16
2025.05.17,10:45,11:00,Arnulf,20,0,20
2025.05.17,11:00,11:15,Arnulf,18,1,19
2025.05.17,11:15,11:30,Arnulf,21,0,21
2025.05.17,11:30,11:45,Arnulf,16,2,18
2025.05.17,11:45,12:00,Arnulf,21,1,22
2025.05.17,12:00,12:15,Arnulf,24,0,24
2025.05.17,12:15,12:30,Arnulf,16,0,16
2025.05.17,12:30,12:45,Arnulf,32,0,32
2025.05.17,12:45,13:00,Arnulf,24,3,27
2025.05.17,13:00,13:15,Arnulf,22,0,22
2025.05.17,13:15,13:30,Arnulf,14,3,17
2025.05.17,13:30,13:45,Arnulf,29,2,31
2025.05.17,13:45,14:00,Arnulf,26,0,26
2025.05.17,14:00,14:15,Arnulf,30,0,30
2025.05.17,14:15,14:30,Arnulf,22,1,23
2025.05.17,14:30,14:45,Arnulf,25,2,27
2025.05.17,14:45,15:00,Arnulf,26,0,26
2025.05.17,15:00,15:15,Arnulf,24,1,25
2025.05.17,15:15,15:30,Arnulf,22,0,22
2025.05.17,15:30,15:45,Arnulf,15,1,16
2025.05.17,15:45,16:00,Arnulf,23,1,24
2025.05.17,16:00,16:15,Arnulf,18,0,18
2025.05.17,16:15,16:30,Arnulf,22,1,23
2025.05.17,16:30,16:45,Arnulf,15,1,16
2025.05.17,16:45,17:00,Arnulf,13,2,15
2025.05.17,17:00,17:15,Arnulf,16,2,18
2025.05.17,17:15,17:30,Arnulf,12,2,14
2025.05.17,17:30,17:45,Arnulf,9,3,12
2025.05.17,17:45,18:00,Arnulf,18,0,18
2025.05.17,18:00,18:15,Arnulf,10,0,10
2025.05.17,18:15,18:30,Arnulf,16,1,17
2025.05.17,18:30,18:45,Arnulf,9,3,12
2025.05.17,18:45,19:00,Arnulf,14,0,14
2025.05.17,19:00,19:15,Arnulf,16,1,17
2025.05.17,19:15,19:30,Arnulf,18,1,19
2025.05.17,19:30,19:45,Arnulf,18,1,19
2025.05.17,19:45,20:00,Arnulf,25,0,25
2025.05.17,20:00,20:15,Arnulf,13,2,15
2025.05.17,20:15,20:30,Arnulf,7,3,10
2025.05.17,20:30,20:45,Arnulf,6,0,6
2025.05.17,20:45,21:00,Arnulf,5,1,6
2025.05.17,21:00,21:15,Arnulf,5,2,7
2025.05.17,21:15,21:30,Arnulf,9,1,10
2025.05.17,21:30,21:45,Arnulf,5,2,7
2025.05.17,21:45,22:00,Arnulf,6,0,6
2025.05.17,22:00,22:15,Arnulf,1,0,1
2025.05.17,22:15,22:30,Arnulf,7,0,7
2025.05.17,22:30,22:45,Arnulf,2,0,2
2025.05.17,22:45,23:00,Arnulf,3,0,3
2025.05.17,23:00,23:15,Arnulf,6,0,6
2025.05.17,23:15,23:30,Arnulf,5,2,7
2025.05.17,23:30,23:45,Arnulf,7,0,7
2025.05.17,23:45,00:00,Arnulf,1,0,1
2025.05.18,00:00,00:15,Arnulf,0,0,0
2025.05.18,00:15,00:30,Arnulf,4,0,4
2025.05.18,00:30,00:45,Arnulf,2,0,2
2025.05.18,00:45,01:00,Arnulf,5,1,6
2025.05.18,01:00,01:15,Arnulf,1,1,2
2025.05.18,01:15,01:30,Arnulf,2,0,2
2025.05.18,01:30,01:45,Arnulf,7,0,7
2025.05.18,01:45,02:00,Arnulf,2,0,2
2025.05.18,02:00,02:15,Arnulf,0,0,0
2025.05.18,02:15,02:30,Arnulf,1,0,1
2025.05.18,02:30,02:45,Arnulf,1,0,1
2025.05.18,02:45,03:00,Arnulf,2,0,2
2025.05.18,03:00,03:15,Arnulf,0,0,0
2025.05.18,03:15,03:30,Arnulf,1,0,1
2025.05.18,03:30,03:45,Arnulf,2,3,5
2025.05.18,03:45,04:00,Arnulf,0,0,0
2025.05.18,04:00,04:15,Arnulf,1,0,1
2025.05.18,04:15,04:30,Arnulf,0,0,0
2025.05.18,04:30,04:45,Arnulf,0,0,0
2025.05.18,04:45,05:00,Arnulf,2,0,2
2025.05.18,05:00,05:15,Arnulf,1,0,1
2025.05.18,05:15,05:30,Arnulf,2,0,2
2025.05.18,05:30,05:45,Arnulf,1,0,1
2025.05.18,05:45,06:00,Arnulf,1,0,1
2025.05.18,06:00,06:15,Arnulf,0,0,0
2025.05.18,06:15,06:30,Arnulf,1,1,2
2025.05.18,06:30,06:45,Arnulf,0,0,0
2025.05.18,06:45,07:00,Arnulf,2,1,3
2025.05.18,07:00,07:15,Arnulf,2,0,2
2025.05.18,07:15,07:30,Arnulf,8,0,8
2025.05.18,07:30,07:45,Arnulf,3,0,3
2025.05.18,07:45,08:00,Arnulf,1,0,1
2025.05.18,08:00,08:15,Arnulf,2,0,2
2025.05.18,08:15,08:30,Arnulf,7,0,7
2025.05.18,08:30,08:45,Arnulf,3,0,3
2025.05.18,08:45,09:00,Arnulf,6,0,6
2025.05.18,09:00,09:15,Arnulf,6,2,8
2025.05.18,09:15,09:30,Arnulf,6,0,6
2025.05.18,09:30,09:45,Arnulf,7,1,8
2025.05.18,09:45,10:00,Arnulf,14,4,18
2025.05.18,10:00,10:15,Arnulf,12,0,12
2025.05.18,10:15,10:30,Arnulf,17,0,17
2025.05.18,10:30,10:45,Arnulf,15,0,15
2025.05.18,10:45,11:00,Arnulf,15,2,17
2025.05.18,11:00,11:15,Arnulf,27,6,33
2025.05.18,11:15,11:30,Arnulf,28,1,29
2025.05.18,11:30,11:45,Arnulf,9,0,9
2025.05.18,11:45,12:00,Arnulf,7,5,12
2025.05.18,12:00,12:15,Arnulf,15,1,16
2025.05.18,12:15,12:30,Arnulf,18,0,18
2025.05.18,12:30,12:45,Arnulf,16,1,17
2025.05.18,12:45,13:00,Arnulf,20,0,20
2025.05.18,13:00,13:15,Arnulf,10,0,10
2025.05.18,13:15,13:30,Arnulf,19,1,20
2025.05.18,13:30,13:45,Arnulf,12,0,12
2025.05.18,13:45,14:00,Arnulf,22,0,22
2025.05.18,14:00,14:15,Arnulf,26,0,26
2025.05.18,14:15,14:30,Arnulf,27,0,27
2025.05.18,14:30,14:45,Arnulf,22,0,22
2025.05.18,14:45,15:00,Arnulf,26,1,27
2025.05.18,15:00,15:15,Arnulf,11,1,12
2025.05.18,15:15,15:30,Arnulf,18,1,19
2025.05.18,15:30,15:45,Arnulf,17,0,17
2025.05.18,15:45,16:00,Arnulf,24,1,25
2025.05.18,16:00,16:15,Arnulf,17,0,17
2025.05.18,16:15,16:30,Arnulf,12,1,13
2025.05.18,16:30,16:45,Arnulf,25,1,26
2025.05.18,16:45,17:00,Arnulf,21,1,22
2025.05.18,17:00,17:15,Arnulf,25,3,28
2025.05.18,17:15,17:30,Arnulf,17,1,18
2025.05.18,17:30,17:45,Arnulf,14,3,17
2025.05.18,17:45,18:00,Arnulf,16,1,17
2025.05.18,18:00,18:15,Arnulf,20,0,20
2025.05.18,18:15,18:30,Arnulf,24,1,25
2025.05.18,18:30,18:45,Arnulf,30,2,32
2025.05.18,18:45,19:00,Arnulf,19,0,19
2025.05.18,19:00,19:15,Arnulf,8,2,10
2025.05.18,19:15,19:30,Arnulf,18,0,18
2025.05.18,19:30,19:45,Arnulf,11,0,11
2025.05.18,19:45,20:00,Arnulf,14,4,18
2025.05.18,20:00,20:15,Arnulf,7,1,8
2025.05.18,20:15,20:30,Arnulf,9,0,9
2025.05.18,20:30,20:45,Arnulf,20,0,20
2025.05.18,20:45,21:00,Arnulf,11,1,12
2025.05.18,21:00,21:15,Arnulf,15,1,16
2025.05.18,21:15,21:30,Arnulf,7,0,7
2025.05.18,21:30,21:45,Arnulf,7,0,7
2025.05.18,21:45,22:00,Arnulf,6,0,6
2025.05.18,22:00,22:15,Arnulf,9,0,9
2025.05.18,22:15,22:30,Arnulf,8,0,8
2025.05.18,22:30,22:45,Arnulf,3,1,4
2025.05.18,22:45,23:00,Arnulf,4,0,4
2025.05.18,23:00,23:15,Arnulf,4,1,5
2025.05.18,23:15,23:30,Arnulf,2,0,2
2025.05.18,23:30,23:45,Arnulf,2,1,3
2025.05.18,23:45,00:00,Arnulf,1,0,1
2025.05.19,00:00,00:15,Arnulf,0,2,2
2025.05.19,00:15,00:30,Arnulf,1,0,1
2025.05.19,00:30,00:45,Arnulf,0,0,0
2025.05.19,00:45,01:00,Arnulf,0,0,0
2025.05.19,01:00,01:15,Arnulf,0,0,0
2025.05.19,01:15,01:30,Arnulf,2,0,2
2025.05.19,01:30,01:45,Arnulf,0,0,0
2025.05.19,01:45,02:00,Arnulf,2,0,2
2025.05.19,02:00,02:15,Arnulf,1,0,1
2025.05.19,02:15,02:30,Arnulf,0,1,1
2025.05.19,02:30,02:45,Arnulf,0,0,0
2025.05.19,02:45,03:00,Arnulf,0,0,0
2025.05.19,03:00,03:15,Arnulf,1,0,1
2025.05.19,03:15,03:30,Arnulf,0,0,0
2025.05.19,03:30,03:45,Arnulf,0,1,1
2025.05.19,03:45,04:00,Arnulf,2,0,2
2025.05.19,04:00,04:15,Arnulf,1,0,1
2025.05.19,04:15,04:30,Arnulf,0,0,0
2025.05.19,04:30,04:45,Arnulf,0,0,0
2025.05.19,04:45,05:00,Arnulf,4,3,7
2025.05.19,05:00,05:15,Arnulf,6,0,6
2025.05.19,05:15,05:30,Arnulf,1,0,1
2025.05.19,05:30,05:45,Arnulf,5,0,5
2025.05.19,05:45,06:00,Arnulf,7,0,7
2025.05.19,06:00,06:15,Arnulf,4,0,4
2025.05.19,06:15,06:30,Arnulf,8,0,8
2025.05.19,06:30,06:45,Arnulf,13,1,14
2025.05.19,06:45,07:00,Arnulf,21,1,22
2025.05.19,07:00,07:15,Arnulf,19,1,20
2025.05.19,07:15,07:30,Arnulf,34,0,34
2025.05.19,07:30,07:45,Arnulf,47,0,47
2025.05.19,07:45,08:00,Arnulf,59,0,59
2025.05.19,08:00,08:15,Arnulf,60,3,63
2025.05.19,08:15,08:30,Arnulf,69,0,69
2025.05.19,08:30,08:45,Arnulf,91,0,91
2025.05.19,08:45,09:00,Arnulf,61,2,63
2025.05.19,09:00,09:15,Arnulf,37,3,40
2025.05.19,09:15,09:30,Arnulf,34,2,36
2025.05.19,09:30,09:45,Arnulf,30,0,30
2025.05.19,09:45,10:00,Arnulf,35,1,36
2025.05.19,10:00,10:15,Arnulf,20,0,20
2025.05.19,10:15,10:30,Arnulf,19,0,19
2025.05.19,10:30,10:45,Arnulf,15,1,16
2025.05.19,10:45,11:00,Arnulf,14,0,14
2025.05.19,11:00,11:15,Arnulf,17,0,17
2025.05.19,11:15,11:30,Arnulf,17,1,18
2025.05.19,11:30,11:45,Arnulf,24,0,24
2025.05.19,11:45,12:00,Arnulf,31,0,31
2025.05.19,12:00,12:15,Arnulf,22,0,22
2025.05.19,12:15,12:30,Arnulf,19,1,20
2025.05.19,12:30,12:45,Arnulf,13,1,14
2025.05.19,12:45,13:00,Arnulf,23,1,24
2025.05.19,13:00,13:15,Arnulf,21,0,21
2025.05.19,13:15,13:30,Arnulf,32,1,33
2025.05.19,13:30,13:45,Arnulf,17,2,19
2025.05.19,13:45,14:00,Arnulf,17,0,17
2025.05.19,14:00,14:15,Arnulf,20,2,22
2025.05.19,14:15,14:30,Arnulf,16,0,16
2025.05.19,14:30,14:45,Arnulf,22,3,25
2025.05.19,14:45,15:00,Arnulf,22,8,30
2025.05.19,15:00,15:15,Arnulf,17,0,17
2025.05.19,15:15,15:30,Arnulf,16,0,16
2025.05.19,15:30,15:45,Arnulf,27,1,28
2025.05.19,15:45,16:00,Arnulf,17,1,18
2025.05.19,16:00,16:15,Arnulf,28,2,30
2025.05.19,16:15,16:30,Arnulf,26,4,30
2025.05.19,16:30,16:45,Arnulf,43,2,45
2025.05.19,16:45,17:00,Arnulf,34,4,38
2025.05.19,17:00,17:15,Arnulf,42,1,43
2025.05.19,17:15,17:30,Arnulf,37,4,41
2025.05.19,17:30,17:45,Arnulf,51,3,54
2025.05.19,17:45,18:00,Arnulf,48,1,49
2025.05.19,18:00,18:15,Arnulf,55,1,56
2025.05.19,18:15,18:30,Arnulf,56,2,58
2025.05.19,18:30,18:45,Arnulf,37,0,37
2025.05.19,18:45,19:00,Arnulf,41,1,42
2025.05.19,19:00,19:15,Arnulf,34,2,36
2025.05.19,19:15,19:30,Arnulf,33,2,35
2025.05.19,19:30,19:45,Arnulf,27,4,31
2025.05.19,19:45,20:00,Arnulf,11,3,14
2025.05.19,20:00,20:15,Arnulf,19,3,22
2025.05.19,20:15,20:30,Arnulf,16,1,17
2025.05.19,20:30,20:45,Arnulf,14,3,17
2025.05.19,20:45,21:00,Arnulf,12,2,14
2025.05.19,21:00,21:15,Arnulf,10,0,10
2025.05.19,21:15,21:30,Arnulf,21,0,21
2025.05.19,21:30,21:45,Arnulf,12,2,14
2025.05.19,21:45,22:00,Arnulf,20,2,22
2025.05.19,22:00,22:15,Arnulf,18,0,18
2025.05.19,22:15,22:30,Arnulf,18,0,18
2025.05.19,22:30,22:45,Arnulf,8,2,10
2025.05.19,22:45,23:00,Arnulf,13,1,14
2025.05.19,23:00,23:15,Arnulf,11,1,12
2025.05.19,23:15,23:30,Arnulf,6,1,7
2025.05.19,23:30,23:45,Arnulf,3,0,3
2025.05.19,23:45,00:00,Arnulf,0,1,1
2025.05.20,00:00,00:15,Arnulf,1,0,1
2025.05.20,00:15,00:30,Arnulf,4,0,4
2025.05.20,00:30,00:45,Arnulf,0,0,0
2025.05.20,00:45,01:00,Arnulf,0,0,0
2025.05.20,01:00,01:15,Arnulf,0,0,0
2025.05.20,01:15,01:30,Arnulf,1,0,1
2025.05.20,01:30,01:45,Arnulf,0,0,0
2025.05.20,01:45,02:00,Arnulf,2,0,2
2025.05.20,02:00,02:15,Arnulf,0,0,0
2025.05.20,02:15,02:30,Arnulf,1,0,1
2025.05.20,02:30,02:45,Arnulf,0,0,0
2025.05.20,02:45,03:00,Arnulf,0,0,0
2025.05.20,03:00,03:15,Arnulf,1,0,1
2025.05.20,03:15,03:30,Arnulf,1,0,1
2025.05.20,03:30,03:45,Arnulf,0,0,0
2025.05.20,03:45,04:00,Arnulf,0,0,0
2025.05.20,04:00,04:15,Arnulf,0,0,0
2025.05.20,04:15,04:30,Arnulf,2,0,2
2025.05.20,04:30,04:45,Arnulf,2,0,2
2025.05.20,04:45,05:00,Arnulf,1,0,1
2025.05.20,05:00,05:15,Arnulf,3,0,3
2025.05.20,05:15,05:30,Arnulf,5,0,5
2025.05.20,05:30,05:45,Arnulf,5,0,5
2025.05.20,05:45,06:00,Arnulf,7,0,7
2025.05.20,06:00,06:15,Arnulf,12,0,12
2025.05.20,06:15,06:30,Arnulf,6,0,6
2025.05.20,06:30,06:45,Arnulf,7,0,7
2025.05.20,06:45,07:00,Arnulf,32,1,33
2025.05.20,07:00,07:15,Arnulf,17,1,18
2025.05.20,07:15,07:30,Arnulf,37,1,38
2025.05.20,07:30,07:45,Arnulf,41,2,43
2025.05.20,07:45,08:00,Arnulf,51,2,53
2025.05.20,08:00,08:15,Arnulf,62,1,63
2025.05.20,08:15,08:30,Arnulf,64,0,64
2025.05.20,08:30,08:45,Arnulf,92,0,92
2025.05.20,08:45,09:00,Arnulf,59,0,59
2025.05.20,09:00,09:15,Arnulf,49,5,54
2025.05.20,09:15,09:30,Arnulf,35,1,36
2025.05.20,09:30,09:45,Arnulf,22,1,23
2025.05.20,09:45,10:00,Arnulf,35,0,35
2025.05.20,10:00,10:15,Arnulf,19,2,21
2025.05.20,10:15,10:30,Arnulf,11,1,12
2025.05.20,10:30,10:45,Arnulf,26,1,27
2025.05.20,10:45,11:00,Arnulf,20,0,20
2025.05.20,11:00,11:15,Arnulf,27,1,28
2025.05.20,11:15,11:30,Arnulf,14,1,15
2025.05.20,11:30,11:45,Arnulf,17,0,17
2025.05.20,11:45,12:00,Arnulf,23,3,26
2025.05.20,12:00,12:15,Arnulf,22,1,23
2025.05.20,12:15,12:30,Arnulf,28,0,28
2025.05.20,12:30,12:45,Arnulf,24,1,25
2025.05.20,12:45,13:00,Arnulf,26,1,27
2025.05.20,13:00,13:15,Arnulf,18,2,20
2025.05.20,13:15,13:30,Arnulf,22,3,25
2025.05.20,13:30,13:45,Arnulf,24,2,26
2025.05.20,13:45,14:00,Arnulf,19,1,20
2025.05.20,14:00,14:15,Arnulf,19,1,20
2025.05.20,14:15,14:30,Arnulf,18,2,20
2025.05.20,14:30,14:45,Arnulf,33,0,33
2025.05.20,14:45,15:00,Arnulf,20,2,22
2025.05.20,15:00,15:15,Arnulf,18,0,18
2025.05.20,15:15,15:30,Arnulf,30,3,33
2025.05.20,15:30,15:45,Arnulf,26,2,28
2025.05.20,15:45,16:00,Arnulf,24,2,26
2025.05.20,16:00,16:15,Arnulf,28,3,31
2025.05.20,16:15,16:30,Arnulf,43,0,43
2025.05.20,16:30,16:45,Arnulf,37,7,44
2025.05.20,16:45,17:00,Arnulf,40,3,43
2025.05.20,17:00,17:15,Arnulf,55,1,56
2025.05.20,17:15,17:30,Arnulf,57,2,59
2025.05.20,17:30,17:45,Arnulf,49,2,51
2025.05.20,17:45,18:00,Arnulf,71,0,71
2025.05.20,18:00,18:15,Arnulf,40,5,45
2025.05.20,18:15,18:30,Arnulf,38,1,39
2025.05.20,18:30,18:45,Arnulf,45,5,50
2025.05.20,18:45,19:00,Arnulf,49,1,50
2025.05.20,19:00,19:15,Arnulf,31,2,33
2025.05.20,19:15,19:30,Arnulf,48,0,48
2025.05.20,19:30,19:45,Arnulf,34,4,38
2025.05.20,19:45,20:00,Arnulf,26,5,31
2025.05.20,20:00,20:15,Arnulf,22,0,22
2025.05.20,20:15,20:30,Arnulf,20,1,21
2025.05.20,20:30,20:45,Arnulf,14,2,16
2025.05.20,20:45,21:00,Arnulf,16,1,17
2025.05.20,21:00,21:15,Arnulf,14,1,15
2025.05.20,21:15,21:30,Arnulf,22,3,25
2025.05.20,21:30,21:45,Arnulf,17,1,18
2025.05.20,21:45,22:00,Arnulf,15,3,18
2025.05.20,22:00,22:15,Arnulf,18,0,18
2025.05.20,22:15,22:30,Arnulf,20,0,20
2025.05.20,22:30,22:45,Arnulf,20,0,20
2025.05.20,22:45,23:00,Arnulf,15,0,15
2025.05.20,23:00,23:15,Arnulf,13,1,14
2025.05.20,23:15,23:30,Arnulf,7,1,8
2025.05.20,23:30,23:45,Arnulf,12,0,12
2025.05.20,23:45,00:00,Arnulf,3,0,3
2025.05.21,00:00,00:15,Arnulf,4,1,5
2025.05.21,00:15,00:30,Arnulf,3,0,3
2025.05.21,00:30,00:45,Arnulf,3,0,3
2025.05.21,00:45,01:00,Arnulf,1,0,1
2025.05.21,01:00,01:15,Arnulf,0,0,0
2025.05.21,01:15,01:30,Arnulf,0,0,0
2025.05.21,01:30,01:45,Arnulf,1,0,1
2025.05.21,01:45,02:00,Arnulf,0,0,0
2025.05.21,02:00,02:15,Arnulf,1,0,1
2025.05.21,02:15,02:30,Arnulf,0,1,1
2025.05.21,02:30,02:45,Arnulf,0,0,0
2025.05.21,02:45,03:00,Arnulf,0,0,0
2025.05.21,03:00,03:15,Arnulf,0,0,0
2025.05.21,03:15,03:30,Arnulf,1,0,1
2025.05.21,03:30,03:45,Arnulf,0,0,0
2025.05.21,03:45,04:00,Arnulf,0,0,0
2025.05.21,04:00,04:15,Arnulf,1,0,1
2025.05.21,04:15,04:30,Arnulf,1,0,1
2025.05.21,04:30,04:45,Arnulf,1,0,1
2025.05.21,04:45,05:00,Arnulf,2,0,2
2025.05.21,05:00,05:15,Arnulf,3,0,3
2025.05.21,05:15,05:30,Arnulf,3,0,3
2025.05.21,05:30,05:45,Arnulf,4,0,4
2025.05.21,05:45,06:00,Arnulf,5,1,6
2025.05.21,06:00,06:15,Arnulf,2,0,2
2025.05.21,06:15,06:30,Arnulf,4,0,4
2025.05.21,06:30,06:45,Arnulf,10,0,10
2025.05.21,06:45,07:00,Arnulf,20,2,22
2025.05.21,07:00,07:15,Arnulf,17,1,18
2025.05.21,07:15,07:30,Arnulf,30,0,30
2025.05.21,07:30,07:45,Arnulf,41,2,43
2025.05.21,07:45,08:00,Arnulf,40,1,41
2025.05.21,08:00,08:15,Arnulf,47,1,48
2025.05.21,08:15,08:30,Arnulf,58,0,58
2025.05.21,08:30,08:45,Arnulf,68,0,68
2025.05.21,08:45,09:00,Arnulf,67,3,70
2025.05.21,09:00,09:15,Arnulf,28,2,30
2025.05.21,09:15,09:30,Arnulf,37,2,39
2025.05.21,09:30,09:45,Arnulf,28,0,28
2025.05.21,09:45,10:00,Arnulf,32,5,37
2025.05.21,10:00,10:15,Arnulf,17,1,18
2025.05.21,10:15,10:30,Arnulf,16,1,17
2025.05.21,10:30,10:45,Arnulf,14,2,16
2025.05.21,10:45,11:00,Arnulf,19,1,20
2025.05.21,11:00,11:15,Arnulf,10,0,10
2025.05.21,11:15,11:30,Arnulf,17,1,18
2025.05.21,11:30,11:45,Arnulf,16,1,17
2025.05.21,11:45,12:00,Arnulf,18,2,20
2025.05.21,12:00,12:15,Arnulf,15,3,18
2025.05.21,12:15,12:30,Arnulf,21,2,23
2025.05.21,12:30,12:45,Arnulf,17,0,17
2025.05.21,12:45,13:00,Arnulf,21,0,21
2025.05.21,13:00,13:15,Arnulf,17,0,17
2025.05.21,13:15,13:30,Arnulf,25,2,27
2025.05.21,13:30,13:45,Arnulf,23,1,24
2025.05.21,13:45,14:00,Arnulf,21,0,21
2025.05.21,14:00,14:15,Arnulf,16,1,17
2025.05.21,14:15,14:30,Arnulf,18,0,18
2025.05.21,14:30,14:45,Arnulf,27,2,29
2025.05.21,14:45,15:00,Arnulf,25,2,27
2025.05.21,15:00,15:15,Arnulf,19,1,20
2025.05.21,15:15,15:30,Arnulf,21,0,21
2025.05.21,15:30,15:45,Arnulf,23,1,24
2025.05.21,15:45,16:00,Arnulf,25,0,25
2025.05.21,16:00,16:15,Arnulf,18,1,19
2025.05.21,16:15,16:30,Arnulf,23,3,26
2025.05.21,16:30,16:45,Arnulf,34,1,35
2025.05.21,16:45,17:00,Arnulf,34,1,35
2025.05.21,17:00,17:15,Arnulf,29,2,31
2025.05.21,17:15,17:30,Arnulf,41,1,42
2025.05.21,17:30,17:45,Arnulf,40,2,42
2025.05.21,17:45,18:00,Arnulf,41,4,45
2025.05.21,18:00,18:15,Arnulf,35,2,37
2025.05.21,18:15,18:30,Arnulf,41,0,41
2025.05.21,18:30,18:45,Arnulf,25,0,25
2025.05.21,18:45,19:00,Arnulf,22,5,27
2025.05.21,19:00,19:15,Arnulf,25,1,26
2025.05.21,19:15,19:30,Arnulf,28,4,32
2025.05.21,19:30,19:45,Arnulf,25,2,27
2025.05.21,19:45,20:00,Arnulf,14,1,15
2025.05.21,20:00,20:15,Arnulf,13,1,14
2025.05.21,20:15,20:30,Arnulf,10,1,11
2025.05.21,20:30,20:45,Arnulf,12,0,12
2025.05.21,20:45,21:00,Arnulf,14,1,15
2025.05.21,21:00,21:15,Arnulf,9,1,10
2025.05.21,21:15,21:30,Arnulf,7,1,8
2025.05.21,21:30,21:45,Arnulf,13,3,16
2025.05.21,21:45,22:00,Arnulf,7,0,7
2025.05.21,22:00,22:15,Arnulf,11,2,13
2025.05.21,22:15,22:30,Arnulf,18,1,19
2025.05.21,22:30,22:45,Arnulf,6,2,8
2025.05.21,22:45,23:00,Arnulf,6,0,6
2025.05.21,23:00,23:15,Arnulf,6,1,7
2025.05.21,23:15,23:30,Arnulf,3,0,3
2025.05.21,23:30,23:45,Arnulf,3,0,3
2025.05.21,23:45,00:00,Arnulf,3,0,3
2025.05.22,00:00,00:15,Arnulf,3,0,3
2025.05.22,00:15,00:30,Arnulf,1,0,1
2025.05.22,00:30,00:45,Arnulf,0,0,0
2025.05.22,00:45,01:00,Arnulf,0,0,0
2025.05.22,01:00,01:15,Arnulf,0,1,1
2025.05.22,01:15,01:30,Arnulf,0,0,0
2025.05.22,01:30,01:45,Arnulf,1,0,1
2025.05.22,01:45,02:00,Arnulf,8,0,8
2025.05.22,02:00,02:15,Arnulf,2,0,2
2025.05.22,02:15,02:30,Arnulf,0,0,0
2025.05.22,02:30,02:45,Arnulf,0,0,0
2025.05.22,02:45,03:00,Arnulf,0,1,1
2025.05.22,03:00,03:15,Arnulf,1,1,2
2025.05.22,03:15,03:30,Arnulf,1,0,1
2025.05.22,03:30,03:45,Arnulf,0,0,0
2025.05.22,03:45,04:00,Arnulf,0,0,0
2025.05.22,04:00,04:15,Arnulf,1,0,1
2025.05.22,04:15,04:30,Arnulf,0,0,0
2025.05.22,04:30,04:45,Arnulf,0,0,0
2025.05.22,04:45,05:00,Arnulf,1,1,2
2025.05.22,05:00,05:15,Arnulf,0,0,0
2025.05.22,05:15,05:30,Arnulf,2,2,4
2025.05.22,05:30,05:45,Arnulf,4,0,4
2025.05.22,05:45,06:00,Arnulf,2,0,2
2025.05.22,06:00,06:15,Arnulf,3,0,3
2025.05.22,06:15,06:30,Arnulf,3,0,3
2025.05.22,06:30,06:45,Arnulf,6,0,6
2025.05.22,06:45,07:00,Arnulf,9,0,9
2025.05.22,07:00,07:15,Arnulf,10,1,11
2025.05.22,07:15,07:30,Arnulf,20,1,21
2025.05.22,07:30,07:45,Arnulf,23,0,23
2025.05.22,07:45,08:00,Arnulf,31,2,33
2025.05.22,08:00,08:15,Arnulf,35,1,36
2025.05.22,08:15,08:30,Arnulf,42,2,44
2025.05.22,08:30,08:45,Arnulf,29,0,29
2025.05.22,08:45,09:00,Arnulf,25,1,26
2025.05.22,09:00,09:15,Arnulf,15,0,15
2025.05.22,09:15,09:30,Arnulf,25,1,26
2025.05.22,09:30,09:45,Arnulf,14,1,15
2025.05.22,09:45,10:00,Arnulf,20,0,20
2025.05.22,10:00,10:15,Arnulf,17,1,18
2025.05.22,10:15,10:30,Arnulf,16,1,17
2025.05.22,10:30,10:45,Arnulf,21,0,21
2025.05.22,10:45,11:00,Arnulf,16,0,16
2025.05.22,11:00,11:15,Arnulf,17,1,18
2025.05.22,11:15,11:30,Arnulf,24,0,24
2025.05.22,11:30,11:45,Arnulf,13,1,14
2025.05.22,11:45,12:00,Arnulf,14,0,14
2025.05.22,12:00,12:15,Arnulf,18,1,19
2025.05.22,12:15,12:30,Arnulf,18,4,22
2025.05.22,12:30,12:45,Arnulf,14,3,17
2025.05.22,12:45,13:00,Arnulf,19,0,19
2025.05.22,13:00,13:15,Arnulf,3,0,3
2025.05.22,13:15,13:30,Arnulf,12,1,13
2025.05.22,13:30,13:45,Arnulf,8,0,8
2025.05.22,13:45,14:00,Arnulf,16,1,17
2025.05.22,14:00,14:15,Arnulf,11,1,12
2025.05.22,14:15,14:30,Arnulf,7,0,7
2025.05.22,14:30,14:45,Arnulf,14,0,14
2025.05.22,14:45,15:00,Arnulf,11,2,13
2025.05.22,15:00,15:15,Arnulf,9,0,9
2025.05.22,15:15,15:30,Arnulf,16,0,16
2025.05.22,15:30,15:45,Arnulf,9,4,13
2025.05.22,15:45,16:00,Arnulf,14,2,16
2025.05.22,16:00,16:15,Arnulf,20,3,23
2025.05.22,16:15,16:30,Arnulf,15,1,16
2025.05.22,16:30,16:45,Arnulf,17,2,19
2025.05.22,16:45,17:00,Arnulf,17,2,19
2025.05.22,17:00,17:15,Arnulf,18,1,19
2025.05.22,17:15,17:30,Arnulf,24,2,26
2025.05.22,17:30,17:45,Arnulf,26,4,30
2025.05.22,17:45,18:00,Arnulf,25,1,26
2025.05.22,18:00,18:15,Arnulf,12,1,13
2025.05.22,18:15,18:30,Arnulf,22,3,25
2025.05.22,18:30,18:45,Arnulf,15,0,15
2025.05.22,18:45,19:00,Arnulf,22,3,25
2025.05.22,19:00,19:15,Arnulf,11,0,11
2025.05.22,19:15,19:30,Arnulf,17,1,18
2025.05.22,19:30,19:45,Arnulf,14,0,14
2025.05.22,19:45,20:00,Arnulf,10,0,10
2025.05.22,20:00,20:15,Arnulf,11,1,12
2025.05.22,20:15,20:30,Arnulf,6,0,6
2025.05.22,20:30,20:45,Arnulf,10,0,10
2025.05.22,20:45,21:00,Arnulf,7,0,7
2025.05.22,21:00,21:15,Arnulf,15,0,15
2025.05.22,21:15,21:30,Arnulf,7,2,9
2025.05.22,21:30,21:45,Arnulf,2,0,2
2025.05.22,21:45,22:00,Arnulf,8,1,9
2025.05.22,22:00,22:15,Arnulf,9,0,9
2025.05.22,22:15,22:30,Arnulf,9,0,9
2025.05.22,22:30,22:45,Arnulf,2,1,3
2025.05.22,22:45,23:00,Arnulf,3,1,4
2025.05.22,23:00,23:15,Arnulf,3,1,4
2025.05.22,23:15,23:30,Arnulf,4,0,4
2025.05.22,23:30,23:45,Arnulf,5,0,5
2025.05.22,23:45,00:00,Arnulf,5,1,6
2025.05.23,00:00,00:15,Arnulf,2,1,3
2025.05.23,00:15,00:30,Arnulf,1,0,1
2025.05.23,00:30,00:45,Arnulf,3,0,3
2025.05.23,00:45,01:00,Arnulf,3,0,3
2025.05.23,01:00,01:15,Arnulf,0,1,1
2025.05.23,01:15,01:30,Arnulf,5,0,5
2025.05.23,01:30,01:45,Arnulf,1,0,1
2025.05.23,01:45,02:00,Arnulf,1,0,1
2025.05.23,02:00,02:15,Arnulf,0,0,0
2025.05.23,02:15,02:30,Arnulf,0,1,1
2025.05.23,02:30,02:45,Arnulf,0,0,0
2025.05.23,02:45,03:00,Arnulf,0,0,0
2025.05.23,03:00,03:15,Arnulf,0,1,1
2025.05.23,03:15,03:30,Arnulf,0,0,0
2025.05.23,03:30,03:45,Arnulf,0,0,0
2025.05.23,03:45,04:00,Arnulf,0,0,0
2025.05.23,04:00,04:15,Arnulf,1,0,1
2025.05.23,04:15,04:30,Arnulf,0,1,1
2025.05.23,04:30,04:45,Arnulf,1,1,2
2025.05.23,04:45,05:00,Arnulf,3,0,3
2025.05.23,05:00,05:15,Arnulf,1,0,1
2025.05.23,05:15,05:30,Arnulf,3,0,3
2025.05.23,05:30,05:45,Arnulf,3,0,3
2025.05.23,05:45,06:00,Arnulf,0,0,0
2025.05.23,06:00,06:15,Arnulf,4,0,4
2025.05.23,06:15,06:30,Arnulf,9,0,9
2025.05.23,06:30,06:45,Arnulf,8,0,8
2025.05.23,06:45,07:00,Arnulf,10,0,10
2025.05.23,07:00,07:15,Arnulf,12,0,12
2025.05.23,07:15,07:30,Arnulf,23,2,25
2025.05.23,07:30,07:45,Arnulf,25,2,27
2025.05.23,07:45,08:00,Arnulf,36,0,36
2025.05.23,08:00,08:15,Arnulf,32,1,33
2025.05.23,08:15,08:30,Arnulf,31,3,34
2025.05.23,08:30,08:45,Arnulf,36,0,36
2025.05.23,08:45,09:00,Arnulf,38,2,40
2025.05.23,09:00,09:15,Arnulf,30,2,32
2025.05.23,09:15,09:30,Arnulf,25,1,26
2025.05.23,09:30,09:45,Arnulf,13,1,14
2025.05.23,09:45,10:00,Arnulf,33,1,34
2025.05.23,10:00,10:15,Arnulf,17,0,17
2025.05.23,10:15,10:30,Arnulf,18,1,19
2025.05.23,10:30,10:45,Arnulf,17,1,18
2025.05.23,10:45,11:00,Arnulf,12,1,13
2025.05.23,11:00,11:15,Arnulf,12,0,12
2025.05.23,11:15,11:30,Arnulf,13,0,13
2025.05.23,11:30,11:45,Arnulf,19,1,20
2025.05.23,11:45,12:00,Arnulf,19,0,19
2025.05.23,12:00,12:15,Arnulf,21,1,22
2025.05.23,12:15,12:30,Arnulf,19,1,20
2025.05.23,12:30,12:45,Arnulf,13,0,13
2025.05.23,12:45,13:00,Arnulf,4,3,7
2025.05.23,13:00,13:15,Arnulf,7,1,8
2025.05.23,13:15,13:30,Arnulf,13,1,14
2025.05.23,13:30,13:45,Arnulf,12,3,15
2025.05.23,13:45,14:00,Arnulf,22,1,23
2025.05.23,14:00,14:15,Arnulf,7,1,8
2025.05.23,14:15,14:30,Arnulf,10,2,12
2025.05.23,14:30,14:45,Arnulf,12,3,15
2025.05.23,14:45,15:00,Arnulf,18,2,20
2025.05.23,15:00,15:15,Arnulf,18,0,18
2025.05.23,15:15,15:30,Arnulf,10,1,11
2025.05.23,15:30,15:45,Arnulf,22,0,22
2025.05.23,15:45,16:00,Arnulf,9,3,12
2025.05.23,16:00,16:15,Arnulf,17,4,21
2025.05.23,16:15,16:30,Arnulf,21,3,24
2025.05.23,16:30,16:45,Arnulf,18,0,18
2025.05.23,16:45,17:00,Arnulf,23,0,23
2025.05.23,17:00,17:15,Arnulf,19,2,21
2025.05.23,17:15,17:30,Arnulf,27,1,28
2025.05.23,17:30,17:45,Arnulf,17,4,21
2025.05.23,17:45,18:00,Arnulf,36,3,39
2025.05.23,18:00,18:15,Arnulf,19,2,21
2025.05.23,18:15,18:30,Arnulf,26,2,28
2025.05.23,18:30,18:45,Arnulf,18,1,19
2025.05.23,18:45,19:00,Arnulf,24,0,24
2025.05.23,19:00,19:15,Arnulf,22,3,25
2025.05.23,19:15,19:30,Arnulf,28,3,31
2025.05.23,19:30,19:45,Arnulf,16,1,17
2025.05.23,19:45,20:00,Arnulf,13,1,14
2025.05.23,20:00,20:15,Arnulf,7,3,10
2025.05.23,20:15,20:30,Arnulf,6,1,7
2025.05.23,20:30,20:45,Arnulf,7,0,7
2025.05.23,20:45,21:00,Arnulf,12,0,12
2025.05.23,21:00,21:15,Arnulf,5,2,7
2025.05.23,21:15,21:30,Arnulf,8,1,9
2025.05.23,21:30,21:45,Arnulf,14,0,14
2025.05.23,21:45,22:00,Arnulf,9,1,10
2025.05.23,22:00,22:15,Arnulf,7,0,7
2025.05.23,22:15,22:30,Arnulf,9,1,10
2025.05.23,22:30,22:45,Arnulf,6,1,7
2025.05.23,22:45,23:00,Arnulf,1,1,2
2025.05.23,23:00,23:15,Arnulf,7,0,7
2025.05.23,23:15,23:30,Arnulf,7,1,8
2025.05.23,23:30,23:45,Arnulf,3,2,5
2025.05.23,23:45,00:00,Arnulf,5,0,5
2025.05.24,00:00,00:15,Arnulf,3,0,3
2025.05.24,00:15,00:30,Arnulf,4,0,4
2025.05.24,00:30,00:45,Arnulf,1,0,1
2025.05.24,00:45,01:00,Arnulf,3,0,3
2025.05.24,01:00,01:15,Arnulf,3,0,3
2025.05.24,01:15,01:30,Arnulf,4,0,4
2025.05.24,01:30,01:45,Arnulf,4,0,4
2025.05.24,01:45,02:00,Arnulf,3,0,3
2025.05.24,02:00,02:15,Arnulf,0,0,0
2025.05.24,02:15,02:30,Arnulf,0,0,0
2025.05.24,02:30,02:45,Arnulf,1,0,1
2025.05.24,02:45,03:00,Arnulf,0,0,0
2025.05.24,03:00,03:15,Arnulf,0,1,1
2025.05.24,03:15,03:30,Arnulf,1,1,2
2025.05.24,03:30,03:45,Arnulf,2,3,5
2025.05.24,03:45,04:00,Arnulf,0,0,0
2025.05.24,04:00,04:15,Arnulf,0,0,0
2025.05.24,04:15,04:30,Arnulf,2,0,2
2025.05.24,04:30,04:45,Arnulf,2,0,2
2025.05.24,04:45,05:00,Arnulf,1,0,1
2025.05.24,05:00,05:15,Arnulf,3,0,3
2025.05.24,05:15,05:30,Arnulf,1,0,1
2025.05.24,05:30,05:45,Arnulf,3,0,3
2025.05.24,05:45,06:00,Arnulf,2,0,2
2025.05.24,06:00,06:15,Arnulf,3,0,3
2025.05.24,06:15,06:30,Arnulf,6,0,6
2025.05.24,06:30,06:45,Arnulf,6,1,7
2025.05.24,06:45,07:00,Arnulf,5,0,5
2025.05.24,07:00,07:15,Arnulf,3,1,4
2025.05.24,07:15,07:30,Arnulf,9,1,10
2025.05.24,07:30,07:45,Arnulf,7,1,8
2025.05.24,07:45,08:00,Arnulf,3,0,3
2025.05.24,08:00,08:15,Arnulf,7,0,7
2025.05.24,08:15,08:30,Arnulf,14,1,15
2025.05.24,08:30,08:45,Arnulf,8,0,8
2025.05.24,08:45,09:00,Arnulf,14,1,15
2025.05.24,09:00,09:15,Arnulf,13,0,13
2025.05.24,09:15,09:30,Arnulf,18,0,18
2025.05.24,09:30,09:45,Arnulf,18,1,19
2025.05.24,09:45,10:00,Arnulf,24,0,24
2025.05.24,10:00,10:15,Arnulf,19,2,21
2025.05.24,10:15,10:30,Arnulf,33,0,33
2025.05.24,10:30,10:45,Arnulf,18,0,18
2025.05.24,10:45,11:00,Arnulf,18,1,19
2025.05.24,11:00,11:15,Arnulf,17,1,18
2025.05.24,11:15,11:30,Arnulf,20,0,20
2025.05.24,11:30,11:45,Arnulf,23,0,23
2025.05.24,11:45,12:00,Arnulf,16,1,17
2025.05.24,12:00,12:15,Arnulf,16,0,16
2025.05.24,12:15,12:30,Arnulf,27,2,29
2025.05.24,12:30,12:45,Arnulf,27,2,29
2025.05.24,12:45,13:00,Arnulf,18,2,20
2025.05.24,13:00,13:15,Arnulf,10,2,12
2025.05.24,13:15,13:30,Arnulf,26,1,27
2025.05.24,13:30,13:45,Arnulf,17,0,17
2025.05.24,13:45,14:00,Arnulf,18,1,19
2025.05.24,14:00,14:15,Arnulf,17,0,17
2025.05.24,14:15,14:30,Arnulf,34,0,34
2025.05.24,14:30,14:45,Arnulf,22,0,22
2025.05.24,14:45,15:00,Arnulf,17,0,17
2025.05.24,15:00,15:15,Arnulf,19,0,19
2025.05.24,15:15,15:30,Arnulf,33,2,35
2025.05.24,15:30,15:45,Arnulf,26,0,26
2025.05.24,15:45,16:00,Arnulf,28,0,28
2025.05.24,16:00,16:15,Arnulf,13,2,15
2025.05.24,16:15,16:30,Arnulf,21,1,22
2025.05.24,16:30,16:45,Arnulf,19,1,20
2025.05.24,16:45,17:00,Arnulf,31,0,31
2025.05.24,17:00,17:15,Arnulf,23,0,23
2025.05.24,17:15,17:30,Arnulf,15,1,16
2025.05.24,17:30,17:45,Arnulf,24,0,24
2025.05.24,17:45,18:00,Arnulf,16,3,19
2025.05.24,18:00,18:15,Arnulf,20,0,20
2025.05.24,18:15,18:30,Arnulf,19,1,20
2025.05.24,18:30,18:45,Arnulf,14,0,14
2025.05.24,18:45,19:00,Arnulf,12,0,12
2025.05.24,19:00,19:15,Arnulf,9,0,9
2025.05.24,19:15,19:30,Arnulf,16,1,17
2025.05.24,19:30,19:45,Arnulf,18,0,18
2025.05.24,19:45,20:00,Arnulf,9,1,10
2025.05.24,20:00,20:15,Arnulf,7,3,10
2025.05.24,20:15,20:30,Arnulf,15,0,15
2025.05.24,20:30,20:45,Arnulf,6,1,7
2025.05.24,20:45,21:00,Arnulf,13,0,13
2025.05.24,21:00,21:15,Arnulf,6,4,10
2025.05.24,21:15,21:30,Arnulf,8,1,9
2025.05.24,21:30,21:45,Arnulf,8,0,8
2025.05.24,21:45,22:00,Arnulf,16,2,18
2025.05.24,22:00,22:15,Arnulf,9,0,9
2025.05.24,22:15,22:30,Arnulf,8,0,8
2025.05.24,22:30,22:45,Arnulf,3,1,4
2025.05.24,22:45,23:00,Arnulf,5,2,7
2025.05.24,23:00,23:15,Arnulf,13,1,14
2025.05.24,23:15,23:30,Arnulf,3,1,4
2025.05.24,23:30,23:45,Arnulf,2,1,3
2025.05.24,23:45,00:00,Arnulf,5,0,5
2025.05.25,00:00,00:15,Arnulf,3,0,3
2025.05.25,00:15,00:30,Arnulf,3,0,3
2025.05.25,00:30,00:45,Arnulf,1,0,1
2025.05.25,00:45,01:00,Arnulf,0,1,1
2025.05.25,01:00,01:15,Arnulf,3,1,4
2025.05.25,01:15,01:30,Arnulf,0,0,0
2025.05.25,01:30,01:45,Arnulf,2,0,2
2025.05.25,01:45,02:00,Arnulf,1,0,1
2025.05.25,02:00,02:15,Arnulf,1,0,1
2025.05.25,02:15,02:30,Arnulf,2,0,2
2025.05.25,02:30,02:45,Arnulf,5,0,5
2025.05.25,02:45,03:00,Arnulf,2,0,2
2025.05.25,03:00,03:15,Arnulf,0,0,0
2025.05.25,03:15,03:30,Arnulf,0,0,0
2025.05.25,03:30,03:45,Arnulf,0,1,1
2025.05.25,03:45,04:00,Arnulf,0,0,0
2025.05.25,04:00,04:15,Arnulf,0,0,0
2025.05.25,04:15,04:30,Arnulf,1,0,1
2025.05.25,04:30,04:45,Arnulf,1,0,1
2025.05.25,04:45,05:00,Arnulf,2,0,2
2025.05.25,05:00,05:15,Arnulf,0,0,0
2025.05.25,05:15,05:30,Arnulf,1,0,1
2025.05.25,05:30,05:45,Arnulf,2,1,3
2025.05.25,05:45,06:00,Arnulf,1,0,1
2025.05.25,06:00,06:15,Arnulf,2,0,2
2025.05.25,06:15,06:30,Arnulf,1,0,1
2025.05.25,06:30,06:45,Arnulf,3,0,3
2025.05.25,06:45,07:00,Arnulf,2,0,2
2025.05.25,07:00,07:15,Arnulf,2,0,2
2025.05.25,07:15,07:30,Arnulf,5,0,5
2025.05.25,07:30,07:45,Arnulf,2,0,2
2025.05.25,07:45,08:00,Arnulf,1,0,1
2025.05.25,08:00,08:15,Arnulf,0,1,1
2025.05.25,08:15,08:30,Arnulf,3,1,4
2025.05.25,08:30,08:45,Arnulf,2,1,3
2025.05.25,08:45,09:00,Arnulf,5,0,5
2025.05.25,09:00,09:15,Arnulf,4,0,4
2025.05.25,09:15,09:30,Arnulf,2,0,2
2025.05.25,09:30,09:45,Arnulf,3,0,3
2025.05.25,09:45,10:00,Arnulf,7,0,7
2025.05.25,10:00,10:15,Arnulf,2,0,2
2025.05.25,10:15,10:30,Arnulf,3,0,3
2025.05.25,10:30,10:45,Arnulf,5,0,5
2025.05.25,10:45,11:00,Arnulf,3,0,3
2025.05.25,11:00,11:15,Arnulf,3,0,3
2025.05.25,11:15,11:30,Arnulf,4,0,4
2025.05.25,11:30,11:45,Arnulf,4,2,6
2025.05.25,11:45,12:00,Arnulf,5,0,5
2025.05.25,12:00,12:15,Arnulf,5,1,6
2025.05.25,12:15,12:30,Arnulf,2,0,2
2025.05.25,12:30,12:45,Arnulf,6,0,6
2025.05.25,12:45,13:00,Arnulf,4,1,5
2025.05.25,13:00,13:15,Arnulf,4,0,4
2025.05.25,13:15,13:30,Arnulf,4,0,4
2025.05.25,13:30,13:45,Arnulf,5,0,5
2025.05.25,13:45,14:00,Arnulf,3,0,3
2025.05.25,14:00,14:15,Arnulf,8,1,9
2025.05.25,14:15,14:30,Arnulf,4,0,4
2025.05.25,14:30,14:45,Arnulf,4,0,4
2025.05.25,14:45,15:00,Arnulf,3,0,3
2025.05.25,15:00,15:15,Arnulf,2,0,2
2025.05.25,15:15,15:30,Arnulf,10,0,10
2025.05.25,15:30,15:45,Arnulf,2,1,3
2025.05.25,15:45,16:00,Arnulf,7,0,7
2025.05.25,16:00,16:15,Arnulf,1,0,1
2025.05.25,16:15,16:30,Arnulf,7,1,8
2025.05.25,16:30,16:45,Arnulf,5,0,5
2025.05.25,16:45,17:00,Arnulf,8,0,8
2025.05.25,17:00,17:15,Arnulf,11,0,11
2025.05.25,17:15,17:30,Arnulf,2,0,2
2025.05.25,17:30,17:45,Arnulf,9,0,9
2025.05.25,17:45,18:00,Arnulf,3,1,4
2025.05.25,18:00,18:15,Arnulf,8,1,9
2025.05.25,18:15,18:30,Arnulf,6,1,7
2025.05.25,18:30,18:45,Arnulf,15,0,15
2025.05.25,18:45,19:00,Arnulf,8,2,10
2025.05.25,19:00,19:15,Arnulf,12,1,13
2025.05.25,19:15,19:30,Arnulf,7,2,9
2025.05.25,19:30,19:45,Arnulf,10,0,10
2025.05.25,19:45,20:00,Arnulf,6,2,8
2025.05.25,20:00,20:15,Arnulf,8,0,8
2025.05.25,20:15,20:30,Arnulf,8,0,8
2025.05.25,20:30,20:45,Arnulf,11,1,12
2025.05.25,20:45,21:00,Arnulf,4,0,4
2025.05.25,21:00,21:15,Arnulf,3,0,3
2025.05.25,21:15,21:30,Arnulf,12,0,12
2025.05.25,21:30,21:45,Arnulf,2,0,2
2025.05.25,21:45,22:00,Arnulf,7,0,7
2025.05.25,22:00,22:15,Arnulf,4,0,4
2025.05.25,22:15,22:30,Arnulf,5,1,6
2025.05.25,22:30,22:45,Arnulf,8,1,9
2025.05.25,22:45,23:00,Arnulf,2,2,4
2025.05.25,23:00,23:15,Arnulf,1,0,1
2025.05.25,23:15,23:30,Arnulf,0,0,0
2025.05.25,23:30,23:45,Arnulf,1,0,1
2025.05.25,23:45,00:00,Arnulf,3,0,3
2025.05.26,00:00,00:15,Arnulf,2,0,2
2025.05.26,00:15,00:30,Arnulf,0,0,0
2025.05.26,00:30,00:45,Arnulf,0,0,0
2025.05.26,00:45,01:00,Arnulf,4,0,4
2025.05.26,01:00,01:15,Arnulf,1,0,1
2025.05.26,01:15,01:30,Arnulf,0,0,0
2025.05.26,01:30,01:45,Arnulf,3,1,4
2025.05.26,01:45,02:00,Arnulf,0,0,0
2025.05.26,02:00,02:15,Arnulf,0,0,0
2025.05.26,02:15,02:30,Arnulf,1,0,1
2025.05.26,02:30,02:45,Arnulf,0,0,0
2025.05.26,02:45,03:00,Arnulf,1,0,1
2025.05.26,03:00,03:15,Arnulf,0,0,0
2025.05.26,03:15,03:30,Arnulf,0,0,0
2025.05.26,03:30,03:45,Arnulf,2,0,2
2025.05.26,03:45,04:00,Arnulf,0,0,0
2025.05.26,04:00,04:15,Arnulf,2,0,2
2025.05.26,04:15,04:30,Arnulf,0,0,0
2025.05.26,04:30,04:45,Arnulf,0,2,2
2025.05.26,04:45,05:00,Arnulf,4,0,4
2025.05.26,05:00,05:15,Arnulf,2,0,2
2025.05.26,05:15,05:30,Arnulf,5,0,5
2025.05.26,05:30,05:45,Arnulf,2,0,2
2025.05.26,05:45,06:00,Arnulf,3,0,3
2025.05.26,06:00,06:15,Arnulf,3,0,3
2025.05.26,06:15,06:30,Arnulf,4,2,6
2025.05.26,06:30,06:45,Arnulf,9,0,9
2025.05.26,06:45,07:00,Arnulf,13,0,13
2025.05.26,07:00,07:15,Arnulf,19,0,19
2025.05.26,07:15,07:30,Arnulf,26,0,26
2025.05.26,07:30,07:45,Arnulf,23,2,25
2025.05.26,07:45,08:00,Arnulf,34,0,34
2025.05.26,08:00,08:15,Arnulf,43,1,44
2025.05.26,08:15,08:30,Arnulf,37,2,39
2025.05.26,08:30,08:45,Arnulf,36,0,36
2025.05.26,08:45,09:00,Arnulf,38,0,38
2025.05.26,09:00,09:15,Arnulf,22,1,23
2025.05.26,09:15,09:30,Arnulf,11,0,11
2025.05.26,09:30,09:45,Arnulf,14,0,14
2025.05.26,09:45,10:00,Arnulf,5,0,5
2025.05.26,10:00,10:15,Arnulf,13,0,13
2025.05.26,10:15,10:30,Arnulf,8,0,8
2025.05.26,10:30,10:45,Arnulf,13,0,13
2025.05.26,10:45,11:00,Arnulf,13,0,13
2025.05.26,11:00,11:15,Arnulf,10,0,10
2025.05.26,11:15,11:30,Arnulf,15,2,17
2025.05.26,11:30,11:45,Arnulf,11,1,12
2025.05.26,11:45,12:00,Arnulf,9,0,9
2025.05.26,12:00,12:15,Arnulf,10,2,12
2025.05.26,12:15,12:30,Arnulf,18,0,18
2025.05.26,12:30,12:45,Arnulf,19,1,20
2025.05.26,12:45,13:00,Arnulf,12,2,14
2025.05.26,13:00,13:15,Arnulf,15,0,15
2025.05.26,13:15,13:30,Arnulf,22,1,23
2025.05.26,13:30,13:45,Arnulf,18,0,18
2025.05.26,13:45,14:00,Arnulf,23,0,23
2025.05.26,14:00,14:15,Arnulf,15,3,18
2025.05.26,14:15,14:30,Arnulf,10,1,11
2025.05.26,14:30,14:45,Arnulf,9,0,9
2025.05.26,14:45,15:00,Arnulf,10,2,12
2025.05.26,15:00,15:15,Arnulf,12,1,13
2025.05.26,15:15,15:30,Arnulf,30,1,31
2025.05.26,15:30,15:45,Arnulf,12,1,13
2025.05.26,15:45,16:00,Arnulf,15,1,16
2025.05.26,16:00,16:15,Arnulf,11,2,13
2025.05.26,16:15,16:30,Arnulf,15,0,15
2025.05.26,16:30,16:45,Arnulf,16,1,17
2025.05.26,16:45,17:00,Arnulf,22,2,24
2025.05.26,17:00,17:15,Arnulf,26,1,27
2025.05.26,17:15,17:30,Arnulf,22,5,27
2025.05.26,17:30,17:45,Arnulf,25,2,27
2025.05.26,17:45,18:00,Arnulf,23,1,24
2025.05.26,18:00,18:15,Arnulf,20,3,23
2025.05.26,18:15,18:30,Arnulf,18,3,21
2025.05.26,18:30,18:45,Arnulf,20,0,20
2025.05.26,18:45,19:00,Arnulf,18,2,20
2025.05.26,19:00,19:15,Arnulf,18,0,18
2025.05.26,19:15,19:30,Arnulf,17,3,20
2025.05.26,19:30,19:45,Arnulf,13,0,13
2025.05.26,19:45,20:00,Arnulf,10,0,10
2025.05.26,20:00,20:15,Arnulf,14,0,14
2025.05.26,20:15,20:30,Arnulf,6,0,6
2025.05.26,20:30,20:45,Arnulf,8,1,9
2025.05.26,20:45,21:00,Arnulf,6,0,6
2025.05.26,21:00,21:15,Arnulf,9,0,9
2025.05.26,21:15,21:30,Arnulf,17,0,17
2025.05.26,21:30,21:45,Arnulf,12,0,12
2025.05.26,21:45,22:00,Arnulf,9,0,9
2025.05.26,22:00,22:15,Arnulf,6,0,6
2025.05.26,22:15,22:30,Arnulf,9,1,10
2025.05.26,22:30,22:45,Arnulf,13,1,14
2025.05.26,22:45,23:00,Arnulf,2,0,2
2025.05.26,23:00,23:15,Arnulf,2,2,4
2025.05.26,23:15,23:30,Arnulf,4,0,4
2025.05.26,23:30,23:45,Arnulf,0,0,0
2025.05.26,23:45,00:00,Arnulf,2,0,2
2025.05.27,00:00,00:15,Arnulf,0,2,2
2025.05.27,00:15,00:30,Arnulf,0,0,0
2025.05.27,00:30,00:45,Arnulf,1,0,1
2025.05.27,00:45,01:00,Arnulf,1,1,2
2025.05.27,01:00,01:15,Arnulf,0,0,0
2025.05.27,01:15,01:30,Arnulf,0,0,0
2025.05.27,01:30,01:45,Arnulf,0,0,0
2025.05.27,01:45,02:00,Arnulf,0,0,0
2025.05.27,02:00,02:15,Arnulf,0,0,0
2025.05.27,02:15,02:30,Arnulf,0,0,0
2025.05.27,02:30,02:45,Arnulf,0,0,0
2025.05.27,02:45,03:00,Arnulf,2,1,3
2025.05.27,03:00,03:15,Arnulf,0,0,0
2025.05.27,03:15,03:30,Arnulf,0,0,0
2025.05.27,03:30,03:45,Arnulf,1,0,1
2025.05.27,03:45,04:00,Arnulf,1,0,1
2025.05.27,04:00,04:15,Arnulf,0,0,0
2025.05.27,04:15,04:30,Arnulf,0,0,0
2025.05.27,04:30,04:45,Arnulf,0,0,0
2025.05.27,04:45,05:00,Arnulf,2,0,2
2025.05.27,05:00,05:15,Arnulf,3,0,3
2025.05.27,05:15,05:30,Arnulf,2,0,2
2025.05.27,05:30,05:45,Arnulf,9,0,9
2025.05.27,05:45,06:00,Arnulf,8,1,9
2025.05.27,06:00,06:15,Arnulf,6,0,6
2025.05.27,06:15,06:30,Arnulf,5,0,5
2025.05.27,06:30,06:45,Arnulf,8,0,8
2025.05.27,06:45,07:00,Arnulf,22,0,22
2025.05.27,07:00,07:15,Arnulf,13,0,13
2025.05.27,07:15,07:30,Arnulf,25,1,26
2025.05.27,07:30,07:45,Arnulf,35,2,37
2025.05.27,07:45,08:00,Arnulf,61,0,61
2025.05.27,08:00,08:15,Arnulf,47,0,47
2025.05.27,08:15,08:30,Arnulf,56,0,56
2025.05.27,08:30,08:45,Arnulf,45,1,46
2025.05.27,08:45,09:00,Arnulf,55,1,56
2025.05.27,09:00,09:15,Arnulf,27,1,28
2025.05.27,09:15,09:30,Arnulf,27,1,28
2025.05.27,09:30,09:45,Arnulf,17,0,17
2025.05.27,09:45,10:00,Arnulf,24,0,24
2025.05.27,10:00,10:15,Arnulf,23,0,23
2025.05.27,10:15,10:30,Arnulf,22,0,22
2025.05.27,10:30,10:45,Arnulf,14,0,14
2025.05.27,10:45,11:00,Arnulf,16,0,16
2025.05.27,11:00,11:15,Arnulf,16,0,16
2025.05.27,11:15,11:30,Arnulf,13,3,16
2025.05.27,11:30,11:45,Arnulf,22,2,24
2025.05.27,11:45,12:00,Arnulf,10,1,11
2025.05.27,12:00,12:15,Arnulf,20,0,20
2025.05.27,12:15,12:30,Arnulf,22,0,22
2025.05.27,12:30,12:45,Arnulf,10,0,10
2025.05.27,12:45,13:00,Arnulf,14,1,15
2025.05.27,13:00,13:15,Arnulf,12,2,14
2025.05.27,13:15,13:30,Arnulf,20,0,20
2025.05.27,13:30,13:45,Arnulf,18,0,18
2025.05.27,13:45,14:00,Arnulf,10,0,10
2025.05.27,14:00,14:15,Arnulf,14,3,17
2025.05.27,14:15,14:30,Arnulf,14,0,14
2025.05.27,14:30,14:45,Arnulf,19,2,21
2025.05.27,14:45,15:00,Arnulf,21,2,23
2025.05.27,15:00,15:15,Arnulf,14,1,15
2025.05.27,15:15,15:30,Arnulf,16,2,18
2025.05.27,15:30,15:45,Arnulf,26,2,28
2025.05.27,15:45,16:00,Arnulf,24,2,26
2025.05.27,16:00,16:15,Arnulf,18,1,19
2025.05.27,16:15,16:30,Arnulf,23,2,25
2025.05.27,16:30,16:45,Arnulf,28,3,31
2025.05.27,16:45,17:00,Arnulf,24,3,27
2025.05.27,17:00,17:15,Arnulf,34,2,36
2025.05.27,17:15,17:30,Arnulf,29,1,30
2025.05.27,17:30,17:45,Arnulf,50,1,51
2025.05.27,17:45,18:00,Arnulf,43,2,45
2025.05.27,18:00,18:15,Arnulf,44,2,46
2025.05.27,18:15,18:30,Arnulf,46,2,48
2025.05.27,18:30,18:45,Arnulf,31,3,34
2025.05.27,18:45,19:00,Arnulf,35,0,35
2025.05.27,19:00,19:15,Arnulf,28,4,32
2025.05.27,19:15,19:30,Arnulf,22,1,23
2025.05.27,19:30,19:45,Arnulf,17,2,19
2025.05.27,19:45,20:00,Arnulf,21,3,24
2025.05.27,20:00,20:15,Arnulf,12,2,14
2025.05.27,20:15,20:30,Arnulf,12,0,12
2025.05.27,20:30,20:45,Arnulf,11,2,13
2025.05.27,20:45,21:00,Arnulf,12,1,13
2025.05.27,21:00,21:15,Arnulf,14,0,14
2025.05.27,21:15,21:30,Arnulf,10,2,12
2025.05.27,21:30,21:45,Arnulf,11,1,12
2025.05.27,21:45,22:00,Arnulf,9,1,10
2025.05.27,22:00,22:15,Arnulf,7,0,7
2025.05.27,22:15,22:30,Arnulf,9,0,9
2025.05.27,22:30,22:45,Arnulf,5,0,5
2025.05.27,22:45,23:00,Arnulf,5,1,6
2025.05.27,23:00,23:15,Arnulf,8,0,8
2025.05.27,23:15,23:30,Arnulf,2,0,2
2025.05.27,23:30,23:45,Arnulf,3,0,3
2025.05.27,23:45,00:00,Arnulf,1,0,1
2025.05.28,00:00,00:15,Arnulf,1,0,1
2025.05.28,00:15,00:30,Arnulf,0,0,0
2025.05.28,00:30,00:45,Arnulf,2,1,3
2025.05.28,00:45,01:00,Arnulf,0,0,0
2025.05.28,01:00,01:15,Arnulf,0,0,0
2025.05.28,01:15,01:30,Arnulf,0,0,0
2025.05.28,01:30,01:45,Arnulf,1,0,1
2025.05.28,01:45,02:00,Arnulf,0,0,0
2025.05.28,02:00,02:15,Arnulf,0,0,0
2025.05.28,02:15,02:30,Arnulf,0,0,0
2025.05.28,02:30,02:45,Arnulf,1,0,1
2025.05.28,02:45,03:00,Arnulf,1,0,1
2025.05.28,03:00,03:15,Arnulf,0,0,0
2025.05.28,03:15,03:30,Arnulf,0,0,0
2025.05.28,03:30,03:45,Arnulf,1,2,3
2025.05.28,03:45,04:00,Arnulf,2,0,2
2025.05.28,04:00,04:15,Arnulf,0,0,0
2025.05.28,04:15,04:30,Arnulf,1,0,1
2025.05.28,04:30,04:45,Arnulf,0,0,0
2025.05.28,04:45,05:00,Arnulf,1,0,1
2025.05.28,05:00,05:15,Arnulf,3,0,3
2025.05.28,05:15,05:30,Arnulf,1,0,1
2025.05.28,05:30,05:45,Arnulf,2,1,3
2025.05.28,05:45,06:00,Arnulf,2,0,2
2025.05.28,06:00,06:15,Arnulf,3,0,3
2025.05.28,06:15,06:30,Arnulf,3,1,4
2025.05.28,06:30,06:45,Arnulf,8,1,9
2025.05.28,06:45,07:00,Arnulf,8,0,8
2025.05.28,07:00,07:15,Arnulf,12,0,12
2025.05.28,07:15,07:30,Arnulf,18,1,19
2025.05.28,07:30,07:45,Arnulf,23,1,24
2025.05.28,07:45,08:00,Arnulf,26,2,28
2025.05.28,08:00,08:15,Arnulf,26,0,26
2025.05.28,08:15,08:30,Arnulf,36,0,36
2025.05.28,08:30,08:45,Arnulf,37,1,38
2025.05.28,08:45,09:00,Arnulf,26,1,27
2025.05.28,09:00,09:15,Arnulf,26,2,28
2025.05.28,09:15,09:30,Arnulf,18,0,18
2025.05.28,09:30,09:45,Arnulf,14,1,15
2025.05.28,09:45,10:00,Arnulf,15,2,17
2025.05.28,10:00,10:15,Arnulf,19,0,19
2025.05.28,10:15,10:30,Arnulf,17,1,18
2025.05.28,10:30,10:45,Arnulf,15,0,15
2025.05.28,10:45,11:00,Arnulf,5,0,5
2025.05.28,11:00,11:15,Arnulf,17,0,17
2025.05.28,11:15,11:30,Arnulf,13,1,14
2025.05.28,11:30,11:45,Arnulf,11,0,11
2025.05.28,11:45,12:00,Arnulf,9,1,10
2025.05.28,12:00,12:15,Arnulf,16,2,18
2025.05.28,12:15,12:30,Arnulf,7,0,7
2025.05.28,12:30,12:45,Arnulf,7,0,7
2025.05.28,12:45,13:00,Arnulf,13,2,15
2025.05.28,13:00,13:15,Arnulf,9,0,9
2025.05.28,13:15,13:30,Arnulf,15,3,18
2025.05.28,13:30,13:45,Arnulf,5,0,5
2025.05.28,13:45,14:00,Arnulf,18,0,18
2025.05.28,14:00,14:15,Arnulf,11,1,12
2025.05.28,14:15,14:30,Arnulf,14,0,14
2025.05.28,14:30,14:45,Arnulf,21,0,21
2025.05.28,14:45,15:00,Arnulf,18,3,21
2025.05.28,15:00,15:15,Arnulf,20,0,20
2025.05.28,15:15,15:30,Arnulf,9,1,10
2025.05.28,15:30,15:45,Arnulf,6,0,6
2025.05.28,15:45,16:00,Arnulf,14,0,14
2025.05.28,16:00,16:15,Arnulf,7,3,10
2025.05.28,16:15,16:30,Arnulf,9,3,12
2025.05.28,16:30,16:45,Arnulf,20,1,21
2025.05.28,16:45,17:00,Arnulf,22,1,23
2025.05.28,17:00,17:15,Arnulf,17,1,18
2025.05.28,17:15,17:30,Arnulf,17,4,21
2025.05.28,17:30,17:45,Arnulf,18,0,18
2025.05.28,17:45,18:00,Arnulf,21,0,21
2025.05.28,18:00,18:15,Arnulf,17,2,19
2025.05.28,18:15,18:30,Arnulf,27,2,29
2025.05.28,18:30,18:45,Arnulf,20,0,20
2025.05.28,18:45,19:00,Arnulf,20,2,22
2025.05.28,19:00,19:15,Arnulf,17,0,17
2025.05.28,19:15,19:30,Arnulf,13,0,13
2025.05.28,19:30,19:45,Arnulf,8,1,9
2025.05.28,19:45,20:00,Arnulf,8,0,8
2025.05.28,20:00,20:15,Arnulf,8,1,9
2025.05.28,20:15,20:30,Arnulf,14,4,18
2025.05.28,20:30,20:45,Arnulf,16,1,17
2025.05.28,20:45,21:00,Arnulf,10,0,10
2025.05.28,21:00,21:15,Arnulf,12,2,14
2025.05.28,21:15,21:30,Arnulf,9,0,9
2025.05.28,21:30,21:45,Arnulf,4,0,4
2025.05.28,21:45,22:00,Arnulf,6,0,6
2025.05.28,22:00,22:15,Arnulf,15,3,18
2025.05.28,22:15,22:30,Arnulf,8,1,9
2025.05.28,22:30,22:45,Arnulf,7,0,7
2025.05.28,22:45,23:00,Arnulf,7,0,7
2025.05.28,23:00,23:15,Arnulf,1,1,2
2025.05.28,23:15,23:30,Arnulf,3,2,5
2025.05.28,23:30,23:45,Arnulf,1,0,1
2025.05.28,23:45,00:00,Arnulf,5,0,5
2025.05.29,00:00,00:15,Arnulf,2,0,2
2025.05.29,00:15,00:30,Arnulf,3,0,3
2025.05.29,00:30,00:45,Arnulf,2,0,2
2025.05.29,00:45,01:00,Arnulf,0,0,0
2025.05.29,01:00,01:15,Arnulf,1,0,1
2025.05.29,01:15,01:30,Arnulf,0,0,0
2025.05.29,01:30,01:45,Arnulf,2,2,4
2025.05.29,01:45,02:00,Arnulf,1,0,1
2025.05.29,02:00,02:15,Arnulf,2,0,2
2025.05.29,02:15,02:30,Arnulf,1,0,1
2025.05.29,02:30,02:45,Arnulf,3,0,3
2025.05.29,02:45,03:00,Arnulf,0,1,1
2025.05.29,03:00,03:15,Arnulf,0,0,0
2025.05.29,03:15,03:30,Arnulf,3,0,3
2025.05.29,03:30,03:45,Arnulf,0,0,0
2025.05.29,03:45,04:00,Arnulf,0,0,0
2025.05.29,04:00,04:15,Arnulf,0,0,0
2025.05.29,04:15,04:30,Arnulf,0,0,0
2025.05.29,04:30,04:45,Arnulf,0,0,0
2025.05.29,04:45,05:00,Arnulf,2,0,2
2025.05.29,05:00,05:15,Arnulf,0,0,0
2025.05.29,05:15,05:30,Arnulf,1,0,1
2025.05.29,05:30,05:45,Arnulf,5,1,6
2025.05.29,05:45,06:00,Arnulf,0,1,1
2025.05.29,06:00,06:15,Arnulf,1,1,2
2025.05.29,06:15,06:30,Arnulf,5,0,5
2025.05.29,06:30,06:45,Arnulf,4,0,4
2025.05.29,06:45,07:00,Arnulf,2,2,4
2025.05.29,07:00,07:15,Arnulf,4,0,4
2025.05.29,07:15,07:30,Arnulf,8,0,8
2025.05.29,07:30,07:45,Arnulf,6,0,6
2025.05.29,07:45,08:00,Arnulf,9,0,9
2025.05.29,08:00,08:15,Arnulf,1,0,1
2025.05.29,08:15,08:30,Arnulf,12,0,12
2025.05.29,08:30,08:45,Arnulf,8,1,9
2025.05.29,08:45,09:00,Arnulf,5,0,5
2025.05.29,09:00,09:15,Arnulf,10,0,10
2025.05.29,09:15,09:30,Arnulf,12,0,12
2025.05.29,09:30,09:45,Arnulf,12,0,12
2025.05.29,09:45,10:00,Arnulf,11,2,13
2025.05.29,10:00,10:15,Arnulf,8,0,8
2025.05.29,10:15,10:30,Arnulf,5,0,5
2025.05.29,10:30,10:45,Arnulf,16,0,16
2025.05.29,10:45,11:00,Arnulf,20,0,20
2025.05.29,11:00,11:15,Arnulf,11,0,11
2025.05.29,11:15,11:30,Arnulf,8,0,8
2025.05.29,11:30,11:45,Arnulf,13,1,14
2025.05.29,11:45,12:00,Arnulf,13,1,14
2025.05.29,12:00,12:15,Arnulf,9,0,9
2025.05.29,12:15,12:30,Arnulf,13,0,13
2025.05.29,12:30,12:45,Arnulf,17,0,17
2025.05.29,12:45,13:00,Arnulf,19,0,19
2025.05.29,13:00,13:15,Arnulf,17,0,17
2025.05.29,13:15,13:30,Arnulf,17,0,17
2025.05.29,13:30,13:45,Arnulf,17,0,17
2025.05.29,13:45,14:00,Arnulf,19,0,19
2025.05.29,14:00,14:15,Arnulf,14,1,15
2025.05.29,14:15,14:30,Arnulf,27,1,28
2025.05.29,14:30,14:45,Arnulf,17,1,18
2025.05.29,14:45,15:00,Arnulf,11,0,11
2025.05.29,15:00,15:15,Arnulf,14,1,15
2025.05.29,15:15,15:30,Arnulf,30,0,30
2025.05.29,15:30,15:45,Arnulf,22,0,22
2025.05.29,15:45,16:00,Arnulf,8,0,8
2025.05.29,16:00,16:15,Arnulf,10,0,10
2025.05.29,16:15,16:30,Arnulf,21,2,23
2025.05.29,16:30,16:45,Arnulf,17,1,18
2025.05.29,16:45,17:00,Arnulf,23,0,23
2025.05.29,17:00,17:15,Arnulf,9,1,10
2025.05.29,17:15,17:30,Arnulf,21,2,23
2025.05.29,17:30,17:45,Arnulf,10,0,10
2025.05.29,17:45,18:00,Arnulf,12,0,12
2025.05.29,18:00,18:15,Arnulf,8,0,8
2025.05.29,18:15,18:30,Arnulf,21,2,23
2025.05.29,18:30,18:45,Arnulf,8,0,8
2025.05.29,18:45,19:00,Arnulf,18,1,19
2025.05.29,19:00,19:15,Arnulf,6,1,7
2025.05.29,19:15,19:30,Arnulf,16,0,16
2025.05.29,19:30,19:45,Arnulf,15,0,15
2025.05.29,19:45,20:00,Arnulf,7,1,8
2025.05.29,20:00,20:15,Arnulf,9,1,10
2025.05.29,20:15,20:30,Arnulf,10,1,11
2025.05.29,20:30,20:45,Arnulf,7,2,9
2025.05.29,20:45,21:00,Arnulf,8,0,8
2025.05.29,21:00,21:15,Arnulf,4,1,5
2025.05.29,21:15,21:30,Arnulf,12,0,12
2025.05.29,21:30,21:45,Arnulf,6,1,7
2025.05.29,21:45,22:00,Arnulf,11,0,11
2025.05.29,22:00,22:15,Arnulf,8,0,8
2025.05.29,22:15,22:30,Arnulf,3,1,4
2025.05.29,22:30,22:45,Arnulf,5,0,5
2025.05.29,22:45,23:00,Arnulf,5,0,5
2025.05.29,23:00,23:15,Arnulf,6,2,8
2025.05.29,23:15,23:30,Arnulf,3,0,3
2025.05.29,23:30,23:45,Arnulf,6,0,6
2025.05.29,23:45,00:00,Arnulf,1,1,2
2025.05.30,00:00,00:15,Arnulf,4,1,5
2025.05.30,00:15,00:30,Arnulf,7,0,7
2025.05.30,00:30,00:45,Arnulf,5,0,5
2025.05.30,00:45,01:00,Arnulf,3,0,3
2025.05.30,01:00,01:15,Arnulf,1,0,1
2025.05.30,01:15,01:30,Arnulf,0,0,0
2025.05.30,01:30,01:45,Arnulf,0,0,0
2025.05.30,01:45,02:00,Arnulf,2,0,2
2025.05.30,02:00,02:15,Arnulf,0,2,2
2025.05.30,02:15,02:30,Arnulf,0,0,0
2025.05.30,02:30,02:45,Arnulf,1,0,1
2025.05.30,02:45,03:00,Arnulf,0,0,0
2025.05.30,03:00,03:15,Arnulf,0,0,0
2025.05.30,03:15,03:30,Arnulf,0,0,0
2025.05.30,03:30,03:45,Arnulf,1,0,1
2025.05.30,03:45,04:00,Arnulf,0,0,0
2025.05.30,04:00,04:15,Arnulf,1,0,1
2025.05.30,04:15,04:30,Arnulf,0,0,0
2025.05.30,04:30,04:45,Arnulf,3,2,5
2025.05.30,04:45,05:00,Arnulf,1,0,1
2025.05.30,05:00,05:15,Arnulf,1,0,1
2025.05.30,05:15,05:30,Arnulf,4,0,4
2025.05.30,05:30,05:45,Arnulf,1,0,1
2025.05.30,05:45,06:00,Arnulf,2,0,2
2025.05.30,06:00,06:15,Arnulf,7,0,7
2025.05.30,06:15,06:30,Arnulf,6,0,6
2025.05.30,06:30,06:45,Arnulf,7,1,8
2025.05.30,06:45,07:00,Arnulf,14,1,15
2025.05.30,07:00,07:15,Arnulf,17,0,17
2025.05.30,07:15,07:30,Arnulf,19,2,21
2025.05.30,07:30,07:45,Arnulf,33,0,33
2025.05.30,07:45,08:00,Arnulf,23,2,25
2025.05.30,08:00,08:15,Arnulf,28,0,28
2025.05.30,08:15,08:30,Arnulf,33,0,33
2025.05.30,08:30,08:45,Arnulf,29,1,30
2025.05.30,08:45,09:00,Arnulf,40,3,43
2025.05.30,09:00,09:15,Arnulf,30,0,30
2025.05.30,09:15,09:30,Arnulf,26,1,27
2025.05.30,09:30,09:45,Arnulf,23,0,23
2025.05.30,09:45,10:00,Arnulf,26,0,26
2025.05.30,10:00,10:15,Arnulf,32,0,32
2025.05.30,10:15,10:30,Arnulf,27,0,27
2025.05.30,10:30,10:45,Arnulf,36,1,37
2025.05.30,10:45,11:00,Arnulf,15,1,16
2025.05.30,11:00,11:15,Arnulf,30,1,31
2025.05.30,11:15,11:30,Arnulf,15,1,16
2025.05.30,11:30,11:45,Arnulf,23,0,23
2025.05.30,11:45,12:00,Arnulf,23,1,24
2025.05.30,12:00,12:15,Arnulf,28,1,29
2025.05.30,12:15,12:30,Arnulf,24,0,24
2025.05.30,12:30,12:45,Arnulf,34,1,35
2025.05.30,12:45,13:00,Arnulf,17,0,17
2025.05.30,13:00,13:15,Arnulf,21,0,21
2025.05.30,13:15,13:30,Arnulf,26,2,28
2025.05.30,13:30,13:45,Arnulf,12,3,15
2025.05.30,13:45,14:00,Arnulf,26,2,28
2025.05.30,14:00,14:15,Arnulf,15,3,18
2025.05.30,14:15,14:30,Arnulf,29,4,33
2025.05.30,14:30,14:45,Arnulf,29,2,31
2025.05.30,14:45,15:00,Arnulf,21,0,21
2025.05.30,15:00,15:15,Arnulf,18,2,20
2025.05.30,15:15,15:30,Arnulf,20,1,21
2025.05.30,15:30,15:45,Arnulf,28,4,32
2025.05.30,15:45,16:00,Arnulf,26,0,26
2025.05.30,16:00,16:15,Arnulf,20,1,21
2025.05.30,16:15,16:30,Arnulf,44,0,44
2025.05.30,16:30,16:45,Arnulf,52,0,52
2025.05.30,16:45,17:00,Arnulf,30,1,31
2025.05.30,17:00,17:15,Arnulf,35,4,39
2025.05.30,17:15,17:30,Arnulf,38,2,40
2025.05.30,17:30,17:45,Arnulf,28,4,32
2025.05.30,17:45,18:00,Arnulf,39,1,40
2025.05.30,18:00,18:15,Arnulf,43,2,45
2025.05.30,18:15,18:30,Arnulf,34,1,35
2025.05.30,18:30,18:45,Arnulf,26,1,27
2025.05.30,18:45,19:00,Arnulf,42,0,42
2025.05.30,19:00,19:15,Arnulf,30,3,33
2025.05.30,19:15,19:30,Arnulf,36,1,37
2025.05.30,19:30,19:45,Arnulf,23,1,24
2025.05.30,19:45,20:00,Arnulf,29,2,31
2025.05.30,20:00,20:15,Arnulf,16,1,17
2025.05.30,20:15,20:30,Arnulf,12,3,15
2025.05.30,20:30,20:45,Arnulf,12,2,14
2025.05.30,20:45,21:00,Arnulf,11,0,11
2025.05.30,21:00,21:15,Arnulf,18,2,20
2025.05.30,21:15,21:30,Arnulf,17,1,18
2025.05.30,21:30,21:45,Arnulf,18,0,18
2025.05.30,21:45,22:00,Arnulf,28,2,30
2025.05.30,22:00,22:15,Arnulf,26,1,27
2025.05.30,22:15,22:30,Arnulf,15,2,17
2025.05.30,22:30,22:45,Arnulf,13,1,14
2025.05.30,22:45,23:00,Arnulf,11,1,12
2025.05.30,23:00,23:15,Arnulf,25,0,25
2025.05.30,23:15,23:30,Arnulf,5,1,6
2025.05.30,23:30,23:45,Arnulf,8,1,9
2025.05.30,23:45,00:00,Arnulf,14,0,14
2025.05.31,00:00,00:15,Arnulf,4,0,4
2025.05.31,00:15,00:30,Arnulf,10,0,10
2025.05.31,00:30,00:45,Arnulf,5,0,5
2025.05.31,00:45,01:00,Arnulf,3,2,5
2025.05.31,01:00,01:15,Arnulf,4,0,4
2025.05.31,01:15,01:30,Arnulf,7,0,7
2025.05.31,01:30,01:45,Arnulf,6,1,7
2025.05.31,01:45,02:00,Arnulf,5,0,5
2025.05.31,02:00,02:15,Arnulf,1,0,1
2025.05.31,02:15,02:30,Arnulf,0,0,0
2025.05.31,02:30,02:45,Arnulf,3,0,3
2025.05.31,02:45,03:00,Arnulf,2,0,2
2025.05.31,03:00,03:15,Arnulf,2,1,3
2025.05.31,03:15,03:30,Arnulf,3,1,4
2025.05.31,03:30,03:45,Arnulf,0,0,0
2025.05.31,03:45,04:00,Arnulf,0,0,0
2025.05.31,04:00,04:15,Arnulf,0,0,0
2025.05.31,04:15,04:30,Arnulf,2,0,2
2025.05.31,04:30,04:45,Arnulf,1,0,1
2025.05.31,04:45,05:00,Arnulf,1,1,2
2025.05.31,05:00,05:15,Arnulf,2,0,2
2025.05.31,05:15,05:30,Arnulf,1,0,1
2025.05.31,05:30,05:45,Arnulf,1,1,2
2025.05.31,05:45,06:00,Arnulf,4,0,4
2025.05.31,06:00,06:15,Arnulf,1,0,1
2025.05.31,06:15,06:30,Arnulf,4,0,4
2025.05.31,06:30,06:45,Arnulf,7,0,7
2025.05.31,06:45,07:00,Arnulf,4,0,4
2025.05.31,07:00,07:15,Arnulf,9,0,9
2025.05.31,07:15,07:30,Arnulf,7,0,7
2025.05.31,07:30,07:45,Arnulf,9,1,10
2025.05.31,07:45,08:00,Arnulf,18,0,18
2025.05.31,08:00,08:15,Arnulf,18,0,18
2025.05.31,08:15,08:30,Arnulf,9,0,9
2025.05.31,08:30,08:45,Arnulf,19,0,19
2025.05.31,08:45,09:00,Arnulf,16,0,16
2025.05.31,09:00,09:15,Arnulf,14,7,21
2025.05.31,09:15,09:30,Arnulf,29,0,29
2025.05.31,09:30,09:45,Arnulf,36,1,37
2025.05.31,09:45,10:00,Arnulf,16,0,16
2025.05.31,10:00,10:15,Arnulf,22,1,23
2025.05.31,10:15,10:30,Arnulf,29,0,29
2025.05.31,10:30,10:45,Arnulf,27,0,27
2025.05.31,10:45,11:00,Arnulf,26,0,26
2025.05.31,11:00,11:15,Arnulf,18,0,18
2025.05.31,11:15,11:30,Arnulf,35,0,35
2025.05.31,11:30,11:45,Arnulf,38,2,40
2025.05.31,11:45,12:00,Arnulf,46,0,46
2025.05.31,12:00,12:15,Arnulf,31,0,31
2025.05.31,12:15,12:30,Arnulf,26,0,26
2025.05.31,12:30,12:45,Arnulf,22,0,22
2025.05.31,12:45,13:00,Arnulf,18,1,19
2025.05.31,13:00,13:15,Arnulf,25,2,27
2025.05.31,13:15,13:30,Arnulf,27,0,27
2025.05.31,13:30,13:45,Arnulf,27,3,30
2025.05.31,13:45,14:00,Arnulf,44,1,45
2025.05.31,14:00,14:15,Arnulf,40,0,40
2025.05.31,14:15,14:30,Arnulf,30,0,30
2025.05.31,14:30,14:45,Arnulf,24,5,29
2025.05.31,14:45,15:00,Arnulf,42,0,42
2025.05.31,15:00,15:15,Arnulf,38,1,39
2025.05.31,15:15,15:30,Arnulf,37,2,39
2025.05.31,15:30,15:45,Arnulf,35,0,35
2025.05.31,15:45,16:00,Arnulf,28,1,29
2025.05.31,16:00,16:15,Arnulf,38,0,38
2025.05.31,16:15,16:30,Arnulf,30,1,31
2025.05.31,16:30,16:45,Arnulf,23,4,27
2025.05.31,16:45,17:00,Arnulf,34,2,36
2025.05.31,17:00,17:15,Arnulf,35,1,36
2025.05.31,17:15,17:30,Arnulf,36,2,38
2025.05.31,17:30,17:45,Arnulf,21,1,22
2025.05.31,17:45,18:00,Arnulf,34,2,36
2025.05.31,18:00,18:15,Arnulf,19,2,21
2025.05.31,18:15,18:30,Arnulf,33,1,34
2025.05.31,18:30,18:45,Arnulf,42,1,43
2025.05.31,18:45,19:00,Arnulf,24,1,25
2025.05.31,19:00,19:15,Arnulf,21,0,21
2025.05.31,19:15,19:30,Arnulf,37,0,37
2025.05.31,19:30,19:45,Arnulf,20,1,21
2025.05.31,19:45,20:00,Arnulf,25,0,25
2025.05.31,20:00,20:15,Arnulf,26,2,28
2025.05.31,20:15,20:30,Arnulf,26,0,26
2025.05.31,20:30,20:45,Arnulf,16,1,17
2025.05.31,20:45,21:00,Arnulf,16,0,16
2025.05.31,21:00,21:15,Arnulf,10,1,11
2025.05.31,21:15,21:30,Arnulf,9,1,10
2025.05.31,21:30,21:45,Arnulf,15,0,15
2025.05.31,21:45,22:00,Arnulf,19,1,20
2025.05.31,22:00,22:15,Arnulf,26,0,26
2025.05.31,22:15,22:30,Arnulf,11,1,12
2025.05.31,22:30,22:45,Arnulf,10,0,10
2025.05.31,22:45,23:00,Arnulf,13,1,14
2025.05.31,23:00,23:15,Arnulf,19,2,21
2025.05.31,23:15,23:30,Arnulf,18,0,18
2025.05.31,23:30,23:45,Arnulf,19,0,19
2025.05.31,23:45,00:00,Arnulf,21,2,23
2025.05.01,00:00,00:15,Olympia,10,4,14
2025.05.01,00:15,00:30,Olympia,5,1,6
2025.05.01,00:30,00:45,Olympia,4,4,8
2025.05.01,00:45,01:00,Olympia,1,1,2
2025.05.01,01:00,01:15,Olympia,1,4,5
2025.05.01,01:15,01:30,Olympia,4,0,4
2025.05.01,01:30,01:45,Olympia,4,0,4
2025.05.01,01:45,02:00,Olympia,1,1,2
2025.05.01,02:00,02:15,Olympia,4,1,5
2025.05.01,02:15,02:30,Olympia,4,0,4
2025.05.01,02:30,02:45,Olympia,6,0,6
2025.05.01,02:45,03:00,Olympia,1,2,3
2025.05.01,03:00,03:15,Olympia,2,0,2
2025.05.01,03:15,03:30,Olympia,1,2,3
2025.05.01,03:30,03:45,Olympia,1,1,2
2025.05.01,03:45,04:00,Olympia,2,0,2
2025.05.01,04:00,04:15,Olympia,2,0,2
2025.05.01,04:15,04:30,Olympia,1,0,1
2025.05.01,04:30,04:45,Olympia,2,0,2
2025.05.01,04:45,05:00,Olympia,0,1,1
2025.05.01,05:00,05:15,Olympia,0,0,0
2025.05.01,05:15,05:30,Olympia,0,0,0
2025.05.01,05:30,05:45,Olympia,2,0,2
2025.05.01,05:45,06:00,Olympia,1,1,2
2025.05.01,06:00,06:15,Olympia,0,1,1
2025.05.01,06:15,06:30,Olympia,0,1,1
2025.05.01,06:30,06:45,Olympia,3,1,4
2025.05.01,06:45,07:00,Olympia,1,1,2
2025.05.01,07:00,07:15,Olympia,6,1,7
2025.05.01,07:15,07:30,Olympia,2,0,2
2025.05.01,07:30,07:45,Olympia,5,1,6
2025.05.01,07:45,08:00,Olympia,7,2,9
2025.05.01,08:00,08:15,Olympia,6,5,11
2025.05.01,08:15,08:30,Olympia,6,2,8
2025.05.01,08:30,08:45,Olympia,15,4,19
2025.05.01,08:45,09:00,Olympia,7,8,15
2025.05.01,09:00,09:15,Olympia,12,12,24
2025.05.01,09:15,09:30,Olympia,20,15,35
2025.05.01,09:30,09:45,Olympia,16,16,32
2025.05.01,09:45,10:00,Olympia,21,19,40
2025.05.01,10:00,10:15,Olympia,13,26,39
2025.05.01,10:15,10:30,Olympia,42,29,71
2025.05.01,10:30,10:45,Olympia,44,15,59
2025.05.01,10:45,11:00,Olympia,30,28,58
2025.05.01,11:00,11:15,Olympia,31,25,56
2025.05.01,11:15,11:30,Olympia,18,29,47
2025.05.01,11:30,11:45,Olympia,34,42,76
2025.05.01,11:45,12:00,Olympia,33,33,66
2025.05.01,12:00,12:15,Olympia,53,30,83
2025.05.01,12:15,12:30,Olympia,36,29,65
2025.05.01,12:30,12:45,Olympia,25,23,48
2025.05.01,12:45,13:00,Olympia,42,22,64
2025.05.01,13:00,13:15,Olympia,43,45,88
2025.05.01,13:15,13:30,Olympia,49,36,85
2025.05.01,13:30,13:45,Olympia,39,35,74
2025.05.01,13:45,14:00,Olympia,51,39,90
2025.05.01,14:00,14:15,Olympia,53,58,111
2025.05.01,14:15,14:30,Olympia,42,31,73
2025.05.01,14:30,14:45,Olympia,35,41,76
2025.05.01,14:45,15:00,Olympia,41,44,85
2025.05.01,15:00,15:15,Olympia,40,31,71
2025.05.01,15:15,15:30,Olympia,49,40,89
2025.05.01,15:30,15:45,Olympia,30,37,67
2025.05.01,15:45,16:00,Olympia,48,39,87
2025.05.01,16:00,16:15,Olympia,44,55,99
2025.05.01,16:15,16:30,Olympia,41,44,85
2025.05.01,16:30,16:45,Olympia,36,33,69
2025.05.01,16:45,17:00,Olympia,37,38,75
2025.05.01,17:00,17:15,Olympia,36,33,69
2025.05.01,17:15,17:30,Olympia,33,31,64
2025.05.01,17:30,17:45,Olympia,24,52,76
2025.05.01,17:45,18:00,Olympia,46,57,103
2025.05.01,18:00,18:15,Olympia,29,54,83
2025.05.01,18:15,18:30,Olympia,40,57,97
2025.05.01,18:30,18:45,Olympia,37,32,69
2025.05.01,18:45,19:00,Olympia,35,42,77
2025.05.01,19:00,19:15,Olympia,33,30,63
2025.05.01,19:15,19:30,Olympia,31,32,63
2025.05.01,19:30,19:45,Olympia,25,35,60
2025.05.01,19:45,20:00,Olympia,11,43,54
2025.05.01,20:00,20:15,Olympia,25,22,47
2025.05.01,20:15,20:30,Olympia,21,28,49
2025.05.01,20:30,20:45,Olympia,8,19,27
2025.05.01,20:45,21:00,Olympia,10,29,39
2025.05.01,21:00,21:15,Olympia,4,12,16
2025.05.01,21:15,21:30,Olympia,7,9,16
2025.05.01,21:30,21:45,Olympia,10,6,16
2025.05.01,21:45,22:00,Olympia,6,9,15
2025.05.01,22:00,22:15,Olympia,5,10,15
2025.05.01,22:15,22:30,Olympia,3,16,19
2025.05.01,22:30,22:45,Olympia,7,3,10
2025.05.01,22:45,23:00,Olympia,9,8,17
2025.05.01,23:00,23:15,Olympia,7,7,14
2025.05.01,23:15,23:30,Olympia,9,5,14
2025.05.01,23:30,23:45,Olympia,5,1,6
2025.05.01,23:45,00:00,Olympia,3,2,5
2025.05.02,00:00,00:15,Olympia,0,1,1
2025.05.02,00:15,00:30,Olympia,0,1,1
2025.05.02,00:30,00:45,Olympia,1,0,1
2025.05.02,00:45,01:00,Olympia,2,1,3
2025.05.02,01:00,01:15,Olympia,2,0,2
2025.05.02,01:15,01:30,Olympia,0,1,1
2025.05.02,01:30,01:45,Olympia,2,0,2
2025.05.02,01:45,02:00,Olympia,0,0,0
2025.05.02,02:00,02:15,Olympia,0,0,0
2025.05.02,02:15,02:30,Olympia,0,0,0
2025.05.02,02:30,02:45,Olympia,0,0,0
2025.05.02,02:45,03:00,Olympia,0,0,0
2025.05.02,03:00,03:15,Olympia,0,0,0
2025.05.02,03:15,03:30,Olympia,1,0,1
2025.05.02,03:30,03:45,Olympia,0,0,0
2025.05.02,03:45,04:00,Olympia,1,1,2
2025.05.02,04:00,04:15,Olympia,0,1,1
2025.05.02,04:15,04:30,Olympia,0,0,0
2025.05.02,04:30,04:45,Olympia,0,0,0
2025.05.02,04:45,05:00,Olympia,1,1,2
2025.05.02,05:00,05:15,Olympia,0,0,0
2025.05.02,05:15,05:30,Olympia,0,1,1
2025.05.02,05:30,05:45,Olympia,3,3,6
2025.05.02,05:45,06:00,Olympia,2,1,3
2025.05.02,06:00,06:15,Olympia,2,4,6
2025.05.02,06:15,06:30,Olympia,3,6,9
2025.05.02,06:30,06:45,Olympia,9,4,13
2025.05.02,06:45,07:00,Olympia,9,5,14
2025.05.02,07:00,07:15,Olympia,15,12,27
2025.05.02,07:15,07:30,Olympia,11,15,26
2025.05.02,07:30,07:45,Olympia,13,29,42
2025.05.02,07:45,08:00,Olympia,25,40,65
2025.05.02,08:00,08:15,Olympia,10,22,32
2025.05.02,08:15,08:30,Olympia,14,12,26
2025.05.02,08:30,08:45,Olympia,15,28,43
2025.05.02,08:45,09:00,Olympia,18,15,33
2025.05.02,09:00,09:15,Olympia,23,20,43
2025.05.02,09:15,09:30,Olympia,11,23,34
2025.05.02,09:30,09:45,Olympia,22,21,43
2025.05.02,09:45,10:00,Olympia,20,19,39
2025.05.02,10:00,10:15,Olympia,25,18,43
2025.05.02,10:15,10:30,Olympia,21,13,34
2025.05.02,10:30,10:45,Olympia,15,19,34
2025.05.02,10:45,11:00,Olympia,21,17,38
2025.05.02,11:00,11:15,Olympia,25,20,45
2025.05.02,11:15,11:30,Olympia,21,16,37
2025.05.02,11:30,11:45,Olympia,20,17,37
2025.05.02,11:45,12:00,Olympia,24,22,46
2025.05.02,12:00,12:15,Olympia,25,29,54
2025.05.02,12:15,12:30,Olympia,22,29,51
2025.05.02,12:30,12:45,Olympia,19,26,45
2025.05.02,12:45,13:00,Olympia,25,31,56
2025.05.02,13:00,13:15,Olympia,26,21,47
2025.05.02,13:15,13:30,Olympia,17,36,53
2025.05.02,13:30,13:45,Olympia,25,24,49
2025.05.02,13:45,14:00,Olympia,26,43,69
2025.05.02,14:00,14:15,Olympia,32,33,65
2025.05.02,14:15,14:30,Olympia,26,22,48
2025.05.02,14:30,14:45,Olympia,56,40,96
2025.05.02,14:45,15:00,Olympia,33,33,66
2025.05.02,15:00,15:15,Olympia,47,25,72
2025.05.02,15:15,15:30,Olympia,43,34,77
2025.05.02,15:30,15:45,Olympia,43,33,76
2025.05.02,15:45,16:00,Olympia,43,38,81
2025.05.02,16:00,16:15,Olympia,46,46,92
2025.05.02,16:15,16:30,Olympia,44,22,66
2025.05.02,16:30,16:45,Olympia,37,38,75
2025.05.02,16:45,17:00,Olympia,55,45,100
2025.05.02,17:00,17:15,Olympia,43,43,86
2025.05.02,17:15,17:30,Olympia,32,43,75
2025.05.02,17:30,17:45,Olympia,30,34,64
2025.05.02,17:45,18:00,Olympia,48,50,98
2025.05.02,18:00,18:15,Olympia,36,32,68
2025.05.02,18:15,18:30,Olympia,57,55,112
2025.05.02,18:30,18:45,Olympia,49,41,90
2025.05.02,18:45,19:00,Olympia,26,48,74
2025.05.02,19:00,19:15,Olympia,40,25,65
2025.05.02,19:15,19:30,Olympia,19,33,52
2025.05.02,19:30,19:45,Olympia,35,43,78
2025.05.02,19:45,20:00,Olympia,33,44,77
2025.05.02,20:00,20:15,Olympia,21,40,61
2025.05.02,20:15,20:30,Olympia,16,46,62
2025.05.02,20:30,20:45,Olympia,13,40,53
2025.05.02,20:45,21:00,Olympia,12,31,43
2025.05.02,21:00,21:15,Olympia,12,23,35
2025.05.02,21:15,21:30,Olympia,16,14,30
2025.05.02,21:30,21:45,Olympia,12,14,26
2025.05.02,21:45,22:00,Olympia,11,24,35
2025.05.02,22:00,22:15,Olympia,4,5,9
2025.05.02,22:15,22:30,Olympia,8,11,19
2025.05.02,22:30,22:45,Olympia,12,13,25
2025.05.02,22:45,23:00,Olympia,23,14,37
2025.05.02,23:00,23:15,Olympia,8,14,22
2025.05.02,23:15,23:30,Olympia,5,6,11
2025.05.02,23:30,23:45,Olympia,3,2,5
2025.05.02,23:45,00:00,Olympia,6,5,11
2025.05.03,00:00,00:15,Olympia,2,2,4
2025.05.03,00:15,00:30,Olympia,0,2,2
2025.05.03,00:30,00:45,Olympia,1,1,2
2025.05.03,00:45,01:00,Olympia,2,0,2
2025.05.03,01:00,01:15,Olympia,5,3,8
2025.05.03,01:15,01:30,Olympia,4,2,6
2025.05.03,01:30,01:45,Olympia,3,2,5
2025.05.03,01:45,02:00,Olympia,0,2,2
2025.05.03,02:00,02:15,Olympia,0,0,0
2025.05.03,02:15,02:30,Olympia,0,0,0
2025.05.03,02:30,02:45,Olympia,0,1,1
2025.05.03,02:45,03:00,Olympia,0,2,2
2025.05.03,03:00,03:15,Olympia,1,0,1
2025.05.03,03:15,03:30,Olympia,0,0,0
2025.05.03,03:30,03:45,Olympia,1,0,1
2025.05.03,03:45,04:00,Olympia,2,0,2
2025.05.03,04:00,04:15,Olympia,0,1,1
2025.05.03,04:15,04:30,Olympia,0,0,0
2025.05.03,04:30,04:45,Olympia,0,0,0
2025.05.03,04:45,05:00,Olympia,1,1,2
2025.05.03,05:00,05:15,Olympia,0,0,0
2025.05.03,05:15,05:30,Olympia,0,0,0
2025.05.03,05:30,05:45,Olympia,1,0,1
2025.05.03,05:45,06:00,Olympia,0,4,4
2025.05.03,06:00,06:15,Olympia,1,1,2
2025.05.03,06:15,06:30,Olympia,0,1,1
2025.05.03,06:30,06:45,Olympia,2,1,3
2025.05.03,06:45,07:00,Olympia,6,1,7
2025.05.03,07:00,07:15,Olympia,7,2,9
2025.05.03,07:15,07:30,Olympia,5,5,10
2025.05.03,07:30,07:45,Olympia,5,3,8
2025.05.03,07:45,08:00,Olympia,4,0,4
2025.05.03,08:00,08:15,Olympia,8,6,14
2025.05.03,08:15,08:30,Olympia,8,6,14
2025.05.03,08:30,08:45,Olympia,11,7,18
2025.05.03,08:45,09:00,Olympia,27,10,37
2025.05.03,09:00,09:15,Olympia,13,13,26
2025.05.03,09:15,09:30,Olympia,12,14,26
2025.05.03,09:30,09:45,Olympia,21,15,36
2025.05.03,09:45,10:00,Olympia,29,23,52
2025.05.03,10:00,10:15,Olympia,21,17,38
2025.05.03,10:15,10:30,Olympia,26,29,55
2025.05.03,10:30,10:45,Olympia,30,28,58
2025.05.03,10:45,11:00,Olympia,32,24,56
2025.05.03,11:00,11:15,Olympia,26,38,64
2025.05.03,11:15,11:30,Olympia,30,24,54
2025.05.03,11:30,11:45,Olympia,12,11,23
2025.05.03,11:45,12:00,Olympia,18,13,31
2025.05.03,12:00,12:15,Olympia,7,14,21
2025.05.03,12:15,12:30,Olympia,19,22,41
2025.05.03,12:30,12:45,Olympia,25,15,40
2025.05.03,12:45,13:00,Olympia,53,18,71
2025.05.03,13:00,13:15,Olympia,43,24,67
2025.05.03,13:15,13:30,Olympia,45,37,82
2025.05.03,13:30,13:45,Olympia,53,56,109
2025.05.03,13:45,14:00,Olympia,48,48,96
2025.05.03,14:00,14:15,Olympia,53,44,97
2025.05.03,14:15,14:30,Olympia,30,31,61
2025.05.03,14:30,14:45,Olympia,44,50,94
2025.05.03,14:45,15:00,Olympia,41,35,76
2025.05.03,15:00,15:15,Olympia,46,56,102
2025.05.03,15:15,15:30,Olympia,50,43,93
2025.05.03,15:30,15:45,Olympia,25,48,73
2025.05.03,15:45,16:00,Olympia,62,58,120
2025.05.03,16:00,16:15,Olympia,48,50,98
2025.05.03,16:15,16:30,Olympia,45,53,98
2025.05.03,16:30,16:45,Olympia,36,41,77
2025.05.03,16:45,17:00,Olympia,31,47,78
2025.05.03,17:00,17:15,Olympia,36,43,79
2025.05.03,17:15,17:30,Olympia,37,36,73
2025.05.03,17:30,17:45,Olympia,44,56,100
2025.05.03,17:45,18:00,Olympia,49,60,109
2025.05.03,18:00,18:15,Olympia,26,55,81
2025.05.03,18:15,18:30,Olympia,56,52,108
2025.05.03,18:30,18:45,Olympia,22,41,63
2025.05.03,18:45,19:00,Olympia,16,36,52
2025.05.03,19:00,19:15,Olympia,18,39,57
2025.05.03,19:15,19:30,Olympia,14,41,55
2025.05.03,19:30,19:45,Olympia,14,30,44
2025.05.03,19:45,20:00,Olympia,16,10,26
2025.05.03,20:00,20:15,Olympia,12,20,32
2025.05.03,20:15,20:30,Olympia,17,21,38
2025.05.03,20:30,20:45,Olympia,29,17,46
2025.05.03,20:45,21:00,Olympia,9,19,28
2025.05.03,21:00,21:15,Olympia,14,8,22
2025.05.03,21:15,21:30,Olympia,1,7,8
2025.05.03,21:30,21:45,Olympia,6,16,22
2025.05.03,21:45,22:00,Olympia,6,12,18
2025.05.03,22:00,22:15,Olympia,6,9,15
2025.05.03,22:15,22:30,Olympia,9,5,14
2025.05.03,22:30,22:45,Olympia,3,3,6
2025.05.03,22:45,23:00,Olympia,5,9,14
2025.05.03,23:00,23:15,Olympia,3,5,8
2025.05.03,23:15,23:30,Olympia,2,7,9
2025.05.03,23:30,23:45,Olympia,2,9,11
2025.05.03,23:45,00:00,Olympia,6,3,9
2025.05.04,00:00,00:15,Olympia,2,0,2
2025.05.04,00:15,00:30,Olympia,5,2,7
2025.05.04,00:30,00:45,Olympia,1,0,1
2025.05.04,00:45,01:00,Olympia,3,1,4
2025.05.04,01:00,01:15,Olympia,1,0,1
2025.05.04,01:15,01:30,Olympia,0,0,0
2025.05.04,01:30,01:45,Olympia,2,3,5
2025.05.04,01:45,02:00,Olympia,1,0,1
2025.05.04,02:00,02:15,Olympia,2,0,2
2025.05.04,02:15,02:30,Olympia,0,2,2
2025.05.04,02:30,02:45,Olympia,1,2,3
2025.05.04,02:45,03:00,Olympia,1,0,1
2025.05.04,03:00,03:15,Olympia,0,1,1
2025.05.04,03:15,03:30,Olympia,0,0,0
2025.05.04,03:30,03:45,Olympia,0,0,0
2025.05.04,03:45,04:00,Olympia,0,1,1
2025.05.04,04:00,04:15,Olympia,0,0,0
2025.05.04,04:15,04:30,Olympia,0,0,0
2025.05.04,04:30,04:45,Olympia,0,1,1
2025.05.04,04:45,05:00,Olympia,0,0,0
2025.05.04,05:00,05:15,Olympia,0,1,1
2025.05.04,05:15,05:30,Olympia,0,0,0
2025.05.04,05:30,05:45,Olympia,0,2,2
2025.05.04,05:45,06:00,Olympia,0,0,0
2025.05.04,06:00,06:15,Olympia,0,0,0
2025.05.04,06:15,06:30,Olympia,0,0,0
2025.05.04,06:30,06:45,Olympia,2,0,2
2025.05.04,06:45,07:00,Olympia,1,0,1
2025.05.04,07:00,07:15,Olympia,2,0,2
2025.05.04,07:15,07:30,Olympia,5,2,7
2025.05.04,07:30,07:45,Olympia,6,2,8
2025.05.04,07:45,08:00,Olympia,5,0,5
2025.05.04,08:00,08:15,Olympia,3,1,4
2025.05.04,08:15,08:30,Olympia,13,4,17
2025.05.04,08:30,08:45,Olympia,4,8,12
2025.05.04,08:45,09:00,Olympia,11,2,13
2025.05.04,09:00,09:15,Olympia,5,3,8
2025.05.04,09:15,09:30,Olympia,10,5,15
2025.05.04,09:30,09:45,Olympia,13,7,20
2025.05.04,09:45,10:00,Olympia,15,8,23
2025.05.04,10:00,10:15,Olympia,10,6,16
2025.05.04,10:15,10:30,Olympia,27,9,36
2025.05.04,10:30,10:45,Olympia,23,15,38
2025.05.04,10:45,11:00,Olympia,21,7,28
2025.05.04,11:00,11:15,Olympia,18,9,27
2025.05.04,11:15,11:30,Olympia,25,8,33
2025.05.04,11:30,11:45,Olympia,35,6,41
2025.05.04,11:45,12:00,Olympia,78,10,88
2025.05.04,12:00,12:15,Olympia,73,13,86
2025.05.04,12:15,12:30,Olympia,90,5,95
2025.05.04,12:30,12:45,Olympia,33,17,50
2025.05.04,12:45,13:00,Olympia,2,13,15
2025.05.04,13:00,13:15,Olympia,10,58,68
2025.05.04,13:15,13:30,Olympia,2,19,21
2025.05.04,13:30,13:45,Olympia,8,20,28
2025.05.04,13:45,14:00,Olympia,38,11,49
2025.05.04,14:00,14:15,Olympia,51,17,68
2025.05.04,14:15,14:30,Olympia,27,15,42
2025.05.04,14:30,14:45,Olympia,20,14,34
2025.05.04,14:45,15:00,Olympia,11,25,36
2025.05.04,15:00,15:15,Olympia,15,27,42
2025.05.04,15:15,15:30,Olympia,10,34,44
2025.05.04,15:30,15:45,Olympia,14,58,72
2025.05.04,15:45,16:00,Olympia,18,48,66
2025.05.04,16:00,16:15,Olympia,15,43,58
2025.05.04,16:15,16:30,Olympia,14,41,55
2025.05.04,16:30,16:45,Olympia,4,69,73
2025.05.04,16:45,17:00,Olympia,10,49,59
2025.05.04,17:00,17:15,Olympia,4,26,30
2025.05.04,17:15,17:30,Olympia,13,28,41
2025.05.04,17:30,17:45,Olympia,8,16,24
2025.05.04,17:45,18:00,Olympia,14,19,33
2025.05.04,18:00,18:15,Olympia,9,15,24
2025.05.04,18:15,18:30,Olympia,4,10,14
2025.05.04,18:30,18:45,Olympia,5,14,19
2025.05.04,18:45,19:00,Olympia,2,16,18
2025.05.04,19:00,19:15,Olympia,8,10,18
2025.05.04,19:15,19:30,Olympia,4,8,12
2025.05.04,19:30,19:45,Olympia,5,4,9
2025.05.04,19:45,20:00,Olympia,8,6,14
2025.05.04,20:00,20:15,Olympia,6,8,14
2025.05.04,20:15,20:30,Olympia,6,8,14
2025.05.04,20:30,20:45,Olympia,1,4,5
2025.05.04,20:45,21:00,Olympia,0,8,8
2025.05.04,21:00,21:15,Olympia,2,1,3
2025.05.04,21:15,21:30,Olympia,3,2,5
2025.05.04,21:30,21:45,Olympia,1,6,7
2025.05.04,21:45,22:00,Olympia,1,10,11
2025.05.04,22:00,22:15,Olympia,0,5,5
2025.05.04,22:15,22:30,Olympia,0,3,3
2025.05.04,22:30,22:45,Olympia,0,1,1
2025.05.04,22:45,23:00,Olympia,0,5,5
2025.05.04,23:00,23:15,Olympia,1,2,3
2025.05.04,23:15,23:30,Olympia,0,1,1
2025.05.04,23:30,23:45,Olympia,1,0,1
2025.05.04,23:45,00:00,Olympia,2,1,3
2025.05.05,00:00,00:15,Olympia,3,1,4
2025.05.05,00:15,00:30,Olympia,0,1,1
2025.05.05,00:30,00:45,Olympia,0,0,0
2025.05.05,00:45,01:00,Olympia,0,0,0
2025.05.05,01:00,01:15,Olympia,1,0,1
2025.05.05,01:15,01:30,Olympia,0,0,0
2025.05.05,01:30,01:45,Olympia,2,1,3
2025.05.05,01:45,02:00,Olympia,1,0,1
2025.05.05,02:00,02:15,Olympia,0,0,0
2025.05.05,02:15,02:30,Olympia,0,0,0
2025.05.05,02:30,02:45,Olympia,0,0,0
2025.05.05,02:45,03:00,Olympia,1,1,2
2025.05.05,03:00,03:15,Olympia,0,0,0
2025.05.05,03:15,03:30,Olympia,0,0,0
2025.05.05,03:30,03:45,Olympia,0,2,2
2025.05.05,03:45,04:00,Olympia,0,0,0
2025.05.05,04:00,04:15,Olympia,0,0,0
2025.05.05,04:15,04:30,Olympia,0,0,0
2025.05.05,04:30,04:45,Olympia,0,1,1
2025.05.05,04:45,05:00,Olympia,1,0,1
2025.05.05,05:00,05:15,Olympia,0,0,0
2025.05.05,05:15,05:30,Olympia,2,0,2
2025.05.05,05:30,05:45,Olympia,1,0,1
2025.05.05,05:45,06:00,Olympia,1,2,3
2025.05.05,06:00,06:15,Olympia,5,1,6
2025.05.05,06:15,06:30,Olympia,2,1,3
2025.05.05,06:30,06:45,Olympia,2,2,4
2025.05.05,06:45,07:00,Olympia,8,2,10
2025.05.05,07:00,07:15,Olympia,1,5,6
2025.05.05,07:15,07:30,Olympia,8,8,16
2025.05.05,07:30,07:45,Olympia,8,8,16
2025.05.05,07:45,08:00,Olympia,10,9,19
2025.05.05,08:00,08:15,Olympia,12,21,33
2025.05.05,08:15,08:30,Olympia,7,8,15
2025.05.05,08:30,08:45,Olympia,15,16,31
2025.05.05,08:45,09:00,Olympia,10,12,22
2025.05.05,09:00,09:15,Olympia,9,4,13
2025.05.05,09:15,09:30,Olympia,1,5,6
2025.05.05,09:30,09:45,Olympia,6,3,9
2025.05.05,09:45,10:00,Olympia,8,8,16
2025.05.05,10:00,10:15,Olympia,7,4,11
2025.05.05,10:15,10:30,Olympia,5,6,11
2025.05.05,10:30,10:45,Olympia,3,2,5
2025.05.05,10:45,11:00,Olympia,3,1,4
2025.05.05,11:00,11:15,Olympia,2,2,4
2025.05.05,11:15,11:30,Olympia,1,5,6
2025.05.05,11:30,11:45,Olympia,3,5,8
2025.05.05,11:45,12:00,Olympia,2,8,10
2025.05.05,12:00,12:15,Olympia,4,3,7
2025.05.05,12:15,12:30,Olympia,3,5,8
2025.05.05,12:30,12:45,Olympia,5,1,6
2025.05.05,12:45,13:00,Olympia,1,3,4
2025.05.05,13:00,13:15,Olympia,2,4,6
2025.05.05,13:15,13:30,Olympia,6,5,11
2025.05.05,13:30,13:45,Olympia,7,2,9
2025.05.05,13:45,14:00,Olympia,4,7,11
2025.05.05,14:00,14:15,Olympia,7,4,11
2025.05.05,14:15,14:30,Olympia,6,3,9
2025.05.05,14:30,14:45,Olympia,8,3,11
2025.05.05,14:45,15:00,Olympia,9,3,12
2025.05.05,15:00,15:15,Olympia,8,3,11
2025.05.05,15:15,15:30,Olympia,10,5,15
2025.05.05,15:30,15:45,Olympia,12,13,25
2025.05.05,15:45,16:00,Olympia,21,15,36
2025.05.05,16:00,16:15,Olympia,13,16,29
2025.05.05,16:15,16:30,Olympia,11,16,27
2025.05.05,16:30,16:45,Olympia,29,13,42
2025.05.05,16:45,17:00,Olympia,30,13,43
2025.05.05,17:00,17:15,Olympia,13,13,26
2025.05.05,17:15,17:30,Olympia,12,23,35
2025.05.05,17:30,17:45,Olympia,15,8,23
2025.05.05,17:45,18:00,Olympia,18,14,32
2025.05.05,18:00,18:15,Olympia,23,9,32
2025.05.05,18:15,18:30,Olympia,27,23,50
2025.05.05,18:30,18:45,Olympia,13,22,35
2025.05.05,18:45,19:00,Olympia,25,14,39
2025.05.05,19:00,19:15,Olympia,14,14,28
2025.05.05,19:15,19:30,Olympia,10,11,21
2025.05.05,19:30,19:45,Olympia,14,12,26
2025.05.05,19:45,20:00,Olympia,17,9,26
2025.05.05,20:00,20:15,Olympia,8,20,28
2025.05.05,20:15,20:30,Olympia,8,16,24
2025.05.05,20:30,20:45,Olympia,3,10,13
2025.05.05,20:45,21:00,Olympia,2,8,10
2025.05.05,21:00,21:15,Olympia,8,16,24
2025.05.05,21:15,21:30,Olympia,6,10,16
2025.05.05,21:30,21:45,Olympia,2,19,21
2025.05.05,21:45,22:00,Olympia,1,13,14
2025.05.05,22:00,22:15,Olympia,0,4,4
2025.05.05,22:15,22:30,Olympia,0,4,4
2025.05.05,22:30,22:45,Olympia,2,5,7
2025.05.05,22:45,23:00,Olympia,2,13,15
2025.05.05,23:00,23:15,Olympia,1,3,4
2025.05.05,23:15,23:30,Olympia,0,1,1
2025.05.05,23:30,23:45,Olympia,2,1,3
2025.05.05,23:45,00:00,Olympia,0,1,1
2025.05.06,00:00,00:15,Olympia,1,3,4
2025.05.06,00:15,00:30,Olympia,1,0,1
2025.05.06,00:30,00:45,Olympia,0,0,0
2025.05.06,00:45,01:00,Olympia,0,0,0
2025.05.06,01:00,01:15,Olympia,0,0,0
2025.05.06,01:15,01:30,Olympia,0,0,0
2025.05.06,01:30,01:45,Olympia,2,0,2
2025.05.06,01:45,02:00,Olympia,0,1,1
2025.05.06,02:00,02:15,Olympia,0,0,0
2025.05.06,02:15,02:30,Olympia,0,0,0
2025.05.06,02:30,02:45,Olympia,0,0,0
2025.05.06,02:45,03:00,Olympia,0,0,0
2025.05.06,03:00,03:15,Olympia,0,0,0
2025.05.06,03:15,03:30,Olympia,0,0,0
2025.05.06,03:30,03:45,Olympia,0,0,0
2025.05.06,03:45,04:00,Olympia,0,0,0
2025.05.06,04:00,04:15,Olympia,0,0,0
2025.05.06,04:15,04:30,Olympia,0,1,1
2025.05.06,04:30,04:45,Olympia,0,1,1
2025.05.06,04:45,05:00,Olympia,1,0,1
2025.05.06,05:00,05:15,Olympia,1,1,2
2025.05.06,05:15,05:30,Olympia,2,0,2
2025.05.06,05:30,05:45,Olympia,1,0,1
2025.05.06,05:45,06:00,Olympia,3,3,6
2025.05.06,06:00,06:15,Olympia,5,0,5
2025.05.06,06:15,06:30,Olympia,5,5,10
2025.05.06,06:30,06:45,Olympia,4,6,10
2025.05.06,06:45,07:00,Olympia,13,3,16
2025.05.06,07:00,07:15,Olympia,13,10,23
2025.05.06,07:15,07:30,Olympia,12,13,25
2025.05.06,07:30,07:45,Olympia,27,17,44
2025.05.06,07:45,08:00,Olympia,17,21,38
2025.05.06,08:00,08:15,Olympia,26,31,57
2025.05.06,08:15,08:30,Olympia,30,20,50
2025.05.06,08:30,08:45,Olympia,17,23,40
2025.05.06,08:45,09:00,Olympia,21,24,45
2025.05.06,09:00,09:15,Olympia,17,13,30
2025.05.06,09:15,09:30,Olympia,10,16,26
2025.05.06,09:30,09:45,Olympia,10,11,21
2025.05.06,09:45,10:00,Olympia,11,18,29
2025.05.06,10:00,10:15,Olympia,12,11,23
2025.05.06,10:15,10:30,Olympia,8,8,16
2025.05.06,10:30,10:45,Olympia,6,9,15
2025.05.06,10:45,11:00,Olympia,9,4,13
2025.05.06,11:00,11:15,Olympia,7,7,14
2025.05.06,11:15,11:30,Olympia,13,12,25
2025.05.06,11:30,11:45,Olympia,2,3,5
2025.05.06,11:45,12:00,Olympia,13,10,23
2025.05.06,12:00,12:15,Olympia,13,6,19
2025.05.06,12:15,12:30,Olympia,6,12,18
2025.05.06,12:30,12:45,Olympia,13,7,20
2025.05.06,12:45,13:00,Olympia,5,5,10
2025.05.06,13:00,13:15,Olympia,4,8,12
2025.05.06,13:15,13:30,Olympia,10,8,18
2025.05.06,13:30,13:45,Olympia,9,8,17
2025.05.06,13:45,14:00,Olympia,12,14,26
2025.05.06,14:00,14:15,Olympia,12,5,17
2025.05.06,14:15,14:30,Olympia,6,12,18
2025.05.06,14:30,14:45,Olympia,13,9,22
2025.05.06,14:45,15:00,Olympia,24,8,32
2025.05.06,15:00,15:15,Olympia,12,10,22
2025.05.06,15:15,15:30,Olympia,12,10,22
2025.05.06,15:30,15:45,Olympia,25,14,39
2025.05.06,15:45,16:00,Olympia,19,15,34
2025.05.06,16:00,16:15,Olympia,10,22,32
2025.05.06,16:15,16:30,Olympia,21,17,38
2025.05.06,16:30,16:45,Olympia,27,18,45
2025.05.06,16:45,17:00,Olympia,25,16,41
2025.05.06,17:00,17:15,Olympia,35,28,63
2025.05.06,17:15,17:30,Olympia,30,35,65
2025.05.06,17:30,17:45,Olympia,36,24,60
2025.05.06,17:45,18:00,Olympia,41,31,72
2025.05.06,18:00,18:15,Olympia,44,32,76
2025.05.06,18:15,18:30,Olympia,29,54,83
2025.05.06,18:30,18:45,Olympia,27,40,67
2025.05.06,18:45,19:00,Olympia,29,43,72
2025.05.06,19:00,19:15,Olympia,21,21,42
2025.05.06,19:15,19:30,Olympia,24,25,49
2025.05.06,19:30,19:45,Olympia,32,15,47
2025.05.06,19:45,20:00,Olympia,29,29,58
2025.05.06,20:00,20:15,Olympia,13,29,42
2025.05.06,20:15,20:30,Olympia,14,31,45
2025.05.06,20:30,20:45,Olympia,17,23,40
2025.05.06,20:45,21:00,Olympia,10,14,24
2025.05.06,21:00,21:15,Olympia,13,15,28
2025.05.06,21:15,21:30,Olympia,10,24,34
2025.05.06,21:30,21:45,Olympia,2,12,14
2025.05.06,21:45,22:00,Olympia,2,31,33
2025.05.06,22:00,22:15,Olympia,4,18,22
2025.05.06,22:15,22:30,Olympia,3,8,11
2025.05.06,22:30,22:45,Olympia,7,9,16
2025.05.06,22:45,23:00,Olympia,5,8,13
2025.05.06,23:00,23:15,Olympia,4,2,6
2025.05.06,23:15,23:30,Olympia,2,10,12
2025.05.06,23:30,23:45,Olympia,2,3,5
2025.05.06,23:45,00:00,Olympia,4,0,4
2025.05.07,00:00,00:15,Olympia,1,6,7
2025.05.07,00:15,00:30,Olympia,1,2,3
2025.05.07,00:30,00:45,Olympia,0,0,0
2025.05.07,00:45,01:00,Olympia,0,0,0
2025.05.07,01:00,01:15,Olympia,1,0,1
2025.05.07,01:15,01:30,Olympia,1,0,1
2025.05.07,01:30,01:45,Olympia,2,0,2
2025.05.07,01:45,02:00,Olympia,0,0,0
2025.05.07,02:00,02:15,Olympia,1,0,1
2025.05.07,02:15,02:30,Olympia,2,2,4
2025.05.07,02:30,02:45,Olympia,1,0,1
2025.05.07,02:45,03:00,Olympia,1,0,1
2025.05.07,03:00,03:15,Olympia,1,0,1
2025.05.07,03:15,03:30,Olympia,0,0,0
2025.05.07,03:30,03:45,Olympia,0,0,0
2025.05.07,03:45,04:00,Olympia,0,1,1
2025.05.07,04:00,04:15,Olympia,0,0,0
2025.05.07,04:15,04:30,Olympia,2,0,2
2025.05.07,04:30,04:45,Olympia,0,1,1
2025.05.07,04:45,05:00,Olympia,1,1,2
2025.05.07,05:00,05:15,Olympia,0,1,1
2025.05.07,05:15,05:30,Olympia,2,2,4
2025.05.07,05:30,05:45,Olympia,0,3,3
2025.05.07,05:45,06:00,Olympia,2,1,3
2025.05.07,06:00,06:15,Olympia,5,7,12
2025.05.07,06:15,06:30,Olympia,4,4,8
2025.05.07,06:30,06:45,Olympia,10,5,15
2025.05.07,06:45,07:00,Olympia,20,7,27
2025.05.07,07:00,07:15,Olympia,20,14,34
2025.05.07,07:15,07:30,Olympia,20,19,39
2025.05.07,07:30,07:45,Olympia,37,22,59
2025.05.07,07:45,08:00,Olympia,30,24,54
2025.05.07,08:00,08:15,Olympia,28,40,68
2025.05.07,08:15,08:30,Olympia,31,32,63
2025.05.07,08:30,08:45,Olympia,26,36,62
2025.05.07,08:45,09:00,Olympia,19,25,44
2025.05.07,09:00,09:15,Olympia,23,27,50
2025.05.07,09:15,09:30,Olympia,16,22,38
2025.05.07,09:30,09:45,Olympia,10,22,32
2025.05.07,09:45,10:00,Olympia,19,28,47
2025.05.07,10:00,10:15,Olympia,12,13,25
2025.05.07,10:15,10:30,Olympia,12,13,25
2025.05.07,10:30,10:45,Olympia,8,5,13
2025.05.07,10:45,11:00,Olympia,13,8,21
2025.05.07,11:00,11:15,Olympia,4,4,8
2025.05.07,11:15,11:30,Olympia,11,13,24
2025.05.07,11:30,11:45,Olympia,11,14,25
2025.05.07,11:45,12:00,Olympia,15,12,27
2025.05.07,12:00,12:15,Olympia,26,16,42
2025.05.07,12:15,12:30,Olympia,23,11,34
2025.05.07,12:30,12:45,Olympia,9,10,19
2025.05.07,12:45,13:00,Olympia,10,8,18
2025.05.07,13:00,13:15,Olympia,16,12,28
2025.05.07,13:15,13:30,Olympia,17,12,29
2025.05.07,13:30,13:45,Olympia,17,24,41
2025.05.07,13:45,14:00,Olympia,14,16,30
2025.05.07,14:00,14:15,Olympia,13,10,23
2025.05.07,14:15,14:30,Olympia,14,16,30
2025.05.07,14:30,14:45,Olympia,19,14,33
2025.05.07,14:45,15:00,Olympia,15,12,27
2025.05.07,15:00,15:15,Olympia,16,9,25
2025.05.07,15:15,15:30,Olympia,23,11,34
2025.05.07,15:30,15:45,Olympia,24,21,45
2025.05.07,15:45,16:00,Olympia,27,29,56
2025.05.07,16:00,16:15,Olympia,33,22,55
2025.05.07,16:15,16:30,Olympia,22,28,50
2025.05.07,16:30,16:45,Olympia,43,24,67
2025.05.07,16:45,17:00,Olympia,69,24,93
2025.05.07,17:00,17:15,Olympia,44,23,67
2025.05.07,17:15,17:30,Olympia,39,33,72
2025.05.07,17:30,17:45,Olympia,42,30,72
2025.05.07,17:45,18:00,Olympia,53,36,89
2025.05.07,18:00,18:15,Olympia,53,43,96
2025.05.07,18:15,18:30,Olympia,49,54,103
2025.05.07,18:30,18:45,Olympia,49,46,95
2025.05.07,18:45,19:00,Olympia,23,48,71
2025.05.07,19:00,19:15,Olympia,26,31,57
2025.05.07,19:15,19:30,Olympia,26,22,48
2025.05.07,19:30,19:45,Olympia,23,32,55
2025.05.07,19:45,20:00,Olympia,26,30,56
2025.05.07,20:00,20:15,Olympia,21,55,76
2025.05.07,20:15,20:30,Olympia,17,35,52
2025.05.07,20:30,20:45,Olympia,12,21,33
2025.05.07,20:45,21:00,Olympia,6,23,29
2025.05.07,21:00,21:15,Olympia,13,30,43
2025.05.07,21:15,21:30,Olympia,10,15,25
2025.05.07,21:30,21:45,Olympia,2,18,20
2025.05.07,21:45,22:00,Olympia,7,16,23
2025.05.07,22:00,22:15,Olympia,1,4,5
2025.05.07,22:15,22:30,Olympia,5,7,12
2025.05.07,22:30,22:45,Olympia,4,9,13
2025.05.07,22:45,23:00,Olympia,3,14,17
2025.05.07,23:00,23:15,Olympia,6,11,17
2025.05.07,23:15,23:30,Olympia,1,13,14
2025.05.07,23:30,23:45,Olympia,0,8,8
2025.05.07,23:45,00:00,Olympia,4,2,6
2025.05.08,00:00,00:15,Olympia,0,5,5
2025.05.08,00:15,00:30,Olympia,1,0,1
2025.05.08,00:30,00:45,Olympia,0,0,0
2025.05.08,00:45,01:00,Olympia,3,1,4
2025.05.08,01:00,01:15,Olympia,0,0,0
2025.05.08,01:15,01:30,Olympia,0,0,0
2025.05.08,01:30,01:45,Olympia,2,0,2
2025.05.08,01:45,02:00,Olympia,0,0,0
2025.05.08,02:00,02:15,Olympia,0,0,0
2025.05.08,02:15,02:30,Olympia,0,0,0
2025.05.08,02:30,02:45,Olympia,0,0,0
2025.05.08,02:45,03:00,Olympia,0,0,0
2025.05.08,03:00,03:15,Olympia,0,0,0
2025.05.08,03:15,03:30,Olympia,0,0,0
2025.05.08,03:30,03:45,Olympia,0,0,0
2025.05.08,03:45,04:00,Olympia,0,0,0
2025.05.08,04:00,04:15,Olympia,1,0,1
2025.05.08,04:15,04:30,Olympia,0,1,1
2025.05.08,04:30,04:45,Olympia,0,0,0
2025.05.08,04:45,05:00,Olympia,1,0,1
2025.05.08,05:00,05:15,Olympia,1,0,1
2025.05.08,05:15,05:30,Olympia,1,0,1
2025.05.08,05:30,05:45,Olympia,0,3,3
2025.05.08,05:45,06:00,Olympia,3,4,7
2025.05.08,06:00,06:15,Olympia,6,3,9
2025.05.08,06:15,06:30,Olympia,6,2,8
2025.05.08,06:30,06:45,Olympia,10,10,20
2025.05.08,06:45,07:00,Olympia,15,4,19
2025.05.08,07:00,07:15,Olympia,12,5,17
2025.05.08,07:15,07:30,Olympia,25,22,47
2025.05.08,07:30,07:45,Olympia,17,18,35
2025.05.08,07:45,08:00,Olympia,37,39,76
2025.05.08,08:00,08:15,Olympia,48,36,84
2025.05.08,08:15,08:30,Olympia,29,30,59
2025.05.08,08:30,08:45,Olympia,32,25,57
2025.05.08,08:45,09:00,Olympia,36,22,58
2025.05.08,09:00,09:15,Olympia,20,21,41
2025.05.08,09:15,09:30,Olympia,14,20,34
2025.05.08,09:30,09:45,Olympia,16,14,30
2025.05.08,09:45,10:00,Olympia,11,15,26
2025.05.08,10:00,10:15,Olympia,11,14,25
2025.05.08,10:15,10:30,Olympia,8,8,16
2025.05.08,10:30,10:45,Olympia,7,9,16
2025.05.08,10:45,11:00,Olympia,6,8,14
2025.05.08,11:00,11:15,Olympia,8,11,19
2025.05.08,11:15,11:30,Olympia,12,12,24
2025.05.08,11:30,11:45,Olympia,7,12,19
2025.05.08,11:45,12:00,Olympia,15,15,30
2025.05.08,12:00,12:15,Olympia,15,13,28
2025.05.08,12:15,12:30,Olympia,5,15,20
2025.05.08,12:30,12:45,Olympia,9,14,23
2025.05.08,12:45,13:00,Olympia,9,6,15
2025.05.08,13:00,13:15,Olympia,9,10,19
2025.05.08,13:15,13:30,Olympia,11,14,25
2025.05.08,13:30,13:45,Olympia,8,6,14
2025.05.08,13:45,14:00,Olympia,15,17,32
2025.05.08,14:00,14:15,Olympia,17,7,24
2025.05.08,14:15,14:30,Olympia,12,13,25
2025.05.08,14:30,14:45,Olympia,12,6,18
2025.05.08,14:45,15:00,Olympia,20,8,28
2025.05.08,15:00,15:15,Olympia,12,8,20
2025.05.08,15:15,15:30,Olympia,23,15,38
2025.05.08,15:30,15:45,Olympia,17,24,41
2025.05.08,15:45,16:00,Olympia,14,21,35
2025.05.08,16:00,16:15,Olympia,20,17,37
2025.05.08,16:15,16:30,Olympia,23,19,42
2025.05.08,16:30,16:45,Olympia,35,13,48
2025.05.08,16:45,17:00,Olympia,44,12,56
2025.05.08,17:00,17:15,Olympia,27,25,52
2025.05.08,17:15,17:30,Olympia,13,24,37
2025.05.08,17:30,17:45,Olympia,34,28,62
2025.05.08,17:45,18:00,Olympia,39,40,79
2025.05.08,18:00,18:15,Olympia,47,26,73
2025.05.08,18:15,18:30,Olympia,64,31,95
2025.05.08,18:30,18:45,Olympia,33,33,66
2025.05.08,18:45,19:00,Olympia,38,39,77
2025.05.08,19:00,19:15,Olympia,19,26,45
2025.05.08,19:15,19:30,Olympia,14,30,44
2025.05.08,19:30,19:45,Olympia,19,29,48
2025.05.08,19:45,20:00,Olympia,23,25,48
2025.05.08,20:00,20:15,Olympia,14,25,39
2025.05.08,20:15,20:30,Olympia,13,56,69
2025.05.08,20:30,20:45,Olympia,15,22,37
2025.05.08,20:45,21:00,Olympia,12,18,30
2025.05.08,21:00,21:15,Olympia,20,15,35
2025.05.08,21:15,21:30,Olympia,15,13,28
2025.05.08,21:30,21:45,Olympia,6,18,24
2025.05.08,21:45,22:00,Olympia,2,17,19
2025.05.08,22:00,22:15,Olympia,2,10,12
2025.05.08,22:15,22:30,Olympia,6,11,17
2025.05.08,22:30,22:45,Olympia,1,0,1
2025.05.08,22:45,23:00,Olympia,1,18,19
2025.05.08,23:00,23:15,Olympia,9,9,18
2025.05.08,23:15,23:30,Olympia,7,11,18
2025.05.08,23:30,23:45,Olympia,1,1,2
2025.05.08,23:45,00:00,Olympia,1,1,2
2025.05.09,00:00,00:15,Olympia,2,2,4
2025.05.09,00:15,00:30,Olympia,1,0,1
2025.05.09,00:30,00:45,Olympia,0,0,0
2025.05.09,00:45,01:00,Olympia,1,0,1
2025.05.09,01:00,01:15,Olympia,2,1,3
2025.05.09,01:15,01:30,Olympia,1,0,1
2025.05.09,01:30,01:45,Olympia,2,0,2
2025.05.09,01:45,02:00,Olympia,0,0,0
2025.05.09,02:00,02:15,Olympia,1,0,1
2025.05.09,02:15,02:30,Olympia,0,1,1
2025.05.09,02:30,02:45,Olympia,3,2,5
2025.05.09,02:45,03:00,Olympia,0,0,0
2025.05.09,03:00,03:15,Olympia,0,0,0
2025.05.09,03:15,03:30,Olympia,0,0,0
2025.05.09,03:30,03:45,Olympia,0,2,2
2025.05.09,03:45,04:00,Olympia,0,0,0
2025.05.09,04:00,04:15,Olympia,0,0,0
2025.05.09,04:15,04:30,Olympia,0,0,0
2025.05.09,04:30,04:45,Olympia,1,1,2
2025.05.09,04:45,05:00,Olympia,0,0,0
2025.05.09,05:00,05:15,Olympia,0,1,1
2025.05.09,05:15,05:30,Olympia,3,1,4
2025.05.09,05:30,05:45,Olympia,1,3,4
2025.05.09,05:45,06:00,Olympia,5,3,8
2025.05.09,06:00,06:15,Olympia,4,3,7
2025.05.09,06:15,06:30,Olympia,6,8,14
2025.05.09,06:30,06:45,Olympia,9,7,16
2025.05.09,06:45,07:00,Olympia,13,4,17
2025.05.09,07:00,07:15,Olympia,13,6,19
2025.05.09,07:15,07:30,Olympia,20,17,37
2025.05.09,07:30,07:45,Olympia,18,24,42
2025.05.09,07:45,08:00,Olympia,37,37,74
2025.05.09,08:00,08:15,Olympia,26,26,52
2025.05.09,08:15,08:30,Olympia,19,26,45
2025.05.09,08:30,08:45,Olympia,23,24,47
2025.05.09,08:45,09:00,Olympia,25,19,44
2025.05.09,09:00,09:15,Olympia,26,17,43
2025.05.09,09:15,09:30,Olympia,7,13,20
2025.05.09,09:30,09:45,Olympia,8,18,26
2025.05.09,09:45,10:00,Olympia,24,17,41
2025.05.09,10:00,10:15,Olympia,9,7,16
2025.05.09,10:15,10:30,Olympia,13,8,21
2025.05.09,10:30,10:45,Olympia,13,12,25
2025.05.09,10:45,11:00,Olympia,16,15,31
2025.05.09,11:00,11:15,Olympia,5,17,22
2025.05.09,11:15,11:30,Olympia,11,13,24
2025.05.09,11:30,11:45,Olympia,10,10,20
2025.05.09,11:45,12:00,Olympia,15,24,39
2025.05.09,12:00,12:15,Olympia,11,21,32
2025.05.09,12:15,12:30,Olympia,16,23,39
2025.05.09,12:30,12:45,Olympia,18,20,38
2025.05.09,12:45,13:00,Olympia,16,20,36
2025.05.09,13:00,13:15,Olympia,19,26,45
2025.05.09,13:15,13:30,Olympia,28,18,46
2025.05.09,13:30,13:45,Olympia,28,32,60
2025.05.09,13:45,14:00,Olympia,15,14,29
2025.05.09,14:00,14:15,Olympia,18,25,43
2025.05.09,14:15,14:30,Olympia,18,15,33
2025.05.09,14:30,14:45,Olympia,36,17,53
2025.05.09,14:45,15:00,Olympia,20,15,35
2025.05.09,15:00,15:15,Olympia,34,20,54
2025.05.09,15:15,15:30,Olympia,32,22,54
2025.05.09,15:30,15:45,Olympia,26,18,44
2025.05.09,15:45,16:00,Olympia,42,28,70
2025.05.09,16:00,16:15,Olympia,34,27,61
2025.05.09,16:15,16:30,Olympia,36,33,69
2025.05.09,16:30,16:45,Olympia,37,34,71
2025.05.09,16:45,17:00,Olympia,33,37,70
2025.05.09,17:00,17:15,Olympia,25,37,62
2025.05.09,17:15,17:30,Olympia,19,40,59
2025.05.09,17:30,17:45,Olympia,15,37,52
2025.05.09,17:45,18:00,Olympia,23,25,48
2025.05.09,18:00,18:15,Olympia,30,25,55
2025.05.09,18:15,18:30,Olympia,42,32,74
2025.05.09,18:30,18:45,Olympia,31,36,67
2025.05.09,18:45,19:00,Olympia,27,44,71
2025.05.09,19:00,19:15,Olympia,14,23,37
2025.05.09,19:15,19:30,Olympia,16,21,37
2025.05.09,19:30,19:45,Olympia,25,21,46
2025.05.09,19:45,20:00,Olympia,19,13,32
2025.05.09,20:00,20:15,Olympia,22,23,45
2025.05.09,20:15,20:30,Olympia,12,15,27
2025.05.09,20:30,20:45,Olympia,10,25,35
2025.05.09,20:45,21:00,Olympia,13,22,35
2025.05.09,21:00,21:15,Olympia,10,17,27
2025.05.09,21:15,21:30,Olympia,7,16,23
2025.05.09,21:30,21:45,Olympia,8,11,19
2025.05.09,21:45,22:00,Olympia,4,13,17
2025.05.09,22:00,22:15,Olympia,10,7,17
2025.05.09,22:15,22:30,Olympia,1,1,2
2025.05.09,22:30,22:45,Olympia,6,3,9
2025.05.09,22:45,23:00,Olympia,4,9,13
2025.05.09,23:00,23:15,Olympia,0,5,5
2025.05.09,23:15,23:30,Olympia,1,2,3
2025.05.09,23:30,23:45,Olympia,0,0,0
2025.05.09,23:45,00:00,Olympia,2,0,2
2025.05.10,00:00,00:15,Olympia,4,4,8
2025.05.10,00:15,00:30,Olympia,0,1,1
2025.05.10,00:30,00:45,Olympia,3,4,7
2025.05.10,00:45,01:00,Olympia,4,1,5
2025.05.10,01:00,01:15,Olympia,0,1,1
2025.05.10,01:15,01:30,Olympia,0,2,2
2025.05.10,01:30,01:45,Olympia,3,0,3
2025.05.10,01:45,02:00,Olympia,1,0,1
2025.05.10,02:00,02:15,Olympia,0,1,1
2025.05.10,02:15,02:30,Olympia,1,0,1
2025.05.10,02:30,02:45,Olympia,0,1,1
2025.05.10,02:45,03:00,Olympia,1,0,1
2025.05.10,03:00,03:15,Olympia,2,0,2
2025.05.10,03:15,03:30,Olympia,1,0,1
2025.05.10,03:30,03:45,Olympia,0,0,0
2025.05.10,03:45,04:00,Olympia,1,0,1
2025.05.10,04:00,04:15,Olympia,0,0,0
2025.05.10,04:15,04:30,Olympia,0,0,0
2025.05.10,04:30,04:45,Olympia,0,0,0
2025.05.10,04:45,05:00,Olympia,0,0,0
2025.05.10,05:00,05:15,Olympia,0,0,0
2025.05.10,05:15,05:30,Olympia,0,0,0
2025.05.10,05:30,05:45,Olympia,0,0,0
2025.05.10,05:45,06:00,Olympia,0,0,0
2025.05.10,06:00,06:15,Olympia,1,2,3
2025.05.10,06:15,06:30,Olympia,1,0,1
2025.05.10,06:30,06:45,Olympia,1,1,2
2025.05.10,06:45,07:00,Olympia,5,0,5
2025.05.10,07:00,07:15,Olympia,2,2,4
2025.05.10,07:15,07:30,Olympia,5,3,8
2025.05.10,07:30,07:45,Olympia,4,2,6
2025.05.10,07:45,08:00,Olympia,6,4,10
2025.05.10,08:00,08:15,Olympia,5,7,12
2025.05.10,08:15,08:30,Olympia,8,8,16
2025.05.10,08:30,08:45,Olympia,10,5,15
2025.05.10,08:45,09:00,Olympia,22,14,36
2025.05.10,09:00,09:15,Olympia,15,10,25
2025.05.10,09:15,09:30,Olympia,11,6,17
2025.05.10,09:30,09:45,Olympia,17,13,30
2025.05.10,09:45,10:00,Olympia,20,20,40
2025.05.10,10:00,10:15,Olympia,20,9,29
2025.05.10,10:15,10:30,Olympia,23,17,40
2025.05.10,10:30,10:45,Olympia,18,23,41
2025.05.10,10:45,11:00,Olympia,18,22,40
2025.05.10,11:00,11:15,Olympia,16,17,33
2025.05.10,11:15,11:30,Olympia,22,27,49
2025.05.10,11:30,11:45,Olympia,30,18,48
2025.05.10,11:45,12:00,Olympia,32,23,55
2025.05.10,12:00,12:15,Olympia,36,30,66
2025.05.10,12:15,12:30,Olympia,22,23,45
2025.05.10,12:30,12:45,Olympia,28,29,57
2025.05.10,12:45,13:00,Olympia,15,28,43
2025.05.10,13:00,13:15,Olympia,32,30,62
2025.05.10,13:15,13:30,Olympia,34,31,65
2025.05.10,13:30,13:45,Olympia,39,36,75
2025.05.10,13:45,14:00,Olympia,51,18,69
2025.05.10,14:00,14:15,Olympia,34,25,59
2025.05.10,14:15,14:30,Olympia,30,34,64
2025.05.10,14:30,14:45,Olympia,42,39,81
2025.05.10,14:45,15:00,Olympia,25,39,64
2025.05.10,15:00,15:15,Olympia,41,44,85
2025.05.10,15:15,15:30,Olympia,49,40,89
2025.05.10,15:30,15:45,Olympia,27,35,62
2025.05.10,15:45,16:00,Olympia,35,30,65
2025.05.10,16:00,16:15,Olympia,38,32,70
2025.05.10,16:15,16:30,Olympia,37,32,69
2025.05.10,16:30,16:45,Olympia,30,32,62
2025.05.10,16:45,17:00,Olympia,47,30,77
2025.05.10,17:00,17:15,Olympia,27,32,59
2025.05.10,17:15,17:30,Olympia,42,40,82
2025.05.10,17:30,17:45,Olympia,42,36,78
2025.05.10,17:45,18:00,Olympia,26,32,58
2025.05.10,18:00,18:15,Olympia,32,25,57
2025.05.10,18:15,18:30,Olympia,24,29,53
2025.05.10,18:30,18:45,Olympia,33,23,56
2025.05.10,18:45,19:00,Olympia,24,36,60
2025.05.10,19:00,19:15,Olympia,28,48,76
2025.05.10,19:15,19:30,Olympia,14,30,44
2025.05.10,19:30,19:45,Olympia,21,26,47
2025.05.10,19:45,20:00,Olympia,17,27,44
2025.05.10,20:00,20:15,Olympia,8,25,33
2025.05.10,20:15,20:30,Olympia,10,27,37
2025.05.10,20:30,20:45,Olympia,10,21,31
2025.05.10,20:45,21:00,Olympia,8,21,29
2025.05.10,21:00,21:15,Olympia,4,17,21
2025.05.10,21:15,21:30,Olympia,7,6,13
2025.05.10,21:30,21:45,Olympia,2,4,6
2025.05.10,21:45,22:00,Olympia,1,11,12
2025.05.10,22:00,22:15,Olympia,3,13,16
2025.05.10,22:15,22:30,Olympia,3,6,9
2025.05.10,22:30,22:45,Olympia,2,4,6
2025.05.10,22:45,23:00,Olympia,2,8,10
2025.05.10,23:00,23:15,Olympia,5,5,10
2025.05.10,23:15,23:30,Olympia,1,3,4
2025.05.10,23:30,23:45,Olympia,2,3,5
2025.05.10,23:45,00:00,Olympia,6,5,11
2025.05.11,00:00,00:15,Olympia,4,2,6
2025.05.11,00:15,00:30,Olympia,4,3,7
2025.05.11,00:30,00:45,Olympia,2,2,4
2025.05.11,00:45,01:00,Olympia,3,0,3
2025.05.11,01:00,01:15,Olympia,2,0,2
2025.05.11,01:15,01:30,Olympia,0,1,1
2025.05.11,01:30,01:45,Olympia,4,2,6
2025.05.11,01:45,02:00,Olympia,0,1,1
2025.05.11,02:00,02:15,Olympia,1,1,2
2025.05.11,02:15,02:30,Olympia,2,0,2
2025.05.11,02:30,02:45,Olympia,1,0,1
2025.05.11,02:45,03:00,Olympia,2,1,3
2025.05.11,03:00,03:15,Olympia,0,0,0
2025.05.11,03:15,03:30,Olympia,3,0,3
2025.05.11,03:30,03:45,Olympia,3,2,5
2025.05.11,03:45,04:00,Olympia,2,0,2
2025.05.11,04:00,04:15,Olympia,0,1,1
2025.05.11,04:15,04:30,Olympia,0,0,0
2025.05.11,04:30,04:45,Olympia,0,0,0
2025.05.11,04:45,05:00,Olympia,1,0,1
2025.05.11,05:00,05:15,Olympia,0,0,0
2025.05.11,05:15,05:30,Olympia,1,0,1
2025.05.11,05:30,05:45,Olympia,1,0,1
2025.05.11,05:45,06:00,Olympia,0,0,0
2025.05.11,06:00,06:15,Olympia,0,0,0
2025.05.11,06:15,06:30,Olympia,0,1,1
2025.05.11,06:30,06:45,Olympia,1,0,1
2025.05.11,06:45,07:00,Olympia,3,1,4
2025.05.11,07:00,07:15,Olympia,3,2,5
2025.05.11,07:15,07:30,Olympia,6,0,6
2025.05.11,07:30,07:45,Olympia,2,1,3
2025.05.11,07:45,08:00,Olympia,5,0,5
2025.05.11,08:00,08:15,Olympia,9,2,11
2025.05.11,08:15,08:30,Olympia,3,6,9
2025.05.11,08:30,08:45,Olympia,7,6,13
2025.05.11,08:45,09:00,Olympia,8,5,13
2025.05.11,09:00,09:15,Olympia,7,8,15
2025.05.11,09:15,09:30,Olympia,13,10,23
2025.05.11,09:30,09:45,Olympia,10,8,18
2025.05.11,09:45,10:00,Olympia,27,13,40
2025.05.11,10:00,10:15,Olympia,22,10,32
2025.05.11,10:15,10:30,Olympia,28,19,47
2025.05.11,10:30,10:45,Olympia,21,19,40
2025.05.11,10:45,11:00,Olympia,25,35,60
2025.05.11,11:00,11:15,Olympia,20,31,51
2025.05.11,11:15,11:30,Olympia,31,17,48
2025.05.11,11:30,11:45,Olympia,42,13,55
2025.05.11,11:45,12:00,Olympia,22,20,42
2025.05.11,12:00,12:15,Olympia,27,25,52
2025.05.11,12:15,12:30,Olympia,20,36,56
2025.05.11,12:30,12:45,Olympia,36,27,63
2025.05.11,12:45,13:00,Olympia,39,37,76
2025.05.11,13:00,13:15,Olympia,34,32,66
2025.05.11,13:15,13:30,Olympia,38,39,77
2025.05.11,13:30,13:45,Olympia,32,25,57
2025.05.11,13:45,14:00,Olympia,39,35,74
2025.05.11,14:00,14:15,Olympia,69,27,96
2025.05.11,14:15,14:30,Olympia,37,32,69
2025.05.11,14:30,14:45,Olympia,46,32,78
2025.05.11,14:45,15:00,Olympia,44,45,89
2025.05.11,15:00,15:15,Olympia,44,55,99
2025.05.11,15:15,15:30,Olympia,41,28,69
2025.05.11,15:30,15:45,Olympia,46,47,93
2025.05.11,15:45,16:00,Olympia,46,38,84
2025.05.11,16:00,16:15,Olympia,43,40,83
2025.05.11,16:15,16:30,Olympia,43,45,88
2025.05.11,16:30,16:45,Olympia,42,42,84
2025.05.11,16:45,17:00,Olympia,48,39,87
2025.05.11,17:00,17:15,Olympia,43,33,76
2025.05.11,17:15,17:30,Olympia,52,58,110
2025.05.11,17:30,17:45,Olympia,53,55,108
2025.05.11,17:45,18:00,Olympia,41,45,86
2025.05.11,18:00,18:15,Olympia,34,46,80
2025.05.11,18:15,18:30,Olympia,23,67,90
2025.05.11,18:30,18:45,Olympia,31,41,72
2025.05.11,18:45,19:00,Olympia,33,34,67
2025.05.11,19:00,19:15,Olympia,17,26,43
2025.05.11,19:15,19:30,Olympia,26,41,67
2025.05.11,19:30,19:45,Olympia,19,34,53
2025.05.11,19:45,20:00,Olympia,19,26,45
2025.05.11,20:00,20:15,Olympia,15,29,44
2025.05.11,20:15,20:30,Olympia,6,45,51
2025.05.11,20:30,20:45,Olympia,13,19,32
2025.05.11,20:45,21:00,Olympia,13,16,29
2025.05.11,21:00,21:15,Olympia,10,12,22
2025.05.11,21:15,21:30,Olympia,6,16,22
2025.05.11,21:30,21:45,Olympia,1,12,13
2025.05.11,21:45,22:00,Olympia,6,4,10
2025.05.11,22:00,22:15,Olympia,3,4,7
2025.05.11,22:15,22:30,Olympia,3,8,11
2025.05.11,22:30,22:45,Olympia,3,5,8
2025.05.11,22:45,23:00,Olympia,2,4,6
2025.05.11,23:00,23:15,Olympia,4,1,5
2025.05.11,23:15,23:30,Olympia,2,2,4
2025.05.11,23:30,23:45,Olympia,0,0,0
2025.05.11,23:45,00:00,Olympia,2,0,2
2025.05.12,00:00,00:15,Olympia,0,0,0
2025.05.12,00:15,00:30,Olympia,1,0,1
2025.05.12,00:30,00:45,Olympia,1,0,1
2025.05.12,00:45,01:00,Olympia,0,0,0
2025.05.12,01:00,01:15,Olympia,0,0,0
2025.05.12,01:15,01:30,Olympia,0,0,0
2025.05.12,01:30,01:45,Olympia,2,0,2
2025.05.12,01:45,02:00,Olympia,0,0,0
2025.05.12,02:00,02:15,Olympia,0,0,0
2025.05.12,02:15,02:30,Olympia,1,0,1
2025.05.12,02:30,02:45,Olympia,0,0,0
2025.05.12,02:45,03:00,Olympia,0,0,0
2025.05.12,03:00,03:15,Olympia,0,0,0
2025.05.12,03:15,03:30,Olympia,0,0,0
2025.05.12,03:30,03:45,Olympia,0,0,0
2025.05.12,03:45,04:00,Olympia,0,0,0
2025.05.12,04:00,04:15,Olympia,0,0,0
2025.05.12,04:15,04:30,Olympia,0,0,0
2025.05.12,04:30,04:45,Olympia,1,1,2
2025.05.12,04:45,05:00,Olympia,2,0,2
2025.05.12,05:00,05:15,Olympia,4,0,4
2025.05.12,05:15,05:30,Olympia,4,0,4
2025.05.12,05:30,05:45,Olympia,5,5,10
2025.05.12,05:45,06:00,Olympia,5,4,9
2025.05.12,06:00,06:15,Olympia,7,6,13
2025.05.12,06:15,06:30,Olympia,8,7,15
2025.05.12,06:30,06:45,Olympia,9,8,17
2025.05.12,06:45,07:00,Olympia,20,12,32
2025.05.12,07:00,07:15,Olympia,22,17,39
2025.05.12,07:15,07:30,Olympia,29,28,57
2025.05.12,07:30,07:45,Olympia,31,35,66
2025.05.12,07:45,08:00,Olympia,35,45,80
2025.05.12,08:00,08:15,Olympia,51,48,99
2025.05.12,08:15,08:30,Olympia,35,46,81
2025.05.12,08:30,08:45,Olympia,35,44,79
2025.05.12,08:45,09:00,Olympia,41,44,85
2025.05.12,09:00,09:15,Olympia,23,22,45
2025.05.12,09:15,09:30,Olympia,27,15,42
2025.05.12,09:30,09:45,Olympia,15,26,41
2025.05.12,09:45,10:00,Olympia,15,24,39
2025.05.12,10:00,10:15,Olympia,22,14,36
2025.05.12,10:15,10:30,Olympia,14,17,31
2025.05.12,10:30,10:45,Olympia,10,18,28
2025.05.12,10:45,11:00,Olympia,15,17,32
2025.05.12,11:00,11:15,Olympia,13,6,19
2025.05.12,11:15,11:30,Olympia,16,13,29
2025.05.12,11:30,11:45,Olympia,13,11,24
2025.05.12,11:45,12:00,Olympia,16,22,38
2025.05.12,12:00,12:15,Olympia,22,16,38
2025.05.12,12:15,12:30,Olympia,11,17,28
2025.05.12,12:30,12:45,Olympia,19,17,36
2025.05.12,12:45,13:00,Olympia,22,17,39
2025.05.12,13:00,13:15,Olympia,23,18,41
2025.05.12,13:15,13:30,Olympia,21,12,33
2025.05.12,13:30,13:45,Olympia,16,12,28
2025.05.12,13:45,14:00,Olympia,14,23,37
2025.05.12,14:00,14:15,Olympia,20,20,40
2025.05.12,14:15,14:30,Olympia,15,19,34
2025.05.12,14:30,14:45,Olympia,39,17,56
2025.05.12,14:45,15:00,Olympia,25,20,45
2025.05.12,15:00,15:15,Olympia,36,23,59
2025.05.12,15:15,15:30,Olympia,29,28,57
2025.05.12,15:30,15:45,Olympia,48,34,82
2025.05.12,15:45,16:00,Olympia,46,21,67
2025.05.12,16:00,16:15,Olympia,33,43,76
2025.05.12,16:15,16:30,Olympia,53,29,82
2025.05.12,16:30,16:45,Olympia,57,34,91
2025.05.12,16:45,17:00,Olympia,91,51,142
2025.05.12,17:00,17:15,Olympia,52,40,92
2025.05.12,17:15,17:30,Olympia,56,41,97
2025.05.12,17:30,17:45,Olympia,52,55,107
2025.05.12,17:45,18:00,Olympia,59,82,141
2025.05.12,18:00,18:15,Olympia,68,56,124
2025.05.12,18:15,18:30,Olympia,97,60,157
2025.05.12,18:30,18:45,Olympia,51,53,104
2025.05.12,18:45,19:00,Olympia,76,67,143
2025.05.12,19:00,19:15,Olympia,49,50,99
2025.05.12,19:15,19:30,Olympia,44,64,108
2025.05.12,19:30,19:45,Olympia,40,42,82
2025.05.12,19:45,20:00,Olympia,54,49,103
2025.05.12,20:00,20:15,Olympia,27,49,76
2025.05.12,20:15,20:30,Olympia,28,73,101
2025.05.12,20:30,20:45,Olympia,20,30,50
2025.05.12,20:45,21:00,Olympia,21,38,59
2025.05.12,21:00,21:15,Olympia,18,41,59
2025.05.12,21:15,21:30,Olympia,14,30,44
2025.05.12,21:30,21:45,Olympia,12,26,38
2025.05.12,21:45,22:00,Olympia,10,29,39
2025.05.12,22:00,22:15,Olympia,5,14,19
2025.05.12,22:15,22:30,Olympia,5,17,22
2025.05.12,22:30,22:45,Olympia,7,10,17
2025.05.12,22:45,23:00,Olympia,2,6,8
2025.05.12,23:00,23:15,Olympia,6,3,9
2025.05.12,23:15,23:30,Olympia,3,6,9
2025.05.12,23:30,23:45,Olympia,1,1,2
2025.05.12,23:45,00:00,Olympia,5,2,7
2025.05.13,00:00,00:15,Olympia,3,2,5
2025.05.13,00:15,00:30,Olympia,1,1,2
2025.05.13,00:30,00:45,Olympia,0,0,0
2025.05.13,00:45,01:00,Olympia,0,0,0
2025.05.13,01:00,01:15,Olympia,0,0,0
2025.05.13,01:15,01:30,Olympia,0,2,2
2025.05.13,01:30,01:45,Olympia,3,0,3
2025.05.13,01:45,02:00,Olympia,0,1,1
2025.05.13,02:00,02:15,Olympia,2,1,3
2025.05.13,02:15,02:30,Olympia,1,0,1
2025.05.13,02:30,02:45,Olympia,0,0,0
2025.05.13,02:45,03:00,Olympia,0,0,0
2025.05.13,03:00,03:15,Olympia,0,0,0
2025.05.13,03:15,03:30,Olympia,1,0,1
2025.05.13,03:30,03:45,Olympia,0,0,0
2025.05.13,03:45,04:00,Olympia,0,0,0
2025.05.13,04:00,04:15,Olympia,0,0,0
2025.05.13,04:15,04:30,Olympia,0,0,0
2025.05.13,04:30,04:45,Olympia,0,1,1
2025.05.13,04:45,05:00,Olympia,4,0,4
2025.05.13,05:00,05:15,Olympia,3,0,3
2025.05.13,05:15,05:30,Olympia,3,4,7
2025.05.13,05:30,05:45,Olympia,2,4,6
2025.05.13,05:45,06:00,Olympia,9,6,15
2025.05.13,06:00,06:15,Olympia,5,5,10
2025.05.13,06:15,06:30,Olympia,9,9,18
2025.05.13,06:30,06:45,Olympia,18,12,30
2025.05.13,06:45,07:00,Olympia,30,11,41
2025.05.13,07:00,07:15,Olympia,30,18,48
2025.05.13,07:15,07:30,Olympia,38,34,72
2025.05.13,07:30,07:45,Olympia,43,47,90
2025.05.13,07:45,08:00,Olympia,54,53,107
2025.05.13,08:00,08:15,Olympia,56,44,100
2025.05.13,08:15,08:30,Olympia,58,44,102
2025.05.13,08:30,08:45,Olympia,47,52,99
2025.05.13,08:45,09:00,Olympia,40,50,90
2025.05.13,09:00,09:15,Olympia,30,30,60
2025.05.13,09:15,09:30,Olympia,22,21,43
2025.05.13,09:30,09:45,Olympia,18,25,43
2025.05.13,09:45,10:00,Olympia,17,27,44
2025.05.13,10:00,10:15,Olympia,21,26,47
2025.05.13,10:15,10:30,Olympia,16,16,32
2025.05.13,10:30,10:45,Olympia,25,8,33
2025.05.13,10:45,11:00,Olympia,7,15,22
2025.05.13,11:00,11:15,Olympia,13,16,29
2025.05.13,11:15,11:30,Olympia,18,24,42
2025.05.13,11:30,11:45,Olympia,23,25,48
2025.05.13,11:45,12:00,Olympia,19,22,41
2025.05.13,12:00,12:15,Olympia,20,19,39
2025.05.13,12:15,12:30,Olympia,22,14,36
2025.05.13,12:30,12:45,Olympia,16,13,29
2025.05.13,12:45,13:00,Olympia,13,13,26
2025.05.13,13:00,13:15,Olympia,16,16,32
2025.05.13,13:15,13:30,Olympia,16,26,42
2025.05.13,13:30,13:45,Olympia,23,25,48
2025.05.13,13:45,14:00,Olympia,22,20,42
2025.05.13,14:00,14:15,Olympia,16,11,27
2025.05.13,14:15,14:30,Olympia,18,16,34
2025.05.13,14:30,14:45,Olympia,23,20,43
2025.05.13,14:45,15:00,Olympia,26,28,54
2025.05.13,15:00,15:15,Olympia,27,25,52
2025.05.13,15:15,15:30,Olympia,18,46,64
2025.05.13,15:30,15:45,Olympia,40,23,63
2025.05.13,15:45,16:00,Olympia,36,38,74
2025.05.13,16:00,16:15,Olympia,37,53,90
2025.05.13,16:15,16:30,Olympia,50,42,92
2025.05.13,16:30,16:45,Olympia,57,59,116
2025.05.13,16:45,17:00,Olympia,50,52,102
2025.05.13,17:00,17:15,Olympia,56,48,104
2025.05.13,17:15,17:30,Olympia,60,74,134
2025.05.13,17:30,17:45,Olympia,71,57,128
2025.05.13,17:45,18:00,Olympia,97,67,164
2025.05.13,18:00,18:15,Olympia,66,70,136
2025.05.13,18:15,18:30,Olympia,79,80,159
2025.05.13,18:30,18:45,Olympia,66,76,142
2025.05.13,18:45,19:00,Olympia,41,71,112
2025.05.13,19:00,19:15,Olympia,38,66,104
2025.05.13,19:15,19:30,Olympia,48,45,93
2025.05.13,19:30,19:45,Olympia,44,45,89
2025.05.13,19:45,20:00,Olympia,60,24,84
2025.05.13,20:00,20:15,Olympia,34,52,86
2025.05.13,20:15,20:30,Olympia,24,48,72
2025.05.13,20:30,20:45,Olympia,22,55,77
2025.05.13,20:45,21:00,Olympia,22,41,63
2025.05.13,21:00,21:15,Olympia,26,35,61
2025.05.13,21:15,21:30,Olympia,26,31,57
2025.05.13,21:30,21:45,Olympia,5,36,41
2025.05.13,21:45,22:00,Olympia,7,37,44
2025.05.13,22:00,22:15,Olympia,9,19,28
2025.05.13,22:15,22:30,Olympia,9,9,18
2025.05.13,22:30,22:45,Olympia,9,9,18
2025.05.13,22:45,23:00,Olympia,9,7,16
2025.05.13,23:00,23:15,Olympia,4,5,9
2025.05.13,23:15,23:30,Olympia,3,13,16
2025.05.13,23:30,23:45,Olympia,4,3,7
2025.05.13,23:45,00:00,Olympia,6,2,8
2025.05.14,00:00,00:15,Olympia,2,3,5
2025.05.14,00:15,00:30,Olympia,0,1,1
2025.05.14,00:30,00:45,Olympia,1,0,1
2025.05.14,00:45,01:00,Olympia,0,0,0
2025.05.14,01:00,01:15,Olympia,0,0,0
2025.05.14,01:15,01:30,Olympia,0,2,2
2025.05.14,01:30,01:45,Olympia,3,1,4
2025.05.14,01:45,02:00,Olympia,2,0,2
2025.05.14,02:00,02:15,Olympia,0,0,0
2025.05.14,02:15,02:30,Olympia,0,0,0
2025.05.14,02:30,02:45,Olympia,0,0,0
2025.05.14,02:45,03:00,Olympia,2,0,2
2025.05.14,03:00,03:15,Olympia,0,0,0
2025.05.14,03:15,03:30,Olympia,0,0,0
2025.05.14,03:30,03:45,Olympia,0,0,0
2025.05.14,03:45,04:00,Olympia,2,0,2
2025.05.14,04:00,04:15,Olympia,0,0,0
2025.05.14,04:15,04:30,Olympia,0,0,0
2025.05.14,04:30,04:45,Olympia,1,1,2
2025.05.14,04:45,05:00,Olympia,1,0,1
2025.05.14,05:00,05:15,Olympia,5,0,5
2025.05.14,05:15,05:30,Olympia,6,2,8
2025.05.14,05:30,05:45,Olympia,4,4,8
2025.05.14,05:45,06:00,Olympia,5,5,10
2025.05.14,06:00,06:15,Olympia,4,5,9
2025.05.14,06:15,06:30,Olympia,13,7,20
2025.05.14,06:30,06:45,Olympia,16,11,27
2025.05.14,06:45,07:00,Olympia,27,12,39
2025.05.14,07:00,07:15,Olympia,27,21,48
2025.05.14,07:15,07:30,Olympia,39,26,65
2025.05.14,07:30,07:45,Olympia,41,39,80
2025.05.14,07:45,08:00,Olympia,59,56,115
2025.05.14,08:00,08:15,Olympia,63,34,97
2025.05.14,08:15,08:30,Olympia,40,49,89
2025.05.14,08:30,08:45,Olympia,50,60,110
2025.05.14,08:45,09:00,Olympia,41,48,89
2025.05.14,09:00,09:15,Olympia,29,27,56
2025.05.14,09:15,09:30,Olympia,33,26,59
2025.05.14,09:30,09:45,Olympia,24,20,44
2025.05.14,09:45,10:00,Olympia,27,29,56
2025.05.14,10:00,10:15,Olympia,37,20,57
2025.05.14,10:15,10:30,Olympia,10,14,24
2025.05.14,10:30,10:45,Olympia,14,15,29
2025.05.14,10:45,11:00,Olympia,17,16,33
2025.05.14,11:00,11:15,Olympia,12,18,30
2025.05.14,11:15,11:30,Olympia,20,17,37
2025.05.14,11:30,11:45,Olympia,16,21,37
2025.05.14,11:45,12:00,Olympia,13,19,32
2025.05.14,12:00,12:15,Olympia,18,33,51
2025.05.14,12:15,12:30,Olympia,16,18,34
2025.05.14,12:30,12:45,Olympia,19,15,34
2025.05.14,12:45,13:00,Olympia,23,21,44
2025.05.14,13:00,13:15,Olympia,20,23,43
2025.05.14,13:15,13:30,Olympia,27,27,54
2025.05.14,13:30,13:45,Olympia,19,29,48
2025.05.14,13:45,14:00,Olympia,32,25,57
2025.05.14,14:00,14:15,Olympia,30,21,51
2025.05.14,14:15,14:30,Olympia,31,39,70
2025.05.14,14:30,14:45,Olympia,21,28,49
2025.05.14,14:45,15:00,Olympia,29,55,84
2025.05.14,15:00,15:15,Olympia,25,18,43
2025.05.14,15:15,15:30,Olympia,32,62,94
2025.05.14,15:30,15:45,Olympia,26,65,91
2025.05.14,15:45,16:00,Olympia,41,39,80
2025.05.14,16:00,16:15,Olympia,57,63,120
2025.05.14,16:15,16:30,Olympia,36,36,72
2025.05.14,16:30,16:45,Olympia,65,49,114
2025.05.14,16:45,17:00,Olympia,72,48,120
2025.05.14,17:00,17:15,Olympia,41,48,89
2025.05.14,17:15,17:30,Olympia,45,48,93
2025.05.14,17:30,17:45,Olympia,68,74,142
2025.05.14,17:45,18:00,Olympia,76,65,141
2025.05.14,18:00,18:15,Olympia,80,72,152
2025.05.14,18:15,18:30,Olympia,83,45,128
2025.05.14,18:30,18:45,Olympia,82,56,138
2025.05.14,18:45,19:00,Olympia,61,77,138
2025.05.14,19:00,19:15,Olympia,49,55,104
2025.05.14,19:15,19:30,Olympia,46,54,100
2025.05.14,19:30,19:45,Olympia,45,50,95
2025.05.14,19:45,20:00,Olympia,56,38,94
2025.05.14,20:00,20:15,Olympia,24,71,95
2025.05.14,20:15,20:30,Olympia,31,55,86
2025.05.14,20:30,20:45,Olympia,24,54,78
2025.05.14,20:45,21:00,Olympia,23,60,83
2025.05.14,21:00,21:15,Olympia,16,22,38
2025.05.14,21:15,21:30,Olympia,21,30,51
2025.05.14,21:30,21:45,Olympia,7,42,49
2025.05.14,21:45,22:00,Olympia,10,35,45
2025.05.14,22:00,22:15,Olympia,7,17,24
2025.05.14,22:15,22:30,Olympia,6,15,21
2025.05.14,22:30,22:45,Olympia,10,25,35
2025.05.14,22:45,23:00,Olympia,4,10,14
2025.05.14,23:00,23:15,Olympia,8,6,14
2025.05.14,23:15,23:30,Olympia,5,5,10
2025.05.14,23:30,23:45,Olympia,1,7,8
2025.05.14,23:45,00:00,Olympia,4,3,7
2025.05.15,00:00,00:15,Olympia,5,0,5
2025.05.15,00:15,00:30,Olympia,2,1,3
2025.05.15,00:30,00:45,Olympia,1,1,2
2025.05.15,00:45,01:00,Olympia,0,0,0
2025.05.15,01:00,01:15,Olympia,0,1,1
2025.05.15,01:15,01:30,Olympia,0,0,0
2025.05.15,01:30,01:45,Olympia,2,0,2
2025.05.15,01:45,02:00,Olympia,0,0,0
2025.05.15,02:00,02:15,Olympia,0,1,1
2025.05.15,02:15,02:30,Olympia,1,0,1
2025.05.15,02:30,02:45,Olympia,0,0,0
2025.05.15,02:45,03:00,Olympia,0,0,0
2025.05.15,03:00,03:15,Olympia,0,0,0
2025.05.15,03:15,03:30,Olympia,0,0,0
2025.05.15,03:30,03:45,Olympia,2,0,2
2025.05.15,03:45,04:00,Olympia,1,0,1
2025.05.15,04:00,04:15,Olympia,1,2,3
2025.05.15,04:15,04:30,Olympia,0,0,0
2025.05.15,04:30,04:45,Olympia,1,2,3
2025.05.15,04:45,05:00,Olympia,1,0,1
2025.05.15,05:00,05:15,Olympia,3,0,3
2025.05.15,05:15,05:30,Olympia,6,1,7
2025.05.15,05:30,05:45,Olympia,2,2,4
2025.05.15,05:45,06:00,Olympia,11,6,17
2025.05.15,06:00,06:15,Olympia,6,4,10
2025.05.15,06:15,06:30,Olympia,7,6,13
2025.05.15,06:30,06:45,Olympia,13,13,26
2025.05.15,06:45,07:00,Olympia,26,5,31
2025.05.15,07:00,07:15,Olympia,26,13,39
2025.05.15,07:15,07:30,Olympia,33,24,57
2025.05.15,07:30,07:45,Olympia,39,37,76
2025.05.15,07:45,08:00,Olympia,47,40,87
2025.05.15,08:00,08:15,Olympia,56,61,117
2025.05.15,08:15,08:30,Olympia,39,49,88
2025.05.15,08:30,08:45,Olympia,49,37,86
2025.05.15,08:45,09:00,Olympia,24,38,62
2025.05.15,09:00,09:15,Olympia,33,26,59
2025.05.15,09:15,09:30,Olympia,19,21,40
2025.05.15,09:30,09:45,Olympia,19,27,46
2025.05.15,09:45,10:00,Olympia,16,25,41
2025.05.15,10:00,10:15,Olympia,11,19,30
2025.05.15,10:15,10:30,Olympia,16,12,28
2025.05.15,10:30,10:45,Olympia,20,15,35
2025.05.15,10:45,11:00,Olympia,10,16,26
2025.05.15,11:00,11:15,Olympia,13,13,26
2025.05.15,11:15,11:30,Olympia,10,11,21
2025.05.15,11:30,11:45,Olympia,14,21,35
2025.05.15,11:45,12:00,Olympia,23,13,36
2025.05.15,12:00,12:15,Olympia,19,8,27
2025.05.15,12:15,12:30,Olympia,20,19,39
2025.05.15,12:30,12:45,Olympia,12,15,27
2025.05.15,12:45,13:00,Olympia,14,15,29
2025.05.15,13:00,13:15,Olympia,18,13,31
2025.05.15,13:15,13:30,Olympia,14,25,39
2025.05.15,13:30,13:45,Olympia,22,20,42
2025.05.15,13:45,14:00,Olympia,20,16,36
2025.05.15,14:00,14:15,Olympia,24,24,48
2025.05.15,14:15,14:30,Olympia,12,11,23
2025.05.15,14:30,14:45,Olympia,19,14,33
2025.05.15,14:45,15:00,Olympia,13,26,39
2025.05.15,15:00,15:15,Olympia,12,19,31
2025.05.15,15:15,15:30,Olympia,22,12,34
2025.05.15,15:30,15:45,Olympia,25,19,44
2025.05.15,15:45,16:00,Olympia,19,32,51
2025.05.15,16:00,16:15,Olympia,40,30,70
2025.05.15,16:15,16:30,Olympia,29,25,54
2025.05.15,16:30,16:45,Olympia,58,31,89
2025.05.15,16:45,17:00,Olympia,61,34,95
2025.05.15,17:00,17:15,Olympia,42,36,78
2025.05.15,17:15,17:30,Olympia,38,43,81
2025.05.15,17:30,17:45,Olympia,53,62,115
2025.05.15,17:45,18:00,Olympia,63,62,125
2025.05.15,18:00,18:15,Olympia,59,59,118
2025.05.15,18:15,18:30,Olympia,64,50,114
2025.05.15,18:30,18:45,Olympia,61,65,126
2025.05.15,18:45,19:00,Olympia,49,57,106
2025.05.15,19:00,19:15,Olympia,45,31,76
2025.05.15,19:15,19:30,Olympia,35,27,62
2025.05.15,19:30,19:45,Olympia,25,50,75
2025.05.15,19:45,20:00,Olympia,26,29,55
2025.05.15,20:00,20:15,Olympia,26,53,79
2025.05.15,20:15,20:30,Olympia,20,60,80
2025.05.15,20:30,20:45,Olympia,23,35,58
2025.05.15,20:45,21:00,Olympia,19,29,48
2025.05.15,21:00,21:15,Olympia,21,31,52
2025.05.15,21:15,21:30,Olympia,13,25,38
2025.05.15,21:30,21:45,Olympia,3,25,28
2025.05.15,21:45,22:00,Olympia,11,14,25
2025.05.15,22:00,22:15,Olympia,8,11,19
2025.05.15,22:15,22:30,Olympia,5,11,16
2025.05.15,22:30,22:45,Olympia,2,5,7
2025.05.15,22:45,23:00,Olympia,9,18,27
2025.05.15,23:00,23:15,Olympia,5,10,15
2025.05.15,23:15,23:30,Olympia,4,5,9
2025.05.15,23:30,23:45,Olympia,5,4,9
2025.05.15,23:45,00:00,Olympia,3,10,13
2025.05.16,00:00,00:15,Olympia,2,0,2
2025.05.16,00:15,00:30,Olympia,3,3,6
2025.05.16,00:30,00:45,Olympia,1,0,1
2025.05.16,00:45,01:00,Olympia,1,0,1
2025.05.16,01:00,01:15,Olympia,1,1,2
2025.05.16,01:15,01:30,Olympia,0,1,1
2025.05.16,01:30,01:45,Olympia,2,0,2
2025.05.16,01:45,02:00,Olympia,0,0,0
2025.05.16,02:00,02:15,Olympia,0,0,0
2025.05.16,02:15,02:30,Olympia,0,0,0
2025.05.16,02:30,02:45,Olympia,1,0,1
2025.05.16,02:45,03:00,Olympia,0,0,0
2025.05.16,03:00,03:15,Olympia,0,0,0
2025.05.16,03:15,03:30,Olympia,1,0,1
2025.05.16,03:30,03:45,Olympia,0,0,0
2025.05.16,03:45,04:00,Olympia,0,0,0
2025.05.16,04:00,04:15,Olympia,0,0,0
2025.05.16,04:15,04:30,Olympia,0,0,0
2025.05.16,04:30,04:45,Olympia,2,1,3
2025.05.16,04:45,05:00,Olympia,1,0,1
2025.05.16,05:00,05:15,Olympia,2,0,2
2025.05.16,05:15,05:30,Olympia,5,2,7
2025.05.16,05:30,05:45,Olympia,1,2,3
2025.05.16,05:45,06:00,Olympia,4,5,9
2025.05.16,06:00,06:15,Olympia,8,6,14
2025.05.16,06:15,06:30,Olympia,5,5,10
2025.05.16,06:30,06:45,Olympia,9,10,19
2025.05.16,06:45,07:00,Olympia,12,6,18
2025.05.16,07:00,07:15,Olympia,19,10,29
2025.05.16,07:15,07:30,Olympia,28,22,50
2025.05.16,07:30,07:45,Olympia,26,25,51
2025.05.16,07:45,08:00,Olympia,38,34,72
2025.05.16,08:00,08:15,Olympia,28,34,62
2025.05.16,08:15,08:30,Olympia,27,32,59
2025.05.16,08:30,08:45,Olympia,21,18,39
2025.05.16,08:45,09:00,Olympia,40,31,71
2025.05.16,09:00,09:15,Olympia,21,13,34
2025.05.16,09:15,09:30,Olympia,15,16,31
2025.05.16,09:30,09:45,Olympia,20,11,31
2025.05.16,09:45,10:00,Olympia,15,14,29
2025.05.16,10:00,10:15,Olympia,13,19,32
2025.05.16,10:15,10:30,Olympia,8,17,25
2025.05.16,10:30,10:45,Olympia,12,13,25
2025.05.16,10:45,11:00,Olympia,16,20,36
2025.05.16,11:00,11:15,Olympia,14,8,22
2025.05.16,11:15,11:30,Olympia,26,17,43
2025.05.16,11:30,11:45,Olympia,14,24,38
2025.05.16,11:45,12:00,Olympia,20,19,39
2025.05.16,12:00,12:15,Olympia,26,19,45
2025.05.16,12:15,12:30,Olympia,16,19,35
2025.05.16,12:30,12:45,Olympia,19,23,42
2025.05.16,12:45,13:00,Olympia,16,13,29
2025.05.16,13:00,13:15,Olympia,21,13,34
2025.05.16,13:15,13:30,Olympia,24,22,46
2025.05.16,13:30,13:45,Olympia,18,30,48
2025.05.16,13:45,14:00,Olympia,24,18,42
2025.05.16,14:00,14:15,Olympia,23,31,54
2025.05.16,14:15,14:30,Olympia,29,22,51
2025.05.16,14:30,14:45,Olympia,32,14,46
2025.05.16,14:45,15:00,Olympia,32,33,65
2025.05.16,15:00,15:15,Olympia,33,24,57
2025.05.16,15:15,15:30,Olympia,38,39,77
2025.05.16,15:30,15:45,Olympia,41,33,74
2025.05.16,15:45,16:00,Olympia,35,32,67
2025.05.16,16:00,16:15,Olympia,30,27,57
2025.05.16,16:15,16:30,Olympia,31,40,71
2025.05.16,16:30,16:45,Olympia,34,36,70
2025.05.16,16:45,17:00,Olympia,43,31,74
2025.05.16,17:00,17:15,Olympia,28,34,62
2025.05.16,17:15,17:30,Olympia,30,44,74
2025.05.16,17:30,17:45,Olympia,20,29,49
2025.05.16,17:45,18:00,Olympia,29,39,68
2025.05.16,18:00,18:15,Olympia,28,41,69
2025.05.16,18:15,18:30,Olympia,30,42,72
2025.05.16,18:30,18:45,Olympia,35,44,79
2025.05.16,18:45,19:00,Olympia,32,38,70
2025.05.16,19:00,19:15,Olympia,13,21,34
2025.05.16,19:15,19:30,Olympia,10,21,31
2025.05.16,19:30,19:45,Olympia,18,12,30
2025.05.16,19:45,20:00,Olympia,21,29,50
2025.05.16,20:00,20:15,Olympia,12,25,37
2025.05.16,20:15,20:30,Olympia,14,21,35
2025.05.16,20:30,20:45,Olympia,6,21,27
2025.05.16,20:45,21:00,Olympia,3,14,17
2025.05.16,21:00,21:15,Olympia,11,21,32
2025.05.16,21:15,21:30,Olympia,12,18,30
2025.05.16,21:30,21:45,Olympia,8,16,24
2025.05.16,21:45,22:00,Olympia,4,10,14
2025.05.16,22:00,22:15,Olympia,3,3,6
2025.05.16,22:15,22:30,Olympia,6,10,16
2025.05.16,22:30,22:45,Olympia,8,4,12
2025.05.16,22:45,23:00,Olympia,1,2,3
2025.05.16,23:00,23:15,Olympia,6,4,10
2025.05.16,23:15,23:30,Olympia,5,4,9
2025.05.16,23:30,23:45,Olympia,3,1,4
2025.05.16,23:45,00:00,Olympia,7,1,8
2025.05.17,00:00,00:15,Olympia,5,3,8
2025.05.17,00:15,00:30,Olympia,2,6,8
2025.05.17,00:30,00:45,Olympia,2,0,2
2025.05.17,00:45,01:00,Olympia,8,3,11
2025.05.17,01:00,01:15,Olympia,1,1,2
2025.05.17,01:15,01:30,Olympia,2,2,4
2025.05.17,01:30,01:45,Olympia,3,1,4
2025.05.17,01:45,02:00,Olympia,3,2,5
2025.05.17,02:00,02:15,Olympia,3,1,4
2025.05.17,02:15,02:30,Olympia,0,0,0
2025.05.17,02:30,02:45,Olympia,2,2,4
2025.05.17,02:45,03:00,Olympia,0,0,0
2025.05.17,03:00,03:15,Olympia,0,1,1
2025.05.17,03:15,03:30,Olympia,0,1,1
2025.05.17,03:30,03:45,Olympia,0,0,0
2025.05.17,03:45,04:00,Olympia,0,1,1
2025.05.17,04:00,04:15,Olympia,0,0,0
2025.05.17,04:15,04:30,Olympia,0,0,0
2025.05.17,04:30,04:45,Olympia,1,0,1
2025.05.17,04:45,05:00,Olympia,0,2,2
2025.05.17,05:00,05:15,Olympia,0,0,0
2025.05.17,05:15,05:30,Olympia,1,1,2
2025.05.17,05:30,05:45,Olympia,0,0,0
2025.05.17,05:45,06:00,Olympia,1,1,2
2025.05.17,06:00,06:15,Olympia,0,0,0
2025.05.17,06:15,06:30,Olympia,2,1,3
2025.05.17,06:30,06:45,Olympia,2,3,5
2025.05.17,06:45,07:00,Olympia,3,2,5
2025.05.17,07:00,07:15,Olympia,4,0,4
2025.05.17,07:15,07:30,Olympia,4,3,7
2025.05.17,07:30,07:45,Olympia,2,1,3
2025.05.17,07:45,08:00,Olympia,6,3,9
2025.05.17,08:00,08:15,Olympia,5,3,8
2025.05.17,08:15,08:30,Olympia,10,6,16
2025.05.17,08:30,08:45,Olympia,17,5,22
2025.05.17,08:45,09:00,Olympia,22,5,27
2025.05.17,09:00,09:15,Olympia,5,6,11
2025.05.17,09:15,09:30,Olympia,11,9,20
2025.05.17,09:30,09:45,Olympia,11,15,26
2025.05.17,09:45,10:00,Olympia,27,7,34
2025.05.17,10:00,10:15,Olympia,15,20,35
2025.05.17,10:15,10:30,Olympia,22,22,44
2025.05.17,10:30,10:45,Olympia,20,23,43
2025.05.17,10:45,11:00,Olympia,26,21,47
2025.05.17,11:00,11:15,Olympia,18,15,33
2025.05.17,11:15,11:30,Olympia,14,17,31
2025.05.17,11:30,11:45,Olympia,21,15,36
2025.05.17,11:45,12:00,Olympia,34,28,62
2025.05.17,12:00,12:15,Olympia,22,18,40
2025.05.17,12:15,12:30,Olympia,32,25,57
2025.05.17,12:30,12:45,Olympia,15,32,47
2025.05.17,12:45,13:00,Olympia,30,28,58
2025.05.17,13:00,13:15,Olympia,29,23,52
2025.05.17,13:15,13:30,Olympia,18,31,49
2025.05.17,13:30,13:45,Olympia,28,31,59
2025.05.17,13:45,14:00,Olympia,40,23,63
2025.05.17,14:00,14:15,Olympia,23,26,49
2025.05.17,14:15,14:30,Olympia,33,32,65
2025.05.17,14:30,14:45,Olympia,22,36,58
2025.05.17,14:45,15:00,Olympia,17,27,44
2025.05.17,15:00,15:15,Olympia,24,23,47
2025.05.17,15:15,15:30,Olympia,26,32,58
2025.05.17,15:30,15:45,Olympia,31,37,68
2025.05.17,15:45,16:00,Olympia,26,18,44
2025.05.17,16:00,16:15,Olympia,20,21,41
2025.05.17,16:15,16:30,Olympia,27,29,56
2025.05.17,16:30,16:45,Olympia,31,26,57
2025.05.17,16:45,17:00,Olympia,28,44,72
2025.05.17,17:00,17:15,Olympia,17,17,34
2025.05.17,17:15,17:30,Olympia,26,31,57
2025.05.17,17:30,17:45,Olympia,21,16,37
2025.05.17,17:45,18:00,Olympia,15,27,42
2025.05.17,18:00,18:15,Olympia,22,30,52
2025.05.17,18:15,18:30,Olympia,12,14,26
2025.05.17,18:30,18:45,Olympia,22,21,43
2025.05.17,18:45,19:00,Olympia,40,19,59
2025.05.17,19:00,19:15,Olympia,35,12,47
2025.05.17,19:15,19:30,Olympia,34,16,50
2025.05.17,19:30,19:45,Olympia,23,16,39
2025.05.17,19:45,20:00,Olympia,14,17,31
2025.05.17,20:00,20:15,Olympia,11,7,18
2025.05.17,20:15,20:30,Olympia,6,13,19
2025.05.17,20:30,20:45,Olympia,10,11,21
2025.05.17,20:45,21:00,Olympia,4,7,11
2025.05.17,21:00,21:15,Olympia,3,7,10
2025.05.17,21:15,21:30,Olympia,4,12,16
2025.05.17,21:30,21:45,Olympia,3,8,11
2025.05.17,21:45,22:00,Olympia,0,2,2
2025.05.17,22:00,22:15,Olympia,5,20,25
2025.05.17,22:15,22:30,Olympia,3,22,25
2025.05.17,22:30,22:45,Olympia,4,12,16
2025.05.17,22:45,23:00,Olympia,0,4,4
2025.05.17,23:00,23:15,Olympia,7,3,10
2025.05.17,23:15,23:30,Olympia,1,1,2
2025.05.17,23:30,23:45,Olympia,1,6,7
2025.05.17,23:45,00:00,Olympia,3,2,5
2025.05.18,00:00,00:15,Olympia,1,2,3
2025.05.18,00:15,00:30,Olympia,4,1,5
2025.05.18,00:30,00:45,Olympia,7,0,7
2025.05.18,00:45,01:00,Olympia,1,3,4
2025.05.18,01:00,01:15,Olympia,1,0,1
2025.05.18,01:15,01:30,Olympia,4,2,6
2025.05.18,01:30,01:45,Olympia,3,3,6
2025.05.18,01:45,02:00,Olympia,3,3,6
2025.05.18,02:00,02:15,Olympia,3,0,3
2025.05.18,02:15,02:30,Olympia,1,0,1
2025.05.18,02:30,02:45,Olympia,0,0,0
2025.05.18,02:45,03:00,Olympia,0,0,0
2025.05.18,03:00,03:15,Olympia,2,0,2
2025.05.18,03:15,03:30,Olympia,0,0,0
2025.05.18,03:30,03:45,Olympia,1,0,1
2025.05.18,03:45,04:00,Olympia,1,0,1
2025.05.18,04:00,04:15,Olympia,0,0,0
2025.05.18,04:15,04:30,Olympia,0,0,0
2025.05.18,04:30,04:45,Olympia,0,0,0
2025.05.18,04:45,05:00,Olympia,0,0,0
2025.05.18,05:00,05:15,Olympia,0,0,0
2025.05.18,05:15,05:30,Olympia,0,0,0
2025.05.18,05:30,05:45,Olympia,1,3,4
2025.05.18,05:45,06:00,Olympia,2,1,3
2025.05.18,06:00,06:15,Olympia,0,0,0
2025.05.18,06:15,06:30,Olympia,0,0,0
2025.05.18,06:30,06:45,Olympia,1,0,1
2025.05.18,06:45,07:00,Olympia,2,0,2
2025.05.18,07:00,07:15,Olympia,0,1,1
2025.05.18,07:15,07:30,Olympia,5,1,6
2025.05.18,07:30,07:45,Olympia,0,3,3
2025.05.18,07:45,08:00,Olympia,4,2,6
2025.05.18,08:00,08:15,Olympia,0,2,2
2025.05.18,08:15,08:30,Olympia,6,3,9
2025.05.18,08:30,08:45,Olympia,8,5,13
2025.05.18,08:45,09:00,Olympia,5,1,6
2025.05.18,09:00,09:15,Olympia,9,2,11
2025.05.18,09:15,09:30,Olympia,10,6,16
2025.05.18,09:30,09:45,Olympia,9,7,16
2025.05.18,09:45,10:00,Olympia,14,9,23
2025.05.18,10:00,10:15,Olympia,13,8,21
2025.05.18,10:15,10:30,Olympia,7,15,22
2025.05.18,10:30,10:45,Olympia,9,10,19
2025.05.18,10:45,11:00,Olympia,16,9,25
2025.05.18,11:00,11:15,Olympia,10,21,31
2025.05.18,11:15,11:30,Olympia,12,16,28
2025.05.18,11:30,11:45,Olympia,28,21,49
2025.05.18,11:45,12:00,Olympia,23,9,32
2025.05.18,12:00,12:15,Olympia,11,15,26
2025.05.18,12:15,12:30,Olympia,19,18,37
2025.05.18,12:30,12:45,Olympia,22,22,44
2025.05.18,12:45,13:00,Olympia,26,33,59
2025.05.18,13:00,13:15,Olympia,21,21,42
2025.05.18,13:15,13:30,Olympia,20,31,51
2025.05.18,13:30,13:45,Olympia,31,24,55
2025.05.18,13:45,14:00,Olympia,34,22,56
2025.05.18,14:00,14:15,Olympia,23,20,43
2025.05.18,14:15,14:30,Olympia,42,29,71
2025.05.18,14:30,14:45,Olympia,24,34,58
2025.05.18,14:45,15:00,Olympia,44,36,80
2025.05.18,15:00,15:15,Olympia,41,30,71
2025.05.18,15:15,15:30,Olympia,32,34,66
2025.05.18,15:30,15:45,Olympia,27,26,53
2025.05.18,15:45,16:00,Olympia,34,34,68
2025.05.18,16:00,16:15,Olympia,48,21,69
2025.05.18,16:15,16:30,Olympia,27,30,57
2025.05.18,16:30,16:45,Olympia,34,28,62
2025.05.18,16:45,17:00,Olympia,31,21,52
2025.05.18,17:00,17:15,Olympia,49,29,78
2025.05.18,17:15,17:30,Olympia,28,42,70
2025.05.18,17:30,17:45,Olympia,43,42,85
2025.05.18,17:45,18:00,Olympia,34,19,53
2025.05.18,18:00,18:15,Olympia,30,45,75
2025.05.18,18:15,18:30,Olympia,21,21,42
2025.05.18,18:30,18:45,Olympia,34,42,76
2025.05.18,18:45,19:00,Olympia,32,34,66
2025.05.18,19:00,19:15,Olympia,18,30,48
2025.05.18,19:15,19:30,Olympia,13,22,35
2025.05.18,19:30,19:45,Olympia,20,19,39
2025.05.18,19:45,20:00,Olympia,16,12,28
2025.05.18,20:00,20:15,Olympia,10,18,28
2025.05.18,20:15,20:30,Olympia,22,14,36
2025.05.18,20:30,20:45,Olympia,13,20,33
2025.05.18,20:45,21:00,Olympia,15,18,33
2025.05.18,21:00,21:15,Olympia,5,7,12
2025.05.18,21:15,21:30,Olympia,5,9,14
2025.05.18,21:30,21:45,Olympia,7,10,17
2025.05.18,21:45,22:00,Olympia,5,5,10
2025.05.18,22:00,22:15,Olympia,2,2,4
2025.05.18,22:15,22:30,Olympia,3,4,7
2025.05.18,22:30,22:45,Olympia,1,5,6
2025.05.18,22:45,23:00,Olympia,3,2,5
2025.05.18,23:00,23:15,Olympia,2,2,4
2025.05.18,23:15,23:30,Olympia,1,4,5
2025.05.18,23:30,23:45,Olympia,2,0,2
2025.05.18,23:45,00:00,Olympia,1,0,1
2025.05.19,00:00,00:15,Olympia,1,4,5
2025.05.19,00:15,00:30,Olympia,2,0,2
2025.05.19,00:30,00:45,Olympia,2,1,3
2025.05.19,00:45,01:00,Olympia,0,0,0
2025.05.19,01:00,01:15,Olympia,0,0,0
2025.05.19,01:15,01:30,Olympia,0,0,0
2025.05.19,01:30,01:45,Olympia,2,0,2
2025.05.19,01:45,02:00,Olympia,1,0,1
2025.05.19,02:00,02:15,Olympia,0,0,0
2025.05.19,02:15,02:30,Olympia,0,0,0
2025.05.19,02:30,02:45,Olympia,0,0,0
2025.05.19,02:45,03:00,Olympia,0,0,0
2025.05.19,03:00,03:15,Olympia,0,0,0
2025.05.19,03:15,03:30,Olympia,0,0,0
2025.05.19,03:30,03:45,Olympia,0,0,0
2025.05.19,03:45,04:00,Olympia,0,0,0
2025.05.19,04:00,04:15,Olympia,0,0,0
2025.05.19,04:15,04:30,Olympia,0,0,0
2025.05.19,04:30,04:45,Olympia,0,1,1
2025.05.19,04:45,05:00,Olympia,1,0,1
2025.05.19,05:00,05:15,Olympia,1,0,1
2025.05.19,05:15,05:30,Olympia,3,3,6
2025.05.19,05:30,05:45,Olympia,5,4,9
2025.05.19,05:45,06:00,Olympia,8,6,14
2025.05.19,06:00,06:15,Olympia,6,10,16
2025.05.19,06:15,06:30,Olympia,10,8,18
2025.05.19,06:30,06:45,Olympia,12,7,19
2025.05.19,06:45,07:00,Olympia,17,8,25
2025.05.19,07:00,07:15,Olympia,16,20,36
2025.05.19,07:15,07:30,Olympia,34,25,59
2025.05.19,07:30,07:45,Olympia,32,29,61
2025.05.19,07:45,08:00,Olympia,42,40,82
2025.05.19,08:00,08:15,Olympia,46,49,95
2025.05.19,08:15,08:30,Olympia,44,44,88
2025.05.19,08:30,08:45,Olympia,29,49,78
2025.05.19,08:45,09:00,Olympia,32,32,64
2025.05.19,09:00,09:15,Olympia,19,29,48
2025.05.19,09:15,09:30,Olympia,25,18,43
2025.05.19,09:30,09:45,Olympia,16,25,41
2025.05.19,09:45,10:00,Olympia,13,13,26
2025.05.19,10:00,10:15,Olympia,31,14,45
2025.05.19,10:15,10:30,Olympia,15,13,28
2025.05.19,10:30,10:45,Olympia,6,4,10
2025.05.19,10:45,11:00,Olympia,14,13,27
2025.05.19,11:00,11:15,Olympia,12,18,30
2025.05.19,11:15,11:30,Olympia,11,17,28
2025.05.19,11:30,11:45,Olympia,15,21,36
2025.05.19,11:45,12:00,Olympia,27,14,41
2025.05.19,12:00,12:15,Olympia,21,21,42
2025.05.19,12:15,12:30,Olympia,20,20,40
2025.05.19,12:30,12:45,Olympia,16,13,29
2025.05.19,12:45,13:00,Olympia,25,17,42
2025.05.19,13:00,13:15,Olympia,22,12,34
2025.05.19,13:15,13:30,Olympia,29,20,49
2025.05.19,13:30,13:45,Olympia,17,14,31
2025.05.19,13:45,14:00,Olympia,26,19,45
2025.05.19,14:00,14:15,Olympia,23,24,47
2025.05.19,14:15,14:30,Olympia,33,18,51
2025.05.19,14:30,14:45,Olympia,24,22,46
2025.05.19,14:45,15:00,Olympia,21,25,46
2025.05.19,15:00,15:15,Olympia,32,32,64
2025.05.19,15:15,15:30,Olympia,31,30,61
2025.05.19,15:30,15:45,Olympia,24,32,56
2025.05.19,15:45,16:00,Olympia,46,44,90
2025.05.19,16:00,16:15,Olympia,36,48,84
2025.05.19,16:15,16:30,Olympia,45,39,84
2025.05.19,16:30,16:45,Olympia,49,46,95
2025.05.19,16:45,17:00,Olympia,88,44,132
2025.05.19,17:00,17:15,Olympia,67,52,119
2025.05.19,17:15,17:30,Olympia,63,48,111
2025.05.19,17:30,17:45,Olympia,65,54,119
2025.05.19,17:45,18:00,Olympia,67,76,143
2025.05.19,18:00,18:15,Olympia,70,57,127
2025.05.19,18:15,18:30,Olympia,87,67,154
2025.05.19,18:30,18:45,Olympia,62,57,119
2025.05.19,18:45,19:00,Olympia,98,78,176
2025.05.19,19:00,19:15,Olympia,63,62,125
2025.05.19,19:15,19:30,Olympia,52,50,102
2025.05.19,19:30,19:45,Olympia,35,45,80
2025.05.19,19:45,20:00,Olympia,54,41,95
2025.05.19,20:00,20:15,Olympia,39,67,106
2025.05.19,20:15,20:30,Olympia,38,68,106
2025.05.19,20:30,20:45,Olympia,20,54,74
2025.05.19,20:45,21:00,Olympia,19,41,60
2025.05.19,21:00,21:15,Olympia,18,32,50
2025.05.19,21:15,21:30,Olympia,26,45,71
2025.05.19,21:30,21:45,Olympia,9,30,39
2025.05.19,21:45,22:00,Olympia,15,27,42
2025.05.19,22:00,22:15,Olympia,6,13,19
2025.05.19,22:15,22:30,Olympia,7,16,23
2025.05.19,22:30,22:45,Olympia,4,7,11
2025.05.19,22:45,23:00,Olympia,4,12,16
2025.05.19,23:00,23:15,Olympia,3,5,8
2025.05.19,23:15,23:30,Olympia,1,7,8
2025.05.19,23:30,23:45,Olympia,4,5,9
2025.05.19,23:45,00:00,Olympia,1,2,3
2025.05.20,00:00,00:15,Olympia,0,5,5
2025.05.20,00:15,00:30,Olympia,2,2,4
2025.05.20,00:30,00:45,Olympia,0,0,0
2025.05.20,00:45,01:00,Olympia,1,1,2
2025.05.20,01:00,01:15,Olympia,1,0,1
2025.05.20,01:15,01:30,Olympia,1,0,1
2025.05.20,01:30,01:45,Olympia,2,0,2
2025.05.20,01:45,02:00,Olympia,0,0,0
2025.05.20,02:00,02:15,Olympia,0,0,0
2025.05.20,02:15,02:30,Olympia,0,0,0
2025.05.20,02:30,02:45,Olympia,2,0,2
2025.05.20,02:45,03:00,Olympia,0,0,0
2025.05.20,03:00,03:15,Olympia,0,0,0
2025.05.20,03:15,03:30,Olympia,1,0,1
2025.05.20,03:30,03:45,Olympia,2,0,2
2025.05.20,03:45,04:00,Olympia,0,0,0
2025.05.20,04:00,04:15,Olympia,0,0,0
2025.05.20,04:15,04:30,Olympia,0,0,0
2025.05.20,04:30,04:45,Olympia,0,2,2
2025.05.20,04:45,05:00,Olympia,1,0,1
2025.05.20,05:00,05:15,Olympia,1,0,1
2025.05.20,05:15,05:30,Olympia,5,1,6
2025.05.20,05:30,05:45,Olympia,1,6,7
2025.05.20,05:45,06:00,Olympia,4,8,12
2025.05.20,06:00,06:15,Olympia,11,10,21
2025.05.20,06:15,06:30,Olympia,10,5,15
2025.05.20,06:30,06:45,Olympia,11,11,22
2025.05.20,06:45,07:00,Olympia,32,17,49
2025.05.20,07:00,07:15,Olympia,31,13,44
2025.05.20,07:15,07:30,Olympia,28,29,57
2025.05.20,07:30,07:45,Olympia,41,35,76
2025.05.20,07:45,08:00,Olympia,68,58,126
2025.05.20,08:00,08:15,Olympia,60,40,100
2025.05.20,08:15,08:30,Olympia,57,56,113
2025.05.20,08:30,08:45,Olympia,46,43,89
2025.05.20,08:45,09:00,Olympia,40,48,88
2025.05.20,09:00,09:15,Olympia,21,41,62
2025.05.20,09:15,09:30,Olympia,28,22,50
2025.05.20,09:30,09:45,Olympia,28,31,59
2025.05.20,09:45,10:00,Olympia,21,22,43
2025.05.20,10:00,10:15,Olympia,15,14,29
2025.05.20,10:15,10:30,Olympia,12,23,35
2025.05.20,10:30,10:45,Olympia,10,14,24
2025.05.20,10:45,11:00,Olympia,18,12,30
2025.05.20,11:00,11:15,Olympia,6,14,20
2025.05.20,11:15,11:30,Olympia,11,10,21
2025.05.20,11:30,11:45,Olympia,18,25,43
2025.05.20,11:45,12:00,Olympia,38,17,55
2025.05.20,12:00,12:15,Olympia,19,23,42
2025.05.20,12:15,12:30,Olympia,17,19,36
2025.05.20,12:30,12:45,Olympia,16,17,33
2025.05.20,12:45,13:00,Olympia,19,19,38
2025.05.20,13:00,13:15,Olympia,22,22,44
2025.05.20,13:15,13:30,Olympia,20,17,37
2025.05.20,13:30,13:45,Olympia,21,17,38
2025.05.20,13:45,14:00,Olympia,24,25,49
2025.05.20,14:00,14:15,Olympia,34,19,53
2025.05.20,14:15,14:30,Olympia,28,28,56
2025.05.20,14:30,14:45,Olympia,28,25,53
2025.05.20,14:45,15:00,Olympia,35,26,61
2025.05.20,15:00,15:15,Olympia,28,24,52
2025.05.20,15:15,15:30,Olympia,37,29,66
2025.05.20,15:30,15:45,Olympia,37,36,73
2025.05.20,15:45,16:00,Olympia,48,33,81
2025.05.20,16:00,16:15,Olympia,40,39,79
2025.05.20,16:15,16:30,Olympia,37,41,78
2025.05.20,16:30,16:45,Olympia,41,52,93
2025.05.20,16:45,17:00,Olympia,59,43,102
2025.05.20,17:00,17:15,Olympia,61,62,123
2025.05.20,17:15,17:30,Olympia,50,45,95
2025.05.20,17:30,17:45,Olympia,54,76,130
2025.05.20,17:45,18:00,Olympia,82,70,152
2025.05.20,18:00,18:15,Olympia,68,59,127
2025.05.20,18:15,18:30,Olympia,94,55,149
2025.05.20,18:30,18:45,Olympia,50,65,115
2025.05.20,18:45,19:00,Olympia,64,70,134
2025.05.20,19:00,19:15,Olympia,56,47,103
2025.05.20,19:15,19:30,Olympia,43,39,82
2025.05.20,19:30,19:45,Olympia,49,51,100
2025.05.20,19:45,20:00,Olympia,62,44,106
2025.05.20,20:00,20:15,Olympia,32,40,72
2025.05.20,20:15,20:30,Olympia,30,41,71
2025.05.20,20:30,20:45,Olympia,23,34,57
2025.05.20,20:45,21:00,Olympia,29,38,67
2025.05.20,21:00,21:15,Olympia,34,47,81
2025.05.20,21:15,21:30,Olympia,16,41,57
2025.05.20,21:30,21:45,Olympia,11,24,35
2025.05.20,21:45,22:00,Olympia,6,36,42
2025.05.20,22:00,22:15,Olympia,6,19,25
2025.05.20,22:15,22:30,Olympia,11,21,32
2025.05.20,22:30,22:45,Olympia,9,12,21
2025.05.20,22:45,23:00,Olympia,10,15,25
2025.05.20,23:00,23:15,Olympia,3,4,7
2025.05.20,23:15,23:30,Olympia,4,14,18
2025.05.20,23:30,23:45,Olympia,2,1,3
2025.05.20,23:45,00:00,Olympia,1,2,3
2025.05.21,00:00,00:15,Olympia,2,5,7
2025.05.21,00:15,00:30,Olympia,1,5,6
2025.05.21,00:30,00:45,Olympia,0,2,2
2025.05.21,00:45,01:00,Olympia,1,0,1
2025.05.21,01:00,01:15,Olympia,1,0,1
2025.05.21,01:15,01:30,Olympia,0,0,0
2025.05.21,01:30,01:45,Olympia,2,0,2
2025.05.21,01:45,02:00,Olympia,0,0,0
2025.05.21,02:00,02:15,Olympia,2,0,2
2025.05.21,02:15,02:30,Olympia,0,2,2
2025.05.21,02:30,02:45,Olympia,1,1,2
2025.05.21,02:45,03:00,Olympia,0,0,0
2025.05.21,03:00,03:15,Olympia,0,2,2
2025.05.21,03:15,03:30,Olympia,0,0,0
2025.05.21,03:30,03:45,Olympia,0,0,0
2025.05.21,03:45,04:00,Olympia,0,1,1
2025.05.21,04:00,04:15,Olympia,0,0,0
2025.05.21,04:15,04:30,Olympia,0,0,0
2025.05.21,04:30,04:45,Olympia,0,2,2
2025.05.21,04:45,05:00,Olympia,2,0,2
2025.05.21,05:00,05:15,Olympia,1,0,1
2025.05.21,05:15,05:30,Olympia,3,4,7
2025.05.21,05:30,05:45,Olympia,2,4,6
2025.05.21,05:45,06:00,Olympia,5,6,11
2025.05.21,06:00,06:15,Olympia,7,5,12
2025.05.21,06:15,06:30,Olympia,5,8,13
2025.05.21,06:30,06:45,Olympia,12,13,25
2025.05.21,06:45,07:00,Olympia,23,12,35
2025.05.21,07:00,07:15,Olympia,21,14,35
2025.05.21,07:15,07:30,Olympia,30,19,49
2025.05.21,07:30,07:45,Olympia,27,31,58
2025.05.21,07:45,08:00,Olympia,46,42,88
2025.05.21,08:00,08:15,Olympia,51,42,93
2025.05.21,08:15,08:30,Olympia,42,50,92
2025.05.21,08:30,08:45,Olympia,24,43,67
2025.05.21,08:45,09:00,Olympia,39,33,72
2025.05.21,09:00,09:15,Olympia,42,34,76
2025.05.21,09:15,09:30,Olympia,21,24,45
2025.05.21,09:30,09:45,Olympia,16,33,49
2025.05.21,09:45,10:00,Olympia,20,24,44
2025.05.21,10:00,10:15,Olympia,27,10,37
2025.05.21,10:15,10:30,Olympia,12,13,25
2025.05.21,10:30,10:45,Olympia,17,12,29
2025.05.21,10:45,11:00,Olympia,17,12,29
2025.05.21,11:00,11:15,Olympia,11,20,31
2025.05.21,11:15,11:30,Olympia,16,13,29
2025.05.21,11:30,11:45,Olympia,12,9,21
2025.05.21,11:45,12:00,Olympia,22,13,35
2025.05.21,12:00,12:15,Olympia,15,24,39
2025.05.21,12:15,12:30,Olympia,8,10,18
2025.05.21,12:30,12:45,Olympia,18,16,34
2025.05.21,12:45,13:00,Olympia,12,14,26
2025.05.21,13:00,13:15,Olympia,11,17,28
2025.05.21,13:15,13:30,Olympia,15,14,29
2025.05.21,13:30,13:45,Olympia,12,14,26
2025.05.21,13:45,14:00,Olympia,16,15,31
2025.05.21,14:00,14:15,Olympia,18,17,35
2025.05.21,14:15,14:30,Olympia,20,19,39
2025.05.21,14:30,14:45,Olympia,18,20,38
2025.05.21,14:45,15:00,Olympia,22,13,35
2025.05.21,15:00,15:15,Olympia,30,17,47
2025.05.21,15:15,15:30,Olympia,30,12,42
2025.05.21,15:30,15:45,Olympia,28,23,51
2025.05.21,15:45,16:00,Olympia,34,33,67
2025.05.21,16:00,16:15,Olympia,25,26,51
2025.05.21,16:15,16:30,Olympia,39,40,79
2025.05.21,16:30,16:45,Olympia,50,26,76
2025.05.21,16:45,17:00,Olympia,71,43,114
2025.05.21,17:00,17:15,Olympia,50,43,93
2025.05.21,17:15,17:30,Olympia,30,25,55
2025.05.21,17:30,17:45,Olympia,39,37,76
2025.05.21,17:45,18:00,Olympia,59,40,99
2025.05.21,18:00,18:15,Olympia,67,37,104
2025.05.21,18:15,18:30,Olympia,66,45,111
2025.05.21,18:30,18:45,Olympia,56,36,92
2025.05.21,18:45,19:00,Olympia,37,56,93
2025.05.21,19:00,19:15,Olympia,35,31,66
2025.05.21,19:15,19:30,Olympia,24,47,71
2025.05.21,19:30,19:45,Olympia,21,25,46
2025.05.21,19:45,20:00,Olympia,37,37,74
2025.05.21,20:00,20:15,Olympia,26,60,86
2025.05.21,20:15,20:30,Olympia,19,46,65
2025.05.21,20:30,20:45,Olympia,11,41,52
2025.05.21,20:45,21:00,Olympia,15,35,50
2025.05.21,21:00,21:15,Olympia,11,14,25
2025.05.21,21:15,21:30,Olympia,18,27,45
2025.05.21,21:30,21:45,Olympia,1,26,27
2025.05.21,21:45,22:00,Olympia,8,10,18
2025.05.21,22:00,22:15,Olympia,5,10,15
2025.05.21,22:15,22:30,Olympia,9,10,19
2025.05.21,22:30,22:45,Olympia,4,8,12
2025.05.21,22:45,23:00,Olympia,4,18,22
2025.05.21,23:00,23:15,Olympia,0,6,6
2025.05.21,23:15,23:30,Olympia,4,15,19
2025.05.21,23:30,23:45,Olympia,3,5,8
2025.05.21,23:45,00:00,Olympia,2,4,6
2025.05.22,00:00,00:15,Olympia,1,7,8
2025.05.22,00:15,00:30,Olympia,1,0,1
2025.05.22,00:30,00:45,Olympia,1,1,2
2025.05.22,00:45,01:00,Olympia,1,0,1
2025.05.22,01:00,01:15,Olympia,1,0,1
2025.05.22,01:15,01:30,Olympia,0,0,0
2025.05.22,01:30,01:45,Olympia,3,0,3
2025.05.22,01:45,02:00,Olympia,0,0,0
2025.05.22,02:00,02:15,Olympia,0,0,0
2025.05.22,02:15,02:30,Olympia,0,1,1
2025.05.22,02:30,02:45,Olympia,1,0,1
2025.05.22,02:45,03:00,Olympia,0,1,1
2025.05.22,03:00,03:15,Olympia,0,0,0
2025.05.22,03:15,03:30,Olympia,0,0,0
2025.05.22,03:30,03:45,Olympia,0,0,0
2025.05.22,03:45,04:00,Olympia,0,0,0
2025.05.22,04:00,04:15,Olympia,0,0,0
2025.05.22,04:15,04:30,Olympia,0,0,0
2025.05.22,04:30,04:45,Olympia,0,1,1
2025.05.22,04:45,05:00,Olympia,1,0,1
2025.05.22,05:00,05:15,Olympia,0,0,0
2025.05.22,05:15,05:30,Olympia,2,0,2
2025.05.22,05:30,05:45,Olympia,1,2,3
2025.05.22,05:45,06:00,Olympia,3,3,6
2025.05.22,06:00,06:15,Olympia,4,0,4
2025.05.22,06:15,06:30,Olympia,4,6,10
2025.05.22,06:30,06:45,Olympia,6,7,13
2025.05.22,06:45,07:00,Olympia,12,4,16
2025.05.22,07:00,07:15,Olympia,14,8,22
2025.05.22,07:15,07:30,Olympia,22,10,32
2025.05.22,07:30,07:45,Olympia,12,22,34
2025.05.22,07:45,08:00,Olympia,31,27,58
2025.05.22,08:00,08:15,Olympia,32,34,66
2025.05.22,08:15,08:30,Olympia,31,31,62
2025.05.22,08:30,08:45,Olympia,37,24,61
2025.05.22,08:45,09:00,Olympia,33,34,67
2025.05.22,09:00,09:15,Olympia,25,17,42
2025.05.22,09:15,09:30,Olympia,19,13,32
2025.05.22,09:30,09:45,Olympia,18,12,30
2025.05.22,09:45,10:00,Olympia,10,15,25
2025.05.22,10:00,10:15,Olympia,12,11,23
2025.05.22,10:15,10:30,Olympia,6,9,15
2025.05.22,10:30,10:45,Olympia,1,12,13
2025.05.22,10:45,11:00,Olympia,13,10,23
2025.05.22,11:00,11:15,Olympia,9,7,16
2025.05.22,11:15,11:30,Olympia,23,14,37
2025.05.22,11:30,11:45,Olympia,9,8,17
2025.05.22,11:45,12:00,Olympia,14,14,28
2025.05.22,12:00,12:15,Olympia,8,17,25
2025.05.22,12:15,12:30,Olympia,6,6,12
2025.05.22,12:30,12:45,Olympia,15,13,28
2025.05.22,12:45,13:00,Olympia,7,8,15
2025.05.22,13:00,13:15,Olympia,6,8,14
2025.05.22,13:15,13:30,Olympia,14,7,21
2025.05.22,13:30,13:45,Olympia,11,14,25
2025.05.22,13:45,14:00,Olympia,10,8,18
2025.05.22,14:00,14:15,Olympia,13,6,19
2025.05.22,14:15,14:30,Olympia,11,12,23
2025.05.22,14:30,14:45,Olympia,10,14,24
2025.05.22,14:45,15:00,Olympia,11,6,17
2025.05.22,15:00,15:15,Olympia,19,7,26
2025.05.22,15:15,15:30,Olympia,19,17,36
2025.05.22,15:30,15:45,Olympia,12,15,27
2025.05.22,15:45,16:00,Olympia,15,20,35
2025.05.22,16:00,16:15,Olympia,19,18,37
2025.05.22,16:15,16:30,Olympia,10,12,22
2025.05.22,16:30,16:45,Olympia,19,14,33
2025.05.22,16:45,17:00,Olympia,28,11,39
2025.05.22,17:00,17:15,Olympia,20,21,41
2025.05.22,17:15,17:30,Olympia,14,12,26
2025.05.22,17:30,17:45,Olympia,27,30,57
2025.05.22,17:45,18:00,Olympia,29,33,62
2025.05.22,18:00,18:15,Olympia,30,33,63
2025.05.22,18:15,18:30,Olympia,54,28,82
2025.05.22,18:30,18:45,Olympia,37,24,61
2025.05.22,18:45,19:00,Olympia,24,20,44
2025.05.22,19:00,19:15,Olympia,24,25,49
2025.05.22,19:15,19:30,Olympia,33,17,50
2025.05.22,19:30,19:45,Olympia,25,18,43
2025.05.22,19:45,20:00,Olympia,31,21,52
2025.05.22,20:00,20:15,Olympia,16,26,42
2025.05.22,20:15,20:30,Olympia,12,39,51
2025.05.22,20:30,20:45,Olympia,10,22,32
2025.05.22,20:45,21:00,Olympia,26,13,39
2025.05.22,21:00,21:15,Olympia,6,10,16
2025.05.22,21:15,21:30,Olympia,9,14,23
2025.05.22,21:30,21:45,Olympia,5,15,20
2025.05.22,21:45,22:00,Olympia,6,21,27
2025.05.22,22:00,22:15,Olympia,6,9,15
2025.05.22,22:15,22:30,Olympia,3,13,16
2025.05.22,22:30,22:45,Olympia,5,12,17
2025.05.22,22:45,23:00,Olympia,9,12,21
2025.05.22,23:00,23:15,Olympia,1,20,21
2025.05.22,23:15,23:30,Olympia,2,3,5
2025.05.22,23:30,23:45,Olympia,3,7,10
2025.05.22,23:45,00:00,Olympia,1,3,4
2025.05.23,00:00,00:15,Olympia,2,6,8
2025.05.23,00:15,00:30,Olympia,0,2,2
2025.05.23,00:30,00:45,Olympia,1,1,2
2025.05.23,00:45,01:00,Olympia,0,0,0
2025.05.23,01:00,01:15,Olympia,0,0,0
2025.05.23,01:15,01:30,Olympia,2,1,3
2025.05.23,01:30,01:45,Olympia,0,1,1
2025.05.23,01:45,02:00,Olympia,1,2,3
2025.05.23,02:00,02:15,Olympia,0,1,1
2025.05.23,02:15,02:30,Olympia,0,0,0
2025.05.23,02:30,02:45,Olympia,0,0,0
2025.05.23,02:45,03:00,Olympia,0,0,0
2025.05.23,03:00,03:15,Olympia,0,0,0
2025.05.23,03:15,03:30,Olympia,0,0,0
2025.05.23,03:30,03:45,Olympia,0,0,0
2025.05.23,03:45,04:00,Olympia,1,0,1
2025.05.23,04:00,04:15,Olympia,0,1,1
2025.05.23,04:15,04:30,Olympia,0,1,1
2025.05.23,04:30,04:45,Olympia,0,1,1
2025.05.23,04:45,05:00,Olympia,1,0,1
2025.05.23,05:00,05:15,Olympia,0,0,0
2025.05.23,05:15,05:30,Olympia,4,1,5
2025.05.23,05:30,05:45,Olympia,3,3,6
2025.05.23,05:45,06:00,Olympia,6,6,12
2025.05.23,06:00,06:15,Olympia,4,1,5
2025.05.23,06:15,06:30,Olympia,4,6,10
2025.05.23,06:30,06:45,Olympia,10,5,15
2025.05.23,06:45,07:00,Olympia,16,3,19
2025.05.23,07:00,07:15,Olympia,11,11,22
2025.05.23,07:15,07:30,Olympia,22,17,39
2025.05.23,07:30,07:45,Olympia,26,25,51
2025.05.23,07:45,08:00,Olympia,30,32,62
2025.05.23,08:00,08:15,Olympia,27,28,55
2025.05.23,08:15,08:30,Olympia,27,31,58
2025.05.23,08:30,08:45,Olympia,30,27,57
2025.05.23,08:45,09:00,Olympia,36,29,65
2025.05.23,09:00,09:15,Olympia,26,28,54
2025.05.23,09:15,09:30,Olympia,20,16,36
2025.05.23,09:30,09:45,Olympia,16,22,38
2025.05.23,09:45,10:00,Olympia,33,17,50
2025.05.23,10:00,10:15,Olympia,10,10,20
2025.05.23,10:15,10:30,Olympia,11,10,21
2025.05.23,10:30,10:45,Olympia,11,13,24
2025.05.23,10:45,11:00,Olympia,16,15,31
2025.05.23,11:00,11:15,Olympia,7,12,19
2025.05.23,11:15,11:30,Olympia,13,23,36
2025.05.23,11:30,11:45,Olympia,15,24,39
2025.05.23,11:45,12:00,Olympia,13,17,30
2025.05.23,12:00,12:15,Olympia,12,17,29
2025.05.23,12:15,12:30,Olympia,20,14,34
2025.05.23,12:30,12:45,Olympia,16,15,31
2025.05.23,12:45,13:00,Olympia,12,10,22
2025.05.23,13:00,13:15,Olympia,8,6,14
2025.05.23,13:15,13:30,Olympia,15,12,27
2025.05.23,13:30,13:45,Olympia,16,13,29
2025.05.23,13:45,14:00,Olympia,19,11,30
2025.05.23,14:00,14:15,Olympia,23,16,39
2025.05.23,14:15,14:30,Olympia,15,12,27
2025.05.23,14:30,14:45,Olympia,25,10,35
2025.05.23,14:45,15:00,Olympia,17,15,32
2025.05.23,15:00,15:15,Olympia,24,16,40
2025.05.23,15:15,15:30,Olympia,27,10,37
2025.05.23,15:30,15:45,Olympia,27,25,52
2025.05.23,15:45,16:00,Olympia,33,16,49
2025.05.23,16:00,16:15,Olympia,26,31,57
2025.05.23,16:15,16:30,Olympia,24,28,52
2025.05.23,16:30,16:45,Olympia,35,19,54
2025.05.23,16:45,17:00,Olympia,45,23,68
2025.05.23,17:00,17:15,Olympia,21,32,53
2025.05.23,17:15,17:30,Olympia,21,20,41
2025.05.23,17:30,17:45,Olympia,32,29,61
2025.05.23,17:45,18:00,Olympia,31,24,55
2025.05.23,18:00,18:15,Olympia,29,37,66
2025.05.23,18:15,18:30,Olympia,33,38,71
2025.05.23,18:30,18:45,Olympia,16,45,61
2025.05.23,18:45,19:00,Olympia,24,32,56
2025.05.23,19:00,19:15,Olympia,21,25,46
2025.05.23,19:15,19:30,Olympia,14,30,44
2025.05.23,19:30,19:45,Olympia,20,15,35
2025.05.23,19:45,20:00,Olympia,11,16,27
2025.05.23,20:00,20:15,Olympia,17,20,37
2025.05.23,20:15,20:30,Olympia,14,27,41
2025.05.23,20:30,20:45,Olympia,9,25,34
2025.05.23,20:45,21:00,Olympia,11,13,24
2025.05.23,21:00,21:15,Olympia,9,13,22
2025.05.23,21:15,21:30,Olympia,5,19,24
2025.05.23,21:30,21:45,Olympia,4,16,20
2025.05.23,21:45,22:00,Olympia,3,7,10
2025.05.23,22:00,22:15,Olympia,3,6,9
2025.05.23,22:15,22:30,Olympia,4,8,12
2025.05.23,22:30,22:45,Olympia,5,8,13
2025.05.23,22:45,23:00,Olympia,7,3,10
2025.05.23,23:00,23:15,Olympia,4,2,6
2025.05.23,23:15,23:30,Olympia,0,3,3
2025.05.23,23:30,23:45,Olympia,2,0,2
2025.05.23,23:45,00:00,Olympia,7,3,10
2025.05.24,00:00,00:15,Olympia,3,5,8
2025.05.24,00:15,00:30,Olympia,4,4,8
2025.05.24,00:30,00:45,Olympia,1,1,2
2025.05.24,00:45,01:00,Olympia,3,2,5
2025.05.24,01:00,01:15,Olympia,3,0,3
2025.05.24,01:15,01:30,Olympia,5,0,5
2025.05.24,01:30,01:45,Olympia,3,3,6
2025.05.24,01:45,02:00,Olympia,0,0,0
2025.05.24,02:00,02:15,Olympia,1,0,1
2025.05.24,02:15,02:30,Olympia,2,1,3
2025.05.24,02:30,02:45,Olympia,0,0,0
2025.05.24,02:45,03:00,Olympia,0,0,0
2025.05.24,03:00,03:15,Olympia,0,0,0
2025.05.24,03:15,03:30,Olympia,0,0,0
2025.05.24,03:30,03:45,Olympia,1,0,1
2025.05.24,03:45,04:00,Olympia,0,0,0
2025.05.24,04:00,04:15,Olympia,1,0,1
2025.05.24,04:15,04:30,Olympia,0,0,0
2025.05.24,04:30,04:45,Olympia,0,0,0
2025.05.24,04:45,05:00,Olympia,0,0,0
2025.05.24,05:00,05:15,Olympia,0,0,0
2025.05.24,05:15,05:30,Olympia,0,0,0
2025.05.24,05:30,05:45,Olympia,0,2,2
2025.05.24,05:45,06:00,Olympia,1,1,2
2025.05.24,06:00,06:15,Olympia,0,2,2
2025.05.24,06:15,06:30,Olympia,1,1,2
2025.05.24,06:30,06:45,Olympia,2,1,3
2025.05.24,06:45,07:00,Olympia,6,3,9
2025.05.24,07:00,07:15,Olympia,0,4,4
2025.05.24,07:15,07:30,Olympia,2,0,2
2025.05.24,07:30,07:45,Olympia,3,2,5
2025.05.24,07:45,08:00,Olympia,2,1,3
2025.05.24,08:00,08:15,Olympia,5,5,10
2025.05.24,08:15,08:30,Olympia,4,3,7
2025.05.24,08:30,08:45,Olympia,8,7,15
2025.05.24,08:45,09:00,Olympia,16,8,24
2025.05.24,09:00,09:15,Olympia,10,13,23
2025.05.24,09:15,09:30,Olympia,13,6,19
2025.05.24,09:30,09:45,Olympia,20,10,30
2025.05.24,09:45,10:00,Olympia,16,10,26
2025.05.24,10:00,10:15,Olympia,24,15,39
2025.05.24,10:15,10:30,Olympia,18,15,33
2025.05.24,10:30,10:45,Olympia,21,21,42
2025.05.24,10:45,11:00,Olympia,34,12,46
2025.05.24,11:00,11:15,Olympia,15,25,40
2025.05.24,11:15,11:30,Olympia,32,31,63
2025.05.24,11:30,11:45,Olympia,12,19,31
2025.05.24,11:45,12:00,Olympia,17,22,39
2025.05.24,12:00,12:15,Olympia,26,25,51
2025.05.24,12:15,12:30,Olympia,34,36,70
2025.05.24,12:30,12:45,Olympia,26,29,55
2025.05.24,12:45,13:00,Olympia,23,36,59
2025.05.24,13:00,13:15,Olympia,26,17,43
2025.05.24,13:15,13:30,Olympia,25,21,46
2025.05.24,13:30,13:45,Olympia,40,23,63
2025.05.24,13:45,14:00,Olympia,35,31,66
2025.05.24,14:00,14:15,Olympia,34,24,58
2025.05.24,14:15,14:30,Olympia,28,37,65
2025.05.24,14:30,14:45,Olympia,22,19,41
2025.05.24,14:45,15:00,Olympia,34,20,54
2025.05.24,15:00,15:15,Olympia,32,12,44
2025.05.24,15:15,15:30,Olympia,38,15,53
2025.05.24,15:30,15:45,Olympia,34,33,67
2025.05.24,15:45,16:00,Olympia,46,23,69
2025.05.24,16:00,16:15,Olympia,46,37,83
2025.05.24,16:15,16:30,Olympia,30,24,54
2025.05.24,16:30,16:45,Olympia,11,24,35
2025.05.24,16:45,17:00,Olympia,24,37,61
2025.05.24,17:00,17:15,Olympia,17,41,58
2025.05.24,17:15,17:30,Olympia,32,40,72
2025.05.24,17:30,17:45,Olympia,30,24,54
2025.05.24,17:45,18:00,Olympia,26,17,43
2025.05.24,18:00,18:15,Olympia,29,30,59
2025.05.24,18:15,18:30,Olympia,28,27,55
2025.05.24,18:30,18:45,Olympia,17,41,58
2025.05.24,18:45,19:00,Olympia,20,27,47
2025.05.24,19:00,19:15,Olympia,14,33,47
2025.05.24,19:15,19:30,Olympia,18,29,47
2025.05.24,19:30,19:45,Olympia,24,13,37
2025.05.24,19:45,20:00,Olympia,25,16,41
2025.05.24,20:00,20:15,Olympia,10,16,26
2025.05.24,20:15,20:30,Olympia,16,18,34
2025.05.24,20:30,20:45,Olympia,11,20,31
2025.05.24,20:45,21:00,Olympia,20,11,31
2025.05.24,21:00,21:15,Olympia,12,16,28
2025.05.24,21:15,21:30,Olympia,8,13,21
2025.05.24,21:30,21:45,Olympia,6,9,15
2025.05.24,21:45,22:00,Olympia,3,7,10
2025.05.24,22:00,22:15,Olympia,5,3,8
2025.05.24,22:15,22:30,Olympia,5,4,9
2025.05.24,22:30,22:45,Olympia,6,5,11
2025.05.24,22:45,23:00,Olympia,4,16,20
2025.05.24,23:00,23:15,Olympia,3,16,19
2025.05.24,23:15,23:30,Olympia,4,6,10
2025.05.24,23:30,23:45,Olympia,1,6,7
2025.05.24,23:45,00:00,Olympia,4,2,6
2025.05.25,00:00,00:15,Olympia,4,2,6
2025.05.25,00:15,00:30,Olympia,5,4,9
2025.05.25,00:30,00:45,Olympia,2,2,4
2025.05.25,00:45,01:00,Olympia,7,1,8
2025.05.25,01:00,01:15,Olympia,1,3,4
2025.05.25,01:15,01:30,Olympia,6,1,7
2025.05.25,01:30,01:45,Olympia,0,0,0
2025.05.25,01:45,02:00,Olympia,1,0,1
2025.05.25,02:00,02:15,Olympia,2,0,2
2025.05.25,02:15,02:30,Olympia,1,2,3
2025.05.25,02:30,02:45,Olympia,1,1,2
2025.05.25,02:45,03:00,Olympia,1,0,1
2025.05.25,03:00,03:15,Olympia,0,0,0
2025.05.25,03:15,03:30,Olympia,0,0,0
2025.05.25,03:30,03:45,Olympia,0,0,0
2025.05.25,03:45,04:00,Olympia,3,0,3
2025.05.25,04:00,04:15,Olympia,0,0,0
2025.05.25,04:15,04:30,Olympia,1,0,1
2025.05.25,04:30,04:45,Olympia,0,1,1
2025.05.25,04:45,05:00,Olympia,1,0,1
2025.05.25,05:00,05:15,Olympia,2,1,3
2025.05.25,05:15,05:30,Olympia,0,0,0
2025.05.25,05:30,05:45,Olympia,1,1,2
2025.05.25,05:45,06:00,Olympia,1,0,1
2025.05.25,06:00,06:15,Olympia,1,1,2
2025.05.25,06:15,06:30,Olympia,0,0,0
2025.05.25,06:30,06:45,Olympia,1,0,1
2025.05.25,06:45,07:00,Olympia,2,1,3
2025.05.25,07:00,07:15,Olympia,0,0,0
2025.05.25,07:15,07:30,Olympia,2,0,2
2025.05.25,07:30,07:45,Olympia,1,0,1
2025.05.25,07:45,08:00,Olympia,0,0,0
2025.05.25,08:00,08:15,Olympia,2,2,4
2025.05.25,08:15,08:30,Olympia,2,5,7
2025.05.25,08:30,08:45,Olympia,5,2,7
2025.05.25,08:45,09:00,Olympia,2,1,3
2025.05.25,09:00,09:15,Olympia,2,0,2
2025.05.25,09:15,09:30,Olympia,4,6,10
2025.05.25,09:30,09:45,Olympia,3,7,10
2025.05.25,09:45,10:00,Olympia,6,2,8
2025.05.25,10:00,10:15,Olympia,3,3,6
2025.05.25,10:15,10:30,Olympia,8,2,10
2025.05.25,10:30,10:45,Olympia,4,4,8
2025.05.25,10:45,11:00,Olympia,6,5,11
2025.05.25,11:00,11:15,Olympia,12,6,18
2025.05.25,11:15,11:30,Olympia,3,4,7
2025.05.25,11:30,11:45,Olympia,2,4,6
2025.05.25,11:45,12:00,Olympia,2,5,7
2025.05.25,12:00,12:15,Olympia,6,6,12
2025.05.25,12:15,12:30,Olympia,2,3,5
2025.05.25,12:30,12:45,Olympia,4,3,7
2025.05.25,12:45,13:00,Olympia,7,5,12
2025.05.25,13:00,13:15,Olympia,9,4,13
2025.05.25,13:15,13:30,Olympia,8,2,10
2025.05.25,13:30,13:45,Olympia,5,5,10
2025.05.25,13:45,14:00,Olympia,4,7,11
2025.05.25,14:00,14:15,Olympia,5,3,8
2025.05.25,14:15,14:30,Olympia,9,4,13
2025.05.25,14:30,14:45,Olympia,2,3,5
2025.05.25,14:45,15:00,Olympia,2,5,7
2025.05.25,15:00,15:15,Olympia,9,9,18
2025.05.25,15:15,15:30,Olympia,5,2,7
2025.05.25,15:30,15:45,Olympia,3,10,13
2025.05.25,15:45,16:00,Olympia,8,2,10
2025.05.25,16:00,16:15,Olympia,11,7,18
2025.05.25,16:15,16:30,Olympia,11,4,15
2025.05.25,16:30,16:45,Olympia,16,8,24
2025.05.25,16:45,17:00,Olympia,16,10,26
2025.05.25,17:00,17:15,Olympia,8,7,15
2025.05.25,17:15,17:30,Olympia,10,16,26
2025.05.25,17:30,17:45,Olympia,13,13,26
2025.05.25,17:45,18:00,Olympia,18,14,32
2025.05.25,18:00,18:15,Olympia,12,9,21
2025.05.25,18:15,18:30,Olympia,23,13,36
2025.05.25,18:30,18:45,Olympia,11,18,29
2025.05.25,18:45,19:00,Olympia,10,7,17
2025.05.25,19:00,19:15,Olympia,1,11,12
2025.05.25,19:15,19:30,Olympia,10,4,14
2025.05.25,19:30,19:45,Olympia,6,11,17
2025.05.25,19:45,20:00,Olympia,11,13,24
2025.05.25,20:00,20:15,Olympia,3,14,17
2025.05.25,20:15,20:30,Olympia,1,8,9
2025.05.25,20:30,20:45,Olympia,14,9,23
2025.05.25,20:45,21:00,Olympia,6,7,13
2025.05.25,21:00,21:15,Olympia,5,8,13
2025.05.25,21:15,21:30,Olympia,4,8,12
2025.05.25,21:30,21:45,Olympia,2,10,12
2025.05.25,21:45,22:00,Olympia,1,2,3
2025.05.25,22:00,22:15,Olympia,1,3,4
2025.05.25,22:15,22:30,Olympia,0,2,2
2025.05.25,22:30,22:45,Olympia,1,4,5
2025.05.25,22:45,23:00,Olympia,1,4,5
2025.05.25,23:00,23:15,Olympia,2,1,3
2025.05.25,23:15,23:30,Olympia,0,0,0
2025.05.25,23:30,23:45,Olympia,1,2,3
2025.05.25,23:45,00:00,Olympia,0,0,0
2025.05.26,00:00,00:15,Olympia,2,2,4
2025.05.26,00:15,00:30,Olympia,0,0,0
2025.05.26,00:30,00:45,Olympia,0,0,0
2025.05.26,00:45,01:00,Olympia,0,3,3
2025.05.26,01:00,01:15,Olympia,0,0,0
2025.05.26,01:15,01:30,Olympia,0,0,0
2025.05.26,01:30,01:45,Olympia,2,1,3
2025.05.26,01:45,02:00,Olympia,0,0,0
2025.05.26,02:00,02:15,Olympia,0,1,1
2025.05.26,02:15,02:30,Olympia,2,0,2
2025.05.26,02:30,02:45,Olympia,0,0,0
2025.05.26,02:45,03:00,Olympia,0,0,0
2025.05.26,03:00,03:15,Olympia,0,0,0
2025.05.26,03:15,03:30,Olympia,0,0,0
2025.05.26,03:30,03:45,Olympia,0,0,0
2025.05.26,03:45,04:00,Olympia,0,0,0
2025.05.26,04:00,04:15,Olympia,0,0,0
2025.05.26,04:15,04:30,Olympia,0,1,1
2025.05.26,04:30,04:45,Olympia,1,1,2
2025.05.26,04:45,05:00,Olympia,1,0,1
2025.05.26,05:00,05:15,Olympia,2,0,2
2025.05.26,05:15,05:30,Olympia,4,1,5
2025.05.26,05:30,05:45,Olympia,3,3,6
2025.05.26,05:45,06:00,Olympia,4,1,5
2025.05.26,06:00,06:15,Olympia,6,2,8
2025.05.26,06:15,06:30,Olympia,7,6,13
2025.05.26,06:30,06:45,Olympia,6,3,9
2025.05.26,06:45,07:00,Olympia,13,3,16
2025.05.26,07:00,07:15,Olympia,12,7,19
2025.05.26,07:15,07:30,Olympia,25,17,42
2025.05.26,07:30,07:45,Olympia,18,18,36
2025.05.26,07:45,08:00,Olympia,33,26,59
2025.05.26,08:00,08:15,Olympia,32,37,69
2025.05.26,08:15,08:30,Olympia,31,38,69
2025.05.26,08:30,08:45,Olympia,21,28,49
2025.05.26,08:45,09:00,Olympia,23,18,41
2025.05.26,09:00,09:15,Olympia,11,10,21
2025.05.26,09:15,09:30,Olympia,8,11,19
2025.05.26,09:30,09:45,Olympia,10,11,21
2025.05.26,09:45,10:00,Olympia,13,18,31
2025.05.26,10:00,10:15,Olympia,18,7,25
2025.05.26,10:15,10:30,Olympia,9,5,14
2025.05.26,10:30,10:45,Olympia,7,5,12
2025.05.26,10:45,11:00,Olympia,8,7,15
2025.05.26,11:00,11:15,Olympia,4,8,12
2025.05.26,11:15,11:30,Olympia,8,9,17
2025.05.26,11:30,11:45,Olympia,13,16,29
2025.05.26,11:45,12:00,Olympia,10,12,22
2025.05.26,12:00,12:15,Olympia,12,9,21
2025.05.26,12:15,12:30,Olympia,11,12,23
2025.05.26,12:30,12:45,Olympia,15,8,23
2025.05.26,12:45,13:00,Olympia,9,9,18
2025.05.26,13:00,13:15,Olympia,11,10,21
2025.05.26,13:15,13:30,Olympia,14,10,24
2025.05.26,13:30,13:45,Olympia,8,16,24
2025.05.26,13:45,14:00,Olympia,10,16,26
2025.05.26,14:00,14:15,Olympia,9,12,21
2025.05.26,14:15,14:30,Olympia,7,5,12
2025.05.26,14:30,14:45,Olympia,5,12,17
2025.05.26,14:45,15:00,Olympia,13,7,20
2025.05.26,15:00,15:15,Olympia,17,17,34
2025.05.26,15:15,15:30,Olympia,23,9,32
2025.05.26,15:30,15:45,Olympia,22,18,40
2025.05.26,15:45,16:00,Olympia,26,18,44
2025.05.26,16:00,16:15,Olympia,26,12,38
2025.05.26,16:15,16:30,Olympia,13,23,36
2025.05.26,16:30,16:45,Olympia,20,15,35
2025.05.26,16:45,17:00,Olympia,55,28,83
2025.05.26,17:00,17:15,Olympia,26,19,45
2025.05.26,17:15,17:30,Olympia,35,30,65
2025.05.26,17:30,17:45,Olympia,30,25,55
2025.05.26,17:45,18:00,Olympia,45,35,80
2025.05.26,18:00,18:15,Olympia,37,32,69
2025.05.26,18:15,18:30,Olympia,61,37,98
2025.05.26,18:30,18:45,Olympia,34,24,58
2025.05.26,18:45,19:00,Olympia,43,38,81
2025.05.26,19:00,19:15,Olympia,25,29,54
2025.05.26,19:15,19:30,Olympia,33,29,62
2025.05.26,19:30,19:45,Olympia,32,24,56
2025.05.26,19:45,20:00,Olympia,44,30,74
2025.05.26,20:00,20:15,Olympia,24,28,52
2025.05.26,20:15,20:30,Olympia,15,34,49
2025.05.26,20:30,20:45,Olympia,11,20,31
2025.05.26,20:45,21:00,Olympia,6,20,26
2025.05.26,21:00,21:15,Olympia,8,31,39
2025.05.26,21:15,21:30,Olympia,10,21,31
2025.05.26,21:30,21:45,Olympia,2,22,24
2025.05.26,21:45,22:00,Olympia,5,24,29
2025.05.26,22:00,22:15,Olympia,2,13,15
2025.05.26,22:15,22:30,Olympia,4,11,15
2025.05.26,22:30,22:45,Olympia,3,14,17
2025.05.26,22:45,23:00,Olympia,7,7,14
2025.05.26,23:00,23:15,Olympia,3,13,16
2025.05.26,23:15,23:30,Olympia,0,5,5
2025.05.26,23:30,23:45,Olympia,1,1,2
2025.05.26,23:45,00:00,Olympia,3,1,4
2025.05.27,00:00,00:15,Olympia,1,2,3
2025.05.27,00:15,00:30,Olympia,0,0,0
2025.05.27,00:30,00:45,Olympia,0,0,0
2025.05.27,00:45,01:00,Olympia,1,1,2
2025.05.27,01:00,01:15,Olympia,0,0,0
2025.05.27,01:15,01:30,Olympia,0,0,0
2025.05.27,01:30,01:45,Olympia,3,0,3
2025.05.27,01:45,02:00,Olympia,0,0,0
2025.05.27,02:00,02:15,Olympia,0,0,0
2025.05.27,02:15,02:30,Olympia,0,0,0
2025.05.27,02:30,02:45,Olympia,0,0,0
2025.05.27,02:45,03:00,Olympia,0,0,0
2025.05.27,03:00,03:15,Olympia,0,0,0
2025.05.27,03:15,03:30,Olympia,0,0,0
2025.05.27,03:30,03:45,Olympia,0,0,0
2025.05.27,03:45,04:00,Olympia,0,0,0
2025.05.27,04:00,04:15,Olympia,0,0,0
2025.05.27,04:15,04:30,Olympia,0,0,0
2025.05.27,04:30,04:45,Olympia,0,2,2
2025.05.27,04:45,05:00,Olympia,2,0,2
2025.05.27,05:00,05:15,Olympia,1,1,2
2025.05.27,05:15,05:30,Olympia,6,2,8
2025.05.27,05:30,05:45,Olympia,3,4,7
2025.05.27,05:45,06:00,Olympia,8,5,13
2025.05.27,06:00,06:15,Olympia,8,5,13
2025.05.27,06:15,06:30,Olympia,9,5,14
2025.05.27,06:30,06:45,Olympia,14,5,19
2025.05.27,06:45,07:00,Olympia,18,7,25
2025.05.27,07:00,07:15,Olympia,21,21,42
2025.05.27,07:15,07:30,Olympia,27,22,49
2025.05.27,07:30,07:45,Olympia,33,28,61
2025.05.27,07:45,08:00,Olympia,50,38,88
2025.05.27,08:00,08:15,Olympia,48,33,81
2025.05.27,08:15,08:30,Olympia,34,24,58
2025.05.27,08:30,08:45,Olympia,58,21,79
2025.05.27,08:45,09:00,Olympia,29,29,58
2025.05.27,09:00,09:15,Olympia,20,16,36
2025.05.27,09:15,09:30,Olympia,17,11,28
2025.05.27,09:30,09:45,Olympia,18,7,25
2025.05.27,09:45,10:00,Olympia,17,14,31
2025.05.27,10:00,10:15,Olympia,13,7,20
2025.05.27,10:15,10:30,Olympia,12,8,20
2025.05.27,10:30,10:45,Olympia,8,9,17
2025.05.27,10:45,11:00,Olympia,7,14,21
2025.05.27,11:00,11:15,Olympia,9,11,20
2025.05.27,11:15,11:30,Olympia,10,6,16
2025.05.27,11:30,11:45,Olympia,8,10,18
2025.05.27,11:45,12:00,Olympia,21,8,29
2025.05.27,12:00,12:15,Olympia,18,7,25
2025.05.27,12:15,12:30,Olympia,23,12,35
2025.05.27,12:30,12:45,Olympia,16,10,26
2025.05.27,12:45,13:00,Olympia,21,9,30
2025.05.27,13:00,13:15,Olympia,12,10,22
2025.05.27,13:15,13:30,Olympia,8,11,19
2025.05.27,13:30,13:45,Olympia,21,11,32
2025.05.27,13:45,14:00,Olympia,11,12,23
2025.05.27,14:00,14:15,Olympia,19,10,29
2025.05.27,14:15,14:30,Olympia,15,15,30
2025.05.27,14:30,14:45,Olympia,17,14,31
2025.05.27,14:45,15:00,Olympia,16,10,26
2025.05.27,15:00,15:15,Olympia,20,18,38
2025.05.27,15:15,15:30,Olympia,12,8,20
2025.05.27,15:30,15:45,Olympia,17,12,29
2025.05.27,15:45,16:00,Olympia,39,11,50
2025.05.27,16:00,16:15,Olympia,35,14,49
2025.05.27,16:15,16:30,Olympia,34,30,64
2025.05.27,16:30,16:45,Olympia,43,27,70
2025.05.27,16:45,17:00,Olympia,46,23,69
2025.05.27,17:00,17:15,Olympia,39,12,51
2025.05.27,17:15,17:30,Olympia,41,14,55
2025.05.27,17:30,17:45,Olympia,41,34,75
2025.05.27,17:45,18:00,Olympia,71,30,101
2025.05.27,18:00,18:15,Olympia,47,40,87
2025.05.27,18:15,18:30,Olympia,51,37,88
2025.05.27,18:30,18:45,Olympia,59,45,104
2025.05.27,18:45,19:00,Olympia,47,45,92
2025.05.27,19:00,19:15,Olympia,20,34,54
2025.05.27,19:15,19:30,Olympia,30,36,66
2025.05.27,19:30,19:45,Olympia,28,25,53
2025.05.27,19:45,20:00,Olympia,47,29,76
2025.05.27,20:00,20:15,Olympia,22,36,58
2025.05.27,20:15,20:30,Olympia,23,45,68
2025.05.27,20:30,20:45,Olympia,15,26,41
2025.05.27,20:45,21:00,Olympia,18,42,60
2025.05.27,21:00,21:15,Olympia,15,18,33
2025.05.27,21:15,21:30,Olympia,15,39,54
2025.05.27,21:30,21:45,Olympia,7,19,26
2025.05.27,21:45,22:00,Olympia,10,28,38
2025.05.27,22:00,22:15,Olympia,7,12,19
2025.05.27,22:15,22:30,Olympia,11,10,21
2025.05.27,22:30,22:45,Olympia,6,6,12
2025.05.27,22:45,23:00,Olympia,3,6,9
2025.05.27,23:00,23:15,Olympia,2,8,10
2025.05.27,23:15,23:30,Olympia,1,18,19
2025.05.27,23:30,23:45,Olympia,1,7,8
2025.05.27,23:45,00:00,Olympia,1,0,1
2025.05.28,00:00,00:15,Olympia,0,0,0
2025.05.28,00:15,00:30,Olympia,0,1,1
2025.05.28,00:30,00:45,Olympia,0,0,0
2025.05.28,00:45,01:00,Olympia,0,0,0
2025.05.28,01:00,01:15,Olympia,0,0,0
2025.05.28,01:15,01:30,Olympia,0,0,0
2025.05.28,01:30,01:45,Olympia,0,1,1
2025.05.28,01:45,02:00,Olympia,0,0,0
2025.05.28,02:00,02:15,Olympia,0,0,0
2025.05.28,02:15,02:30,Olympia,0,1,1
2025.05.28,02:30,02:45,Olympia,0,1,1
2025.05.28,02:45,03:00,Olympia,0,0,0
2025.05.28,03:00,03:15,Olympia,0,0,0
2025.05.28,03:15,03:30,Olympia,0,0,0
2025.05.28,03:30,03:45,Olympia,1,0,1
2025.05.28,03:45,04:00,Olympia,0,0,0
2025.05.28,04:00,04:15,Olympia,1,0,1
2025.05.28,04:15,04:30,Olympia,0,1,1
2025.05.28,04:30,04:45,Olympia,2,1,3
2025.05.28,04:45,05:00,Olympia,0,0,0
2025.05.28,05:00,05:15,Olympia,0,0,0
2025.05.28,05:15,05:30,Olympia,4,0,4
2025.05.28,05:30,05:45,Olympia,3,3,6
2025.05.28,05:45,06:00,Olympia,2,2,4
2025.05.28,06:00,06:15,Olympia,6,4,10
2025.05.28,06:15,06:30,Olympia,6,7,13
2025.05.28,06:30,06:45,Olympia,9,5,14
2025.05.28,06:45,07:00,Olympia,10,6,16
2025.05.28,07:00,07:15,Olympia,23,14,37
2025.05.28,07:15,07:30,Olympia,15,15,30
2025.05.28,07:30,07:45,Olympia,18,17,35
2025.05.28,07:45,08:00,Olympia,22,20,42
2025.05.28,08:00,08:15,Olympia,24,16,40
2025.05.28,08:15,08:30,Olympia,22,21,43
2025.05.28,08:30,08:45,Olympia,25,15,40
2025.05.28,08:45,09:00,Olympia,19,18,37
2025.05.28,09:00,09:15,Olympia,24,9,33
2025.05.28,09:15,09:30,Olympia,8,11,19
2025.05.28,09:30,09:45,Olympia,25,10,35
2025.05.28,09:45,10:00,Olympia,13,9,22
2025.05.28,10:00,10:15,Olympia,16,3,19
2025.05.28,10:15,10:30,Olympia,10,4,14
2025.05.28,10:30,10:45,Olympia,0,3,3
2025.05.28,10:45,11:00,Olympia,7,6,13
2025.05.28,11:00,11:15,Olympia,7,4,11
2025.05.28,11:15,11:30,Olympia,7,11,18
2025.05.28,11:30,11:45,Olympia,7,6,13
2025.05.28,11:45,12:00,Olympia,14,7,21
2025.05.28,12:00,12:15,Olympia,10,5,15
2025.05.28,12:15,12:30,Olympia,6,4,10
2025.05.28,12:30,12:45,Olympia,12,4,16
2025.05.28,12:45,13:00,Olympia,5,13,18
2025.05.28,13:00,13:15,Olympia,6,8,14
2025.05.28,13:15,13:30,Olympia,12,7,19
2025.05.28,13:30,13:45,Olympia,6,4,10
2025.05.28,13:45,14:00,Olympia,14,2,16
2025.05.28,14:00,14:15,Olympia,7,3,10
2025.05.28,14:15,14:30,Olympia,11,8,19
2025.05.28,14:30,14:45,Olympia,13,3,16
2025.05.28,14:45,15:00,Olympia,11,8,19
2025.05.28,15:00,15:15,Olympia,11,9,20
2025.05.28,15:15,15:30,Olympia,14,8,22
2025.05.28,15:30,15:45,Olympia,10,9,19
2025.05.28,15:45,16:00,Olympia,8,7,15
2025.05.28,16:00,16:15,Olympia,15,6,21
2025.05.28,16:15,16:30,Olympia,20,9,29
2025.05.28,16:30,16:45,Olympia,22,14,36
2025.05.28,16:45,17:00,Olympia,24,14,38
2025.05.28,17:00,17:15,Olympia,18,11,29
2025.05.28,17:15,17:30,Olympia,16,16,32
2025.05.28,17:30,17:45,Olympia,20,10,30
2025.05.28,17:45,18:00,Olympia,26,8,34
2025.05.28,18:00,18:15,Olympia,27,23,50
2025.05.28,18:15,18:30,Olympia,42,15,57
2025.05.28,18:30,18:45,Olympia,20,18,38
2025.05.28,18:45,19:00,Olympia,25,21,46
2025.05.28,19:00,19:15,Olympia,20,7,27
2025.05.28,19:15,19:30,Olympia,12,14,26
2025.05.28,19:30,19:45,Olympia,19,14,33
2025.05.28,19:45,20:00,Olympia,21,24,45
2025.05.28,20:00,20:15,Olympia,11,17,28
2025.05.28,20:15,20:30,Olympia,16,19,35
2025.05.28,20:30,20:45,Olympia,12,16,28
2025.05.28,20:45,21:00,Olympia,8,18,26
2025.05.28,21:00,21:15,Olympia,7,19,26
2025.05.28,21:15,21:30,Olympia,8,10,18
2025.05.28,21:30,21:45,Olympia,2,12,14
2025.05.28,21:45,22:00,Olympia,2,12,14
2025.05.28,22:00,22:15,Olympia,5,8,13
2025.05.28,22:15,22:30,Olympia,6,9,15
2025.05.28,22:30,22:45,Olympia,3,6,9
2025.05.28,22:45,23:00,Olympia,1,12,13
2025.05.28,23:00,23:15,Olympia,0,3,3
2025.05.28,23:15,23:30,Olympia,0,9,9
2025.05.28,23:30,23:45,Olympia,0,5,5
2025.05.28,23:45,00:00,Olympia,0,2,2
2025.05.29,00:00,00:15,Olympia,1,2,3
2025.05.29,00:15,00:30,Olympia,0,8,8
2025.05.29,00:30,00:45,Olympia,0,3,3
2025.05.29,00:45,01:00,Olympia,1,4,5
2025.05.29,01:00,01:15,Olympia,1,2,3
2025.05.29,01:15,01:30,Olympia,0,0,0
2025.05.29,01:30,01:45,Olympia,0,1,1
2025.05.29,01:45,02:00,Olympia,1,1,2
2025.05.29,02:00,02:15,Olympia,1,2,3
2025.05.29,02:15,02:30,Olympia,0,2,2
2025.05.29,02:30,02:45,Olympia,0,1,1
2025.05.29,02:45,03:00,Olympia,0,3,3
2025.05.29,03:00,03:15,Olympia,2,0,2
2025.05.29,03:15,03:30,Olympia,0,1,1
2025.05.29,03:30,03:45,Olympia,0,0,0
2025.05.29,03:45,04:00,Olympia,1,0,1
2025.05.29,04:00,04:15,Olympia,0,0,0
2025.05.29,04:15,04:30,Olympia,1,2,3
2025.05.29,04:30,04:45,Olympia,0,1,1
2025.05.29,04:45,05:00,Olympia,0,0,0
2025.05.29,05:00,05:15,Olympia,0,0,0
2025.05.29,05:15,05:30,Olympia,0,0,0
2025.05.29,05:30,05:45,Olympia,0,0,0
2025.05.29,05:45,06:00,Olympia,1,0,1
2025.05.29,06:00,06:15,Olympia,1,3,4
2025.05.29,06:15,06:30,Olympia,1,0,1
2025.05.29,06:30,06:45,Olympia,1,0,1
2025.05.29,06:45,07:00,Olympia,5,1,6
2025.05.29,07:00,07:15,Olympia,3,2,5
2025.05.29,07:15,07:30,Olympia,3,3,6
2025.05.29,07:30,07:45,Olympia,0,2,2
2025.05.29,07:45,08:00,Olympia,4,2,6
2025.05.29,08:00,08:15,Olympia,2,3,5
2025.05.29,08:15,08:30,Olympia,4,2,6
2025.05.29,08:30,08:45,Olympia,5,8,13
2025.05.29,08:45,09:00,Olympia,17,2,19
2025.05.29,09:00,09:15,Olympia,6,6,12
2025.05.29,09:15,09:30,Olympia,19,2,21
2025.05.29,09:30,09:45,Olympia,18,5,23
2025.05.29,09:45,10:00,Olympia,25,8,33
2025.05.29,10:00,10:15,Olympia,13,12,25
2025.05.29,10:15,10:30,Olympia,17,7,24
2025.05.29,10:30,10:45,Olympia,16,3,19
2025.05.29,10:45,11:00,Olympia,18,9,27
2025.05.29,11:00,11:15,Olympia,25,8,33
2025.05.29,11:15,11:30,Olympia,28,22,50
2025.05.29,11:30,11:45,Olympia,17,10,27
2025.05.29,11:45,12:00,Olympia,13,3,16
2025.05.29,12:00,12:15,Olympia,17,8,25
2025.05.29,12:15,12:30,Olympia,23,19,42
2025.05.29,12:30,12:45,Olympia,27,4,31
2025.05.29,12:45,13:00,Olympia,20,18,38
2025.05.29,13:00,13:15,Olympia,27,16,43
2025.05.29,13:15,13:30,Olympia,35,18,53
2025.05.29,13:30,13:45,Olympia,44,13,57
2025.05.29,13:45,14:00,Olympia,45,23,68
2025.05.29,14:00,14:15,Olympia,32,17,49
2025.05.29,14:15,14:30,Olympia,38,20,58
2025.05.29,14:30,14:45,Olympia,46,21,67
2025.05.29,14:45,15:00,Olympia,42,10,52
2025.05.29,15:00,15:15,Olympia,29,30,59
2025.05.29,15:15,15:30,Olympia,35,15,50
2025.05.29,15:30,15:45,Olympia,45,12,57
2025.05.29,15:45,16:00,Olympia,36,25,61
2025.05.29,16:00,16:15,Olympia,18,21,39
2025.05.29,16:15,16:30,Olympia,25,37,62
2025.05.29,16:30,16:45,Olympia,26,29,55
2025.05.29,16:45,17:00,Olympia,43,32,75
2025.05.29,17:00,17:15,Olympia,37,37,74
2025.05.29,17:15,17:30,Olympia,36,28,64
2025.05.29,17:30,17:45,Olympia,21,21,42
2025.05.29,17:45,18:00,Olympia,23,19,42
2025.05.29,18:00,18:15,Olympia,18,34,52
2025.05.29,18:15,18:30,Olympia,25,21,46
2025.05.29,18:30,18:45,Olympia,16,27,43
2025.05.29,18:45,19:00,Olympia,15,30,45
2025.05.29,19:00,19:15,Olympia,20,13,33
2025.05.29,19:15,19:30,Olympia,17,17,34
2025.05.29,19:30,19:45,Olympia,20,14,34
2025.05.29,19:45,20:00,Olympia,11,16,27
2025.05.29,20:00,20:15,Olympia,12,11,23
2025.05.29,20:15,20:30,Olympia,12,17,29
2025.05.29,20:30,20:45,Olympia,13,9,22
2025.05.29,20:45,21:00,Olympia,7,9,16
2025.05.29,21:00,21:15,Olympia,11,7,18
2025.05.29,21:15,21:30,Olympia,7,8,15
2025.05.29,21:30,21:45,Olympia,5,7,12
2025.05.29,21:45,22:00,Olympia,7,11,18
2025.05.29,22:00,22:15,Olympia,6,10,16
2025.05.29,22:15,22:30,Olympia,0,3,3
2025.05.29,22:30,22:45,Olympia,3,8,11
2025.05.29,22:45,23:00,Olympia,0,1,1
2025.05.29,23:00,23:15,Olympia,2,8,10
2025.05.29,23:15,23:30,Olympia,0,8,8
2025.05.29,23:30,23:45,Olympia,1,2,3
2025.05.29,23:45,00:00,Olympia,0,1,1
2025.05.30,00:00,00:15,Olympia,0,2,2
2025.05.30,00:15,00:30,Olympia,2,1,3
2025.05.30,00:30,00:45,Olympia,1,0,1
2025.05.30,00:45,01:00,Olympia,1,1,2
2025.05.30,01:00,01:15,Olympia,1,0,1
2025.05.30,01:15,01:30,Olympia,2,0,2
2025.05.30,01:30,01:45,Olympia,1,1,2
2025.05.30,01:45,02:00,Olympia,0,1,1
2025.05.30,02:00,02:15,Olympia,1,0,1
2025.05.30,02:15,02:30,Olympia,0,0,0
2025.05.30,02:30,02:45,Olympia,1,0,1
2025.05.30,02:45,03:00,Olympia,0,0,0
2025.05.30,03:00,03:15,Olympia,0,0,0
2025.05.30,03:15,03:30,Olympia,0,0,0
2025.05.30,03:30,03:45,Olympia,0,0,0
2025.05.30,03:45,04:00,Olympia,0,1,1
2025.05.30,04:00,04:15,Olympia,0,2,2
2025.05.30,04:15,04:30,Olympia,0,0,0
2025.05.30,04:30,04:45,Olympia,2,1,3
2025.05.30,04:45,05:00,Olympia,1,0,1
2025.05.30,05:00,05:15,Olympia,0,0,0
2025.05.30,05:15,05:30,Olympia,3,0,3
2025.05.30,05:30,05:45,Olympia,2,5,7
2025.05.30,05:45,06:00,Olympia,1,2,3
2025.05.30,06:00,06:15,Olympia,2,5,7
2025.05.30,06:15,06:30,Olympia,4,4,8
2025.05.30,06:30,06:45,Olympia,6,5,11
2025.05.30,06:45,07:00,Olympia,8,3,11
2025.05.30,07:00,07:15,Olympia,6,10,16
2025.05.30,07:15,07:30,Olympia,11,12,23
2025.05.30,07:30,07:45,Olympia,8,17,25
2025.05.30,07:45,08:00,Olympia,22,19,41
2025.05.30,08:00,08:15,Olympia,11,17,28
2025.05.30,08:15,08:30,Olympia,17,25,42
2025.05.30,08:30,08:45,Olympia,18,19,37
2025.05.30,08:45,09:00,Olympia,22,16,38
2025.05.30,09:00,09:15,Olympia,15,7,22
2025.05.30,09:15,09:30,Olympia,9,10,19
2025.05.30,09:30,09:45,Olympia,9,15,24
2025.05.30,09:45,10:00,Olympia,22,10,32
2025.05.30,10:00,10:15,Olympia,19,12,31
2025.05.30,10:15,10:30,Olympia,21,14,35
2025.05.30,10:30,10:45,Olympia,16,8,24
2025.05.30,10:45,11:00,Olympia,20,12,32
2025.05.30,11:00,11:15,Olympia,19,14,33
2025.05.30,11:15,11:30,Olympia,21,13,34
2025.05.30,11:30,11:45,Olympia,22,15,37
2025.05.30,11:45,12:00,Olympia,21,12,33
2025.05.30,12:00,12:15,Olympia,26,14,40
2025.05.30,12:15,12:30,Olympia,22,17,39
2025.05.30,12:30,12:45,Olympia,22,14,36
2025.05.30,12:45,13:00,Olympia,23,17,40
2025.05.30,13:00,13:15,Olympia,36,22,58
2025.05.30,13:15,13:30,Olympia,22,7,29
2025.05.30,13:30,13:45,Olympia,32,22,54
2025.05.30,13:45,14:00,Olympia,37,12,49
2025.05.30,14:00,14:15,Olympia,24,18,42
2025.05.30,14:15,14:30,Olympia,36,21,57
2025.05.30,14:30,14:45,Olympia,42,15,57
2025.05.30,14:45,15:00,Olympia,54,18,72
2025.05.30,15:00,15:15,Olympia,62,32,94
2025.05.30,15:15,15:30,Olympia,60,22,82
2025.05.30,15:30,15:45,Olympia,45,27,72
2025.05.30,15:45,16:00,Olympia,54,34,88
2025.05.30,16:00,16:15,Olympia,49,24,73
2025.05.30,16:15,16:30,Olympia,33,28,61
2025.05.30,16:30,16:45,Olympia,54,25,79
2025.05.30,16:45,17:00,Olympia,76,29,105
2025.05.30,17:00,17:15,Olympia,45,33,78
2025.05.30,17:15,17:30,Olympia,59,29,88
2025.05.30,17:30,17:45,Olympia,45,24,69
2025.05.30,17:45,18:00,Olympia,40,42,82
2025.05.30,18:00,18:15,Olympia,37,38,75
2025.05.30,18:15,18:30,Olympia,52,44,96
2025.05.30,18:30,18:45,Olympia,49,36,85
2025.05.30,18:45,19:00,Olympia,49,41,90
2025.05.30,19:00,19:15,Olympia,45,21,66
2025.05.30,19:15,19:30,Olympia,40,38,78
2025.05.30,19:30,19:45,Olympia,44,29,73
2025.05.30,19:45,20:00,Olympia,44,31,75
2025.05.30,20:00,20:15,Olympia,33,20,53
2025.05.30,20:15,20:30,Olympia,31,37,68
2025.05.30,20:30,20:45,Olympia,51,31,82
2025.05.30,20:45,21:00,Olympia,34,27,61
2025.05.30,21:00,21:15,Olympia,21,22,43
2025.05.30,21:15,21:30,Olympia,31,38,69
2025.05.30,21:30,21:45,Olympia,24,22,46
2025.05.30,21:45,22:00,Olympia,18,30,48
2025.05.30,22:00,22:15,Olympia,8,18,26
2025.05.30,22:15,22:30,Olympia,9,31,40
2025.05.30,22:30,22:45,Olympia,8,57,65
2025.05.30,22:45,23:00,Olympia,9,43,52
2025.05.30,23:00,23:15,Olympia,2,20,22
2025.05.30,23:15,23:30,Olympia,4,7,11
2025.05.30,23:30,23:45,Olympia,1,10,11
2025.05.30,23:45,00:00,Olympia,5,3,8
2025.05.31,00:00,00:15,Olympia,0,4,4
2025.05.31,00:15,00:30,Olympia,6,8,14
2025.05.31,00:30,00:45,Olympia,4,6,10
2025.05.31,00:45,01:00,Olympia,1,0,1
2025.05.31,01:00,01:15,Olympia,1,3,4
2025.05.31,01:15,01:30,Olympia,0,1,1
2025.05.31,01:30,01:45,Olympia,2,0,2
2025.05.31,01:45,02:00,Olympia,0,2,2
2025.05.31,02:00,02:15,Olympia,3,1,4
2025.05.31,02:15,02:30,Olympia,0,0,0
2025.05.31,02:30,02:45,Olympia,0,1,1
2025.05.31,02:45,03:00,Olympia,0,0,0
2025.05.31,03:00,03:15,Olympia,0,0,0
2025.05.31,03:15,03:30,Olympia,3,1,4
2025.05.31,03:30,03:45,Olympia,1,0,1
2025.05.31,03:45,04:00,Olympia,0,1,1
2025.05.31,04:00,04:15,Olympia,0,0,0
2025.05.31,04:15,04:30,Olympia,0,1,1
2025.05.31,04:30,04:45,Olympia,2,1,3
2025.05.31,04:45,05:00,Olympia,0,1,1
2025.05.31,05:00,05:15,Olympia,0,1,1
2025.05.31,05:15,05:30,Olympia,0,0,0
2025.05.31,05:30,05:45,Olympia,0,1,1
2025.05.31,05:45,06:00,Olympia,2,3,5
2025.05.31,06:00,06:15,Olympia,1,1,2
2025.05.31,06:15,06:30,Olympia,1,4,5
2025.05.31,06:30,06:45,Olympia,2,2,4
2025.05.31,06:45,07:00,Olympia,3,0,3
2025.05.31,07:00,07:15,Olympia,5,0,5
2025.05.31,07:15,07:30,Olympia,3,1,4
2025.05.31,07:30,07:45,Olympia,4,4,8
2025.05.31,07:45,08:00,Olympia,8,3,11
2025.05.31,08:00,08:15,Olympia,7,4,11
2025.05.31,08:15,08:30,Olympia,14,12,26
2025.05.31,08:30,08:45,Olympia,18,9,27
2025.05.31,08:45,09:00,Olympia,18,6,24
2025.05.31,09:00,09:15,Olympia,14,6,20
2025.05.31,09:15,09:30,Olympia,15,5,20
2025.05.31,09:30,09:45,Olympia,17,11,28
2025.05.31,09:45,10:00,Olympia,12,15,27
2025.05.31,10:00,10:15,Olympia,25,6,31
2025.05.31,10:15,10:30,Olympia,17,15,32
2025.05.31,10:30,10:45,Olympia,22,11,33
2025.05.31,10:45,11:00,Olympia,26,16,42
2025.05.31,11:00,11:15,Olympia,33,17,50
2025.05.31,11:15,11:30,Olympia,41,18,59
2025.05.31,11:30,11:45,Olympia,35,15,50
2025.05.31,11:45,12:00,Olympia,42,14,56
2025.05.31,12:00,12:15,Olympia,30,20,50
2025.05.31,12:15,12:30,Olympia,30,18,48
2025.05.31,12:30,12:45,Olympia,26,16,42
2025.05.31,12:45,13:00,Olympia,41,13,54
2025.05.31,13:00,13:15,Olympia,42,33,75
2025.05.31,13:15,13:30,Olympia,40,23,63
2025.05.31,13:30,13:45,Olympia,39,17,56
2025.05.31,13:45,14:00,Olympia,38,28,66
2025.05.31,14:00,14:15,Olympia,36,20,56
2025.05.31,14:15,14:30,Olympia,37,14,51
2025.05.31,14:30,14:45,Olympia,41,22,63
2025.05.31,14:45,15:00,Olympia,41,22,63
2025.05.31,15:00,15:15,Olympia,52,21,73
2025.05.31,15:15,15:30,Olympia,42,38,80
2025.05.31,15:30,15:45,Olympia,48,33,81
2025.05.31,15:45,16:00,Olympia,65,22,87
2025.05.31,16:00,16:15,Olympia,42,23,65
2025.05.31,16:15,16:30,Olympia,35,19,54
2025.05.31,16:30,16:45,Olympia,44,37,81
2025.05.31,16:45,17:00,Olympia,42,30,72
2025.05.31,17:00,17:15,Olympia,52,29,81
2025.05.31,17:15,17:30,Olympia,50,39,89
2025.05.31,17:30,17:45,Olympia,60,24,84
2025.05.31,17:45,18:00,Olympia,56,35,91
2025.05.31,18:00,18:15,Olympia,52,38,90
2025.05.31,18:15,18:30,Olympia,52,51,103
2025.05.31,18:30,18:45,Olympia,48,42,90
2025.05.31,18:45,19:00,Olympia,56,38,94
2025.05.31,19:00,19:15,Olympia,70,47,117
2025.05.31,19:15,19:30,Olympia,52,34,86
2025.05.31,19:30,19:45,Olympia,57,61,118
2025.05.31,19:45,20:00,Olympia,33,63,96
2025.05.31,20:00,20:15,Olympia,42,39,81
2025.05.31,20:15,20:30,Olympia,34,46,80
2025.05.31,20:30,20:45,Olympia,18,24,42
2025.05.31,20:45,21:00,Olympia,31,44,75
2025.05.31,21:00,21:15,Olympia,24,28,52
2025.05.31,21:15,21:30,Olympia,22,15,37
2025.05.31,21:30,21:45,Olympia,10,15,25
2025.05.31,21:45,22:00,Olympia,2,19,21
2025.05.31,22:00,22:15,Olympia,14,23,37
2025.05.31,22:15,22:30,Olympia,14,12,26
2025.05.31,22:30,22:45,Olympia,6,12,18
2025.05.31,22:45,23:00,Olympia,15,39,54
2025.05.31,23:00,23:15,Olympia,10,42,52
2025.05.31,23:15,23:30,Olympia,4,12,16
2025.05.31,23:30,23:45,Olympia,8,9,17
2025.05.31,23:45,00:00,Olympia,2,9,11
2025.05.01,00:00,00:15,Hirsch,4,0,4
2025.05.01,00:15,00:30,Hirsch,7,0,7
2025.05.01,00:30,00:45,Hirsch,6,0,6
2025.05.01,00:45,01:00,Hirsch,2,0,2
2025.05.01,01:00,01:15,Hirsch,3,0,3
2025.05.01,01:15,01:30,Hirsch,3,0,3
2025.05.01,01:30,01:45,Hirsch,2,0,2
2025.05.01,01:45,02:00,Hirsch,1,1,2
2025.05.01,02:00,02:15,Hirsch,1,0,1
2025.05.01,02:15,02:30,Hirsch,4,0,4
2025.05.01,02:30,02:45,Hirsch,5,0,5
2025.05.01,02:45,03:00,Hirsch,1,0,1
2025.05.01,03:00,03:15,Hirsch,0,1,1
2025.05.01,03:15,03:30,Hirsch,0,0,0
2025.05.01,03:30,03:45,Hirsch,2,1,3
2025.05.01,03:45,04:00,Hirsch,0,0,0
2025.05.01,04:00,04:15,Hirsch,1,0,1
2025.05.01,04:15,04:30,Hirsch,0,0,0
2025.05.01,04:30,04:45,Hirsch,0,0,0
2025.05.01,04:45,05:00,Hirsch,0,1,1
2025.05.01,05:00,05:15,Hirsch,1,4,5
2025.05.01,05:15,05:30,Hirsch,0,0,0
2025.05.01,05:30,05:45,Hirsch,0,1,1
2025.05.01,05:45,06:00,Hirsch,0,2,2
2025.05.01,06:00,06:15,Hirsch,1,1,2
2025.05.01,06:15,06:30,Hirsch,0,0,0
2025.05.01,06:30,06:45,Hirsch,2,0,2
2025.05.01,06:45,07:00,Hirsch,0,0,0
2025.05.01,07:00,07:15,Hirsch,1,4,5
2025.05.01,07:15,07:30,Hirsch,2,1,3
2025.05.01,07:30,07:45,Hirsch,0,6,6
2025.05.01,07:45,08:00,Hirsch,4,2,6
2025.05.01,08:00,08:15,Hirsch,0,1,1
2025.05.01,08:15,08:30,Hirsch,1,7,8
2025.05.01,08:30,08:45,Hirsch,2,4,6
2025.05.01,08:45,09:00,Hirsch,2,11,13
2025.05.01,09:00,09:15,Hirsch,5,8,13
2025.05.01,09:15,09:30,Hirsch,2,11,13
2025.05.01,09:30,09:45,Hirsch,8,16,24
2025.05.01,09:45,10:00,Hirsch,11,8,19
2025.05.01,10:00,10:15,Hirsch,6,14,20
2025.05.01,10:15,10:30,Hirsch,14,11,25
2025.05.01,10:30,10:45,Hirsch,9,15,24
2025.05.01,10:45,11:00,Hirsch,14,11,25
2025.05.01,11:00,11:15,Hirsch,22,12,34
2025.05.01,11:15,11:30,Hirsch,19,14,33
2025.05.01,11:30,11:45,Hirsch,11,12,23
2025.05.01,11:45,12:00,Hirsch,16,20,36
2025.05.01,12:00,12:15,Hirsch,21,19,40
2025.05.01,12:15,12:30,Hirsch,18,33,51
2025.05.01,12:30,12:45,Hirsch,25,26,51
2025.05.01,12:45,13:00,Hirsch,10,22,32
2025.05.01,13:00,13:15,Hirsch,36,27,63
2025.05.01,13:15,13:30,Hirsch,16,9,25
2025.05.01,13:30,13:45,Hirsch,17,26,43
2025.05.01,13:45,14:00,Hirsch,27,21,48
2025.05.01,14:00,14:15,Hirsch,8,23,31
2025.05.01,14:15,14:30,Hirsch,25,16,41
2025.05.01,14:30,14:45,Hirsch,20,23,43
2025.05.01,14:45,15:00,Hirsch,15,16,31
2025.05.01,15:00,15:15,Hirsch,18,23,41
2025.05.01,15:15,15:30,Hirsch,23,20,43
2025.05.01,15:30,15:45,Hirsch,19,22,41
2025.05.01,15:45,16:00,Hirsch,10,18,28
2025.05.01,16:00,16:15,Hirsch,19,17,36
2025.05.01,16:15,16:30,Hirsch,27,23,50
2025.05.01,16:30,16:45,Hirsch,22,17,39
2025.05.01,16:45,17:00,Hirsch,27,13,40
2025.05.01,17:00,17:15,Hirsch,27,26,53
2025.05.01,17:15,17:30,Hirsch,28,22,50
2025.05.01,17:30,17:45,Hirsch,19,30,49
2025.05.01,17:45,18:00,Hirsch,21,28,49
2025.05.01,18:00,18:15,Hirsch,23,20,43
2025.05.01,18:15,18:30,Hirsch,17,13,30
2025.05.01,18:30,18:45,Hirsch,20,26,46
2025.05.01,18:45,19:00,Hirsch,19,13,32
2025.05.01,19:00,19:15,Hirsch,12,18,30
2025.05.01,19:15,19:30,Hirsch,15,11,26
2025.05.01,19:30,19:45,Hirsch,19,11,30
2025.05.01,19:45,20:00,Hirsch,19,21,40
2025.05.01,20:00,20:15,Hirsch,17,20,37
2025.05.01,20:15,20:30,Hirsch,11,14,25
2025.05.01,20:30,20:45,Hirsch,8,7,15
2025.05.01,20:45,21:00,Hirsch,4,8,12
2025.05.01,21:00,21:15,Hirsch,4,3,7
2025.05.01,21:15,21:30,Hirsch,5,1,6
2025.05.01,21:30,21:45,Hirsch,3,2,5
2025.05.01,21:45,22:00,Hirsch,2,0,2
2025.05.01,22:00,22:15,Hirsch,9,3,12
2025.05.01,22:15,22:30,Hirsch,12,3,15
2025.05.01,22:30,22:45,Hirsch,4,3,7
2025.05.01,22:45,23:00,Hirsch,10,3,13
2025.05.01,23:00,23:15,Hirsch,5,1,6
2025.05.01,23:15,23:30,Hirsch,9,0,9
2025.05.01,23:30,23:45,Hirsch,1,0,1
2025.05.01,23:45,00:00,Hirsch,3,0,3
2025.05.02,00:00,00:15,Hirsch,4,1,5
2025.05.02,00:15,00:30,Hirsch,0,0,0
2025.05.02,00:30,00:45,Hirsch,0,0,0
2025.05.02,00:45,01:00,Hirsch,0,2,2
2025.05.02,01:00,01:15,Hirsch,0,0,0
2025.05.02,01:15,01:30,Hirsch,0,0,0
2025.05.02,01:30,01:45,Hirsch,0,0,0
2025.05.02,01:45,02:00,Hirsch,2,1,3
2025.05.02,02:00,02:15,Hirsch,0,0,0
2025.05.02,02:15,02:30,Hirsch,1,0,1
2025.05.02,02:30,02:45,Hirsch,0,0,0
2025.05.02,02:45,03:00,Hirsch,0,0,0
2025.05.02,03:00,03:15,Hirsch,0,0,0
2025.05.02,03:15,03:30,Hirsch,0,0,0
2025.05.02,03:30,03:45,Hirsch,0,0,0
2025.05.02,03:45,04:00,Hirsch,0,0,0
2025.05.02,04:00,04:15,Hirsch,0,0,0
2025.05.02,04:15,04:30,Hirsch,0,0,0
2025.05.02,04:30,04:45,Hirsch,0,0,0
2025.05.02,04:45,05:00,Hirsch,0,1,1
2025.05.02,05:00,05:15,Hirsch,0,1,1
2025.05.02,05:15,05:30,Hirsch,0,0,0
2025.05.02,05:30,05:45,Hirsch,0,4,4
2025.05.02,05:45,06:00,Hirsch,0,4,4
2025.05.02,06:00,06:15,Hirsch,0,4,4
2025.05.02,06:15,06:30,Hirsch,2,8,10
2025.05.02,06:30,06:45,Hirsch,4,13,17
2025.05.02,06:45,07:00,Hirsch,3,13,16
2025.05.02,07:00,07:15,Hirsch,5,23,28
2025.05.02,07:15,07:30,Hirsch,3,29,32
2025.05.02,07:30,07:45,Hirsch,8,39,47
2025.05.02,07:45,08:00,Hirsch,6,45,51
2025.05.02,08:00,08:15,Hirsch,15,68,83
2025.05.02,08:15,08:30,Hirsch,5,39,44
2025.05.02,08:30,08:45,Hirsch,6,43,49
2025.05.02,08:45,09:00,Hirsch,11,35,46
2025.05.02,09:00,09:15,Hirsch,4,22,26
2025.05.02,09:15,09:30,Hirsch,7,23,30
2025.05.02,09:30,09:45,Hirsch,3,28,31
2025.05.02,09:45,10:00,Hirsch,13,17,30
2025.05.02,10:00,10:15,Hirsch,8,15,23
2025.05.02,10:15,10:30,Hirsch,8,20,28
2025.05.02,10:30,10:45,Hirsch,9,16,25
2025.05.02,10:45,11:00,Hirsch,13,21,34
2025.05.02,11:00,11:15,Hirsch,12,10,22
2025.05.02,11:15,11:30,Hirsch,10,19,29
2025.05.02,11:30,11:45,Hirsch,13,21,34
2025.05.02,11:45,12:00,Hirsch,19,10,29
2025.05.02,12:00,12:15,Hirsch,7,6,13
2025.05.02,12:15,12:30,Hirsch,18,18,36
2025.05.02,12:30,12:45,Hirsch,12,10,22
2025.05.02,12:45,13:00,Hirsch,25,9,34
2025.05.02,13:00,13:15,Hirsch,26,15,41
2025.05.02,13:15,13:30,Hirsch,19,16,35
2025.05.02,13:30,13:45,Hirsch,18,21,39
2025.05.02,13:45,14:00,Hirsch,21,14,35
2025.05.02,14:00,14:15,Hirsch,15,13,28
2025.05.02,14:15,14:30,Hirsch,24,11,35
2025.05.02,14:30,14:45,Hirsch,23,14,37
2025.05.02,14:45,15:00,Hirsch,30,11,41
2025.05.02,15:00,15:15,Hirsch,31,15,46
2025.05.02,15:15,15:30,Hirsch,22,14,36
2025.05.02,15:30,15:45,Hirsch,27,17,44
2025.05.02,15:45,16:00,Hirsch,24,7,31
2025.05.02,16:00,16:15,Hirsch,30,12,42
2025.05.02,16:15,16:30,Hirsch,27,19,46
2025.05.02,16:30,16:45,Hirsch,25,21,46
2025.05.02,16:45,17:00,Hirsch,32,24,56
2025.05.02,17:00,17:15,Hirsch,34,24,58
2025.05.02,17:15,17:30,Hirsch,22,20,42
2025.05.02,17:30,17:45,Hirsch,38,17,55
2025.05.02,17:45,18:00,Hirsch,40,11,51
2025.05.02,18:00,18:15,Hirsch,30,20,50
2025.05.02,18:15,18:30,Hirsch,24,17,41
2025.05.02,18:30,18:45,Hirsch,19,24,43
2025.05.02,18:45,19:00,Hirsch,27,17,44
2025.05.02,19:00,19:15,Hirsch,19,11,30
2025.05.02,19:15,19:30,Hirsch,17,13,30
2025.05.02,19:30,19:45,Hirsch,5,12,17
2025.05.02,19:45,20:00,Hirsch,18,10,28
2025.05.02,20:00,20:15,Hirsch,18,8,26
2025.05.02,20:15,20:30,Hirsch,10,4,14
2025.05.02,20:30,20:45,Hirsch,15,7,22
2025.05.02,20:45,21:00,Hirsch,11,6,17
2025.05.02,21:00,21:15,Hirsch,9,8,17
2025.05.02,21:15,21:30,Hirsch,16,6,22
2025.05.02,21:30,21:45,Hirsch,9,2,11
2025.05.02,21:45,22:00,Hirsch,5,4,9
2025.05.02,22:00,22:15,Hirsch,5,5,10
2025.05.02,22:15,22:30,Hirsch,17,7,24
2025.05.02,22:30,22:45,Hirsch,8,4,12
2025.05.02,22:45,23:00,Hirsch,6,0,6
2025.05.02,23:00,23:15,Hirsch,8,0,8
2025.05.02,23:15,23:30,Hirsch,7,2,9
2025.05.02,23:30,23:45,Hirsch,9,0,9
2025.05.02,23:45,00:00,Hirsch,6,1,7
2025.05.03,00:00,00:15,Hirsch,3,1,4
2025.05.03,00:15,00:30,Hirsch,4,3,7
2025.05.03,00:30,00:45,Hirsch,1,3,4
2025.05.03,00:45,01:00,Hirsch,1,0,1
2025.05.03,01:00,01:15,Hirsch,1,0,1
2025.05.03,01:15,01:30,Hirsch,3,1,4
2025.05.03,01:30,01:45,Hirsch,1,0,1
2025.05.03,01:45,02:00,Hirsch,2,0,2
2025.05.03,02:00,02:15,Hirsch,1,0,1
2025.05.03,02:15,02:30,Hirsch,1,0,1
2025.05.03,02:30,02:45,Hirsch,0,0,0
2025.05.03,02:45,03:00,Hirsch,0,0,0
2025.05.03,03:00,03:15,Hirsch,0,0,0
2025.05.03,03:15,03:30,Hirsch,1,0,1
2025.05.03,03:30,03:45,Hirsch,1,0,1
2025.05.03,03:45,04:00,Hirsch,1,0,1
2025.05.03,04:00,04:15,Hirsch,0,0,0
2025.05.03,04:15,04:30,Hirsch,0,0,0
2025.05.03,04:30,04:45,Hirsch,0,0,0
2025.05.03,04:45,05:00,Hirsch,0,0,0
2025.05.03,05:00,05:15,Hirsch,0,0,0
2025.05.03,05:15,05:30,Hirsch,0,2,2
2025.05.03,05:30,05:45,Hirsch,1,1,2
2025.05.03,05:45,06:00,Hirsch,0,2,2
2025.05.03,06:00,06:15,Hirsch,0,1,1
2025.05.03,06:15,06:30,Hirsch,1,0,1
2025.05.03,06:30,06:45,Hirsch,1,1,2
2025.05.03,06:45,07:00,Hirsch,0,4,4
2025.05.03,07:00,07:15,Hirsch,0,2,2
2025.05.03,07:15,07:30,Hirsch,3,2,5
2025.05.03,07:30,07:45,Hirsch,4,1,5
2025.05.03,07:45,08:00,Hirsch,2,2,4
2025.05.03,08:00,08:15,Hirsch,3,4,7
2025.05.03,08:15,08:30,Hirsch,1,5,6
2025.05.03,08:30,08:45,Hirsch,1,4,5
2025.05.03,08:45,09:00,Hirsch,5,4,9
2025.05.03,09:00,09:15,Hirsch,3,9,12
2025.05.03,09:15,09:30,Hirsch,2,13,15
2025.05.03,09:30,09:45,Hirsch,5,16,21
2025.05.03,09:45,10:00,Hirsch,6,10,16
2025.05.03,10:00,10:15,Hirsch,12,11,23
2025.05.03,10:15,10:30,Hirsch,12,13,25
2025.05.03,10:30,10:45,Hirsch,10,8,18
2025.05.03,10:45,11:00,Hirsch,14,9,23
2025.05.03,11:00,11:15,Hirsch,5,14,19
2025.05.03,11:15,11:30,Hirsch,8,7,15
2025.05.03,11:30,11:45,Hirsch,4,15,19
2025.05.03,11:45,12:00,Hirsch,5,4,9
2025.05.03,12:00,12:15,Hirsch,10,6,16
2025.05.03,12:15,12:30,Hirsch,9,5,14
2025.05.03,12:30,12:45,Hirsch,8,13,21
2025.05.03,12:45,13:00,Hirsch,2,5,7
2025.05.03,13:00,13:15,Hirsch,7,9,16
2025.05.03,13:15,13:30,Hirsch,15,10,25
2025.05.03,13:30,13:45,Hirsch,11,9,20
2025.05.03,13:45,14:00,Hirsch,12,15,27
2025.05.03,14:00,14:15,Hirsch,11,16,27
2025.05.03,14:15,14:30,Hirsch,9,9,18
2025.05.03,14:30,14:45,Hirsch,10,18,28
2025.05.03,14:45,15:00,Hirsch,9,10,19
2025.05.03,15:00,15:15,Hirsch,5,6,11
2025.05.03,15:15,15:30,Hirsch,22,7,29
2025.05.03,15:30,15:45,Hirsch,12,10,22
2025.05.03,15:45,16:00,Hirsch,22,7,29
2025.05.03,16:00,16:15,Hirsch,12,7,19
2025.05.03,16:15,16:30,Hirsch,14,12,26
2025.05.03,16:30,16:45,Hirsch,10,19,29
2025.05.03,16:45,17:00,Hirsch,12,10,22
2025.05.03,17:00,17:15,Hirsch,6,11,17
2025.05.03,17:15,17:30,Hirsch,20,15,35
2025.05.03,17:30,17:45,Hirsch,6,8,14
2025.05.03,17:45,18:00,Hirsch,9,3,12
2025.05.03,18:00,18:15,Hirsch,9,7,16
2025.05.03,18:15,18:30,Hirsch,14,6,20
2025.05.03,18:30,18:45,Hirsch,9,6,15
2025.05.03,18:45,19:00,Hirsch,11,10,21
2025.05.03,19:00,19:15,Hirsch,13,12,25
2025.05.03,19:15,19:30,Hirsch,11,11,22
2025.05.03,19:30,19:45,Hirsch,9,9,18
2025.05.03,19:45,20:00,Hirsch,3,8,11
2025.05.03,20:00,20:15,Hirsch,5,8,13
2025.05.03,20:15,20:30,Hirsch,4,5,9
2025.05.03,20:30,20:45,Hirsch,5,1,6
2025.05.03,20:45,21:00,Hirsch,10,6,16
2025.05.03,21:00,21:15,Hirsch,3,2,5
2025.05.03,21:15,21:30,Hirsch,3,6,9
2025.05.03,21:30,21:45,Hirsch,2,3,5
2025.05.03,21:45,22:00,Hirsch,4,1,5
2025.05.03,22:00,22:15,Hirsch,2,0,2
2025.05.03,22:15,22:30,Hirsch,3,0,3
2025.05.03,22:30,22:45,Hirsch,3,0,3
2025.05.03,22:45,23:00,Hirsch,9,2,11
2025.05.03,23:00,23:15,Hirsch,6,2,8
2025.05.03,23:15,23:30,Hirsch,3,2,5
2025.05.03,23:30,23:45,Hirsch,4,1,5
2025.05.03,23:45,00:00,Hirsch,5,1,6
2025.05.04,00:00,00:15,Hirsch,2,0,2
2025.05.04,00:15,00:30,Hirsch,2,0,2
2025.05.04,00:30,00:45,Hirsch,1,1,2
2025.05.04,00:45,01:00,Hirsch,3,0,3
2025.05.04,01:00,01:15,Hirsch,1,0,1
2025.05.04,01:15,01:30,Hirsch,0,1,1
2025.05.04,01:30,01:45,Hirsch,0,0,0
2025.05.04,01:45,02:00,Hirsch,1,0,1
2025.05.04,02:00,02:15,Hirsch,1,0,1
2025.05.04,02:15,02:30,Hirsch,1,0,1
2025.05.04,02:30,02:45,Hirsch,0,0,0
2025.05.04,02:45,03:00,Hirsch,0,0,0
2025.05.04,03:00,03:15,Hirsch,0,0,0
2025.05.04,03:15,03:30,Hirsch,0,0,0
2025.05.04,03:30,03:45,Hirsch,0,0,0
2025.05.04,03:45,04:00,Hirsch,0,0,0
2025.05.04,04:00,04:15,Hirsch,0,0,0
2025.05.04,04:15,04:30,Hirsch,0,1,1
2025.05.04,04:30,04:45,Hirsch,0,0,0
2025.05.04,04:45,05:00,Hirsch,0,0,0
2025.05.04,05:00,05:15,Hirsch,0,0,0
2025.05.04,05:15,05:30,Hirsch,0,2,2
2025.05.04,05:30,05:45,Hirsch,0,0,0
2025.05.04,05:45,06:00,Hirsch,1,0,1
2025.05.04,06:00,06:15,Hirsch,1,0,1
2025.05.04,06:15,06:30,Hirsch,0,0,0
2025.05.04,06:30,06:45,Hirsch,0,1,1
2025.05.04,06:45,07:00,Hirsch,0,0,0
2025.05.04,07:00,07:15,Hirsch,0,0,0
2025.05.04,07:15,07:30,Hirsch,1,0,1
2025.05.04,07:30,07:45,Hirsch,0,1,1
2025.05.04,07:45,08:00,Hirsch,1,0,1
2025.05.04,08:00,08:15,Hirsch,4,1,5
2025.05.04,08:15,08:30,Hirsch,1,0,1
2025.05.04,08:30,08:45,Hirsch,0,3,3
2025.05.04,08:45,09:00,Hirsch,1,2,3
2025.05.04,09:00,09:15,Hirsch,0,4,4
2025.05.04,09:15,09:30,Hirsch,0,3,3
2025.05.04,09:30,09:45,Hirsch,0,4,4
2025.05.04,09:45,10:00,Hirsch,1,1,2
2025.05.04,10:00,10:15,Hirsch,2,2,4
2025.05.04,10:15,10:30,Hirsch,4,6,10
2025.05.04,10:30,10:45,Hirsch,3,1,4
2025.05.04,10:45,11:00,Hirsch,1,3,4
2025.05.04,11:00,11:15,Hirsch,3,0,3
2025.05.04,11:15,11:30,Hirsch,0,0,0
2025.05.04,11:30,11:45,Hirsch,1,4,5
2025.05.04,11:45,12:00,Hirsch,2,4,6
2025.05.04,12:00,12:15,Hirsch,3,1,4
2025.05.04,12:15,12:30,Hirsch,6,2,8
2025.05.04,12:30,12:45,Hirsch,4,7,11
2025.05.04,12:45,13:00,Hirsch,8,0,8
2025.05.04,13:00,13:15,Hirsch,8,3,11
2025.05.04,13:15,13:30,Hirsch,1,14,15
2025.05.04,13:30,13:45,Hirsch,2,12,14
2025.05.04,13:45,14:00,Hirsch,5,7,12
2025.05.04,14:00,14:15,Hirsch,6,2,8
2025.05.04,14:15,14:30,Hirsch,2,0,2
2025.05.04,14:30,14:45,Hirsch,1,3,4
2025.05.04,14:45,15:00,Hirsch,5,10,15
2025.05.04,15:00,15:15,Hirsch,7,6,13
2025.05.04,15:15,15:30,Hirsch,6,3,9
2025.05.04,15:30,15:45,Hirsch,6,1,7
2025.05.04,15:45,16:00,Hirsch,5,5,10
2025.05.04,16:00,16:15,Hirsch,4,3,7
2025.05.04,16:15,16:30,Hirsch,4,3,7
2025.05.04,16:30,16:45,Hirsch,4,9,13
2025.05.04,16:45,17:00,Hirsch,5,3,8
2025.05.04,17:00,17:15,Hirsch,1,5,6
2025.05.04,17:15,17:30,Hirsch,10,3,13
2025.05.04,17:30,17:45,Hirsch,4,4,8
2025.05.04,17:45,18:00,Hirsch,7,2,9
2025.05.04,18:00,18:15,Hirsch,6,3,9
2025.05.04,18:15,18:30,Hirsch,1,3,4
2025.05.04,18:30,18:45,Hirsch,3,0,3
2025.05.04,18:45,19:00,Hirsch,2,2,4
2025.05.04,19:00,19:15,Hirsch,5,1,6
2025.05.04,19:15,19:30,Hirsch,2,1,3
2025.05.04,19:30,19:45,Hirsch,3,0,3
2025.05.04,19:45,20:00,Hirsch,2,1,3
2025.05.04,20:00,20:15,Hirsch,1,1,2
2025.05.04,20:15,20:30,Hirsch,0,0,0
2025.05.04,20:30,20:45,Hirsch,0,1,1
2025.05.04,20:45,21:00,Hirsch,0,1,1
2025.05.04,21:00,21:15,Hirsch,1,1,2
2025.05.04,21:15,21:30,Hirsch,2,0,2
2025.05.04,21:30,21:45,Hirsch,0,0,0
2025.05.04,21:45,22:00,Hirsch,0,0,0
2025.05.04,22:00,22:15,Hirsch,2,1,3
2025.05.04,22:15,22:30,Hirsch,1,2,3
2025.05.04,22:30,22:45,Hirsch,4,0,4
2025.05.04,22:45,23:00,Hirsch,1,0,1
2025.05.04,23:00,23:15,Hirsch,0,0,0
2025.05.04,23:15,23:30,Hirsch,0,0,0
2025.05.04,23:30,23:45,Hirsch,1,0,1
2025.05.04,23:45,00:00,Hirsch,1,0,1
2025.05.05,00:00,00:15,Hirsch,0,0,0
2025.05.05,00:15,00:30,Hirsch,0,0,0
2025.05.05,00:30,00:45,Hirsch,1,0,1
2025.05.05,00:45,01:00,Hirsch,0,0,0
2025.05.05,01:00,01:15,Hirsch,0,0,0
2025.05.05,01:15,01:30,Hirsch,0,0,0
2025.05.05,01:30,01:45,Hirsch,0,0,0
2025.05.05,01:45,02:00,Hirsch,0,0,0
2025.05.05,02:00,02:15,Hirsch,0,0,0
2025.05.05,02:15,02:30,Hirsch,0,0,0
2025.05.05,02:30,02:45,Hirsch,0,0,0
2025.05.05,02:45,03:00,Hirsch,0,0,0
2025.05.05,03:00,03:15,Hirsch,0,0,0
2025.05.05,03:15,03:30,Hirsch,0,0,0
2025.05.05,03:30,03:45,Hirsch,0,0,0
2025.05.05,03:45,04:00,Hirsch,0,0,0
2025.05.05,04:00,04:15,Hirsch,0,0,0
2025.05.05,04:15,04:30,Hirsch,0,0,0
2025.05.05,04:30,04:45,Hirsch,0,0,0
2025.05.05,04:45,05:00,Hirsch,0,0,0
2025.05.05,05:00,05:15,Hirsch,1,2,3
2025.05.05,05:15,05:30,Hirsch,0,2,2
2025.05.05,05:30,05:45,Hirsch,1,2,3
2025.05.05,05:45,06:00,Hirsch,1,3,4
2025.05.05,06:00,06:15,Hirsch,0,1,1
2025.05.05,06:15,06:30,Hirsch,1,5,6
2025.05.05,06:30,06:45,Hirsch,0,5,5
2025.05.05,06:45,07:00,Hirsch,2,6,8
2025.05.05,07:00,07:15,Hirsch,2,9,11
2025.05.05,07:15,07:30,Hirsch,4,12,16
2025.05.05,07:30,07:45,Hirsch,4,13,17
2025.05.05,07:45,08:00,Hirsch,5,23,28
2025.05.05,08:00,08:15,Hirsch,2,25,27
2025.05.05,08:15,08:30,Hirsch,4,31,35
2025.05.05,08:30,08:45,Hirsch,5,38,43
2025.05.05,08:45,09:00,Hirsch,4,19,23
2025.05.05,09:00,09:15,Hirsch,3,12,15
2025.05.05,09:15,09:30,Hirsch,3,10,13
2025.05.05,09:30,09:45,Hirsch,3,8,11
2025.05.05,09:45,10:00,Hirsch,1,7,8
2025.05.05,10:00,10:15,Hirsch,1,1,2
2025.05.05,10:15,10:30,Hirsch,2,3,5
2025.05.05,10:30,10:45,Hirsch,1,2,3
2025.05.05,10:45,11:00,Hirsch,0,1,1
2025.05.05,11:00,11:15,Hirsch,1,2,3
2025.05.05,11:15,11:30,Hirsch,0,7,7
2025.05.05,11:30,11:45,Hirsch,3,2,5
2025.05.05,11:45,12:00,Hirsch,0,1,1
2025.05.05,12:00,12:15,Hirsch,2,3,5
2025.05.05,12:15,12:30,Hirsch,2,1,3
2025.05.05,12:30,12:45,Hirsch,3,1,4
2025.05.05,12:45,13:00,Hirsch,1,2,3
2025.05.05,13:00,13:15,Hirsch,1,1,2
2025.05.05,13:15,13:30,Hirsch,3,2,5
2025.05.05,13:30,13:45,Hirsch,6,1,7
2025.05.05,13:45,14:00,Hirsch,3,5,8
2025.05.05,14:00,14:15,Hirsch,4,0,4
2025.05.05,14:15,14:30,Hirsch,10,4,14
2025.05.05,14:30,14:45,Hirsch,8,1,9
2025.05.05,14:45,15:00,Hirsch,2,2,4
2025.05.05,15:00,15:15,Hirsch,7,3,10
2025.05.05,15:15,15:30,Hirsch,8,2,10
2025.05.05,15:30,15:45,Hirsch,10,0,10
2025.05.05,15:45,16:00,Hirsch,8,5,13
2025.05.05,16:00,16:15,Hirsch,6,10,16
2025.05.05,16:15,16:30,Hirsch,5,4,9
2025.05.05,16:30,16:45,Hirsch,10,6,16
2025.05.05,16:45,17:00,Hirsch,12,2,14
2025.05.05,17:00,17:15,Hirsch,13,7,20
2025.05.05,17:15,17:30,Hirsch,13,4,17
2025.05.05,17:30,17:45,Hirsch,13,3,16
2025.05.05,17:45,18:00,Hirsch,13,4,17
2025.05.05,18:00,18:15,Hirsch,17,7,24
2025.05.05,18:15,18:30,Hirsch,15,3,18
2025.05.05,18:30,18:45,Hirsch,19,2,21
2025.05.05,18:45,19:00,Hirsch,9,2,11
2025.05.05,19:00,19:15,Hirsch,11,0,11
2025.05.05,19:15,19:30,Hirsch,7,2,9
2025.05.05,19:30,19:45,Hirsch,5,2,7
2025.05.05,19:45,20:00,Hirsch,9,2,11
2025.05.05,20:00,20:15,Hirsch,5,0,5
2025.05.05,20:15,20:30,Hirsch,5,1,6
2025.05.05,20:30,20:45,Hirsch,3,2,5
2025.05.05,20:45,21:00,Hirsch,1,5,6
2025.05.05,21:00,21:15,Hirsch,1,0,1
2025.05.05,21:15,21:30,Hirsch,1,0,1
2025.05.05,21:30,21:45,Hirsch,2,0,2
2025.05.05,21:45,22:00,Hirsch,2,1,3
2025.05.05,22:00,22:15,Hirsch,2,0,2
2025.05.05,22:15,22:30,Hirsch,3,3,6
2025.05.05,22:30,22:45,Hirsch,1,0,1
2025.05.05,22:45,23:00,Hirsch,3,0,3
2025.05.05,23:00,23:15,Hirsch,0,0,0
2025.05.05,23:15,23:30,Hirsch,2,0,2
2025.05.05,23:30,23:45,Hirsch,0,0,0
2025.05.05,23:45,00:00,Hirsch,2,0,2
2025.05.06,00:00,00:15,Hirsch,0,0,0
2025.05.06,00:15,00:30,Hirsch,1,0,1
2025.05.06,00:30,00:45,Hirsch,2,0,2
2025.05.06,00:45,01:00,Hirsch,0,0,0
2025.05.06,01:00,01:15,Hirsch,0,1,1
2025.05.06,01:15,01:30,Hirsch,1,0,1
2025.05.06,01:30,01:45,Hirsch,0,0,0
2025.05.06,01:45,02:00,Hirsch,0,0,0
2025.05.06,02:00,02:15,Hirsch,1,0,1
2025.05.06,02:15,02:30,Hirsch,0,0,0
2025.05.06,02:30,02:45,Hirsch,0,0,0
2025.05.06,02:45,03:00,Hirsch,0,0,0
2025.05.06,03:00,03:15,Hirsch,0,0,0
2025.05.06,03:15,03:30,Hirsch,1,0,1
2025.05.06,03:30,03:45,Hirsch,0,0,0
2025.05.06,03:45,04:00,Hirsch,0,0,0
2025.05.06,04:00,04:15,Hirsch,0,0,0
2025.05.06,04:15,04:30,Hirsch,0,0,0
2025.05.06,04:30,04:45,Hirsch,0,0,0
2025.05.06,04:45,05:00,Hirsch,0,0,0
2025.05.06,05:00,05:15,Hirsch,1,2,3
2025.05.06,05:15,05:30,Hirsch,0,0,0
2025.05.06,05:30,05:45,Hirsch,0,3,3
2025.05.06,05:45,06:00,Hirsch,0,6,6
2025.05.06,06:00,06:15,Hirsch,1,8,9
2025.05.06,06:15,06:30,Hirsch,1,9,10
2025.05.06,06:30,06:45,Hirsch,1,9,10
2025.05.06,06:45,07:00,Hirsch,4,17,21
2025.05.06,07:00,07:15,Hirsch,3,21,24
2025.05.06,07:15,07:30,Hirsch,5,25,30
2025.05.06,07:30,07:45,Hirsch,10,40,50
2025.05.06,07:45,08:00,Hirsch,10,52,62
2025.05.06,08:00,08:15,Hirsch,4,56,60
2025.05.06,08:15,08:30,Hirsch,3,59,62
2025.05.06,08:30,08:45,Hirsch,12,61,73
2025.05.06,08:45,09:00,Hirsch,5,38,43
2025.05.06,09:00,09:15,Hirsch,3,26,29
2025.05.06,09:15,09:30,Hirsch,6,25,31
2025.05.06,09:30,09:45,Hirsch,5,20,25
2025.05.06,09:45,10:00,Hirsch,5,14,19
2025.05.06,10:00,10:15,Hirsch,8,7,15
2025.05.06,10:15,10:30,Hirsch,1,11,12
2025.05.06,10:30,10:45,Hirsch,4,2,6
2025.05.06,10:45,11:00,Hirsch,1,9,10
2025.05.06,11:00,11:15,Hirsch,1,3,4
2025.05.06,11:15,11:30,Hirsch,3,7,10
2025.05.06,11:30,11:45,Hirsch,2,9,11
2025.05.06,11:45,12:00,Hirsch,4,2,6
2025.05.06,12:00,12:15,Hirsch,2,8,10
2025.05.06,12:15,12:30,Hirsch,2,4,6
2025.05.06,12:30,12:45,Hirsch,5,4,9
2025.05.06,12:45,13:00,Hirsch,9,8,17
2025.05.06,13:00,13:15,Hirsch,6,5,11
2025.05.06,13:15,13:30,Hirsch,9,6,15
2025.05.06,13:30,13:45,Hirsch,13,12,25
2025.05.06,13:45,14:00,Hirsch,13,8,21
2025.05.06,14:00,14:15,Hirsch,6,10,16
2025.05.06,14:15,14:30,Hirsch,17,5,22
2025.05.06,14:30,14:45,Hirsch,15,6,21
2025.05.06,14:45,15:00,Hirsch,10,8,18
2025.05.06,15:00,15:15,Hirsch,17,5,22
2025.05.06,15:15,15:30,Hirsch,19,8,27
2025.05.06,15:30,15:45,Hirsch,14,5,19
2025.05.06,15:45,16:00,Hirsch,15,5,20
2025.05.06,16:00,16:15,Hirsch,18,6,24
2025.05.06,16:15,16:30,Hirsch,20,9,29
2025.05.06,16:30,16:45,Hirsch,22,9,31
2025.05.06,16:45,17:00,Hirsch,21,7,28
2025.05.06,17:00,17:15,Hirsch,29,4,33
2025.05.06,17:15,17:30,Hirsch,31,8,39
2025.05.06,17:30,17:45,Hirsch,32,8,40
2025.05.06,17:45,18:00,Hirsch,31,12,43
2025.05.06,18:00,18:15,Hirsch,36,11,47
2025.05.06,18:15,18:30,Hirsch,37,9,46
2025.05.06,18:30,18:45,Hirsch,28,9,37
2025.05.06,18:45,19:00,Hirsch,23,11,34
2025.05.06,19:00,19:15,Hirsch,16,10,26
2025.05.06,19:15,19:30,Hirsch,12,3,15
2025.05.06,19:30,19:45,Hirsch,17,6,23
2025.05.06,19:45,20:00,Hirsch,9,6,15
2025.05.06,20:00,20:15,Hirsch,11,4,15
2025.05.06,20:15,20:30,Hirsch,15,6,21
2025.05.06,20:30,20:45,Hirsch,6,9,15
2025.05.06,20:45,21:00,Hirsch,6,1,7
2025.05.06,21:00,21:15,Hirsch,10,0,10
2025.05.06,21:15,21:30,Hirsch,7,4,11
2025.05.06,21:30,21:45,Hirsch,4,2,6
2025.05.06,21:45,22:00,Hirsch,7,1,8
2025.05.06,22:00,22:15,Hirsch,8,0,8
2025.05.06,22:15,22:30,Hirsch,5,2,7
2025.05.06,22:30,22:45,Hirsch,3,1,4
2025.05.06,22:45,23:00,Hirsch,6,0,6
2025.05.06,23:00,23:15,Hirsch,5,2,7
2025.05.06,23:15,23:30,Hirsch,4,1,5
2025.05.06,23:30,23:45,Hirsch,1,1,2
2025.05.06,23:45,00:00,Hirsch,1,0,1
2025.05.07,00:00,00:15,Hirsch,2,0,2
2025.05.07,00:15,00:30,Hirsch,4,0,4
2025.05.07,00:30,00:45,Hirsch,1,0,1
2025.05.07,00:45,01:00,Hirsch,1,0,1
2025.05.07,01:00,01:15,Hirsch,0,0,0
2025.05.07,01:15,01:30,Hirsch,0,0,0
2025.05.07,01:30,01:45,Hirsch,3,0,3
2025.05.07,01:45,02:00,Hirsch,0,0,0
2025.05.07,02:00,02:15,Hirsch,0,0,0
2025.05.07,02:15,02:30,Hirsch,0,0,0
2025.05.07,02:30,02:45,Hirsch,0,0,0
2025.05.07,02:45,03:00,Hirsch,1,0,1
2025.05.07,03:00,03:15,Hirsch,0,0,0
2025.05.07,03:15,03:30,Hirsch,0,0,0
2025.05.07,03:30,03:45,Hirsch,0,0,0
2025.05.07,03:45,04:00,Hirsch,0,0,0
2025.05.07,04:00,04:15,Hirsch,0,0,0
2025.05.07,04:15,04:30,Hirsch,0,1,1
2025.05.07,04:30,04:45,Hirsch,0,1,1
2025.05.07,04:45,05:00,Hirsch,0,0,0
2025.05.07,05:00,05:15,Hirsch,1,2,3
2025.05.07,05:15,05:30,Hirsch,0,0,0
2025.05.07,05:30,05:45,Hirsch,1,4,5
2025.05.07,05:45,06:00,Hirsch,1,11,12
2025.05.07,06:00,06:15,Hirsch,1,9,10
2025.05.07,06:15,06:30,Hirsch,1,11,12
2025.05.07,06:30,06:45,Hirsch,0,12,12
2025.05.07,06:45,07:00,Hirsch,7,22,29
2025.05.07,07:00,07:15,Hirsch,4,38,42
2025.05.07,07:15,07:30,Hirsch,9,34,43
2025.05.07,07:30,07:45,Hirsch,10,70,80
2025.05.07,07:45,08:00,Hirsch,11,69,80
2025.05.07,08:00,08:15,Hirsch,11,79,90
2025.05.07,08:15,08:30,Hirsch,11,81,92
2025.05.07,08:30,08:45,Hirsch,11,85,96
2025.05.07,08:45,09:00,Hirsch,9,58,67
2025.05.07,09:00,09:15,Hirsch,5,49,54
2025.05.07,09:15,09:30,Hirsch,5,28,33
2025.05.07,09:30,09:45,Hirsch,4,24,28
2025.05.07,09:45,10:00,Hirsch,5,13,18
2025.05.07,10:00,10:15,Hirsch,2,11,13
2025.05.07,10:15,10:30,Hirsch,8,12,20
2025.05.07,10:30,10:45,Hirsch,7,5,12
2025.05.07,10:45,11:00,Hirsch,5,15,20
2025.05.07,11:00,11:15,Hirsch,5,10,15
2025.05.07,11:15,11:30,Hirsch,4,10,14
2025.05.07,11:30,11:45,Hirsch,4,9,13
2025.05.07,11:45,12:00,Hirsch,9,9,18
2025.05.07,12:00,12:15,Hirsch,8,9,17
2025.05.07,12:15,12:30,Hirsch,13,2,15
2025.05.07,12:30,12:45,Hirsch,7,5,12
2025.05.07,12:45,13:00,Hirsch,8,4,12
2025.05.07,13:00,13:15,Hirsch,5,7,12
2025.05.07,13:15,13:30,Hirsch,14,6,20
2025.05.07,13:30,13:45,Hirsch,9,8,17
2025.05.07,13:45,14:00,Hirsch,19,4,23
2025.05.07,14:00,14:15,Hirsch,18,4,22
2025.05.07,14:15,14:30,Hirsch,23,7,30
2025.05.07,14:30,14:45,Hirsch,9,5,14
2025.05.07,14:45,15:00,Hirsch,18,8,26
2025.05.07,15:00,15:15,Hirsch,24,10,34
2025.05.07,15:15,15:30,Hirsch,19,12,31
2025.05.07,15:30,15:45,Hirsch,23,10,33
2025.05.07,15:45,16:00,Hirsch,27,10,37
2025.05.07,16:00,16:15,Hirsch,32,10,42
2025.05.07,16:15,16:30,Hirsch,28,15,43
2025.05.07,16:30,16:45,Hirsch,26,13,39
2025.05.07,16:45,17:00,Hirsch,39,8,47
2025.05.07,17:00,17:15,Hirsch,31,6,37
2025.05.07,17:15,17:30,Hirsch,57,11,68
2025.05.07,17:30,17:45,Hirsch,45,19,64
2025.05.07,17:45,18:00,Hirsch,44,15,59
2025.05.07,18:00,18:15,Hirsch,47,19,66
2025.05.07,18:15,18:30,Hirsch,39,12,51
2025.05.07,18:30,18:45,Hirsch,42,12,54
2025.05.07,18:45,19:00,Hirsch,36,13,49
2025.05.07,19:00,19:15,Hirsch,24,13,37
2025.05.07,19:15,19:30,Hirsch,30,14,44
2025.05.07,19:30,19:45,Hirsch,22,7,29
2025.05.07,19:45,20:00,Hirsch,20,1,21
2025.05.07,20:00,20:15,Hirsch,18,4,22
2025.05.07,20:15,20:30,Hirsch,13,2,15
2025.05.07,20:30,20:45,Hirsch,9,4,13
2025.05.07,20:45,21:00,Hirsch,16,4,20
2025.05.07,21:00,21:15,Hirsch,8,3,11
2025.05.07,21:15,21:30,Hirsch,7,1,8
2025.05.07,21:30,21:45,Hirsch,5,6,11
2025.05.07,21:45,22:00,Hirsch,4,3,7
2025.05.07,22:00,22:15,Hirsch,6,2,8
2025.05.07,22:15,22:30,Hirsch,8,6,14
2025.05.07,22:30,22:45,Hirsch,8,3,11
2025.05.07,22:45,23:00,Hirsch,5,0,5
2025.05.07,23:00,23:15,Hirsch,8,0,8
2025.05.07,23:15,23:30,Hirsch,2,1,3
2025.05.07,23:30,23:45,Hirsch,5,1,6
2025.05.07,23:45,00:00,Hirsch,2,0,2
2025.05.08,00:00,00:15,Hirsch,1,0,1
2025.05.08,00:15,00:30,Hirsch,6,1,7
2025.05.08,00:30,00:45,Hirsch,1,0,1
2025.05.08,00:45,01:00,Hirsch,2,0,2
2025.05.08,01:00,01:15,Hirsch,2,0,2
2025.05.08,01:15,01:30,Hirsch,0,0,0
2025.05.08,01:30,01:45,Hirsch,0,0,0
2025.05.08,01:45,02:00,Hirsch,0,0,0
2025.05.08,02:00,02:15,Hirsch,0,0,0
2025.05.08,02:15,02:30,Hirsch,0,0,0
2025.05.08,02:30,02:45,Hirsch,1,0,1
2025.05.08,02:45,03:00,Hirsch,0,0,0
2025.05.08,03:00,03:15,Hirsch,0,0,0
2025.05.08,03:15,03:30,Hirsch,0,0,0
2025.05.08,03:30,03:45,Hirsch,0,0,0
2025.05.08,03:45,04:00,Hirsch,0,0,0
2025.05.08,04:00,04:15,Hirsch,0,0,0
2025.05.08,04:15,04:30,Hirsch,0,1,1
2025.05.08,04:30,04:45,Hirsch,0,0,0
2025.05.08,04:45,05:00,Hirsch,0,1,1
2025.05.08,05:00,05:15,Hirsch,1,2,3
2025.05.08,05:15,05:30,Hirsch,1,3,4
2025.05.08,05:30,05:45,Hirsch,1,6,7
2025.05.08,05:45,06:00,Hirsch,0,4,4
2025.05.08,06:00,06:15,Hirsch,0,5,5
2025.05.08,06:15,06:30,Hirsch,3,11,14
2025.05.08,06:30,06:45,Hirsch,1,15,16
2025.05.08,06:45,07:00,Hirsch,4,22,26
2025.05.08,07:00,07:15,Hirsch,5,17,22
2025.05.08,07:15,07:30,Hirsch,5,35,40
2025.05.08,07:30,07:45,Hirsch,11,47,58
2025.05.08,07:45,08:00,Hirsch,9,57,66
2025.05.08,08:00,08:15,Hirsch,11,65,76
2025.05.08,08:15,08:30,Hirsch,11,75,86
2025.05.08,08:30,08:45,Hirsch,12,47,59
2025.05.08,08:45,09:00,Hirsch,4,40,44
2025.05.08,09:00,09:15,Hirsch,5,28,33
2025.05.08,09:15,09:30,Hirsch,5,30,35
2025.05.08,09:30,09:45,Hirsch,5,30,35
2025.05.08,09:45,10:00,Hirsch,6,20,26
2025.05.08,10:00,10:15,Hirsch,3,11,14
2025.05.08,10:15,10:30,Hirsch,5,8,13
2025.05.08,10:30,10:45,Hirsch,4,5,9
2025.05.08,10:45,11:00,Hirsch,6,4,10
2025.05.08,11:00,11:15,Hirsch,5,4,9
2025.05.08,11:15,11:30,Hirsch,3,5,8
2025.05.08,11:30,11:45,Hirsch,6,13,19
2025.05.08,11:45,12:00,Hirsch,9,6,15
2025.05.08,12:00,12:15,Hirsch,8,3,11
2025.05.08,12:15,12:30,Hirsch,2,12,14
2025.05.08,12:30,12:45,Hirsch,7,8,15
2025.05.08,12:45,13:00,Hirsch,12,8,20
2025.05.08,13:00,13:15,Hirsch,7,8,15
2025.05.08,13:15,13:30,Hirsch,17,14,31
2025.05.08,13:30,13:45,Hirsch,15,8,23
2025.05.08,13:45,14:00,Hirsch,8,4,12
2025.05.08,14:00,14:15,Hirsch,18,5,23
2025.05.08,14:15,14:30,Hirsch,8,7,15
2025.05.08,14:30,14:45,Hirsch,19,15,34
2025.05.08,14:45,15:00,Hirsch,7,3,10
2025.05.08,15:00,15:15,Hirsch,13,7,20
2025.05.08,15:15,15:30,Hirsch,27,6,33
2025.05.08,15:30,15:45,Hirsch,20,9,29
2025.05.08,15:45,16:00,Hirsch,19,3,22
2025.05.08,16:00,16:15,Hirsch,16,8,24
2025.05.08,16:15,16:30,Hirsch,25,16,41
2025.05.08,16:30,16:45,Hirsch,29,6,35
2025.05.08,16:45,17:00,Hirsch,29,11,40
2025.05.08,17:00,17:15,Hirsch,30,11,41
2025.05.08,17:15,17:30,Hirsch,32,13,45
2025.05.08,17:30,17:45,Hirsch,41,8,49
2025.05.08,17:45,18:00,Hirsch,40,8,48
2025.05.08,18:00,18:15,Hirsch,31,25,56
2025.05.08,18:15,18:30,Hirsch,32,24,56
2025.05.08,18:30,18:45,Hirsch,40,13,53
2025.05.08,18:45,19:00,Hirsch,39,15,54
2025.05.08,19:00,19:15,Hirsch,24,7,31
2025.05.08,19:15,19:30,Hirsch,19,3,22
2025.05.08,19:30,19:45,Hirsch,11,8,19
2025.05.08,19:45,20:00,Hirsch,15,8,23
2025.05.08,20:00,20:15,Hirsch,17,8,25
2025.05.08,20:15,20:30,Hirsch,4,2,6
2025.05.08,20:30,20:45,Hirsch,11,6,17
2025.05.08,20:45,21:00,Hirsch,13,0,13
2025.05.08,21:00,21:15,Hirsch,5,4,9
2025.05.08,21:15,21:30,Hirsch,12,4,16
2025.05.08,21:30,21:45,Hirsch,7,1,8
2025.05.08,21:45,22:00,Hirsch,12,2,14
2025.05.08,22:00,22:15,Hirsch,9,2,11
2025.05.08,22:15,22:30,Hirsch,4,5,9
2025.05.08,22:30,22:45,Hirsch,8,3,11
2025.05.08,22:45,23:00,Hirsch,7,1,8
2025.05.08,23:00,23:15,Hirsch,2,1,3
2025.05.08,23:15,23:30,Hirsch,2,1,3
2025.05.08,23:30,23:45,Hirsch,7,1,8
2025.05.08,23:45,00:00,Hirsch,4,0,4
2025.05.09,00:00,00:15,Hirsch,0,1,1
2025.05.09,00:15,00:30,Hirsch,2,0,2
2025.05.09,00:30,00:45,Hirsch,0,1,1
2025.05.09,00:45,01:00,Hirsch,1,0,1
2025.05.09,01:00,01:15,Hirsch,1,1,2
2025.05.09,01:15,01:30,Hirsch,0,0,0
2025.05.09,01:30,01:45,Hirsch,0,0,0
2025.05.09,01:45,02:00,Hirsch,0,0,0
2025.05.09,02:00,02:15,Hirsch,0,0,0
2025.05.09,02:15,02:30,Hirsch,0,0,0
2025.05.09,02:30,02:45,Hirsch,0,0,0
2025.05.09,02:45,03:00,Hirsch,0,0,0
2025.05.09,03:00,03:15,Hirsch,1,0,1
2025.05.09,03:15,03:30,Hirsch,0,0,0
2025.05.09,03:30,03:45,Hirsch,0,0,0
2025.05.09,03:45,04:00,Hirsch,0,0,0
2025.05.09,04:00,04:15,Hirsch,0,0,0
2025.05.09,04:15,04:30,Hirsch,0,0,0
2025.05.09,04:30,04:45,Hirsch,0,0,0
2025.05.09,04:45,05:00,Hirsch,0,0,0
2025.05.09,05:00,05:15,Hirsch,0,5,5
2025.05.09,05:15,05:30,Hirsch,3,1,4
2025.05.09,05:30,05:45,Hirsch,1,4,5
2025.05.09,05:45,06:00,Hirsch,0,3,3
2025.05.09,06:00,06:15,Hirsch,0,7,7
2025.05.09,06:15,06:30,Hirsch,3,10,13
2025.05.09,06:30,06:45,Hirsch,0,14,14
2025.05.09,06:45,07:00,Hirsch,3,21,24
2025.05.09,07:00,07:15,Hirsch,4,15,19
2025.05.09,07:15,07:30,Hirsch,9,28,37
2025.05.09,07:30,07:45,Hirsch,11,38,49
2025.05.09,07:45,08:00,Hirsch,8,59,67
2025.05.09,08:00,08:15,Hirsch,4,59,63
2025.05.09,08:15,08:30,Hirsch,9,63,72
2025.05.09,08:30,08:45,Hirsch,8,43,51
2025.05.09,08:45,09:00,Hirsch,10,39,49
2025.05.09,09:00,09:15,Hirsch,8,27,35
2025.05.09,09:15,09:30,Hirsch,5,21,26
2025.05.09,09:30,09:45,Hirsch,5,22,27
2025.05.09,09:45,10:00,Hirsch,7,18,25
2025.05.09,10:00,10:15,Hirsch,2,9,11
2025.05.09,10:15,10:30,Hirsch,5,10,15
2025.05.09,10:30,10:45,Hirsch,7,11,18
2025.05.09,10:45,11:00,Hirsch,7,12,19
2025.05.09,11:00,11:15,Hirsch,8,3,11
2025.05.09,11:15,11:30,Hirsch,11,6,17
2025.05.09,11:30,11:45,Hirsch,11,9,20
2025.05.09,11:45,12:00,Hirsch,12,5,17
2025.05.09,12:00,12:15,Hirsch,15,9,24
2025.05.09,12:15,12:30,Hirsch,12,9,21
2025.05.09,12:30,12:45,Hirsch,8,7,15
2025.05.09,12:45,13:00,Hirsch,10,5,15
2025.05.09,13:00,13:15,Hirsch,11,9,20
2025.05.09,13:15,13:30,Hirsch,17,13,30
2025.05.09,13:30,13:45,Hirsch,12,14,26
2025.05.09,13:45,14:00,Hirsch,21,8,29
2025.05.09,14:00,14:15,Hirsch,20,11,31
2025.05.09,14:15,14:30,Hirsch,17,8,25
2025.05.09,14:30,14:45,Hirsch,9,8,17
2025.05.09,14:45,15:00,Hirsch,23,10,33
2025.05.09,15:00,15:15,Hirsch,33,9,42
2025.05.09,15:15,15:30,Hirsch,29,13,42
2025.05.09,15:30,15:45,Hirsch,34,11,45
2025.05.09,15:45,16:00,Hirsch,21,9,30
2025.05.09,16:00,16:15,Hirsch,23,12,35
2025.05.09,16:15,16:30,Hirsch,23,9,32
2025.05.09,16:30,16:45,Hirsch,32,11,43
2025.05.09,16:45,17:00,Hirsch,38,24,62
2025.05.09,17:00,17:15,Hirsch,45,7,52
2025.05.09,17:15,17:30,Hirsch,32,10,42
2025.05.09,17:30,17:45,Hirsch,33,23,56
2025.05.09,17:45,18:00,Hirsch,33,17,50
2025.05.09,18:00,18:15,Hirsch,27,20,47
2025.05.09,18:15,18:30,Hirsch,25,9,34
2025.05.09,18:30,18:45,Hirsch,24,6,30
2025.05.09,18:45,19:00,Hirsch,22,10,32
2025.05.09,19:00,19:15,Hirsch,16,15,31
2025.05.09,19:15,19:30,Hirsch,15,13,28
2025.05.09,19:30,19:45,Hirsch,6,8,14
2025.05.09,19:45,20:00,Hirsch,8,5,13
2025.05.09,20:00,20:15,Hirsch,11,12,23
2025.05.09,20:15,20:30,Hirsch,5,2,7
2025.05.09,20:30,20:45,Hirsch,6,9,15
2025.05.09,20:45,21:00,Hirsch,4,5,9
2025.05.09,21:00,21:15,Hirsch,7,5,12
2025.05.09,21:15,21:30,Hirsch,7,3,10
2025.05.09,21:30,21:45,Hirsch,6,5,11
2025.05.09,21:45,22:00,Hirsch,6,3,9
2025.05.09,22:00,22:15,Hirsch,2,0,2
2025.05.09,22:15,22:30,Hirsch,10,3,13
2025.05.09,22:30,22:45,Hirsch,6,2,8
2025.05.09,22:45,23:00,Hirsch,8,1,9
2025.05.09,23:00,23:15,Hirsch,9,2,11
2025.05.09,23:15,23:30,Hirsch,8,3,11
2025.05.09,23:30,23:45,Hirsch,10,1,11
2025.05.09,23:45,00:00,Hirsch,10,0,10
2025.05.10,00:00,00:15,Hirsch,2,1,3
2025.05.10,00:15,00:30,Hirsch,2,0,2
2025.05.10,00:30,00:45,Hirsch,1,0,1
2025.05.10,00:45,01:00,Hirsch,1,1,2
2025.05.10,01:00,01:15,Hirsch,6,2,8
2025.05.10,01:15,01:30,Hirsch,1,0,1
2025.05.10,01:30,01:45,Hirsch,0,0,0
2025.05.10,01:45,02:00,Hirsch,1,0,1
2025.05.10,02:00,02:15,Hirsch,3,0,3
2025.05.10,02:15,02:30,Hirsch,6,0,6
2025.05.10,02:30,02:45,Hirsch,4,0,4
2025.05.10,02:45,03:00,Hirsch,1,0,1
2025.05.10,03:00,03:15,Hirsch,0,0,0
2025.05.10,03:15,03:30,Hirsch,0,0,0
2025.05.10,03:30,03:45,Hirsch,2,0,2
2025.05.10,03:45,04:00,Hirsch,0,0,0
2025.05.10,04:00,04:15,Hirsch,1,0,1
2025.05.10,04:15,04:30,Hirsch,0,0,0
2025.05.10,04:30,04:45,Hirsch,0,0,0
2025.05.10,04:45,05:00,Hirsch,0,0,0
2025.05.10,05:00,05:15,Hirsch,1,1,2
2025.05.10,05:15,05:30,Hirsch,0,0,0
2025.05.10,05:30,05:45,Hirsch,1,0,1
2025.05.10,05:45,06:00,Hirsch,1,0,1
2025.05.10,06:00,06:15,Hirsch,1,1,2
2025.05.10,06:15,06:30,Hirsch,0,1,1
2025.05.10,06:30,06:45,Hirsch,1,0,1
2025.05.10,06:45,07:00,Hirsch,0,2,2
2025.05.10,07:00,07:15,Hirsch,1,2,3
2025.05.10,07:15,07:30,Hirsch,2,1,3
2025.05.10,07:30,07:45,Hirsch,2,4,6
2025.05.10,07:45,08:00,Hirsch,5,4,9
2025.05.10,08:00,08:15,Hirsch,0,4,4
2025.05.10,08:15,08:30,Hirsch,1,4,5
2025.05.10,08:30,08:45,Hirsch,0,5,5
2025.05.10,08:45,09:00,Hirsch,2,12,14
2025.05.10,09:00,09:15,Hirsch,5,16,21
2025.05.10,09:15,09:30,Hirsch,4,18,22
2025.05.10,09:30,09:45,Hirsch,4,18,22
2025.05.10,09:45,10:00,Hirsch,4,19,23
2025.05.10,10:00,10:15,Hirsch,6,7,13
2025.05.10,10:15,10:30,Hirsch,7,19,26
2025.05.10,10:30,10:45,Hirsch,14,23,37
2025.05.10,10:45,11:00,Hirsch,3,7,10
2025.05.10,11:00,11:15,Hirsch,8,11,19
2025.05.10,11:15,11:30,Hirsch,7,5,12
2025.05.10,11:30,11:45,Hirsch,13,19,32
2025.05.10,11:45,12:00,Hirsch,9,39,48
2025.05.10,12:00,12:15,Hirsch,15,8,23
2025.05.10,12:15,12:30,Hirsch,10,21,31
2025.05.10,12:30,12:45,Hirsch,9,22,31
2025.05.10,12:45,13:00,Hirsch,10,16,26
2025.05.10,13:00,13:15,Hirsch,17,13,30
2025.05.10,13:15,13:30,Hirsch,15,11,26
2025.05.10,13:30,13:45,Hirsch,20,18,38
2025.05.10,13:45,14:00,Hirsch,27,11,38
2025.05.10,14:00,14:15,Hirsch,18,11,29
2025.05.10,14:15,14:30,Hirsch,11,47,58
2025.05.10,14:30,14:45,Hirsch,25,19,44
2025.05.10,14:45,15:00,Hirsch,16,18,34
2025.05.10,15:00,15:15,Hirsch,22,16,38
2025.05.10,15:15,15:30,Hirsch,27,22,49
2025.05.10,15:30,15:45,Hirsch,15,19,34
2025.05.10,15:45,16:00,Hirsch,9,17,26
2025.05.10,16:00,16:15,Hirsch,9,23,32
2025.05.10,16:15,16:30,Hirsch,21,12,33
2025.05.10,16:30,16:45,Hirsch,18,23,41
2025.05.10,16:45,17:00,Hirsch,17,15,32
2025.05.10,17:00,17:15,Hirsch,19,19,38
2025.05.10,17:15,17:30,Hirsch,21,13,34
2025.05.10,17:30,17:45,Hirsch,18,14,32
2025.05.10,17:45,18:00,Hirsch,32,18,50
2025.05.10,18:00,18:15,Hirsch,20,25,45
2025.05.10,18:15,18:30,Hirsch,17,17,34
2025.05.10,18:30,18:45,Hirsch,10,13,23
2025.05.10,18:45,19:00,Hirsch,14,27,41
2025.05.10,19:00,19:15,Hirsch,14,17,31
2025.05.10,19:15,19:30,Hirsch,17,13,30
2025.05.10,19:30,19:45,Hirsch,12,14,26
2025.05.10,19:45,20:00,Hirsch,12,11,23
2025.05.10,20:00,20:15,Hirsch,14,21,35
2025.05.10,20:15,20:30,Hirsch,9,5,14
2025.05.10,20:30,20:45,Hirsch,10,6,16
2025.05.10,20:45,21:00,Hirsch,3,2,5
2025.05.10,21:00,21:15,Hirsch,3,14,17
2025.05.10,21:15,21:30,Hirsch,8,5,13
2025.05.10,21:30,21:45,Hirsch,4,7,11
2025.05.10,21:45,22:00,Hirsch,4,5,9
2025.05.10,22:00,22:15,Hirsch,7,4,11
2025.05.10,22:15,22:30,Hirsch,4,1,5
2025.05.10,22:30,22:45,Hirsch,8,1,9
2025.05.10,22:45,23:00,Hirsch,7,0,7
2025.05.10,23:00,23:15,Hirsch,3,1,4
2025.05.10,23:15,23:30,Hirsch,6,0,6
2025.05.10,23:30,23:45,Hirsch,4,1,5
2025.05.10,23:45,00:00,Hirsch,7,0,7
2025.05.11,00:00,00:15,Hirsch,6,0,6
2025.05.11,00:15,00:30,Hirsch,6,0,6
2025.05.11,00:30,00:45,Hirsch,10,0,10
2025.05.11,00:45,01:00,Hirsch,3,1,4
2025.05.11,01:00,01:15,Hirsch,3,0,3
2025.05.11,01:15,01:30,Hirsch,2,1,3
2025.05.11,01:30,01:45,Hirsch,2,0,2
2025.05.11,01:45,02:00,Hirsch,0,1,1
2025.05.11,02:00,02:15,Hirsch,0,0,0
2025.05.11,02:15,02:30,Hirsch,0,0,0
2025.05.11,02:30,02:45,Hirsch,4,0,4
2025.05.11,02:45,03:00,Hirsch,0,0,0
2025.05.11,03:00,03:15,Hirsch,4,0,4
2025.05.11,03:15,03:30,Hirsch,2,0,2
2025.05.11,03:30,03:45,Hirsch,2,0,2
2025.05.11,03:45,04:00,Hirsch,0,1,1
2025.05.11,04:00,04:15,Hirsch,0,0,0
2025.05.11,04:15,04:30,Hirsch,0,0,0
2025.05.11,04:30,04:45,Hirsch,0,0,0
2025.05.11,04:45,05:00,Hirsch,0,2,2
2025.05.11,05:00,05:15,Hirsch,0,0,0
2025.05.11,05:15,05:30,Hirsch,0,0,0
2025.05.11,05:30,05:45,Hirsch,0,0,0
2025.05.11,05:45,06:00,Hirsch,1,1,2
2025.05.11,06:00,06:15,Hirsch,1,0,1
2025.05.11,06:15,06:30,Hirsch,0,1,1
2025.05.11,06:30,06:45,Hirsch,1,0,1
2025.05.11,06:45,07:00,Hirsch,1,0,1
2025.05.11,07:00,07:15,Hirsch,0,1,1
2025.05.11,07:15,07:30,Hirsch,4,5,9
2025.05.11,07:30,07:45,Hirsch,1,4,5
2025.05.11,07:45,08:00,Hirsch,0,2,2
2025.05.11,08:00,08:15,Hirsch,0,3,3
2025.05.11,08:15,08:30,Hirsch,2,8,10
2025.05.11,08:30,08:45,Hirsch,3,13,16
2025.05.11,08:45,09:00,Hirsch,9,6,15
2025.05.11,09:00,09:15,Hirsch,7,14,21
2025.05.11,09:15,09:30,Hirsch,11,15,26
2025.05.11,09:30,09:45,Hirsch,7,6,13
2025.05.11,09:45,10:00,Hirsch,3,12,15
2025.05.11,10:00,10:15,Hirsch,9,15,24
2025.05.11,10:15,10:30,Hirsch,7,21,28
2025.05.11,10:30,10:45,Hirsch,14,21,35
2025.05.11,10:45,11:00,Hirsch,14,21,35
2025.05.11,11:00,11:15,Hirsch,10,12,22
2025.05.11,11:15,11:30,Hirsch,18,10,28
2025.05.11,11:30,11:45,Hirsch,22,19,41
2025.05.11,11:45,12:00,Hirsch,16,21,37
2025.05.11,12:00,12:15,Hirsch,25,20,45
2025.05.11,12:15,12:30,Hirsch,43,29,72
2025.05.11,12:30,12:45,Hirsch,36,22,58
2025.05.11,12:45,13:00,Hirsch,30,26,56
2025.05.11,13:00,13:15,Hirsch,16,20,36
2025.05.11,13:15,13:30,Hirsch,24,20,44
2025.05.11,13:30,13:45,Hirsch,14,28,42
2025.05.11,13:45,14:00,Hirsch,21,28,49
2025.05.11,14:00,14:15,Hirsch,40,22,62
2025.05.11,14:15,14:30,Hirsch,26,23,49
2025.05.11,14:30,14:45,Hirsch,20,21,41
2025.05.11,14:45,15:00,Hirsch,25,26,51
2025.05.11,15:00,15:15,Hirsch,32,25,57
2025.05.11,15:15,15:30,Hirsch,20,29,49
2025.05.11,15:30,15:45,Hirsch,28,20,48
2025.05.11,15:45,16:00,Hirsch,27,17,44
2025.05.11,16:00,16:15,Hirsch,19,21,40
2025.05.11,16:15,16:30,Hirsch,26,31,57
2025.05.11,16:30,16:45,Hirsch,39,27,66
2025.05.11,16:45,17:00,Hirsch,27,31,58
2025.05.11,17:00,17:15,Hirsch,24,32,56
2025.05.11,17:15,17:30,Hirsch,13,24,37
2025.05.11,17:30,17:45,Hirsch,15,27,42
2025.05.11,17:45,18:00,Hirsch,28,27,55
2025.05.11,18:00,18:15,Hirsch,18,24,42
2025.05.11,18:15,18:30,Hirsch,17,24,41
2025.05.11,18:30,18:45,Hirsch,15,14,29
2025.05.11,18:45,19:00,Hirsch,12,18,30
2025.05.11,19:00,19:15,Hirsch,18,4,22
2025.05.11,19:15,19:30,Hirsch,19,14,33
2025.05.11,19:30,19:45,Hirsch,20,13,33
2025.05.11,19:45,20:00,Hirsch,19,24,43
2025.05.11,20:00,20:15,Hirsch,13,5,18
2025.05.11,20:15,20:30,Hirsch,10,11,21
2025.05.11,20:30,20:45,Hirsch,7,9,16
2025.05.11,20:45,21:00,Hirsch,8,5,13
2025.05.11,21:00,21:15,Hirsch,13,4,17
2025.05.11,21:15,21:30,Hirsch,6,2,8
2025.05.11,21:30,21:45,Hirsch,9,1,10
2025.05.11,21:45,22:00,Hirsch,7,6,13
2025.05.11,22:00,22:15,Hirsch,3,5,8
2025.05.11,22:15,22:30,Hirsch,9,1,10
2025.05.11,22:30,22:45,Hirsch,4,0,4
2025.05.11,22:45,23:00,Hirsch,1,1,2
2025.05.11,23:00,23:15,Hirsch,4,0,4
2025.05.11,23:15,23:30,Hirsch,2,0,2
2025.05.11,23:30,23:45,Hirsch,1,1,2
2025.05.11,23:45,00:00,Hirsch,0,1,1
2025.05.12,00:00,00:15,Hirsch,1,0,1
2025.05.12,00:15,00:30,Hirsch,0,0,0
2025.05.12,00:30,00:45,Hirsch,0,0,0
2025.05.12,00:45,01:00,Hirsch,1,0,1
2025.05.12,01:00,01:15,Hirsch,0,0,0
2025.05.12,01:15,01:30,Hirsch,0,0,0
2025.05.12,01:30,01:45,Hirsch,0,0,0
2025.05.12,01:45,02:00,Hirsch,0,0,0
2025.05.12,02:00,02:15,Hirsch,0,0,0
2025.05.12,02:15,02:30,Hirsch,0,0,0
2025.05.12,02:30,02:45,Hirsch,0,0,0
2025.05.12,02:45,03:00,Hirsch,0,0,0
2025.05.12,03:00,03:15,Hirsch,0,0,0
2025.05.12,03:15,03:30,Hirsch,0,0,0
2025.05.12,03:30,03:45,Hirsch,0,0,0
2025.05.12,03:45,04:00,Hirsch,0,0,0
2025.05.12,04:00,04:15,Hirsch,0,0,0
2025.05.12,04:15,04:30,Hirsch,0,0,0
2025.05.12,04:30,04:45,Hirsch,0,1,1
2025.05.12,04:45,05:00,Hirsch,0,0,0
2025.05.12,05:00,05:15,Hirsch,0,3,3
2025.05.12,05:15,05:30,Hirsch,0,5,5
2025.05.12,05:30,05:45,Hirsch,1,2,3
2025.05.12,05:45,06:00,Hirsch,1,8,9
2025.05.12,06:00,06:15,Hirsch,1,8,9
2025.05.12,06:15,06:30,Hirsch,2,11,13
2025.05.12,06:30,06:45,Hirsch,3,25,28
2025.05.12,06:45,07:00,Hirsch,10,27,37
2025.05.12,07:00,07:15,Hirsch,5,42,47
2025.05.12,07:15,07:30,Hirsch,11,63,74
2025.05.12,07:30,07:45,Hirsch,11,74,85
2025.05.12,07:45,08:00,Hirsch,17,94,111
2025.05.12,08:00,08:15,Hirsch,16,117,133
2025.05.12,08:15,08:30,Hirsch,12,117,129
2025.05.12,08:30,08:45,Hirsch,18,101,119
2025.05.12,08:45,09:00,Hirsch,14,65,79
2025.05.12,09:00,09:15,Hirsch,10,61,71
2025.05.12,09:15,09:30,Hirsch,11,37,48
2025.05.12,09:30,09:45,Hirsch,7,31,38
2025.05.12,09:45,10:00,Hirsch,3,24,27
2025.05.12,10:00,10:15,Hirsch,11,19,30
2025.05.12,10:15,10:30,Hirsch,4,16,20
2025.05.12,10:30,10:45,Hirsch,3,9,12
2025.05.12,10:45,11:00,Hirsch,7,14,21
2025.05.12,11:00,11:15,Hirsch,8,14,22
2025.05.12,11:15,11:30,Hirsch,6,10,16
2025.05.12,11:30,11:45,Hirsch,5,15,20
2025.05.12,11:45,12:00,Hirsch,14,8,22
2025.05.12,12:00,12:15,Hirsch,16,11,27
2025.05.12,12:15,12:30,Hirsch,9,8,17
2025.05.12,12:30,12:45,Hirsch,11,13,24
2025.05.12,12:45,13:00,Hirsch,20,11,31
2025.05.12,13:00,13:15,Hirsch,12,7,19
2025.05.12,13:15,13:30,Hirsch,13,7,20
2025.05.12,13:30,13:45,Hirsch,13,6,19
2025.05.12,13:45,14:00,Hirsch,17,5,22
2025.05.12,14:00,14:15,Hirsch,17,5,22
2025.05.12,14:15,14:30,Hirsch,17,13,30
2025.05.12,14:30,14:45,Hirsch,20,7,27
2025.05.12,14:45,15:00,Hirsch,28,8,36
2025.05.12,15:00,15:15,Hirsch,28,11,39
2025.05.12,15:15,15:30,Hirsch,32,6,38
2025.05.12,15:30,15:45,Hirsch,30,14,44
2025.05.12,15:45,16:00,Hirsch,38,11,49
2025.05.12,16:00,16:15,Hirsch,36,11,47
2025.05.12,16:15,16:30,Hirsch,45,24,69
2025.05.12,16:30,16:45,Hirsch,41,17,58
2025.05.12,16:45,17:00,Hirsch,60,12,72
2025.05.12,17:00,17:15,Hirsch,54,14,68
2025.05.12,17:15,17:30,Hirsch,63,9,72
2025.05.12,17:30,17:45,Hirsch,51,29,80
2025.05.12,17:45,18:00,Hirsch,71,12,83
2025.05.12,18:00,18:15,Hirsch,56,27,83
2025.05.12,18:15,18:30,Hirsch,61,31,92
2025.05.12,18:30,18:45,Hirsch,52,17,69
2025.05.12,18:45,19:00,Hirsch,48,34,82
2025.05.12,19:00,19:15,Hirsch,39,17,56
2025.05.12,19:15,19:30,Hirsch,39,12,51
2025.05.12,19:30,19:45,Hirsch,37,18,55
2025.05.12,19:45,20:00,Hirsch,26,8,34
2025.05.12,20:00,20:15,Hirsch,18,5,23
2025.05.12,20:15,20:30,Hirsch,25,13,38
2025.05.12,20:30,20:45,Hirsch,13,8,21
2025.05.12,20:45,21:00,Hirsch,18,3,21
2025.05.12,21:00,21:15,Hirsch,15,6,21
2025.05.12,21:15,21:30,Hirsch,12,7,19
2025.05.12,21:30,21:45,Hirsch,8,1,9
2025.05.12,21:45,22:00,Hirsch,7,6,13
2025.05.12,22:00,22:15,Hirsch,14,6,20
2025.05.12,22:15,22:30,Hirsch,9,2,11
2025.05.12,22:30,22:45,Hirsch,7,2,9
2025.05.12,22:45,23:00,Hirsch,6,0,6
2025.05.12,23:00,23:15,Hirsch,19,1,20
2025.05.12,23:15,23:30,Hirsch,13,0,13
2025.05.12,23:30,23:45,Hirsch,1,0,1
2025.05.12,23:45,00:00,Hirsch,4,1,5
2025.05.13,00:00,00:15,Hirsch,5,1,6
2025.05.13,00:15,00:30,Hirsch,0,0,0
2025.05.13,00:30,00:45,Hirsch,1,0,1
2025.05.13,00:45,01:00,Hirsch,0,0,0
2025.05.13,01:00,01:15,Hirsch,0,0,0
2025.05.13,01:15,01:30,Hirsch,0,0,0
2025.05.13,01:30,01:45,Hirsch,0,0,0
2025.05.13,01:45,02:00,Hirsch,0,0,0
2025.05.13,02:00,02:15,Hirsch,0,0,0
2025.05.13,02:15,02:30,Hirsch,0,0,0
2025.05.13,02:30,02:45,Hirsch,1,0,1
2025.05.13,02:45,03:00,Hirsch,1,0,1
2025.05.13,03:00,03:15,Hirsch,1,0,1
2025.05.13,03:15,03:30,Hirsch,0,0,0
2025.05.13,03:30,03:45,Hirsch,0,0,0
2025.05.13,03:45,04:00,Hirsch,0,0,0
2025.05.13,04:00,04:15,Hirsch,0,0,0
2025.05.13,04:15,04:30,Hirsch,0,0,0
2025.05.13,04:30,04:45,Hirsch,0,0,0
2025.05.13,04:45,05:00,Hirsch,0,1,1
2025.05.13,05:00,05:15,Hirsch,0,1,1
2025.05.13,05:15,05:30,Hirsch,0,2,2
2025.05.13,05:30,05:45,Hirsch,2,8,10
2025.05.13,05:45,06:00,Hirsch,1,11,12
2025.05.13,06:00,06:15,Hirsch,3,13,16
2025.05.13,06:15,06:30,Hirsch,3,10,13
2025.05.13,06:30,06:45,Hirsch,2,22,24
2025.05.13,06:45,07:00,Hirsch,9,32,41
2025.05.13,07:00,07:15,Hirsch,7,49,56
2025.05.13,07:15,07:30,Hirsch,14,79,93
2025.05.13,07:30,07:45,Hirsch,13,91,104
2025.05.13,07:45,08:00,Hirsch,14,109,123
2025.05.13,08:00,08:15,Hirsch,19,124,143
2025.05.13,08:15,08:30,Hirsch,12,135,147
2025.05.13,08:30,08:45,Hirsch,14,103,117
2025.05.13,08:45,09:00,Hirsch,10,72,82
2025.05.13,09:00,09:15,Hirsch,7,62,69
2025.05.13,09:15,09:30,Hirsch,8,53,61
2025.05.13,09:30,09:45,Hirsch,10,34,44
2025.05.13,09:45,10:00,Hirsch,4,22,26
2025.05.13,10:00,10:15,Hirsch,11,18,29
2025.05.13,10:15,10:30,Hirsch,12,14,26
2025.05.13,10:30,10:45,Hirsch,9,13,22
2025.05.13,10:45,11:00,Hirsch,3,17,20
2025.05.13,11:00,11:15,Hirsch,5,17,22
2025.05.13,11:15,11:30,Hirsch,8,15,23
2025.05.13,11:30,11:45,Hirsch,5,9,14
2025.05.13,11:45,12:00,Hirsch,9,12,21
2025.05.13,12:00,12:15,Hirsch,8,11,19
2025.05.13,12:15,12:30,Hirsch,15,8,23
2025.05.13,12:30,12:45,Hirsch,11,14,25
2025.05.13,12:45,13:00,Hirsch,13,9,22
2025.05.13,13:00,13:15,Hirsch,15,8,23
2025.05.13,13:15,13:30,Hirsch,13,15,28
2025.05.13,13:30,13:45,Hirsch,17,6,23
2025.05.13,13:45,14:00,Hirsch,20,5,25
2025.05.13,14:00,14:15,Hirsch,24,7,31
2025.05.13,14:15,14:30,Hirsch,33,9,42
2025.05.13,14:30,14:45,Hirsch,25,10,35
2025.05.13,14:45,15:00,Hirsch,31,8,39
2025.05.13,15:00,15:15,Hirsch,32,9,41
2025.05.13,15:15,15:30,Hirsch,40,11,51
2025.05.13,15:30,15:45,Hirsch,31,14,45
2025.05.13,15:45,16:00,Hirsch,37,11,48
2025.05.13,16:00,16:15,Hirsch,43,12,55
2025.05.13,16:15,16:30,Hirsch,55,14,69
2025.05.13,16:30,16:45,Hirsch,63,34,97
2025.05.13,16:45,17:00,Hirsch,68,20,88
2025.05.13,17:00,17:15,Hirsch,46,19,65
2025.05.13,17:15,17:30,Hirsch,69,23,92
2025.05.13,17:30,17:45,Hirsch,97,27,124
2025.05.13,17:45,18:00,Hirsch,76,19,95
2025.05.13,18:00,18:15,Hirsch,64,21,85
2025.05.13,18:15,18:30,Hirsch,63,26,89
2025.05.13,18:30,18:45,Hirsch,69,17,86
2025.05.13,18:45,19:00,Hirsch,52,15,67
2025.05.13,19:00,19:15,Hirsch,39,16,55
2025.05.13,19:15,19:30,Hirsch,42,20,62
2025.05.13,19:30,19:45,Hirsch,29,11,40
2025.05.13,19:45,20:00,Hirsch,31,19,50
2025.05.13,20:00,20:15,Hirsch,27,8,35
2025.05.13,20:15,20:30,Hirsch,23,11,34
2025.05.13,20:30,20:45,Hirsch,21,10,31
2025.05.13,20:45,21:00,Hirsch,6,8,14
2025.05.13,21:00,21:15,Hirsch,12,8,20
2025.05.13,21:15,21:30,Hirsch,11,3,14
2025.05.13,21:30,21:45,Hirsch,19,3,22
2025.05.13,21:45,22:00,Hirsch,6,5,11
2025.05.13,22:00,22:15,Hirsch,12,2,14
2025.05.13,22:15,22:30,Hirsch,16,5,21
2025.05.13,22:30,22:45,Hirsch,7,2,9
2025.05.13,22:45,23:00,Hirsch,14,3,17
2025.05.13,23:00,23:15,Hirsch,18,1,19
2025.05.13,23:15,23:30,Hirsch,3,1,4
2025.05.13,23:30,23:45,Hirsch,5,1,6
2025.05.13,23:45,00:00,Hirsch,5,0,5
2025.05.14,00:00,00:15,Hirsch,0,0,0
2025.05.14,00:15,00:30,Hirsch,2,0,2
2025.05.14,00:30,00:45,Hirsch,0,0,0
2025.05.14,00:45,01:00,Hirsch,0,0,0
2025.05.14,01:00,01:15,Hirsch,0,1,1
2025.05.14,01:15,01:30,Hirsch,0,0,0
2025.05.14,01:30,01:45,Hirsch,0,0,0
2025.05.14,01:45,02:00,Hirsch,0,0,0
2025.05.14,02:00,02:15,Hirsch,0,0,0
2025.05.14,02:15,02:30,Hirsch,0,0,0
2025.05.14,02:30,02:45,Hirsch,0,0,0
2025.05.14,02:45,03:00,Hirsch,0,0,0
2025.05.14,03:00,03:15,Hirsch,0,0,0
2025.05.14,03:15,03:30,Hirsch,0,0,0
2025.05.14,03:30,03:45,Hirsch,0,0,0
2025.05.14,03:45,04:00,Hirsch,0,0,0
2025.05.14,04:00,04:15,Hirsch,0,0,0
2025.05.14,04:15,04:30,Hirsch,0,0,0
2025.05.14,04:30,04:45,Hirsch,0,0,0
2025.05.14,04:45,05:00,Hirsch,0,0,0
2025.05.14,05:00,05:15,Hirsch,0,1,1
2025.05.14,05:15,05:30,Hirsch,0,1,1
2025.05.14,05:30,05:45,Hirsch,1,7,8
2025.05.14,05:45,06:00,Hirsch,0,9,9
2025.05.14,06:00,06:15,Hirsch,2,11,13
2025.05.14,06:15,06:30,Hirsch,3,18,21
2025.05.14,06:30,06:45,Hirsch,3,26,29
2025.05.14,06:45,07:00,Hirsch,12,38,50
2025.05.14,07:00,07:15,Hirsch,4,65,69
2025.05.14,07:15,07:30,Hirsch,14,57,71
2025.05.14,07:30,07:45,Hirsch,14,95,109
2025.05.14,07:45,08:00,Hirsch,19,103,122
2025.05.14,08:00,08:15,Hirsch,10,127,137
2025.05.14,08:15,08:30,Hirsch,15,108,123
2025.05.14,08:30,08:45,Hirsch,18,104,122
2025.05.14,08:45,09:00,Hirsch,13,76,89
2025.05.14,09:00,09:15,Hirsch,9,59,68
2025.05.14,09:15,09:30,Hirsch,10,52,62
2025.05.14,09:30,09:45,Hirsch,6,35,41
2025.05.14,09:45,10:00,Hirsch,6,31,37
2025.05.14,10:00,10:15,Hirsch,4,14,18
2025.05.14,10:15,10:30,Hirsch,7,13,20
2025.05.14,10:30,10:45,Hirsch,5,25,30
2025.05.14,10:45,11:00,Hirsch,8,12,20
2025.05.14,11:00,11:15,Hirsch,9,9,18
2025.05.14,11:15,11:30,Hirsch,6,11,17
2025.05.14,11:30,11:45,Hirsch,8,5,13
2025.05.14,11:45,12:00,Hirsch,15,14,29
2025.05.14,12:00,12:15,Hirsch,9,9,18
2025.05.14,12:15,12:30,Hirsch,10,14,24
2025.05.14,12:30,12:45,Hirsch,10,11,21
2025.05.14,12:45,13:00,Hirsch,14,7,21
2025.05.14,13:00,13:15,Hirsch,12,9,21
2025.05.14,13:15,13:30,Hirsch,22,15,37
2025.05.14,13:30,13:45,Hirsch,17,13,30
2025.05.14,13:45,14:00,Hirsch,18,14,32
2025.05.14,14:00,14:15,Hirsch,28,7,35
2025.05.14,14:15,14:30,Hirsch,23,11,34
2025.05.14,14:30,14:45,Hirsch,28,17,45
2025.05.14,14:45,15:00,Hirsch,27,10,37
2025.05.14,15:00,15:15,Hirsch,23,8,31
2025.05.14,15:15,15:30,Hirsch,37,11,48
2025.05.14,15:30,15:45,Hirsch,31,8,39
2025.05.14,15:45,16:00,Hirsch,40,13,53
2025.05.14,16:00,16:15,Hirsch,35,13,48
2025.05.14,16:15,16:30,Hirsch,57,15,72
2025.05.14,16:30,16:45,Hirsch,62,15,77
2025.05.14,16:45,17:00,Hirsch,62,29,91
2025.05.14,17:00,17:15,Hirsch,43,19,62
2025.05.14,17:15,17:30,Hirsch,62,20,82
2025.05.14,17:30,17:45,Hirsch,64,30,94
2025.05.14,17:45,18:00,Hirsch,77,27,104
2025.05.14,18:00,18:15,Hirsch,63,36,99
2025.05.14,18:15,18:30,Hirsch,73,34,107
2025.05.14,18:30,18:45,Hirsch,54,30,84
2025.05.14,18:45,19:00,Hirsch,49,18,67
2025.05.14,19:00,19:15,Hirsch,31,19,50
2025.05.14,19:15,19:30,Hirsch,38,11,49
2025.05.14,19:30,19:45,Hirsch,40,15,55
2025.05.14,19:45,20:00,Hirsch,33,11,44
2025.05.14,20:00,20:15,Hirsch,26,13,39
2025.05.14,20:15,20:30,Hirsch,25,9,34
2025.05.14,20:30,20:45,Hirsch,18,8,26
2025.05.14,20:45,21:00,Hirsch,21,5,26
2025.05.14,21:00,21:15,Hirsch,15,6,21
2025.05.14,21:15,21:30,Hirsch,29,5,34
2025.05.14,21:30,21:45,Hirsch,13,5,18
2025.05.14,21:45,22:00,Hirsch,22,5,27
2025.05.14,22:00,22:15,Hirsch,11,9,20
2025.05.14,22:15,22:30,Hirsch,20,6,26
2025.05.14,22:30,22:45,Hirsch,16,3,19
2025.05.14,22:45,23:00,Hirsch,8,0,8
2025.05.14,23:00,23:15,Hirsch,7,3,10
2025.05.14,23:15,23:30,Hirsch,2,0,2
2025.05.14,23:30,23:45,Hirsch,3,1,4
2025.05.14,23:45,00:00,Hirsch,4,1,5
2025.05.15,00:00,00:15,Hirsch,3,0,3
2025.05.15,00:15,00:30,Hirsch,1,4,5
2025.05.15,00:30,00:45,Hirsch,1,0,1
2025.05.15,00:45,01:00,Hirsch,1,0,1
2025.05.15,01:00,01:15,Hirsch,2,1,3
2025.05.15,01:15,01:30,Hirsch,0,0,0
2025.05.15,01:30,01:45,Hirsch,0,0,0
2025.05.15,01:45,02:00,Hirsch,0,0,0
2025.05.15,02:00,02:15,Hirsch,0,0,0
2025.05.15,02:15,02:30,Hirsch,0,0,0
2025.05.15,02:30,02:45,Hirsch,0,0,0
2025.05.15,02:45,03:00,Hirsch,1,0,1
2025.05.15,03:00,03:15,Hirsch,1,0,1
2025.05.15,03:15,03:30,Hirsch,0,1,1
2025.05.15,03:30,03:45,Hirsch,0,0,0
2025.05.15,03:45,04:00,Hirsch,0,0,0
2025.05.15,04:00,04:15,Hirsch,0,0,0
2025.05.15,04:15,04:30,Hirsch,0,0,0
2025.05.15,04:30,04:45,Hirsch,0,1,1
2025.05.15,04:45,05:00,Hirsch,0,1,1
2025.05.15,05:00,05:15,Hirsch,0,3,3
2025.05.15,05:15,05:30,Hirsch,0,3,3
2025.05.15,05:30,05:45,Hirsch,2,9,11
2025.05.15,05:45,06:00,Hirsch,0,12,12
2025.05.15,06:00,06:15,Hirsch,2,12,14
2025.05.15,06:15,06:30,Hirsch,2,13,15
2025.05.15,06:30,06:45,Hirsch,3,15,18
2025.05.15,06:45,07:00,Hirsch,10,21,31
2025.05.15,07:00,07:15,Hirsch,4,46,50
2025.05.15,07:15,07:30,Hirsch,15,54,69
2025.05.15,07:30,07:45,Hirsch,13,80,93
2025.05.15,07:45,08:00,Hirsch,8,97,105
2025.05.15,08:00,08:15,Hirsch,19,99,118
2025.05.15,08:15,08:30,Hirsch,9,143,152
2025.05.15,08:30,08:45,Hirsch,16,83,99
2025.05.15,08:45,09:00,Hirsch,17,67,84
2025.05.15,09:00,09:15,Hirsch,12,61,73
2025.05.15,09:15,09:30,Hirsch,7,36,43
2025.05.15,09:30,09:45,Hirsch,12,37,49
2025.05.15,09:45,10:00,Hirsch,3,21,24
2025.05.15,10:00,10:15,Hirsch,6,17,23
2025.05.15,10:15,10:30,Hirsch,8,15,23
2025.05.15,10:30,10:45,Hirsch,8,12,20
2025.05.15,10:45,11:00,Hirsch,7,7,14
2025.05.15,11:00,11:15,Hirsch,8,12,20
2025.05.15,11:15,11:30,Hirsch,8,9,17
2025.05.15,11:30,11:45,Hirsch,11,17,28
2025.05.15,11:45,12:00,Hirsch,12,8,20
2025.05.15,12:00,12:15,Hirsch,12,7,19
2025.05.15,12:15,12:30,Hirsch,8,8,16
2025.05.15,12:30,12:45,Hirsch,10,5,15
2025.05.15,12:45,13:00,Hirsch,11,13,24
2025.05.15,13:00,13:15,Hirsch,21,2,23
2025.05.15,13:15,13:30,Hirsch,16,8,24
2025.05.15,13:30,13:45,Hirsch,15,4,19
2025.05.15,13:45,14:00,Hirsch,17,8,25
2025.05.15,14:00,14:15,Hirsch,23,8,31
2025.05.15,14:15,14:30,Hirsch,17,11,28
2025.05.15,14:30,14:45,Hirsch,25,5,30
2025.05.15,14:45,15:00,Hirsch,34,7,41
2025.05.15,15:00,15:15,Hirsch,16,6,22
2025.05.15,15:15,15:30,Hirsch,29,16,45
2025.05.15,15:30,15:45,Hirsch,26,12,38
2025.05.15,15:45,16:00,Hirsch,35,6,41
2025.05.15,16:00,16:15,Hirsch,30,13,43
2025.05.15,16:15,16:30,Hirsch,49,19,68
2025.05.15,16:30,16:45,Hirsch,48,15,63
2025.05.15,16:45,17:00,Hirsch,48,12,60
2025.05.15,17:00,17:15,Hirsch,50,31,81
2025.05.15,17:15,17:30,Hirsch,67,17,84
2025.05.15,17:30,17:45,Hirsch,67,11,78
2025.05.15,17:45,18:00,Hirsch,55,19,74
2025.05.15,18:00,18:15,Hirsch,55,22,77
2025.05.15,18:15,18:30,Hirsch,61,25,86
2025.05.15,18:30,18:45,Hirsch,43,25,68
2025.05.15,18:45,19:00,Hirsch,41,14,55
2025.05.15,19:00,19:15,Hirsch,32,15,47
2025.05.15,19:15,19:30,Hirsch,26,15,41
2025.05.15,19:30,19:45,Hirsch,27,14,41
2025.05.15,19:45,20:00,Hirsch,19,15,34
2025.05.15,20:00,20:15,Hirsch,21,8,29
2025.05.15,20:15,20:30,Hirsch,13,12,25
2025.05.15,20:30,20:45,Hirsch,14,9,23
2025.05.15,20:45,21:00,Hirsch,11,2,13
2025.05.15,21:00,21:15,Hirsch,16,4,20
2025.05.15,21:15,21:30,Hirsch,15,5,20
2025.05.15,21:30,21:45,Hirsch,12,7,19
2025.05.15,21:45,22:00,Hirsch,8,5,13
2025.05.15,22:00,22:15,Hirsch,6,3,9
2025.05.15,22:15,22:30,Hirsch,9,9,18
2025.05.15,22:30,22:45,Hirsch,15,5,20
2025.05.15,22:45,23:00,Hirsch,8,2,10
2025.05.15,23:00,23:15,Hirsch,11,2,13
2025.05.15,23:15,23:30,Hirsch,6,1,7
2025.05.15,23:30,23:45,Hirsch,8,1,9
2025.05.15,23:45,00:00,Hirsch,1,0,1
2025.05.16,00:00,00:15,Hirsch,3,1,4
2025.05.16,00:15,00:30,Hirsch,1,0,1
2025.05.16,00:30,00:45,Hirsch,1,0,1
2025.05.16,00:45,01:00,Hirsch,0,0,0
2025.05.16,01:00,01:15,Hirsch,1,1,2
2025.05.16,01:15,01:30,Hirsch,1,0,1
2025.05.16,01:30,01:45,Hirsch,0,0,0
2025.05.16,01:45,02:00,Hirsch,1,0,1
2025.05.16,02:00,02:15,Hirsch,1,0,1
2025.05.16,02:15,02:30,Hirsch,0,0,0
2025.05.16,02:30,02:45,Hirsch,0,0,0
2025.05.16,02:45,03:00,Hirsch,0,0,0
2025.05.16,03:00,03:15,Hirsch,0,0,0
2025.05.16,03:15,03:30,Hirsch,1,0,1
2025.05.16,03:30,03:45,Hirsch,0,0,0
2025.05.16,03:45,04:00,Hirsch,0,0,0
2025.05.16,04:00,04:15,Hirsch,0,1,1
2025.05.16,04:15,04:30,Hirsch,1,0,1
2025.05.16,04:30,04:45,Hirsch,0,0,0
2025.05.16,04:45,05:00,Hirsch,0,2,2
2025.05.16,05:00,05:15,Hirsch,0,3,3
2025.05.16,05:15,05:30,Hirsch,1,0,1
2025.05.16,05:30,05:45,Hirsch,1,5,6
2025.05.16,05:45,06:00,Hirsch,0,8,8
2025.05.16,06:00,06:15,Hirsch,3,4,7
2025.05.16,06:15,06:30,Hirsch,3,5,8
2025.05.16,06:30,06:45,Hirsch,3,12,15
2025.05.16,06:45,07:00,Hirsch,4,17,21
2025.05.16,07:00,07:15,Hirsch,6,29,35
2025.05.16,07:15,07:30,Hirsch,6,34,40
2025.05.16,07:30,07:45,Hirsch,7,52,59
2025.05.16,07:45,08:00,Hirsch,8,73,81
2025.05.16,08:00,08:15,Hirsch,13,57,70
2025.05.16,08:15,08:30,Hirsch,11,68,79
2025.05.16,08:30,08:45,Hirsch,13,50,63
2025.05.16,08:45,09:00,Hirsch,4,43,47
2025.05.16,09:00,09:15,Hirsch,4,31,35
2025.05.16,09:15,09:30,Hirsch,4,24,28
2025.05.16,09:30,09:45,Hirsch,5,17,22
2025.05.16,09:45,10:00,Hirsch,18,20,38
2025.05.16,10:00,10:15,Hirsch,4,19,23
2025.05.16,10:15,10:30,Hirsch,8,18,26
2025.05.16,10:30,10:45,Hirsch,7,11,18
2025.05.16,10:45,11:00,Hirsch,2,12,14
2025.05.16,11:00,11:15,Hirsch,3,8,11
2025.05.16,11:15,11:30,Hirsch,8,8,16
2025.05.16,11:30,11:45,Hirsch,12,10,22
2025.05.16,11:45,12:00,Hirsch,10,5,15
2025.05.16,12:00,12:15,Hirsch,11,5,16
2025.05.16,12:15,12:30,Hirsch,13,9,22
2025.05.16,12:30,12:45,Hirsch,10,7,17
2025.05.16,12:45,13:00,Hirsch,20,7,27
2025.05.16,13:00,13:15,Hirsch,14,8,22
2025.05.16,13:15,13:30,Hirsch,25,15,40
2025.05.16,13:30,13:45,Hirsch,26,8,34
2025.05.16,13:45,14:00,Hirsch,18,4,22
2025.05.16,14:00,14:15,Hirsch,24,7,31
2025.05.16,14:15,14:30,Hirsch,19,8,27
2025.05.16,14:30,14:45,Hirsch,29,8,37
2025.05.16,14:45,15:00,Hirsch,22,12,34
2025.05.16,15:00,15:15,Hirsch,18,12,30
2025.05.16,15:15,15:30,Hirsch,24,11,35
2025.05.16,15:30,15:45,Hirsch,35,13,48
2025.05.16,15:45,16:00,Hirsch,21,10,31
2025.05.16,16:00,16:15,Hirsch,26,20,46
2025.05.16,16:15,16:30,Hirsch,23,10,33
2025.05.16,16:30,16:45,Hirsch,31,13,44
2025.05.16,16:45,17:00,Hirsch,43,13,56
2025.05.16,17:00,17:15,Hirsch,39,14,53
2025.05.16,17:15,17:30,Hirsch,24,23,47
2025.05.16,17:30,17:45,Hirsch,28,11,39
2025.05.16,17:45,18:00,Hirsch,21,14,35
2025.05.16,18:00,18:15,Hirsch,30,12,42
2025.05.16,18:15,18:30,Hirsch,39,16,55
2025.05.16,18:30,18:45,Hirsch,18,10,28
2025.05.16,18:45,19:00,Hirsch,19,10,29
2025.05.16,19:00,19:15,Hirsch,11,6,17
2025.05.16,19:15,19:30,Hirsch,18,15,33
2025.05.16,19:30,19:45,Hirsch,6,12,18
2025.05.16,19:45,20:00,Hirsch,17,7,24
2025.05.16,20:00,20:15,Hirsch,6,7,13
2025.05.16,20:15,20:30,Hirsch,12,4,16
2025.05.16,20:30,20:45,Hirsch,5,0,5
2025.05.16,20:45,21:00,Hirsch,4,3,7
2025.05.16,21:00,21:15,Hirsch,5,4,9
2025.05.16,21:15,21:30,Hirsch,5,6,11
2025.05.16,21:30,21:45,Hirsch,2,1,3
2025.05.16,21:45,22:00,Hirsch,8,3,11
2025.05.16,22:00,22:15,Hirsch,13,3,16
2025.05.16,22:15,22:30,Hirsch,5,0,5
2025.05.16,22:30,22:45,Hirsch,4,1,5
2025.05.16,22:45,23:00,Hirsch,12,0,12
2025.05.16,23:00,23:15,Hirsch,12,2,14
2025.05.16,23:15,23:30,Hirsch,9,2,11
2025.05.16,23:30,23:45,Hirsch,6,2,8
2025.05.16,23:45,00:00,Hirsch,4,0,4
2025.05.17,00:00,00:15,Hirsch,3,0,3
2025.05.17,00:15,00:30,Hirsch,3,0,3
2025.05.17,00:30,00:45,Hirsch,4,0,4
2025.05.17,00:45,01:00,Hirsch,2,0,2
2025.05.17,01:00,01:15,Hirsch,1,1,2
2025.05.17,01:15,01:30,Hirsch,2,0,2
2025.05.17,01:30,01:45,Hirsch,1,0,1
2025.05.17,01:45,02:00,Hirsch,0,1,1
2025.05.17,02:00,02:15,Hirsch,0,0,0
2025.05.17,02:15,02:30,Hirsch,0,0,0
2025.05.17,02:30,02:45,Hirsch,0,0,0
2025.05.17,02:45,03:00,Hirsch,0,0,0
2025.05.17,03:00,03:15,Hirsch,0,0,0
2025.05.17,03:15,03:30,Hirsch,0,0,0
2025.05.17,03:30,03:45,Hirsch,0,0,0
2025.05.17,03:45,04:00,Hirsch,0,0,0
2025.05.17,04:00,04:15,Hirsch,0,1,1
2025.05.17,04:15,04:30,Hirsch,0,1,1
2025.05.17,04:30,04:45,Hirsch,0,0,0
2025.05.17,04:45,05:00,Hirsch,0,0,0
2025.05.17,05:00,05:15,Hirsch,2,0,2
2025.05.17,05:15,05:30,Hirsch,1,3,4
2025.05.17,05:30,05:45,Hirsch,1,1,2
2025.05.17,05:45,06:00,Hirsch,0,0,0
2025.05.17,06:00,06:15,Hirsch,0,0,0
2025.05.17,06:15,06:30,Hirsch,0,1,1
2025.05.17,06:30,06:45,Hirsch,0,0,0
2025.05.17,06:45,07:00,Hirsch,1,3,4
2025.05.17,07:00,07:15,Hirsch,0,2,2
2025.05.17,07:15,07:30,Hirsch,0,1,1
2025.05.17,07:30,07:45,Hirsch,3,9,12
2025.05.17,07:45,08:00,Hirsch,2,1,3
2025.05.17,08:00,08:15,Hirsch,0,5,5
2025.05.17,08:15,08:30,Hirsch,0,3,3
2025.05.17,08:30,08:45,Hirsch,5,5,10
2025.05.17,08:45,09:00,Hirsch,1,9,10
2025.05.17,09:00,09:15,Hirsch,3,10,13
2025.05.17,09:15,09:30,Hirsch,3,13,16
2025.05.17,09:30,09:45,Hirsch,1,3,4
2025.05.17,09:45,10:00,Hirsch,6,10,16
2025.05.17,10:00,10:15,Hirsch,4,16,20
2025.05.17,10:15,10:30,Hirsch,1,17,18
2025.05.17,10:30,10:45,Hirsch,9,11,20
2025.05.17,10:45,11:00,Hirsch,8,9,17
2025.05.17,11:00,11:15,Hirsch,7,14,21
2025.05.17,11:15,11:30,Hirsch,9,15,24
2025.05.17,11:30,11:45,Hirsch,10,7,17
2025.05.17,11:45,12:00,Hirsch,10,13,23
2025.05.17,12:00,12:15,Hirsch,11,16,27
2025.05.17,12:15,12:30,Hirsch,24,11,35
2025.05.17,12:30,12:45,Hirsch,7,14,21
2025.05.17,12:45,13:00,Hirsch,12,14,26
2025.05.17,13:00,13:15,Hirsch,5,8,13
2025.05.17,13:15,13:30,Hirsch,19,16,35
2025.05.17,13:30,13:45,Hirsch,10,7,17
2025.05.17,13:45,14:00,Hirsch,15,20,35
2025.05.17,14:00,14:15,Hirsch,13,7,20
2025.05.17,14:15,14:30,Hirsch,14,16,30
2025.05.17,14:30,14:45,Hirsch,13,13,26
2025.05.17,14:45,15:00,Hirsch,8,16,24
2025.05.17,15:00,15:15,Hirsch,16,5,21
2025.05.17,15:15,15:30,Hirsch,20,9,29
2025.05.17,15:30,15:45,Hirsch,20,9,29
2025.05.17,15:45,16:00,Hirsch,13,5,18
2025.05.17,16:00,16:15,Hirsch,9,13,22
2025.05.17,16:15,16:30,Hirsch,15,7,22
2025.05.17,16:30,16:45,Hirsch,16,14,30
2025.05.17,16:45,17:00,Hirsch,17,8,25
2025.05.17,17:00,17:15,Hirsch,12,8,20
2025.05.17,17:15,17:30,Hirsch,15,9,24
2025.05.17,17:30,17:45,Hirsch,12,7,19
2025.05.17,17:45,18:00,Hirsch,9,13,22
2025.05.17,18:00,18:15,Hirsch,11,18,29
2025.05.17,18:15,18:30,Hirsch,16,9,25
2025.05.17,18:30,18:45,Hirsch,7,8,15
2025.05.17,18:45,19:00,Hirsch,6,3,9
2025.05.17,19:00,19:15,Hirsch,7,10,17
2025.05.17,19:15,19:30,Hirsch,7,5,12
2025.05.17,19:30,19:45,Hirsch,11,11,22
2025.05.17,19:45,20:00,Hirsch,5,9,14
2025.05.17,20:00,20:15,Hirsch,11,3,14
2025.05.17,20:15,20:30,Hirsch,4,6,10
2025.05.17,20:30,20:45,Hirsch,2,1,3
2025.05.17,20:45,21:00,Hirsch,1,0,1
2025.05.17,21:00,21:15,Hirsch,6,3,9
2025.05.17,21:15,21:30,Hirsch,3,2,5
2025.05.17,21:30,21:45,Hirsch,2,2,4
2025.05.17,21:45,22:00,Hirsch,3,1,4
2025.05.17,22:00,22:15,Hirsch,6,3,9
2025.05.17,22:15,22:30,Hirsch,6,1,7
2025.05.17,22:30,22:45,Hirsch,6,0,6
2025.05.17,22:45,23:00,Hirsch,3,0,3
2025.05.17,23:00,23:15,Hirsch,0,0,0
2025.05.17,23:15,23:30,Hirsch,1,0,1
2025.05.17,23:30,23:45,Hirsch,5,3,8
2025.05.17,23:45,00:00,Hirsch,2,0,2
2025.05.18,00:00,00:15,Hirsch,5,0,5
2025.05.18,00:15,00:30,Hirsch,2,0,2
2025.05.18,00:30,00:45,Hirsch,0,1,1
2025.05.18,00:45,01:00,Hirsch,2,0,2
2025.05.18,01:00,01:15,Hirsch,0,1,1
2025.05.18,01:15,01:30,Hirsch,0,2,2
2025.05.18,01:30,01:45,Hirsch,3,0,3
2025.05.18,01:45,02:00,Hirsch,0,0,0
2025.05.18,02:00,02:15,Hirsch,2,3,5
2025.05.18,02:15,02:30,Hirsch,1,0,1
2025.05.18,02:30,02:45,Hirsch,0,1,1
2025.05.18,02:45,03:00,Hirsch,0,2,2
2025.05.18,03:00,03:15,Hirsch,0,0,0
2025.05.18,03:15,03:30,Hirsch,0,0,0
2025.05.18,03:30,03:45,Hirsch,0,0,0
2025.05.18,03:45,04:00,Hirsch,0,0,0
2025.05.18,04:00,04:15,Hirsch,0,0,0
2025.05.18,04:15,04:30,Hirsch,0,1,1
2025.05.18,04:30,04:45,Hirsch,0,0,0
2025.05.18,04:45,05:00,Hirsch,0,0,0
2025.05.18,05:00,05:15,Hirsch,0,1,1
2025.05.18,05:15,05:30,Hirsch,0,4,4
2025.05.18,05:30,05:45,Hirsch,0,0,0
2025.05.18,05:45,06:00,Hirsch,0,0,0
2025.05.18,06:00,06:15,Hirsch,1,0,1
2025.05.18,06:15,06:30,Hirsch,0,0,0
2025.05.18,06:30,06:45,Hirsch,1,0,1
2025.05.18,06:45,07:00,Hirsch,0,0,0
2025.05.18,07:00,07:15,Hirsch,3,1,4
2025.05.18,07:15,07:30,Hirsch,3,3,6
2025.05.18,07:30,07:45,Hirsch,1,4,5
2025.05.18,07:45,08:00,Hirsch,2,1,3
2025.05.18,08:00,08:15,Hirsch,1,3,4
2025.05.18,08:15,08:30,Hirsch,2,1,3
2025.05.18,08:30,08:45,Hirsch,2,2,4
2025.05.18,08:45,09:00,Hirsch,5,4,9
2025.05.18,09:00,09:15,Hirsch,0,2,2
2025.05.18,09:15,09:30,Hirsch,4,12,16
2025.05.18,09:30,09:45,Hirsch,7,7,14
2025.05.18,09:45,10:00,Hirsch,1,6,7
2025.05.18,10:00,10:15,Hirsch,4,4,8
2025.05.18,10:15,10:30,Hirsch,2,6,8
2025.05.18,10:30,10:45,Hirsch,14,4,18
2025.05.18,10:45,11:00,Hirsch,9,7,16
2025.05.18,11:00,11:15,Hirsch,11,2,13
2025.05.18,11:15,11:30,Hirsch,9,11,20
2025.05.18,11:30,11:45,Hirsch,7,15,22
2025.05.18,11:45,12:00,Hirsch,12,11,23
2025.05.18,12:00,12:15,Hirsch,5,2,7
2025.05.18,12:15,12:30,Hirsch,12,6,18
2025.05.18,12:30,12:45,Hirsch,6,7,13
2025.05.18,12:45,13:00,Hirsch,7,12,19
2025.05.18,13:00,13:15,Hirsch,11,13,24
2025.05.18,13:15,13:30,Hirsch,11,11,22
2025.05.18,13:30,13:45,Hirsch,15,12,27
2025.05.18,13:45,14:00,Hirsch,9,9,18
2025.05.18,14:00,14:15,Hirsch,26,12,38
2025.05.18,14:15,14:30,Hirsch,15,11,26
2025.05.18,14:30,14:45,Hirsch,21,13,34
2025.05.18,14:45,15:00,Hirsch,20,13,33
2025.05.18,15:00,15:15,Hirsch,12,7,19
2025.05.18,15:15,15:30,Hirsch,14,16,30
2025.05.18,15:30,15:45,Hirsch,37,7,44
2025.05.18,15:45,16:00,Hirsch,40,13,53
2025.05.18,16:00,16:15,Hirsch,39,9,48
2025.05.18,16:15,16:30,Hirsch,48,14,62
2025.05.18,16:30,16:45,Hirsch,48,19,67
2025.05.18,16:45,17:00,Hirsch,57,22,79
2025.05.18,17:00,17:15,Hirsch,40,17,57
2025.05.18,17:15,17:30,Hirsch,24,21,45
2025.05.18,17:30,17:45,Hirsch,20,20,40
2025.05.18,17:45,18:00,Hirsch,18,27,45
2025.05.18,18:00,18:15,Hirsch,10,11,21
2025.05.18,18:15,18:30,Hirsch,22,10,32
2025.05.18,18:30,18:45,Hirsch,10,11,21
2025.05.18,18:45,19:00,Hirsch,5,7,12
2025.05.18,19:00,19:15,Hirsch,18,8,26
2025.05.18,19:15,19:30,Hirsch,10,9,19
2025.05.18,19:30,19:45,Hirsch,2,10,12
2025.05.18,19:45,20:00,Hirsch,11,5,16
2025.05.18,20:00,20:15,Hirsch,4,3,7
2025.05.18,20:15,20:30,Hirsch,2,3,5
2025.05.18,20:30,20:45,Hirsch,3,9,12
2025.05.18,20:45,21:00,Hirsch,5,8,13
2025.05.18,21:00,21:15,Hirsch,10,2,12
2025.05.18,21:15,21:30,Hirsch,9,2,11
2025.05.18,21:30,21:45,Hirsch,1,3,4
2025.05.18,21:45,22:00,Hirsch,3,1,4
2025.05.18,22:00,22:15,Hirsch,6,1,7
2025.05.18,22:15,22:30,Hirsch,1,2,3
2025.05.18,22:30,22:45,Hirsch,3,0,3
2025.05.18,22:45,23:00,Hirsch,0,0,0
2025.05.18,23:00,23:15,Hirsch,1,0,1
2025.05.18,23:15,23:30,Hirsch,0,0,0
2025.05.18,23:30,23:45,Hirsch,1,0,1
2025.05.18,23:45,00:00,Hirsch,0,1,1
2025.05.19,00:00,00:15,Hirsch,0,0,0
2025.05.19,00:15,00:30,Hirsch,2,0,2
2025.05.19,00:30,00:45,Hirsch,1,0,1
2025.05.19,00:45,01:00,Hirsch,2,0,2
2025.05.19,01:00,01:15,Hirsch,0,0,0
2025.05.19,01:15,01:30,Hirsch,0,0,0
2025.05.19,01:30,01:45,Hirsch,0,0,0
2025.05.19,01:45,02:00,Hirsch,1,0,1
2025.05.19,02:00,02:15,Hirsch,0,0,0
2025.05.19,02:15,02:30,Hirsch,0,0,0
2025.05.19,02:30,02:45,Hirsch,0,0,0
2025.05.19,02:45,03:00,Hirsch,0,1,1
2025.05.19,03:00,03:15,Hirsch,0,0,0
2025.05.19,03:15,03:30,Hirsch,0,0,0
2025.05.19,03:30,03:45,Hirsch,0,0,0
2025.05.19,03:45,04:00,Hirsch,0,0,0
2025.05.19,04:00,04:15,Hirsch,0,0,0
2025.05.19,04:15,04:30,Hirsch,0,0,0
2025.05.19,04:30,04:45,Hirsch,0,0,0
2025.05.19,04:45,05:00,Hirsch,0,2,2
2025.05.19,05:00,05:15,Hirsch,1,1,2
2025.05.19,05:15,05:30,Hirsch,1,6,7
2025.05.19,05:30,05:45,Hirsch,1,7,8
2025.05.19,05:45,06:00,Hirsch,1,5,6
2025.05.19,06:00,06:15,Hirsch,1,10,11
2025.05.19,06:15,06:30,Hirsch,3,11,14
2025.05.19,06:30,06:45,Hirsch,3,22,25
2025.05.19,06:45,07:00,Hirsch,8,30,38
2025.05.19,07:00,07:15,Hirsch,11,37,48
2025.05.19,07:15,07:30,Hirsch,10,69,79
2025.05.19,07:30,07:45,Hirsch,9,74,83
2025.05.19,07:45,08:00,Hirsch,23,91,114
2025.05.19,08:00,08:15,Hirsch,7,114,121
2025.05.19,08:15,08:30,Hirsch,15,124,139
2025.05.19,08:30,08:45,Hirsch,14,118,132
2025.05.19,08:45,09:00,Hirsch,9,75,84
2025.05.19,09:00,09:15,Hirsch,6,57,63
2025.05.19,09:15,09:30,Hirsch,9,38,47
2025.05.19,09:30,09:45,Hirsch,10,21,31
2025.05.19,09:45,10:00,Hirsch,5,29,34
2025.05.19,10:00,10:15,Hirsch,9,15,24
2025.05.19,10:15,10:30,Hirsch,6,13,19
2025.05.19,10:30,10:45,Hirsch,11,9,20
2025.05.19,10:45,11:00,Hirsch,4,14,18
2025.05.19,11:00,11:15,Hirsch,7,14,21
2025.05.19,11:15,11:30,Hirsch,12,7,19
2025.05.19,11:30,11:45,Hirsch,3,10,13
2025.05.19,11:45,12:00,Hirsch,9,7,16
2025.05.19,12:00,12:15,Hirsch,12,7,19
2025.05.19,12:15,12:30,Hirsch,5,10,15
2025.05.19,12:30,12:45,Hirsch,9,14,23
2025.05.19,12:45,13:00,Hirsch,11,11,22
2025.05.19,13:00,13:15,Hirsch,11,8,19
2025.05.19,13:15,13:30,Hirsch,14,17,31
2025.05.19,13:30,13:45,Hirsch,19,10,29
2025.05.19,13:45,14:00,Hirsch,25,3,28
2025.05.19,14:00,14:15,Hirsch,21,4,25
2025.05.19,14:15,14:30,Hirsch,22,9,31
2025.05.19,14:30,14:45,Hirsch,14,8,22
2025.05.19,14:45,15:00,Hirsch,28,12,40
2025.05.19,15:00,15:15,Hirsch,14,10,24
2025.05.19,15:15,15:30,Hirsch,30,11,41
2025.05.19,15:30,15:45,Hirsch,42,14,56
2025.05.19,15:45,16:00,Hirsch,43,14,57
2025.05.19,16:00,16:15,Hirsch,33,13,46
2025.05.19,16:15,16:30,Hirsch,41,15,56
2025.05.19,16:30,16:45,Hirsch,41,8,49
2025.05.19,16:45,17:00,Hirsch,48,15,63
2025.05.19,17:00,17:15,Hirsch,55,30,85
2025.05.19,17:15,17:30,Hirsch,63,18,81
2025.05.19,17:30,17:45,Hirsch,72,29,101
2025.05.19,17:45,18:00,Hirsch,62,20,82
2025.05.19,18:00,18:15,Hirsch,60,26,86
2025.05.19,18:15,18:30,Hirsch,61,21,82
2025.05.19,18:30,18:45,Hirsch,68,37,105
2025.05.19,18:45,19:00,Hirsch,55,21,76
2025.05.19,19:00,19:15,Hirsch,43,18,61
2025.05.19,19:15,19:30,Hirsch,45,14,59
2025.05.19,19:30,19:45,Hirsch,23,19,42
2025.05.19,19:45,20:00,Hirsch,44,13,57
2025.05.19,20:00,20:15,Hirsch,31,16,47
2025.05.19,20:15,20:30,Hirsch,27,20,47
2025.05.19,20:30,20:45,Hirsch,11,9,20
2025.05.19,20:45,21:00,Hirsch,20,5,25
2025.05.19,21:00,21:15,Hirsch,9,4,13
2025.05.19,21:15,21:30,Hirsch,22,5,27
2025.05.19,21:30,21:45,Hirsch,8,8,16
2025.05.19,21:45,22:00,Hirsch,16,0,16
2025.05.19,22:00,22:15,Hirsch,8,2,10
2025.05.19,22:15,22:30,Hirsch,13,5,18
2025.05.19,22:30,22:45,Hirsch,10,1,11
2025.05.19,22:45,23:00,Hirsch,14,0,14
2025.05.19,23:00,23:15,Hirsch,11,1,12
2025.05.19,23:15,23:30,Hirsch,6,0,6
2025.05.19,23:30,23:45,Hirsch,0,1,1
2025.05.19,23:45,00:00,Hirsch,2,0,2
2025.05.20,00:00,00:15,Hirsch,1,2,3
2025.05.20,00:15,00:30,Hirsch,2,0,2
2025.05.20,00:30,00:45,Hirsch,0,0,0
2025.05.20,00:45,01:00,Hirsch,3,0,3
2025.05.20,01:00,01:15,Hirsch,0,1,1
2025.05.20,01:15,01:30,Hirsch,0,0,0
2025.05.20,01:30,01:45,Hirsch,0,0,0
2025.05.20,01:45,02:00,Hirsch,1,1,2
2025.05.20,02:00,02:15,Hirsch,0,0,0
2025.05.20,02:15,02:30,Hirsch,0,0,0
2025.05.20,02:30,02:45,Hirsch,0,0,0
2025.05.20,02:45,03:00,Hirsch,1,0,1
2025.05.20,03:00,03:15,Hirsch,0,0,0
2025.05.20,03:15,03:30,Hirsch,0,0,0
2025.05.20,03:30,03:45,Hirsch,0,0,0
2025.05.20,03:45,04:00,Hirsch,0,0,0
2025.05.20,04:00,04:15,Hirsch,0,1,1
2025.05.20,04:15,04:30,Hirsch,0,0,0
2025.05.20,04:30,04:45,Hirsch,1,0,1
2025.05.20,04:45,05:00,Hirsch,0,1,1
2025.05.20,05:00,05:15,Hirsch,1,4,5
2025.05.20,05:15,05:30,Hirsch,0,2,2
2025.05.20,05:30,05:45,Hirsch,4,13,17
2025.05.20,05:45,06:00,Hirsch,0,14,14
2025.05.20,06:00,06:15,Hirsch,2,12,14
2025.05.20,06:15,06:30,Hirsch,3,14,17
2025.05.20,06:30,06:45,Hirsch,2,21,23
2025.05.20,06:45,07:00,Hirsch,5,36,41
2025.05.20,07:00,07:15,Hirsch,6,46,52
2025.05.20,07:15,07:30,Hirsch,10,72,82
2025.05.20,07:30,07:45,Hirsch,11,81,92
2025.05.20,07:45,08:00,Hirsch,19,98,117
2025.05.20,08:00,08:15,Hirsch,13,124,137
2025.05.20,08:15,08:30,Hirsch,11,128,139
2025.05.20,08:30,08:45,Hirsch,12,114,126
2025.05.20,08:45,09:00,Hirsch,15,102,117
2025.05.20,09:00,09:15,Hirsch,8,64,72
2025.05.20,09:15,09:30,Hirsch,8,41,49
2025.05.20,09:30,09:45,Hirsch,16,40,56
2025.05.20,09:45,10:00,Hirsch,8,22,30
2025.05.20,10:00,10:15,Hirsch,7,14,21
2025.05.20,10:15,10:30,Hirsch,10,15,25
2025.05.20,10:30,10:45,Hirsch,6,18,24
2025.05.20,10:45,11:00,Hirsch,6,22,28
2025.05.20,11:00,11:15,Hirsch,12,9,21
2025.05.20,11:15,11:30,Hirsch,13,11,24
2025.05.20,11:30,11:45,Hirsch,4,8,12
2025.05.20,11:45,12:00,Hirsch,20,11,31
2025.05.20,12:00,12:15,Hirsch,8,8,16
2025.05.20,12:15,12:30,Hirsch,10,10,20
2025.05.20,12:30,12:45,Hirsch,11,18,29
2025.05.20,12:45,13:00,Hirsch,11,10,21
2025.05.20,13:00,13:15,Hirsch,14,11,25
2025.05.20,13:15,13:30,Hirsch,27,19,46
2025.05.20,13:30,13:45,Hirsch,16,19,35
2025.05.20,13:45,14:00,Hirsch,15,6,21
2025.05.20,14:00,14:15,Hirsch,19,7,26
2025.05.20,14:15,14:30,Hirsch,24,6,30
2025.05.20,14:30,14:45,Hirsch,25,14,39
2025.05.20,14:45,15:00,Hirsch,31,11,42
2025.05.20,15:00,15:15,Hirsch,28,13,41
2025.05.20,15:15,15:30,Hirsch,35,9,44
2025.05.20,15:30,15:45,Hirsch,38,15,53
2025.05.20,15:45,16:00,Hirsch,44,9,53
2025.05.20,16:00,16:15,Hirsch,39,6,45
2025.05.20,16:15,16:30,Hirsch,46,12,58
2025.05.20,16:30,16:45,Hirsch,57,12,69
2025.05.20,16:45,17:00,Hirsch,58,17,75
2025.05.20,17:00,17:15,Hirsch,60,18,78
2025.05.20,17:15,17:30,Hirsch,62,18,80
2025.05.20,17:30,17:45,Hirsch,47,22,69
2025.05.20,17:45,18:00,Hirsch,77,39,116
2025.05.20,18:00,18:15,Hirsch,65,10,75
2025.05.20,18:15,18:30,Hirsch,70,26,96
2025.05.20,18:30,18:45,Hirsch,54,20,74
2025.05.20,18:45,19:00,Hirsch,64,31,95
2025.05.20,19:00,19:15,Hirsch,39,26,65
2025.05.20,19:15,19:30,Hirsch,37,14,51
2025.05.20,19:30,19:45,Hirsch,35,14,49
2025.05.20,19:45,20:00,Hirsch,26,12,38
2025.05.20,20:00,20:15,Hirsch,20,15,35
2025.05.20,20:15,20:30,Hirsch,27,13,40
2025.05.20,20:30,20:45,Hirsch,17,8,25
2025.05.20,20:45,21:00,Hirsch,15,13,28
2025.05.20,21:00,21:15,Hirsch,15,4,19
2025.05.20,21:15,21:30,Hirsch,16,1,17
2025.05.20,21:30,21:45,Hirsch,20,3,23
2025.05.20,21:45,22:00,Hirsch,23,3,26
2025.05.20,22:00,22:15,Hirsch,23,7,30
2025.05.20,22:15,22:30,Hirsch,10,8,18
2025.05.20,22:30,22:45,Hirsch,8,0,8
2025.05.20,22:45,23:00,Hirsch,21,1,22
2025.05.20,23:00,23:15,Hirsch,10,1,11
2025.05.20,23:15,23:30,Hirsch,5,1,6
2025.05.20,23:30,23:45,Hirsch,4,2,6
2025.05.20,23:45,00:00,Hirsch,7,2,9
2025.05.21,00:00,00:15,Hirsch,4,0,4
2025.05.21,00:15,00:30,Hirsch,2,0,2
2025.05.21,00:30,00:45,Hirsch,0,1,1
2025.05.21,00:45,01:00,Hirsch,1,1,2
2025.05.21,01:00,01:15,Hirsch,0,0,0
2025.05.21,01:15,01:30,Hirsch,0,0,0
2025.05.21,01:30,01:45,Hirsch,0,0,0
2025.05.21,01:45,02:00,Hirsch,0,0,0
2025.05.21,02:00,02:15,Hirsch,0,0,0
2025.05.21,02:15,02:30,Hirsch,0,1,1
2025.05.21,02:30,02:45,Hirsch,0,0,0
2025.05.21,02:45,03:00,Hirsch,0,0,0
2025.05.21,03:00,03:15,Hirsch,1,0,1
2025.05.21,03:15,03:30,Hirsch,0,0,0
2025.05.21,03:30,03:45,Hirsch,0,0,0
2025.05.21,03:45,04:00,Hirsch,1,0,1
2025.05.21,04:00,04:15,Hirsch,0,1,1
2025.05.21,04:15,04:30,Hirsch,0,0,0
2025.05.21,04:30,04:45,Hirsch,0,0,0
2025.05.21,04:45,05:00,Hirsch,0,0,0
2025.05.21,05:00,05:15,Hirsch,1,2,3
2025.05.21,05:15,05:30,Hirsch,0,2,2
2025.05.21,05:30,05:45,Hirsch,1,7,8
2025.05.21,05:45,06:00,Hirsch,0,12,12
2025.05.21,06:00,06:15,Hirsch,3,6,9
2025.05.21,06:15,06:30,Hirsch,0,13,13
2025.05.21,06:30,06:45,Hirsch,3,17,20
2025.05.21,06:45,07:00,Hirsch,5,28,33
2025.05.21,07:00,07:15,Hirsch,5,33,38
2025.05.21,07:15,07:30,Hirsch,12,50,62
2025.05.21,07:30,07:45,Hirsch,10,80,90
2025.05.21,07:45,08:00,Hirsch,11,80,91
2025.05.21,08:00,08:15,Hirsch,7,88,95
2025.05.21,08:15,08:30,Hirsch,18,97,115
2025.05.21,08:30,08:45,Hirsch,8,99,107
2025.05.21,08:45,09:00,Hirsch,7,60,67
2025.05.21,09:00,09:15,Hirsch,4,53,57
2025.05.21,09:15,09:30,Hirsch,8,38,46
2025.05.21,09:30,09:45,Hirsch,5,25,30
2025.05.21,09:45,10:00,Hirsch,4,12,16
2025.05.21,10:00,10:15,Hirsch,7,11,18
2025.05.21,10:15,10:30,Hirsch,9,6,15
2025.05.21,10:30,10:45,Hirsch,11,8,19
2025.05.21,10:45,11:00,Hirsch,6,12,18
2025.05.21,11:00,11:15,Hirsch,8,6,14
2025.05.21,11:15,11:30,Hirsch,2,8,10
2025.05.21,11:30,11:45,Hirsch,3,6,9
2025.05.21,11:45,12:00,Hirsch,21,11,32
2025.05.21,12:00,12:15,Hirsch,8,8,16
2025.05.21,12:15,12:30,Hirsch,6,7,13
2025.05.21,12:30,12:45,Hirsch,5,12,17
2025.05.21,12:45,13:00,Hirsch,10,10,20
2025.05.21,13:00,13:15,Hirsch,9,7,16
2025.05.21,13:15,13:30,Hirsch,14,11,25
2025.05.21,13:30,13:45,Hirsch,19,3,22
2025.05.21,13:45,14:00,Hirsch,21,6,27
2025.05.21,14:00,14:15,Hirsch,15,5,20
2025.05.21,14:15,14:30,Hirsch,17,6,23
2025.05.21,14:30,14:45,Hirsch,13,5,18
2025.05.21,14:45,15:00,Hirsch,30,23,53
2025.05.21,15:00,15:15,Hirsch,19,4,23
2025.05.21,15:15,15:30,Hirsch,23,5,28
2025.05.21,15:30,15:45,Hirsch,33,9,42
2025.05.21,15:45,16:00,Hirsch,38,7,45
2025.05.21,16:00,16:15,Hirsch,40,7,47
2025.05.21,16:15,16:30,Hirsch,34,6,40
2025.05.21,16:30,16:45,Hirsch,27,17,44
2025.05.21,16:45,17:00,Hirsch,44,12,56
2025.05.21,17:00,17:15,Hirsch,48,6,54
2025.05.21,17:15,17:30,Hirsch,45,13,58
2025.05.21,17:30,17:45,Hirsch,69,16,85
2025.05.21,17:45,18:00,Hirsch,50,21,71
2025.05.21,18:00,18:15,Hirsch,49,8,57
2025.05.21,18:15,18:30,Hirsch,48,21,69
2025.05.21,18:30,18:45,Hirsch,40,20,60
2025.05.21,18:45,19:00,Hirsch,34,8,42
2025.05.21,19:00,19:15,Hirsch,32,14,46
2025.05.21,19:15,19:30,Hirsch,19,11,30
2025.05.21,19:30,19:45,Hirsch,15,12,27
2025.05.21,19:45,20:00,Hirsch,24,8,32
2025.05.21,20:00,20:15,Hirsch,13,7,20
2025.05.21,20:15,20:30,Hirsch,17,1,18
2025.05.21,20:30,20:45,Hirsch,13,2,15
2025.05.21,20:45,21:00,Hirsch,8,3,11
2025.05.21,21:00,21:15,Hirsch,9,2,11
2025.05.21,21:15,21:30,Hirsch,12,4,16
2025.05.21,21:30,21:45,Hirsch,14,3,17
2025.05.21,21:45,22:00,Hirsch,8,4,12
2025.05.21,22:00,22:15,Hirsch,18,2,20
2025.05.21,22:15,22:30,Hirsch,10,4,14
2025.05.21,22:30,22:45,Hirsch,3,1,4
2025.05.21,22:45,23:00,Hirsch,7,1,8
2025.05.21,23:00,23:15,Hirsch,5,1,6
2025.05.21,23:15,23:30,Hirsch,5,0,5
2025.05.21,23:30,23:45,Hirsch,4,0,4
2025.05.21,23:45,00:00,Hirsch,3,1,4
2025.05.22,00:00,00:15,Hirsch,0,0,0
2025.05.22,00:15,00:30,Hirsch,0,0,0
2025.05.22,00:30,00:45,Hirsch,3,1,4
2025.05.22,00:45,01:00,Hirsch,0,0,0
2025.05.22,01:00,01:15,Hirsch,1,0,1
2025.05.22,01:15,01:30,Hirsch,1,0,1
2025.05.22,01:30,01:45,Hirsch,0,0,0
2025.05.22,01:45,02:00,Hirsch,0,0,0
2025.05.22,02:00,02:15,Hirsch,0,0,0
2025.05.22,02:15,02:30,Hirsch,0,0,0
2025.05.22,02:30,02:45,Hirsch,0,0,0
2025.05.22,02:45,03:00,Hirsch,0,1,1
2025.05.22,03:00,03:15,Hirsch,1,0,1
2025.05.22,03:15,03:30,Hirsch,0,0,0
2025.05.22,03:30,03:45,Hirsch,0,0,0
2025.05.22,03:45,04:00,Hirsch,0,0,0
2025.05.22,04:00,04:15,Hirsch,0,0,0
2025.05.22,04:15,04:30,Hirsch,0,0,0
2025.05.22,04:30,04:45,Hirsch,0,0,0
2025.05.22,04:45,05:00,Hirsch,0,0,0
2025.05.22,05:00,05:15,Hirsch,1,2,3
2025.05.22,05:15,05:30,Hirsch,0,4,4
2025.05.22,05:30,05:45,Hirsch,1,4,5
2025.05.22,05:45,06:00,Hirsch,1,6,7
2025.05.22,06:00,06:15,Hirsch,0,10,10
2025.05.22,06:15,06:30,Hirsch,1,5,6
2025.05.22,06:30,06:45,Hirsch,0,10,10
2025.05.22,06:45,07:00,Hirsch,2,14,16
2025.05.22,07:00,07:15,Hirsch,2,19,21
2025.05.22,07:15,07:30,Hirsch,4,22,26
2025.05.22,07:30,07:45,Hirsch,9,47,56
2025.05.22,07:45,08:00,Hirsch,10,53,63
2025.05.22,08:00,08:15,Hirsch,9,58,67
2025.05.22,08:15,08:30,Hirsch,8,69,77
2025.05.22,08:30,08:45,Hirsch,11,55,66
2025.05.22,08:45,09:00,Hirsch,5,41,46
2025.05.22,09:00,09:15,Hirsch,4,24,28
2025.05.22,09:15,09:30,Hirsch,6,24,30
2025.05.22,09:30,09:45,Hirsch,7,34,41
2025.05.22,09:45,10:00,Hirsch,3,7,10
2025.05.22,10:00,10:15,Hirsch,3,7,10
2025.05.22,10:15,10:30,Hirsch,1,8,9
2025.05.22,10:30,10:45,Hirsch,7,9,16
2025.05.22,10:45,11:00,Hirsch,4,9,13
2025.05.22,11:00,11:15,Hirsch,7,10,17
2025.05.22,11:15,11:30,Hirsch,0,8,8
2025.05.22,11:30,11:45,Hirsch,4,6,10
2025.05.22,11:45,12:00,Hirsch,6,5,11
2025.05.22,12:00,12:15,Hirsch,6,11,17
2025.05.22,12:15,12:30,Hirsch,8,7,15
2025.05.22,12:30,12:45,Hirsch,6,5,11
2025.05.22,12:45,13:00,Hirsch,5,4,9
2025.05.22,13:00,13:15,Hirsch,4,3,7
2025.05.22,13:15,13:30,Hirsch,11,6,17
2025.05.22,13:30,13:45,Hirsch,13,5,18
2025.05.22,13:45,14:00,Hirsch,15,5,20
2025.05.22,14:00,14:15,Hirsch,6,4,10
2025.05.22,14:15,14:30,Hirsch,12,1,13
2025.05.22,14:30,14:45,Hirsch,11,4,15
2025.05.22,14:45,15:00,Hirsch,15,2,17
2025.05.22,15:00,15:15,Hirsch,12,5,17
2025.05.22,15:15,15:30,Hirsch,13,9,22
2025.05.22,15:30,15:45,Hirsch,12,7,19
2025.05.22,15:45,16:00,Hirsch,23,7,30
2025.05.22,16:00,16:15,Hirsch,11,4,15
2025.05.22,16:15,16:30,Hirsch,14,5,19
2025.05.22,16:30,16:45,Hirsch,28,2,30
2025.05.22,16:45,17:00,Hirsch,19,7,26
2025.05.22,17:00,17:15,Hirsch,28,10,38
2025.05.22,17:15,17:30,Hirsch,21,7,28
2025.05.22,17:30,17:45,Hirsch,31,9,40
2025.05.22,17:45,18:00,Hirsch,39,11,50
2025.05.22,18:00,18:15,Hirsch,29,12,41
2025.05.22,18:15,18:30,Hirsch,33,4,37
2025.05.22,18:30,18:45,Hirsch,45,7,52
2025.05.22,18:45,19:00,Hirsch,22,10,32
2025.05.22,19:00,19:15,Hirsch,18,5,23
2025.05.22,19:15,19:30,Hirsch,12,8,20
2025.05.22,19:30,19:45,Hirsch,12,8,20
2025.05.22,19:45,20:00,Hirsch,13,6,19
2025.05.22,20:00,20:15,Hirsch,6,4,10
2025.05.22,20:15,20:30,Hirsch,8,2,10
2025.05.22,20:30,20:45,Hirsch,8,4,12
2025.05.22,20:45,21:00,Hirsch,12,3,15
2025.05.22,21:00,21:15,Hirsch,5,4,9
2025.05.22,21:15,21:30,Hirsch,9,0,9
2025.05.22,21:30,21:45,Hirsch,10,1,11
2025.05.22,21:45,22:00,Hirsch,8,2,10
2025.05.22,22:00,22:15,Hirsch,7,4,11
2025.05.22,22:15,22:30,Hirsch,11,1,12
2025.05.22,22:30,22:45,Hirsch,5,1,6
2025.05.22,22:45,23:00,Hirsch,4,1,5
2025.05.22,23:00,23:15,Hirsch,3,2,5
2025.05.22,23:15,23:30,Hirsch,8,0,8
2025.05.22,23:30,23:45,Hirsch,13,1,14
2025.05.22,23:45,00:00,Hirsch,4,1,5
2025.05.23,00:00,00:15,Hirsch,5,0,5
2025.05.23,00:15,00:30,Hirsch,0,0,0
2025.05.23,00:30,00:45,Hirsch,3,1,4
2025.05.23,00:45,01:00,Hirsch,1,2,3
2025.05.23,01:00,01:15,Hirsch,2,0,2
2025.05.23,01:15,01:30,Hirsch,1,0,1
2025.05.23,01:30,01:45,Hirsch,0,0,0
2025.05.23,01:45,02:00,Hirsch,1,0,1
2025.05.23,02:00,02:15,Hirsch,0,0,0
2025.05.23,02:15,02:30,Hirsch,0,0,0
2025.05.23,02:30,02:45,Hirsch,1,0,1
2025.05.23,02:45,03:00,Hirsch,0,0,0
2025.05.23,03:00,03:15,Hirsch,0,0,0
2025.05.23,03:15,03:30,Hirsch,0,0,0
2025.05.23,03:30,03:45,Hirsch,0,0,0
2025.05.23,03:45,04:00,Hirsch,1,0,1
2025.05.23,04:00,04:15,Hirsch,0,0,0
2025.05.23,04:15,04:30,Hirsch,0,0,0
2025.05.23,04:30,04:45,Hirsch,0,2,2
2025.05.23,04:45,05:00,Hirsch,0,0,0
2025.05.23,05:00,05:15,Hirsch,2,3,5
2025.05.23,05:15,05:30,Hirsch,0,3,3
2025.05.23,05:30,05:45,Hirsch,1,3,4
2025.05.23,05:45,06:00,Hirsch,0,7,7
2025.05.23,06:00,06:15,Hirsch,0,9,9
2025.05.23,06:15,06:30,Hirsch,1,6,7
2025.05.23,06:30,06:45,Hirsch,2,12,14
2025.05.23,06:45,07:00,Hirsch,1,18,19
2025.05.23,07:00,07:15,Hirsch,2,22,24
2025.05.23,07:15,07:30,Hirsch,10,32,42
2025.05.23,07:30,07:45,Hirsch,13,42,55
2025.05.23,07:45,08:00,Hirsch,8,55,63
2025.05.23,08:00,08:15,Hirsch,15,43,58
2025.05.23,08:15,08:30,Hirsch,7,74,81
2025.05.23,08:30,08:45,Hirsch,10,53,63
2025.05.23,08:45,09:00,Hirsch,6,48,54
2025.05.23,09:00,09:15,Hirsch,5,22,27
2025.05.23,09:15,09:30,Hirsch,1,29,30
2025.05.23,09:30,09:45,Hirsch,6,27,33
2025.05.23,09:45,10:00,Hirsch,8,13,21
2025.05.23,10:00,10:15,Hirsch,4,5,9
2025.05.23,10:15,10:30,Hirsch,5,9,14
2025.05.23,10:30,10:45,Hirsch,10,6,16
2025.05.23,10:45,11:00,Hirsch,4,4,8
2025.05.23,11:00,11:15,Hirsch,6,9,15
2025.05.23,11:15,11:30,Hirsch,9,6,15
2025.05.23,11:30,11:45,Hirsch,6,13,19
2025.05.23,11:45,12:00,Hirsch,6,9,15
2025.05.23,12:00,12:15,Hirsch,10,7,17
2025.05.23,12:15,12:30,Hirsch,5,11,16
2025.05.23,12:30,12:45,Hirsch,11,2,13
2025.05.23,12:45,13:00,Hirsch,10,3,13
2025.05.23,13:00,13:15,Hirsch,9,2,11
2025.05.23,13:15,13:30,Hirsch,19,5,24
2025.05.23,13:30,13:45,Hirsch,20,4,24
2025.05.23,13:45,14:00,Hirsch,18,5,23
2025.05.23,14:00,14:15,Hirsch,13,4,17
2025.05.23,14:15,14:30,Hirsch,22,3,25
2025.05.23,14:30,14:45,Hirsch,22,8,30
2025.05.23,14:45,15:00,Hirsch,23,6,29
2025.05.23,15:00,15:15,Hirsch,18,6,24
2025.05.23,15:15,15:30,Hirsch,25,7,32
2025.05.23,15:30,15:45,Hirsch,23,2,25
2025.05.23,15:45,16:00,Hirsch,28,12,40
2025.05.23,16:00,16:15,Hirsch,17,17,34
2025.05.23,16:15,16:30,Hirsch,28,12,40
2025.05.23,16:30,16:45,Hirsch,33,10,43
2025.05.23,16:45,17:00,Hirsch,27,14,41
2025.05.23,17:00,17:15,Hirsch,24,12,36
2025.05.23,17:15,17:30,Hirsch,25,8,33
2025.05.23,17:30,17:45,Hirsch,22,12,34
2025.05.23,17:45,18:00,Hirsch,29,12,41
2025.05.23,18:00,18:15,Hirsch,21,14,35
2025.05.23,18:15,18:30,Hirsch,31,13,44
2025.05.23,18:30,18:45,Hirsch,30,11,41
2025.05.23,18:45,19:00,Hirsch,16,10,26
2025.05.23,19:00,19:15,Hirsch,13,8,21
2025.05.23,19:15,19:30,Hirsch,18,19,37
2025.05.23,19:30,19:45,Hirsch,7,15,22
2025.05.23,19:45,20:00,Hirsch,15,12,27
2025.05.23,20:00,20:15,Hirsch,7,6,13
2025.05.23,20:15,20:30,Hirsch,7,4,11
2025.05.23,20:30,20:45,Hirsch,5,4,9
2025.05.23,20:45,21:00,Hirsch,1,8,9
2025.05.23,21:00,21:15,Hirsch,7,5,12
2025.05.23,21:15,21:30,Hirsch,5,3,8
2025.05.23,21:30,21:45,Hirsch,3,7,10
2025.05.23,21:45,22:00,Hirsch,5,1,6
2025.05.23,22:00,22:15,Hirsch,8,8,16
2025.05.23,22:15,22:30,Hirsch,9,1,10
2025.05.23,22:30,22:45,Hirsch,3,2,5
2025.05.23,22:45,23:00,Hirsch,3,2,5
2025.05.23,23:00,23:15,Hirsch,8,1,9
2025.05.23,23:15,23:30,Hirsch,2,0,2
2025.05.23,23:30,23:45,Hirsch,7,0,7
2025.05.23,23:45,00:00,Hirsch,4,0,4
2025.05.24,00:00,00:15,Hirsch,9,1,10
2025.05.24,00:15,00:30,Hirsch,1,0,1
2025.05.24,00:30,00:45,Hirsch,3,0,3
2025.05.24,00:45,01:00,Hirsch,2,2,4
2025.05.24,01:00,01:15,Hirsch,1,1,2
2025.05.24,01:15,01:30,Hirsch,2,1,3
2025.05.24,01:30,01:45,Hirsch,0,0,0
2025.05.24,01:45,02:00,Hirsch,1,0,1
2025.05.24,02:00,02:15,Hirsch,1,0,1
2025.05.24,02:15,02:30,Hirsch,1,0,1
2025.05.24,02:30,02:45,Hirsch,1,0,1
2025.05.24,02:45,03:00,Hirsch,1,0,1
2025.05.24,03:00,03:15,Hirsch,0,0,0
2025.05.24,03:15,03:30,Hirsch,1,0,1
2025.05.24,03:30,03:45,Hirsch,0,0,0
2025.05.24,03:45,04:00,Hirsch,0,0,0
2025.05.24,04:00,04:15,Hirsch,0,1,1
2025.05.24,04:15,04:30,Hirsch,1,0,1
2025.05.24,04:30,04:45,Hirsch,0,1,1
2025.05.24,04:45,05:00,Hirsch,0,1,1
2025.05.24,05:00,05:15,Hirsch,0,0,0
2025.05.24,05:15,05:30,Hirsch,0,0,0
2025.05.24,05:30,05:45,Hirsch,0,0,0
2025.05.24,05:45,06:00,Hirsch,1,0,1
2025.05.24,06:00,06:15,Hirsch,0,0,0
2025.05.24,06:15,06:30,Hirsch,1,2,3
2025.05.24,06:30,06:45,Hirsch,1,0,1
2025.05.24,06:45,07:00,Hirsch,0,0,0
2025.05.24,07:00,07:15,Hirsch,2,2,4
2025.05.24,07:15,07:30,Hirsch,2,2,4
2025.05.24,07:30,07:45,Hirsch,3,4,7
2025.05.24,07:45,08:00,Hirsch,1,1,2
2025.05.24,08:00,08:15,Hirsch,0,3,3
2025.05.24,08:15,08:30,Hirsch,3,7,10
2025.05.24,08:30,08:45,Hirsch,0,9,9
2025.05.24,08:45,09:00,Hirsch,5,4,9
2025.05.24,09:00,09:15,Hirsch,8,11,19
2025.05.24,09:15,09:30,Hirsch,7,10,17
2025.05.24,09:30,09:45,Hirsch,5,14,19
2025.05.24,09:45,10:00,Hirsch,11,10,21
2025.05.24,10:00,10:15,Hirsch,5,10,15
2025.05.24,10:15,10:30,Hirsch,4,13,17
2025.05.24,10:30,10:45,Hirsch,11,20,31
2025.05.24,10:45,11:00,Hirsch,12,10,22
2025.05.24,11:00,11:15,Hirsch,9,14,23
2025.05.24,11:15,11:30,Hirsch,8,13,21
2025.05.24,11:30,11:45,Hirsch,11,7,18
2025.05.24,11:45,12:00,Hirsch,7,7,14
2025.05.24,12:00,12:15,Hirsch,12,15,27
2025.05.24,12:15,12:30,Hirsch,9,4,13
2025.05.24,12:30,12:45,Hirsch,19,8,27
2025.05.24,12:45,13:00,Hirsch,5,11,16
2025.05.24,13:00,13:15,Hirsch,9,10,19
2025.05.24,13:15,13:30,Hirsch,7,8,15
2025.05.24,13:30,13:45,Hirsch,14,19,33
2025.05.24,13:45,14:00,Hirsch,16,14,30
2025.05.24,14:00,14:15,Hirsch,13,13,26
2025.05.24,14:15,14:30,Hirsch,7,10,17
2025.05.24,14:30,14:45,Hirsch,10,12,22
2025.05.24,14:45,15:00,Hirsch,10,9,19
2025.05.24,15:00,15:15,Hirsch,18,12,30
2025.05.24,15:15,15:30,Hirsch,13,16,29
2025.05.24,15:30,15:45,Hirsch,7,19,26
2025.05.24,15:45,16:00,Hirsch,12,31,43
2025.05.24,16:00,16:15,Hirsch,15,11,26
2025.05.24,16:15,16:30,Hirsch,12,10,22
2025.05.24,16:30,16:45,Hirsch,13,16,29
2025.05.24,16:45,17:00,Hirsch,9,14,23
2025.05.24,17:00,17:15,Hirsch,7,16,23
2025.05.24,17:15,17:30,Hirsch,16,9,25
2025.05.24,17:30,17:45,Hirsch,14,11,25
2025.05.24,17:45,18:00,Hirsch,17,12,29
2025.05.24,18:00,18:15,Hirsch,12,12,24
2025.05.24,18:15,18:30,Hirsch,9,16,25
2025.05.24,18:30,18:45,Hirsch,12,11,23
2025.05.24,18:45,19:00,Hirsch,9,17,26
2025.05.24,19:00,19:15,Hirsch,10,7,17
2025.05.24,19:15,19:30,Hirsch,6,10,16
2025.05.24,19:30,19:45,Hirsch,8,18,26
2025.05.24,19:45,20:00,Hirsch,8,8,16
2025.05.24,20:00,20:15,Hirsch,6,13,19
2025.05.24,20:15,20:30,Hirsch,9,2,11
2025.05.24,20:30,20:45,Hirsch,5,10,15
2025.05.24,20:45,21:00,Hirsch,10,5,15
2025.05.24,21:00,21:15,Hirsch,7,3,10
2025.05.24,21:15,21:30,Hirsch,4,2,6
2025.05.24,21:30,21:45,Hirsch,0,1,1
2025.05.24,21:45,22:00,Hirsch,4,1,5
2025.05.24,22:00,22:15,Hirsch,5,6,11
2025.05.24,22:15,22:30,Hirsch,11,5,16
2025.05.24,22:30,22:45,Hirsch,1,0,1
2025.05.24,22:45,23:00,Hirsch,6,0,6
2025.05.24,23:00,23:15,Hirsch,5,1,6
2025.05.24,23:15,23:30,Hirsch,8,3,11
2025.05.24,23:30,23:45,Hirsch,6,2,8
2025.05.24,23:45,00:00,Hirsch,3,0,3
2025.05.25,00:00,00:15,Hirsch,3,2,5
2025.05.25,00:15,00:30,Hirsch,5,2,7
2025.05.25,00:30,00:45,Hirsch,2,0,2
2025.05.25,00:45,01:00,Hirsch,3,0,3
2025.05.25,01:00,01:15,Hirsch,0,0,0
2025.05.25,01:15,01:30,Hirsch,2,0,2
2025.05.25,01:30,01:45,Hirsch,1,1,2
2025.05.25,01:45,02:00,Hirsch,1,0,1
2025.05.25,02:00,02:15,Hirsch,0,0,0
2025.05.25,02:15,02:30,Hirsch,1,0,1
2025.05.25,02:30,02:45,Hirsch,0,0,0
2025.05.25,02:45,03:00,Hirsch,0,0,0
2025.05.25,03:00,03:15,Hirsch,0,0,0
2025.05.25,03:15,03:30,Hirsch,0,1,1
2025.05.25,03:30,03:45,Hirsch,1,0,1
2025.05.25,03:45,04:00,Hirsch,0,0,0
2025.05.25,04:00,04:15,Hirsch,0,0,0
2025.05.25,04:15,04:30,Hirsch,0,0,0
2025.05.25,04:30,04:45,Hirsch,0,1,1
2025.05.25,04:45,05:00,Hirsch,0,0,0
2025.05.25,05:00,05:15,Hirsch,0,0,0
2025.05.25,05:15,05:30,Hirsch,0,0,0
2025.05.25,05:30,05:45,Hirsch,1,3,4
2025.05.25,05:45,06:00,Hirsch,0,0,0
2025.05.25,06:00,06:15,Hirsch,0,1,1
2025.05.25,06:15,06:30,Hirsch,0,0,0
2025.05.25,06:30,06:45,Hirsch,0,0,0
2025.05.25,06:45,07:00,Hirsch,1,1,2
2025.05.25,07:00,07:15,Hirsch,0,3,3
2025.05.25,07:15,07:30,Hirsch,0,2,2
2025.05.25,07:30,07:45,Hirsch,0,2,2
2025.05.25,07:45,08:00,Hirsch,0,0,0
2025.05.25,08:00,08:15,Hirsch,1,0,1
2025.05.25,08:15,08:30,Hirsch,0,1,1
2025.05.25,08:30,08:45,Hirsch,0,1,1
2025.05.25,08:45,09:00,Hirsch,1,2,3
2025.05.25,09:00,09:15,Hirsch,2,3,5
2025.05.25,09:15,09:30,Hirsch,0,0,0
2025.05.25,09:30,09:45,Hirsch,3,2,5
2025.05.25,09:45,10:00,Hirsch,2,2,4
2025.05.25,10:00,10:15,Hirsch,3,4,7
2025.05.25,10:15,10:30,Hirsch,0,8,8
2025.05.25,10:30,10:45,Hirsch,4,1,5
2025.05.25,10:45,11:00,Hirsch,2,1,3
2025.05.25,11:00,11:15,Hirsch,2,0,2
2025.05.25,11:15,11:30,Hirsch,0,0,0
2025.05.25,11:30,11:45,Hirsch,2,3,5
2025.05.25,11:45,12:00,Hirsch,0,3,3
2025.05.25,12:00,12:15,Hirsch,1,0,1
2025.05.25,12:15,12:30,Hirsch,2,1,3
2025.05.25,12:30,12:45,Hirsch,0,3,3
2025.05.25,12:45,13:00,Hirsch,3,1,4
2025.05.25,13:00,13:15,Hirsch,2,0,2
2025.05.25,13:15,13:30,Hirsch,4,1,5
2025.05.25,13:30,13:45,Hirsch,1,2,3
2025.05.25,13:45,14:00,Hirsch,1,1,2
2025.05.25,14:00,14:15,Hirsch,4,3,7
2025.05.25,14:15,14:30,Hirsch,3,4,7
2025.05.25,14:30,14:45,Hirsch,1,3,4
2025.05.25,14:45,15:00,Hirsch,3,0,3
2025.05.25,15:00,15:15,Hirsch,1,2,3
2025.05.25,15:15,15:30,Hirsch,1,0,1
2025.05.25,15:30,15:45,Hirsch,1,3,4
2025.05.25,15:45,16:00,Hirsch,2,5,7
2025.05.25,16:00,16:15,Hirsch,3,5,8
2025.05.25,16:15,16:30,Hirsch,5,2,7
2025.05.25,16:30,16:45,Hirsch,4,7,11
2025.05.25,16:45,17:00,Hirsch,6,1,7
2025.05.25,17:00,17:15,Hirsch,5,3,8
2025.05.25,17:15,17:30,Hirsch,6,5,11
2025.05.25,17:30,17:45,Hirsch,5,6,11
2025.05.25,17:45,18:00,Hirsch,6,2,8
2025.05.25,18:00,18:15,Hirsch,5,5,10
2025.05.25,18:15,18:30,Hirsch,5,2,7
2025.05.25,18:30,18:45,Hirsch,7,8,15
2025.05.25,18:45,19:00,Hirsch,5,7,12
2025.05.25,19:00,19:15,Hirsch,6,4,10
2025.05.25,19:15,19:30,Hirsch,1,6,7
2025.05.25,19:30,19:45,Hirsch,3,4,7
2025.05.25,19:45,20:00,Hirsch,9,1,10
2025.05.25,20:00,20:15,Hirsch,3,3,6
2025.05.25,20:15,20:30,Hirsch,2,1,3
2025.05.25,20:30,20:45,Hirsch,2,0,2
2025.05.25,20:45,21:00,Hirsch,5,2,7
2025.05.25,21:00,21:15,Hirsch,6,0,6
2025.05.25,21:15,21:30,Hirsch,0,4,4
2025.05.25,21:30,21:45,Hirsch,7,0,7
2025.05.25,21:45,22:00,Hirsch,4,0,4
2025.05.25,22:00,22:15,Hirsch,6,0,6
2025.05.25,22:15,22:30,Hirsch,5,2,7
2025.05.25,22:30,22:45,Hirsch,3,1,4
2025.05.25,22:45,23:00,Hirsch,1,0,1
2025.05.25,23:00,23:15,Hirsch,0,0,0
2025.05.25,23:15,23:30,Hirsch,1,0,1
2025.05.25,23:30,23:45,Hirsch,0,0,0
2025.05.25,23:45,00:00,Hirsch,0,0,0
2025.05.26,00:00,00:15,Hirsch,0,0,0
2025.05.26,00:15,00:30,Hirsch,1,0,1
2025.05.26,00:30,00:45,Hirsch,0,0,0
2025.05.26,00:45,01:00,Hirsch,0,0,0
2025.05.26,01:00,01:15,Hirsch,0,0,0
2025.05.26,01:15,01:30,Hirsch,0,0,0
2025.05.26,01:30,01:45,Hirsch,0,0,0
2025.05.26,01:45,02:00,Hirsch,0,0,0
2025.05.26,02:00,02:15,Hirsch,0,0,0
2025.05.26,02:15,02:30,Hirsch,0,0,0
2025.05.26,02:30,02:45,Hirsch,0,0,0
2025.05.26,02:45,03:00,Hirsch,0,0,0
2025.05.26,03:00,03:15,Hirsch,0,0,0
2025.05.26,03:15,03:30,Hirsch,0,0,0
2025.05.26,03:30,03:45,Hirsch,0,0,0
2025.05.26,03:45,04:00,Hirsch,0,0,0
2025.05.26,04:00,04:15,Hirsch,0,0,0
2025.05.26,04:15,04:30,Hirsch,0,0,0
2025.05.26,04:30,04:45,Hirsch,0,1,1
2025.05.26,04:45,05:00,Hirsch,0,1,1
2025.05.26,05:00,05:15,Hirsch,0,2,2
2025.05.26,05:15,05:30,Hirsch,0,3,3
2025.05.26,05:30,05:45,Hirsch,1,4,5
2025.05.26,05:45,06:00,Hirsch,0,8,8
2025.05.26,06:00,06:15,Hirsch,0,2,2
2025.05.26,06:15,06:30,Hirsch,0,9,9
2025.05.26,06:30,06:45,Hirsch,1,17,18
2025.05.26,06:45,07:00,Hirsch,6,20,26
2025.05.26,07:00,07:15,Hirsch,6,25,31
2025.05.26,07:15,07:30,Hirsch,5,36,41
2025.05.26,07:30,07:45,Hirsch,10,52,62
2025.05.26,07:45,08:00,Hirsch,16,59,75
2025.05.26,08:00,08:15,Hirsch,6,71,77
2025.05.26,08:15,08:30,Hirsch,7,68,75
2025.05.26,08:30,08:45,Hirsch,7,70,77
2025.05.26,08:45,09:00,Hirsch,12,30,42
2025.05.26,09:00,09:15,Hirsch,1,15,16
2025.05.26,09:15,09:30,Hirsch,4,11,15
2025.05.26,09:30,09:45,Hirsch,3,23,26
2025.05.26,09:45,10:00,Hirsch,1,16,17
2025.05.26,10:00,10:15,Hirsch,1,7,8
2025.05.26,10:15,10:30,Hirsch,6,7,13
2025.05.26,10:30,10:45,Hirsch,5,3,8
2025.05.26,10:45,11:00,Hirsch,3,12,15
2025.05.26,11:00,11:15,Hirsch,1,9,10
2025.05.26,11:15,11:30,Hirsch,5,6,11
2025.05.26,11:30,11:45,Hirsch,8,4,12
2025.05.26,11:45,12:00,Hirsch,9,5,14
2025.05.26,12:00,12:15,Hirsch,6,7,13
2025.05.26,12:15,12:30,Hirsch,6,10,16
2025.05.26,12:30,12:45,Hirsch,4,8,12
2025.05.26,12:45,13:00,Hirsch,5,8,13
2025.05.26,13:00,13:15,Hirsch,7,3,10
2025.05.26,13:15,13:30,Hirsch,13,9,22
2025.05.26,13:30,13:45,Hirsch,14,6,20
2025.05.26,13:45,14:00,Hirsch,8,3,11
2025.05.26,14:00,14:15,Hirsch,5,6,11
2025.05.26,14:15,14:30,Hirsch,11,5,16
2025.05.26,14:30,14:45,Hirsch,12,4,16
2025.05.26,14:45,15:00,Hirsch,12,5,17
2025.05.26,15:00,15:15,Hirsch,15,5,20
2025.05.26,15:15,15:30,Hirsch,18,8,26
2025.05.26,15:30,15:45,Hirsch,19,4,23
2025.05.26,15:45,16:00,Hirsch,23,9,32
2025.05.26,16:00,16:15,Hirsch,12,2,14
2025.05.26,16:15,16:30,Hirsch,13,4,17
2025.05.26,16:30,16:45,Hirsch,17,7,24
2025.05.26,16:45,17:00,Hirsch,34,5,39
2025.05.26,17:00,17:15,Hirsch,44,10,54
2025.05.26,17:15,17:30,Hirsch,34,10,44
2025.05.26,17:30,17:45,Hirsch,41,5,46
2025.05.26,17:45,18:00,Hirsch,34,9,43
2025.05.26,18:00,18:15,Hirsch,32,14,46
2025.05.26,18:15,18:30,Hirsch,30,18,48
2025.05.26,18:30,18:45,Hirsch,42,8,50
2025.05.26,18:45,19:00,Hirsch,29,12,41
2025.05.26,19:00,19:15,Hirsch,27,3,30
2025.05.26,19:15,19:30,Hirsch,22,10,32
2025.05.26,19:30,19:45,Hirsch,14,11,25
2025.05.26,19:45,20:00,Hirsch,11,4,15
2025.05.26,20:00,20:15,Hirsch,10,5,15
2025.05.26,20:15,20:30,Hirsch,7,6,13
2025.05.26,20:30,20:45,Hirsch,8,4,12
2025.05.26,20:45,21:00,Hirsch,5,4,9
2025.05.26,21:00,21:15,Hirsch,11,3,14
2025.05.26,21:15,21:30,Hirsch,2,2,4
2025.05.26,21:30,21:45,Hirsch,4,5,9
2025.05.26,21:45,22:00,Hirsch,5,3,8
2025.05.26,22:00,22:15,Hirsch,7,7,14
2025.05.26,22:15,22:30,Hirsch,11,9,20
2025.05.26,22:30,22:45,Hirsch,4,1,5
2025.05.26,22:45,23:00,Hirsch,4,1,5
2025.05.26,23:00,23:15,Hirsch,4,0,4
2025.05.26,23:15,23:30,Hirsch,0,0,0
2025.05.26,23:30,23:45,Hirsch,4,0,4
2025.05.26,23:45,00:00,Hirsch,4,1,5
2025.05.27,00:00,00:15,Hirsch,5,0,5
2025.05.27,00:15,00:30,Hirsch,2,1,3
2025.05.27,00:30,00:45,Hirsch,0,1,1
2025.05.27,00:45,01:00,Hirsch,0,0,0
2025.05.27,01:00,01:15,Hirsch,0,0,0
2025.05.27,01:15,01:30,Hirsch,0,0,0
2025.05.27,01:30,01:45,Hirsch,0,0,0
2025.05.27,01:45,02:00,Hirsch,0,0,0
2025.05.27,02:00,02:15,Hirsch,0,0,0
2025.05.27,02:15,02:30,Hirsch,0,0,0
2025.05.27,02:30,02:45,Hirsch,1,0,1
2025.05.27,02:45,03:00,Hirsch,0,0,0
2025.05.27,03:00,03:15,Hirsch,0,0,0
2025.05.27,03:15,03:30,Hirsch,0,0,0
2025.05.27,03:30,03:45,Hirsch,0,0,0
2025.05.27,03:45,04:00,Hirsch,0,0,0
2025.05.27,04:00,04:15,Hirsch,0,0,0
2025.05.27,04:15,04:30,Hirsch,0,0,0
2025.05.27,04:30,04:45,Hirsch,0,1,1
2025.05.27,04:45,05:00,Hirsch,0,0,0
2025.05.27,05:00,05:15,Hirsch,0,1,1
2025.05.27,05:15,05:30,Hirsch,0,4,4
2025.05.27,05:30,05:45,Hirsch,2,5,7
2025.05.27,05:45,06:00,Hirsch,1,7,8
2025.05.27,06:00,06:15,Hirsch,3,13,16
2025.05.27,06:15,06:30,Hirsch,2,14,16
2025.05.27,06:30,06:45,Hirsch,2,24,26
2025.05.27,06:45,07:00,Hirsch,6,28,34
2025.05.27,07:00,07:15,Hirsch,6,30,36
2025.05.27,07:15,07:30,Hirsch,11,38,49
2025.05.27,07:30,07:45,Hirsch,8,76,84
2025.05.27,07:45,08:00,Hirsch,12,95,107
2025.05.27,08:00,08:15,Hirsch,3,105,108
2025.05.27,08:15,08:30,Hirsch,10,104,114
2025.05.27,08:30,08:45,Hirsch,7,91,98
2025.05.27,08:45,09:00,Hirsch,10,37,47
2025.05.27,09:00,09:15,Hirsch,9,44,53
2025.05.27,09:15,09:30,Hirsch,11,31,42
2025.05.27,09:30,09:45,Hirsch,8,27,35
2025.05.27,09:45,10:00,Hirsch,11,20,31
2025.05.27,10:00,10:15,Hirsch,3,16,19
2025.05.27,10:15,10:30,Hirsch,2,13,15
2025.05.27,10:30,10:45,Hirsch,12,11,23
2025.05.27,10:45,11:00,Hirsch,1,16,17
2025.05.27,11:00,11:15,Hirsch,5,6,11
2025.05.27,11:15,11:30,Hirsch,9,10,19
2025.05.27,11:30,11:45,Hirsch,7,8,15
2025.05.27,11:45,12:00,Hirsch,10,9,19
2025.05.27,12:00,12:15,Hirsch,5,15,20
2025.05.27,12:15,12:30,Hirsch,11,13,24
2025.05.27,12:30,12:45,Hirsch,4,10,14
2025.05.27,12:45,13:00,Hirsch,19,6,25
2025.05.27,13:00,13:15,Hirsch,8,6,14
2025.05.27,13:15,13:30,Hirsch,16,11,27
2025.05.27,13:30,13:45,Hirsch,11,13,24
2025.05.27,13:45,14:00,Hirsch,17,3,20
2025.05.27,14:00,14:15,Hirsch,11,13,24
2025.05.27,14:15,14:30,Hirsch,11,9,20
2025.05.27,14:30,14:45,Hirsch,21,4,25
2025.05.27,14:45,15:00,Hirsch,20,10,30
2025.05.27,15:00,15:15,Hirsch,19,6,25
2025.05.27,15:15,15:30,Hirsch,29,11,40
2025.05.27,15:30,15:45,Hirsch,33,7,40
2025.05.27,15:45,16:00,Hirsch,41,9,50
2025.05.27,16:00,16:15,Hirsch,33,6,39
2025.05.27,16:15,16:30,Hirsch,52,12,64
2025.05.27,16:30,16:45,Hirsch,44,13,57
2025.05.27,16:45,17:00,Hirsch,38,14,52
2025.05.27,17:00,17:15,Hirsch,44,7,51
2025.05.27,17:15,17:30,Hirsch,57,29,86
2025.05.27,17:30,17:45,Hirsch,44,13,57
2025.05.27,17:45,18:00,Hirsch,58,17,75
2025.05.27,18:00,18:15,Hirsch,44,13,57
2025.05.27,18:15,18:30,Hirsch,37,21,58
2025.05.27,18:30,18:45,Hirsch,55,17,72
2025.05.27,18:45,19:00,Hirsch,29,20,49
2025.05.27,19:00,19:15,Hirsch,26,8,34
2025.05.27,19:15,19:30,Hirsch,38,7,45
2025.05.27,19:30,19:45,Hirsch,26,13,39
2025.05.27,19:45,20:00,Hirsch,22,7,29
2025.05.27,20:00,20:15,Hirsch,20,6,26
2025.05.27,20:15,20:30,Hirsch,20,6,26
2025.05.27,20:30,20:45,Hirsch,8,3,11
2025.05.27,20:45,21:00,Hirsch,24,6,30
2025.05.27,21:00,21:15,Hirsch,13,8,21
2025.05.27,21:15,21:30,Hirsch,11,4,15
2025.05.27,21:30,21:45,Hirsch,11,3,14
2025.05.27,21:45,22:00,Hirsch,7,3,10
2025.05.27,22:00,22:15,Hirsch,10,2,12
2025.05.27,22:15,22:30,Hirsch,10,1,11
2025.05.27,22:30,22:45,Hirsch,6,2,8
2025.05.27,22:45,23:00,Hirsch,8,0,8
2025.05.27,23:00,23:15,Hirsch,10,1,11
2025.05.27,23:15,23:30,Hirsch,6,3,9
2025.05.27,23:30,23:45,Hirsch,2,1,3
2025.05.27,23:45,00:00,Hirsch,2,0,2
2025.05.28,00:00,00:15,Hirsch,0,0,0
2025.05.28,00:15,00:30,Hirsch,2,0,2
2025.05.28,00:30,00:45,Hirsch,0,3,3
2025.05.28,00:45,01:00,Hirsch,2,2,4
2025.05.28,01:00,01:15,Hirsch,2,1,3
2025.05.28,01:15,01:30,Hirsch,0,0,0
2025.05.28,01:30,01:45,Hirsch,0,0,0
2025.05.28,01:45,02:00,Hirsch,0,0,0
2025.05.28,02:00,02:15,Hirsch,0,0,0
2025.05.28,02:15,02:30,Hirsch,0,0,0
2025.05.28,02:30,02:45,Hirsch,1,0,1
2025.05.28,02:45,03:00,Hirsch,0,1,1
2025.05.28,03:00,03:15,Hirsch,0,0,0
2025.05.28,03:15,03:30,Hirsch,0,0,0
2025.05.28,03:30,03:45,Hirsch,0,0,0
2025.05.28,03:45,04:00,Hirsch,1,0,1
2025.05.28,04:00,04:15,Hirsch,0,0,0
2025.05.28,04:15,04:30,Hirsch,0,0,0
2025.05.28,04:30,04:45,Hirsch,0,0,0
2025.05.28,04:45,05:00,Hirsch,0,0,0
2025.05.28,05:00,05:15,Hirsch,0,1,1
2025.05.28,05:15,05:30,Hirsch,0,1,1
2025.05.28,05:30,05:45,Hirsch,2,6,8
2025.05.28,05:45,06:00,Hirsch,1,9,10
2025.05.28,06:00,06:15,Hirsch,2,5,7
2025.05.28,06:15,06:30,Hirsch,2,5,7
2025.05.28,06:30,06:45,Hirsch,2,11,13
2025.05.28,06:45,07:00,Hirsch,5,18,23
2025.05.28,07:00,07:15,Hirsch,6,21,27
2025.05.28,07:15,07:30,Hirsch,6,28,34
2025.05.28,07:30,07:45,Hirsch,6,33,39
2025.05.28,07:45,08:00,Hirsch,6,60,66
2025.05.28,08:00,08:15,Hirsch,11,58,69
2025.05.28,08:15,08:30,Hirsch,8,48,56
2025.05.28,08:30,08:45,Hirsch,7,58,65
2025.05.28,08:45,09:00,Hirsch,6,45,51
2025.05.28,09:00,09:15,Hirsch,12,35,47
2025.05.28,09:15,09:30,Hirsch,3,24,27
2025.05.28,09:30,09:45,Hirsch,6,17,23
2025.05.28,09:45,10:00,Hirsch,3,12,15
2025.05.28,10:00,10:15,Hirsch,2,10,12
2025.05.28,10:15,10:30,Hirsch,1,9,10
2025.05.28,10:30,10:45,Hirsch,4,8,12
2025.05.28,10:45,11:00,Hirsch,2,4,6
2025.05.28,11:00,11:15,Hirsch,2,3,5
2025.05.28,11:15,11:30,Hirsch,3,8,11
2025.05.28,11:30,11:45,Hirsch,9,3,12
2025.05.28,11:45,12:00,Hirsch,4,4,8
2025.05.28,12:00,12:15,Hirsch,5,1,6
2025.05.28,12:15,12:30,Hirsch,4,3,7
2025.05.28,12:30,12:45,Hirsch,6,2,8
2025.05.28,12:45,13:00,Hirsch,7,2,9
2025.05.28,13:00,13:15,Hirsch,4,3,7
2025.05.28,13:15,13:30,Hirsch,7,3,10
2025.05.28,13:30,13:45,Hirsch,7,4,11
2025.05.28,13:45,14:00,Hirsch,12,2,14
2025.05.28,14:00,14:15,Hirsch,14,9,23
2025.05.28,14:15,14:30,Hirsch,12,4,16
2025.05.28,14:30,14:45,Hirsch,9,5,14
2025.05.28,14:45,15:00,Hirsch,16,5,21
2025.05.28,15:00,15:15,Hirsch,14,5,19
2025.05.28,15:15,15:30,Hirsch,13,10,23
2025.05.28,15:30,15:45,Hirsch,13,9,22
2025.05.28,15:45,16:00,Hirsch,12,3,15
2025.05.28,16:00,16:15,Hirsch,13,4,17
2025.05.28,16:15,16:30,Hirsch,21,7,28
2025.05.28,16:30,16:45,Hirsch,15,2,17
2025.05.28,16:45,17:00,Hirsch,18,10,28
2025.05.28,17:00,17:15,Hirsch,24,4,28
2025.05.28,17:15,17:30,Hirsch,21,8,29
2025.05.28,17:30,17:45,Hirsch,28,10,38
2025.05.28,17:45,18:00,Hirsch,23,9,32
2025.05.28,18:00,18:15,Hirsch,31,12,43
2025.05.28,18:15,18:30,Hirsch,26,6,32
2025.05.28,18:30,18:45,Hirsch,22,7,29
2025.05.28,18:45,19:00,Hirsch,29,11,40
2025.05.28,19:00,19:15,Hirsch,18,4,22
2025.05.28,19:15,19:30,Hirsch,17,9,26
2025.05.28,19:30,19:45,Hirsch,10,4,14
2025.05.28,19:45,20:00,Hirsch,22,5,27
2025.05.28,20:00,20:15,Hirsch,13,4,17
2025.05.28,20:15,20:30,Hirsch,8,4,12
2025.05.28,20:30,20:45,Hirsch,8,2,10
2025.05.28,20:45,21:00,Hirsch,11,4,15
2025.05.28,21:00,21:15,Hirsch,3,4,7
2025.05.28,21:15,21:30,Hirsch,2,1,3
2025.05.28,21:30,21:45,Hirsch,8,2,10
2025.05.28,21:45,22:00,Hirsch,6,0,6
2025.05.28,22:00,22:15,Hirsch,10,2,12
2025.05.28,22:15,22:30,Hirsch,3,7,10
2025.05.28,22:30,22:45,Hirsch,2,1,3
2025.05.28,22:45,23:00,Hirsch,3,0,3
2025.05.28,23:00,23:15,Hirsch,1,2,3
2025.05.28,23:15,23:30,Hirsch,2,1,3
2025.05.28,23:30,23:45,Hirsch,1,0,1
2025.05.28,23:45,00:00,Hirsch,4,0,4
2025.05.29,00:00,00:15,Hirsch,4,0,4
2025.05.29,00:15,00:30,Hirsch,2,1,3
2025.05.29,00:30,00:45,Hirsch,2,0,2
2025.05.29,00:45,01:00,Hirsch,2,1,3
2025.05.29,01:00,01:15,Hirsch,0,0,0
2025.05.29,01:15,01:30,Hirsch,1,0,1
2025.05.29,01:30,01:45,Hirsch,0,0,0
2025.05.29,01:45,02:00,Hirsch,1,0,1
2025.05.29,02:00,02:15,Hirsch,2,0,2
2025.05.29,02:15,02:30,Hirsch,0,0,0
2025.05.29,02:30,02:45,Hirsch,1,0,1
2025.05.29,02:45,03:00,Hirsch,0,0,0
2025.05.29,03:00,03:15,Hirsch,1,0,1
2025.05.29,03:15,03:30,Hirsch,0,0,0
2025.05.29,03:30,03:45,Hirsch,0,0,0
2025.05.29,03:45,04:00,Hirsch,0,0,0
2025.05.29,04:00,04:15,Hirsch,1,0,1
2025.05.29,04:15,04:30,Hirsch,0,0,0
2025.05.29,04:30,04:45,Hirsch,0,0,0
2025.05.29,04:45,05:00,Hirsch,0,0,0
2025.05.29,05:00,05:15,Hirsch,0,3,3
2025.05.29,05:15,05:30,Hirsch,0,1,1
2025.05.29,05:30,05:45,Hirsch,0,0,0
2025.05.29,05:45,06:00,Hirsch,0,1,1
2025.05.29,06:00,06:15,Hirsch,0,0,0
2025.05.29,06:15,06:30,Hirsch,0,1,1
2025.05.29,06:30,06:45,Hirsch,0,0,0
2025.05.29,06:45,07:00,Hirsch,0,1,1
2025.05.29,07:00,07:15,Hirsch,0,0,0
2025.05.29,07:15,07:30,Hirsch,3,1,4
2025.05.29,07:30,07:45,Hirsch,0,2,2
2025.05.29,07:45,08:00,Hirsch,0,1,1
2025.05.29,08:00,08:15,Hirsch,0,0,0
2025.05.29,08:15,08:30,Hirsch,1,3,4
2025.05.29,08:30,08:45,Hirsch,0,3,3
2025.05.29,08:45,09:00,Hirsch,0,2,2
2025.05.29,09:00,09:15,Hirsch,1,2,3
2025.05.29,09:15,09:30,Hirsch,2,9,11
2025.05.29,09:30,09:45,Hirsch,9,7,16
2025.05.29,09:45,10:00,Hirsch,5,6,11
2025.05.29,10:00,10:15,Hirsch,1,4,5
2025.05.29,10:15,10:30,Hirsch,2,4,6
2025.05.29,10:30,10:45,Hirsch,7,11,18
2025.05.29,10:45,11:00,Hirsch,11,5,16
2025.05.29,11:00,11:15,Hirsch,3,8,11
2025.05.29,11:15,11:30,Hirsch,12,9,21
2025.05.29,11:30,11:45,Hirsch,6,14,20
2025.05.29,11:45,12:00,Hirsch,5,9,14
2025.05.29,12:00,12:15,Hirsch,8,4,12
2025.05.29,12:15,12:30,Hirsch,27,7,34
2025.05.29,12:30,12:45,Hirsch,5,10,15
2025.05.29,12:45,13:00,Hirsch,7,4,11
2025.05.29,13:00,13:15,Hirsch,10,14,24
2025.05.29,13:15,13:30,Hirsch,4,8,12
2025.05.29,13:30,13:45,Hirsch,13,6,19
2025.05.29,13:45,14:00,Hirsch,7,13,20
2025.05.29,14:00,14:15,Hirsch,6,11,17
2025.05.29,14:15,14:30,Hirsch,5,14,19
2025.05.29,14:30,14:45,Hirsch,9,22,31
2025.05.29,14:45,15:00,Hirsch,16,11,27
2025.05.29,15:00,15:15,Hirsch,8,12,20
2025.05.29,15:15,15:30,Hirsch,26,13,39
2025.05.29,15:30,15:45,Hirsch,6,6,12
2025.05.29,15:45,16:00,Hirsch,8,15,23
2025.05.29,16:00,16:15,Hirsch,12,9,21
2025.05.29,16:15,16:30,Hirsch,11,5,16
2025.05.29,16:30,16:45,Hirsch,6,4,10
2025.05.29,16:45,17:00,Hirsch,9,6,15
2025.05.29,17:00,17:15,Hirsch,5,17,22
2025.05.29,17:15,17:30,Hirsch,6,10,16
2025.05.29,17:30,17:45,Hirsch,12,13,25
2025.05.29,17:45,18:00,Hirsch,12,14,26
2025.05.29,18:00,18:15,Hirsch,9,8,17
2025.05.29,18:15,18:30,Hirsch,14,10,24
2025.05.29,18:30,18:45,Hirsch,10,9,19
2025.05.29,18:45,19:00,Hirsch,5,2,7
2025.05.29,19:00,19:15,Hirsch,12,10,22
2025.05.29,19:15,19:30,Hirsch,4,3,7
2025.05.29,19:30,19:45,Hirsch,1,6,7
2025.05.29,19:45,20:00,Hirsch,6,6,12
2025.05.29,20:00,20:15,Hirsch,3,5,8
2025.05.29,20:15,20:30,Hirsch,8,3,11
2025.05.29,20:30,20:45,Hirsch,5,6,11
2025.05.29,20:45,21:00,Hirsch,8,2,10
2025.05.29,21:00,21:15,Hirsch,4,2,6
2025.05.29,21:15,21:30,Hirsch,3,4,7
2025.05.29,21:30,21:45,Hirsch,4,1,5
2025.05.29,21:45,22:00,Hirsch,3,2,5
2025.05.29,22:00,22:15,Hirsch,6,0,6
2025.05.29,22:15,22:30,Hirsch,7,2,9
2025.05.29,22:30,22:45,Hirsch,5,3,8
2025.05.29,22:45,23:00,Hirsch,3,2,5
2025.05.29,23:00,23:15,Hirsch,2,4,6
2025.05.29,23:15,23:30,Hirsch,6,1,7
2025.05.29,23:30,23:45,Hirsch,2,0,2
2025.05.29,23:45,00:00,Hirsch,0,0,0
2025.05.30,00:00,00:15,Hirsch,3,1,4
2025.05.30,00:15,00:30,Hirsch,0,0,0
2025.05.30,00:30,00:45,Hirsch,0,0,0
2025.05.30,00:45,01:00,Hirsch,1,0,1
2025.05.30,01:00,01:15,Hirsch,0,1,1
2025.05.30,01:15,01:30,Hirsch,0,0,0
2025.05.30,01:30,01:45,Hirsch,1,1,2
2025.05.30,01:45,02:00,Hirsch,0,0,0
2025.05.30,02:00,02:15,Hirsch,1,0,1
2025.05.30,02:15,02:30,Hirsch,0,0,0
2025.05.30,02:30,02:45,Hirsch,0,0,0
2025.05.30,02:45,03:00,Hirsch,1,0,1
2025.05.30,03:00,03:15,Hirsch,0,0,0
2025.05.30,03:15,03:30,Hirsch,0,0,0
2025.05.30,03:30,03:45,Hirsch,1,0,1
2025.05.30,03:45,04:00,Hirsch,0,0,0
2025.05.30,04:00,04:15,Hirsch,0,0,0
2025.05.30,04:15,04:30,Hirsch,0,0,0
2025.05.30,04:30,04:45,Hirsch,0,0,0
2025.05.30,04:45,05:00,Hirsch,0,1,1
2025.05.30,05:00,05:15,Hirsch,0,1,1
2025.05.30,05:15,05:30,Hirsch,0,2,2
2025.05.30,05:30,05:45,Hirsch,0,3,3
2025.05.30,05:45,06:00,Hirsch,2,3,5
2025.05.30,06:00,06:15,Hirsch,1,4,5
2025.05.30,06:15,06:30,Hirsch,2,7,9
2025.05.30,06:30,06:45,Hirsch,2,5,7
2025.05.30,06:45,07:00,Hirsch,4,16,20
2025.05.30,07:00,07:15,Hirsch,3,12,15
2025.05.30,07:15,07:30,Hirsch,4,17,21
2025.05.30,07:30,07:45,Hirsch,5,42,47
2025.05.30,07:45,08:00,Hirsch,8,39,47
2025.05.30,08:00,08:15,Hirsch,3,44,47
2025.05.30,08:15,08:30,Hirsch,4,44,48
2025.05.30,08:30,08:45,Hirsch,11,41,52
2025.05.30,08:45,09:00,Hirsch,5,35,40
2025.05.30,09:00,09:15,Hirsch,8,17,25
2025.05.30,09:15,09:30,Hirsch,9,25,34
2025.05.30,09:30,09:45,Hirsch,5,16,21
2025.05.30,09:45,10:00,Hirsch,8,24,32
2025.05.30,10:00,10:15,Hirsch,11,16,27
2025.05.30,10:15,10:30,Hirsch,8,27,35
2025.05.30,10:30,10:45,Hirsch,11,17,28
2025.05.30,10:45,11:00,Hirsch,10,8,18
2025.05.30,11:00,11:15,Hirsch,12,16,28
2025.05.30,11:15,11:30,Hirsch,13,8,21
2025.05.30,11:30,11:45,Hirsch,12,19,31
2025.05.30,11:45,12:00,Hirsch,14,10,24
2025.05.30,12:00,12:15,Hirsch,14,12,26
2025.05.30,12:15,12:30,Hirsch,16,6,22
2025.05.30,12:30,12:45,Hirsch,19,17,36
2025.05.30,12:45,13:00,Hirsch,11,8,19
2025.05.30,13:00,13:15,Hirsch,18,9,27
2025.05.30,13:15,13:30,Hirsch,25,9,34
2025.05.30,13:30,13:45,Hirsch,13,12,25
2025.05.30,13:45,14:00,Hirsch,15,13,28
2025.05.30,14:00,14:15,Hirsch,13,10,23
2025.05.30,14:15,14:30,Hirsch,23,7,30
2025.05.30,14:30,14:45,Hirsch,30,11,41
2025.05.30,14:45,15:00,Hirsch,33,13,46
2025.05.30,15:00,15:15,Hirsch,18,8,26
2025.05.30,15:15,15:30,Hirsch,26,10,36
2025.05.30,15:30,15:45,Hirsch,29,27,56
2025.05.30,15:45,16:00,Hirsch,25,9,34
2025.05.30,16:00,16:15,Hirsch,32,8,40
2025.05.30,16:15,16:30,Hirsch,24,20,44
2025.05.30,16:30,16:45,Hirsch,39,15,54
2025.05.30,16:45,17:00,Hirsch,29,16,45
2025.05.30,17:00,17:15,Hirsch,34,22,56
2025.05.30,17:15,17:30,Hirsch,23,27,50
2025.05.30,17:30,17:45,Hirsch,32,23,55
2025.05.30,17:45,18:00,Hirsch,24,20,44
2025.05.30,18:00,18:15,Hirsch,26,13,39
2025.05.30,18:15,18:30,Hirsch,21,18,39
2025.05.30,18:30,18:45,Hirsch,16,13,29
2025.05.30,18:45,19:00,Hirsch,21,17,38
2025.05.30,19:00,19:15,Hirsch,34,20,54
2025.05.30,19:15,19:30,Hirsch,15,21,36
2025.05.30,19:30,19:45,Hirsch,11,8,19
2025.05.30,19:45,20:00,Hirsch,8,8,16
2025.05.30,20:00,20:15,Hirsch,19,8,27
2025.05.30,20:15,20:30,Hirsch,10,13,23
2025.05.30,20:30,20:45,Hirsch,17,7,24
2025.05.30,20:45,21:00,Hirsch,10,1,11
2025.05.30,21:00,21:15,Hirsch,8,9,17
2025.05.30,21:15,21:30,Hirsch,16,5,21
2025.05.30,21:30,21:45,Hirsch,12,7,19
2025.05.30,21:45,22:00,Hirsch,11,3,14
2025.05.30,22:00,22:15,Hirsch,6,1,7
2025.05.30,22:15,22:30,Hirsch,3,0,3
2025.05.30,22:30,22:45,Hirsch,5,2,7
2025.05.30,22:45,23:00,Hirsch,2,2,4
2025.05.30,23:00,23:15,Hirsch,5,0,5
2025.05.30,23:15,23:30,Hirsch,4,10,14
2025.05.30,23:30,23:45,Hirsch,4,1,5
2025.05.30,23:45,00:00,Hirsch,9,0,9
2025.05.31,00:00,00:15,Hirsch,6,2,8
2025.05.31,00:15,00:30,Hirsch,4,2,6
2025.05.31,00:30,00:45,Hirsch,2,2,4
2025.05.31,00:45,01:00,Hirsch,4,0,4
2025.05.31,01:00,01:15,Hirsch,3,2,5
2025.05.31,01:15,01:30,Hirsch,0,0,0
2025.05.31,01:30,01:45,Hirsch,2,0,2
2025.05.31,01:45,02:00,Hirsch,2,1,3
2025.05.31,02:00,02:15,Hirsch,1,0,1
2025.05.31,02:15,02:30,Hirsch,2,1,3
2025.05.31,02:30,02:45,Hirsch,0,0,0
2025.05.31,02:45,03:00,Hirsch,2,0,2
2025.05.31,03:00,03:15,Hirsch,1,0,1
2025.05.31,03:15,03:30,Hirsch,0,0,0
2025.05.31,03:30,03:45,Hirsch,0,1,1
2025.05.31,03:45,04:00,Hirsch,0,0,0
2025.05.31,04:00,04:15,Hirsch,0,0,0
2025.05.31,04:15,04:30,Hirsch,0,0,0
2025.05.31,04:30,04:45,Hirsch,1,1,2
2025.05.31,04:45,05:00,Hirsch,0,0,0
2025.05.31,05:00,05:15,Hirsch,1,0,1
2025.05.31,05:15,05:30,Hirsch,1,0,1
2025.05.31,05:30,05:45,Hirsch,0,1,1
2025.05.31,05:45,06:00,Hirsch,1,0,1
2025.05.31,06:00,06:15,Hirsch,1,1,2
2025.05.31,06:15,06:30,Hirsch,0,2,2
2025.05.31,06:30,06:45,Hirsch,1,1,2
2025.05.31,06:45,07:00,Hirsch,0,2,2
2025.05.31,07:00,07:15,Hirsch,0,2,2
2025.05.31,07:15,07:30,Hirsch,3,1,4
2025.05.31,07:30,07:45,Hirsch,2,3,5
2025.05.31,07:45,08:00,Hirsch,4,4,8
2025.05.31,08:00,08:15,Hirsch,2,4,6
2025.05.31,08:15,08:30,Hirsch,0,7,7
2025.05.31,08:30,08:45,Hirsch,11,9,20
2025.05.31,08:45,09:00,Hirsch,6,11,17
2025.05.31,09:00,09:15,Hirsch,2,12,14
2025.05.31,09:15,09:30,Hirsch,7,20,27
2025.05.31,09:30,09:45,Hirsch,6,9,15
2025.05.31,09:45,10:00,Hirsch,10,16,26
2025.05.31,10:00,10:15,Hirsch,5,11,16
2025.05.31,10:15,10:30,Hirsch,15,12,27
2025.05.31,10:30,10:45,Hirsch,7,24,31
2025.05.31,10:45,11:00,Hirsch,9,12,21
2025.05.31,11:00,11:15,Hirsch,11,11,22
2025.05.31,11:15,11:30,Hirsch,18,15,33
2025.05.31,11:30,11:45,Hirsch,17,24,41
2025.05.31,11:45,12:00,Hirsch,10,13,23
2025.05.31,12:00,12:15,Hirsch,13,14,27
2025.05.31,12:15,12:30,Hirsch,10,18,28
2025.05.31,12:30,12:45,Hirsch,15,16,31
2025.05.31,12:45,13:00,Hirsch,19,13,32
2025.05.31,13:00,13:15,Hirsch,15,9,24
2025.05.31,13:15,13:30,Hirsch,19,19,38
2025.05.31,13:30,13:45,Hirsch,27,19,46
2025.05.31,13:45,14:00,Hirsch,18,10,28
2025.05.31,14:00,14:15,Hirsch,17,10,27
2025.05.31,14:15,14:30,Hirsch,10,8,18
2025.05.31,14:30,14:45,Hirsch,18,11,29
2025.05.31,14:45,15:00,Hirsch,18,17,35
2025.05.31,15:00,15:15,Hirsch,20,21,41
2025.05.31,15:15,15:30,Hirsch,16,19,35
2025.05.31,15:30,15:45,Hirsch,38,6,44
2025.05.31,15:45,16:00,Hirsch,7,24,31
2025.05.31,16:00,16:15,Hirsch,13,18,31
2025.05.31,16:15,16:30,Hirsch,13,10,23
2025.05.31,16:30,16:45,Hirsch,14,19,33
2025.05.31,16:45,17:00,Hirsch,17,12,29
2025.05.31,17:00,17:15,Hirsch,35,16,51
2025.05.31,17:15,17:30,Hirsch,16,16,32
2025.05.31,17:30,17:45,Hirsch,8,19,27
2025.05.31,17:45,18:00,Hirsch,14,15,29
2025.05.31,18:00,18:15,Hirsch,18,15,33
2025.05.31,18:15,18:30,Hirsch,14,11,25
2025.05.31,18:30,18:45,Hirsch,17,29,46
2025.05.31,18:45,19:00,Hirsch,11,17,28
2025.05.31,19:00,19:15,Hirsch,12,14,26
2025.05.31,19:15,19:30,Hirsch,4,15,19
2025.05.31,19:30,19:45,Hirsch,16,9,25
2025.05.31,19:45,20:00,Hirsch,18,19,37
2025.05.31,20:00,20:15,Hirsch,4,9,13
2025.05.31,20:15,20:30,Hirsch,17,11,28
2025.05.31,20:30,20:45,Hirsch,13,4,17
2025.05.31,20:45,21:00,Hirsch,11,9,20
2025.05.31,21:00,21:15,Hirsch,4,5,9
2025.05.31,21:15,21:30,Hirsch,8,4,12
2025.05.31,21:30,21:45,Hirsch,3,2,5
2025.05.31,21:45,22:00,Hirsch,7,5,12
2025.05.31,22:00,22:15,Hirsch,4,1,5
2025.05.31,22:15,22:30,Hirsch,1,0,1
2025.05.31,22:30,22:45,Hirsch,6,5,11
2025.05.31,22:45,23:00,Hirsch,8,2,10
2025.05.31,23:00,23:15,Hirsch,28,4,32
2025.05.31,23:15,23:30,Hirsch,16,1,17
2025.05.31,23:30,23:45,Hirsch,3,0,3
2025.05.31,23:45,00:00,Hirsch,3,2,5
2025.05.01,00:00,00:15,Erhardt,18,22,40
2025.05.01,00:15,00:30,Erhardt,11,13,24
2025.05.01,00:30,00:45,Erhardt,10,22,32
2025.05.01,00:45,01:00,Erhardt,16,12,28
2025.05.01,01:00,01:15,Erhardt,12,14,26
2025.05.01,01:15,01:30,Erhardt,10,5,15
2025.05.01,01:30,01:45,Erhardt,7,9,16
2025.05.01,01:45,02:00,Erhardt,8,8,16
2025.05.01,02:00,02:15,Erhardt,7,16,23
2025.05.01,02:15,02:30,Erhardt,10,4,14
2025.05.01,02:30,02:45,Erhardt,5,6,11
2025.05.01,02:45,03:00,Erhardt,7,1,8
2025.05.01,03:00,03:15,Erhardt,0,0,0
2025.05.01,03:15,03:30,Erhardt,4,1,5
2025.05.01,03:30,03:45,Erhardt,3,9,12
2025.05.01,03:45,04:00,Erhardt,2,6,8
2025.05.01,04:00,04:15,Erhardt,0,0,0
2025.05.01,04:15,04:30,Erhardt,2,0,2
2025.05.01,04:30,04:45,Erhardt,0,7,7
2025.05.01,04:45,05:00,Erhardt,0,2,2
2025.05.01,05:00,05:15,Erhardt,4,0,4
2025.05.01,05:15,05:30,Erhardt,1,0,1
2025.05.01,05:30,05:45,Erhardt,3,3,6
2025.05.01,05:45,06:00,Erhardt,1,1,2
2025.05.01,06:00,06:15,Erhardt,2,2,4
2025.05.01,06:15,06:30,Erhardt,3,2,5
2025.05.01,06:30,06:45,Erhardt,2,1,3
2025.05.01,06:45,07:00,Erhardt,4,1,5
2025.05.01,07:00,07:15,Erhardt,6,6,12
2025.05.01,07:15,07:30,Erhardt,3,7,10
2025.05.01,07:30,07:45,Erhardt,6,6,12
2025.05.01,07:45,08:00,Erhardt,10,8,18
2025.05.01,08:00,08:15,Erhardt,16,9,25
2025.05.01,08:15,08:30,Erhardt,14,23,37
2025.05.01,08:30,08:45,Erhardt,20,10,30
2025.05.01,08:45,09:00,Erhardt,29,19,48
2025.05.01,09:00,09:15,Erhardt,39,23,62
2025.05.01,09:15,09:30,Erhardt,22,37,59
2025.05.01,09:30,09:45,Erhardt,64,35,99
2025.05.01,09:45,10:00,Erhardt,59,40,99
2025.05.01,10:00,10:15,Erhardt,54,54,108
2025.05.01,10:15,10:30,Erhardt,62,68,130
2025.05.01,10:30,10:45,Erhardt,68,51,119
2025.05.01,10:45,11:00,Erhardt,66,60,126
2025.05.01,11:00,11:15,Erhardt,96,87,183
2025.05.01,11:15,11:30,Erhardt,86,79,165
2025.05.01,11:30,11:45,Erhardt,75,83,158
2025.05.01,11:45,12:00,Erhardt,66,114,180
2025.05.01,12:00,12:15,Erhardt,84,66,150
2025.05.01,12:15,12:30,Erhardt,93,79,172
2025.05.01,12:30,12:45,Erhardt,128,90,218
2025.05.01,12:45,13:00,Erhardt,90,97,187
2025.05.01,13:00,13:15,Erhardt,85,83,168
2025.05.01,13:15,13:30,Erhardt,94,92,186
2025.05.01,13:30,13:45,Erhardt,105,86,191
2025.05.01,13:45,14:00,Erhardt,108,124,232
2025.05.01,14:00,14:15,Erhardt,101,92,193
2025.05.01,14:15,14:30,Erhardt,108,72,180
2025.05.01,14:30,14:45,Erhardt,89,144,233
2025.05.01,14:45,15:00,Erhardt,125,133,258
2025.05.01,15:00,15:15,Erhardt,105,94,199
2025.05.01,15:15,15:30,Erhardt,131,100,231
2025.05.01,15:30,15:45,Erhardt,96,95,191
2025.05.01,15:45,16:00,Erhardt,122,73,195
2025.05.01,16:00,16:15,Erhardt,93,92,185
2025.05.01,16:15,16:30,Erhardt,95,90,185
2025.05.01,16:30,16:45,Erhardt,81,97,178
2025.05.01,16:45,17:00,Erhardt,110,77,187
2025.05.01,17:00,17:15,Erhardt,74,71,145
2025.05.01,17:15,17:30,Erhardt,82,64,146
2025.05.01,17:30,17:45,Erhardt,116,90,206
2025.05.01,17:45,18:00,Erhardt,134,84,218
2025.05.01,18:00,18:15,Erhardt,107,110,217
2025.05.01,18:15,18:30,Erhardt,84,81,165
2025.05.01,18:30,18:45,Erhardt,83,112,195
2025.05.01,18:45,19:00,Erhardt,72,74,146
2025.05.01,19:00,19:15,Erhardt,77,78,155
2025.05.01,19:15,19:30,Erhardt,58,77,135
2025.05.01,19:30,19:45,Erhardt,53,56,109
2025.05.01,19:45,20:00,Erhardt,71,47,118
2025.05.01,20:00,20:15,Erhardt,61,66,127
2025.05.01,20:15,20:30,Erhardt,53,43,96
2025.05.01,20:30,20:45,Erhardt,43,40,83
2025.05.01,20:45,21:00,Erhardt,29,44,73
2025.05.01,21:00,21:15,Erhardt,38,38,76
2025.05.01,21:15,21:30,Erhardt,30,27,57
2025.05.01,21:30,21:45,Erhardt,33,37,70
2025.05.01,21:45,22:00,Erhardt,17,22,39
2025.05.01,22:00,22:15,Erhardt,20,15,35
2025.05.01,22:15,22:30,Erhardt,14,29,43
2025.05.01,22:30,22:45,Erhardt,16,20,36
2025.05.01,22:45,23:00,Erhardt,8,19,27
2025.05.01,23:00,23:15,Erhardt,13,13,26
2025.05.01,23:15,23:30,Erhardt,10,10,20
2025.05.01,23:30,23:45,Erhardt,13,10,23
2025.05.01,23:45,00:00,Erhardt,4,8,12
2025.05.02,00:00,00:15,Erhardt,5,4,9
2025.05.02,00:15,00:30,Erhardt,3,7,10
2025.05.02,00:30,00:45,Erhardt,2,2,4
2025.05.02,00:45,01:00,Erhardt,1,1,2
2025.05.02,01:00,01:15,Erhardt,4,2,6
2025.05.02,01:15,01:30,Erhardt,2,5,7
2025.05.02,01:30,01:45,Erhardt,2,3,5
2025.05.02,01:45,02:00,Erhardt,2,2,4
2025.05.02,02:00,02:15,Erhardt,0,0,0
2025.05.02,02:15,02:30,Erhardt,0,0,0
2025.05.02,02:30,02:45,Erhardt,1,2,3
2025.05.02,02:45,03:00,Erhardt,0,1,1
2025.05.02,03:00,03:15,Erhardt,1,0,1
2025.05.02,03:15,03:30,Erhardt,0,0,0
2025.05.02,03:30,03:45,Erhardt,0,0,0
2025.05.02,03:45,04:00,Erhardt,0,0,0
2025.05.02,04:00,04:15,Erhardt,0,0,0
2025.05.02,04:15,04:30,Erhardt,1,0,1
2025.05.02,04:30,04:45,Erhardt,0,1,1
2025.05.02,04:45,05:00,Erhardt,1,0,1
2025.05.02,05:00,05:15,Erhardt,0,0,0
2025.05.02,05:15,05:30,Erhardt,0,1,1
2025.05.02,05:30,05:45,Erhardt,5,1,6
2025.05.02,05:45,06:00,Erhardt,3,4,7
2025.05.02,06:00,06:15,Erhardt,8,6,14
2025.05.02,06:15,06:30,Erhardt,9,9,18
2025.05.02,06:30,06:45,Erhardt,13,18,31
2025.05.02,06:45,07:00,Erhardt,12,18,30
2025.05.02,07:00,07:15,Erhardt,20,15,35
2025.05.02,07:15,07:30,Erhardt,34,31,65
2025.05.02,07:30,07:45,Erhardt,38,31,69
2025.05.02,07:45,08:00,Erhardt,52,41,93
2025.05.02,08:00,08:15,Erhardt,28,45,73
2025.05.02,08:15,08:30,Erhardt,53,44,97
2025.05.02,08:30,08:45,Erhardt,55,53,108
2025.05.02,08:45,09:00,Erhardt,60,41,101
2025.05.02,09:00,09:15,Erhardt,29,43,72
2025.05.02,09:15,09:30,Erhardt,46,43,89
2025.05.02,09:30,09:45,Erhardt,52,32,84
2025.05.02,09:45,10:00,Erhardt,27,45,72
2025.05.02,10:00,10:15,Erhardt,33,33,66
2025.05.02,10:15,10:30,Erhardt,48,22,70
2025.05.02,10:30,10:45,Erhardt,31,44,75
2025.05.02,10:45,11:00,Erhardt,50,32,82
2025.05.02,11:00,11:15,Erhardt,35,34,69
2025.05.02,11:15,11:30,Erhardt,48,27,75
2025.05.02,11:30,11:45,Erhardt,64,30,94
2025.05.02,11:45,12:00,Erhardt,51,54,105
2025.05.02,12:00,12:15,Erhardt,42,41,83
2025.05.02,12:15,12:30,Erhardt,63,32,95
2025.05.02,12:30,12:45,Erhardt,55,36,91
2025.05.02,12:45,13:00,Erhardt,49,57,106
2025.05.02,13:00,13:15,Erhardt,66,50,116
2025.05.02,13:15,13:30,Erhardt,72,50,122
2025.05.02,13:30,13:45,Erhardt,62,65,127
2025.05.02,13:45,14:00,Erhardt,83,64,147
2025.05.02,14:00,14:15,Erhardt,71,76,147
2025.05.02,14:15,14:30,Erhardt,74,65,139
2025.05.02,14:30,14:45,Erhardt,69,65,134
2025.05.02,14:45,15:00,Erhardt,62,49,111
2025.05.02,15:00,15:15,Erhardt,81,66,147
2025.05.02,15:15,15:30,Erhardt,100,62,162
2025.05.02,15:30,15:45,Erhardt,104,53,157
2025.05.02,15:45,16:00,Erhardt,88,56,144
2025.05.02,16:00,16:15,Erhardt,99,58,157
2025.05.02,16:15,16:30,Erhardt,79,54,133
2025.05.02,16:30,16:45,Erhardt,119,60,179
2025.05.02,16:45,17:00,Erhardt,102,84,186
2025.05.02,17:00,17:15,Erhardt,86,69,155
2025.05.02,17:15,17:30,Erhardt,116,97,213
2025.05.02,17:30,17:45,Erhardt,111,62,173
2025.05.02,17:45,18:00,Erhardt,101,92,193
2025.05.02,18:00,18:15,Erhardt,88,66,154
2025.05.02,18:15,18:30,Erhardt,115,59,174
2025.05.02,18:30,18:45,Erhardt,74,84,158
2025.05.02,18:45,19:00,Erhardt,90,100,190
2025.05.02,19:00,19:15,Erhardt,62,63,125
2025.05.02,19:15,19:30,Erhardt,80,76,156
2025.05.02,19:30,19:45,Erhardt,58,47,105
2025.05.02,19:45,20:00,Erhardt,65,58,123
2025.05.02,20:00,20:15,Erhardt,58,51,109
2025.05.02,20:15,20:30,Erhardt,46,41,87
2025.05.02,20:30,20:45,Erhardt,41,37,78
2025.05.02,20:45,21:00,Erhardt,38,34,72
2025.05.02,21:00,21:15,Erhardt,40,37,77
2025.05.02,21:15,21:30,Erhardt,38,32,70
2025.05.02,21:30,21:45,Erhardt,25,34,59
2025.05.02,21:45,22:00,Erhardt,14,23,37
2025.05.02,22:00,22:15,Erhardt,27,49,76
2025.05.02,22:15,22:30,Erhardt,21,43,64
2025.05.02,22:30,22:45,Erhardt,34,27,61
2025.05.02,22:45,23:00,Erhardt,38,14,52
2025.05.02,23:00,23:15,Erhardt,26,25,51
2025.05.02,23:15,23:30,Erhardt,18,16,34
2025.05.02,23:30,23:45,Erhardt,23,18,41
2025.05.02,23:45,00:00,Erhardt,16,23,39
2025.05.03,00:00,00:15,Erhardt,16,18,34
2025.05.03,00:15,00:30,Erhardt,13,17,30
2025.05.03,00:30,00:45,Erhardt,15,17,32
2025.05.03,00:45,01:00,Erhardt,8,6,14
2025.05.03,01:00,01:15,Erhardt,4,12,16
2025.05.03,01:15,01:30,Erhardt,3,8,11
2025.05.03,01:30,01:45,Erhardt,1,8,9
2025.05.03,01:45,02:00,Erhardt,3,2,5
2025.05.03,02:00,02:15,Erhardt,5,2,7
2025.05.03,02:15,02:30,Erhardt,2,0,2
2025.05.03,02:30,02:45,Erhardt,1,4,5
2025.05.03,02:45,03:00,Erhardt,2,4,6
2025.05.03,03:00,03:15,Erhardt,2,2,4
2025.05.03,03:15,03:30,Erhardt,4,1,5
2025.05.03,03:30,03:45,Erhardt,1,1,2
2025.05.03,03:45,04:00,Erhardt,2,3,5
2025.05.03,04:00,04:15,Erhardt,1,0,1
2025.05.03,04:15,04:30,Erhardt,1,0,1
2025.05.03,04:30,04:45,Erhardt,0,1,1
2025.05.03,04:45,05:00,Erhardt,0,0,0
2025.05.03,05:00,05:15,Erhardt,0,1,1
2025.05.03,05:15,05:30,Erhardt,0,3,3
2025.05.03,05:30,05:45,Erhardt,4,1,5
2025.05.03,05:45,06:00,Erhardt,4,4,8
2025.05.03,06:00,06:15,Erhardt,5,5,10
2025.05.03,06:15,06:30,Erhardt,1,1,2
2025.05.03,06:30,06:45,Erhardt,3,2,5
2025.05.03,06:45,07:00,Erhardt,6,5,11
2025.05.03,07:00,07:15,Erhardt,2,2,4
2025.05.03,07:15,07:30,Erhardt,10,2,12
2025.05.03,07:30,07:45,Erhardt,4,8,12
2025.05.03,07:45,08:00,Erhardt,9,11,20
2025.05.03,08:00,08:15,Erhardt,13,9,22
2025.05.03,08:15,08:30,Erhardt,8,6,14
2025.05.03,08:30,08:45,Erhardt,19,23,42
2025.05.03,08:45,09:00,Erhardt,20,12,32
2025.05.03,09:00,09:15,Erhardt,21,18,39
2025.05.03,09:15,09:30,Erhardt,32,21,53
2025.05.03,09:30,09:45,Erhardt,52,18,70
2025.05.03,09:45,10:00,Erhardt,43,27,70
2025.05.03,10:00,10:15,Erhardt,25,30,55
2025.05.03,10:15,10:30,Erhardt,40,33,73
2025.05.03,10:30,10:45,Erhardt,42,35,77
2025.05.03,10:45,11:00,Erhardt,49,33,82
2025.05.03,11:00,11:15,Erhardt,45,41,86
2025.05.03,11:15,11:30,Erhardt,31,44,75
2025.05.03,11:30,11:45,Erhardt,25,20,45
2025.05.03,11:45,12:00,Erhardt,17,31,48
2025.05.03,12:00,12:15,Erhardt,21,34,55
2025.05.03,12:15,12:30,Erhardt,35,18,53
2025.05.03,12:30,12:45,Erhardt,54,30,84
2025.05.03,12:45,13:00,Erhardt,51,28,79
2025.05.03,13:00,13:15,Erhardt,48,25,73
2025.05.03,13:15,13:30,Erhardt,32,34,66
2025.05.03,13:30,13:45,Erhardt,39,44,83
2025.05.03,13:45,14:00,Erhardt,27,41,68
2025.05.03,14:00,14:15,Erhardt,32,25,57
2025.05.03,14:15,14:30,Erhardt,44,48,92
2025.05.03,14:30,14:45,Erhardt,40,41,81
2025.05.03,14:45,15:00,Erhardt,44,48,92
2025.05.03,15:00,15:15,Erhardt,36,28,64
2025.05.03,15:15,15:30,Erhardt,36,52,88
2025.05.03,15:30,15:45,Erhardt,37,37,74
2025.05.03,15:45,16:00,Erhardt,47,55,102
2025.05.03,16:00,16:15,Erhardt,42,42,84
2025.05.03,16:15,16:30,Erhardt,58,51,109
2025.05.03,16:30,16:45,Erhardt,46,43,89
2025.05.03,16:45,17:00,Erhardt,33,71,104
2025.05.03,17:00,17:15,Erhardt,52,47,99
2025.05.03,17:15,17:30,Erhardt,43,45,88
2025.05.03,17:30,17:45,Erhardt,56,35,91
2025.05.03,17:45,18:00,Erhardt,35,32,67
2025.05.03,18:00,18:15,Erhardt,40,56,96
2025.05.03,18:15,18:30,Erhardt,44,37,81
2025.05.03,18:30,18:45,Erhardt,34,37,71
2025.05.03,18:45,19:00,Erhardt,46,30,76
2025.05.03,19:00,19:15,Erhardt,38,40,78
2025.05.03,19:15,19:30,Erhardt,45,34,79
2025.05.03,19:30,19:45,Erhardt,26,27,53
2025.05.03,19:45,20:00,Erhardt,27,23,50
2025.05.03,20:00,20:15,Erhardt,29,31,60
2025.05.03,20:15,20:30,Erhardt,28,26,54
2025.05.03,20:30,20:45,Erhardt,20,25,45
2025.05.03,20:45,21:00,Erhardt,21,16,37
2025.05.03,21:00,21:15,Erhardt,25,13,38
2025.05.03,21:15,21:30,Erhardt,13,9,22
2025.05.03,21:30,21:45,Erhardt,20,11,31
2025.05.03,21:45,22:00,Erhardt,10,14,24
2025.05.03,22:00,22:15,Erhardt,27,13,40
2025.05.03,22:15,22:30,Erhardt,11,18,29
2025.05.03,22:30,22:45,Erhardt,23,10,33
2025.05.03,22:45,23:00,Erhardt,16,15,31
2025.05.03,23:00,23:15,Erhardt,20,6,26
2025.05.03,23:15,23:30,Erhardt,6,19,25
2025.05.03,23:30,23:45,Erhardt,16,15,31
2025.05.03,23:45,00:00,Erhardt,6,8,14
2025.05.04,00:00,00:15,Erhardt,12,12,24
2025.05.04,00:15,00:30,Erhardt,7,19,26
2025.05.04,00:30,00:45,Erhardt,9,8,17
2025.05.04,00:45,01:00,Erhardt,8,8,16
2025.05.04,01:00,01:15,Erhardt,9,2,11
2025.05.04,01:15,01:30,Erhardt,7,5,12
2025.05.04,01:30,01:45,Erhardt,8,4,12
2025.05.04,01:45,02:00,Erhardt,3,4,7
2025.05.04,02:00,02:15,Erhardt,11,1,12
2025.05.04,02:15,02:30,Erhardt,4,3,7
2025.05.04,02:30,02:45,Erhardt,3,1,4
2025.05.04,02:45,03:00,Erhardt,0,2,2
2025.05.04,03:00,03:15,Erhardt,1,1,2
2025.05.04,03:15,03:30,Erhardt,2,2,4
2025.05.04,03:30,03:45,Erhardt,0,1,1
2025.05.04,03:45,04:00,Erhardt,0,0,0
2025.05.04,04:00,04:15,Erhardt,1,2,3
2025.05.04,04:15,04:30,Erhardt,0,2,2
2025.05.04,04:30,04:45,Erhardt,1,0,1
2025.05.04,04:45,05:00,Erhardt,2,0,2
2025.05.04,05:00,05:15,Erhardt,0,1,1
2025.05.04,05:15,05:30,Erhardt,1,1,2
2025.05.04,05:30,05:45,Erhardt,1,2,3
2025.05.04,05:45,06:00,Erhardt,2,0,2
2025.05.04,06:00,06:15,Erhardt,1,0,1
2025.05.04,06:15,06:30,Erhardt,0,2,2
2025.05.04,06:30,06:45,Erhardt,2,0,2
2025.05.04,06:45,07:00,Erhardt,3,0,3
2025.05.04,07:00,07:15,Erhardt,4,1,5
2025.05.04,07:15,07:30,Erhardt,3,0,3
2025.05.04,07:30,07:45,Erhardt,0,3,3
2025.05.04,07:45,08:00,Erhardt,1,0,1
2025.05.04,08:00,08:15,Erhardt,3,6,9
2025.05.04,08:15,08:30,Erhardt,4,2,6
2025.05.04,08:30,08:45,Erhardt,1,4,5
2025.05.04,08:45,09:00,Erhardt,5,10,15
2025.05.04,09:00,09:15,Erhardt,3,3,6
2025.05.04,09:15,09:30,Erhardt,4,6,10
2025.05.04,09:30,09:45,Erhardt,9,5,14
2025.05.04,09:45,10:00,Erhardt,9,7,16
2025.05.04,10:00,10:15,Erhardt,3,8,11
2025.05.04,10:15,10:30,Erhardt,9,8,17
2025.05.04,10:30,10:45,Erhardt,12,5,17
2025.05.04,10:45,11:00,Erhardt,12,6,18
2025.05.04,11:00,11:15,Erhardt,2,6,8
2025.05.04,11:15,11:30,Erhardt,9,9,18
2025.05.04,11:30,11:45,Erhardt,15,9,24
2025.05.04,11:45,12:00,Erhardt,12,13,25
2025.05.04,12:00,12:15,Erhardt,7,4,11
2025.05.04,12:15,12:30,Erhardt,12,10,22
2025.05.04,12:30,12:45,Erhardt,12,16,28
2025.05.04,12:45,13:00,Erhardt,18,11,29
2025.05.04,13:00,13:15,Erhardt,7,17,24
2025.05.04,13:15,13:30,Erhardt,19,27,46
2025.05.04,13:30,13:45,Erhardt,22,15,37
2025.05.04,13:45,14:00,Erhardt,17,32,49
2025.05.04,14:00,14:15,Erhardt,12,25,37
2025.05.04,14:15,14:30,Erhardt,15,18,33
2025.05.04,14:30,14:45,Erhardt,16,21,37
2025.05.04,14:45,15:00,Erhardt,11,18,29
2025.05.04,15:00,15:15,Erhardt,16,24,40
2025.05.04,15:15,15:30,Erhardt,28,11,39
2025.05.04,15:30,15:45,Erhardt,17,26,43
2025.05.04,15:45,16:00,Erhardt,18,18,36
2025.05.04,16:00,16:15,Erhardt,13,15,28
2025.05.04,16:15,16:30,Erhardt,21,29,50
2025.05.04,16:30,16:45,Erhardt,22,22,44
2025.05.04,16:45,17:00,Erhardt,18,20,38
2025.05.04,17:00,17:15,Erhardt,12,23,35
2025.05.04,17:15,17:30,Erhardt,22,21,43
2025.05.04,17:30,17:45,Erhardt,19,8,27
2025.05.04,17:45,18:00,Erhardt,14,14,28
2025.05.04,18:00,18:15,Erhardt,19,17,36
2025.05.04,18:15,18:30,Erhardt,12,21,33
2025.05.04,18:30,18:45,Erhardt,17,18,35
2025.05.04,18:45,19:00,Erhardt,15,6,21
2025.05.04,19:00,19:15,Erhardt,18,12,30
2025.05.04,19:15,19:30,Erhardt,14,16,30
2025.05.04,19:30,19:45,Erhardt,18,22,40
2025.05.04,19:45,20:00,Erhardt,14,10,24
2025.05.04,20:00,20:15,Erhardt,15,7,22
2025.05.04,20:15,20:30,Erhardt,11,11,22
2025.05.04,20:30,20:45,Erhardt,10,5,15
2025.05.04,20:45,21:00,Erhardt,4,5,9
2025.05.04,21:00,21:15,Erhardt,5,7,12
2025.05.04,21:15,21:30,Erhardt,8,5,13
2025.05.04,21:30,21:45,Erhardt,6,6,12
2025.05.04,21:45,22:00,Erhardt,0,9,9
2025.05.04,22:00,22:15,Erhardt,0,5,5
2025.05.04,22:15,22:30,Erhardt,3,3,6
2025.05.04,22:30,22:45,Erhardt,4,9,13
2025.05.04,22:45,23:00,Erhardt,4,4,8
2025.05.04,23:00,23:15,Erhardt,4,2,6
2025.05.04,23:15,23:30,Erhardt,3,3,6
2025.05.04,23:30,23:45,Erhardt,0,3,3
2025.05.04,23:45,00:00,Erhardt,0,1,1
2025.05.05,00:00,00:15,Erhardt,1,0,1
2025.05.05,00:15,00:30,Erhardt,1,1,2
2025.05.05,00:30,00:45,Erhardt,0,0,0
2025.05.05,00:45,01:00,Erhardt,0,0,0
2025.05.05,01:00,01:15,Erhardt,0,0,0
2025.05.05,01:15,01:30,Erhardt,2,0,2
2025.05.05,01:30,01:45,Erhardt,0,1,1
2025.05.05,01:45,02:00,Erhardt,0,1,1
2025.05.05,02:00,02:15,Erhardt,0,0,0
2025.05.05,02:15,02:30,Erhardt,0,0,0
2025.05.05,02:30,02:45,Erhardt,1,0,1
2025.05.05,02:45,03:00,Erhardt,0,0,0
2025.05.05,03:00,03:15,Erhardt,0,0,0
2025.05.05,03:15,03:30,Erhardt,0,0,0
2025.05.05,03:30,03:45,Erhardt,0,1,1
2025.05.05,03:45,04:00,Erhardt,0,0,0
2025.05.05,04:00,04:15,Erhardt,0,0,0
2025.05.05,04:15,04:30,Erhardt,0,0,0
2025.05.05,04:30,04:45,Erhardt,0,1,1
2025.05.05,04:45,05:00,Erhardt,2,0,2
2025.05.05,05:00,05:15,Erhardt,1,1,2
2025.05.05,05:15,05:30,Erhardt,0,0,0
2025.05.05,05:30,05:45,Erhardt,2,2,4
2025.05.05,05:45,06:00,Erhardt,1,4,5
2025.05.05,06:00,06:15,Erhardt,8,1,9
2025.05.05,06:15,06:30,Erhardt,9,2,11
2025.05.05,06:30,06:45,Erhardt,3,10,13
2025.05.05,06:45,07:00,Erhardt,10,7,17
2025.05.05,07:00,07:15,Erhardt,8,4,12
2025.05.05,07:15,07:30,Erhardt,10,19,29
2025.05.05,07:30,07:45,Erhardt,17,19,36
2025.05.05,07:45,08:00,Erhardt,23,25,48
2025.05.05,08:00,08:15,Erhardt,33,22,55
2025.05.05,08:15,08:30,Erhardt,30,22,52
2025.05.05,08:30,08:45,Erhardt,23,18,41
2025.05.05,08:45,09:00,Erhardt,17,26,43
2025.05.05,09:00,09:15,Erhardt,20,16,36
2025.05.05,09:15,09:30,Erhardt,13,9,22
2025.05.05,09:30,09:45,Erhardt,12,6,18
2025.05.05,09:45,10:00,Erhardt,10,6,16
2025.05.05,10:00,10:15,Erhardt,6,6,12
2025.05.05,10:15,10:30,Erhardt,10,11,21
2025.05.05,10:30,10:45,Erhardt,4,7,11
2025.05.05,10:45,11:00,Erhardt,9,9,18
2025.05.05,11:00,11:15,Erhardt,2,2,4
2025.05.05,11:15,11:30,Erhardt,6,4,10
2025.05.05,11:30,11:45,Erhardt,7,7,14
2025.05.05,11:45,12:00,Erhardt,3,9,12
2025.05.05,12:00,12:15,Erhardt,7,5,12
2025.05.05,12:15,12:30,Erhardt,2,10,12
2025.05.05,12:30,12:45,Erhardt,5,3,8
2025.05.05,12:45,13:00,Erhardt,9,6,15
2025.05.05,13:00,13:15,Erhardt,8,9,17
2025.05.05,13:15,13:30,Erhardt,25,5,30
2025.05.05,13:30,13:45,Erhardt,9,3,12
2025.05.05,13:45,14:00,Erhardt,8,6,14
2025.05.05,14:00,14:15,Erhardt,6,10,16
2025.05.05,14:15,14:30,Erhardt,8,7,15
2025.05.05,14:30,14:45,Erhardt,15,15,30
2025.05.05,14:45,15:00,Erhardt,21,8,29
2025.05.05,15:00,15:15,Erhardt,18,9,27
2025.05.05,15:15,15:30,Erhardt,10,16,26
2025.05.05,15:30,15:45,Erhardt,21,15,36
2025.05.05,15:45,16:00,Erhardt,14,13,27
2025.05.05,16:00,16:15,Erhardt,15,4,19
2025.05.05,16:15,16:30,Erhardt,17,12,29
2025.05.05,16:30,16:45,Erhardt,17,12,29
2025.05.05,16:45,17:00,Erhardt,22,16,38
2025.05.05,17:00,17:15,Erhardt,23,11,34
2025.05.05,17:15,17:30,Erhardt,29,16,45
2025.05.05,17:30,17:45,Erhardt,29,17,46
2025.05.05,17:45,18:00,Erhardt,29,21,50
2025.05.05,18:00,18:15,Erhardt,31,16,47
2025.05.05,18:15,18:30,Erhardt,28,16,44
2025.05.05,18:30,18:45,Erhardt,19,19,38
2025.05.05,18:45,19:00,Erhardt,18,15,33
2025.05.05,19:00,19:15,Erhardt,18,11,29
2025.05.05,19:15,19:30,Erhardt,12,17,29
2025.05.05,19:30,19:45,Erhardt,16,12,28
2025.05.05,19:45,20:00,Erhardt,8,8,16
2025.05.05,20:00,20:15,Erhardt,13,15,28
2025.05.05,20:15,20:30,Erhardt,10,4,14
2025.05.05,20:30,20:45,Erhardt,8,5,13
2025.05.05,20:45,21:00,Erhardt,10,1,11
2025.05.05,21:00,21:15,Erhardt,6,7,13
2025.05.05,21:15,21:30,Erhardt,3,3,6
2025.05.05,21:30,21:45,Erhardt,7,3,10
2025.05.05,21:45,22:00,Erhardt,7,9,16
2025.05.05,22:00,22:15,Erhardt,3,8,11
2025.05.05,22:15,22:30,Erhardt,7,2,9
2025.05.05,22:30,22:45,Erhardt,4,7,11
2025.05.05,22:45,23:00,Erhardt,4,3,7
2025.05.05,23:00,23:15,Erhardt,5,0,5
2025.05.05,23:15,23:30,Erhardt,13,1,14
2025.05.05,23:30,23:45,Erhardt,0,2,2
2025.05.05,23:45,00:00,Erhardt,2,0,2
2025.05.06,00:00,00:15,Erhardt,1,1,2
2025.05.06,00:15,00:30,Erhardt,3,3,6
2025.05.06,00:30,00:45,Erhardt,1,2,3
2025.05.06,00:45,01:00,Erhardt,0,1,1
2025.05.06,01:00,01:15,Erhardt,0,2,2
2025.05.06,01:15,01:30,Erhardt,0,0,0
2025.05.06,01:30,01:45,Erhardt,0,0,0
2025.05.06,01:45,02:00,Erhardt,0,1,1
2025.05.06,02:00,02:15,Erhardt,1,0,1
2025.05.06,02:15,02:30,Erhardt,1,1,2
2025.05.06,02:30,02:45,Erhardt,0,0,0
2025.05.06,02:45,03:00,Erhardt,0,0,0
2025.05.06,03:00,03:15,Erhardt,0,0,0
2025.05.06,03:15,03:30,Erhardt,0,0,0
2025.05.06,03:30,03:45,Erhardt,0,0,0
2025.05.06,03:45,04:00,Erhardt,0,0,0
2025.05.06,04:00,04:15,Erhardt,0,0,0
2025.05.06,04:15,04:30,Erhardt,0,0,0
2025.05.06,04:30,04:45,Erhardt,0,0,0
2025.05.06,04:45,05:00,Erhardt,1,0,1
2025.05.06,05:00,05:15,Erhardt,0,2,2
2025.05.06,05:15,05:30,Erhardt,2,0,2
2025.05.06,05:30,05:45,Erhardt,2,0,2
2025.05.06,05:45,06:00,Erhardt,2,4,6
2025.05.06,06:00,06:15,Erhardt,4,4,8
2025.05.06,06:15,06:30,Erhardt,13,5,18
2025.05.06,06:30,06:45,Erhardt,7,9,16
2025.05.06,06:45,07:00,Erhardt,7,11,18
2025.05.06,07:00,07:15,Erhardt,17,16,33
2025.05.06,07:15,07:30,Erhardt,17,21,38
2025.05.06,07:30,07:45,Erhardt,36,30,66
2025.05.06,07:45,08:00,Erhardt,65,30,95
2025.05.06,08:00,08:15,Erhardt,68,37,105
2025.05.06,08:15,08:30,Erhardt,56,48,104
2025.05.06,08:30,08:45,Erhardt,59,48,107
2025.05.06,08:45,09:00,Erhardt,68,40,108
2025.05.06,09:00,09:15,Erhardt,45,30,75
2025.05.06,09:15,09:30,Erhardt,27,24,51
2025.05.06,09:30,09:45,Erhardt,31,25,56
2025.05.06,09:45,10:00,Erhardt,27,18,45
2025.05.06,10:00,10:15,Erhardt,27,18,45
2025.05.06,10:15,10:30,Erhardt,16,25,41
2025.05.06,10:30,10:45,Erhardt,15,11,26
2025.05.06,10:45,11:00,Erhardt,17,12,29
2025.05.06,11:00,11:15,Erhardt,9,15,24
2025.05.06,11:15,11:30,Erhardt,9,9,18
2025.05.06,11:30,11:45,Erhardt,17,11,28
2025.05.06,11:45,12:00,Erhardt,14,13,27
2025.05.06,12:00,12:15,Erhardt,21,25,46
2025.05.06,12:15,12:30,Erhardt,22,11,33
2025.05.06,12:30,12:45,Erhardt,11,22,33
2025.05.06,12:45,13:00,Erhardt,30,20,50
2025.05.06,13:00,13:15,Erhardt,23,14,37
2025.05.06,13:15,13:30,Erhardt,17,25,42
2025.05.06,13:30,13:45,Erhardt,21,19,40
2025.05.06,13:45,14:00,Erhardt,23,14,37
2025.05.06,14:00,14:15,Erhardt,30,20,50
2025.05.06,14:15,14:30,Erhardt,29,15,44
2025.05.06,14:30,14:45,Erhardt,33,20,53
2025.05.06,14:45,15:00,Erhardt,26,20,46
2025.05.06,15:00,15:15,Erhardt,23,14,37
2025.05.06,15:15,15:30,Erhardt,24,34,58
2025.05.06,15:30,15:45,Erhardt,39,16,55
2025.05.06,15:45,16:00,Erhardt,32,21,53
2025.05.06,16:00,16:15,Erhardt,31,20,51
2025.05.06,16:15,16:30,Erhardt,36,24,60
2025.05.06,16:30,16:45,Erhardt,50,16,66
2025.05.06,16:45,17:00,Erhardt,41,20,61
2025.05.06,17:00,17:15,Erhardt,45,17,62
2025.05.06,17:15,17:30,Erhardt,56,33,89
2025.05.06,17:30,17:45,Erhardt,57,44,101
2025.05.06,17:45,18:00,Erhardt,68,32,100
2025.05.06,18:00,18:15,Erhardt,88,30,118
2025.05.06,18:15,18:30,Erhardt,74,29,103
2025.05.06,18:30,18:45,Erhardt,68,33,101
2025.05.06,18:45,19:00,Erhardt,61,27,88
2025.05.06,19:00,19:15,Erhardt,55,32,87
2025.05.06,19:15,19:30,Erhardt,37,22,59
2025.05.06,19:30,19:45,Erhardt,24,17,41
2025.05.06,19:45,20:00,Erhardt,29,17,46
2025.05.06,20:00,20:15,Erhardt,22,21,43
2025.05.06,20:15,20:30,Erhardt,34,17,51
2025.05.06,20:30,20:45,Erhardt,21,15,36
2025.05.06,20:45,21:00,Erhardt,24,6,30
2025.05.06,21:00,21:15,Erhardt,19,13,32
2025.05.06,21:15,21:30,Erhardt,23,10,33
2025.05.06,21:30,21:45,Erhardt,23,9,32
2025.05.06,21:45,22:00,Erhardt,15,8,23
2025.05.06,22:00,22:15,Erhardt,12,7,19
2025.05.06,22:15,22:30,Erhardt,20,16,36
2025.05.06,22:30,22:45,Erhardt,23,12,35
2025.05.06,22:45,23:00,Erhardt,9,6,15
2025.05.06,23:00,23:15,Erhardt,5,8,13
2025.05.06,23:15,23:30,Erhardt,4,7,11
2025.05.06,23:30,23:45,Erhardt,4,4,8
2025.05.06,23:45,00:00,Erhardt,10,7,17
2025.05.07,00:00,00:15,Erhardt,6,11,17
2025.05.07,00:15,00:30,Erhardt,5,1,6
2025.05.07,00:30,00:45,Erhardt,5,0,5
2025.05.07,00:45,01:00,Erhardt,3,0,3
2025.05.07,01:00,01:15,Erhardt,0,3,3
2025.05.07,01:15,01:30,Erhardt,1,0,1
2025.05.07,01:30,01:45,Erhardt,0,1,1
2025.05.07,01:45,02:00,Erhardt,0,1,1
2025.05.07,02:00,02:15,Erhardt,0,1,1
2025.05.07,02:15,02:30,Erhardt,1,1,2
2025.05.07,02:30,02:45,Erhardt,1,0,1
2025.05.07,02:45,03:00,Erhardt,0,0,0
2025.05.07,03:00,03:15,Erhardt,1,0,1
2025.05.07,03:15,03:30,Erhardt,0,0,0
2025.05.07,03:30,03:45,Erhardt,0,0,0
2025.05.07,03:45,04:00,Erhardt,0,0,0
2025.05.07,04:00,04:15,Erhardt,0,1,1
2025.05.07,04:15,04:30,Erhardt,0,0,0
2025.05.07,04:30,04:45,Erhardt,0,0,0
2025.05.07,04:45,05:00,Erhardt,1,1,2
2025.05.07,05:00,05:15,Erhardt,0,0,0
2025.05.07,05:15,05:30,Erhardt,0,1,1
2025.05.07,05:30,05:45,Erhardt,2,0,2
2025.05.07,05:45,06:00,Erhardt,4,8,12
2025.05.07,06:00,06:15,Erhardt,11,5,16
2025.05.07,06:15,06:30,Erhardt,15,9,24
2025.05.07,06:30,06:45,Erhardt,6,16,22
2025.05.07,06:45,07:00,Erhardt,22,15,37
2025.05.07,07:00,07:15,Erhardt,22,28,50
2025.05.07,07:15,07:30,Erhardt,32,21,53
2025.05.07,07:30,07:45,Erhardt,62,35,97
2025.05.07,07:45,08:00,Erhardt,74,33,107
2025.05.07,08:00,08:15,Erhardt,46,73,119
2025.05.07,08:15,08:30,Erhardt,70,53,123
2025.05.07,08:30,08:45,Erhardt,83,66,149
2025.05.07,08:45,09:00,Erhardt,71,57,128
2025.05.07,09:00,09:15,Erhardt,61,35,96
2025.05.07,09:15,09:30,Erhardt,36,28,64
2025.05.07,09:30,09:45,Erhardt,36,34,70
2025.05.07,09:45,10:00,Erhardt,26,33,59
2025.05.07,10:00,10:15,Erhardt,23,24,47
2025.05.07,10:15,10:30,Erhardt,15,19,34
2025.05.07,10:30,10:45,Erhardt,20,18,38
2025.05.07,10:45,11:00,Erhardt,26,15,41
2025.05.07,11:00,11:15,Erhardt,33,14,47
2025.05.07,11:15,11:30,Erhardt,18,20,38
2025.05.07,11:30,11:45,Erhardt,19,21,40
2025.05.07,11:45,12:00,Erhardt,17,26,43
2025.05.07,12:00,12:15,Erhardt,26,23,49
2025.05.07,12:15,12:30,Erhardt,31,31,62
2025.05.07,12:30,12:45,Erhardt,25,20,45
2025.05.07,12:45,13:00,Erhardt,22,33,55
2025.05.07,13:00,13:15,Erhardt,19,23,42
2025.05.07,13:15,13:30,Erhardt,24,16,40
2025.05.07,13:30,13:45,Erhardt,27,21,48
2025.05.07,13:45,14:00,Erhardt,28,18,46
2025.05.07,14:00,14:15,Erhardt,26,28,54
2025.05.07,14:15,14:30,Erhardt,40,16,56
2025.05.07,14:30,14:45,Erhardt,31,24,55
2025.05.07,14:45,15:00,Erhardt,26,27,53
2025.05.07,15:00,15:15,Erhardt,31,29,60
2025.05.07,15:15,15:30,Erhardt,41,30,71
2025.05.07,15:30,15:45,Erhardt,39,22,61
2025.05.07,15:45,16:00,Erhardt,47,29,76
2025.05.07,16:00,16:15,Erhardt,35,26,61
2025.05.07,16:15,16:30,Erhardt,47,33,80
2025.05.07,16:30,16:45,Erhardt,51,33,84
2025.05.07,16:45,17:00,Erhardt,61,32,93
2025.05.07,17:00,17:15,Erhardt,53,32,85
2025.05.07,17:15,17:30,Erhardt,68,25,93
2025.05.07,17:30,17:45,Erhardt,76,52,128
2025.05.07,17:45,18:00,Erhardt,72,51,123
2025.05.07,18:00,18:15,Erhardt,67,76,143
2025.05.07,18:15,18:30,Erhardt,81,49,130
2025.05.07,18:30,18:45,Erhardt,68,38,106
2025.05.07,18:45,19:00,Erhardt,77,45,122
2025.05.07,19:00,19:15,Erhardt,55,29,84
2025.05.07,19:15,19:30,Erhardt,51,27,78
2025.05.07,19:30,19:45,Erhardt,44,14,58
2025.05.07,19:45,20:00,Erhardt,45,34,79
2025.05.07,20:00,20:15,Erhardt,20,20,40
2025.05.07,20:15,20:30,Erhardt,25,19,44
2025.05.07,20:30,20:45,Erhardt,16,20,36
2025.05.07,20:45,21:00,Erhardt,20,19,39
2025.05.07,21:00,21:15,Erhardt,26,14,40
2025.05.07,21:15,21:30,Erhardt,20,10,30
2025.05.07,21:30,21:45,Erhardt,16,17,33
2025.05.07,21:45,22:00,Erhardt,11,16,27
2025.05.07,22:00,22:15,Erhardt,14,19,33
2025.05.07,22:15,22:30,Erhardt,30,18,48
2025.05.07,22:30,22:45,Erhardt,11,15,26
2025.05.07,22:45,23:00,Erhardt,14,12,26
2025.05.07,23:00,23:15,Erhardt,17,11,28
2025.05.07,23:15,23:30,Erhardt,11,8,19
2025.05.07,23:30,23:45,Erhardt,5,10,15
2025.05.07,23:45,00:00,Erhardt,11,5,16
2025.05.08,00:00,00:15,Erhardt,4,6,10
2025.05.08,00:15,00:30,Erhardt,3,2,5
2025.05.08,00:30,00:45,Erhardt,0,2,2
2025.05.08,00:45,01:00,Erhardt,2,2,4
2025.05.08,01:00,01:15,Erhardt,1,0,1
2025.05.08,01:15,01:30,Erhardt,0,1,1
2025.05.08,01:30,01:45,Erhardt,2,2,4
2025.05.08,01:45,02:00,Erhardt,3,2,5
2025.05.08,02:00,02:15,Erhardt,4,1,5
2025.05.08,02:15,02:30,Erhardt,1,1,2
2025.05.08,02:30,02:45,Erhardt,0,0,0
2025.05.08,02:45,03:00,Erhardt,0,0,0
2025.05.08,03:00,03:15,Erhardt,0,0,0
2025.05.08,03:15,03:30,Erhardt,0,0,0
2025.05.08,03:30,03:45,Erhardt,0,0,0
2025.05.08,03:45,04:00,Erhardt,0,0,0
2025.05.08,04:00,04:15,Erhardt,0,0,0
2025.05.08,04:15,04:30,Erhardt,0,0,0
2025.05.08,04:30,04:45,Erhardt,0,4,4
2025.05.08,04:45,05:00,Erhardt,0,0,0
2025.05.08,05:00,05:15,Erhardt,0,1,1
2025.05.08,05:15,05:30,Erhardt,0,2,2
2025.05.08,05:30,05:45,Erhardt,4,3,7
2025.05.08,05:45,06:00,Erhardt,2,5,7
2025.05.08,06:00,06:15,Erhardt,8,4,12
2025.05.08,06:15,06:30,Erhardt,10,3,13
2025.05.08,06:30,06:45,Erhardt,5,7,12
2025.05.08,06:45,07:00,Erhardt,18,13,31
2025.05.08,07:00,07:15,Erhardt,19,24,43
2025.05.08,07:15,07:30,Erhardt,23,21,44
2025.05.08,07:30,07:45,Erhardt,31,33,64
2025.05.08,07:45,08:00,Erhardt,77,50,127
2025.05.08,08:00,08:15,Erhardt,60,45,105
2025.05.08,08:15,08:30,Erhardt,82,45,127
2025.05.08,08:30,08:45,Erhardt,76,53,129
2025.05.08,08:45,09:00,Erhardt,50,58,108
2025.05.08,09:00,09:15,Erhardt,42,39,81
2025.05.08,09:15,09:30,Erhardt,38,17,55
2025.05.08,09:30,09:45,Erhardt,20,21,41
2025.05.08,09:45,10:00,Erhardt,33,29,62
2025.05.08,10:00,10:15,Erhardt,19,17,36
2025.05.08,10:15,10:30,Erhardt,28,16,44
2025.05.08,10:30,10:45,Erhardt,21,11,32
2025.05.08,10:45,11:00,Erhardt,22,21,43
2025.05.08,11:00,11:15,Erhardt,15,27,42
2025.05.08,11:15,11:30,Erhardt,15,16,31
2025.05.08,11:30,11:45,Erhardt,24,12,36
2025.05.08,11:45,12:00,Erhardt,25,23,48
2025.05.08,12:00,12:15,Erhardt,29,23,52
2025.05.08,12:15,12:30,Erhardt,17,14,31
2025.05.08,12:30,12:45,Erhardt,9,17,26
2025.05.08,12:45,13:00,Erhardt,14,25,39
2025.05.08,13:00,13:15,Erhardt,23,21,44
2025.05.08,13:15,13:30,Erhardt,28,23,51
2025.05.08,13:30,13:45,Erhardt,27,29,56
2025.05.08,13:45,14:00,Erhardt,27,19,46
2025.05.08,14:00,14:15,Erhardt,43,19,62
2025.05.08,14:15,14:30,Erhardt,23,28,51
2025.05.08,14:30,14:45,Erhardt,36,18,54
2025.05.08,14:45,15:00,Erhardt,29,30,59
2025.05.08,15:00,15:15,Erhardt,40,29,69
2025.05.08,15:15,15:30,Erhardt,38,22,60
2025.05.08,15:30,15:45,Erhardt,32,25,57
2025.05.08,15:45,16:00,Erhardt,50,20,70
2025.05.08,16:00,16:15,Erhardt,33,24,57
2025.05.08,16:15,16:30,Erhardt,29,29,58
2025.05.08,16:30,16:45,Erhardt,35,29,64
2025.05.08,16:45,17:00,Erhardt,34,40,74
2025.05.08,17:00,17:15,Erhardt,55,28,83
2025.05.08,17:15,17:30,Erhardt,55,25,80
2025.05.08,17:30,17:45,Erhardt,54,32,86
2025.05.08,17:45,18:00,Erhardt,66,30,96
2025.05.08,18:00,18:15,Erhardt,55,36,91
2025.05.08,18:15,18:30,Erhardt,61,28,89
2025.05.08,18:30,18:45,Erhardt,63,42,105
2025.05.08,18:45,19:00,Erhardt,31,41,72
2025.05.08,19:00,19:15,Erhardt,40,30,70
2025.05.08,19:15,19:30,Erhardt,35,18,53
2025.05.08,19:30,19:45,Erhardt,29,22,51
2025.05.08,19:45,20:00,Erhardt,36,19,55
2025.05.08,20:00,20:15,Erhardt,32,19,51
2025.05.08,20:15,20:30,Erhardt,25,21,46
2025.05.08,20:30,20:45,Erhardt,15,19,34
2025.05.08,20:45,21:00,Erhardt,23,15,38
2025.05.08,21:00,21:15,Erhardt,14,7,21
2025.05.08,21:15,21:30,Erhardt,14,19,33
2025.05.08,21:30,21:45,Erhardt,21,13,34
2025.05.08,21:45,22:00,Erhardt,16,11,27
2025.05.08,22:00,22:15,Erhardt,19,12,31
2025.05.08,22:15,22:30,Erhardt,15,11,26
2025.05.08,22:30,22:45,Erhardt,12,15,27
2025.05.08,22:45,23:00,Erhardt,31,16,47
2025.05.08,23:00,23:15,Erhardt,16,6,22
2025.05.08,23:15,23:30,Erhardt,8,12,20
2025.05.08,23:30,23:45,Erhardt,12,13,25
2025.05.08,23:45,00:00,Erhardt,9,7,16
2025.05.09,00:00,00:15,Erhardt,2,7,9
2025.05.09,00:15,00:30,Erhardt,5,4,9
2025.05.09,00:30,00:45,Erhardt,2,2,4
2025.05.09,00:45,01:00,Erhardt,3,2,5
2025.05.09,01:00,01:15,Erhardt,2,2,4
2025.05.09,01:15,01:30,Erhardt,1,2,3
2025.05.09,01:30,01:45,Erhardt,1,0,1
2025.05.09,01:45,02:00,Erhardt,2,1,3
2025.05.09,02:00,02:15,Erhardt,0,1,1
2025.05.09,02:15,02:30,Erhardt,0,0,0
2025.05.09,02:30,02:45,Erhardt,2,1,3
2025.05.09,02:45,03:00,Erhardt,1,1,2
2025.05.09,03:00,03:15,Erhardt,1,0,1
2025.05.09,03:15,03:30,Erhardt,0,0,0
2025.05.09,03:30,03:45,Erhardt,0,1,1
2025.05.09,03:45,04:00,Erhardt,0,2,2
2025.05.09,04:00,04:15,Erhardt,0,1,1
2025.05.09,04:15,04:30,Erhardt,0,2,2
2025.05.09,04:30,04:45,Erhardt,0,0,0
2025.05.09,04:45,05:00,Erhardt,0,0,0
2025.05.09,05:00,05:15,Erhardt,0,0,0
2025.05.09,05:15,05:30,Erhardt,0,1,1
2025.05.09,05:30,05:45,Erhardt,3,1,4
2025.05.09,05:45,06:00,Erhardt,1,5,6
2025.05.09,06:00,06:15,Erhardt,10,3,13
2025.05.09,06:15,06:30,Erhardt,14,6,20
2025.05.09,06:30,06:45,Erhardt,8,10,18
2025.05.09,06:45,07:00,Erhardt,17,5,22
2025.05.09,07:00,07:15,Erhardt,22,17,39
2025.05.09,07:15,07:30,Erhardt,30,32,62
2025.05.09,07:30,07:45,Erhardt,28,44,72
2025.05.09,07:45,08:00,Erhardt,68,39,107
2025.05.09,08:00,08:15,Erhardt,54,45,99
2025.05.09,08:15,08:30,Erhardt,57,48,105
2025.05.09,08:30,08:45,Erhardt,85,44,129
2025.05.09,08:45,09:00,Erhardt,53,54,107
2025.05.09,09:00,09:15,Erhardt,40,42,82
2025.05.09,09:15,09:30,Erhardt,38,21,59
2025.05.09,09:30,09:45,Erhardt,34,29,63
2025.05.09,09:45,10:00,Erhardt,28,34,62
2025.05.09,10:00,10:15,Erhardt,15,27,42
2025.05.09,10:15,10:30,Erhardt,23,23,46
2025.05.09,10:30,10:45,Erhardt,20,20,40
2025.05.09,10:45,11:00,Erhardt,25,21,46
2025.05.09,11:00,11:15,Erhardt,32,20,52
2025.05.09,11:15,11:30,Erhardt,16,19,35
2025.05.09,11:30,11:45,Erhardt,25,32,57
2025.05.09,11:45,12:00,Erhardt,28,24,52
2025.05.09,12:00,12:15,Erhardt,36,25,61
2025.05.09,12:15,12:30,Erhardt,27,35,62
2025.05.09,12:30,12:45,Erhardt,22,24,46
2025.05.09,12:45,13:00,Erhardt,35,29,64
2025.05.09,13:00,13:15,Erhardt,49,23,72
2025.05.09,13:15,13:30,Erhardt,33,35,68
2025.05.09,13:30,13:45,Erhardt,36,47,83
2025.05.09,13:45,14:00,Erhardt,38,26,64
2025.05.09,14:00,14:15,Erhardt,37,25,62
2025.05.09,14:15,14:30,Erhardt,43,18,61
2025.05.09,14:30,14:45,Erhardt,34,30,64
2025.05.09,14:45,15:00,Erhardt,51,35,86
2025.05.09,15:00,15:15,Erhardt,56,31,87
2025.05.09,15:15,15:30,Erhardt,47,26,73
2025.05.09,15:30,15:45,Erhardt,49,42,91
2025.05.09,15:45,16:00,Erhardt,52,33,85
2025.05.09,16:00,16:15,Erhardt,55,33,88
2025.05.09,16:15,16:30,Erhardt,56,26,82
2025.05.09,16:30,16:45,Erhardt,53,29,82
2025.05.09,16:45,17:00,Erhardt,42,46,88
2025.05.09,17:00,17:15,Erhardt,64,38,102
2025.05.09,17:15,17:30,Erhardt,53,45,98
2025.05.09,17:30,17:45,Erhardt,71,61,132
2025.05.09,17:45,18:00,Erhardt,73,38,111
2025.05.09,18:00,18:15,Erhardt,69,31,100
2025.05.09,18:15,18:30,Erhardt,45,32,77
2025.05.09,18:30,18:45,Erhardt,47,20,67
2025.05.09,18:45,19:00,Erhardt,55,43,98
2025.05.09,19:00,19:15,Erhardt,50,48,98
2025.05.09,19:15,19:30,Erhardt,50,51,101
2025.05.09,19:30,19:45,Erhardt,34,42,76
2025.05.09,19:45,20:00,Erhardt,38,24,62
2025.05.09,20:00,20:15,Erhardt,15,22,37
2025.05.09,20:15,20:30,Erhardt,21,23,44
2025.05.09,20:30,20:45,Erhardt,36,20,56
2025.05.09,20:45,21:00,Erhardt,13,17,30
2025.05.09,21:00,21:15,Erhardt,14,11,25
2025.05.09,21:15,21:30,Erhardt,10,11,21
2025.05.09,21:30,21:45,Erhardt,12,13,25
2025.05.09,21:45,22:00,Erhardt,17,20,37
2025.05.09,22:00,22:15,Erhardt,11,25,36
2025.05.09,22:15,22:30,Erhardt,22,19,41
2025.05.09,22:30,22:45,Erhardt,8,17,25
2025.05.09,22:45,23:00,Erhardt,14,25,39
2025.05.09,23:00,23:15,Erhardt,12,14,26
2025.05.09,23:15,23:30,Erhardt,15,17,32
2025.05.09,23:30,23:45,Erhardt,16,24,40
2025.05.09,23:45,00:00,Erhardt,12,4,16
2025.05.10,00:00,00:15,Erhardt,8,7,15
2025.05.10,00:15,00:30,Erhardt,12,4,16
2025.05.10,00:30,00:45,Erhardt,15,7,22
2025.05.10,00:45,01:00,Erhardt,9,3,12
2025.05.10,01:00,01:15,Erhardt,3,2,5
2025.05.10,01:15,01:30,Erhardt,8,1,9
2025.05.10,01:30,01:45,Erhardt,5,9,14
2025.05.10,01:45,02:00,Erhardt,1,3,4
2025.05.10,02:00,02:15,Erhardt,5,7,12
2025.05.10,02:15,02:30,Erhardt,2,5,7
2025.05.10,02:30,02:45,Erhardt,0,1,1
2025.05.10,02:45,03:00,Erhardt,1,0,1
2025.05.10,03:00,03:15,Erhardt,1,0,1
2025.05.10,03:15,03:30,Erhardt,1,1,2
2025.05.10,03:30,03:45,Erhardt,0,1,1
2025.05.10,03:45,04:00,Erhardt,0,2,2
2025.05.10,04:00,04:15,Erhardt,0,0,0
2025.05.10,04:15,04:30,Erhardt,1,3,4
2025.05.10,04:30,04:45,Erhardt,0,0,0
2025.05.10,04:45,05:00,Erhardt,1,0,1
2025.05.10,05:00,05:15,Erhardt,0,1,1
2025.05.10,05:15,05:30,Erhardt,0,1,1
2025.05.10,05:30,05:45,Erhardt,2,2,4
2025.05.10,05:45,06:00,Erhardt,2,4,6
2025.05.10,06:00,06:15,Erhardt,1,2,3
2025.05.10,06:15,06:30,Erhardt,1,1,2
2025.05.10,06:30,06:45,Erhardt,6,4,10
2025.05.10,06:45,07:00,Erhardt,4,1,5
2025.05.10,07:00,07:15,Erhardt,3,4,7
2025.05.10,07:15,07:30,Erhardt,3,10,13
2025.05.10,07:30,07:45,Erhardt,6,11,17
2025.05.10,07:45,08:00,Erhardt,13,9,22
2025.05.10,08:00,08:15,Erhardt,7,6,13
2025.05.10,08:15,08:30,Erhardt,10,34,44
2025.05.10,08:30,08:45,Erhardt,21,22,43
2025.05.10,08:45,09:00,Erhardt,20,34,54
2025.05.10,09:00,09:15,Erhardt,25,24,49
2025.05.10,09:15,09:30,Erhardt,30,30,60
2025.05.10,09:30,09:45,Erhardt,41,26,67
2025.05.10,09:45,10:00,Erhardt,56,38,94
2025.05.10,10:00,10:15,Erhardt,48,40,88
2025.05.10,10:15,10:30,Erhardt,59,57,116
2025.05.10,10:30,10:45,Erhardt,59,22,81
2025.05.10,10:45,11:00,Erhardt,58,38,96
2025.05.10,11:00,11:15,Erhardt,60,30,90
2025.05.10,11:15,11:30,Erhardt,57,46,103
2025.05.10,11:30,11:45,Erhardt,79,37,116
2025.05.10,11:45,12:00,Erhardt,61,53,114
2025.05.10,12:00,12:15,Erhardt,64,47,111
2025.05.10,12:15,12:30,Erhardt,57,52,109
2025.05.10,12:30,12:45,Erhardt,78,53,131
2025.05.10,12:45,13:00,Erhardt,58,71,129
2025.05.10,13:00,13:15,Erhardt,80,59,139
2025.05.10,13:15,13:30,Erhardt,81,60,141
2025.05.10,13:30,13:45,Erhardt,87,61,148
2025.05.10,13:45,14:00,Erhardt,83,64,147
2025.05.10,14:00,14:15,Erhardt,83,74,157
2025.05.10,14:15,14:30,Erhardt,93,62,155
2025.05.10,14:30,14:45,Erhardt,108,112,220
2025.05.10,14:45,15:00,Erhardt,91,64,155
2025.05.10,15:00,15:15,Erhardt,58,73,131
2025.05.10,15:15,15:30,Erhardt,93,74,167
2025.05.10,15:30,15:45,Erhardt,68,73,141
2025.05.10,15:45,16:00,Erhardt,90,76,166
2025.05.10,16:00,16:15,Erhardt,68,82,150
2025.05.10,16:15,16:30,Erhardt,56,63,119
2025.05.10,16:30,16:45,Erhardt,82,68,150
2025.05.10,16:45,17:00,Erhardt,59,93,152
2025.05.10,17:00,17:15,Erhardt,93,68,161
2025.05.10,17:15,17:30,Erhardt,93,86,179
2025.05.10,17:30,17:45,Erhardt,74,79,153
2025.05.10,17:45,18:00,Erhardt,73,54,127
2025.05.10,18:00,18:15,Erhardt,57,72,129
2025.05.10,18:15,18:30,Erhardt,46,94,140
2025.05.10,18:30,18:45,Erhardt,51,70,121
2025.05.10,18:45,19:00,Erhardt,63,66,129
2025.05.10,19:00,19:15,Erhardt,52,38,90
2025.05.10,19:15,19:30,Erhardt,60,59,119
2025.05.10,19:30,19:45,Erhardt,38,60,98
2025.05.10,19:45,20:00,Erhardt,42,52,94
2025.05.10,20:00,20:15,Erhardt,37,44,81
2025.05.10,20:15,20:30,Erhardt,32,35,67
2025.05.10,20:30,20:45,Erhardt,31,38,69
2025.05.10,20:45,21:00,Erhardt,31,37,68
2025.05.10,21:00,21:15,Erhardt,43,28,71
2025.05.10,21:15,21:30,Erhardt,40,26,66
2025.05.10,21:30,21:45,Erhardt,18,35,53
2025.05.10,21:45,22:00,Erhardt,31,43,74
2025.05.10,22:00,22:15,Erhardt,26,33,59
2025.05.10,22:15,22:30,Erhardt,26,18,44
2025.05.10,22:30,22:45,Erhardt,27,21,48
2025.05.10,22:45,23:00,Erhardt,21,23,44
2025.05.10,23:00,23:15,Erhardt,26,25,51
2025.05.10,23:15,23:30,Erhardt,26,26,52
2025.05.10,23:30,23:45,Erhardt,11,32,43
2025.05.10,23:45,00:00,Erhardt,11,26,37
2025.05.11,00:00,00:15,Erhardt,17,11,28
2025.05.11,00:15,00:30,Erhardt,10,4,14
2025.05.11,00:30,00:45,Erhardt,6,16,22
2025.05.11,00:45,01:00,Erhardt,18,13,31
2025.05.11,01:00,01:15,Erhardt,6,11,17
2025.05.11,01:15,01:30,Erhardt,9,11,20
2025.05.11,01:30,01:45,Erhardt,9,10,19
2025.05.11,01:45,02:00,Erhardt,4,12,16
2025.05.11,02:00,02:15,Erhardt,3,6,9
2025.05.11,02:15,02:30,Erhardt,2,13,15
2025.05.11,02:30,02:45,Erhardt,3,7,10
2025.05.11,02:45,03:00,Erhardt,0,2,2
2025.05.11,03:00,03:15,Erhardt,1,2,3
2025.05.11,03:15,03:30,Erhardt,1,3,4
2025.05.11,03:30,03:45,Erhardt,0,4,4
2025.05.11,03:45,04:00,Erhardt,1,2,3
2025.05.11,04:00,04:15,Erhardt,1,1,2
2025.05.11,04:15,04:30,Erhardt,0,3,3
2025.05.11,04:30,04:45,Erhardt,2,3,5
2025.05.11,04:45,05:00,Erhardt,0,0,0
2025.05.11,05:00,05:15,Erhardt,0,3,3
2025.05.11,05:15,05:30,Erhardt,0,1,1
2025.05.11,05:30,05:45,Erhardt,1,2,3
2025.05.11,05:45,06:00,Erhardt,1,2,3
2025.05.11,06:00,06:15,Erhardt,2,1,3
2025.05.11,06:15,06:30,Erhardt,1,1,2
2025.05.11,06:30,06:45,Erhardt,0,1,1
2025.05.11,06:45,07:00,Erhardt,6,3,9
2025.05.11,07:00,07:15,Erhardt,4,1,5
2025.05.11,07:15,07:30,Erhardt,1,2,3
2025.05.11,07:30,07:45,Erhardt,3,2,5
2025.05.11,07:45,08:00,Erhardt,4,4,8
2025.05.11,08:00,08:15,Erhardt,7,5,12
2025.05.11,08:15,08:30,Erhardt,10,9,19
2025.05.11,08:30,08:45,Erhardt,11,14,25
2025.05.11,08:45,09:00,Erhardt,19,15,34
2025.05.11,09:00,09:15,Erhardt,27,15,42
2025.05.11,09:15,09:30,Erhardt,22,24,46
2025.05.11,09:30,09:45,Erhardt,45,27,72
2025.05.11,09:45,10:00,Erhardt,53,21,74
2025.05.11,10:00,10:15,Erhardt,75,21,96
2025.05.11,10:15,10:30,Erhardt,95,53,148
2025.05.11,10:30,10:45,Erhardt,77,46,123
2025.05.11,10:45,11:00,Erhardt,82,31,113
2025.05.11,11:00,11:15,Erhardt,65,31,96
2025.05.11,11:15,11:30,Erhardt,59,42,101
2025.05.11,11:30,11:45,Erhardt,56,62,118
2025.05.11,11:45,12:00,Erhardt,58,100,158
2025.05.11,12:00,12:15,Erhardt,71,53,124
2025.05.11,12:15,12:30,Erhardt,89,94,183
2025.05.11,12:30,12:45,Erhardt,63,101,164
2025.05.11,12:45,13:00,Erhardt,96,91,187
2025.05.11,13:00,13:15,Erhardt,62,78,140
2025.05.11,13:15,13:30,Erhardt,84,88,172
2025.05.11,13:30,13:45,Erhardt,93,88,181
2025.05.11,13:45,14:00,Erhardt,94,95,189
2025.05.11,14:00,14:15,Erhardt,91,77,168
2025.05.11,14:15,14:30,Erhardt,85,98,183
2025.05.11,14:30,14:45,Erhardt,89,102,191
2025.05.11,14:45,15:00,Erhardt,94,90,184
2025.05.11,15:00,15:15,Erhardt,86,94,180
2025.05.11,15:15,15:30,Erhardt,101,94,195
2025.05.11,15:30,15:45,Erhardt,77,114,191
2025.05.11,15:45,16:00,Erhardt,76,110,186
2025.05.11,16:00,16:15,Erhardt,78,87,165
2025.05.11,16:15,16:30,Erhardt,75,75,150
2025.05.11,16:30,16:45,Erhardt,73,87,160
2025.05.11,16:45,17:00,Erhardt,96,101,197
2025.05.11,17:00,17:15,Erhardt,101,109,210
2025.05.11,17:15,17:30,Erhardt,85,73,158
2025.05.11,17:30,17:45,Erhardt,86,80,166
2025.05.11,17:45,18:00,Erhardt,86,74,160
2025.05.11,18:00,18:15,Erhardt,64,75,139
2025.05.11,18:15,18:30,Erhardt,94,78,172
2025.05.11,18:30,18:45,Erhardt,66,62,128
2025.05.11,18:45,19:00,Erhardt,48,74,122
2025.05.11,19:00,19:15,Erhardt,64,54,118
2025.05.11,19:15,19:30,Erhardt,46,44,90
2025.05.11,19:30,19:45,Erhardt,38,57,95
2025.05.11,19:45,20:00,Erhardt,38,47,85
2025.05.11,20:00,20:15,Erhardt,32,50,82
2025.05.11,20:15,20:30,Erhardt,21,28,49
2025.05.11,20:30,20:45,Erhardt,18,26,44
2025.05.11,20:45,21:00,Erhardt,25,25,50
2025.05.11,21:00,21:15,Erhardt,25,17,42
2025.05.11,21:15,21:30,Erhardt,25,25,50
2025.05.11,21:30,21:45,Erhardt,17,10,27
2025.05.11,21:45,22:00,Erhardt,17,14,31
2025.05.11,22:00,22:15,Erhardt,11,15,26
2025.05.11,22:15,22:30,Erhardt,12,12,24
2025.05.11,22:30,22:45,Erhardt,13,4,17
2025.05.11,22:45,23:00,Erhardt,15,13,28
2025.05.11,23:00,23:15,Erhardt,10,7,17
2025.05.11,23:15,23:30,Erhardt,10,3,13
2025.05.11,23:30,23:45,Erhardt,3,4,7
2025.05.11,23:45,00:00,Erhardt,1,6,7
2025.05.12,00:00,00:15,Erhardt,5,1,6
2025.05.12,00:15,00:30,Erhardt,1,1,2
2025.05.12,00:30,00:45,Erhardt,3,1,4
2025.05.12,00:45,01:00,Erhardt,0,1,1
2025.05.12,01:00,01:15,Erhardt,1,0,1
2025.05.12,01:15,01:30,Erhardt,1,0,1
2025.05.12,01:30,01:45,Erhardt,1,0,1
2025.05.12,01:45,02:00,Erhardt,0,0,0
2025.05.12,02:00,02:15,Erhardt,2,0,2
2025.05.12,02:15,02:30,Erhardt,0,1,1
2025.05.12,02:30,02:45,Erhardt,0,0,0
2025.05.12,02:45,03:00,Erhardt,1,0,1
2025.05.12,03:00,03:15,Erhardt,0,0,0
2025.05.12,03:15,03:30,Erhardt,0,1,1
2025.05.12,03:30,03:45,Erhardt,0,0,0
2025.05.12,03:45,04:00,Erhardt,0,0,0
2025.05.12,04:00,04:15,Erhardt,0,0,0
2025.05.12,04:15,04:30,Erhardt,0,1,1
2025.05.12,04:30,04:45,Erhardt,1,1,2
2025.05.12,04:45,05:00,Erhardt,1,0,1
2025.05.12,05:00,05:15,Erhardt,1,0,1
2025.05.12,05:15,05:30,Erhardt,3,3,6
2025.05.12,05:30,05:45,Erhardt,7,5,12
2025.05.12,05:45,06:00,Erhardt,3,7,10
2025.05.12,06:00,06:15,Erhardt,8,11,19
2025.05.12,06:15,06:30,Erhardt,13,12,25
2025.05.12,06:30,06:45,Erhardt,18,7,25
2025.05.12,06:45,07:00,Erhardt,25,20,45
2025.05.12,07:00,07:15,Erhardt,39,18,57
2025.05.12,07:15,07:30,Erhardt,45,38,83
2025.05.12,07:30,07:45,Erhardt,77,64,141
2025.05.12,07:45,08:00,Erhardt,98,59,157
2025.05.12,08:00,08:15,Erhardt,111,61,172
2025.05.12,08:15,08:30,Erhardt,88,88,176
2025.05.12,08:30,08:45,Erhardt,112,81,193
2025.05.12,08:45,09:00,Erhardt,90,66,156
2025.05.12,09:00,09:15,Erhardt,48,69,117
2025.05.12,09:15,09:30,Erhardt,56,49,105
2025.05.12,09:30,09:45,Erhardt,45,29,74
2025.05.12,09:45,10:00,Erhardt,35,29,64
2025.05.12,10:00,10:15,Erhardt,43,27,70
2025.05.12,10:15,10:30,Erhardt,17,23,40
2025.05.12,10:30,10:45,Erhardt,22,34,56
2025.05.12,10:45,11:00,Erhardt,32,21,53
2025.05.12,11:00,11:15,Erhardt,21,11,32
2025.05.12,11:15,11:30,Erhardt,27,22,49
2025.05.12,11:30,11:45,Erhardt,33,21,54
2025.05.12,11:45,12:00,Erhardt,24,36,60
2025.05.12,12:00,12:15,Erhardt,52,31,83
2025.05.12,12:15,12:30,Erhardt,41,30,71
2025.05.12,12:30,12:45,Erhardt,50,29,79
2025.05.12,12:45,13:00,Erhardt,43,26,69
2025.05.12,13:00,13:15,Erhardt,35,29,64
2025.05.12,13:15,13:30,Erhardt,57,18,75
2025.05.12,13:30,13:45,Erhardt,47,40,87
2025.05.12,13:45,14:00,Erhardt,42,28,70
2025.05.12,14:00,14:15,Erhardt,33,28,61
2025.05.12,14:15,14:30,Erhardt,65,22,87
2025.05.12,14:30,14:45,Erhardt,60,31,91
2025.05.12,14:45,15:00,Erhardt,47,26,73
2025.05.12,15:00,15:15,Erhardt,36,32,68
2025.05.12,15:15,15:30,Erhardt,48,28,76
2025.05.12,15:30,15:45,Erhardt,59,32,91
2025.05.12,15:45,16:00,Erhardt,61,43,104
2025.05.12,16:00,16:15,Erhardt,79,50,129
2025.05.12,16:15,16:30,Erhardt,80,35,115
2025.05.12,16:30,16:45,Erhardt,74,69,143
2025.05.12,16:45,17:00,Erhardt,85,56,141
2025.05.12,17:00,17:15,Erhardt,82,56,138
2025.05.12,17:15,17:30,Erhardt,103,75,178
2025.05.12,17:30,17:45,Erhardt,125,53,178
2025.05.12,17:45,18:00,Erhardt,131,91,222
2025.05.12,18:00,18:15,Erhardt,120,56,176
2025.05.12,18:15,18:30,Erhardt,142,74,216
2025.05.12,18:30,18:45,Erhardt,93,66,159
2025.05.12,18:45,19:00,Erhardt,126,43,169
2025.05.12,19:00,19:15,Erhardt,94,32,126
2025.05.12,19:15,19:30,Erhardt,65,48,113
2025.05.12,19:30,19:45,Erhardt,77,39,116
2025.05.12,19:45,20:00,Erhardt,58,40,98
2025.05.12,20:00,20:15,Erhardt,40,44,84
2025.05.12,20:15,20:30,Erhardt,57,23,80
2025.05.12,20:30,20:45,Erhardt,34,30,64
2025.05.12,20:45,21:00,Erhardt,44,24,68
2025.05.12,21:00,21:15,Erhardt,33,27,60
2025.05.12,21:15,21:30,Erhardt,34,24,58
2025.05.12,21:30,21:45,Erhardt,29,28,57
2025.05.12,21:45,22:00,Erhardt,22,24,46
2025.05.12,22:00,22:15,Erhardt,28,24,52
2025.05.12,22:15,22:30,Erhardt,25,21,46
2025.05.12,22:30,22:45,Erhardt,18,12,30
2025.05.12,22:45,23:00,Erhardt,18,12,30
2025.05.12,23:00,23:15,Erhardt,11,6,17
2025.05.12,23:15,23:30,Erhardt,17,11,28
2025.05.12,23:30,23:45,Erhardt,4,4,8
2025.05.12,23:45,00:00,Erhardt,5,6,11
2025.05.13,00:00,00:15,Erhardt,3,3,6
2025.05.13,00:15,00:30,Erhardt,5,2,7
2025.05.13,00:30,00:45,Erhardt,3,1,4
2025.05.13,00:45,01:00,Erhardt,1,3,4
2025.05.13,01:00,01:15,Erhardt,2,3,5
2025.05.13,01:15,01:30,Erhardt,1,4,5
2025.05.13,01:30,01:45,Erhardt,1,0,1
2025.05.13,01:45,02:00,Erhardt,0,0,0
2025.05.13,02:00,02:15,Erhardt,0,0,0
2025.05.13,02:15,02:30,Erhardt,1,0,1
2025.05.13,02:30,02:45,Erhardt,2,1,3
2025.05.13,02:45,03:00,Erhardt,0,1,1
2025.05.13,03:00,03:15,Erhardt,0,2,2
2025.05.13,03:15,03:30,Erhardt,0,0,0
2025.05.13,03:30,03:45,Erhardt,0,0,0
2025.05.13,03:45,04:00,Erhardt,0,0,0
2025.05.13,04:00,04:15,Erhardt,0,0,0
2025.05.13,04:15,04:30,Erhardt,0,0,0
2025.05.13,04:30,04:45,Erhardt,0,2,2
2025.05.13,04:45,05:00,Erhardt,2,1,3
2025.05.13,05:00,05:15,Erhardt,2,2,4
2025.05.13,05:15,05:30,Erhardt,1,1,2
2025.05.13,05:30,05:45,Erhardt,7,3,10
2025.05.13,05:45,06:00,Erhardt,6,8,14
2025.05.13,06:00,06:15,Erhardt,17,12,29
2025.05.13,06:15,06:30,Erhardt,20,9,29
2025.05.13,06:30,06:45,Erhardt,15,17,32
2025.05.13,06:45,07:00,Erhardt,27,26,53
2025.05.13,07:00,07:15,Erhardt,58,27,85
2025.05.13,07:15,07:30,Erhardt,52,36,88
2025.05.13,07:30,07:45,Erhardt,78,87,165
2025.05.13,07:45,08:00,Erhardt,137,63,200
2025.05.13,08:00,08:15,Erhardt,133,85,218
2025.05.13,08:15,08:30,Erhardt,111,69,180
2025.05.13,08:30,08:45,Erhardt,115,87,202
2025.05.13,08:45,09:00,Erhardt,125,67,192
2025.05.13,09:00,09:15,Erhardt,95,52,147
2025.05.13,09:15,09:30,Erhardt,65,49,114
2025.05.13,09:30,09:45,Erhardt,58,40,98
2025.05.13,09:45,10:00,Erhardt,55,39,94
2025.05.13,10:00,10:15,Erhardt,33,44,77
2025.05.13,10:15,10:30,Erhardt,34,40,74
2025.05.13,10:30,10:45,Erhardt,40,32,72
2025.05.13,10:45,11:00,Erhardt,28,41,69
2025.05.13,11:00,11:15,Erhardt,30,25,55
2025.05.13,11:15,11:30,Erhardt,28,18,46
2025.05.13,11:30,11:45,Erhardt,45,24,69
2025.05.13,11:45,12:00,Erhardt,33,33,66
2025.05.13,12:00,12:15,Erhardt,34,26,60
2025.05.13,12:15,12:30,Erhardt,47,20,67
2025.05.13,12:30,12:45,Erhardt,32,26,58
2025.05.13,12:45,13:00,Erhardt,39,31,70
2025.05.13,13:00,13:15,Erhardt,43,37,80
2025.05.13,13:15,13:30,Erhardt,54,43,97
2025.05.13,13:30,13:45,Erhardt,45,28,73
2025.05.13,13:45,14:00,Erhardt,38,30,68
2025.05.13,14:00,14:15,Erhardt,46,28,74
2025.05.13,14:15,14:30,Erhardt,52,31,83
2025.05.13,14:30,14:45,Erhardt,36,25,61
2025.05.13,14:45,15:00,Erhardt,51,36,87
2025.05.13,15:00,15:15,Erhardt,40,39,79
2025.05.13,15:15,15:30,Erhardt,78,47,125
2025.05.13,15:30,15:45,Erhardt,66,36,102
2025.05.13,15:45,16:00,Erhardt,72,48,120
2025.05.13,16:00,16:15,Erhardt,90,50,140
2025.05.13,16:15,16:30,Erhardt,92,47,139
2025.05.13,16:30,16:45,Erhardt,93,53,146
2025.05.13,16:45,17:00,Erhardt,89,54,143
2025.05.13,17:00,17:15,Erhardt,125,55,180
2025.05.13,17:15,17:30,Erhardt,127,86,213
2025.05.13,17:30,17:45,Erhardt,132,71,203
2025.05.13,17:45,18:00,Erhardt,137,67,204
2025.05.13,18:00,18:15,Erhardt,160,78,238
2025.05.13,18:15,18:30,Erhardt,169,82,251
2025.05.13,18:30,18:45,Erhardt,119,75,194
2025.05.13,18:45,19:00,Erhardt,122,86,208
2025.05.13,19:00,19:15,Erhardt,105,47,152
2025.05.13,19:15,19:30,Erhardt,83,53,136
2025.05.13,19:30,19:45,Erhardt,68,41,109
2025.05.13,19:45,20:00,Erhardt,66,66,132
2025.05.13,20:00,20:15,Erhardt,74,54,128
2025.05.13,20:15,20:30,Erhardt,59,37,96
2025.05.13,20:30,20:45,Erhardt,25,40,65
2025.05.13,20:45,21:00,Erhardt,56,31,87
2025.05.13,21:00,21:15,Erhardt,54,41,95
2025.05.13,21:15,21:30,Erhardt,43,43,86
2025.05.13,21:30,21:45,Erhardt,34,28,62
2025.05.13,21:45,22:00,Erhardt,39,24,63
2025.05.13,22:00,22:15,Erhardt,29,24,53
2025.05.13,22:15,22:30,Erhardt,30,26,56
2025.05.13,22:30,22:45,Erhardt,23,25,48
2025.05.13,22:45,23:00,Erhardt,27,14,41
2025.05.13,23:00,23:15,Erhardt,24,11,35
2025.05.13,23:15,23:30,Erhardt,17,8,25
2025.05.13,23:30,23:45,Erhardt,7,10,17
2025.05.13,23:45,00:00,Erhardt,7,9,16
2025.05.14,00:00,00:15,Erhardt,8,8,16
2025.05.14,00:15,00:30,Erhardt,4,6,10
2025.05.14,00:30,00:45,Erhardt,5,4,9
2025.05.14,00:45,01:00,Erhardt,2,4,6
2025.05.14,01:00,01:15,Erhardt,2,2,4
2025.05.14,01:15,01:30,Erhardt,2,2,4
2025.05.14,01:30,01:45,Erhardt,0,2,2
2025.05.14,01:45,02:00,Erhardt,1,0,1
2025.05.14,02:00,02:15,Erhardt,1,0,1
2025.05.14,02:15,02:30,Erhardt,2,0,2
2025.05.14,02:30,02:45,Erhardt,0,0,0
2025.05.14,02:45,03:00,Erhardt,0,0,0
2025.05.14,03:00,03:15,Erhardt,1,1,2
2025.05.14,03:15,03:30,Erhardt,1,0,1
2025.05.14,03:30,03:45,Erhardt,0,0,0
2025.05.14,03:45,04:00,Erhardt,0,0,0
2025.05.14,04:00,04:15,Erhardt,0,1,1
2025.05.14,04:15,04:30,Erhardt,0,0,0
2025.05.14,04:30,04:45,Erhardt,0,3,3
2025.05.14,04:45,05:00,Erhardt,1,2,3
2025.05.14,05:00,05:15,Erhardt,4,1,5
2025.05.14,05:15,05:30,Erhardt,4,1,5
2025.05.14,05:30,05:45,Erhardt,9,3,12
2025.05.14,05:45,06:00,Erhardt,6,7,13
2025.05.14,06:00,06:15,Erhardt,14,5,19
2025.05.14,06:15,06:30,Erhardt,18,13,31
2025.05.14,06:30,06:45,Erhardt,17,19,36
2025.05.14,06:45,07:00,Erhardt,29,21,50
2025.05.14,07:00,07:15,Erhardt,48,17,65
2025.05.14,07:15,07:30,Erhardt,52,52,104
2025.05.14,07:30,07:45,Erhardt,78,56,134
2025.05.14,07:45,08:00,Erhardt,117,62,179
2025.05.14,08:00,08:15,Erhardt,121,59,180
2025.05.14,08:15,08:30,Erhardt,122,85,207
2025.05.14,08:30,08:45,Erhardt,94,87,181
2025.05.14,08:45,09:00,Erhardt,111,80,191
2025.05.14,09:00,09:15,Erhardt,70,53,123
2025.05.14,09:15,09:30,Erhardt,50,50,100
2025.05.14,09:30,09:45,Erhardt,39,49,88
2025.05.14,09:45,10:00,Erhardt,37,35,72
2025.05.14,10:00,10:15,Erhardt,38,39,77
2025.05.14,10:15,10:30,Erhardt,30,30,60
2025.05.14,10:30,10:45,Erhardt,35,22,57
2025.05.14,10:45,11:00,Erhardt,25,34,59
2025.05.14,11:00,11:15,Erhardt,23,31,54
2025.05.14,11:15,11:30,Erhardt,30,34,64
2025.05.14,11:30,11:45,Erhardt,36,46,82
2025.05.14,11:45,12:00,Erhardt,35,31,66
2025.05.14,12:00,12:15,Erhardt,34,19,53
2025.05.14,12:15,12:30,Erhardt,31,37,68
2025.05.14,12:30,12:45,Erhardt,38,24,62
2025.05.14,12:45,13:00,Erhardt,41,38,79
2025.05.14,13:00,13:15,Erhardt,43,32,75
2025.05.14,13:15,13:30,Erhardt,52,55,107
2025.05.14,13:30,13:45,Erhardt,47,37,84
2025.05.14,13:45,14:00,Erhardt,50,42,92
2025.05.14,14:00,14:15,Erhardt,47,45,92
2025.05.14,14:15,14:30,Erhardt,55,43,98
2025.05.14,14:30,14:45,Erhardt,37,42,79
2025.05.14,14:45,15:00,Erhardt,58,46,104
2025.05.14,15:00,15:15,Erhardt,49,41,90
2025.05.14,15:15,15:30,Erhardt,51,28,79
2025.05.14,15:30,15:45,Erhardt,97,43,140
2025.05.14,15:45,16:00,Erhardt,63,48,111
2025.05.14,16:00,16:15,Erhardt,95,43,138
2025.05.14,16:15,16:30,Erhardt,104,50,154
2025.05.14,16:30,16:45,Erhardt,83,60,143
2025.05.14,16:45,17:00,Erhardt,100,63,163
2025.05.14,17:00,17:15,Erhardt,95,62,157
2025.05.14,17:15,17:30,Erhardt,145,63,208
2025.05.14,17:30,17:45,Erhardt,139,76,215
2025.05.14,17:45,18:00,Erhardt,145,69,214
2025.05.14,18:00,18:15,Erhardt,128,74,202
2025.05.14,18:15,18:30,Erhardt,123,97,220
2025.05.14,18:30,18:45,Erhardt,114,105,219
2025.05.14,18:45,19:00,Erhardt,120,84,204
2025.05.14,19:00,19:15,Erhardt,92,68,160
2025.05.14,19:15,19:30,Erhardt,104,61,165
2025.05.14,19:30,19:45,Erhardt,91,57,148
2025.05.14,19:45,20:00,Erhardt,85,38,123
2025.05.14,20:00,20:15,Erhardt,58,62,120
2025.05.14,20:15,20:30,Erhardt,60,54,114
2025.05.14,20:30,20:45,Erhardt,53,39,92
2025.05.14,20:45,21:00,Erhardt,48,52,100
2025.05.14,21:00,21:15,Erhardt,46,35,81
2025.05.14,21:15,21:30,Erhardt,46,36,82
2025.05.14,21:30,21:45,Erhardt,40,25,65
2025.05.14,21:45,22:00,Erhardt,38,38,76
2025.05.14,22:00,22:15,Erhardt,36,17,53
2025.05.14,22:15,22:30,Erhardt,40,29,69
2025.05.14,22:30,22:45,Erhardt,24,28,52
2025.05.14,22:45,23:00,Erhardt,22,22,44
2025.05.14,23:00,23:15,Erhardt,29,10,39
2025.05.14,23:15,23:30,Erhardt,19,19,38
2025.05.14,23:30,23:45,Erhardt,11,10,21
2025.05.14,23:45,00:00,Erhardt,4,7,11
2025.05.15,00:00,00:15,Erhardt,6,5,11
2025.05.15,00:15,00:30,Erhardt,4,3,7
2025.05.15,00:30,00:45,Erhardt,2,1,3
2025.05.15,00:45,01:00,Erhardt,5,2,7
2025.05.15,01:00,01:15,Erhardt,1,0,1
2025.05.15,01:15,01:30,Erhardt,1,0,1
2025.05.15,01:30,01:45,Erhardt,1,1,2
2025.05.15,01:45,02:00,Erhardt,4,1,5
2025.05.15,02:00,02:15,Erhardt,0,2,2
2025.05.15,02:15,02:30,Erhardt,0,0,0
2025.05.15,02:30,02:45,Erhardt,1,1,2
2025.05.15,02:45,03:00,Erhardt,1,1,2
2025.05.15,03:00,03:15,Erhardt,0,0,0
2025.05.15,03:15,03:30,Erhardt,0,0,0
2025.05.15,03:30,03:45,Erhardt,0,1,1
2025.05.15,03:45,04:00,Erhardt,0,0,0
2025.05.15,04:00,04:15,Erhardt,0,0,0
2025.05.15,04:15,04:30,Erhardt,0,0,0
2025.05.15,04:30,04:45,Erhardt,2,2,4
2025.05.15,04:45,05:00,Erhardt,1,0,1
2025.05.15,05:00,05:15,Erhardt,2,2,4
2025.05.15,05:15,05:30,Erhardt,2,3,5
2025.05.15,05:30,05:45,Erhardt,11,4,15
2025.05.15,05:45,06:00,Erhardt,7,9,16
2025.05.15,06:00,06:15,Erhardt,7,6,13
2025.05.15,06:15,06:30,Erhardt,21,5,26
2025.05.15,06:30,06:45,Erhardt,16,10,26
2025.05.15,06:45,07:00,Erhardt,30,24,54
2025.05.15,07:00,07:15,Erhardt,38,27,65
2025.05.15,07:15,07:30,Erhardt,47,42,89
2025.05.15,07:30,07:45,Erhardt,76,46,122
2025.05.15,07:45,08:00,Erhardt,90,60,150
2025.05.15,08:00,08:15,Erhardt,92,68,160
2025.05.15,08:15,08:30,Erhardt,88,76,164
2025.05.15,08:30,08:45,Erhardt,130,84,214
2025.05.15,08:45,09:00,Erhardt,77,67,144
2025.05.15,09:00,09:15,Erhardt,61,55,116
2025.05.15,09:15,09:30,Erhardt,51,48,99
2025.05.15,09:30,09:45,Erhardt,47,40,87
2025.05.15,09:45,10:00,Erhardt,41,30,71
2025.05.15,10:00,10:15,Erhardt,34,42,76
2025.05.15,10:15,10:30,Erhardt,51,27,78
2025.05.15,10:30,10:45,Erhardt,24,37,61
2025.05.15,10:45,11:00,Erhardt,40,31,71
2025.05.15,11:00,11:15,Erhardt,26,23,49
2025.05.15,11:15,11:30,Erhardt,29,20,49
2025.05.15,11:30,11:45,Erhardt,37,31,68
2025.05.15,11:45,12:00,Erhardt,44,30,74
2025.05.15,12:00,12:15,Erhardt,48,27,75
2025.05.15,12:15,12:30,Erhardt,34,32,66
2025.05.15,12:30,12:45,Erhardt,39,27,66
2025.05.15,12:45,13:00,Erhardt,30,36,66
2025.05.15,13:00,13:15,Erhardt,30,27,57
2025.05.15,13:15,13:30,Erhardt,49,34,83
2025.05.15,13:30,13:45,Erhardt,40,31,71
2025.05.15,13:45,14:00,Erhardt,54,38,92
2025.05.15,14:00,14:15,Erhardt,43,14,57
2025.05.15,14:15,14:30,Erhardt,42,30,72
2025.05.15,14:30,14:45,Erhardt,34,24,58
2025.05.15,14:45,15:00,Erhardt,51,24,75
2025.05.15,15:00,15:15,Erhardt,41,30,71
2025.05.15,15:15,15:30,Erhardt,54,31,85
2025.05.15,15:30,15:45,Erhardt,53,53,106
2025.05.15,15:45,16:00,Erhardt,54,38,92
2025.05.15,16:00,16:15,Erhardt,56,56,112
2025.05.15,16:15,16:30,Erhardt,78,36,114
2025.05.15,16:30,16:45,Erhardt,58,32,90
2025.05.15,16:45,17:00,Erhardt,87,52,139
2025.05.15,17:00,17:15,Erhardt,73,37,110
2025.05.15,17:15,17:30,Erhardt,93,40,133
2025.05.15,17:30,17:45,Erhardt,109,52,161
2025.05.15,17:45,18:00,Erhardt,127,56,183
2025.05.15,18:00,18:15,Erhardt,94,59,153
2025.05.15,18:15,18:30,Erhardt,111,90,201
2025.05.15,18:30,18:45,Erhardt,93,64,157
2025.05.15,18:45,19:00,Erhardt,84,63,147
2025.05.15,19:00,19:15,Erhardt,72,55,127
2025.05.15,19:15,19:30,Erhardt,68,33,101
2025.05.15,19:30,19:45,Erhardt,64,44,108
2025.05.15,19:45,20:00,Erhardt,54,38,92
2025.05.15,20:00,20:15,Erhardt,47,20,67
2025.05.15,20:15,20:30,Erhardt,43,30,73
2025.05.15,20:30,20:45,Erhardt,58,33,91
2025.05.15,20:45,21:00,Erhardt,38,24,62
2025.05.15,21:00,21:15,Erhardt,29,30,59
2025.05.15,21:15,21:30,Erhardt,33,23,56
2025.05.15,21:30,21:45,Erhardt,30,13,43
2025.05.15,21:45,22:00,Erhardt,32,29,61
2025.05.15,22:00,22:15,Erhardt,24,26,50
2025.05.15,22:15,22:30,Erhardt,35,23,58
2025.05.15,22:30,22:45,Erhardt,15,20,35
2025.05.15,22:45,23:00,Erhardt,21,16,37
2025.05.15,23:00,23:15,Erhardt,15,20,35
2025.05.15,23:15,23:30,Erhardt,16,9,25
2025.05.15,23:30,23:45,Erhardt,14,9,23
2025.05.15,23:45,00:00,Erhardt,5,6,11
2025.05.16,00:00,00:15,Erhardt,5,12,17
2025.05.16,00:15,00:30,Erhardt,9,8,17
2025.05.16,00:30,00:45,Erhardt,6,3,9
2025.05.16,00:45,01:00,Erhardt,3,3,6
2025.05.16,01:00,01:15,Erhardt,2,3,5
2025.05.16,01:15,01:30,Erhardt,2,2,4
2025.05.16,01:30,01:45,Erhardt,2,1,3
2025.05.16,01:45,02:00,Erhardt,0,1,1
2025.05.16,02:00,02:15,Erhardt,0,0,0
2025.05.16,02:15,02:30,Erhardt,0,0,0
2025.05.16,02:30,02:45,Erhardt,2,1,3
2025.05.16,02:45,03:00,Erhardt,3,0,3
2025.05.16,03:00,03:15,Erhardt,0,0,0
2025.05.16,03:15,03:30,Erhardt,1,0,1
2025.05.16,03:30,03:45,Erhardt,0,0,0
2025.05.16,03:45,04:00,Erhardt,0,0,0
2025.05.16,04:00,04:15,Erhardt,0,1,1
2025.05.16,04:15,04:30,Erhardt,0,0,0
2025.05.16,04:30,04:45,Erhardt,0,0,0
2025.05.16,04:45,05:00,Erhardt,1,0,1
2025.05.16,05:00,05:15,Erhardt,2,0,2
2025.05.16,05:15,05:30,Erhardt,0,2,2
2025.05.16,05:30,05:45,Erhardt,6,1,7
2025.05.16,05:45,06:00,Erhardt,7,3,10
2025.05.16,06:00,06:15,Erhardt,8,4,12
2025.05.16,06:15,06:30,Erhardt,10,8,18
2025.05.16,06:30,06:45,Erhardt,16,12,28
2025.05.16,06:45,07:00,Erhardt,14,22,36
2025.05.16,07:00,07:15,Erhardt,29,27,56
2025.05.16,07:15,07:30,Erhardt,36,23,59
2025.05.16,07:30,07:45,Erhardt,53,37,90
2025.05.16,07:45,08:00,Erhardt,66,57,123
2025.05.16,08:00,08:15,Erhardt,69,48,117
2025.05.16,08:15,08:30,Erhardt,70,43,113
2025.05.16,08:30,08:45,Erhardt,73,47,120
2025.05.16,08:45,09:00,Erhardt,65,55,120
2025.05.16,09:00,09:15,Erhardt,37,40,77
2025.05.16,09:15,09:30,Erhardt,41,49,90
2025.05.16,09:30,09:45,Erhardt,48,33,81
2025.05.16,09:45,10:00,Erhardt,35,39,74
2025.05.16,10:00,10:15,Erhardt,31,24,55
2025.05.16,10:15,10:30,Erhardt,34,22,56
2025.05.16,10:30,10:45,Erhardt,32,32,64
2025.05.16,10:45,11:00,Erhardt,27,27,54
2025.05.16,11:00,11:15,Erhardt,29,9,38
2025.05.16,11:15,11:30,Erhardt,37,14,51
2025.05.16,11:30,11:45,Erhardt,32,24,56
2025.05.16,11:45,12:00,Erhardt,44,37,81
2025.05.16,12:00,12:15,Erhardt,42,26,68
2025.05.16,12:15,12:30,Erhardt,60,21,81
2025.05.16,12:30,12:45,Erhardt,33,34,67
2025.05.16,12:45,13:00,Erhardt,48,21,69
2025.05.16,13:00,13:15,Erhardt,49,44,93
2025.05.16,13:15,13:30,Erhardt,51,28,79
2025.05.16,13:30,13:45,Erhardt,36,35,71
2025.05.16,13:45,14:00,Erhardt,43,34,77
2025.05.16,14:00,14:15,Erhardt,40,37,77
2025.05.16,14:15,14:30,Erhardt,34,28,62
2025.05.16,14:30,14:45,Erhardt,58,35,93
2025.05.16,14:45,15:00,Erhardt,50,32,82
2025.05.16,15:00,15:15,Erhardt,51,32,83
2025.05.16,15:15,15:30,Erhardt,37,33,70
2025.05.16,15:30,15:45,Erhardt,55,42,97
2025.05.16,15:45,16:00,Erhardt,56,28,84
2025.05.16,16:00,16:15,Erhardt,52,42,94
2025.05.16,16:15,16:30,Erhardt,60,39,99
2025.05.16,16:30,16:45,Erhardt,60,44,104
2025.05.16,16:45,17:00,Erhardt,56,39,95
2025.05.16,17:00,17:15,Erhardt,75,38,113
2025.05.16,17:15,17:30,Erhardt,72,39,111
2025.05.16,17:30,17:45,Erhardt,75,44,119
2025.05.16,17:45,18:00,Erhardt,57,38,95
2025.05.16,18:00,18:15,Erhardt,63,32,95
2025.05.16,18:15,18:30,Erhardt,52,38,90
2025.05.16,18:30,18:45,Erhardt,50,29,79
2025.05.16,18:45,19:00,Erhardt,44,26,70
2025.05.16,19:00,19:15,Erhardt,47,33,80
2025.05.16,19:15,19:30,Erhardt,35,37,72
2025.05.16,19:30,19:45,Erhardt,30,30,60
2025.05.16,19:45,20:00,Erhardt,35,30,65
2025.05.16,20:00,20:15,Erhardt,25,25,50
2025.05.16,20:15,20:30,Erhardt,16,26,42
2025.05.16,20:30,20:45,Erhardt,23,9,32
2025.05.16,20:45,21:00,Erhardt,20,18,38
2025.05.16,21:00,21:15,Erhardt,12,12,24
2025.05.16,21:15,21:30,Erhardt,22,17,39
2025.05.16,21:30,21:45,Erhardt,19,16,35
2025.05.16,21:45,22:00,Erhardt,14,10,24
2025.05.16,22:00,22:15,Erhardt,23,24,47
2025.05.16,22:15,22:30,Erhardt,17,12,29
2025.05.16,22:30,22:45,Erhardt,12,14,26
2025.05.16,22:45,23:00,Erhardt,14,14,28
2025.05.16,23:00,23:15,Erhardt,14,12,26
2025.05.16,23:15,23:30,Erhardt,15,14,29
2025.05.16,23:30,23:45,Erhardt,15,7,22
2025.05.16,23:45,00:00,Erhardt,5,13,18
2025.05.17,00:00,00:15,Erhardt,8,16,24
2025.05.17,00:15,00:30,Erhardt,9,4,13
2025.05.17,00:30,00:45,Erhardt,8,3,11
2025.05.17,00:45,01:00,Erhardt,5,11,16
2025.05.17,01:00,01:15,Erhardt,5,7,12
2025.05.17,01:15,01:30,Erhardt,3,8,11
2025.05.17,01:30,01:45,Erhardt,0,7,7
2025.05.17,01:45,02:00,Erhardt,5,2,7
2025.05.17,02:00,02:15,Erhardt,5,3,8
2025.05.17,02:15,02:30,Erhardt,9,0,9
2025.05.17,02:30,02:45,Erhardt,5,2,7
2025.05.17,02:45,03:00,Erhardt,0,3,3
2025.05.17,03:00,03:15,Erhardt,1,1,2
2025.05.17,03:15,03:30,Erhardt,0,1,1
2025.05.17,03:30,03:45,Erhardt,0,1,1
2025.05.17,03:45,04:00,Erhardt,1,0,1
2025.05.17,04:00,04:15,Erhardt,0,0,0
2025.05.17,04:15,04:30,Erhardt,0,1,1
2025.05.17,04:30,04:45,Erhardt,0,2,2
2025.05.17,04:45,05:00,Erhardt,2,0,2
2025.05.17,05:00,05:15,Erhardt,0,0,0
2025.05.17,05:15,05:30,Erhardt,0,0,0
2025.05.17,05:30,05:45,Erhardt,4,0,4
2025.05.17,05:45,06:00,Erhardt,3,2,5
2025.05.17,06:00,06:15,Erhardt,1,3,4
2025.05.17,06:15,06:30,Erhardt,3,2,5
2025.05.17,06:30,06:45,Erhardt,1,4,5
2025.05.17,06:45,07:00,Erhardt,5,1,6
2025.05.17,07:00,07:15,Erhardt,6,5,11
2025.05.17,07:15,07:30,Erhardt,7,1,8
2025.05.17,07:30,07:45,Erhardt,6,3,9
2025.05.17,07:45,08:00,Erhardt,7,4,11
2025.05.17,08:00,08:15,Erhardt,4,5,9
2025.05.17,08:15,08:30,Erhardt,16,17,33
2025.05.17,08:30,08:45,Erhardt,23,13,36
2025.05.17,08:45,09:00,Erhardt,24,18,42
2025.05.17,09:00,09:15,Erhardt,21,14,35
2025.05.17,09:15,09:30,Erhardt,36,24,60
2025.05.17,09:30,09:45,Erhardt,25,30,55
2025.05.17,09:45,10:00,Erhardt,44,23,67
2025.05.17,10:00,10:15,Erhardt,40,31,71
2025.05.17,10:15,10:30,Erhardt,62,40,102
2025.05.17,10:30,10:45,Erhardt,36,25,61
2025.05.17,10:45,11:00,Erhardt,48,42,90
2025.05.17,11:00,11:15,Erhardt,48,30,78
2025.05.17,11:15,11:30,Erhardt,85,37,122
2025.05.17,11:30,11:45,Erhardt,45,32,77
2025.05.17,11:45,12:00,Erhardt,48,32,80
2025.05.17,12:00,12:15,Erhardt,47,29,76
2025.05.17,12:15,12:30,Erhardt,58,45,103
2025.05.17,12:30,12:45,Erhardt,47,49,96
2025.05.17,12:45,13:00,Erhardt,56,38,94
2025.05.17,13:00,13:15,Erhardt,34,43,77
2025.05.17,13:15,13:30,Erhardt,56,39,95
2025.05.17,13:30,13:45,Erhardt,42,40,82
2025.05.17,13:45,14:00,Erhardt,38,38,76
2025.05.17,14:00,14:15,Erhardt,80,57,137
2025.05.17,14:15,14:30,Erhardt,78,54,132
2025.05.17,14:30,14:45,Erhardt,56,56,112
2025.05.17,14:45,15:00,Erhardt,39,62,101
2025.05.17,15:00,15:15,Erhardt,56,44,100
2025.05.17,15:15,15:30,Erhardt,50,65,115
2025.05.17,15:30,15:45,Erhardt,40,58,98
2025.05.17,15:45,16:00,Erhardt,62,52,114
2025.05.17,16:00,16:15,Erhardt,50,38,88
2025.05.17,16:15,16:30,Erhardt,34,63,97
2025.05.17,16:30,16:45,Erhardt,47,42,89
2025.05.17,16:45,17:00,Erhardt,30,64,94
2025.05.17,17:00,17:15,Erhardt,48,35,83
2025.05.17,17:15,17:30,Erhardt,50,46,96
2025.05.17,17:30,17:45,Erhardt,36,32,68
2025.05.17,17:45,18:00,Erhardt,34,53,87
2025.05.17,18:00,18:15,Erhardt,42,22,64
2025.05.17,18:15,18:30,Erhardt,29,26,55
2025.05.17,18:30,18:45,Erhardt,29,21,50
2025.05.17,18:45,19:00,Erhardt,32,30,62
2025.05.17,19:00,19:15,Erhardt,35,35,70
2025.05.17,19:15,19:30,Erhardt,17,24,41
2025.05.17,19:30,19:45,Erhardt,34,17,51
2025.05.17,19:45,20:00,Erhardt,22,19,41
2025.05.17,20:00,20:15,Erhardt,19,18,37
2025.05.17,20:15,20:30,Erhardt,18,19,37
2025.05.17,20:30,20:45,Erhardt,12,12,24
2025.05.17,20:45,21:00,Erhardt,20,9,29
2025.05.17,21:00,21:15,Erhardt,11,17,28
2025.05.17,21:15,21:30,Erhardt,8,8,16
2025.05.17,21:30,21:45,Erhardt,8,14,22
2025.05.17,21:45,22:00,Erhardt,13,15,28
2025.05.17,22:00,22:15,Erhardt,7,10,17
2025.05.17,22:15,22:30,Erhardt,16,15,31
2025.05.17,22:30,22:45,Erhardt,5,15,20
2025.05.17,22:45,23:00,Erhardt,10,15,25
2025.05.17,23:00,23:15,Erhardt,7,16,23
2025.05.17,23:15,23:30,Erhardt,14,15,29
2025.05.17,23:30,23:45,Erhardt,2,3,5
2025.05.17,23:45,00:00,Erhardt,2,12,14
2025.05.18,00:00,00:15,Erhardt,7,7,14
2025.05.18,00:15,00:30,Erhardt,5,5,10
2025.05.18,00:30,00:45,Erhardt,2,3,5
2025.05.18,00:45,01:00,Erhardt,5,3,8
2025.05.18,01:00,01:15,Erhardt,7,5,12
2025.05.18,01:15,01:30,Erhardt,6,11,17
2025.05.18,01:30,01:45,Erhardt,14,7,21
2025.05.18,01:45,02:00,Erhardt,3,2,5
2025.05.18,02:00,02:15,Erhardt,2,6,8
2025.05.18,02:15,02:30,Erhardt,1,2,3
2025.05.18,02:30,02:45,Erhardt,3,0,3
2025.05.18,02:45,03:00,Erhardt,0,1,1
2025.05.18,03:00,03:15,Erhardt,1,2,3
2025.05.18,03:15,03:30,Erhardt,1,1,2
2025.05.18,03:30,03:45,Erhardt,1,5,6
2025.05.18,03:45,04:00,Erhardt,1,2,3
2025.05.18,04:00,04:15,Erhardt,1,1,2
2025.05.18,04:15,04:30,Erhardt,1,0,1
2025.05.18,04:30,04:45,Erhardt,1,2,3
2025.05.18,04:45,05:00,Erhardt,1,3,4
2025.05.18,05:00,05:15,Erhardt,1,0,1
2025.05.18,05:15,05:30,Erhardt,1,0,1
2025.05.18,05:30,05:45,Erhardt,0,1,1
2025.05.18,05:45,06:00,Erhardt,3,0,3
2025.05.18,06:00,06:15,Erhardt,0,1,1
2025.05.18,06:15,06:30,Erhardt,1,4,5
2025.05.18,06:30,06:45,Erhardt,1,3,4
2025.05.18,06:45,07:00,Erhardt,5,3,8
2025.05.18,07:00,07:15,Erhardt,2,1,3
2025.05.18,07:15,07:30,Erhardt,3,2,5
2025.05.18,07:30,07:45,Erhardt,1,0,1
2025.05.18,07:45,08:00,Erhardt,4,5,9
2025.05.18,08:00,08:15,Erhardt,5,5,10
2025.05.18,08:15,08:30,Erhardt,7,6,13
2025.05.18,08:30,08:45,Erhardt,8,8,16
2025.05.18,08:45,09:00,Erhardt,6,8,14
2025.05.18,09:00,09:15,Erhardt,8,10,18
2025.05.18,09:15,09:30,Erhardt,13,19,32
2025.05.18,09:30,09:45,Erhardt,19,17,36
2025.05.18,09:45,10:00,Erhardt,33,26,59
2025.05.18,10:00,10:15,Erhardt,21,30,51
2025.05.18,10:15,10:30,Erhardt,49,29,78
2025.05.18,10:30,10:45,Erhardt,35,21,56
2025.05.18,10:45,11:00,Erhardt,35,37,72
2025.05.18,11:00,11:15,Erhardt,25,21,46
2025.05.18,11:15,11:30,Erhardt,40,14,54
2025.05.18,11:30,11:45,Erhardt,28,31,59
2025.05.18,11:45,12:00,Erhardt,37,31,68
2025.05.18,12:00,12:15,Erhardt,39,24,63
2025.05.18,12:15,12:30,Erhardt,29,39,68
2025.05.18,12:30,12:45,Erhardt,28,39,67
2025.05.18,12:45,13:00,Erhardt,53,29,82
2025.05.18,13:00,13:15,Erhardt,34,39,73
2025.05.18,13:15,13:30,Erhardt,48,43,91
2025.05.18,13:30,13:45,Erhardt,38,49,87
2025.05.18,13:45,14:00,Erhardt,57,34,91
2025.05.18,14:00,14:15,Erhardt,61,42,103
2025.05.18,14:15,14:30,Erhardt,42,67,109
2025.05.18,14:30,14:45,Erhardt,74,55,129
2025.05.18,14:45,15:00,Erhardt,62,48,110
2025.05.18,15:00,15:15,Erhardt,48,50,98
2025.05.18,15:15,15:30,Erhardt,59,52,111
2025.05.18,15:30,15:45,Erhardt,62,44,106
2025.05.18,15:45,16:00,Erhardt,65,46,111
2025.05.18,16:00,16:15,Erhardt,55,52,107
2025.05.18,16:15,16:30,Erhardt,77,27,104
2025.05.18,16:30,16:45,Erhardt,69,53,122
2025.05.18,16:45,17:00,Erhardt,71,37,108
2025.05.18,17:00,17:15,Erhardt,78,61,139
2025.05.18,17:15,17:30,Erhardt,45,45,90
2025.05.18,17:30,17:45,Erhardt,73,50,123
2025.05.18,17:45,18:00,Erhardt,74,30,104
2025.05.18,18:00,18:15,Erhardt,60,40,100
2025.05.18,18:15,18:30,Erhardt,37,30,67
2025.05.18,18:30,18:45,Erhardt,45,31,76
2025.05.18,18:45,19:00,Erhardt,44,54,98
2025.05.18,19:00,19:15,Erhardt,28,32,60
2025.05.18,19:15,19:30,Erhardt,29,41,70
2025.05.18,19:30,19:45,Erhardt,20,28,48
2025.05.18,19:45,20:00,Erhardt,23,22,45
2025.05.18,20:00,20:15,Erhardt,26,22,48
2025.05.18,20:15,20:30,Erhardt,18,15,33
2025.05.18,20:30,20:45,Erhardt,11,8,19
2025.05.18,20:45,21:00,Erhardt,19,11,30
2025.05.18,21:00,21:15,Erhardt,10,19,29
2025.05.18,21:15,21:30,Erhardt,8,11,19
2025.05.18,21:30,21:45,Erhardt,13,10,23
2025.05.18,21:45,22:00,Erhardt,10,11,21
2025.05.18,22:00,22:15,Erhardt,5,9,14
2025.05.18,22:15,22:30,Erhardt,12,9,21
2025.05.18,22:30,22:45,Erhardt,8,6,14
2025.05.18,22:45,23:00,Erhardt,4,9,13
2025.05.18,23:00,23:15,Erhardt,3,3,6
2025.05.18,23:15,23:30,Erhardt,2,6,8
2025.05.18,23:30,23:45,Erhardt,3,6,9
2025.05.18,23:45,00:00,Erhardt,3,2,5
2025.05.19,00:00,00:15,Erhardt,5,0,5
2025.05.19,00:15,00:30,Erhardt,0,1,1
2025.05.19,00:30,00:45,Erhardt,4,0,4
2025.05.19,00:45,01:00,Erhardt,2,1,3
2025.05.19,01:00,01:15,Erhardt,3,2,5
2025.05.19,01:15,01:30,Erhardt,3,0,3
2025.05.19,01:30,01:45,Erhardt,0,0,0
2025.05.19,01:45,02:00,Erhardt,0,0,0
2025.05.19,02:00,02:15,Erhardt,0,1,1
2025.05.19,02:15,02:30,Erhardt,0,1,1
2025.05.19,02:30,02:45,Erhardt,0,0,0
2025.05.19,02:45,03:00,Erhardt,0,0,0
2025.05.19,03:00,03:15,Erhardt,0,0,0
2025.05.19,03:15,03:30,Erhardt,0,0,0
2025.05.19,03:30,03:45,Erhardt,0,0,0
2025.05.19,03:45,04:00,Erhardt,0,0,0
2025.05.19,04:00,04:15,Erhardt,0,0,0
2025.05.19,04:15,04:30,Erhardt,0,1,1
2025.05.19,04:30,04:45,Erhardt,1,1,2
2025.05.19,04:45,05:00,Erhardt,0,1,1
2025.05.19,05:00,05:15,Erhardt,1,0,1
2025.05.19,05:15,05:30,Erhardt,2,2,4
2025.05.19,05:30,05:45,Erhardt,7,1,8
2025.05.19,05:45,06:00,Erhardt,9,5,14
2025.05.19,06:00,06:15,Erhardt,15,8,23
2025.05.19,06:15,06:30,Erhardt,15,14,29
2025.05.19,06:30,06:45,Erhardt,22,20,42
2025.05.19,06:45,07:00,Erhardt,31,21,52
2025.05.19,07:00,07:15,Erhardt,30,27,57
2025.05.19,07:15,07:30,Erhardt,52,36,88
2025.05.19,07:30,07:45,Erhardt,75,57,132
2025.05.19,07:45,08:00,Erhardt,95,67,162
2025.05.19,08:00,08:15,Erhardt,104,56,160
2025.05.19,08:15,08:30,Erhardt,104,76,180
2025.05.19,08:30,08:45,Erhardt,121,74,195
2025.05.19,08:45,09:00,Erhardt,79,73,152
2025.05.19,09:00,09:15,Erhardt,60,51,111
2025.05.19,09:15,09:30,Erhardt,68,42,110
2025.05.19,09:30,09:45,Erhardt,49,42,91
2025.05.19,09:45,10:00,Erhardt,38,41,79
2025.05.19,10:00,10:15,Erhardt,33,37,70
2025.05.19,10:15,10:30,Erhardt,30,20,50
2025.05.19,10:30,10:45,Erhardt,19,22,41
2025.05.19,10:45,11:00,Erhardt,34,27,61
2025.05.19,11:00,11:15,Erhardt,24,18,42
2025.05.19,11:15,11:30,Erhardt,23,26,49
2025.05.19,11:30,11:45,Erhardt,20,28,48
2025.05.19,11:45,12:00,Erhardt,35,35,70
2025.05.19,12:00,12:15,Erhardt,37,41,78
2025.05.19,12:15,12:30,Erhardt,45,29,74
2025.05.19,12:30,12:45,Erhardt,46,26,72
2025.05.19,12:45,13:00,Erhardt,44,32,76
2025.05.19,13:00,13:15,Erhardt,39,30,69
2025.05.19,13:15,13:30,Erhardt,47,32,79
2025.05.19,13:30,13:45,Erhardt,47,19,66
2025.05.19,13:45,14:00,Erhardt,51,38,89
2025.05.19,14:00,14:15,Erhardt,46,30,76
2025.05.19,14:15,14:30,Erhardt,57,31,88
2025.05.19,14:30,14:45,Erhardt,45,32,77
2025.05.19,14:45,15:00,Erhardt,69,25,94
2025.05.19,15:00,15:15,Erhardt,41,22,63
2025.05.19,15:15,15:30,Erhardt,40,44,84
2025.05.19,15:30,15:45,Erhardt,64,38,102
2025.05.19,15:45,16:00,Erhardt,65,42,107
2025.05.19,16:00,16:15,Erhardt,83,43,126
2025.05.19,16:15,16:30,Erhardt,72,38,110
2025.05.19,16:30,16:45,Erhardt,74,57,131
2025.05.19,16:45,17:00,Erhardt,100,51,151
2025.05.19,17:00,17:15,Erhardt,82,53,135
2025.05.19,17:15,17:30,Erhardt,103,70,173
2025.05.19,17:30,17:45,Erhardt,111,83,194
2025.05.19,17:45,18:00,Erhardt,128,94,222
2025.05.19,18:00,18:15,Erhardt,141,76,217
2025.05.19,18:15,18:30,Erhardt,106,90,196
2025.05.19,18:30,18:45,Erhardt,104,71,175
2025.05.19,18:45,19:00,Erhardt,124,90,214
2025.05.19,19:00,19:15,Erhardt,90,47,137
2025.05.19,19:15,19:30,Erhardt,81,59,140
2025.05.19,19:30,19:45,Erhardt,60,55,115
2025.05.19,19:45,20:00,Erhardt,56,38,94
2025.05.19,20:00,20:15,Erhardt,50,46,96
2025.05.19,20:15,20:30,Erhardt,50,36,86
2025.05.19,20:30,20:45,Erhardt,37,32,69
2025.05.19,20:45,21:00,Erhardt,35,20,55
2025.05.19,21:00,21:15,Erhardt,35,28,63
2025.05.19,21:15,21:30,Erhardt,33,31,64
2025.05.19,21:30,21:45,Erhardt,35,26,61
2025.05.19,21:45,22:00,Erhardt,33,34,67
2025.05.19,22:00,22:15,Erhardt,27,35,62
2025.05.19,22:15,22:30,Erhardt,18,21,39
2025.05.19,22:30,22:45,Erhardt,16,18,34
2025.05.19,22:45,23:00,Erhardt,18,20,38
2025.05.19,23:00,23:15,Erhardt,11,11,22
2025.05.19,23:15,23:30,Erhardt,12,10,22
2025.05.19,23:30,23:45,Erhardt,5,7,12
2025.05.19,23:45,00:00,Erhardt,4,11,15
2025.05.20,00:00,00:15,Erhardt,2,7,9
2025.05.20,00:15,00:30,Erhardt,2,1,3
2025.05.20,00:30,00:45,Erhardt,1,6,7
2025.05.20,00:45,01:00,Erhardt,2,1,3
2025.05.20,01:00,01:15,Erhardt,0,1,1
2025.05.20,01:15,01:30,Erhardt,0,1,1
2025.05.20,01:30,01:45,Erhardt,0,2,2
2025.05.20,01:45,02:00,Erhardt,1,1,2
2025.05.20,02:00,02:15,Erhardt,1,0,1
2025.05.20,02:15,02:30,Erhardt,1,0,1
2025.05.20,02:30,02:45,Erhardt,1,0,1
2025.05.20,02:45,03:00,Erhardt,1,0,1
2025.05.20,03:00,03:15,Erhardt,0,0,0
2025.05.20,03:15,03:30,Erhardt,1,3,4
2025.05.20,03:30,03:45,Erhardt,0,0,0
2025.05.20,03:45,04:00,Erhardt,0,0,0
2025.05.20,04:00,04:15,Erhardt,0,1,1
2025.05.20,04:15,04:30,Erhardt,0,1,1
2025.05.20,04:30,04:45,Erhardt,0,1,1
2025.05.20,04:45,05:00,Erhardt,1,0,1
2025.05.20,05:00,05:15,Erhardt,0,0,0
2025.05.20,05:15,05:30,Erhardt,3,3,6
2025.05.20,05:30,05:45,Erhardt,9,5,14
2025.05.20,05:45,06:00,Erhardt,14,8,22
2025.05.20,06:00,06:15,Erhardt,11,15,26
2025.05.20,06:15,06:30,Erhardt,22,15,37
2025.05.20,06:30,06:45,Erhardt,20,14,34
2025.05.20,06:45,07:00,Erhardt,34,22,56
2025.05.20,07:00,07:15,Erhardt,47,29,76
2025.05.20,07:15,07:30,Erhardt,64,39,103
2025.05.20,07:30,07:45,Erhardt,96,52,148
2025.05.20,07:45,08:00,Erhardt,109,70,179
2025.05.20,08:00,08:15,Erhardt,124,61,185
2025.05.20,08:15,08:30,Erhardt,127,57,184
2025.05.20,08:30,08:45,Erhardt,121,86,207
2025.05.20,08:45,09:00,Erhardt,103,73,176
2025.05.20,09:00,09:15,Erhardt,80,64,144
2025.05.20,09:15,09:30,Erhardt,56,45,101
2025.05.20,09:30,09:45,Erhardt,47,51,98
2025.05.20,09:45,10:00,Erhardt,50,28,78
2025.05.20,10:00,10:15,Erhardt,30,23,53
2025.05.20,10:15,10:30,Erhardt,29,41,70
2025.05.20,10:30,10:45,Erhardt,34,17,51
2025.05.20,10:45,11:00,Erhardt,28,33,61
2025.05.20,11:00,11:15,Erhardt,35,28,63
2025.05.20,11:15,11:30,Erhardt,26,34,60
2025.05.20,11:30,11:45,Erhardt,25,30,55
2025.05.20,11:45,12:00,Erhardt,34,30,64
2025.05.20,12:00,12:15,Erhardt,31,31,62
2025.05.20,12:15,12:30,Erhardt,28,35,63
2025.05.20,12:30,12:45,Erhardt,46,27,73
2025.05.20,12:45,13:00,Erhardt,60,25,85
2025.05.20,13:00,13:15,Erhardt,59,28,87
2025.05.20,13:15,13:30,Erhardt,61,27,88
2025.05.20,13:30,13:45,Erhardt,44,24,68
2025.05.20,13:45,14:00,Erhardt,54,20,74
2025.05.20,14:00,14:15,Erhardt,40,47,87
2025.05.20,14:15,14:30,Erhardt,57,31,88
2025.05.20,14:30,14:45,Erhardt,47,37,84
2025.05.20,14:45,15:00,Erhardt,56,32,88
2025.05.20,15:00,15:15,Erhardt,56,38,94
2025.05.20,15:15,15:30,Erhardt,66,35,101
2025.05.20,15:30,15:45,Erhardt,56,37,93
2025.05.20,15:45,16:00,Erhardt,60,45,105
2025.05.20,16:00,16:15,Erhardt,60,46,106
2025.05.20,16:15,16:30,Erhardt,82,52,134
2025.05.20,16:30,16:45,Erhardt,94,59,153
2025.05.20,16:45,17:00,Erhardt,89,59,148
2025.05.20,17:00,17:15,Erhardt,81,56,137
2025.05.20,17:15,17:30,Erhardt,133,64,197
2025.05.20,17:30,17:45,Erhardt,117,87,204
2025.05.20,17:45,18:00,Erhardt,147,60,207
2025.05.20,18:00,18:15,Erhardt,139,93,232
2025.05.20,18:15,18:30,Erhardt,148,95,243
2025.05.20,18:30,18:45,Erhardt,120,83,203
2025.05.20,18:45,19:00,Erhardt,114,73,187
2025.05.20,19:00,19:15,Erhardt,82,50,132
2025.05.20,19:15,19:30,Erhardt,98,55,153
2025.05.20,19:30,19:45,Erhardt,88,53,141
2025.05.20,19:45,20:00,Erhardt,58,48,106
2025.05.20,20:00,20:15,Erhardt,51,37,88
2025.05.20,20:15,20:30,Erhardt,45,50,95
2025.05.20,20:30,20:45,Erhardt,58,19,77
2025.05.20,20:45,21:00,Erhardt,52,35,87
2025.05.20,21:00,21:15,Erhardt,42,32,74
2025.05.20,21:15,21:30,Erhardt,30,34,64
2025.05.20,21:30,21:45,Erhardt,44,26,70
2025.05.20,21:45,22:00,Erhardt,28,36,64
2025.05.20,22:00,22:15,Erhardt,40,36,76
2025.05.20,22:15,22:30,Erhardt,36,41,77
2025.05.20,22:30,22:45,Erhardt,24,29,53
2025.05.20,22:45,23:00,Erhardt,24,11,35
2025.05.20,23:00,23:15,Erhardt,17,15,32
2025.05.20,23:15,23:30,Erhardt,13,5,18
2025.05.20,23:30,23:45,Erhardt,10,3,13
2025.05.20,23:45,00:00,Erhardt,2,11,13
2025.05.21,00:00,00:15,Erhardt,4,3,7
2025.05.21,00:15,00:30,Erhardt,1,2,3
2025.05.21,00:30,00:45,Erhardt,1,2,3
2025.05.21,00:45,01:00,Erhardt,2,1,3
2025.05.21,01:00,01:15,Erhardt,4,1,5
2025.05.21,01:15,01:30,Erhardt,3,0,3
2025.05.21,01:30,01:45,Erhardt,1,0,1
2025.05.21,01:45,02:00,Erhardt,1,0,1
2025.05.21,02:00,02:15,Erhardt,2,1,3
2025.05.21,02:15,02:30,Erhardt,0,0,0
2025.05.21,02:30,02:45,Erhardt,1,0,1
2025.05.21,02:45,03:00,Erhardt,0,0,0
2025.05.21,03:00,03:15,Erhardt,0,0,0
2025.05.21,03:15,03:30,Erhardt,0,1,1
2025.05.21,03:30,03:45,Erhardt,0,0,0
2025.05.21,03:45,04:00,Erhardt,1,2,3
2025.05.21,04:00,04:15,Erhardt,0,1,1
2025.05.21,04:15,04:30,Erhardt,0,1,1
2025.05.21,04:30,04:45,Erhardt,0,2,2
2025.05.21,04:45,05:00,Erhardt,1,0,1
2025.05.21,05:00,05:15,Erhardt,1,1,2
2025.05.21,05:15,05:30,Erhardt,2,0,2
2025.05.21,05:30,05:45,Erhardt,5,2,7
2025.05.21,05:45,06:00,Erhardt,8,5,13
2025.05.21,06:00,06:15,Erhardt,7,7,14
2025.05.21,06:15,06:30,Erhardt,14,11,25
2025.05.21,06:30,06:45,Erhardt,12,7,19
2025.05.21,06:45,07:00,Erhardt,26,15,41
2025.05.21,07:00,07:15,Erhardt,27,24,51
2025.05.21,07:15,07:30,Erhardt,35,33,68
2025.05.21,07:30,07:45,Erhardt,68,38,106
2025.05.21,07:45,08:00,Erhardt,104,44,148
2025.05.21,08:00,08:15,Erhardt,94,61,155
2025.05.21,08:15,08:30,Erhardt,99,57,156
2025.05.21,08:30,08:45,Erhardt,95,68,163
2025.05.21,08:45,09:00,Erhardt,80,49,129
2025.05.21,09:00,09:15,Erhardt,79,40,119
2025.05.21,09:15,09:30,Erhardt,42,47,89
2025.05.21,09:30,09:45,Erhardt,45,31,76
2025.05.21,09:45,10:00,Erhardt,40,26,66
2025.05.21,10:00,10:15,Erhardt,38,39,77
2025.05.21,10:15,10:30,Erhardt,27,22,49
2025.05.21,10:30,10:45,Erhardt,25,30,55
2025.05.21,10:45,11:00,Erhardt,27,39,66
2025.05.21,11:00,11:15,Erhardt,24,15,39
2025.05.21,11:15,11:30,Erhardt,19,23,42
2025.05.21,11:30,11:45,Erhardt,23,34,57
2025.05.21,11:45,12:00,Erhardt,33,30,63
2025.05.21,12:00,12:15,Erhardt,39,28,67
2025.05.21,12:15,12:30,Erhardt,42,30,72
2025.05.21,12:30,12:45,Erhardt,39,21,60
2025.05.21,12:45,13:00,Erhardt,24,23,47
2025.05.21,13:00,13:15,Erhardt,28,37,65
2025.05.21,13:15,13:30,Erhardt,38,13,51
2025.05.21,13:30,13:45,Erhardt,45,30,75
2025.05.21,13:45,14:00,Erhardt,34,40,74
2025.05.21,14:00,14:15,Erhardt,45,17,62
2025.05.21,14:15,14:30,Erhardt,45,35,80
2025.05.21,14:30,14:45,Erhardt,37,20,57
2025.05.21,14:45,15:00,Erhardt,51,40,91
2025.05.21,15:00,15:15,Erhardt,50,29,79
2025.05.21,15:15,15:30,Erhardt,40,20,60
2025.05.21,15:30,15:45,Erhardt,59,32,91
2025.05.21,15:45,16:00,Erhardt,55,31,86
2025.05.21,16:00,16:15,Erhardt,69,32,101
2025.05.21,16:15,16:30,Erhardt,75,34,109
2025.05.21,16:30,16:45,Erhardt,55,24,79
2025.05.21,16:45,17:00,Erhardt,77,29,106
2025.05.21,17:00,17:15,Erhardt,55,32,87
2025.05.21,17:15,17:30,Erhardt,102,44,146
2025.05.21,17:30,17:45,Erhardt,83,59,142
2025.05.21,17:45,18:00,Erhardt,102,54,156
2025.05.21,18:00,18:15,Erhardt,94,48,142
2025.05.21,18:15,18:30,Erhardt,91,65,156
2025.05.21,18:30,18:45,Erhardt,87,52,139
2025.05.21,18:45,19:00,Erhardt,79,40,119
2025.05.21,19:00,19:15,Erhardt,64,25,89
2025.05.21,19:15,19:30,Erhardt,64,27,91
2025.05.21,19:30,19:45,Erhardt,46,30,76
2025.05.21,19:45,20:00,Erhardt,34,33,67
2025.05.21,20:00,20:15,Erhardt,45,27,72
2025.05.21,20:15,20:30,Erhardt,33,23,56
2025.05.21,20:30,20:45,Erhardt,27,15,42
2025.05.21,20:45,21:00,Erhardt,31,21,52
2025.05.21,21:00,21:15,Erhardt,28,16,44
2025.05.21,21:15,21:30,Erhardt,19,11,30
2025.05.21,21:30,21:45,Erhardt,20,18,38
2025.05.21,21:45,22:00,Erhardt,26,21,47
2025.05.21,22:00,22:15,Erhardt,18,26,44
2025.05.21,22:15,22:30,Erhardt,18,18,36
2025.05.21,22:30,22:45,Erhardt,23,17,40
2025.05.21,22:45,23:00,Erhardt,14,15,29
2025.05.21,23:00,23:15,Erhardt,16,14,30
2025.05.21,23:15,23:30,Erhardt,11,9,20
2025.05.21,23:30,23:45,Erhardt,6,12,18
2025.05.21,23:45,00:00,Erhardt,4,1,5
2025.05.22,00:00,00:15,Erhardt,4,3,7
2025.05.22,00:15,00:30,Erhardt,1,3,4
2025.05.22,00:30,00:45,Erhardt,3,2,5
2025.05.22,00:45,01:00,Erhardt,2,1,3
2025.05.22,01:00,01:15,Erhardt,2,2,4
2025.05.22,01:15,01:30,Erhardt,2,2,4
2025.05.22,01:30,01:45,Erhardt,4,1,5
2025.05.22,01:45,02:00,Erhardt,1,1,2
2025.05.22,02:00,02:15,Erhardt,0,0,0
2025.05.22,02:15,02:30,Erhardt,3,0,3
2025.05.22,02:30,02:45,Erhardt,0,1,1
2025.05.22,02:45,03:00,Erhardt,0,0,0
2025.05.22,03:00,03:15,Erhardt,0,2,2
2025.05.22,03:15,03:30,Erhardt,0,0,0
2025.05.22,03:30,03:45,Erhardt,0,0,0
2025.05.22,03:45,04:00,Erhardt,1,1,2
2025.05.22,04:00,04:15,Erhardt,0,0,0
2025.05.22,04:15,04:30,Erhardt,0,0,0
2025.05.22,04:30,04:45,Erhardt,0,0,0
2025.05.22,04:45,05:00,Erhardt,0,0,0
2025.05.22,05:00,05:15,Erhardt,2,0,2
2025.05.22,05:15,05:30,Erhardt,0,1,1
2025.05.22,05:30,05:45,Erhardt,5,2,7
2025.05.22,05:45,06:00,Erhardt,3,5,8
2025.05.22,06:00,06:15,Erhardt,10,6,16
2025.05.22,06:15,06:30,Erhardt,9,3,12
2025.05.22,06:30,06:45,Erhardt,8,9,17
2025.05.22,06:45,07:00,Erhardt,11,13,24
2025.05.22,07:00,07:15,Erhardt,18,17,35
2025.05.22,07:15,07:30,Erhardt,20,25,45
2025.05.22,07:30,07:45,Erhardt,40,23,63
2025.05.22,07:45,08:00,Erhardt,57,45,102
2025.05.22,08:00,08:15,Erhardt,47,47,94
2025.05.22,08:15,08:30,Erhardt,71,46,117
2025.05.22,08:30,08:45,Erhardt,61,46,107
2025.05.22,08:45,09:00,Erhardt,69,33,102
2025.05.22,09:00,09:15,Erhardt,33,40,73
2025.05.22,09:15,09:30,Erhardt,39,21,60
2025.05.22,09:30,09:45,Erhardt,25,27,52
2025.05.22,09:45,10:00,Erhardt,27,21,48
2025.05.22,10:00,10:15,Erhardt,21,33,54
2025.05.22,10:15,10:30,Erhardt,25,20,45
2025.05.22,10:30,10:45,Erhardt,32,22,54
2025.05.22,10:45,11:00,Erhardt,25,19,44
2025.05.22,11:00,11:15,Erhardt,21,14,35
2025.05.22,11:15,11:30,Erhardt,17,21,38
2025.05.22,11:30,11:45,Erhardt,24,21,45
2025.05.22,11:45,12:00,Erhardt,25,20,45
2025.05.22,12:00,12:15,Erhardt,17,18,35
2025.05.22,12:15,12:30,Erhardt,26,21,47
2025.05.22,12:30,12:45,Erhardt,19,29,48
2025.05.22,12:45,13:00,Erhardt,19,16,35
2025.05.22,13:00,13:15,Erhardt,20,6,26
2025.05.22,13:15,13:30,Erhardt,18,22,40
2025.05.22,13:30,13:45,Erhardt,16,12,28
2025.05.22,13:45,14:00,Erhardt,17,20,37
2025.05.22,14:00,14:15,Erhardt,23,14,37
2025.05.22,14:15,14:30,Erhardt,24,7,31
2025.05.22,14:30,14:45,Erhardt,19,11,30
2025.05.22,14:45,15:00,Erhardt,32,8,40
2025.05.22,15:00,15:15,Erhardt,30,19,49
2025.05.22,15:15,15:30,Erhardt,31,21,52
2025.05.22,15:30,15:45,Erhardt,27,18,45
2025.05.22,15:45,16:00,Erhardt,43,13,56
2025.05.22,16:00,16:15,Erhardt,43,15,58
2025.05.22,16:15,16:30,Erhardt,33,16,49
2025.05.22,16:30,16:45,Erhardt,15,16,31
2025.05.22,16:45,17:00,Erhardt,31,17,48
2025.05.22,17:00,17:15,Erhardt,43,20,63
2025.05.22,17:15,17:30,Erhardt,44,17,61
2025.05.22,17:30,17:45,Erhardt,51,25,76
2025.05.22,17:45,18:00,Erhardt,36,30,66
2025.05.22,18:00,18:15,Erhardt,48,32,80
2025.05.22,18:15,18:30,Erhardt,52,24,76
2025.05.22,18:30,18:45,Erhardt,60,29,89
2025.05.22,18:45,19:00,Erhardt,46,30,76
2025.05.22,19:00,19:15,Erhardt,51,29,80
2025.05.22,19:15,19:30,Erhardt,32,20,52
2025.05.22,19:30,19:45,Erhardt,31,21,52
2025.05.22,19:45,20:00,Erhardt,31,14,45
2025.05.22,20:00,20:15,Erhardt,21,16,37
2025.05.22,20:15,20:30,Erhardt,28,13,41
2025.05.22,20:30,20:45,Erhardt,24,13,37
2025.05.22,20:45,21:00,Erhardt,24,12,36
2025.05.22,21:00,21:15,Erhardt,21,11,32
2025.05.22,21:15,21:30,Erhardt,18,13,31
2025.05.22,21:30,21:45,Erhardt,14,18,32
2025.05.22,21:45,22:00,Erhardt,15,26,41
2025.05.22,22:00,22:15,Erhardt,21,13,34
2025.05.22,22:15,22:30,Erhardt,15,16,31
2025.05.22,22:30,22:45,Erhardt,13,12,25
2025.05.22,22:45,23:00,Erhardt,9,11,20
2025.05.22,23:00,23:15,Erhardt,11,9,20
2025.05.22,23:15,23:30,Erhardt,13,11,24
2025.05.22,23:30,23:45,Erhardt,6,9,15
2025.05.22,23:45,00:00,Erhardt,4,6,10
2025.05.23,00:00,00:15,Erhardt,3,4,7
2025.05.23,00:15,00:30,Erhardt,3,2,5
2025.05.23,00:30,00:45,Erhardt,1,1,2
2025.05.23,00:45,01:00,Erhardt,0,0,0
2025.05.23,01:00,01:15,Erhardt,2,1,3
2025.05.23,01:15,01:30,Erhardt,1,2,3
2025.05.23,01:30,01:45,Erhardt,0,0,0
2025.05.23,01:45,02:00,Erhardt,2,1,3
2025.05.23,02:00,02:15,Erhardt,0,0,0
2025.05.23,02:15,02:30,Erhardt,0,1,1
2025.05.23,02:30,02:45,Erhardt,0,4,4
2025.05.23,02:45,03:00,Erhardt,1,0,1
2025.05.23,03:00,03:15,Erhardt,1,1,2
2025.05.23,03:15,03:30,Erhardt,0,0,0
2025.05.23,03:30,03:45,Erhardt,1,0,1
2025.05.23,03:45,04:00,Erhardt,0,2,2
2025.05.23,04:00,04:15,Erhardt,0,0,0
2025.05.23,04:15,04:30,Erhardt,0,0,0
2025.05.23,04:30,04:45,Erhardt,0,0,0
2025.05.23,04:45,05:00,Erhardt,1,0,1
2025.05.23,05:00,05:15,Erhardt,1,1,2
2025.05.23,05:15,05:30,Erhardt,0,1,1
2025.05.23,05:30,05:45,Erhardt,4,2,6
2025.05.23,05:45,06:00,Erhardt,4,5,9
2025.05.23,06:00,06:15,Erhardt,11,5,16
2025.05.23,06:15,06:30,Erhardt,6,8,14
2025.05.23,06:30,06:45,Erhardt,13,13,26
2025.05.23,06:45,07:00,Erhardt,20,16,36
2025.05.23,07:00,07:15,Erhardt,25,13,38
2025.05.23,07:15,07:30,Erhardt,41,22,63
2025.05.23,07:30,07:45,Erhardt,30,26,56
2025.05.23,07:45,08:00,Erhardt,51,50,101
2025.05.23,08:00,08:15,Erhardt,63,46,109
2025.05.23,08:15,08:30,Erhardt,56,36,92
2025.05.23,08:30,08:45,Erhardt,56,49,105
2025.05.23,08:45,09:00,Erhardt,67,43,110
2025.05.23,09:00,09:15,Erhardt,40,28,68
2025.05.23,09:15,09:30,Erhardt,36,40,76
2025.05.23,09:30,09:45,Erhardt,23,37,60
2025.05.23,09:45,10:00,Erhardt,26,33,59
2025.05.23,10:00,10:15,Erhardt,20,25,45
2025.05.23,10:15,10:30,Erhardt,32,32,64
2025.05.23,10:30,10:45,Erhardt,24,24,48
2025.05.23,10:45,11:00,Erhardt,28,31,59
2025.05.23,11:00,11:15,Erhardt,21,24,45
2025.05.23,11:15,11:30,Erhardt,16,21,37
2025.05.23,11:30,11:45,Erhardt,28,17,45
2025.05.23,11:45,12:00,Erhardt,23,29,52
2025.05.23,12:00,12:15,Erhardt,28,23,51
2025.05.23,12:15,12:30,Erhardt,37,21,58
2025.05.23,12:30,12:45,Erhardt,24,21,45
2025.05.23,12:45,13:00,Erhardt,25,26,51
2025.05.23,13:00,13:15,Erhardt,31,13,44
2025.05.23,13:15,13:30,Erhardt,38,21,59
2025.05.23,13:30,13:45,Erhardt,23,20,43
2025.05.23,13:45,14:00,Erhardt,30,20,50
2025.05.23,14:00,14:15,Erhardt,40,23,63
2025.05.23,14:15,14:30,Erhardt,30,15,45
2025.05.23,14:30,14:45,Erhardt,30,20,50
2025.05.23,14:45,15:00,Erhardt,36,25,61
2025.05.23,15:00,15:15,Erhardt,28,9,37
2025.05.23,15:15,15:30,Erhardt,37,17,54
2025.05.23,15:30,15:45,Erhardt,43,17,60
2025.05.23,15:45,16:00,Erhardt,43,24,67
2025.05.23,16:00,16:15,Erhardt,47,19,66
2025.05.23,16:15,16:30,Erhardt,46,21,67
2025.05.23,16:30,16:45,Erhardt,47,40,87
2025.05.23,16:45,17:00,Erhardt,65,32,97
2025.05.23,17:00,17:15,Erhardt,60,30,90
2025.05.23,17:15,17:30,Erhardt,66,21,87
2025.05.23,17:30,17:45,Erhardt,47,26,73
2025.05.23,17:45,18:00,Erhardt,58,39,97
2025.05.23,18:00,18:15,Erhardt,61,28,89
2025.05.23,18:15,18:30,Erhardt,51,45,96
2025.05.23,18:30,18:45,Erhardt,60,23,83
2025.05.23,18:45,19:00,Erhardt,44,40,84
2025.05.23,19:00,19:15,Erhardt,45,40,85
2025.05.23,19:15,19:30,Erhardt,38,28,66
2025.05.23,19:30,19:45,Erhardt,35,26,61
2025.05.23,19:45,20:00,Erhardt,42,30,72
2025.05.23,20:00,20:15,Erhardt,30,23,53
2025.05.23,20:15,20:30,Erhardt,30,14,44
2025.05.23,20:30,20:45,Erhardt,15,19,34
2025.05.23,20:45,21:00,Erhardt,21,17,38
2025.05.23,21:00,21:15,Erhardt,19,13,32
2025.05.23,21:15,21:30,Erhardt,9,25,34
2025.05.23,21:30,21:45,Erhardt,20,16,36
2025.05.23,21:45,22:00,Erhardt,28,17,45
2025.05.23,22:00,22:15,Erhardt,19,22,41
2025.05.23,22:15,22:30,Erhardt,19,15,34
2025.05.23,22:30,22:45,Erhardt,11,18,29
2025.05.23,22:45,23:00,Erhardt,13,12,25
2025.05.23,23:00,23:15,Erhardt,16,7,23
2025.05.23,23:15,23:30,Erhardt,16,11,27
2025.05.23,23:30,23:45,Erhardt,11,8,19
2025.05.23,23:45,00:00,Erhardt,13,14,27
2025.05.24,00:00,00:15,Erhardt,9,12,21
2025.05.24,00:15,00:30,Erhardt,8,8,16
2025.05.24,00:30,00:45,Erhardt,9,7,16
2025.05.24,00:45,01:00,Erhardt,7,5,12
2025.05.24,01:00,01:15,Erhardt,5,4,9
2025.05.24,01:15,01:30,Erhardt,11,9,20
2025.05.24,01:30,01:45,Erhardt,1,5,6
2025.05.24,01:45,02:00,Erhardt,2,2,4
2025.05.24,02:00,02:15,Erhardt,1,0,1
2025.05.24,02:15,02:30,Erhardt,3,0,3
2025.05.24,02:30,02:45,Erhardt,3,2,5
2025.05.24,02:45,03:00,Erhardt,1,1,2
2025.05.24,03:00,03:15,Erhardt,0,1,1
2025.05.24,03:15,03:30,Erhardt,1,0,1
2025.05.24,03:30,03:45,Erhardt,2,0,2
2025.05.24,03:45,04:00,Erhardt,1,0,1
2025.05.24,04:00,04:15,Erhardt,1,0,1
2025.05.24,04:15,04:30,Erhardt,0,3,3
2025.05.24,04:30,04:45,Erhardt,0,0,0
2025.05.24,04:45,05:00,Erhardt,0,0,0
2025.05.24,05:00,05:15,Erhardt,1,0,1
2025.05.24,05:15,05:30,Erhardt,1,2,3
2025.05.24,05:30,05:45,Erhardt,2,4,6
2025.05.24,05:45,06:00,Erhardt,2,6,8
2025.05.24,06:00,06:15,Erhardt,1,2,3
2025.05.24,06:15,06:30,Erhardt,2,3,5
2025.05.24,06:30,06:45,Erhardt,7,1,8
2025.05.24,06:45,07:00,Erhardt,1,0,1
2025.05.24,07:00,07:15,Erhardt,5,5,10
2025.05.24,07:15,07:30,Erhardt,3,5,8
2025.05.24,07:30,07:45,Erhardt,6,7,13
2025.05.24,07:45,08:00,Erhardt,15,4,19
2025.05.24,08:00,08:15,Erhardt,2,11,13
2025.05.24,08:15,08:30,Erhardt,20,10,30
2025.05.24,08:30,08:45,Erhardt,10,14,24
2025.05.24,08:45,09:00,Erhardt,31,29,60
2025.05.24,09:00,09:15,Erhardt,31,16,47
2025.05.24,09:15,09:30,Erhardt,30,33,63
2025.05.24,09:30,09:45,Erhardt,33,27,60
2025.05.24,09:45,10:00,Erhardt,43,36,79
2025.05.24,10:00,10:15,Erhardt,38,26,64
2025.05.24,10:15,10:30,Erhardt,39,30,69
2025.05.24,10:30,10:45,Erhardt,48,34,82
2025.05.24,10:45,11:00,Erhardt,31,39,70
2025.05.24,11:00,11:15,Erhardt,33,23,56
2025.05.24,11:15,11:30,Erhardt,44,41,85
2025.05.24,11:30,11:45,Erhardt,53,30,83
2025.05.24,11:45,12:00,Erhardt,46,43,89
2025.05.24,12:00,12:15,Erhardt,47,47,94
2025.05.24,12:15,12:30,Erhardt,44,47,91
2025.05.24,12:30,12:45,Erhardt,54,56,110
2025.05.24,12:45,13:00,Erhardt,46,40,86
2025.05.24,13:00,13:15,Erhardt,63,28,91
2025.05.24,13:15,13:30,Erhardt,30,36,66
2025.05.24,13:30,13:45,Erhardt,53,48,101
2025.05.24,13:45,14:00,Erhardt,59,55,114
2025.05.24,14:00,14:15,Erhardt,42,66,108
2025.05.24,14:15,14:30,Erhardt,48,55,103
2025.05.24,14:30,14:45,Erhardt,75,41,116
2025.05.24,14:45,15:00,Erhardt,51,60,111
2025.05.24,15:00,15:15,Erhardt,58,47,105
2025.05.24,15:15,15:30,Erhardt,41,52,93
2025.05.24,15:30,15:45,Erhardt,53,33,86
2025.05.24,15:45,16:00,Erhardt,45,61,106
2025.05.24,16:00,16:15,Erhardt,54,49,103
2025.05.24,16:15,16:30,Erhardt,50,44,94
2025.05.24,16:30,16:45,Erhardt,47,50,97
2025.05.24,16:45,17:00,Erhardt,63,38,101
2025.05.24,17:00,17:15,Erhardt,62,45,107
2025.05.24,17:15,17:30,Erhardt,52,63,115
2025.05.24,17:30,17:45,Erhardt,40,67,107
2025.05.24,17:45,18:00,Erhardt,64,40,104
2025.05.24,18:00,18:15,Erhardt,59,48,107
2025.05.24,18:15,18:30,Erhardt,37,32,69
2025.05.24,18:30,18:45,Erhardt,60,47,107
2025.05.24,18:45,19:00,Erhardt,26,28,54
2025.05.24,19:00,19:15,Erhardt,54,44,98
2025.05.24,19:15,19:30,Erhardt,38,39,77
2025.05.24,19:30,19:45,Erhardt,45,28,73
2025.05.24,19:45,20:00,Erhardt,41,26,67
2025.05.24,20:00,20:15,Erhardt,33,31,64
2025.05.24,20:15,20:30,Erhardt,26,22,48
2025.05.24,20:30,20:45,Erhardt,24,19,43
2025.05.24,20:45,21:00,Erhardt,16,15,31
2025.05.24,21:00,21:15,Erhardt,16,16,32
2025.05.24,21:15,21:30,Erhardt,14,18,32
2025.05.24,21:30,21:45,Erhardt,12,11,23
2025.05.24,21:45,22:00,Erhardt,12,12,24
2025.05.24,22:00,22:15,Erhardt,26,14,40
2025.05.24,22:15,22:30,Erhardt,21,13,34
2025.05.24,22:30,22:45,Erhardt,19,29,48
2025.05.24,22:45,23:00,Erhardt,26,17,43
2025.05.24,23:00,23:15,Erhardt,17,19,36
2025.05.24,23:15,23:30,Erhardt,11,14,25
2025.05.24,23:30,23:45,Erhardt,10,9,19
2025.05.24,23:45,00:00,Erhardt,7,12,19
2025.05.25,00:00,00:15,Erhardt,6,12,18
2025.05.25,00:15,00:30,Erhardt,11,7,18
2025.05.25,00:30,00:45,Erhardt,7,6,13
2025.05.25,00:45,01:00,Erhardt,8,3,11
2025.05.25,01:00,01:15,Erhardt,4,6,10
2025.05.25,01:15,01:30,Erhardt,9,7,16
2025.05.25,01:30,01:45,Erhardt,10,4,14
2025.05.25,01:45,02:00,Erhardt,4,2,6
2025.05.25,02:00,02:15,Erhardt,0,3,3
2025.05.25,02:15,02:30,Erhardt,2,3,5
2025.05.25,02:30,02:45,Erhardt,1,3,4
2025.05.25,02:45,03:00,Erhardt,0,1,1
2025.05.25,03:00,03:15,Erhardt,1,3,4
2025.05.25,03:15,03:30,Erhardt,2,2,4
2025.05.25,03:30,03:45,Erhardt,1,0,1
2025.05.25,03:45,04:00,Erhardt,3,2,5
2025.05.25,04:00,04:15,Erhardt,1,0,1
2025.05.25,04:15,04:30,Erhardt,0,3,3
2025.05.25,04:30,04:45,Erhardt,0,2,2
2025.05.25,04:45,05:00,Erhardt,0,1,1
2025.05.25,05:00,05:15,Erhardt,2,0,2
2025.05.25,05:15,05:30,Erhardt,0,0,0
2025.05.25,05:30,05:45,Erhardt,1,1,2
2025.05.25,05:45,06:00,Erhardt,4,0,4
2025.05.25,06:00,06:15,Erhardt,1,0,1
2025.05.25,06:15,06:30,Erhardt,1,2,3
2025.05.25,06:30,06:45,Erhardt,0,1,1
2025.05.25,06:45,07:00,Erhardt,2,2,4
2025.05.25,07:00,07:15,Erhardt,0,2,2
2025.05.25,07:15,07:30,Erhardt,1,1,2
2025.05.25,07:30,07:45,Erhardt,2,3,5
2025.05.25,07:45,08:00,Erhardt,0,3,3
2025.05.25,08:00,08:15,Erhardt,1,3,4
2025.05.25,08:15,08:30,Erhardt,3,1,4
2025.05.25,08:30,08:45,Erhardt,4,0,4
2025.05.25,08:45,09:00,Erhardt,3,2,5
2025.05.25,09:00,09:15,Erhardt,3,3,6
2025.05.25,09:15,09:30,Erhardt,9,3,12
2025.05.25,09:30,09:45,Erhardt,5,3,8
2025.05.25,09:45,10:00,Erhardt,10,3,13
2025.05.25,10:00,10:15,Erhardt,6,5,11
2025.05.25,10:15,10:30,Erhardt,9,3,12
2025.05.25,10:30,10:45,Erhardt,10,8,18
2025.05.25,10:45,11:00,Erhardt,4,4,8
2025.05.25,11:00,11:15,Erhardt,4,1,5
2025.05.25,11:15,11:30,Erhardt,11,12,23
2025.05.25,11:30,11:45,Erhardt,7,11,18
2025.05.25,11:45,12:00,Erhardt,10,14,24
2025.05.25,12:00,12:15,Erhardt,12,5,17
2025.05.25,12:15,12:30,Erhardt,4,10,14
2025.05.25,12:30,12:45,Erhardt,6,5,11
2025.05.25,12:45,13:00,Erhardt,3,7,10
2025.05.25,13:00,13:15,Erhardt,10,4,14
2025.05.25,13:15,13:30,Erhardt,7,4,11
2025.05.25,13:30,13:45,Erhardt,7,9,16
2025.05.25,13:45,14:00,Erhardt,6,6,12
2025.05.25,14:00,14:15,Erhardt,4,9,13
2025.05.25,14:15,14:30,Erhardt,7,14,21
2025.05.25,14:30,14:45,Erhardt,11,6,17
2025.05.25,14:45,15:00,Erhardt,6,10,16
2025.05.25,15:00,15:15,Erhardt,5,9,14
2025.05.25,15:15,15:30,Erhardt,5,2,7
2025.05.25,15:30,15:45,Erhardt,10,8,18
2025.05.25,15:45,16:00,Erhardt,12,8,20
2025.05.25,16:00,16:15,Erhardt,8,9,17
2025.05.25,16:15,16:30,Erhardt,12,20,32
2025.05.25,16:30,16:45,Erhardt,16,22,38
2025.05.25,16:45,17:00,Erhardt,11,29,40
2025.05.25,17:00,17:15,Erhardt,4,17,21
2025.05.25,17:15,17:30,Erhardt,9,9,18
2025.05.25,17:30,17:45,Erhardt,21,18,39
2025.05.25,17:45,18:00,Erhardt,9,11,20
2025.05.25,18:00,18:15,Erhardt,16,10,26
2025.05.25,18:15,18:30,Erhardt,8,14,22
2025.05.25,18:30,18:45,Erhardt,16,6,22
2025.05.25,18:45,19:00,Erhardt,19,15,34
2025.05.25,19:00,19:15,Erhardt,15,5,20
2025.05.25,19:15,19:30,Erhardt,20,10,30
2025.05.25,19:30,19:45,Erhardt,16,6,22
2025.05.25,19:45,20:00,Erhardt,15,8,23
2025.05.25,20:00,20:15,Erhardt,11,4,15
2025.05.25,20:15,20:30,Erhardt,14,15,29
2025.05.25,20:30,20:45,Erhardt,20,10,30
2025.05.25,20:45,21:00,Erhardt,18,4,22
2025.05.25,21:00,21:15,Erhardt,5,5,10
2025.05.25,21:15,21:30,Erhardt,18,10,28
2025.05.25,21:30,21:45,Erhardt,6,9,15
2025.05.25,21:45,22:00,Erhardt,11,5,16
2025.05.25,22:00,22:15,Erhardt,4,5,9
2025.05.25,22:15,22:30,Erhardt,4,2,6
2025.05.25,22:30,22:45,Erhardt,5,6,11
2025.05.25,22:45,23:00,Erhardt,3,5,8
2025.05.25,23:00,23:15,Erhardt,3,6,9
2025.05.25,23:15,23:30,Erhardt,0,4,4
2025.05.25,23:30,23:45,Erhardt,5,2,7
2025.05.25,23:45,00:00,Erhardt,3,1,4
2025.05.26,00:00,00:15,Erhardt,2,1,3
2025.05.26,00:15,00:30,Erhardt,2,0,2
2025.05.26,00:30,00:45,Erhardt,0,1,1
2025.05.26,00:45,01:00,Erhardt,0,0,0
2025.05.26,01:00,01:15,Erhardt,1,0,1
2025.05.26,01:15,01:30,Erhardt,0,0,0
2025.05.26,01:30,01:45,Erhardt,0,0,0
2025.05.26,01:45,02:00,Erhardt,0,1,1
2025.05.26,02:00,02:15,Erhardt,1,1,2
2025.05.26,02:15,02:30,Erhardt,0,0,0
2025.05.26,02:30,02:45,Erhardt,0,0,0
2025.05.26,02:45,03:00,Erhardt,0,0,0
2025.05.26,03:00,03:15,Erhardt,0,0,0
2025.05.26,03:15,03:30,Erhardt,0,0,0
2025.05.26,03:30,03:45,Erhardt,0,0,0
2025.05.26,03:45,04:00,Erhardt,1,0,1
2025.05.26,04:00,04:15,Erhardt,0,0,0
2025.05.26,04:15,04:30,Erhardt,0,0,0
2025.05.26,04:30,04:45,Erhardt,0,3,3
2025.05.26,04:45,05:00,Erhardt,2,1,3
2025.05.26,05:00,05:15,Erhardt,0,0,0
2025.05.26,05:15,05:30,Erhardt,0,2,2
2025.05.26,05:30,05:45,Erhardt,5,1,6
2025.05.26,05:45,06:00,Erhardt,6,1,7
2025.05.26,06:00,06:15,Erhardt,10,3,13
2025.05.26,06:15,06:30,Erhardt,7,7,14
2025.05.26,06:30,06:45,Erhardt,15,10,25
2025.05.26,06:45,07:00,Erhardt,21,18,39
2025.05.26,07:00,07:15,Erhardt,14,20,34
2025.05.26,07:15,07:30,Erhardt,27,22,49
2025.05.26,07:30,07:45,Erhardt,36,35,71
2025.05.26,07:45,08:00,Erhardt,51,37,88
2025.05.26,08:00,08:15,Erhardt,69,38,107
2025.05.26,08:15,08:30,Erhardt,49,37,86
2025.05.26,08:30,08:45,Erhardt,74,41,115
2025.05.26,08:45,09:00,Erhardt,58,34,92
2025.05.26,09:00,09:15,Erhardt,31,21,52
2025.05.26,09:15,09:30,Erhardt,18,19,37
2025.05.26,09:30,09:45,Erhardt,25,7,32
2025.05.26,09:45,10:00,Erhardt,21,19,40
2025.05.26,10:00,10:15,Erhardt,13,13,26
2025.05.26,10:15,10:30,Erhardt,9,16,25
2025.05.26,10:30,10:45,Erhardt,18,18,36
2025.05.26,10:45,11:00,Erhardt,20,15,35
2025.05.26,11:00,11:15,Erhardt,21,16,37
2025.05.26,11:15,11:30,Erhardt,14,13,27
2025.05.26,11:30,11:45,Erhardt,11,13,24
2025.05.26,11:45,12:00,Erhardt,27,22,49
2025.05.26,12:00,12:15,Erhardt,13,14,27
2025.05.26,12:15,12:30,Erhardt,25,11,36
2025.05.26,12:30,12:45,Erhardt,7,24,31
2025.05.26,12:45,13:00,Erhardt,19,22,41
2025.05.26,13:00,13:15,Erhardt,31,17,48
2025.05.26,13:15,13:30,Erhardt,35,21,56
2025.05.26,13:30,13:45,Erhardt,19,21,40
2025.05.26,13:45,14:00,Erhardt,23,15,38
2025.05.26,14:00,14:15,Erhardt,25,15,40
2025.05.26,14:15,14:30,Erhardt,14,11,25
2025.05.26,14:30,14:45,Erhardt,21,13,34
2025.05.26,14:45,15:00,Erhardt,30,26,56
2025.05.26,15:00,15:15,Erhardt,30,14,44
2025.05.26,15:15,15:30,Erhardt,33,19,52
2025.05.26,15:30,15:45,Erhardt,35,31,66
2025.05.26,15:45,16:00,Erhardt,40,13,53
2025.05.26,16:00,16:15,Erhardt,35,30,65
2025.05.26,16:15,16:30,Erhardt,41,18,59
2025.05.26,16:30,16:45,Erhardt,20,29,49
2025.05.26,16:45,17:00,Erhardt,18,33,51
2025.05.26,17:00,17:15,Erhardt,44,20,64
2025.05.26,17:15,17:30,Erhardt,48,34,82
2025.05.26,17:30,17:45,Erhardt,42,24,66
2025.05.26,17:45,18:00,Erhardt,59,27,86
2025.05.26,18:00,18:15,Erhardt,56,27,83
2025.05.26,18:15,18:30,Erhardt,48,27,75
2025.05.26,18:30,18:45,Erhardt,45,34,79
2025.05.26,18:45,19:00,Erhardt,54,26,80
2025.05.26,19:00,19:15,Erhardt,55,22,77
2025.05.26,19:15,19:30,Erhardt,33,31,64
2025.05.26,19:30,19:45,Erhardt,34,20,54
2025.05.26,19:45,20:00,Erhardt,27,15,42
2025.05.26,20:00,20:15,Erhardt,32,15,47
2025.05.26,20:15,20:30,Erhardt,22,12,34
2025.05.26,20:30,20:45,Erhardt,25,14,39
2025.05.26,20:45,21:00,Erhardt,19,13,32
2025.05.26,21:00,21:15,Erhardt,17,14,31
2025.05.26,21:15,21:30,Erhardt,15,17,32
2025.05.26,21:30,21:45,Erhardt,17,11,28
2025.05.26,21:45,22:00,Erhardt,10,18,28
2025.05.26,22:00,22:15,Erhardt,14,10,24
2025.05.26,22:15,22:30,Erhardt,15,17,32
2025.05.26,22:30,22:45,Erhardt,6,13,19
2025.05.26,22:45,23:00,Erhardt,4,6,10
2025.05.26,23:00,23:15,Erhardt,6,8,14
2025.05.26,23:15,23:30,Erhardt,10,6,16
2025.05.26,23:30,23:45,Erhardt,2,5,7
2025.05.26,23:45,00:00,Erhardt,3,2,5
2025.05.27,00:00,00:15,Erhardt,5,3,8
2025.05.27,00:15,00:30,Erhardt,1,1,2
2025.05.27,00:30,00:45,Erhardt,1,2,3
2025.05.27,00:45,01:00,Erhardt,0,0,0
2025.05.27,01:00,01:15,Erhardt,2,0,2
2025.05.27,01:15,01:30,Erhardt,1,3,4
2025.05.27,01:30,01:45,Erhardt,2,0,2
2025.05.27,01:45,02:00,Erhardt,0,0,0
2025.05.27,02:00,02:15,Erhardt,0,1,1
2025.05.27,02:15,02:30,Erhardt,1,0,1
2025.05.27,02:30,02:45,Erhardt,0,0,0
2025.05.27,02:45,03:00,Erhardt,0,0,0
2025.05.27,03:00,03:15,Erhardt,1,0,1
2025.05.27,03:15,03:30,Erhardt,0,0,0
2025.05.27,03:30,03:45,Erhardt,0,0,0
2025.05.27,03:45,04:00,Erhardt,0,1,1
2025.05.27,04:00,04:15,Erhardt,0,0,0
2025.05.27,04:15,04:30,Erhardt,0,1,1
2025.05.27,04:30,04:45,Erhardt,0,0,0
2025.05.27,04:45,05:00,Erhardt,2,0,2
2025.05.27,05:00,05:15,Erhardt,0,0,0
2025.05.27,05:15,05:30,Erhardt,1,2,3
2025.05.27,05:30,05:45,Erhardt,6,3,9
2025.05.27,05:45,06:00,Erhardt,5,6,11
2025.05.27,06:00,06:15,Erhardt,9,5,14
2025.05.27,06:15,06:30,Erhardt,13,6,19
2025.05.27,06:30,06:45,Erhardt,15,12,27
2025.05.27,06:45,07:00,Erhardt,27,28,55
2025.05.27,07:00,07:15,Erhardt,24,29,53
2025.05.27,07:15,07:30,Erhardt,43,38,81
2025.05.27,07:30,07:45,Erhardt,48,46,94
2025.05.27,07:45,08:00,Erhardt,88,62,150
2025.05.27,08:00,08:15,Erhardt,74,54,128
2025.05.27,08:15,08:30,Erhardt,98,63,161
2025.05.27,08:30,08:45,Erhardt,100,79,179
2025.05.27,08:45,09:00,Erhardt,64,66,130
2025.05.27,09:00,09:15,Erhardt,68,44,112
2025.05.27,09:15,09:30,Erhardt,38,42,80
2025.05.27,09:30,09:45,Erhardt,44,28,72
2025.05.27,09:45,10:00,Erhardt,46,33,79
2025.05.27,10:00,10:15,Erhardt,30,28,58
2025.05.27,10:15,10:30,Erhardt,23,21,44
2025.05.27,10:30,10:45,Erhardt,31,18,49
2025.05.27,10:45,11:00,Erhardt,23,27,50
2025.05.27,11:00,11:15,Erhardt,21,15,36
2025.05.27,11:15,11:30,Erhardt,15,15,30
2025.05.27,11:30,11:45,Erhardt,27,33,60
2025.05.27,11:45,12:00,Erhardt,32,28,60
2025.05.27,12:00,12:15,Erhardt,22,19,41
2025.05.27,12:15,12:30,Erhardt,28,28,56
2025.05.27,12:30,12:45,Erhardt,25,26,51
2025.05.27,12:45,13:00,Erhardt,33,23,56
2025.05.27,13:00,13:15,Erhardt,37,18,55
2025.05.27,13:15,13:30,Erhardt,36,30,66
2025.05.27,13:30,13:45,Erhardt,41,20,61
2025.05.27,13:45,14:00,Erhardt,22,33,55
2025.05.27,14:00,14:15,Erhardt,38,26,64
2025.05.27,14:15,14:30,Erhardt,35,28,63
2025.05.27,14:30,14:45,Erhardt,40,26,66
2025.05.27,14:45,15:00,Erhardt,44,38,82
2025.05.27,15:00,15:15,Erhardt,39,23,62
2025.05.27,15:15,15:30,Erhardt,39,32,71
2025.05.27,15:30,15:45,Erhardt,45,21,66
2025.05.27,15:45,16:00,Erhardt,51,26,77
2025.05.27,16:00,16:15,Erhardt,45,24,69
2025.05.27,16:15,16:30,Erhardt,59,44,103
2025.05.27,16:30,16:45,Erhardt,65,29,94
2025.05.27,16:45,17:00,Erhardt,58,40,98
2025.05.27,17:00,17:15,Erhardt,63,38,101
2025.05.27,17:15,17:30,Erhardt,84,39,123
2025.05.27,17:30,17:45,Erhardt,104,45,149
2025.05.27,17:45,18:00,Erhardt,95,44,139
2025.05.27,18:00,18:15,Erhardt,83,60,143
2025.05.27,18:15,18:30,Erhardt,96,59,155
2025.05.27,18:30,18:45,Erhardt,76,63,139
2025.05.27,18:45,19:00,Erhardt,76,50,126
2025.05.27,19:00,19:15,Erhardt,68,37,105
2025.05.27,19:15,19:30,Erhardt,57,37,94
2025.05.27,19:30,19:45,Erhardt,55,28,83
2025.05.27,19:45,20:00,Erhardt,39,38,77
2025.05.27,20:00,20:15,Erhardt,42,27,69
2025.05.27,20:15,20:30,Erhardt,29,24,53
2025.05.27,20:30,20:45,Erhardt,22,35,57
2025.05.27,20:45,21:00,Erhardt,22,16,38
2025.05.27,21:00,21:15,Erhardt,22,22,44
2025.05.27,21:15,21:30,Erhardt,37,25,62
2025.05.27,21:30,21:45,Erhardt,17,18,35
2025.05.27,21:45,22:00,Erhardt,25,11,36
2025.05.27,22:00,22:15,Erhardt,21,27,48
2025.05.27,22:15,22:30,Erhardt,14,29,43
2025.05.27,22:30,22:45,Erhardt,16,22,38
2025.05.27,22:45,23:00,Erhardt,31,14,45
2025.05.27,23:00,23:15,Erhardt,16,11,27
2025.05.27,23:15,23:30,Erhardt,9,9,18
2025.05.27,23:30,23:45,Erhardt,5,9,14
2025.05.27,23:45,00:00,Erhardt,6,7,13
2025.05.28,00:00,00:15,Erhardt,4,10,14
2025.05.28,00:15,00:30,Erhardt,2,2,4
2025.05.28,00:30,00:45,Erhardt,1,2,3
2025.05.28,00:45,01:00,Erhardt,0,3,3
2025.05.28,01:00,01:15,Erhardt,2,2,4
2025.05.28,01:15,01:30,Erhardt,2,0,2
2025.05.28,01:30,01:45,Erhardt,1,0,1
2025.05.28,01:45,02:00,Erhardt,1,0,1
2025.05.28,02:00,02:15,Erhardt,0,0,0
2025.05.28,02:15,02:30,Erhardt,0,0,0
2025.05.28,02:30,02:45,Erhardt,1,0,1
2025.05.28,02:45,03:00,Erhardt,1,0,1
2025.05.28,03:00,03:15,Erhardt,0,1,1
2025.05.28,03:15,03:30,Erhardt,0,0,0
2025.05.28,03:30,03:45,Erhardt,0,0,0
2025.05.28,03:45,04:00,Erhardt,0,0,0
2025.05.28,04:00,04:15,Erhardt,0,0,0
2025.05.28,04:15,04:30,Erhardt,0,0,0
2025.05.28,04:30,04:45,Erhardt,0,1,1
2025.05.28,04:45,05:00,Erhardt,1,0,1
2025.05.28,05:00,05:15,Erhardt,0,0,0
2025.05.28,05:15,05:30,Erhardt,2,3,5
2025.05.28,05:30,05:45,Erhardt,3,3,6
2025.05.28,05:45,06:00,Erhardt,1,4,5
2025.05.28,06:00,06:15,Erhardt,6,5,11
2025.05.28,06:15,06:30,Erhardt,10,5,15
2025.05.28,06:30,06:45,Erhardt,13,7,20
2025.05.28,06:45,07:00,Erhardt,17,14,31
2025.05.28,07:00,07:15,Erhardt,24,19,43
2025.05.28,07:15,07:30,Erhardt,31,18,49
2025.05.28,07:30,07:45,Erhardt,43,27,70
2025.05.28,07:45,08:00,Erhardt,44,32,76
2025.05.28,08:00,08:15,Erhardt,45,26,71
2025.05.28,08:15,08:30,Erhardt,57,41,98
2025.05.28,08:30,08:45,Erhardt,54,31,85
2025.05.28,08:45,09:00,Erhardt,66,50,116
2025.05.28,09:00,09:15,Erhardt,35,23,58
2025.05.28,09:15,09:30,Erhardt,39,27,66
2025.05.28,09:30,09:45,Erhardt,34,25,59
2025.05.28,09:45,10:00,Erhardt,28,29,57
2025.05.28,10:00,10:15,Erhardt,23,23,46
2025.05.28,10:15,10:30,Erhardt,17,13,30
2025.05.28,10:30,10:45,Erhardt,15,14,29
2025.05.28,10:45,11:00,Erhardt,18,23,41
2025.05.28,11:00,11:15,Erhardt,14,16,30
2025.05.28,11:15,11:30,Erhardt,19,19,38
2025.05.28,11:30,11:45,Erhardt,17,13,30
2025.05.28,11:45,12:00,Erhardt,16,15,31
2025.05.28,12:00,12:15,Erhardt,20,11,31
2025.05.28,12:15,12:30,Erhardt,26,23,49
2025.05.28,12:30,12:45,Erhardt,24,24,48
2025.05.28,12:45,13:00,Erhardt,10,10,20
2025.05.28,13:00,13:15,Erhardt,17,14,31
2025.05.28,13:15,13:30,Erhardt,27,12,39
2025.05.28,13:30,13:45,Erhardt,26,9,35
2025.05.28,13:45,14:00,Erhardt,19,14,33
2025.05.28,14:00,14:15,Erhardt,18,17,35
2025.05.28,14:15,14:30,Erhardt,19,10,29
2025.05.28,14:30,14:45,Erhardt,18,21,39
2025.05.28,14:45,15:00,Erhardt,29,17,46
2025.05.28,15:00,15:15,Erhardt,19,17,36
2025.05.28,15:15,15:30,Erhardt,27,13,40
2025.05.28,15:30,15:45,Erhardt,26,15,41
2025.05.28,15:45,16:00,Erhardt,37,16,53
2025.05.28,16:00,16:15,Erhardt,31,17,48
2025.05.28,16:15,16:30,Erhardt,43,25,68
2025.05.28,16:30,16:45,Erhardt,38,22,60
2025.05.28,16:45,17:00,Erhardt,38,13,51
2025.05.28,17:00,17:15,Erhardt,40,15,55
2025.05.28,17:15,17:30,Erhardt,35,16,51
2025.05.28,17:30,17:45,Erhardt,52,20,72
2025.05.28,17:45,18:00,Erhardt,54,21,75
2025.05.28,18:00,18:15,Erhardt,56,30,86
2025.05.28,18:15,18:30,Erhardt,61,36,97
2025.05.28,18:30,18:45,Erhardt,45,23,68
2025.05.28,18:45,19:00,Erhardt,49,27,76
2025.05.28,19:00,19:15,Erhardt,35,20,55
2025.05.28,19:15,19:30,Erhardt,51,23,74
2025.05.28,19:30,19:45,Erhardt,30,18,48
2025.05.28,19:45,20:00,Erhardt,30,18,48
2025.05.28,20:00,20:15,Erhardt,21,24,45
2025.05.28,20:15,20:30,Erhardt,25,22,47
2025.05.28,20:30,20:45,Erhardt,23,16,39
2025.05.28,20:45,21:00,Erhardt,15,16,31
2025.05.28,21:00,21:15,Erhardt,20,13,33
2025.05.28,21:15,21:30,Erhardt,12,7,19
2025.05.28,21:30,21:45,Erhardt,12,6,18
2025.05.28,21:45,22:00,Erhardt,16,5,21
2025.05.28,22:00,22:15,Erhardt,10,16,26
2025.05.28,22:15,22:30,Erhardt,9,8,17
2025.05.28,22:30,22:45,Erhardt,6,12,18
2025.05.28,22:45,23:00,Erhardt,11,6,17
2025.05.28,23:00,23:15,Erhardt,10,3,13
2025.05.28,23:15,23:30,Erhardt,3,6,9
2025.05.28,23:30,23:45,Erhardt,7,7,14
2025.05.28,23:45,00:00,Erhardt,4,2,6
2025.05.29,00:00,00:15,Erhardt,7,13,20
2025.05.29,00:15,00:30,Erhardt,2,3,5
2025.05.29,00:30,00:45,Erhardt,7,0,7
2025.05.29,00:45,01:00,Erhardt,2,7,9
2025.05.29,01:00,01:15,Erhardt,0,3,3
2025.05.29,01:15,01:30,Erhardt,2,4,6
2025.05.29,01:30,01:45,Erhardt,0,5,5
2025.05.29,01:45,02:00,Erhardt,2,1,3
2025.05.29,02:00,02:15,Erhardt,1,4,5
2025.05.29,02:15,02:30,Erhardt,0,0,0
2025.05.29,02:30,02:45,Erhardt,2,0,2
2025.05.29,02:45,03:00,Erhardt,2,2,4
2025.05.29,03:00,03:15,Erhardt,0,1,1
2025.05.29,03:15,03:30,Erhardt,2,1,3
2025.05.29,03:30,03:45,Erhardt,0,0,0
2025.05.29,03:45,04:00,Erhardt,0,0,0
2025.05.29,04:00,04:15,Erhardt,0,0,0
2025.05.29,04:15,04:30,Erhardt,0,0,0
2025.05.29,04:30,04:45,Erhardt,0,2,2
2025.05.29,04:45,05:00,Erhardt,0,0,0
2025.05.29,05:00,05:15,Erhardt,1,0,1
2025.05.29,05:15,05:30,Erhardt,0,2,2
2025.05.29,05:30,05:45,Erhardt,3,1,4
2025.05.29,05:45,06:00,Erhardt,1,2,3
2025.05.29,06:00,06:15,Erhardt,4,1,5
2025.05.29,06:15,06:30,Erhardt,1,1,2
2025.05.29,06:30,06:45,Erhardt,3,2,5
2025.05.29,06:45,07:00,Erhardt,2,1,3
2025.05.29,07:00,07:15,Erhardt,1,2,3
2025.05.29,07:15,07:30,Erhardt,4,3,7
2025.05.29,07:30,07:45,Erhardt,2,3,5
2025.05.29,07:45,08:00,Erhardt,2,1,3
2025.05.29,08:00,08:15,Erhardt,3,1,4
2025.05.29,08:15,08:30,Erhardt,5,7,12
2025.05.29,08:30,08:45,Erhardt,9,8,17
2025.05.29,08:45,09:00,Erhardt,10,8,18
2025.05.29,09:00,09:15,Erhardt,22,7,29
2025.05.29,09:15,09:30,Erhardt,14,11,25
2025.05.29,09:30,09:45,Erhardt,18,9,27
2025.05.29,09:45,10:00,Erhardt,18,22,40
2025.05.29,10:00,10:15,Erhardt,21,17,38
2025.05.29,10:15,10:30,Erhardt,18,12,30
2025.05.29,10:30,10:45,Erhardt,13,24,37
2025.05.29,10:45,11:00,Erhardt,30,28,58
2025.05.29,11:00,11:15,Erhardt,14,21,35
2025.05.29,11:15,11:30,Erhardt,29,15,44
2025.05.29,11:30,11:45,Erhardt,25,28,53
2025.05.29,11:45,12:00,Erhardt,25,23,48
2025.05.29,12:00,12:15,Erhardt,26,26,52
2025.05.29,12:15,12:30,Erhardt,44,21,65
2025.05.29,12:30,12:45,Erhardt,19,13,32
2025.05.29,12:45,13:00,Erhardt,40,32,72
2025.05.29,13:00,13:15,Erhardt,23,26,49
2025.05.29,13:15,13:30,Erhardt,30,35,65
2025.05.29,13:30,13:45,Erhardt,33,34,67
2025.05.29,13:45,14:00,Erhardt,39,29,68
2025.05.29,14:00,14:15,Erhardt,32,31,63
2025.05.29,14:15,14:30,Erhardt,33,23,56
2025.05.29,14:30,14:45,Erhardt,42,25,67
2025.05.29,14:45,15:00,Erhardt,38,16,54
2025.05.29,15:00,15:15,Erhardt,23,33,56
2025.05.29,15:15,15:30,Erhardt,24,43,67
2025.05.29,15:30,15:45,Erhardt,28,29,57
2025.05.29,15:45,16:00,Erhardt,35,48,83
2025.05.29,16:00,16:15,Erhardt,31,33,64
2025.05.29,16:15,16:30,Erhardt,52,32,84
2025.05.29,16:30,16:45,Erhardt,49,38,87
2025.05.29,16:45,17:00,Erhardt,31,35,66
2025.05.29,17:00,17:15,Erhardt,40,28,68
2025.05.29,17:15,17:30,Erhardt,34,25,59
2025.05.29,17:30,17:45,Erhardt,38,28,66
2025.05.29,17:45,18:00,Erhardt,30,13,43
2025.05.29,18:00,18:15,Erhardt,21,25,46
2025.05.29,18:15,18:30,Erhardt,25,28,53
2025.05.29,18:30,18:45,Erhardt,33,27,60
2025.05.29,18:45,19:00,Erhardt,27,30,57
2025.05.29,19:00,19:15,Erhardt,25,27,52
2025.05.29,19:15,19:30,Erhardt,19,37,56
2025.05.29,19:30,19:45,Erhardt,21,21,42
2025.05.29,19:45,20:00,Erhardt,22,23,45
2025.05.29,20:00,20:15,Erhardt,11,20,31
2025.05.29,20:15,20:30,Erhardt,15,16,31
2025.05.29,20:30,20:45,Erhardt,7,19,26
2025.05.29,20:45,21:00,Erhardt,18,15,33
2025.05.29,21:00,21:15,Erhardt,10,13,23
2025.05.29,21:15,21:30,Erhardt,13,8,21
2025.05.29,21:30,21:45,Erhardt,5,14,19
2025.05.29,21:45,22:00,Erhardt,13,16,29
2025.05.29,22:00,22:15,Erhardt,11,15,26
2025.05.29,22:15,22:30,Erhardt,15,16,31
2025.05.29,22:30,22:45,Erhardt,15,17,32
2025.05.29,22:45,23:00,Erhardt,9,12,21
2025.05.29,23:00,23:15,Erhardt,6,7,13
2025.05.29,23:15,23:30,Erhardt,7,7,14
2025.05.29,23:30,23:45,Erhardt,9,9,18
2025.05.29,23:45,00:00,Erhardt,5,5,10
2025.05.30,00:00,00:15,Erhardt,1,4,5
2025.05.30,00:15,00:30,Erhardt,1,2,3
2025.05.30,00:30,00:45,Erhardt,4,4,8
2025.05.30,00:45,01:00,Erhardt,1,2,3
2025.05.30,01:00,01:15,Erhardt,1,2,3
2025.05.30,01:15,01:30,Erhardt,1,6,7
2025.05.30,01:30,01:45,Erhardt,1,0,1
2025.05.30,01:45,02:00,Erhardt,0,1,1
2025.05.30,02:00,02:15,Erhardt,2,1,3
2025.05.30,02:15,02:30,Erhardt,0,1,1
2025.05.30,02:30,02:45,Erhardt,0,6,6
2025.05.30,02:45,03:00,Erhardt,0,0,0
2025.05.30,03:00,03:15,Erhardt,1,0,1
2025.05.30,03:15,03:30,Erhardt,0,1,1
2025.05.30,03:30,03:45,Erhardt,0,0,0
2025.05.30,03:45,04:00,Erhardt,0,0,0
2025.05.30,04:00,04:15,Erhardt,0,0,0
2025.05.30,04:15,04:30,Erhardt,0,1,1
2025.05.30,04:30,04:45,Erhardt,0,0,0
2025.05.30,04:45,05:00,Erhardt,3,0,3
2025.05.30,05:00,05:15,Erhardt,2,0,2
2025.05.30,05:15,05:30,Erhardt,1,0,1
2025.05.30,05:30,05:45,Erhardt,6,3,9
2025.05.30,05:45,06:00,Erhardt,2,6,8
2025.05.30,06:00,06:15,Erhardt,11,8,19
2025.05.30,06:15,06:30,Erhardt,13,6,19
2025.05.30,06:30,06:45,Erhardt,13,10,23
2025.05.30,06:45,07:00,Erhardt,9,16,25
2025.05.30,07:00,07:15,Erhardt,20,15,35
2025.05.30,07:15,07:30,Erhardt,27,16,43
2025.05.30,07:30,07:45,Erhardt,31,24,55
2025.05.30,07:45,08:00,Erhardt,45,29,74
2025.05.30,08:00,08:15,Erhardt,42,26,68
2025.05.30,08:15,08:30,Erhardt,55,26,81
2025.05.30,08:30,08:45,Erhardt,55,48,103
2025.05.30,08:45,09:00,Erhardt,55,28,83
2025.05.30,09:00,09:15,Erhardt,35,24,59
2025.05.30,09:15,09:30,Erhardt,36,36,72
2025.05.30,09:30,09:45,Erhardt,46,41,87
2025.05.30,09:45,10:00,Erhardt,49,38,87
2025.05.30,10:00,10:15,Erhardt,44,25,69
2025.05.30,10:15,10:30,Erhardt,30,32,62
2025.05.30,10:30,10:45,Erhardt,34,26,60
2025.05.30,10:45,11:00,Erhardt,43,32,75
2025.05.30,11:00,11:15,Erhardt,32,41,73
2025.05.30,11:15,11:30,Erhardt,49,30,79
2025.05.30,11:30,11:45,Erhardt,45,27,72
2025.05.30,11:45,12:00,Erhardt,48,40,88
2025.05.30,12:00,12:15,Erhardt,38,32,70
2025.05.30,12:15,12:30,Erhardt,54,38,92
2025.05.30,12:30,12:45,Erhardt,46,48,94
2025.05.30,12:45,13:00,Erhardt,66,39,105
2025.05.30,13:00,13:15,Erhardt,44,55,99
2025.05.30,13:15,13:30,Erhardt,49,39,88
2025.05.30,13:30,13:45,Erhardt,76,39,115
2025.05.30,13:45,14:00,Erhardt,49,63,112
2025.05.30,14:00,14:15,Erhardt,60,44,104
2025.05.30,14:15,14:30,Erhardt,37,41,78
2025.05.30,14:30,14:45,Erhardt,58,46,104
2025.05.30,14:45,15:00,Erhardt,58,47,105
2025.05.30,15:00,15:15,Erhardt,69,40,109
2025.05.30,15:15,15:30,Erhardt,69,50,119
2025.05.30,15:30,15:45,Erhardt,83,43,126
2025.05.30,15:45,16:00,Erhardt,92,62,154
2025.05.30,16:00,16:15,Erhardt,68,67,135
2025.05.30,16:15,16:30,Erhardt,65,52,117
2025.05.30,16:30,16:45,Erhardt,68,71,139
2025.05.30,16:45,17:00,Erhardt,80,62,142
2025.05.30,17:00,17:15,Erhardt,86,54,140
2025.05.30,17:15,17:30,Erhardt,74,83,157
2025.05.30,17:30,17:45,Erhardt,87,58,145
2025.05.30,17:45,18:00,Erhardt,100,71,171
2025.05.30,18:00,18:15,Erhardt,78,70,148
2025.05.30,18:15,18:30,Erhardt,90,65,155
2025.05.30,18:30,18:45,Erhardt,81,57,138
2025.05.30,18:45,19:00,Erhardt,72,65,137
2025.05.30,19:00,19:15,Erhardt,61,56,117
2025.05.30,19:15,19:30,Erhardt,69,50,119
2025.05.30,19:30,19:45,Erhardt,58,47,105
2025.05.30,19:45,20:00,Erhardt,53,55,108
2025.05.30,20:00,20:15,Erhardt,72,39,111
2025.05.30,20:15,20:30,Erhardt,41,41,82
2025.05.30,20:30,20:45,Erhardt,39,25,64
2025.05.30,20:45,21:00,Erhardt,44,24,68
2025.05.30,21:00,21:15,Erhardt,40,39,79
2025.05.30,21:15,21:30,Erhardt,36,31,67
2025.05.30,21:30,21:45,Erhardt,31,26,57
2025.05.30,21:45,22:00,Erhardt,35,60,95
2025.05.30,22:00,22:15,Erhardt,25,20,45
2025.05.30,22:15,22:30,Erhardt,34,38,72
2025.05.30,22:30,22:45,Erhardt,33,30,63
2025.05.30,22:45,23:00,Erhardt,21,44,65
2025.05.30,23:00,23:15,Erhardt,20,25,45
2025.05.30,23:15,23:30,Erhardt,34,29,63
2025.05.30,23:30,23:45,Erhardt,19,16,35
2025.05.30,23:45,00:00,Erhardt,14,16,30
2025.05.31,00:00,00:15,Erhardt,18,15,33
2025.05.31,00:15,00:30,Erhardt,10,11,21
2025.05.31,00:30,00:45,Erhardt,16,8,24
2025.05.31,00:45,01:00,Erhardt,6,10,16
2025.05.31,01:00,01:15,Erhardt,8,14,22
2025.05.31,01:15,01:30,Erhardt,10,8,18
2025.05.31,01:30,01:45,Erhardt,3,4,7
2025.05.31,01:45,02:00,Erhardt,5,7,12
2025.05.31,02:00,02:15,Erhardt,3,4,7
2025.05.31,02:15,02:30,Erhardt,9,9,18
2025.05.31,02:30,02:45,Erhardt,5,2,7
2025.05.31,02:45,03:00,Erhardt,7,2,9
2025.05.31,03:00,03:15,Erhardt,2,2,4
2025.05.31,03:15,03:30,Erhardt,1,3,4
2025.05.31,03:30,03:45,Erhardt,3,1,4
2025.05.31,03:45,04:00,Erhardt,1,0,1
2025.05.31,04:00,04:15,Erhardt,0,2,2
2025.05.31,04:15,04:30,Erhardt,0,4,4
2025.05.31,04:30,04:45,Erhardt,0,0,0
2025.05.31,04:45,05:00,Erhardt,1,0,1
2025.05.31,05:00,05:15,Erhardt,0,2,2
2025.05.31,05:15,05:30,Erhardt,0,6,6
2025.05.31,05:30,05:45,Erhardt,0,2,2
2025.05.31,05:45,06:00,Erhardt,4,2,6
2025.05.31,06:00,06:15,Erhardt,0,2,2
2025.05.31,06:15,06:30,Erhardt,1,0,1
2025.05.31,06:30,06:45,Erhardt,2,6,8
2025.05.31,06:45,07:00,Erhardt,2,1,3
2025.05.31,07:00,07:15,Erhardt,3,7,10
2025.05.31,07:15,07:30,Erhardt,8,5,13
2025.05.31,07:30,07:45,Erhardt,9,10,19
2025.05.31,07:45,08:00,Erhardt,13,5,18
2025.05.31,08:00,08:15,Erhardt,6,8,14
2025.05.31,08:15,08:30,Erhardt,16,3,19
2025.05.31,08:30,08:45,Erhardt,29,19,48
2025.05.31,08:45,09:00,Erhardt,23,27,50
2025.05.31,09:00,09:15,Erhardt,31,34,65
2025.05.31,09:15,09:30,Erhardt,27,23,50
2025.05.31,09:30,09:45,Erhardt,36,26,62
2025.05.31,09:45,10:00,Erhardt,52,30,82
2025.05.31,10:00,10:15,Erhardt,32,28,60
2025.05.31,10:15,10:30,Erhardt,59,25,84
2025.05.31,10:30,10:45,Erhardt,51,39,90
2025.05.31,10:45,11:00,Erhardt,72,47,119
2025.05.31,11:00,11:15,Erhardt,37,61,98
2025.05.31,11:15,11:30,Erhardt,53,61,114
2025.05.31,11:30,11:45,Erhardt,75,43,118
2025.05.31,11:45,12:00,Erhardt,69,57,126
2025.05.31,12:00,12:15,Erhardt,51,45,96
2025.05.31,12:15,12:30,Erhardt,63,46,109
2025.05.31,12:30,12:45,Erhardt,67,52,119
2025.05.31,12:45,13:00,Erhardt,59,43,102
2025.05.31,13:00,13:15,Erhardt,68,57,125
2025.05.31,13:15,13:30,Erhardt,70,58,128
2025.05.31,13:30,13:45,Erhardt,75,71,146
2025.05.31,13:45,14:00,Erhardt,51,58,109
2025.05.31,14:00,14:15,Erhardt,58,74,132
2025.05.31,14:15,14:30,Erhardt,66,88,154
2025.05.31,14:30,14:45,Erhardt,96,60,156
2025.05.31,14:45,15:00,Erhardt,78,61,139
2025.05.31,15:00,15:15,Erhardt,88,47,135
2025.05.31,15:15,15:30,Erhardt,85,65,150
2025.05.31,15:30,15:45,Erhardt,82,75,157
2025.05.31,15:45,16:00,Erhardt,64,67,131
2025.05.31,16:00,16:15,Erhardt,72,61,133
2025.05.31,16:15,16:30,Erhardt,70,51,121
2025.05.31,16:30,16:45,Erhardt,98,53,151
2025.05.31,16:45,17:00,Erhardt,61,72,133
2025.05.31,17:00,17:15,Erhardt,73,51,124
2025.05.31,17:15,17:30,Erhardt,58,75,133
2025.05.31,17:30,17:45,Erhardt,72,65,137
2025.05.31,17:45,18:00,Erhardt,91,64,155
2025.05.31,18:00,18:15,Erhardt,72,70,142
2025.05.31,18:15,18:30,Erhardt,75,68,143
2025.05.31,18:30,18:45,Erhardt,53,61,114
2025.05.31,18:45,19:00,Erhardt,67,70,137
2025.05.31,19:00,19:15,Erhardt,65,65,130
2025.05.31,19:15,19:30,Erhardt,59,66,125
2025.05.31,19:30,19:45,Erhardt,54,62,116
2025.05.31,19:45,20:00,Erhardt,49,52,101
2025.05.31,20:00,20:15,Erhardt,43,35,78
2025.05.31,20:15,20:30,Erhardt,58,41,99
2025.05.31,20:30,20:45,Erhardt,30,43,73
2025.05.31,20:45,21:00,Erhardt,22,35,57
2025.05.31,21:00,21:15,Erhardt,41,20,61
2025.05.31,21:15,21:30,Erhardt,30,23,53
2025.05.31,21:30,21:45,Erhardt,34,23,57
2025.05.31,21:45,22:00,Erhardt,14,13,27
2025.05.31,22:00,22:15,Erhardt,19,19,38
2025.05.31,22:15,22:30,Erhardt,20,17,37
2025.05.31,22:30,22:45,Erhardt,29,21,50
2025.05.31,22:45,23:00,Erhardt,31,20,51
2025.05.31,23:00,23:15,Erhardt,51,29,80
2025.05.31,23:15,23:30,Erhardt,41,28,69
2025.05.31,23:30,23:45,Erhardt,28,22,50
2025.05.31,23:45,00:00,Erhardt,22,18,40
