datum,uhrzeit_start,uhrzeit_ende,zaehlstelle,richtung_1,richtung_2,gesamt
2025.11.01,00:00,00:15,Arnulf,4,1,5
2025.11.01,00:15,00:30,Arnulf,3,2,5
2025.11.01,00:30,00:45,Arnulf,1,1,2
2025.11.01,00:45,01:00,Arnulf,4,1,5
2025.11.01,01:00,01:15,Arnulf,1,1,2
2025.11.01,01:15,01:30,Arnulf,3,1,4
2025.11.01,01:30,01:45,Arnulf,3,1,4
2025.11.01,01:45,02:00,Arnulf,2,0,2
2025.11.01,02:00,02:15,Arnulf,4,0,4
2025.11.01,02:15,02:30,Arnulf,3,0,3
2025.11.01,02:30,02:45,Arnulf,6,1,7
2025.11.01,02:45,03:00,Arnulf,3,0,3
2025.11.01,03:00,03:15,Arnulf,8,2,10
2025.11.01,03:15,03:30,Arnulf,1,0,1
2025.11.01,03:30,03:45,Arnulf,3,2,5
2025.11.01,03:45,04:00,Arnulf,3,1,4
2025.11.01,04:00,04:15,Arnulf,3,0,3
2025.11.01,04:15,04:30,Arnulf,4,1,5
2025.11.01,04:30,04:45,Arnulf,2,0,2
2025.11.01,04:45,05:00,Arnulf,4,1,5
2025.11.01,05:00,05:15,Arnulf,4,0,4
2025.11.01,05:15,05:30,Arnulf,1,1,2
2025.11.01,05:30,05:45,Arnulf,3,1,4
2025.11.01,05:45,06:00,Arnulf,0,0,0
2025.11.01,06:00,06:15,Arnulf,3,1,4
2025.11.01,06:15,06:30,Arnulf,2,0,2
2025.11.01,06:30,06:45,Arnulf,1,1,2
2025.11.01,06:45,07:00,Arnulf,3,0,3
2025.11.01,07:00,07:15,Arnulf,1,0,1
2025.11.01,07:15,07:30,Arnulf,4,0,4
2025.11.01,07:30,07:45,Arnulf,4,0,4
2025.11.01,07:45,08:00,Arnulf,3,0,3
2025.11.01,08:00,08:15,Arnulf,5,0,5
2025.11.01,08:15,08:30,Arnulf,7,0,7
2025.11.01,08:30,08:45,Arnulf,3,0,3
2025.11.01,08:45,09:00,Arnulf,7,2,9
2025.11.01,09:00,09:15,Arnulf,13,1,14
2025.11.01,09:15,09:30,Arnulf,8,0,8
2025.11.01,09:30,09:45,Arnulf,8,1,9
2025.11.01,09:45,10:00,Arnulf,16,1,17
2025.11.01,10:00,10:15,Arnulf,5,1,6
2025.11.01,10:15,10:30,Arnulf,18,1,19
2025.11.01,10:30,10:45,Arnulf,14,0,14
2025.11.01,10:45,11:00,Arnulf,27,0,27
2025.11.01,11:00,11:15,Arnulf,18,1,19
2025.11.01,11:15,11:30,Arnulf,20,1,21
2025.11.01,11:30,11:45,Arnulf,7,1,8
2025.11.01,11:45,12:00,Arnulf,10,2,12
2025.11.01,12:00,12:15,Arnulf,14,1,15
2025.11.01,12:15,12:30,Arnulf,20,1,21
2025.11.01,12:30,12:45,Arnulf,16,3,19
2025.11.01,12:45,13:00,Arnulf,14,0,14
2025.11.01,13:00,13:15,Arnulf,17,0,17
2025.11.01,13:15,13:30,Arnulf,24,2,26
2025.11.01,13:30,13:45,Arnulf,11,0,11
2025.11.01,13:45,14:00,Arnulf,17,0,17
2025.11.01,14:00,14:15,Arnulf,15,2,17
2025.11.01,14:15,14:30,Arnulf,21,0,21
2025.11.01,14:30,14:45,Arnulf,17,0,17
2025.11.01,14:45,15:00,Arnulf,17,0,17
2025.11.01,15:00,15:15,Arnulf,20,2,22
2025.11.01,15:15,15:30,Arnulf,26,1,27
2025.11.01,15:30,15:45,Arnulf,18,0,18
2025.11.01,15:45,16:00,Arnulf,22,2,24
2025.11.01,16:00,16:15,Arnulf,7,2,9
2025.11.01,16:15,16:30,Arnulf,11,0,11
2025.11.01,16:30,16:45,Arnulf,14,1,15
2025.11.01,16:45,17:00,Arnulf,11,1,12
2025.11.01,17:00,17:15,Arnulf,16,1,17
2025.11.01,17:15,17:30,Arnulf,11,0,11
2025.11.01,17:30,17:45,Arnulf,7,0,7
2025.11.01,17:45,18:00,Arnulf,15,0,15
2025.11.01,18:00,18:15,Arnulf,11,1,12
2025.11.01,18:15,18:30,Arnulf,11,0,11
2025.11.01,18:30,18:45,Arnulf,6,3,9
2025.11.01,18:45,19:00,Arnulf,9,2,11
2025.11.01,19:00,19:15,Arnulf,14,0,14
2025.11.01,19:15,19:30,Arnulf,11,3,14
2025.11.01,19:30,19:45,Arnulf,4,0,4
2025.11.01,19:45,20:00,Arnulf,10,1,11
2025.11.01,20:00,20:15,Arnulf,6,0,6
2025.11.01,20:15,20:30,Arnulf,8,1,9
2025.11.01,20:30,20:45,Arnulf,8,1,9
2025.11.01,20:45,21:00,Arnulf,6,1,7
2025.11.01,21:00,21:15,Arnulf,6,2,8
2025.11.01,21:15,21:30,Arnulf,8,2,10
2025.11.01,21:30,21:45,Arnulf,7,1,8
2025.11.01,21:45,22:00,Arnulf,6,0,6
2025.11.01,22:00,22:15,Arnulf,6,0,6
2025.11.01,22:15,22:30,Arnulf,5,0,5
2025.11.01,22:30,22:45,Arnulf,4,0,4
2025.11.01,22:45,23:00,Arnulf,16,1,17
2025.11.01,23:00,23:15,Arnulf,4,0,4
2025.11.01,23:15,23:30,Arnulf,1,1,2
2025.11.01,23:30,23:45,Arnulf,6,0,6
2025.11.01,23:45,00:00,Arnulf,2,0,2
2025.11.02,00:00,00:15,Arnulf,2,0,2
2025.11.02,00:15,00:30,Arnulf,3,0,3
2025.11.02,00:30,00:45,Arnulf,2,0,2
2025.11.02,00:45,01:00,Arnulf,2,0,2
2025.11.02,01:00,01:15,Arnulf,0,0,0
2025.11.02,01:15,01:30,Arnulf,1,1,2
2025.11.02,01:30,01:45,Arnulf,3,1,4
2025.11.02,01:45,02:00,Arnulf,2,1,3
2025.11.02,02:00,02:15,Arnulf,3,0,3
2025.11.02,02:15,02:30,Arnulf,0,0,0
2025.11.02,02:30,02:45,Arnulf,1,1,2
2025.11.02,02:45,03:00,Arnulf,2,0,2
2025.11.02,03:00,03:15,Arnulf,1,0,1
2025.11.02,03:15,03:30,Arnulf,0,0,0
2025.11.02,03:30,03:45,Arnulf,1,0,1
2025.11.02,03:45,04:00,Arnulf,0,0,0
2025.11.02,04:00,04:15,Arnulf,1,0,1
2025.11.02,04:15,04:30,Arnulf,1,0,1
2025.11.02,04:30,04:45,Arnulf,2,0,2
2025.11.02,04:45,05:00,Arnulf,2,0,2
2025.11.02,05:00,05:15,Arnulf,1,0,1
2025.11.02,05:15,05:30,Arnulf,0,0,0
2025.11.02,05:30,05:45,Arnulf,1,0,1
2025.11.02,05:45,06:00,Arnulf,0,1,1
2025.11.02,06:00,06:15,Arnulf,1,0,1
2025.11.02,06:15,06:30,Arnulf,1,0,1
2025.11.02,06:30,06:45,Arnulf,2,0,2
2025.11.02,06:45,07:00,Arnulf,0,1,1
2025.11.02,07:00,07:15,Arnulf,0,1,1
2025.11.02,07:15,07:30,Arnulf,3,0,3
2025.11.02,07:30,07:45,Arnulf,1,0,1
2025.11.02,07:45,08:00,Arnulf,3,1,4
2025.11.02,08:00,08:15,Arnulf,1,0,1
2025.11.02,08:15,08:30,Arnulf,1,0,1
2025.11.02,08:30,08:45,Arnulf,0,0,0
2025.11.02,08:45,09:00,Arnulf,4,0,4
2025.11.02,09:00,09:15,Arnulf,0,0,0
2025.11.02,09:15,09:30,Arnulf,1,0,1
2025.11.02,09:30,09:45,Arnulf,5,1,6
2025.11.02,09:45,10:00,Arnulf,3,1,4
2025.11.02,10:00,10:15,Arnulf,3,0,3
2025.11.02,10:15,10:30,Arnulf,3,0,3
2025.11.02,10:30,10:45,Arnulf,1,1,2
2025.11.02,10:45,11:00,Arnulf,1,0,1
2025.11.02,11:00,11:15,Arnulf,1,0,1
2025.11.02,11:15,11:30,Arnulf,1,0,1
2025.11.02,11:30,11:45,Arnulf,5,0,5
2025.11.02,11:45,12:00,Arnulf,4,2,6
2025.11.02,12:00,12:15,Arnulf,3,1,4
2025.11.02,12:15,12:30,Arnulf,4,0,4
2025.11.02,12:30,12:45,Arnulf,4,0,4
2025.11.02,12:45,13:00,Arnulf,1,0,1
2025.11.02,13:00,13:15,Arnulf,5,1,6
2025.11.02,13:15,13:30,Arnulf,2,0,2
2025.11.02,13:30,13:45,Arnulf,7,1,8
2025.11.02,13:45,14:00,Arnulf,4,1,5
2025.11.02,14:00,14:15,Arnulf,5,0,5
2025.11.02,14:15,14:30,Arnulf,6,0,6
2025.11.02,14:30,14:45,Arnulf,6,0,6
2025.11.02,14:45,15:00,Arnulf,6,0,6
2025.11.02,15:00,15:15,Arnulf,3,0,3
2025.11.02,15:15,15:30,Arnulf,3,0,3
2025.11.02,15:30,15:45,Arnulf,3,2,5
2025.11.02,15:45,16:00,Arnulf,4,0,4
2025.11.02,16:00,16:15,Arnulf,6,1,7
2025.11.02,16:15,16:30,Arnulf,5,0,5
2025.11.02,16:30,16:45,Arnulf,4,0,4
2025.11.02,16:45,17:00,Arnulf,3,1,4
2025.11.02,17:00,17:15,Arnulf,6,0,6
2025.11.02,17:15,17:30,Arnulf,3,0,3
2025.11.02,17:30,17:45,Arnulf,8,2,10
2025.11.02,17:45,18:00,Arnulf,6,0,6
2025.11.02,18:00,18:15,Arnulf,6,0,6
2025.11.02,18:15,18:30,Arnulf,6,0,6
2025.11.02,18:30,18:45,Arnulf,7,2,9
2025.11.02,18:45,19:00,Arnulf,5,0,5
2025.11.02,19:00,19:15,Arnulf,6,0,6
2025.11.02,19:15,19:30,Arnulf,5,0,5
2025.11.02,19:30,19:45,Arnulf,4,0,4
2025.11.02,19:45,20:00,Arnulf,3,0,3
2025.11.02,20:00,20:15,Arnulf,3,0,3
2025.11.02,20:15,20:30,Arnulf,4,0,4
2025.11.02,20:30,20:45,Arnulf,4,0,4
2025.11.02,20:45,21:00,Arnulf,9,0,9
2025.11.02,21:00,21:15,Arnulf,2,0,2
2025.11.02,21:15,21:30,Arnulf,8,0,8
2025.11.02,21:30,21:45,Arnulf,4,0,4
2025.11.02,21:45,22:00,Arnulf,1,0,1
2025.11.02,22:00,22:15,Arnulf,3,0,3
2025.11.02,22:15,22:30,Arnulf,4,0,4
2025.11.02,22:30,22:45,Arnulf,3,0,3
2025.11.02,22:45,23:00,Arnulf,2,0,2
2025.11.02,23:00,23:15,Arnulf,1,0,1
2025.11.02,23:15,23:30,Arnulf,0,1,1
2025.11.02,23:30,23:45,Arnulf,1,0,1
2025.11.02,23:45,00:00,Arnulf,0,0,0
2025.11.03,00:00,00:15,Arnulf,0,0,0
2025.11.03,00:15,00:30,Arnulf,0,1,1
2025.11.03,00:30,00:45,Arnulf,1,0,1
2025.11.03,00:45,01:00,Arnulf,0,0,0
2025.11.03,01:00,01:15,Arnulf,0,0,0
2025.11.03,01:15,01:30,Arnulf,1,0,1
2025.11.03,01:30,01:45,Arnulf,2,1,3
2025.11.03,01:45,02:00,Arnulf,2,0,2
2025.11.03,02:00,02:15,Arnulf,1,0,1
2025.11.03,02:15,02:30,Arnulf,0,0,0
2025.11.03,02:30,02:45,Arnulf,0,0,0
2025.11.03,02:45,03:00,Arnulf,0,1,1
2025.11.03,03:00,03:15,Arnulf,1,0,1
2025.11.03,03:15,03:30,Arnulf,1,0,1
2025.11.03,03:30,03:45,Arnulf,0,0,0
2025.11.03,03:45,04:00,Arnulf,0,0,0
2025.11.03,04:00,04:15,Arnulf,0,0,0
2025.11.03,04:15,04:30,Arnulf,2,0,2
2025.11.03,04:30,04:45,Arnulf,0,0,0
2025.11.03,04:45,05:00,Arnulf,0,0,0
2025.11.03,05:00,05:15,Arnulf,0,0,0
2025.11.03,05:15,05:30,Arnulf,3,0,3
2025.11.03,05:30,05:45,Arnulf,3,0,3
2025.11.03,05:45,06:00,Arnulf,3,0,3
2025.11.03,06:00,06:15,Arnulf,6,2,8
2025.11.03,06:15,06:30,Arnulf,4,0,4
2025.11.03,06:30,06:45,Arnulf,7,1,8
2025.11.03,06:45,07:00,Arnulf,8,3,11
2025.11.03,07:00,07:15,Arnulf,15,2,17
2025.11.03,07:15,07:30,Arnulf,14,1,15
2025.11.03,07:30,07:45,Arnulf,21,2,23
2025.11.03,07:45,08:00,Arnulf,39,1,40
2025.11.03,08:00,08:15,Arnulf,31,2,33
2025.11.03,08:15,08:30,Arnulf,38,0,38
2025.11.03,08:30,08:45,Arnulf,57,2,59
2025.11.03,08:45,09:00,Arnulf,32,3,35
2025.11.03,09:00,09:15,Arnulf,26,2,28
2025.11.03,09:15,09:30,Arnulf,18,1,19
2025.11.03,09:30,09:45,Arnulf,7,2,9
2025.11.03,09:45,10:00,Arnulf,22,1,23
2025.11.03,10:00,10:15,Arnulf,13,1,14
2025.11.03,10:15,10:30,Arnulf,14,0,14
2025.11.03,10:30,10:45,Arnulf,12,1,13
2025.11.03,10:45,11:00,Arnulf,10,1,11
2025.11.03,11:00,11:15,Arnulf,19,2,21
2025.11.03,11:15,11:30,Arnulf,10,1,11
2025.11.03,11:30,11:45,Arnulf,10,0,10
2025.11.03,11:45,12:00,Arnulf,15,0,15
2025.11.03,12:00,12:15,Arnulf,8,0,8
2025.11.03,12:15,12:30,Arnulf,15,1,16
2025.11.03,12:30,12:45,Arnulf,11,2,13
2025.11.03,12:45,13:00,Arnulf,11,1,12
2025.11.03,13:00,13:15,Arnulf,11,2,13
2025.11.03,13:15,13:30,Arnulf,9,1,10
2025.11.03,13:30,13:45,Arnulf,22,0,22
2025.11.03,13:45,14:00,Arnulf,10,1,11
2025.11.03,14:00,14:15,Arnulf,11,1,12
2025.11.03,14:15,14:30,Arnulf,14,3,17
2025.11.03,14:30,14:45,Arnulf,13,2,15
2025.11.03,14:45,15:00,Arnulf,5,2,7
2025.11.03,15:00,15:15,Arnulf,19,1,20
2025.11.03,15:15,15:30,Arnulf,14,1,15
2025.11.03,15:30,15:45,Arnulf,15,0,15
2025.11.03,15:45,16:00,Arnulf,13,2,15
2025.11.03,16:00,16:15,Arnulf,15,3,18
2025.11.03,16:15,16:30,Arnulf,11,2,13
2025.11.03,16:30,16:45,Arnulf,25,3,28
2025.11.03,16:45,17:00,Arnulf,22,1,23
2025.11.03,17:00,17:15,Arnulf,21,5,26
2025.11.03,17:15,17:30,Arnulf,25,3,28
2025.11.03,17:30,17:45,Arnulf,18,0,18
2025.11.03,17:45,18:00,Arnulf,22,4,26
2025.11.03,18:00,18:15,Arnulf,23,6,29
2025.11.03,18:15,18:30,Arnulf,26,8,34
2025.11.03,18:30,18:45,Arnulf,27,1,28
2025.11.03,18:45,19:00,Arnulf,19,3,22
2025.11.03,19:00,19:15,Arnulf,10,1,11
2025.11.03,19:15,19:30,Arnulf,18,0,18
2025.11.03,19:30,19:45,Arnulf,12,1,13
2025.11.03,19:45,20:00,Arnulf,13,0,13
2025.11.03,20:00,20:15,Arnulf,8,1,9
2025.11.03,20:15,20:30,Arnulf,4,2,6
2025.11.03,20:30,20:45,Arnulf,13,0,13
2025.11.03,20:45,21:00,Arnulf,9,1,10
2025.11.03,21:00,21:15,Arnulf,4,0,4
2025.11.03,21:15,21:30,Arnulf,5,1,6
2025.11.03,21:30,21:45,Arnulf,7,0,7
2025.11.03,21:45,22:00,Arnulf,8,0,8
2025.11.03,22:00,22:15,Arnulf,6,0,6
2025.11.03,22:15,22:30,Arnulf,6,0,6
2025.11.03,22:30,22:45,Arnulf,5,0,5
2025.11.03,22:45,23:00,Arnulf,5,0,5
2025.11.03,23:00,23:15,Arnulf,2,3,5
2025.11.03,23:15,23:30,Arnulf,0,0,0
2025.11.03,23:30,23:45,Arnulf,1,0,1
2025.11.03,23:45,00:00,Arnulf,1,1,2
2025.11.04,00:00,00:15,Arnulf,1,1,2
2025.11.04,00:15,00:30,Arnulf,0,1,1
2025.11.04,00:30,00:45,Arnulf,1,0,1
2025.11.04,00:45,01:00,Arnulf,0,0,0
2025.11.04,01:00,01:15,Arnulf,0,0,0
2025.11.04,01:15,01:30,Arnulf,0,0,0
2025.11.04,01:30,01:45,Arnulf,0,0,0
2025.11.04,01:45,02:00,Arnulf,0,0,0
2025.11.04,02:00,02:15,Arnulf,0,0,0
2025.11.04,02:15,02:30,Arnulf,1,0,1
2025.11.04,02:30,02:45,Arnulf,0,0,0
2025.11.04,02:45,03:00,Arnulf,1,0,1
2025.11.04,03:00,03:15,Arnulf,1,0,1
2025.11.04,03:15,03:30,Arnulf,1,1,2
2025.11.04,03:30,03:45,Arnulf,0,0,0
2025.11.04,03:45,04:00,Arnulf,0,0,0
2025.11.04,04:00,04:15,Arnulf,0,0,0
2025.11.04,04:15,04:30,Arnulf,0,0,0
2025.11.04,04:30,04:45,Arnulf,3,0,3
2025.11.04,04:45,05:00,Arnulf,0,0,0
2025.11.04,05:00,05:15,Arnulf,0,2,2
2025.11.04,05:15,05:30,Arnulf,4,0,4
2025.11.04,05:30,05:45,Arnulf,7,1,8
2025.11.04,05:45,06:00,Arnulf,4,0,4
2025.11.04,06:00,06:15,Arnulf,2,1,3
2025.11.04,06:15,06:30,Arnulf,4,1,5
2025.11.04,06:30,06:45,Arnulf,12,0,12
2025.11.04,06:45,07:00,Arnulf,11,1,12
2025.11.04,07:00,07:15,Arnulf,16,3,19
2025.11.04,07:15,07:30,Arnulf,21,0,21
2025.11.04,07:30,07:45,Arnulf,28,3,31
2025.11.04,07:45,08:00,Arnulf,32,3,35
2025.11.04,08:00,08:15,Arnulf,32,2,34
2025.11.04,08:15,08:30,Arnulf,31,1,32
2025.11.04,08:30,08:45,Arnulf,49,0,49
2025.11.04,08:45,09:00,Arnulf,41,0,41
2025.11.04,09:00,09:15,Arnulf,24,4,28
2025.11.04,09:15,09:30,Arnulf,19,0,19
2025.11.04,09:30,09:45,Arnulf,24,3,27
2025.11.04,09:45,10:00,Arnulf,28,1,29
2025.11.04,10:00,10:15,Arnulf,13,1,14
2025.11.04,10:15,10:30,Arnulf,16,2,18
2025.11.04,10:30,10:45,Arnulf,30,1,31
2025.11.04,10:45,11:00,Arnulf,18,1,19
2025.11.04,11:00,11:15,Arnulf,11,0,11
2025.11.04,11:15,11:30,Arnulf,10,0,10
2025.11.04,11:30,11:45,Arnulf,11,1,12
2025.11.04,11:45,12:00,Arnulf,12,1,13
2025.11.04,12:00,12:15,Arnulf,12,3,15
2025.11.04,12:15,12:30,Arnulf,17,0,17
2025.11.04,12:30,12:45,Arnulf,13,0,13
2025.11.04,12:45,13:00,Arnulf,11,1,12
2025.11.04,13:00,13:15,Arnulf,14,0,14
2025.11.04,13:15,13:30,Arnulf,15,2,17
2025.11.04,13:30,13:45,Arnulf,14,1,15
2025.11.04,13:45,14:00,Arnulf,14,2,16
2025.11.04,14:00,14:15,Arnulf,17,2,19
2025.11.04,14:15,14:30,Arnulf,8,2,10
2025.11.04,14:30,14:45,Arnulf,20,0,20
2025.11.04,14:45,15:00,Arnulf,12,1,13
2025.11.04,15:00,15:15,Arnulf,13,0,13
2025.11.04,15:15,15:30,Arnulf,12,3,15
2025.11.04,15:30,15:45,Arnulf,28,3,31
2025.11.04,15:45,16:00,Arnulf,17,2,19
2025.11.04,16:00,16:15,Arnulf,21,1,22
2025.11.04,16:15,16:30,Arnulf,31,2,33
2025.11.04,16:30,16:45,Arnulf,20,2,22
2025.11.04,16:45,17:00,Arnulf,23,4,27
2025.11.04,17:00,17:15,Arnulf,31,6,37
2025.11.04,17:15,17:30,Arnulf,27,1,28
2025.11.04,17:30,17:45,Arnulf,36,1,37
2025.11.04,17:45,18:00,Arnulf,25,3,28
2025.11.04,18:00,18:15,Arnulf,21,4,25
2025.11.04,18:15,18:30,Arnulf,33,0,33
2025.11.04,18:30,18:45,Arnulf,29,3,32
2025.11.04,18:45,19:00,Arnulf,24,4,28
2025.11.04,19:00,19:15,Arnulf,21,2,23
2025.11.04,19:15,19:30,Arnulf,21,1,22
2025.11.04,19:30,19:45,Arnulf,21,2,23
2025.11.04,19:45,20:00,Arnulf,14,2,16
2025.11.04,20:00,20:15,Arnulf,12,3,15
2025.11.04,20:15,20:30,Arnulf,8,0,8
2025.11.04,20:30,20:45,Arnulf,6,0,6
2025.11.04,20:45,21:00,Arnulf,3,0,3
2025.11.04,21:00,21:15,Arnulf,5,1,6
2025.11.04,21:15,21:30,Arnulf,9,0,9
2025.11.04,21:30,21:45,Arnulf,6,0,6
2025.11.04,21:45,22:00,Arnulf,5,4,9
2025.11.04,22:00,22:15,Arnulf,6,1,7
2025.11.04,22:15,22:30,Arnulf,8,3,11
2025.11.04,22:30,22:45,Arnulf,10,2,12
2025.11.04,22:45,23:00,Arnulf,4,0,4
2025.11.04,23:00,23:15,Arnulf,8,2,10
2025.11.04,23:15,23:30,Arnulf,6,0,6
2025.11.04,23:30,23:45,Arnulf,0,1,1
2025.11.04,23:45,00:00,Arnulf,7,1,8
2025.11.05,00:00,00:15,Arnulf,1,1,2
2025.11.05,00:15,00:30,Arnulf,0,0,0
2025.11.05,00:30,00:45,Arnulf,1,0,1
2025.11.05,00:45,01:00,Arnulf,1,0,1
2025.11.05,01:00,01:15,Arnulf,0,0,0
2025.11.05,01:15,01:30,Arnulf,0,0,0
2025.11.05,01:30,01:45,Arnulf,1,0,1
2025.11.05,01:45,02:00,Arnulf,1,0,1
2025.11.05,02:00,02:15,Arnulf,0,0,0
2025.11.05,02:15,02:30,Arnulf,0,0,0
2025.11.05,02:30,02:45,Arnulf,0,0,0
2025.11.05,02:45,03:00,Arnulf,0,0,0
2025.11.05,03:00,03:15,Arnulf,0,0,0
2025.11.05,03:15,03:30,Arnulf,1,0,1
2025.11.05,03:30,03:45,Arnulf,0,0,0
2025.11.05,03:45,04:00,Arnulf,1,0,1
2025.11.05,04:00,04:15,Arnulf,1,0,1
2025.11.05,04:15,04:30,Arnulf,0,0,0
2025.11.05,04:30,04:45,Arnulf,1,0,1
2025.11.05,04:45,05:00,Arnulf,2,1,3
2025.11.05,05:00,05:15,Arnulf,0,0,0
2025.11.05,05:15,05:30,Arnulf,3,0,3
2025.11.05,05:30,05:45,Arnulf,4,2,6
2025.11.05,05:45,06:00,Arnulf,9,0,9
2025.11.05,06:00,06:15,Arnulf,5,0,5
2025.11.05,06:15,06:30,Arnulf,6,0,6
2025.11.05,06:30,06:45,Arnulf,6,1,7
2025.11.05,06:45,07:00,Arnulf,19,1,20
2025.11.05,07:00,07:15,Arnulf,11,0,11
2025.11.05,07:15,07:30,Arnulf,25,0,25
2025.11.05,07:30,07:45,Arnulf,18,0,18
2025.11.05,07:45,08:00,Arnulf,34,0,34
2025.11.05,08:00,08:15,Arnulf,41,1,42
2025.11.05,08:15,08:30,Arnulf,47,1,48
2025.11.05,08:30,08:45,Arnulf,41,0,41
2025.11.05,08:45,09:00,Arnulf,52,1,53
2025.11.05,09:00,09:15,Arnulf,26,5,31
2025.11.05,09:15,09:30,Arnulf,33,1,34
2025.11.05,09:30,09:45,Arnulf,24,0,24
2025.11.05,09:45,10:00,Arnulf,22,0,22
2025.11.05,10:00,10:15,Arnulf,20,2,22
2025.11.05,10:15,10:30,Arnulf,15,1,16
2025.11.05,10:30,10:45,Arnulf,14,0,14
2025.11.05,10:45,11:00,Arnulf,19,1,20
2025.11.05,11:00,11:15,Arnulf,10,0,10
2025.11.05,11:15,11:30,Arnulf,16,0,16
2025.11.05,11:30,11:45,Arnulf,9,1,10
2025.11.05,11:45,12:00,Arnulf,15,0,15
2025.11.05,12:00,12:15,Arnulf,19,0,19
2025.11.05,12:15,12:30,Arnulf,17,0,17
2025.11.05,12:30,12:45,Arnulf,18,0,18
2025.11.05,12:45,13:00,Arnulf,18,0,18
2025.11.05,13:00,13:15,Arnulf,11,0,11
2025.11.05,13:15,13:30,Arnulf,17,3,20
2025.11.05,13:30,13:45,Arnulf,17,0,17
2025.11.05,13:45,14:00,Arnulf,13,1,14
2025.11.05,14:00,14:15,Arnulf,24,5,29
2025.11.05,14:15,14:30,Arnulf,13,1,14
2025.11.05,14:30,14:45,Arnulf,21,1,22
2025.11.05,14:45,15:00,Arnulf,13,1,14
2025.11.05,15:00,15:15,Arnulf,16,1,17
2025.11.05,15:15,15:30,Arnulf,22,2,24
2025.11.05,15:30,15:45,Arnulf,19,0,19
2025.11.05,15:45,16:00,Arnulf,24,1,25
2025.11.05,16:00,16:15,Arnulf,18,1,19
2025.11.05,16:15,16:30,Arnulf,25,3,28
2025.11.05,16:30,16:45,Arnulf,17,1,18
2025.11.05,16:45,17:00,Arnulf,23,3,26
2025.11.05,17:00,17:15,Arnulf,33,3,36
2025.11.05,17:15,17:30,Arnulf,27,2,29
2025.11.05,17:30,17:45,Arnulf,31,7,38
2025.11.05,17:45,18:00,Arnulf,29,5,34
2025.11.05,18:00,18:15,Arnulf,24,3,27
2025.11.05,18:15,18:30,Arnulf,25,4,29
2025.11.05,18:30,18:45,Arnulf,20,3,23
2025.11.05,18:45,19:00,Arnulf,23,4,27
2025.11.05,19:00,19:15,Arnulf,15,0,15
2025.11.05,19:15,19:30,Arnulf,20,3,23
2025.11.05,19:30,19:45,Arnulf,14,1,15
2025.11.05,19:45,20:00,Arnulf,12,2,14
2025.11.05,20:00,20:15,Arnulf,9,1,10
2025.11.05,20:15,20:30,Arnulf,11,1,12
2025.11.05,20:30,20:45,Arnulf,13,0,13
2025.11.05,20:45,21:00,Arnulf,11,1,12
2025.11.05,21:00,21:15,Arnulf,8,0,8
2025.11.05,21:15,21:30,Arnulf,11,2,13
2025.11.05,21:30,21:45,Arnulf,6,3,9
2025.11.05,21:45,22:00,Arnulf,11,0,11
2025.11.05,22:00,22:15,Arnulf,12,0,12
2025.11.05,22:15,22:30,Arnulf,8,2,10
2025.11.05,22:30,22:45,Arnulf,12,4,16
2025.11.05,22:45,23:00,Arnulf,14,1,15
2025.11.05,23:00,23:15,Arnulf,6,2,8
2025.11.05,23:15,23:30,Arnulf,8,1,9
2025.11.05,23:30,23:45,Arnulf,3,0,3
2025.11.05,23:45,00:00,Arnulf,3,0,3
2025.11.06,00:00,00:15,Arnulf,4,0,4
2025.11.06,00:15,00:30,Arnulf,0,0,0
2025.11.06,00:30,00:45,Arnulf,1,0,1
2025.11.06,00:45,01:00,Arnulf,0,1,1
2025.11.06,01:00,01:15,Arnulf,0,0,0
2025.11.06,01:15,01:30,Arnulf,0,0,0
2025.11.06,01:30,01:45,Arnulf,0,0,0
2025.11.06,01:45,02:00,Arnulf,0,0,0
2025.11.06,02:00,02:15,Arnulf,0,0,0
2025.11.06,02:15,02:30,Arnulf,0,0,0
2025.11.06,02:30,02:45,Arnulf,0,0,0
2025.11.06,02:45,03:00,Arnulf,1,0,1
2025.11.06,03:00,03:15,Arnulf,0,0,0
2025.11.06,03:15,03:30,Arnulf,1,1,2
2025.11.06,03:30,03:45,Arnulf,1,0,1
2025.11.06,03:45,04:00,Arnulf,0,0,0
2025.11.06,04:00,04:15,Arnulf,0,0,0
2025.11.06,04:15,04:30,Arnulf,1,0,1
2025.11.06,04:30,04:45,Arnulf,2,0,2
2025.11.06,04:45,05:00,Arnulf,1,1,2
2025.11.06,05:00,05:15,Arnulf,1,0,1
2025.11.06,05:15,05:30,Arnulf,3,0,3
2025.11.06,05:30,05:45,Arnulf,3,0,3
2025.11.06,05:45,06:00,Arnulf,6,1,7
2025.11.06,06:00,06:15,Arnulf,5,0,5
2025.11.06,06:15,06:30,Arnulf,3,1,4
2025.11.06,06:30,06:45,Arnulf,7,1,8
2025.11.06,06:45,07:00,Arnulf,18,2,20
2025.11.06,07:00,07:15,Arnulf,8,1,9
2025.11.06,07:15,07:30,Arnulf,12,1,13
2025.11.06,07:30,07:45,Arnulf,19,1,20
2025.11.06,07:45,08:00,Arnulf,30,0,30
2025.11.06,08:00,08:15,Arnulf,43,0,43
2025.11.06,08:15,08:30,Arnulf,32,1,33
2025.11.06,08:30,08:45,Arnulf,37,2,39
2025.11.06,08:45,09:00,Arnulf,36,2,38
2025.11.06,09:00,09:15,Arnulf,30,2,32
2025.11.06,09:15,09:30,Arnulf,27,0,27
2025.11.06,09:30,09:45,Arnulf,10,2,12
2025.11.06,09:45,10:00,Arnulf,23,0,23
2025.11.06,10:00,10:15,Arnulf,8,0,8
2025.11.06,10:15,10:30,Arnulf,6,0,6
2025.11.06,10:30,10:45,Arnulf,8,0,8
2025.11.06,10:45,11:00,Arnulf,0,0,0
2025.11.06,11:00,11:15,Arnulf,2,0,2
2025.11.06,11:15,11:30,Arnulf,0,0,0
2025.11.06,11:30,11:45,Arnulf,7,0,7
2025.11.06,11:45,12:00,Arnulf,9,0,9
2025.11.06,12:00,12:15,Arnulf,11,2,13
2025.11.06,12:15,12:30,Arnulf,16,0,16
2025.11.06,12:30,12:45,Arnulf,11,2,13
2025.11.06,12:45,13:00,Arnulf,23,0,23
2025.11.06,13:00,13:15,Arnulf,6,1,7
2025.11.06,13:15,13:30,Arnulf,9,2,11
2025.11.06,13:30,13:45,Arnulf,19,2,21
2025.11.06,13:45,14:00,Arnulf,20,0,20
2025.11.06,14:00,14:15,Arnulf,13,2,15
2025.11.06,14:15,14:30,Arnulf,11,0,11
2025.11.06,14:30,14:45,Arnulf,13,0,13
2025.11.06,14:45,15:00,Arnulf,18,2,20
2025.11.06,15:00,15:15,Arnulf,15,2,17
2025.11.06,15:15,15:30,Arnulf,16,3,19
2025.11.06,15:30,15:45,Arnulf,15,1,16
2025.11.06,15:45,16:00,Arnulf,14,3,17
2025.11.06,16:00,16:15,Arnulf,19,3,22
2025.11.06,16:15,16:30,Arnulf,20,4,24
2025.11.06,16:30,16:45,Arnulf,19,3,22
2025.11.06,16:45,17:00,Arnulf,21,2,23
2025.11.06,17:00,17:15,Arnulf,22,2,24
2025.11.06,17:15,17:30,Arnulf,27,2,29
2025.11.06,17:30,17:45,Arnulf,30,0,30
2025.11.06,17:45,18:00,Arnulf,25,1,26
2025.11.06,18:00,18:15,Arnulf,22,5,27
2025.11.06,18:15,18:30,Arnulf,28,1,29
2025.11.06,18:30,18:45,Arnulf,23,5,28
2025.11.06,18:45,19:00,Arnulf,15,4,19
2025.11.06,19:00,19:15,Arnulf,20,2,22
2025.11.06,19:15,19:30,Arnulf,15,1,16
2025.11.06,19:30,19:45,Arnulf,23,1,24
2025.11.06,19:45,20:00,Arnulf,14,0,14
2025.11.06,20:00,20:15,Arnulf,4,1,5
2025.11.06,20:15,20:30,Arnulf,4,1,5
2025.11.06,20:30,20:45,Arnulf,8,2,10
2025.11.06,20:45,21:00,Arnulf,7,2,9
2025.11.06,21:00,21:15,Arnulf,7,0,7
2025.11.06,21:15,21:30,Arnulf,7,2,9
2025.11.06,21:30,21:45,Arnulf,5,0,5
2025.11.06,21:45,22:00,Arnulf,9,2,11
2025.11.06,22:00,22:15,Arnulf,7,1,8
2025.11.06,22:15,22:30,Arnulf,3,1,4
2025.11.06,22:30,22:45,Arnulf,1,1,2
2025.11.06,22:45,23:00,Arnulf,1,1,2
2025.11.06,23:00,23:15,Arnulf,8,1,9
2025.11.06,23:15,23:30,Arnulf,2,0,2
2025.11.06,23:30,23:45,Arnulf,4,1,5
2025.11.06,23:45,00:00,Arnulf,2,0,2
2025.11.07,00:00,00:15,Arnulf,3,1,4
2025.11.07,00:15,00:30,Arnulf,6,0,6
2025.11.07,00:30,00:45,Arnulf,1,0,1
2025.11.07,00:45,01:00,Arnulf,0,2,2
2025.11.07,01:00,01:15,Arnulf,1,0,1
2025.11.07,01:15,01:30,Arnulf,0,0,0
2025.11.07,01:30,01:45,Arnulf,2,1,3
2025.11.07,01:45,02:00,Arnulf,0,1,1
2025.11.07,02:00,02:15,Arnulf,1,0,1
2025.11.07,02:15,02:30,Arnulf,0,0,0
2025.11.07,02:30,02:45,Arnulf,1,0,1
2025.11.07,02:45,03:00,Arnulf,0,0,0
2025.11.07,03:00,03:15,Arnulf,0,0,0
2025.11.07,03:15,03:30,Arnulf,0,0,0
2025.11.07,03:30,03:45,Arnulf,0,0,0
2025.11.07,03:45,04:00,Arnulf,0,0,0
2025.11.07,04:00,04:15,Arnulf,0,0,0
2025.11.07,04:15,04:30,Arnulf,0,0,0
2025.11.07,04:30,04:45,Arnulf,0,2,2
2025.11.07,04:45,05:00,Arnulf,1,0,1
2025.11.07,05:00,05:15,Arnulf,0,0,0
2025.11.07,05:15,05:30,Arnulf,2,0,2
2025.11.07,05:30,05:45,Arnulf,6,0,6
2025.11.07,05:45,06:00,Arnulf,1,1,2
2025.11.07,06:00,06:15,Arnulf,1,0,1
2025.11.07,06:15,06:30,Arnulf,6,0,6
2025.11.07,06:30,06:45,Arnulf,6,0,6
2025.11.07,06:45,07:00,Arnulf,8,1,9
2025.11.07,07:00,07:15,Arnulf,14,0,14
2025.11.07,07:15,07:30,Arnulf,21,1,22
2025.11.07,07:30,07:45,Arnulf,20,1,21
2025.11.07,07:45,08:00,Arnulf,16,1,17
2025.11.07,08:00,08:15,Arnulf,26,1,27
2025.11.07,08:15,08:30,Arnulf,26,0,26
2025.11.07,08:30,08:45,Arnulf,42,1,43
2025.11.07,08:45,09:00,Arnulf,24,0,24
2025.11.07,09:00,09:15,Arnulf,29,2,31
2025.11.07,09:15,09:30,Arnulf,20,4,24
2025.11.07,09:30,09:45,Arnulf,20,0,20
2025.11.07,09:45,10:00,Arnulf,14,0,14
2025.11.07,10:00,10:15,Arnulf,13,3,16
2025.11.07,10:15,10:30,Arnulf,15,0,15
2025.11.07,10:30,10:45,Arnulf,15,0,15
2025.11.07,10:45,11:00,Arnulf,17,0,17
2025.11.07,11:00,11:15,Arnulf,21,0,21
2025.11.07,11:15,11:30,Arnulf,14,0,14
2025.11.07,11:30,11:45,Arnulf,6,2,8
2025.11.07,11:45,12:00,Arnulf,9,0,9
2025.11.07,12:00,12:15,Arnulf,10,2,12
2025.11.07,12:15,12:30,Arnulf,14,1,15
2025.11.07,12:30,12:45,Arnulf,9,1,10
2025.11.07,12:45,13:00,Arnulf,18,1,19
2025.11.07,13:00,13:15,Arnulf,15,3,18
2025.11.07,13:15,13:30,Arnulf,11,2,13
2025.11.07,13:30,13:45,Arnulf,11,3,14
2025.11.07,13:45,14:00,Arnulf,16,1,17
2025.11.07,14:00,14:15,Arnulf,8,1,9
2025.11.07,14:15,14:30,Arnulf,9,2,11
2025.11.07,14:30,14:45,Arnulf,14,0,14
2025.11.07,14:45,15:00,Arnulf,6,0,6
2025.11.07,15:00,15:15,Arnulf,9,0,9
2025.11.07,15:15,15:30,Arnulf,13,2,15
2025.11.07,15:30,15:45,Arnulf,13,1,14
2025.11.07,15:45,16:00,Arnulf,13,1,14
2025.11.07,16:00,16:15,Arnulf,16,1,17
2025.11.07,16:15,16:30,Arnulf,19,0,19
2025.11.07,16:30,16:45,Arnulf,17,2,19
2025.11.07,16:45,17:00,Arnulf,12,1,13
2025.11.07,17:00,17:15,Arnulf,21,0,21
2025.11.07,17:15,17:30,Arnulf,12,1,13
2025.11.07,17:30,17:45,Arnulf,17,2,19
2025.11.07,17:45,18:00,Arnulf,7,0,7
2025.11.07,18:00,18:15,Arnulf,13,4,17
2025.11.07,18:15,18:30,Arnulf,13,2,15
2025.11.07,18:30,18:45,Arnulf,17,1,18
2025.11.07,18:45,19:00,Arnulf,15,0,15
2025.11.07,19:00,19:15,Arnulf,11,3,14
2025.11.07,19:15,19:30,Arnulf,9,2,11
2025.11.07,19:30,19:45,Arnulf,9,3,12
2025.11.07,19:45,20:00,Arnulf,13,1,14
2025.11.07,20:00,20:15,Arnulf,5,2,7
2025.11.07,20:15,20:30,Arnulf,5,1,6
2025.11.07,20:30,20:45,Arnulf,9,0,9
2025.11.07,20:45,21:00,Arnulf,6,0,6
2025.11.07,21:00,21:15,Arnulf,2,0,2
2025.11.07,21:15,21:30,Arnulf,4,1,5
2025.11.07,21:30,21:45,Arnulf,15,0,15
2025.11.07,21:45,22:00,Arnulf,5,2,7
2025.11.07,22:00,22:15,Arnulf,3,2,5
2025.11.07,22:15,22:30,Arnulf,5,1,6
2025.11.07,22:30,22:45,Arnulf,6,0,6
2025.11.07,22:45,23:00,Arnulf,6,0,6
2025.11.07,23:00,23:15,Arnulf,7,0,7
2025.11.07,23:15,23:30,Arnulf,4,1,5
2025.11.07,23:30,23:45,Arnulf,3,2,5
2025.11.07,23:45,00:00,Arnulf,4,0,4
2025.11.08,00:00,00:15,Arnulf,3,0,3
2025.11.08,00:15,00:30,Arnulf,3,1,4
2025.11.08,00:30,00:45,Arnulf,0,1,1
2025.11.08,00:45,01:00,Arnulf,3,0,3
2025.11.08,01:00,01:15,Arnulf,1,0,1
2025.11.08,01:15,01:30,Arnulf,0,0,0
2025.11.08,01:30,01:45,Arnulf,2,0,2
2025.11.08,01:45,02:00,Arnulf,0,0,0
2025.11.08,02:00,02:15,Arnulf,0,0,0
2025.11.08,02:15,02:30,Arnulf,0,1,1
2025.11.08,02:30,02:45,Arnulf,0,1,1
2025.11.08,02:45,03:00,Arnulf,2,0,2
2025.11.08,03:00,03:15,Arnulf,2,0,2
2025.11.08,03:15,03:30,Arnulf,2,0,2
2025.11.08,03:30,03:45,Arnulf,0,0,0
2025.11.08,03:45,04:00,Arnulf,0,0,0
2025.11.08,04:00,04:15,Arnulf,0,0,0
2025.11.08,04:15,04:30,Arnulf,1,0,1
2025.11.08,04:30,04:45,Arnulf,1,0,1
2025.11.08,04:45,05:00,Arnulf,5,0,5
2025.11.08,05:00,05:15,Arnulf,0,0,0
2025.11.08,05:15,05:30,Arnulf,1,0,1
2025.11.08,05:30,05:45,Arnulf,2,0,2
2025.11.08,05:45,06:00,Arnulf,2,0,2
2025.11.08,06:00,06:15,Arnulf,3,1,4
2025.11.08,06:15,06:30,Arnulf,3,0,3
2025.11.08,06:30,06:45,Arnulf,3,0,3
2025.11.08,06:45,07:00,Arnulf,2,0,2
2025.11.08,07:00,07:15,Arnulf,2,0,2
2025.11.08,07:15,07:30,Arnulf,2,0,2
2025.11.08,07:30,07:45,Arnulf,9,0,9
2025.11.08,07:45,08:00,Arnulf,5,0,5
2025.11.08,08:00,08:15,Arnulf,7,0,7
2025.11.08,08:15,08:30,Arnulf,2,0,2
2025.11.08,08:30,08:45,Arnulf,8,0,8
2025.11.08,08:45,09:00,Arnulf,7,0,7
2025.11.08,09:00,09:15,Arnulf,4,0,4
2025.11.08,09:15,09:30,Arnulf,8,0,8
2025.11.08,09:30,09:45,Arnulf,8,0,8
2025.11.08,09:45,10:00,Arnulf,9,1,10
2025.11.08,10:00,10:15,Arnulf,7,1,8
2025.11.08,10:15,10:30,Arnulf,19,0,19
2025.11.08,10:30,10:45,Arnulf,7,0,7
2025.11.08,10:45,11:00,Arnulf,10,0,10
2025.11.08,11:00,11:15,Arnulf,8,0,8
2025.11.08,11:15,11:30,Arnulf,14,2,16
2025.11.08,11:30,11:45,Arnulf,8,0,8
2025.11.08,11:45,12:00,Arnulf,4,0,4
2025.11.08,12:00,12:15,Arnulf,9,0,9
2025.11.08,12:15,12:30,Arnulf,18,0,18
2025.11.08,12:30,12:45,Arnulf,10,3,13
2025.11.08,12:45,13:00,Arnulf,17,0,17
2025.11.08,13:00,13:15,Arnulf,13,1,14
2025.11.08,13:15,13:30,Arnulf,9,0,9
2025.11.08,13:30,13:45,Arnulf,7,0,7
2025.11.08,13:45,14:00,Arnulf,11,0,11
2025.11.08,14:00,14:15,Arnulf,3,0,3
2025.11.08,14:15,14:30,Arnulf,13,0,13
2025.11.08,14:30,14:45,Arnulf,13,0,13
2025.11.08,14:45,15:00,Arnulf,9,0,9
2025.11.08,15:00,15:15,Arnulf,14,3,17
2025.11.08,15:15,15:30,Arnulf,11,0,11
2025.11.08,15:30,15:45,Arnulf,11,0,11
2025.11.08,15:45,16:00,Arnulf,12,1,13
2025.11.08,16:00,16:15,Arnulf,9,4,13
2025.11.08,16:15,16:30,Arnulf,12,0,12
2025.11.08,16:30,16:45,Arnulf,3,1,4
2025.11.08,16:45,17:00,Arnulf,14,1,15
2025.11.08,17:00,17:15,Arnulf,7,3,10
2025.11.08,17:15,17:30,Arnulf,13,1,14
2025.11.08,17:30,17:45,Arnulf,11,1,12
2025.11.08,17:45,18:00,Arnulf,11,1,12
2025.11.08,18:00,18:15,Arnulf,5,0,5
2025.11.08,18:15,18:30,Arnulf,11,4,15
2025.11.08,18:30,18:45,Arnulf,7,0,7
2025.11.08,18:45,19:00,Arnulf,14,3,17
2025.11.08,19:00,19:15,Arnulf,19,0,19
2025.11.08,19:15,19:30,Arnulf,11,2,13
2025.11.08,19:30,19:45,Arnulf,7,3,10
2025.11.08,19:45,20:00,Arnulf,15,0,15
2025.11.08,20:00,20:15,Arnulf,9,0,9
2025.11.08,20:15,20:30,Arnulf,8,1,9
2025.11.08,20:30,20:45,Arnulf,4,0,4
2025.11.08,20:45,21:00,Arnulf,8,1,9
2025.11.08,21:00,21:15,Arnulf,4,0,4
2025.11.08,21:15,21:30,Arnulf,4,0,4
2025.11.08,21:30,21:45,Arnulf,8,1,9
2025.11.08,21:45,22:00,Arnulf,5,1,6
2025.11.08,22:00,22:15,Arnulf,8,1,9
2025.11.08,22:15,22:30,Arnulf,4,0,4
2025.11.08,22:30,22:45,Arnulf,9,1,10
2025.11.08,22:45,23:00,Arnulf,8,0,8
2025.11.08,23:00,23:15,Arnulf,4,1,5
2025.11.08,23:15,23:30,Arnulf,5,0,5
2025.11.08,23:30,23:45,Arnulf,4,0,4
2025.11.08,23:45,00:00,Arnulf,5,0,5
2025.11.09,00:00,00:15,Arnulf,1,0,1
2025.11.09,00:15,00:30,Arnulf,4,2,6
2025.11.09,00:30,00:45,Arnulf,2,0,2
2025.11.09,00:45,01:00,Arnulf,0,1,1
2025.11.09,01:00,01:15,Arnulf,4,0,4
2025.11.09,01:15,01:30,Arnulf,1,0,1
2025.11.09,01:30,01:45,Arnulf,1,1,2
2025.11.09,01:45,02:00,Arnulf,0,2,2
2025.11.09,02:00,02:15,Arnulf,3,0,3
2025.11.09,02:15,02:30,Arnulf,1,2,3
2025.11.09,02:30,02:45,Arnulf,1,0,1
2025.11.09,02:45,03:00,Arnulf,2,0,2
2025.11.09,03:00,03:15,Arnulf,3,0,3
2025.11.09,03:15,03:30,Arnulf,3,0,3
2025.11.09,03:30,03:45,Arnulf,1,0,1
2025.11.09,03:45,04:00,Arnulf,0,0,0
2025.11.09,04:00,04:15,Arnulf,0,0,0
2025.11.09,04:15,04:30,Arnulf,1,0,1
2025.11.09,04:30,04:45,Arnulf,1,0,1
2025.11.09,04:45,05:00,Arnulf,1,1,2
2025.11.09,05:00,05:15,Arnulf,0,0,0
2025.11.09,05:15,05:30,Arnulf,1,0,1
2025.11.09,05:30,05:45,Arnulf,2,0,2
2025.11.09,05:45,06:00,Arnulf,0,0,0
2025.11.09,06:00,06:15,Arnulf,1,0,1
2025.11.09,06:15,06:30,Arnulf,1,0,1
2025.11.09,06:30,06:45,Arnulf,1,0,1
2025.11.09,06:45,07:00,Arnulf,2,0,2
2025.11.09,07:00,07:15,Arnulf,1,0,1
2025.11.09,07:15,07:30,Arnulf,0,2,2
2025.11.09,07:30,07:45,Arnulf,2,1,3
2025.11.09,07:45,08:00,Arnulf,4,0,4
2025.11.09,08:00,08:15,Arnulf,4,1,5
2025.11.09,08:15,08:30,Arnulf,3,0,3
2025.11.09,08:30,08:45,Arnulf,2,0,2
2025.11.09,08:45,09:00,Arnulf,4,0,4
2025.11.09,09:00,09:15,Arnulf,2,1,3
2025.11.09,09:15,09:30,Arnulf,2,0,2
2025.11.09,09:30,09:45,Arnulf,5,0,5
2025.11.09,09:45,10:00,Arnulf,11,3,14
2025.11.09,10:00,10:15,Arnulf,4,2,6
2025.11.09,10:15,10:30,Arnulf,3,0,3
2025.11.09,10:30,10:45,Arnulf,2,1,3
2025.11.09,10:45,11:00,Arnulf,6,0,6
2025.11.09,11:00,11:15,Arnulf,4,0,4
2025.11.09,11:15,11:30,Arnulf,9,0,9
2025.11.09,11:30,11:45,Arnulf,3,1,4
2025.11.09,11:45,12:00,Arnulf,6,1,7
2025.11.09,12:00,12:15,Arnulf,3,1,4
2025.11.09,12:15,12:30,Arnulf,4,3,7
2025.11.09,12:30,12:45,Arnulf,9,2,11
2025.11.09,12:45,13:00,Arnulf,9,1,10
2025.11.09,13:00,13:15,Arnulf,3,2,5
2025.11.09,13:15,13:30,Arnulf,4,1,5
2025.11.09,13:30,13:45,Arnulf,6,1,7
2025.11.09,13:45,14:00,Arnulf,7,3,10
2025.11.09,14:00,14:15,Arnulf,7,1,8
2025.11.09,14:15,14:30,Arnulf,13,0,13
2025.11.09,14:30,14:45,Arnulf,9,1,10
2025.11.09,14:45,15:00,Arnulf,6,2,8
2025.11.09,15:00,15:15,Arnulf,12,0,12
2025.11.09,15:15,15:30,Arnulf,11,0,11
2025.11.09,15:30,15:45,Arnulf,8,0,8
2025.11.09,15:45,16:00,Arnulf,10,1,11
2025.11.09,16:00,16:15,Arnulf,2,0,2
2025.11.09,16:15,16:30,Arnulf,9,0,9
2025.11.09,16:30,16:45,Arnulf,7,0,7
2025.11.09,16:45,17:00,Arnulf,7,0,7
2025.11.09,17:00,17:15,Arnulf,7,0,7
2025.11.09,17:15,17:30,Arnulf,8,0,8
2025.11.09,17:30,17:45,Arnulf,5,0,5
2025.11.09,17:45,18:00,Arnulf,9,1,10
2025.11.09,18:00,18:15,Arnulf,7,0,7
2025.11.09,18:15,18:30,Arnulf,3,0,3
2025.11.09,18:30,18:45,Arnulf,9,2,11
2025.11.09,18:45,19:00,Arnulf,6,0,6
2025.11.09,19:00,19:15,Arnulf,5,0,5
2025.11.09,19:15,19:30,Arnulf,4,0,4
2025.11.09,19:30,19:45,Arnulf,3,1,4
2025.11.09,19:45,20:00,Arnulf,11,0,11
2025.11.09,20:00,20:15,Arnulf,5,0,5
2025.11.09,20:15,20:30,Arnulf,8,0,8
2025.11.09,20:30,20:45,Arnulf,7,0,7
2025.11.09,20:45,21:00,Arnulf,3,1,4
2025.11.09,21:00,21:15,Arnulf,4,0,4
2025.11.09,21:15,21:30,Arnulf,6,1,7
2025.11.09,21:30,21:45,Arnulf,4,0,4
2025.11.09,21:45,22:00,Arnulf,3,1,4
2025.11.09,22:00,22:15,Arnulf,2,0,2
2025.11.09,22:15,22:30,Arnulf,5,0,5
2025.11.09,22:30,22:45,Arnulf,1,0,1
2025.11.09,22:45,23:00,Arnulf,6,0,6
2025.11.09,23:00,23:15,Arnulf,2,0,2
2025.11.09,23:15,23:30,Arnulf,4,0,4
2025.11.09,23:30,23:45,Arnulf,1,0,1
2025.11.09,23:45,00:00,Arnulf,1,0,1
2025.11.10,00:00,00:15,Arnulf,2,0,2
2025.11.10,00:15,00:30,Arnulf,1,0,1
2025.11.10,00:30,00:45,Arnulf,0,0,0
2025.11.10,00:45,01:00,Arnulf,0,0,0
2025.11.10,01:00,01:15,Arnulf,0,1,1
2025.11.10,01:15,01:30,Arnulf,2,0,2
2025.11.10,01:30,01:45,Arnulf,0,0,0
2025.11.10,01:45,02:00,Arnulf,0,0,0
2025.11.10,02:00,02:15,Arnulf,0,0,0
2025.11.10,02:15,02:30,Arnulf,0,0,0
2025.11.10,02:30,02:45,Arnulf,1,0,1
2025.11.10,02:45,03:00,Arnulf,1,0,1
2025.11.10,03:00,03:15,Arnulf,0,0,0
2025.11.10,03:15,03:30,Arnulf,2,0,2
2025.11.10,03:30,03:45,Arnulf,1,0,1
2025.11.10,03:45,04:00,Arnulf,0,0,0
2025.11.10,04:00,04:15,Arnulf,0,0,0
2025.11.10,04:15,04:30,Arnulf,0,0,0
2025.11.10,04:30,04:45,Arnulf,0,0,0
2025.11.10,04:45,05:00,Arnulf,2,0,2
2025.11.10,05:00,05:15,Arnulf,1,2,3
2025.11.10,05:15,05:30,Arnulf,3,0,3
2025.11.10,05:30,05:45,Arnulf,5,0,5
2025.11.10,05:45,06:00,Arnulf,4,0,4
2025.11.10,06:00,06:15,Arnulf,5,1,6
2025.11.10,06:15,06:30,Arnulf,4,1,5
2025.11.10,06:30,06:45,Arnulf,7,0,7
2025.11.10,06:45,07:00,Arnulf,17,2,19
2025.11.10,07:00,07:15,Arnulf,19,0,19
2025.11.10,07:15,07:30,Arnulf,23,0,23
2025.11.10,07:30,07:45,Arnulf,30,2,32
2025.11.10,07:45,08:00,Arnulf,40,2,42
2025.11.10,08:00,08:15,Arnulf,48,1,49
2025.11.10,08:15,08:30,Arnulf,29,0,29
2025.11.10,08:30,08:45,Arnulf,40,0,40
2025.11.10,08:45,09:00,Arnulf,46,3,49
2025.11.10,09:00,09:15,Arnulf,32,0,32
2025.11.10,09:15,09:30,Arnulf,24,0,24
2025.11.10,09:30,09:45,Arnulf,19,0,19
2025.11.10,09:45,10:00,Arnulf,18,0,18
2025.11.10,10:00,10:15,Arnulf,15,2,17
2025.11.10,10:15,10:30,Arnulf,9,1,10
2025.11.10,10:30,10:45,Arnulf,18,3,21
2025.11.10,10:45,11:00,Arnulf,16,1,17
2025.11.10,11:00,11:15,Arnulf,17,0,17
2025.11.10,11:15,11:30,Arnulf,10,0,10
2025.11.10,11:30,11:45,Arnulf,4,0,4
2025.11.10,11:45,12:00,Arnulf,15,0,15
2025.11.10,12:00,12:15,Arnulf,18,0,18
2025.11.10,12:15,12:30,Arnulf,19,1,20
2025.11.10,12:30,12:45,Arnulf,12,4,16
2025.11.10,12:45,13:00,Arnulf,15,1,16
2025.11.10,13:00,13:15,Arnulf,12,1,13
2025.11.10,13:15,13:30,Arnulf,17,0,17
2025.11.10,13:30,13:45,Arnulf,12,1,13
2025.11.10,13:45,14:00,Arnulf,10,1,11
2025.11.10,14:00,14:15,Arnulf,12,2,14
2025.11.10,14:15,14:30,Arnulf,12,1,13
2025.11.10,14:30,14:45,Arnulf,14,1,15
2025.11.10,14:45,15:00,Arnulf,11,0,11
2025.11.10,15:00,15:15,Arnulf,11,4,15
2025.11.10,15:15,15:30,Arnulf,10,1,11
2025.11.10,15:30,15:45,Arnulf,16,6,22
2025.11.10,15:45,16:00,Arnulf,17,1,18
2025.11.10,16:00,16:15,Arnulf,17,2,19
2025.11.10,16:15,16:30,Arnulf,19,2,21
2025.11.10,16:30,16:45,Arnulf,13,3,16
2025.11.10,16:45,17:00,Arnulf,20,0,20
2025.11.10,17:00,17:15,Arnulf,13,1,14
2025.11.10,17:15,17:30,Arnulf,20,3,23
2025.11.10,17:30,17:45,Arnulf,6,0,6
2025.11.10,17:45,18:00,Arnulf,7,4,11
2025.11.10,18:00,18:15,Arnulf,27,4,31
2025.11.10,18:15,18:30,Arnulf,24,5,29
2025.11.10,18:30,18:45,Arnulf,30,6,36
2025.11.10,18:45,19:00,Arnulf,11,2,13
2025.11.10,19:00,19:15,Arnulf,23,2,25
2025.11.10,19:15,19:30,Arnulf,21,4,25
2025.11.10,19:30,19:45,Arnulf,11,1,12
2025.11.10,19:45,20:00,Arnulf,13,1,14
2025.11.10,20:00,20:15,Arnulf,6,3,9
2025.11.10,20:15,20:30,Arnulf,6,0,6
2025.11.10,20:30,20:45,Arnulf,6,2,8
2025.11.10,20:45,21:00,Arnulf,7,1,8
2025.11.10,21:00,21:15,Arnulf,5,0,5
2025.11.10,21:15,21:30,Arnulf,9,1,10
2025.11.10,21:30,21:45,Arnulf,7,4,11
2025.11.10,21:45,22:00,Arnulf,3,1,4
2025.11.10,22:00,22:15,Arnulf,3,1,4
2025.11.10,22:15,22:30,Arnulf,4,0,4
2025.11.10,22:30,22:45,Arnulf,0,1,1
2025.11.10,22:45,23:00,Arnulf,4,0,4
2025.11.10,23:00,23:15,Arnulf,2,0,2
2025.11.10,23:15,23:30,Arnulf,0,0,0
2025.11.10,23:30,23:45,Arnulf,1,0,1
2025.11.10,23:45,00:00,Arnulf,2,0,2
2025.11.11,00:00,00:15,Arnulf,1,0,1
2025.11.11,00:15,00:30,Arnulf,3,0,3
2025.11.11,00:30,00:45,Arnulf,1,0,1
2025.11.11,00:45,01:00,Arnulf,0,0,0
2025.11.11,01:00,01:15,Arnulf,1,1,2
2025.11.11,01:15,01:30,Arnulf,2,1,3
2025.11.11,01:30,01:45,Arnulf,0,0,0
2025.11.11,01:45,02:00,Arnulf,0,0,0
2025.11.11,02:00,02:15,Arnulf,0,0,0
2025.11.11,02:15,02:30,Arnulf,0,1,1
2025.11.11,02:30,02:45,Arnulf,1,0,1
2025.11.11,02:45,03:00,Arnulf,0,0,0
2025.11.11,03:00,03:15,Arnulf,0,0,0
2025.11.11,03:15,03:30,Arnulf,3,0,3
2025.11.11,03:30,03:45,Arnulf,0,0,0
2025.11.11,03:45,04:00,Arnulf,0,0,0
2025.11.11,04:00,04:15,Arnulf,0,0,0
2025.11.11,04:15,04:30,Arnulf,0,0,0
2025.11.11,04:30,04:45,Arnulf,2,0,2
2025.11.11,04:45,05:00,Arnulf,6,5,11
2025.11.11,05:00,05:15,Arnulf,1,0,1
2025.11.11,05:15,05:30,Arnulf,2,1,3
2025.11.11,05:30,05:45,Arnulf,3,0,3
2025.11.11,05:45,06:00,Arnulf,5,0,5
2025.11.11,06:00,06:15,Arnulf,5,0,5
2025.11.11,06:15,06:30,Arnulf,7,2,9
2025.11.11,06:30,06:45,Arnulf,7,1,8
2025.11.11,06:45,07:00,Arnulf,14,3,17
2025.11.11,07:00,07:15,Arnulf,13,0,13
2025.11.11,07:15,07:30,Arnulf,16,0,16
2025.11.11,07:30,07:45,Arnulf,34,0,34
2025.11.11,07:45,08:00,Arnulf,44,1,45
2025.11.11,08:00,08:15,Arnulf,50,2,52
2025.11.11,08:15,08:30,Arnulf,50,1,51
2025.11.11,08:30,08:45,Arnulf,42,3,45
2025.11.11,08:45,09:00,Arnulf,46,3,49
2025.11.11,09:00,09:15,Arnulf,31,3,34
2025.11.11,09:15,09:30,Arnulf,35,2,37
2025.11.11,09:30,09:45,Arnulf,25,0,25
2025.11.11,09:45,10:00,Arnulf,18,0,18
2025.11.11,10:00,10:15,Arnulf,11,1,12
2025.11.11,10:15,10:30,Arnulf,13,2,15
2025.11.11,10:30,10:45,Arnulf,18,2,20
2025.11.11,10:45,11:00,Arnulf,11,0,11
2025.11.11,11:00,11:15,Arnulf,9,0,9
2025.11.11,11:15,11:30,Arnulf,11,0,11
2025.11.11,11:30,11:45,Arnulf,14,3,17
2025.11.11,11:45,12:00,Arnulf,16,0,16
2025.11.11,12:00,12:15,Arnulf,19,0,19
2025.11.11,12:15,12:30,Arnulf,15,0,15
2025.11.11,12:30,12:45,Arnulf,17,1,18
2025.11.11,12:45,13:00,Arnulf,14,0,14
2025.11.11,13:00,13:15,Arnulf,7,3,10
2025.11.11,13:15,13:30,Arnulf,11,2,13
2025.11.11,13:30,13:45,Arnulf,9,3,12
2025.11.11,13:45,14:00,Arnulf,13,1,14
2025.11.11,14:00,14:15,Arnulf,21,1,22
2025.11.11,14:15,14:30,Arnulf,13,3,16
2025.11.11,14:30,14:45,Arnulf,12,2,14
2025.11.11,14:45,15:00,Arnulf,24,1,25
2025.11.11,15:00,15:15,Arnulf,23,3,26
2025.11.11,15:15,15:30,Arnulf,23,3,26
2025.11.11,15:30,15:45,Arnulf,17,2,19
2025.11.11,15:45,16:00,Arnulf,17,3,20
2025.11.11,16:00,16:15,Arnulf,14,1,15
2025.11.11,16:15,16:30,Arnulf,16,2,18
2025.11.11,16:30,16:45,Arnulf,25,3,28
2025.11.11,16:45,17:00,Arnulf,18,1,19
2025.11.11,17:00,17:15,Arnulf,16,3,19
2025.11.11,17:15,17:30,Arnulf,22,1,23
2025.11.11,17:30,17:45,Arnulf,16,2,18
2025.11.11,17:45,18:00,Arnulf,28,1,29
2025.11.11,18:00,18:15,Arnulf,22,2,24
2025.11.11,18:15,18:30,Arnulf,38,0,38
2025.11.11,18:30,18:45,Arnulf,32,1,33
2025.11.11,18:45,19:00,Arnulf,25,2,27
2025.11.11,19:00,19:15,Arnulf,19,3,22
2025.11.11,19:15,19:30,Arnulf,25,1,26
2025.11.11,19:30,19:45,Arnulf,12,1,13
2025.11.11,19:45,20:00,Arnulf,10,1,11
2025.11.11,20:00,20:15,Arnulf,11,1,12
2025.11.11,20:15,20:30,Arnulf,11,0,11
2025.11.11,20:30,20:45,Arnulf,7,2,9
2025.11.11,20:45,21:00,Arnulf,13,0,13
2025.11.11,21:00,21:15,Arnulf,4,0,4
2025.11.11,21:15,21:30,Arnulf,5,0,5
2025.11.11,21:30,21:45,Arnulf,13,1,14
2025.11.11,21:45,22:00,Arnulf,6,0,6
2025.11.11,22:00,22:15,Arnulf,2,0,2
2025.11.11,22:15,22:30,Arnulf,4,1,5
2025.11.11,22:30,22:45,Arnulf,6,0,6
2025.11.11,22:45,23:00,Arnulf,6,1,7
2025.11.11,23:00,23:15,Arnulf,5,0,5
2025.11.11,23:15,23:30,Arnulf,2,1,3
2025.11.11,23:30,23:45,Arnulf,2,0,2
2025.11.11,23:45,00:00,Arnulf,0,0,0
2025.11.12,00:00,00:15,Arnulf,5,0,5
2025.11.12,00:15,00:30,Arnulf,0,0,0
2025.11.12,00:30,00:45,Arnulf,0,0,0
2025.11.12,00:45,01:00,Arnulf,0,0,0
2025.11.12,01:00,01:15,Arnulf,2,0,2
2025.11.12,01:15,01:30,Arnulf,0,1,1
2025.11.12,01:30,01:45,Arnulf,0,0,0
2025.11.12,01:45,02:00,Arnulf,1,0,1
2025.11.12,02:00,02:15,Arnulf,0,0,0
2025.11.12,02:15,02:30,Arnulf,0,0,0
2025.11.12,02:30,02:45,Arnulf,0,0,0
2025.11.12,02:45,03:00,Arnulf,0,0,0
2025.11.12,03:00,03:15,Arnulf,1,0,1
2025.11.12,03:15,03:30,Arnulf,0,0,0
2025.11.12,03:30,03:45,Arnulf,0,0,0
2025.11.12,03:45,04:00,Arnulf,0,0,0
2025.11.12,04:00,04:15,Arnulf,0,0,0
2025.11.12,04:15,04:30,Arnulf,1,0,1
2025.11.12,04:30,04:45,Arnulf,3,0,3
2025.11.12,04:45,05:00,Arnulf,1,0,1
2025.11.12,05:00,05:15,Arnulf,2,0,2
2025.11.12,05:15,05:30,Arnulf,1,0,1
2025.11.12,05:30,05:45,Arnulf,1,1,2
2025.11.12,05:45,06:00,Arnulf,4,0,4
2025.11.12,06:00,06:15,Arnulf,4,1,5
2025.11.12,06:15,06:30,Arnulf,8,0,8
2025.11.12,06:30,06:45,Arnulf,5,0,5
2025.11.12,06:45,07:00,Arnulf,18,1,19
2025.11.12,07:00,07:15,Arnulf,22,1,23
2025.11.12,07:15,07:30,Arnulf,21,1,22
2025.11.12,07:30,07:45,Arnulf,27,0,27
2025.11.12,07:45,08:00,Arnulf,44,1,45
2025.11.12,08:00,08:15,Arnulf,40,1,41
2025.11.12,08:15,08:30,Arnulf,48,1,49
2025.11.12,08:30,08:45,Arnulf,49,1,50
2025.11.12,08:45,09:00,Arnulf,45,2,47
2025.11.12,09:00,09:15,Arnulf,32,7,39
2025.11.12,09:15,09:30,Arnulf,12,1,13
2025.11.12,09:30,09:45,Arnulf,18,1,19
2025.11.12,09:45,10:00,Arnulf,19,1,20
2025.11.12,10:00,10:15,Arnulf,15,1,16
2025.11.12,10:15,10:30,Arnulf,5,1,6
2025.11.12,10:30,10:45,Arnulf,13,0,13
2025.11.12,10:45,11:00,Arnulf,15,3,18
2025.11.12,11:00,11:15,Arnulf,11,1,12
2025.11.12,11:15,11:30,Arnulf,10,0,10
2025.11.12,11:30,11:45,Arnulf,13,0,13
2025.11.12,11:45,12:00,Arnulf,12,1,13
2025.11.12,12:00,12:15,Arnulf,20,0,20
2025.11.12,12:15,12:30,Arnulf,24,1,25
2025.11.12,12:30,12:45,Arnulf,19,0,19
2025.11.12,12:45,13:00,Arnulf,15,0,15
2025.11.12,13:00,13:15,Arnulf,13,2,15
2025.11.12,13:15,13:30,Arnulf,15,2,17
2025.11.12,13:30,13:45,Arnulf,21,4,25
2025.11.12,13:45,14:00,Arnulf,12,3,15
2025.11.12,14:00,14:15,Arnulf,17,2,19
2025.11.12,14:15,14:30,Arnulf,12,3,15
2025.11.12,14:30,14:45,Arnulf,19,2,21
2025.11.12,14:45,15:00,Arnulf,17,2,19
2025.11.12,15:00,15:15,Arnulf,12,2,14
2025.11.12,15:15,15:30,Arnulf,13,3,16
2025.11.12,15:30,15:45,Arnulf,20,1,21
2025.11.12,15:45,16:00,Arnulf,21,0,21
2025.11.12,16:00,16:15,Arnulf,19,4,23
2025.11.12,16:15,16:30,Arnulf,20,2,22
2025.11.12,16:30,16:45,Arnulf,24,2,26
2025.11.12,16:45,17:00,Arnulf,21,3,24
2025.11.12,17:00,17:15,Arnulf,33,1,34
2025.11.12,17:15,17:30,Arnulf,24,3,27
2025.11.12,17:30,17:45,Arnulf,41,1,42
2025.11.12,17:45,18:00,Arnulf,44,1,45
2025.11.12,18:00,18:15,Arnulf,13,2,15
2025.11.12,18:15,18:30,Arnulf,29,5,34
2025.11.12,18:30,18:45,Arnulf,31,3,34
2025.11.12,18:45,19:00,Arnulf,19,0,19
2025.11.12,19:00,19:15,Arnulf,23,2,25
2025.11.12,19:15,19:30,Arnulf,15,0,15
2025.11.12,19:30,19:45,Arnulf,16,0,16
2025.11.12,19:45,20:00,Arnulf,13,2,15
2025.11.12,20:00,20:15,Arnulf,12,1,13
2025.11.12,20:15,20:30,Arnulf,19,0,19
2025.11.12,20:30,20:45,Arnulf,9,0,9
2025.11.12,20:45,21:00,Arnulf,3,0,3
2025.11.12,21:00,21:15,Arnulf,4,4,8
2025.11.12,21:15,21:30,Arnulf,6,0,6
2025.11.12,21:30,21:45,Arnulf,3,1,4
2025.11.12,21:45,22:00,Arnulf,5,0,5
2025.11.12,22:00,22:15,Arnulf,6,1,7
2025.11.12,22:15,22:30,Arnulf,3,0,3
2025.11.12,22:30,22:45,Arnulf,6,1,7
2025.11.12,22:45,23:00,Arnulf,6,2,8
2025.11.12,23:00,23:15,Arnulf,5,1,6
2025.11.12,23:15,23:30,Arnulf,1,1,2
2025.11.12,23:30,23:45,Arnulf,3,1,4
2025.11.12,23:45,00:00,Arnulf,1,1,2
2025.11.13,00:00,00:15,Arnulf,1,1,2
2025.11.13,00:15,00:30,Arnulf,2,0,2
2025.11.13,00:30,00:45,Arnulf,0,0,0
2025.11.13,00:45,01:00,Arnulf,0,0,0
2025.11.13,01:00,01:15,Arnulf,0,0,0
2025.11.13,01:15,01:30,Arnulf,0,1,1
2025.11.13,01:30,01:45,Arnulf,0,0,0
2025.11.13,01:45,02:00,Arnulf,0,0,0
2025.11.13,02:00,02:15,Arnulf,0,0,0
2025.11.13,02:15,02:30,Arnulf,1,0,1
2025.11.13,02:30,02:45,Arnulf,0,0,0
2025.11.13,02:45,03:00,Arnulf,0,0,0
2025.11.13,03:00,03:15,Arnulf,0,0,0
2025.11.13,03:15,03:30,Arnulf,0,0,0
2025.11.13,03:30,03:45,Arnulf,0,0,0
2025.11.13,03:45,04:00,Arnulf,0,0,0
2025.11.13,04:00,04:15,Arnulf,0,0,0
2025.11.13,04:15,04:30,Arnulf,0,0,0
2025.11.13,04:30,04:45,Arnulf,1,1,2
2025.11.13,04:45,05:00,Arnulf,1,0,1
2025.11.13,05:00,05:15,Arnulf,3,0,3
2025.11.13,05:15,05:30,Arnulf,2,0,2
2025.11.13,05:30,05:45,Arnulf,3,0,3
2025.11.13,05:45,06:00,Arnulf,6,0,6
2025.11.13,06:00,06:15,Arnulf,1,0,1
2025.11.13,06:15,06:30,Arnulf,4,1,5
2025.11.13,06:30,06:45,Arnulf,9,0,9
2025.11.13,06:45,07:00,Arnulf,13,2,15
2025.11.13,07:00,07:15,Arnulf,15,0,15
2025.11.13,07:15,07:30,Arnulf,12,1,13
2025.11.13,07:30,07:45,Arnulf,37,2,39
2025.11.13,07:45,08:00,Arnulf,45,2,47
2025.11.13,08:00,08:15,Arnulf,45,4,49
2025.11.13,08:15,08:30,Arnulf,43,0,43
2025.11.13,08:30,08:45,Arnulf,54,3,57
2025.11.13,08:45,09:00,Arnulf,53,0,53
2025.11.13,09:00,09:15,Arnulf,32,0,32
2025.11.13,09:15,09:30,Arnulf,30,2,32
2025.11.13,09:30,09:45,Arnulf,21,1,22
2025.11.13,09:45,10:00,Arnulf,29,1,30
2025.11.13,10:00,10:15,Arnulf,7,1,8
2025.11.13,10:15,10:30,Arnulf,15,0,15
2025.11.13,10:30,10:45,Arnulf,21,2,23
2025.11.13,10:45,11:00,Arnulf,10,0,10
2025.11.13,11:00,11:15,Arnulf,18,1,19
2025.11.13,11:15,11:30,Arnulf,24,0,24
2025.11.13,11:30,11:45,Arnulf,15,2,17
2025.11.13,11:45,12:00,Arnulf,19,3,22
2025.11.13,12:00,12:15,Arnulf,10,0,10
2025.11.13,12:15,12:30,Arnulf,9,0,9
2025.11.13,12:30,12:45,Arnulf,12,0,12
2025.11.13,12:45,13:00,Arnulf,19,0,19
2025.11.13,13:00,13:15,Arnulf,6,1,7
2025.11.13,13:15,13:30,Arnulf,27,2,29
2025.11.13,13:30,13:45,Arnulf,15,2,17
2025.11.13,13:45,14:00,Arnulf,15,2,17
2025.11.13,14:00,14:15,Arnulf,15,0,15
2025.11.13,14:15,14:30,Arnulf,22,1,23
2025.11.13,14:30,14:45,Arnulf,13,0,13
2025.11.13,14:45,15:00,Arnulf,18,1,19
2025.11.13,15:00,15:15,Arnulf,6,1,7
2025.11.13,15:15,15:30,Arnulf,12,0,12
2025.11.13,15:30,15:45,Arnulf,18,0,18
2025.11.13,15:45,16:00,Arnulf,17,0,17
2025.11.13,16:00,16:15,Arnulf,19,1,20
2025.11.13,16:15,16:30,Arnulf,29,4,33
2025.11.13,16:30,16:45,Arnulf,25,7,32
2025.11.13,16:45,17:00,Arnulf,33,1,34
2025.11.13,17:00,17:15,Arnulf,25,1,26
2025.11.13,17:15,17:30,Arnulf,23,3,26
2025.11.13,17:30,17:45,Arnulf,34,1,35
2025.11.13,17:45,18:00,Arnulf,28,2,30
2025.11.13,18:00,18:15,Arnulf,28,2,30
2025.11.13,18:15,18:30,Arnulf,30,4,34
2025.11.13,18:30,18:45,Arnulf,30,1,31
2025.11.13,18:45,19:00,Arnulf,32,2,34
2025.11.13,19:00,19:15,Arnulf,22,0,22
2025.11.13,19:15,19:30,Arnulf,18,0,18
2025.11.13,19:30,19:45,Arnulf,23,3,26
2025.11.13,19:45,20:00,Arnulf,12,0,12
2025.11.13,20:00,20:15,Arnulf,14,4,18
2025.11.13,20:15,20:30,Arnulf,10,2,12
2025.11.13,20:30,20:45,Arnulf,9,1,10
2025.11.13,20:45,21:00,Arnulf,5,0,5
2025.11.13,21:00,21:15,Arnulf,2,0,2
2025.11.13,21:15,21:30,Arnulf,7,1,8
2025.11.13,21:30,21:45,Arnulf,6,0,6
2025.11.13,21:45,22:00,Arnulf,6,1,7
2025.11.13,22:00,22:15,Arnulf,11,2,13
2025.11.13,22:15,22:30,Arnulf,8,0,8
2025.11.13,22:30,22:45,Arnulf,5,2,7
2025.11.13,22:45,23:00,Arnulf,3,1,4
2025.11.13,23:00,23:15,Arnulf,10,0,10
2025.11.13,23:15,23:30,Arnulf,5,1,6
2025.11.13,23:30,23:45,Arnulf,1,0,1
2025.11.13,23:45,00:00,Arnulf,1,0,1
2025.11.14,00:00,00:15,Arnulf,5,0,5
2025.11.14,00:15,00:30,Arnulf,2,0,2
2025.11.14,00:30,00:45,Arnulf,1,0,1
2025.11.14,00:45,01:00,Arnulf,1,0,1
2025.11.14,01:00,01:15,Arnulf,4,1,5
2025.11.14,01:15,01:30,Arnulf,1,0,1
2025.11.14,01:30,01:45,Arnulf,4,0,4
2025.11.14,01:45,02:00,Arnulf,2,0,2
2025.11.14,02:00,02:15,Arnulf,4,0,4
2025.11.14,02:15,02:30,Arnulf,3,0,3
2025.11.14,02:30,02:45,Arnulf,3,1,4
2025.11.14,02:45,03:00,Arnulf,1,0,1
2025.11.14,03:00,03:15,Arnulf,0,0,0
2025.11.14,03:15,03:30,Arnulf,1,0,1
2025.11.14,03:30,03:45,Arnulf,0,0,0
2025.11.14,03:45,04:00,Arnulf,1,0,1
2025.11.14,04:00,04:15,Arnulf,0,0,0
2025.11.14,04:15,04:30,Arnulf,0,0,0
2025.11.14,04:30,04:45,Arnulf,0,0,0
2025.11.14,04:45,05:00,Arnulf,1,0,1
2025.11.14,05:00,05:15,Arnulf,4,0,4
2025.11.14,05:15,05:30,Arnulf,2,0,2
2025.11.14,05:30,05:45,Arnulf,3,1,4
2025.11.14,05:45,06:00,Arnulf,2,1,3
2025.11.14,06:00,06:15,Arnulf,2,0,2
2025.11.14,06:15,06:30,Arnulf,6,1,7
2025.11.14,06:30,06:45,Arnulf,5,0,5
2025.11.14,06:45,07:00,Arnulf,11,1,12
2025.11.14,07:00,07:15,Arnulf,6,1,7
2025.11.14,07:15,07:30,Arnulf,22,0,22
2025.11.14,07:30,07:45,Arnulf,29,1,30
2025.11.14,07:45,08:00,Arnulf,31,0,31
2025.11.14,08:00,08:15,Arnulf,29,1,30
2025.11.14,08:15,08:30,Arnulf,39,1,40
2025.11.14,08:30,08:45,Arnulf,31,0,31
2025.11.14,08:45,09:00,Arnulf,25,0,25
2025.11.14,09:00,09:15,Arnulf,30,1,31
2025.11.14,09:15,09:30,Arnulf,22,1,23
2025.11.14,09:30,09:45,Arnulf,30,2,32
2025.11.14,09:45,10:00,Arnulf,18,0,18
2025.11.14,10:00,10:15,Arnulf,14,0,14
2025.11.14,10:15,10:30,Arnulf,18,0,18
2025.11.14,10:30,10:45,Arnulf,9,1,10
2025.11.14,10:45,11:00,Arnulf,21,1,22
2025.11.14,11:00,11:15,Arnulf,10,1,11
2025.11.14,11:15,11:30,Arnulf,18,1,19
2025.11.14,11:30,11:45,Arnulf,22,1,23
2025.11.14,11:45,12:00,Arnulf,19,2,21
2025.11.14,12:00,12:15,Arnulf,21,2,23
2025.11.14,12:15,12:30,Arnulf,14,1,15
2025.11.14,12:30,12:45,Arnulf,23,0,23
2025.11.14,12:45,13:00,Arnulf,24,3,27
2025.11.14,13:00,13:15,Arnulf,14,0,14
2025.11.14,13:15,13:30,Arnulf,22,0,22
2025.11.14,13:30,13:45,Arnulf,23,1,24
2025.11.14,13:45,14:00,Arnulf,24,3,27
2025.11.14,14:00,14:15,Arnulf,16,3,19
2025.11.14,14:15,14:30,Arnulf,24,2,26
2025.11.14,14:30,14:45,Arnulf,20,3,23
2025.11.14,14:45,15:00,Arnulf,16,3,19
2025.11.14,15:00,15:15,Arnulf,14,4,18
2025.11.14,15:15,15:30,Arnulf,24,1,25
2025.11.14,15:30,15:45,Arnulf,16,1,17
2025.11.14,15:45,16:00,Arnulf,21,0,21
2025.11.14,16:00,16:15,Arnulf,22,2,24
2025.11.14,16:15,16:30,Arnulf,16,6,22
2025.11.14,16:30,16:45,Arnulf,16,1,17
2025.11.14,16:45,17:00,Arnulf,18,1,19
2025.11.14,17:00,17:15,Arnulf,28,5,33
2025.11.14,17:15,17:30,Arnulf,28,0,28
2025.11.14,17:30,17:45,Arnulf,14,0,14
2025.11.14,17:45,18:00,Arnulf,29,3,32
2025.11.14,18:00,18:15,Arnulf,16,1,17
2025.11.14,18:15,18:30,Arnulf,22,1,23
2025.11.14,18:30,18:45,Arnulf,8,2,10
2025.11.14,18:45,19:00,Arnulf,26,1,27
2025.11.14,19:00,19:15,Arnulf,17,0,17
2025.11.14,19:15,19:30,Arnulf,12,1,13
2025.11.14,19:30,19:45,Arnulf,11,3,14
2025.11.14,19:45,20:00,Arnulf,12,1,13
2025.11.14,20:00,20:15,Arnulf,7,1,8
2025.11.14,20:15,20:30,Arnulf,9,0,9
2025.11.14,20:30,20:45,Arnulf,6,0,6
2025.11.14,20:45,21:00,Arnulf,11,1,12
2025.11.14,21:00,21:15,Arnulf,10,1,11
2025.11.14,21:15,21:30,Arnulf,6,0,6
2025.11.14,21:30,21:45,Arnulf,13,0,13
2025.11.14,21:45,22:00,Arnulf,5,0,5
2025.11.14,22:00,22:15,Arnulf,9,0,9
2025.11.14,22:15,22:30,Arnulf,10,0,10
2025.11.14,22:30,22:45,Arnulf,7,0,7
2025.11.14,22:45,23:00,Arnulf,9,0,9
2025.11.14,23:00,23:15,Arnulf,2,5,7
2025.11.14,23:15,23:30,Arnulf,5,3,8
2025.11.14,23:30,23:45,Arnulf,5,0,5
2025.11.14,23:45,00:00,Arnulf,3,0,3
2025.11.15,00:00,00:15,Arnulf,7,0,7
2025.11.15,00:15,00:30,Arnulf,4,3,7
2025.11.15,00:30,00:45,Arnulf,5,0,5
2025.11.15,00:45,01:00,Arnulf,4,0,4
2025.11.15,01:00,01:15,Arnulf,3,0,3
2025.11.15,01:15,01:30,Arnulf,4,0,4
2025.11.15,01:30,01:45,Arnulf,5,1,6
2025.11.15,01:45,02:00,Arnulf,2,0,2
2025.11.15,02:00,02:15,Arnulf,0,0,0
2025.11.15,02:15,02:30,Arnulf,1,4,5
2025.11.15,02:30,02:45,Arnulf,2,0,2
2025.11.15,02:45,03:00,Arnulf,3,0,3
2025.11.15,03:00,03:15,Arnulf,3,0,3
2025.11.15,03:15,03:30,Arnulf,0,0,0
2025.11.15,03:30,03:45,Arnulf,0,0,0
2025.11.15,03:45,04:00,Arnulf,1,1,2
2025.11.15,04:00,04:15,Arnulf,0,0,0
2025.11.15,04:15,04:30,Arnulf,1,0,1
2025.11.15,04:30,04:45,Arnulf,1,0,1
2025.11.15,04:45,05:00,Arnulf,0,0,0
2025.11.15,05:00,05:15,Arnulf,1,0,1
2025.11.15,05:15,05:30,Arnulf,0,0,0
2025.11.15,05:30,05:45,Arnulf,3,1,4
2025.11.15,05:45,06:00,Arnulf,2,0,2
2025.11.15,06:00,06:15,Arnulf,2,0,2
2025.11.15,06:15,06:30,Arnulf,3,0,3
2025.11.15,06:30,06:45,Arnulf,2,1,3
2025.11.15,06:45,07:00,Arnulf,4,0,4
2025.11.15,07:00,07:15,Arnulf,1,0,1
2025.11.15,07:15,07:30,Arnulf,3,2,5
2025.11.15,07:30,07:45,Arnulf,3,0,3
2025.11.15,07:45,08:00,Arnulf,7,0,7
2025.11.15,08:00,08:15,Arnulf,6,0,6
2025.11.15,08:15,08:30,Arnulf,8,1,9
2025.11.15,08:30,08:45,Arnulf,14,1,15
2025.11.15,08:45,09:00,Arnulf,6,1,7
2025.11.15,09:00,09:15,Arnulf,8,0,8
2025.11.15,09:15,09:30,Arnulf,14,0,14
2025.11.15,09:30,09:45,Arnulf,19,0,19
2025.11.15,09:45,10:00,Arnulf,20,0,20
2025.11.15,10:00,10:15,Arnulf,19,0,19
2025.11.15,10:15,10:30,Arnulf,16,1,17
2025.11.15,10:30,10:45,Arnulf,21,0,21
2025.11.15,10:45,11:00,Arnulf,15,0,15
2025.11.15,11:00,11:15,Arnulf,16,0,16
2025.11.15,11:15,11:30,Arnulf,8,0,8
2025.11.15,11:30,11:45,Arnulf,14,1,15
2025.11.15,11:45,12:00,Arnulf,13,0,13
2025.11.15,12:00,12:15,Arnulf,22,0,22
2025.11.15,12:15,12:30,Arnulf,17,0,17
2025.11.15,12:30,12:45,Arnulf,11,0,11
2025.11.15,12:45,13:00,Arnulf,21,0,21
2025.11.15,13:00,13:15,Arnulf,26,0,26
2025.11.15,13:15,13:30,Arnulf,17,1,18
2025.11.15,13:30,13:45,Arnulf,17,2,19
2025.11.15,13:45,14:00,Arnulf,10,1,11
2025.11.15,14:00,14:15,Arnulf,24,0,24
2025.11.15,14:15,14:30,Arnulf,32,0,32
2025.11.15,14:30,14:45,Arnulf,30,0,30
2025.11.15,14:45,15:00,Arnulf,18,1,19
2025.11.15,15:00,15:15,Arnulf,15,0,15
2025.11.15,15:15,15:30,Arnulf,19,2,21
2025.11.15,15:30,15:45,Arnulf,15,2,17
2025.11.15,15:45,16:00,Arnulf,19,1,20
2025.11.15,16:00,16:15,Arnulf,10,1,11
2025.11.15,16:15,16:30,Arnulf,13,0,13
2025.11.15,16:30,16:45,Arnulf,15,0,15
2025.11.15,16:45,17:00,Arnulf,12,0,12
2025.11.15,17:00,17:15,Arnulf,12,2,14
2025.11.15,17:15,17:30,Arnulf,13,1,14
2025.11.15,17:30,17:45,Arnulf,16,0,16
2025.11.15,17:45,18:00,Arnulf,13,2,15
2025.11.15,18:00,18:15,Arnulf,17,0,17
2025.11.15,18:15,18:30,Arnulf,10,1,11
2025.11.15,18:30,18:45,Arnulf,15,4,19
2025.11.15,18:45,19:00,Arnulf,16,1,17
2025.11.15,19:00,19:15,Arnulf,9,0,9
2025.11.15,19:15,19:30,Arnulf,3,0,3
2025.11.15,19:30,19:45,Arnulf,13,2,15
2025.11.15,19:45,20:00,Arnulf,10,1,11
2025.11.15,20:00,20:15,Arnulf,13,0,13
2025.11.15,20:15,20:30,Arnulf,7,2,9
2025.11.15,20:30,20:45,Arnulf,5,0,5
2025.11.15,20:45,21:00,Arnulf,10,0,10
2025.11.15,21:00,21:15,Arnulf,6,3,9
2025.11.15,21:15,21:30,Arnulf,5,0,5
2025.11.15,21:30,21:45,Arnulf,6,1,7
2025.11.15,21:45,22:00,Arnulf,5,0,5
2025.11.15,22:00,22:15,Arnulf,6,0,6
2025.11.15,22:15,22:30,Arnulf,6,2,8
2025.11.15,22:30,22:45,Arnulf,4,0,4
2025.11.15,22:45,23:00,Arnulf,4,0,4
2025.11.15,23:00,23:15,Arnulf,4,1,5
2025.11.15,23:15,23:30,Arnulf,6,1,7
2025.11.15,23:30,23:45,Arnulf,6,0,6
2025.11.15,23:45,00:00,Arnulf,3,0,3
2025.11.16,00:00,00:15,Arnulf,4,1,5
2025.11.16,00:15,00:30,Arnulf,3,0,3
2025.11.16,00:30,00:45,Arnulf,3,0,3
2025.11.16,00:45,01:00,Arnulf,1,2,3
2025.11.16,01:00,01:15,Arnulf,1,0,1
2025.11.16,01:15,01:30,Arnulf,1,0,1
2025.11.16,01:30,01:45,Arnulf,2,1,3
2025.11.16,01:45,02:00,Arnulf,2,0,2
2025.11.16,02:00,02:15,Arnulf,4,0,4
2025.11.16,02:15,02:30,Arnulf,4,1,5
2025.11.16,02:30,02:45,Arnulf,2,0,2
2025.11.16,02:45,03:00,Arnulf,0,1,1
2025.11.16,03:00,03:15,Arnulf,1,0,1
2025.11.16,03:15,03:30,Arnulf,1,0,1
2025.11.16,03:30,03:45,Arnulf,2,1,3
2025.11.16,03:45,04:00,Arnulf,0,0,0
2025.11.16,04:00,04:15,Arnulf,1,0,1
2025.11.16,04:15,04:30,Arnulf,0,0,0
2025.11.16,04:30,04:45,Arnulf,2,0,2
2025.11.16,04:45,05:00,Arnulf,0,0,0
2025.11.16,05:00,05:15,Arnulf,1,0,1
2025.11.16,05:15,05:30,Arnulf,2,0,2
2025.11.16,05:30,05:45,Arnulf,0,0,0
2025.11.16,05:45,06:00,Arnulf,0,0,0
2025.11.16,06:00,06:15,Arnulf,3,0,3
2025.11.16,06:15,06:30,Arnulf,2,0,2
2025.11.16,06:30,06:45,Arnulf,1,0,1
2025.11.16,06:45,07:00,Arnulf,2,0,2
2025.11.16,07:00,07:15,Arnulf,0,0,0
2025.11.16,07:15,07:30,Arnulf,3,0,3
2025.11.16,07:30,07:45,Arnulf,3,0,3
2025.11.16,07:45,08:00,Arnulf,3,0,3
2025.11.16,08:00,08:15,Arnulf,4,0,4
2025.11.16,08:15,08:30,Arnulf,9,0,9
2025.11.16,08:30,08:45,Arnulf,6,0,6
2025.11.16,08:45,09:00,Arnulf,7,3,10
2025.11.16,09:00,09:15,Arnulf,5,1,6
2025.11.16,09:15,09:30,Arnulf,9,0,9
2025.11.16,09:30,09:45,Arnulf,16,0,16
2025.11.16,09:45,10:00,Arnulf,11,2,13
2025.11.16,10:00,10:15,Arnulf,4,2,6
2025.11.16,10:15,10:30,Arnulf,8,1,9
2025.11.16,10:30,10:45,Arnulf,8,0,8
2025.11.16,10:45,11:00,Arnulf,20,1,21
2025.11.16,11:00,11:15,Arnulf,18,0,18
2025.11.16,11:15,11:30,Arnulf,22,0,22
2025.11.16,11:30,11:45,Arnulf,7,2,9
2025.11.16,11:45,12:00,Arnulf,20,2,22
2025.11.16,12:00,12:15,Arnulf,14,1,15
2025.11.16,12:15,12:30,Arnulf,17,0,17
2025.11.16,12:30,12:45,Arnulf,14,0,14
2025.11.16,12:45,13:00,Arnulf,17,0,17
2025.11.16,13:00,13:15,Arnulf,12,0,12
2025.11.16,13:15,13:30,Arnulf,18,0,18
2025.11.16,13:30,13:45,Arnulf,16,1,17
2025.11.16,13:45,14:00,Arnulf,10,2,12
2025.11.16,14:00,14:15,Arnulf,12,0,12
2025.11.16,14:15,14:30,Arnulf,19,2,21
2025.11.16,14:30,14:45,Arnulf,17,0,17
2025.11.16,14:45,15:00,Arnulf,15,0,15
2025.11.16,15:00,15:15,Arnulf,10,0,10
2025.11.16,15:15,15:30,Arnulf,9,0,9
2025.11.16,15:30,15:45,Arnulf,17,0,17
2025.11.16,15:45,16:00,Arnulf,17,1,18
2025.11.16,16:00,16:15,Arnulf,7,0,7
2025.11.16,16:15,16:30,Arnulf,9,1,10
2025.11.16,16:30,16:45,Arnulf,12,0,12
2025.11.16,16:45,17:00,Arnulf,10,0,10
2025.11.16,17:00,17:15,Arnulf,13,2,15
2025.11.16,17:15,17:30,Arnulf,10,0,10
2025.11.16,17:30,17:45,Arnulf,5,1,6
2025.11.16,17:45,18:00,Arnulf,7,2,9
2025.11.16,18:00,18:15,Arnulf,5,0,5
2025.11.16,18:15,18:30,Arnulf,11,0,11
2025.11.16,18:30,18:45,Arnulf,8,2,10
2025.11.16,18:45,19:00,Arnulf,11,2,13
2025.11.16,19:00,19:15,Arnulf,6,0,6
2025.11.16,19:15,19:30,Arnulf,8,0,8
2025.11.16,19:30,19:45,Arnulf,9,0,9
2025.11.16,19:45,20:00,Arnulf,6,0,6
2025.11.16,20:00,20:15,Arnulf,5,1,6
2025.11.16,20:15,20:30,Arnulf,7,0,7
2025.11.16,20:30,20:45,Arnulf,11,2,13
2025.11.16,20:45,21:00,Arnulf,3,1,4
2025.11.16,21:00,21:15,Arnulf,5,0,5
2025.11.16,21:15,21:30,Arnulf,10,0,10
2025.11.16,21:30,21:45,Arnulf,5,1,6
2025.11.16,21:45,22:00,Arnulf,6,0,6
2025.11.16,22:00,22:15,Arnulf,7,0,7
2025.11.16,22:15,22:30,Arnulf,3,0,3
2025.11.16,22:30,22:45,Arnulf,1,2,3
2025.11.16,22:45,23:00,Arnulf,4,0,4
2025.11.16,23:00,23:15,Arnulf,2,1,3
2025.11.16,23:15,23:30,Arnulf,0,0,0
2025.11.16,23:30,23:45,Arnulf,4,0,4
2025.11.16,23:45,00:00,Arnulf,1,0,1
2025.11.17,00:00,00:15,Arnulf,0,0,0
2025.11.17,00:15,00:30,Arnulf,0,0,0
2025.11.17,00:30,00:45,Arnulf,1,0,1
2025.11.17,00:45,01:00,Arnulf,0,1,1
2025.11.17,01:00,01:15,Arnulf,1,0,1
2025.11.17,01:15,01:30,Arnulf,2,0,2
2025.11.17,01:30,01:45,Arnulf,0,0,0
2025.11.17,01:45,02:00,Arnulf,1,0,1
2025.11.17,02:00,02:15,Arnulf,0,0,0
2025.11.17,02:15,02:30,Arnulf,0,0,0
2025.11.17,02:30,02:45,Arnulf,3,0,3
2025.11.17,02:45,03:00,Arnulf,0,0,0
2025.11.17,03:00,03:15,Arnulf,1,0,1
2025.11.17,03:15,03:30,Arnulf,0,0,0
2025.11.17,03:30,03:45,Arnulf,0,0,0
2025.11.17,03:45,04:00,Arnulf,0,0,0
2025.11.17,04:00,04:15,Arnulf,0,0,0
2025.11.17,04:15,04:30,Arnulf,0,0,0
2025.11.17,04:30,04:45,Arnulf,0,0,0
2025.11.17,04:45,05:00,Arnulf,3,0,3
2025.11.17,05:00,05:15,Arnulf,1,0,1
2025.11.17,05:15,05:30,Arnulf,0,0,0
2025.11.17,05:30,05:45,Arnulf,3,0,3
2025.11.17,05:45,06:00,Arnulf,5,0,5
2025.11.17,06:00,06:15,Arnulf,2,0,2
2025.11.17,06:15,06:30,Arnulf,2,0,2
2025.11.17,06:30,06:45,Arnulf,9,1,10
2025.11.17,06:45,07:00,Arnulf,12,0,12
2025.11.17,07:00,07:15,Arnulf,12,0,12
2025.11.17,07:15,07:30,Arnulf,15,2,17
2025.11.17,07:30,07:45,Arnulf,16,0,16
2025.11.17,07:45,08:00,Arnulf,34,0,34
2025.11.17,08:00,08:15,Arnulf,44,1,45
2025.11.17,08:15,08:30,Arnulf,45,1,46
2025.11.17,08:30,08:45,Arnulf,35,0,35
2025.11.17,08:45,09:00,Arnulf,39,1,40
2025.11.17,09:00,09:15,Arnulf,10,1,11
2025.11.17,09:15,09:30,Arnulf,10,0,10
2025.11.17,09:30,09:45,Arnulf,5,0,5
2025.11.17,09:45,10:00,Arnulf,11,0,11
2025.11.17,10:00,10:15,Arnulf,4,0,4
2025.11.17,10:15,10:30,Arnulf,7,1,8
2025.11.17,10:30,10:45,Arnulf,7,0,7
2025.11.17,10:45,11:00,Arnulf,9,1,10
2025.11.17,11:00,11:15,Arnulf,3,2,5
2025.11.17,11:15,11:30,Arnulf,2,0,2
2025.11.17,11:30,11:45,Arnulf,8,0,8
2025.11.17,11:45,12:00,Arnulf,8,2,10
2025.11.17,12:00,12:15,Arnulf,9,0,9
2025.11.17,12:15,12:30,Arnulf,3,0,3
2025.11.17,12:30,12:45,Arnulf,5,0,5
2025.11.17,12:45,13:00,Arnulf,10,0,10
2025.11.17,13:00,13:15,Arnulf,8,1,9
2025.11.17,13:15,13:30,Arnulf,12,1,13
2025.11.17,13:30,13:45,Arnulf,9,1,10
2025.11.17,13:45,14:00,Arnulf,3,1,4
2025.11.17,14:00,14:15,Arnulf,8,1,9
2025.11.17,14:15,14:30,Arnulf,5,2,7
2025.11.17,14:30,14:45,Arnulf,6,4,10
2025.11.17,14:45,15:00,Arnulf,7,0,7
2025.11.17,15:00,15:15,Arnulf,5,1,6
2025.11.17,15:15,15:30,Arnulf,7,1,8
2025.11.17,15:30,15:45,Arnulf,11,2,13
2025.11.17,15:45,16:00,Arnulf,9,0,9
2025.11.17,16:00,16:15,Arnulf,14,3,17
2025.11.17,16:15,16:30,Arnulf,16,1,17
2025.11.17,16:30,16:45,Arnulf,13,1,14
2025.11.17,16:45,17:00,Arnulf,14,0,14
2025.11.17,17:00,17:15,Arnulf,6,4,10
2025.11.17,17:15,17:30,Arnulf,13,1,14
2025.11.17,17:30,17:45,Arnulf,21,2,23
2025.11.17,17:45,18:00,Arnulf,18,0,18
2025.11.17,18:00,18:15,Arnulf,21,1,22
2025.11.17,18:15,18:30,Arnulf,21,2,23
2025.11.17,18:30,18:45,Arnulf,18,2,20
2025.11.17,18:45,19:00,Arnulf,10,0,10
2025.11.17,19:00,19:15,Arnulf,14,0,14
2025.11.17,19:15,19:30,Arnulf,18,1,19
2025.11.17,19:30,19:45,Arnulf,7,1,8
2025.11.17,19:45,20:00,Arnulf,6,0,6
2025.11.17,20:00,20:15,Arnulf,5,1,6
2025.11.17,20:15,20:30,Arnulf,7,0,7
2025.11.17,20:30,20:45,Arnulf,7,1,8
2025.11.17,20:45,21:00,Arnulf,3,0,3
2025.11.17,21:00,21:15,Arnulf,4,0,4
2025.11.17,21:15,21:30,Arnulf,11,1,12
2025.11.17,21:30,21:45,Arnulf,4,1,5
2025.11.17,21:45,22:00,Arnulf,2,1,3
2025.11.17,22:00,22:15,Arnulf,4,0,4
2025.11.17,22:15,22:30,Arnulf,4,0,4
2025.11.17,22:30,22:45,Arnulf,3,0,3
2025.11.17,22:45,23:00,Arnulf,3,0,3
2025.11.17,23:00,23:15,Arnulf,2,0,2
2025.11.17,23:15,23:30,Arnulf,2,1,3
2025.11.17,23:30,23:45,Arnulf,0,0,0
2025.11.17,23:45,00:00,Arnulf,2,1,3
2025.11.18,00:00,00:15,Arnulf,1,0,1
2025.11.18,00:15,00:30,Arnulf,0,0,0
2025.11.18,00:30,00:45,Arnulf,1,0,1
2025.11.18,00:45,01:00,Arnulf,0,0,0
2025.11.18,01:00,01:15,Arnulf,0,0,0
2025.11.18,01:15,01:30,Arnulf,0,0,0
2025.11.18,01:30,01:45,Arnulf,0,0,0
2025.11.18,01:45,02:00,Arnulf,0,0,0
2025.11.18,02:00,02:15,Arnulf,1,0,1
2025.11.18,02:15,02:30,Arnulf,0,0,0
2025.11.18,02:30,02:45,Arnulf,0,0,0
2025.11.18,02:45,03:00,Arnulf,0,0,0
2025.11.18,03:00,03:15,Arnulf,0,0,0
2025.11.18,03:15,03:30,Arnulf,0,0,0
2025.11.18,03:30,03:45,Arnulf,0,0,0
2025.11.18,03:45,04:00,Arnulf,0,0,0
2025.11.18,04:00,04:15,Arnulf,0,0,0
2025.11.18,04:15,04:30,Arnulf,0,0,0
2025.11.18,04:30,04:45,Arnulf,3,0,3
2025.11.18,04:45,05:00,Arnulf,0,0,0
2025.11.18,05:00,05:15,Arnulf,0,0,0
2025.11.18,05:15,05:30,Arnulf,1,0,1
2025.11.18,05:30,05:45,Arnulf,2,0,2
2025.11.18,05:45,06:00,Arnulf,6,1,7
2025.11.18,06:00,06:15,Arnulf,1,0,1
2025.11.18,06:15,06:30,Arnulf,3,1,4
2025.11.18,06:30,06:45,Arnulf,5,0,5
2025.11.18,06:45,07:00,Arnulf,17,0,17
2025.11.18,07:00,07:15,Arnulf,11,2,13
2025.11.18,07:15,07:30,Arnulf,13,1,14
2025.11.18,07:30,07:45,Arnulf,33,0,33
2025.11.18,07:45,08:00,Arnulf,32,1,33
2025.11.18,08:00,08:15,Arnulf,31,1,32
2025.11.18,08:15,08:30,Arnulf,46,0,46
2025.11.18,08:30,08:45,Arnulf,33,2,35
2025.11.18,08:45,09:00,Arnulf,39,0,39
2025.11.18,09:00,09:15,Arnulf,33,2,35
2025.11.18,09:15,09:30,Arnulf,12,0,12
2025.11.18,09:30,09:45,Arnulf,16,0,16
2025.11.18,09:45,10:00,Arnulf,19,0,19
2025.11.18,10:00,10:15,Arnulf,12,1,13
2025.11.18,10:15,10:30,Arnulf,7,0,7
2025.11.18,10:30,10:45,Arnulf,5,1,6
2025.11.18,10:45,11:00,Arnulf,12,0,12
2025.11.18,11:00,11:15,Arnulf,8,1,9
2025.11.18,11:15,11:30,Arnulf,4,0,4
2025.11.18,11:30,11:45,Arnulf,19,2,21
2025.11.18,11:45,12:00,Arnulf,13,0,13
2025.11.18,12:00,12:15,Arnulf,12,1,13
2025.11.18,12:15,12:30,Arnulf,14,1,15
2025.11.18,12:30,12:45,Arnulf,12,0,12
2025.11.18,12:45,13:00,Arnulf,14,0,14
2025.11.18,13:00,13:15,Arnulf,9,0,9
2025.11.18,13:15,13:30,Arnulf,9,2,11
2025.11.18,13:30,13:45,Arnulf,17,0,17
2025.11.18,13:45,14:00,Arnulf,14,1,15
2025.11.18,14:00,14:15,Arnulf,4,1,5
2025.11.18,14:15,14:30,Arnulf,10,0,10
2025.11.18,14:30,14:45,Arnulf,7,0,7
2025.11.18,14:45,15:00,Arnulf,10,2,12
2025.11.18,15:00,15:15,Arnulf,7,2,9
2025.11.18,15:15,15:30,Arnulf,10,1,11
2025.11.18,15:30,15:45,Arnulf,15,3,18
2025.11.18,15:45,16:00,Arnulf,14,1,15
2025.11.18,16:00,16:15,Arnulf,14,1,15
2025.11.18,16:15,16:30,Arnulf,16,2,18
2025.11.18,16:30,16:45,Arnulf,13,2,15
2025.11.18,16:45,17:00,Arnulf,19,2,21
2025.11.18,17:00,17:15,Arnulf,12,4,16
2025.11.18,17:15,17:30,Arnulf,27,3,30
2025.11.18,17:30,17:45,Arnulf,29,2,31
2025.11.18,17:45,18:00,Arnulf,24,2,26
2025.11.18,18:00,18:15,Arnulf,24,0,24
2025.11.18,18:15,18:30,Arnulf,31,0,31
2025.11.18,18:30,18:45,Arnulf,19,5,24
2025.11.18,18:45,19:00,Arnulf,28,2,30
2025.11.18,19:00,19:15,Arnulf,16,3,19
2025.11.18,19:15,19:30,Arnulf,13,2,15
2025.11.18,19:30,19:45,Arnulf,10,2,12
2025.11.18,19:45,20:00,Arnulf,5,1,6
2025.11.18,20:00,20:15,Arnulf,6,2,8
2025.11.18,20:15,20:30,Arnulf,6,1,7
2025.11.18,20:30,20:45,Arnulf,11,0,11
2025.11.18,20:45,21:00,Arnulf,1,1,2
2025.11.18,21:00,21:15,Arnulf,9,1,10
2025.11.18,21:15,21:30,Arnulf,8,2,10
2025.11.18,21:30,21:45,Arnulf,6,1,7
2025.11.18,21:45,22:00,Arnulf,5,0,5
2025.11.18,22:00,22:15,Arnulf,4,0,4
2025.11.18,22:15,22:30,Arnulf,6,3,9
2025.11.18,22:30,22:45,Arnulf,3,2,5
2025.11.18,22:45,23:00,Arnulf,5,0,5
2025.11.18,23:00,23:15,Arnulf,4,0,4
2025.11.18,23:15,23:30,Arnulf,4,1,5
2025.11.18,23:30,23:45,Arnulf,5,0,5
2025.11.18,23:45,00:00,Arnulf,2,0,2
2025.11.19,00:00,00:15,Arnulf,3,0,3
2025.11.19,00:15,00:30,Arnulf,0,0,0
2025.11.19,00:30,00:45,Arnulf,0,0,0
2025.11.19,00:45,01:00,Arnulf,2,0,2
2025.11.19,01:00,01:15,Arnulf,1,0,1
2025.11.19,01:15,01:30,Arnulf,0,0,0
2025.11.19,01:30,01:45,Arnulf,0,0,0
2025.11.19,01:45,02:00,Arnulf,0,0,0
2025.11.19,02:00,02:15,Arnulf,0,0,0
2025.11.19,02:15,02:30,Arnulf,0,0,0
2025.11.19,02:30,02:45,Arnulf,0,0,0
2025.11.19,02:45,03:00,Arnulf,0,0,0
2025.11.19,03:00,03:15,Arnulf,0,0,0
2025.11.19,03:15,03:30,Arnulf,0,0,0
2025.11.19,03:30,03:45,Arnulf,0,0,0
2025.11.19,03:45,04:00,Arnulf,0,0,0
2025.11.19,04:00,04:15,Arnulf,0,0,0
2025.11.19,04:15,04:30,Arnulf,0,0,0
2025.11.19,04:30,04:45,Arnulf,0,0,0
2025.11.19,04:45,05:00,Arnulf,0,0,0
2025.11.19,05:00,05:15,Arnulf,1,0,1
2025.11.19,05:15,05:30,Arnulf,2,0,2
2025.11.19,05:30,05:45,Arnulf,2,0,2
2025.11.19,05:45,06:00,Arnulf,3,0,3
2025.11.19,06:00,06:15,Arnulf,3,1,4
2025.11.19,06:15,06:30,Arnulf,6,0,6
2025.11.19,06:30,06:45,Arnulf,8,1,9
2025.11.19,06:45,07:00,Arnulf,13,0,13
2025.11.19,07:00,07:15,Arnulf,10,0,10
2025.11.19,07:15,07:30,Arnulf,15,0,15
2025.11.19,07:30,07:45,Arnulf,28,0,28
2025.11.19,07:45,08:00,Arnulf,19,0,19
2025.11.19,08:00,08:15,Arnulf,30,1,31
2025.11.19,08:15,08:30,Arnulf,35,4,39
2025.11.19,08:30,08:45,Arnulf,39,0,39
2025.11.19,08:45,09:00,Arnulf,27,2,29
2025.11.19,09:00,09:15,Arnulf,27,1,28
2025.11.19,09:15,09:30,Arnulf,16,1,17
2025.11.19,09:30,09:45,Arnulf,9,2,11
2025.11.19,09:45,10:00,Arnulf,19,2,21
2025.11.19,10:00,10:15,Arnulf,10,1,11
2025.11.19,10:15,10:30,Arnulf,18,0,18
2025.11.19,10:30,10:45,Arnulf,4,1,5
2025.11.19,10:45,11:00,Arnulf,7,0,7
2025.11.19,11:00,11:15,Arnulf,12,2,14
2025.11.19,11:15,11:30,Arnulf,13,1,14
2025.11.19,11:30,11:45,Arnulf,7,2,9
2025.11.19,11:45,12:00,Arnulf,11,0,11
2025.11.19,12:00,12:15,Arnulf,10,0,10
2025.11.19,12:15,12:30,Arnulf,12,2,14
2025.11.19,12:30,12:45,Arnulf,4,1,5
2025.11.19,12:45,13:00,Arnulf,9,0,9
2025.11.19,13:00,13:15,Arnulf,12,1,13
2025.11.19,13:15,13:30,Arnulf,9,3,12
2025.11.19,13:30,13:45,Arnulf,16,2,18
2025.11.19,13:45,14:00,Arnulf,15,1,16
2025.11.19,14:00,14:15,Arnulf,13,2,15
2025.11.19,14:15,14:30,Arnulf,14,3,17
2025.11.19,14:30,14:45,Arnulf,9,0,9
2025.11.19,14:45,15:00,Arnulf,8,0,8
2025.11.19,15:00,15:15,Arnulf,15,3,18
2025.11.19,15:15,15:30,Arnulf,12,1,13
2025.11.19,15:30,15:45,Arnulf,13,3,16
2025.11.19,15:45,16:00,Arnulf,11,0,11
2025.11.19,16:00,16:15,Arnulf,16,7,23
2025.11.19,16:15,16:30,Arnulf,21,0,21
2025.11.19,16:30,16:45,Arnulf,13,1,14
2025.11.19,16:45,17:00,Arnulf,16,2,18
2025.11.19,17:00,17:15,Arnulf,20,3,23
2025.11.19,17:15,17:30,Arnulf,25,0,25
2025.11.19,17:30,17:45,Arnulf,25,0,25
2025.11.19,17:45,18:00,Arnulf,25,3,28
2025.11.19,18:00,18:15,Arnulf,32,3,35
2025.11.19,18:15,18:30,Arnulf,19,1,20
2025.11.19,18:30,18:45,Arnulf,24,1,25
2025.11.19,18:45,19:00,Arnulf,19,3,22
2025.11.19,19:00,19:15,Arnulf,21,2,23
2025.11.19,19:15,19:30,Arnulf,18,3,21
2025.11.19,19:30,19:45,Arnulf,12,0,12
2025.11.19,19:45,20:00,Arnulf,14,1,15
2025.11.19,20:00,20:15,Arnulf,11,0,11
2025.11.19,20:15,20:30,Arnulf,9,1,10
2025.11.19,20:30,20:45,Arnulf,7,0,7
2025.11.19,20:45,21:00,Arnulf,9,2,11
2025.11.19,21:00,21:15,Arnulf,11,0,11
2025.11.19,21:15,21:30,Arnulf,7,2,9
2025.11.19,21:30,21:45,Arnulf,3,1,4
2025.11.19,21:45,22:00,Arnulf,5,0,5
2025.11.19,22:00,22:15,Arnulf,4,1,5
2025.11.19,22:15,22:30,Arnulf,5,1,6
2025.11.19,22:30,22:45,Arnulf,7,3,10
2025.11.19,22:45,23:00,Arnulf,4,0,4
2025.11.19,23:00,23:15,Arnulf,3,0,3
2025.11.19,23:15,23:30,Arnulf,4,0,4
2025.11.19,23:30,23:45,Arnulf,3,0,3
2025.11.19,23:45,00:00,Arnulf,1,0,1
2025.11.20,00:00,00:15,Arnulf,3,1,4
2025.11.20,00:15,00:30,Arnulf,0,0,0
2025.11.20,00:30,00:45,Arnulf,0,0,0
2025.11.20,00:45,01:00,Arnulf,2,0,2
2025.11.20,01:00,01:15,Arnulf,0,0,0
2025.11.20,01:15,01:30,Arnulf,0,0,0
2025.11.20,01:30,01:45,Arnulf,0,0,0
2025.11.20,01:45,02:00,Arnulf,0,0,0
2025.11.20,02:00,02:15,Arnulf,0,0,0
2025.11.20,02:15,02:30,Arnulf,0,0,0
2025.11.20,02:30,02:45,Arnulf,0,0,0
2025.11.20,02:45,03:00,Arnulf,0,0,0
2025.11.20,03:00,03:15,Arnulf,1,0,1
2025.11.20,03:15,03:30,Arnulf,0,0,0
2025.11.20,03:30,03:45,Arnulf,0,0,0
2025.11.20,03:45,04:00,Arnulf,0,0,0
2025.11.20,04:00,04:15,Arnulf,2,0,2
2025.11.20,04:15,04:30,Arnulf,0,0,0
2025.11.20,04:30,04:45,Arnulf,0,0,0
2025.11.20,04:45,05:00,Arnulf,0,0,0
2025.11.20,05:00,05:15,Arnulf,0,0,0
2025.11.20,05:15,05:30,Arnulf,1,0,1
2025.11.20,05:30,05:45,Arnulf,3,0,3
2025.11.20,05:45,06:00,Arnulf,5,1,6
2025.11.20,06:00,06:15,Arnulf,1,0,1
2025.11.20,06:15,06:30,Arnulf,2,0,2
2025.11.20,06:30,06:45,Arnulf,2,1,3
2025.11.20,06:45,07:00,Arnulf,10,0,10
2025.11.20,07:00,07:15,Arnulf,10,0,10
2025.11.20,07:15,07:30,Arnulf,11,0,11
2025.11.20,07:30,07:45,Arnulf,21,3,24
2025.11.20,07:45,08:00,Arnulf,37,0,37
2025.11.20,08:00,08:15,Arnulf,36,0,36
2025.11.20,08:15,08:30,Arnulf,21,2,23
2025.11.20,08:30,08:45,Arnulf,39,3,42
2025.11.20,08:45,09:00,Arnulf,27,1,28
2025.11.20,09:00,09:15,Arnulf,19,2,21
2025.11.20,09:15,09:30,Arnulf,11,0,11
2025.11.20,09:30,09:45,Arnulf,10,1,11
2025.11.20,09:45,10:00,Arnulf,15,0,15
2025.11.20,10:00,10:15,Arnulf,16,1,17
2025.11.20,10:15,10:30,Arnulf,12,0,12
2025.11.20,10:30,10:45,Arnulf,8,1,9
2025.11.20,10:45,11:00,Arnulf,8,0,8
2025.11.20,11:00,11:15,Arnulf,7,0,7
2025.11.20,11:15,11:30,Arnulf,6,1,7
2025.11.20,11:30,11:45,Arnulf,4,1,5
2025.11.20,11:45,12:00,Arnulf,11,0,11
2025.11.20,12:00,12:15,Arnulf,4,0,4
2025.11.20,12:15,12:30,Arnulf,7,1,8
2025.11.20,12:30,12:45,Arnulf,14,0,14
2025.11.20,12:45,13:00,Arnulf,13,2,15
2025.11.20,13:00,13:15,Arnulf,10,0,10
2025.11.20,13:15,13:30,Arnulf,9,1,10
2025.11.20,13:30,13:45,Arnulf,24,1,25
2025.11.20,13:45,14:00,Arnulf,8,1,9
2025.11.20,14:00,14:15,Arnulf,10,1,11
2025.11.20,14:15,14:30,Arnulf,9,2,11
2025.11.20,14:30,14:45,Arnulf,7,2,9
2025.11.20,14:45,15:00,Arnulf,10,1,11
2025.11.20,15:00,15:15,Arnulf,13,0,13
2025.11.20,15:15,15:30,Arnulf,16,0,16
2025.11.20,15:30,15:45,Arnulf,15,1,16
2025.11.20,15:45,16:00,Arnulf,16,2,18
2025.11.20,16:00,16:15,Arnulf,9,1,10
2025.11.20,16:15,16:30,Arnulf,20,2,22
2025.11.20,16:30,16:45,Arnulf,15,0,15
2025.11.20,16:45,17:00,Arnulf,11,2,13
2025.11.20,17:00,17:15,Arnulf,18,1,19
2025.11.20,17:15,17:30,Arnulf,21,2,23
2025.11.20,17:30,17:45,Arnulf,17,0,17
2025.11.20,17:45,18:00,Arnulf,20,0,20
2025.11.20,18:00,18:15,Arnulf,21,0,21
2025.11.20,18:15,18:30,Arnulf,20,0,20
2025.11.20,18:30,18:45,Arnulf,9,1,10
2025.11.20,18:45,19:00,Arnulf,8,3,11
2025.11.20,19:00,19:15,Arnulf,15,0,15
2025.11.20,19:15,19:30,Arnulf,17,1,18
2025.11.20,19:30,19:45,Arnulf,8,1,9
2025.11.20,19:45,20:00,Arnulf,7,1,8
2025.11.20,20:00,20:15,Arnulf,7,1,8
2025.11.20,20:15,20:30,Arnulf,9,0,9
2025.11.20,20:30,20:45,Arnulf,13,3,16
2025.11.20,20:45,21:00,Arnulf,9,0,9
2025.11.20,21:00,21:15,Arnulf,1,1,2
2025.11.20,21:15,21:30,Arnulf,7,1,8
2025.11.20,21:30,21:45,Arnulf,2,1,3
2025.11.20,21:45,22:00,Arnulf,3,1,4
2025.11.20,22:00,22:15,Arnulf,3,3,6
2025.11.20,22:15,22:30,Arnulf,8,1,9
2025.11.20,22:30,22:45,Arnulf,5,0,5
2025.11.20,22:45,23:00,Arnulf,3,0,3
2025.11.20,23:00,23:15,Arnulf,2,1,3
2025.11.20,23:15,23:30,Arnulf,2,0,2
2025.11.20,23:30,23:45,Arnulf,2,0,2
2025.11.20,23:45,00:00,Arnulf,2,0,2
2025.11.21,00:00,00:15,Arnulf,2,0,2
2025.11.21,00:15,00:30,Arnulf,0,1,1
2025.11.21,00:30,00:45,Arnulf,0,0,0
2025.11.21,00:45,01:00,Arnulf,1,0,1
2025.11.21,01:00,01:15,Arnulf,0,1,1
2025.11.21,01:15,01:30,Arnulf,1,0,1
2025.11.21,01:30,01:45,Arnulf,0,0,0
2025.11.21,01:45,02:00,Arnulf,0,0,0
2025.11.21,02:00,02:15,Arnulf,1,0,1
2025.11.21,02:15,02:30,Arnulf,0,0,0
2025.11.21,02:30,02:45,Arnulf,1,1,2
2025.11.21,02:45,03:00,Arnulf,1,0,1
2025.11.21,03:00,03:15,Arnulf,0,0,0
2025.11.21,03:15,03:30,Arnulf,0,1,1
2025.11.21,03:30,03:45,Arnulf,0,0,0
2025.11.21,03:45,04:00,Arnulf,1,0,1
2025.11.21,04:00,04:15,Arnulf,0,0,0
2025.11.21,04:15,04:30,Arnulf,1,0,1
2025.11.21,04:30,04:45,Arnulf,2,0,2
2025.11.21,04:45,05:00,Arnulf,2,0,2
2025.11.21,05:00,05:15,Arnulf,1,0,1
2025.11.21,05:15,05:30,Arnulf,0,0,0
2025.11.21,05:30,05:45,Arnulf,3,0,3
2025.11.21,05:45,06:00,Arnulf,3,0,3
2025.11.21,06:00,06:15,Arnulf,0,0,0
2025.11.21,06:15,06:30,Arnulf,3,0,3
2025.11.21,06:30,06:45,Arnulf,6,0,6
2025.11.21,06:45,07:00,Arnulf,11,0,11
2025.11.21,07:00,07:15,Arnulf,7,0,7
2025.11.21,07:15,07:30,Arnulf,11,0,11
2025.11.21,07:30,07:45,Arnulf,15,0,15
2025.11.21,07:45,08:00,Arnulf,20,1,21
2025.11.21,08:00,08:15,Arnulf,19,0,19
2025.11.21,08:15,08:30,Arnulf,21,2,23
2025.11.21,08:30,08:45,Arnulf,15,0,15
2025.11.21,08:45,09:00,Arnulf,17,2,19
2025.11.21,09:00,09:15,Arnulf,12,3,15
2025.11.21,09:15,09:30,Arnulf,12,0,12
2025.11.21,09:30,09:45,Arnulf,11,1,12
2025.11.21,09:45,10:00,Arnulf,13,0,13
2025.11.21,10:00,10:15,Arnulf,12,2,14
2025.11.21,10:15,10:30,Arnulf,8,1,9
2025.11.21,10:30,10:45,Arnulf,15,0,15
2025.11.21,10:45,11:00,Arnulf,7,0,7
2025.11.21,11:00,11:15,Arnulf,10,1,11
2025.11.21,11:15,11:30,Arnulf,9,0,9
2025.11.21,11:30,11:45,Arnulf,6,0,6
2025.11.21,11:45,12:00,Arnulf,8,1,9
2025.11.21,12:00,12:15,Arnulf,10,0,10
2025.11.21,12:15,12:30,Arnulf,13,0,13
2025.11.21,12:30,12:45,Arnulf,8,1,9
2025.11.21,12:45,13:00,Arnulf,7,3,10
2025.11.21,13:00,13:15,Arnulf,12,1,13
2025.11.21,13:15,13:30,Arnulf,7,1,8
2025.11.21,13:30,13:45,Arnulf,10,2,12
2025.11.21,13:45,14:00,Arnulf,10,1,11
2025.11.21,14:00,14:15,Arnulf,7,2,9
2025.11.21,14:15,14:30,Arnulf,5,3,8
2025.11.21,14:30,14:45,Arnulf,12,1,13
2025.11.21,14:45,15:00,Arnulf,9,1,10
2025.11.21,15:00,15:15,Arnulf,10,3,13
2025.11.21,15:15,15:30,Arnulf,9,0,9
2025.11.21,15:30,15:45,Arnulf,11,2,13
2025.11.21,15:45,16:00,Arnulf,8,1,9
2025.11.21,16:00,16:15,Arnulf,10,0,10
2025.11.21,16:15,16:30,Arnulf,18,2,20
2025.11.21,16:30,16:45,Arnulf,12,1,13
2025.11.21,16:45,17:00,Arnulf,11,1,12
2025.11.21,17:00,17:15,Arnulf,10,2,12
2025.11.21,17:15,17:30,Arnulf,11,1,12
2025.11.21,17:30,17:45,Arnulf,15,2,17
2025.11.21,17:45,18:00,Arnulf,15,2,17
2025.11.21,18:00,18:15,Arnulf,11,0,11
2025.11.21,18:15,18:30,Arnulf,13,1,14
2025.11.21,18:30,18:45,Arnulf,12,1,13
2025.11.21,18:45,19:00,Arnulf,15,0,15
2025.11.21,19:00,19:15,Arnulf,8,3,11
2025.11.21,19:15,19:30,Arnulf,11,0,11
2025.11.21,19:30,19:45,Arnulf,5,1,6
2025.11.21,19:45,20:00,Arnulf,5,0,5
2025.11.21,20:00,20:15,Arnulf,6,0,6
2025.11.21,20:15,20:30,Arnulf,6,1,7
2025.11.21,20:30,20:45,Arnulf,11,0,11
2025.11.21,20:45,21:00,Arnulf,1,0,1
2025.11.21,21:00,21:15,Arnulf,4,1,5
2025.11.21,21:15,21:30,Arnulf,3,1,4
2025.11.21,21:30,21:45,Arnulf,3,0,3
2025.11.21,21:45,22:00,Arnulf,3,0,3
2025.11.21,22:00,22:15,Arnulf,4,0,4
2025.11.21,22:15,22:30,Arnulf,0,0,0
2025.11.21,22:30,22:45,Arnulf,5,1,6
2025.11.21,22:45,23:00,Arnulf,2,1,3
2025.11.21,23:00,23:15,Arnulf,2,0,2
2025.11.21,23:15,23:30,Arnulf,1,0,1
2025.11.21,23:30,23:45,Arnulf,1,2,3
2025.11.21,23:45,00:00,Arnulf,0,0,0
2025.11.22,00:00,00:15,Arnulf,4,2,6
2025.11.22,00:15,00:30,Arnulf,0,0,0
2025.11.22,00:30,00:45,Arnulf,2,2,4
2025.11.22,00:45,01:00,Arnulf,0,1,1
2025.11.22,01:00,01:15,Arnulf,1,0,1
2025.11.22,01:15,01:30,Arnulf,0,0,0
2025.11.22,01:30,01:45,Arnulf,1,0,1
2025.11.22,01:45,02:00,Arnulf,0,0,0
2025.11.22,02:00,02:15,Arnulf,1,1,2
2025.11.22,02:15,02:30,Arnulf,0,0,0
2025.11.22,02:30,02:45,Arnulf,0,0,0
2025.11.22,02:45,03:00,Arnulf,1,0,1
2025.11.22,03:00,03:15,Arnulf,0,0,0
2025.11.22,03:15,03:30,Arnulf,1,0,1
2025.11.22,03:30,03:45,Arnulf,2,0,2
2025.11.22,03:45,04:00,Arnulf,0,0,0
2025.11.22,04:00,04:15,Arnulf,1,0,1
2025.11.22,04:15,04:30,Arnulf,2,0,2
2025.11.22,04:30,04:45,Arnulf,3,0,3
2025.11.22,04:45,05:00,Arnulf,0,0,0
2025.11.22,05:00,05:15,Arnulf,0,0,0
2025.11.22,05:15,05:30,Arnulf,1,0,1
2025.11.22,05:30,05:45,Arnulf,0,0,0
2025.11.22,05:45,06:00,Arnulf,0,2,2
2025.11.22,06:00,06:15,Arnulf,1,0,1
2025.11.22,06:15,06:30,Arnulf,0,0,0
2025.11.22,06:30,06:45,Arnulf,1,0,1
2025.11.22,06:45,07:00,Arnulf,1,0,1
2025.11.22,07:00,07:15,Arnulf,0,0,0
2025.11.22,07:15,07:30,Arnulf,1,0,1
2025.11.22,07:30,07:45,Arnulf,1,0,1
2025.11.22,07:45,08:00,Arnulf,4,0,4
2025.11.22,08:00,08:15,Arnulf,3,0,3
2025.11.22,08:15,08:30,Arnulf,1,1,2
2025.11.22,08:30,08:45,Arnulf,4,2,6
2025.11.22,08:45,09:00,Arnulf,2,0,2
2025.11.22,09:00,09:15,Arnulf,3,0,3
2025.11.22,09:15,09:30,Arnulf,3,0,3
2025.11.22,09:30,09:45,Arnulf,6,0,6
2025.11.22,09:45,10:00,Arnulf,6,0,6
2025.11.22,10:00,10:15,Arnulf,10,0,10
2025.11.22,10:15,10:30,Arnulf,5,0,5
2025.11.22,10:30,10:45,Arnulf,11,0,11
2025.11.22,10:45,11:00,Arnulf,4,0,4
2025.11.22,11:00,11:15,Arnulf,8,0,8
2025.11.22,11:15,11:30,Arnulf,9,2,11
2025.11.22,11:30,11:45,Arnulf,7,0,7
2025.11.22,11:45,12:00,Arnulf,7,0,7
2025.11.22,12:00,12:15,Arnulf,9,0,9
2025.11.22,12:15,12:30,Arnulf,7,1,8
2025.11.22,12:30,12:45,Arnulf,5,0,5
2025.11.22,12:45,13:00,Arnulf,2,0,2
2025.11.22,13:00,13:15,Arnulf,3,0,3
2025.11.22,13:15,13:30,Arnulf,6,0,6
2025.11.22,13:30,13:45,Arnulf,12,1,13
2025.11.22,13:45,14:00,Arnulf,1,1,2
2025.11.22,14:00,14:15,Arnulf,8,1,9
2025.11.22,14:15,14:30,Arnulf,9,0,9
2025.11.22,14:30,14:45,Arnulf,8,1,9
2025.11.22,14:45,15:00,Arnulf,6,0,6
2025.11.22,15:00,15:15,Arnulf,4,0,4
2025.11.22,15:15,15:30,Arnulf,4,0,4
2025.11.22,15:30,15:45,Arnulf,6,0,6
2025.11.22,15:45,16:00,Arnulf,7,0,7
2025.11.22,16:00,16:15,Arnulf,11,0,11
2025.11.22,16:15,16:30,Arnulf,6,0,6
2025.11.22,16:30,16:45,Arnulf,2,0,2
2025.11.22,16:45,17:00,Arnulf,3,1,4
2025.11.22,17:00,17:15,Arnulf,5,0,5
2025.11.22,17:15,17:30,Arnulf,3,1,4
2025.11.22,17:30,17:45,Arnulf,4,0,4
2025.11.22,17:45,18:00,Arnulf,2,1,3
2025.11.22,18:00,18:15,Arnulf,3,1,4
2025.11.22,18:15,18:30,Arnulf,10,1,11
2025.11.22,18:30,18:45,Arnulf,4,0,4
2025.11.22,18:45,19:00,Arnulf,6,0,6
2025.11.22,19:00,19:15,Arnulf,4,0,4
2025.11.22,19:15,19:30,Arnulf,7,0,7
2025.11.22,19:30,19:45,Arnulf,5,0,5
2025.11.22,19:45,20:00,Arnulf,5,1,6
2025.11.22,20:00,20:15,Arnulf,5,2,7
2025.11.22,20:15,20:30,Arnulf,2,2,4
2025.11.22,20:30,20:45,Arnulf,0,0,0
2025.11.22,20:45,21:00,Arnulf,4,0,4
2025.11.22,21:00,21:15,Arnulf,3,0,3
2025.11.22,21:15,21:30,Arnulf,4,0,4
2025.11.22,21:30,21:45,Arnulf,1,0,1
2025.11.22,21:45,22:00,Arnulf,1,0,1
2025.11.22,22:00,22:15,Arnulf,6,1,7
2025.11.22,22:15,22:30,Arnulf,4,0,4
2025.11.22,22:30,22:45,Arnulf,5,2,7
2025.11.22,22:45,23:00,Arnulf,1,0,1
2025.11.22,23:00,23:15,Arnulf,0,2,2
2025.11.22,23:15,23:30,Arnulf,1,0,1
2025.11.22,23:30,23:45,Arnulf,3,0,3
2025.11.22,23:45,00:00,Arnulf,2,0,2
2025.11.23,00:00,00:15,Arnulf,1,0,1
2025.11.23,00:15,00:30,Arnulf,0,0,0
2025.11.23,00:30,00:45,Arnulf,1,0,1
2025.11.23,00:45,01:00,Arnulf,0,0,0
2025.11.23,01:00,01:15,Arnulf,1,0,1
2025.11.23,01:15,01:30,Arnulf,2,0,2
2025.11.23,01:30,01:45,Arnulf,0,1,1
2025.11.23,01:45,02:00,Arnulf,0,0,0
2025.11.23,02:00,02:15,Arnulf,1,0,1
2025.11.23,02:15,02:30,Arnulf,2,0,2
2025.11.23,02:30,02:45,Arnulf,0,0,0
2025.11.23,02:45,03:00,Arnulf,1,0,1
2025.11.23,03:00,03:15,Arnulf,0,0,0
2025.11.23,03:15,03:30,Arnulf,0,0,0
2025.11.23,03:30,03:45,Arnulf,0,0,0
2025.11.23,03:45,04:00,Arnulf,0,0,0
2025.11.23,04:00,04:15,Arnulf,0,0,0
2025.11.23,04:15,04:30,Arnulf,0,0,0
2025.11.23,04:30,04:45,Arnulf,0,0,0
2025.11.23,04:45,05:00,Arnulf,0,0,0
2025.11.23,05:00,05:15,Arnulf,0,0,0
2025.11.23,05:15,05:30,Arnulf,0,0,0
2025.11.23,05:30,05:45,Arnulf,0,0,0
2025.11.23,05:45,06:00,Arnulf,1,0,1
2025.11.23,06:00,06:15,Arnulf,0,0,0
2025.11.23,06:15,06:30,Arnulf,0,0,0
2025.11.23,06:30,06:45,Arnulf,1,0,1
2025.11.23,06:45,07:00,Arnulf,1,1,2
2025.11.23,07:00,07:15,Arnulf,0,0,0
2025.11.23,07:15,07:30,Arnulf,0,0,0
2025.11.23,07:30,07:45,Arnulf,1,0,1
2025.11.23,07:45,08:00,Arnulf,3,1,4
2025.11.23,08:00,08:15,Arnulf,1,0,1
2025.11.23,08:15,08:30,Arnulf,2,0,2
2025.11.23,08:30,08:45,Arnulf,2,0,2
2025.11.23,08:45,09:00,Arnulf,3,0,3
2025.11.23,09:00,09:15,Arnulf,0,0,0
2025.11.23,09:15,09:30,Arnulf,3,0,3
2025.11.23,09:30,09:45,Arnulf,3,0,3
2025.11.23,09:45,10:00,Arnulf,4,0,4
2025.11.23,10:00,10:15,Arnulf,2,3,5
2025.11.23,10:15,10:30,Arnulf,4,0,4
2025.11.23,10:30,10:45,Arnulf,5,0,5
2025.11.23,10:45,11:00,Arnulf,6,0,6
2025.11.23,11:00,11:15,Arnulf,1,0,1
2025.11.23,11:15,11:30,Arnulf,5,1,6
2025.11.23,11:30,11:45,Arnulf,11,0,11
2025.11.23,11:45,12:00,Arnulf,5,3,8
2025.11.23,12:00,12:15,Arnulf,6,1,7
2025.11.23,12:15,12:30,Arnulf,10,0,10
2025.11.23,12:30,12:45,Arnulf,7,0,7
2025.11.23,12:45,13:00,Arnulf,4,1,5
2025.11.23,13:00,13:15,Arnulf,6,0,6
2025.11.23,13:15,13:30,Arnulf,6,0,6
2025.11.23,13:30,13:45,Arnulf,5,2,7
2025.11.23,13:45,14:00,Arnulf,6,0,6
2025.11.23,14:00,14:15,Arnulf,1,0,1
2025.11.23,14:15,14:30,Arnulf,7,0,7
2025.11.23,14:30,14:45,Arnulf,11,1,12
2025.11.23,14:45,15:00,Arnulf,9,0,9
2025.11.23,15:00,15:15,Arnulf,2,0,2
2025.11.23,15:15,15:30,Arnulf,2,1,3
2025.11.23,15:30,15:45,Arnulf,7,0,7
2025.11.23,15:45,16:00,Arnulf,6,3,9
2025.11.23,16:00,16:15,Arnulf,8,0,8
2025.11.23,16:15,16:30,Arnulf,6,0,6
2025.11.23,16:30,16:45,Arnulf,3,0,3
2025.11.23,16:45,17:00,Arnulf,5,0,5
2025.11.23,17:00,17:15,Arnulf,5,0,5
2025.11.23,17:15,17:30,Arnulf,5,3,8
2025.11.23,17:30,17:45,Arnulf,7,0,7
2025.11.23,17:45,18:00,Arnulf,6,1,7
2025.11.23,18:00,18:15,Arnulf,4,0,4
2025.11.23,18:15,18:30,Arnulf,9,1,10
2025.11.23,18:30,18:45,Arnulf,3,1,4
2025.11.23,18:45,19:00,Arnulf,4,1,5
2025.11.23,19:00,19:15,Arnulf,8,0,8
2025.11.23,19:15,19:30,Arnulf,11,2,13
2025.11.23,19:30,19:45,Arnulf,7,1,8
2025.11.23,19:45,20:00,Arnulf,2,1,3
2025.11.23,20:00,20:15,Arnulf,3,0,3
2025.11.23,20:15,20:30,Arnulf,5,0,5
2025.11.23,20:30,20:45,Arnulf,8,0,8
2025.11.23,20:45,21:00,Arnulf,5,1,6
2025.11.23,21:00,21:15,Arnulf,2,1,3
2025.11.23,21:15,21:30,Arnulf,4,1,5
2025.11.23,21:30,21:45,Arnulf,3,0,3
2025.11.23,21:45,22:00,Arnulf,1,0,1
2025.11.23,22:00,22:15,Arnulf,0,0,0
2025.11.23,22:15,22:30,Arnulf,6,1,7
2025.11.23,22:30,22:45,Arnulf,5,0,5
2025.11.23,22:45,23:00,Arnulf,3,0,3
2025.11.23,23:00,23:15,Arnulf,4,0,4
2025.11.23,23:15,23:30,Arnulf,1,0,1
2025.11.23,23:30,23:45,Arnulf,0,0,0
2025.11.23,23:45,00:00,Arnulf,0,0,0
2025.11.24,00:00,00:15,Arnulf,2,0,2
2025.11.24,00:15,00:30,Arnulf,3,1,4
2025.11.24,00:30,00:45,Arnulf,1,0,1
2025.11.24,00:45,01:00,Arnulf,0,0,0
2025.11.24,01:00,01:15,Arnulf,0,1,1
2025.11.24,01:15,01:30,Arnulf,0,0,0
2025.11.24,01:30,01:45,Arnulf,0,0,0
2025.11.24,01:45,02:00,Arnulf,0,0,0
2025.11.24,02:00,02:15,Arnulf,0,0,0
2025.11.24,02:15,02:30,Arnulf,0,0,0
2025.11.24,02:30,02:45,Arnulf,0,0,0
2025.11.24,02:45,03:00,Arnulf,0,0,0
2025.11.24,03:00,03:15,Arnulf,0,0,0
2025.11.24,03:15,03:30,Arnulf,0,0,0
2025.11.24,03:30,03:45,Arnulf,0,0,0
2025.11.24,03:45,04:00,Arnulf,0,0,0
2025.11.24,04:00,04:15,Arnulf,0,0,0
2025.11.24,04:15,04:30,Arnulf,0,0,0
2025.11.24,04:30,04:45,Arnulf,2,0,2
2025.11.24,04:45,05:00,Arnulf,0,0,0
2025.11.24,05:00,05:15,Arnulf,1,0,1
2025.11.24,05:15,05:30,Arnulf,0,0,0
2025.11.24,05:30,05:45,Arnulf,2,1,3
2025.11.24,05:45,06:00,Arnulf,2,0,2
2025.11.24,06:00,06:15,Arnulf,2,0,2
2025.11.24,06:15,06:30,Arnulf,4,1,5
2025.11.24,06:30,06:45,Arnulf,1,1,2
2025.11.24,06:45,07:00,Arnulf,4,1,5
2025.11.24,07:00,07:15,Arnulf,8,0,8
2025.11.24,07:15,07:30,Arnulf,11,0,11
2025.11.24,07:30,07:45,Arnulf,11,0,11
2025.11.24,07:45,08:00,Arnulf,18,0,18
2025.11.24,08:00,08:15,Arnulf,27,1,28
2025.11.24,08:15,08:30,Arnulf,20,0,20
2025.11.24,08:30,08:45,Arnulf,13,2,15
2025.11.24,08:45,09:00,Arnulf,14,1,15
2025.11.24,09:00,09:15,Arnulf,9,2,11
2025.11.24,09:15,09:30,Arnulf,7,1,8
2025.11.24,09:30,09:45,Arnulf,9,1,10
2025.11.24,09:45,10:00,Arnulf,11,1,12
2025.11.24,10:00,10:15,Arnulf,11,1,12
2025.11.24,10:15,10:30,Arnulf,11,1,12
2025.11.24,10:30,10:45,Arnulf,5,0,5
2025.11.24,10:45,11:00,Arnulf,4,0,4
2025.11.24,11:00,11:15,Arnulf,5,0,5
2025.11.24,11:15,11:30,Arnulf,5,0,5
2025.11.24,11:30,11:45,Arnulf,3,0,3
2025.11.24,11:45,12:00,Arnulf,5,0,5
2025.11.24,12:00,12:15,Arnulf,1,0,1
2025.11.24,12:15,12:30,Arnulf,5,0,5
2025.11.24,12:30,12:45,Arnulf,2,0,2
2025.11.24,12:45,13:00,Arnulf,5,0,5
2025.11.24,13:00,13:15,Arnulf,1,1,2
2025.11.24,13:15,13:30,Arnulf,7,0,7
2025.11.24,13:30,13:45,Arnulf,4,1,5
2025.11.24,13:45,14:00,Arnulf,1,1,2
2025.11.24,14:00,14:15,Arnulf,2,0,2
2025.11.24,14:15,14:30,Arnulf,3,2,5
2025.11.24,14:30,14:45,Arnulf,5,1,6
2025.11.24,14:45,15:00,Arnulf,4,2,6
2025.11.24,15:00,15:15,Arnulf,6,0,6
2025.11.24,15:15,15:30,Arnulf,5,0,5
2025.11.24,15:30,15:45,Arnulf,4,1,5
2025.11.24,15:45,16:00,Arnulf,5,2,7
2025.11.24,16:00,16:15,Arnulf,4,3,7
2025.11.24,16:15,16:30,Arnulf,13,0,13
2025.11.24,16:30,16:45,Arnulf,6,1,7
2025.11.24,16:45,17:00,Arnulf,7,2,9
2025.11.24,17:00,17:15,Arnulf,3,0,3
2025.11.24,17:15,17:30,Arnulf,9,3,12
2025.11.24,17:30,17:45,Arnulf,8,3,11
2025.11.24,17:45,18:00,Arnulf,10,1,11
2025.11.24,18:00,18:15,Arnulf,17,0,17
2025.11.24,18:15,18:30,Arnulf,14,0,14
2025.11.24,18:30,18:45,Arnulf,12,1,13
2025.11.24,18:45,19:00,Arnulf,11,1,12
2025.11.24,19:00,19:15,Arnulf,8,0,8
2025.11.24,19:15,19:30,Arnulf,2,0,2
2025.11.24,19:30,19:45,Arnulf,7,1,8
2025.11.24,19:45,20:00,Arnulf,3,0,3
2025.11.24,20:00,20:15,Arnulf,4,0,4
2025.11.24,20:15,20:30,Arnulf,5,0,5
2025.11.24,20:30,20:45,Arnulf,3,0,3
2025.11.24,20:45,21:00,Arnulf,3,0,3
2025.11.24,21:00,21:15,Arnulf,3,0,3
2025.11.24,21:15,21:30,Arnulf,3,1,4
2025.11.24,21:30,21:45,Arnulf,3,0,3
2025.11.24,21:45,22:00,Arnulf,3,0,3
2025.11.24,22:00,22:15,Arnulf,2,0,2
2025.11.24,22:15,22:30,Arnulf,2,0,2
2025.11.24,22:30,22:45,Arnulf,1,1,2
2025.11.24,22:45,23:00,Arnulf,0,0,0
2025.11.24,23:00,23:15,Arnulf,1,0,1
2025.11.24,23:15,23:30,Arnulf,1,0,1
2025.11.24,23:30,23:45,Arnulf,0,0,0
2025.11.24,23:45,00:00,Arnulf,0,0,0
2025.11.25,00:00,00:15,Arnulf,0,0,0
2025.11.25,00:15,00:30,Arnulf,1,0,1
2025.11.25,00:30,00:45,Arnulf,0,0,0
2025.11.25,00:45,01:00,Arnulf,1,0,1
2025.11.25,01:00,01:15,Arnulf,0,0,0
2025.11.25,01:15,01:30,Arnulf,0,0,0
2025.11.25,01:30,01:45,Arnulf,0,0,0
2025.11.25,01:45,02:00,Arnulf,0,0,0
2025.11.25,02:00,02:15,Arnulf,0,0,0
2025.11.25,02:15,02:30,Arnulf,0,0,0
2025.11.25,02:30,02:45,Arnulf,0,0,0
2025.11.25,02:45,03:00,Arnulf,0,0,0
2025.11.25,03:00,03:15,Arnulf,0,0,0
2025.11.25,03:15,03:30,Arnulf,0,0,0
2025.11.25,03:30,03:45,Arnulf,0,0,0
2025.11.25,03:45,04:00,Arnulf,1,0,1
2025.11.25,04:00,04:15,Arnulf,1,0,1
2025.11.25,04:15,04:30,Arnulf,0,0,0
2025.11.25,04:30,04:45,Arnulf,1,0,1
2025.11.25,04:45,05:00,Arnulf,1,1,2
2025.11.25,05:00,05:15,Arnulf,1,0,1
2025.11.25,05:15,05:30,Arnulf,2,0,2
2025.11.25,05:30,05:45,Arnulf,3,0,3
2025.11.25,05:45,06:00,Arnulf,5,0,5
2025.11.25,06:00,06:15,Arnulf,4,0,4
2025.11.25,06:15,06:30,Arnulf,5,0,5
2025.11.25,06:30,06:45,Arnulf,3,2,5
2025.11.25,06:45,07:00,Arnulf,7,0,7
2025.11.25,07:00,07:15,Arnulf,11,0,11
2025.11.25,07:15,07:30,Arnulf,12,0,12
2025.11.25,07:30,07:45,Arnulf,25,0,25
2025.11.25,07:45,08:00,Arnulf,29,1,30
2025.11.25,08:00,08:15,Arnulf,29,2,31
2025.11.25,08:15,08:30,Arnulf,27,1,28
2025.11.25,08:30,08:45,Arnulf,21,4,25
2025.11.25,08:45,09:00,Arnulf,19,2,21
2025.11.25,09:00,09:15,Arnulf,23,3,26
2025.11.25,09:15,09:30,Arnulf,20,2,22
2025.11.25,09:30,09:45,Arnulf,19,1,20
2025.11.25,09:45,10:00,Arnulf,13,0,13
2025.11.25,10:00,10:15,Arnulf,12,0,12
2025.11.25,10:15,10:30,Arnulf,8,1,9
2025.11.25,10:30,10:45,Arnulf,13,0,13
2025.11.25,10:45,11:00,Arnulf,10,0,10
2025.11.25,11:00,11:15,Arnulf,12,0,12
2025.11.25,11:15,11:30,Arnulf,8,0,8
2025.11.25,11:30,11:45,Arnulf,6,1,7
2025.11.25,11:45,12:00,Arnulf,7,1,8
2025.11.25,12:00,12:15,Arnulf,10,0,10
2025.11.25,12:15,12:30,Arnulf,10,1,11
2025.11.25,12:30,12:45,Arnulf,4,2,6
2025.11.25,12:45,13:00,Arnulf,7,1,8
2025.11.25,13:00,13:15,Arnulf,7,1,8
2025.11.25,13:15,13:30,Arnulf,10,0,10
2025.11.25,13:30,13:45,Arnulf,6,3,9
2025.11.25,13:45,14:00,Arnulf,6,2,8
2025.11.25,14:00,14:15,Arnulf,12,1,13
2025.11.25,14:15,14:30,Arnulf,9,1,10
2025.11.25,14:30,14:45,Arnulf,11,2,13
2025.11.25,14:45,15:00,Arnulf,5,1,6
2025.11.25,15:00,15:15,Arnulf,5,3,8
2025.11.25,15:15,15:30,Arnulf,7,0,7
2025.11.25,15:30,15:45,Arnulf,8,1,9
2025.11.25,15:45,16:00,Arnulf,7,0,7
2025.11.25,16:00,16:15,Arnulf,17,0,17
2025.11.25,16:15,16:30,Arnulf,9,3,12
2025.11.25,16:30,16:45,Arnulf,17,1,18
2025.11.25,16:45,17:00,Arnulf,10,2,12
2025.11.25,17:00,17:15,Arnulf,14,1,15
2025.11.25,17:15,17:30,Arnulf,11,1,12
2025.11.25,17:30,17:45,Arnulf,24,2,26
2025.11.25,17:45,18:00,Arnulf,17,1,18
2025.11.25,18:00,18:15,Arnulf,15,1,16
2025.11.25,18:15,18:30,Arnulf,14,4,18
2025.11.25,18:30,18:45,Arnulf,20,0,20
2025.11.25,18:45,19:00,Arnulf,11,1,12
2025.11.25,19:00,19:15,Arnulf,19,2,21
2025.11.25,19:15,19:30,Arnulf,12,0,12
2025.11.25,19:30,19:45,Arnulf,11,1,12
2025.11.25,19:45,20:00,Arnulf,7,0,7
2025.11.25,20:00,20:15,Arnulf,3,1,4
2025.11.25,20:15,20:30,Arnulf,6,1,7
2025.11.25,20:30,20:45,Arnulf,3,0,3
2025.11.25,20:45,21:00,Arnulf,8,0,8
2025.11.25,21:00,21:15,Arnulf,6,0,6
2025.11.25,21:15,21:30,Arnulf,6,2,8
2025.11.25,21:30,21:45,Arnulf,10,0,10
2025.11.25,21:45,22:00,Arnulf,4,2,6
2025.11.25,22:00,22:15,Arnulf,7,1,8
2025.11.25,22:15,22:30,Arnulf,4,0,4
2025.11.25,22:30,22:45,Arnulf,3,0,3
2025.11.25,22:45,23:00,Arnulf,1,1,2
2025.11.25,23:00,23:15,Arnulf,3,0,3
2025.11.25,23:15,23:30,Arnulf,2,1,3
2025.11.25,23:30,23:45,Arnulf,5,0,5
2025.11.25,23:45,00:00,Arnulf,2,0,2
2025.11.26,00:00,00:15,Arnulf,3,1,4
2025.11.26,00:15,00:30,Arnulf,1,0,1
2025.11.26,00:30,00:45,Arnulf,1,0,1
2025.11.26,00:45,01:00,Arnulf,1,0,1
2025.11.26,01:00,01:15,Arnulf,1,0,1
2025.11.26,01:15,01:30,Arnulf,0,0,0
2025.11.26,01:30,01:45,Arnulf,0,0,0
2025.11.26,01:45,02:00,Arnulf,0,0,0
2025.11.26,02:00,02:15,Arnulf,0,0,0
2025.11.26,02:15,02:30,Arnulf,0,0,0
2025.11.26,02:30,02:45,Arnulf,0,0,0
2025.11.26,02:45,03:00,Arnulf,0,0,0
2025.11.26,03:00,03:15,Arnulf,0,0,0
2025.11.26,03:15,03:30,Arnulf,0,0,0
2025.11.26,03:30,03:45,Arnulf,0,0,0
2025.11.26,03:45,04:00,Arnulf,0,0,0
2025.11.26,04:00,04:15,Arnulf,0,0,0
2025.11.26,04:15,04:30,Arnulf,0,0,0
2025.11.26,04:30,04:45,Arnulf,1,0,1
2025.11.26,04:45,05:00,Arnulf,1,0,1
2025.11.26,05:00,05:15,Arnulf,2,0,2
2025.11.26,05:15,05:30,Arnulf,1,0,1
2025.11.26,05:30,05:45,Arnulf,2,0,2
2025.11.26,05:45,06:00,Arnulf,3,1,4
2025.11.26,06:00,06:15,Arnulf,3,0,3
2025.11.26,06:15,06:30,Arnulf,3,2,5
2025.11.26,06:30,06:45,Arnulf,1,0,1
2025.11.26,06:45,07:00,Arnulf,14,0,14
2025.11.26,07:00,07:15,Arnulf,13,1,14
2025.11.26,07:15,07:30,Arnulf,8,0,8
2025.11.26,07:30,07:45,Arnulf,14,1,15
2025.11.26,07:45,08:00,Arnulf,26,3,29
2025.11.26,08:00,08:15,Arnulf,28,0,28
2025.11.26,08:15,08:30,Arnulf,25,0,25
2025.11.26,08:30,08:45,Arnulf,25,1,26
2025.11.26,08:45,09:00,Arnulf,28,1,29
2025.11.26,09:00,09:15,Arnulf,20,2,22
2025.11.26,09:15,09:30,Arnulf,13,2,15
2025.11.26,09:30,09:45,Arnulf,11,1,12
2025.11.26,09:45,10:00,Arnulf,11,2,13
2025.11.26,10:00,10:15,Arnulf,10,0,10
2025.11.26,10:15,10:30,Arnulf,9,1,10
2025.11.26,10:30,10:45,Arnulf,8,0,8
2025.11.26,10:45,11:00,Arnulf,11,1,12
2025.11.26,11:00,11:15,Arnulf,9,0,9
2025.11.26,11:15,11:30,Arnulf,11,0,11
2025.11.26,11:30,11:45,Arnulf,5,1,6
2025.11.26,11:45,12:00,Arnulf,14,0,14
2025.11.26,12:00,12:15,Arnulf,10,0,10
2025.11.26,12:15,12:30,Arnulf,13,1,14
2025.11.26,12:30,12:45,Arnulf,12,1,13
2025.11.26,12:45,13:00,Arnulf,12,1,13
2025.11.26,13:00,13:15,Arnulf,1,2,3
2025.11.26,13:15,13:30,Arnulf,12,0,12
2025.11.26,13:30,13:45,Arnulf,6,3,9
2025.11.26,13:45,14:00,Arnulf,11,2,13
2025.11.26,14:00,14:15,Arnulf,8,3,11
2025.11.26,14:15,14:30,Arnulf,8,1,9
2025.11.26,14:30,14:45,Arnulf,8,0,8
2025.11.26,14:45,15:00,Arnulf,12,1,13
2025.11.26,15:00,15:15,Arnulf,9,1,10
2025.11.26,15:15,15:30,Arnulf,7,1,8
2025.11.26,15:30,15:45,Arnulf,11,3,14
2025.11.26,15:45,16:00,Arnulf,11,3,14
2025.11.26,16:00,16:15,Arnulf,17,2,19
2025.11.26,16:15,16:30,Arnulf,13,2,15
2025.11.26,16:30,16:45,Arnulf,9,0,9
2025.11.26,16:45,17:00,Arnulf,12,1,13
2025.11.26,17:00,17:15,Arnulf,15,1,16
2025.11.26,17:15,17:30,Arnulf,13,1,14
2025.11.26,17:30,17:45,Arnulf,15,0,15
2025.11.26,17:45,18:00,Arnulf,10,2,12
2025.11.26,18:00,18:15,Arnulf,13,3,16
2025.11.26,18:15,18:30,Arnulf,23,1,24
2025.11.26,18:30,18:45,Arnulf,21,0,21
2025.11.26,18:45,19:00,Arnulf,19,2,21
2025.11.26,19:00,19:15,Arnulf,8,2,10
2025.11.26,19:15,19:30,Arnulf,15,0,15
2025.11.26,19:30,19:45,Arnulf,13,0,13
2025.11.26,19:45,20:00,Arnulf,10,1,11
2025.11.26,20:00,20:15,Arnulf,7,2,9
2025.11.26,20:15,20:30,Arnulf,7,2,9
2025.11.26,20:30,20:45,Arnulf,2,1,3
2025.11.26,20:45,21:00,Arnulf,3,0,3
2025.11.26,21:00,21:15,Arnulf,1,0,1
2025.11.26,21:15,21:30,Arnulf,6,1,7
2025.11.26,21:30,21:45,Arnulf,3,0,3
2025.11.26,21:45,22:00,Arnulf,5,2,7
2025.11.26,22:00,22:15,Arnulf,7,0,7
2025.11.26,22:15,22:30,Arnulf,1,0,1
2025.11.26,22:30,22:45,Arnulf,4,1,5
2025.11.26,22:45,23:00,Arnulf,5,2,7
2025.11.26,23:00,23:15,Arnulf,4,0,4
2025.11.26,23:15,23:30,Arnulf,2,0,2
2025.11.26,23:30,23:45,Arnulf,4,0,4
2025.11.26,23:45,00:00,Arnulf,1,0,1
2025.11.27,00:00,00:15,Arnulf,2,0,2
2025.11.27,00:15,00:30,Arnulf,0,0,0
2025.11.27,00:30,00:45,Arnulf,0,1,1
2025.11.27,00:45,01:00,Arnulf,0,0,0
2025.11.27,01:00,01:15,Arnulf,0,0,0
2025.11.27,01:15,01:30,Arnulf,0,0,0
2025.11.27,01:30,01:45,Arnulf,0,0,0
2025.11.27,01:45,02:00,Arnulf,0,0,0
2025.11.27,02:00,02:15,Arnulf,0,0,0
2025.11.27,02:15,02:30,Arnulf,0,0,0
2025.11.27,02:30,02:45,Arnulf,0,0,0
2025.11.27,02:45,03:00,Arnulf,1,0,1
2025.11.27,03:00,03:15,Arnulf,0,0,0
2025.11.27,03:15,03:30,Arnulf,0,0,0
2025.11.27,03:30,03:45,Arnulf,0,0,0
2025.11.27,03:45,04:00,Arnulf,0,0,0
2025.11.27,04:00,04:15,Arnulf,1,0,1
2025.11.27,04:15,04:30,Arnulf,0,0,0
2025.11.27,04:30,04:45,Arnulf,1,0,1
2025.11.27,04:45,05:00,Arnulf,4,0,4
2025.11.27,05:00,05:15,Arnulf,1,0,1
2025.11.27,05:15,05:30,Arnulf,2,0,2
2025.11.27,05:30,05:45,Arnulf,4,0,4
2025.11.27,05:45,06:00,Arnulf,4,0,4
2025.11.27,06:00,06:15,Arnulf,1,1,2
2025.11.27,06:15,06:30,Arnulf,3,0,3
2025.11.27,06:30,06:45,Arnulf,6,0,6
2025.11.27,06:45,07:00,Arnulf,10,0,10
2025.11.27,07:00,07:15,Arnulf,12,1,13
2025.11.27,07:15,07:30,Arnulf,17,1,18
2025.11.27,07:30,07:45,Arnulf,21,1,22
2025.11.27,07:45,08:00,Arnulf,25,0,25
2025.11.27,08:00,08:15,Arnulf,43,4,47
2025.11.27,08:15,08:30,Arnulf,35,1,36
2025.11.27,08:30,08:45,Arnulf,39,0,39
2025.11.27,08:45,09:00,Arnulf,19,1,20
2025.11.27,09:00,09:15,Arnulf,21,0,21
2025.11.27,09:15,09:30,Arnulf,13,2,15
2025.11.27,09:30,09:45,Arnulf,12,1,13
2025.11.27,09:45,10:00,Arnulf,17,1,18
2025.11.27,10:00,10:15,Arnulf,5,1,6
2025.11.27,10:15,10:30,Arnulf,13,2,15
2025.11.27,10:30,10:45,Arnulf,5,1,6
2025.11.27,10:45,11:00,Arnulf,11,2,13
2025.11.27,11:00,11:15,Arnulf,6,1,7
2025.11.27,11:15,11:30,Arnulf,10,2,12
2025.11.27,11:30,11:45,Arnulf,10,0,10
2025.11.27,11:45,12:00,Arnulf,9,0,9
2025.11.27,12:00,12:15,Arnulf,8,0,8
2025.11.27,12:15,12:30,Arnulf,11,0,11
2025.11.27,12:30,12:45,Arnulf,12,0,12
2025.11.27,12:45,13:00,Arnulf,12,0,12
2025.11.27,13:00,13:15,Arnulf,6,0,6
2025.11.27,13:15,13:30,Arnulf,11,2,13
2025.11.27,13:30,13:45,Arnulf,9,1,10
2025.11.27,13:45,14:00,Arnulf,10,1,11
2025.11.27,14:00,14:15,Arnulf,14,0,14
2025.11.27,14:15,14:30,Arnulf,12,3,15
2025.11.27,14:30,14:45,Arnulf,11,3,14
2025.11.27,14:45,15:00,Arnulf,11,0,11
2025.11.27,15:00,15:15,Arnulf,8,1,9
2025.11.27,15:15,15:30,Arnulf,11,1,12
2025.11.27,15:30,15:45,Arnulf,13,2,15
2025.11.27,15:45,16:00,Arnulf,16,1,17
2025.11.27,16:00,16:15,Arnulf,14,1,15
2025.11.27,16:15,16:30,Arnulf,13,3,16
2025.11.27,16:30,16:45,Arnulf,18,1,19
2025.11.27,16:45,17:00,Arnulf,10,2,12
2025.11.27,17:00,17:15,Arnulf,18,1,19
2025.11.27,17:15,17:30,Arnulf,15,4,19
2025.11.27,17:30,17:45,Arnulf,23,0,23
2025.11.27,17:45,18:00,Arnulf,21,0,21
2025.11.27,18:00,18:15,Arnulf,20,4,24
2025.11.27,18:15,18:30,Arnulf,24,3,27
2025.11.27,18:30,18:45,Arnulf,16,2,18
2025.11.27,18:45,19:00,Arnulf,16,5,21
2025.11.27,19:00,19:15,Arnulf,16,1,17
2025.11.27,19:15,19:30,Arnulf,11,0,11
2025.11.27,19:30,19:45,Arnulf,9,1,10
2025.11.27,19:45,20:00,Arnulf,9,1,10
2025.11.27,20:00,20:15,Arnulf,7,2,9
2025.11.27,20:15,20:30,Arnulf,8,2,10
2025.11.27,20:30,20:45,Arnulf,9,0,9
2025.11.27,20:45,21:00,Arnulf,6,0,6
2025.11.27,21:00,21:15,Arnulf,3,1,4
2025.11.27,21:15,21:30,Arnulf,6,1,7
2025.11.27,21:30,21:45,Arnulf,7,0,7
2025.11.27,21:45,22:00,Arnulf,6,0,6
2025.11.27,22:00,22:15,Arnulf,3,3,6
2025.11.27,22:15,22:30,Arnulf,3,0,3
2025.11.27,22:30,22:45,Arnulf,1,0,1
2025.11.27,22:45,23:00,Arnulf,4,0,4
2025.11.27,23:00,23:15,Arnulf,4,0,4
2025.11.27,23:15,23:30,Arnulf,2,1,3
2025.11.27,23:30,23:45,Arnulf,2,0,2
2025.11.27,23:45,00:00,Arnulf,0,0,0
2025.11.28,00:00,00:15,Arnulf,4,0,4
2025.11.28,00:15,00:30,Arnulf,2,0,2
2025.11.28,00:30,00:45,Arnulf,0,0,0
2025.11.28,00:45,01:00,Arnulf,1,0,1
2025.11.28,01:00,01:15,Arnulf,0,0,0
2025.11.28,01:15,01:30,Arnulf,3,0,3
2025.11.28,01:30,01:45,Arnulf,1,0,1
2025.11.28,01:45,02:00,Arnulf,1,0,1
2025.11.28,02:00,02:15,Arnulf,0,0,0
2025.11.28,02:15,02:30,Arnulf,0,0,0
2025.11.28,02:30,02:45,Arnulf,0,0,0
2025.11.28,02:45,03:00,Arnulf,0,0,0
2025.11.28,03:00,03:15,Arnulf,0,0,0
2025.11.28,03:15,03:30,Arnulf,0,0,0
2025.11.28,03:30,03:45,Arnulf,0,0,0
2025.11.28,03:45,04:00,Arnulf,0,0,0
2025.11.28,04:00,04:15,Arnulf,0,0,0
2025.11.28,04:15,04:30,Arnulf,0,0,0
2025.11.28,04:30,04:45,Arnulf,0,0,0
2025.11.28,04:45,05:00,Arnulf,0,0,0
2025.11.28,05:00,05:15,Arnulf,1,0,1
2025.11.28,05:15,05:30,Arnulf,0,0,0
2025.11.28,05:30,05:45,Arnulf,0,1,1
2025.11.28,05:45,06:00,Arnulf,3,0,3
2025.11.28,06:00,06:15,Arnulf,0,0,0
2025.11.28,06:15,06:30,Arnulf,3,0,3
2025.11.28,06:30,06:45,Arnulf,2,0,2
2025.11.28,06:45,07:00,Arnulf,9,1,10
2025.11.28,07:00,07:15,Arnulf,2,2,4
2025.11.28,07:15,07:30,Arnulf,8,0,8
2025.11.28,07:30,07:45,Arnulf,13,0,13
2025.11.28,07:45,08:00,Arnulf,26,1,27
2025.11.28,08:00,08:15,Arnulf,18,1,19
2025.11.28,08:15,08:30,Arnulf,20,0,20
2025.11.28,08:30,08:45,Arnulf,18,0,18
2025.11.28,08:45,09:00,Arnulf,20,0,20
2025.11.28,09:00,09:15,Arnulf,18,1,19
2025.11.28,09:15,09:30,Arnulf,13,1,14
2025.11.28,09:30,09:45,Arnulf,14,0,14
2025.11.28,09:45,10:00,Arnulf,18,0,18
2025.11.28,10:00,10:15,Arnulf,5,0,5
2025.11.28,10:15,10:30,Arnulf,12,1,13
2025.11.28,10:30,10:45,Arnulf,8,0,8
2025.11.28,10:45,11:00,Arnulf,5,0,5
2025.11.28,11:00,11:15,Arnulf,7,0,7
2025.11.28,11:15,11:30,Arnulf,8,0,8
2025.11.28,11:30,11:45,Arnulf,13,1,14
2025.11.28,11:45,12:00,Arnulf,9,0,9
2025.11.28,12:00,12:15,Arnulf,15,0,15
2025.11.28,12:15,12:30,Arnulf,15,1,16
2025.11.28,12:30,12:45,Arnulf,14,4,18
2025.11.28,12:45,13:00,Arnulf,9,2,11
2025.11.28,13:00,13:15,Arnulf,14,1,15
2025.11.28,13:15,13:30,Arnulf,13,2,15
2025.11.28,13:30,13:45,Arnulf,9,0,9
2025.11.28,13:45,14:00,Arnulf,8,0,8
2025.11.28,14:00,14:15,Arnulf,10,3,13
2025.11.28,14:15,14:30,Arnulf,19,1,20
2025.11.28,14:30,14:45,Arnulf,12,1,13
2025.11.28,14:45,15:00,Arnulf,9,2,11
2025.11.28,15:00,15:15,Arnulf,15,3,18
2025.11.28,15:15,15:30,Arnulf,11,7,18
2025.11.28,15:30,15:45,Arnulf,12,0,12
2025.11.28,15:45,16:00,Arnulf,14,2,16
2025.11.28,16:00,16:15,Arnulf,12,1,13
2025.11.28,16:15,16:30,Arnulf,12,1,13
2025.11.28,16:30,16:45,Arnulf,11,3,14
2025.11.28,16:45,17:00,Arnulf,9,2,11
2025.11.28,17:00,17:15,Arnulf,13,2,15
2025.11.28,17:15,17:30,Arnulf,18,3,21
2025.11.28,17:30,17:45,Arnulf,16,2,18
2025.11.28,17:45,18:00,Arnulf,10,2,12
2025.11.28,18:00,18:15,Arnulf,10,1,11
2025.11.28,18:15,18:30,Arnulf,18,0,18
2025.11.28,18:30,18:45,Arnulf,12,2,14
2025.11.28,18:45,19:00,Arnulf,11,1,12
2025.11.28,19:00,19:15,Arnulf,14,0,14
2025.11.28,19:15,19:30,Arnulf,11,0,11
2025.11.28,19:30,19:45,Arnulf,8,0,8
2025.11.28,19:45,20:00,Arnulf,10,1,11
2025.11.28,20:00,20:15,Arnulf,6,0,6
2025.11.28,20:15,20:30,Arnulf,7,2,9
2025.11.28,20:30,20:45,Arnulf,8,0,8
2025.11.28,20:45,21:00,Arnulf,10,0,10
2025.11.28,21:00,21:15,Arnulf,4,2,6
2025.11.28,21:15,21:30,Arnulf,4,0,4
2025.11.28,21:30,21:45,Arnulf,4,1,5
2025.11.28,21:45,22:00,Arnulf,6,3,9
2025.11.28,22:00,22:15,Arnulf,7,0,7
2025.11.28,22:15,22:30,Arnulf,5,1,6
2025.11.28,22:30,22:45,Arnulf,2,2,4
2025.11.28,22:45,23:00,Arnulf,1,1,2
2025.11.28,23:00,23:15,Arnulf,3,1,4
2025.11.28,23:15,23:30,Arnulf,3,1,4
2025.11.28,23:30,23:45,Arnulf,3,0,3
2025.11.28,23:45,00:00,Arnulf,2,0,2
2025.11.29,00:00,00:15,Arnulf,3,0,3
2025.11.29,00:15,00:30,Arnulf,2,1,3
2025.11.29,00:30,00:45,Arnulf,0,1,1
2025.11.29,00:45,01:00,Arnulf,0,0,0
2025.11.29,01:00,01:15,Arnulf,1,0,1
2025.11.29,01:15,01:30,Arnulf,0,0,0
2025.11.29,01:30,01:45,Arnulf,0,1,1
2025.11.29,01:45,02:00,Arnulf,3,0,3
2025.11.29,02:00,02:15,Arnulf,2,0,2
2025.11.29,02:15,02:30,Arnulf,0,1,1
2025.11.29,02:30,02:45,Arnulf,0,0,0
2025.11.29,02:45,03:00,Arnulf,0,0,0
2025.11.29,03:00,03:15,Arnulf,1,0,1
2025.11.29,03:15,03:30,Arnulf,0,0,0
2025.11.29,03:30,03:45,Arnulf,0,0,0
2025.11.29,03:45,04:00,Arnulf,0,0,0
2025.11.29,04:00,04:15,Arnulf,0,0,0
2025.11.29,04:15,04:30,Arnulf,0,0,0
2025.11.29,04:30,04:45,Arnulf,2,0,2
2025.11.29,04:45,05:00,Arnulf,1,0,1
2025.11.29,05:00,05:15,Arnulf,0,0,0
2025.11.29,05:15,05:30,Arnulf,0,0,0
2025.11.29,05:30,05:45,Arnulf,0,0,0
2025.11.29,05:45,06:00,Arnulf,1,0,1
2025.11.29,06:00,06:15,Arnulf,1,1,2
2025.11.29,06:15,06:30,Arnulf,1,0,1
2025.11.29,06:30,06:45,Arnulf,1,0,1
2025.11.29,06:45,07:00,Arnulf,5,0,5
2025.11.29,07:00,07:15,Arnulf,1,0,1
2025.11.29,07:15,07:30,Arnulf,2,0,2
2025.11.29,07:30,07:45,Arnulf,4,0,4
2025.11.29,07:45,08:00,Arnulf,1,0,1
2025.11.29,08:00,08:15,Arnulf,4,0,4
2025.11.29,08:15,08:30,Arnulf,4,1,5
2025.11.29,08:30,08:45,Arnulf,6,0,6
2025.11.29,08:45,09:00,Arnulf,6,0,6
2025.11.29,09:00,09:15,Arnulf,1,0,1
2025.11.29,09:15,09:30,Arnulf,6,0,6
2025.11.29,09:30,09:45,Arnulf,8,0,8
2025.11.29,09:45,10:00,Arnulf,8,0,8
2025.11.29,10:00,10:15,Arnulf,6,1,7
2025.11.29,10:15,10:30,Arnulf,7,0,7
2025.11.29,10:30,10:45,Arnulf,16,0,16
2025.11.29,10:45,11:00,Arnulf,8,0,8
2025.11.29,11:00,11:15,Arnulf,8,1,9
2025.11.29,11:15,11:30,Arnulf,3,0,3
2025.11.29,11:30,11:45,Arnulf,4,0,4
2025.11.29,11:45,12:00,Arnulf,10,1,11
2025.11.29,12:00,12:15,Arnulf,2,0,2
2025.11.29,12:15,12:30,Arnulf,7,1,8
2025.11.29,12:30,12:45,Arnulf,11,0,11
2025.11.29,12:45,13:00,Arnulf,7,0,7
2025.11.29,13:00,13:15,Arnulf,12,1,13
2025.11.29,13:15,13:30,Arnulf,9,0,9
2025.11.29,13:30,13:45,Arnulf,17,1,18
2025.11.29,13:45,14:00,Arnulf,10,2,12
2025.11.29,14:00,14:15,Arnulf,15,1,16
2025.11.29,14:15,14:30,Arnulf,9,1,10
2025.11.29,14:30,14:45,Arnulf,8,0,8
2025.11.29,14:45,15:00,Arnulf,12,0,12
2025.11.29,15:00,15:15,Arnulf,7,1,8
2025.11.29,15:15,15:30,Arnulf,8,0,8
2025.11.29,15:30,15:45,Arnulf,9,0,9
2025.11.29,15:45,16:00,Arnulf,8,3,11
2025.11.29,16:00,16:15,Arnulf,10,0,10
2025.11.29,16:15,16:30,Arnulf,7,0,7
2025.11.29,16:30,16:45,Arnulf,6,0,6
2025.11.29,16:45,17:00,Arnulf,8,0,8
2025.11.29,17:00,17:15,Arnulf,8,0,8
2025.11.29,17:15,17:30,Arnulf,12,0,12
2025.11.29,17:30,17:45,Arnulf,7,1,8
2025.11.29,17:45,18:00,Arnulf,13,0,13
2025.11.29,18:00,18:15,Arnulf,7,1,8
2025.11.29,18:15,18:30,Arnulf,7,2,9
2025.11.29,18:30,18:45,Arnulf,9,1,10
2025.11.29,18:45,19:00,Arnulf,5,0,5
2025.11.29,19:00,19:15,Arnulf,9,1,10
2025.11.29,19:15,19:30,Arnulf,8,0,8
2025.11.29,19:30,19:45,Arnulf,5,1,6
2025.11.29,19:45,20:00,Arnulf,3,0,3
2025.11.29,20:00,20:15,Arnulf,8,0,8
2025.11.29,20:15,20:30,Arnulf,5,1,6
2025.11.29,20:30,20:45,Arnulf,6,1,7
2025.11.29,20:45,21:00,Arnulf,6,1,7
2025.11.29,21:00,21:15,Arnulf,8,1,9
2025.11.29,21:15,21:30,Arnulf,1,0,1
2025.11.29,21:30,21:45,Arnulf,4,0,4
2025.11.29,21:45,22:00,Arnulf,9,0,9
2025.11.29,22:00,22:15,Arnulf,6,0,6
2025.11.29,22:15,22:30,Arnulf,5,1,6
2025.11.29,22:30,22:45,Arnulf,9,0,9
2025.11.29,22:45,23:00,Arnulf,2,0,2
2025.11.29,23:00,23:15,Arnulf,5,0,5
2025.11.29,23:15,23:30,Arnulf,6,0,6
2025.11.29,23:30,23:45,Arnulf,3,1,4
2025.11.29,23:45,00:00,Arnulf,6,1,7
2025.11.30,00:00,00:15,Arnulf,3,2,5
2025.11.30,00:15,00:30,Arnulf,4,0,4
2025.11.30,00:30,00:45,Arnulf,3,0,3
2025.11.30,00:45,01:00,Arnulf,3,2,5
2025.11.30,01:00,01:15,Arnulf,3,0,3
2025.11.30,01:15,01:30,Arnulf,2,0,2
2025.11.30,01:30,01:45,Arnulf,2,0,2
2025.11.30,01:45,02:00,Arnulf,1,0,1
2025.11.30,02:00,02:15,Arnulf,2,2,4
2025.11.30,02:15,02:30,Arnulf,0,0,0
2025.11.30,02:30,02:45,Arnulf,2,0,2
2025.11.30,02:45,03:00,Arnulf,0,0,0
2025.11.30,03:00,03:15,Arnulf,5,0,5
2025.11.30,03:15,03:30,Arnulf,2,1,3
2025.11.30,03:30,03:45,Arnulf,0,1,1
2025.11.30,03:45,04:00,Arnulf,1,0,1
2025.11.30,04:00,04:15,Arnulf,1,0,1
2025.11.30,04:15,04:30,Arnulf,0,1,1
2025.11.30,04:30,04:45,Arnulf,1,0,1
2025.11.30,04:45,05:00,Arnulf,0,0,0
2025.11.30,05:00,05:15,Arnulf,1,0,1
2025.11.30,05:15,05:30,Arnulf,0,0,0
2025.11.30,05:30,05:45,Arnulf,2,0,2
2025.11.30,05:45,06:00,Arnulf,0,0,0
2025.11.30,06:00,06:15,Arnulf,1,0,1
2025.11.30,06:15,06:30,Arnulf,1,0,1
2025.11.30,06:30,06:45,Arnulf,3,0,3
2025.11.30,06:45,07:00,Arnulf,2,0,2
2025.11.30,07:00,07:15,Arnulf,1,0,1
2025.11.30,07:15,07:30,Arnulf,2,0,2
2025.11.30,07:30,07:45,Arnulf,0,0,0
2025.11.30,07:45,08:00,Arnulf,1,0,1
2025.11.30,08:00,08:15,Arnulf,2,0,2
2025.11.30,08:15,08:30,Arnulf,4,0,4
2025.11.30,08:30,08:45,Arnulf,4,0,4
2025.11.30,08:45,09:00,Arnulf,5,0,5
2025.11.30,09:00,09:15,Arnulf,3,1,4
2025.11.30,09:15,09:30,Arnulf,3,0,3
2025.11.30,09:30,09:45,Arnulf,3,0,3
2025.11.30,09:45,10:00,Arnulf,8,0,8
2025.11.30,10:00,10:15,Arnulf,4,0,4
2025.11.30,10:15,10:30,Arnulf,7,0,7
2025.11.30,10:30,10:45,Arnulf,8,0,8
2025.11.30,10:45,11:00,Arnulf,5,0,5
2025.11.30,11:00,11:15,Arnulf,3,0,3
2025.11.30,11:15,11:30,Arnulf,12,0,12
2025.11.30,11:30,11:45,Arnulf,9,1,10
2025.11.30,11:45,12:00,Arnulf,6,2,8
2025.11.30,12:00,12:15,Arnulf,10,1,11
2025.11.30,12:15,12:30,Arnulf,2,0,2
2025.11.30,12:30,12:45,Arnulf,9,1,10
2025.11.30,12:45,13:00,Arnulf,16,0,16
2025.11.30,13:00,13:15,Arnulf,9,2,11
2025.11.30,13:15,13:30,Arnulf,2,1,3
2025.11.30,13:30,13:45,Arnulf,7,0,7
2025.11.30,13:45,14:00,Arnulf,9,1,10
2025.11.30,14:00,14:15,Arnulf,9,0,9
2025.11.30,14:15,14:30,Arnulf,5,0,5
2025.11.30,14:30,14:45,Arnulf,11,1,12
2025.11.30,14:45,15:00,Arnulf,4,1,5
2025.11.30,15:00,15:15,Arnulf,9,0,9
2025.11.30,15:15,15:30,Arnulf,8,0,8
2025.11.30,15:30,15:45,Arnulf,5,0,5
2025.11.30,15:45,16:00,Arnulf,8,0,8
2025.11.30,16:00,16:15,Arnulf,8,1,9
2025.11.30,16:15,16:30,Arnulf,7,0,7
2025.11.30,16:30,16:45,Arnulf,6,4,10
2025.11.30,16:45,17:00,Arnulf,14,0,14
2025.11.30,17:00,17:15,Arnulf,5,1,6
2025.11.30,17:15,17:30,Arnulf,2,1,3
2025.11.30,17:30,17:45,Arnulf,5,0,5
2025.11.30,17:45,18:00,Arnulf,2,0,2
2025.11.30,18:00,18:15,Arnulf,7,2,9
2025.11.30,18:15,18:30,Arnulf,4,0,4
2025.11.30,18:30,18:45,Arnulf,4,0,4
2025.11.30,18:45,19:00,Arnulf,7,1,8
2025.11.30,19:00,19:15,Arnulf,1,0,1
2025.11.30,19:15,19:30,Arnulf,6,0,6
2025.11.30,19:30,19:45,Arnulf,8,0,8
2025.11.30,19:45,20:00,Arnulf,6,0,6
2025.11.30,20:00,20:15,Arnulf,5,1,6
2025.11.30,20:15,20:30,Arnulf,2,0,2
2025.11.30,20:30,20:45,Arnulf,6,0,6
2025.11.30,20:45,21:00,Arnulf,6,1,7
2025.11.30,21:00,21:15,Arnulf,2,1,3
2025.11.30,21:15,21:30,Arnulf,2,1,3
2025.11.30,21:30,21:45,Arnulf,3,1,4
2025.11.30,21:45,22:00,Arnulf,7,0,7
2025.11.30,22:00,22:15,Arnulf,5,0,5
2025.11.30,22:15,22:30,Arnulf,5,1,6
2025.11.30,22:30,22:45,Arnulf,3,1,4
2025.11.30,22:45,23:00,Arnulf,4,1,5
2025.11.30,23:00,23:15,Arnulf,2,1,3
2025.11.30,23:15,23:30,Arnulf,1,0,1
2025.11.30,23:30,23:45,Arnulf,2,0,2
2025.11.30,23:45,00:00,Arnulf,3,0,3
2025.11.01,00:00,00:15,Kreuther,0,2,2
2025.11.01,00:15,00:30,Kreuther,0,0,0
2025.11.01,00:30,00:45,Kreuther,0,1,1
2025.11.01,00:45,01:00,Kreuther,0,0,0
2025.11.01,01:00,01:15,Kreuther,0,0,0
2025.11.01,01:15,01:30,Kreuther,0,0,0
2025.11.01,01:30,01:45,Kreuther,0,0,0
2025.11.01,01:45,02:00,Kreuther,0,0,0
2025.11.01,02:00,02:15,Kreuther,0,0,0
2025.11.01,02:15,02:30,Kreuther,0,0,0
2025.11.01,02:30,02:45,Kreuther,0,0,0
2025.11.01,02:45,03:00,Kreuther,0,0,0
2025.11.01,03:00,03:15,Kreuther,2,0,2
2025.11.01,03:15,03:30,Kreuther,0,0,0
2025.11.01,03:30,03:45,Kreuther,0,0,0
2025.11.01,03:45,04:00,Kreuther,0,0,0
2025.11.01,04:00,04:15,Kreuther,0,0,0
2025.11.01,04:15,04:30,Kreuther,0,0,0
2025.11.01,04:30,04:45,Kreuther,0,0,0
2025.11.01,04:45,05:00,Kreuther,0,1,1
2025.11.01,05:00,05:15,Kreuther,0,0,0
2025.11.01,05:15,05:30,Kreuther,0,0,0
2025.11.01,05:30,05:45,Kreuther,0,0,0
2025.11.01,05:45,06:00,Kreuther,0,1,1
2025.11.01,06:00,06:15,Kreuther,0,0,0
2025.11.01,06:15,06:30,Kreuther,0,0,0
2025.11.01,06:30,06:45,Kreuther,1,0,1
2025.11.01,06:45,07:00,Kreuther,0,1,1
2025.11.01,07:00,07:15,Kreuther,1,0,1
2025.11.01,07:15,07:30,Kreuther,0,1,1
2025.11.01,07:30,07:45,Kreuther,1,0,1
2025.11.01,07:45,08:00,Kreuther,1,1,2
2025.11.01,08:00,08:15,Kreuther,0,2,2
2025.11.01,08:15,08:30,Kreuther,1,0,1
2025.11.01,08:30,08:45,Kreuther,0,0,0
2025.11.01,08:45,09:00,Kreuther,2,2,4
2025.11.01,09:00,09:15,Kreuther,1,0,1
2025.11.01,09:15,09:30,Kreuther,1,1,2
2025.11.01,09:30,09:45,Kreuther,3,1,4
2025.11.01,09:45,10:00,Kreuther,7,0,7
2025.11.01,10:00,10:15,Kreuther,1,6,7
2025.11.01,10:15,10:30,Kreuther,4,0,4
2025.11.01,10:30,10:45,Kreuther,3,2,5
2025.11.01,10:45,11:00,Kreuther,4,2,6
2025.11.01,11:00,11:15,Kreuther,1,4,5
2025.11.01,11:15,11:30,Kreuther,7,4,11
2025.11.01,11:30,11:45,Kreuther,2,1,3
2025.11.01,11:45,12:00,Kreuther,5,5,10
2025.11.01,12:00,12:15,Kreuther,9,1,10
2025.11.01,12:15,12:30,Kreuther,5,4,9
2025.11.01,12:30,12:45,Kreuther,4,4,8
2025.11.01,12:45,13:00,Kreuther,10,5,15
2025.11.01,13:00,13:15,Kreuther,12,2,14
2025.11.01,13:15,13:30,Kreuther,11,9,20
2025.11.01,13:30,13:45,Kreuther,4,10,14
2025.11.01,13:45,14:00,Kreuther,7,5,12
2025.11.01,14:00,14:15,Kreuther,9,11,20
2025.11.01,14:15,14:30,Kreuther,10,9,19
2025.11.01,14:30,14:45,Kreuther,4,14,18
2025.11.01,14:45,15:00,Kreuther,14,9,23
2025.11.01,15:00,15:15,Kreuther,7,3,10
2025.11.01,15:15,15:30,Kreuther,1,12,13
2025.11.01,15:30,15:45,Kreuther,5,3,8
2025.11.01,15:45,16:00,Kreuther,7,14,21
2025.11.01,16:00,16:15,Kreuther,5,15,20
2025.11.01,16:15,16:30,Kreuther,2,10,12
2025.11.01,16:30,16:45,Kreuther,5,7,12
2025.11.01,16:45,17:00,Kreuther,6,5,11
2025.11.01,17:00,17:15,Kreuther,4,10,14
2025.11.01,17:15,17:30,Kreuther,1,2,3
2025.11.01,17:30,17:45,Kreuther,2,4,6
2025.11.01,17:45,18:00,Kreuther,2,0,2
2025.11.01,18:00,18:15,Kreuther,0,1,1
2025.11.01,18:15,18:30,Kreuther,0,6,6
2025.11.01,18:30,18:45,Kreuther,2,1,3
2025.11.01,18:45,19:00,Kreuther,0,0,0
2025.11.01,19:00,19:15,Kreuther,3,1,4
2025.11.01,19:15,19:30,Kreuther,0,3,3
2025.11.01,19:30,19:45,Kreuther,0,2,2
2025.11.01,19:45,20:00,Kreuther,0,0,0
2025.11.01,20:00,20:15,Kreuther,1,3,4
2025.11.01,20:15,20:30,Kreuther,1,1,2
2025.11.01,20:30,20:45,Kreuther,1,1,2
2025.11.01,20:45,21:00,Kreuther,1,0,1
2025.11.01,21:00,21:15,Kreuther,0,1,1
2025.11.01,21:15,21:30,Kreuther,0,1,1
2025.11.01,21:30,21:45,Kreuther,1,1,2
2025.11.01,21:45,22:00,Kreuther,1,0,1
2025.11.01,22:00,22:15,Kreuther,0,1,1
2025.11.01,22:15,22:30,Kreuther,0,0,0
2025.11.01,22:30,22:45,Kreuther,2,0,2
2025.11.01,22:45,23:00,Kreuther,0,1,1
2025.11.01,23:00,23:15,Kreuther,0,1,1
2025.11.01,23:15,23:30,Kreuther,0,0,0
2025.11.01,23:30,23:45,Kreuther,0,2,2
2025.11.01,23:45,00:00,Kreuther,0,0,0
2025.11.02,00:00,00:15,Kreuther,1,2,3
2025.11.02,00:15,00:30,Kreuther,0,0,0
2025.11.02,00:30,00:45,Kreuther,0,0,0
2025.11.02,00:45,01:00,Kreuther,1,1,2
2025.11.02,01:00,01:15,Kreuther,0,0,0
2025.11.02,01:15,01:30,Kreuther,0,0,0
2025.11.02,01:30,01:45,Kreuther,0,0,0
2025.11.02,01:45,02:00,Kreuther,0,1,1
2025.11.02,02:00,02:15,Kreuther,0,0,0
2025.11.02,02:15,02:30,Kreuther,0,1,1
2025.11.02,02:30,02:45,Kreuther,0,0,0
2025.11.02,02:45,03:00,Kreuther,0,1,1
2025.11.02,03:00,03:15,Kreuther,0,1,1
2025.11.02,03:15,03:30,Kreuther,0,0,0
2025.11.02,03:30,03:45,Kreuther,0,0,0
2025.11.02,03:45,04:00,Kreuther,0,0,0
2025.11.02,04:00,04:15,Kreuther,0,0,0
2025.11.02,04:15,04:30,Kreuther,0,0,0
2025.11.02,04:30,04:45,Kreuther,0,0,0
2025.11.02,04:45,05:00,Kreuther,1,0,1
2025.11.02,05:00,05:15,Kreuther,0,0,0
2025.11.02,05:15,05:30,Kreuther,0,0,0
2025.11.02,05:30,05:45,Kreuther,0,0,0
2025.11.02,05:45,06:00,Kreuther,0,0,0
2025.11.02,06:00,06:15,Kreuther,0,0,0
2025.11.02,06:15,06:30,Kreuther,0,0,0
2025.11.02,06:30,06:45,Kreuther,0,0,0
2025.11.02,06:45,07:00,Kreuther,0,0,0
2025.11.02,07:00,07:15,Kreuther,0,0,0
2025.11.02,07:15,07:30,Kreuther,1,0,1
2025.11.02,07:30,07:45,Kreuther,0,0,0
2025.11.02,07:45,08:00,Kreuther,0,0,0
2025.11.02,08:00,08:15,Kreuther,0,0,0
2025.11.02,08:15,08:30,Kreuther,0,2,2
2025.11.02,08:30,08:45,Kreuther,0,0,0
2025.11.02,08:45,09:00,Kreuther,0,0,0
2025.11.02,09:00,09:15,Kreuther,0,0,0
2025.11.02,09:15,09:30,Kreuther,1,0,1
2025.11.02,09:30,09:45,Kreuther,1,2,3
2025.11.02,09:45,10:00,Kreuther,0,1,1
2025.11.02,10:00,10:15,Kreuther,0,2,2
2025.11.02,10:15,10:30,Kreuther,4,2,6
2025.11.02,10:30,10:45,Kreuther,0,0,0
2025.11.02,10:45,11:00,Kreuther,0,1,1
2025.11.02,11:00,11:15,Kreuther,0,0,0
2025.11.02,11:15,11:30,Kreuther,0,0,0
2025.11.02,11:30,11:45,Kreuther,1,0,1
2025.11.02,11:45,12:00,Kreuther,0,1,1
2025.11.02,12:00,12:15,Kreuther,1,0,1
2025.11.02,12:15,12:30,Kreuther,1,0,1
2025.11.02,12:30,12:45,Kreuther,1,1,2
2025.11.02,12:45,13:00,Kreuther,1,1,2
2025.11.02,13:00,13:15,Kreuther,1,0,1
2025.11.02,13:15,13:30,Kreuther,1,1,2
2025.11.02,13:30,13:45,Kreuther,0,0,0
2025.11.02,13:45,14:00,Kreuther,0,0,0
2025.11.02,14:00,14:15,Kreuther,3,0,3
2025.11.02,14:15,14:30,Kreuther,2,0,2
2025.11.02,14:30,14:45,Kreuther,0,0,0
2025.11.02,14:45,15:00,Kreuther,2,1,3
2025.11.02,15:00,15:15,Kreuther,0,1,1
2025.11.02,15:15,15:30,Kreuther,1,1,2
2025.11.02,15:30,15:45,Kreuther,3,0,3
2025.11.02,15:45,16:00,Kreuther,1,3,4
2025.11.02,16:00,16:15,Kreuther,1,1,2
2025.11.02,16:15,16:30,Kreuther,0,0,0
2025.11.02,16:30,16:45,Kreuther,1,1,2
2025.11.02,16:45,17:00,Kreuther,2,0,2
2025.11.02,17:00,17:15,Kreuther,1,0,1
2025.11.02,17:15,17:30,Kreuther,0,0,0
2025.11.02,17:30,17:45,Kreuther,0,0,0
2025.11.02,17:45,18:00,Kreuther,2,0,2
2025.11.02,18:00,18:15,Kreuther,0,1,1
2025.11.02,18:15,18:30,Kreuther,2,1,3
2025.11.02,18:30,18:45,Kreuther,1,0,1
2025.11.02,18:45,19:00,Kreuther,1,0,1
2025.11.02,19:00,19:15,Kreuther,0,1,1
2025.11.02,19:15,19:30,Kreuther,0,0,0
2025.11.02,19:30,19:45,Kreuther,0,0,0
2025.11.02,19:45,20:00,Kreuther,0,0,0
2025.11.02,20:00,20:15,Kreuther,0,1,1
2025.11.02,20:15,20:30,Kreuther,1,0,1
2025.11.02,20:30,20:45,Kreuther,0,0,0
2025.11.02,20:45,21:00,Kreuther,0,1,1
2025.11.02,21:00,21:15,Kreuther,0,1,1
2025.11.02,21:15,21:30,Kreuther,0,0,0
2025.11.02,21:30,21:45,Kreuther,0,1,1
2025.11.02,21:45,22:00,Kreuther,0,0,0
2025.11.02,22:00,22:15,Kreuther,0,3,3
2025.11.02,22:15,22:30,Kreuther,0,0,0
2025.11.02,22:30,22:45,Kreuther,0,2,2
2025.11.02,22:45,23:00,Kreuther,0,0,0
2025.11.02,23:00,23:15,Kreuther,0,1,1
2025.11.02,23:15,23:30,Kreuther,0,0,0
2025.11.02,23:30,23:45,Kreuther,0,0,0
2025.11.02,23:45,00:00,Kreuther,0,0,0
2025.11.03,00:00,00:15,Kreuther,0,0,0
2025.11.03,00:15,00:30,Kreuther,0,0,0
2025.11.03,00:30,00:45,Kreuther,1,1,2
2025.11.03,00:45,01:00,Kreuther,0,1,1
2025.11.03,01:00,01:15,Kreuther,0,0,0
2025.11.03,01:15,01:30,Kreuther,0,0,0
2025.11.03,01:30,01:45,Kreuther,0,0,0
2025.11.03,01:45,02:00,Kreuther,0,0,0
2025.11.03,02:00,02:15,Kreuther,1,0,1
2025.11.03,02:15,02:30,Kreuther,0,0,0
2025.11.03,02:30,02:45,Kreuther,0,0,0
2025.11.03,02:45,03:00,Kreuther,0,0,0
2025.11.03,03:00,03:15,Kreuther,0,0,0
2025.11.03,03:15,03:30,Kreuther,0,0,0
2025.11.03,03:30,03:45,Kreuther,0,0,0
2025.11.03,03:45,04:00,Kreuther,1,0,1
2025.11.03,04:00,04:15,Kreuther,0,0,0
2025.11.03,04:15,04:30,Kreuther,0,0,0
2025.11.03,04:30,04:45,Kreuther,0,0,0
2025.11.03,04:45,05:00,Kreuther,0,0,0
2025.11.03,05:00,05:15,Kreuther,1,0,1
2025.11.03,05:15,05:30,Kreuther,2,0,2
2025.11.03,05:30,05:45,Kreuther,1,1,2
2025.11.03,05:45,06:00,Kreuther,1,0,1
2025.11.03,06:00,06:15,Kreuther,1,2,3
2025.11.03,06:15,06:30,Kreuther,3,0,3
2025.11.03,06:30,06:45,Kreuther,4,3,7
2025.11.03,06:45,07:00,Kreuther,4,2,6
2025.11.03,07:00,07:15,Kreuther,0,1,1
2025.11.03,07:15,07:30,Kreuther,4,3,7
2025.11.03,07:30,07:45,Kreuther,22,3,25
2025.11.03,07:45,08:00,Kreuther,11,2,13
2025.11.03,08:00,08:15,Kreuther,17,2,19
2025.11.03,08:15,08:30,Kreuther,22,1,23
2025.11.03,08:30,08:45,Kreuther,19,1,20
2025.11.03,08:45,09:00,Kreuther,8,2,10
2025.11.03,09:00,09:15,Kreuther,5,1,6
2025.11.03,09:15,09:30,Kreuther,2,1,3
2025.11.03,09:30,09:45,Kreuther,4,0,4
2025.11.03,09:45,10:00,Kreuther,2,1,3
2025.11.03,10:00,10:15,Kreuther,6,3,9
2025.11.03,10:15,10:30,Kreuther,2,1,3
2025.11.03,10:30,10:45,Kreuther,2,5,7
2025.11.03,10:45,11:00,Kreuther,4,1,5
2025.11.03,11:00,11:15,Kreuther,2,2,4
2025.11.03,11:15,11:30,Kreuther,6,2,8
2025.11.03,11:30,11:45,Kreuther,8,3,11
2025.11.03,11:45,12:00,Kreuther,4,4,8
2025.11.03,12:00,12:15,Kreuther,0,5,5
2025.11.03,12:15,12:30,Kreuther,4,3,7
2025.11.03,12:30,12:45,Kreuther,4,0,4
2025.11.03,12:45,13:00,Kreuther,2,1,3
2025.11.03,13:00,13:15,Kreuther,3,3,6
2025.11.03,13:15,13:30,Kreuther,3,3,6
2025.11.03,13:30,13:45,Kreuther,4,3,7
2025.11.03,13:45,14:00,Kreuther,8,0,8
2025.11.03,14:00,14:15,Kreuther,5,4,9
2025.11.03,14:15,14:30,Kreuther,7,0,7
2025.11.03,14:30,14:45,Kreuther,10,2,12
2025.11.03,14:45,15:00,Kreuther,8,3,11
2025.11.03,15:00,15:15,Kreuther,5,5,10
2025.11.03,15:15,15:30,Kreuther,4,2,6
2025.11.03,15:30,15:45,Kreuther,4,8,12
2025.11.03,15:45,16:00,Kreuther,2,6,8
2025.11.03,16:00,16:15,Kreuther,7,4,11
2025.11.03,16:15,16:30,Kreuther,4,4,8
2025.11.03,16:30,16:45,Kreuther,9,6,15
2025.11.03,16:45,17:00,Kreuther,4,15,19
2025.11.03,17:00,17:15,Kreuther,9,12,21
2025.11.03,17:15,17:30,Kreuther,6,10,16
2025.11.03,17:30,17:45,Kreuther,2,7,9
2025.11.03,17:45,18:00,Kreuther,0,5,5
2025.11.03,18:00,18:15,Kreuther,3,5,8
2025.11.03,18:15,18:30,Kreuther,3,4,7
2025.11.03,18:30,18:45,Kreuther,3,3,6
2025.11.03,18:45,19:00,Kreuther,4,6,10
2025.11.03,19:00,19:15,Kreuther,3,3,6
2025.11.03,19:15,19:30,Kreuther,3,2,5
2025.11.03,19:30,19:45,Kreuther,3,1,4
2025.11.03,19:45,20:00,Kreuther,1,4,5
2025.11.03,20:00,20:15,Kreuther,0,5,5
2025.11.03,20:15,20:30,Kreuther,1,3,4
2025.11.03,20:30,20:45,Kreuther,2,1,3
2025.11.03,20:45,21:00,Kreuther,3,0,3
2025.11.03,21:00,21:15,Kreuther,0,3,3
2025.11.03,21:15,21:30,Kreuther,0,2,2
2025.11.03,21:30,21:45,Kreuther,0,2,2
2025.11.03,21:45,22:00,Kreuther,2,1,3
2025.11.03,22:00,22:15,Kreuther,0,3,3
2025.11.03,22:15,22:30,Kreuther,0,1,1
2025.11.03,22:30,22:45,Kreuther,0,1,1
2025.11.03,22:45,23:00,Kreuther,1,2,3
2025.11.03,23:00,23:15,Kreuther,1,1,2
2025.11.03,23:15,23:30,Kreuther,0,0,0
2025.11.03,23:30,23:45,Kreuther,0,1,1
2025.11.03,23:45,00:00,Kreuther,0,1,1
2025.11.04,00:00,00:15,Kreuther,0,0,0
2025.11.04,00:15,00:30,Kreuther,0,0,0
2025.11.04,00:30,00:45,Kreuther,0,0,0
2025.11.04,00:45,01:00,Kreuther,1,1,2
2025.11.04,01:00,01:15,Kreuther,0,0,0
2025.11.04,01:15,01:30,Kreuther,0,0,0
2025.11.04,01:30,01:45,Kreuther,0,0,0
2025.11.04,01:45,02:00,Kreuther,0,0,0
2025.11.04,02:00,02:15,Kreuther,1,0,1
2025.11.04,02:15,02:30,Kreuther,0,0,0
2025.11.04,02:30,02:45,Kreuther,0,0,0
2025.11.04,02:45,03:00,Kreuther,0,0,0
2025.11.04,03:00,03:15,Kreuther,0,0,0
2025.11.04,03:15,03:30,Kreuther,0,0,0
2025.11.04,03:30,03:45,Kreuther,0,0,0
2025.11.04,03:45,04:00,Kreuther,0,0,0
2025.11.04,04:00,04:15,Kreuther,0,0,0
2025.11.04,04:15,04:30,Kreuther,0,0,0
2025.11.04,04:30,04:45,Kreuther,1,0,1
2025.11.04,04:45,05:00,Kreuther,0,0,0
2025.11.04,05:00,05:15,Kreuther,1,0,1
2025.11.04,05:15,05:30,Kreuther,1,0,1
2025.11.04,05:30,05:45,Kreuther,1,1,2
2025.11.04,05:45,06:00,Kreuther,2,0,2
2025.11.04,06:00,06:15,Kreuther,0,2,2
2025.11.04,06:15,06:30,Kreuther,0,0,0
2025.11.04,06:30,06:45,Kreuther,6,1,7
2025.11.04,06:45,07:00,Kreuther,3,2,5
2025.11.04,07:00,07:15,Kreuther,3,0,3
2025.11.04,07:15,07:30,Kreuther,4,4,8
2025.11.04,07:30,07:45,Kreuther,10,3,13
2025.11.04,07:45,08:00,Kreuther,20,4,24
2025.11.04,08:00,08:15,Kreuther,33,3,36
2025.11.04,08:15,08:30,Kreuther,14,2,16
2025.11.04,08:30,08:45,Kreuther,18,1,19
2025.11.04,08:45,09:00,Kreuther,18,1,19
2025.11.04,09:00,09:15,Kreuther,9,4,13
2025.11.04,09:15,09:30,Kreuther,11,5,16
2025.11.04,09:30,09:45,Kreuther,12,2,14
2025.11.04,09:45,10:00,Kreuther,9,1,10
2025.11.04,10:00,10:15,Kreuther,2,2,4
2025.11.04,10:15,10:30,Kreuther,3,2,5
2025.11.04,10:30,10:45,Kreuther,3,5,8
2025.11.04,10:45,11:00,Kreuther,5,6,11
2025.11.04,11:00,11:15,Kreuther,6,4,10
2025.11.04,11:15,11:30,Kreuther,6,3,9
2025.11.04,11:30,11:45,Kreuther,5,2,7
2025.11.04,11:45,12:00,Kreuther,3,0,3
2025.11.04,12:00,12:15,Kreuther,1,2,3
2025.11.04,12:15,12:30,Kreuther,7,9,16
2025.11.04,12:30,12:45,Kreuther,2,2,4
2025.11.04,12:45,13:00,Kreuther,5,5,10
2025.11.04,13:00,13:15,Kreuther,8,8,16
2025.11.04,13:15,13:30,Kreuther,5,11,16
2025.11.04,13:30,13:45,Kreuther,7,9,16
2025.11.04,13:45,14:00,Kreuther,4,4,8
2025.11.04,14:00,14:15,Kreuther,4,4,8
2025.11.04,14:15,14:30,Kreuther,5,7,12
2025.11.04,14:30,14:45,Kreuther,2,7,9
2025.11.04,14:45,15:00,Kreuther,4,7,11
2025.11.04,15:00,15:15,Kreuther,4,8,12
2025.11.04,15:15,15:30,Kreuther,2,7,9
2025.11.04,15:30,15:45,Kreuther,9,7,16
2025.11.04,15:45,16:00,Kreuther,10,6,16
2025.11.04,16:00,16:15,Kreuther,3,7,10
2025.11.04,16:15,16:30,Kreuther,14,10,24
2025.11.04,16:30,16:45,Kreuther,7,11,18
2025.11.04,16:45,17:00,Kreuther,3,13,16
2025.11.04,17:00,17:15,Kreuther,6,13,19
2025.11.04,17:15,17:30,Kreuther,3,13,16
2025.11.04,17:30,17:45,Kreuther,9,12,21
2025.11.04,17:45,18:00,Kreuther,7,14,21
2025.11.04,18:00,18:15,Kreuther,3,6,9
2025.11.04,18:15,18:30,Kreuther,3,3,6
2025.11.04,18:30,18:45,Kreuther,5,5,10
2025.11.04,18:45,19:00,Kreuther,1,4,5
2025.11.04,19:00,19:15,Kreuther,5,2,7
2025.11.04,19:15,19:30,Kreuther,2,2,4
2025.11.04,19:30,19:45,Kreuther,3,2,5
2025.11.04,19:45,20:00,Kreuther,0,3,3
2025.11.04,20:00,20:15,Kreuther,0,4,4
2025.11.04,20:15,20:30,Kreuther,1,2,3
2025.11.04,20:30,20:45,Kreuther,0,2,2
2025.11.04,20:45,21:00,Kreuther,1,1,2
2025.11.04,21:00,21:15,Kreuther,1,1,2
2025.11.04,21:15,21:30,Kreuther,1,1,2
2025.11.04,21:30,21:45,Kreuther,0,0,0
2025.11.04,21:45,22:00,Kreuther,0,2,2
2025.11.04,22:00,22:15,Kreuther,0,2,2
2025.11.04,22:15,22:30,Kreuther,2,0,2
2025.11.04,22:30,22:45,Kreuther,0,0,0
2025.11.04,22:45,23:00,Kreuther,0,1,1
2025.11.04,23:00,23:15,Kreuther,0,1,1
2025.11.04,23:15,23:30,Kreuther,0,3,3
2025.11.04,23:30,23:45,Kreuther,1,1,2
2025.11.04,23:45,00:00,Kreuther,0,0,0
2025.11.05,00:00,00:15,Kreuther,0,0,0
2025.11.05,00:15,00:30,Kreuther,0,0,0
2025.11.05,00:30,00:45,Kreuther,0,0,0
2025.11.05,00:45,01:00,Kreuther,0,0,0
2025.11.05,01:00,01:15,Kreuther,0,1,1
2025.11.05,01:15,01:30,Kreuther,0,0,0
2025.11.05,01:30,01:45,Kreuther,1,0,1
2025.11.05,01:45,02:00,Kreuther,0,0,0
2025.11.05,02:00,02:15,Kreuther,0,0,0
2025.11.05,02:15,02:30,Kreuther,1,0,1
2025.11.05,02:30,02:45,Kreuther,0,0,0
2025.11.05,02:45,03:00,Kreuther,0,0,0
2025.11.05,03:00,03:15,Kreuther,0,0,0
2025.11.05,03:15,03:30,Kreuther,0,0,0
2025.11.05,03:30,03:45,Kreuther,0,0,0
2025.11.05,03:45,04:00,Kreuther,0,0,0
2025.11.05,04:00,04:15,Kreuther,0,0,0
2025.11.05,04:15,04:30,Kreuther,0,0,0
2025.11.05,04:30,04:45,Kreuther,0,0,0
2025.11.05,04:45,05:00,Kreuther,0,0,0
2025.11.05,05:00,05:15,Kreuther,1,0,1
2025.11.05,05:15,05:30,Kreuther,2,0,2
2025.11.05,05:30,05:45,Kreuther,0,0,0
2025.11.05,05:45,06:00,Kreuther,1,1,2
2025.11.05,06:00,06:15,Kreuther,1,0,1
2025.11.05,06:15,06:30,Kreuther,4,1,5
2025.11.05,06:30,06:45,Kreuther,3,2,5
2025.11.05,06:45,07:00,Kreuther,0,2,2
2025.11.05,07:00,07:15,Kreuther,5,0,5
2025.11.05,07:15,07:30,Kreuther,8,2,10
2025.11.05,07:30,07:45,Kreuther,12,0,12
2025.11.05,07:45,08:00,Kreuther,14,2,16
2025.11.05,08:00,08:15,Kreuther,18,6,24
2025.11.05,08:15,08:30,Kreuther,22,4,26
2025.11.05,08:30,08:45,Kreuther,12,3,15
2025.11.05,08:45,09:00,Kreuther,13,5,18
2025.11.05,09:00,09:15,Kreuther,7,3,10
2025.11.05,09:15,09:30,Kreuther,7,3,10
2025.11.05,09:30,09:45,Kreuther,6,7,13
2025.11.05,09:45,10:00,Kreuther,7,3,10
2025.11.05,10:00,10:15,Kreuther,8,0,8
2025.11.05,10:15,10:30,Kreuther,2,3,5
2025.11.05,10:30,10:45,Kreuther,4,2,6
2025.11.05,10:45,11:00,Kreuther,3,4,7
2025.11.05,11:00,11:15,Kreuther,5,2,7
2025.11.05,11:15,11:30,Kreuther,5,6,11
2025.11.05,11:30,11:45,Kreuther,3,6,9
2025.11.05,11:45,12:00,Kreuther,3,4,7
2025.11.05,12:00,12:15,Kreuther,0,3,3
2025.11.05,12:15,12:30,Kreuther,5,5,10
2025.11.05,12:30,12:45,Kreuther,8,2,10
2025.11.05,12:45,13:00,Kreuther,7,8,15
2025.11.05,13:00,13:15,Kreuther,1,2,3
2025.11.05,13:15,13:30,Kreuther,6,3,9
2025.11.05,13:30,13:45,Kreuther,10,3,13
2025.11.05,13:45,14:00,Kreuther,5,3,8
2025.11.05,14:00,14:15,Kreuther,4,1,5
2025.11.05,14:15,14:30,Kreuther,6,9,15
2025.11.05,14:30,14:45,Kreuther,3,3,6
2025.11.05,14:45,15:00,Kreuther,4,9,13
2025.11.05,15:00,15:15,Kreuther,6,8,14
2025.11.05,15:15,15:30,Kreuther,8,14,22
2025.11.05,15:30,15:45,Kreuther,2,11,13
2025.11.05,15:45,16:00,Kreuther,9,14,23
2025.11.05,16:00,16:15,Kreuther,6,5,11
2025.11.05,16:15,16:30,Kreuther,7,13,20
2025.11.05,16:30,16:45,Kreuther,5,9,14
2025.11.05,16:45,17:00,Kreuther,4,6,10
2025.11.05,17:00,17:15,Kreuther,6,6,12
2025.11.05,17:15,17:30,Kreuther,5,7,12
2025.11.05,17:30,17:45,Kreuther,5,18,23
2025.11.05,17:45,18:00,Kreuther,11,8,19
2025.11.05,18:00,18:15,Kreuther,5,7,12
2025.11.05,18:15,18:30,Kreuther,2,9,11
2025.11.05,18:30,18:45,Kreuther,1,4,5
2025.11.05,18:45,19:00,Kreuther,5,3,8
2025.11.05,19:00,19:15,Kreuther,1,6,7
2025.11.05,19:15,19:30,Kreuther,2,4,6
2025.11.05,19:30,19:45,Kreuther,2,1,3
2025.11.05,19:45,20:00,Kreuther,1,3,4
2025.11.05,20:00,20:15,Kreuther,1,4,5
2025.11.05,20:15,20:30,Kreuther,1,1,2
2025.11.05,20:30,20:45,Kreuther,4,3,7
2025.11.05,20:45,21:00,Kreuther,1,3,4
2025.11.05,21:00,21:15,Kreuther,0,5,5
2025.11.05,21:15,21:30,Kreuther,0,1,1
2025.11.05,21:30,21:45,Kreuther,2,0,2
2025.11.05,21:45,22:00,Kreuther,1,0,1
2025.11.05,22:00,22:15,Kreuther,0,1,1
2025.11.05,22:15,22:30,Kreuther,0,5,5
2025.11.05,22:30,22:45,Kreuther,0,2,2
2025.11.05,22:45,23:00,Kreuther,0,1,1
2025.11.05,23:00,23:15,Kreuther,0,1,1
2025.11.05,23:15,23:30,Kreuther,0,0,0
2025.11.05,23:30,23:45,Kreuther,0,0,0
2025.11.05,23:45,00:00,Kreuther,0,0,0
2025.11.06,00:00,00:15,Kreuther,0,0,0
2025.11.06,00:15,00:30,Kreuther,0,0,0
2025.11.06,00:30,00:45,Kreuther,0,0,0
2025.11.06,00:45,01:00,Kreuther,0,0,0
2025.11.06,01:00,01:15,Kreuther,0,0,0
2025.11.06,01:15,01:30,Kreuther,0,0,0
2025.11.06,01:30,01:45,Kreuther,0,0,0
2025.11.06,01:45,02:00,Kreuther,0,0,0
2025.11.06,02:00,02:15,Kreuther,1,0,1
2025.11.06,02:15,02:30,Kreuther,0,0,0
2025.11.06,02:30,02:45,Kreuther,0,0,0
2025.11.06,02:45,03:00,Kreuther,0,0,0
2025.11.06,03:00,03:15,Kreuther,0,0,0
2025.11.06,03:15,03:30,Kreuther,0,0,0
2025.11.06,03:30,03:45,Kreuther,0,0,0
2025.11.06,03:45,04:00,Kreuther,0,0,0
2025.11.06,04:00,04:15,Kreuther,0,0,0
2025.11.06,04:15,04:30,Kreuther,0,0,0
2025.11.06,04:30,04:45,Kreuther,1,0,1
2025.11.06,04:45,05:00,Kreuther,0,0,0
2025.11.06,05:00,05:15,Kreuther,1,0,1
2025.11.06,05:15,05:30,Kreuther,1,0,1
2025.11.06,05:30,05:45,Kreuther,1,0,1
2025.11.06,05:45,06:00,Kreuther,1,0,1
2025.11.06,06:00,06:15,Kreuther,0,0,0
2025.11.06,06:15,06:30,Kreuther,3,1,4
2025.11.06,06:30,06:45,Kreuther,2,0,2
2025.11.06,06:45,07:00,Kreuther,4,4,8
2025.11.06,07:00,07:15,Kreuther,5,0,5
2025.11.06,07:15,07:30,Kreuther,3,0,3
2025.11.06,07:30,07:45,Kreuther,8,2,10
2025.11.06,07:45,08:00,Kreuther,13,5,18
2025.11.06,08:00,08:15,Kreuther,13,2,15
2025.11.06,08:15,08:30,Kreuther,22,3,25
2025.11.06,08:30,08:45,Kreuther,9,0,9
2025.11.06,08:45,09:00,Kreuther,12,1,13
2025.11.06,09:00,09:15,Kreuther,7,1,8
2025.11.06,09:15,09:30,Kreuther,12,4,16
2025.11.06,09:30,09:45,Kreuther,9,0,9
2025.11.06,09:45,10:00,Kreuther,3,0,3
2025.11.06,10:00,10:15,Kreuther,4,5,9
2025.11.06,10:15,10:30,Kreuther,2,1,3
2025.11.06,10:30,10:45,Kreuther,5,2,7
2025.11.06,10:45,11:00,Kreuther,4,2,6
2025.11.06,11:00,11:15,Kreuther,1,3,4
2025.11.06,11:15,11:30,Kreuther,4,2,6
2025.11.06,11:30,11:45,Kreuther,4,4,8
2025.11.06,11:45,12:00,Kreuther,5,1,6
2025.11.06,12:00,12:15,Kreuther,2,2,4
2025.11.06,12:15,12:30,Kreuther,4,1,5
2025.11.06,12:30,12:45,Kreuther,5,6,11
2025.11.06,12:45,13:00,Kreuther,3,7,10
2025.11.06,13:00,13:15,Kreuther,2,5,7
2025.11.06,13:15,13:30,Kreuther,2,5,7
2025.11.06,13:30,13:45,Kreuther,4,5,9
2025.11.06,13:45,14:00,Kreuther,3,5,8
2025.11.06,14:00,14:15,Kreuther,6,3,9
2025.11.06,14:15,14:30,Kreuther,2,2,4
2025.11.06,14:30,14:45,Kreuther,4,4,8
2025.11.06,14:45,15:00,Kreuther,3,7,10
2025.11.06,15:00,15:15,Kreuther,3,4,7
2025.11.06,15:15,15:30,Kreuther,2,6,8
2025.11.06,15:30,15:45,Kreuther,4,6,10
2025.11.06,15:45,16:00,Kreuther,3,6,9
2025.11.06,16:00,16:15,Kreuther,2,5,7
2025.11.06,16:15,16:30,Kreuther,4,3,7
2025.11.06,16:30,16:45,Kreuther,1,4,5
2025.11.06,16:45,17:00,Kreuther,2,2,4
2025.11.06,17:00,17:15,Kreuther,8,5,13
2025.11.06,17:15,17:30,Kreuther,1,4,5
2025.11.06,17:30,17:45,Kreuther,3,8,11
2025.11.06,17:45,18:00,Kreuther,3,5,8
2025.11.06,18:00,18:15,Kreuther,3,4,7
2025.11.06,18:15,18:30,Kreuther,5,6,11
2025.11.06,18:30,18:45,Kreuther,3,6,9
2025.11.06,18:45,19:00,Kreuther,3,2,5
2025.11.06,19:00,19:15,Kreuther,1,3,4
2025.11.06,19:15,19:30,Kreuther,0,4,4
2025.11.06,19:30,19:45,Kreuther,2,3,5
2025.11.06,19:45,20:00,Kreuther,2,4,6
2025.11.06,20:00,20:15,Kreuther,3,2,5
2025.11.06,20:15,20:30,Kreuther,2,3,5
2025.11.06,20:30,20:45,Kreuther,2,1,3
2025.11.06,20:45,21:00,Kreuther,0,1,1
2025.11.06,21:00,21:15,Kreuther,0,4,4
2025.11.06,21:15,21:30,Kreuther,1,3,4
2025.11.06,21:30,21:45,Kreuther,0,0,0
2025.11.06,21:45,22:00,Kreuther,0,0,0
2025.11.06,22:00,22:15,Kreuther,2,0,2
2025.11.06,22:15,22:30,Kreuther,0,0,0
2025.11.06,22:30,22:45,Kreuther,0,0,0
2025.11.06,22:45,23:00,Kreuther,0,0,0
2025.11.06,23:00,23:15,Kreuther,0,0,0
2025.11.06,23:15,23:30,Kreuther,0,1,1
2025.11.06,23:30,23:45,Kreuther,0,1,1
2025.11.06,23:45,00:00,Kreuther,0,0,0
2025.11.07,00:00,00:15,Kreuther,0,1,1
2025.11.07,00:15,00:30,Kreuther,0,0,0
2025.11.07,00:30,00:45,Kreuther,0,0,0
2025.11.07,00:45,01:00,Kreuther,0,0,0
2025.11.07,01:00,01:15,Kreuther,0,0,0
2025.11.07,01:15,01:30,Kreuther,0,0,0
2025.11.07,01:30,01:45,Kreuther,0,0,0
2025.11.07,01:45,02:00,Kreuther,0,1,1
2025.11.07,02:00,02:15,Kreuther,0,0,0
2025.11.07,02:15,02:30,Kreuther,1,0,1
2025.11.07,02:30,02:45,Kreuther,0,0,0
2025.11.07,02:45,03:00,Kreuther,0,0,0
2025.11.07,03:00,03:15,Kreuther,0,0,0
2025.11.07,03:15,03:30,Kreuther,0,0,0
2025.11.07,03:30,03:45,Kreuther,0,0,0
2025.11.07,03:45,04:00,Kreuther,0,0,0
2025.11.07,04:00,04:15,Kreuther,0,0,0
2025.11.07,04:15,04:30,Kreuther,0,0,0
2025.11.07,04:30,04:45,Kreuther,0,0,0
2025.11.07,04:45,05:00,Kreuther,0,0,0
2025.11.07,05:00,05:15,Kreuther,1,0,1
2025.11.07,05:15,05:30,Kreuther,0,0,0
2025.11.07,05:30,05:45,Kreuther,0,0,0
2025.11.07,05:45,06:00,Kreuther,1,0,1
2025.11.07,06:00,06:15,Kreuther,0,0,0
2025.11.07,06:15,06:30,Kreuther,3,1,4
2025.11.07,06:30,06:45,Kreuther,3,0,3
2025.11.07,06:45,07:00,Kreuther,5,0,5
2025.11.07,07:00,07:15,Kreuther,2,2,4
2025.11.07,07:15,07:30,Kreuther,3,1,4
2025.11.07,07:30,07:45,Kreuther,6,3,9
2025.11.07,07:45,08:00,Kreuther,6,0,6
2025.11.07,08:00,08:15,Kreuther,7,2,9
2025.11.07,08:15,08:30,Kreuther,15,3,18
2025.11.07,08:30,08:45,Kreuther,11,1,12
2025.11.07,08:45,09:00,Kreuther,10,5,15
2025.11.07,09:00,09:15,Kreuther,2,1,3
2025.11.07,09:15,09:30,Kreuther,4,0,4
2025.11.07,09:30,09:45,Kreuther,1,3,4
2025.11.07,09:45,10:00,Kreuther,3,1,4
2025.11.07,10:00,10:15,Kreuther,4,3,7
2025.11.07,10:15,10:30,Kreuther,3,4,7
2025.11.07,10:30,10:45,Kreuther,5,3,8
2025.11.07,10:45,11:00,Kreuther,4,1,5
2025.11.07,11:00,11:15,Kreuther,5,1,6
2025.11.07,11:15,11:30,Kreuther,0,2,2
2025.11.07,11:30,11:45,Kreuther,0,2,2
2025.11.07,11:45,12:00,Kreuther,4,1,5
2025.11.07,12:00,12:15,Kreuther,5,0,5
2025.11.07,12:15,12:30,Kreuther,4,1,5
2025.11.07,12:30,12:45,Kreuther,1,3,4
2025.11.07,12:45,13:00,Kreuther,1,4,5
2025.11.07,13:00,13:15,Kreuther,1,3,4
2025.11.07,13:15,13:30,Kreuther,3,4,7
2025.11.07,13:30,13:45,Kreuther,6,6,12
2025.11.07,13:45,14:00,Kreuther,3,4,7
2025.11.07,14:00,14:15,Kreuther,1,2,3
2025.11.07,14:15,14:30,Kreuther,1,2,3
2025.11.07,14:30,14:45,Kreuther,5,6,11
2025.11.07,14:45,15:00,Kreuther,5,4,9
2025.11.07,15:00,15:15,Kreuther,5,4,9
2025.11.07,15:15,15:30,Kreuther,10,12,22
2025.11.07,15:30,15:45,Kreuther,2,4,6
2025.11.07,15:45,16:00,Kreuther,5,5,10
2025.11.07,16:00,16:15,Kreuther,0,2,2
2025.11.07,16:15,16:30,Kreuther,2,11,13
2025.11.07,16:30,16:45,Kreuther,3,5,8
2025.11.07,16:45,17:00,Kreuther,0,6,6
2025.11.07,17:00,17:15,Kreuther,0,4,4
2025.11.07,17:15,17:30,Kreuther,4,9,13
2025.11.07,17:30,17:45,Kreuther,5,4,9
2025.11.07,17:45,18:00,Kreuther,2,1,3
2025.11.07,18:00,18:15,Kreuther,0,4,4
2025.11.07,18:15,18:30,Kreuther,2,2,4
2025.11.07,18:30,18:45,Kreuther,3,8,11
2025.11.07,18:45,19:00,Kreuther,2,5,7
2025.11.07,19:00,19:15,Kreuther,2,3,5
2025.11.07,19:15,19:30,Kreuther,3,3,6
2025.11.07,19:30,19:45,Kreuther,2,2,4
2025.11.07,19:45,20:00,Kreuther,1,0,1
2025.11.07,20:00,20:15,Kreuther,0,2,2
2025.11.07,20:15,20:30,Kreuther,5,1,6
2025.11.07,20:30,20:45,Kreuther,0,0,0
2025.11.07,20:45,21:00,Kreuther,0,1,1
2025.11.07,21:00,21:15,Kreuther,1,1,2
2025.11.07,21:15,21:30,Kreuther,2,1,3
2025.11.07,21:30,21:45,Kreuther,0,1,1
2025.11.07,21:45,22:00,Kreuther,1,0,1
2025.11.07,22:00,22:15,Kreuther,1,1,2
2025.11.07,22:15,22:30,Kreuther,0,0,0
2025.11.07,22:30,22:45,Kreuther,1,2,3
2025.11.07,22:45,23:00,Kreuther,0,1,1
2025.11.07,23:00,23:15,Kreuther,0,2,2
2025.11.07,23:15,23:30,Kreuther,0,2,2
2025.11.07,23:30,23:45,Kreuther,0,0,0
2025.11.07,23:45,00:00,Kreuther,0,0,0
2025.11.08,00:00,00:15,Kreuther,0,1,1
2025.11.08,00:15,00:30,Kreuther,0,0,0
2025.11.08,00:30,00:45,Kreuther,0,0,0
2025.11.08,00:45,01:00,Kreuther,0,0,0
2025.11.08,01:00,01:15,Kreuther,0,2,2
2025.11.08,01:15,01:30,Kreuther,0,0,0
2025.11.08,01:30,01:45,Kreuther,0,0,0
2025.11.08,01:45,02:00,Kreuther,1,0,1
2025.11.08,02:00,02:15,Kreuther,0,0,0
2025.11.08,02:15,02:30,Kreuther,0,1,1
2025.11.08,02:30,02:45,Kreuther,0,0,0
2025.11.08,02:45,03:00,Kreuther,0,0,0
2025.11.08,03:00,03:15,Kreuther,0,0,0
2025.11.08,03:15,03:30,Kreuther,0,0,0
2025.11.08,03:30,03:45,Kreuther,0,0,0
2025.11.08,03:45,04:00,Kreuther,0,0,0
2025.11.08,04:00,04:15,Kreuther,0,0,0
2025.11.08,04:15,04:30,Kreuther,0,0,0
2025.11.08,04:30,04:45,Kreuther,0,0,0
2025.11.08,04:45,05:00,Kreuther,0,0,0
2025.11.08,05:00,05:15,Kreuther,0,0,0
2025.11.08,05:15,05:30,Kreuther,0,0,0
2025.11.08,05:30,05:45,Kreuther,0,0,0
2025.11.08,05:45,06:00,Kreuther,0,0,0
2025.11.08,06:00,06:15,Kreuther,0,0,0
2025.11.08,06:15,06:30,Kreuther,0,0,0
2025.11.08,06:30,06:45,Kreuther,1,0,1
2025.11.08,06:45,07:00,Kreuther,0,0,0
2025.11.08,07:00,07:15,Kreuther,1,0,1
2025.11.08,07:15,07:30,Kreuther,2,0,2
2025.11.08,07:30,07:45,Kreuther,2,1,3
2025.11.08,07:45,08:00,Kreuther,4,1,5
2025.11.08,08:00,08:15,Kreuther,0,0,0
2025.11.08,08:15,08:30,Kreuther,2,2,4
2025.11.08,08:30,08:45,Kreuther,4,0,4
2025.11.08,08:45,09:00,Kreuther,6,1,7
2025.11.08,09:00,09:15,Kreuther,6,1,7
2025.11.08,09:15,09:30,Kreuther,3,2,5
2025.11.08,09:30,09:45,Kreuther,6,5,11
2025.11.08,09:45,10:00,Kreuther,3,5,8
2025.11.08,10:00,10:15,Kreuther,1,1,2
2025.11.08,10:15,10:30,Kreuther,4,0,4
2025.11.08,10:30,10:45,Kreuther,5,0,5
2025.11.08,10:45,11:00,Kreuther,1,1,2
2025.11.08,11:00,11:15,Kreuther,5,3,8
2025.11.08,11:15,11:30,Kreuther,0,1,1
2025.11.08,11:30,11:45,Kreuther,10,5,15
2025.11.08,11:45,12:00,Kreuther,3,2,5
2025.11.08,12:00,12:15,Kreuther,4,0,4
2025.11.08,12:15,12:30,Kreuther,0,4,4
2025.11.08,12:30,12:45,Kreuther,0,3,3
2025.11.08,12:45,13:00,Kreuther,9,7,16
2025.11.08,13:00,13:15,Kreuther,1,4,5
2025.11.08,13:15,13:30,Kreuther,4,3,7
2025.11.08,13:30,13:45,Kreuther,4,0,4
2025.11.08,13:45,14:00,Kreuther,2,2,4
2025.11.08,14:00,14:15,Kreuther,5,2,7
2025.11.08,14:15,14:30,Kreuther,6,5,11
2025.11.08,14:30,14:45,Kreuther,1,1,2
2025.11.08,14:45,15:00,Kreuther,4,0,4
2025.11.08,15:00,15:15,Kreuther,3,2,5
2025.11.08,15:15,15:30,Kreuther,0,3,3
2025.11.08,15:30,15:45,Kreuther,8,2,10
2025.11.08,15:45,16:00,Kreuther,4,2,6
2025.11.08,16:00,16:15,Kreuther,3,5,8
2025.11.08,16:15,16:30,Kreuther,0,2,2
2025.11.08,16:30,16:45,Kreuther,0,1,1
2025.11.08,16:45,17:00,Kreuther,2,2,4
2025.11.08,17:00,17:15,Kreuther,3,7,10
2025.11.08,17:15,17:30,Kreuther,8,1,9
2025.11.08,17:30,17:45,Kreuther,5,4,9
2025.11.08,17:45,18:00,Kreuther,7,1,8
2025.11.08,18:00,18:15,Kreuther,0,7,7
2025.11.08,18:15,18:30,Kreuther,3,3,6
2025.11.08,18:30,18:45,Kreuther,1,5,6
2025.11.08,18:45,19:00,Kreuther,1,0,1
2025.11.08,19:00,19:15,Kreuther,1,1,2
2025.11.08,19:15,19:30,Kreuther,0,2,2
2025.11.08,19:30,19:45,Kreuther,0,1,1
2025.11.08,19:45,20:00,Kreuther,2,0,2
2025.11.08,20:00,20:15,Kreuther,0,3,3
2025.11.08,20:15,20:30,Kreuther,0,1,1
2025.11.08,20:30,20:45,Kreuther,0,2,2
2025.11.08,20:45,21:00,Kreuther,0,1,1
2025.11.08,21:00,21:15,Kreuther,3,1,4
2025.11.08,21:15,21:30,Kreuther,0,0,0
2025.11.08,21:30,21:45,Kreuther,1,0,1
2025.11.08,21:45,22:00,Kreuther,0,0,0
2025.11.08,22:00,22:15,Kreuther,0,0,0
2025.11.08,22:15,22:30,Kreuther,0,1,1
2025.11.08,22:30,22:45,Kreuther,0,0,0
2025.11.08,22:45,23:00,Kreuther,0,1,1
2025.11.08,23:00,23:15,Kreuther,1,0,1
2025.11.08,23:15,23:30,Kreuther,0,0,0
2025.11.08,23:30,23:45,Kreuther,0,1,1
2025.11.08,23:45,00:00,Kreuther,1,0,1
2025.11.09,00:00,00:15,Kreuther,0,0,0
2025.11.09,00:15,00:30,Kreuther,0,0,0
2025.11.09,00:30,00:45,Kreuther,0,1,1
2025.11.09,00:45,01:00,Kreuther,0,1,1
2025.11.09,01:00,01:15,Kreuther,0,0,0
2025.11.09,01:15,01:30,Kreuther,1,0,1
2025.11.09,01:30,01:45,Kreuther,0,0,0
2025.11.09,01:45,02:00,Kreuther,0,0,0
2025.11.09,02:00,02:15,Kreuther,0,0,0
2025.11.09,02:15,02:30,Kreuther,0,0,0
2025.11.09,02:30,02:45,Kreuther,0,0,0
2025.11.09,02:45,03:00,Kreuther,0,0,0
2025.11.09,03:00,03:15,Kreuther,0,0,0
2025.11.09,03:15,03:30,Kreuther,0,0,0
2025.11.09,03:30,03:45,Kreuther,0,0,0
2025.11.09,03:45,04:00,Kreuther,0,0,0
2025.11.09,04:00,04:15,Kreuther,0,0,0
2025.11.09,04:15,04:30,Kreuther,0,0,0
2025.11.09,04:30,04:45,Kreuther,0,0,0
2025.11.09,04:45,05:00,Kreuther,0,0,0
2025.11.09,05:00,05:15,Kreuther,0,0,0
2025.11.09,05:15,05:30,Kreuther,0,0,0
2025.11.09,05:30,05:45,Kreuther,0,0,0
2025.11.09,05:45,06:00,Kreuther,0,0,0
2025.11.09,06:00,06:15,Kreuther,0,0,0
2025.11.09,06:15,06:30,Kreuther,0,0,0
2025.11.09,06:30,06:45,Kreuther,0,0,0
2025.11.09,06:45,07:00,Kreuther,1,0,1
2025.11.09,07:00,07:15,Kreuther,0,0,0
2025.11.09,07:15,07:30,Kreuther,0,0,0
2025.11.09,07:30,07:45,Kreuther,1,0,1
2025.11.09,07:45,08:00,Kreuther,0,0,0
2025.11.09,08:00,08:15,Kreuther,1,1,2
2025.11.09,08:15,08:30,Kreuther,0,1,1
2025.11.09,08:30,08:45,Kreuther,1,0,1
2025.11.09,08:45,09:00,Kreuther,2,0,2
2025.11.09,09:00,09:15,Kreuther,0,0,0
2025.11.09,09:15,09:30,Kreuther,4,0,4
2025.11.09,09:30,09:45,Kreuther,2,4,6
2025.11.09,09:45,10:00,Kreuther,3,1,4
2025.11.09,10:00,10:15,Kreuther,4,1,5
2025.11.09,10:15,10:30,Kreuther,2,0,2
2025.11.09,10:30,10:45,Kreuther,3,3,6
2025.11.09,10:45,11:00,Kreuther,0,1,1
2025.11.09,11:00,11:15,Kreuther,0,2,2
2025.11.09,11:15,11:30,Kreuther,3,2,5
2025.11.09,11:30,11:45,Kreuther,2,0,2
2025.11.09,11:45,12:00,Kreuther,1,0,1
2025.11.09,12:00,12:15,Kreuther,0,1,1
2025.11.09,12:15,12:30,Kreuther,2,2,4
2025.11.09,12:30,12:45,Kreuther,1,1,2
2025.11.09,12:45,13:00,Kreuther,2,0,2
2025.11.09,13:00,13:15,Kreuther,1,0,1
2025.11.09,13:15,13:30,Kreuther,1,1,2
2025.11.09,13:30,13:45,Kreuther,6,0,6
2025.11.09,13:45,14:00,Kreuther,3,2,5
2025.11.09,14:00,14:15,Kreuther,0,1,1
2025.11.09,14:15,14:30,Kreuther,3,2,5
2025.11.09,14:30,14:45,Kreuther,4,4,8
2025.11.09,14:45,15:00,Kreuther,0,7,7
2025.11.09,15:00,15:15,Kreuther,1,1,2
2025.11.09,15:15,15:30,Kreuther,11,3,14
2025.11.09,15:30,15:45,Kreuther,2,3,5
2025.11.09,15:45,16:00,Kreuther,1,2,3
2025.11.09,16:00,16:15,Kreuther,2,1,3
2025.11.09,16:15,16:30,Kreuther,3,4,7
2025.11.09,16:30,16:45,Kreuther,1,0,1
2025.11.09,16:45,17:00,Kreuther,0,4,4
2025.11.09,17:00,17:15,Kreuther,0,2,2
2025.11.09,17:15,17:30,Kreuther,3,4,7
2025.11.09,17:30,17:45,Kreuther,2,0,2
2025.11.09,17:45,18:00,Kreuther,1,4,5
2025.11.09,18:00,18:15,Kreuther,2,3,5
2025.11.09,18:15,18:30,Kreuther,1,0,1
2025.11.09,18:30,18:45,Kreuther,1,0,1
2025.11.09,18:45,19:00,Kreuther,1,1,2
2025.11.09,19:00,19:15,Kreuther,0,0,0
2025.11.09,19:15,19:30,Kreuther,2,1,3
2025.11.09,19:30,19:45,Kreuther,1,1,2
2025.11.09,19:45,20:00,Kreuther,0,0,0
2025.11.09,20:00,20:15,Kreuther,0,1,1
2025.11.09,20:15,20:30,Kreuther,2,1,3
2025.11.09,20:30,20:45,Kreuther,0,0,0
2025.11.09,20:45,21:00,Kreuther,3,1,4
2025.11.09,21:00,21:15,Kreuther,0,1,1
2025.11.09,21:15,21:30,Kreuther,0,2,2
2025.11.09,21:30,21:45,Kreuther,0,0,0
2025.11.09,21:45,22:00,Kreuther,0,0,0
2025.11.09,22:00,22:15,Kreuther,0,0,0
2025.11.09,22:15,22:30,Kreuther,0,0,0
2025.11.09,22:30,22:45,Kreuther,0,0,0
2025.11.09,22:45,23:00,Kreuther,0,0,0
2025.11.09,23:00,23:15,Kreuther,0,0,0
2025.11.09,23:15,23:30,Kreuther,0,1,1
2025.11.09,23:30,23:45,Kreuther,0,0,0
2025.11.09,23:45,00:00,Kreuther,0,0,0
2025.11.10,00:00,00:15,Kreuther,0,1,1
2025.11.10,00:15,00:30,Kreuther,0,0,0
2025.11.10,00:30,00:45,Kreuther,0,0,0
2025.11.10,00:45,01:00,Kreuther,0,0,0
2025.11.10,01:00,01:15,Kreuther,0,0,0
2025.11.10,01:15,01:30,Kreuther,0,0,0
2025.11.10,01:30,01:45,Kreuther,0,0,0
2025.11.10,01:45,02:00,Kreuther,0,0,0
2025.11.10,02:00,02:15,Kreuther,1,0,1
2025.11.10,02:15,02:30,Kreuther,1,0,1
2025.11.10,02:30,02:45,Kreuther,0,0,0
2025.11.10,02:45,03:00,Kreuther,0,0,0
2025.11.10,03:00,03:15,Kreuther,0,0,0
2025.11.10,03:15,03:30,Kreuther,0,0,0
2025.11.10,03:30,03:45,Kreuther,0,0,0
2025.11.10,03:45,04:00,Kreuther,0,0,0
2025.11.10,04:00,04:15,Kreuther,0,0,0
2025.11.10,04:15,04:30,Kreuther,0,0,0
2025.11.10,04:30,04:45,Kreuther,0,0,0
2025.11.10,04:45,05:00,Kreuther,1,0,1
2025.11.10,05:00,05:15,Kreuther,1,0,1
2025.11.10,05:15,05:30,Kreuther,3,0,3
2025.11.10,05:30,05:45,Kreuther,0,0,0
2025.11.10,05:45,06:00,Kreuther,0,1,1
2025.11.10,06:00,06:15,Kreuther,2,1,3
2025.11.10,06:15,06:30,Kreuther,4,1,5
2025.11.10,06:30,06:45,Kreuther,5,1,6
2025.11.10,06:45,07:00,Kreuther,6,2,8
2025.11.10,07:00,07:15,Kreuther,6,6,12
2025.11.10,07:15,07:30,Kreuther,13,2,15
2025.11.10,07:30,07:45,Kreuther,34,4,38
2025.11.10,07:45,08:00,Kreuther,19,8,27
2025.11.10,08:00,08:15,Kreuther,22,3,25
2025.11.10,08:15,08:30,Kreuther,17,7,24
2025.11.10,08:30,08:45,Kreuther,25,1,26
2025.11.10,08:45,09:00,Kreuther,17,3,20
2025.11.10,09:00,09:15,Kreuther,6,1,7
2025.11.10,09:15,09:30,Kreuther,8,1,9
2025.11.10,09:30,09:45,Kreuther,5,0,5
2025.11.10,09:45,10:00,Kreuther,9,0,9
2025.11.10,10:00,10:15,Kreuther,5,1,6
2025.11.10,10:15,10:30,Kreuther,2,1,3
2025.11.10,10:30,10:45,Kreuther,3,3,6
2025.11.10,10:45,11:00,Kreuther,2,2,4
2025.11.10,11:00,11:15,Kreuther,2,3,5
2025.11.10,11:15,11:30,Kreuther,2,3,5
2025.11.10,11:30,11:45,Kreuther,2,4,6
2025.11.10,11:45,12:00,Kreuther,2,6,8
2025.11.10,12:00,12:15,Kreuther,5,1,6
2025.11.10,12:15,12:30,Kreuther,4,2,6
2025.11.10,12:30,12:45,Kreuther,2,5,7
2025.11.10,12:45,13:00,Kreuther,6,3,9
2025.11.10,13:00,13:15,Kreuther,3,5,8
2025.11.10,13:15,13:30,Kreuther,3,3,6
2025.11.10,13:30,13:45,Kreuther,6,4,10
2025.11.10,13:45,14:00,Kreuther,7,2,9
2025.11.10,14:00,14:15,Kreuther,3,4,7
2025.11.10,14:15,14:30,Kreuther,2,5,7
2025.11.10,14:30,14:45,Kreuther,3,5,8
2025.11.10,14:45,15:00,Kreuther,5,7,12
2025.11.10,15:00,15:15,Kreuther,4,4,8
2025.11.10,15:15,15:30,Kreuther,8,8,16
2025.11.10,15:30,15:45,Kreuther,8,13,21
2025.11.10,15:45,16:00,Kreuther,6,7,13
2025.11.10,16:00,16:15,Kreuther,7,9,16
2025.11.10,16:15,16:30,Kreuther,8,7,15
2025.11.10,16:30,16:45,Kreuther,8,10,18
2025.11.10,16:45,17:00,Kreuther,5,11,16
2025.11.10,17:00,17:15,Kreuther,2,15,17
2025.11.10,17:15,17:30,Kreuther,7,8,15
2025.11.10,17:30,17:45,Kreuther,4,16,20
2025.11.10,17:45,18:00,Kreuther,4,10,14
2025.11.10,18:00,18:15,Kreuther,2,8,10
2025.11.10,18:15,18:30,Kreuther,1,6,7
2025.11.10,18:30,18:45,Kreuther,3,5,8
2025.11.10,18:45,19:00,Kreuther,2,5,7
2025.11.10,19:00,19:15,Kreuther,2,2,4
2025.11.10,19:15,19:30,Kreuther,3,4,7
2025.11.10,19:30,19:45,Kreuther,1,2,3
2025.11.10,19:45,20:00,Kreuther,1,4,5
2025.11.10,20:00,20:15,Kreuther,1,2,3
2025.11.10,20:15,20:30,Kreuther,2,3,5
2025.11.10,20:30,20:45,Kreuther,0,2,2
2025.11.10,20:45,21:00,Kreuther,0,2,2
2025.11.10,21:00,21:15,Kreuther,2,2,4
2025.11.10,21:15,21:30,Kreuther,0,1,1
2025.11.10,21:30,21:45,Kreuther,1,3,4
2025.11.10,21:45,22:00,Kreuther,0,0,0
2025.11.10,22:00,22:15,Kreuther,0,1,1
2025.11.10,22:15,22:30,Kreuther,0,0,0
2025.11.10,22:30,22:45,Kreuther,0,0,0
2025.11.10,22:45,23:00,Kreuther,0,1,1
2025.11.10,23:00,23:15,Kreuther,0,0,0
2025.11.10,23:15,23:30,Kreuther,0,0,0
2025.11.10,23:30,23:45,Kreuther,0,0,0
2025.11.10,23:45,00:00,Kreuther,0,0,0
2025.11.11,00:00,00:15,Kreuther,1,0,1
2025.11.11,00:15,00:30,Kreuther,0,0,0
2025.11.11,00:30,00:45,Kreuther,0,0,0
2025.11.11,00:45,01:00,Kreuther,0,0,0
2025.11.11,01:00,01:15,Kreuther,0,0,0
2025.11.11,01:15,01:30,Kreuther,0,1,1
2025.11.11,01:30,01:45,Kreuther,0,0,0
2025.11.11,01:45,02:00,Kreuther,0,0,0
2025.11.11,02:00,02:15,Kreuther,1,0,1
2025.11.11,02:15,02:30,Kreuther,1,0,1
2025.11.11,02:30,02:45,Kreuther,0,0,0
2025.11.11,02:45,03:00,Kreuther,0,0,0
2025.11.11,03:00,03:15,Kreuther,0,0,0
2025.11.11,03:15,03:30,Kreuther,0,0,0
2025.11.11,03:30,03:45,Kreuther,0,0,0
2025.11.11,03:45,04:00,Kreuther,0,0,0
2025.11.11,04:00,04:15,Kreuther,0,0,0
2025.11.11,04:15,04:30,Kreuther,0,0,0
2025.11.11,04:30,04:45,Kreuther,1,0,1
2025.11.11,04:45,05:00,Kreuther,0,0,0
2025.11.11,05:00,05:15,Kreuther,1,0,1
2025.11.11,05:15,05:30,Kreuther,2,0,2
2025.11.11,05:30,05:45,Kreuther,0,1,1
2025.11.11,05:45,06:00,Kreuther,1,0,1
2025.11.11,06:00,06:15,Kreuther,0,1,1
2025.11.11,06:15,06:30,Kreuther,0,0,0
2025.11.11,06:30,06:45,Kreuther,7,2,9
2025.11.11,06:45,07:00,Kreuther,5,1,6
2025.11.11,07:00,07:15,Kreuther,4,2,6
2025.11.11,07:15,07:30,Kreuther,21,5,26
2025.11.11,07:30,07:45,Kreuther,40,0,40
2025.11.11,07:45,08:00,Kreuther,25,9,34
2025.11.11,08:00,08:15,Kreuther,20,4,24
2025.11.11,08:15,08:30,Kreuther,21,6,27
2025.11.11,08:30,08:45,Kreuther,24,4,28
2025.11.11,08:45,09:00,Kreuther,15,4,19
2025.11.11,09:00,09:15,Kreuther,8,2,10
2025.11.11,09:15,09:30,Kreuther,8,2,10
2025.11.11,09:30,09:45,Kreuther,10,1,11
2025.11.11,09:45,10:00,Kreuther,5,2,7
2025.11.11,10:00,10:15,Kreuther,4,2,6
2025.11.11,10:15,10:30,Kreuther,1,1,2
2025.11.11,10:30,10:45,Kreuther,9,2,11
2025.11.11,10:45,11:00,Kreuther,2,0,2
2025.11.11,11:00,11:15,Kreuther,2,4,6
2025.11.11,11:15,11:30,Kreuther,5,2,7
2025.11.11,11:30,11:45,Kreuther,1,5,6
2025.11.11,11:45,12:00,Kreuther,2,2,4
2025.11.11,12:00,12:15,Kreuther,2,4,6
2025.11.11,12:15,12:30,Kreuther,1,3,4
2025.11.11,12:30,12:45,Kreuther,4,10,14
2025.11.11,12:45,13:00,Kreuther,3,6,9
2025.11.11,13:00,13:15,Kreuther,2,4,6
2025.11.11,13:15,13:30,Kreuther,3,4,7
2025.11.11,13:30,13:45,Kreuther,6,2,8
2025.11.11,13:45,14:00,Kreuther,8,3,11
2025.11.11,14:00,14:15,Kreuther,2,7,9
2025.11.11,14:15,14:30,Kreuther,1,2,3
2025.11.11,14:30,14:45,Kreuther,4,5,9
2025.11.11,14:45,15:00,Kreuther,7,2,9
2025.11.11,15:00,15:15,Kreuther,6,10,16
2025.11.11,15:15,15:30,Kreuther,3,4,7
2025.11.11,15:30,15:45,Kreuther,10,10,20
2025.11.11,15:45,16:00,Kreuther,12,11,23
2025.11.11,16:00,16:15,Kreuther,4,9,13
2025.11.11,16:15,16:30,Kreuther,13,7,20
2025.11.11,16:30,16:45,Kreuther,13,15,28
2025.11.11,16:45,17:00,Kreuther,10,12,22
2025.11.11,17:00,17:15,Kreuther,4,15,19
2025.11.11,17:15,17:30,Kreuther,3,14,17
2025.11.11,17:30,17:45,Kreuther,2,7,9
2025.11.11,17:45,18:00,Kreuther,4,4,8
2025.11.11,18:00,18:15,Kreuther,8,5,13
2025.11.11,18:15,18:30,Kreuther,4,19,23
2025.11.11,18:30,18:45,Kreuther,2,12,14
2025.11.11,18:45,19:00,Kreuther,6,4,10
2025.11.11,19:00,19:15,Kreuther,4,5,9
2025.11.11,19:15,19:30,Kreuther,1,5,6
2025.11.11,19:30,19:45,Kreuther,0,3,3
2025.11.11,19:45,20:00,Kreuther,2,4,6
2025.11.11,20:00,20:15,Kreuther,1,4,5
2025.11.11,20:15,20:30,Kreuther,1,3,4
2025.11.11,20:30,20:45,Kreuther,1,3,4
2025.11.11,20:45,21:00,Kreuther,2,2,4
2025.11.11,21:00,21:15,Kreuther,0,0,0
2025.11.11,21:15,21:30,Kreuther,1,0,1
2025.11.11,21:30,21:45,Kreuther,0,0,0
2025.11.11,21:45,22:00,Kreuther,0,0,0
2025.11.11,22:00,22:15,Kreuther,0,2,2
2025.11.11,22:15,22:30,Kreuther,0,3,3
2025.11.11,22:30,22:45,Kreuther,0,0,0
2025.11.11,22:45,23:00,Kreuther,0,1,1
2025.11.11,23:00,23:15,Kreuther,0,1,1
2025.11.11,23:15,23:30,Kreuther,0,0,0
2025.11.11,23:30,23:45,Kreuther,0,0,0
2025.11.11,23:45,00:00,Kreuther,0,0,0
2025.11.12,00:00,00:15,Kreuther,0,0,0
2025.11.12,00:15,00:30,Kreuther,0,0,0
2025.11.12,00:30,00:45,Kreuther,0,0,0
2025.11.12,00:45,01:00,Kreuther,1,0,1
2025.11.12,01:00,01:15,Kreuther,0,0,0
2025.11.12,01:15,01:30,Kreuther,0,0,0
2025.11.12,01:30,01:45,Kreuther,0,0,0
2025.11.12,01:45,02:00,Kreuther,0,0,0
2025.11.12,02:00,02:15,Kreuther,1,0,1
2025.11.12,02:15,02:30,Kreuther,1,0,1
2025.11.12,02:30,02:45,Kreuther,0,0,0
2025.11.12,02:45,03:00,Kreuther,0,0,0
2025.11.12,03:00,03:15,Kreuther,0,0,0
2025.11.12,03:15,03:30,Kreuther,1,0,1
2025.11.12,03:30,03:45,Kreuther,0,0,0
2025.11.12,03:45,04:00,Kreuther,0,0,0
2025.11.12,04:00,04:15,Kreuther,0,0,0
2025.11.12,04:15,04:30,Kreuther,0,0,0
2025.11.12,04:30,04:45,Kreuther,0,0,0
2025.11.12,04:45,05:00,Kreuther,0,0,0
2025.11.12,05:00,05:15,Kreuther,1,0,1
2025.11.12,05:15,05:30,Kreuther,2,0,2
2025.11.12,05:30,05:45,Kreuther,0,0,0
2025.11.12,05:45,06:00,Kreuther,1,1,2
2025.11.12,06:00,06:15,Kreuther,0,0,0
2025.11.12,06:15,06:30,Kreuther,0,1,1
2025.11.12,06:30,06:45,Kreuther,6,2,8
2025.11.12,06:45,07:00,Kreuther,7,3,10
2025.11.12,07:00,07:15,Kreuther,8,3,11
2025.11.12,07:15,07:30,Kreuther,14,2,16
2025.11.12,07:30,07:45,Kreuther,33,3,36
2025.11.12,07:45,08:00,Kreuther,33,9,42
2025.11.12,08:00,08:15,Kreuther,24,4,28
2025.11.12,08:15,08:30,Kreuther,20,6,26
2025.11.12,08:30,08:45,Kreuther,19,2,21
2025.11.12,08:45,09:00,Kreuther,17,4,21
2025.11.12,09:00,09:15,Kreuther,11,3,14
2025.11.12,09:15,09:30,Kreuther,13,7,20
2025.11.12,09:30,09:45,Kreuther,7,3,10
2025.11.12,09:45,10:00,Kreuther,3,5,8
2025.11.12,10:00,10:15,Kreuther,4,1,5
2025.11.12,10:15,10:30,Kreuther,3,1,4
2025.11.12,10:30,10:45,Kreuther,6,1,7
2025.11.12,10:45,11:00,Kreuther,2,1,3
2025.11.12,11:00,11:15,Kreuther,5,1,6
2025.11.12,11:15,11:30,Kreuther,1,3,4
2025.11.12,11:30,11:45,Kreuther,3,6,9
2025.11.12,11:45,12:00,Kreuther,6,6,12
2025.11.12,12:00,12:15,Kreuther,3,3,6
2025.11.12,12:15,12:30,Kreuther,5,5,10
2025.11.12,12:30,12:45,Kreuther,6,9,15
2025.11.12,12:45,13:00,Kreuther,8,1,9
2025.11.12,13:00,13:15,Kreuther,2,7,9
2025.11.12,13:15,13:30,Kreuther,6,4,10
2025.11.12,13:30,13:45,Kreuther,5,5,10
2025.11.12,13:45,14:00,Kreuther,3,5,8
2025.11.12,14:00,14:15,Kreuther,8,5,13
2025.11.12,14:15,14:30,Kreuther,3,3,6
2025.11.12,14:30,14:45,Kreuther,6,3,9
2025.11.12,14:45,15:00,Kreuther,5,9,14
2025.11.12,15:00,15:15,Kreuther,10,13,23
2025.11.12,15:15,15:30,Kreuther,6,10,16
2025.11.12,15:30,15:45,Kreuther,9,10,19
2025.11.12,15:45,16:00,Kreuther,5,16,21
2025.11.12,16:00,16:15,Kreuther,6,10,16
2025.11.12,16:15,16:30,Kreuther,9,6,15
2025.11.12,16:30,16:45,Kreuther,12,16,28
2025.11.12,16:45,17:00,Kreuther,2,8,10
2025.11.12,17:00,17:15,Kreuther,10,17,27
2025.11.12,17:15,17:30,Kreuther,8,5,13
2025.11.12,17:30,17:45,Kreuther,5,11,16
2025.11.12,17:45,18:00,Kreuther,2,7,9
2025.11.12,18:00,18:15,Kreuther,12,6,18
2025.11.12,18:15,18:30,Kreuther,6,8,14
2025.11.12,18:30,18:45,Kreuther,3,6,9
2025.11.12,18:45,19:00,Kreuther,4,3,7
2025.11.12,19:00,19:15,Kreuther,10,3,13
2025.11.12,19:15,19:30,Kreuther,1,1,2
2025.11.12,19:30,19:45,Kreuther,0,3,3
2025.11.12,19:45,20:00,Kreuther,7,3,10
2025.11.12,20:00,20:15,Kreuther,2,1,3
2025.11.12,20:15,20:30,Kreuther,1,3,4
2025.11.12,20:30,20:45,Kreuther,3,2,5
2025.11.12,20:45,21:00,Kreuther,1,4,5
2025.11.12,21:00,21:15,Kreuther,0,0,0
2025.11.12,21:15,21:30,Kreuther,0,0,0
2025.11.12,21:30,21:45,Kreuther,0,1,1
2025.11.12,21:45,22:00,Kreuther,2,0,2
2025.11.12,22:00,22:15,Kreuther,0,3,3
2025.11.12,22:15,22:30,Kreuther,1,3,4
2025.11.12,22:30,22:45,Kreuther,0,4,4
2025.11.12,22:45,23:00,Kreuther,0,2,2
2025.11.12,23:00,23:15,Kreuther,1,0,1
2025.11.12,23:15,23:30,Kreuther,0,2,2
2025.11.12,23:30,23:45,Kreuther,1,0,1
2025.11.12,23:45,00:00,Kreuther,0,0,0
2025.11.13,00:00,00:15,Kreuther,0,0,0
2025.11.13,00:15,00:30,Kreuther,0,0,0
2025.11.13,00:30,00:45,Kreuther,0,0,0
2025.11.13,00:45,01:00,Kreuther,0,0,0
2025.11.13,01:00,01:15,Kreuther,0,0,0
2025.11.13,01:15,01:30,Kreuther,0,0,0
2025.11.13,01:30,01:45,Kreuther,1,0,1
2025.11.13,01:45,02:00,Kreuther,0,0,0
2025.11.13,02:00,02:15,Kreuther,1,0,1
2025.11.13,02:15,02:30,Kreuther,1,0,1
2025.11.13,02:30,02:45,Kreuther,0,0,0
2025.11.13,02:45,03:00,Kreuther,0,0,0
2025.11.13,03:00,03:15,Kreuther,0,0,0
2025.11.13,03:15,03:30,Kreuther,0,0,0
2025.11.13,03:30,03:45,Kreuther,0,0,0
2025.11.13,03:45,04:00,Kreuther,0,0,0
2025.11.13,04:00,04:15,Kreuther,0,0,0
2025.11.13,04:15,04:30,Kreuther,0,0,0
2025.11.13,04:30,04:45,Kreuther,0,0,0
2025.11.13,04:45,05:00,Kreuther,0,0,0
2025.11.13,05:00,05:15,Kreuther,1,0,1
2025.11.13,05:15,05:30,Kreuther,2,0,2
2025.11.13,05:30,05:45,Kreuther,2,1,3
2025.11.13,05:45,06:00,Kreuther,1,0,1
2025.11.13,06:00,06:15,Kreuther,0,0,0
2025.11.13,06:15,06:30,Kreuther,2,1,3
2025.11.13,06:30,06:45,Kreuther,4,3,7
2025.11.13,06:45,07:00,Kreuther,6,2,8
2025.11.13,07:00,07:15,Kreuther,5,2,7
2025.11.13,07:15,07:30,Kreuther,10,1,11
2025.11.13,07:30,07:45,Kreuther,41,1,42
2025.11.13,07:45,08:00,Kreuther,29,9,38
2025.11.13,08:00,08:15,Kreuther,14,3,17
2025.11.13,08:15,08:30,Kreuther,15,4,19
2025.11.13,08:30,08:45,Kreuther,24,4,28
2025.11.13,08:45,09:00,Kreuther,12,0,12
2025.11.13,09:00,09:15,Kreuther,12,3,15
2025.11.13,09:15,09:30,Kreuther,11,7,18
2025.11.13,09:30,09:45,Kreuther,6,5,11
2025.11.13,09:45,10:00,Kreuther,2,3,5
2025.11.13,10:00,10:15,Kreuther,7,1,8
2025.11.13,10:15,10:30,Kreuther,3,0,3
2025.11.13,10:30,10:45,Kreuther,2,0,2
2025.11.13,10:45,11:00,Kreuther,5,6,11
2025.11.13,11:00,11:15,Kreuther,7,3,10
2025.11.13,11:15,11:30,Kreuther,10,2,12
2025.11.13,11:30,11:45,Kreuther,8,8,16
2025.11.13,11:45,12:00,Kreuther,1,5,6
2025.11.13,12:00,12:15,Kreuther,6,6,12
2025.11.13,12:15,12:30,Kreuther,8,4,12
2025.11.13,12:30,12:45,Kreuther,3,2,5
2025.11.13,12:45,13:00,Kreuther,2,5,7
2025.11.13,13:00,13:15,Kreuther,7,4,11
2025.11.13,13:15,13:30,Kreuther,2,6,8
2025.11.13,13:30,13:45,Kreuther,3,2,5
2025.11.13,13:45,14:00,Kreuther,4,7,11
2025.11.13,14:00,14:15,Kreuther,4,9,13
2025.11.13,14:15,14:30,Kreuther,2,8,10
2025.11.13,14:30,14:45,Kreuther,5,5,10
2025.11.13,14:45,15:00,Kreuther,3,4,7
2025.11.13,15:00,15:15,Kreuther,5,8,13
2025.11.13,15:15,15:30,Kreuther,9,4,13
2025.11.13,15:30,15:45,Kreuther,7,13,20
2025.11.13,15:45,16:00,Kreuther,9,5,14
2025.11.13,16:00,16:15,Kreuther,6,13,19
2025.11.13,16:15,16:30,Kreuther,8,12,20
2025.11.13,16:30,16:45,Kreuther,12,8,20
2025.11.13,16:45,17:00,Kreuther,7,10,17
2025.11.13,17:00,17:15,Kreuther,9,7,16
2025.11.13,17:15,17:30,Kreuther,7,10,17
2025.11.13,17:30,17:45,Kreuther,7,11,18
2025.11.13,17:45,18:00,Kreuther,7,8,15
2025.11.13,18:00,18:15,Kreuther,4,5,9
2025.11.13,18:15,18:30,Kreuther,4,10,14
2025.11.13,18:30,18:45,Kreuther,4,8,12
2025.11.13,18:45,19:00,Kreuther,3,7,10
2025.11.13,19:00,19:15,Kreuther,2,4,6
2025.11.13,19:15,19:30,Kreuther,1,9,10
2025.11.13,19:30,19:45,Kreuther,5,4,9
2025.11.13,19:45,20:00,Kreuther,2,2,4
2025.11.13,20:00,20:15,Kreuther,1,1,2
2025.11.13,20:15,20:30,Kreuther,3,2,5
2025.11.13,20:30,20:45,Kreuther,0,0,0
2025.11.13,20:45,21:00,Kreuther,2,2,4
2025.11.13,21:00,21:15,Kreuther,0,1,1
2025.11.13,21:15,21:30,Kreuther,1,0,1
2025.11.13,21:30,21:45,Kreuther,0,0,0
2025.11.13,21:45,22:00,Kreuther,1,1,2
2025.11.13,22:00,22:15,Kreuther,0,2,2
2025.11.13,22:15,22:30,Kreuther,0,2,2
2025.11.13,22:30,22:45,Kreuther,0,0,0
2025.11.13,22:45,23:00,Kreuther,1,2,3
2025.11.13,23:00,23:15,Kreuther,0,2,2
2025.11.13,23:15,23:30,Kreuther,0,2,2
2025.11.13,23:30,23:45,Kreuther,0,0,0
2025.11.13,23:45,00:00,Kreuther,0,1,1
2025.11.14,00:00,00:15,Kreuther,0,3,3
2025.11.14,00:15,00:30,Kreuther,0,0,0
2025.11.14,00:30,00:45,Kreuther,0,0,0
2025.11.14,00:45,01:00,Kreuther,0,0,0
2025.11.14,01:00,01:15,Kreuther,0,0,0
2025.11.14,01:15,01:30,Kreuther,0,0,0
2025.11.14,01:30,01:45,Kreuther,0,0,0
2025.11.14,01:45,02:00,Kreuther,0,0,0
2025.11.14,02:00,02:15,Kreuther,1,0,1
2025.11.14,02:15,02:30,Kreuther,1,0,1
2025.11.14,02:30,02:45,Kreuther,0,0,0
2025.11.14,02:45,03:00,Kreuther,0,0,0
2025.11.14,03:00,03:15,Kreuther,0,0,0
2025.11.14,03:15,03:30,Kreuther,0,0,0
2025.11.14,03:30,03:45,Kreuther,0,0,0
2025.11.14,03:45,04:00,Kreuther,0,0,0
2025.11.14,04:00,04:15,Kreuther,0,0,0
2025.11.14,04:15,04:30,Kreuther,0,0,0
2025.11.14,04:30,04:45,Kreuther,0,0,0
2025.11.14,04:45,05:00,Kreuther,0,0,0
2025.11.14,05:00,05:15,Kreuther,1,0,1
2025.11.14,05:15,05:30,Kreuther,1,0,1
2025.11.14,05:30,05:45,Kreuther,0,1,1
2025.11.14,05:45,06:00,Kreuther,1,0,1
2025.11.14,06:00,06:15,Kreuther,0,0,0
2025.11.14,06:15,06:30,Kreuther,2,0,2
2025.11.14,06:30,06:45,Kreuther,3,1,4
2025.11.14,06:45,07:00,Kreuther,3,3,6
2025.11.14,07:00,07:15,Kreuther,5,2,7
2025.11.14,07:15,07:30,Kreuther,17,4,21
2025.11.14,07:30,07:45,Kreuther,35,6,41
2025.11.14,07:45,08:00,Kreuther,15,8,23
2025.11.14,08:00,08:15,Kreuther,21,3,24
2025.11.14,08:15,08:30,Kreuther,12,5,17
2025.11.14,08:30,08:45,Kreuther,8,4,12
2025.11.14,08:45,09:00,Kreuther,13,4,17
2025.11.14,09:00,09:15,Kreuther,3,2,5
2025.11.14,09:15,09:30,Kreuther,4,0,4
2025.11.14,09:30,09:45,Kreuther,9,0,9
2025.11.14,09:45,10:00,Kreuther,2,2,4
2025.11.14,10:00,10:15,Kreuther,9,3,12
2025.11.14,10:15,10:30,Kreuther,5,4,9
2025.11.14,10:30,10:45,Kreuther,4,1,5
2025.11.14,10:45,11:00,Kreuther,5,6,11
2025.11.14,11:00,11:15,Kreuther,4,1,5
2025.11.14,11:15,11:30,Kreuther,2,3,5
2025.11.14,11:30,11:45,Kreuther,6,5,11
2025.11.14,11:45,12:00,Kreuther,5,8,13
2025.11.14,12:00,12:15,Kreuther,5,7,12
2025.11.14,12:15,12:30,Kreuther,6,5,11
2025.11.14,12:30,12:45,Kreuther,8,7,15
2025.11.14,12:45,13:00,Kreuther,2,5,7
2025.11.14,13:00,13:15,Kreuther,3,3,6
2025.11.14,13:15,13:30,Kreuther,4,5,9
2025.11.14,13:30,13:45,Kreuther,5,6,11
2025.11.14,13:45,14:00,Kreuther,6,10,16
2025.11.14,14:00,14:15,Kreuther,4,12,16
2025.11.14,14:15,14:30,Kreuther,5,9,14
2025.11.14,14:30,14:45,Kreuther,6,4,10
2025.11.14,14:45,15:00,Kreuther,5,4,9
2025.11.14,15:00,15:15,Kreuther,7,7,14
2025.11.14,15:15,15:30,Kreuther,12,9,21
2025.11.14,15:30,15:45,Kreuther,12,14,26
2025.11.14,15:45,16:00,Kreuther,10,12,22
2025.11.14,16:00,16:15,Kreuther,11,11,22
2025.11.14,16:15,16:30,Kreuther,6,8,14
2025.11.14,16:30,16:45,Kreuther,9,12,21
2025.11.14,16:45,17:00,Kreuther,6,8,14
2025.11.14,17:00,17:15,Kreuther,4,8,12
2025.11.14,17:15,17:30,Kreuther,2,4,6
2025.11.14,17:30,17:45,Kreuther,1,6,7
2025.11.14,17:45,18:00,Kreuther,3,7,10
2025.11.14,18:00,18:15,Kreuther,5,3,8
2025.11.14,18:15,18:30,Kreuther,3,5,8
2025.11.14,18:30,18:45,Kreuther,2,1,3
2025.11.14,18:45,19:00,Kreuther,5,5,10
2025.11.14,19:00,19:15,Kreuther,9,4,13
2025.11.14,19:15,19:30,Kreuther,4,1,5
2025.11.14,19:30,19:45,Kreuther,1,2,3
2025.11.14,19:45,20:00,Kreuther,3,3,6
2025.11.14,20:00,20:15,Kreuther,2,4,6
2025.11.14,20:15,20:30,Kreuther,0,0,0
2025.11.14,20:30,20:45,Kreuther,0,1,1
2025.11.14,20:45,21:00,Kreuther,2,1,3
2025.11.14,21:00,21:15,Kreuther,1,0,1
2025.11.14,21:15,21:30,Kreuther,5,0,5
2025.11.14,21:30,21:45,Kreuther,0,2,2
2025.11.14,21:45,22:00,Kreuther,2,3,5
2025.11.14,22:00,22:15,Kreuther,0,2,2
2025.11.14,22:15,22:30,Kreuther,0,5,5
2025.11.14,22:30,22:45,Kreuther,0,0,0
2025.11.14,22:45,23:00,Kreuther,0,1,1
2025.11.14,23:00,23:15,Kreuther,2,3,5
2025.11.14,23:15,23:30,Kreuther,1,1,2
2025.11.14,23:30,23:45,Kreuther,0,2,2
2025.11.14,23:45,00:00,Kreuther,0,3,3
2025.11.15,00:00,00:15,Kreuther,1,1,2
2025.11.15,00:15,00:30,Kreuther,0,0,0
2025.11.15,00:30,00:45,Kreuther,2,1,3
2025.11.15,00:45,01:00,Kreuther,1,0,1
2025.11.15,01:00,01:15,Kreuther,0,0,0
2025.11.15,01:15,01:30,Kreuther,0,0,0
2025.11.15,01:30,01:45,Kreuther,0,0,0
2025.11.15,01:45,02:00,Kreuther,0,0,0
2025.11.15,02:00,02:15,Kreuther,0,0,0
2025.11.15,02:15,02:30,Kreuther,0,0,0
2025.11.15,02:30,02:45,Kreuther,0,0,0
2025.11.15,02:45,03:00,Kreuther,0,1,1
2025.11.15,03:00,03:15,Kreuther,0,1,1
2025.11.15,03:15,03:30,Kreuther,0,0,0
2025.11.15,03:30,03:45,Kreuther,0,0,0
2025.11.15,03:45,04:00,Kreuther,1,0,1
2025.11.15,04:00,04:15,Kreuther,0,0,0
2025.11.15,04:15,04:30,Kreuther,0,0,0
2025.11.15,04:30,04:45,Kreuther,0,0,0
2025.11.15,04:45,05:00,Kreuther,0,0,0
2025.11.15,05:00,05:15,Kreuther,0,0,0
2025.11.15,05:15,05:30,Kreuther,0,0,0
2025.11.15,05:30,05:45,Kreuther,0,0,0
2025.11.15,05:45,06:00,Kreuther,0,0,0
2025.11.15,06:00,06:15,Kreuther,0,0,0
2025.11.15,06:15,06:30,Kreuther,0,0,0
2025.11.15,06:30,06:45,Kreuther,0,0,0
2025.11.15,06:45,07:00,Kreuther,0,0,0
2025.11.15,07:00,07:15,Kreuther,1,0,1
2025.11.15,07:15,07:30,Kreuther,0,1,1
2025.11.15,07:30,07:45,Kreuther,2,0,2
2025.11.15,07:45,08:00,Kreuther,2,3,5
2025.11.15,08:00,08:15,Kreuther,3,1,4
2025.11.15,08:15,08:30,Kreuther,0,0,0
2025.11.15,08:30,08:45,Kreuther,1,0,1
2025.11.15,08:45,09:00,Kreuther,4,4,8
2025.11.15,09:00,09:15,Kreuther,4,1,5
2025.11.15,09:15,09:30,Kreuther,8,4,12
2025.11.15,09:30,09:45,Kreuther,1,0,1
2025.11.15,09:45,10:00,Kreuther,6,1,7
2025.11.15,10:00,10:15,Kreuther,3,5,8
2025.11.15,10:15,10:30,Kreuther,6,6,12
2025.11.15,10:30,10:45,Kreuther,8,8,16
2025.11.15,10:45,11:00,Kreuther,4,3,7
2025.11.15,11:00,11:15,Kreuther,2,3,5
2025.11.15,11:15,11:30,Kreuther,6,1,7
2025.11.15,11:30,11:45,Kreuther,8,4,12
2025.11.15,11:45,12:00,Kreuther,8,1,9
2025.11.15,12:00,12:15,Kreuther,6,4,10
2025.11.15,12:15,12:30,Kreuther,2,4,6
2025.11.15,12:30,12:45,Kreuther,3,3,6
2025.11.15,12:45,13:00,Kreuther,5,4,9
2025.11.15,13:00,13:15,Kreuther,2,9,11
2025.11.15,13:15,13:30,Kreuther,9,4,13
2025.11.15,13:30,13:45,Kreuther,12,6,18
2025.11.15,13:45,14:00,Kreuther,12,2,14
2025.11.15,14:00,14:15,Kreuther,7,4,11
2025.11.15,14:15,14:30,Kreuther,6,8,14
2025.11.15,14:30,14:45,Kreuther,9,4,13
2025.11.15,14:45,15:00,Kreuther,4,14,18
2025.11.15,15:00,15:15,Kreuther,9,4,13
2025.11.15,15:15,15:30,Kreuther,11,6,17
2025.11.15,15:30,15:45,Kreuther,4,6,10
2025.11.15,15:45,16:00,Kreuther,4,9,13
2025.11.15,16:00,16:15,Kreuther,9,12,21
2025.11.15,16:15,16:30,Kreuther,4,0,4
2025.11.15,16:30,16:45,Kreuther,5,11,16
2025.11.15,16:45,17:00,Kreuther,1,6,7
2025.11.15,17:00,17:15,Kreuther,4,4,8
2025.11.15,17:15,17:30,Kreuther,6,1,7
2025.11.15,17:30,17:45,Kreuther,4,3,7
2025.11.15,17:45,18:00,Kreuther,0,4,4
2025.11.15,18:00,18:15,Kreuther,1,3,4
2025.11.15,18:15,18:30,Kreuther,3,3,6
2025.11.15,18:30,18:45,Kreuther,2,3,5
2025.11.15,18:45,19:00,Kreuther,0,5,5
2025.11.15,19:00,19:15,Kreuther,2,2,4
2025.11.15,19:15,19:30,Kreuther,0,3,3
2025.11.15,19:30,19:45,Kreuther,5,1,6
2025.11.15,19:45,20:00,Kreuther,1,0,1
2025.11.15,20:00,20:15,Kreuther,1,1,2
2025.11.15,20:15,20:30,Kreuther,2,0,2
2025.11.15,20:30,20:45,Kreuther,0,0,0
2025.11.15,20:45,21:00,Kreuther,1,0,1
2025.11.15,21:00,21:15,Kreuther,1,0,1
2025.11.15,21:15,21:30,Kreuther,0,5,5
2025.11.15,21:30,21:45,Kreuther,0,0,0
2025.11.15,21:45,22:00,Kreuther,0,1,1
2025.11.15,22:00,22:15,Kreuther,0,2,2
2025.11.15,22:15,22:30,Kreuther,4,0,4
2025.11.15,22:30,22:45,Kreuther,0,1,1
2025.11.15,22:45,23:00,Kreuther,0,1,1
2025.11.15,23:00,23:15,Kreuther,0,2,2
2025.11.15,23:15,23:30,Kreuther,0,1,1
2025.11.15,23:30,23:45,Kreuther,0,0,0
2025.11.15,23:45,00:00,Kreuther,0,0,0
2025.11.16,00:00,00:15,Kreuther,0,1,1
2025.11.16,00:15,00:30,Kreuther,0,1,1
2025.11.16,00:30,00:45,Kreuther,1,0,1
2025.11.16,00:45,01:00,Kreuther,0,1,1
2025.11.16,01:00,01:15,Kreuther,0,0,0
2025.11.16,01:15,01:30,Kreuther,0,0,0
2025.11.16,01:30,01:45,Kreuther,0,0,0
2025.11.16,01:45,02:00,Kreuther,0,0,0
2025.11.16,02:00,02:15,Kreuther,0,2,2
2025.11.16,02:15,02:30,Kreuther,0,0,0
2025.11.16,02:30,02:45,Kreuther,0,0,0
2025.11.16,02:45,03:00,Kreuther,0,0,0
2025.11.16,03:00,03:15,Kreuther,0,0,0
2025.11.16,03:15,03:30,Kreuther,0,0,0
2025.11.16,03:30,03:45,Kreuther,1,0,1
2025.11.16,03:45,04:00,Kreuther,0,0,0
2025.11.16,04:00,04:15,Kreuther,0,0,0
2025.11.16,04:15,04:30,Kreuther,0,0,0
2025.11.16,04:30,04:45,Kreuther,0,1,1
2025.11.16,04:45,05:00,Kreuther,0,0,0
2025.11.16,05:00,05:15,Kreuther,0,0,0
2025.11.16,05:15,05:30,Kreuther,0,0,0
2025.11.16,05:30,05:45,Kreuther,0,1,1
2025.11.16,05:45,06:00,Kreuther,0,0,0
2025.11.16,06:00,06:15,Kreuther,0,0,0
2025.11.16,06:15,06:30,Kreuther,0,0,0
2025.11.16,06:30,06:45,Kreuther,0,0,0
2025.11.16,06:45,07:00,Kreuther,0,0,0
2025.11.16,07:00,07:15,Kreuther,0,0,0
2025.11.16,07:15,07:30,Kreuther,1,0,1
2025.11.16,07:30,07:45,Kreuther,0,0,0
2025.11.16,07:45,08:00,Kreuther,0,0,0
2025.11.16,08:00,08:15,Kreuther,0,0,0
2025.11.16,08:15,08:30,Kreuther,2,0,2
2025.11.16,08:30,08:45,Kreuther,3,1,4
2025.11.16,08:45,09:00,Kreuther,2,0,2
2025.11.16,09:00,09:15,Kreuther,4,1,5
2025.11.16,09:15,09:30,Kreuther,2,1,3
2025.11.16,09:30,09:45,Kreuther,2,0,2
2025.11.16,09:45,10:00,Kreuther,2,4,6
2025.11.16,10:00,10:15,Kreuther,10,3,13
2025.11.16,10:15,10:30,Kreuther,3,7,10
2025.11.16,10:30,10:45,Kreuther,7,0,7
2025.11.16,10:45,11:00,Kreuther,3,5,8
2025.11.16,11:00,11:15,Kreuther,2,1,3
2025.11.16,11:15,11:30,Kreuther,7,2,9
2025.11.16,11:30,11:45,Kreuther,4,5,9
2025.11.16,11:45,12:00,Kreuther,4,2,6
2025.11.16,12:00,12:15,Kreuther,4,3,7
2025.11.16,12:15,12:30,Kreuther,3,8,11
2025.11.16,12:30,12:45,Kreuther,1,4,5
2025.11.16,12:45,13:00,Kreuther,6,6,12
2025.11.16,13:00,13:15,Kreuther,10,6,16
2025.11.16,13:15,13:30,Kreuther,4,5,9
2025.11.16,13:30,13:45,Kreuther,5,7,12
2025.11.16,13:45,14:00,Kreuther,15,7,22
2025.11.16,14:00,14:15,Kreuther,15,3,18
2025.11.16,14:15,14:30,Kreuther,6,11,17
2025.11.16,14:30,14:45,Kreuther,3,7,10
2025.11.16,14:45,15:00,Kreuther,7,12,19
2025.11.16,15:00,15:15,Kreuther,2,16,18
2025.11.16,15:15,15:30,Kreuther,7,9,16
2025.11.16,15:30,15:45,Kreuther,10,7,17
2025.11.16,15:45,16:00,Kreuther,3,7,10
2025.11.16,16:00,16:15,Kreuther,8,2,10
2025.11.16,16:15,16:30,Kreuther,2,5,7
2025.11.16,16:30,16:45,Kreuther,2,0,2
2025.11.16,16:45,17:00,Kreuther,5,10,15
2025.11.16,17:00,17:15,Kreuther,1,1,2
2025.11.16,17:15,17:30,Kreuther,1,2,3
2025.11.16,17:30,17:45,Kreuther,0,0,0
2025.11.16,17:45,18:00,Kreuther,1,3,4
2025.11.16,18:00,18:15,Kreuther,1,1,2
2025.11.16,18:15,18:30,Kreuther,0,2,2
2025.11.16,18:30,18:45,Kreuther,0,1,1
2025.11.16,18:45,19:00,Kreuther,2,0,2
2025.11.16,19:00,19:15,Kreuther,2,2,4
2025.11.16,19:15,19:30,Kreuther,1,1,2
2025.11.16,19:30,19:45,Kreuther,0,1,1
2025.11.16,19:45,20:00,Kreuther,2,0,2
2025.11.16,20:00,20:15,Kreuther,1,1,2
2025.11.16,20:15,20:30,Kreuther,2,1,3
2025.11.16,20:30,20:45,Kreuther,2,1,3
2025.11.16,20:45,21:00,Kreuther,1,1,2
2025.11.16,21:00,21:15,Kreuther,1,3,4
2025.11.16,21:15,21:30,Kreuther,1,0,1
2025.11.16,21:30,21:45,Kreuther,0,1,1
2025.11.16,21:45,22:00,Kreuther,0,0,0
2025.11.16,22:00,22:15,Kreuther,0,2,2
2025.11.16,22:15,22:30,Kreuther,0,0,0
2025.11.16,22:30,22:45,Kreuther,0,0,0
2025.11.16,22:45,23:00,Kreuther,0,2,2
2025.11.16,23:00,23:15,Kreuther,0,1,1
2025.11.16,23:15,23:30,Kreuther,0,0,0
2025.11.16,23:30,23:45,Kreuther,0,0,0
2025.11.16,23:45,00:00,Kreuther,0,0,0
2025.11.17,00:00,00:15,Kreuther,0,0,0
2025.11.17,00:15,00:30,Kreuther,1,0,1
2025.11.17,00:30,00:45,Kreuther,0,0,0
2025.11.17,00:45,01:00,Kreuther,0,0,0
2025.11.17,01:00,01:15,Kreuther,0,0,0
2025.11.17,01:15,01:30,Kreuther,0,0,0
2025.11.17,01:30,01:45,Kreuther,0,0,0
2025.11.17,01:45,02:00,Kreuther,0,0,0
2025.11.17,02:00,02:15,Kreuther,1,0,1
2025.11.17,02:15,02:30,Kreuther,0,0,0
2025.11.17,02:30,02:45,Kreuther,0,0,0
2025.11.17,02:45,03:00,Kreuther,0,0,0
2025.11.17,03:00,03:15,Kreuther,0,1,1
2025.11.17,03:15,03:30,Kreuther,0,0,0
2025.11.17,03:30,03:45,Kreuther,0,0,0
2025.11.17,03:45,04:00,Kreuther,0,0,0
2025.11.17,04:00,04:15,Kreuther,0,0,0
2025.11.17,04:15,04:30,Kreuther,0,0,0
2025.11.17,04:30,04:45,Kreuther,0,0,0
2025.11.17,04:45,05:00,Kreuther,0,0,0
2025.11.17,05:00,05:15,Kreuther,1,0,1
2025.11.17,05:15,05:30,Kreuther,1,0,1
2025.11.17,05:30,05:45,Kreuther,0,2,2
2025.11.17,05:45,06:00,Kreuther,2,0,2
2025.11.17,06:00,06:15,Kreuther,1,0,1
2025.11.17,06:15,06:30,Kreuther,1,1,2
2025.11.17,06:30,06:45,Kreuther,3,1,4
2025.11.17,06:45,07:00,Kreuther,4,0,4
2025.11.17,07:00,07:15,Kreuther,9,3,12
2025.11.17,07:15,07:30,Kreuther,12,0,12
2025.11.17,07:30,07:45,Kreuther,31,5,36
2025.11.17,07:45,08:00,Kreuther,15,7,22
2025.11.17,08:00,08:15,Kreuther,15,2,17
2025.11.17,08:15,08:30,Kreuther,15,4,19
2025.11.17,08:30,08:45,Kreuther,13,1,14
2025.11.17,08:45,09:00,Kreuther,17,2,19
2025.11.17,09:00,09:15,Kreuther,10,0,10
2025.11.17,09:15,09:30,Kreuther,6,1,7
2025.11.17,09:30,09:45,Kreuther,4,1,5
2025.11.17,09:45,10:00,Kreuther,0,0,0
2025.11.17,10:00,10:15,Kreuther,1,0,1
2025.11.17,10:15,10:30,Kreuther,0,1,1
2025.11.17,10:30,10:45,Kreuther,1,0,1
2025.11.17,10:45,11:00,Kreuther,2,1,3
2025.11.17,11:00,11:15,Kreuther,2,0,2
2025.11.17,11:15,11:30,Kreuther,3,0,3
2025.11.17,11:30,11:45,Kreuther,0,2,2
2025.11.17,11:45,12:00,Kreuther,2,2,4
2025.11.17,12:00,12:15,Kreuther,2,1,3
2025.11.17,12:15,12:30,Kreuther,1,3,4
2025.11.17,12:30,12:45,Kreuther,1,3,4
2025.11.17,12:45,13:00,Kreuther,2,1,3
2025.11.17,13:00,13:15,Kreuther,1,3,4
2025.11.17,13:15,13:30,Kreuther,3,1,4
2025.11.17,13:30,13:45,Kreuther,2,1,3
2025.11.17,13:45,14:00,Kreuther,3,3,6
2025.11.17,14:00,14:15,Kreuther,1,7,8
2025.11.17,14:15,14:30,Kreuther,1,0,1
2025.11.17,14:30,14:45,Kreuther,0,5,5
2025.11.17,14:45,15:00,Kreuther,2,5,7
2025.11.17,15:00,15:15,Kreuther,2,6,8
2025.11.17,15:15,15:30,Kreuther,4,1,5
2025.11.17,15:30,15:45,Kreuther,7,4,11
2025.11.17,15:45,16:00,Kreuther,3,11,14
2025.11.17,16:00,16:15,Kreuther,3,5,8
2025.11.17,16:15,16:30,Kreuther,5,5,10
2025.11.17,16:30,16:45,Kreuther,2,4,6
2025.11.17,16:45,17:00,Kreuther,1,5,6
2025.11.17,17:00,17:15,Kreuther,3,7,10
2025.11.17,17:15,17:30,Kreuther,2,4,6
2025.11.17,17:30,17:45,Kreuther,5,6,11
2025.11.17,17:45,18:00,Kreuther,1,6,7
2025.11.17,18:00,18:15,Kreuther,3,3,6
2025.11.17,18:15,18:30,Kreuther,3,4,7
2025.11.17,18:30,18:45,Kreuther,1,3,4
2025.11.17,18:45,19:00,Kreuther,2,4,6
2025.11.17,19:00,19:15,Kreuther,1,3,4
2025.11.17,19:15,19:30,Kreuther,1,6,7
2025.11.17,19:30,19:45,Kreuther,1,3,4
2025.11.17,19:45,20:00,Kreuther,0,1,1
2025.11.17,20:00,20:15,Kreuther,0,1,1
2025.11.17,20:15,20:30,Kreuther,0,1,1
2025.11.17,20:30,20:45,Kreuther,0,2,2
2025.11.17,20:45,21:00,Kreuther,0,0,0
2025.11.17,21:00,21:15,Kreuther,0,0,0
2025.11.17,21:15,21:30,Kreuther,1,3,4
2025.11.17,21:30,21:45,Kreuther,1,2,3
2025.11.17,21:45,22:00,Kreuther,0,0,0
2025.11.17,22:00,22:15,Kreuther,0,0,0
2025.11.17,22:15,22:30,Kreuther,0,1,1
2025.11.17,22:30,22:45,Kreuther,0,0,0
2025.11.17,22:45,23:00,Kreuther,0,1,1
2025.11.17,23:00,23:15,Kreuther,0,0,0
2025.11.17,23:15,23:30,Kreuther,0,0,0
2025.11.17,23:30,23:45,Kreuther,0,0,0
2025.11.17,23:45,00:00,Kreuther,0,0,0
2025.11.18,00:00,00:15,Kreuther,0,0,0
2025.11.18,00:15,00:30,Kreuther,0,0,0
2025.11.18,00:30,00:45,Kreuther,0,0,0
2025.11.18,00:45,01:00,Kreuther,0,0,0
2025.11.18,01:00,01:15,Kreuther,0,0,0
2025.11.18,01:15,01:30,Kreuther,0,0,0
2025.11.18,01:30,01:45,Kreuther,0,0,0
2025.11.18,01:45,02:00,Kreuther,0,0,0
2025.11.18,02:00,02:15,Kreuther,0,0,0
2025.11.18,02:15,02:30,Kreuther,2,0,2
2025.11.18,02:30,02:45,Kreuther,0,0,0
2025.11.18,02:45,03:00,Kreuther,0,0,0
2025.11.18,03:00,03:15,Kreuther,0,0,0
2025.11.18,03:15,03:30,Kreuther,0,0,0
2025.11.18,03:30,03:45,Kreuther,0,0,0
2025.11.18,03:45,04:00,Kreuther,0,0,0
2025.11.18,04:00,04:15,Kreuther,0,0,0
2025.11.18,04:15,04:30,Kreuther,0,0,0
2025.11.18,04:30,04:45,Kreuther,0,0,0
2025.11.18,04:45,05:00,Kreuther,0,0,0
2025.11.18,05:00,05:15,Kreuther,1,0,1
2025.11.18,05:15,05:30,Kreuther,1,0,1
2025.11.18,05:30,05:45,Kreuther,0,1,1
2025.11.18,05:45,06:00,Kreuther,2,0,2
2025.11.18,06:00,06:15,Kreuther,0,0,0
2025.11.18,06:15,06:30,Kreuther,4,1,5
2025.11.18,06:30,06:45,Kreuther,6,1,7
2025.11.18,06:45,07:00,Kreuther,3,1,4
2025.11.18,07:00,07:15,Kreuther,5,1,6
2025.11.18,07:15,07:30,Kreuther,16,0,16
2025.11.18,07:30,07:45,Kreuther,22,1,23
2025.11.18,07:45,08:00,Kreuther,31,3,34
2025.11.18,08:00,08:15,Kreuther,13,3,16
2025.11.18,08:15,08:30,Kreuther,28,4,32
2025.11.18,08:30,08:45,Kreuther,15,5,20
2025.11.18,08:45,09:00,Kreuther,12,3,15
2025.11.18,09:00,09:15,Kreuther,12,1,13
2025.11.18,09:15,09:30,Kreuther,9,3,12
2025.11.18,09:30,09:45,Kreuther,6,2,8
2025.11.18,09:45,10:00,Kreuther,6,1,7
2025.11.18,10:00,10:15,Kreuther,5,0,5
2025.11.18,10:15,10:30,Kreuther,3,3,6
2025.11.18,10:30,10:45,Kreuther,3,2,5
2025.11.18,10:45,11:00,Kreuther,2,1,3
2025.11.18,11:00,11:15,Kreuther,3,2,5
2025.11.18,11:15,11:30,Kreuther,1,1,2
2025.11.18,11:30,11:45,Kreuther,2,5,7
2025.11.18,11:45,12:00,Kreuther,1,4,5
2025.11.18,12:00,12:15,Kreuther,7,3,10
2025.11.18,12:15,12:30,Kreuther,4,7,11
2025.11.18,12:30,12:45,Kreuther,3,2,5
2025.11.18,12:45,13:00,Kreuther,2,3,5
2025.11.18,13:00,13:15,Kreuther,3,4,7
2025.11.18,13:15,13:30,Kreuther,4,6,10
2025.11.18,13:30,13:45,Kreuther,6,3,9
2025.11.18,13:45,14:00,Kreuther,4,6,10
2025.11.18,14:00,14:15,Kreuther,5,6,11
2025.11.18,14:15,14:30,Kreuther,1,7,8
2025.11.18,14:30,14:45,Kreuther,1,4,5
2025.11.18,14:45,15:00,Kreuther,6,4,10
2025.11.18,15:00,15:15,Kreuther,4,4,8
2025.11.18,15:15,15:30,Kreuther,6,5,11
2025.11.18,15:30,15:45,Kreuther,4,10,14
2025.11.18,15:45,16:00,Kreuther,5,8,13
2025.11.18,16:00,16:15,Kreuther,5,7,12
2025.11.18,16:15,16:30,Kreuther,9,6,15
2025.11.18,16:30,16:45,Kreuther,10,8,18
2025.11.18,16:45,17:00,Kreuther,7,5,12
2025.11.18,17:00,17:15,Kreuther,4,15,19
2025.11.18,17:15,17:30,Kreuther,2,12,14
2025.11.18,17:30,17:45,Kreuther,5,8,13
2025.11.18,17:45,18:00,Kreuther,3,12,15
2025.11.18,18:00,18:15,Kreuther,6,9,15
2025.11.18,18:15,18:30,Kreuther,5,9,14
2025.11.18,18:30,18:45,Kreuther,2,10,12
2025.11.18,18:45,19:00,Kreuther,0,6,6
2025.11.18,19:00,19:15,Kreuther,1,6,7
2025.11.18,19:15,19:30,Kreuther,4,2,6
2025.11.18,19:30,19:45,Kreuther,1,4,5
2025.11.18,19:45,20:00,Kreuther,1,6,7
2025.11.18,20:00,20:15,Kreuther,1,3,4
2025.11.18,20:15,20:30,Kreuther,2,3,5
2025.11.18,20:30,20:45,Kreuther,2,2,4
2025.11.18,20:45,21:00,Kreuther,4,1,5
2025.11.18,21:00,21:15,Kreuther,1,1,2
2025.11.18,21:15,21:30,Kreuther,2,1,3
2025.11.18,21:30,21:45,Kreuther,0,0,0
2025.11.18,21:45,22:00,Kreuther,1,0,1
2025.11.18,22:00,22:15,Kreuther,0,3,3
2025.11.18,22:15,22:30,Kreuther,1,0,1
2025.11.18,22:30,22:45,Kreuther,0,1,1
2025.11.18,22:45,23:00,Kreuther,2,1,3
2025.11.18,23:00,23:15,Kreuther,0,2,2
2025.11.18,23:15,23:30,Kreuther,0,1,1
2025.11.18,23:30,23:45,Kreuther,0,1,1
2025.11.18,23:45,00:00,Kreuther,1,0,1
2025.11.19,00:00,00:15,Kreuther,0,0,0
2025.11.19,00:15,00:30,Kreuther,0,0,0
2025.11.19,00:30,00:45,Kreuther,0,1,1
2025.11.19,00:45,01:00,Kreuther,0,0,0
2025.11.19,01:00,01:15,Kreuther,0,0,0
2025.11.19,01:15,01:30,Kreuther,0,0,0
2025.11.19,01:30,01:45,Kreuther,0,0,0
2025.11.19,01:45,02:00,Kreuther,0,0,0
2025.11.19,02:00,02:15,Kreuther,0,1,1
2025.11.19,02:15,02:30,Kreuther,2,0,2
2025.11.19,02:30,02:45,Kreuther,0,0,0
2025.11.19,02:45,03:00,Kreuther,0,0,0
2025.11.19,03:00,03:15,Kreuther,1,0,1
2025.11.19,03:15,03:30,Kreuther,0,0,0
2025.11.19,03:30,03:45,Kreuther,0,0,0
2025.11.19,03:45,04:00,Kreuther,0,0,0
2025.11.19,04:00,04:15,Kreuther,0,0,0
2025.11.19,04:15,04:30,Kreuther,0,0,0
2025.11.19,04:30,04:45,Kreuther,0,0,0
2025.11.19,04:45,05:00,Kreuther,0,0,0
2025.11.19,05:00,05:15,Kreuther,1,0,1
2025.11.19,05:15,05:30,Kreuther,1,0,1
2025.11.19,05:30,05:45,Kreuther,1,1,2
2025.11.19,05:45,06:00,Kreuther,1,0,1
2025.11.19,06:00,06:15,Kreuther,0,1,1
2025.11.19,06:15,06:30,Kreuther,2,1,3
2025.11.19,06:30,06:45,Kreuther,3,0,3
2025.11.19,06:45,07:00,Kreuther,3,1,4
2025.11.19,07:00,07:15,Kreuther,4,0,4
2025.11.19,07:15,07:30,Kreuther,8,1,9
2025.11.19,07:30,07:45,Kreuther,14,5,19
2025.11.19,07:45,08:00,Kreuther,15,3,18
2025.11.19,08:00,08:15,Kreuther,20,2,22
2025.11.19,08:15,08:30,Kreuther,23,5,28
2025.11.19,08:30,08:45,Kreuther,11,2,13
2025.11.19,08:45,09:00,Kreuther,8,3,11
2025.11.19,09:00,09:15,Kreuther,6,4,10
2025.11.19,09:15,09:30,Kreuther,10,0,10
2025.11.19,09:30,09:45,Kreuther,4,3,7
2025.11.19,09:45,10:00,Kreuther,7,5,12
2025.11.19,10:00,10:15,Kreuther,0,0,0
2025.11.19,10:15,10:30,Kreuther,1,2,3
2025.11.19,10:30,10:45,Kreuther,3,0,3
2025.11.19,10:45,11:00,Kreuther,4,2,6
2025.11.19,11:00,11:15,Kreuther,3,0,3
2025.11.19,11:15,11:30,Kreuther,4,2,6
2025.11.19,11:30,11:45,Kreuther,5,1,6
2025.11.19,11:45,12:00,Kreuther,4,1,5
2025.11.19,12:00,12:15,Kreuther,2,1,3
2025.11.19,12:15,12:30,Kreuther,2,3,5
2025.11.19,12:30,12:45,Kreuther,2,1,3
2025.11.19,12:45,13:00,Kreuther,2,4,6
2025.11.19,13:00,13:15,Kreuther,1,4,5
2025.11.19,13:15,13:30,Kreuther,5,2,7
2025.11.19,13:30,13:45,Kreuther,4,2,6
2025.11.19,13:45,14:00,Kreuther,1,5,6
2025.11.19,14:00,14:15,Kreuther,7,5,12
2025.11.19,14:15,14:30,Kreuther,6,3,9
2025.11.19,14:30,14:45,Kreuther,10,2,12
2025.11.19,14:45,15:00,Kreuther,3,7,10
2025.11.19,15:00,15:15,Kreuther,7,2,9
2025.11.19,15:15,15:30,Kreuther,4,10,14
2025.11.19,15:30,15:45,Kreuther,2,8,10
2025.11.19,15:45,16:00,Kreuther,5,9,14
2025.11.19,16:00,16:15,Kreuther,4,4,8
2025.11.19,16:15,16:30,Kreuther,4,2,6
2025.11.19,16:30,16:45,Kreuther,5,8,13
2025.11.19,16:45,17:00,Kreuther,6,5,11
2025.11.19,17:00,17:15,Kreuther,4,2,6
2025.11.19,17:15,17:30,Kreuther,3,5,8
2025.11.19,17:30,17:45,Kreuther,1,3,4
2025.11.19,17:45,18:00,Kreuther,6,18,24
2025.11.19,18:00,18:15,Kreuther,1,7,8
2025.11.19,18:15,18:30,Kreuther,1,10,11
2025.11.19,18:30,18:45,Kreuther,2,5,7
2025.11.19,18:45,19:00,Kreuther,5,1,6
2025.11.19,19:00,19:15,Kreuther,1,2,3
2025.11.19,19:15,19:30,Kreuther,3,4,7
2025.11.19,19:30,19:45,Kreuther,1,5,6
2025.11.19,19:45,20:00,Kreuther,0,5,5
2025.11.19,20:00,20:15,Kreuther,1,4,5
2025.11.19,20:15,20:30,Kreuther,3,4,7
2025.11.19,20:30,20:45,Kreuther,0,0,0
2025.11.19,20:45,21:00,Kreuther,2,2,4
2025.11.19,21:00,21:15,Kreuther,0,0,0
2025.11.19,21:15,21:30,Kreuther,1,1,2
2025.11.19,21:30,21:45,Kreuther,0,1,1
2025.11.19,21:45,22:00,Kreuther,2,1,3
2025.11.19,22:00,22:15,Kreuther,1,1,2
2025.11.19,22:15,22:30,Kreuther,0,2,2
2025.11.19,22:30,22:45,Kreuther,0,1,1
2025.11.19,22:45,23:00,Kreuther,1,1,2
2025.11.19,23:00,23:15,Kreuther,0,0,0
2025.11.19,23:15,23:30,Kreuther,0,1,1
2025.11.19,23:30,23:45,Kreuther,0,1,1
2025.11.19,23:45,00:00,Kreuther,0,0,0
2025.11.20,00:00,00:15,Kreuther,1,0,1
2025.11.20,00:15,00:30,Kreuther,0,1,1
2025.11.20,00:30,00:45,Kreuther,0,1,1
2025.11.20,00:45,01:00,Kreuther,0,0,0
2025.11.20,01:00,01:15,Kreuther,0,0,0
2025.11.20,01:15,01:30,Kreuther,0,0,0
2025.11.20,01:30,01:45,Kreuther,0,0,0
2025.11.20,01:45,02:00,Kreuther,0,0,0
2025.11.20,02:00,02:15,Kreuther,0,0,0
2025.11.20,02:15,02:30,Kreuther,2,0,2
2025.11.20,02:30,02:45,Kreuther,0,0,0
2025.11.20,02:45,03:00,Kreuther,0,0,0
2025.11.20,03:00,03:15,Kreuther,0,0,0
2025.11.20,03:15,03:30,Kreuther,0,0,0
2025.11.20,03:30,03:45,Kreuther,0,0,0
2025.11.20,03:45,04:00,Kreuther,0,0,0
2025.11.20,04:00,04:15,Kreuther,0,0,0
2025.11.20,04:15,04:30,Kreuther,0,0,0
2025.11.20,04:30,04:45,Kreuther,0,0,0
2025.11.20,04:45,05:00,Kreuther,0,0,0
2025.11.20,05:00,05:15,Kreuther,1,0,1
2025.11.20,05:15,05:30,Kreuther,1,0,1
2025.11.20,05:30,05:45,Kreuther,0,0,0
2025.11.20,05:45,06:00,Kreuther,2,0,2
2025.11.20,06:00,06:15,Kreuther,0,0,0
2025.11.20,06:15,06:30,Kreuther,1,1,2
2025.11.20,06:30,06:45,Kreuther,0,1,1
2025.11.20,06:45,07:00,Kreuther,6,1,7
2025.11.20,07:00,07:15,Kreuther,6,0,6
2025.11.20,07:15,07:30,Kreuther,11,1,12
2025.11.20,07:30,07:45,Kreuther,21,4,25
2025.11.20,07:45,08:00,Kreuther,14,7,21
2025.11.20,08:00,08:15,Kreuther,21,2,23
2025.11.20,08:15,08:30,Kreuther,12,7,19
2025.11.20,08:30,08:45,Kreuther,15,1,16
2025.11.20,08:45,09:00,Kreuther,6,1,7
2025.11.20,09:00,09:15,Kreuther,7,1,8
2025.11.20,09:15,09:30,Kreuther,5,1,6
2025.11.20,09:30,09:45,Kreuther,8,2,10
2025.11.20,09:45,10:00,Kreuther,2,1,3
2025.11.20,10:00,10:15,Kreuther,2,0,2
2025.11.20,10:15,10:30,Kreuther,4,0,4
2025.11.20,10:30,10:45,Kreuther,0,3,3
2025.11.20,10:45,11:00,Kreuther,2,1,3
2025.11.20,11:00,11:15,Kreuther,1,4,5
2025.11.20,11:15,11:30,Kreuther,4,1,5
2025.11.20,11:30,11:45,Kreuther,3,4,7
2025.11.20,11:45,12:00,Kreuther,3,3,6
2025.11.20,12:00,12:15,Kreuther,4,4,8
2025.11.20,12:15,12:30,Kreuther,0,5,5
2025.11.20,12:30,12:45,Kreuther,3,1,4
2025.11.20,12:45,13:00,Kreuther,2,1,3
2025.11.20,13:00,13:15,Kreuther,2,5,7
2025.11.20,13:15,13:30,Kreuther,1,3,4
2025.11.20,13:30,13:45,Kreuther,4,3,7
2025.11.20,13:45,14:00,Kreuther,3,6,9
2025.11.20,14:00,14:15,Kreuther,5,10,15
2025.11.20,14:15,14:30,Kreuther,3,2,5
2025.11.20,14:30,14:45,Kreuther,6,7,13
2025.11.20,14:45,15:00,Kreuther,3,1,4
2025.11.20,15:00,15:15,Kreuther,4,7,11
2025.11.20,15:15,15:30,Kreuther,10,3,13
2025.11.20,15:30,15:45,Kreuther,3,9,12
2025.11.20,15:45,16:00,Kreuther,8,5,13
2025.11.20,16:00,16:15,Kreuther,5,7,12
2025.11.20,16:15,16:30,Kreuther,6,7,13
2025.11.20,16:30,16:45,Kreuther,2,8,10
2025.11.20,16:45,17:00,Kreuther,1,9,10
2025.11.20,17:00,17:15,Kreuther,3,3,6
2025.11.20,17:15,17:30,Kreuther,3,4,7
2025.11.20,17:30,17:45,Kreuther,3,10,13
2025.11.20,17:45,18:00,Kreuther,6,5,11
2025.11.20,18:00,18:15,Kreuther,1,6,7
2025.11.20,18:15,18:30,Kreuther,1,2,3
2025.11.20,18:30,18:45,Kreuther,3,7,10
2025.11.20,18:45,19:00,Kreuther,6,3,9
2025.11.20,19:00,19:15,Kreuther,1,2,3
2025.11.20,19:15,19:30,Kreuther,1,4,5
2025.11.20,19:30,19:45,Kreuther,2,1,3
2025.11.20,19:45,20:00,Kreuther,0,1,1
2025.11.20,20:00,20:15,Kreuther,0,2,2
2025.11.20,20:15,20:30,Kreuther,1,3,4
2025.11.20,20:30,20:45,Kreuther,0,0,0
2025.11.20,20:45,21:00,Kreuther,1,2,3
2025.11.20,21:00,21:15,Kreuther,1,0,1
2025.11.20,21:15,21:30,Kreuther,0,0,0
2025.11.20,21:30,21:45,Kreuther,1,0,1
2025.11.20,21:45,22:00,Kreuther,0,1,1
2025.11.20,22:00,22:15,Kreuther,1,5,6
2025.11.20,22:15,22:30,Kreuther,0,2,2
2025.11.20,22:30,22:45,Kreuther,0,0,0
2025.11.20,22:45,23:00,Kreuther,0,0,0
2025.11.20,23:00,23:15,Kreuther,0,1,1
2025.11.20,23:15,23:30,Kreuther,0,0,0
2025.11.20,23:30,23:45,Kreuther,0,0,0
2025.11.20,23:45,00:00,Kreuther,0,1,1
2025.11.21,00:00,00:15,Kreuther,2,0,2
2025.11.21,00:15,00:30,Kreuther,1,0,1
2025.11.21,00:30,00:45,Kreuther,0,0,0
2025.11.21,00:45,01:00,Kreuther,0,0,0
2025.11.21,01:00,01:15,Kreuther,0,0,0
2025.11.21,01:15,01:30,Kreuther,0,0,0
2025.11.21,01:30,01:45,Kreuther,0,2,2
2025.11.21,01:45,02:00,Kreuther,0,0,0
2025.11.21,02:00,02:15,Kreuther,1,0,1
2025.11.21,02:15,02:30,Kreuther,1,0,1
2025.11.21,02:30,02:45,Kreuther,0,0,0
2025.11.21,02:45,03:00,Kreuther,0,0,0
2025.11.21,03:00,03:15,Kreuther,0,0,0
2025.11.21,03:15,03:30,Kreuther,0,0,0
2025.11.21,03:30,03:45,Kreuther,0,0,0
2025.11.21,03:45,04:00,Kreuther,0,0,0
2025.11.21,04:00,04:15,Kreuther,1,0,1
2025.11.21,04:15,04:30,Kreuther,0,0,0
2025.11.21,04:30,04:45,Kreuther,0,0,0
2025.11.21,04:45,05:00,Kreuther,0,0,0
2025.11.21,05:00,05:15,Kreuther,1,0,1
2025.11.21,05:15,05:30,Kreuther,0,0,0
2025.11.21,05:30,05:45,Kreuther,0,0,0
2025.11.21,05:45,06:00,Kreuther,0,0,0
2025.11.21,06:00,06:15,Kreuther,1,1,2
2025.11.21,06:15,06:30,Kreuther,2,0,2
2025.11.21,06:30,06:45,Kreuther,1,0,1
2025.11.21,06:45,07:00,Kreuther,1,1,2
2025.11.21,07:00,07:15,Kreuther,4,1,5
2025.11.21,07:15,07:30,Kreuther,13,0,13
2025.11.21,07:30,07:45,Kreuther,21,0,21
2025.11.21,07:45,08:00,Kreuther,12,7,19
2025.11.21,08:00,08:15,Kreuther,9,2,11
2025.11.21,08:15,08:30,Kreuther,9,1,10
2025.11.21,08:30,08:45,Kreuther,10,2,12
2025.11.21,08:45,09:00,Kreuther,6,1,7
2025.11.21,09:00,09:15,Kreuther,5,3,8
2025.11.21,09:15,09:30,Kreuther,4,1,5
2025.11.21,09:30,09:45,Kreuther,3,0,3
2025.11.21,09:45,10:00,Kreuther,3,0,3
2025.11.21,10:00,10:15,Kreuther,3,0,3
2025.11.21,10:15,10:30,Kreuther,2,1,3
2025.11.21,10:30,10:45,Kreuther,4,1,5
2025.11.21,10:45,11:00,Kreuther,0,1,1
2025.11.21,11:00,11:15,Kreuther,3,2,5
2025.11.21,11:15,11:30,Kreuther,3,2,5
2025.11.21,11:30,11:45,Kreuther,1,3,4
2025.11.21,11:45,12:00,Kreuther,3,2,5
2025.11.21,12:00,12:15,Kreuther,3,1,4
2025.11.21,12:15,12:30,Kreuther,3,9,12
2025.11.21,12:30,12:45,Kreuther,0,3,3
2025.11.21,12:45,13:00,Kreuther,2,4,6
2025.11.21,13:00,13:15,Kreuther,0,3,3
2025.11.21,13:15,13:30,Kreuther,3,6,9
2025.11.21,13:30,13:45,Kreuther,3,3,6
2025.11.21,13:45,14:00,Kreuther,1,4,5
2025.11.21,14:00,14:15,Kreuther,4,6,10
2025.11.21,14:15,14:30,Kreuther,1,6,7
2025.11.21,14:30,14:45,Kreuther,4,2,6
2025.11.21,14:45,15:00,Kreuther,3,3,6
2025.11.21,15:00,15:15,Kreuther,5,6,11
2025.11.21,15:15,15:30,Kreuther,4,5,9
2025.11.21,15:30,15:45,Kreuther,2,2,4
2025.11.21,15:45,16:00,Kreuther,2,3,5
2025.11.21,16:00,16:15,Kreuther,2,5,7
2025.11.21,16:15,16:30,Kreuther,0,3,3
2025.11.21,16:30,16:45,Kreuther,5,2,7
2025.11.21,16:45,17:00,Kreuther,2,5,7
2025.11.21,17:00,17:15,Kreuther,0,4,4
2025.11.21,17:15,17:30,Kreuther,3,0,3
2025.11.21,17:30,17:45,Kreuther,5,5,10
2025.11.21,17:45,18:00,Kreuther,0,3,3
2025.11.21,18:00,18:15,Kreuther,1,2,3
2025.11.21,18:15,18:30,Kreuther,1,4,5
2025.11.21,18:30,18:45,Kreuther,1,6,7
2025.11.21,18:45,19:00,Kreuther,0,1,1
2025.11.21,19:00,19:15,Kreuther,2,2,4
2025.11.21,19:15,19:30,Kreuther,0,1,1
2025.11.21,19:30,19:45,Kreuther,2,1,3
2025.11.21,19:45,20:00,Kreuther,1,2,3
2025.11.21,20:00,20:15,Kreuther,0,1,1
2025.11.21,20:15,20:30,Kreuther,1,2,3
2025.11.21,20:30,20:45,Kreuther,0,0,0
2025.11.21,20:45,21:00,Kreuther,1,0,1
2025.11.21,21:00,21:15,Kreuther,0,0,0
2025.11.21,21:15,21:30,Kreuther,1,0,1
2025.11.21,21:30,21:45,Kreuther,0,0,0
2025.11.21,21:45,22:00,Kreuther,2,0,2
2025.11.21,22:00,22:15,Kreuther,0,1,1
2025.11.21,22:15,22:30,Kreuther,0,0,0
2025.11.21,22:30,22:45,Kreuther,0,1,1
2025.11.21,22:45,23:00,Kreuther,1,0,1
2025.11.21,23:00,23:15,Kreuther,0,0,0
2025.11.21,23:15,23:30,Kreuther,0,0,0
2025.11.21,23:30,23:45,Kreuther,0,0,0
2025.11.21,23:45,00:00,Kreuther,0,1,1
2025.11.22,00:00,00:15,Kreuther,0,0,0
2025.11.22,00:15,00:30,Kreuther,0,0,0
2025.11.22,00:30,00:45,Kreuther,0,0,0
2025.11.22,00:45,01:00,Kreuther,0,0,0
2025.11.22,01:00,01:15,Kreuther,0,0,0
2025.11.22,01:15,01:30,Kreuther,0,0,0
2025.11.22,01:30,01:45,Kreuther,0,0,0
2025.11.22,01:45,02:00,Kreuther,0,0,0
2025.11.22,02:00,02:15,Kreuther,0,0,0
2025.11.22,02:15,02:30,Kreuther,0,0,0
2025.11.22,02:30,02:45,Kreuther,0,0,0
2025.11.22,02:45,03:00,Kreuther,0,0,0
2025.11.22,03:00,03:15,Kreuther,0,0,0
2025.11.22,03:15,03:30,Kreuther,0,1,1
2025.11.22,03:30,03:45,Kreuther,0,0,0
2025.11.22,03:45,04:00,Kreuther,0,0,0
2025.11.22,04:00,04:15,Kreuther,0,0,0
2025.11.22,04:15,04:30,Kreuther,0,0,0
2025.11.22,04:30,04:45,Kreuther,0,0,0
2025.11.22,04:45,05:00,Kreuther,0,0,0
2025.11.22,05:00,05:15,Kreuther,0,0,0
2025.11.22,05:15,05:30,Kreuther,0,0,0
2025.11.22,05:30,05:45,Kreuther,0,2,2
2025.11.22,05:45,06:00,Kreuther,0,0,0
2025.11.22,06:00,06:15,Kreuther,0,0,0
2025.11.22,06:15,06:30,Kreuther,0,0,0
2025.11.22,06:30,06:45,Kreuther,0,0,0
2025.11.22,06:45,07:00,Kreuther,0,0,0
2025.11.22,07:00,07:15,Kreuther,0,0,0
2025.11.22,07:15,07:30,Kreuther,2,0,2
2025.11.22,07:30,07:45,Kreuther,1,0,1
2025.11.22,07:45,08:00,Kreuther,1,1,2
2025.11.22,08:00,08:15,Kreuther,0,1,1
2025.11.22,08:15,08:30,Kreuther,1,1,2
2025.11.22,08:30,08:45,Kreuther,0,4,4
2025.11.22,08:45,09:00,Kreuther,3,1,4
2025.11.22,09:00,09:15,Kreuther,4,0,4
2025.11.22,09:15,09:30,Kreuther,1,0,1
2025.11.22,09:30,09:45,Kreuther,2,0,2
2025.11.22,09:45,10:00,Kreuther,4,0,4
2025.11.22,10:00,10:15,Kreuther,1,3,4
2025.11.22,10:15,10:30,Kreuther,1,2,3
2025.11.22,10:30,10:45,Kreuther,3,2,5
2025.11.22,10:45,11:00,Kreuther,1,2,3
2025.11.22,11:00,11:15,Kreuther,0,0,0
2025.11.22,11:15,11:30,Kreuther,0,0,0
2025.11.22,11:30,11:45,Kreuther,7,1,8
2025.11.22,11:45,12:00,Kreuther,2,1,3
2025.11.22,12:00,12:15,Kreuther,1,0,1
2025.11.22,12:15,12:30,Kreuther,0,4,4
2025.11.22,12:30,12:45,Kreuther,3,2,5
2025.11.22,12:45,13:00,Kreuther,1,1,2
2025.11.22,13:00,13:15,Kreuther,3,2,5
2025.11.22,13:15,13:30,Kreuther,2,1,3
2025.11.22,13:30,13:45,Kreuther,3,2,5
2025.11.22,13:45,14:00,Kreuther,0,0,0
2025.11.22,14:00,14:15,Kreuther,2,1,3
2025.11.22,14:15,14:30,Kreuther,2,1,3
2025.11.22,14:30,14:45,Kreuther,3,3,6
2025.11.22,14:45,15:00,Kreuther,2,4,6
2025.11.22,15:00,15:15,Kreuther,0,1,1
2025.11.22,15:15,15:30,Kreuther,3,1,4
2025.11.22,15:30,15:45,Kreuther,3,2,5
2025.11.22,15:45,16:00,Kreuther,1,1,2
2025.11.22,16:00,16:15,Kreuther,2,1,3
2025.11.22,16:15,16:30,Kreuther,1,2,3
2025.11.22,16:30,16:45,Kreuther,6,4,10
2025.11.22,16:45,17:00,Kreuther,0,0,0
2025.11.22,17:00,17:15,Kreuther,0,0,0
2025.11.22,17:15,17:30,Kreuther,1,1,2
2025.11.22,17:30,17:45,Kreuther,1,0,1
2025.11.22,17:45,18:00,Kreuther,2,2,4
2025.11.22,18:00,18:15,Kreuther,2,3,5
2025.11.22,18:15,18:30,Kreuther,1,1,2
2025.11.22,18:30,18:45,Kreuther,0,0,0
2025.11.22,18:45,19:00,Kreuther,1,2,3
2025.11.22,19:00,19:15,Kreuther,0,0,0
2025.11.22,19:15,19:30,Kreuther,1,3,4
2025.11.22,19:30,19:45,Kreuther,1,0,1
2025.11.22,19:45,20:00,Kreuther,0,1,1
2025.11.22,20:00,20:15,Kreuther,1,4,5
2025.11.22,20:15,20:30,Kreuther,0,2,2
2025.11.22,20:30,20:45,Kreuther,1,0,1
2025.11.22,20:45,21:00,Kreuther,1,1,2
2025.11.22,21:00,21:15,Kreuther,0,0,0
2025.11.22,21:15,21:30,Kreuther,1,1,2
2025.11.22,21:30,21:45,Kreuther,0,0,0
2025.11.22,21:45,22:00,Kreuther,0,0,0
2025.11.22,22:00,22:15,Kreuther,0,0,0
2025.11.22,22:15,22:30,Kreuther,0,2,2
2025.11.22,22:30,22:45,Kreuther,1,0,1
2025.11.22,22:45,23:00,Kreuther,0,0,0
2025.11.22,23:00,23:15,Kreuther,1,3,4
2025.11.22,23:15,23:30,Kreuther,0,0,0
2025.11.22,23:30,23:45,Kreuther,0,0,0
2025.11.22,23:45,00:00,Kreuther,0,1,1
2025.11.23,00:00,00:15,Kreuther,0,0,0
2025.11.23,00:15,00:30,Kreuther,1,0,1
2025.11.23,00:30,00:45,Kreuther,0,0,0
2025.11.23,00:45,01:00,Kreuther,0,0,0
2025.11.23,01:00,01:15,Kreuther,0,0,0
2025.11.23,01:15,01:30,Kreuther,0,0,0
2025.11.23,01:30,01:45,Kreuther,0,0,0
2025.11.23,01:45,02:00,Kreuther,0,0,0
2025.11.23,02:00,02:15,Kreuther,0,0,0
2025.11.23,02:15,02:30,Kreuther,0,0,0
2025.11.23,02:30,02:45,Kreuther,0,0,0
2025.11.23,02:45,03:00,Kreuther,0,0,0
2025.11.23,03:00,03:15,Kreuther,0,0,0
2025.11.23,03:15,03:30,Kreuther,0,0,0
2025.11.23,03:30,03:45,Kreuther,0,0,0
2025.11.23,03:45,04:00,Kreuther,0,0,0
2025.11.23,04:00,04:15,Kreuther,0,0,0
2025.11.23,04:15,04:30,Kreuther,0,0,0
2025.11.23,04:30,04:45,Kreuther,0,0,0
2025.11.23,04:45,05:00,Kreuther,0,0,0
2025.11.23,05:00,05:15,Kreuther,0,0,0
2025.11.23,05:15,05:30,Kreuther,0,0,0
2025.11.23,05:30,05:45,Kreuther,0,0,0
2025.11.23,05:45,06:00,Kreuther,0,0,0
2025.11.23,06:00,06:15,Kreuther,0,0,0
2025.11.23,06:15,06:30,Kreuther,0,0,0
2025.11.23,06:30,06:45,Kreuther,0,0,0
2025.11.23,06:45,07:00,Kreuther,0,0,0
2025.11.23,07:00,07:15,Kreuther,0,0,0
2025.11.23,07:15,07:30,Kreuther,0,0,0
2025.11.23,07:30,07:45,Kreuther,2,0,2
2025.11.23,07:45,08:00,Kreuther,0,0,0
2025.11.23,08:00,08:15,Kreuther,0,1,1
2025.11.23,08:15,08:30,Kreuther,0,0,0
2025.11.23,08:30,08:45,Kreuther,1,1,2
2025.11.23,08:45,09:00,Kreuther,0,0,0
2025.11.23,09:00,09:15,Kreuther,1,1,2
2025.11.23,09:15,09:30,Kreuther,2,1,3
2025.11.23,09:30,09:45,Kreuther,2,0,2
2025.11.23,09:45,10:00,Kreuther,1,0,1
2025.11.23,10:00,10:15,Kreuther,1,0,1
2025.11.23,10:15,10:30,Kreuther,2,1,3
2025.11.23,10:30,10:45,Kreuther,0,2,2
2025.11.23,10:45,11:00,Kreuther,1,2,3
2025.11.23,11:00,11:15,Kreuther,1,0,1
2025.11.23,11:15,11:30,Kreuther,6,2,8
2025.11.23,11:30,11:45,Kreuther,2,0,2
2025.11.23,11:45,12:00,Kreuther,3,3,6
2025.11.23,12:00,12:15,Kreuther,0,3,3
2025.11.23,12:15,12:30,Kreuther,1,2,3
2025.11.23,12:30,12:45,Kreuther,6,3,9
2025.11.23,12:45,13:00,Kreuther,2,3,5
2025.11.23,13:00,13:15,Kreuther,1,1,2
2025.11.23,13:15,13:30,Kreuther,1,3,4
2025.11.23,13:30,13:45,Kreuther,5,0,5
2025.11.23,13:45,14:00,Kreuther,7,1,8
2025.11.23,14:00,14:15,Kreuther,4,5,9
2025.11.23,14:15,14:30,Kreuther,6,1,7
2025.11.23,14:30,14:45,Kreuther,4,0,4
2025.11.23,14:45,15:00,Kreuther,4,2,6
2025.11.23,15:00,15:15,Kreuther,0,5,5
2025.11.23,15:15,15:30,Kreuther,2,2,4
2025.11.23,15:30,15:45,Kreuther,2,6,8
2025.11.23,15:45,16:00,Kreuther,2,2,4
2025.11.23,16:00,16:15,Kreuther,2,1,3
2025.11.23,16:15,16:30,Kreuther,1,2,3
2025.11.23,16:30,16:45,Kreuther,0,3,3
2025.11.23,16:45,17:00,Kreuther,0,1,1
2025.11.23,17:00,17:15,Kreuther,2,3,5
2025.11.23,17:15,17:30,Kreuther,3,2,5
2025.11.23,17:30,17:45,Kreuther,1,1,2
2025.11.23,17:45,18:00,Kreuther,3,5,8
2025.11.23,18:00,18:15,Kreuther,0,5,5
2025.11.23,18:15,18:30,Kreuther,1,3,4
2025.11.23,18:30,18:45,Kreuther,0,2,2
2025.11.23,18:45,19:00,Kreuther,4,2,6
2025.11.23,19:00,19:15,Kreuther,0,0,0
2025.11.23,19:15,19:30,Kreuther,0,0,0
2025.11.23,19:30,19:45,Kreuther,0,0,0
2025.11.23,19:45,20:00,Kreuther,1,2,3
2025.11.23,20:00,20:15,Kreuther,0,0,0
2025.11.23,20:15,20:30,Kreuther,0,0,0
2025.11.23,20:30,20:45,Kreuther,2,0,2
2025.11.23,20:45,21:00,Kreuther,0,0,0
2025.11.23,21:00,21:15,Kreuther,0,0,0
2025.11.23,21:15,21:30,Kreuther,0,0,0
2025.11.23,21:30,21:45,Kreuther,0,0,0
2025.11.23,21:45,22:00,Kreuther,0,0,0
2025.11.23,22:00,22:15,Kreuther,0,0,0
2025.11.23,22:15,22:30,Kreuther,0,0,0
2025.11.23,22:30,22:45,Kreuther,1,0,1
2025.11.23,22:45,23:00,Kreuther,0,0,0
2025.11.23,23:00,23:15,Kreuther,0,0,0
2025.11.23,23:15,23:30,Kreuther,0,0,0
2025.11.23,23:30,23:45,Kreuther,0,0,0
2025.11.23,23:45,00:00,Kreuther,0,0,0
2025.11.24,00:00,00:15,Kreuther,0,0,0
2025.11.24,00:15,00:30,Kreuther,0,0,0
2025.11.24,00:30,00:45,Kreuther,0,0,0
2025.11.24,00:45,01:00,Kreuther,0,0,0
2025.11.24,01:00,01:15,Kreuther,0,0,0
2025.11.24,01:15,01:30,Kreuther,0,0,0
2025.11.24,01:30,01:45,Kreuther,0,0,0
2025.11.24,01:45,02:00,Kreuther,0,0,0
2025.11.24,02:00,02:15,Kreuther,1,0,1
2025.11.24,02:15,02:30,Kreuther,1,0,1
2025.11.24,02:30,02:45,Kreuther,0,0,0
2025.11.24,02:45,03:00,Kreuther,0,0,0
2025.11.24,03:00,03:15,Kreuther,0,0,0
2025.11.24,03:15,03:30,Kreuther,0,0,0
2025.11.24,03:30,03:45,Kreuther,0,0,0
2025.11.24,03:45,04:00,Kreuther,0,0,0
2025.11.24,04:00,04:15,Kreuther,0,0,0
2025.11.24,04:15,04:30,Kreuther,0,0,0
2025.11.24,04:30,04:45,Kreuther,0,0,0
2025.11.24,04:45,05:00,Kreuther,0,0,0
2025.11.24,05:00,05:15,Kreuther,1,0,1
2025.11.24,05:15,05:30,Kreuther,1,0,1
2025.11.24,05:30,05:45,Kreuther,0,1,1
2025.11.24,05:45,06:00,Kreuther,1,0,1
2025.11.24,06:00,06:15,Kreuther,0,1,1
2025.11.24,06:15,06:30,Kreuther,0,0,0
2025.11.24,06:30,06:45,Kreuther,1,1,2
2025.11.24,06:45,07:00,Kreuther,2,0,2
2025.11.24,07:00,07:15,Kreuther,3,3,6
2025.11.24,07:15,07:30,Kreuther,4,1,5
2025.11.24,07:30,07:45,Kreuther,13,3,16
2025.11.24,07:45,08:00,Kreuther,12,3,15
2025.11.24,08:00,08:15,Kreuther,5,0,5
2025.11.24,08:15,08:30,Kreuther,12,0,12
2025.11.24,08:30,08:45,Kreuther,6,1,7
2025.11.24,08:45,09:00,Kreuther,8,1,9
2025.11.24,09:00,09:15,Kreuther,3,1,4
2025.11.24,09:15,09:30,Kreuther,1,0,1
2025.11.24,09:30,09:45,Kreuther,2,2,4
2025.11.24,09:45,10:00,Kreuther,2,3,5
2025.11.24,10:00,10:15,Kreuther,1,2,3
2025.11.24,10:15,10:30,Kreuther,0,0,0
2025.11.24,10:30,10:45,Kreuther,2,1,3
2025.11.24,10:45,11:00,Kreuther,1,0,1
2025.11.24,11:00,11:15,Kreuther,1,0,1
2025.11.24,11:15,11:30,Kreuther,3,1,4
2025.11.24,11:30,11:45,Kreuther,5,2,7
2025.11.24,11:45,12:00,Kreuther,1,0,1
2025.11.24,12:00,12:15,Kreuther,3,1,4
2025.11.24,12:15,12:30,Kreuther,2,2,4
2025.11.24,12:30,12:45,Kreuther,0,6,6
2025.11.24,12:45,13:00,Kreuther,0,2,2
2025.11.24,13:00,13:15,Kreuther,1,1,2
2025.11.24,13:15,13:30,Kreuther,0,0,0
2025.11.24,13:30,13:45,Kreuther,5,3,8
2025.11.24,13:45,14:00,Kreuther,1,4,5
2025.11.24,14:00,14:15,Kreuther,0,2,2
2025.11.24,14:15,14:30,Kreuther,0,2,2
2025.11.24,14:30,14:45,Kreuther,2,1,3
2025.11.24,14:45,15:00,Kreuther,2,1,3
2025.11.24,15:00,15:15,Kreuther,0,1,1
2025.11.24,15:15,15:30,Kreuther,2,2,4
2025.11.24,15:30,15:45,Kreuther,4,4,8
2025.11.24,15:45,16:00,Kreuther,1,3,4
2025.11.24,16:00,16:15,Kreuther,3,1,4
2025.11.24,16:15,16:30,Kreuther,6,2,8
2025.11.24,16:30,16:45,Kreuther,5,2,7
2025.11.24,16:45,17:00,Kreuther,2,3,5
2025.11.24,17:00,17:15,Kreuther,0,3,3
2025.11.24,17:15,17:30,Kreuther,1,4,5
2025.11.24,17:30,17:45,Kreuther,6,2,8
2025.11.24,17:45,18:00,Kreuther,1,2,3
2025.11.24,18:00,18:15,Kreuther,1,2,3
2025.11.24,18:15,18:30,Kreuther,1,3,4
2025.11.24,18:30,18:45,Kreuther,1,3,4
2025.11.24,18:45,19:00,Kreuther,3,2,5
2025.11.24,19:00,19:15,Kreuther,0,3,3
2025.11.24,19:15,19:30,Kreuther,2,0,2
2025.11.24,19:30,19:45,Kreuther,0,4,4
2025.11.24,19:45,20:00,Kreuther,2,0,2
2025.11.24,20:00,20:15,Kreuther,0,2,2
2025.11.24,20:15,20:30,Kreuther,1,0,1
2025.11.24,20:30,20:45,Kreuther,0,0,0
2025.11.24,20:45,21:00,Kreuther,1,0,1
2025.11.24,21:00,21:15,Kreuther,0,0,0
2025.11.24,21:15,21:30,Kreuther,0,1,1
2025.11.24,21:30,21:45,Kreuther,0,1,1
2025.11.24,21:45,22:00,Kreuther,0,0,0
2025.11.24,22:00,22:15,Kreuther,0,0,0
2025.11.24,22:15,22:30,Kreuther,0,1,1
2025.11.24,22:30,22:45,Kreuther,0,0,0
2025.11.24,22:45,23:00,Kreuther,0,0,0
2025.11.24,23:00,23:15,Kreuther,0,0,0
2025.11.24,23:15,23:30,Kreuther,0,0,0
2025.11.24,23:30,23:45,Kreuther,0,0,0
2025.11.24,23:45,00:00,Kreuther,0,0,0
2025.11.25,00:00,00:15,Kreuther,0,0,0
2025.11.25,00:15,00:30,Kreuther,0,0,0
2025.11.25,00:30,00:45,Kreuther,0,1,1
2025.11.25,00:45,01:00,Kreuther,0,0,0
2025.11.25,01:00,01:15,Kreuther,0,0,0
2025.11.25,01:15,01:30,Kreuther,0,0,0
2025.11.25,01:30,01:45,Kreuther,0,0,0
2025.11.25,01:45,02:00,Kreuther,0,0,0
2025.11.25,02:00,02:15,Kreuther,0,0,0
2025.11.25,02:15,02:30,Kreuther,1,0,1
2025.11.25,02:30,02:45,Kreuther,0,0,0
2025.11.25,02:45,03:00,Kreuther,0,0,0
2025.11.25,03:00,03:15,Kreuther,0,0,0
2025.11.25,03:15,03:30,Kreuther,0,0,0
2025.11.25,03:30,03:45,Kreuther,0,0,0
2025.11.25,03:45,04:00,Kreuther,0,0,0
2025.11.25,04:00,04:15,Kreuther,0,0,0
2025.11.25,04:15,04:30,Kreuther,0,0,0
2025.11.25,04:30,04:45,Kreuther,0,0,0
2025.11.25,04:45,05:00,Kreuther,0,0,0
2025.11.25,05:00,05:15,Kreuther,1,0,1
2025.11.25,05:15,05:30,Kreuther,0,0,0
2025.11.25,05:30,05:45,Kreuther,0,1,1
2025.11.25,05:45,06:00,Kreuther,2,0,2
2025.11.25,06:00,06:15,Kreuther,0,1,1
2025.11.25,06:15,06:30,Kreuther,0,0,0
2025.11.25,06:30,06:45,Kreuther,4,0,4
2025.11.25,06:45,07:00,Kreuther,4,2,6
2025.11.25,07:00,07:15,Kreuther,2,0,2
2025.11.25,07:15,07:30,Kreuther,7,1,8
2025.11.25,07:30,07:45,Kreuther,18,3,21
2025.11.25,07:45,08:00,Kreuther,14,6,20
2025.11.25,08:00,08:15,Kreuther,8,2,10
2025.11.25,08:15,08:30,Kreuther,11,3,14
2025.11.25,08:30,08:45,Kreuther,8,3,11
2025.11.25,08:45,09:00,Kreuther,8,1,9
2025.11.25,09:00,09:15,Kreuther,10,1,11
2025.11.25,09:15,09:30,Kreuther,8,1,9
2025.11.25,09:30,09:45,Kreuther,5,1,6
2025.11.25,09:45,10:00,Kreuther,14,0,14
2025.11.25,10:00,10:15,Kreuther,2,1,3
2025.11.25,10:15,10:30,Kreuther,7,1,8
2025.11.25,10:30,10:45,Kreuther,2,0,2
2025.11.25,10:45,11:00,Kreuther,3,2,5
2025.11.25,11:00,11:15,Kreuther,3,4,7
2025.11.25,11:15,11:30,Kreuther,0,5,5
2025.11.25,11:30,11:45,Kreuther,1,2,3
2025.11.25,11:45,12:00,Kreuther,0,1,1
2025.11.25,12:00,12:15,Kreuther,2,2,4
2025.11.25,12:15,12:30,Kreuther,2,2,4
2025.11.25,12:30,12:45,Kreuther,3,2,5
2025.11.25,12:45,13:00,Kreuther,6,0,6
2025.11.25,13:00,13:15,Kreuther,5,4,9
2025.11.25,13:15,13:30,Kreuther,1,3,4
2025.11.25,13:30,13:45,Kreuther,3,1,4
2025.11.25,13:45,14:00,Kreuther,1,3,4
2025.11.25,14:00,14:15,Kreuther,2,3,5
2025.11.25,14:15,14:30,Kreuther,3,0,3
2025.11.25,14:30,14:45,Kreuther,1,3,4
2025.11.25,14:45,15:00,Kreuther,0,2,2
2025.11.25,15:00,15:15,Kreuther,5,1,6
2025.11.25,15:15,15:30,Kreuther,3,3,6
2025.11.25,15:30,15:45,Kreuther,8,8,16
2025.11.25,15:45,16:00,Kreuther,1,5,6
2025.11.25,16:00,16:15,Kreuther,0,11,11
2025.11.25,16:15,16:30,Kreuther,5,4,9
2025.11.25,16:30,16:45,Kreuther,3,4,7
2025.11.25,16:45,17:00,Kreuther,4,6,10
2025.11.25,17:00,17:15,Kreuther,3,6,9
2025.11.25,17:15,17:30,Kreuther,3,3,6
2025.11.25,17:30,17:45,Kreuther,4,5,9
2025.11.25,17:45,18:00,Kreuther,4,6,10
2025.11.25,18:00,18:15,Kreuther,0,4,4
2025.11.25,18:15,18:30,Kreuther,3,5,8
2025.11.25,18:30,18:45,Kreuther,3,13,16
2025.11.25,18:45,19:00,Kreuther,4,3,7
2025.11.25,19:00,19:15,Kreuther,2,2,4
2025.11.25,19:15,19:30,Kreuther,3,3,6
2025.11.25,19:30,19:45,Kreuther,1,0,1
2025.11.25,19:45,20:00,Kreuther,0,3,3
2025.11.25,20:00,20:15,Kreuther,0,1,1
2025.11.25,20:15,20:30,Kreuther,1,1,2
2025.11.25,20:30,20:45,Kreuther,1,1,2
2025.11.25,20:45,21:00,Kreuther,0,0,0
2025.11.25,21:00,21:15,Kreuther,1,3,4
2025.11.25,21:15,21:30,Kreuther,0,2,2
2025.11.25,21:30,21:45,Kreuther,0,3,3
2025.11.25,21:45,22:00,Kreuther,1,1,2
2025.11.25,22:00,22:15,Kreuther,1,0,1
2025.11.25,22:15,22:30,Kreuther,0,1,1
2025.11.25,22:30,22:45,Kreuther,0,2,2
2025.11.25,22:45,23:00,Kreuther,0,0,0
2025.11.25,23:00,23:15,Kreuther,0,1,1
2025.11.25,23:15,23:30,Kreuther,0,0,0
2025.11.25,23:30,23:45,Kreuther,0,1,1
2025.11.25,23:45,00:00,Kreuther,0,0,0
2025.11.26,00:00,00:15,Kreuther,0,0,0
2025.11.26,00:15,00:30,Kreuther,0,0,0
2025.11.26,00:30,00:45,Kreuther,0,0,0
2025.11.26,00:45,01:00,Kreuther,0,0,0
2025.11.26,01:00,01:15,Kreuther,0,0,0
2025.11.26,01:15,01:30,Kreuther,0,0,0
2025.11.26,01:30,01:45,Kreuther,1,0,1
2025.11.26,01:45,02:00,Kreuther,0,0,0
2025.11.26,02:00,02:15,Kreuther,1,0,1
2025.11.26,02:15,02:30,Kreuther,1,0,1
2025.11.26,02:30,02:45,Kreuther,0,0,0
2025.11.26,02:45,03:00,Kreuther,0,0,0
2025.11.26,03:00,03:15,Kreuther,0,0,0
2025.11.26,03:15,03:30,Kreuther,0,0,0
2025.11.26,03:30,03:45,Kreuther,0,0,0
2025.11.26,03:45,04:00,Kreuther,0,0,0
2025.11.26,04:00,04:15,Kreuther,0,0,0
2025.11.26,04:15,04:30,Kreuther,0,0,0
2025.11.26,04:30,04:45,Kreuther,0,0,0
2025.11.26,04:45,05:00,Kreuther,0,0,0
2025.11.26,05:00,05:15,Kreuther,1,0,1
2025.11.26,05:15,05:30,Kreuther,0,0,0
2025.11.26,05:30,05:45,Kreuther,0,0,0
2025.11.26,05:45,06:00,Kreuther,1,1,2
2025.11.26,06:00,06:15,Kreuther,0,0,0
2025.11.26,06:15,06:30,Kreuther,2,0,2
2025.11.26,06:30,06:45,Kreuther,2,0,2
2025.11.26,06:45,07:00,Kreuther,2,1,3
2025.11.26,07:00,07:15,Kreuther,8,2,10
2025.11.26,07:15,07:30,Kreuther,7,0,7
2025.11.26,07:30,07:45,Kreuther,22,3,25
2025.11.26,07:45,08:00,Kreuther,15,6,21
2025.11.26,08:00,08:15,Kreuther,11,2,13
2025.11.26,08:15,08:30,Kreuther,8,3,11
2025.11.26,08:30,08:45,Kreuther,7,3,10
2025.11.26,08:45,09:00,Kreuther,4,3,7
2025.11.26,09:00,09:15,Kreuther,5,1,6
2025.11.26,09:15,09:30,Kreuther,3,0,3
2025.11.26,09:30,09:45,Kreuther,4,3,7
2025.11.26,09:45,10:00,Kreuther,1,2,3
2025.11.26,10:00,10:15,Kreuther,3,0,3
2025.11.26,10:15,10:30,Kreuther,2,1,3
2025.11.26,10:30,10:45,Kreuther,3,4,7
2025.11.26,10:45,11:00,Kreuther,3,1,4
2025.11.26,11:00,11:15,Kreuther,2,0,2
2025.11.26,11:15,11:30,Kreuther,2,1,3
2025.11.26,11:30,11:45,Kreuther,0,2,2
2025.11.26,11:45,12:00,Kreuther,2,1,3
2025.11.26,12:00,12:15,Kreuther,3,2,5
2025.11.26,12:15,12:30,Kreuther,3,3,6
2025.11.26,12:30,12:45,Kreuther,2,8,10
2025.11.26,12:45,13:00,Kreuther,0,1,1
2025.11.26,13:00,13:15,Kreuther,3,2,5
2025.11.26,13:15,13:30,Kreuther,1,2,3
2025.11.26,13:30,13:45,Kreuther,1,1,2
2025.11.26,13:45,14:00,Kreuther,6,2,8
2025.11.26,14:00,14:15,Kreuther,0,5,5
2025.11.26,14:15,14:30,Kreuther,2,2,4
2025.11.26,14:30,14:45,Kreuther,0,3,3
2025.11.26,14:45,15:00,Kreuther,3,1,4
2025.11.26,15:00,15:15,Kreuther,6,6,12
2025.11.26,15:15,15:30,Kreuther,2,4,6
2025.11.26,15:30,15:45,Kreuther,2,7,9
2025.11.26,15:45,16:00,Kreuther,2,6,8
2025.11.26,16:00,16:15,Kreuther,0,2,2
2025.11.26,16:15,16:30,Kreuther,5,2,7
2025.11.26,16:30,16:45,Kreuther,0,5,5
2025.11.26,16:45,17:00,Kreuther,3,3,6
2025.11.26,17:00,17:15,Kreuther,3,3,6
2025.11.26,17:15,17:30,Kreuther,2,5,7
2025.11.26,17:30,17:45,Kreuther,1,2,3
2025.11.26,17:45,18:00,Kreuther,1,3,4
2025.11.26,18:00,18:15,Kreuther,3,2,5
2025.11.26,18:15,18:30,Kreuther,1,7,8
2025.11.26,18:30,18:45,Kreuther,3,7,10
2025.11.26,18:45,19:00,Kreuther,3,0,3
2025.11.26,19:00,19:15,Kreuther,0,4,4
2025.11.26,19:15,19:30,Kreuther,2,3,5
2025.11.26,19:30,19:45,Kreuther,1,1,2
2025.11.26,19:45,20:00,Kreuther,3,1,4
2025.11.26,20:00,20:15,Kreuther,0,1,1
2025.11.26,20:15,20:30,Kreuther,2,2,4
2025.11.26,20:30,20:45,Kreuther,0,2,2
2025.11.26,20:45,21:00,Kreuther,4,0,4
2025.11.26,21:00,21:15,Kreuther,1,0,1
2025.11.26,21:15,21:30,Kreuther,0,0,0
2025.11.26,21:30,21:45,Kreuther,0,0,0
2025.11.26,21:45,22:00,Kreuther,0,1,1
2025.11.26,22:00,22:15,Kreuther,2,3,5
2025.11.26,22:15,22:30,Kreuther,0,1,1
2025.11.26,22:30,22:45,Kreuther,0,1,1
2025.11.26,22:45,23:00,Kreuther,1,1,2
2025.11.26,23:00,23:15,Kreuther,0,0,0
2025.11.26,23:15,23:30,Kreuther,0,0,0
2025.11.26,23:30,23:45,Kreuther,1,0,1
2025.11.26,23:45,00:00,Kreuther,0,1,1
2025.11.27,00:00,00:15,Kreuther,0,0,0
2025.11.27,00:15,00:30,Kreuther,0,1,1
2025.11.27,00:30,00:45,Kreuther,1,0,1
2025.11.27,00:45,01:00,Kreuther,0,0,0
2025.11.27,01:00,01:15,Kreuther,0,0,0
2025.11.27,01:15,01:30,Kreuther,0,0,0
2025.11.27,01:30,01:45,Kreuther,0,0,0
2025.11.27,01:45,02:00,Kreuther,0,0,0
2025.11.27,02:00,02:15,Kreuther,1,0,1
2025.11.27,02:15,02:30,Kreuther,1,0,1
2025.11.27,02:30,02:45,Kreuther,0,0,0
2025.11.27,02:45,03:00,Kreuther,0,0,0
2025.11.27,03:00,03:15,Kreuther,0,0,0
2025.11.27,03:15,03:30,Kreuther,0,0,0
2025.11.27,03:30,03:45,Kreuther,0,0,0
2025.11.27,03:45,04:00,Kreuther,0,0,0
2025.11.27,04:00,04:15,Kreuther,0,0,0
2025.11.27,04:15,04:30,Kreuther,0,0,0
2025.11.27,04:30,04:45,Kreuther,0,0,0
2025.11.27,04:45,05:00,Kreuther,0,0,0
2025.11.27,05:00,05:15,Kreuther,1,0,1
2025.11.27,05:15,05:30,Kreuther,0,0,0
2025.11.27,05:30,05:45,Kreuther,0,0,0
2025.11.27,05:45,06:00,Kreuther,0,0,0
2025.11.27,06:00,06:15,Kreuther,1,1,2
2025.11.27,06:15,06:30,Kreuther,1,0,1
2025.11.27,06:30,06:45,Kreuther,3,1,4
2025.11.27,06:45,07:00,Kreuther,3,1,4
2025.11.27,07:00,07:15,Kreuther,3,2,5
2025.11.27,07:15,07:30,Kreuther,11,0,11
2025.11.27,07:30,07:45,Kreuther,22,1,23
2025.11.27,07:45,08:00,Kreuther,16,4,20
2025.11.27,08:00,08:15,Kreuther,16,3,19
2025.11.27,08:15,08:30,Kreuther,14,7,21
2025.11.27,08:30,08:45,Kreuther,11,2,13
2025.11.27,08:45,09:00,Kreuther,13,2,15
2025.11.27,09:00,09:15,Kreuther,6,0,6
2025.11.27,09:15,09:30,Kreuther,4,0,4
2025.11.27,09:30,09:45,Kreuther,10,1,11
2025.11.27,09:45,10:00,Kreuther,5,1,6
2025.11.27,10:00,10:15,Kreuther,2,3,5
2025.11.27,10:15,10:30,Kreuther,3,2,5
2025.11.27,10:30,10:45,Kreuther,1,0,1
2025.11.27,10:45,11:00,Kreuther,1,1,2
2025.11.27,11:00,11:15,Kreuther,5,2,7
2025.11.27,11:15,11:30,Kreuther,4,0,4
2025.11.27,11:30,11:45,Kreuther,5,7,12
2025.11.27,11:45,12:00,Kreuther,1,3,4
2025.11.27,12:00,12:15,Kreuther,4,1,5
2025.11.27,12:15,12:30,Kreuther,2,4,6
2025.11.27,12:30,12:45,Kreuther,3,6,9
2025.11.27,12:45,13:00,Kreuther,5,2,7
2025.11.27,13:00,13:15,Kreuther,3,6,9
2025.11.27,13:15,13:30,Kreuther,1,4,5
2025.11.27,13:30,13:45,Kreuther,0,3,3
2025.11.27,13:45,14:00,Kreuther,0,4,4
2025.11.27,14:00,14:15,Kreuther,5,2,7
2025.11.27,14:15,14:30,Kreuther,7,4,11
2025.11.27,14:30,14:45,Kreuther,3,4,7
2025.11.27,14:45,15:00,Kreuther,3,4,7
2025.11.27,15:00,15:15,Kreuther,5,4,9
2025.11.27,15:15,15:30,Kreuther,5,5,10
2025.11.27,15:30,15:45,Kreuther,8,8,16
2025.11.27,15:45,16:00,Kreuther,6,7,13
2025.11.27,16:00,16:15,Kreuther,5,5,10
2025.11.27,16:15,16:30,Kreuther,3,4,7
2025.11.27,16:30,16:45,Kreuther,6,6,12
2025.11.27,16:45,17:00,Kreuther,2,6,8
2025.11.27,17:00,17:15,Kreuther,6,6,12
2025.11.27,17:15,17:30,Kreuther,7,7,14
2025.11.27,17:30,17:45,Kreuther,3,5,8
2025.11.27,17:45,18:00,Kreuther,3,3,6
2025.11.27,18:00,18:15,Kreuther,2,9,11
2025.11.27,18:15,18:30,Kreuther,2,5,7
2025.11.27,18:30,18:45,Kreuther,0,3,3
2025.11.27,18:45,19:00,Kreuther,2,8,10
2025.11.27,19:00,19:15,Kreuther,1,4,5
2025.11.27,19:15,19:30,Kreuther,2,5,7
2025.11.27,19:30,19:45,Kreuther,0,4,4
2025.11.27,19:45,20:00,Kreuther,2,0,2
2025.11.27,20:00,20:15,Kreuther,1,1,2
2025.11.27,20:15,20:30,Kreuther,0,1,1
2025.11.27,20:30,20:45,Kreuther,1,3,4
2025.11.27,20:45,21:00,Kreuther,1,1,2
2025.11.27,21:00,21:15,Kreuther,0,1,1
2025.11.27,21:15,21:30,Kreuther,2,1,3
2025.11.27,21:30,21:45,Kreuther,2,1,3
2025.11.27,21:45,22:00,Kreuther,0,1,1
2025.11.27,22:00,22:15,Kreuther,1,1,2
2025.11.27,22:15,22:30,Kreuther,0,1,1
2025.11.27,22:30,22:45,Kreuther,2,0,2
2025.11.27,22:45,23:00,Kreuther,0,2,2
2025.11.27,23:00,23:15,Kreuther,0,0,0
2025.11.27,23:15,23:30,Kreuther,2,1,3
2025.11.27,23:30,23:45,Kreuther,0,0,0
2025.11.27,23:45,00:00,Kreuther,0,0,0
2025.11.28,00:00,00:15,Kreuther,0,0,0
2025.11.28,00:15,00:30,Kreuther,0,0,0
2025.11.28,00:30,00:45,Kreuther,0,1,1
2025.11.28,00:45,01:00,Kreuther,0,0,0
2025.11.28,01:00,01:15,Kreuther,0,0,0
2025.11.28,01:15,01:30,Kreuther,0,0,0
2025.11.28,01:30,01:45,Kreuther,0,0,0
2025.11.28,01:45,02:00,Kreuther,0,0,0
2025.11.28,02:00,02:15,Kreuther,2,0,2
2025.11.28,02:15,02:30,Kreuther,0,0,0
2025.11.28,02:30,02:45,Kreuther,0,0,0
2025.11.28,02:45,03:00,Kreuther,0,0,0
2025.11.28,03:00,03:15,Kreuther,0,0,0
2025.11.28,03:15,03:30,Kreuther,0,0,0
2025.11.28,03:30,03:45,Kreuther,0,0,0
2025.11.28,03:45,04:00,Kreuther,0,0,0
2025.11.28,04:00,04:15,Kreuther,0,0,0
2025.11.28,04:15,04:30,Kreuther,0,0,0
2025.11.28,04:30,04:45,Kreuther,0,0,0
2025.11.28,04:45,05:00,Kreuther,0,0,0
2025.11.28,05:00,05:15,Kreuther,0,0,0
2025.11.28,05:15,05:30,Kreuther,0,0,0
2025.11.28,05:30,05:45,Kreuther,0,1,1
2025.11.28,05:45,06:00,Kreuther,1,0,1
2025.11.28,06:00,06:15,Kreuther,0,1,1
2025.11.28,06:15,06:30,Kreuther,3,0,3
2025.11.28,06:30,06:45,Kreuther,1,1,2
2025.11.28,06:45,07:00,Kreuther,2,2,4
2025.11.28,07:00,07:15,Kreuther,4,0,4
2025.11.28,07:15,07:30,Kreuther,11,0,11
2025.11.28,07:30,07:45,Kreuther,21,4,25
2025.11.28,07:45,08:00,Kreuther,17,5,22
2025.11.28,08:00,08:15,Kreuther,15,6,21
2025.11.28,08:15,08:30,Kreuther,5,3,8
2025.11.28,08:30,08:45,Kreuther,14,0,14
2025.11.28,08:45,09:00,Kreuther,2,1,3
2025.11.28,09:00,09:15,Kreuther,3,2,5
2025.11.28,09:15,09:30,Kreuther,3,3,6
2025.11.28,09:30,09:45,Kreuther,2,0,2
2025.11.28,09:45,10:00,Kreuther,3,0,3
2025.11.28,10:00,10:15,Kreuther,3,0,3
2025.11.28,10:15,10:30,Kreuther,3,2,5
2025.11.28,10:30,10:45,Kreuther,1,1,2
2025.11.28,10:45,11:00,Kreuther,1,1,2
2025.11.28,11:00,11:15,Kreuther,4,2,6
2025.11.28,11:15,11:30,Kreuther,3,2,5
2025.11.28,11:30,11:45,Kreuther,1,2,3
2025.11.28,11:45,12:00,Kreuther,1,2,3
2025.11.28,12:00,12:15,Kreuther,4,2,6
2025.11.28,12:15,12:30,Kreuther,2,3,5
2025.11.28,12:30,12:45,Kreuther,2,6,8
2025.11.28,12:45,13:00,Kreuther,4,2,6
2025.11.28,13:00,13:15,Kreuther,2,4,6
2025.11.28,13:15,13:30,Kreuther,6,3,9
2025.11.28,13:30,13:45,Kreuther,1,4,5
2025.11.28,13:45,14:00,Kreuther,3,2,5
2025.11.28,14:00,14:15,Kreuther,5,6,11
2025.11.28,14:15,14:30,Kreuther,2,5,7
2025.11.28,14:30,14:45,Kreuther,2,4,6
2025.11.28,14:45,15:00,Kreuther,4,14,18
2025.11.28,15:00,15:15,Kreuther,3,5,8
2025.11.28,15:15,15:30,Kreuther,9,2,11
2025.11.28,15:30,15:45,Kreuther,7,6,13
2025.11.28,15:45,16:00,Kreuther,5,2,7
2025.11.28,16:00,16:15,Kreuther,3,5,8
2025.11.28,16:15,16:30,Kreuther,3,9,12
2025.11.28,16:30,16:45,Kreuther,4,8,12
2025.11.28,16:45,17:00,Kreuther,2,10,12
2025.11.28,17:00,17:15,Kreuther,2,2,4
2025.11.28,17:15,17:30,Kreuther,2,4,6
2025.11.28,17:30,17:45,Kreuther,1,1,2
2025.11.28,17:45,18:00,Kreuther,4,1,5
2025.11.28,18:00,18:15,Kreuther,3,1,4
2025.11.28,18:15,18:30,Kreuther,2,6,8
2025.11.28,18:30,18:45,Kreuther,0,2,2
2025.11.28,18:45,19:00,Kreuther,3,4,7
2025.11.28,19:00,19:15,Kreuther,1,1,2
2025.11.28,19:15,19:30,Kreuther,1,1,2
2025.11.28,19:30,19:45,Kreuther,0,0,0
2025.11.28,19:45,20:00,Kreuther,1,2,3
2025.11.28,20:00,20:15,Kreuther,1,2,3
2025.11.28,20:15,20:30,Kreuther,0,3,3
2025.11.28,20:30,20:45,Kreuther,0,0,0
2025.11.28,20:45,21:00,Kreuther,0,1,1
2025.11.28,21:00,21:15,Kreuther,0,1,1
2025.11.28,21:15,21:30,Kreuther,2,0,2
2025.11.28,21:30,21:45,Kreuther,3,2,5
2025.11.28,21:45,22:00,Kreuther,2,1,3
2025.11.28,22:00,22:15,Kreuther,0,0,0
2025.11.28,22:15,22:30,Kreuther,0,1,1
2025.11.28,22:30,22:45,Kreuther,1,0,1
2025.11.28,22:45,23:00,Kreuther,0,2,2
2025.11.28,23:00,23:15,Kreuther,0,0,0
2025.11.28,23:15,23:30,Kreuther,0,0,0
2025.11.28,23:30,23:45,Kreuther,0,4,4
2025.11.28,23:45,00:00,Kreuther,0,0,0
2025.11.29,00:00,00:15,Kreuther,0,0,0
2025.11.29,00:15,00:30,Kreuther,0,1,1
2025.11.29,00:30,00:45,Kreuther,0,0,0
2025.11.29,00:45,01:00,Kreuther,0,0,0
2025.11.29,01:00,01:15,Kreuther,0,0,0
2025.11.29,01:15,01:30,Kreuther,0,0,0
2025.11.29,01:30,01:45,Kreuther,0,0,0
2025.11.29,01:45,02:00,Kreuther,0,0,0
2025.11.29,02:00,02:15,Kreuther,0,0,0
2025.11.29,02:15,02:30,Kreuther,0,0,0
2025.11.29,02:30,02:45,Kreuther,0,0,0
2025.11.29,02:45,03:00,Kreuther,0,0,0
2025.11.29,03:00,03:15,Kreuther,0,0,0
2025.11.29,03:15,03:30,Kreuther,0,0,0
2025.11.29,03:30,03:45,Kreuther,0,0,0
2025.11.29,03:45,04:00,Kreuther,0,0,0
2025.11.29,04:00,04:15,Kreuther,0,0,0
2025.11.29,04:15,04:30,Kreuther,0,0,0
2025.11.29,04:30,04:45,Kreuther,0,0,0
2025.11.29,04:45,05:00,Kreuther,0,0,0
2025.11.29,05:00,05:15,Kreuther,0,0,0
2025.11.29,05:15,05:30,Kreuther,0,0,0
2025.11.29,05:30,05:45,Kreuther,0,1,1
2025.11.29,05:45,06:00,Kreuther,0,0,0
2025.11.29,06:00,06:15,Kreuther,0,0,0
2025.11.29,06:15,06:30,Kreuther,0,0,0
2025.11.29,06:30,06:45,Kreuther,1,0,1
2025.11.29,06:45,07:00,Kreuther,1,1,2
2025.11.29,07:00,07:15,Kreuther,0,0,0
2025.11.29,07:15,07:30,Kreuther,0,0,0
2025.11.29,07:30,07:45,Kreuther,0,1,1
2025.11.29,07:45,08:00,Kreuther,0,1,1
2025.11.29,08:00,08:15,Kreuther,0,0,0
2025.11.29,08:15,08:30,Kreuther,1,3,4
2025.11.29,08:30,08:45,Kreuther,3,0,3
2025.11.29,08:45,09:00,Kreuther,3,1,4
2025.11.29,09:00,09:15,Kreuther,1,1,2
2025.11.29,09:15,09:30,Kreuther,1,0,1
2025.11.29,09:30,09:45,Kreuther,1,1,2
2025.11.29,09:45,10:00,Kreuther,3,2,5
2025.11.29,10:00,10:15,Kreuther,3,0,3
2025.11.29,10:15,10:30,Kreuther,1,0,1
2025.11.29,10:30,10:45,Kreuther,0,1,1
2025.11.29,10:45,11:00,Kreuther,0,3,3
2025.11.29,11:00,11:15,Kreuther,1,0,1
2025.11.29,11:15,11:30,Kreuther,1,0,1
2025.11.29,11:30,11:45,Kreuther,0,3,3
2025.11.29,11:45,12:00,Kreuther,0,3,3
2025.11.29,12:00,12:15,Kreuther,1,1,2
2025.11.29,12:15,12:30,Kreuther,0,0,0
2025.11.29,12:30,12:45,Kreuther,3,1,4
2025.11.29,12:45,13:00,Kreuther,4,2,6
2025.11.29,13:00,13:15,Kreuther,1,3,4
2025.11.29,13:15,13:30,Kreuther,6,3,9
2025.11.29,13:30,13:45,Kreuther,5,1,6
2025.11.29,13:45,14:00,Kreuther,3,1,4
2025.11.29,14:00,14:15,Kreuther,0,2,2
2025.11.29,14:15,14:30,Kreuther,1,3,4
2025.11.29,14:30,14:45,Kreuther,5,4,9
2025.11.29,14:45,15:00,Kreuther,3,4,7
2025.11.29,15:00,15:15,Kreuther,2,0,2
2025.11.29,15:15,15:30,Kreuther,4,0,4
2025.11.29,15:30,15:45,Kreuther,3,4,7
2025.11.29,15:45,16:00,Kreuther,6,2,8
2025.11.29,16:00,16:15,Kreuther,5,0,5
2025.11.29,16:15,16:30,Kreuther,5,3,8
2025.11.29,16:30,16:45,Kreuther,2,2,4
2025.11.29,16:45,17:00,Kreuther,2,5,7
2025.11.29,17:00,17:15,Kreuther,0,4,4
2025.11.29,17:15,17:30,Kreuther,2,0,2
2025.11.29,17:30,17:45,Kreuther,0,2,2
2025.11.29,17:45,18:00,Kreuther,3,2,5
2025.11.29,18:00,18:15,Kreuther,2,2,4
2025.11.29,18:15,18:30,Kreuther,1,2,3
2025.11.29,18:30,18:45,Kreuther,0,2,2
2025.11.29,18:45,19:00,Kreuther,0,1,1
2025.11.29,19:00,19:15,Kreuther,1,1,2
2025.11.29,19:15,19:30,Kreuther,0,0,0
2025.11.29,19:30,19:45,Kreuther,0,2,2
2025.11.29,19:45,20:00,Kreuther,1,2,3
2025.11.29,20:00,20:15,Kreuther,4,1,5
2025.11.29,20:15,20:30,Kreuther,0,1,1
2025.11.29,20:30,20:45,Kreuther,1,0,1
2025.11.29,20:45,21:00,Kreuther,0,3,3
2025.11.29,21:00,21:15,Kreuther,0,0,0
2025.11.29,21:15,21:30,Kreuther,0,0,0
2025.11.29,21:30,21:45,Kreuther,0,0,0
2025.11.29,21:45,22:00,Kreuther,0,0,0
2025.11.29,22:00,22:15,Kreuther,0,0,0
2025.11.29,22:15,22:30,Kreuther,0,0,0
2025.11.29,22:30,22:45,Kreuther,0,1,1
2025.11.29,22:45,23:00,Kreuther,0,0,0
2025.11.29,23:00,23:15,Kreuther,0,0,0
2025.11.29,23:15,23:30,Kreuther,2,0,2
2025.11.29,23:30,23:45,Kreuther,0,0,0
2025.11.29,23:45,00:00,Kreuther,0,0,0
2025.11.30,00:00,00:15,Kreuther,0,0,0
2025.11.30,00:15,00:30,Kreuther,0,1,1
2025.11.30,00:30,00:45,Kreuther,1,1,2
2025.11.30,00:45,01:00,Kreuther,0,2,2
2025.11.30,01:00,01:15,Kreuther,0,0,0
2025.11.30,01:15,01:30,Kreuther,0,0,0
2025.11.30,01:30,01:45,Kreuther,0,0,0
2025.11.30,01:45,02:00,Kreuther,0,0,0
2025.11.30,02:00,02:15,Kreuther,0,0,0
2025.11.30,02:15,02:30,Kreuther,0,0,0
2025.11.30,02:30,02:45,Kreuther,0,0,0
2025.11.30,02:45,03:00,Kreuther,0,0,0
2025.11.30,03:00,03:15,Kreuther,0,0,0
2025.11.30,03:15,03:30,Kreuther,0,0,0
2025.11.30,03:30,03:45,Kreuther,0,0,0
2025.11.30,03:45,04:00,Kreuther,0,0,0
2025.11.30,04:00,04:15,Kreuther,0,0,0
2025.11.30,04:15,04:30,Kreuther,0,0,0
2025.11.30,04:30,04:45,Kreuther,1,0,1
2025.11.30,04:45,05:00,Kreuther,0,0,0
2025.11.30,05:00,05:15,Kreuther,0,0,0
2025.11.30,05:15,05:30,Kreuther,0,0,0
2025.11.30,05:30,05:45,Kreuther,0,1,1
2025.11.30,05:45,06:00,Kreuther,0,0,0
2025.11.30,06:00,06:15,Kreuther,0,0,0
2025.11.30,06:15,06:30,Kreuther,0,0,0
2025.11.30,06:30,06:45,Kreuther,0,0,0
2025.11.30,06:45,07:00,Kreuther,0,0,0
2025.11.30,07:00,07:15,Kreuther,1,0,1
2025.11.30,07:15,07:30,Kreuther,0,0,0
2025.11.30,07:30,07:45,Kreuther,0,0,0
2025.11.30,07:45,08:00,Kreuther,1,0,1
2025.11.30,08:00,08:15,Kreuther,0,0,0
2025.11.30,08:15,08:30,Kreuther,3,2,5
2025.11.30,08:30,08:45,Kreuther,1,1,2
2025.11.30,08:45,09:00,Kreuther,0,1,1
2025.11.30,09:00,09:15,Kreuther,5,1,6
2025.11.30,09:15,09:30,Kreuther,2,0,2
2025.11.30,09:30,09:45,Kreuther,2,2,4
2025.11.30,09:45,10:00,Kreuther,0,2,2
2025.11.30,10:00,10:15,Kreuther,4,1,5
2025.11.30,10:15,10:30,Kreuther,1,1,2
2025.11.30,10:30,10:45,Kreuther,3,1,4
2025.11.30,10:45,11:00,Kreuther,1,2,3
2025.11.30,11:00,11:15,Kreuther,1,2,3
2025.11.30,11:15,11:30,Kreuther,2,2,4
2025.11.30,11:30,11:45,Kreuther,1,2,3
2025.11.30,11:45,12:00,Kreuther,4,1,5
2025.11.30,12:00,12:15,Kreuther,2,2,4
2025.11.30,12:15,12:30,Kreuther,1,1,2
2025.11.30,12:30,12:45,Kreuther,4,4,8
2025.11.30,12:45,13:00,Kreuther,1,1,2
2025.11.30,13:00,13:15,Kreuther,4,1,5
2025.11.30,13:15,13:30,Kreuther,3,0,3
2025.11.30,13:30,13:45,Kreuther,0,2,2
2025.11.30,13:45,14:00,Kreuther,0,0,0
2025.11.30,14:00,14:15,Kreuther,3,1,4
2025.11.30,14:15,14:30,Kreuther,2,1,3
2025.11.30,14:30,14:45,Kreuther,3,4,7
2025.11.30,14:45,15:00,Kreuther,6,2,8
2025.11.30,15:00,15:15,Kreuther,3,1,4
2025.11.30,15:15,15:30,Kreuther,1,2,3
2025.11.30,15:30,15:45,Kreuther,1,2,3
2025.11.30,15:45,16:00,Kreuther,3,3,6
2025.11.30,16:00,16:15,Kreuther,3,0,3
2025.11.30,16:15,16:30,Kreuther,3,4,7
2025.11.30,16:30,16:45,Kreuther,1,4,5
2025.11.30,16:45,17:00,Kreuther,1,5,6
2025.11.30,17:00,17:15,Kreuther,4,1,5
2025.11.30,17:15,17:30,Kreuther,3,2,5
2025.11.30,17:30,17:45,Kreuther,2,2,4
2025.11.30,17:45,18:00,Kreuther,0,0,0
2025.11.30,18:00,18:15,Kreuther,1,2,3
2025.11.30,18:15,18:30,Kreuther,0,1,1
2025.11.30,18:30,18:45,Kreuther,0,3,3
2025.11.30,18:45,19:00,Kreuther,0,4,4
2025.11.30,19:00,19:15,Kreuther,0,0,0
2025.11.30,19:15,19:30,Kreuther,1,0,1
2025.11.30,19:30,19:45,Kreuther,1,2,3
2025.11.30,19:45,20:00,Kreuther,0,0,0
2025.11.30,20:00,20:15,Kreuther,0,1,1
2025.11.30,20:15,20:30,Kreuther,0,1,1
2025.11.30,20:30,20:45,Kreuther,0,0,0
2025.11.30,20:45,21:00,Kreuther,0,0,0
2025.11.30,21:00,21:15,Kreuther,0,0,0
2025.11.30,21:15,21:30,Kreuther,0,1,1
2025.11.30,21:30,21:45,Kreuther,0,0,0
2025.11.30,21:45,22:00,Kreuther,1,1,2
2025.11.30,22:00,22:15,Kreuther,0,2,2
2025.11.30,22:15,22:30,Kreuther,2,0,2
2025.11.30,22:30,22:45,Kreuther,0,0,0
2025.11.30,22:45,23:00,Kreuther,0,1,1
2025.11.30,23:00,23:15,Kreuther,0,1,1
2025.11.30,23:15,23:30,Kreuther,0,0,0
2025.11.30,23:30,23:45,Kreuther,0,0,0
2025.11.30,23:45,00:00,Kreuther,0,0,0
2025.11.01,00:00,00:15,Olympia,4,6,10
2025.11.01,00:15,00:30,Olympia,1,1,2
2025.11.01,00:30,00:45,Olympia,1,3,4
2025.11.01,00:45,01:00,Olympia,4,0,4
2025.11.01,01:00,01:15,Olympia,1,3,4
2025.11.01,01:15,01:30,Olympia,1,1,2
2025.11.01,01:30,01:45,Olympia,2,1,3
2025.11.01,01:45,02:00,Olympia,0,5,5
2025.11.01,02:00,02:15,Olympia,1,1,2
2025.11.01,02:15,02:30,Olympia,0,1,1
2025.11.01,02:30,02:45,Olympia,2,1,3
2025.11.01,02:45,03:00,Olympia,1,0,1
2025.11.01,03:00,03:15,Olympia,3,0,3
2025.11.01,03:15,03:30,Olympia,0,1,1
2025.11.01,03:30,03:45,Olympia,0,2,2
2025.11.01,03:45,04:00,Olympia,0,2,2
2025.11.01,04:00,04:15,Olympia,0,1,1
2025.11.01,04:15,04:30,Olympia,1,0,1
2025.11.01,04:30,04:45,Olympia,0,0,0
2025.11.01,04:45,05:00,Olympia,0,0,0
2025.11.01,05:00,05:15,Olympia,1,0,1
2025.11.01,05:15,05:30,Olympia,0,0,0
2025.11.01,05:30,05:45,Olympia,0,1,1
2025.11.01,05:45,06:00,Olympia,3,0,3
2025.11.01,06:00,06:15,Olympia,1,1,2
2025.11.01,06:15,06:30,Olympia,1,0,1
2025.11.01,06:30,06:45,Olympia,1,0,1
2025.11.01,06:45,07:00,Olympia,1,0,1
2025.11.01,07:00,07:15,Olympia,0,2,2
2025.11.01,07:15,07:30,Olympia,2,0,2
2025.11.01,07:30,07:45,Olympia,0,2,2
2025.11.01,07:45,08:00,Olympia,5,2,7
2025.11.01,08:00,08:15,Olympia,0,4,4
2025.11.01,08:15,08:30,Olympia,2,3,5
2025.11.01,08:30,08:45,Olympia,6,4,10
2025.11.01,08:45,09:00,Olympia,2,5,7
2025.11.01,09:00,09:15,Olympia,13,6,19
2025.11.01,09:15,09:30,Olympia,9,3,12
2025.11.01,09:30,09:45,Olympia,13,5,18
2025.11.01,09:45,10:00,Olympia,8,7,15
2025.11.01,10:00,10:15,Olympia,10,4,14
2025.11.01,10:15,10:30,Olympia,7,5,12
2025.11.01,10:30,10:45,Olympia,18,10,28
2025.11.01,10:45,11:00,Olympia,16,19,35
2025.11.01,11:00,11:15,Olympia,24,17,41
2025.11.01,11:15,11:30,Olympia,15,19,34
2025.11.01,11:30,11:45,Olympia,27,22,49
2025.11.01,11:45,12:00,Olympia,24,29,53
2025.11.01,12:00,12:15,Olympia,27,20,47
2025.11.01,12:15,12:30,Olympia,28,28,56
2025.11.01,12:30,12:45,Olympia,27,22,49
2025.11.01,12:45,13:00,Olympia,26,9,35
2025.11.01,13:00,13:15,Olympia,13,15,28
2025.11.01,13:15,13:30,Olympia,31,17,48
2025.11.01,13:30,13:45,Olympia,35,31,66
2025.11.01,13:45,14:00,Olympia,34,25,59
2025.11.01,14:00,14:15,Olympia,48,21,69
2025.11.01,14:15,14:30,Olympia,20,23,43
2025.11.01,14:30,14:45,Olympia,24,40,64
2025.11.01,14:45,15:00,Olympia,35,40,75
2025.11.01,15:00,15:15,Olympia,19,37,56
2025.11.01,15:15,15:30,Olympia,25,26,51
2025.11.01,15:30,15:45,Olympia,25,31,56
2025.11.01,15:45,16:00,Olympia,25,21,46
2025.11.01,16:00,16:15,Olympia,15,22,37
2025.11.01,16:15,16:30,Olympia,19,19,38
2025.11.01,16:30,16:45,Olympia,14,21,35
2025.11.01,16:45,17:00,Olympia,19,14,33
2025.11.01,17:00,17:15,Olympia,7,17,24
2025.11.01,17:15,17:30,Olympia,8,14,22
2025.11.01,17:30,17:45,Olympia,7,6,13
2025.11.01,17:45,18:00,Olympia,15,15,30
2025.11.01,18:00,18:15,Olympia,10,6,16
2025.11.01,18:15,18:30,Olympia,6,4,10
2025.11.01,18:30,18:45,Olympia,5,4,9
2025.11.01,18:45,19:00,Olympia,5,8,13
2025.11.01,19:00,19:15,Olympia,3,6,9
2025.11.01,19:15,19:30,Olympia,4,10,14
2025.11.01,19:30,19:45,Olympia,5,3,8
2025.11.01,19:45,20:00,Olympia,1,0,1
2025.11.01,20:00,20:15,Olympia,2,4,6
2025.11.01,20:15,20:30,Olympia,7,3,10
2025.11.01,20:30,20:45,Olympia,0,1,1
2025.11.01,20:45,21:00,Olympia,3,6,9
2025.11.01,21:00,21:15,Olympia,1,3,4
2025.11.01,21:15,21:30,Olympia,4,1,5
2025.11.01,21:30,21:45,Olympia,3,7,10
2025.11.01,21:45,22:00,Olympia,3,5,8
2025.11.01,22:00,22:15,Olympia,1,4,5
2025.11.01,22:15,22:30,Olympia,1,4,5
2025.11.01,22:30,22:45,Olympia,0,2,2
2025.11.01,22:45,23:00,Olympia,1,3,4
2025.11.01,23:00,23:15,Olympia,8,1,9
2025.11.01,23:15,23:30,Olympia,0,3,3
2025.11.01,23:30,23:45,Olympia,1,2,3
2025.11.01,23:45,00:00,Olympia,3,0,3
2025.11.02,00:00,00:15,Olympia,3,3,6
2025.11.02,00:15,00:30,Olympia,1,0,1
2025.11.02,00:30,00:45,Olympia,0,0,0
2025.11.02,00:45,01:00,Olympia,2,0,2
2025.11.02,01:00,01:15,Olympia,0,0,0
2025.11.02,01:15,01:30,Olympia,0,0,0
2025.11.02,01:30,01:45,Olympia,2,0,2
2025.11.02,01:45,02:00,Olympia,1,2,3
2025.11.02,02:00,02:15,Olympia,1,0,1
2025.11.02,02:15,02:30,Olympia,0,0,0
2025.11.02,02:30,02:45,Olympia,0,0,0
2025.11.02,02:45,03:00,Olympia,1,0,1
2025.11.02,03:00,03:15,Olympia,0,0,0
2025.11.02,03:15,03:30,Olympia,0,0,0
2025.11.02,03:30,03:45,Olympia,0,0,0
2025.11.02,03:45,04:00,Olympia,0,0,0
2025.11.02,04:00,04:15,Olympia,0,0,0
2025.11.02,04:15,04:30,Olympia,0,0,0
2025.11.02,04:30,04:45,Olympia,0,0,0
2025.11.02,04:45,05:00,Olympia,0,0,0
2025.11.02,05:00,05:15,Olympia,0,0,0
2025.11.02,05:15,05:30,Olympia,0,0,0
2025.11.02,05:30,05:45,Olympia,0,0,0
2025.11.02,05:45,06:00,Olympia,2,0,2
2025.11.02,06:00,06:15,Olympia,0,0,0
2025.11.02,06:15,06:30,Olympia,0,0,0
2025.11.02,06:30,06:45,Olympia,1,0,1
2025.11.02,06:45,07:00,Olympia,0,0,0
2025.11.02,07:00,07:15,Olympia,0,0,0
2025.11.02,07:15,07:30,Olympia,0,0,0
2025.11.02,07:30,07:45,Olympia,0,0,0
2025.11.02,07:45,08:00,Olympia,1,0,1
2025.11.02,08:00,08:15,Olympia,1,0,1
2025.11.02,08:15,08:30,Olympia,4,1,5
2025.11.02,08:30,08:45,Olympia,5,2,7
2025.11.02,08:45,09:00,Olympia,1,0,1
2025.11.02,09:00,09:15,Olympia,4,0,4
2025.11.02,09:15,09:30,Olympia,1,0,1
2025.11.02,09:30,09:45,Olympia,2,2,4
2025.11.02,09:45,10:00,Olympia,4,2,6
2025.11.02,10:00,10:15,Olympia,5,3,8
2025.11.02,10:15,10:30,Olympia,5,7,12
2025.11.02,10:30,10:45,Olympia,8,1,9
2025.11.02,10:45,11:00,Olympia,2,4,6
2025.11.02,11:00,11:15,Olympia,4,2,6
2025.11.02,11:15,11:30,Olympia,3,2,5
2025.11.02,11:30,11:45,Olympia,5,3,8
2025.11.02,11:45,12:00,Olympia,1,2,3
2025.11.02,12:00,12:15,Olympia,8,6,14
2025.11.02,12:15,12:30,Olympia,2,9,11
2025.11.02,12:30,12:45,Olympia,5,5,10
2025.11.02,12:45,13:00,Olympia,6,3,9
2025.11.02,13:00,13:15,Olympia,2,5,7
2025.11.02,13:15,13:30,Olympia,4,7,11
2025.11.02,13:30,13:45,Olympia,4,1,5
2025.11.02,13:45,14:00,Olympia,0,6,6
2025.11.02,14:00,14:15,Olympia,2,3,5
2025.11.02,14:15,14:30,Olympia,4,4,8
2025.11.02,14:30,14:45,Olympia,2,2,4
2025.11.02,14:45,15:00,Olympia,5,4,9
2025.11.02,15:00,15:15,Olympia,4,1,5
2025.11.02,15:15,15:30,Olympia,5,1,6
2025.11.02,15:30,15:45,Olympia,1,7,8
2025.11.02,15:45,16:00,Olympia,4,5,9
2025.11.02,16:00,16:15,Olympia,6,3,9
2025.11.02,16:15,16:30,Olympia,4,8,12
2025.11.02,16:30,16:45,Olympia,6,4,10
2025.11.02,16:45,17:00,Olympia,7,6,13
2025.11.02,17:00,17:15,Olympia,4,2,6
2025.11.02,17:15,17:30,Olympia,10,6,16
2025.11.02,17:30,17:45,Olympia,5,4,9
2025.11.02,17:45,18:00,Olympia,8,5,13
2025.11.02,18:00,18:15,Olympia,4,3,7
2025.11.02,18:15,18:30,Olympia,3,4,7
2025.11.02,18:30,18:45,Olympia,3,5,8
2025.11.02,18:45,19:00,Olympia,3,6,9
2025.11.02,19:00,19:15,Olympia,2,4,6
2025.11.02,19:15,19:30,Olympia,2,3,5
2025.11.02,19:30,19:45,Olympia,3,3,6
2025.11.02,19:45,20:00,Olympia,2,3,5
2025.11.02,20:00,20:15,Olympia,2,3,5
2025.11.02,20:15,20:30,Olympia,1,5,6
2025.11.02,20:30,20:45,Olympia,4,1,5
2025.11.02,20:45,21:00,Olympia,2,5,7
2025.11.02,21:00,21:15,Olympia,1,3,4
2025.11.02,21:15,21:30,Olympia,1,0,1
2025.11.02,21:30,21:45,Olympia,1,1,2
2025.11.02,21:45,22:00,Olympia,2,2,4
2025.11.02,22:00,22:15,Olympia,2,2,4
2025.11.02,22:15,22:30,Olympia,0,1,1
2025.11.02,22:30,22:45,Olympia,1,2,3
2025.11.02,22:45,23:00,Olympia,3,3,6
2025.11.02,23:00,23:15,Olympia,1,4,5
2025.11.02,23:15,23:30,Olympia,2,1,3
2025.11.02,23:30,23:45,Olympia,0,0,0
2025.11.02,23:45,00:00,Olympia,0,0,0
2025.11.03,00:00,00:15,Olympia,0,0,0
2025.11.03,00:15,00:30,Olympia,0,0,0
2025.11.03,00:30,00:45,Olympia,0,0,0
2025.11.03,00:45,01:00,Olympia,0,0,0
2025.11.03,01:00,01:15,Olympia,0,0,0
2025.11.03,01:15,01:30,Olympia,1,0,1
2025.11.03,01:30,01:45,Olympia,0,1,1
2025.11.03,01:45,02:00,Olympia,0,0,0
2025.11.03,02:00,02:15,Olympia,1,0,1
2025.11.03,02:15,02:30,Olympia,0,0,0
2025.11.03,02:30,02:45,Olympia,0,0,0
2025.11.03,02:45,03:00,Olympia,1,0,1
2025.11.03,03:00,03:15,Olympia,0,0,0
2025.11.03,03:15,03:30,Olympia,0,0,0
2025.11.03,03:30,03:45,Olympia,0,0,0
2025.11.03,03:45,04:00,Olympia,0,0,0
2025.11.03,04:00,04:15,Olympia,0,0,0
2025.11.03,04:15,04:30,Olympia,0,1,1
2025.11.03,04:30,04:45,Olympia,0,0,0
2025.11.03,04:45,05:00,Olympia,0,0,0
2025.11.03,05:00,05:15,Olympia,1,0,1
2025.11.03,05:15,05:30,Olympia,2,0,2
2025.11.03,05:30,05:45,Olympia,1,1,2
2025.11.03,05:45,06:00,Olympia,4,0,4
2025.11.03,06:00,06:15,Olympia,3,2,5
2025.11.03,06:15,06:30,Olympia,3,2,5
2025.11.03,06:30,06:45,Olympia,7,7,14
2025.11.03,06:45,07:00,Olympia,14,4,18
2025.11.03,07:00,07:15,Olympia,14,4,18
2025.11.03,07:15,07:30,Olympia,15,8,23
2025.11.03,07:30,07:45,Olympia,20,14,34
2025.11.03,07:45,08:00,Olympia,16,19,35
2025.11.03,08:00,08:15,Olympia,34,22,56
2025.11.03,08:15,08:30,Olympia,26,26,52
2025.11.03,08:30,08:45,Olympia,26,19,45
2025.11.03,08:45,09:00,Olympia,31,15,46
2025.11.03,09:00,09:15,Olympia,23,16,39
2025.11.03,09:15,09:30,Olympia,10,5,15
2025.11.03,09:30,09:45,Olympia,11,22,33
2025.11.03,09:45,10:00,Olympia,13,9,22
2025.11.03,10:00,10:15,Olympia,11,9,20
2025.11.03,10:15,10:30,Olympia,11,6,17
2025.11.03,10:30,10:45,Olympia,6,8,14
2025.11.03,10:45,11:00,Olympia,9,8,17
2025.11.03,11:00,11:15,Olympia,8,13,21
2025.11.03,11:15,11:30,Olympia,5,7,12
2025.11.03,11:30,11:45,Olympia,13,8,21
2025.11.03,11:45,12:00,Olympia,4,18,22
2025.11.03,12:00,12:15,Olympia,16,11,27
2025.11.03,12:15,12:30,Olympia,5,5,10
2025.11.03,12:30,12:45,Olympia,6,12,18
2025.11.03,12:45,13:00,Olympia,6,10,16
2025.11.03,13:00,13:15,Olympia,9,12,21
2025.11.03,13:15,13:30,Olympia,13,5,18
2025.11.03,13:30,13:45,Olympia,15,13,28
2025.11.03,13:45,14:00,Olympia,14,13,27
2025.11.03,14:00,14:15,Olympia,13,12,25
2025.11.03,14:15,14:30,Olympia,18,11,29
2025.11.03,14:30,14:45,Olympia,8,7,15
2025.11.03,14:45,15:00,Olympia,9,8,17
2025.11.03,15:00,15:15,Olympia,14,16,30
2025.11.03,15:15,15:30,Olympia,17,14,31
2025.11.03,15:30,15:45,Olympia,19,24,43
2025.11.03,15:45,16:00,Olympia,25,10,35
2025.11.03,16:00,16:15,Olympia,17,21,38
2025.11.03,16:15,16:30,Olympia,23,27,50
2025.11.03,16:30,16:45,Olympia,37,24,61
2025.11.03,16:45,17:00,Olympia,30,28,58
2025.11.03,17:00,17:15,Olympia,22,32,54
2025.11.03,17:15,17:30,Olympia,27,24,51
2025.11.03,17:30,17:45,Olympia,24,35,59
2025.11.03,17:45,18:00,Olympia,31,26,57
2025.11.03,18:00,18:15,Olympia,46,31,77
2025.11.03,18:15,18:30,Olympia,58,27,85
2025.11.03,18:30,18:45,Olympia,36,9,45
2025.11.03,18:45,19:00,Olympia,21,26,47
2025.11.03,19:00,19:15,Olympia,19,17,36
2025.11.03,19:15,19:30,Olympia,14,14,28
2025.11.03,19:30,19:45,Olympia,16,21,37
2025.11.03,19:45,20:00,Olympia,32,22,54
2025.11.03,20:00,20:15,Olympia,14,16,30
2025.11.03,20:15,20:30,Olympia,12,31,43
2025.11.03,20:30,20:45,Olympia,8,19,27
2025.11.03,20:45,21:00,Olympia,5,15,20
2025.11.03,21:00,21:15,Olympia,8,7,15
2025.11.03,21:15,21:30,Olympia,3,11,14
2025.11.03,21:30,21:45,Olympia,3,20,23
2025.11.03,21:45,22:00,Olympia,5,35,40
2025.11.03,22:00,22:15,Olympia,3,22,25
2025.11.03,22:15,22:30,Olympia,5,18,23
2025.11.03,22:30,22:45,Olympia,0,16,16
2025.11.03,22:45,23:00,Olympia,3,8,11
2025.11.03,23:00,23:15,Olympia,2,5,7
2025.11.03,23:15,23:30,Olympia,5,6,11
2025.11.03,23:30,23:45,Olympia,1,0,1
2025.11.03,23:45,00:00,Olympia,2,5,7
2025.11.04,00:00,00:15,Olympia,2,8,10
2025.11.04,00:15,00:30,Olympia,1,4,5
2025.11.04,00:30,00:45,Olympia,1,3,4
2025.11.04,00:45,01:00,Olympia,0,0,0
2025.11.04,01:00,01:15,Olympia,0,0,0
2025.11.04,01:15,01:30,Olympia,0,0,0
2025.11.04,01:30,01:45,Olympia,0,0,0
2025.11.04,01:45,02:00,Olympia,0,0,0
2025.11.04,02:00,02:15,Olympia,0,0,0
2025.11.04,02:15,02:30,Olympia,1,0,1
2025.11.04,02:30,02:45,Olympia,0,0,0
2025.11.04,02:45,03:00,Olympia,0,0,0
2025.11.04,03:00,03:15,Olympia,0,0,0
2025.11.04,03:15,03:30,Olympia,0,0,0
2025.11.04,03:30,03:45,Olympia,0,0,0
2025.11.04,03:45,04:00,Olympia,0,0,0
2025.11.04,04:00,04:15,Olympia,0,0,0
2025.11.04,04:15,04:30,Olympia,0,1,1
2025.11.04,04:30,04:45,Olympia,0,0,0
2025.11.04,04:45,05:00,Olympia,0,0,0
2025.11.04,05:00,05:15,Olympia,1,0,1
2025.11.04,05:15,05:30,Olympia,2,1,3
2025.11.04,05:30,05:45,Olympia,4,3,7
2025.11.04,05:45,06:00,Olympia,4,2,6
2025.11.04,06:00,06:15,Olympia,2,3,5
2025.11.04,06:15,06:30,Olympia,3,7,10
2025.11.04,06:30,06:45,Olympia,9,3,12
2025.11.04,06:45,07:00,Olympia,13,4,17
2025.11.04,07:00,07:15,Olympia,11,10,21
2025.11.04,07:15,07:30,Olympia,16,15,31
2025.11.04,07:30,07:45,Olympia,23,14,37
2025.11.04,07:45,08:00,Olympia,31,29,60
2025.11.04,08:00,08:15,Olympia,37,32,69
2025.11.04,08:15,08:30,Olympia,36,32,68
2025.11.04,08:30,08:45,Olympia,41,22,63
2025.11.04,08:45,09:00,Olympia,35,26,61
2025.11.04,09:00,09:15,Olympia,23,19,42
2025.11.04,09:15,09:30,Olympia,22,20,42
2025.11.04,09:30,09:45,Olympia,12,15,27
2025.11.04,09:45,10:00,Olympia,19,18,37
2025.11.04,10:00,10:15,Olympia,14,9,23
2025.11.04,10:15,10:30,Olympia,7,11,18
2025.11.04,10:30,10:45,Olympia,8,8,16
2025.11.04,10:45,11:00,Olympia,8,9,17
2025.11.04,11:00,11:15,Olympia,14,14,28
2025.11.04,11:15,11:30,Olympia,6,13,19
2025.11.04,11:30,11:45,Olympia,14,13,27
2025.11.04,11:45,12:00,Olympia,10,17,27
2025.11.04,12:00,12:15,Olympia,11,15,26
2025.11.04,12:15,12:30,Olympia,14,14,28
2025.11.04,12:30,12:45,Olympia,5,11,16
2025.11.04,12:45,13:00,Olympia,11,8,19
2025.11.04,13:00,13:15,Olympia,9,17,26
2025.11.04,13:15,13:30,Olympia,13,33,46
2025.11.04,13:30,13:45,Olympia,13,14,27
2025.11.04,13:45,14:00,Olympia,12,17,29
2025.11.04,14:00,14:15,Olympia,17,20,37
2025.11.04,14:15,14:30,Olympia,24,13,37
2025.11.04,14:30,14:45,Olympia,17,21,38
2025.11.04,14:45,15:00,Olympia,22,17,39
2025.11.04,15:00,15:15,Olympia,27,24,51
2025.11.04,15:15,15:30,Olympia,20,27,47
2025.11.04,15:30,15:45,Olympia,26,24,50
2025.11.04,15:45,16:00,Olympia,37,12,49
2025.11.04,16:00,16:15,Olympia,30,24,54
2025.11.04,16:15,16:30,Olympia,16,43,59
2025.11.04,16:30,16:45,Olympia,40,38,78
2025.11.04,16:45,17:00,Olympia,33,29,62
2025.11.04,17:00,17:15,Olympia,24,26,50
2025.11.04,17:15,17:30,Olympia,25,39,64
2025.11.04,17:30,17:45,Olympia,34,28,62
2025.11.04,17:45,18:00,Olympia,36,43,79
2025.11.04,18:00,18:15,Olympia,33,34,67
2025.11.04,18:15,18:30,Olympia,26,36,62
2025.11.04,18:30,18:45,Olympia,22,26,48
2025.11.04,18:45,19:00,Olympia,21,28,49
2025.11.04,19:00,19:15,Olympia,21,13,34
2025.11.04,19:15,19:30,Olympia,17,15,32
2025.11.04,19:30,19:45,Olympia,24,15,39
2025.11.04,19:45,20:00,Olympia,29,18,47
2025.11.04,20:00,20:15,Olympia,17,24,41
2025.11.04,20:15,20:30,Olympia,5,20,25
2025.11.04,20:30,20:45,Olympia,12,13,25
2025.11.04,20:45,21:00,Olympia,6,10,16
2025.11.04,21:00,21:15,Olympia,14,9,23
2025.11.04,21:15,21:30,Olympia,11,7,18
2025.11.04,21:30,21:45,Olympia,6,23,29
2025.11.04,21:45,22:00,Olympia,7,17,24
2025.11.04,22:00,22:15,Olympia,3,11,14
2025.11.04,22:15,22:30,Olympia,3,9,12
2025.11.04,22:30,22:45,Olympia,2,7,9
2025.11.04,22:45,23:00,Olympia,5,7,12
2025.11.04,23:00,23:15,Olympia,4,4,8
2025.11.04,23:15,23:30,Olympia,10,5,15
2025.11.04,23:30,23:45,Olympia,2,6,8
2025.11.04,23:45,00:00,Olympia,5,6,11
2025.11.05,00:00,00:15,Olympia,0,10,10
2025.11.05,00:15,00:30,Olympia,1,3,4
2025.11.05,00:30,00:45,Olympia,0,1,1
2025.11.05,00:45,01:00,Olympia,1,0,1
2025.11.05,01:00,01:15,Olympia,0,0,0
2025.11.05,01:15,01:30,Olympia,0,0,0
2025.11.05,01:30,01:45,Olympia,0,0,0
2025.11.05,01:45,02:00,Olympia,0,0,0
2025.11.05,02:00,02:15,Olympia,0,0,0
2025.11.05,02:15,02:30,Olympia,0,0,0
2025.11.05,02:30,02:45,Olympia,0,0,0
2025.11.05,02:45,03:00,Olympia,0,0,0
2025.11.05,03:00,03:15,Olympia,0,0,0
2025.11.05,03:15,03:30,Olympia,0,0,0
2025.11.05,03:30,03:45,Olympia,0,1,1
2025.11.05,03:45,04:00,Olympia,0,0,0
2025.11.05,04:00,04:15,Olympia,0,0,0
2025.11.05,04:15,04:30,Olympia,0,1,1
2025.11.05,04:30,04:45,Olympia,0,0,0
2025.11.05,04:45,05:00,Olympia,0,0,0
2025.11.05,05:00,05:15,Olympia,1,1,2
2025.11.05,05:15,05:30,Olympia,2,2,4
2025.11.05,05:30,05:45,Olympia,3,3,6
2025.11.05,05:45,06:00,Olympia,2,1,3
2025.11.05,06:00,06:15,Olympia,1,0,1
2025.11.05,06:15,06:30,Olympia,1,3,4
2025.11.05,06:30,06:45,Olympia,10,2,12
2025.11.05,06:45,07:00,Olympia,14,8,22
2025.11.05,07:00,07:15,Olympia,15,5,20
2025.11.05,07:15,07:30,Olympia,9,16,25
2025.11.05,07:30,07:45,Olympia,19,20,39
2025.11.05,07:45,08:00,Olympia,29,22,51
2025.11.05,08:00,08:15,Olympia,31,27,58
2025.11.05,08:15,08:30,Olympia,25,25,50
2025.11.05,08:30,08:45,Olympia,30,30,60
2025.11.05,08:45,09:00,Olympia,28,35,63
2025.11.05,09:00,09:15,Olympia,20,11,31
2025.11.05,09:15,09:30,Olympia,10,18,28
2025.11.05,09:30,09:45,Olympia,14,23,37
2025.11.05,09:45,10:00,Olympia,21,15,36
2025.11.05,10:00,10:15,Olympia,14,15,29
2025.11.05,10:15,10:30,Olympia,15,11,26
2025.11.05,10:30,10:45,Olympia,10,9,19
2025.11.05,10:45,11:00,Olympia,14,12,26
2025.11.05,11:00,11:15,Olympia,8,6,14
2025.11.05,11:15,11:30,Olympia,8,10,18
2025.11.05,11:30,11:45,Olympia,8,12,20
2025.11.05,11:45,12:00,Olympia,10,8,18
2025.11.05,12:00,12:15,Olympia,16,17,33
2025.11.05,12:15,12:30,Olympia,10,16,26
2025.11.05,12:30,12:45,Olympia,10,12,22
2025.11.05,12:45,13:00,Olympia,10,13,23
2025.11.05,13:00,13:15,Olympia,13,16,29
2025.11.05,13:15,13:30,Olympia,18,12,30
2025.11.05,13:30,13:45,Olympia,14,11,25
2025.11.05,13:45,14:00,Olympia,27,19,46
2025.11.05,14:00,14:15,Olympia,18,10,28
2025.11.05,14:15,14:30,Olympia,17,24,41
2025.11.05,14:30,14:45,Olympia,29,8,37
2025.11.05,14:45,15:00,Olympia,22,14,36
2025.11.05,15:00,15:15,Olympia,27,20,47
2025.11.05,15:15,15:30,Olympia,16,21,37
2025.11.05,15:30,15:45,Olympia,23,24,47
2025.11.05,15:45,16:00,Olympia,18,38,56
2025.11.05,16:00,16:15,Olympia,21,25,46
2025.11.05,16:15,16:30,Olympia,21,32,53
2025.11.05,16:30,16:45,Olympia,25,29,54
2025.11.05,16:45,17:00,Olympia,51,35,86
2025.11.05,17:00,17:15,Olympia,17,27,44
2025.11.05,17:15,17:30,Olympia,29,33,62
2025.11.05,17:30,17:45,Olympia,23,23,46
2025.11.05,17:45,18:00,Olympia,31,28,59
2025.11.05,18:00,18:15,Olympia,28,35,63
2025.11.05,18:15,18:30,Olympia,33,24,57
2025.11.05,18:30,18:45,Olympia,31,35,66
2025.11.05,18:45,19:00,Olympia,15,39,54
2025.11.05,19:00,19:15,Olympia,21,17,38
2025.11.05,19:15,19:30,Olympia,13,9,22
2025.11.05,19:30,19:45,Olympia,26,17,43
2025.11.05,19:45,20:00,Olympia,28,14,42
2025.11.05,20:00,20:15,Olympia,17,14,31
2025.11.05,20:15,20:30,Olympia,8,31,39
2025.11.05,20:30,20:45,Olympia,6,14,20
2025.11.05,20:45,21:00,Olympia,9,11,20
2025.11.05,21:00,21:15,Olympia,20,12,32
2025.11.05,21:15,21:30,Olympia,11,13,24
2025.11.05,21:30,21:45,Olympia,4,18,22
2025.11.05,21:45,22:00,Olympia,6,9,15
2025.11.05,22:00,22:15,Olympia,7,10,17
2025.11.05,22:15,22:30,Olympia,2,17,19
2025.11.05,22:30,22:45,Olympia,3,6,9
2025.11.05,22:45,23:00,Olympia,6,10,16
2025.11.05,23:00,23:15,Olympia,6,9,15
2025.11.05,23:15,23:30,Olympia,2,11,13
2025.11.05,23:30,23:45,Olympia,0,7,7
2025.11.05,23:45,00:00,Olympia,4,2,6
2025.11.06,00:00,00:15,Olympia,1,5,6
2025.11.06,00:15,00:30,Olympia,0,2,2
2025.11.06,00:30,00:45,Olympia,2,0,2
2025.11.06,00:45,01:00,Olympia,0,1,1
2025.11.06,01:00,01:15,Olympia,0,0,0
2025.11.06,01:15,01:30,Olympia,1,0,1
2025.11.06,01:30,01:45,Olympia,0,1,1
2025.11.06,01:45,02:00,Olympia,0,0,0
2025.11.06,02:00,02:15,Olympia,0,0,0
2025.11.06,02:15,02:30,Olympia,0,0,0
2025.11.06,02:30,02:45,Olympia,0,0,0
2025.11.06,02:45,03:00,Olympia,0,0,0
2025.11.06,03:00,03:15,Olympia,0,0,0
2025.11.06,03:15,03:30,Olympia,0,0,0
2025.11.06,03:30,03:45,Olympia,0,0,0
2025.11.06,03:45,04:00,Olympia,0,0,0
2025.11.06,04:00,04:15,Olympia,0,0,0
2025.11.06,04:15,04:30,Olympia,0,2,2
2025.11.06,04:30,04:45,Olympia,0,0,0
2025.11.06,04:45,05:00,Olympia,1,1,2
2025.11.06,05:00,05:15,Olympia,1,0,1
2025.11.06,05:15,05:30,Olympia,3,1,4
2025.11.06,05:30,05:45,Olympia,3,1,4
2025.11.06,05:45,06:00,Olympia,2,2,4
2025.11.06,06:00,06:15,Olympia,3,1,4
2025.11.06,06:15,06:30,Olympia,1,2,3
2025.11.06,06:30,06:45,Olympia,13,5,18
2025.11.06,06:45,07:00,Olympia,14,2,16
2025.11.06,07:00,07:15,Olympia,12,7,19
2025.11.06,07:15,07:30,Olympia,12,12,24
2025.11.06,07:30,07:45,Olympia,32,13,45
2025.11.06,07:45,08:00,Olympia,20,21,41
2025.11.06,08:00,08:15,Olympia,29,17,46
2025.11.06,08:15,08:30,Olympia,31,31,62
2025.11.06,08:30,08:45,Olympia,25,26,51
2025.11.06,08:45,09:00,Olympia,25,23,48
2025.11.06,09:00,09:15,Olympia,17,14,31
2025.11.06,09:15,09:30,Olympia,17,15,32
2025.11.06,09:30,09:45,Olympia,11,15,26
2025.11.06,09:45,10:00,Olympia,13,18,31
2025.11.06,10:00,10:15,Olympia,10,14,24
2025.11.06,10:15,10:30,Olympia,11,6,17
2025.11.06,10:30,10:45,Olympia,10,10,20
2025.11.06,10:45,11:00,Olympia,7,7,14
2025.11.06,11:00,11:15,Olympia,18,16,34
2025.11.06,11:15,11:30,Olympia,6,11,17
2025.11.06,11:30,11:45,Olympia,16,8,24
2025.11.06,11:45,12:00,Olympia,13,8,21
2025.11.06,12:00,12:15,Olympia,11,9,20
2025.11.06,12:15,12:30,Olympia,16,11,27
2025.11.06,12:30,12:45,Olympia,22,12,34
2025.11.06,12:45,13:00,Olympia,14,11,25
2025.11.06,13:00,13:15,Olympia,11,6,17
2025.11.06,13:15,13:30,Olympia,11,6,17
2025.11.06,13:30,13:45,Olympia,13,13,26
2025.11.06,13:45,14:00,Olympia,15,11,26
2025.11.06,14:00,14:15,Olympia,18,7,25
2025.11.06,14:15,14:30,Olympia,10,12,22
2025.11.06,14:30,14:45,Olympia,17,13,30
2025.11.06,14:45,15:00,Olympia,11,20,31
2025.11.06,15:00,15:15,Olympia,12,14,26
2025.11.06,15:15,15:30,Olympia,5,12,17
2025.11.06,15:30,15:45,Olympia,16,15,31
2025.11.06,15:45,16:00,Olympia,19,16,35
2025.11.06,16:00,16:15,Olympia,11,20,31
2025.11.06,16:15,16:30,Olympia,21,19,40
2025.11.06,16:30,16:45,Olympia,21,29,50
2025.11.06,16:45,17:00,Olympia,27,33,60
2025.11.06,17:00,17:15,Olympia,24,24,48
2025.11.06,17:15,17:30,Olympia,22,26,48
2025.11.06,17:30,17:45,Olympia,21,32,53
2025.11.06,17:45,18:00,Olympia,34,24,58
2025.11.06,18:00,18:15,Olympia,30,31,61
2025.11.06,18:15,18:30,Olympia,29,23,52
2025.11.06,18:30,18:45,Olympia,21,33,54
2025.11.06,18:45,19:00,Olympia,20,23,43
2025.11.06,19:00,19:15,Olympia,17,12,29
2025.11.06,19:15,19:30,Olympia,14,21,35
2025.11.06,19:30,19:45,Olympia,13,24,37
2025.11.06,19:45,20:00,Olympia,18,11,29
2025.11.06,20:00,20:15,Olympia,12,19,31
2025.11.06,20:15,20:30,Olympia,15,28,43
2025.11.06,20:30,20:45,Olympia,7,13,20
2025.11.06,20:45,21:00,Olympia,10,2,12
2025.11.06,21:00,21:15,Olympia,8,19,27
2025.11.06,21:15,21:30,Olympia,12,13,25
2025.11.06,21:30,21:45,Olympia,2,11,13
2025.11.06,21:45,22:00,Olympia,7,22,29
2025.11.06,22:00,22:15,Olympia,2,6,8
2025.11.06,22:15,22:30,Olympia,3,20,23
2025.11.06,22:30,22:45,Olympia,2,9,11
2025.11.06,22:45,23:00,Olympia,3,8,11
2025.11.06,23:00,23:15,Olympia,3,5,8
2025.11.06,23:15,23:30,Olympia,1,9,10
2025.11.06,23:30,23:45,Olympia,1,3,4
2025.11.06,23:45,00:00,Olympia,4,6,10
2025.11.07,00:00,00:15,Olympia,3,4,7
2025.11.07,00:15,00:30,Olympia,0,3,3
2025.11.07,00:30,00:45,Olympia,1,0,1
2025.11.07,00:45,01:00,Olympia,0,0,0
2025.11.07,01:00,01:15,Olympia,2,0,2
2025.11.07,01:15,01:30,Olympia,0,0,0
2025.11.07,01:30,01:45,Olympia,0,1,1
2025.11.07,01:45,02:00,Olympia,0,0,0
2025.11.07,02:00,02:15,Olympia,0,0,0
2025.11.07,02:15,02:30,Olympia,0,0,0
2025.11.07,02:30,02:45,Olympia,0,0,0
2025.11.07,02:45,03:00,Olympia,0,0,0
2025.11.07,03:00,03:15,Olympia,0,0,0
2025.11.07,03:15,03:30,Olympia,0,0,0
2025.11.07,03:30,03:45,Olympia,0,0,0
2025.11.07,03:45,04:00,Olympia,0,0,0
2025.11.07,04:00,04:15,Olympia,0,0,0
2025.11.07,04:15,04:30,Olympia,0,1,1
2025.11.07,04:30,04:45,Olympia,0,1,1
2025.11.07,04:45,05:00,Olympia,1,0,1
2025.11.07,05:00,05:15,Olympia,2,1,3
2025.11.07,05:15,05:30,Olympia,2,1,3
2025.11.07,05:30,05:45,Olympia,1,0,1
2025.11.07,05:45,06:00,Olympia,1,2,3
2025.11.07,06:00,06:15,Olympia,3,0,3
2025.11.07,06:15,06:30,Olympia,2,3,5
2025.11.07,06:30,06:45,Olympia,7,2,9
2025.11.07,06:45,07:00,Olympia,10,3,13
2025.11.07,07:00,07:15,Olympia,9,4,13
2025.11.07,07:15,07:30,Olympia,8,8,16
2025.11.07,07:30,07:45,Olympia,17,13,30
2025.11.07,07:45,08:00,Olympia,20,11,31
2025.11.07,08:00,08:15,Olympia,20,20,40
2025.11.07,08:15,08:30,Olympia,15,21,36
2025.11.07,08:30,08:45,Olympia,9,12,21
2025.11.07,08:45,09:00,Olympia,17,15,32
2025.11.07,09:00,09:15,Olympia,19,17,36
2025.11.07,09:15,09:30,Olympia,10,8,18
2025.11.07,09:30,09:45,Olympia,12,21,33
2025.11.07,09:45,10:00,Olympia,9,13,22
2025.11.07,10:00,10:15,Olympia,9,8,17
2025.11.07,10:15,10:30,Olympia,6,6,12
2025.11.07,10:30,10:45,Olympia,9,7,16
2025.11.07,10:45,11:00,Olympia,12,6,18
2025.11.07,11:00,11:15,Olympia,3,5,8
2025.11.07,11:15,11:30,Olympia,9,8,17
2025.11.07,11:30,11:45,Olympia,8,8,16
2025.11.07,11:45,12:00,Olympia,15,11,26
2025.11.07,12:00,12:15,Olympia,7,11,18
2025.11.07,12:15,12:30,Olympia,7,12,19
2025.11.07,12:30,12:45,Olympia,5,7,12
2025.11.07,12:45,13:00,Olympia,4,11,15
2025.11.07,13:00,13:15,Olympia,12,7,19
2025.11.07,13:15,13:30,Olympia,10,7,17
2025.11.07,13:30,13:45,Olympia,14,6,20
2025.11.07,13:45,14:00,Olympia,18,9,27
2025.11.07,14:00,14:15,Olympia,14,12,26
2025.11.07,14:15,14:30,Olympia,12,7,19
2025.11.07,14:30,14:45,Olympia,10,14,24
2025.11.07,14:45,15:00,Olympia,21,6,27
2025.11.07,15:00,15:15,Olympia,5,8,13
2025.11.07,15:15,15:30,Olympia,10,18,28
2025.11.07,15:30,15:45,Olympia,15,15,30
2025.11.07,15:45,16:00,Olympia,19,18,37
2025.11.07,16:00,16:15,Olympia,17,11,28
2025.11.07,16:15,16:30,Olympia,8,21,29
2025.11.07,16:30,16:45,Olympia,17,11,28
2025.11.07,16:45,17:00,Olympia,23,12,35
2025.11.07,17:00,17:15,Olympia,17,11,28
2025.11.07,17:15,17:30,Olympia,17,9,26
2025.11.07,17:30,17:45,Olympia,7,18,25
2025.11.07,17:45,18:00,Olympia,18,14,32
2025.11.07,18:00,18:15,Olympia,15,12,27
2025.11.07,18:15,18:30,Olympia,19,15,34
2025.11.07,18:30,18:45,Olympia,12,33,45
2025.11.07,18:45,19:00,Olympia,19,21,40
2025.11.07,19:00,19:15,Olympia,18,7,25
2025.11.07,19:15,19:30,Olympia,8,10,18
2025.11.07,19:30,19:45,Olympia,15,10,25
2025.11.07,19:45,20:00,Olympia,10,5,15
2025.11.07,20:00,20:15,Olympia,4,6,10
2025.11.07,20:15,20:30,Olympia,1,15,16
2025.11.07,20:30,20:45,Olympia,4,9,13
2025.11.07,20:45,21:00,Olympia,8,4,12
2025.11.07,21:00,21:15,Olympia,3,10,13
2025.11.07,21:15,21:30,Olympia,1,8,9
2025.11.07,21:30,21:45,Olympia,0,2,2
2025.11.07,21:45,22:00,Olympia,1,3,4
2025.11.07,22:00,22:15,Olympia,2,8,10
2025.11.07,22:15,22:30,Olympia,3,11,14
2025.11.07,22:30,22:45,Olympia,0,7,7
2025.11.07,22:45,23:00,Olympia,1,8,9
2025.11.07,23:00,23:15,Olympia,4,6,10
2025.11.07,23:15,23:30,Olympia,4,4,8
2025.11.07,23:30,23:45,Olympia,3,3,6
2025.11.07,23:45,00:00,Olympia,2,2,4
2025.11.08,00:00,00:15,Olympia,7,0,7
2025.11.08,00:15,00:30,Olympia,1,0,1
2025.11.08,00:30,00:45,Olympia,0,2,2
2025.11.08,00:45,01:00,Olympia,0,0,0
2025.11.08,01:00,01:15,Olympia,2,1,3
2025.11.08,01:15,01:30,Olympia,1,1,2
2025.11.08,01:30,01:45,Olympia,0,0,0
2025.11.08,01:45,02:00,Olympia,0,0,0
2025.11.08,02:00,02:15,Olympia,0,1,1
2025.11.08,02:15,02:30,Olympia,0,0,0
2025.11.08,02:30,02:45,Olympia,0,1,1
2025.11.08,02:45,03:00,Olympia,3,0,3
2025.11.08,03:00,03:15,Olympia,0,0,0
2025.11.08,03:15,03:30,Olympia,1,1,2
2025.11.08,03:30,03:45,Olympia,0,0,0
2025.11.08,03:45,04:00,Olympia,1,0,1
2025.11.08,04:00,04:15,Olympia,0,0,0
2025.11.08,04:15,04:30,Olympia,0,0,0
2025.11.08,04:30,04:45,Olympia,0,0,0
2025.11.08,04:45,05:00,Olympia,1,1,2
2025.11.08,05:00,05:15,Olympia,0,0,0
2025.11.08,05:15,05:30,Olympia,0,1,1
2025.11.08,05:30,05:45,Olympia,2,0,2
2025.11.08,05:45,06:00,Olympia,2,0,2
2025.11.08,06:00,06:15,Olympia,0,0,0
2025.11.08,06:15,06:30,Olympia,0,0,0
2025.11.08,06:30,06:45,Olympia,1,1,2
2025.11.08,06:45,07:00,Olympia,1,2,3
2025.11.08,07:00,07:15,Olympia,1,1,2
2025.11.08,07:15,07:30,Olympia,0,1,1
2025.11.08,07:30,07:45,Olympia,3,1,4
2025.11.08,07:45,08:00,Olympia,1,1,2
2025.11.08,08:00,08:15,Olympia,1,3,4
2025.11.08,08:15,08:30,Olympia,3,3,6
2025.11.08,08:30,08:45,Olympia,5,8,13
2025.11.08,08:45,09:00,Olympia,15,8,23
2025.11.08,09:00,09:15,Olympia,7,8,15
2025.11.08,09:15,09:30,Olympia,11,4,15
2025.11.08,09:30,09:45,Olympia,9,2,11
2025.11.08,09:45,10:00,Olympia,5,8,13
2025.11.08,10:00,10:15,Olympia,12,6,18
2025.11.08,10:15,10:30,Olympia,9,3,12
2025.11.08,10:30,10:45,Olympia,9,5,14
2025.11.08,10:45,11:00,Olympia,14,8,22
2025.11.08,11:00,11:15,Olympia,10,9,19
2025.11.08,11:15,11:30,Olympia,11,12,23
2025.11.08,11:30,11:45,Olympia,11,7,18
2025.11.08,11:45,12:00,Olympia,8,13,21
2025.11.08,12:00,12:15,Olympia,7,7,14
2025.11.08,12:15,12:30,Olympia,13,16,29
2025.11.08,12:30,12:45,Olympia,18,10,28
2025.11.08,12:45,13:00,Olympia,11,12,23
2025.11.08,13:00,13:15,Olympia,9,12,21
2025.11.08,13:15,13:30,Olympia,13,10,23
2025.11.08,13:30,13:45,Olympia,11,14,25
2025.11.08,13:45,14:00,Olympia,12,9,21
2025.11.08,14:00,14:15,Olympia,5,12,17
2025.11.08,14:15,14:30,Olympia,5,14,19
2025.11.08,14:30,14:45,Olympia,16,11,27
2025.11.08,14:45,15:00,Olympia,9,10,19
2025.11.08,15:00,15:15,Olympia,11,16,27
2025.11.08,15:15,15:30,Olympia,17,11,28
2025.11.08,15:30,15:45,Olympia,10,9,19
2025.11.08,15:45,16:00,Olympia,16,10,26
2025.11.08,16:00,16:15,Olympia,12,11,23
2025.11.08,16:15,16:30,Olympia,8,14,22
2025.11.08,16:30,16:45,Olympia,13,12,25
2025.11.08,16:45,17:00,Olympia,9,8,17
2025.11.08,17:00,17:15,Olympia,9,13,22
2025.11.08,17:15,17:30,Olympia,6,6,12
2025.11.08,17:30,17:45,Olympia,7,5,12
2025.11.08,17:45,18:00,Olympia,12,7,19
2025.11.08,18:00,18:15,Olympia,7,10,17
2025.11.08,18:15,18:30,Olympia,7,6,13
2025.11.08,18:30,18:45,Olympia,3,11,14
2025.11.08,18:45,19:00,Olympia,10,6,16
2025.11.08,19:00,19:15,Olympia,18,5,23
2025.11.08,19:15,19:30,Olympia,9,8,17
2025.11.08,19:30,19:45,Olympia,7,6,13
2025.11.08,19:45,20:00,Olympia,8,5,13
2025.11.08,20:00,20:15,Olympia,4,0,4
2025.11.08,20:15,20:30,Olympia,3,2,5
2025.11.08,20:30,20:45,Olympia,3,3,6
2025.11.08,20:45,21:00,Olympia,3,2,5
2025.11.08,21:00,21:15,Olympia,1,5,6
2025.11.08,21:15,21:30,Olympia,6,4,10
2025.11.08,21:30,21:45,Olympia,7,0,7
2025.11.08,21:45,22:00,Olympia,1,3,4
2025.11.08,22:00,22:15,Olympia,0,2,2
2025.11.08,22:15,22:30,Olympia,2,12,14
2025.11.08,22:30,22:45,Olympia,1,12,13
2025.11.08,22:45,23:00,Olympia,1,7,8
2025.11.08,23:00,23:15,Olympia,3,11,14
2025.11.08,23:15,23:30,Olympia,0,6,6
2025.11.08,23:30,23:45,Olympia,3,1,4
2025.11.08,23:45,00:00,Olympia,5,2,7
2025.11.09,00:00,00:15,Olympia,1,3,4
2025.11.09,00:15,00:30,Olympia,1,2,3
2025.11.09,00:30,00:45,Olympia,0,5,5
2025.11.09,00:45,01:00,Olympia,2,3,5
2025.11.09,01:00,01:15,Olympia,1,0,1
2025.11.09,01:15,01:30,Olympia,1,0,1
2025.11.09,01:30,01:45,Olympia,2,1,3
2025.11.09,01:45,02:00,Olympia,4,0,4
2025.11.09,02:00,02:15,Olympia,3,1,4
2025.11.09,02:15,02:30,Olympia,0,0,0
2025.11.09,02:30,02:45,Olympia,1,0,1
2025.11.09,02:45,03:00,Olympia,2,0,2
2025.11.09,03:00,03:15,Olympia,0,2,2
2025.11.09,03:15,03:30,Olympia,1,1,2
2025.11.09,03:30,03:45,Olympia,0,1,1
2025.11.09,03:45,04:00,Olympia,2,0,2
2025.11.09,04:00,04:15,Olympia,0,0,0
2025.11.09,04:15,04:30,Olympia,1,0,1
2025.11.09,04:30,04:45,Olympia,0,0,0
2025.11.09,04:45,05:00,Olympia,2,0,2
2025.11.09,05:00,05:15,Olympia,0,0,0
2025.11.09,05:15,05:30,Olympia,0,1,1
2025.11.09,05:30,05:45,Olympia,1,2,3
2025.11.09,05:45,06:00,Olympia,0,1,1
2025.11.09,06:00,06:15,Olympia,1,0,1
2025.11.09,06:15,06:30,Olympia,0,0,0
2025.11.09,06:30,06:45,Olympia,1,0,1
2025.11.09,06:45,07:00,Olympia,1,0,1
2025.11.09,07:00,07:15,Olympia,0,0,0
2025.11.09,07:15,07:30,Olympia,1,0,1
2025.11.09,07:30,07:45,Olympia,2,0,2
2025.11.09,07:45,08:00,Olympia,0,2,2
2025.11.09,08:00,08:15,Olympia,1,2,3
2025.11.09,08:15,08:30,Olympia,5,1,6
2025.11.09,08:30,08:45,Olympia,1,3,4
2025.11.09,08:45,09:00,Olympia,4,2,6
2025.11.09,09:00,09:15,Olympia,3,3,6
2025.11.09,09:15,09:30,Olympia,7,2,9
2025.11.09,09:30,09:45,Olympia,8,5,13
2025.11.09,09:45,10:00,Olympia,4,10,14
2025.11.09,10:00,10:15,Olympia,11,6,17
2025.11.09,10:15,10:30,Olympia,14,7,21
2025.11.09,10:30,10:45,Olympia,7,9,16
2025.11.09,10:45,11:00,Olympia,8,7,15
2025.11.09,11:00,11:15,Olympia,7,6,13
2025.11.09,11:15,11:30,Olympia,5,7,12
2025.11.09,11:30,11:45,Olympia,7,4,11
2025.11.09,11:45,12:00,Olympia,7,3,10
2025.11.09,12:00,12:15,Olympia,5,5,10
2025.11.09,12:15,12:30,Olympia,3,10,13
2025.11.09,12:30,12:45,Olympia,6,9,15
2025.11.09,12:45,13:00,Olympia,12,8,20
2025.11.09,13:00,13:15,Olympia,14,8,22
2025.11.09,13:15,13:30,Olympia,7,3,10
2025.11.09,13:30,13:45,Olympia,4,10,14
2025.11.09,13:45,14:00,Olympia,8,5,13
2025.11.09,14:00,14:15,Olympia,14,12,26
2025.11.09,14:15,14:30,Olympia,10,9,19
2025.11.09,14:30,14:45,Olympia,23,9,32
2025.11.09,14:45,15:00,Olympia,14,13,27
2025.11.09,15:00,15:15,Olympia,21,18,39
2025.11.09,15:15,15:30,Olympia,12,10,22
2025.11.09,15:30,15:45,Olympia,11,5,16
2025.11.09,15:45,16:00,Olympia,12,7,19
2025.11.09,16:00,16:15,Olympia,12,12,24
2025.11.09,16:15,16:30,Olympia,6,19,25
2025.11.09,16:30,16:45,Olympia,2,9,11
2025.11.09,16:45,17:00,Olympia,5,10,15
2025.11.09,17:00,17:15,Olympia,8,10,18
2025.11.09,17:15,17:30,Olympia,11,7,18
2025.11.09,17:30,17:45,Olympia,9,4,13
2025.11.09,17:45,18:00,Olympia,6,9,15
2025.11.09,18:00,18:15,Olympia,1,4,5
2025.11.09,18:15,18:30,Olympia,10,7,17
2025.11.09,18:30,18:45,Olympia,6,3,9
2025.11.09,18:45,19:00,Olympia,4,7,11
2025.11.09,19:00,19:15,Olympia,11,3,14
2025.11.09,19:15,19:30,Olympia,20,0,20
2025.11.09,19:30,19:45,Olympia,6,1,7
2025.11.09,19:45,20:00,Olympia,2,7,9
2025.11.09,20:00,20:15,Olympia,2,1,3
2025.11.09,20:15,20:30,Olympia,3,4,7
2025.11.09,20:30,20:45,Olympia,4,4,8
2025.11.09,20:45,21:00,Olympia,3,3,6
2025.11.09,21:00,21:15,Olympia,2,3,5
2025.11.09,21:15,21:30,Olympia,3,1,4
2025.11.09,21:30,21:45,Olympia,4,0,4
2025.11.09,21:45,22:00,Olympia,1,3,4
2025.11.09,22:00,22:15,Olympia,1,3,4
2025.11.09,22:15,22:30,Olympia,1,5,6
2025.11.09,22:30,22:45,Olympia,0,4,4
2025.11.09,22:45,23:00,Olympia,0,35,35
2025.11.09,23:00,23:15,Olympia,0,8,8
2025.11.09,23:15,23:30,Olympia,1,2,3
2025.11.09,23:30,23:45,Olympia,1,2,3
2025.11.09,23:45,00:00,Olympia,0,1,1
2025.11.10,00:00,00:15,Olympia,0,2,2
2025.11.10,00:15,00:30,Olympia,2,0,2
2025.11.10,00:30,00:45,Olympia,0,2,2
2025.11.10,00:45,01:00,Olympia,0,0,0
2025.11.10,01:00,01:15,Olympia,0,1,1
2025.11.10,01:15,01:30,Olympia,1,1,2
2025.11.10,01:30,01:45,Olympia,0,1,1
2025.11.10,01:45,02:00,Olympia,0,0,0
2025.11.10,02:00,02:15,Olympia,0,0,0
2025.11.10,02:15,02:30,Olympia,0,0,0
2025.11.10,02:30,02:45,Olympia,1,0,1
2025.11.10,02:45,03:00,Olympia,0,0,0
2025.11.10,03:00,03:15,Olympia,0,0,0
2025.11.10,03:15,03:30,Olympia,0,0,0
2025.11.10,03:30,03:45,Olympia,0,0,0
2025.11.10,03:45,04:00,Olympia,0,0,0
2025.11.10,04:00,04:15,Olympia,0,0,0
2025.11.10,04:15,04:30,Olympia,0,1,1
2025.11.10,04:30,04:45,Olympia,0,0,0
2025.11.10,04:45,05:00,Olympia,1,0,1
2025.11.10,05:00,05:15,Olympia,1,1,2
2025.11.10,05:15,05:30,Olympia,3,0,3
2025.11.10,05:30,05:45,Olympia,0,2,2
2025.11.10,05:45,06:00,Olympia,4,2,6
2025.11.10,06:00,06:15,Olympia,2,1,3
2025.11.10,06:15,06:30,Olympia,3,2,5
2025.11.10,06:30,06:45,Olympia,8,6,14
2025.11.10,06:45,07:00,Olympia,17,8,25
2025.11.10,07:00,07:15,Olympia,14,11,25
2025.11.10,07:15,07:30,Olympia,11,9,20
2025.11.10,07:30,07:45,Olympia,21,18,39
2025.11.10,07:45,08:00,Olympia,19,31,50
2025.11.10,08:00,08:15,Olympia,34,29,63
2025.11.10,08:15,08:30,Olympia,36,31,67
2025.11.10,08:30,08:45,Olympia,27,20,47
2025.11.10,08:45,09:00,Olympia,35,30,65
2025.11.10,09:00,09:15,Olympia,19,23,42
2025.11.10,09:15,09:30,Olympia,18,16,34
2025.11.10,09:30,09:45,Olympia,8,12,20
2025.11.10,09:45,10:00,Olympia,11,14,25
2025.11.10,10:00,10:15,Olympia,17,7,24
2025.11.10,10:15,10:30,Olympia,7,9,16
2025.11.10,10:30,10:45,Olympia,7,16,23
2025.11.10,10:45,11:00,Olympia,9,11,20
2025.11.10,11:00,11:15,Olympia,10,12,22
2025.11.10,11:15,11:30,Olympia,6,8,14
2025.11.10,11:30,11:45,Olympia,12,9,21
2025.11.10,11:45,12:00,Olympia,11,6,17
2025.11.10,12:00,12:15,Olympia,10,9,19
2025.11.10,12:15,12:30,Olympia,4,6,10
2025.11.10,12:30,12:45,Olympia,8,9,17
2025.11.10,12:45,13:00,Olympia,6,6,12
2025.11.10,13:00,13:15,Olympia,15,8,23
2025.11.10,13:15,13:30,Olympia,12,12,24
2025.11.10,13:30,13:45,Olympia,7,14,21
2025.11.10,13:45,14:00,Olympia,14,14,28
2025.11.10,14:00,14:15,Olympia,15,15,30
2025.11.10,14:15,14:30,Olympia,19,11,30
2025.11.10,14:30,14:45,Olympia,16,13,29
2025.11.10,14:45,15:00,Olympia,13,18,31
2025.11.10,15:00,15:15,Olympia,10,14,24
2025.11.10,15:15,15:30,Olympia,21,23,44
2025.11.10,15:30,15:45,Olympia,24,14,38
2025.11.10,15:45,16:00,Olympia,22,23,45
2025.11.10,16:00,16:15,Olympia,20,16,36
2025.11.10,16:15,16:30,Olympia,20,25,45
2025.11.10,16:30,16:45,Olympia,47,31,78
2025.11.10,16:45,17:00,Olympia,32,18,50
2025.11.10,17:00,17:15,Olympia,23,18,41
2025.11.10,17:15,17:30,Olympia,12,30,42
2025.11.10,17:30,17:45,Olympia,21,37,58
2025.11.10,17:45,18:00,Olympia,23,24,47
2025.11.10,18:00,18:15,Olympia,40,23,63
2025.11.10,18:15,18:30,Olympia,44,42,86
2025.11.10,18:30,18:45,Olympia,30,36,66
2025.11.10,18:45,19:00,Olympia,32,33,65
2025.11.10,19:00,19:15,Olympia,11,25,36
2025.11.10,19:15,19:30,Olympia,18,18,36
2025.11.10,19:30,19:45,Olympia,34,12,46
2025.11.10,19:45,20:00,Olympia,30,14,44
2025.11.10,20:00,20:15,Olympia,16,22,38
2025.11.10,20:15,20:30,Olympia,11,25,36
2025.11.10,20:30,20:45,Olympia,11,11,22
2025.11.10,20:45,21:00,Olympia,12,10,22
2025.11.10,21:00,21:15,Olympia,9,10,19
2025.11.10,21:15,21:30,Olympia,12,10,22
2025.11.10,21:30,21:45,Olympia,5,13,18
2025.11.10,21:45,22:00,Olympia,3,26,29
2025.11.10,22:00,22:15,Olympia,4,15,19
2025.11.10,22:15,22:30,Olympia,5,13,18
2025.11.10,22:30,22:45,Olympia,3,12,15
2025.11.10,22:45,23:00,Olympia,3,9,12
2025.11.10,23:00,23:15,Olympia,4,5,9
2025.11.10,23:15,23:30,Olympia,4,4,8
2025.11.10,23:30,23:45,Olympia,1,3,4
2025.11.10,23:45,00:00,Olympia,0,3,3
2025.11.11,00:00,00:15,Olympia,1,2,3
2025.11.11,00:15,00:30,Olympia,0,1,1
2025.11.11,00:30,00:45,Olympia,4,4,8
2025.11.11,00:45,01:00,Olympia,1,1,2
2025.11.11,01:00,01:15,Olympia,0,0,0
2025.11.11,01:15,01:30,Olympia,0,0,0
2025.11.11,01:30,01:45,Olympia,0,1,1
2025.11.11,01:45,02:00,Olympia,0,0,0
2025.11.11,02:00,02:15,Olympia,0,0,0
2025.11.11,02:15,02:30,Olympia,0,0,0
2025.11.11,02:30,02:45,Olympia,0,0,0
2025.11.11,02:45,03:00,Olympia,0,0,0
2025.11.11,03:00,03:15,Olympia,1,0,1
2025.11.11,03:15,03:30,Olympia,0,0,0
2025.11.11,03:30,03:45,Olympia,0,0,0
2025.11.11,03:45,04:00,Olympia,0,0,0
2025.11.11,04:00,04:15,Olympia,0,1,1
2025.11.11,04:15,04:30,Olympia,0,1,1
2025.11.11,04:30,04:45,Olympia,1,0,1
2025.11.11,04:45,05:00,Olympia,1,0,1
2025.11.11,05:00,05:15,Olympia,0,1,1
2025.11.11,05:15,05:30,Olympia,3,1,4
2025.11.11,05:30,05:45,Olympia,2,5,7
2025.11.11,05:45,06:00,Olympia,2,3,5
2025.11.11,06:00,06:15,Olympia,4,0,4
2025.11.11,06:15,06:30,Olympia,3,4,7
2025.11.11,06:30,06:45,Olympia,10,5,15
2025.11.11,06:45,07:00,Olympia,17,3,20
2025.11.11,07:00,07:15,Olympia,21,14,35
2025.11.11,07:15,07:30,Olympia,11,21,32
2025.11.11,07:30,07:45,Olympia,26,22,48
2025.11.11,07:45,08:00,Olympia,32,36,68
2025.11.11,08:00,08:15,Olympia,30,35,65
2025.11.11,08:15,08:30,Olympia,31,42,73
2025.11.11,08:30,08:45,Olympia,36,29,65
2025.11.11,08:45,09:00,Olympia,32,29,61
2025.11.11,09:00,09:15,Olympia,18,13,31
2025.11.11,09:15,09:30,Olympia,11,18,29
2025.11.11,09:30,09:45,Olympia,15,12,27
2025.11.11,09:45,10:00,Olympia,13,23,36
2025.11.11,10:00,10:15,Olympia,10,9,19
2025.11.11,10:15,10:30,Olympia,9,8,17
2025.11.11,10:30,10:45,Olympia,9,6,15
2025.11.11,10:45,11:00,Olympia,8,10,18
2025.11.11,11:00,11:15,Olympia,4,8,12
2025.11.11,11:15,11:30,Olympia,12,12,24
2025.11.11,11:30,11:45,Olympia,13,11,24
2025.11.11,11:45,12:00,Olympia,17,14,31
2025.11.11,12:00,12:15,Olympia,13,7,20
2025.11.11,12:15,12:30,Olympia,16,7,23
2025.11.11,12:30,12:45,Olympia,8,17,25
2025.11.11,12:45,13:00,Olympia,11,13,24
2025.11.11,13:00,13:15,Olympia,10,11,21
2025.11.11,13:15,13:30,Olympia,17,7,24
2025.11.11,13:30,13:45,Olympia,8,10,18
2025.11.11,13:45,14:00,Olympia,12,12,24
2025.11.11,14:00,14:15,Olympia,21,10,31
2025.11.11,14:15,14:30,Olympia,13,22,35
2025.11.11,14:30,14:45,Olympia,16,18,34
2025.11.11,14:45,15:00,Olympia,19,16,35
2025.11.11,15:00,15:15,Olympia,18,17,35
2025.11.11,15:15,15:30,Olympia,22,10,32
2025.11.11,15:30,15:45,Olympia,29,17,46
2025.11.11,15:45,16:00,Olympia,28,35,63
2025.11.11,16:00,16:15,Olympia,34,26,60
2025.11.11,16:15,16:30,Olympia,21,36,57
2025.11.11,16:30,16:45,Olympia,36,31,67
2025.11.11,16:45,17:00,Olympia,28,29,57
2025.11.11,17:00,17:15,Olympia,29,38,67
2025.11.11,17:15,17:30,Olympia,32,17,49
2025.11.11,17:30,17:45,Olympia,32,32,64
2025.11.11,17:45,18:00,Olympia,42,37,79
2025.11.11,18:00,18:15,Olympia,32,28,60
2025.11.11,18:15,18:30,Olympia,34,40,74
2025.11.11,18:30,18:45,Olympia,36,27,63
2025.11.11,18:45,19:00,Olympia,32,41,73
2025.11.11,19:00,19:15,Olympia,27,22,49
2025.11.11,19:15,19:30,Olympia,25,16,41
2025.11.11,19:30,19:45,Olympia,17,19,36
2025.11.11,19:45,20:00,Olympia,36,23,59
2025.11.11,20:00,20:15,Olympia,20,12,32
2025.11.11,20:15,20:30,Olympia,7,30,37
2025.11.11,20:30,20:45,Olympia,15,9,24
2025.11.11,20:45,21:00,Olympia,8,16,24
2025.11.11,21:00,21:15,Olympia,13,11,24
2025.11.11,21:15,21:30,Olympia,7,12,19
2025.11.11,21:30,21:45,Olympia,13,19,32
2025.11.11,21:45,22:00,Olympia,7,16,23
2025.11.11,22:00,22:15,Olympia,7,13,20
2025.11.11,22:15,22:30,Olympia,6,15,21
2025.11.11,22:30,22:45,Olympia,5,26,31
2025.11.11,22:45,23:00,Olympia,1,14,15
2025.11.11,23:00,23:15,Olympia,4,8,12
2025.11.11,23:15,23:30,Olympia,1,10,11
2025.11.11,23:30,23:45,Olympia,0,7,7
2025.11.11,23:45,00:00,Olympia,2,2,4
2025.11.12,00:00,00:15,Olympia,0,1,1
2025.11.12,00:15,00:30,Olympia,0,2,2
2025.11.12,00:30,00:45,Olympia,1,0,1
2025.11.12,00:45,01:00,Olympia,1,2,3
2025.11.12,01:00,01:15,Olympia,0,0,0
2025.11.12,01:15,01:30,Olympia,0,0,0
2025.11.12,01:30,01:45,Olympia,0,0,0
2025.11.12,01:45,02:00,Olympia,0,0,0
2025.11.12,02:00,02:15,Olympia,0,0,0
2025.11.12,02:15,02:30,Olympia,0,0,0
2025.11.12,02:30,02:45,Olympia,1,2,3
2025.11.12,02:45,03:00,Olympia,0,0,0
2025.11.12,03:00,03:15,Olympia,0,0,0
2025.11.12,03:15,03:30,Olympia,0,0,0
2025.11.12,03:30,03:45,Olympia,0,0,0
2025.11.12,03:45,04:00,Olympia,0,0,0
2025.11.12,04:00,04:15,Olympia,0,0,0
2025.11.12,04:15,04:30,Olympia,0,1,1
2025.11.12,04:30,04:45,Olympia,1,0,1
2025.11.12,04:45,05:00,Olympia,1,1,2
2025.11.12,05:00,05:15,Olympia,1,0,1
2025.11.12,05:15,05:30,Olympia,5,2,7
2025.11.12,05:30,05:45,Olympia,2,1,3
2025.11.12,05:45,06:00,Olympia,2,3,5
2025.11.12,06:00,06:15,Olympia,3,2,5
2025.11.12,06:15,06:30,Olympia,6,4,10
2025.11.12,06:30,06:45,Olympia,9,5,14
2025.11.12,06:45,07:00,Olympia,12,8,20
2025.11.12,07:00,07:15,Olympia,18,10,28
2025.11.12,07:15,07:30,Olympia,19,16,35
2025.11.12,07:30,07:45,Olympia,34,27,61
2025.11.12,07:45,08:00,Olympia,31,34,65
2025.11.12,08:00,08:15,Olympia,30,43,73
2025.11.12,08:15,08:30,Olympia,35,35,70
2025.11.12,08:30,08:45,Olympia,25,28,53
2025.11.12,08:45,09:00,Olympia,33,37,70
2025.11.12,09:00,09:15,Olympia,10,22,32
2025.11.12,09:15,09:30,Olympia,24,16,40
2025.11.12,09:30,09:45,Olympia,13,19,32
2025.11.12,09:45,10:00,Olympia,16,17,33
2025.11.12,10:00,10:15,Olympia,16,8,24
2025.11.12,10:15,10:30,Olympia,12,13,25
2025.11.12,10:30,10:45,Olympia,12,8,20
2025.11.12,10:45,11:00,Olympia,5,15,20
2025.11.12,11:00,11:15,Olympia,9,9,18
2025.11.12,11:15,11:30,Olympia,10,15,25
2025.11.12,11:30,11:45,Olympia,10,8,18
2025.11.12,11:45,12:00,Olympia,14,14,28
2025.11.12,12:00,12:15,Olympia,16,9,25
2025.11.12,12:15,12:30,Olympia,11,16,27
2025.11.12,12:30,12:45,Olympia,11,13,24
2025.11.12,12:45,13:00,Olympia,14,13,27
2025.11.12,13:00,13:15,Olympia,16,13,29
2025.11.12,13:15,13:30,Olympia,9,25,34
2025.11.12,13:30,13:45,Olympia,14,12,26
2025.11.12,13:45,14:00,Olympia,24,18,42
2025.11.12,14:00,14:15,Olympia,20,18,38
2025.11.12,14:15,14:30,Olympia,28,13,41
2025.11.12,14:30,14:45,Olympia,25,19,44
2025.11.12,14:45,15:00,Olympia,23,17,40
2025.11.12,15:00,15:15,Olympia,25,29,54
2025.11.12,15:15,15:30,Olympia,15,20,35
2025.11.12,15:30,15:45,Olympia,22,17,39
2025.11.12,15:45,16:00,Olympia,33,23,56
2025.11.12,16:00,16:15,Olympia,34,29,63
2025.11.12,16:15,16:30,Olympia,24,41,65
2025.11.12,16:30,16:45,Olympia,39,25,64
2025.11.12,16:45,17:00,Olympia,45,32,77
2025.11.12,17:00,17:15,Olympia,30,18,48
2025.11.12,17:15,17:30,Olympia,28,42,70
2025.11.12,17:30,17:45,Olympia,31,35,66
2025.11.12,17:45,18:00,Olympia,27,31,58
2025.11.12,18:00,18:15,Olympia,33,33,66
2025.11.12,18:15,18:30,Olympia,38,34,72
2025.11.12,18:30,18:45,Olympia,31,34,65
2025.11.12,18:45,19:00,Olympia,24,39,63
2025.11.12,19:00,19:15,Olympia,25,17,42
2025.11.12,19:15,19:30,Olympia,26,18,44
2025.11.12,19:30,19:45,Olympia,36,14,50
2025.11.12,19:45,20:00,Olympia,32,13,45
2025.11.12,20:00,20:15,Olympia,17,15,32
2025.11.12,20:15,20:30,Olympia,22,29,51
2025.11.12,20:30,20:45,Olympia,14,12,26
2025.11.12,20:45,21:00,Olympia,6,18,24
2025.11.12,21:00,21:15,Olympia,12,7,19
2025.11.12,21:15,21:30,Olympia,12,8,20
2025.11.12,21:30,21:45,Olympia,6,7,13
2025.11.12,21:45,22:00,Olympia,7,17,24
2025.11.12,22:00,22:15,Olympia,7,12,19
2025.11.12,22:15,22:30,Olympia,3,18,21
2025.11.12,22:30,22:45,Olympia,6,39,45
2025.11.12,22:45,23:00,Olympia,3,14,17
2025.11.12,23:00,23:15,Olympia,8,9,17
2025.11.12,23:15,23:30,Olympia,4,5,9
2025.11.12,23:30,23:45,Olympia,1,5,6
2025.11.12,23:45,00:00,Olympia,5,2,7
2025.11.13,00:00,00:15,Olympia,1,2,3
2025.11.13,00:15,00:30,Olympia,3,2,5
2025.11.13,00:30,00:45,Olympia,0,0,0
2025.11.13,00:45,01:00,Olympia,0,0,0
2025.11.13,01:00,01:15,Olympia,2,1,3
2025.11.13,01:15,01:30,Olympia,0,0,0
2025.11.13,01:30,01:45,Olympia,0,0,0
2025.11.13,01:45,02:00,Olympia,1,0,1
2025.11.13,02:00,02:15,Olympia,0,0,0
2025.11.13,02:15,02:30,Olympia,1,0,1
2025.11.13,02:30,02:45,Olympia,0,0,0
2025.11.13,02:45,03:00,Olympia,1,0,1
2025.11.13,03:00,03:15,Olympia,0,0,0
2025.11.13,03:15,03:30,Olympia,0,0,0
2025.11.13,03:30,03:45,Olympia,0,0,0
2025.11.13,03:45,04:00,Olympia,0,0,0
2025.11.13,04:00,04:15,Olympia,0,0,0
2025.11.13,04:15,04:30,Olympia,0,1,1
2025.11.13,04:30,04:45,Olympia,1,0,1
2025.11.13,04:45,05:00,Olympia,0,0,0
2025.11.13,05:00,05:15,Olympia,1,0,1
2025.11.13,05:15,05:30,Olympia,4,1,5
2025.11.13,05:30,05:45,Olympia,2,1,3
2025.11.13,05:45,06:00,Olympia,2,3,5
2025.11.13,06:00,06:15,Olympia,4,0,4
2025.11.13,06:15,06:30,Olympia,6,1,7
2025.11.13,06:30,06:45,Olympia,10,4,14
2025.11.13,06:45,07:00,Olympia,17,5,22
2025.11.13,07:00,07:15,Olympia,19,13,32
2025.11.13,07:15,07:30,Olympia,24,17,41
2025.11.13,07:30,07:45,Olympia,31,28,59
2025.11.13,07:45,08:00,Olympia,33,30,63
2025.11.13,08:00,08:15,Olympia,40,32,72
2025.11.13,08:15,08:30,Olympia,30,45,75
2025.11.13,08:30,08:45,Olympia,22,24,46
2025.11.13,08:45,09:00,Olympia,35,31,66
2025.11.13,09:00,09:15,Olympia,19,20,39
2025.11.13,09:15,09:30,Olympia,15,19,34
2025.11.13,09:30,09:45,Olympia,10,16,26
2025.11.13,09:45,10:00,Olympia,18,18,36
2025.11.13,10:00,10:15,Olympia,20,9,29
2025.11.13,10:15,10:30,Olympia,13,10,23
2025.11.13,10:30,10:45,Olympia,11,15,26
2025.11.13,10:45,11:00,Olympia,13,8,21
2025.11.13,11:00,11:15,Olympia,12,12,24
2025.11.13,11:15,11:30,Olympia,11,11,22
2025.11.13,11:30,11:45,Olympia,11,17,28
2025.11.13,11:45,12:00,Olympia,14,5,19
2025.11.13,12:00,12:15,Olympia,16,17,33
2025.11.13,12:15,12:30,Olympia,12,12,24
2025.11.13,12:30,12:45,Olympia,17,11,28
2025.11.13,12:45,13:00,Olympia,11,11,22
2025.11.13,13:00,13:15,Olympia,13,19,32
2025.11.13,13:15,13:30,Olympia,19,6,25
2025.11.13,13:30,13:45,Olympia,18,17,35
2025.11.13,13:45,14:00,Olympia,21,17,38
2025.11.13,14:00,14:15,Olympia,24,22,46
2025.11.13,14:15,14:30,Olympia,17,17,34
2025.11.13,14:30,14:45,Olympia,16,19,35
2025.11.13,14:45,15:00,Olympia,21,33,54
2025.11.13,15:00,15:15,Olympia,16,15,31
2025.11.13,15:15,15:30,Olympia,17,14,31
2025.11.13,15:30,15:45,Olympia,25,30,55
2025.11.13,15:45,16:00,Olympia,25,22,47
2025.11.13,16:00,16:15,Olympia,23,27,50
2025.11.13,16:15,16:30,Olympia,33,30,63
2025.11.13,16:30,16:45,Olympia,37,34,71
2025.11.13,16:45,17:00,Olympia,41,34,75
2025.11.13,17:00,17:15,Olympia,35,27,62
2025.11.13,17:15,17:30,Olympia,12,45,57
2025.11.13,17:30,17:45,Olympia,31,27,58
2025.11.13,17:45,18:00,Olympia,40,37,77
2025.11.13,18:00,18:15,Olympia,31,35,66
2025.11.13,18:15,18:30,Olympia,49,30,79
2025.11.13,18:30,18:45,Olympia,26,28,54
2025.11.13,18:45,19:00,Olympia,26,32,58
2025.11.13,19:00,19:15,Olympia,31,28,59
2025.11.13,19:15,19:30,Olympia,22,17,39
2025.11.13,19:30,19:45,Olympia,23,21,44
2025.11.13,19:45,20:00,Olympia,22,19,41
2025.11.13,20:00,20:15,Olympia,12,31,43
2025.11.13,20:15,20:30,Olympia,17,30,47
2025.11.13,20:30,20:45,Olympia,8,12,20
2025.11.13,20:45,21:00,Olympia,12,14,26
2025.11.13,21:00,21:15,Olympia,13,8,21
2025.11.13,21:15,21:30,Olympia,17,13,30
2025.11.13,21:30,21:45,Olympia,12,10,22
2025.11.13,21:45,22:00,Olympia,9,23,32
2025.11.13,22:00,22:15,Olympia,11,11,22
2025.11.13,22:15,22:30,Olympia,5,12,17
2025.11.13,22:30,22:45,Olympia,11,12,23
2025.11.13,22:45,23:00,Olympia,4,12,16
2025.11.13,23:00,23:15,Olympia,4,5,9
2025.11.13,23:15,23:30,Olympia,5,9,14
2025.11.13,23:30,23:45,Olympia,5,6,11
2025.11.13,23:45,00:00,Olympia,6,1,7
2025.11.14,00:00,00:15,Olympia,1,4,5
2025.11.14,00:15,00:30,Olympia,1,4,5
2025.11.14,00:30,00:45,Olympia,0,1,1
2025.11.14,00:45,01:00,Olympia,0,0,0
2025.11.14,01:00,01:15,Olympia,1,0,1
2025.11.14,01:15,01:30,Olympia,0,0,0
2025.11.14,01:30,01:45,Olympia,1,0,1
2025.11.14,01:45,02:00,Olympia,2,0,2
2025.11.14,02:00,02:15,Olympia,1,0,1
2025.11.14,02:15,02:30,Olympia,2,0,2
2025.11.14,02:30,02:45,Olympia,0,0,0
2025.11.14,02:45,03:00,Olympia,0,0,0
2025.11.14,03:00,03:15,Olympia,2,0,2
2025.11.14,03:15,03:30,Olympia,2,0,2
2025.11.14,03:30,03:45,Olympia,0,0,0
2025.11.14,03:45,04:00,Olympia,0,0,0
2025.11.14,04:00,04:15,Olympia,0,0,0
2025.11.14,04:15,04:30,Olympia,0,1,1
2025.11.14,04:30,04:45,Olympia,0,0,0
2025.11.14,04:45,05:00,Olympia,1,0,1
2025.11.14,05:00,05:15,Olympia,0,0,0
2025.11.14,05:15,05:30,Olympia,5,1,6
2025.11.14,05:30,05:45,Olympia,3,0,3
2025.11.14,05:45,06:00,Olympia,3,0,3
2025.11.14,06:00,06:15,Olympia,4,4,8
2025.11.14,06:15,06:30,Olympia,3,1,4
2025.11.14,06:30,06:45,Olympia,4,6,10
2025.11.14,06:45,07:00,Olympia,17,5,22
2025.11.14,07:00,07:15,Olympia,17,6,23
2025.11.14,07:15,07:30,Olympia,6,17,23
2025.11.14,07:30,07:45,Olympia,17,18,35
2025.11.14,07:45,08:00,Olympia,40,22,62
2025.11.14,08:00,08:15,Olympia,19,28,47
2025.11.14,08:15,08:30,Olympia,30,26,56
2025.11.14,08:30,08:45,Olympia,21,25,46
2025.11.14,08:45,09:00,Olympia,22,23,45
2025.11.14,09:00,09:15,Olympia,12,13,25
2025.11.14,09:15,09:30,Olympia,8,14,22
2025.11.14,09:30,09:45,Olympia,15,18,33
2025.11.14,09:45,10:00,Olympia,9,11,20
2025.11.14,10:00,10:15,Olympia,22,11,33
2025.11.14,10:15,10:30,Olympia,9,10,19
2025.11.14,10:30,10:45,Olympia,14,10,24
2025.11.14,10:45,11:00,Olympia,13,16,29
2025.11.14,11:00,11:15,Olympia,10,15,25
2025.11.14,11:15,11:30,Olympia,11,21,32
2025.11.14,11:30,11:45,Olympia,16,14,30
2025.11.14,11:45,12:00,Olympia,15,11,26
2025.11.14,12:00,12:15,Olympia,8,12,20
2025.11.14,12:15,12:30,Olympia,16,15,31
2025.11.14,12:30,12:45,Olympia,8,14,22
2025.11.14,12:45,13:00,Olympia,9,20,29
2025.11.14,13:00,13:15,Olympia,29,18,47
2025.11.14,13:15,13:30,Olympia,21,18,39
2025.11.14,13:30,13:45,Olympia,16,16,32
2025.11.14,13:45,14:00,Olympia,22,11,33
2025.11.14,14:00,14:15,Olympia,24,21,45
2025.11.14,14:15,14:30,Olympia,25,31,56
2025.11.14,14:30,14:45,Olympia,27,18,45
2025.11.14,14:45,15:00,Olympia,29,26,55
2025.11.14,15:00,15:15,Olympia,41,24,65
2025.11.14,15:15,15:30,Olympia,30,23,53
2025.11.14,15:30,15:45,Olympia,29,23,52
2025.11.14,15:45,16:00,Olympia,39,32,71
2025.11.14,16:00,16:15,Olympia,35,25,60
2025.11.14,16:15,16:30,Olympia,19,37,56
2025.11.14,16:30,16:45,Olympia,32,32,64
2025.11.14,16:45,17:00,Olympia,33,37,70
2025.11.14,17:00,17:15,Olympia,34,49,83
2025.11.14,17:15,17:30,Olympia,26,37,63
2025.11.14,17:30,17:45,Olympia,29,20,49
2025.11.14,17:45,18:00,Olympia,27,33,60
2025.11.14,18:00,18:15,Olympia,39,22,61
2025.11.14,18:15,18:30,Olympia,50,26,76
2025.11.14,18:30,18:45,Olympia,31,28,59
2025.11.14,18:45,19:00,Olympia,27,28,55
2025.11.14,19:00,19:15,Olympia,21,19,40
2025.11.14,19:15,19:30,Olympia,16,11,27
2025.11.14,19:30,19:45,Olympia,17,9,26
2025.11.14,19:45,20:00,Olympia,11,13,24
2025.11.14,20:00,20:15,Olympia,13,18,31
2025.11.14,20:15,20:30,Olympia,7,11,18
2025.11.14,20:30,20:45,Olympia,8,9,17
2025.11.14,20:45,21:00,Olympia,7,8,15
2025.11.14,21:00,21:15,Olympia,7,11,18
2025.11.14,21:15,21:30,Olympia,4,5,9
2025.11.14,21:30,21:45,Olympia,3,11,14
2025.11.14,21:45,22:00,Olympia,4,13,17
2025.11.14,22:00,22:15,Olympia,3,10,13
2025.11.14,22:15,22:30,Olympia,5,8,13
2025.11.14,22:30,22:45,Olympia,1,89,90
2025.11.14,22:45,23:00,Olympia,5,27,32
2025.11.14,23:00,23:15,Olympia,3,7,10
2025.11.14,23:15,23:30,Olympia,3,3,6
2025.11.14,23:30,23:45,Olympia,2,2,4
2025.11.14,23:45,00:00,Olympia,2,2,4
2025.11.15,00:00,00:15,Olympia,5,6,11
2025.11.15,00:15,00:30,Olympia,1,0,1
2025.11.15,00:30,00:45,Olympia,1,1,2
2025.11.15,00:45,01:00,Olympia,1,1,2
2025.11.15,01:00,01:15,Olympia,2,2,4
2025.11.15,01:15,01:30,Olympia,2,0,2
2025.11.15,01:30,01:45,Olympia,2,0,2
2025.11.15,01:45,02:00,Olympia,1,0,1
2025.11.15,02:00,02:15,Olympia,0,0,0
2025.11.15,02:15,02:30,Olympia,3,0,3
2025.11.15,02:30,02:45,Olympia,0,1,1
2025.11.15,02:45,03:00,Olympia,0,0,0
2025.11.15,03:00,03:15,Olympia,0,0,0
2025.11.15,03:15,03:30,Olympia,0,0,0
2025.11.15,03:30,03:45,Olympia,0,0,0
2025.11.15,03:45,04:00,Olympia,0,0,0
2025.11.15,04:00,04:15,Olympia,0,1,1
2025.11.15,04:15,04:30,Olympia,2,0,2
2025.11.15,04:30,04:45,Olympia,0,1,1
2025.11.15,04:45,05:00,Olympia,0,0,0
2025.11.15,05:00,05:15,Olympia,0,0,0
2025.11.15,05:15,05:30,Olympia,0,0,0
2025.11.15,05:30,05:45,Olympia,1,1,2
2025.11.15,05:45,06:00,Olympia,1,0,1
2025.11.15,06:00,06:15,Olympia,1,1,2
2025.11.15,06:15,06:30,Olympia,0,0,0
2025.11.15,06:30,06:45,Olympia,0,0,0
2025.11.15,06:45,07:00,Olympia,4,0,4
2025.11.15,07:00,07:15,Olympia,3,0,3
2025.11.15,07:15,07:30,Olympia,2,0,2
2025.11.15,07:30,07:45,Olympia,4,0,4
2025.11.15,07:45,08:00,Olympia,1,1,2
2025.11.15,08:00,08:15,Olympia,4,6,10
2025.11.15,08:15,08:30,Olympia,4,5,9
2025.11.15,08:30,08:45,Olympia,9,14,23
2025.11.15,08:45,09:00,Olympia,28,10,38
2025.11.15,09:00,09:15,Olympia,11,3,14
2025.11.15,09:15,09:30,Olympia,15,9,24
2025.11.15,09:30,09:45,Olympia,8,14,22
2025.11.15,09:45,10:00,Olympia,20,10,30
2025.11.15,10:00,10:15,Olympia,16,10,26
2025.11.15,10:15,10:30,Olympia,9,7,16
2025.11.15,10:30,10:45,Olympia,17,14,31
2025.11.15,10:45,11:00,Olympia,22,7,29
2025.11.15,11:00,11:15,Olympia,21,23,44
2025.11.15,11:15,11:30,Olympia,10,20,30
2025.11.15,11:30,11:45,Olympia,19,22,41
2025.11.15,11:45,12:00,Olympia,12,16,28
2025.11.15,12:00,12:15,Olympia,18,23,41
2025.11.15,12:15,12:30,Olympia,20,16,36
2025.11.15,12:30,12:45,Olympia,11,37,48
2025.11.15,12:45,13:00,Olympia,21,25,46
2025.11.15,13:00,13:15,Olympia,17,20,37
2025.11.15,13:15,13:30,Olympia,22,18,40
2025.11.15,13:30,13:45,Olympia,29,28,57
2025.11.15,13:45,14:00,Olympia,18,21,39
2025.11.15,14:00,14:15,Olympia,36,9,45
2025.11.15,14:15,14:30,Olympia,14,16,30
2025.11.15,14:30,14:45,Olympia,15,15,30
2025.11.15,14:45,15:00,Olympia,23,25,48
2025.11.15,15:00,15:15,Olympia,29,21,50
2025.11.15,15:15,15:30,Olympia,34,28,62
2025.11.15,15:30,15:45,Olympia,30,24,54
2025.11.15,15:45,16:00,Olympia,27,31,58
2025.11.15,16:00,16:15,Olympia,13,20,33
2025.11.15,16:15,16:30,Olympia,13,22,35
2025.11.15,16:30,16:45,Olympia,18,37,55
2025.11.15,16:45,17:00,Olympia,14,25,39
2025.11.15,17:00,17:15,Olympia,16,13,29
2025.11.15,17:15,17:30,Olympia,11,18,29
2025.11.15,17:30,17:45,Olympia,6,12,18
2025.11.15,17:45,18:00,Olympia,16,5,21
2025.11.15,18:00,18:15,Olympia,5,6,11
2025.11.15,18:15,18:30,Olympia,10,10,20
2025.11.15,18:30,18:45,Olympia,7,14,21
2025.11.15,18:45,19:00,Olympia,10,11,21
2025.11.15,19:00,19:15,Olympia,4,6,10
2025.11.15,19:15,19:30,Olympia,6,4,10
2025.11.15,19:30,19:45,Olympia,15,4,19
2025.11.15,19:45,20:00,Olympia,6,10,16
2025.11.15,20:00,20:15,Olympia,3,6,9
2025.11.15,20:15,20:30,Olympia,7,3,10
2025.11.15,20:30,20:45,Olympia,5,2,7
2025.11.15,20:45,21:00,Olympia,4,2,6
2025.11.15,21:00,21:15,Olympia,4,10,14
2025.11.15,21:15,21:30,Olympia,5,9,14
2025.11.15,21:30,21:45,Olympia,5,2,7
2025.11.15,21:45,22:00,Olympia,1,0,1
2025.11.15,22:00,22:15,Olympia,3,3,6
2025.11.15,22:15,22:30,Olympia,8,3,11
2025.11.15,22:30,22:45,Olympia,1,14,15
2025.11.15,22:45,23:00,Olympia,0,2,2
2025.11.15,23:00,23:15,Olympia,4,5,9
2025.11.15,23:15,23:30,Olympia,1,5,6
2025.11.15,23:30,23:45,Olympia,1,2,3
2025.11.15,23:45,00:00,Olympia,0,0,0
2025.11.16,00:00,00:15,Olympia,0,2,2
2025.11.16,00:15,00:30,Olympia,3,1,4
2025.11.16,00:30,00:45,Olympia,2,1,3
2025.11.16,00:45,01:00,Olympia,2,4,6
2025.11.16,01:00,01:15,Olympia,1,0,1
2025.11.16,01:15,01:30,Olympia,1,0,1
2025.11.16,01:30,01:45,Olympia,2,3,5
2025.11.16,01:45,02:00,Olympia,1,0,1
2025.11.16,02:00,02:15,Olympia,1,2,3
2025.11.16,02:15,02:30,Olympia,0,0,0
2025.11.16,02:30,02:45,Olympia,1,0,1
2025.11.16,02:45,03:00,Olympia,1,1,2
2025.11.16,03:00,03:15,Olympia,0,0,0
2025.11.16,03:15,03:30,Olympia,1,0,1
2025.11.16,03:30,03:45,Olympia,0,0,0
2025.11.16,03:45,04:00,Olympia,4,0,4
2025.11.16,04:00,04:15,Olympia,0,0,0
2025.11.16,04:15,04:30,Olympia,0,0,0
2025.11.16,04:30,04:45,Olympia,0,0,0
2025.11.16,04:45,05:00,Olympia,1,0,1
2025.11.16,05:00,05:15,Olympia,1,0,1
2025.11.16,05:15,05:30,Olympia,1,0,1
2025.11.16,05:30,05:45,Olympia,0,0,0
2025.11.16,05:45,06:00,Olympia,0,0,0
2025.11.16,06:00,06:15,Olympia,0,0,0
2025.11.16,06:15,06:30,Olympia,0,0,0
2025.11.16,06:30,06:45,Olympia,0,0,0
2025.11.16,06:45,07:00,Olympia,0,0,0
2025.11.16,07:00,07:15,Olympia,0,1,1
2025.11.16,07:15,07:30,Olympia,2,1,3
2025.11.16,07:30,07:45,Olympia,1,1,2
2025.11.16,07:45,08:00,Olympia,0,0,0
2025.11.16,08:00,08:15,Olympia,1,1,2
2025.11.16,08:15,08:30,Olympia,5,1,6
2025.11.16,08:30,08:45,Olympia,6,2,8
2025.11.16,08:45,09:00,Olympia,10,6,16
2025.11.16,09:00,09:15,Olympia,8,5,13
2025.11.16,09:15,09:30,Olympia,7,11,18
2025.11.16,09:30,09:45,Olympia,15,12,27
2025.11.16,09:45,10:00,Olympia,28,9,37
2025.11.16,10:00,10:15,Olympia,14,7,21
2025.11.16,10:15,10:30,Olympia,25,8,33
2025.11.16,10:30,10:45,Olympia,25,14,39
2025.11.16,10:45,11:00,Olympia,16,10,26
2025.11.16,11:00,11:15,Olympia,15,18,33
2025.11.16,11:15,11:30,Olympia,28,13,41
2025.11.16,11:30,11:45,Olympia,13,18,31
2025.11.16,11:45,12:00,Olympia,17,14,31
2025.11.16,12:00,12:15,Olympia,16,14,30
2025.11.16,12:15,12:30,Olympia,13,29,42
2025.11.16,12:30,12:45,Olympia,16,13,29
2025.11.16,12:45,13:00,Olympia,13,24,37
2025.11.16,13:00,13:15,Olympia,22,22,44
2025.11.16,13:15,13:30,Olympia,19,24,43
2025.11.16,13:30,13:45,Olympia,20,24,44
2025.11.16,13:45,14:00,Olympia,33,17,50
2025.11.16,14:00,14:15,Olympia,14,12,26
2025.11.16,14:15,14:30,Olympia,29,32,61
2025.11.16,14:30,14:45,Olympia,23,18,41
2025.11.16,14:45,15:00,Olympia,26,18,44
2025.11.16,15:00,15:15,Olympia,26,19,45
2025.11.16,15:15,15:30,Olympia,31,29,60
2025.11.16,15:30,15:45,Olympia,25,30,55
2025.11.16,15:45,16:00,Olympia,29,17,46
2025.11.16,16:00,16:15,Olympia,13,16,29
2025.11.16,16:15,16:30,Olympia,16,12,28
2025.11.16,16:30,16:45,Olympia,9,26,35
2025.11.16,16:45,17:00,Olympia,15,13,28
2025.11.16,17:00,17:15,Olympia,14,15,29
2025.11.16,17:15,17:30,Olympia,4,17,21
2025.11.16,17:30,17:45,Olympia,9,23,32
2025.11.16,17:45,18:00,Olympia,7,14,21
2025.11.16,18:00,18:15,Olympia,10,12,22
2025.11.16,18:15,18:30,Olympia,12,14,26
2025.11.16,18:30,18:45,Olympia,7,27,34
2025.11.16,18:45,19:00,Olympia,9,16,25
2025.11.16,19:00,19:15,Olympia,6,9,15
2025.11.16,19:15,19:30,Olympia,5,8,13
2025.11.16,19:30,19:45,Olympia,8,5,13
2025.11.16,19:45,20:00,Olympia,6,4,10
2025.11.16,20:00,20:15,Olympia,5,2,7
2025.11.16,20:15,20:30,Olympia,4,9,13
2025.11.16,20:30,20:45,Olympia,6,1,7
2025.11.16,20:45,21:00,Olympia,5,3,8
2025.11.16,21:00,21:15,Olympia,5,2,7
2025.11.16,21:15,21:30,Olympia,4,9,13
2025.11.16,21:30,21:45,Olympia,7,4,11
2025.11.16,21:45,22:00,Olympia,5,1,6
2025.11.16,22:00,22:15,Olympia,0,3,3
2025.11.16,22:15,22:30,Olympia,1,1,2
2025.11.16,22:30,22:45,Olympia,0,5,5
2025.11.16,22:45,23:00,Olympia,0,8,8
2025.11.16,23:00,23:15,Olympia,1,0,1
2025.11.16,23:15,23:30,Olympia,0,2,2
2025.11.16,23:30,23:45,Olympia,1,1,2
2025.11.16,23:45,00:00,Olympia,0,1,1
2025.11.17,00:00,00:15,Olympia,0,0,0
2025.11.17,00:15,00:30,Olympia,0,0,0
2025.11.17,00:30,00:45,Olympia,0,2,2
2025.11.17,00:45,01:00,Olympia,0,0,0
2025.11.17,01:00,01:15,Olympia,0,0,0
2025.11.17,01:15,01:30,Olympia,0,0,0
2025.11.17,01:30,01:45,Olympia,0,0,0
2025.11.17,01:45,02:00,Olympia,1,0,1
2025.11.17,02:00,02:15,Olympia,0,0,0
2025.11.17,02:15,02:30,Olympia,0,0,0
2025.11.17,02:30,02:45,Olympia,0,0,0
2025.11.17,02:45,03:00,Olympia,0,0,0
2025.11.17,03:00,03:15,Olympia,0,0,0
2025.11.17,03:15,03:30,Olympia,0,0,0
2025.11.17,03:30,03:45,Olympia,0,1,1
2025.11.17,03:45,04:00,Olympia,0,0,0
2025.11.17,04:00,04:15,Olympia,0,0,0
2025.11.17,04:15,04:30,Olympia,0,1,1
2025.11.17,04:30,04:45,Olympia,0,0,0
2025.11.17,04:45,05:00,Olympia,1,0,1
2025.11.17,05:00,05:15,Olympia,2,0,2
2025.11.17,05:15,05:30,Olympia,2,1,3
2025.11.17,05:30,05:45,Olympia,3,1,4
2025.11.17,05:45,06:00,Olympia,3,0,3
2025.11.17,06:00,06:15,Olympia,5,0,5
2025.11.17,06:15,06:30,Olympia,3,3,6
2025.11.17,06:30,06:45,Olympia,7,2,9
2025.11.17,06:45,07:00,Olympia,18,5,23
2025.11.17,07:00,07:15,Olympia,5,10,15
2025.11.17,07:15,07:30,Olympia,15,11,26
2025.11.17,07:30,07:45,Olympia,27,22,49
2025.11.17,07:45,08:00,Olympia,18,25,43
2025.11.17,08:00,08:15,Olympia,27,28,55
2025.11.17,08:15,08:30,Olympia,21,18,39
2025.11.17,08:30,08:45,Olympia,16,24,40
2025.11.17,08:45,09:00,Olympia,22,25,47
2025.11.17,09:00,09:15,Olympia,6,11,17
2025.11.17,09:15,09:30,Olympia,8,9,17
2025.11.17,09:30,09:45,Olympia,4,7,11
2025.11.17,09:45,10:00,Olympia,10,4,14
2025.11.17,10:00,10:15,Olympia,8,5,13
2025.11.17,10:15,10:30,Olympia,4,4,8
2025.11.17,10:30,10:45,Olympia,2,5,7
2025.11.17,10:45,11:00,Olympia,6,4,10
2025.11.17,11:00,11:15,Olympia,2,9,11
2025.11.17,11:15,11:30,Olympia,5,1,6
2025.11.17,11:30,11:45,Olympia,6,5,11
2025.11.17,11:45,12:00,Olympia,2,5,7
2025.11.17,12:00,12:15,Olympia,4,3,7
2025.11.17,12:15,12:30,Olympia,6,6,12
2025.11.17,12:30,12:45,Olympia,6,3,9
2025.11.17,12:45,13:00,Olympia,1,6,7
2025.11.17,13:00,13:15,Olympia,6,4,10
2025.11.17,13:15,13:30,Olympia,4,6,10
2025.11.17,13:30,13:45,Olympia,6,5,11
2025.11.17,13:45,14:00,Olympia,4,6,10
2025.11.17,14:00,14:15,Olympia,5,4,9
2025.11.17,14:15,14:30,Olympia,7,7,14
2025.11.17,14:30,14:45,Olympia,9,7,16
2025.11.17,14:45,15:00,Olympia,6,8,14
2025.11.17,15:00,15:15,Olympia,9,11,20
2025.11.17,15:15,15:30,Olympia,8,14,22
2025.11.17,15:30,15:45,Olympia,16,15,31
2025.11.17,15:45,16:00,Olympia,14,15,29
2025.11.17,16:00,16:15,Olympia,20,15,35
2025.11.17,16:15,16:30,Olympia,13,21,34
2025.11.17,16:30,16:45,Olympia,21,12,33
2025.11.17,16:45,17:00,Olympia,23,13,36
2025.11.17,17:00,17:15,Olympia,17,20,37
2025.11.17,17:15,17:30,Olympia,13,17,30
2025.11.17,17:30,17:45,Olympia,19,11,30
2025.11.17,17:45,18:00,Olympia,28,21,49
2025.11.17,18:00,18:15,Olympia,25,24,49
2025.11.17,18:15,18:30,Olympia,25,25,50
2025.11.17,18:30,18:45,Olympia,15,19,34
2025.11.17,18:45,19:00,Olympia,19,14,33
2025.11.17,19:00,19:15,Olympia,13,12,25
2025.11.17,19:15,19:30,Olympia,14,15,29
2025.11.17,19:30,19:45,Olympia,15,9,24
2025.11.17,19:45,20:00,Olympia,20,8,28
2025.11.17,20:00,20:15,Olympia,8,12,20
2025.11.17,20:15,20:30,Olympia,13,26,39
2025.11.17,20:30,20:45,Olympia,6,9,15
2025.11.17,20:45,21:00,Olympia,4,9,13
2025.11.17,21:00,21:15,Olympia,6,2,8
2025.11.17,21:15,21:30,Olympia,5,12,17
2025.11.17,21:30,21:45,Olympia,2,19,21
2025.11.17,21:45,22:00,Olympia,4,9,13
2025.11.17,22:00,22:15,Olympia,2,8,10
2025.11.17,22:15,22:30,Olympia,0,9,9
2025.11.17,22:30,22:45,Olympia,2,6,8
2025.11.17,22:45,23:00,Olympia,3,8,11
2025.11.17,23:00,23:15,Olympia,0,5,5
2025.11.17,23:15,23:30,Olympia,3,5,8
2025.11.17,23:30,23:45,Olympia,0,0,0
2025.11.17,23:45,00:00,Olympia,0,1,1
2025.11.18,00:00,00:15,Olympia,2,2,4
2025.11.18,00:15,00:30,Olympia,0,4,4
2025.11.18,00:30,00:45,Olympia,0,0,0
2025.11.18,00:45,01:00,Olympia,1,0,1
2025.11.18,01:00,01:15,Olympia,0,0,0
2025.11.18,01:15,01:30,Olympia,0,0,0
2025.11.18,01:30,01:45,Olympia,0,1,1
2025.11.18,01:45,02:00,Olympia,0,0,0
2025.11.18,02:00,02:15,Olympia,0,1,1
2025.11.18,02:15,02:30,Olympia,0,0,0
2025.11.18,02:30,02:45,Olympia,0,0,0
2025.11.18,02:45,03:00,Olympia,0,0,0
2025.11.18,03:00,03:15,Olympia,0,0,0
2025.11.18,03:15,03:30,Olympia,0,0,0
2025.11.18,03:30,03:45,Olympia,0,0,0
2025.11.18,03:45,04:00,Olympia,0,0,0
2025.11.18,04:00,04:15,Olympia,0,0,0
2025.11.18,04:15,04:30,Olympia,0,1,1
2025.11.18,04:30,04:45,Olympia,0,0,0
2025.11.18,04:45,05:00,Olympia,0,0,0
2025.11.18,05:00,05:15,Olympia,0,1,1
2025.11.18,05:15,05:30,Olympia,2,1,3
2025.11.18,05:30,05:45,Olympia,1,1,2
2025.11.18,05:45,06:00,Olympia,4,2,6
2025.11.18,06:00,06:15,Olympia,5,1,6
2025.11.18,06:15,06:30,Olympia,4,5,9
2025.11.18,06:30,06:45,Olympia,9,5,14
2025.11.18,06:45,07:00,Olympia,9,6,15
2025.11.18,07:00,07:15,Olympia,10,8,18
2025.11.18,07:15,07:30,Olympia,13,14,27
2025.11.18,07:30,07:45,Olympia,26,22,48
2025.11.18,07:45,08:00,Olympia,29,31,60
2025.11.18,08:00,08:15,Olympia,27,26,53
2025.11.18,08:15,08:30,Olympia,33,24,57
2025.11.18,08:30,08:45,Olympia,26,25,51
2025.11.18,08:45,09:00,Olympia,34,32,66
2025.11.18,09:00,09:15,Olympia,30,23,53
2025.11.18,09:15,09:30,Olympia,12,16,28
2025.11.18,09:30,09:45,Olympia,9,15,24
2025.11.18,09:45,10:00,Olympia,10,12,22
2025.11.18,10:00,10:15,Olympia,4,12,16
2025.11.18,10:15,10:30,Olympia,9,12,21
2025.11.18,10:30,10:45,Olympia,10,8,18
2025.11.18,10:45,11:00,Olympia,9,11,20
2025.11.18,11:00,11:15,Olympia,7,12,19
2025.11.18,11:15,11:30,Olympia,5,13,18
2025.11.18,11:30,11:45,Olympia,14,5,19
2025.11.18,11:45,12:00,Olympia,8,4,12
2025.11.18,12:00,12:15,Olympia,15,13,28
2025.11.18,12:15,12:30,Olympia,9,10,19
2025.11.18,12:30,12:45,Olympia,10,6,16
2025.11.18,12:45,13:00,Olympia,4,5,9
2025.11.18,13:00,13:15,Olympia,4,5,9
2025.11.18,13:15,13:30,Olympia,9,6,15
2025.11.18,13:30,13:45,Olympia,12,12,24
2025.11.18,13:45,14:00,Olympia,10,8,18
2025.11.18,14:00,14:15,Olympia,17,13,30
2025.11.18,14:15,14:30,Olympia,9,9,18
2025.11.18,14:30,14:45,Olympia,16,15,31
2025.11.18,14:45,15:00,Olympia,15,14,29
2025.11.18,15:00,15:15,Olympia,17,15,32
2025.11.18,15:15,15:30,Olympia,20,14,34
2025.11.18,15:30,15:45,Olympia,16,18,34
2025.11.18,15:45,16:00,Olympia,27,16,43
2025.11.18,16:00,16:15,Olympia,23,15,38
2025.11.18,16:15,16:30,Olympia,24,22,46
2025.11.18,16:30,16:45,Olympia,26,26,52
2025.11.18,16:45,17:00,Olympia,21,12,33
2025.11.18,17:00,17:15,Olympia,22,29,51
2025.11.18,17:15,17:30,Olympia,23,19,42
2025.11.18,17:30,17:45,Olympia,36,32,68
2025.11.18,17:45,18:00,Olympia,26,31,57
2025.11.18,18:00,18:15,Olympia,34,23,57
2025.11.18,18:15,18:30,Olympia,33,36,69
2025.11.18,18:30,18:45,Olympia,18,33,51
2025.11.18,18:45,19:00,Olympia,25,34,59
2025.11.18,19:00,19:15,Olympia,19,19,38
2025.11.18,19:15,19:30,Olympia,20,19,39
2025.11.18,19:30,19:45,Olympia,17,13,30
2025.11.18,19:45,20:00,Olympia,33,19,52
2025.11.18,20:00,20:15,Olympia,15,21,36
2025.11.18,20:15,20:30,Olympia,15,24,39
2025.11.18,20:30,20:45,Olympia,13,9,22
2025.11.18,20:45,21:00,Olympia,7,4,11
2025.11.18,21:00,21:15,Olympia,10,15,25
2025.11.18,21:15,21:30,Olympia,12,7,19
2025.11.18,21:30,21:45,Olympia,7,11,18
2025.11.18,21:45,22:00,Olympia,3,18,21
2025.11.18,22:00,22:15,Olympia,3,12,15
2025.11.18,22:15,22:30,Olympia,3,10,13
2025.11.18,22:30,22:45,Olympia,3,10,13
2025.11.18,22:45,23:00,Olympia,0,4,4
2025.11.18,23:00,23:15,Olympia,1,4,5
2025.11.18,23:15,23:30,Olympia,3,20,23
2025.11.18,23:30,23:45,Olympia,1,7,8
2025.11.18,23:45,00:00,Olympia,0,4,4
2025.11.19,00:00,00:15,Olympia,1,2,3
2025.11.19,00:15,00:30,Olympia,2,4,6
2025.11.19,00:30,00:45,Olympia,0,1,1
2025.11.19,00:45,01:00,Olympia,4,0,4
2025.11.19,01:00,01:15,Olympia,3,0,3
2025.11.19,01:15,01:30,Olympia,0,0,0
2025.11.19,01:30,01:45,Olympia,1,1,2
2025.11.19,01:45,02:00,Olympia,0,3,3
2025.11.19,02:00,02:15,Olympia,0,0,0
2025.11.19,02:15,02:30,Olympia,0,2,2
2025.11.19,02:30,02:45,Olympia,0,0,0
2025.11.19,02:45,03:00,Olympia,0,0,0
2025.11.19,03:00,03:15,Olympia,0,1,1
2025.11.19,03:15,03:30,Olympia,0,0,0
2025.11.19,03:30,03:45,Olympia,0,0,0
2025.11.19,03:45,04:00,Olympia,0,0,0
2025.11.19,04:00,04:15,Olympia,0,0,0
2025.11.19,04:15,04:30,Olympia,0,0,0
2025.11.19,04:30,04:45,Olympia,0,2,2
2025.11.19,04:45,05:00,Olympia,0,0,0
2025.11.19,05:00,05:15,Olympia,0,0,0
2025.11.19,05:15,05:30,Olympia,2,2,4
2025.11.19,05:30,05:45,Olympia,0,3,3
2025.11.19,05:45,06:00,Olympia,4,1,5
2025.11.19,06:00,06:15,Olympia,1,0,1
2025.11.19,06:15,06:30,Olympia,5,4,9
2025.11.19,06:30,06:45,Olympia,12,4,16
2025.11.19,06:45,07:00,Olympia,10,6,16
2025.11.19,07:00,07:15,Olympia,13,4,17
2025.11.19,07:15,07:30,Olympia,12,11,23
2025.11.19,07:30,07:45,Olympia,21,18,39
2025.11.19,07:45,08:00,Olympia,12,27,39
2025.11.19,08:00,08:15,Olympia,29,24,53
2025.11.19,08:15,08:30,Olympia,30,29,59
2025.11.19,08:30,08:45,Olympia,42,25,67
2025.11.19,08:45,09:00,Olympia,22,28,50
2025.11.19,09:00,09:15,Olympia,16,19,35
2025.11.19,09:15,09:30,Olympia,10,11,21
2025.11.19,09:30,09:45,Olympia,7,11,18
2025.11.19,09:45,10:00,Olympia,15,11,26
2025.11.19,10:00,10:15,Olympia,15,11,26
2025.11.19,10:15,10:30,Olympia,7,8,15
2025.11.19,10:30,10:45,Olympia,13,6,19
2025.11.19,10:45,11:00,Olympia,3,12,15
2025.11.19,11:00,11:15,Olympia,8,5,13
2025.11.19,11:15,11:30,Olympia,2,10,12
2025.11.19,11:30,11:45,Olympia,6,7,13
2025.11.19,11:45,12:00,Olympia,8,10,18
2025.11.19,12:00,12:15,Olympia,9,8,17
2025.11.19,12:15,12:30,Olympia,14,11,25
2025.11.19,12:30,12:45,Olympia,15,10,25
2025.11.19,12:45,13:00,Olympia,14,12,26
2025.11.19,13:00,13:15,Olympia,7,7,14
2025.11.19,13:15,13:30,Olympia,14,12,26
2025.11.19,13:30,13:45,Olympia,12,11,23
2025.11.19,13:45,14:00,Olympia,10,10,20
2025.11.19,14:00,14:15,Olympia,14,11,25
2025.11.19,14:15,14:30,Olympia,21,8,29
2025.11.19,14:30,14:45,Olympia,8,11,19
2025.11.19,14:45,15:00,Olympia,16,11,27
2025.11.19,15:00,15:15,Olympia,21,15,36
2025.11.19,15:15,15:30,Olympia,17,11,28
2025.11.19,15:30,15:45,Olympia,19,21,40
2025.11.19,15:45,16:00,Olympia,33,21,54
2025.11.19,16:00,16:15,Olympia,22,16,38
2025.11.19,16:15,16:30,Olympia,20,18,38
2025.11.19,16:30,16:45,Olympia,28,19,47
2025.11.19,16:45,17:00,Olympia,34,27,61
2025.11.19,17:00,17:15,Olympia,21,20,41
2025.11.19,17:15,17:30,Olympia,18,29,47
2025.11.19,17:30,17:45,Olympia,23,23,46
2025.11.19,17:45,18:00,Olympia,17,29,46
2025.11.19,18:00,18:15,Olympia,26,26,52
2025.11.19,18:15,18:30,Olympia,25,30,55
2025.11.19,18:30,18:45,Olympia,17,22,39
2025.11.19,18:45,19:00,Olympia,22,45,67
2025.11.19,19:00,19:15,Olympia,8,27,35
2025.11.19,19:15,19:30,Olympia,12,14,26
2025.11.19,19:30,19:45,Olympia,17,7,24
2025.11.19,19:45,20:00,Olympia,20,11,31
2025.11.19,20:00,20:15,Olympia,9,13,22
2025.11.19,20:15,20:30,Olympia,10,17,27
2025.11.19,20:30,20:45,Olympia,17,15,32
2025.11.19,20:45,21:00,Olympia,11,7,18
2025.11.19,21:00,21:15,Olympia,5,13,18
2025.11.19,21:15,21:30,Olympia,12,7,19
2025.11.19,21:30,21:45,Olympia,9,19,28
2025.11.19,21:45,22:00,Olympia,0,6,6
2025.11.19,22:00,22:15,Olympia,3,5,8
2025.11.19,22:15,22:30,Olympia,2,6,8
2025.11.19,22:30,22:45,Olympia,2,9,11
2025.11.19,22:45,23:00,Olympia,3,9,12
2025.11.19,23:00,23:15,Olympia,3,12,15
2025.11.19,23:15,23:30,Olympia,1,4,5
2025.11.19,23:30,23:45,Olympia,0,4,4
2025.11.19,23:45,00:00,Olympia,1,2,3
2025.11.20,00:00,00:15,Olympia,0,5,5
2025.11.20,00:15,00:30,Olympia,0,1,1
2025.11.20,00:30,00:45,Olympia,0,0,0
2025.11.20,00:45,01:00,Olympia,0,0,0
2025.11.20,01:00,01:15,Olympia,0,0,0
2025.11.20,01:15,01:30,Olympia,2,0,2
2025.11.20,01:30,01:45,Olympia,0,0,0
2025.11.20,01:45,02:00,Olympia,0,0,0
2025.11.20,02:00,02:15,Olympia,1,0,1
2025.11.20,02:15,02:30,Olympia,0,0,0
2025.11.20,02:30,02:45,Olympia,1,0,1
2025.11.20,02:45,03:00,Olympia,0,0,0
2025.11.20,03:00,03:15,Olympia,0,0,0
2025.11.20,03:15,03:30,Olympia,0,1,1
2025.11.20,03:30,03:45,Olympia,1,0,1
2025.11.20,03:45,04:00,Olympia,0,0,0
2025.11.20,04:00,04:15,Olympia,0,0,0
2025.11.20,04:15,04:30,Olympia,0,1,1
2025.11.20,04:30,04:45,Olympia,0,0,0
2025.11.20,04:45,05:00,Olympia,0,1,1
2025.11.20,05:00,05:15,Olympia,0,0,0
2025.11.20,05:15,05:30,Olympia,2,1,3
2025.11.20,05:30,05:45,Olympia,4,2,6
2025.11.20,05:45,06:00,Olympia,2,1,3
2025.11.20,06:00,06:15,Olympia,2,1,3
2025.11.20,06:15,06:30,Olympia,2,5,7
2025.11.20,06:30,06:45,Olympia,12,3,15
2025.11.20,06:45,07:00,Olympia,14,4,18
2025.11.20,07:00,07:15,Olympia,10,7,17
2025.11.20,07:15,07:30,Olympia,17,12,29
2025.11.20,07:30,07:45,Olympia,20,13,33
2025.11.20,07:45,08:00,Olympia,34,33,67
2025.11.20,08:00,08:15,Olympia,29,24,53
2025.11.20,08:15,08:30,Olympia,20,27,47
2025.11.20,08:30,08:45,Olympia,26,23,49
2025.11.20,08:45,09:00,Olympia,23,26,49
2025.11.20,09:00,09:15,Olympia,12,14,26
2025.11.20,09:15,09:30,Olympia,12,15,27
2025.11.20,09:30,09:45,Olympia,5,17,22
2025.11.20,09:45,10:00,Olympia,12,8,20
2025.11.20,10:00,10:15,Olympia,8,10,18
2025.11.20,10:15,10:30,Olympia,4,1,5
2025.11.20,10:30,10:45,Olympia,10,7,17
2025.11.20,10:45,11:00,Olympia,5,3,8
2025.11.20,11:00,11:15,Olympia,6,5,11
2025.11.20,11:15,11:30,Olympia,4,5,9
2025.11.20,11:30,11:45,Olympia,7,10,17
2025.11.20,11:45,12:00,Olympia,4,8,12
2025.11.20,12:00,12:15,Olympia,10,9,19
2025.11.20,12:15,12:30,Olympia,10,10,20
2025.11.20,12:30,12:45,Olympia,7,9,16
2025.11.20,12:45,13:00,Olympia,10,9,19
2025.11.20,13:00,13:15,Olympia,11,9,20
2025.11.20,13:15,13:30,Olympia,18,7,25
2025.11.20,13:30,13:45,Olympia,5,6,11
2025.11.20,13:45,14:00,Olympia,11,9,20
2025.11.20,14:00,14:15,Olympia,11,6,17
2025.11.20,14:15,14:30,Olympia,9,8,17
2025.11.20,14:30,14:45,Olympia,15,14,29
2025.11.20,14:45,15:00,Olympia,11,13,24
2025.11.20,15:00,15:15,Olympia,18,11,29
2025.11.20,15:15,15:30,Olympia,6,13,19
2025.11.20,15:30,15:45,Olympia,16,18,34
2025.11.20,15:45,16:00,Olympia,16,19,35
2025.11.20,16:00,16:15,Olympia,19,21,40
2025.11.20,16:15,16:30,Olympia,20,20,40
2025.11.20,16:30,16:45,Olympia,21,16,37
2025.11.20,16:45,17:00,Olympia,32,21,53
2025.11.20,17:00,17:15,Olympia,20,19,39
2025.11.20,17:15,17:30,Olympia,15,24,39
2025.11.20,17:30,17:45,Olympia,18,29,47
2025.11.20,17:45,18:00,Olympia,26,23,49
2025.11.20,18:00,18:15,Olympia,24,23,47
2025.11.20,18:15,18:30,Olympia,31,32,63
2025.11.20,18:30,18:45,Olympia,19,29,48
2025.11.20,18:45,19:00,Olympia,28,17,45
2025.11.20,19:00,19:15,Olympia,19,12,31
2025.11.20,19:15,19:30,Olympia,12,18,30
2025.11.20,19:30,19:45,Olympia,11,20,31
2025.11.20,19:45,20:00,Olympia,16,10,26
2025.11.20,20:00,20:15,Olympia,16,11,27
2025.11.20,20:15,20:30,Olympia,9,17,26
2025.11.20,20:30,20:45,Olympia,13,14,27
2025.11.20,20:45,21:00,Olympia,7,7,14
2025.11.20,21:00,21:15,Olympia,12,4,16
2025.11.20,21:15,21:30,Olympia,7,13,20
2025.11.20,21:30,21:45,Olympia,9,9,18
2025.11.20,21:45,22:00,Olympia,6,10,16
2025.11.20,22:00,22:15,Olympia,3,11,14
2025.11.20,22:15,22:30,Olympia,3,8,11
2025.11.20,22:30,22:45,Olympia,3,8,11
2025.11.20,22:45,23:00,Olympia,2,24,26
2025.11.20,23:00,23:15,Olympia,0,9,9
2025.11.20,23:15,23:30,Olympia,1,5,6
2025.11.20,23:30,23:45,Olympia,2,4,6
2025.11.20,23:45,00:00,Olympia,1,2,3
2025.11.21,00:00,00:15,Olympia,0,2,2
2025.11.21,00:15,00:30,Olympia,0,0,0
2025.11.21,00:30,00:45,Olympia,0,0,0
2025.11.21,00:45,01:00,Olympia,0,1,1
2025.11.21,01:00,01:15,Olympia,3,0,3
2025.11.21,01:15,01:30,Olympia,0,0,0
2025.11.21,01:30,01:45,Olympia,0,0,0
2025.11.21,01:45,02:00,Olympia,1,0,1
2025.11.21,02:00,02:15,Olympia,2,0,2
2025.11.21,02:15,02:30,Olympia,1,1,2
2025.11.21,02:30,02:45,Olympia,0,0,0
2025.11.21,02:45,03:00,Olympia,1,0,1
2025.11.21,03:00,03:15,Olympia,0,0,0
2025.11.21,03:15,03:30,Olympia,2,0,2
2025.11.21,03:30,03:45,Olympia,0,0,0
2025.11.21,03:45,04:00,Olympia,0,0,0
2025.11.21,04:00,04:15,Olympia,0,0,0
2025.11.21,04:15,04:30,Olympia,0,1,1
2025.11.21,04:30,04:45,Olympia,0,0,0
2025.11.21,04:45,05:00,Olympia,1,2,3
2025.11.21,05:00,05:15,Olympia,0,0,0
2025.11.21,05:15,05:30,Olympia,3,0,3
2025.11.21,05:30,05:45,Olympia,2,0,2
2025.11.21,05:45,06:00,Olympia,3,0,3
2025.11.21,06:00,06:15,Olympia,3,2,5
2025.11.21,06:15,06:30,Olympia,1,5,6
2025.11.21,06:30,06:45,Olympia,11,4,15
2025.11.21,06:45,07:00,Olympia,10,4,14
2025.11.21,07:00,07:15,Olympia,16,5,21
2025.11.21,07:15,07:30,Olympia,8,8,16
2025.11.21,07:30,07:45,Olympia,8,16,24
2025.11.21,07:45,08:00,Olympia,26,16,42
2025.11.21,08:00,08:15,Olympia,16,17,33
2025.11.21,08:15,08:30,Olympia,15,18,33
2025.11.21,08:30,08:45,Olympia,15,13,28
2025.11.21,08:45,09:00,Olympia,16,13,29
2025.11.21,09:00,09:15,Olympia,14,12,26
2025.11.21,09:15,09:30,Olympia,10,10,20
2025.11.21,09:30,09:45,Olympia,12,17,29
2025.11.21,09:45,10:00,Olympia,6,10,16
2025.11.21,10:00,10:15,Olympia,6,5,11
2025.11.21,10:15,10:30,Olympia,6,4,10
2025.11.21,10:30,10:45,Olympia,8,3,11
2025.11.21,10:45,11:00,Olympia,5,9,14
2025.11.21,11:00,11:15,Olympia,8,2,10
2025.11.21,11:15,11:30,Olympia,5,13,18
2025.11.21,11:30,11:45,Olympia,10,7,17
2025.11.21,11:45,12:00,Olympia,10,8,18
2025.11.21,12:00,12:15,Olympia,6,4,10
2025.11.21,12:15,12:30,Olympia,9,8,17
2025.11.21,12:30,12:45,Olympia,6,8,14
2025.11.21,12:45,13:00,Olympia,4,5,9
2025.11.21,13:00,13:15,Olympia,6,11,17
2025.11.21,13:15,13:30,Olympia,9,10,19
2025.11.21,13:30,13:45,Olympia,10,6,16
2025.11.21,13:45,14:00,Olympia,8,9,17
2025.11.21,14:00,14:15,Olympia,7,9,16
2025.11.21,14:15,14:30,Olympia,13,3,16
2025.11.21,14:30,14:45,Olympia,19,15,34
2025.11.21,14:45,15:00,Olympia,19,22,41
2025.11.21,15:00,15:15,Olympia,15,16,31
2025.11.21,15:15,15:30,Olympia,15,12,27
2025.11.21,15:30,15:45,Olympia,19,6,25
2025.11.21,15:45,16:00,Olympia,30,15,45
2025.11.21,16:00,16:15,Olympia,21,11,32
2025.11.21,16:15,16:30,Olympia,9,22,31
2025.11.21,16:30,16:45,Olympia,14,14,28
2025.11.21,16:45,17:00,Olympia,29,12,41
2025.11.21,17:00,17:15,Olympia,18,17,35
2025.11.21,17:15,17:30,Olympia,9,23,32
2025.11.21,17:30,17:45,Olympia,7,10,17
2025.11.21,17:45,18:00,Olympia,12,14,26
2025.11.21,18:00,18:15,Olympia,17,17,34
2025.11.21,18:15,18:30,Olympia,18,26,44
2025.11.21,18:30,18:45,Olympia,8,12,20
2025.11.21,18:45,19:00,Olympia,14,15,29
2025.11.21,19:00,19:15,Olympia,13,13,26
2025.11.21,19:15,19:30,Olympia,7,9,16
2025.11.21,19:30,19:45,Olympia,13,10,23
2025.11.21,19:45,20:00,Olympia,10,6,16
2025.11.21,20:00,20:15,Olympia,9,10,19
2025.11.21,20:15,20:30,Olympia,11,4,15
2025.11.21,20:30,20:45,Olympia,5,8,13
2025.11.21,20:45,21:00,Olympia,5,11,16
2025.11.21,21:00,21:15,Olympia,3,4,7
2025.11.21,21:15,21:30,Olympia,2,4,6
2025.11.21,21:30,21:45,Olympia,1,5,6
2025.11.21,21:45,22:00,Olympia,2,5,7
2025.11.21,22:00,22:15,Olympia,2,11,13
2025.11.21,22:15,22:30,Olympia,1,9,10
2025.11.21,22:30,22:45,Olympia,2,5,7
2025.11.21,22:45,23:00,Olympia,2,12,14
2025.11.21,23:00,23:15,Olympia,1,14,15
2025.11.21,23:15,23:30,Olympia,3,3,6
2025.11.21,23:30,23:45,Olympia,4,2,6
2025.11.21,23:45,00:00,Olympia,3,1,4
2025.11.22,00:00,00:15,Olympia,1,1,2
2025.11.22,00:15,00:30,Olympia,1,1,2
2025.11.22,00:30,00:45,Olympia,1,0,1
2025.11.22,00:45,01:00,Olympia,1,2,3
2025.11.22,01:00,01:15,Olympia,0,0,0
2025.11.22,01:15,01:30,Olympia,0,0,0
2025.11.22,01:30,01:45,Olympia,1,0,1
2025.11.22,01:45,02:00,Olympia,0,1,1
2025.11.22,02:00,02:15,Olympia,0,2,2
2025.11.22,02:15,02:30,Olympia,0,0,0
2025.11.22,02:30,02:45,Olympia,0,0,0
2025.11.22,02:45,03:00,Olympia,1,0,1
2025.11.22,03:00,03:15,Olympia,1,1,2
2025.11.22,03:15,03:30,Olympia,0,0,0
2025.11.22,03:30,03:45,Olympia,0,0,0
2025.11.22,03:45,04:00,Olympia,0,0,0
2025.11.22,04:00,04:15,Olympia,1,0,1
2025.11.22,04:15,04:30,Olympia,0,0,0
2025.11.22,04:30,04:45,Olympia,0,0,0
2025.11.22,04:45,05:00,Olympia,0,0,0
2025.11.22,05:00,05:15,Olympia,0,0,0
2025.11.22,05:15,05:30,Olympia,0,0,0
2025.11.22,05:30,05:45,Olympia,0,0,0
2025.11.22,05:45,06:00,Olympia,0,0,0
2025.11.22,06:00,06:15,Olympia,1,1,2
2025.11.22,06:15,06:30,Olympia,0,0,0
2025.11.22,06:30,06:45,Olympia,1,2,3
2025.11.22,06:45,07:00,Olympia,2,1,3
2025.11.22,07:00,07:15,Olympia,3,0,3
2025.11.22,07:15,07:30,Olympia,3,0,3
2025.11.22,07:30,07:45,Olympia,0,4,4
2025.11.22,07:45,08:00,Olympia,1,1,2
2025.11.22,08:00,08:15,Olympia,0,4,4
2025.11.22,08:15,08:30,Olympia,3,1,4
2025.11.22,08:30,08:45,Olympia,10,3,13
2025.11.22,08:45,09:00,Olympia,13,1,14
2025.11.22,09:00,09:15,Olympia,6,2,8
2025.11.22,09:15,09:30,Olympia,9,3,12
2025.11.22,09:30,09:45,Olympia,4,3,7
2025.11.22,09:45,10:00,Olympia,11,2,13
2025.11.22,10:00,10:15,Olympia,5,4,9
2025.11.22,10:15,10:30,Olympia,2,4,6
2025.11.22,10:30,10:45,Olympia,5,9,14
2025.11.22,10:45,11:00,Olympia,8,5,13
2025.11.22,11:00,11:15,Olympia,8,6,14
2025.11.22,11:15,11:30,Olympia,5,6,11
2025.11.22,11:30,11:45,Olympia,8,13,21
2025.11.22,11:45,12:00,Olympia,6,8,14
2025.11.22,12:00,12:15,Olympia,11,4,15
2025.11.22,12:15,12:30,Olympia,11,7,18
2025.11.22,12:30,12:45,Olympia,4,8,12
2025.11.22,12:45,13:00,Olympia,4,8,12
2025.11.22,13:00,13:15,Olympia,11,4,15
2025.11.22,13:15,13:30,Olympia,7,9,16
2025.11.22,13:30,13:45,Olympia,18,8,26
2025.11.22,13:45,14:00,Olympia,11,10,21
2025.11.22,14:00,14:15,Olympia,14,4,18
2025.11.22,14:15,14:30,Olympia,8,13,21
2025.11.22,14:30,14:45,Olympia,6,6,12
2025.11.22,14:45,15:00,Olympia,25,5,30
2025.11.22,15:00,15:15,Olympia,4,11,15
2025.11.22,15:15,15:30,Olympia,9,9,18
2025.11.22,15:30,15:45,Olympia,8,1,9
2025.11.22,15:45,16:00,Olympia,0,7,7
2025.11.22,16:00,16:15,Olympia,4,13,17
2025.11.22,16:15,16:30,Olympia,7,25,32
2025.11.22,16:30,16:45,Olympia,8,3,11
2025.11.22,16:45,17:00,Olympia,8,17,25
2025.11.22,17:00,17:15,Olympia,5,18,23
2025.11.22,17:15,17:30,Olympia,4,8,12
2025.11.22,17:30,17:45,Olympia,5,13,18
2025.11.22,17:45,18:00,Olympia,9,5,14
2025.11.22,18:00,18:15,Olympia,6,2,8
2025.11.22,18:15,18:30,Olympia,4,4,8
2025.11.22,18:30,18:45,Olympia,8,7,15
2025.11.22,18:45,19:00,Olympia,2,3,5
2025.11.22,19:00,19:15,Olympia,5,2,7
2025.11.22,19:15,19:30,Olympia,7,4,11
2025.11.22,19:30,19:45,Olympia,4,5,9
2025.11.22,19:45,20:00,Olympia,1,3,4
2025.11.22,20:00,20:15,Olympia,4,1,5
2025.11.22,20:15,20:30,Olympia,3,1,4
2025.11.22,20:30,20:45,Olympia,1,4,5
2025.11.22,20:45,21:00,Olympia,3,4,7
2025.11.22,21:00,21:15,Olympia,0,2,2
2025.11.22,21:15,21:30,Olympia,0,4,4
2025.11.22,21:30,21:45,Olympia,3,1,4
2025.11.22,21:45,22:00,Olympia,1,1,2
2025.11.22,22:00,22:15,Olympia,0,3,3
2025.11.22,22:15,22:30,Olympia,1,0,1
2025.11.22,22:30,22:45,Olympia,2,8,10
2025.11.22,22:45,23:00,Olympia,3,2,5
2025.11.22,23:00,23:15,Olympia,0,6,6
2025.11.22,23:15,23:30,Olympia,2,1,3
2025.11.22,23:30,23:45,Olympia,0,0,0
2025.11.22,23:45,00:00,Olympia,1,3,4
2025.11.23,00:00,00:15,Olympia,1,1,2
2025.11.23,00:15,00:30,Olympia,0,1,1
2025.11.23,00:30,00:45,Olympia,0,1,1
2025.11.23,00:45,01:00,Olympia,1,1,2
2025.11.23,01:00,01:15,Olympia,0,0,0
2025.11.23,01:15,01:30,Olympia,2,0,2
2025.11.23,01:30,01:45,Olympia,2,0,2
2025.11.23,01:45,02:00,Olympia,2,0,2
2025.11.23,02:00,02:15,Olympia,0,0,0
2025.11.23,02:15,02:30,Olympia,0,0,0
2025.11.23,02:30,02:45,Olympia,1,1,2
2025.11.23,02:45,03:00,Olympia,0,0,0
2025.11.23,03:00,03:15,Olympia,1,0,1
2025.11.23,03:15,03:30,Olympia,1,0,1
2025.11.23,03:30,03:45,Olympia,0,0,0
2025.11.23,03:45,04:00,Olympia,0,0,0
2025.11.23,04:00,04:15,Olympia,0,0,0
2025.11.23,04:15,04:30,Olympia,2,0,2
2025.11.23,04:30,04:45,Olympia,0,0,0
2025.11.23,04:45,05:00,Olympia,0,1,1
2025.11.23,05:00,05:15,Olympia,0,0,0
2025.11.23,05:15,05:30,Olympia,0,0,0
2025.11.23,05:30,05:45,Olympia,0,0,0
2025.11.23,05:45,06:00,Olympia,0,0,0
2025.11.23,06:00,06:15,Olympia,0,0,0
2025.11.23,06:15,06:30,Olympia,0,0,0
2025.11.23,06:30,06:45,Olympia,1,1,2
2025.11.23,06:45,07:00,Olympia,1,0,1
2025.11.23,07:00,07:15,Olympia,0,0,0
2025.11.23,07:15,07:30,Olympia,1,0,1
2025.11.23,07:30,07:45,Olympia,0,2,2
2025.11.23,07:45,08:00,Olympia,2,0,2
2025.11.23,08:00,08:15,Olympia,1,2,3
2025.11.23,08:15,08:30,Olympia,3,2,5
2025.11.23,08:30,08:45,Olympia,3,0,3
2025.11.23,08:45,09:00,Olympia,7,0,7
2025.11.23,09:00,09:15,Olympia,3,2,5
2025.11.23,09:15,09:30,Olympia,3,2,5
2025.11.23,09:30,09:45,Olympia,6,0,6
2025.11.23,09:45,10:00,Olympia,12,11,23
2025.11.23,10:00,10:15,Olympia,14,3,17
2025.11.23,10:15,10:30,Olympia,4,5,9
2025.11.23,10:30,10:45,Olympia,4,8,12
2025.11.23,10:45,11:00,Olympia,5,5,10
2025.11.23,11:00,11:15,Olympia,11,3,14
2025.11.23,11:15,11:30,Olympia,3,4,7
2025.11.23,11:30,11:45,Olympia,9,5,14
2025.11.23,11:45,12:00,Olympia,5,9,14
2025.11.23,12:00,12:15,Olympia,9,7,16
2025.11.23,12:15,12:30,Olympia,13,7,20
2025.11.23,12:30,12:45,Olympia,14,6,20
2025.11.23,12:45,13:00,Olympia,6,10,16
2025.11.23,13:00,13:15,Olympia,11,12,23
2025.11.23,13:15,13:30,Olympia,7,9,16
2025.11.23,13:30,13:45,Olympia,17,9,26
2025.11.23,13:45,14:00,Olympia,13,12,25
2025.11.23,14:00,14:15,Olympia,11,9,20
2025.11.23,14:15,14:30,Olympia,13,17,30
2025.11.23,14:30,14:45,Olympia,15,13,28
2025.11.23,14:45,15:00,Olympia,14,14,28
2025.11.23,15:00,15:15,Olympia,5,15,20
2025.11.23,15:15,15:30,Olympia,15,20,35
2025.11.23,15:30,15:45,Olympia,10,9,19
2025.11.23,15:45,16:00,Olympia,20,21,41
2025.11.23,16:00,16:15,Olympia,14,3,17
2025.11.23,16:15,16:30,Olympia,17,13,30
2025.11.23,16:30,16:45,Olympia,2,10,12
2025.11.23,16:45,17:00,Olympia,3,8,11
2025.11.23,17:00,17:15,Olympia,6,12,18
2025.11.23,17:15,17:30,Olympia,4,10,14
2025.11.23,17:30,17:45,Olympia,7,10,17
2025.11.23,17:45,18:00,Olympia,5,10,15
2025.11.23,18:00,18:15,Olympia,4,7,11
2025.11.23,18:15,18:30,Olympia,3,5,8
2025.11.23,18:30,18:45,Olympia,2,2,4
2025.11.23,18:45,19:00,Olympia,4,3,7
2025.11.23,19:00,19:15,Olympia,5,3,8
2025.11.23,19:15,19:30,Olympia,5,5,10
2025.11.23,19:30,19:45,Olympia,5,2,7
2025.11.23,19:45,20:00,Olympia,5,3,8
2025.11.23,20:00,20:15,Olympia,3,4,7
2025.11.23,20:15,20:30,Olympia,7,4,11
2025.11.23,20:30,20:45,Olympia,4,0,4
2025.11.23,20:45,21:00,Olympia,3,2,5
2025.11.23,21:00,21:15,Olympia,3,1,4
2025.11.23,21:15,21:30,Olympia,2,4,6
2025.11.23,21:30,21:45,Olympia,5,4,9
2025.11.23,21:45,22:00,Olympia,2,4,6
2025.11.23,22:00,22:15,Olympia,0,1,1
2025.11.23,22:15,22:30,Olympia,1,2,3
2025.11.23,22:30,22:45,Olympia,1,3,4
2025.11.23,22:45,23:00,Olympia,0,3,3
2025.11.23,23:00,23:15,Olympia,0,3,3
2025.11.23,23:15,23:30,Olympia,0,2,2
2025.11.23,23:30,23:45,Olympia,0,0,0
2025.11.23,23:45,00:00,Olympia,0,1,1
2025.11.24,00:00,00:15,Olympia,0,1,1
2025.11.24,00:15,00:30,Olympia,1,0,1
2025.11.24,00:30,00:45,Olympia,0,0,0
2025.11.24,00:45,01:00,Olympia,0,0,0
2025.11.24,01:00,01:15,Olympia,0,0,0
2025.11.24,01:15,01:30,Olympia,0,0,0
2025.11.24,01:30,01:45,Olympia,0,0,0
2025.11.24,01:45,02:00,Olympia,2,0,2
2025.11.24,02:00,02:15,Olympia,0,1,1
2025.11.24,02:15,02:30,Olympia,0,0,0
2025.11.24,02:30,02:45,Olympia,0,0,0
2025.11.24,02:45,03:00,Olympia,0,0,0
2025.11.24,03:00,03:15,Olympia,0,0,0
2025.11.24,03:15,03:30,Olympia,0,0,0
2025.11.24,03:30,03:45,Olympia,0,0,0
2025.11.24,03:45,04:00,Olympia,2,0,2
2025.11.24,04:00,04:15,Olympia,0,0,0
2025.11.24,04:15,04:30,Olympia,1,1,2
2025.11.24,04:30,04:45,Olympia,0,0,0
2025.11.24,04:45,05:00,Olympia,0,0,0
2025.11.24,05:00,05:15,Olympia,1,0,1
2025.11.24,05:15,05:30,Olympia,2,0,2
2025.11.24,05:30,05:45,Olympia,1,0,1
2025.11.24,05:45,06:00,Olympia,2,0,2
2025.11.24,06:00,06:15,Olympia,4,0,4
2025.11.24,06:15,06:30,Olympia,1,2,3
2025.11.24,06:30,06:45,Olympia,9,3,12
2025.11.24,06:45,07:00,Olympia,2,3,5
2025.11.24,07:00,07:15,Olympia,7,1,8
2025.11.24,07:15,07:30,Olympia,2,3,5
2025.11.24,07:30,07:45,Olympia,16,7,23
2025.11.24,07:45,08:00,Olympia,10,6,16
2025.11.24,08:00,08:15,Olympia,14,14,28
2025.11.24,08:15,08:30,Olympia,19,6,25
2025.11.24,08:30,08:45,Olympia,14,16,30
2025.11.24,08:45,09:00,Olympia,6,12,18
2025.11.24,09:00,09:15,Olympia,3,3,6
2025.11.24,09:15,09:30,Olympia,7,4,11
2025.11.24,09:30,09:45,Olympia,1,9,10
2025.11.24,09:45,10:00,Olympia,6,2,8
2025.11.24,10:00,10:15,Olympia,7,2,9
2025.11.24,10:15,10:30,Olympia,6,3,9
2025.11.24,10:30,10:45,Olympia,5,4,9
2025.11.24,10:45,11:00,Olympia,2,2,4
2025.11.24,11:00,11:15,Olympia,3,5,8
2025.11.24,11:15,11:30,Olympia,3,3,6
2025.11.24,11:30,11:45,Olympia,3,4,7
2025.11.24,11:45,12:00,Olympia,3,3,6
2025.11.24,12:00,12:15,Olympia,2,3,5
2025.11.24,12:15,12:30,Olympia,3,2,5
2025.11.24,12:30,12:45,Olympia,0,4,4
2025.11.24,12:45,13:00,Olympia,3,9,12
2025.11.24,13:00,13:15,Olympia,1,3,4
2025.11.24,13:15,13:30,Olympia,1,8,9
2025.11.24,13:30,13:45,Olympia,2,7,9
2025.11.24,13:45,14:00,Olympia,7,2,9
2025.11.24,14:00,14:15,Olympia,5,2,7
2025.11.24,14:15,14:30,Olympia,3,1,4
2025.11.24,14:30,14:45,Olympia,6,5,11
2025.11.24,14:45,15:00,Olympia,11,2,13
2025.11.24,15:00,15:15,Olympia,9,7,16
2025.11.24,15:15,15:30,Olympia,1,8,9
2025.11.24,15:30,15:45,Olympia,12,2,14
2025.11.24,15:45,16:00,Olympia,8,10,18
2025.11.24,16:00,16:15,Olympia,11,11,22
2025.11.24,16:15,16:30,Olympia,10,7,17
2025.11.24,16:30,16:45,Olympia,7,6,13
2025.11.24,16:45,17:00,Olympia,21,10,31
2025.11.24,17:00,17:15,Olympia,10,10,20
2025.11.24,17:15,17:30,Olympia,6,14,20
2025.11.24,17:30,17:45,Olympia,10,20,30
2025.11.24,17:45,18:00,Olympia,11,11,22
2025.11.24,18:00,18:15,Olympia,11,15,26
2025.11.24,18:15,18:30,Olympia,28,11,39
2025.11.24,18:30,18:45,Olympia,11,15,26
2025.11.24,18:45,19:00,Olympia,15,16,31
2025.11.24,19:00,19:15,Olympia,13,5,18
2025.11.24,19:15,19:30,Olympia,9,10,19
2025.11.24,19:30,19:45,Olympia,12,9,21
2025.11.24,19:45,20:00,Olympia,17,6,23
2025.11.24,20:00,20:15,Olympia,4,4,8
2025.11.24,20:15,20:30,Olympia,2,19,21
2025.11.24,20:30,20:45,Olympia,5,8,13
2025.11.24,20:45,21:00,Olympia,4,5,9
2025.11.24,21:00,21:15,Olympia,6,9,15
2025.11.24,21:15,21:30,Olympia,5,4,9
2025.11.24,21:30,21:45,Olympia,7,10,17
2025.11.24,21:45,22:00,Olympia,2,11,13
2025.11.24,22:00,22:15,Olympia,3,2,5
2025.11.24,22:15,22:30,Olympia,3,7,10
2025.11.24,22:30,22:45,Olympia,0,4,4
2025.11.24,22:45,23:00,Olympia,1,9,10
2025.11.24,23:00,23:15,Olympia,2,10,12
2025.11.24,23:15,23:30,Olympia,0,4,4
2025.11.24,23:30,23:45,Olympia,0,1,1
2025.11.24,23:45,00:00,Olympia,0,0,0
2025.11.25,00:00,00:15,Olympia,1,3,4
2025.11.25,00:15,00:30,Olympia,0,0,0
2025.11.25,00:30,00:45,Olympia,0,1,1
2025.11.25,00:45,01:00,Olympia,0,0,0
2025.11.25,01:00,01:15,Olympia,0,1,1
2025.11.25,01:15,01:30,Olympia,0,0,0
2025.11.25,01:30,01:45,Olympia,0,0,0
2025.11.25,01:45,02:00,Olympia,0,0,0
2025.11.25,02:00,02:15,Olympia,0,0,0
2025.11.25,02:15,02:30,Olympia,0,0,0
2025.11.25,02:30,02:45,Olympia,1,1,2
2025.11.25,02:45,03:00,Olympia,0,0,0
2025.11.25,03:00,03:15,Olympia,0,1,1
2025.11.25,03:15,03:30,Olympia,0,0,0
2025.11.25,03:30,03:45,Olympia,0,0,0
2025.11.25,03:45,04:00,Olympia,0,0,0
2025.11.25,04:00,04:15,Olympia,0,0,0
2025.11.25,04:15,04:30,Olympia,0,1,1
2025.11.25,04:30,04:45,Olympia,0,0,0
2025.11.25,04:45,05:00,Olympia,0,0,0
2025.11.25,05:00,05:15,Olympia,0,0,0
2025.11.25,05:15,05:30,Olympia,3,0,3
2025.11.25,05:30,05:45,Olympia,1,4,5
2025.11.25,05:45,06:00,Olympia,3,0,3
2025.11.25,06:00,06:15,Olympia,3,1,4
2025.11.25,06:15,06:30,Olympia,1,2,3
2025.11.25,06:30,06:45,Olympia,5,5,10
2025.11.25,06:45,07:00,Olympia,7,2,9
2025.11.25,07:00,07:15,Olympia,6,6,12
2025.11.25,07:15,07:30,Olympia,12,7,19
2025.11.25,07:30,07:45,Olympia,13,15,28
2025.11.25,07:45,08:00,Olympia,16,20,36
2025.11.25,08:00,08:15,Olympia,13,22,35
2025.11.25,08:15,08:30,Olympia,21,20,41
2025.11.25,08:30,08:45,Olympia,28,21,49
2025.11.25,08:45,09:00,Olympia,31,14,45
2025.11.25,09:00,09:15,Olympia,11,10,21
2025.11.25,09:15,09:30,Olympia,9,12,21
2025.11.25,09:30,09:45,Olympia,6,12,18
2025.11.25,09:45,10:00,Olympia,9,6,15
2025.11.25,10:00,10:15,Olympia,6,9,15
2025.11.25,10:15,10:30,Olympia,7,3,10
2025.11.25,10:30,10:45,Olympia,6,8,14
2025.11.25,10:45,11:00,Olympia,3,3,6
2025.11.25,11:00,11:15,Olympia,4,5,9
2025.11.25,11:15,11:30,Olympia,5,6,11
2025.11.25,11:30,11:45,Olympia,8,7,15
2025.11.25,11:45,12:00,Olympia,7,3,10
2025.11.25,12:00,12:15,Olympia,17,8,25
2025.11.25,12:15,12:30,Olympia,3,7,10
2025.11.25,12:30,12:45,Olympia,8,5,13
2025.11.25,12:45,13:00,Olympia,5,4,9
2025.11.25,13:00,13:15,Olympia,5,8,13
2025.11.25,13:15,13:30,Olympia,12,10,22
2025.11.25,13:30,13:45,Olympia,6,10,16
2025.11.25,13:45,14:00,Olympia,9,8,17
2025.11.25,14:00,14:15,Olympia,4,5,9
2025.11.25,14:15,14:30,Olympia,5,9,14
2025.11.25,14:30,14:45,Olympia,11,5,16
2025.11.25,14:45,15:00,Olympia,11,8,19
2025.11.25,15:00,15:15,Olympia,3,13,16
2025.11.25,15:15,15:30,Olympia,9,7,16
2025.11.25,15:30,15:45,Olympia,13,18,31
2025.11.25,15:45,16:00,Olympia,19,11,30
2025.11.25,16:00,16:15,Olympia,9,12,21
2025.11.25,16:15,16:30,Olympia,20,13,33
2025.11.25,16:30,16:45,Olympia,22,11,33
2025.11.25,16:45,17:00,Olympia,19,10,29
2025.11.25,17:00,17:15,Olympia,17,14,31
2025.11.25,17:15,17:30,Olympia,15,9,24
2025.11.25,17:30,17:45,Olympia,19,20,39
2025.11.25,17:45,18:00,Olympia,16,20,36
2025.11.25,18:00,18:15,Olympia,17,22,39
2025.11.25,18:15,18:30,Olympia,30,18,48
2025.11.25,18:30,18:45,Olympia,11,21,32
2025.11.25,18:45,19:00,Olympia,18,19,37
2025.11.25,19:00,19:15,Olympia,20,12,32
2025.11.25,19:15,19:30,Olympia,19,8,27
2025.11.25,19:30,19:45,Olympia,25,11,36
2025.11.25,19:45,20:00,Olympia,37,11,48
2025.11.25,20:00,20:15,Olympia,14,13,27
2025.11.25,20:15,20:30,Olympia,10,14,24
2025.11.25,20:30,20:45,Olympia,10,7,17
2025.11.25,20:45,21:00,Olympia,11,8,19
2025.11.25,21:00,21:15,Olympia,13,10,23
2025.11.25,21:15,21:30,Olympia,8,5,13
2025.11.25,21:30,21:45,Olympia,2,17,19
2025.11.25,21:45,22:00,Olympia,4,15,19
2025.11.25,22:00,22:15,Olympia,1,20,21
2025.11.25,22:15,22:30,Olympia,6,20,26
2025.11.25,22:30,22:45,Olympia,5,10,15
2025.11.25,22:45,23:00,Olympia,4,13,17
2025.11.25,23:00,23:15,Olympia,4,14,18
2025.11.25,23:15,23:30,Olympia,0,10,10
2025.11.25,23:30,23:45,Olympia,0,3,3
2025.11.25,23:45,00:00,Olympia,1,3,4
2025.11.26,00:00,00:15,Olympia,1,2,3
2025.11.26,00:15,00:30,Olympia,2,0,2
2025.11.26,00:30,00:45,Olympia,0,1,1
2025.11.26,00:45,01:00,Olympia,1,0,1
2025.11.26,01:00,01:15,Olympia,0,0,0
2025.11.26,01:15,01:30,Olympia,0,2,2
2025.11.26,01:30,01:45,Olympia,0,0,0
2025.11.26,01:45,02:00,Olympia,0,0,0
2025.11.26,02:00,02:15,Olympia,0,0,0
2025.11.26,02:15,02:30,Olympia,0,0,0
2025.11.26,02:30,02:45,Olympia,0,0,0
2025.11.26,02:45,03:00,Olympia,0,0,0
2025.11.26,03:00,03:15,Olympia,0,1,1
2025.11.26,03:15,03:30,Olympia,0,0,0
2025.11.26,03:30,03:45,Olympia,0,0,0
2025.11.26,03:45,04:00,Olympia,0,0,0
2025.11.26,04:00,04:15,Olympia,0,0,0
2025.11.26,04:15,04:30,Olympia,0,1,1
2025.11.26,04:30,04:45,Olympia,0,0,0
2025.11.26,04:45,05:00,Olympia,0,0,0
2025.11.26,05:00,05:15,Olympia,1,1,2
2025.11.26,05:15,05:30,Olympia,0,1,1
2025.11.26,05:30,05:45,Olympia,3,2,5
2025.11.26,05:45,06:00,Olympia,3,0,3
2025.11.26,06:00,06:15,Olympia,4,1,5
2025.11.26,06:15,06:30,Olympia,4,2,6
2025.11.26,06:30,06:45,Olympia,8,4,12
2025.11.26,06:45,07:00,Olympia,10,6,16
2025.11.26,07:00,07:15,Olympia,12,3,15
2025.11.26,07:15,07:30,Olympia,9,7,16
2025.11.26,07:30,07:45,Olympia,11,9,20
2025.11.26,07:45,08:00,Olympia,11,16,27
2025.11.26,08:00,08:15,Olympia,18,27,45
2025.11.26,08:15,08:30,Olympia,15,15,30
2025.11.26,08:30,08:45,Olympia,18,19,37
2025.11.26,08:45,09:00,Olympia,12,12,24
2025.11.26,09:00,09:15,Olympia,14,12,26
2025.11.26,09:15,09:30,Olympia,8,9,17
2025.11.26,09:30,09:45,Olympia,7,8,15
2025.11.26,09:45,10:00,Olympia,7,7,14
2025.11.26,10:00,10:15,Olympia,9,3,12
2025.11.26,10:15,10:30,Olympia,2,6,8
2025.11.26,10:30,10:45,Olympia,3,6,9
2025.11.26,10:45,11:00,Olympia,4,2,6
2025.11.26,11:00,11:15,Olympia,5,4,9
2025.11.26,11:15,11:30,Olympia,5,2,7
2025.11.26,11:30,11:45,Olympia,6,4,10
2025.11.26,11:45,12:00,Olympia,8,9,17
2025.11.26,12:00,12:15,Olympia,10,8,18
2025.11.26,12:15,12:30,Olympia,10,6,16
2025.11.26,12:30,12:45,Olympia,3,8,11
2025.11.26,12:45,13:00,Olympia,4,7,11
2025.11.26,13:00,13:15,Olympia,6,7,13
2025.11.26,13:15,13:30,Olympia,5,5,10
2025.11.26,13:30,13:45,Olympia,7,6,13
2025.11.26,13:45,14:00,Olympia,3,4,7
2025.11.26,14:00,14:15,Olympia,3,7,10
2025.11.26,14:15,14:30,Olympia,10,14,24
2025.11.26,14:30,14:45,Olympia,7,8,15
2025.11.26,14:45,15:00,Olympia,11,11,22
2025.11.26,15:00,15:15,Olympia,5,5,10
2025.11.26,15:15,15:30,Olympia,10,13,23
2025.11.26,15:30,15:45,Olympia,9,14,23
2025.11.26,15:45,16:00,Olympia,10,8,18
2025.11.26,16:00,16:15,Olympia,9,10,19
2025.11.26,16:15,16:30,Olympia,9,14,23
2025.11.26,16:30,16:45,Olympia,18,17,35
2025.11.26,16:45,17:00,Olympia,23,13,36
2025.11.26,17:00,17:15,Olympia,17,11,28
2025.11.26,17:15,17:30,Olympia,12,18,30
2025.11.26,17:30,17:45,Olympia,10,12,22
2025.11.26,17:45,18:00,Olympia,18,15,33
2025.11.26,18:00,18:15,Olympia,24,15,39
2025.11.26,18:15,18:30,Olympia,19,21,40
2025.11.26,18:30,18:45,Olympia,18,26,44
2025.11.26,18:45,19:00,Olympia,17,28,45
2025.11.26,19:00,19:15,Olympia,12,13,25
2025.11.26,19:15,19:30,Olympia,18,10,28
2025.11.26,19:30,19:45,Olympia,13,7,20
2025.11.26,19:45,20:00,Olympia,17,5,22
2025.11.26,20:00,20:15,Olympia,3,11,14
2025.11.26,20:15,20:30,Olympia,1,11,12
2025.11.26,20:30,20:45,Olympia,2,6,8
2025.11.26,20:45,21:00,Olympia,10,8,18
2025.11.26,21:00,21:15,Olympia,5,3,8
2025.11.26,21:15,21:30,Olympia,10,7,17
2025.11.26,21:30,21:45,Olympia,5,11,16
2025.11.26,21:45,22:00,Olympia,4,4,8
2025.11.26,22:00,22:15,Olympia,1,2,3
2025.11.26,22:15,22:30,Olympia,1,5,6
2025.11.26,22:30,22:45,Olympia,0,9,9
2025.11.26,22:45,23:00,Olympia,3,7,10
2025.11.26,23:00,23:15,Olympia,3,14,17
2025.11.26,23:15,23:30,Olympia,1,10,11
2025.11.26,23:30,23:45,Olympia,2,10,12
2025.11.26,23:45,00:00,Olympia,0,3,3
2025.11.27,00:00,00:15,Olympia,0,2,2
2025.11.27,00:15,00:30,Olympia,0,2,2
2025.11.27,00:30,00:45,Olympia,0,0,0
2025.11.27,00:45,01:00,Olympia,0,0,0
2025.11.27,01:00,01:15,Olympia,0,0,0
2025.11.27,01:15,01:30,Olympia,0,1,1
2025.11.27,01:30,01:45,Olympia,0,1,1
2025.11.27,01:45,02:00,Olympia,0,0,0
2025.11.27,02:00,02:15,Olympia,1,2,3
2025.11.27,02:15,02:30,Olympia,0,0,0
2025.11.27,02:30,02:45,Olympia,0,0,0
2025.11.27,02:45,03:00,Olympia,0,0,0
2025.11.27,03:00,03:15,Olympia,0,0,0
2025.11.27,03:15,03:30,Olympia,0,0,0
2025.11.27,03:30,03:45,Olympia,0,0,0
2025.11.27,03:45,04:00,Olympia,0,0,0
2025.11.27,04:00,04:15,Olympia,0,0,0
2025.11.27,04:15,04:30,Olympia,0,1,1
2025.11.27,04:30,04:45,Olympia,0,0,0
2025.11.27,04:45,05:00,Olympia,0,0,0
2025.11.27,05:00,05:15,Olympia,1,0,1
2025.11.27,05:15,05:30,Olympia,2,0,2
2025.11.27,05:30,05:45,Olympia,1,2,3
2025.11.27,05:45,06:00,Olympia,3,3,6
2025.11.27,06:00,06:15,Olympia,1,1,2
2025.11.27,06:15,06:30,Olympia,1,2,3
2025.11.27,06:30,06:45,Olympia,7,4,11
2025.11.27,06:45,07:00,Olympia,15,3,18
2025.11.27,07:00,07:15,Olympia,10,3,13
2025.11.27,07:15,07:30,Olympia,11,7,18
2025.11.27,07:30,07:45,Olympia,19,16,35
2025.11.27,07:45,08:00,Olympia,17,19,36
2025.11.27,08:00,08:15,Olympia,22,28,50
2025.11.27,08:15,08:30,Olympia,29,23,52
2025.11.27,08:30,08:45,Olympia,14,26,40
2025.11.27,08:45,09:00,Olympia,26,22,48
2025.11.27,09:00,09:15,Olympia,11,10,21
2025.11.27,09:15,09:30,Olympia,12,14,26
2025.11.27,09:30,09:45,Olympia,10,9,19
2025.11.27,09:45,10:00,Olympia,11,13,24
2025.11.27,10:00,10:15,Olympia,7,6,13
2025.11.27,10:15,10:30,Olympia,4,2,6
2025.11.27,10:30,10:45,Olympia,10,5,15
2025.11.27,10:45,11:00,Olympia,3,3,6
2025.11.27,11:00,11:15,Olympia,5,6,11
2025.11.27,11:15,11:30,Olympia,3,10,13
2025.11.27,11:30,11:45,Olympia,10,6,16
2025.11.27,11:45,12:00,Olympia,7,11,18
2025.11.27,12:00,12:15,Olympia,6,3,9
2025.11.27,12:15,12:30,Olympia,7,9,16
2025.11.27,12:30,12:45,Olympia,6,9,15
2025.11.27,12:45,13:00,Olympia,10,6,16
2025.11.27,13:00,13:15,Olympia,4,9,13
2025.11.27,13:15,13:30,Olympia,10,5,15
2025.11.27,13:30,13:45,Olympia,5,13,18
2025.11.27,13:45,14:00,Olympia,13,5,18
2025.11.27,14:00,14:15,Olympia,8,6,14
2025.11.27,14:15,14:30,Olympia,11,7,18
2025.11.27,14:30,14:45,Olympia,4,10,14
2025.11.27,14:45,15:00,Olympia,11,6,17
2025.11.27,15:00,15:15,Olympia,13,17,30
2025.11.27,15:15,15:30,Olympia,11,17,28
2025.11.27,15:30,15:45,Olympia,19,13,32
2025.11.27,15:45,16:00,Olympia,17,7,24
2025.11.27,16:00,16:15,Olympia,13,22,35
2025.11.27,16:15,16:30,Olympia,23,22,45
2025.11.27,16:30,16:45,Olympia,23,19,42
2025.11.27,16:45,17:00,Olympia,32,19,51
2025.11.27,17:00,17:15,Olympia,16,20,36
2025.11.27,17:15,17:30,Olympia,20,22,42
2025.11.27,17:30,17:45,Olympia,13,22,35
2025.11.27,17:45,18:00,Olympia,23,21,44
2025.11.27,18:00,18:15,Olympia,31,21,52
2025.11.27,18:15,18:30,Olympia,30,30,60
2025.11.27,18:30,18:45,Olympia,22,26,48
2025.11.27,18:45,19:00,Olympia,20,22,42
2025.11.27,19:00,19:15,Olympia,7,9,16
2025.11.27,19:15,19:30,Olympia,9,17,26
2025.11.27,19:30,19:45,Olympia,20,18,38
2025.11.27,19:45,20:00,Olympia,18,6,24
2025.11.27,20:00,20:15,Olympia,17,22,39
2025.11.27,20:15,20:30,Olympia,15,17,32
2025.11.27,20:30,20:45,Olympia,12,15,27
2025.11.27,20:45,21:00,Olympia,11,17,28
2025.11.27,21:00,21:15,Olympia,9,5,14
2025.11.27,21:15,21:30,Olympia,10,6,16
2025.11.27,21:30,21:45,Olympia,9,16,25
2025.11.27,21:45,22:00,Olympia,6,11,17
2025.11.27,22:00,22:15,Olympia,3,12,15
2025.11.27,22:15,22:30,Olympia,4,9,13
2025.11.27,22:30,22:45,Olympia,6,17,23
2025.11.27,22:45,23:00,Olympia,1,12,13
2025.11.27,23:00,23:15,Olympia,3,6,9
2025.11.27,23:15,23:30,Olympia,3,9,12
2025.11.27,23:30,23:45,Olympia,1,3,4
2025.11.27,23:45,00:00,Olympia,1,1,2
2025.11.28,00:00,00:15,Olympia,2,3,5
2025.11.28,00:15,00:30,Olympia,5,2,7
2025.11.28,00:30,00:45,Olympia,1,0,1
2025.11.28,00:45,01:00,Olympia,1,0,1
2025.11.28,01:00,01:15,Olympia,0,1,1
2025.11.28,01:15,01:30,Olympia,2,0,2
2025.11.28,01:30,01:45,Olympia,0,0,0
2025.11.28,01:45,02:00,Olympia,2,0,2
2025.11.28,02:00,02:15,Olympia,0,0,0
2025.11.28,02:15,02:30,Olympia,0,0,0
2025.11.28,02:30,02:45,Olympia,0,0,0
2025.11.28,02:45,03:00,Olympia,0,0,0
2025.11.28,03:00,03:15,Olympia,0,4,4
2025.11.28,03:15,03:30,Olympia,0,0,0
2025.11.28,03:30,03:45,Olympia,1,0,1
2025.11.28,03:45,04:00,Olympia,0,0,0
2025.11.28,04:00,04:15,Olympia,0,0,0
2025.11.28,04:15,04:30,Olympia,0,0,0
2025.11.28,04:30,04:45,Olympia,0,0,0
2025.11.28,04:45,05:00,Olympia,1,0,1
2025.11.28,05:00,05:15,Olympia,0,0,0
2025.11.28,05:15,05:30,Olympia,0,2,2
2025.11.28,05:30,05:45,Olympia,2,1,3
2025.11.28,05:45,06:00,Olympia,2,1,3
2025.11.28,06:00,06:15,Olympia,2,2,4
2025.11.28,06:15,06:30,Olympia,4,2,6
2025.11.28,06:30,06:45,Olympia,4,4,8
2025.11.28,06:45,07:00,Olympia,9,1,10
2025.11.28,07:00,07:15,Olympia,12,4,16
2025.11.28,07:15,07:30,Olympia,10,10,20
2025.11.28,07:30,07:45,Olympia,12,12,24
2025.11.28,07:45,08:00,Olympia,19,13,32
2025.11.28,08:00,08:15,Olympia,14,21,35
2025.11.28,08:15,08:30,Olympia,21,21,42
2025.11.28,08:30,08:45,Olympia,12,15,27
2025.11.28,08:45,09:00,Olympia,15,10,25
2025.11.28,09:00,09:15,Olympia,14,7,21
2025.11.28,09:15,09:30,Olympia,13,13,26
2025.11.28,09:30,09:45,Olympia,7,13,20
2025.11.28,09:45,10:00,Olympia,10,7,17
2025.11.28,10:00,10:15,Olympia,14,11,25
2025.11.28,10:15,10:30,Olympia,8,8,16
2025.11.28,10:30,10:45,Olympia,4,3,7
2025.11.28,10:45,11:00,Olympia,10,12,22
2025.11.28,11:00,11:15,Olympia,4,11,15
2025.11.28,11:15,11:30,Olympia,4,11,15
2025.11.28,11:30,11:45,Olympia,11,6,17
2025.11.28,11:45,12:00,Olympia,15,10,25
2025.11.28,12:00,12:15,Olympia,18,11,29
2025.11.28,12:15,12:30,Olympia,4,14,18
2025.11.28,12:30,12:45,Olympia,10,10,20
2025.11.28,12:45,13:00,Olympia,8,19,27
2025.11.28,13:00,13:15,Olympia,9,13,22
2025.11.28,13:15,13:30,Olympia,9,7,16
2025.11.28,13:30,13:45,Olympia,15,14,29
2025.11.28,13:45,14:00,Olympia,17,13,30
2025.11.28,14:00,14:15,Olympia,9,20,29
2025.11.28,14:15,14:30,Olympia,19,14,33
2025.11.28,14:30,14:45,Olympia,24,15,39
2025.11.28,14:45,15:00,Olympia,26,16,42
2025.11.28,15:00,15:15,Olympia,14,16,30
2025.11.28,15:15,15:30,Olympia,32,20,52
2025.11.28,15:30,15:45,Olympia,18,20,38
2025.11.28,15:45,16:00,Olympia,22,18,40
2025.11.28,16:00,16:15,Olympia,14,12,26
2025.11.28,16:15,16:30,Olympia,17,21,38
2025.11.28,16:30,16:45,Olympia,25,23,48
2025.11.28,16:45,17:00,Olympia,32,20,52
2025.11.28,17:00,17:15,Olympia,17,22,39
2025.11.28,17:15,17:30,Olympia,20,16,36
2025.11.28,17:30,17:45,Olympia,19,22,41
2025.11.28,17:45,18:00,Olympia,14,6,20
2025.11.28,18:00,18:15,Olympia,14,20,34
2025.11.28,18:15,18:30,Olympia,22,19,41
2025.11.28,18:30,18:45,Olympia,16,19,35
2025.11.28,18:45,19:00,Olympia,14,23,37
2025.11.28,19:00,19:15,Olympia,7,16,23
2025.11.28,19:15,19:30,Olympia,15,11,26
2025.11.28,19:30,19:45,Olympia,9,11,20
2025.11.28,19:45,20:00,Olympia,13,12,25
2025.11.28,20:00,20:15,Olympia,5,15,20
2025.11.28,20:15,20:30,Olympia,6,13,19
2025.11.28,20:30,20:45,Olympia,9,9,18
2025.11.28,20:45,21:00,Olympia,3,8,11
2025.11.28,21:00,21:15,Olympia,1,7,8
2025.11.28,21:15,21:30,Olympia,5,4,9
2025.11.28,21:30,21:45,Olympia,3,6,9
2025.11.28,21:45,22:00,Olympia,4,3,7
2025.11.28,22:00,22:15,Olympia,2,3,5
2025.11.28,22:15,22:30,Olympia,5,9,14
2025.11.28,22:30,22:45,Olympia,3,3,6
2025.11.28,22:45,23:00,Olympia,3,5,8
2025.11.28,23:00,23:15,Olympia,4,2,6
2025.11.28,23:15,23:30,Olympia,2,1,3
2025.11.28,23:30,23:45,Olympia,1,2,3
2025.11.28,23:45,00:00,Olympia,1,3,4
2025.11.29,00:00,00:15,Olympia,1,1,2
2025.11.29,00:15,00:30,Olympia,1,0,1
2025.11.29,00:30,00:45,Olympia,1,0,1
2025.11.29,00:45,01:00,Olympia,5,0,5
2025.11.29,01:00,01:15,Olympia,0,0,0
2025.11.29,01:15,01:30,Olympia,4,0,4
2025.11.29,01:30,01:45,Olympia,0,5,5
2025.11.29,01:45,02:00,Olympia,2,2,4
2025.11.29,02:00,02:15,Olympia,1,0,1
2025.11.29,02:15,02:30,Olympia,0,0,0
2025.11.29,02:30,02:45,Olympia,2,1,3
2025.11.29,02:45,03:00,Olympia,0,0,0
2025.11.29,03:00,03:15,Olympia,1,0,1
2025.11.29,03:15,03:30,Olympia,0,0,0
2025.11.29,03:30,03:45,Olympia,1,0,1
2025.11.29,03:45,04:00,Olympia,0,0,0
2025.11.29,04:00,04:15,Olympia,0,0,0
2025.11.29,04:15,04:30,Olympia,0,0,0
2025.11.29,04:30,04:45,Olympia,0,1,1
2025.11.29,04:45,05:00,Olympia,1,1,2
2025.11.29,05:00,05:15,Olympia,0,0,0
2025.11.29,05:15,05:30,Olympia,0,0,0
2025.11.29,05:30,05:45,Olympia,1,2,3
2025.11.29,05:45,06:00,Olympia,1,1,2
2025.11.29,06:00,06:15,Olympia,0,2,2
2025.11.29,06:15,06:30,Olympia,0,1,1
2025.11.29,06:30,06:45,Olympia,2,0,2
2025.11.29,06:45,07:00,Olympia,3,1,4
2025.11.29,07:00,07:15,Olympia,3,0,3
2025.11.29,07:15,07:30,Olympia,1,2,3
2025.11.29,07:30,07:45,Olympia,0,0,0
2025.11.29,07:45,08:00,Olympia,3,0,3
2025.11.29,08:00,08:15,Olympia,1,0,1
2025.11.29,08:15,08:30,Olympia,3,1,4
2025.11.29,08:30,08:45,Olympia,7,5,12
2025.11.29,08:45,09:00,Olympia,6,0,6
2025.11.29,09:00,09:15,Olympia,8,6,14
2025.11.29,09:15,09:30,Olympia,14,2,16
2025.11.29,09:30,09:45,Olympia,14,3,17
2025.11.29,09:45,10:00,Olympia,12,3,15
2025.11.29,10:00,10:15,Olympia,13,4,17
2025.11.29,10:15,10:30,Olympia,7,2,9
2025.11.29,10:30,10:45,Olympia,6,10,16
2025.11.29,10:45,11:00,Olympia,16,3,19
2025.11.29,11:00,11:15,Olympia,11,10,21
2025.11.29,11:15,11:30,Olympia,15,8,23
2025.11.29,11:30,11:45,Olympia,9,6,15
2025.11.29,11:45,12:00,Olympia,2,13,15
2025.11.29,12:00,12:15,Olympia,5,16,21
2025.11.29,12:15,12:30,Olympia,12,9,21
2025.11.29,12:30,12:45,Olympia,11,10,21
2025.11.29,12:45,13:00,Olympia,10,16,26
2025.11.29,13:00,13:15,Olympia,11,8,19
2025.11.29,13:15,13:30,Olympia,13,17,30
2025.11.29,13:30,13:45,Olympia,12,5,17
2025.11.29,13:45,14:00,Olympia,5,9,14
2025.11.29,14:00,14:15,Olympia,14,14,28
2025.11.29,14:15,14:30,Olympia,12,14,26
2025.11.29,14:30,14:45,Olympia,7,8,15
2025.11.29,14:45,15:00,Olympia,14,15,29
2025.11.29,15:00,15:15,Olympia,7,10,17
2025.11.29,15:15,15:30,Olympia,19,11,30
2025.11.29,15:30,15:45,Olympia,6,11,17
2025.11.29,15:45,16:00,Olympia,23,14,37
2025.11.29,16:00,16:15,Olympia,14,9,23
2025.11.29,16:15,16:30,Olympia,10,9,19
2025.11.29,16:30,16:45,Olympia,2,10,12
2025.11.29,16:45,17:00,Olympia,14,11,25
2025.11.29,17:00,17:15,Olympia,10,12,22
2025.11.29,17:15,17:30,Olympia,23,14,37
2025.11.29,17:30,17:45,Olympia,5,5,10
2025.11.29,17:45,18:00,Olympia,15,19,34
2025.11.29,18:00,18:15,Olympia,8,11,19
2025.11.29,18:15,18:30,Olympia,7,13,20
2025.11.29,18:30,18:45,Olympia,3,8,11
2025.11.29,18:45,19:00,Olympia,3,12,15
2025.11.29,19:00,19:15,Olympia,3,9,12
2025.11.29,19:15,19:30,Olympia,5,8,13
2025.11.29,19:30,19:45,Olympia,4,12,16
2025.11.29,19:45,20:00,Olympia,4,10,14
2025.11.29,20:00,20:15,Olympia,4,8,12
2025.11.29,20:15,20:30,Olympia,9,2,11
2025.11.29,20:30,20:45,Olympia,5,4,9
2025.11.29,20:45,21:00,Olympia,3,6,9
2025.11.29,21:00,21:15,Olympia,3,8,11
2025.11.29,21:15,21:30,Olympia,4,9,13
2025.11.29,21:30,21:45,Olympia,7,5,12
2025.11.29,21:45,22:00,Olympia,4,6,10
2025.11.29,22:00,22:15,Olympia,0,2,2
2025.11.29,22:15,22:30,Olympia,4,4,8
2025.11.29,22:30,22:45,Olympia,3,3,6
2025.11.29,22:45,23:00,Olympia,5,6,11
2025.11.29,23:00,23:15,Olympia,1,4,5
2025.11.29,23:15,23:30,Olympia,1,3,4
2025.11.29,23:30,23:45,Olympia,4,2,6
2025.11.29,23:45,00:00,Olympia,1,0,1
2025.11.30,00:00,00:15,Olympia,1,2,3
2025.11.30,00:15,00:30,Olympia,3,0,3
2025.11.30,00:30,00:45,Olympia,0,0,0
2025.11.30,00:45,01:00,Olympia,2,0,2
2025.11.30,01:00,01:15,Olympia,0,1,1
2025.11.30,01:15,01:30,Olympia,2,1,3
2025.11.30,01:30,01:45,Olympia,0,1,1
2025.11.30,01:45,02:00,Olympia,0,1,1
2025.11.30,02:00,02:15,Olympia,2,0,2
2025.11.30,02:15,02:30,Olympia,0,0,0
2025.11.30,02:30,02:45,Olympia,0,0,0
2025.11.30,02:45,03:00,Olympia,0,0,0
2025.11.30,03:00,03:15,Olympia,0,0,0
2025.11.30,03:15,03:30,Olympia,0,0,0
2025.11.30,03:30,03:45,Olympia,0,0,0
2025.11.30,03:45,04:00,Olympia,0,2,2
2025.11.30,04:00,04:15,Olympia,0,0,0
2025.11.30,04:15,04:30,Olympia,0,0,0
2025.11.30,04:30,04:45,Olympia,0,0,0
2025.11.30,04:45,05:00,Olympia,0,1,1
2025.11.30,05:00,05:15,Olympia,0,0,0
2025.11.30,05:15,05:30,Olympia,0,0,0
2025.11.30,05:30,05:45,Olympia,2,1,3
2025.11.30,05:45,06:00,Olympia,0,1,1
2025.11.30,06:00,06:15,Olympia,0,0,0
2025.11.30,06:15,06:30,Olympia,0,0,0
2025.11.30,06:30,06:45,Olympia,2,0,2
2025.11.30,06:45,07:00,Olympia,1,0,1
2025.11.30,07:00,07:15,Olympia,1,0,1
2025.11.30,07:15,07:30,Olympia,0,0,0
2025.11.30,07:30,07:45,Olympia,1,1,2
2025.11.30,07:45,08:00,Olympia,0,0,0
2025.11.30,08:00,08:15,Olympia,9,4,13
2025.11.30,08:15,08:30,Olympia,1,0,1
2025.11.30,08:30,08:45,Olympia,4,1,5
2025.11.30,08:45,09:00,Olympia,8,0,8
2025.11.30,09:00,09:15,Olympia,6,2,8
2025.11.30,09:15,09:30,Olympia,8,4,12
2025.11.30,09:30,09:45,Olympia,4,3,7
2025.11.30,09:45,10:00,Olympia,12,1,13
2025.11.30,10:00,10:15,Olympia,13,3,16
2025.11.30,10:15,10:30,Olympia,12,4,16
2025.11.30,10:30,10:45,Olympia,8,7,15
2025.11.30,10:45,11:00,Olympia,2,8,10
2025.11.30,11:00,11:15,Olympia,6,11,17
2025.11.30,11:15,11:30,Olympia,10,14,24
2025.11.30,11:30,11:45,Olympia,9,7,16
2025.11.30,11:45,12:00,Olympia,6,5,11
2025.11.30,12:00,12:15,Olympia,11,8,19
2025.11.30,12:15,12:30,Olympia,10,8,18
2025.11.30,12:30,12:45,Olympia,12,16,28
2025.11.30,12:45,13:00,Olympia,20,24,44
2025.11.30,13:00,13:15,Olympia,15,25,40
2025.11.30,13:15,13:30,Olympia,17,24,41
2025.11.30,13:30,13:45,Olympia,16,18,34
2025.11.30,13:45,14:00,Olympia,17,10,27
2025.11.30,14:00,14:15,Olympia,16,14,30
2025.11.30,14:15,14:30,Olympia,19,7,26
2025.11.30,14:30,14:45,Olympia,22,6,28
2025.11.30,14:45,15:00,Olympia,18,14,32
2025.11.30,15:00,15:15,Olympia,18,20,38
2025.11.30,15:15,15:30,Olympia,23,19,42
2025.11.30,15:30,15:45,Olympia,12,18,30
2025.11.30,15:45,16:00,Olympia,17,13,30
2025.11.30,16:00,16:15,Olympia,12,16,28
2025.11.30,16:15,16:30,Olympia,8,12,20
2025.11.30,16:30,16:45,Olympia,11,11,22
2025.11.30,16:45,17:00,Olympia,9,13,22
2025.11.30,17:00,17:15,Olympia,6,7,13
2025.11.30,17:15,17:30,Olympia,6,12,18
2025.11.30,17:30,17:45,Olympia,8,11,19
2025.11.30,17:45,18:00,Olympia,7,8,15
2025.11.30,18:00,18:15,Olympia,12,12,24
2025.11.30,18:15,18:30,Olympia,7,4,11
2025.11.30,18:30,18:45,Olympia,3,3,6
2025.11.30,18:45,19:00,Olympia,12,8,20
2025.11.30,19:00,19:15,Olympia,6,4,10
2025.11.30,19:15,19:30,Olympia,1,4,5
2025.11.30,19:30,19:45,Olympia,9,2,11
2025.11.30,19:45,20:00,Olympia,3,2,5
2025.11.30,20:00,20:15,Olympia,11,1,12
2025.11.30,20:15,20:30,Olympia,8,6,14
2025.11.30,20:30,20:45,Olympia,4,14,18
2025.11.30,20:45,21:00,Olympia,3,3,6
2025.11.30,21:00,21:15,Olympia,6,4,10
2025.11.30,21:15,21:30,Olympia,2,6,8
2025.11.30,21:30,21:45,Olympia,0,2,2
2025.11.30,21:45,22:00,Olympia,1,3,4
2025.11.30,22:00,22:15,Olympia,0,2,2
2025.11.30,22:15,22:30,Olympia,2,3,5
2025.11.30,22:30,22:45,Olympia,2,6,8
2025.11.30,22:45,23:00,Olympia,2,3,5
2025.11.30,23:00,23:15,Olympia,0,1,1
2025.11.30,23:15,23:30,Olympia,0,0,0
2025.11.30,23:30,23:45,Olympia,0,1,1
2025.11.30,23:45,00:00,Olympia,0,2,2
2025.11.01,00:00,00:15,Hirsch,0,0,0
2025.11.01,00:15,00:30,Hirsch,0,2,2
2025.11.01,00:30,00:45,Hirsch,4,0,4
2025.11.01,00:45,01:00,Hirsch,2,1,3
2025.11.01,01:00,01:15,Hirsch,4,1,5
2025.11.01,01:15,01:30,Hirsch,1,0,1
2025.11.01,01:30,01:45,Hirsch,1,0,1
2025.11.01,01:45,02:00,Hirsch,2,0,2
2025.11.01,02:00,02:15,Hirsch,5,0,5
2025.11.01,02:15,02:30,Hirsch,1,0,1
2025.11.01,02:30,02:45,Hirsch,0,0,0
2025.11.01,02:45,03:00,Hirsch,0,1,1
2025.11.01,03:00,03:15,Hirsch,0,0,0
2025.11.01,03:15,03:30,Hirsch,0,0,0
2025.11.01,03:30,03:45,Hirsch,3,0,3
2025.11.01,03:45,04:00,Hirsch,2,0,2
2025.11.01,04:00,04:15,Hirsch,0,0,0
2025.11.01,04:15,04:30,Hirsch,1,0,1
2025.11.01,04:30,04:45,Hirsch,1,0,1
2025.11.01,04:45,05:00,Hirsch,0,0,0
2025.11.01,05:00,05:15,Hirsch,1,1,2
2025.11.01,05:15,05:30,Hirsch,0,1,1
2025.11.01,05:30,05:45,Hirsch,0,1,1
2025.11.01,05:45,06:00,Hirsch,3,1,4
2025.11.01,06:00,06:15,Hirsch,0,1,1
2025.11.01,06:15,06:30,Hirsch,0,2,2
2025.11.01,06:30,06:45,Hirsch,0,0,0
2025.11.01,06:45,07:00,Hirsch,0,0,0
2025.11.01,07:00,07:15,Hirsch,1,1,2
2025.11.01,07:15,07:30,Hirsch,0,3,3
2025.11.01,07:30,07:45,Hirsch,0,3,3
2025.11.01,07:45,08:00,Hirsch,0,0,0
2025.11.01,08:00,08:15,Hirsch,1,3,4
2025.11.01,08:15,08:30,Hirsch,2,4,6
2025.11.01,08:30,08:45,Hirsch,1,6,7
2025.11.01,08:45,09:00,Hirsch,0,3,3
2025.11.01,09:00,09:15,Hirsch,2,2,4
2025.11.01,09:15,09:30,Hirsch,3,2,5
2025.11.01,09:30,09:45,Hirsch,3,8,11
2025.11.01,09:45,10:00,Hirsch,6,5,11
2025.11.01,10:00,10:15,Hirsch,1,4,5
2025.11.01,10:15,10:30,Hirsch,8,10,18
2025.11.01,10:30,10:45,Hirsch,6,16,22
2025.11.01,10:45,11:00,Hirsch,11,8,19
2025.11.01,11:00,11:15,Hirsch,8,12,20
2025.11.01,11:15,11:30,Hirsch,6,9,15
2025.11.01,11:30,11:45,Hirsch,5,13,18
2025.11.01,11:45,12:00,Hirsch,12,8,20
2025.11.01,12:00,12:15,Hirsch,7,10,17
2025.11.01,12:15,12:30,Hirsch,11,14,25
2025.11.01,12:30,12:45,Hirsch,5,7,12
2025.11.01,12:45,13:00,Hirsch,10,12,22
2025.11.01,13:00,13:15,Hirsch,11,9,20
2025.11.01,13:15,13:30,Hirsch,11,15,26
2025.11.01,13:30,13:45,Hirsch,21,21,42
2025.11.01,13:45,14:00,Hirsch,13,15,28
2025.11.01,14:00,14:15,Hirsch,16,9,25
2025.11.01,14:15,14:30,Hirsch,13,4,17
2025.11.01,14:30,14:45,Hirsch,12,9,21
2025.11.01,14:45,15:00,Hirsch,13,10,23
2025.11.01,15:00,15:15,Hirsch,18,11,29
2025.11.01,15:15,15:30,Hirsch,14,26,40
2025.11.01,15:30,15:45,Hirsch,6,8,14
2025.11.01,15:45,16:00,Hirsch,13,11,24
2025.11.01,16:00,16:15,Hirsch,6,10,16
2025.11.01,16:15,16:30,Hirsch,7,14,21
2025.11.01,16:30,16:45,Hirsch,9,8,17
2025.11.01,16:45,17:00,Hirsch,13,12,25
2025.11.01,17:00,17:15,Hirsch,11,7,18
2025.11.01,17:15,17:30,Hirsch,5,5,10
2025.11.01,17:30,17:45,Hirsch,8,10,18
2025.11.01,17:45,18:00,Hirsch,7,3,10
2025.11.01,18:00,18:15,Hirsch,6,8,14
2025.11.01,18:15,18:30,Hirsch,5,7,12
2025.11.01,18:30,18:45,Hirsch,4,6,10
2025.11.01,18:45,19:00,Hirsch,1,12,13
2025.11.01,19:00,19:15,Hirsch,2,7,9
2025.11.01,19:15,19:30,Hirsch,6,4,10
2025.11.01,19:30,19:45,Hirsch,11,4,15
2025.11.01,19:45,20:00,Hirsch,2,4,6
2025.11.01,20:00,20:15,Hirsch,7,6,13
2025.11.01,20:15,20:30,Hirsch,2,2,4
2025.11.01,20:30,20:45,Hirsch,1,2,3
2025.11.01,20:45,21:00,Hirsch,3,1,4
2025.11.01,21:00,21:15,Hirsch,5,2,7
2025.11.01,21:15,21:30,Hirsch,3,2,5
2025.11.01,21:30,21:45,Hirsch,2,1,3
2025.11.01,21:45,22:00,Hirsch,3,0,3
2025.11.01,22:00,22:15,Hirsch,1,0,1
2025.11.01,22:15,22:30,Hirsch,1,0,1
2025.11.01,22:30,22:45,Hirsch,1,2,3
2025.11.01,22:45,23:00,Hirsch,5,1,6
2025.11.01,23:00,23:15,Hirsch,5,1,6
2025.11.01,23:15,23:30,Hirsch,2,0,2
2025.11.01,23:30,23:45,Hirsch,5,0,5
2025.11.01,23:45,00:00,Hirsch,3,0,3
2025.11.02,00:00,00:15,Hirsch,3,5,8
2025.11.02,00:15,00:30,Hirsch,2,0,2
2025.11.02,00:30,00:45,Hirsch,0,0,0
2025.11.02,00:45,01:00,Hirsch,0,1,1
2025.11.02,01:00,01:15,Hirsch,0,0,0
2025.11.02,01:15,01:30,Hirsch,3,0,3
2025.11.02,01:30,01:45,Hirsch,1,0,1
2025.11.02,01:45,02:00,Hirsch,3,1,4
2025.11.02,02:00,02:15,Hirsch,0,0,0
2025.11.02,02:15,02:30,Hirsch,1,0,1
2025.11.02,02:30,02:45,Hirsch,0,0,0
2025.11.02,02:45,03:00,Hirsch,3,1,4
2025.11.02,03:00,03:15,Hirsch,0,0,0
2025.11.02,03:15,03:30,Hirsch,0,0,0
2025.11.02,03:30,03:45,Hirsch,0,0,0
2025.11.02,03:45,04:00,Hirsch,0,0,0
2025.11.02,04:00,04:15,Hirsch,0,0,0
2025.11.02,04:15,04:30,Hirsch,0,0,0
2025.11.02,04:30,04:45,Hirsch,0,0,0
2025.11.02,04:45,05:00,Hirsch,0,1,1
2025.11.02,05:00,05:15,Hirsch,0,2,2
2025.11.02,05:15,05:30,Hirsch,0,0,0
2025.11.02,05:30,05:45,Hirsch,1,1,2
2025.11.02,05:45,06:00,Hirsch,1,0,1
2025.11.02,06:00,06:15,Hirsch,1,0,1
2025.11.02,06:15,06:30,Hirsch,0,0,0
2025.11.02,06:30,06:45,Hirsch,0,0,0
2025.11.02,06:45,07:00,Hirsch,0,1,1
2025.11.02,07:00,07:15,Hirsch,0,1,1
2025.11.02,07:15,07:30,Hirsch,0,1,1
2025.11.02,07:30,07:45,Hirsch,1,0,1
2025.11.02,07:45,08:00,Hirsch,0,0,0
2025.11.02,08:00,08:15,Hirsch,0,1,1
2025.11.02,08:15,08:30,Hirsch,0,1,1
2025.11.02,08:30,08:45,Hirsch,0,0,0
2025.11.02,08:45,09:00,Hirsch,1,0,1
2025.11.02,09:00,09:15,Hirsch,0,5,5
2025.11.02,09:15,09:30,Hirsch,0,2,2
2025.11.02,09:30,09:45,Hirsch,0,1,1
2025.11.02,09:45,10:00,Hirsch,2,2,4
2025.11.02,10:00,10:15,Hirsch,0,4,4
2025.11.02,10:15,10:30,Hirsch,3,6,9
2025.11.02,10:30,10:45,Hirsch,4,3,7
2025.11.02,10:45,11:00,Hirsch,2,3,5
2025.11.02,11:00,11:15,Hirsch,1,1,2
2025.11.02,11:15,11:30,Hirsch,1,1,2
2025.11.02,11:30,11:45,Hirsch,0,2,2
2025.11.02,11:45,12:00,Hirsch,0,0,0
2025.11.02,12:00,12:15,Hirsch,2,5,7
2025.11.02,12:15,12:30,Hirsch,3,0,3
2025.11.02,12:30,12:45,Hirsch,0,3,3
2025.11.02,12:45,13:00,Hirsch,2,5,7
2025.11.02,13:00,13:15,Hirsch,3,3,6
2025.11.02,13:15,13:30,Hirsch,5,6,11
2025.11.02,13:30,13:45,Hirsch,2,3,5
2025.11.02,13:45,14:00,Hirsch,4,8,12
2025.11.02,14:00,14:15,Hirsch,1,3,4
2025.11.02,14:15,14:30,Hirsch,5,1,6
2025.11.02,14:30,14:45,Hirsch,0,3,3
2025.11.02,14:45,15:00,Hirsch,4,3,7
2025.11.02,15:00,15:15,Hirsch,2,1,3
2025.11.02,15:15,15:30,Hirsch,2,3,5
2025.11.02,15:30,15:45,Hirsch,3,5,8
2025.11.02,15:45,16:00,Hirsch,4,2,6
2025.11.02,16:00,16:15,Hirsch,5,4,9
2025.11.02,16:15,16:30,Hirsch,2,4,6
2025.11.02,16:30,16:45,Hirsch,3,4,7
2025.11.02,16:45,17:00,Hirsch,2,1,3
2025.11.02,17:00,17:15,Hirsch,7,2,9
2025.11.02,17:15,17:30,Hirsch,3,1,4
2025.11.02,17:30,17:45,Hirsch,2,5,7
2025.11.02,17:45,18:00,Hirsch,2,2,4
2025.11.02,18:00,18:15,Hirsch,2,1,3
2025.11.02,18:15,18:30,Hirsch,5,2,7
2025.11.02,18:30,18:45,Hirsch,1,0,1
2025.11.02,18:45,19:00,Hirsch,0,2,2
2025.11.02,19:00,19:15,Hirsch,1,1,2
2025.11.02,19:15,19:30,Hirsch,1,2,3
2025.11.02,19:30,19:45,Hirsch,2,0,2
2025.11.02,19:45,20:00,Hirsch,2,2,4
2025.11.02,20:00,20:15,Hirsch,2,0,2
2025.11.02,20:15,20:30,Hirsch,1,2,3
2025.11.02,20:30,20:45,Hirsch,0,1,1
2025.11.02,20:45,21:00,Hirsch,0,0,0
2025.11.02,21:00,21:15,Hirsch,2,0,2
2025.11.02,21:15,21:30,Hirsch,1,1,2
2025.11.02,21:30,21:45,Hirsch,0,0,0
2025.11.02,21:45,22:00,Hirsch,2,0,2
2025.11.02,22:00,22:15,Hirsch,1,0,1
2025.11.02,22:15,22:30,Hirsch,1,0,1
2025.11.02,22:30,22:45,Hirsch,0,0,0
2025.11.02,22:45,23:00,Hirsch,0,1,1
2025.11.02,23:00,23:15,Hirsch,4,1,5
2025.11.02,23:15,23:30,Hirsch,0,0,0
2025.11.02,23:30,23:45,Hirsch,0,0,0
2025.11.02,23:45,00:00,Hirsch,0,0,0
2025.11.03,00:00,00:15,Hirsch,0,0,0
2025.11.03,00:15,00:30,Hirsch,2,0,2
2025.11.03,00:30,00:45,Hirsch,0,0,0
2025.11.03,00:45,01:00,Hirsch,0,0,0
2025.11.03,01:00,01:15,Hirsch,0,0,0
2025.11.03,01:15,01:30,Hirsch,0,0,0
2025.11.03,01:30,01:45,Hirsch,0,0,0
2025.11.03,01:45,02:00,Hirsch,0,0,0
2025.11.03,02:00,02:15,Hirsch,0,0,0
2025.11.03,02:15,02:30,Hirsch,1,0,1
2025.11.03,02:30,02:45,Hirsch,0,0,0
2025.11.03,02:45,03:00,Hirsch,0,2,2
2025.11.03,03:00,03:15,Hirsch,0,0,0
2025.11.03,03:15,03:30,Hirsch,0,1,1
2025.11.03,03:30,03:45,Hirsch,0,0,0
2025.11.03,03:45,04:00,Hirsch,0,0,0
2025.11.03,04:00,04:15,Hirsch,0,0,0
2025.11.03,04:15,04:30,Hirsch,0,1,1
2025.11.03,04:30,04:45,Hirsch,0,0,0
2025.11.03,04:45,05:00,Hirsch,0,0,0
2025.11.03,05:00,05:15,Hirsch,1,0,1
2025.11.03,05:15,05:30,Hirsch,0,1,1
2025.11.03,05:30,05:45,Hirsch,1,5,6
2025.11.03,05:45,06:00,Hirsch,1,11,12
2025.11.03,06:00,06:15,Hirsch,0,3,3
2025.11.03,06:15,06:30,Hirsch,3,10,13
2025.11.03,06:30,06:45,Hirsch,2,13,15
2025.11.03,06:45,07:00,Hirsch,6,13,19
2025.11.03,07:00,07:15,Hirsch,5,33,38
2025.11.03,07:15,07:30,Hirsch,10,32,42
2025.11.03,07:30,07:45,Hirsch,4,55,59
2025.11.03,07:45,08:00,Hirsch,13,54,67
2025.11.03,08:00,08:15,Hirsch,4,69,73
2025.11.03,08:15,08:30,Hirsch,12,73,85
2025.11.03,08:30,08:45,Hirsch,16,74,90
2025.11.03,08:45,09:00,Hirsch,12,55,67
2025.11.03,09:00,09:15,Hirsch,10,41,51
2025.11.03,09:15,09:30,Hirsch,7,26,33
2025.11.03,09:30,09:45,Hirsch,8,20,28
2025.11.03,09:45,10:00,Hirsch,3,16,19
2025.11.03,10:00,10:15,Hirsch,6,10,16
2025.11.03,10:15,10:30,Hirsch,4,10,14
2025.11.03,10:30,10:45,Hirsch,2,11,13
2025.11.03,10:45,11:00,Hirsch,5,16,21
2025.11.03,11:00,11:15,Hirsch,4,7,11
2025.11.03,11:15,11:30,Hirsch,6,10,16
2025.11.03,11:30,11:45,Hirsch,3,10,13
2025.11.03,11:45,12:00,Hirsch,5,3,8
2025.11.03,12:00,12:15,Hirsch,6,5,11
2025.11.03,12:15,12:30,Hirsch,7,11,18
2025.11.03,12:30,12:45,Hirsch,13,10,23
2025.11.03,12:45,13:00,Hirsch,12,4,16
2025.11.03,13:00,13:15,Hirsch,16,7,23
2025.11.03,13:15,13:30,Hirsch,10,9,19
2025.11.03,13:30,13:45,Hirsch,4,14,18
2025.11.03,13:45,14:00,Hirsch,5,7,12
2025.11.03,14:00,14:15,Hirsch,14,14,28
2025.11.03,14:15,14:30,Hirsch,18,0,18
2025.11.03,14:30,14:45,Hirsch,16,10,26
2025.11.03,14:45,15:00,Hirsch,9,11,20
2025.11.03,15:00,15:15,Hirsch,15,12,27
2025.11.03,15:15,15:30,Hirsch,21,6,27
2025.11.03,15:30,15:45,Hirsch,21,10,31
2025.11.03,15:45,16:00,Hirsch,25,6,31
2025.11.03,16:00,16:15,Hirsch,24,6,30
2025.11.03,16:15,16:30,Hirsch,32,15,47
2025.11.03,16:30,16:45,Hirsch,35,13,48
2025.11.03,16:45,17:00,Hirsch,51,14,65
2025.11.03,17:00,17:15,Hirsch,36,17,53
2025.11.03,17:15,17:30,Hirsch,39,12,51
2025.11.03,17:30,17:45,Hirsch,36,7,43
2025.11.03,17:45,18:00,Hirsch,48,13,61
2025.11.03,18:00,18:15,Hirsch,33,8,41
2025.11.03,18:15,18:30,Hirsch,45,12,57
2025.11.03,18:30,18:45,Hirsch,41,10,51
2025.11.03,18:45,19:00,Hirsch,26,9,35
2025.11.03,19:00,19:15,Hirsch,24,5,29
2025.11.03,19:15,19:30,Hirsch,19,5,24
2025.11.03,19:30,19:45,Hirsch,18,3,21
2025.11.03,19:45,20:00,Hirsch,13,10,23
2025.11.03,20:00,20:15,Hirsch,10,3,13
2025.11.03,20:15,20:30,Hirsch,10,6,16
2025.11.03,20:30,20:45,Hirsch,10,2,12
2025.11.03,20:45,21:00,Hirsch,8,4,12
2025.11.03,21:00,21:15,Hirsch,10,4,14
2025.11.03,21:15,21:30,Hirsch,5,5,10
2025.11.03,21:30,21:45,Hirsch,7,3,10
2025.11.03,21:45,22:00,Hirsch,3,1,4
2025.11.03,22:00,22:15,Hirsch,5,3,8
2025.11.03,22:15,22:30,Hirsch,6,3,9
2025.11.03,22:30,22:45,Hirsch,6,0,6
2025.11.03,22:45,23:00,Hirsch,1,1,2
2025.11.03,23:00,23:15,Hirsch,3,1,4
2025.11.03,23:15,23:30,Hirsch,2,0,2
2025.11.03,23:30,23:45,Hirsch,3,0,3
2025.11.03,23:45,00:00,Hirsch,4,0,4
2025.11.04,00:00,00:15,Hirsch,0,0,0
2025.11.04,00:15,00:30,Hirsch,1,0,1
2025.11.04,00:30,00:45,Hirsch,0,0,0
2025.11.04,00:45,01:00,Hirsch,0,0,0
2025.11.04,01:00,01:15,Hirsch,0,0,0
2025.11.04,01:15,01:30,Hirsch,0,0,0
2025.11.04,01:30,01:45,Hirsch,1,0,1
2025.11.04,01:45,02:00,Hirsch,0,0,0
2025.11.04,02:00,02:15,Hirsch,0,0,0
2025.11.04,02:15,02:30,Hirsch,0,0,0
2025.11.04,02:30,02:45,Hirsch,0,0,0
2025.11.04,02:45,03:00,Hirsch,0,0,0
2025.11.04,03:00,03:15,Hirsch,0,0,0
2025.11.04,03:15,03:30,Hirsch,1,0,1
2025.11.04,03:30,03:45,Hirsch,0,0,0
2025.11.04,03:45,04:00,Hirsch,0,0,0
2025.11.04,04:00,04:15,Hirsch,0,0,0
2025.11.04,04:15,04:30,Hirsch,0,1,1
2025.11.04,04:30,04:45,Hirsch,0,0,0
2025.11.04,04:45,05:00,Hirsch,0,0,0
2025.11.04,05:00,05:15,Hirsch,0,3,3
2025.11.04,05:15,05:30,Hirsch,2,2,4
2025.11.04,05:30,05:45,Hirsch,1,2,3
2025.11.04,05:45,06:00,Hirsch,0,10,10
2025.11.04,06:00,06:15,Hirsch,2,6,8
2025.11.04,06:15,06:30,Hirsch,1,9,10
2025.11.04,06:30,06:45,Hirsch,2,20,22
2025.11.04,06:45,07:00,Hirsch,6,26,32
2025.11.04,07:00,07:15,Hirsch,6,27,33
2025.11.04,07:15,07:30,Hirsch,4,45,49
2025.11.04,07:30,07:45,Hirsch,14,63,77
2025.11.04,07:45,08:00,Hirsch,10,68,78
2025.11.04,08:00,08:15,Hirsch,5,62,67
2025.11.04,08:15,08:30,Hirsch,13,95,108
2025.11.04,08:30,08:45,Hirsch,18,94,112
2025.11.04,08:45,09:00,Hirsch,14,64,78
2025.11.04,09:00,09:15,Hirsch,13,32,45
2025.11.04,09:15,09:30,Hirsch,9,39,48
2025.11.04,09:30,09:45,Hirsch,10,36,46
2025.11.04,09:45,10:00,Hirsch,4,15,19
2025.11.04,10:00,10:15,Hirsch,2,12,14
2025.11.04,10:15,10:30,Hirsch,6,23,29
2025.11.04,10:30,10:45,Hirsch,3,19,22
2025.11.04,10:45,11:00,Hirsch,9,11,20
2025.11.04,11:00,11:15,Hirsch,6,11,17
2025.11.04,11:15,11:30,Hirsch,11,16,27
2025.11.04,11:30,11:45,Hirsch,9,10,19
2025.11.04,11:45,12:00,Hirsch,8,10,18
2025.11.04,12:00,12:15,Hirsch,5,13,18
2025.11.04,12:15,12:30,Hirsch,13,11,24
2025.11.04,12:30,12:45,Hirsch,15,4,19
2025.11.04,12:45,13:00,Hirsch,8,7,15
2025.11.04,13:00,13:15,Hirsch,7,8,15
2025.11.04,13:15,13:30,Hirsch,20,9,29
2025.11.04,13:30,13:45,Hirsch,19,9,28
2025.11.04,13:45,14:00,Hirsch,12,13,25
2025.11.04,14:00,14:15,Hirsch,25,7,32
2025.11.04,14:15,14:30,Hirsch,23,8,31
2025.11.04,14:30,14:45,Hirsch,12,11,23
2025.11.04,14:45,15:00,Hirsch,14,6,20
2025.11.04,15:00,15:15,Hirsch,11,11,22
2025.11.04,15:15,15:30,Hirsch,23,13,36
2025.11.04,15:30,15:45,Hirsch,25,8,33
2025.11.04,15:45,16:00,Hirsch,35,6,41
2025.11.04,16:00,16:15,Hirsch,33,12,45
2025.11.04,16:15,16:30,Hirsch,40,13,53
2025.11.04,16:30,16:45,Hirsch,43,24,67
2025.11.04,16:45,17:00,Hirsch,43,13,56
2025.11.04,17:00,17:15,Hirsch,44,16,60
2025.11.04,17:15,17:30,Hirsch,55,16,71
2025.11.04,17:30,17:45,Hirsch,44,14,58
2025.11.04,17:45,18:00,Hirsch,48,10,58
2025.11.04,18:00,18:15,Hirsch,46,14,60
2025.11.04,18:15,18:30,Hirsch,39,19,58
2025.11.04,18:30,18:45,Hirsch,46,16,62
2025.11.04,18:45,19:00,Hirsch,33,8,41
2025.11.04,19:00,19:15,Hirsch,25,15,40
2025.11.04,19:15,19:30,Hirsch,17,13,30
2025.11.04,19:30,19:45,Hirsch,20,3,23
2025.11.04,19:45,20:00,Hirsch,16,8,24
2025.11.04,20:00,20:15,Hirsch,9,6,15
2025.11.04,20:15,20:30,Hirsch,15,8,23
2025.11.04,20:30,20:45,Hirsch,9,6,15
2025.11.04,20:45,21:00,Hirsch,6,1,7
2025.11.04,21:00,21:15,Hirsch,7,1,8
2025.11.04,21:15,21:30,Hirsch,8,0,8
2025.11.04,21:30,21:45,Hirsch,8,6,14
2025.11.04,21:45,22:00,Hirsch,5,5,10
2025.11.04,22:00,22:15,Hirsch,12,1,13
2025.11.04,22:15,22:30,Hirsch,11,1,12
2025.11.04,22:30,22:45,Hirsch,12,2,14
2025.11.04,22:45,23:00,Hirsch,10,0,10
2025.11.04,23:00,23:15,Hirsch,21,3,24
2025.11.04,23:15,23:30,Hirsch,9,0,9
2025.11.04,23:30,23:45,Hirsch,10,1,11
2025.11.04,23:45,00:00,Hirsch,4,1,5
2025.11.05,00:00,00:15,Hirsch,1,0,1
2025.11.05,00:15,00:30,Hirsch,1,0,1
2025.11.05,00:30,00:45,Hirsch,0,1,1
2025.11.05,00:45,01:00,Hirsch,1,0,1
2025.11.05,01:00,01:15,Hirsch,2,0,2
2025.11.05,01:15,01:30,Hirsch,1,0,1
2025.11.05,01:30,01:45,Hirsch,0,0,0
2025.11.05,01:45,02:00,Hirsch,1,0,1
2025.11.05,02:00,02:15,Hirsch,0,0,0
2025.11.05,02:15,02:30,Hirsch,0,0,0
2025.11.05,02:30,02:45,Hirsch,0,0,0
2025.11.05,02:45,03:00,Hirsch,1,0,1
2025.11.05,03:00,03:15,Hirsch,1,1,2
2025.11.05,03:15,03:30,Hirsch,1,0,1
2025.11.05,03:30,03:45,Hirsch,0,0,0
2025.11.05,03:45,04:00,Hirsch,0,0,0
2025.11.05,04:00,04:15,Hirsch,0,0,0
2025.11.05,04:15,04:30,Hirsch,0,0,0
2025.11.05,04:30,04:45,Hirsch,0,0,0
2025.11.05,04:45,05:00,Hirsch,0,2,2
2025.11.05,05:00,05:15,Hirsch,0,2,2
2025.11.05,05:15,05:30,Hirsch,3,1,4
2025.11.05,05:30,05:45,Hirsch,1,4,5
2025.11.05,05:45,06:00,Hirsch,1,9,10
2025.11.05,06:00,06:15,Hirsch,1,7,8
2025.11.05,06:15,06:30,Hirsch,2,10,12
2025.11.05,06:30,06:45,Hirsch,4,21,25
2025.11.05,06:45,07:00,Hirsch,1,19,20
2025.11.05,07:00,07:15,Hirsch,5,29,34
2025.11.05,07:15,07:30,Hirsch,6,22,28
2025.11.05,07:30,07:45,Hirsch,10,64,74
2025.11.05,07:45,08:00,Hirsch,15,80,95
2025.11.05,08:00,08:15,Hirsch,3,74,77
2025.11.05,08:15,08:30,Hirsch,20,66,86
2025.11.05,08:30,08:45,Hirsch,15,82,97
2025.11.05,08:45,09:00,Hirsch,11,70,81
2025.11.05,09:00,09:15,Hirsch,9,41,50
2025.11.05,09:15,09:30,Hirsch,5,44,49
2025.11.05,09:30,09:45,Hirsch,8,20,28
2025.11.05,09:45,10:00,Hirsch,4,17,21
2025.11.05,10:00,10:15,Hirsch,8,21,29
2025.11.05,10:15,10:30,Hirsch,4,15,19
2025.11.05,10:30,10:45,Hirsch,3,13,16
2025.11.05,10:45,11:00,Hirsch,6,15,21
2025.11.05,11:00,11:15,Hirsch,5,5,10
2025.11.05,11:15,11:30,Hirsch,3,12,15
2025.11.05,11:30,11:45,Hirsch,3,6,9
2025.11.05,11:45,12:00,Hirsch,2,16,18
2025.11.05,12:00,12:15,Hirsch,11,9,20
2025.11.05,12:15,12:30,Hirsch,9,9,18
2025.11.05,12:30,12:45,Hirsch,12,10,22
2025.11.05,12:45,13:00,Hirsch,11,17,28
2025.11.05,13:00,13:15,Hirsch,20,13,33
2025.11.05,13:15,13:30,Hirsch,12,16,28
2025.11.05,13:30,13:45,Hirsch,15,16,31
2025.11.05,13:45,14:00,Hirsch,13,10,23
2025.11.05,14:00,14:15,Hirsch,14,10,24
2025.11.05,14:15,14:30,Hirsch,21,9,30
2025.11.05,14:30,14:45,Hirsch,23,9,32
2025.11.05,14:45,15:00,Hirsch,24,9,33
2025.11.05,15:00,15:15,Hirsch,18,6,24
2025.11.05,15:15,15:30,Hirsch,19,15,34
2025.11.05,15:30,15:45,Hirsch,26,11,37
2025.11.05,15:45,16:00,Hirsch,35,10,45
2025.11.05,16:00,16:15,Hirsch,28,10,38
2025.11.05,16:15,16:30,Hirsch,40,15,55
2025.11.05,16:30,16:45,Hirsch,48,10,58
2025.11.05,16:45,17:00,Hirsch,31,14,45
2025.11.05,17:00,17:15,Hirsch,40,17,57
2025.11.05,17:15,17:30,Hirsch,36,15,51
2025.11.05,17:30,17:45,Hirsch,39,22,61
2025.11.05,17:45,18:00,Hirsch,60,9,69
2025.11.05,18:00,18:15,Hirsch,36,15,51
2025.11.05,18:15,18:30,Hirsch,42,16,58
2025.11.05,18:30,18:45,Hirsch,46,20,66
2025.11.05,18:45,19:00,Hirsch,24,11,35
2025.11.05,19:00,19:15,Hirsch,21,12,33
2025.11.05,19:15,19:30,Hirsch,25,16,41
2025.11.05,19:30,19:45,Hirsch,24,11,35
2025.11.05,19:45,20:00,Hirsch,23,6,29
2025.11.05,20:00,20:15,Hirsch,16,5,21
2025.11.05,20:15,20:30,Hirsch,7,3,10
2025.11.05,20:30,20:45,Hirsch,9,3,12
2025.11.05,20:45,21:00,Hirsch,7,3,10
2025.11.05,21:00,21:15,Hirsch,11,0,11
2025.11.05,21:15,21:30,Hirsch,9,3,12
2025.11.05,21:30,21:45,Hirsch,10,3,13
2025.11.05,21:45,22:00,Hirsch,9,2,11
2025.11.05,22:00,22:15,Hirsch,7,3,10
2025.11.05,22:15,22:30,Hirsch,4,7,11
2025.11.05,22:30,22:45,Hirsch,10,0,10
2025.11.05,22:45,23:00,Hirsch,13,2,15
2025.11.05,23:00,23:15,Hirsch,10,0,10
2025.11.05,23:15,23:30,Hirsch,14,0,14
2025.11.05,23:30,23:45,Hirsch,8,0,8
2025.11.05,23:45,00:00,Hirsch,1,1,2
2025.11.06,00:00,00:15,Hirsch,1,0,1
2025.11.06,00:15,00:30,Hirsch,2,0,2
2025.11.06,00:30,00:45,Hirsch,2,0,2
2025.11.06,00:45,01:00,Hirsch,0,0,0
2025.11.06,01:00,01:15,Hirsch,1,0,1
2025.11.06,01:15,01:30,Hirsch,0,0,0
2025.11.06,01:30,01:45,Hirsch,2,0,2
2025.11.06,01:45,02:00,Hirsch,0,0,0
2025.11.06,02:00,02:15,Hirsch,0,0,0
2025.11.06,02:15,02:30,Hirsch,1,0,1
2025.11.06,02:30,02:45,Hirsch,0,0,0
2025.11.06,02:45,03:00,Hirsch,0,0,0
2025.11.06,03:00,03:15,Hirsch,0,0,0
2025.11.06,03:15,03:30,Hirsch,0,0,0
2025.11.06,03:30,03:45,Hirsch,0,1,1
2025.11.06,03:45,04:00,Hirsch,0,0,0
2025.11.06,04:00,04:15,Hirsch,0,1,1
2025.11.06,04:15,04:30,Hirsch,0,0,0
2025.11.06,04:30,04:45,Hirsch,0,0,0
2025.11.06,04:45,05:00,Hirsch,0,0,0
2025.11.06,05:00,05:15,Hirsch,1,1,2
2025.11.06,05:15,05:30,Hirsch,1,2,3
2025.11.06,05:30,05:45,Hirsch,1,2,3
2025.11.06,05:45,06:00,Hirsch,1,11,12
2025.11.06,06:00,06:15,Hirsch,3,4,7
2025.11.06,06:15,06:30,Hirsch,1,8,9
2025.11.06,06:30,06:45,Hirsch,4,22,26
2025.11.06,06:45,07:00,Hirsch,3,27,30
2025.11.06,07:00,07:15,Hirsch,3,27,30
2025.11.06,07:15,07:30,Hirsch,3,31,34
2025.11.06,07:30,07:45,Hirsch,7,56,63
2025.11.06,07:45,08:00,Hirsch,13,83,96
2025.11.06,08:00,08:15,Hirsch,7,64,71
2025.11.06,08:15,08:30,Hirsch,11,77,88
2025.11.06,08:30,08:45,Hirsch,16,80,96
2025.11.06,08:45,09:00,Hirsch,12,56,68
2025.11.06,09:00,09:15,Hirsch,8,41,49
2025.11.06,09:15,09:30,Hirsch,8,30,38
2025.11.06,09:30,09:45,Hirsch,5,29,34
2025.11.06,09:45,10:00,Hirsch,4,18,22
2025.11.06,10:00,10:15,Hirsch,3,11,14
2025.11.06,10:15,10:30,Hirsch,4,18,22
2025.11.06,10:30,10:45,Hirsch,6,15,21
2025.11.06,10:45,11:00,Hirsch,5,11,16
2025.11.06,11:00,11:15,Hirsch,3,15,18
2025.11.06,11:15,11:30,Hirsch,2,10,12
2025.11.06,11:30,11:45,Hirsch,3,8,11
2025.11.06,11:45,12:00,Hirsch,7,6,13
2025.11.06,12:00,12:15,Hirsch,8,11,19
2025.11.06,12:15,12:30,Hirsch,7,7,14
2025.11.06,12:30,12:45,Hirsch,14,14,28
2025.11.06,12:45,13:00,Hirsch,3,3,6
2025.11.06,13:00,13:15,Hirsch,14,7,21
2025.11.06,13:15,13:30,Hirsch,17,7,24
2025.11.06,13:30,13:45,Hirsch,12,3,15
2025.11.06,13:45,14:00,Hirsch,15,6,21
2025.11.06,14:00,14:15,Hirsch,17,7,24
2025.11.06,14:15,14:30,Hirsch,18,5,23
2025.11.06,14:30,14:45,Hirsch,15,9,24
2025.11.06,14:45,15:00,Hirsch,11,5,16
2025.11.06,15:00,15:15,Hirsch,13,4,17
2025.11.06,15:15,15:30,Hirsch,15,12,27
2025.11.06,15:30,15:45,Hirsch,16,7,23
2025.11.06,15:45,16:00,Hirsch,15,10,25
2025.11.06,16:00,16:15,Hirsch,23,9,32
2025.11.06,16:15,16:30,Hirsch,29,11,40
2025.11.06,16:30,16:45,Hirsch,32,5,37
2025.11.06,16:45,17:00,Hirsch,32,4,36
2025.11.06,17:00,17:15,Hirsch,42,10,52
2025.11.06,17:15,17:30,Hirsch,46,13,59
2025.11.06,17:30,17:45,Hirsch,36,18,54
2025.11.06,17:45,18:00,Hirsch,34,16,50
2025.11.06,18:00,18:15,Hirsch,45,17,62
2025.11.06,18:15,18:30,Hirsch,39,10,49
2025.11.06,18:30,18:45,Hirsch,34,16,50
2025.11.06,18:45,19:00,Hirsch,24,7,31
2025.11.06,19:00,19:15,Hirsch,27,8,35
2025.11.06,19:15,19:30,Hirsch,16,6,22
2025.11.06,19:30,19:45,Hirsch,18,5,23
2025.11.06,19:45,20:00,Hirsch,19,7,26
2025.11.06,20:00,20:15,Hirsch,14,8,22
2025.11.06,20:15,20:30,Hirsch,11,2,13
2025.11.06,20:30,20:45,Hirsch,11,2,13
2025.11.06,20:45,21:00,Hirsch,8,0,8
2025.11.06,21:00,21:15,Hirsch,10,1,11
2025.11.06,21:15,21:30,Hirsch,6,3,9
2025.11.06,21:30,21:45,Hirsch,8,4,12
2025.11.06,21:45,22:00,Hirsch,5,4,9
2025.11.06,22:00,22:15,Hirsch,10,1,11
2025.11.06,22:15,22:30,Hirsch,6,1,7
2025.11.06,22:30,22:45,Hirsch,7,0,7
2025.11.06,22:45,23:00,Hirsch,11,1,12
2025.11.06,23:00,23:15,Hirsch,9,0,9
2025.11.06,23:15,23:30,Hirsch,4,2,6
2025.11.06,23:30,23:45,Hirsch,5,1,6
2025.11.06,23:45,00:00,Hirsch,6,0,6
2025.11.07,00:00,00:15,Hirsch,0,0,0
2025.11.07,00:15,00:30,Hirsch,1,0,1
2025.11.07,00:30,00:45,Hirsch,1,0,1
2025.11.07,00:45,01:00,Hirsch,2,0,2
2025.11.07,01:00,01:15,Hirsch,1,0,1
2025.11.07,01:15,01:30,Hirsch,1,0,1
2025.11.07,01:30,01:45,Hirsch,3,0,3
2025.11.07,01:45,02:00,Hirsch,0,0,0
2025.11.07,02:00,02:15,Hirsch,0,0,0
2025.11.07,02:15,02:30,Hirsch,0,0,0
2025.11.07,02:30,02:45,Hirsch,0,0,0
2025.11.07,02:45,03:00,Hirsch,0,0,0
2025.11.07,03:00,03:15,Hirsch,0,0,0
2025.11.07,03:15,03:30,Hirsch,0,0,0
2025.11.07,03:30,03:45,Hirsch,0,0,0
2025.11.07,03:45,04:00,Hirsch,0,0,0
2025.11.07,04:00,04:15,Hirsch,0,0,0
2025.11.07,04:15,04:30,Hirsch,0,0,0
2025.11.07,04:30,04:45,Hirsch,0,0,0
2025.11.07,04:45,05:00,Hirsch,0,0,0
2025.11.07,05:00,05:15,Hirsch,0,1,1
2025.11.07,05:15,05:30,Hirsch,2,1,3
2025.11.07,05:30,05:45,Hirsch,1,0,1
2025.11.07,05:45,06:00,Hirsch,0,8,8
2025.11.07,06:00,06:15,Hirsch,3,7,10
2025.11.07,06:15,06:30,Hirsch,4,4,8
2025.11.07,06:30,06:45,Hirsch,3,15,18
2025.11.07,06:45,07:00,Hirsch,2,13,15
2025.11.07,07:00,07:15,Hirsch,1,19,20
2025.11.07,07:15,07:30,Hirsch,4,29,33
2025.11.07,07:30,07:45,Hirsch,6,34,40
2025.11.07,07:45,08:00,Hirsch,6,39,45
2025.11.07,08:00,08:15,Hirsch,8,33,41
2025.11.07,08:15,08:30,Hirsch,14,58,72
2025.11.07,08:30,08:45,Hirsch,5,45,50
2025.11.07,08:45,09:00,Hirsch,8,34,42
2025.11.07,09:00,09:15,Hirsch,7,28,35
2025.11.07,09:15,09:30,Hirsch,6,23,29
2025.11.07,09:30,09:45,Hirsch,2,16,18
2025.11.07,09:45,10:00,Hirsch,2,19,21
2025.11.07,10:00,10:15,Hirsch,0,14,14
2025.11.07,10:15,10:30,Hirsch,1,9,10
2025.11.07,10:30,10:45,Hirsch,4,5,9
2025.11.07,10:45,11:00,Hirsch,2,8,10
2025.11.07,11:00,11:15,Hirsch,7,5,12
2025.11.07,11:15,11:30,Hirsch,6,10,16
2025.11.07,11:30,11:45,Hirsch,2,6,8
2025.11.07,11:45,12:00,Hirsch,10,11,21
2025.11.07,12:00,12:15,Hirsch,10,4,14
2025.11.07,12:15,12:30,Hirsch,8,8,16
2025.11.07,12:30,12:45,Hirsch,5,7,12
2025.11.07,12:45,13:00,Hirsch,12,2,14
2025.11.07,13:00,13:15,Hirsch,11,6,17
2025.11.07,13:15,13:30,Hirsch,14,9,23
2025.11.07,13:30,13:45,Hirsch,10,6,16
2025.11.07,13:45,14:00,Hirsch,9,8,17
2025.11.07,14:00,14:15,Hirsch,14,4,18
2025.11.07,14:15,14:30,Hirsch,9,3,12
2025.11.07,14:30,14:45,Hirsch,18,5,23
2025.11.07,14:45,15:00,Hirsch,16,5,21
2025.11.07,15:00,15:15,Hirsch,16,11,27
2025.11.07,15:15,15:30,Hirsch,20,6,26
2025.11.07,15:30,15:45,Hirsch,18,10,28
2025.11.07,15:45,16:00,Hirsch,14,10,24
2025.11.07,16:00,16:15,Hirsch,23,7,30
2025.11.07,16:15,16:30,Hirsch,32,10,42
2025.11.07,16:30,16:45,Hirsch,17,4,21
2025.11.07,16:45,17:00,Hirsch,16,12,28
2025.11.07,17:00,17:15,Hirsch,30,5,35
2025.11.07,17:15,17:30,Hirsch,20,11,31
2025.11.07,17:30,17:45,Hirsch,30,8,38
2025.11.07,17:45,18:00,Hirsch,22,12,34
2025.11.07,18:00,18:15,Hirsch,31,10,41
2025.11.07,18:15,18:30,Hirsch,17,2,19
2025.11.07,18:30,18:45,Hirsch,9,5,14
2025.11.07,18:45,19:00,Hirsch,16,12,28
2025.11.07,19:00,19:15,Hirsch,6,8,14
2025.11.07,19:15,19:30,Hirsch,5,7,12
2025.11.07,19:30,19:45,Hirsch,8,4,12
2025.11.07,19:45,20:00,Hirsch,4,1,5
2025.11.07,20:00,20:15,Hirsch,8,8,16
2025.11.07,20:15,20:30,Hirsch,5,4,9
2025.11.07,20:30,20:45,Hirsch,5,1,6
2025.11.07,20:45,21:00,Hirsch,3,1,4
2025.11.07,21:00,21:15,Hirsch,6,0,6
2025.11.07,21:15,21:30,Hirsch,9,1,10
2025.11.07,21:30,21:45,Hirsch,2,1,3
2025.11.07,21:45,22:00,Hirsch,3,1,4
2025.11.07,22:00,22:15,Hirsch,7,1,8
2025.11.07,22:15,22:30,Hirsch,6,0,6
2025.11.07,22:30,22:45,Hirsch,6,1,7
2025.11.07,22:45,23:00,Hirsch,6,1,7
2025.11.07,23:00,23:15,Hirsch,6,2,8
2025.11.07,23:15,23:30,Hirsch,9,2,11
2025.11.07,23:30,23:45,Hirsch,6,0,6
2025.11.07,23:45,00:00,Hirsch,0,1,1
2025.11.08,00:00,00:15,Hirsch,1,0,1
2025.11.08,00:15,00:30,Hirsch,4,1,5
2025.11.08,00:30,00:45,Hirsch,2,0,2
2025.11.08,00:45,01:00,Hirsch,2,0,2
2025.11.08,01:00,01:15,Hirsch,3,0,3
2025.11.08,01:15,01:30,Hirsch,1,0,1
2025.11.08,01:30,01:45,Hirsch,0,0,0
2025.11.08,01:45,02:00,Hirsch,0,0,0
2025.11.08,02:00,02:15,Hirsch,0,0,0
2025.11.08,02:15,02:30,Hirsch,1,0,1
2025.11.08,02:30,02:45,Hirsch,0,0,0
2025.11.08,02:45,03:00,Hirsch,0,1,1
2025.11.08,03:00,03:15,Hirsch,0,0,0
2025.11.08,03:15,03:30,Hirsch,1,0,1
2025.11.08,03:30,03:45,Hirsch,1,0,1
2025.11.08,03:45,04:00,Hirsch,0,0,0
2025.11.08,04:00,04:15,Hirsch,0,0,0
2025.11.08,04:15,04:30,Hirsch,0,0,0
2025.11.08,04:30,04:45,Hirsch,0,0,0
2025.11.08,04:45,05:00,Hirsch,0,2,2
2025.11.08,05:00,05:15,Hirsch,1,0,1
2025.11.08,05:15,05:30,Hirsch,0,1,1
2025.11.08,05:30,05:45,Hirsch,0,1,1
2025.11.08,05:45,06:00,Hirsch,0,1,1
2025.11.08,06:00,06:15,Hirsch,1,0,1
2025.11.08,06:15,06:30,Hirsch,0,1,1
2025.11.08,06:30,06:45,Hirsch,0,1,1
2025.11.08,06:45,07:00,Hirsch,0,1,1
2025.11.08,07:00,07:15,Hirsch,1,1,2
2025.11.08,07:15,07:30,Hirsch,0,2,2
2025.11.08,07:30,07:45,Hirsch,1,3,4
2025.11.08,07:45,08:00,Hirsch,2,4,6
2025.11.08,08:00,08:15,Hirsch,0,2,2
2025.11.08,08:15,08:30,Hirsch,0,7,7
2025.11.08,08:30,08:45,Hirsch,5,7,12
2025.11.08,08:45,09:00,Hirsch,2,8,10
2025.11.08,09:00,09:15,Hirsch,0,4,4
2025.11.08,09:15,09:30,Hirsch,1,6,7
2025.11.08,09:30,09:45,Hirsch,5,14,19
2025.11.08,09:45,10:00,Hirsch,4,8,12
2025.11.08,10:00,10:15,Hirsch,5,10,15
2025.11.08,10:15,10:30,Hirsch,5,9,14
2025.11.08,10:30,10:45,Hirsch,5,5,10
2025.11.08,10:45,11:00,Hirsch,8,1,9
2025.11.08,11:00,11:15,Hirsch,2,4,6
2025.11.08,11:15,11:30,Hirsch,2,11,13
2025.11.08,11:30,11:45,Hirsch,2,3,5
2025.11.08,11:45,12:00,Hirsch,2,4,6
2025.11.08,12:00,12:15,Hirsch,2,3,5
2025.11.08,12:15,12:30,Hirsch,4,9,13
2025.11.08,12:30,12:45,Hirsch,3,7,10
2025.11.08,12:45,13:00,Hirsch,3,4,7
2025.11.08,13:00,13:15,Hirsch,4,9,13
2025.11.08,13:15,13:30,Hirsch,7,5,12
2025.11.08,13:30,13:45,Hirsch,8,8,16
2025.11.08,13:45,14:00,Hirsch,8,2,10
2025.11.08,14:00,14:15,Hirsch,9,8,17
2025.11.08,14:15,14:30,Hirsch,8,4,12
2025.11.08,14:30,14:45,Hirsch,14,5,19
2025.11.08,14:45,15:00,Hirsch,5,5,10
2025.11.08,15:00,15:15,Hirsch,8,7,15
2025.11.08,15:15,15:30,Hirsch,6,10,16
2025.11.08,15:30,15:45,Hirsch,7,5,12
2025.11.08,15:45,16:00,Hirsch,14,6,20
2025.11.08,16:00,16:15,Hirsch,12,4,16
2025.11.08,16:15,16:30,Hirsch,7,6,13
2025.11.08,16:30,16:45,Hirsch,5,4,9
2025.11.08,16:45,17:00,Hirsch,11,4,15
2025.11.08,17:00,17:15,Hirsch,10,2,12
2025.11.08,17:15,17:30,Hirsch,7,4,11
2025.11.08,17:30,17:45,Hirsch,8,8,16
2025.11.08,17:45,18:00,Hirsch,7,6,13
2025.11.08,18:00,18:15,Hirsch,2,6,8
2025.11.08,18:15,18:30,Hirsch,5,6,11
2025.11.08,18:30,18:45,Hirsch,6,4,10
2025.11.08,18:45,19:00,Hirsch,2,15,17
2025.11.08,19:00,19:15,Hirsch,1,6,7
2025.11.08,19:15,19:30,Hirsch,3,8,11
2025.11.08,19:30,19:45,Hirsch,5,4,9
2025.11.08,19:45,20:00,Hirsch,7,3,10
2025.11.08,20:00,20:15,Hirsch,2,5,7
2025.11.08,20:15,20:30,Hirsch,2,4,6
2025.11.08,20:30,20:45,Hirsch,3,2,5
2025.11.08,20:45,21:00,Hirsch,3,1,4
2025.11.08,21:00,21:15,Hirsch,1,0,1
2025.11.08,21:15,21:30,Hirsch,2,0,2
2025.11.08,21:30,21:45,Hirsch,0,1,1
2025.11.08,21:45,22:00,Hirsch,2,2,4
2025.11.08,22:00,22:15,Hirsch,3,0,3
2025.11.08,22:15,22:30,Hirsch,2,0,2
2025.11.08,22:30,22:45,Hirsch,3,0,3
2025.11.08,22:45,23:00,Hirsch,4,0,4
2025.11.08,23:00,23:15,Hirsch,12,0,12
2025.11.08,23:15,23:30,Hirsch,4,0,4
2025.11.08,23:30,23:45,Hirsch,1,1,2
2025.11.08,23:45,00:00,Hirsch,2,0,2
2025.11.09,00:00,00:15,Hirsch,2,0,2
2025.11.09,00:15,00:30,Hirsch,7,0,7
2025.11.09,00:30,00:45,Hirsch,2,0,2
2025.11.09,00:45,01:00,Hirsch,4,1,5
2025.11.09,01:00,01:15,Hirsch,2,0,2
2025.11.09,01:15,01:30,Hirsch,2,0,2
2025.11.09,01:30,01:45,Hirsch,1,0,1
2025.11.09,01:45,02:00,Hirsch,1,0,1
2025.11.09,02:00,02:15,Hirsch,0,1,1
2025.11.09,02:15,02:30,Hirsch,2,0,2
2025.11.09,02:30,02:45,Hirsch,1,0,1
2025.11.09,02:45,03:00,Hirsch,4,1,5
2025.11.09,03:00,03:15,Hirsch,0,0,0
2025.11.09,03:15,03:30,Hirsch,0,0,0
2025.11.09,03:30,03:45,Hirsch,0,0,0
2025.11.09,03:45,04:00,Hirsch,0,0,0
2025.11.09,04:00,04:15,Hirsch,0,0,0
2025.11.09,04:15,04:30,Hirsch,0,0,0
2025.11.09,04:30,04:45,Hirsch,0,0,0
2025.11.09,04:45,05:00,Hirsch,0,0,0
2025.11.09,05:00,05:15,Hirsch,0,0,0
2025.11.09,05:15,05:30,Hirsch,0,0,0
2025.11.09,05:30,05:45,Hirsch,0,2,2
2025.11.09,05:45,06:00,Hirsch,0,0,0
2025.11.09,06:00,06:15,Hirsch,0,0,0
2025.11.09,06:15,06:30,Hirsch,0,0,0
2025.11.09,06:30,06:45,Hirsch,0,0,0
2025.11.09,06:45,07:00,Hirsch,0,0,0
2025.11.09,07:00,07:15,Hirsch,0,0,0
2025.11.09,07:15,07:30,Hirsch,1,0,1
2025.11.09,07:30,07:45,Hirsch,1,1,2
2025.11.09,07:45,08:00,Hirsch,0,1,1
2025.11.09,08:00,08:15,Hirsch,0,1,1
2025.11.09,08:15,08:30,Hirsch,0,1,1
2025.11.09,08:30,08:45,Hirsch,0,2,2
2025.11.09,08:45,09:00,Hirsch,1,3,4
2025.11.09,09:00,09:15,Hirsch,2,1,3
2025.11.09,09:15,09:30,Hirsch,1,1,2
2025.11.09,09:30,09:45,Hirsch,2,6,8
2025.11.09,09:45,10:00,Hirsch,3,7,10
2025.11.09,10:00,10:15,Hirsch,0,6,6
2025.11.09,10:15,10:30,Hirsch,2,4,6
2025.11.09,10:30,10:45,Hirsch,1,8,9
2025.11.09,10:45,11:00,Hirsch,8,3,11
2025.11.09,11:00,11:15,Hirsch,1,0,1
2025.11.09,11:15,11:30,Hirsch,2,5,7
2025.11.09,11:30,11:45,Hirsch,2,3,5
2025.11.09,11:45,12:00,Hirsch,3,2,5
2025.11.09,12:00,12:15,Hirsch,4,3,7
2025.11.09,12:15,12:30,Hirsch,5,1,6
2025.11.09,12:30,12:45,Hirsch,1,4,5
2025.11.09,12:45,13:00,Hirsch,3,9,12
2025.11.09,13:00,13:15,Hirsch,3,3,6
2025.11.09,13:15,13:30,Hirsch,5,2,7
2025.11.09,13:30,13:45,Hirsch,6,9,15
2025.11.09,13:45,14:00,Hirsch,6,6,12
2025.11.09,14:00,14:15,Hirsch,3,6,9
2025.11.09,14:15,14:30,Hirsch,7,5,12
2025.11.09,14:30,14:45,Hirsch,11,4,15
2025.11.09,14:45,15:00,Hirsch,2,12,14
2025.11.09,15:00,15:15,Hirsch,3,3,6
2025.11.09,15:15,15:30,Hirsch,6,4,10
2025.11.09,15:30,15:45,Hirsch,4,8,12
2025.11.09,15:45,16:00,Hirsch,8,6,14
2025.11.09,16:00,16:15,Hirsch,2,3,5
2025.11.09,16:15,16:30,Hirsch,8,5,13
2025.11.09,16:30,16:45,Hirsch,6,2,8
2025.11.09,16:45,17:00,Hirsch,0,3,3
2025.11.09,17:00,17:15,Hirsch,2,5,7
2025.11.09,17:15,17:30,Hirsch,4,6,10
2025.11.09,17:30,17:45,Hirsch,8,3,11
2025.11.09,17:45,18:00,Hirsch,1,1,2
2025.11.09,18:00,18:15,Hirsch,1,1,2
2025.11.09,18:15,18:30,Hirsch,6,0,6
2025.11.09,18:30,18:45,Hirsch,3,3,6
2025.11.09,18:45,19:00,Hirsch,3,1,4
2025.11.09,19:00,19:15,Hirsch,6,1,7
2025.11.09,19:15,19:30,Hirsch,0,1,1
2025.11.09,19:30,19:45,Hirsch,2,2,4
2025.11.09,19:45,20:00,Hirsch,5,1,6
2025.11.09,20:00,20:15,Hirsch,4,0,4
2025.11.09,20:15,20:30,Hirsch,1,2,3
2025.11.09,20:30,20:45,Hirsch,1,1,2
2025.11.09,20:45,21:00,Hirsch,1,1,2
2025.11.09,21:00,21:15,Hirsch,1,0,1
2025.11.09,21:15,21:30,Hirsch,4,0,4
2025.11.09,21:30,21:45,Hirsch,0,3,3
2025.11.09,21:45,22:00,Hirsch,0,1,1
2025.11.09,22:00,22:15,Hirsch,3,0,3
2025.11.09,22:15,22:30,Hirsch,1,0,1
2025.11.09,22:30,22:45,Hirsch,0,0,0
2025.11.09,22:45,23:00,Hirsch,2,0,2
2025.11.09,23:00,23:15,Hirsch,1,0,1
2025.11.09,23:15,23:30,Hirsch,2,0,2
2025.11.09,23:30,23:45,Hirsch,0,0,0
2025.11.09,23:45,00:00,Hirsch,0,0,0
2025.11.10,00:00,00:15,Hirsch,2,0,2
2025.11.10,00:15,00:30,Hirsch,0,0,0
2025.11.10,00:30,00:45,Hirsch,0,0,0
2025.11.10,00:45,01:00,Hirsch,0,0,0
2025.11.10,01:00,01:15,Hirsch,1,0,1
2025.11.10,01:15,01:30,Hirsch,0,0,0
2025.11.10,01:30,01:45,Hirsch,0,0,0
2025.11.10,01:45,02:00,Hirsch,0,0,0
2025.11.10,02:00,02:15,Hirsch,1,0,1
2025.11.10,02:15,02:30,Hirsch,0,0,0
2025.11.10,02:30,02:45,Hirsch,0,0,0
2025.11.10,02:45,03:00,Hirsch,0,1,1
2025.11.10,03:00,03:15,Hirsch,0,1,1
2025.11.10,03:15,03:30,Hirsch,0,0,0
2025.11.10,03:30,03:45,Hirsch,1,0,1
2025.11.10,03:45,04:00,Hirsch,0,0,0
2025.11.10,04:00,04:15,Hirsch,0,0,0
2025.11.10,04:15,04:30,Hirsch,0,0,0
2025.11.10,04:30,04:45,Hirsch,0,0,0
2025.11.10,04:45,05:00,Hirsch,0,0,0
2025.11.10,05:00,05:15,Hirsch,0,2,2
2025.11.10,05:15,05:30,Hirsch,0,5,5
2025.11.10,05:30,05:45,Hirsch,1,7,8
2025.11.10,05:45,06:00,Hirsch,1,10,11
2025.11.10,06:00,06:15,Hirsch,1,6,7
2025.11.10,06:15,06:30,Hirsch,0,7,7
2025.11.10,06:30,06:45,Hirsch,2,12,14
2025.11.10,06:45,07:00,Hirsch,3,29,32
2025.11.10,07:00,07:15,Hirsch,7,27,34
2025.11.10,07:15,07:30,Hirsch,10,32,42
2025.11.10,07:30,07:45,Hirsch,6,62,68
2025.11.10,07:45,08:00,Hirsch,12,80,92
2025.11.10,08:00,08:15,Hirsch,10,86,96
2025.11.10,08:15,08:30,Hirsch,12,86,98
2025.11.10,08:30,08:45,Hirsch,13,67,80
2025.11.10,08:45,09:00,Hirsch,8,48,56
2025.11.10,09:00,09:15,Hirsch,15,42,57
2025.11.10,09:15,09:30,Hirsch,8,28,36
2025.11.10,09:30,09:45,Hirsch,8,17,25
2025.11.10,09:45,10:00,Hirsch,4,17,21
2025.11.10,10:00,10:15,Hirsch,2,12,14
2025.11.10,10:15,10:30,Hirsch,3,9,12
2025.11.10,10:30,10:45,Hirsch,3,8,11
2025.11.10,10:45,11:00,Hirsch,6,7,13
2025.11.10,11:00,11:15,Hirsch,3,10,13
2025.11.10,11:15,11:30,Hirsch,4,9,13
2025.11.10,11:30,11:45,Hirsch,3,4,7
2025.11.10,11:45,12:00,Hirsch,5,6,11
2025.11.10,12:00,12:15,Hirsch,5,8,13
2025.11.10,12:15,12:30,Hirsch,4,3,7
2025.11.10,12:30,12:45,Hirsch,2,7,9
2025.11.10,12:45,13:00,Hirsch,15,6,21
2025.11.10,13:00,13:15,Hirsch,10,3,13
2025.11.10,13:15,13:30,Hirsch,12,7,19
2025.11.10,13:30,13:45,Hirsch,10,7,17
2025.11.10,13:45,14:00,Hirsch,12,4,16
2025.11.10,14:00,14:15,Hirsch,16,11,27
2025.11.10,14:15,14:30,Hirsch,11,10,21
2025.11.10,14:30,14:45,Hirsch,14,9,23
2025.11.10,14:45,15:00,Hirsch,19,3,22
2025.11.10,15:00,15:15,Hirsch,16,8,24
2025.11.10,15:15,15:30,Hirsch,24,14,38
2025.11.10,15:30,15:45,Hirsch,40,11,51
2025.11.10,15:45,16:00,Hirsch,27,15,42
2025.11.10,16:00,16:15,Hirsch,28,9,37
2025.11.10,16:15,16:30,Hirsch,33,12,45
2025.11.10,16:30,16:45,Hirsch,32,16,48
2025.11.10,16:45,17:00,Hirsch,29,20,49
2025.11.10,17:00,17:15,Hirsch,22,10,32
2025.11.10,17:15,17:30,Hirsch,35,7,42
2025.11.10,17:30,17:45,Hirsch,46,17,63
2025.11.10,17:45,18:00,Hirsch,49,9,58
2025.11.10,18:00,18:15,Hirsch,33,13,46
2025.11.10,18:15,18:30,Hirsch,59,12,71
2025.11.10,18:30,18:45,Hirsch,42,13,55
2025.11.10,18:45,19:00,Hirsch,36,16,52
2025.11.10,19:00,19:15,Hirsch,25,16,41
2025.11.10,19:15,19:30,Hirsch,21,6,27
2025.11.10,19:30,19:45,Hirsch,18,4,22
2025.11.10,19:45,20:00,Hirsch,16,1,17
2025.11.10,20:00,20:15,Hirsch,12,4,16
2025.11.10,20:15,20:30,Hirsch,8,7,15
2025.11.10,20:30,20:45,Hirsch,9,7,16
2025.11.10,20:45,21:00,Hirsch,10,1,11
2025.11.10,21:00,21:15,Hirsch,11,1,12
2025.11.10,21:15,21:30,Hirsch,8,3,11
2025.11.10,21:30,21:45,Hirsch,12,1,13
2025.11.10,21:45,22:00,Hirsch,1,0,1
2025.11.10,22:00,22:15,Hirsch,9,1,10
2025.11.10,22:15,22:30,Hirsch,6,2,8
2025.11.10,22:30,22:45,Hirsch,4,2,6
2025.11.10,22:45,23:00,Hirsch,3,1,4
2025.11.10,23:00,23:15,Hirsch,5,0,5
2025.11.10,23:15,23:30,Hirsch,0,0,0
2025.11.10,23:30,23:45,Hirsch,3,0,3
2025.11.10,23:45,00:00,Hirsch,1,1,2
2025.11.11,00:00,00:15,Hirsch,0,0,0
2025.11.11,00:15,00:30,Hirsch,2,0,2
2025.11.11,00:30,00:45,Hirsch,1,0,1
2025.11.11,00:45,01:00,Hirsch,1,0,1
2025.11.11,01:00,01:15,Hirsch,0,1,1
2025.11.11,01:15,01:30,Hirsch,1,0,1
2025.11.11,01:30,01:45,Hirsch,0,0,0
2025.11.11,01:45,02:00,Hirsch,1,0,1
2025.11.11,02:00,02:15,Hirsch,0,0,0
2025.11.11,02:15,02:30,Hirsch,0,0,0
2025.11.11,02:30,02:45,Hirsch,0,0,0
2025.11.11,02:45,03:00,Hirsch,0,0,0
2025.11.11,03:00,03:15,Hirsch,0,0,0
2025.11.11,03:15,03:30,Hirsch,0,0,0
2025.11.11,03:30,03:45,Hirsch,0,0,0
2025.11.11,03:45,04:00,Hirsch,0,0,0
2025.11.11,04:00,04:15,Hirsch,0,0,0
2025.11.11,04:15,04:30,Hirsch,0,0,0
2025.11.11,04:30,04:45,Hirsch,0,0,0
2025.11.11,04:45,05:00,Hirsch,0,1,1
2025.11.11,05:00,05:15,Hirsch,0,1,1
2025.11.11,05:15,05:30,Hirsch,0,1,1
2025.11.11,05:30,05:45,Hirsch,1,5,6
2025.11.11,05:45,06:00,Hirsch,0,11,11
2025.11.11,06:00,06:15,Hirsch,0,4,4
2025.11.11,06:15,06:30,Hirsch,3,8,11
2025.11.11,06:30,06:45,Hirsch,3,14,17
2025.11.11,06:45,07:00,Hirsch,3,19,22
2025.11.11,07:00,07:15,Hirsch,3,27,30
2025.11.11,07:15,07:30,Hirsch,6,51,57
2025.11.11,07:30,07:45,Hirsch,9,66,75
2025.11.11,07:45,08:00,Hirsch,10,76,86
2025.11.11,08:00,08:15,Hirsch,5,94,99
2025.11.11,08:15,08:30,Hirsch,10,115,125
2025.11.11,08:30,08:45,Hirsch,17,85,102
2025.11.11,08:45,09:00,Hirsch,9,63,72
2025.11.11,09:00,09:15,Hirsch,7,34,41
2025.11.11,09:15,09:30,Hirsch,7,31,38
2025.11.11,09:30,09:45,Hirsch,2,31,33
2025.11.11,09:45,10:00,Hirsch,5,10,15
2025.11.11,10:00,10:15,Hirsch,2,13,15
2025.11.11,10:15,10:30,Hirsch,5,16,21
2025.11.11,10:30,10:45,Hirsch,5,14,19
2025.11.11,10:45,11:00,Hirsch,5,9,14
2025.11.11,11:00,11:15,Hirsch,3,8,11
2025.11.11,11:15,11:30,Hirsch,11,6,17
2025.11.11,11:30,11:45,Hirsch,5,10,15
2025.11.11,11:45,12:00,Hirsch,2,6,8
2025.11.11,12:00,12:15,Hirsch,7,9,16
2025.11.11,12:15,12:30,Hirsch,10,7,17
2025.11.11,12:30,12:45,Hirsch,6,10,16
2025.11.11,12:45,13:00,Hirsch,12,5,17
2025.11.11,13:00,13:15,Hirsch,10,7,17
2025.11.11,13:15,13:30,Hirsch,16,14,30
2025.11.11,13:30,13:45,Hirsch,17,6,23
2025.11.11,13:45,14:00,Hirsch,16,9,25
2025.11.11,14:00,14:15,Hirsch,23,2,25
2025.11.11,14:15,14:30,Hirsch,20,6,26
2025.11.11,14:30,14:45,Hirsch,28,9,37
2025.11.11,14:45,15:00,Hirsch,20,8,28
2025.11.11,15:00,15:15,Hirsch,25,8,33
2025.11.11,15:15,15:30,Hirsch,22,6,28
2025.11.11,15:30,15:45,Hirsch,24,11,35
2025.11.11,15:45,16:00,Hirsch,25,6,31
2025.11.11,16:00,16:15,Hirsch,29,7,36
2025.11.11,16:15,16:30,Hirsch,39,8,47
2025.11.11,16:30,16:45,Hirsch,39,15,54
2025.11.11,16:45,17:00,Hirsch,40,15,55
2025.11.11,17:00,17:15,Hirsch,39,17,56
2025.11.11,17:15,17:30,Hirsch,38,15,53
2025.11.11,17:30,17:45,Hirsch,54,19,73
2025.11.11,17:45,18:00,Hirsch,50,12,62
2025.11.11,18:00,18:15,Hirsch,53,11,64
2025.11.11,18:15,18:30,Hirsch,50,9,59
2025.11.11,18:30,18:45,Hirsch,28,14,42
2025.11.11,18:45,19:00,Hirsch,36,8,44
2025.11.11,19:00,19:15,Hirsch,24,9,33
2025.11.11,19:15,19:30,Hirsch,38,6,44
2025.11.11,19:30,19:45,Hirsch,17,4,21
2025.11.11,19:45,20:00,Hirsch,24,9,33
2025.11.11,20:00,20:15,Hirsch,6,5,11
2025.11.11,20:15,20:30,Hirsch,10,5,15
2025.11.11,20:30,20:45,Hirsch,11,4,15
2025.11.11,20:45,21:00,Hirsch,8,1,9
2025.11.11,21:00,21:15,Hirsch,4,0,4
2025.11.11,21:15,21:30,Hirsch,11,3,14
2025.11.11,21:30,21:45,Hirsch,10,1,11
2025.11.11,21:45,22:00,Hirsch,10,1,11
2025.11.11,22:00,22:15,Hirsch,11,1,12
2025.11.11,22:15,22:30,Hirsch,12,5,17
2025.11.11,22:30,22:45,Hirsch,4,2,6
2025.11.11,22:45,23:00,Hirsch,9,0,9
2025.11.11,23:00,23:15,Hirsch,8,2,10
2025.11.11,23:15,23:30,Hirsch,4,0,4
2025.11.11,23:30,23:45,Hirsch,4,2,6
2025.11.11,23:45,00:00,Hirsch,3,1,4
2025.11.12,00:00,00:15,Hirsch,1,0,1
2025.11.12,00:15,00:30,Hirsch,2,0,2
2025.11.12,00:30,00:45,Hirsch,0,0,0
2025.11.12,00:45,01:00,Hirsch,0,0,0
2025.11.12,01:00,01:15,Hirsch,0,0,0
2025.11.12,01:15,01:30,Hirsch,0,0,0
2025.11.12,01:30,01:45,Hirsch,1,0,1
2025.11.12,01:45,02:00,Hirsch,0,0,0
2025.11.12,02:00,02:15,Hirsch,0,0,0
2025.11.12,02:15,02:30,Hirsch,0,0,0
2025.11.12,02:30,02:45,Hirsch,0,0,0
2025.11.12,02:45,03:00,Hirsch,0,1,1
2025.11.12,03:00,03:15,Hirsch,0,0,0
2025.11.12,03:15,03:30,Hirsch,0,0,0
2025.11.12,03:30,03:45,Hirsch,0,0,0
2025.11.12,03:45,04:00,Hirsch,0,0,0
2025.11.12,04:00,04:15,Hirsch,0,0,0
2025.11.12,04:15,04:30,Hirsch,0,0,0
2025.11.12,04:30,04:45,Hirsch,0,1,1
2025.11.12,04:45,05:00,Hirsch,0,0,0
2025.11.12,05:00,05:15,Hirsch,0,1,1
2025.11.12,05:15,05:30,Hirsch,0,2,2
2025.11.12,05:30,05:45,Hirsch,1,7,8
2025.11.12,05:45,06:00,Hirsch,0,7,7
2025.11.12,06:00,06:15,Hirsch,0,3,3
2025.11.12,06:15,06:30,Hirsch,3,6,9
2025.11.12,06:30,06:45,Hirsch,3,11,14
2025.11.12,06:45,07:00,Hirsch,6,24,30
2025.11.12,07:00,07:15,Hirsch,5,25,30
2025.11.12,07:15,07:30,Hirsch,10,61,71
2025.11.12,07:30,07:45,Hirsch,14,63,77
2025.11.12,07:45,08:00,Hirsch,10,84,94
2025.11.12,08:00,08:15,Hirsch,3,94,97
2025.11.12,08:15,08:30,Hirsch,10,105,115
2025.11.12,08:30,08:45,Hirsch,20,67,87
2025.11.12,08:45,09:00,Hirsch,7,43,50
2025.11.12,09:00,09:15,Hirsch,7,44,51
2025.11.12,09:15,09:30,Hirsch,7,32,39
2025.11.12,09:30,09:45,Hirsch,9,24,33
2025.11.12,09:45,10:00,Hirsch,6,13,19
2025.11.12,10:00,10:15,Hirsch,4,22,26
2025.11.12,10:15,10:30,Hirsch,5,13,18
2025.11.12,10:30,10:45,Hirsch,6,14,20
2025.11.12,10:45,11:00,Hirsch,5,12,17
2025.11.12,11:00,11:15,Hirsch,4,7,11
2025.11.12,11:15,11:30,Hirsch,5,14,19
2025.11.12,11:30,11:45,Hirsch,8,7,15
2025.11.12,11:45,12:00,Hirsch,7,11,18
2025.11.12,12:00,12:15,Hirsch,13,5,18
2025.11.12,12:15,12:30,Hirsch,14,11,25
2025.11.12,12:30,12:45,Hirsch,8,13,21
2025.11.12,12:45,13:00,Hirsch,5,9,14
2025.11.12,13:00,13:15,Hirsch,7,5,12
2025.11.12,13:15,13:30,Hirsch,14,8,22
2025.11.12,13:30,13:45,Hirsch,14,11,25
2025.11.12,13:45,14:00,Hirsch,21,8,29
2025.11.12,14:00,14:15,Hirsch,16,5,21
2025.11.12,14:15,14:30,Hirsch,20,13,33
2025.11.12,14:30,14:45,Hirsch,17,9,26
2025.11.12,14:45,15:00,Hirsch,30,11,41
2025.11.12,15:00,15:15,Hirsch,19,6,25
2025.11.12,15:15,15:30,Hirsch,23,17,40
2025.11.12,15:30,15:45,Hirsch,21,14,35
2025.11.12,15:45,16:00,Hirsch,19,8,27
2025.11.12,16:00,16:15,Hirsch,22,9,31
2025.11.12,16:15,16:30,Hirsch,37,13,50
2025.11.12,16:30,16:45,Hirsch,40,14,54
2025.11.12,16:45,17:00,Hirsch,42,15,57
2025.11.12,17:00,17:15,Hirsch,42,14,56
2025.11.12,17:15,17:30,Hirsch,49,20,69
2025.11.12,17:30,17:45,Hirsch,43,14,57
2025.11.12,17:45,18:00,Hirsch,34,16,50
2025.11.12,18:00,18:15,Hirsch,54,14,68
2025.11.12,18:15,18:30,Hirsch,38,8,46
2025.11.12,18:30,18:45,Hirsch,54,14,68
2025.11.12,18:45,19:00,Hirsch,33,5,38
2025.11.12,19:00,19:15,Hirsch,30,16,46
2025.11.12,19:15,19:30,Hirsch,20,10,30
2025.11.12,19:30,19:45,Hirsch,15,7,22
2025.11.12,19:45,20:00,Hirsch,16,5,21
2025.11.12,20:00,20:15,Hirsch,16,4,20
2025.11.12,20:15,20:30,Hirsch,6,6,12
2025.11.12,20:30,20:45,Hirsch,7,3,10
2025.11.12,20:45,21:00,Hirsch,17,1,18
2025.11.12,21:00,21:15,Hirsch,8,0,8
2025.11.12,21:15,21:30,Hirsch,9,1,10
2025.11.12,21:30,21:45,Hirsch,13,1,14
2025.11.12,21:45,22:00,Hirsch,8,0,8
2025.11.12,22:00,22:15,Hirsch,9,6,15
2025.11.12,22:15,22:30,Hirsch,8,3,11
2025.11.12,22:30,22:45,Hirsch,10,1,11
2025.11.12,22:45,23:00,Hirsch,12,2,14
2025.11.12,23:00,23:15,Hirsch,11,1,12
2025.11.12,23:15,23:30,Hirsch,5,2,7
2025.11.12,23:30,23:45,Hirsch,1,0,1
2025.11.12,23:45,00:00,Hirsch,2,0,2
2025.11.13,00:00,00:15,Hirsch,0,0,0
2025.11.13,00:15,00:30,Hirsch,3,0,3
2025.11.13,00:30,00:45,Hirsch,1,0,1
2025.11.13,00:45,01:00,Hirsch,1,0,1
2025.11.13,01:00,01:15,Hirsch,0,1,1
2025.11.13,01:15,01:30,Hirsch,1,0,1
2025.11.13,01:30,01:45,Hirsch,0,0,0
2025.11.13,01:45,02:00,Hirsch,0,0,0
2025.11.13,02:00,02:15,Hirsch,0,0,0
2025.11.13,02:15,02:30,Hirsch,0,0,0
2025.11.13,02:30,02:45,Hirsch,0,0,0
2025.11.13,02:45,03:00,Hirsch,0,0,0
2025.11.13,03:00,03:15,Hirsch,0,0,0
2025.11.13,03:15,03:30,Hirsch,0,0,0
2025.11.13,03:30,03:45,Hirsch,0,0,0
2025.11.13,03:45,04:00,Hirsch,0,0,0
2025.11.13,04:00,04:15,Hirsch,0,0,0
2025.11.13,04:15,04:30,Hirsch,0,0,0
2025.11.13,04:30,04:45,Hirsch,0,0,0
2025.11.13,04:45,05:00,Hirsch,0,2,2
2025.11.13,05:00,05:15,Hirsch,0,1,1
2025.11.13,05:15,05:30,Hirsch,0,5,5
2025.11.13,05:30,05:45,Hirsch,1,4,5
2025.11.13,05:45,06:00,Hirsch,0,12,12
2025.11.13,06:00,06:15,Hirsch,0,5,5
2025.11.13,06:15,06:30,Hirsch,2,5,7
2025.11.13,06:30,06:45,Hirsch,4,18,22
2025.11.13,06:45,07:00,Hirsch,7,12,19
2025.11.13,07:00,07:15,Hirsch,4,31,35
2025.11.13,07:15,07:30,Hirsch,9,53,62
2025.11.13,07:30,07:45,Hirsch,11,61,72
2025.11.13,07:45,08:00,Hirsch,9,88,97
2025.11.13,08:00,08:15,Hirsch,5,93,98
2025.11.13,08:15,08:30,Hirsch,11,81,92
2025.11.13,08:30,08:45,Hirsch,13,73,86
2025.11.13,08:45,09:00,Hirsch,12,54,66
2025.11.13,09:00,09:15,Hirsch,5,43,48
2025.11.13,09:15,09:30,Hirsch,5,40,45
2025.11.13,09:30,09:45,Hirsch,4,20,24
2025.11.13,09:45,10:00,Hirsch,7,17,24
2025.11.13,10:00,10:15,Hirsch,2,15,17
2025.11.13,10:15,10:30,Hirsch,6,14,20
2025.11.13,10:30,10:45,Hirsch,4,5,9
2025.11.13,10:45,11:00,Hirsch,8,11,19
2025.11.13,11:00,11:15,Hirsch,7,10,17
2025.11.13,11:15,11:30,Hirsch,5,9,14
2025.11.13,11:30,11:45,Hirsch,6,7,13
2025.11.13,11:45,12:00,Hirsch,8,7,15
2025.11.13,12:00,12:15,Hirsch,6,6,12
2025.11.13,12:15,12:30,Hirsch,14,10,24
2025.11.13,12:30,12:45,Hirsch,9,9,18
2025.11.13,12:45,13:00,Hirsch,14,13,27
2025.11.13,13:00,13:15,Hirsch,10,9,19
2025.11.13,13:15,13:30,Hirsch,18,6,24
2025.11.13,13:30,13:45,Hirsch,14,10,24
2025.11.13,13:45,14:00,Hirsch,24,10,34
2025.11.13,14:00,14:15,Hirsch,21,6,27
2025.11.13,14:15,14:30,Hirsch,18,11,29
2025.11.13,14:30,14:45,Hirsch,19,6,25
2025.11.13,14:45,15:00,Hirsch,19,11,30
2025.11.13,15:00,15:15,Hirsch,23,13,36
2025.11.13,15:15,15:30,Hirsch,25,12,37
2025.11.13,15:30,15:45,Hirsch,27,7,34
2025.11.13,15:45,16:00,Hirsch,27,16,43
2025.11.13,16:00,16:15,Hirsch,28,16,44
2025.11.13,16:15,16:30,Hirsch,42,5,47
2025.11.13,16:30,16:45,Hirsch,40,14,54
2025.11.13,16:45,17:00,Hirsch,37,20,57
2025.11.13,17:00,17:15,Hirsch,30,10,40
2025.11.13,17:15,17:30,Hirsch,48,15,63
2025.11.13,17:30,17:45,Hirsch,43,21,64
2025.11.13,17:45,18:00,Hirsch,37,6,43
2025.11.13,18:00,18:15,Hirsch,46,19,65
2025.11.13,18:15,18:30,Hirsch,41,15,56
2025.11.13,18:30,18:45,Hirsch,46,16,62
2025.11.13,18:45,19:00,Hirsch,25,15,40
2025.11.13,19:00,19:15,Hirsch,22,7,29
2025.11.13,19:15,19:30,Hirsch,19,7,26
2025.11.13,19:30,19:45,Hirsch,12,5,17
2025.11.13,19:45,20:00,Hirsch,13,5,18
2025.11.13,20:00,20:15,Hirsch,18,7,25
2025.11.13,20:15,20:30,Hirsch,17,2,19
2025.11.13,20:30,20:45,Hirsch,11,9,20
2025.11.13,20:45,21:00,Hirsch,17,2,19
2025.11.13,21:00,21:15,Hirsch,12,2,14
2025.11.13,21:15,21:30,Hirsch,10,2,12
2025.11.13,21:30,21:45,Hirsch,10,1,11
2025.11.13,21:45,22:00,Hirsch,9,1,10
2025.11.13,22:00,22:15,Hirsch,7,2,9
2025.11.13,22:15,22:30,Hirsch,9,2,11
2025.11.13,22:30,22:45,Hirsch,11,1,12
2025.11.13,22:45,23:00,Hirsch,8,2,10
2025.11.13,23:00,23:15,Hirsch,5,0,5
2025.11.13,23:15,23:30,Hirsch,5,2,7
2025.11.13,23:30,23:45,Hirsch,6,1,7
2025.11.13,23:45,00:00,Hirsch,2,2,4
2025.11.14,00:00,00:15,Hirsch,4,0,4
2025.11.14,00:15,00:30,Hirsch,2,0,2
2025.11.14,00:30,00:45,Hirsch,0,0,0
2025.11.14,00:45,01:00,Hirsch,1,0,1
2025.11.14,01:00,01:15,Hirsch,3,0,3
2025.11.14,01:15,01:30,Hirsch,1,0,1
2025.11.14,01:30,01:45,Hirsch,1,0,1
2025.11.14,01:45,02:00,Hirsch,0,0,0
2025.11.14,02:00,02:15,Hirsch,0,0,0
2025.11.14,02:15,02:30,Hirsch,0,0,0
2025.11.14,02:30,02:45,Hirsch,1,0,1
2025.11.14,02:45,03:00,Hirsch,0,0,0
2025.11.14,03:00,03:15,Hirsch,0,0,0
2025.11.14,03:15,03:30,Hirsch,1,0,1
2025.11.14,03:30,03:45,Hirsch,0,0,0
2025.11.14,03:45,04:00,Hirsch,0,0,0
2025.11.14,04:00,04:15,Hirsch,0,0,0
2025.11.14,04:15,04:30,Hirsch,0,0,0
2025.11.14,04:30,04:45,Hirsch,0,0,0
2025.11.14,04:45,05:00,Hirsch,0,1,1
2025.11.14,05:00,05:15,Hirsch,0,4,4
2025.11.14,05:15,05:30,Hirsch,0,4,4
2025.11.14,05:30,05:45,Hirsch,1,3,4
2025.11.14,05:45,06:00,Hirsch,0,10,10
2025.11.14,06:00,06:15,Hirsch,0,5,5
2025.11.14,06:15,06:30,Hirsch,1,6,7
2025.11.14,06:30,06:45,Hirsch,4,10,14
2025.11.14,06:45,07:00,Hirsch,5,13,18
2025.11.14,07:00,07:15,Hirsch,3,15,18
2025.11.14,07:15,07:30,Hirsch,8,32,40
2025.11.14,07:30,07:45,Hirsch,10,44,54
2025.11.14,07:45,08:00,Hirsch,7,50,57
2025.11.14,08:00,08:15,Hirsch,5,66,71
2025.11.14,08:15,08:30,Hirsch,7,62,69
2025.11.14,08:30,08:45,Hirsch,13,38,51
2025.11.14,08:45,09:00,Hirsch,11,35,46
2025.11.14,09:00,09:15,Hirsch,8,35,43
2025.11.14,09:15,09:30,Hirsch,9,31,40
2025.11.14,09:30,09:45,Hirsch,3,14,17
2025.11.14,09:45,10:00,Hirsch,2,13,15
2025.11.14,10:00,10:15,Hirsch,4,9,13
2025.11.14,10:15,10:30,Hirsch,1,9,10
2025.11.14,10:30,10:45,Hirsch,7,8,15
2025.11.14,10:45,11:00,Hirsch,4,7,11
2025.11.14,11:00,11:15,Hirsch,9,9,18
2025.11.14,11:15,11:30,Hirsch,8,5,13
2025.11.14,11:30,11:45,Hirsch,10,8,18
2025.11.14,11:45,12:00,Hirsch,14,10,24
2025.11.14,12:00,12:15,Hirsch,8,9,17
2025.11.14,12:15,12:30,Hirsch,8,12,20
2025.11.14,12:30,12:45,Hirsch,11,8,19
2025.11.14,12:45,13:00,Hirsch,19,10,29
2025.11.14,13:00,13:15,Hirsch,16,11,27
2025.11.14,13:15,13:30,Hirsch,21,9,30
2025.11.14,13:30,13:45,Hirsch,18,19,37
2025.11.14,13:45,14:00,Hirsch,23,15,38
2025.11.14,14:00,14:15,Hirsch,19,14,33
2025.11.14,14:15,14:30,Hirsch,16,2,18
2025.11.14,14:30,14:45,Hirsch,26,6,32
2025.11.14,14:45,15:00,Hirsch,27,10,37
2025.11.14,15:00,15:15,Hirsch,30,6,36
2025.11.14,15:15,15:30,Hirsch,25,16,41
2025.11.14,15:30,15:45,Hirsch,21,25,46
2025.11.14,15:45,16:00,Hirsch,27,19,46
2025.11.14,16:00,16:15,Hirsch,27,8,35
2025.11.14,16:15,16:30,Hirsch,31,16,47
2025.11.14,16:30,16:45,Hirsch,26,10,36
2025.11.14,16:45,17:00,Hirsch,21,17,38
2025.11.14,17:00,17:15,Hirsch,32,22,54
2025.11.14,17:15,17:30,Hirsch,38,9,47
2025.11.14,17:30,17:45,Hirsch,26,7,33
2025.11.14,17:45,18:00,Hirsch,28,14,42
2025.11.14,18:00,18:15,Hirsch,24,12,36
2025.11.14,18:15,18:30,Hirsch,16,8,24
2025.11.14,18:30,18:45,Hirsch,19,13,32
2025.11.14,18:45,19:00,Hirsch,28,14,42
2025.11.14,19:00,19:15,Hirsch,7,8,15
2025.11.14,19:15,19:30,Hirsch,13,6,19
2025.11.14,19:30,19:45,Hirsch,5,4,9
2025.11.14,19:45,20:00,Hirsch,14,12,26
2025.11.14,20:00,20:15,Hirsch,7,3,10
2025.11.14,20:15,20:30,Hirsch,2,4,6
2025.11.14,20:30,20:45,Hirsch,3,5,8
2025.11.14,20:45,21:00,Hirsch,3,2,5
2025.11.14,21:00,21:15,Hirsch,11,3,14
2025.11.14,21:15,21:30,Hirsch,13,6,19
2025.11.14,21:30,21:45,Hirsch,4,3,7
2025.11.14,21:45,22:00,Hirsch,3,0,3
2025.11.14,22:00,22:15,Hirsch,6,2,8
2025.11.14,22:15,22:30,Hirsch,11,0,11
2025.11.14,22:30,22:45,Hirsch,4,0,4
2025.11.14,22:45,23:00,Hirsch,5,1,6
2025.11.14,23:00,23:15,Hirsch,6,1,7
2025.11.14,23:15,23:30,Hirsch,4,2,6
2025.11.14,23:30,23:45,Hirsch,7,1,8
2025.11.14,23:45,00:00,Hirsch,6,1,7
2025.11.15,00:00,00:15,Hirsch,7,1,8
2025.11.15,00:15,00:30,Hirsch,2,0,2
2025.11.15,00:30,00:45,Hirsch,1,0,1
2025.11.15,00:45,01:00,Hirsch,3,0,3
2025.11.15,01:00,01:15,Hirsch,3,0,3
2025.11.15,01:15,01:30,Hirsch,2,0,2
2025.11.15,01:30,01:45,Hirsch,2,0,2
2025.11.15,01:45,02:00,Hirsch,1,0,1
2025.11.15,02:00,02:15,Hirsch,0,0,0
2025.11.15,02:15,02:30,Hirsch,0,1,1
2025.11.15,02:30,02:45,Hirsch,1,0,1
2025.11.15,02:45,03:00,Hirsch,1,0,1
2025.11.15,03:00,03:15,Hirsch,0,0,0
2025.11.15,03:15,03:30,Hirsch,0,0,0
2025.11.15,03:30,03:45,Hirsch,1,0,1
2025.11.15,03:45,04:00,Hirsch,0,0,0
2025.11.15,04:00,04:15,Hirsch,0,0,0
2025.11.15,04:15,04:30,Hirsch,0,0,0
2025.11.15,04:30,04:45,Hirsch,0,0,0
2025.11.15,04:45,05:00,Hirsch,0,0,0
2025.11.15,05:00,05:15,Hirsch,0,0,0
2025.11.15,05:15,05:30,Hirsch,1,0,1
2025.11.15,05:30,05:45,Hirsch,0,1,1
2025.11.15,05:45,06:00,Hirsch,1,0,1
2025.11.15,06:00,06:15,Hirsch,2,0,2
2025.11.15,06:15,06:30,Hirsch,0,1,1
2025.11.15,06:30,06:45,Hirsch,0,0,0
2025.11.15,06:45,07:00,Hirsch,0,0,0
2025.11.15,07:00,07:15,Hirsch,0,0,0
2025.11.15,07:15,07:30,Hirsch,0,2,2
2025.11.15,07:30,07:45,Hirsch,4,2,6
2025.11.15,07:45,08:00,Hirsch,0,2,2
2025.11.15,08:00,08:15,Hirsch,0,1,1
2025.11.15,08:15,08:30,Hirsch,2,3,5
2025.11.15,08:30,08:45,Hirsch,2,8,10
2025.11.15,08:45,09:00,Hirsch,2,4,6
2025.11.15,09:00,09:15,Hirsch,1,3,4
2025.11.15,09:15,09:30,Hirsch,2,8,10
2025.11.15,09:30,09:45,Hirsch,2,11,13
2025.11.15,09:45,10:00,Hirsch,3,15,18
2025.11.15,10:00,10:15,Hirsch,5,10,15
2025.11.15,10:15,10:30,Hirsch,5,5,10
2025.11.15,10:30,10:45,Hirsch,5,15,20
2025.11.15,10:45,11:00,Hirsch,8,10,18
2025.11.15,11:00,11:15,Hirsch,6,9,15
2025.11.15,11:15,11:30,Hirsch,5,12,17
2025.11.15,11:30,11:45,Hirsch,11,10,21
2025.11.15,11:45,12:00,Hirsch,5,8,13
2025.11.15,12:00,12:15,Hirsch,11,9,20
2025.11.15,12:15,12:30,Hirsch,6,6,12
2025.11.15,12:30,12:45,Hirsch,11,9,20
2025.11.15,12:45,13:00,Hirsch,7,13,20
2025.11.15,13:00,13:15,Hirsch,12,11,23
2025.11.15,13:15,13:30,Hirsch,12,8,20
2025.11.15,13:30,13:45,Hirsch,11,13,24
2025.11.15,13:45,14:00,Hirsch,11,13,24
2025.11.15,14:00,14:15,Hirsch,4,21,25
2025.11.15,14:15,14:30,Hirsch,14,25,39
2025.11.15,14:30,14:45,Hirsch,16,15,31
2025.11.15,14:45,15:00,Hirsch,9,13,22
2025.11.15,15:00,15:15,Hirsch,15,16,31
2025.11.15,15:15,15:30,Hirsch,21,11,32
2025.11.15,15:30,15:45,Hirsch,19,7,26
2025.11.15,15:45,16:00,Hirsch,20,12,32
2025.11.15,16:00,16:15,Hirsch,13,8,21
2025.11.15,16:15,16:30,Hirsch,14,14,28
2025.11.15,16:30,16:45,Hirsch,20,9,29
2025.11.15,16:45,17:00,Hirsch,10,4,14
2025.11.15,17:00,17:15,Hirsch,5,10,15
2025.11.15,17:15,17:30,Hirsch,13,11,24
2025.11.15,17:30,17:45,Hirsch,8,7,15
2025.11.15,17:45,18:00,Hirsch,10,12,22
2025.11.15,18:00,18:15,Hirsch,5,7,12
2025.11.15,18:15,18:30,Hirsch,13,11,24
2025.11.15,18:30,18:45,Hirsch,3,5,8
2025.11.15,18:45,19:00,Hirsch,5,7,12
2025.11.15,19:00,19:15,Hirsch,6,12,18
2025.11.15,19:15,19:30,Hirsch,2,6,8
2025.11.15,19:30,19:45,Hirsch,3,7,10
2025.11.15,19:45,20:00,Hirsch,7,2,9
2025.11.15,20:00,20:15,Hirsch,5,3,8
2025.11.15,20:15,20:30,Hirsch,3,1,4
2025.11.15,20:30,20:45,Hirsch,3,3,6
2025.11.15,20:45,21:00,Hirsch,9,1,10
2025.11.15,21:00,21:15,Hirsch,6,3,9
2025.11.15,21:15,21:30,Hirsch,5,2,7
2025.11.15,21:30,21:45,Hirsch,3,0,3
2025.11.15,21:45,22:00,Hirsch,5,1,6
2025.11.15,22:00,22:15,Hirsch,6,1,7
2025.11.15,22:15,22:30,Hirsch,9,2,11
2025.11.15,22:30,22:45,Hirsch,5,0,5
2025.11.15,22:45,23:00,Hirsch,8,1,9
2025.11.15,23:00,23:15,Hirsch,7,3,10
2025.11.15,23:15,23:30,Hirsch,12,0,12
2025.11.15,23:30,23:45,Hirsch,6,0,6
2025.11.15,23:45,00:00,Hirsch,2,0,2
2025.11.16,00:00,00:15,Hirsch,3,0,3
2025.11.16,00:15,00:30,Hirsch,2,1,3
2025.11.16,00:30,00:45,Hirsch,0,1,1
2025.11.16,00:45,01:00,Hirsch,4,0,4
2025.11.16,01:00,01:15,Hirsch,1,11,12
2025.11.16,01:15,01:30,Hirsch,3,3,6
2025.11.16,01:30,01:45,Hirsch,1,3,4
2025.11.16,01:45,02:00,Hirsch,3,0,3
2025.11.16,02:00,02:15,Hirsch,1,0,1
2025.11.16,02:15,02:30,Hirsch,0,0,0
2025.11.16,02:30,02:45,Hirsch,1,0,1
2025.11.16,02:45,03:00,Hirsch,0,0,0
2025.11.16,03:00,03:15,Hirsch,0,0,0
2025.11.16,03:15,03:30,Hirsch,1,0,1
2025.11.16,03:30,03:45,Hirsch,0,0,0
2025.11.16,03:45,04:00,Hirsch,0,0,0
2025.11.16,04:00,04:15,Hirsch,0,0,0
2025.11.16,04:15,04:30,Hirsch,0,0,0
2025.11.16,04:30,04:45,Hirsch,0,0,0
2025.11.16,04:45,05:00,Hirsch,0,0,0
2025.11.16,05:00,05:15,Hirsch,0,0,0
2025.11.16,05:15,05:30,Hirsch,0,0,0
2025.11.16,05:30,05:45,Hirsch,0,1,1
2025.11.16,05:45,06:00,Hirsch,2,0,2
2025.11.16,06:00,06:15,Hirsch,0,0,0
2025.11.16,06:15,06:30,Hirsch,0,1,1
2025.11.16,06:30,06:45,Hirsch,2,0,2
2025.11.16,06:45,07:00,Hirsch,0,1,1
2025.11.16,07:00,07:15,Hirsch,0,2,2
2025.11.16,07:15,07:30,Hirsch,0,1,1
2025.11.16,07:30,07:45,Hirsch,2,0,2
2025.11.16,07:45,08:00,Hirsch,3,2,5
2025.11.16,08:00,08:15,Hirsch,0,3,3
2025.11.16,08:15,08:30,Hirsch,3,6,9
2025.11.16,08:30,08:45,Hirsch,1,6,7
2025.11.16,08:45,09:00,Hirsch,6,8,14
2025.11.16,09:00,09:15,Hirsch,2,5,7
2025.11.16,09:15,09:30,Hirsch,4,10,14
2025.11.16,09:30,09:45,Hirsch,5,6,11
2025.11.16,09:45,10:00,Hirsch,2,7,9
2025.11.16,10:00,10:15,Hirsch,4,8,12
2025.11.16,10:15,10:30,Hirsch,5,14,19
2025.11.16,10:30,10:45,Hirsch,4,16,20
2025.11.16,10:45,11:00,Hirsch,5,9,14
2025.11.16,11:00,11:15,Hirsch,5,9,14
2025.11.16,11:15,11:30,Hirsch,6,12,18
2025.11.16,11:30,11:45,Hirsch,9,6,15
2025.11.16,11:45,12:00,Hirsch,11,7,18
2025.11.16,12:00,12:15,Hirsch,9,9,18
2025.11.16,12:15,12:30,Hirsch,8,5,13
2025.11.16,12:30,12:45,Hirsch,10,10,20
2025.11.16,12:45,13:00,Hirsch,10,9,19
2025.11.16,13:00,13:15,Hirsch,12,5,17
2025.11.16,13:15,13:30,Hirsch,12,9,21
2025.11.16,13:30,13:45,Hirsch,17,13,30
2025.11.16,13:45,14:00,Hirsch,6,8,14
2025.11.16,14:00,14:15,Hirsch,11,8,19
2025.11.16,14:15,14:30,Hirsch,12,12,24
2025.11.16,14:30,14:45,Hirsch,18,5,23
2025.11.16,14:45,15:00,Hirsch,15,7,22
2025.11.16,15:00,15:15,Hirsch,6,10,16
2025.11.16,15:15,15:30,Hirsch,10,7,17
2025.11.16,15:30,15:45,Hirsch,6,13,19
2025.11.16,15:45,16:00,Hirsch,7,11,18
2025.11.16,16:00,16:15,Hirsch,9,11,20
2025.11.16,16:15,16:30,Hirsch,5,9,14
2025.11.16,16:30,16:45,Hirsch,7,15,22
2025.11.16,16:45,17:00,Hirsch,5,11,16
2025.11.16,17:00,17:15,Hirsch,16,7,23
2025.11.16,17:15,17:30,Hirsch,9,8,17
2025.11.16,17:30,17:45,Hirsch,6,3,9
2025.11.16,17:45,18:00,Hirsch,5,3,8
2025.11.16,18:00,18:15,Hirsch,1,10,11
2025.11.16,18:15,18:30,Hirsch,4,3,7
2025.11.16,18:30,18:45,Hirsch,8,2,10
2025.11.16,18:45,19:00,Hirsch,2,4,6
2025.11.16,19:00,19:15,Hirsch,2,4,6
2025.11.16,19:15,19:30,Hirsch,5,0,5
2025.11.16,19:30,19:45,Hirsch,6,2,8
2025.11.16,19:45,20:00,Hirsch,3,2,5
2025.11.16,20:00,20:15,Hirsch,7,1,8
2025.11.16,20:15,20:30,Hirsch,4,1,5
2025.11.16,20:30,20:45,Hirsch,2,1,3
2025.11.16,20:45,21:00,Hirsch,3,0,3
2025.11.16,21:00,21:15,Hirsch,2,4,6
2025.11.16,21:15,21:30,Hirsch,6,3,9
2025.11.16,21:30,21:45,Hirsch,2,1,3
2025.11.16,21:45,22:00,Hirsch,8,0,8
2025.11.16,22:00,22:15,Hirsch,3,0,3
2025.11.16,22:15,22:30,Hirsch,1,0,1
2025.11.16,22:30,22:45,Hirsch,2,1,3
2025.11.16,22:45,23:00,Hirsch,1,2,3
2025.11.16,23:00,23:15,Hirsch,2,0,2
2025.11.16,23:15,23:30,Hirsch,3,0,3
2025.11.16,23:30,23:45,Hirsch,1,1,2
2025.11.16,23:45,00:00,Hirsch,1,0,1
2025.11.17,00:00,00:15,Hirsch,0,0,0
2025.11.17,00:15,00:30,Hirsch,1,0,1
2025.11.17,00:30,00:45,Hirsch,0,0,0
2025.11.17,00:45,01:00,Hirsch,0,0,0
2025.11.17,01:00,01:15,Hirsch,0,0,0
2025.11.17,01:15,01:30,Hirsch,0,0,0
2025.11.17,01:30,01:45,Hirsch,0,0,0
2025.11.17,01:45,02:00,Hirsch,0,0,0
2025.11.17,02:00,02:15,Hirsch,0,0,0
2025.11.17,02:15,02:30,Hirsch,0,0,0
2025.11.17,02:30,02:45,Hirsch,0,0,0
2025.11.17,02:45,03:00,Hirsch,1,0,1
2025.11.17,03:00,03:15,Hirsch,0,0,0
2025.11.17,03:15,03:30,Hirsch,0,0,0
2025.11.17,03:30,03:45,Hirsch,0,0,0
2025.11.17,03:45,04:00,Hirsch,0,0,0
2025.11.17,04:00,04:15,Hirsch,0,0,0
2025.11.17,04:15,04:30,Hirsch,0,0,0
2025.11.17,04:30,04:45,Hirsch,0,0,0
2025.11.17,04:45,05:00,Hirsch,0,0,0
2025.11.17,05:00,05:15,Hirsch,1,3,4
2025.11.17,05:15,05:30,Hirsch,0,3,3
2025.11.17,05:30,05:45,Hirsch,1,4,5
2025.11.17,05:45,06:00,Hirsch,0,10,10
2025.11.17,06:00,06:15,Hirsch,1,2,3
2025.11.17,06:15,06:30,Hirsch,0,11,11
2025.11.17,06:30,06:45,Hirsch,3,12,15
2025.11.17,06:45,07:00,Hirsch,4,19,23
2025.11.17,07:00,07:15,Hirsch,3,20,23
2025.11.17,07:15,07:30,Hirsch,6,31,37
2025.11.17,07:30,07:45,Hirsch,11,45,56
2025.11.17,07:45,08:00,Hirsch,9,66,75
2025.11.17,08:00,08:15,Hirsch,7,59,66
2025.11.17,08:15,08:30,Hirsch,10,66,76
2025.11.17,08:30,08:45,Hirsch,17,50,67
2025.11.17,08:45,09:00,Hirsch,3,36,39
2025.11.17,09:00,09:15,Hirsch,3,13,16
2025.11.17,09:15,09:30,Hirsch,3,12,15
2025.11.17,09:30,09:45,Hirsch,2,8,10
2025.11.17,09:45,10:00,Hirsch,2,4,6
2025.11.17,10:00,10:15,Hirsch,1,2,3
2025.11.17,10:15,10:30,Hirsch,1,4,5
2025.11.17,10:30,10:45,Hirsch,1,4,5
2025.11.17,10:45,11:00,Hirsch,3,2,5
2025.11.17,11:00,11:15,Hirsch,0,1,1
2025.11.17,11:15,11:30,Hirsch,3,2,5
2025.11.17,11:30,11:45,Hirsch,1,0,1
2025.11.17,11:45,12:00,Hirsch,1,5,6
2025.11.17,12:00,12:15,Hirsch,2,2,4
2025.11.17,12:15,12:30,Hirsch,4,4,8
2025.11.17,12:30,12:45,Hirsch,3,4,7
2025.11.17,12:45,13:00,Hirsch,2,1,3
2025.11.17,13:00,13:15,Hirsch,2,1,3
2025.11.17,13:15,13:30,Hirsch,3,0,3
2025.11.17,13:30,13:45,Hirsch,7,3,10
2025.11.17,13:45,14:00,Hirsch,7,2,9
2025.11.17,14:00,14:15,Hirsch,3,1,4
2025.11.17,14:15,14:30,Hirsch,11,2,13
2025.11.17,14:30,14:45,Hirsch,8,7,15
2025.11.17,14:45,15:00,Hirsch,5,4,9
2025.11.17,15:00,15:15,Hirsch,4,5,9
2025.11.17,15:15,15:30,Hirsch,13,8,21
2025.11.17,15:30,15:45,Hirsch,20,7,27
2025.11.17,15:45,16:00,Hirsch,19,7,26
2025.11.17,16:00,16:15,Hirsch,15,9,24
2025.11.17,16:15,16:30,Hirsch,21,12,33
2025.11.17,16:30,16:45,Hirsch,23,8,31
2025.11.17,16:45,17:00,Hirsch,21,4,25
2025.11.17,17:00,17:15,Hirsch,23,1,24
2025.11.17,17:15,17:30,Hirsch,27,10,37
2025.11.17,17:30,17:45,Hirsch,27,8,35
2025.11.17,17:45,18:00,Hirsch,29,10,39
2025.11.17,18:00,18:15,Hirsch,28,9,37
2025.11.17,18:15,18:30,Hirsch,20,10,30
2025.11.17,18:30,18:45,Hirsch,29,9,38
2025.11.17,18:45,19:00,Hirsch,15,13,28
2025.11.17,19:00,19:15,Hirsch,15,7,22
2025.11.17,19:15,19:30,Hirsch,13,7,20
2025.11.17,19:30,19:45,Hirsch,10,3,13
2025.11.17,19:45,20:00,Hirsch,7,3,10
2025.11.17,20:00,20:15,Hirsch,8,4,12
2025.11.17,20:15,20:30,Hirsch,7,5,12
2025.11.17,20:30,20:45,Hirsch,5,0,5
2025.11.17,20:45,21:00,Hirsch,7,0,7
2025.11.17,21:00,21:15,Hirsch,4,1,5
2025.11.17,21:15,21:30,Hirsch,6,2,8
2025.11.17,21:30,21:45,Hirsch,7,1,8
2025.11.17,21:45,22:00,Hirsch,2,0,2
2025.11.17,22:00,22:15,Hirsch,1,2,3
2025.11.17,22:15,22:30,Hirsch,5,1,6
2025.11.17,22:30,22:45,Hirsch,6,3,9
2025.11.17,22:45,23:00,Hirsch,1,0,1
2025.11.17,23:00,23:15,Hirsch,3,1,4
2025.11.17,23:15,23:30,Hirsch,4,0,4
2025.11.17,23:30,23:45,Hirsch,0,2,2
2025.11.17,23:45,00:00,Hirsch,4,0,4
2025.11.18,00:00,00:15,Hirsch,3,0,3
2025.11.18,00:15,00:30,Hirsch,0,0,0
2025.11.18,00:30,00:45,Hirsch,0,0,0
2025.11.18,00:45,01:00,Hirsch,0,0,0
2025.11.18,01:00,01:15,Hirsch,0,0,0
2025.11.18,01:15,01:30,Hirsch,1,0,1
2025.11.18,01:30,01:45,Hirsch,1,0,1
2025.11.18,01:45,02:00,Hirsch,0,0,0
2025.11.18,02:00,02:15,Hirsch,0,0,0
2025.11.18,02:15,02:30,Hirsch,0,0,0
2025.11.18,02:30,02:45,Hirsch,0,0,0
2025.11.18,02:45,03:00,Hirsch,0,0,0
2025.11.18,03:00,03:15,Hirsch,0,0,0
2025.11.18,03:15,03:30,Hirsch,0,0,0
2025.11.18,03:30,03:45,Hirsch,0,0,0
2025.11.18,03:45,04:00,Hirsch,0,0,0
2025.11.18,04:00,04:15,Hirsch,0,0,0
2025.11.18,04:15,04:30,Hirsch,0,0,0
2025.11.18,04:30,04:45,Hirsch,0,0,0
2025.11.18,04:45,05:00,Hirsch,0,0,0
2025.11.18,05:00,05:15,Hirsch,1,3,4
2025.11.18,05:15,05:30,Hirsch,0,1,1
2025.11.18,05:30,05:45,Hirsch,1,3,4
2025.11.18,05:45,06:00,Hirsch,1,10,11
2025.11.18,06:00,06:15,Hirsch,2,4,6
2025.11.18,06:15,06:30,Hirsch,1,5,6
2025.11.18,06:30,06:45,Hirsch,2,15,17
2025.11.18,06:45,07:00,Hirsch,5,15,20
2025.11.18,07:00,07:15,Hirsch,2,16,18
2025.11.18,07:15,07:30,Hirsch,6,46,52
2025.11.18,07:30,07:45,Hirsch,14,54,68
2025.11.18,07:45,08:00,Hirsch,11,58,69
2025.11.18,08:00,08:15,Hirsch,10,86,96
2025.11.18,08:15,08:30,Hirsch,12,80,92
2025.11.18,08:30,08:45,Hirsch,12,50,62
2025.11.18,08:45,09:00,Hirsch,5,50,55
2025.11.18,09:00,09:15,Hirsch,10,40,50
2025.11.18,09:15,09:30,Hirsch,6,19,25
2025.11.18,09:30,09:45,Hirsch,5,24,29
2025.11.18,09:45,10:00,Hirsch,3,10,13
2025.11.18,10:00,10:15,Hirsch,4,7,11
2025.11.18,10:15,10:30,Hirsch,6,8,14
2025.11.18,10:30,10:45,Hirsch,7,11,18
2025.11.18,10:45,11:00,Hirsch,5,8,13
2025.11.18,11:00,11:15,Hirsch,3,7,10
2025.11.18,11:15,11:30,Hirsch,9,9,18
2025.11.18,11:30,11:45,Hirsch,5,6,11
2025.11.18,11:45,12:00,Hirsch,3,1,4
2025.11.18,12:00,12:15,Hirsch,5,6,11
2025.11.18,12:15,12:30,Hirsch,5,10,15
2025.11.18,12:30,12:45,Hirsch,13,13,26
2025.11.18,12:45,13:00,Hirsch,13,5,18
2025.11.18,13:00,13:15,Hirsch,7,5,12
2025.11.18,13:15,13:30,Hirsch,12,8,20
2025.11.18,13:30,13:45,Hirsch,6,3,9
2025.11.18,13:45,14:00,Hirsch,10,8,18
2025.11.18,14:00,14:15,Hirsch,11,8,19
2025.11.18,14:15,14:30,Hirsch,13,7,20
2025.11.18,14:30,14:45,Hirsch,15,11,26
2025.11.18,14:45,15:00,Hirsch,16,5,21
2025.11.18,15:00,15:15,Hirsch,20,3,23
2025.11.18,15:15,15:30,Hirsch,15,5,20
2025.11.18,15:30,15:45,Hirsch,26,5,31
2025.11.18,15:45,16:00,Hirsch,20,10,30
2025.11.18,16:00,16:15,Hirsch,18,4,22
2025.11.18,16:15,16:30,Hirsch,32,13,45
2025.11.18,16:30,16:45,Hirsch,33,8,41
2025.11.18,16:45,17:00,Hirsch,27,8,35
2025.11.18,17:00,17:15,Hirsch,25,13,38
2025.11.18,17:15,17:30,Hirsch,43,8,51
2025.11.18,17:30,17:45,Hirsch,45,12,57
2025.11.18,17:45,18:00,Hirsch,34,14,48
2025.11.18,18:00,18:15,Hirsch,32,9,41
2025.11.18,18:15,18:30,Hirsch,35,12,47
2025.11.18,18:30,18:45,Hirsch,32,5,37
2025.11.18,18:45,19:00,Hirsch,17,17,34
2025.11.18,19:00,19:15,Hirsch,24,7,31
2025.11.18,19:15,19:30,Hirsch,22,6,28
2025.11.18,19:30,19:45,Hirsch,18,5,23
2025.11.18,19:45,20:00,Hirsch,10,7,17
2025.11.18,20:00,20:15,Hirsch,15,4,19
2025.11.18,20:15,20:30,Hirsch,8,3,11
2025.11.18,20:30,20:45,Hirsch,9,3,12
2025.11.18,20:45,21:00,Hirsch,6,3,9
2025.11.18,21:00,21:15,Hirsch,9,3,12
2025.11.18,21:15,21:30,Hirsch,3,1,4
2025.11.18,21:30,21:45,Hirsch,11,2,13
2025.11.18,21:45,22:00,Hirsch,8,1,9
2025.11.18,22:00,22:15,Hirsch,10,0,10
2025.11.18,22:15,22:30,Hirsch,6,0,6
2025.11.18,22:30,22:45,Hirsch,5,3,8
2025.11.18,22:45,23:00,Hirsch,4,1,5
2025.11.18,23:00,23:15,Hirsch,3,0,3
2025.11.18,23:15,23:30,Hirsch,3,1,4
2025.11.18,23:30,23:45,Hirsch,2,0,2
2025.11.18,23:45,00:00,Hirsch,0,2,2
2025.11.19,00:00,00:15,Hirsch,0,0,0
2025.11.19,00:15,00:30,Hirsch,0,0,0
2025.11.19,00:30,00:45,Hirsch,3,0,3
2025.11.19,00:45,01:00,Hirsch,2,1,3
2025.11.19,01:00,01:15,Hirsch,0,0,0
2025.11.19,01:15,01:30,Hirsch,0,0,0
2025.11.19,01:30,01:45,Hirsch,1,0,1
2025.11.19,01:45,02:00,Hirsch,0,0,0
2025.11.19,02:00,02:15,Hirsch,0,0,0
2025.11.19,02:15,02:30,Hirsch,0,0,0
2025.11.19,02:30,02:45,Hirsch,0,0,0
2025.11.19,02:45,03:00,Hirsch,0,0,0
2025.11.19,03:00,03:15,Hirsch,1,0,1
2025.11.19,03:15,03:30,Hirsch,0,0,0
2025.11.19,03:30,03:45,Hirsch,0,0,0
2025.11.19,03:45,04:00,Hirsch,0,0,0
2025.11.19,04:00,04:15,Hirsch,0,0,0
2025.11.19,04:15,04:30,Hirsch,0,0,0
2025.11.19,04:30,04:45,Hirsch,0,0,0
2025.11.19,04:45,05:00,Hirsch,0,0,0
2025.11.19,05:00,05:15,Hirsch,1,2,3
2025.11.19,05:15,05:30,Hirsch,0,0,0
2025.11.19,05:30,05:45,Hirsch,1,5,6
2025.11.19,05:45,06:00,Hirsch,0,7,7
2025.11.19,06:00,06:15,Hirsch,2,4,6
2025.11.19,06:15,06:30,Hirsch,1,10,11
2025.11.19,06:30,06:45,Hirsch,2,9,11
2025.11.19,06:45,07:00,Hirsch,3,20,23
2025.11.19,07:00,07:15,Hirsch,3,23,26
2025.11.19,07:15,07:30,Hirsch,2,29,31
2025.11.19,07:30,07:45,Hirsch,11,44,55
2025.11.19,07:45,08:00,Hirsch,7,43,50
2025.11.19,08:00,08:15,Hirsch,8,63,71
2025.11.19,08:15,08:30,Hirsch,3,61,64
2025.11.19,08:30,08:45,Hirsch,9,40,49
2025.11.19,08:45,09:00,Hirsch,9,41,50
2025.11.19,09:00,09:15,Hirsch,7,29,36
2025.11.19,09:15,09:30,Hirsch,3,30,33
2025.11.19,09:30,09:45,Hirsch,3,15,18
2025.11.19,09:45,10:00,Hirsch,3,12,15
2025.11.19,10:00,10:15,Hirsch,4,10,14
2025.11.19,10:15,10:30,Hirsch,4,9,13
2025.11.19,10:30,10:45,Hirsch,3,3,6
2025.11.19,10:45,11:00,Hirsch,6,16,22
2025.11.19,11:00,11:15,Hirsch,3,13,16
2025.11.19,11:15,11:30,Hirsch,2,6,8
2025.11.19,11:30,11:45,Hirsch,4,3,7
2025.11.19,11:45,12:00,Hirsch,4,10,14
2025.11.19,12:00,12:15,Hirsch,4,9,13
2025.11.19,12:15,12:30,Hirsch,10,5,15
2025.11.19,12:30,12:45,Hirsch,4,5,9
2025.11.19,12:45,13:00,Hirsch,8,6,14
2025.11.19,13:00,13:15,Hirsch,6,8,14
2025.11.19,13:15,13:30,Hirsch,8,7,15
2025.11.19,13:30,13:45,Hirsch,11,4,15
2025.11.19,13:45,14:00,Hirsch,6,4,10
2025.11.19,14:00,14:15,Hirsch,7,9,16
2025.11.19,14:15,14:30,Hirsch,9,10,19
2025.11.19,14:30,14:45,Hirsch,12,3,15
2025.11.19,14:45,15:00,Hirsch,15,11,26
2025.11.19,15:00,15:15,Hirsch,15,8,23
2025.11.19,15:15,15:30,Hirsch,19,13,32
2025.11.19,15:30,15:45,Hirsch,17,13,30
2025.11.19,15:45,16:00,Hirsch,16,4,20
2025.11.19,16:00,16:15,Hirsch,27,5,32
2025.11.19,16:15,16:30,Hirsch,28,5,33
2025.11.19,16:30,16:45,Hirsch,26,3,29
2025.11.19,16:45,17:00,Hirsch,24,10,34
2025.11.19,17:00,17:15,Hirsch,34,9,43
2025.11.19,17:15,17:30,Hirsch,47,10,57
2025.11.19,17:30,17:45,Hirsch,44,8,52
2025.11.19,17:45,18:00,Hirsch,31,10,41
2025.11.19,18:00,18:15,Hirsch,21,7,28
2025.11.19,18:15,18:30,Hirsch,30,12,42
2025.11.19,18:30,18:45,Hirsch,31,9,40
2025.11.19,18:45,19:00,Hirsch,19,11,30
2025.11.19,19:00,19:15,Hirsch,18,9,27
2025.11.19,19:15,19:30,Hirsch,25,10,35
2025.11.19,19:30,19:45,Hirsch,30,6,36
2025.11.19,19:45,20:00,Hirsch,12,4,16
2025.11.19,20:00,20:15,Hirsch,12,1,13
2025.11.19,20:15,20:30,Hirsch,7,7,14
2025.11.19,20:30,20:45,Hirsch,10,1,11
2025.11.19,20:45,21:00,Hirsch,7,1,8
2025.11.19,21:00,21:15,Hirsch,6,2,8
2025.11.19,21:15,21:30,Hirsch,7,1,8
2025.11.19,21:30,21:45,Hirsch,5,2,7
2025.11.19,21:45,22:00,Hirsch,8,0,8
2025.11.19,22:00,22:15,Hirsch,7,1,8
2025.11.19,22:15,22:30,Hirsch,9,1,10
2025.11.19,22:30,22:45,Hirsch,5,0,5
2025.11.19,22:45,23:00,Hirsch,5,1,6
2025.11.19,23:00,23:15,Hirsch,6,0,6
2025.11.19,23:15,23:30,Hirsch,2,1,3
2025.11.19,23:30,23:45,Hirsch,4,0,4
2025.11.19,23:45,00:00,Hirsch,2,0,2
2025.11.20,00:00,00:15,Hirsch,2,0,2
2025.11.20,00:15,00:30,Hirsch,0,0,0
2025.11.20,00:30,00:45,Hirsch,0,0,0
2025.11.20,00:45,01:00,Hirsch,1,0,1
2025.11.20,01:00,01:15,Hirsch,1,0,1
2025.11.20,01:15,01:30,Hirsch,0,0,0
2025.11.20,01:30,01:45,Hirsch,2,0,2
2025.11.20,01:45,02:00,Hirsch,2,0,2
2025.11.20,02:00,02:15,Hirsch,0,0,0
2025.11.20,02:15,02:30,Hirsch,0,0,0
2025.11.20,02:30,02:45,Hirsch,1,0,1
2025.11.20,02:45,03:00,Hirsch,0,0,0
2025.11.20,03:00,03:15,Hirsch,0,1,1
2025.11.20,03:15,03:30,Hirsch,0,0,0
2025.11.20,03:30,03:45,Hirsch,0,0,0
2025.11.20,03:45,04:00,Hirsch,0,0,0
2025.11.20,04:00,04:15,Hirsch,0,0,0
2025.11.20,04:15,04:30,Hirsch,0,0,0
2025.11.20,04:30,04:45,Hirsch,0,0,0
2025.11.20,04:45,05:00,Hirsch,0,0,0
2025.11.20,05:00,05:15,Hirsch,1,2,3
2025.11.20,05:15,05:30,Hirsch,0,2,2
2025.11.20,05:30,05:45,Hirsch,1,2,3
2025.11.20,05:45,06:00,Hirsch,0,8,8
2025.11.20,06:00,06:15,Hirsch,5,6,11
2025.11.20,06:15,06:30,Hirsch,0,2,2
2025.11.20,06:30,06:45,Hirsch,5,15,20
2025.11.20,06:45,07:00,Hirsch,1,19,20
2025.11.20,07:00,07:15,Hirsch,3,14,17
2025.11.20,07:15,07:30,Hirsch,5,35,40
2025.11.20,07:30,07:45,Hirsch,7,48,55
2025.11.20,07:45,08:00,Hirsch,10,57,67
2025.11.20,08:00,08:15,Hirsch,8,63,71
2025.11.20,08:15,08:30,Hirsch,8,67,75
2025.11.20,08:30,08:45,Hirsch,11,57,68
2025.11.20,08:45,09:00,Hirsch,9,36,45
2025.11.20,09:00,09:15,Hirsch,9,30,39
2025.11.20,09:15,09:30,Hirsch,7,17,24
2025.11.20,09:30,09:45,Hirsch,7,17,24
2025.11.20,09:45,10:00,Hirsch,2,8,10
2025.11.20,10:00,10:15,Hirsch,4,10,14
2025.11.20,10:15,10:30,Hirsch,5,7,12
2025.11.20,10:30,10:45,Hirsch,1,4,5
2025.11.20,10:45,11:00,Hirsch,3,7,10
2025.11.20,11:00,11:15,Hirsch,6,2,8
2025.11.20,11:15,11:30,Hirsch,6,5,11
2025.11.20,11:30,11:45,Hirsch,3,4,7
2025.11.20,11:45,12:00,Hirsch,6,4,10
2025.11.20,12:00,12:15,Hirsch,3,6,9
2025.11.20,12:15,12:30,Hirsch,7,7,14
2025.11.20,12:30,12:45,Hirsch,11,4,15
2025.11.20,12:45,13:00,Hirsch,3,4,7
2025.11.20,13:00,13:15,Hirsch,11,8,19
2025.11.20,13:15,13:30,Hirsch,10,4,14
2025.11.20,13:30,13:45,Hirsch,8,5,13
2025.11.20,13:45,14:00,Hirsch,5,3,8
2025.11.20,14:00,14:15,Hirsch,9,3,12
2025.11.20,14:15,14:30,Hirsch,6,5,11
2025.11.20,14:30,14:45,Hirsch,19,3,22
2025.11.20,14:45,15:00,Hirsch,14,1,15
2025.11.20,15:00,15:15,Hirsch,7,0,7
2025.11.20,15:15,15:30,Hirsch,19,7,26
2025.11.20,15:30,15:45,Hirsch,13,2,15
2025.11.20,15:45,16:00,Hirsch,36,6,42
2025.11.20,16:00,16:15,Hirsch,11,2,13
2025.11.20,16:15,16:30,Hirsch,23,10,33
2025.11.20,16:30,16:45,Hirsch,24,9,33
2025.11.20,16:45,17:00,Hirsch,33,12,45
2025.11.20,17:00,17:15,Hirsch,25,17,42
2025.11.20,17:15,17:30,Hirsch,23,9,32
2025.11.20,17:30,17:45,Hirsch,32,8,40
2025.11.20,17:45,18:00,Hirsch,21,13,34
2025.11.20,18:00,18:15,Hirsch,30,10,40
2025.11.20,18:15,18:30,Hirsch,16,7,23
2025.11.20,18:30,18:45,Hirsch,19,9,28
2025.11.20,18:45,19:00,Hirsch,27,6,33
2025.11.20,19:00,19:15,Hirsch,18,9,27
2025.11.20,19:15,19:30,Hirsch,15,5,20
2025.11.20,19:30,19:45,Hirsch,11,5,16
2025.11.20,19:45,20:00,Hirsch,10,4,14
2025.11.20,20:00,20:15,Hirsch,11,4,15
2025.11.20,20:15,20:30,Hirsch,9,1,10
2025.11.20,20:30,20:45,Hirsch,5,2,7
2025.11.20,20:45,21:00,Hirsch,8,2,10
2025.11.20,21:00,21:15,Hirsch,6,2,8
2025.11.20,21:15,21:30,Hirsch,2,1,3
2025.11.20,21:30,21:45,Hirsch,7,2,9
2025.11.20,21:45,22:00,Hirsch,14,0,14
2025.11.20,22:00,22:15,Hirsch,7,1,8
2025.11.20,22:15,22:30,Hirsch,8,2,10
2025.11.20,22:30,22:45,Hirsch,8,0,8
2025.11.20,22:45,23:00,Hirsch,7,2,9
2025.11.20,23:00,23:15,Hirsch,7,1,8
2025.11.20,23:15,23:30,Hirsch,2,2,4
2025.11.20,23:30,23:45,Hirsch,4,0,4
2025.11.20,23:45,00:00,Hirsch,1,2,3
2025.11.21,00:00,00:15,Hirsch,2,0,2
2025.11.21,00:15,00:30,Hirsch,1,0,1
2025.11.21,00:30,00:45,Hirsch,1,1,2
2025.11.21,00:45,01:00,Hirsch,1,0,1
2025.11.21,01:00,01:15,Hirsch,0,1,1
2025.11.21,01:15,01:30,Hirsch,1,0,1
2025.11.21,01:30,01:45,Hirsch,0,0,0
2025.11.21,01:45,02:00,Hirsch,1,0,1
2025.11.21,02:00,02:15,Hirsch,0,0,0
2025.11.21,02:15,02:30,Hirsch,1,0,1
2025.11.21,02:30,02:45,Hirsch,1,0,1
2025.11.21,02:45,03:00,Hirsch,0,0,0
2025.11.21,03:00,03:15,Hirsch,0,0,0
2025.11.21,03:15,03:30,Hirsch,0,0,0
2025.11.21,03:30,03:45,Hirsch,0,0,0
2025.11.21,03:45,04:00,Hirsch,0,0,0
2025.11.21,04:00,04:15,Hirsch,0,0,0
2025.11.21,04:15,04:30,Hirsch,0,0,0
2025.11.21,04:30,04:45,Hirsch,0,0,0
2025.11.21,04:45,05:00,Hirsch,0,0,0
2025.11.21,05:00,05:15,Hirsch,0,2,2
2025.11.21,05:15,05:30,Hirsch,2,1,3
2025.11.21,05:30,05:45,Hirsch,1,2,3
2025.11.21,05:45,06:00,Hirsch,0,7,7
2025.11.21,06:00,06:15,Hirsch,1,3,4
2025.11.21,06:15,06:30,Hirsch,0,2,2
2025.11.21,06:30,06:45,Hirsch,1,11,12
2025.11.21,06:45,07:00,Hirsch,1,7,8
2025.11.21,07:00,07:15,Hirsch,3,14,17
2025.11.21,07:15,07:30,Hirsch,3,24,27
2025.11.21,07:30,07:45,Hirsch,8,38,46
2025.11.21,07:45,08:00,Hirsch,5,39,44
2025.11.21,08:00,08:15,Hirsch,3,31,34
2025.11.21,08:15,08:30,Hirsch,13,41,54
2025.11.21,08:30,08:45,Hirsch,7,33,40
2025.11.21,08:45,09:00,Hirsch,10,19,29
2025.11.21,09:00,09:15,Hirsch,9,19,28
2025.11.21,09:15,09:30,Hirsch,1,16,17
2025.11.21,09:30,09:45,Hirsch,3,4,7
2025.11.21,09:45,10:00,Hirsch,4,2,6
2025.11.21,10:00,10:15,Hirsch,2,3,5
2025.11.21,10:15,10:30,Hirsch,1,3,4
2025.11.21,10:30,10:45,Hirsch,1,4,5
2025.11.21,10:45,11:00,Hirsch,4,5,9
2025.11.21,11:00,11:15,Hirsch,4,6,10
2025.11.21,11:15,11:30,Hirsch,4,3,7
2025.11.21,11:30,11:45,Hirsch,4,4,8
2025.11.21,11:45,12:00,Hirsch,2,5,7
2025.11.21,12:00,12:15,Hirsch,9,3,12
2025.11.21,12:15,12:30,Hirsch,5,0,5
2025.11.21,12:30,12:45,Hirsch,7,5,12
2025.11.21,12:45,13:00,Hirsch,5,4,9
2025.11.21,13:00,13:15,Hirsch,7,2,9
2025.11.21,13:15,13:30,Hirsch,7,4,11
2025.11.21,13:30,13:45,Hirsch,9,5,14
2025.11.21,13:45,14:00,Hirsch,12,4,16
2025.11.21,14:00,14:15,Hirsch,3,3,6
2025.11.21,14:15,14:30,Hirsch,7,2,9
2025.11.21,14:30,14:45,Hirsch,9,6,15
2025.11.21,14:45,15:00,Hirsch,17,3,20
2025.11.21,15:00,15:15,Hirsch,12,1,13
2025.11.21,15:15,15:30,Hirsch,10,8,18
2025.11.21,15:30,15:45,Hirsch,12,2,14
2025.11.21,15:45,16:00,Hirsch,13,9,22
2025.11.21,16:00,16:15,Hirsch,12,3,15
2025.11.21,16:15,16:30,Hirsch,20,5,25
2025.11.21,16:30,16:45,Hirsch,12,6,18
2025.11.21,16:45,17:00,Hirsch,25,10,35
2025.11.21,17:00,17:15,Hirsch,21,6,27
2025.11.21,17:15,17:30,Hirsch,14,2,16
2025.11.21,17:30,17:45,Hirsch,14,9,23
2025.11.21,17:45,18:00,Hirsch,19,5,24
2025.11.21,18:00,18:15,Hirsch,16,7,23
2025.11.21,18:15,18:30,Hirsch,20,5,25
2025.11.21,18:30,18:45,Hirsch,11,12,23
2025.11.21,18:45,19:00,Hirsch,6,2,8
2025.11.21,19:00,19:15,Hirsch,4,0,4
2025.11.21,19:15,19:30,Hirsch,4,2,6
2025.11.21,19:30,19:45,Hirsch,7,3,10
2025.11.21,19:45,20:00,Hirsch,1,3,4
2025.11.21,20:00,20:15,Hirsch,4,0,4
2025.11.21,20:15,20:30,Hirsch,4,0,4
2025.11.21,20:30,20:45,Hirsch,4,2,6
2025.11.21,20:45,21:00,Hirsch,2,0,2
2025.11.21,21:00,21:15,Hirsch,3,1,4
2025.11.21,21:15,21:30,Hirsch,2,5,7
2025.11.21,21:30,21:45,Hirsch,6,8,14
2025.11.21,21:45,22:00,Hirsch,1,1,2
2025.11.21,22:00,22:15,Hirsch,6,2,8
2025.11.21,22:15,22:30,Hirsch,2,0,2
2025.11.21,22:30,22:45,Hirsch,2,0,2
2025.11.21,22:45,23:00,Hirsch,7,0,7
2025.11.21,23:00,23:15,Hirsch,7,0,7
2025.11.21,23:15,23:30,Hirsch,2,0,2
2025.11.21,23:30,23:45,Hirsch,2,0,2
2025.11.21,23:45,00:00,Hirsch,1,0,1
2025.11.22,00:00,00:15,Hirsch,3,0,3
2025.11.22,00:15,00:30,Hirsch,1,0,1
2025.11.22,00:30,00:45,Hirsch,3,0,3
2025.11.22,00:45,01:00,Hirsch,3,0,3
2025.11.22,01:00,01:15,Hirsch,0,0,0
2025.11.22,01:15,01:30,Hirsch,0,0,0
2025.11.22,01:30,01:45,Hirsch,0,0,0
2025.11.22,01:45,02:00,Hirsch,0,0,0
2025.11.22,02:00,02:15,Hirsch,0,0,0
2025.11.22,02:15,02:30,Hirsch,3,0,3
2025.11.22,02:30,02:45,Hirsch,0,0,0
2025.11.22,02:45,03:00,Hirsch,0,0,0
2025.11.22,03:00,03:15,Hirsch,1,0,1
2025.11.22,03:15,03:30,Hirsch,1,0,1
2025.11.22,03:30,03:45,Hirsch,0,1,1
2025.11.22,03:45,04:00,Hirsch,0,0,0
2025.11.22,04:00,04:15,Hirsch,0,0,0
2025.11.22,04:15,04:30,Hirsch,0,0,0
2025.11.22,04:30,04:45,Hirsch,0,0,0
2025.11.22,04:45,05:00,Hirsch,0,0,0
2025.11.22,05:00,05:15,Hirsch,0,1,1
2025.11.22,05:15,05:30,Hirsch,0,1,1
2025.11.22,05:30,05:45,Hirsch,0,0,0
2025.11.22,05:45,06:00,Hirsch,0,0,0
2025.11.22,06:00,06:15,Hirsch,0,2,2
2025.11.22,06:15,06:30,Hirsch,0,0,0
2025.11.22,06:30,06:45,Hirsch,0,0,0
2025.11.22,06:45,07:00,Hirsch,1,1,2
2025.11.22,07:00,07:15,Hirsch,0,1,1
2025.11.22,07:15,07:30,Hirsch,0,2,2
2025.11.22,07:30,07:45,Hirsch,2,0,2
2025.11.22,07:45,08:00,Hirsch,0,3,3
2025.11.22,08:00,08:15,Hirsch,0,3,3
2025.11.22,08:15,08:30,Hirsch,2,0,2
2025.11.22,08:30,08:45,Hirsch,1,2,3
2025.11.22,08:45,09:00,Hirsch,5,5,10
2025.11.22,09:00,09:15,Hirsch,2,1,3
2025.11.22,09:15,09:30,Hirsch,1,4,5
2025.11.22,09:30,09:45,Hirsch,0,2,2
2025.11.22,09:45,10:00,Hirsch,2,2,4
2025.11.22,10:00,10:15,Hirsch,1,5,6
2025.11.22,10:15,10:30,Hirsch,0,3,3
2025.11.22,10:30,10:45,Hirsch,2,2,4
2025.11.22,10:45,11:00,Hirsch,4,5,9
2025.11.22,11:00,11:15,Hirsch,4,2,6
2025.11.22,11:15,11:30,Hirsch,2,5,7
2025.11.22,11:30,11:45,Hirsch,7,1,8
2025.11.22,11:45,12:00,Hirsch,2,2,4
2025.11.22,12:00,12:15,Hirsch,5,5,10
2025.11.22,12:15,12:30,Hirsch,1,2,3
2025.11.22,12:30,12:45,Hirsch,2,0,2
2025.11.22,12:45,13:00,Hirsch,2,1,3
2025.11.22,13:00,13:15,Hirsch,4,4,8
2025.11.22,13:15,13:30,Hirsch,6,6,12
2025.11.22,13:30,13:45,Hirsch,2,3,5
2025.11.22,13:45,14:00,Hirsch,2,10,12
2025.11.22,14:00,14:15,Hirsch,6,3,9
2025.11.22,14:15,14:30,Hirsch,3,6,9
2025.11.22,14:30,14:45,Hirsch,7,6,13
2025.11.22,14:45,15:00,Hirsch,5,3,8
2025.11.22,15:00,15:15,Hirsch,8,0,8
2025.11.22,15:15,15:30,Hirsch,5,3,8
2025.11.22,15:30,15:45,Hirsch,7,5,12
2025.11.22,15:45,16:00,Hirsch,2,5,7
2025.11.22,16:00,16:15,Hirsch,7,1,8
2025.11.22,16:15,16:30,Hirsch,4,8,12
2025.11.22,16:30,16:45,Hirsch,7,3,10
2025.11.22,16:45,17:00,Hirsch,4,5,9
2025.11.22,17:00,17:15,Hirsch,8,4,12
2025.11.22,17:15,17:30,Hirsch,3,5,8
2025.11.22,17:30,17:45,Hirsch,2,1,3
2025.11.22,17:45,18:00,Hirsch,3,3,6
2025.11.22,18:00,18:15,Hirsch,1,2,3
2025.11.22,18:15,18:30,Hirsch,4,5,9
2025.11.22,18:30,18:45,Hirsch,1,1,2
2025.11.22,18:45,19:00,Hirsch,4,0,4
2025.11.22,19:00,19:15,Hirsch,0,1,1
2025.11.22,19:15,19:30,Hirsch,0,2,2
2025.11.22,19:30,19:45,Hirsch,0,0,0
2025.11.22,19:45,20:00,Hirsch,1,1,2
2025.11.22,20:00,20:15,Hirsch,3,1,4
2025.11.22,20:15,20:30,Hirsch,3,0,3
2025.11.22,20:30,20:45,Hirsch,4,1,5
2025.11.22,20:45,21:00,Hirsch,1,1,2
2025.11.22,21:00,21:15,Hirsch,0,0,0
2025.11.22,21:15,21:30,Hirsch,1,0,1
2025.11.22,21:30,21:45,Hirsch,1,1,2
2025.11.22,21:45,22:00,Hirsch,2,0,2
2025.11.22,22:00,22:15,Hirsch,3,3,6
2025.11.22,22:15,22:30,Hirsch,1,0,1
2025.11.22,22:30,22:45,Hirsch,1,0,1
2025.11.22,22:45,23:00,Hirsch,2,2,4
2025.11.22,23:00,23:15,Hirsch,1,0,1
2025.11.22,23:15,23:30,Hirsch,6,0,6
2025.11.22,23:30,23:45,Hirsch,0,1,1
2025.11.22,23:45,00:00,Hirsch,3,0,3
2025.11.23,00:00,00:15,Hirsch,0,0,0
2025.11.23,00:15,00:30,Hirsch,0,0,0
2025.11.23,00:30,00:45,Hirsch,1,0,1
2025.11.23,00:45,01:00,Hirsch,2,0,2
2025.11.23,01:00,01:15,Hirsch,0,0,0
2025.11.23,01:15,01:30,Hirsch,0,0,0
2025.11.23,01:30,01:45,Hirsch,3,0,3
2025.11.23,01:45,02:00,Hirsch,0,0,0
2025.11.23,02:00,02:15,Hirsch,0,0,0
2025.11.23,02:15,02:30,Hirsch,1,0,1
2025.11.23,02:30,02:45,Hirsch,0,0,0
2025.11.23,02:45,03:00,Hirsch,0,0,0
2025.11.23,03:00,03:15,Hirsch,0,0,0
2025.11.23,03:15,03:30,Hirsch,0,0,0
2025.11.23,03:30,03:45,Hirsch,0,0,0
2025.11.23,03:45,04:00,Hirsch,0,0,0
2025.11.23,04:00,04:15,Hirsch,1,0,1
2025.11.23,04:15,04:30,Hirsch,0,0,0
2025.11.23,04:30,04:45,Hirsch,0,0,0
2025.11.23,04:45,05:00,Hirsch,0,0,0
2025.11.23,05:00,05:15,Hirsch,1,0,1
2025.11.23,05:15,05:30,Hirsch,0,1,1
2025.11.23,05:30,05:45,Hirsch,0,2,2
2025.11.23,05:45,06:00,Hirsch,0,0,0
2025.11.23,06:00,06:15,Hirsch,0,0,0
2025.11.23,06:15,06:30,Hirsch,0,1,1
2025.11.23,06:30,06:45,Hirsch,0,0,0
2025.11.23,06:45,07:00,Hirsch,0,0,0
2025.11.23,07:00,07:15,Hirsch,0,0,0
2025.11.23,07:15,07:30,Hirsch,0,0,0
2025.11.23,07:30,07:45,Hirsch,0,1,1
2025.11.23,07:45,08:00,Hirsch,0,1,1
2025.11.23,08:00,08:15,Hirsch,0,0,0
2025.11.23,08:15,08:30,Hirsch,1,0,1
2025.11.23,08:30,08:45,Hirsch,0,2,2
2025.11.23,08:45,09:00,Hirsch,1,1,2
2025.11.23,09:00,09:15,Hirsch,0,6,6
2025.11.23,09:15,09:30,Hirsch,0,8,8
2025.11.23,09:30,09:45,Hirsch,0,2,2
2025.11.23,09:45,10:00,Hirsch,1,2,3
2025.11.23,10:00,10:15,Hirsch,4,3,7
2025.11.23,10:15,10:30,Hirsch,6,4,10
2025.11.23,10:30,10:45,Hirsch,2,1,3
2025.11.23,10:45,11:00,Hirsch,3,1,4
2025.11.23,11:00,11:15,Hirsch,10,7,17
2025.11.23,11:15,11:30,Hirsch,1,3,4
2025.11.23,11:30,11:45,Hirsch,5,3,8
2025.11.23,11:45,12:00,Hirsch,3,1,4
2025.11.23,12:00,12:15,Hirsch,7,2,9
2025.11.23,12:15,12:30,Hirsch,6,5,11
2025.11.23,12:30,12:45,Hirsch,1,8,9
2025.11.23,12:45,13:00,Hirsch,4,2,6
2025.11.23,13:00,13:15,Hirsch,10,6,16
2025.11.23,13:15,13:30,Hirsch,1,7,8
2025.11.23,13:30,13:45,Hirsch,3,3,6
2025.11.23,13:45,14:00,Hirsch,5,1,6
2025.11.23,14:00,14:15,Hirsch,1,3,4
2025.11.23,14:15,14:30,Hirsch,2,6,8
2025.11.23,14:30,14:45,Hirsch,3,3,6
2025.11.23,14:45,15:00,Hirsch,6,6,12
2025.11.23,15:00,15:15,Hirsch,4,3,7
2025.11.23,15:15,15:30,Hirsch,3,3,6
2025.11.23,15:30,15:45,Hirsch,4,8,12
2025.11.23,15:45,16:00,Hirsch,2,2,4
2025.11.23,16:00,16:15,Hirsch,5,5,10
2025.11.23,16:15,16:30,Hirsch,1,2,3
2025.11.23,16:30,16:45,Hirsch,1,5,6
2025.11.23,16:45,17:00,Hirsch,4,3,7
2025.11.23,17:00,17:15,Hirsch,1,5,6
2025.11.23,17:15,17:30,Hirsch,2,3,5
2025.11.23,17:30,17:45,Hirsch,4,1,5
2025.11.23,17:45,18:00,Hirsch,1,3,4
2025.11.23,18:00,18:15,Hirsch,3,1,4
2025.11.23,18:15,18:30,Hirsch,0,1,1
2025.11.23,18:30,18:45,Hirsch,4,1,5
2025.11.23,18:45,19:00,Hirsch,4,1,5
2025.11.23,19:00,19:15,Hirsch,3,5,8
2025.11.23,19:15,19:30,Hirsch,1,0,1
2025.11.23,19:30,19:45,Hirsch,1,3,4
2025.11.23,19:45,20:00,Hirsch,2,3,5
2025.11.23,20:00,20:15,Hirsch,3,1,4
2025.11.23,20:15,20:30,Hirsch,1,1,2
2025.11.23,20:30,20:45,Hirsch,3,1,4
2025.11.23,20:45,21:00,Hirsch,1,1,2
2025.11.23,21:00,21:15,Hirsch,0,0,0
2025.11.23,21:15,21:30,Hirsch,2,0,2
2025.11.23,21:30,21:45,Hirsch,0,0,0
2025.11.23,21:45,22:00,Hirsch,6,0,6
2025.11.23,22:00,22:15,Hirsch,0,1,1
2025.11.23,22:15,22:30,Hirsch,0,0,0
2025.11.23,22:30,22:45,Hirsch,2,0,2
2025.11.23,22:45,23:00,Hirsch,0,0,0
2025.11.23,23:00,23:15,Hirsch,0,0,0
2025.11.23,23:15,23:30,Hirsch,0,0,0
2025.11.23,23:30,23:45,Hirsch,1,0,1
2025.11.23,23:45,00:00,Hirsch,0,0,0
2025.11.24,00:00,00:15,Hirsch,0,0,0
2025.11.24,00:15,00:30,Hirsch,0,0,0
2025.11.24,00:30,00:45,Hirsch,0,0,0
2025.11.24,00:45,01:00,Hirsch,0,0,0
2025.11.24,01:00,01:15,Hirsch,0,0,0
2025.11.24,01:15,01:30,Hirsch,1,0,1
2025.11.24,01:30,01:45,Hirsch,0,0,0
2025.11.24,01:45,02:00,Hirsch,0,0,0
2025.11.24,02:00,02:15,Hirsch,0,0,0
2025.11.24,02:15,02:30,Hirsch,0,0,0
2025.11.24,02:30,02:45,Hirsch,0,0,0
2025.11.24,02:45,03:00,Hirsch,0,0,0
2025.11.24,03:00,03:15,Hirsch,0,0,0
2025.11.24,03:15,03:30,Hirsch,0,0,0
2025.11.24,03:30,03:45,Hirsch,0,0,0
2025.11.24,03:45,04:00,Hirsch,0,0,0
2025.11.24,04:00,04:15,Hirsch,0,0,0
2025.11.24,04:15,04:30,Hirsch,0,0,0
2025.11.24,04:30,04:45,Hirsch,0,0,0
2025.11.24,04:45,05:00,Hirsch,0,0,0
2025.11.24,05:00,05:15,Hirsch,0,1,1
2025.11.24,05:15,05:30,Hirsch,0,0,0
2025.11.24,05:30,05:45,Hirsch,1,1,2
2025.11.24,05:45,06:00,Hirsch,0,8,8
2025.11.24,06:00,06:15,Hirsch,0,3,3
2025.11.24,06:15,06:30,Hirsch,0,2,2
2025.11.24,06:30,06:45,Hirsch,0,4,4
2025.11.24,06:45,07:00,Hirsch,1,6,7
2025.11.24,07:00,07:15,Hirsch,0,13,13
2025.11.24,07:15,07:30,Hirsch,1,13,14
2025.11.24,07:30,07:45,Hirsch,8,19,27
2025.11.24,07:45,08:00,Hirsch,6,27,33
2025.11.24,08:00,08:15,Hirsch,1,26,27
2025.11.24,08:15,08:30,Hirsch,4,31,35
2025.11.24,08:30,08:45,Hirsch,11,25,36
2025.11.24,08:45,09:00,Hirsch,2,15,17
2025.11.24,09:00,09:15,Hirsch,3,11,14
2025.11.24,09:15,09:30,Hirsch,1,11,12
2025.11.24,09:30,09:45,Hirsch,1,8,9
2025.11.24,09:45,10:00,Hirsch,1,6,7
2025.11.24,10:00,10:15,Hirsch,0,10,10
2025.11.24,10:15,10:30,Hirsch,2,6,8
2025.11.24,10:30,10:45,Hirsch,3,6,9
2025.11.24,10:45,11:00,Hirsch,2,3,5
2025.11.24,11:00,11:15,Hirsch,2,5,7
2025.11.24,11:15,11:30,Hirsch,2,4,6
2025.11.24,11:30,11:45,Hirsch,3,0,3
2025.11.24,11:45,12:00,Hirsch,4,3,7
2025.11.24,12:00,12:15,Hirsch,2,0,2
2025.11.24,12:15,12:30,Hirsch,2,2,4
2025.11.24,12:30,12:45,Hirsch,1,2,3
2025.11.24,12:45,13:00,Hirsch,0,1,1
2025.11.24,13:00,13:15,Hirsch,3,3,6
2025.11.24,13:15,13:30,Hirsch,3,1,4
2025.11.24,13:30,13:45,Hirsch,5,1,6
2025.11.24,13:45,14:00,Hirsch,6,0,6
2025.11.24,14:00,14:15,Hirsch,3,1,4
2025.11.24,14:15,14:30,Hirsch,8,3,11
2025.11.24,14:30,14:45,Hirsch,6,1,7
2025.11.24,14:45,15:00,Hirsch,4,1,5
2025.11.24,15:00,15:15,Hirsch,7,1,8
2025.11.24,15:15,15:30,Hirsch,5,6,11
2025.11.24,15:30,15:45,Hirsch,8,2,10
2025.11.24,15:45,16:00,Hirsch,8,4,12
2025.11.24,16:00,16:15,Hirsch,11,4,15
2025.11.24,16:15,16:30,Hirsch,5,6,11
2025.11.24,16:30,16:45,Hirsch,17,1,18
2025.11.24,16:45,17:00,Hirsch,6,2,8
2025.11.24,17:00,17:15,Hirsch,11,2,13
2025.11.24,17:15,17:30,Hirsch,14,8,22
2025.11.24,17:30,17:45,Hirsch,12,2,14
2025.11.24,17:45,18:00,Hirsch,11,6,17
2025.11.24,18:00,18:15,Hirsch,20,3,23
2025.11.24,18:15,18:30,Hirsch,11,1,12
2025.11.24,18:30,18:45,Hirsch,16,3,19
2025.11.24,18:45,19:00,Hirsch,12,4,16
2025.11.24,19:00,19:15,Hirsch,10,2,12
2025.11.24,19:15,19:30,Hirsch,3,6,9
2025.11.24,19:30,19:45,Hirsch,5,3,8
2025.11.24,19:45,20:00,Hirsch,8,3,11
2025.11.24,20:00,20:15,Hirsch,6,1,7
2025.11.24,20:15,20:30,Hirsch,6,2,8
2025.11.24,20:30,20:45,Hirsch,3,5,8
2025.11.24,20:45,21:00,Hirsch,2,0,2
2025.11.24,21:00,21:15,Hirsch,5,1,6
2025.11.24,21:15,21:30,Hirsch,2,2,4
2025.11.24,21:30,21:45,Hirsch,3,1,4
2025.11.24,21:45,22:00,Hirsch,2,0,2
2025.11.24,22:00,22:15,Hirsch,2,1,3
2025.11.24,22:15,22:30,Hirsch,4,0,4
2025.11.24,22:30,22:45,Hirsch,1,0,1
2025.11.24,22:45,23:00,Hirsch,1,0,1
2025.11.24,23:00,23:15,Hirsch,2,1,3
2025.11.24,23:15,23:30,Hirsch,2,0,2
2025.11.24,23:30,23:45,Hirsch,2,0,2
2025.11.24,23:45,00:00,Hirsch,0,0,0
2025.11.25,00:00,00:15,Hirsch,0,0,0
2025.11.25,00:15,00:30,Hirsch,0,0,0
2025.11.25,00:30,00:45,Hirsch,0,0,0
2025.11.25,00:45,01:00,Hirsch,0,0,0
2025.11.25,01:00,01:15,Hirsch,0,0,0
2025.11.25,01:15,01:30,Hirsch,0,0,0
2025.11.25,01:30,01:45,Hirsch,1,0,1
2025.11.25,01:45,02:00,Hirsch,0,0,0
2025.11.25,02:00,02:15,Hirsch,0,0,0
2025.11.25,02:15,02:30,Hirsch,0,0,0
2025.11.25,02:30,02:45,Hirsch,0,0,0
2025.11.25,02:45,03:00,Hirsch,0,0,0
2025.11.25,03:00,03:15,Hirsch,0,0,0
2025.11.25,03:15,03:30,Hirsch,0,0,0
2025.11.25,03:30,03:45,Hirsch,0,0,0
2025.11.25,03:45,04:00,Hirsch,0,0,0
2025.11.25,04:00,04:15,Hirsch,0,0,0
2025.11.25,04:15,04:30,Hirsch,0,0,0
2025.11.25,04:30,04:45,Hirsch,0,0,0
2025.11.25,04:45,05:00,Hirsch,0,1,1
2025.11.25,05:00,05:15,Hirsch,0,1,1
2025.11.25,05:15,05:30,Hirsch,0,1,1
2025.11.25,05:30,05:45,Hirsch,1,4,5
2025.11.25,05:45,06:00,Hirsch,0,5,5
2025.11.25,06:00,06:15,Hirsch,0,7,7
2025.11.25,06:15,06:30,Hirsch,3,3,6
2025.11.25,06:30,06:45,Hirsch,0,14,14
2025.11.25,06:45,07:00,Hirsch,1,13,14
2025.11.25,07:00,07:15,Hirsch,2,17,19
2025.11.25,07:15,07:30,Hirsch,7,27,34
2025.11.25,07:30,07:45,Hirsch,5,31,36
2025.11.25,07:45,08:00,Hirsch,2,50,52
2025.11.25,08:00,08:15,Hirsch,5,53,58
2025.11.25,08:15,08:30,Hirsch,7,45,52
2025.11.25,08:30,08:45,Hirsch,8,40,48
2025.11.25,08:45,09:00,Hirsch,7,47,54
2025.11.25,09:00,09:15,Hirsch,6,21,27
2025.11.25,09:15,09:30,Hirsch,5,17,22
2025.11.25,09:30,09:45,Hirsch,9,21,30
2025.11.25,09:45,10:00,Hirsch,3,14,17
2025.11.25,10:00,10:15,Hirsch,0,11,11
2025.11.25,10:15,10:30,Hirsch,2,10,12
2025.11.25,10:30,10:45,Hirsch,3,6,9
2025.11.25,10:45,11:00,Hirsch,4,3,7
2025.11.25,11:00,11:15,Hirsch,2,9,11
2025.11.25,11:15,11:30,Hirsch,2,3,5
2025.11.25,11:30,11:45,Hirsch,5,2,7
2025.11.25,11:45,12:00,Hirsch,3,5,8
2025.11.25,12:00,12:15,Hirsch,4,0,4
2025.11.25,12:15,12:30,Hirsch,2,7,9
2025.11.25,12:30,12:45,Hirsch,4,1,5
2025.11.25,12:45,13:00,Hirsch,7,2,9
2025.11.25,13:00,13:15,Hirsch,5,1,6
2025.11.25,13:15,13:30,Hirsch,9,7,16
2025.11.25,13:30,13:45,Hirsch,4,4,8
2025.11.25,13:45,14:00,Hirsch,7,6,13
2025.11.25,14:00,14:15,Hirsch,9,7,16
2025.11.25,14:15,14:30,Hirsch,12,7,19
2025.11.25,14:30,14:45,Hirsch,9,4,13
2025.11.25,14:45,15:00,Hirsch,6,3,9
2025.11.25,15:00,15:15,Hirsch,13,3,16
2025.11.25,15:15,15:30,Hirsch,11,3,14
2025.11.25,15:30,15:45,Hirsch,6,7,13
2025.11.25,15:45,16:00,Hirsch,10,6,16
2025.11.25,16:00,16:15,Hirsch,14,5,19
2025.11.25,16:15,16:30,Hirsch,14,6,20
2025.11.25,16:30,16:45,Hirsch,21,2,23
2025.11.25,16:45,17:00,Hirsch,22,5,27
2025.11.25,17:00,17:15,Hirsch,27,5,32
2025.11.25,17:15,17:30,Hirsch,25,10,35
2025.11.25,17:30,17:45,Hirsch,25,10,35
2025.11.25,17:45,18:00,Hirsch,20,4,24
2025.11.25,18:00,18:15,Hirsch,24,8,32
2025.11.25,18:15,18:30,Hirsch,32,12,44
2025.11.25,18:30,18:45,Hirsch,22,5,27
2025.11.25,18:45,19:00,Hirsch,25,9,34
2025.11.25,19:00,19:15,Hirsch,17,4,21
2025.11.25,19:15,19:30,Hirsch,9,8,17
2025.11.25,19:30,19:45,Hirsch,12,5,17
2025.11.25,19:45,20:00,Hirsch,11,5,16
2025.11.25,20:00,20:15,Hirsch,8,2,10
2025.11.25,20:15,20:30,Hirsch,7,2,9
2025.11.25,20:30,20:45,Hirsch,8,2,10
2025.11.25,20:45,21:00,Hirsch,7,0,7
2025.11.25,21:00,21:15,Hirsch,4,0,4
2025.11.25,21:15,21:30,Hirsch,4,1,5
2025.11.25,21:30,21:45,Hirsch,9,0,9
2025.11.25,21:45,22:00,Hirsch,3,0,3
2025.11.25,22:00,22:15,Hirsch,7,1,8
2025.11.25,22:15,22:30,Hirsch,16,0,16
2025.11.25,22:30,22:45,Hirsch,4,2,6
2025.11.25,22:45,23:00,Hirsch,2,1,3
2025.11.25,23:00,23:15,Hirsch,2,0,2
2025.11.25,23:15,23:30,Hirsch,3,0,3
2025.11.25,23:30,23:45,Hirsch,1,0,1
2025.11.25,23:45,00:00,Hirsch,1,0,1
2025.11.26,00:00,00:15,Hirsch,1,0,1
2025.11.26,00:15,00:30,Hirsch,2,0,2
2025.11.26,00:30,00:45,Hirsch,0,0,0
2025.11.26,00:45,01:00,Hirsch,2,0,2
2025.11.26,01:00,01:15,Hirsch,0,0,0
2025.11.26,01:15,01:30,Hirsch,1,0,1
2025.11.26,01:30,01:45,Hirsch,0,0,0
2025.11.26,01:45,02:00,Hirsch,0,0,0
2025.11.26,02:00,02:15,Hirsch,0,0,0
2025.11.26,02:15,02:30,Hirsch,1,0,1
2025.11.26,02:30,02:45,Hirsch,0,0,0
2025.11.26,02:45,03:00,Hirsch,0,0,0
2025.11.26,03:00,03:15,Hirsch,0,0,0
2025.11.26,03:15,03:30,Hirsch,0,0,0
2025.11.26,03:30,03:45,Hirsch,0,0,0
2025.11.26,03:45,04:00,Hirsch,0,0,0
2025.11.26,04:00,04:15,Hirsch,0,0,0
2025.11.26,04:15,04:30,Hirsch,0,0,0
2025.11.26,04:30,04:45,Hirsch,0,0,0
2025.11.26,04:45,05:00,Hirsch,0,0,0
2025.11.26,05:00,05:15,Hirsch,0,3,3
2025.11.26,05:15,05:30,Hirsch,0,2,2
2025.11.26,05:30,05:45,Hirsch,1,3,4
2025.11.26,05:45,06:00,Hirsch,0,6,6
2025.11.26,06:00,06:15,Hirsch,0,4,4
2025.11.26,06:15,06:30,Hirsch,1,6,7
2025.11.26,06:30,06:45,Hirsch,0,9,9
2025.11.26,06:45,07:00,Hirsch,4,10,14
2025.11.26,07:00,07:15,Hirsch,2,12,14
2025.11.26,07:15,07:30,Hirsch,4,22,26
2025.11.26,07:30,07:45,Hirsch,6,38,44
2025.11.26,07:45,08:00,Hirsch,4,51,55
2025.11.26,08:00,08:15,Hirsch,3,48,51
2025.11.26,08:15,08:30,Hirsch,10,51,61
2025.11.26,08:30,08:45,Hirsch,4,60,64
2025.11.26,08:45,09:00,Hirsch,4,22,26
2025.11.26,09:00,09:15,Hirsch,1,18,19
2025.11.26,09:15,09:30,Hirsch,4,11,15
2025.11.26,09:30,09:45,Hirsch,2,8,10
2025.11.26,09:45,10:00,Hirsch,1,6,7
2025.11.26,10:00,10:15,Hirsch,2,7,9
2025.11.26,10:15,10:30,Hirsch,0,5,5
2025.11.26,10:30,10:45,Hirsch,2,7,9
2025.11.26,10:45,11:00,Hirsch,4,5,9
2025.11.26,11:00,11:15,Hirsch,0,3,3
2025.11.26,11:15,11:30,Hirsch,2,4,6
2025.11.26,11:30,11:45,Hirsch,2,5,7
2025.11.26,11:45,12:00,Hirsch,3,2,5
2025.11.26,12:00,12:15,Hirsch,6,5,11
2025.11.26,12:15,12:30,Hirsch,1,7,8
2025.11.26,12:30,12:45,Hirsch,2,1,3
2025.11.26,12:45,13:00,Hirsch,6,2,8
2025.11.26,13:00,13:15,Hirsch,5,3,8
2025.11.26,13:15,13:30,Hirsch,5,3,8
2025.11.26,13:30,13:45,Hirsch,4,2,6
2025.11.26,13:45,14:00,Hirsch,8,4,12
2025.11.26,14:00,14:15,Hirsch,6,0,6
2025.11.26,14:15,14:30,Hirsch,8,4,12
2025.11.26,14:30,14:45,Hirsch,8,5,13
2025.11.26,14:45,15:00,Hirsch,13,2,15
2025.11.26,15:00,15:15,Hirsch,11,2,13
2025.11.26,15:15,15:30,Hirsch,8,3,11
2025.11.26,15:30,15:45,Hirsch,11,3,14
2025.11.26,15:45,16:00,Hirsch,26,5,31
2025.11.26,16:00,16:15,Hirsch,12,6,18
2025.11.26,16:15,16:30,Hirsch,13,6,19
2025.11.26,16:30,16:45,Hirsch,18,5,23
2025.11.26,16:45,17:00,Hirsch,14,5,19
2025.11.26,17:00,17:15,Hirsch,17,11,28
2025.11.26,17:15,17:30,Hirsch,25,5,30
2025.11.26,17:30,17:45,Hirsch,24,6,30
2025.11.26,17:45,18:00,Hirsch,14,6,20
2025.11.26,18:00,18:15,Hirsch,16,2,18
2025.11.26,18:15,18:30,Hirsch,20,11,31
2025.11.26,18:30,18:45,Hirsch,22,8,30
2025.11.26,18:45,19:00,Hirsch,20,3,23
2025.11.26,19:00,19:15,Hirsch,12,3,15
2025.11.26,19:15,19:30,Hirsch,12,4,16
2025.11.26,19:30,19:45,Hirsch,10,3,13
2025.11.26,19:45,20:00,Hirsch,7,11,18
2025.11.26,20:00,20:15,Hirsch,8,3,11
2025.11.26,20:15,20:30,Hirsch,7,3,10
2025.11.26,20:30,20:45,Hirsch,3,1,4
2025.11.26,20:45,21:00,Hirsch,6,1,7
2025.11.26,21:00,21:15,Hirsch,4,3,7
2025.11.26,21:15,21:30,Hirsch,6,1,7
2025.11.26,21:30,21:45,Hirsch,2,3,5
2025.11.26,21:45,22:00,Hirsch,7,1,8
2025.11.26,22:00,22:15,Hirsch,6,5,11
2025.11.26,22:15,22:30,Hirsch,2,0,2
2025.11.26,22:30,22:45,Hirsch,1,0,1
2025.11.26,22:45,23:00,Hirsch,4,1,5
2025.11.26,23:00,23:15,Hirsch,10,3,13
2025.11.26,23:15,23:30,Hirsch,7,0,7
2025.11.26,23:30,23:45,Hirsch,4,0,4
2025.11.26,23:45,00:00,Hirsch,2,0,2
2025.11.27,00:00,00:15,Hirsch,1,0,1
2025.11.27,00:15,00:30,Hirsch,0,0,0
2025.11.27,00:30,00:45,Hirsch,3,0,3
2025.11.27,00:45,01:00,Hirsch,1,0,1
2025.11.27,01:00,01:15,Hirsch,1,0,1
2025.11.27,01:15,01:30,Hirsch,0,0,0
2025.11.27,01:30,01:45,Hirsch,0,0,0
2025.11.27,01:45,02:00,Hirsch,0,0,0
2025.11.27,02:00,02:15,Hirsch,0,0,0
2025.11.27,02:15,02:30,Hirsch,0,0,0
2025.11.27,02:30,02:45,Hirsch,0,0,0
2025.11.27,02:45,03:00,Hirsch,0,0,0
2025.11.27,03:00,03:15,Hirsch,0,0,0
2025.11.27,03:15,03:30,Hirsch,0,0,0
2025.11.27,03:30,03:45,Hirsch,0,0,0
2025.11.27,03:45,04:00,Hirsch,0,0,0
2025.11.27,04:00,04:15,Hirsch,0,1,1
2025.11.27,04:15,04:30,Hirsch,0,0,0
2025.11.27,04:30,04:45,Hirsch,0,0,0
2025.11.27,04:45,05:00,Hirsch,0,0,0
2025.11.27,05:00,05:15,Hirsch,0,1,1
2025.11.27,05:15,05:30,Hirsch,0,2,2
2025.11.27,05:30,05:45,Hirsch,1,3,4
2025.11.27,05:45,06:00,Hirsch,0,6,6
2025.11.27,06:00,06:15,Hirsch,0,4,4
2025.11.27,06:15,06:30,Hirsch,0,2,2
2025.11.27,06:30,06:45,Hirsch,2,9,11
2025.11.27,06:45,07:00,Hirsch,2,8,10
2025.11.27,07:00,07:15,Hirsch,1,16,17
2025.11.27,07:15,07:30,Hirsch,5,20,25
2025.11.27,07:30,07:45,Hirsch,6,39,45
2025.11.27,07:45,08:00,Hirsch,7,50,57
2025.11.27,08:00,08:15,Hirsch,9,63,72
2025.11.27,08:15,08:30,Hirsch,7,56,63
2025.11.27,08:30,08:45,Hirsch,9,39,48
2025.11.27,08:45,09:00,Hirsch,7,40,47
2025.11.27,09:00,09:15,Hirsch,4,20,24
2025.11.27,09:15,09:30,Hirsch,6,17,23
2025.11.27,09:30,09:45,Hirsch,6,25,31
2025.11.27,09:45,10:00,Hirsch,3,14,17
2025.11.27,10:00,10:15,Hirsch,1,5,6
2025.11.27,10:15,10:30,Hirsch,3,13,16
2025.11.27,10:30,10:45,Hirsch,0,7,7
2025.11.27,10:45,11:00,Hirsch,3,5,8
2025.11.27,11:00,11:15,Hirsch,3,4,7
2025.11.27,11:15,11:30,Hirsch,4,6,10
2025.11.27,11:30,11:45,Hirsch,3,7,10
2025.11.27,11:45,12:00,Hirsch,4,3,7
2025.11.27,12:00,12:15,Hirsch,3,6,9
2025.11.27,12:15,12:30,Hirsch,7,5,12
2025.11.27,12:30,12:45,Hirsch,6,7,13
2025.11.27,12:45,13:00,Hirsch,8,4,12
2025.11.27,13:00,13:15,Hirsch,4,9,13
2025.11.27,13:15,13:30,Hirsch,6,7,13
2025.11.27,13:30,13:45,Hirsch,6,10,16
2025.11.27,13:45,14:00,Hirsch,11,4,15
2025.11.27,14:00,14:15,Hirsch,7,4,11
2025.11.27,14:15,14:30,Hirsch,5,1,6
2025.11.27,14:30,14:45,Hirsch,11,6,17
2025.11.27,14:45,15:00,Hirsch,8,8,16
2025.11.27,15:00,15:15,Hirsch,10,4,14
2025.11.27,15:15,15:30,Hirsch,17,7,24
2025.11.27,15:30,15:45,Hirsch,20,7,27
2025.11.27,15:45,16:00,Hirsch,16,5,21
2025.11.27,16:00,16:15,Hirsch,14,3,17
2025.11.27,16:15,16:30,Hirsch,17,8,25
2025.11.27,16:30,16:45,Hirsch,35,5,40
2025.11.27,16:45,17:00,Hirsch,27,8,35
2025.11.27,17:00,17:15,Hirsch,23,11,34
2025.11.27,17:15,17:30,Hirsch,23,14,37
2025.11.27,17:30,17:45,Hirsch,32,5,37
2025.11.27,17:45,18:00,Hirsch,25,13,38
2025.11.27,18:00,18:15,Hirsch,23,10,33
2025.11.27,18:15,18:30,Hirsch,25,9,34
2025.11.27,18:30,18:45,Hirsch,25,8,33
2025.11.27,18:45,19:00,Hirsch,26,9,35
2025.11.27,19:00,19:15,Hirsch,12,5,17
2025.11.27,19:15,19:30,Hirsch,12,6,18
2025.11.27,19:30,19:45,Hirsch,16,4,20
2025.11.27,19:45,20:00,Hirsch,8,2,10
2025.11.27,20:00,20:15,Hirsch,9,6,15
2025.11.27,20:15,20:30,Hirsch,13,8,21
2025.11.27,20:30,20:45,Hirsch,8,1,9
2025.11.27,20:45,21:00,Hirsch,7,0,7
2025.11.27,21:00,21:15,Hirsch,10,0,10
2025.11.27,21:15,21:30,Hirsch,4,3,7
2025.11.27,21:30,21:45,Hirsch,6,2,8
2025.11.27,21:45,22:00,Hirsch,6,2,8
2025.11.27,22:00,22:15,Hirsch,5,1,6
2025.11.27,22:15,22:30,Hirsch,10,1,11
2025.11.27,22:30,22:45,Hirsch,7,1,8
2025.11.27,22:45,23:00,Hirsch,5,2,7
2025.11.27,23:00,23:15,Hirsch,5,1,6
2025.11.27,23:15,23:30,Hirsch,2,0,2
2025.11.27,23:30,23:45,Hirsch,6,1,7
2025.11.27,23:45,00:00,Hirsch,4,0,4
2025.11.28,00:00,00:15,Hirsch,3,0,3
2025.11.28,00:15,00:30,Hirsch,3,0,3
2025.11.28,00:30,00:45,Hirsch,1,0,1
2025.11.28,00:45,01:00,Hirsch,1,0,1
2025.11.28,01:00,01:15,Hirsch,3,0,3
2025.11.28,01:15,01:30,Hirsch,1,0,1
2025.11.28,01:30,01:45,Hirsch,0,0,0
2025.11.28,01:45,02:00,Hirsch,1,0,1
2025.11.28,02:00,02:15,Hirsch,1,0,1
2025.11.28,02:15,02:30,Hirsch,0,1,1
2025.11.28,02:30,02:45,Hirsch,0,0,0
2025.11.28,02:45,03:00,Hirsch,0,0,0
2025.11.28,03:00,03:15,Hirsch,0,0,0
2025.11.28,03:15,03:30,Hirsch,1,0,1
2025.11.28,03:30,03:45,Hirsch,0,0,0
2025.11.28,03:45,04:00,Hirsch,0,0,0
2025.11.28,04:00,04:15,Hirsch,0,0,0
2025.11.28,04:15,04:30,Hirsch,0,0,0
2025.11.28,04:30,04:45,Hirsch,0,0,0
2025.11.28,04:45,05:00,Hirsch,0,0,0
2025.11.28,05:00,05:15,Hirsch,0,2,2
2025.11.28,05:15,05:30,Hirsch,0,2,2
2025.11.28,05:30,05:45,Hirsch,1,1,2
2025.11.28,05:45,06:00,Hirsch,1,7,8
2025.11.28,06:00,06:15,Hirsch,0,1,1
2025.11.28,06:15,06:30,Hirsch,1,4,5
2025.11.28,06:30,06:45,Hirsch,2,3,5
2025.11.28,06:45,07:00,Hirsch,0,11,11
2025.11.28,07:00,07:15,Hirsch,1,14,15
2025.11.28,07:15,07:30,Hirsch,3,21,24
2025.11.28,07:30,07:45,Hirsch,5,30,35
2025.11.28,07:45,08:00,Hirsch,2,35,37
2025.11.28,08:00,08:15,Hirsch,7,39,46
2025.11.28,08:15,08:30,Hirsch,2,32,34
2025.11.28,08:30,08:45,Hirsch,9,20,29
2025.11.28,08:45,09:00,Hirsch,11,26,37
2025.11.28,09:00,09:15,Hirsch,5,18,23
2025.11.28,09:15,09:30,Hirsch,3,17,20
2025.11.28,09:30,09:45,Hirsch,3,15,18
2025.11.28,09:45,10:00,Hirsch,2,13,15
2025.11.28,10:00,10:15,Hirsch,4,4,8
2025.11.28,10:15,10:30,Hirsch,6,6,12
2025.11.28,10:30,10:45,Hirsch,4,3,7
2025.11.28,10:45,11:00,Hirsch,2,3,5
2025.11.28,11:00,11:15,Hirsch,6,10,16
2025.11.28,11:15,11:30,Hirsch,2,6,8
2025.11.28,11:30,11:45,Hirsch,7,11,18
2025.11.28,11:45,12:00,Hirsch,6,10,16
2025.11.28,12:00,12:15,Hirsch,10,8,18
2025.11.28,12:15,12:30,Hirsch,11,3,14
2025.11.28,12:30,12:45,Hirsch,8,6,14
2025.11.28,12:45,13:00,Hirsch,9,5,14
2025.11.28,13:00,13:15,Hirsch,8,8,16
2025.11.28,13:15,13:30,Hirsch,17,4,21
2025.11.28,13:30,13:45,Hirsch,9,9,18
2025.11.28,13:45,14:00,Hirsch,12,5,17
2025.11.28,14:00,14:15,Hirsch,15,8,23
2025.11.28,14:15,14:30,Hirsch,21,4,25
2025.11.28,14:30,14:45,Hirsch,15,4,19
2025.11.28,14:45,15:00,Hirsch,18,7,25
2025.11.28,15:00,15:15,Hirsch,18,6,24
2025.11.28,15:15,15:30,Hirsch,14,6,20
2025.11.28,15:30,15:45,Hirsch,15,9,24
2025.11.28,15:45,16:00,Hirsch,21,7,28
2025.11.28,16:00,16:15,Hirsch,20,5,25
2025.11.28,16:15,16:30,Hirsch,17,7,24
2025.11.28,16:30,16:45,Hirsch,20,7,27
2025.11.28,16:45,17:00,Hirsch,15,5,20
2025.11.28,17:00,17:15,Hirsch,14,6,20
2025.11.28,17:15,17:30,Hirsch,14,10,24
2025.11.28,17:30,17:45,Hirsch,18,7,25
2025.11.28,17:45,18:00,Hirsch,11,7,18
2025.11.28,18:00,18:15,Hirsch,15,6,21
2025.11.28,18:15,18:30,Hirsch,14,2,16
2025.11.28,18:30,18:45,Hirsch,19,8,27
2025.11.28,18:45,19:00,Hirsch,11,3,14
2025.11.28,19:00,19:15,Hirsch,5,4,9
2025.11.28,19:15,19:30,Hirsch,7,11,18
2025.11.28,19:30,19:45,Hirsch,10,2,12
2025.11.28,19:45,20:00,Hirsch,7,1,8
2025.11.28,20:00,20:15,Hirsch,6,2,8
2025.11.28,20:15,20:30,Hirsch,6,1,7
2025.11.28,20:30,20:45,Hirsch,4,4,8
2025.11.28,20:45,21:00,Hirsch,3,1,4
2025.11.28,21:00,21:15,Hirsch,2,1,3
2025.11.28,21:15,21:30,Hirsch,4,1,5
2025.11.28,21:30,21:45,Hirsch,3,0,3
2025.11.28,21:45,22:00,Hirsch,8,3,11
2025.11.28,22:00,22:15,Hirsch,2,2,4
2025.11.28,22:15,22:30,Hirsch,1,3,4
2025.11.28,22:30,22:45,Hirsch,9,1,10
2025.11.28,22:45,23:00,Hirsch,3,0,3
2025.11.28,23:00,23:15,Hirsch,2,1,3
2025.11.28,23:15,23:30,Hirsch,3,2,5
2025.11.28,23:30,23:45,Hirsch,2,0,2
2025.11.28,23:45,00:00,Hirsch,1,0,1
2025.11.29,00:00,00:15,Hirsch,0,1,1
2025.11.29,00:15,00:30,Hirsch,2,0,2
2025.11.29,00:30,00:45,Hirsch,2,0,2
2025.11.29,00:45,01:00,Hirsch,0,0,0
2025.11.29,01:00,01:15,Hirsch,2,0,2
2025.11.29,01:15,01:30,Hirsch,1,0,1
2025.11.29,01:30,01:45,Hirsch,0,0,0
2025.11.29,01:45,02:00,Hirsch,2,0,2
2025.11.29,02:00,02:15,Hirsch,0,0,0
2025.11.29,02:15,02:30,Hirsch,0,0,0
2025.11.29,02:30,02:45,Hirsch,1,0,1
2025.11.29,02:45,03:00,Hirsch,1,0,1
2025.11.29,03:00,03:15,Hirsch,0,0,0
2025.11.29,03:15,03:30,Hirsch,0,0,0
2025.11.29,03:30,03:45,Hirsch,0,0,0
2025.11.29,03:45,04:00,Hirsch,0,0,0
2025.11.29,04:00,04:15,Hirsch,0,0,0
2025.11.29,04:15,04:30,Hirsch,0,0,0
2025.11.29,04:30,04:45,Hirsch,0,0,0
2025.11.29,04:45,05:00,Hirsch,0,1,1
2025.11.29,05:00,05:15,Hirsch,0,0,0
2025.11.29,05:15,05:30,Hirsch,0,0,0
2025.11.29,05:30,05:45,Hirsch,0,0,0
2025.11.29,05:45,06:00,Hirsch,0,0,0
2025.11.29,06:00,06:15,Hirsch,0,0,0
2025.11.29,06:15,06:30,Hirsch,0,0,0
2025.11.29,06:30,06:45,Hirsch,0,0,0
2025.11.29,06:45,07:00,Hirsch,1,1,2
2025.11.29,07:00,07:15,Hirsch,0,0,0
2025.11.29,07:15,07:30,Hirsch,0,1,1
2025.11.29,07:30,07:45,Hirsch,0,1,1
2025.11.29,07:45,08:00,Hirsch,0,1,1
2025.11.29,08:00,08:15,Hirsch,2,3,5
2025.11.29,08:15,08:30,Hirsch,0,2,2
2025.11.29,08:30,08:45,Hirsch,2,5,7
2025.11.29,08:45,09:00,Hirsch,2,4,6
2025.11.29,09:00,09:15,Hirsch,2,2,4
2025.11.29,09:15,09:30,Hirsch,3,2,5
2025.11.29,09:30,09:45,Hirsch,4,3,7
2025.11.29,09:45,10:00,Hirsch,1,2,3
2025.11.29,10:00,10:15,Hirsch,0,4,4
2025.11.29,10:15,10:30,Hirsch,4,10,14
2025.11.29,10:30,10:45,Hirsch,2,3,5
2025.11.29,10:45,11:00,Hirsch,3,5,8
2025.11.29,11:00,11:15,Hirsch,3,3,6
2025.11.29,11:15,11:30,Hirsch,3,1,4
2025.11.29,11:30,11:45,Hirsch,5,3,8
2025.11.29,11:45,12:00,Hirsch,2,6,8
2025.11.29,12:00,12:15,Hirsch,5,4,9
2025.11.29,12:15,12:30,Hirsch,1,6,7
2025.11.29,12:30,12:45,Hirsch,4,7,11
2025.11.29,12:45,13:00,Hirsch,4,4,8
2025.11.29,13:00,13:15,Hirsch,2,6,8
2025.11.29,13:15,13:30,Hirsch,6,2,8
2025.11.29,13:30,13:45,Hirsch,3,6,9
2025.11.29,13:45,14:00,Hirsch,3,8,11
2025.11.29,14:00,14:15,Hirsch,2,6,8
2025.11.29,14:15,14:30,Hirsch,7,1,8
2025.11.29,14:30,14:45,Hirsch,4,6,10
2025.11.29,14:45,15:00,Hirsch,8,5,13
2025.11.29,15:00,15:15,Hirsch,4,3,7
2025.11.29,15:15,15:30,Hirsch,2,2,4
2025.11.29,15:30,15:45,Hirsch,4,8,12
2025.11.29,15:45,16:00,Hirsch,4,8,12
2025.11.29,16:00,16:15,Hirsch,3,3,6
2025.11.29,16:15,16:30,Hirsch,1,8,9
2025.11.29,16:30,16:45,Hirsch,4,8,12
2025.11.29,16:45,17:00,Hirsch,3,6,9
2025.11.29,17:00,17:15,Hirsch,6,5,11
2025.11.29,17:15,17:30,Hirsch,2,7,9
2025.11.29,17:30,17:45,Hirsch,5,1,6
2025.11.29,17:45,18:00,Hirsch,9,8,17
2025.11.29,18:00,18:15,Hirsch,1,2,3
2025.11.29,18:15,18:30,Hirsch,3,5,8
2025.11.29,18:30,18:45,Hirsch,6,4,10
2025.11.29,18:45,19:00,Hirsch,5,1,6
2025.11.29,19:00,19:15,Hirsch,2,7,9
2025.11.29,19:15,19:30,Hirsch,3,5,8
2025.11.29,19:30,19:45,Hirsch,4,4,8
2025.11.29,19:45,20:00,Hirsch,1,4,5
2025.11.29,20:00,20:15,Hirsch,0,1,1
2025.11.29,20:15,20:30,Hirsch,3,1,4
2025.11.29,20:30,20:45,Hirsch,2,5,7
2025.11.29,20:45,21:00,Hirsch,3,4,7
2025.11.29,21:00,21:15,Hirsch,3,1,4
2025.11.29,21:15,21:30,Hirsch,0,4,4
2025.11.29,21:30,21:45,Hirsch,1,0,1
2025.11.29,21:45,22:00,Hirsch,4,0,4
2025.11.29,22:00,22:15,Hirsch,4,0,4
2025.11.29,22:15,22:30,Hirsch,4,1,5
2025.11.29,22:30,22:45,Hirsch,4,0,4
2025.11.29,22:45,23:00,Hirsch,2,0,2
2025.11.29,23:00,23:15,Hirsch,5,2,7
2025.11.29,23:15,23:30,Hirsch,6,1,7
2025.11.29,23:30,23:45,Hirsch,1,0,1
2025.11.29,23:45,00:00,Hirsch,4,0,4
2025.11.30,00:00,00:15,Hirsch,2,0,2
2025.11.30,00:15,00:30,Hirsch,2,0,2
2025.11.30,00:30,00:45,Hirsch,1,0,1
2025.11.30,00:45,01:00,Hirsch,1,0,1
2025.11.30,01:00,01:15,Hirsch,4,0,4
2025.11.30,01:15,01:30,Hirsch,1,0,1
2025.11.30,01:30,01:45,Hirsch,1,0,1
2025.11.30,01:45,02:00,Hirsch,2,0,2
2025.11.30,02:00,02:15,Hirsch,1,0,1
2025.11.30,02:15,02:30,Hirsch,1,0,1
2025.11.30,02:30,02:45,Hirsch,0,0,0
2025.11.30,02:45,03:00,Hirsch,0,0,0
2025.11.30,03:00,03:15,Hirsch,0,0,0
2025.11.30,03:15,03:30,Hirsch,0,0,0
2025.11.30,03:30,03:45,Hirsch,0,0,0
2025.11.30,03:45,04:00,Hirsch,1,0,1
2025.11.30,04:00,04:15,Hirsch,0,0,0
2025.11.30,04:15,04:30,Hirsch,1,0,1
2025.11.30,04:30,04:45,Hirsch,0,0,0
2025.11.30,04:45,05:00,Hirsch,0,1,1
2025.11.30,05:00,05:15,Hirsch,0,0,0
2025.11.30,05:15,05:30,Hirsch,0,0,0
2025.11.30,05:30,05:45,Hirsch,2,0,2
2025.11.30,05:45,06:00,Hirsch,0,0,0
2025.11.30,06:00,06:15,Hirsch,1,0,1
2025.11.30,06:15,06:30,Hirsch,0,0,0
2025.11.30,06:30,06:45,Hirsch,0,1,1
2025.11.30,06:45,07:00,Hirsch,0,0,0
2025.11.30,07:00,07:15,Hirsch,1,1,2
2025.11.30,07:15,07:30,Hirsch,0,1,1
2025.11.30,07:30,07:45,Hirsch,0,0,0
2025.11.30,07:45,08:00,Hirsch,0,1,1
2025.11.30,08:00,08:15,Hirsch,0,3,3
2025.11.30,08:15,08:30,Hirsch,0,1,1
2025.11.30,08:30,08:45,Hirsch,1,1,2
2025.11.30,08:45,09:00,Hirsch,0,1,1
2025.11.30,09:00,09:15,Hirsch,3,0,3
2025.11.30,09:15,09:30,Hirsch,3,3,6
2025.11.30,09:30,09:45,Hirsch,1,4,5
2025.11.30,09:45,10:00,Hirsch,1,7,8
2025.11.30,10:00,10:15,Hirsch,0,3,3
2025.11.30,10:15,10:30,Hirsch,2,5,7
2025.11.30,10:30,10:45,Hirsch,2,4,6
2025.11.30,10:45,11:00,Hirsch,4,2,6
2025.11.30,11:00,11:15,Hirsch,1,7,8
2025.11.30,11:15,11:30,Hirsch,5,9,14
2025.11.30,11:30,11:45,Hirsch,4,2,6
2025.11.30,11:45,12:00,Hirsch,2,3,5
2025.11.30,12:00,12:15,Hirsch,8,5,13
2025.11.30,12:15,12:30,Hirsch,8,4,12
2025.11.30,12:30,12:45,Hirsch,10,11,21
2025.11.30,12:45,13:00,Hirsch,3,10,13
2025.11.30,13:00,13:15,Hirsch,4,9,13
2025.11.30,13:15,13:30,Hirsch,3,8,11
2025.11.30,13:30,13:45,Hirsch,3,10,13
2025.11.30,13:45,14:00,Hirsch,5,2,7
2025.11.30,14:00,14:15,Hirsch,7,11,18
2025.11.30,14:15,14:30,Hirsch,5,9,14
2025.11.30,14:30,14:45,Hirsch,8,7,15
2025.11.30,14:45,15:00,Hirsch,16,16,32
2025.11.30,15:00,15:15,Hirsch,8,6,14
2025.11.30,15:15,15:30,Hirsch,1,3,4
2025.11.30,15:30,15:45,Hirsch,0,3,3
2025.11.30,15:45,16:00,Hirsch,6,10,16
2025.11.30,16:00,16:15,Hirsch,6,1,7
2025.11.30,16:15,16:30,Hirsch,8,5,13
2025.11.30,16:30,16:45,Hirsch,3,10,13
2025.11.30,16:45,17:00,Hirsch,5,2,7
2025.11.30,17:00,17:15,Hirsch,3,6,9
2025.11.30,17:15,17:30,Hirsch,4,1,5
2025.11.30,17:30,17:45,Hirsch,1,1,2
2025.11.30,17:45,18:00,Hirsch,4,5,9
2025.11.30,18:00,18:15,Hirsch,4,1,5
2025.11.30,18:15,18:30,Hirsch,2,3,5
2025.11.30,18:30,18:45,Hirsch,1,1,2
2025.11.30,18:45,19:00,Hirsch,2,2,4
2025.11.30,19:00,19:15,Hirsch,3,2,5
2025.11.30,19:15,19:30,Hirsch,6,0,6
2025.11.30,19:30,19:45,Hirsch,2,2,4
2025.11.30,19:45,20:00,Hirsch,3,0,3
2025.11.30,20:00,20:15,Hirsch,2,0,2
2025.11.30,20:15,20:30,Hirsch,0,1,1
2025.11.30,20:30,20:45,Hirsch,0,0,0
2025.11.30,20:45,21:00,Hirsch,2,0,2
2025.11.30,21:00,21:15,Hirsch,1,0,1
2025.11.30,21:15,21:30,Hirsch,2,0,2
2025.11.30,21:30,21:45,Hirsch,1,0,1
2025.11.30,21:45,22:00,Hirsch,1,2,3
2025.11.30,22:00,22:15,Hirsch,0,0,0
2025.11.30,22:15,22:30,Hirsch,1,0,1
2025.11.30,22:30,22:45,Hirsch,2,0,2
2025.11.30,22:45,23:00,Hirsch,0,1,1
2025.11.30,23:00,23:15,Hirsch,1,0,1
2025.11.30,23:15,23:30,Hirsch,0,0,0
2025.11.30,23:30,23:45,Hirsch,0,0,0
2025.11.30,23:45,00:00,Hirsch,1,0,1
2025.11.01,00:00,00:15,Erhardt,18,8,26
2025.11.01,00:15,00:30,Erhardt,5,9,14
2025.11.01,00:30,00:45,Erhardt,14,6,20
2025.11.01,00:45,01:00,Erhardt,5,10,15
2025.11.01,01:00,01:15,Erhardt,8,2,10
2025.11.01,01:15,01:30,Erhardt,3,11,14
2025.11.01,01:30,01:45,Erhardt,3,3,6
2025.11.01,01:45,02:00,Erhardt,11,3,14
2025.11.01,02:00,02:15,Erhardt,8,4,12
2025.11.01,02:15,02:30,Erhardt,7,10,17
2025.11.01,02:30,02:45,Erhardt,3,6,9
2025.11.01,02:45,03:00,Erhardt,6,4,10
2025.11.01,03:00,03:15,Erhardt,2,6,8
2025.11.01,03:15,03:30,Erhardt,3,2,5
2025.11.01,03:30,03:45,Erhardt,1,2,3
2025.11.01,03:45,04:00,Erhardt,0,1,1
2025.11.01,04:00,04:15,Erhardt,2,0,2
2025.11.01,04:15,04:30,Erhardt,0,0,0
2025.11.01,04:30,04:45,Erhardt,0,2,2
2025.11.01,04:45,05:00,Erhardt,0,1,1
2025.11.01,05:00,05:15,Erhardt,0,0,0
2025.11.01,05:15,05:30,Erhardt,2,3,5
2025.11.01,05:30,05:45,Erhardt,0,3,3
2025.11.01,05:45,06:00,Erhardt,1,2,3
2025.11.01,06:00,06:15,Erhardt,1,1,2
2025.11.01,06:15,06:30,Erhardt,1,2,3
2025.11.01,06:30,06:45,Erhardt,0,0,0
2025.11.01,06:45,07:00,Erhardt,2,1,3
2025.11.01,07:00,07:15,Erhardt,1,2,3
2025.11.01,07:15,07:30,Erhardt,1,3,4
2025.11.01,07:30,07:45,Erhardt,1,3,4
2025.11.01,07:45,08:00,Erhardt,5,4,9
2025.11.01,08:00,08:15,Erhardt,12,4,16
2025.11.01,08:15,08:30,Erhardt,6,4,10
2025.11.01,08:30,08:45,Erhardt,8,3,11
2025.11.01,08:45,09:00,Erhardt,15,12,27
2025.11.01,09:00,09:15,Erhardt,4,10,14
2025.11.01,09:15,09:30,Erhardt,16,6,22
2025.11.01,09:30,09:45,Erhardt,18,16,34
2025.11.01,09:45,10:00,Erhardt,19,18,37
2025.11.01,10:00,10:15,Erhardt,26,22,48
2025.11.01,10:15,10:30,Erhardt,38,15,53
2025.11.01,10:30,10:45,Erhardt,25,22,47
2025.11.01,10:45,11:00,Erhardt,34,35,69
2025.11.01,11:00,11:15,Erhardt,42,38,80
2025.11.01,11:15,11:30,Erhardt,47,34,81
2025.11.01,11:30,11:45,Erhardt,55,17,72
2025.11.01,11:45,12:00,Erhardt,53,35,88
2025.11.01,12:00,12:15,Erhardt,59,34,93
2025.11.01,12:15,12:30,Erhardt,48,49,97
2025.11.01,12:30,12:45,Erhardt,55,30,85
2025.11.01,12:45,13:00,Erhardt,54,51,105
2025.11.01,13:00,13:15,Erhardt,70,56,126
2025.11.01,13:15,13:30,Erhardt,82,44,126
2025.11.01,13:30,13:45,Erhardt,41,36,77
2025.11.01,13:45,14:00,Erhardt,71,42,113
2025.11.01,14:00,14:15,Erhardt,46,41,87
2025.11.01,14:15,14:30,Erhardt,55,61,116
2025.11.01,14:30,14:45,Erhardt,69,52,121
2025.11.01,14:45,15:00,Erhardt,50,46,96
2025.11.01,15:00,15:15,Erhardt,87,40,127
2025.11.01,15:15,15:30,Erhardt,52,55,107
2025.11.01,15:30,15:45,Erhardt,40,53,93
2025.11.01,15:45,16:00,Erhardt,36,63,99
2025.11.01,16:00,16:15,Erhardt,27,34,61
2025.11.01,16:15,16:30,Erhardt,44,48,92
2025.11.01,16:30,16:45,Erhardt,33,51,84
2025.11.01,16:45,17:00,Erhardt,30,42,72
2025.11.01,17:00,17:15,Erhardt,22,23,45
2025.11.01,17:15,17:30,Erhardt,18,40,58
2025.11.01,17:30,17:45,Erhardt,23,34,57
2025.11.01,17:45,18:00,Erhardt,21,20,41
2025.11.01,18:00,18:15,Erhardt,22,34,56
2025.11.01,18:15,18:30,Erhardt,22,23,45
2025.11.01,18:30,18:45,Erhardt,9,17,26
2025.11.01,18:45,19:00,Erhardt,24,13,37
2025.11.01,19:00,19:15,Erhardt,12,18,30
2025.11.01,19:15,19:30,Erhardt,12,16,28
2025.11.01,19:30,19:45,Erhardt,8,13,21
2025.11.01,19:45,20:00,Erhardt,19,15,34
2025.11.01,20:00,20:15,Erhardt,17,12,29
2025.11.01,20:15,20:30,Erhardt,6,15,21
2025.11.01,20:30,20:45,Erhardt,9,12,21
2025.11.01,20:45,21:00,Erhardt,11,22,33
2025.11.01,21:00,21:15,Erhardt,14,9,23
2025.11.01,21:15,21:30,Erhardt,8,14,22
2025.11.01,21:30,21:45,Erhardt,15,5,20
2025.11.01,21:45,22:00,Erhardt,8,7,15
2025.11.01,22:00,22:15,Erhardt,13,6,19
2025.11.01,22:15,22:30,Erhardt,11,9,20
2025.11.01,22:30,22:45,Erhardt,7,8,15
2025.11.01,22:45,23:00,Erhardt,6,7,13
2025.11.01,23:00,23:15,Erhardt,12,10,22
2025.11.01,23:15,23:30,Erhardt,7,13,20
2025.11.01,23:30,23:45,Erhardt,10,5,15
2025.11.01,23:45,00:00,Erhardt,5,4,9
2025.11.02,00:00,00:15,Erhardt,1,4,5
2025.11.02,00:15,00:30,Erhardt,10,7,17
2025.11.02,00:30,00:45,Erhardt,1,3,4
2025.11.02,00:45,01:00,Erhardt,1,7,8
2025.11.02,01:00,01:15,Erhardt,2,1,3
2025.11.02,01:15,01:30,Erhardt,5,6,11
2025.11.02,01:30,01:45,Erhardt,2,1,3
2025.11.02,01:45,02:00,Erhardt,5,5,10
2025.11.02,02:00,02:15,Erhardt,4,1,5
2025.11.02,02:15,02:30,Erhardt,2,1,3
2025.11.02,02:30,02:45,Erhardt,1,1,2
2025.11.02,02:45,03:00,Erhardt,1,1,2
2025.11.02,03:00,03:15,Erhardt,1,4,5
2025.11.02,03:15,03:30,Erhardt,2,2,4
2025.11.02,03:30,03:45,Erhardt,2,3,5
2025.11.02,03:45,04:00,Erhardt,0,0,0
2025.11.02,04:00,04:15,Erhardt,0,2,2
2025.11.02,04:15,04:30,Erhardt,0,0,0
2025.11.02,04:30,04:45,Erhardt,0,0,0
2025.11.02,04:45,05:00,Erhardt,1,0,1
2025.11.02,05:00,05:15,Erhardt,0,0,0
2025.11.02,05:15,05:30,Erhardt,0,0,0
2025.11.02,05:30,05:45,Erhardt,0,0,0
2025.11.02,05:45,06:00,Erhardt,1,1,2
2025.11.02,06:00,06:15,Erhardt,1,0,1
2025.11.02,06:15,06:30,Erhardt,0,0,0
2025.11.02,06:30,06:45,Erhardt,3,1,4
2025.11.02,06:45,07:00,Erhardt,1,0,1
2025.11.02,07:00,07:15,Erhardt,0,0,0
2025.11.02,07:15,07:30,Erhardt,2,0,2
2025.11.02,07:30,07:45,Erhardt,0,0,0
2025.11.02,07:45,08:00,Erhardt,4,2,6
2025.11.02,08:00,08:15,Erhardt,1,1,2
2025.11.02,08:15,08:30,Erhardt,2,3,5
2025.11.02,08:30,08:45,Erhardt,2,4,6
2025.11.02,08:45,09:00,Erhardt,5,1,6
2025.11.02,09:00,09:15,Erhardt,3,3,6
2025.11.02,09:15,09:30,Erhardt,2,3,5
2025.11.02,09:30,09:45,Erhardt,3,5,8
2025.11.02,09:45,10:00,Erhardt,4,12,16
2025.11.02,10:00,10:15,Erhardt,2,1,3
2025.11.02,10:15,10:30,Erhardt,2,6,8
2025.11.02,10:30,10:45,Erhardt,0,3,3
2025.11.02,10:45,11:00,Erhardt,7,7,14
2025.11.02,11:00,11:15,Erhardt,1,4,5
2025.11.02,11:15,11:30,Erhardt,6,3,9
2025.11.02,11:30,11:45,Erhardt,1,1,2
2025.11.02,11:45,12:00,Erhardt,4,1,5
2025.11.02,12:00,12:15,Erhardt,3,1,4
2025.11.02,12:15,12:30,Erhardt,7,7,14
2025.11.02,12:30,12:45,Erhardt,3,2,5
2025.11.02,12:45,13:00,Erhardt,4,5,9
2025.11.02,13:00,13:15,Erhardt,2,5,7
2025.11.02,13:15,13:30,Erhardt,11,6,17
2025.11.02,13:30,13:45,Erhardt,6,2,8
2025.11.02,13:45,14:00,Erhardt,5,8,13
2025.11.02,14:00,14:15,Erhardt,6,8,14
2025.11.02,14:15,14:30,Erhardt,6,7,13
2025.11.02,14:30,14:45,Erhardt,5,8,13
2025.11.02,14:45,15:00,Erhardt,2,12,14
2025.11.02,15:00,15:15,Erhardt,1,4,5
2025.11.02,15:15,15:30,Erhardt,5,8,13
2025.11.02,15:30,15:45,Erhardt,2,10,12
2025.11.02,15:45,16:00,Erhardt,10,11,21
2025.11.02,16:00,16:15,Erhardt,3,2,5
2025.11.02,16:15,16:30,Erhardt,4,7,11
2025.11.02,16:30,16:45,Erhardt,8,5,13
2025.11.02,16:45,17:00,Erhardt,8,12,20
2025.11.02,17:00,17:15,Erhardt,7,10,17
2025.11.02,17:15,17:30,Erhardt,6,5,11
2025.11.02,17:30,17:45,Erhardt,7,9,16
2025.11.02,17:45,18:00,Erhardt,3,6,9
2025.11.02,18:00,18:15,Erhardt,4,10,14
2025.11.02,18:15,18:30,Erhardt,9,7,16
2025.11.02,18:30,18:45,Erhardt,11,6,17
2025.11.02,18:45,19:00,Erhardt,5,4,9
2025.11.02,19:00,19:15,Erhardt,2,4,6
2025.11.02,19:15,19:30,Erhardt,6,3,9
2025.11.02,19:30,19:45,Erhardt,8,3,11
2025.11.02,19:45,20:00,Erhardt,1,1,2
2025.11.02,20:00,20:15,Erhardt,0,3,3
2025.11.02,20:15,20:30,Erhardt,3,2,5
2025.11.02,20:30,20:45,Erhardt,2,4,6
2025.11.02,20:45,21:00,Erhardt,9,4,13
2025.11.02,21:00,21:15,Erhardt,2,4,6
2025.11.02,21:15,21:30,Erhardt,7,4,11
2025.11.02,21:30,21:45,Erhardt,3,2,5
2025.11.02,21:45,22:00,Erhardt,1,3,4
2025.11.02,22:00,22:15,Erhardt,3,2,5
2025.11.02,22:15,22:30,Erhardt,3,6,9
2025.11.02,22:30,22:45,Erhardt,1,4,5
2025.11.02,22:45,23:00,Erhardt,2,0,2
2025.11.02,23:00,23:15,Erhardt,2,2,4
2025.11.02,23:15,23:30,Erhardt,2,2,4
2025.11.02,23:30,23:45,Erhardt,0,1,1
2025.11.02,23:45,00:00,Erhardt,0,0,0
2025.11.03,00:00,00:15,Erhardt,1,4,5
2025.11.03,00:15,00:30,Erhardt,1,0,1
2025.11.03,00:30,00:45,Erhardt,1,1,2
2025.11.03,00:45,01:00,Erhardt,0,0,0
2025.11.03,01:00,01:15,Erhardt,0,0,0
2025.11.03,01:15,01:30,Erhardt,0,0,0
2025.11.03,01:30,01:45,Erhardt,0,2,2
2025.11.03,01:45,02:00,Erhardt,2,0,2
2025.11.03,02:00,02:15,Erhardt,0,0,0
2025.11.03,02:15,02:30,Erhardt,0,0,0
2025.11.03,02:30,02:45,Erhardt,0,0,0
2025.11.03,02:45,03:00,Erhardt,0,0,0
2025.11.03,03:00,03:15,Erhardt,0,1,1
2025.11.03,03:15,03:30,Erhardt,0,0,0
2025.11.03,03:30,03:45,Erhardt,0,0,0
2025.11.03,03:45,04:00,Erhardt,0,0,0
2025.11.03,04:00,04:15,Erhardt,0,0,0
2025.11.03,04:15,04:30,Erhardt,1,0,1
2025.11.03,04:30,04:45,Erhardt,0,0,0
2025.11.03,04:45,05:00,Erhardt,1,0,1
2025.11.03,05:00,05:15,Erhardt,1,0,1
2025.11.03,05:15,05:30,Erhardt,2,2,4
2025.11.03,05:30,05:45,Erhardt,5,4,9
2025.11.03,05:45,06:00,Erhardt,8,6,14
2025.11.03,06:00,06:15,Erhardt,9,4,13
2025.11.03,06:15,06:30,Erhardt,6,3,9
2025.11.03,06:30,06:45,Erhardt,9,6,15
2025.11.03,06:45,07:00,Erhardt,10,8,18
2025.11.03,07:00,07:15,Erhardt,18,11,29
2025.11.03,07:15,07:30,Erhardt,19,12,31
2025.11.03,07:30,07:45,Erhardt,34,35,69
2025.11.03,07:45,08:00,Erhardt,37,40,77
2025.11.03,08:00,08:15,Erhardt,41,31,72
2025.11.03,08:15,08:30,Erhardt,50,37,87
2025.11.03,08:30,08:45,Erhardt,62,38,100
2025.11.03,08:45,09:00,Erhardt,65,48,113
2025.11.03,09:00,09:15,Erhardt,33,29,62
2025.11.03,09:15,09:30,Erhardt,31,25,56
2025.11.03,09:30,09:45,Erhardt,16,18,34
2025.11.03,09:45,10:00,Erhardt,20,40,60
2025.11.03,10:00,10:15,Erhardt,15,17,32
2025.11.03,10:15,10:30,Erhardt,18,28,46
2025.11.03,10:30,10:45,Erhardt,12,12,24
2025.11.03,10:45,11:00,Erhardt,24,14,38
2025.11.03,11:00,11:15,Erhardt,12,15,27
2025.11.03,11:15,11:30,Erhardt,18,17,35
2025.11.03,11:30,11:45,Erhardt,20,26,46
2025.11.03,11:45,12:00,Erhardt,18,23,41
2025.11.03,12:00,12:15,Erhardt,20,22,42
2025.11.03,12:15,12:30,Erhardt,28,16,44
2025.11.03,12:30,12:45,Erhardt,18,25,43
2025.11.03,12:45,13:00,Erhardt,22,17,39
2025.11.03,13:00,13:15,Erhardt,21,16,37
2025.11.03,13:15,13:30,Erhardt,16,7,23
2025.11.03,13:30,13:45,Erhardt,17,26,43
2025.11.03,13:45,14:00,Erhardt,28,15,43
2025.11.03,14:00,14:15,Erhardt,21,21,42
2025.11.03,14:15,14:30,Erhardt,32,15,47
2025.11.03,14:30,14:45,Erhardt,25,17,42
2025.11.03,14:45,15:00,Erhardt,27,21,48
2025.11.03,15:00,15:15,Erhardt,16,18,34
2025.11.03,15:15,15:30,Erhardt,36,19,55
2025.11.03,15:30,15:45,Erhardt,26,28,54
2025.11.03,15:45,16:00,Erhardt,28,17,45
2025.11.03,16:00,16:15,Erhardt,34,23,57
2025.11.03,16:15,16:30,Erhardt,34,16,50
2025.11.03,16:30,16:45,Erhardt,29,20,49
2025.11.03,16:45,17:00,Erhardt,47,30,77
2025.11.03,17:00,17:15,Erhardt,50,29,79
2025.11.03,17:15,17:30,Erhardt,51,23,74
2025.11.03,17:30,17:45,Erhardt,57,31,88
2025.11.03,17:45,18:00,Erhardt,62,32,94
2025.11.03,18:00,18:15,Erhardt,62,27,89
2025.11.03,18:15,18:30,Erhardt,49,25,74
2025.11.03,18:30,18:45,Erhardt,49,26,75
2025.11.03,18:45,19:00,Erhardt,66,32,98
2025.11.03,19:00,19:15,Erhardt,50,14,64
2025.11.03,19:15,19:30,Erhardt,45,16,61
2025.11.03,19:30,19:45,Erhardt,18,19,37
2025.11.03,19:45,20:00,Erhardt,21,11,32
2025.11.03,20:00,20:15,Erhardt,23,8,31
2025.11.03,20:15,20:30,Erhardt,19,11,30
2025.11.03,20:30,20:45,Erhardt,26,9,35
2025.11.03,20:45,21:00,Erhardt,17,13,30
2025.11.03,21:00,21:15,Erhardt,12,14,26
2025.11.03,21:15,21:30,Erhardt,12,8,20
2025.11.03,21:30,21:45,Erhardt,6,9,15
2025.11.03,21:45,22:00,Erhardt,12,13,25
2025.11.03,22:00,22:15,Erhardt,24,9,33
2025.11.03,22:15,22:30,Erhardt,3,11,14
2025.11.03,22:30,22:45,Erhardt,6,6,12
2025.11.03,22:45,23:00,Erhardt,13,4,17
2025.11.03,23:00,23:15,Erhardt,9,14,23
2025.11.03,23:15,23:30,Erhardt,5,4,9
2025.11.03,23:30,23:45,Erhardt,0,5,5
2025.11.03,23:45,00:00,Erhardt,6,3,9
2025.11.04,00:00,00:15,Erhardt,1,1,2
2025.11.04,00:15,00:30,Erhardt,2,1,3
2025.11.04,00:30,00:45,Erhardt,2,0,2
2025.11.04,00:45,01:00,Erhardt,2,1,3
2025.11.04,01:00,01:15,Erhardt,0,3,3
2025.11.04,01:15,01:30,Erhardt,0,1,1
2025.11.04,01:30,01:45,Erhardt,0,0,0
2025.11.04,01:45,02:00,Erhardt,1,0,1
2025.11.04,02:00,02:15,Erhardt,1,0,1
2025.11.04,02:15,02:30,Erhardt,1,1,2
2025.11.04,02:30,02:45,Erhardt,0,0,0
2025.11.04,02:45,03:00,Erhardt,1,2,3
2025.11.04,03:00,03:15,Erhardt,0,0,0
2025.11.04,03:15,03:30,Erhardt,0,0,0
2025.11.04,03:30,03:45,Erhardt,0,0,0
2025.11.04,03:45,04:00,Erhardt,1,0,1
2025.11.04,04:00,04:15,Erhardt,0,0,0
2025.11.04,04:15,04:30,Erhardt,0,0,0
2025.11.04,04:30,04:45,Erhardt,0,2,2
2025.11.04,04:45,05:00,Erhardt,0,1,1
2025.11.04,05:00,05:15,Erhardt,1,0,1
2025.11.04,05:15,05:30,Erhardt,3,1,4
2025.11.04,05:30,05:45,Erhardt,6,4,10
2025.11.04,05:45,06:00,Erhardt,7,7,14
2025.11.04,06:00,06:15,Erhardt,4,2,6
2025.11.04,06:15,06:30,Erhardt,12,5,17
2025.11.04,06:30,06:45,Erhardt,10,10,20
2025.11.04,06:45,07:00,Erhardt,13,18,31
2025.11.04,07:00,07:15,Erhardt,23,15,38
2025.11.04,07:15,07:30,Erhardt,25,19,44
2025.11.04,07:30,07:45,Erhardt,44,32,76
2025.11.04,07:45,08:00,Erhardt,40,47,87
2025.11.04,08:00,08:15,Erhardt,63,37,100
2025.11.04,08:15,08:30,Erhardt,70,62,132
2025.11.04,08:30,08:45,Erhardt,67,59,126
2025.11.04,08:45,09:00,Erhardt,70,49,119
2025.11.04,09:00,09:15,Erhardt,41,54,95
2025.11.04,09:15,09:30,Erhardt,38,30,68
2025.11.04,09:30,09:45,Erhardt,30,34,64
2025.11.04,09:45,10:00,Erhardt,21,30,51
2025.11.04,10:00,10:15,Erhardt,19,26,45
2025.11.04,10:15,10:30,Erhardt,19,28,47
2025.11.04,10:30,10:45,Erhardt,17,20,37
2025.11.04,10:45,11:00,Erhardt,15,22,37
2025.11.04,11:00,11:15,Erhardt,16,24,40
2025.11.04,11:15,11:30,Erhardt,15,24,39
2025.11.04,11:30,11:45,Erhardt,32,28,60
2025.11.04,11:45,12:00,Erhardt,19,31,50
2025.11.04,12:00,12:15,Erhardt,33,16,49
2025.11.04,12:15,12:30,Erhardt,30,26,56
2025.11.04,12:30,12:45,Erhardt,19,28,47
2025.11.04,12:45,13:00,Erhardt,34,28,62
2025.11.04,13:00,13:15,Erhardt,30,16,46
2025.11.04,13:15,13:30,Erhardt,35,30,65
2025.11.04,13:30,13:45,Erhardt,25,19,44
2025.11.04,13:45,14:00,Erhardt,19,23,42
2025.11.04,14:00,14:15,Erhardt,32,25,57
2025.11.04,14:15,14:30,Erhardt,26,16,42
2025.11.04,14:30,14:45,Erhardt,33,17,50
2025.11.04,14:45,15:00,Erhardt,46,38,84
2025.11.04,15:00,15:15,Erhardt,42,25,67
2025.11.04,15:15,15:30,Erhardt,47,22,69
2025.11.04,15:30,15:45,Erhardt,32,36,68
2025.11.04,15:45,16:00,Erhardt,38,30,68
2025.11.04,16:00,16:15,Erhardt,42,27,69
2025.11.04,16:15,16:30,Erhardt,63,29,92
2025.11.04,16:30,16:45,Erhardt,47,25,72
2025.11.04,16:45,17:00,Erhardt,51,35,86
2025.11.04,17:00,17:15,Erhardt,50,42,92
2025.11.04,17:15,17:30,Erhardt,75,32,107
2025.11.04,17:30,17:45,Erhardt,85,35,120
2025.11.04,17:45,18:00,Erhardt,66,49,115
2025.11.04,18:00,18:15,Erhardt,54,33,87
2025.11.04,18:15,18:30,Erhardt,91,38,129
2025.11.04,18:30,18:45,Erhardt,51,31,82
2025.11.04,18:45,19:00,Erhardt,69,27,96
2025.11.04,19:00,19:15,Erhardt,61,36,97
2025.11.04,19:15,19:30,Erhardt,39,34,73
2025.11.04,19:30,19:45,Erhardt,31,23,54
2025.11.04,19:45,20:00,Erhardt,26,33,59
2025.11.04,20:00,20:15,Erhardt,24,17,41
2025.11.04,20:15,20:30,Erhardt,34,18,52
2025.11.04,20:30,20:45,Erhardt,20,15,35
2025.11.04,20:45,21:00,Erhardt,15,14,29
2025.11.04,21:00,21:15,Erhardt,17,9,26
2025.11.04,21:15,21:30,Erhardt,17,14,31
2025.11.04,21:30,21:45,Erhardt,8,17,25
2025.11.04,21:45,22:00,Erhardt,11,13,24
2025.11.04,22:00,22:15,Erhardt,17,5,22
2025.11.04,22:15,22:30,Erhardt,14,17,31
2025.11.04,22:30,22:45,Erhardt,15,19,34
2025.11.04,22:45,23:00,Erhardt,5,4,9
2025.11.04,23:00,23:15,Erhardt,13,9,22
2025.11.04,23:15,23:30,Erhardt,16,15,31
2025.11.04,23:30,23:45,Erhardt,8,9,17
2025.11.04,23:45,00:00,Erhardt,5,7,12
2025.11.05,00:00,00:15,Erhardt,2,6,8
2025.11.05,00:15,00:30,Erhardt,8,1,9
2025.11.05,00:30,00:45,Erhardt,2,4,6
2025.11.05,00:45,01:00,Erhardt,3,3,6
2025.11.05,01:00,01:15,Erhardt,0,0,0
2025.11.05,01:15,01:30,Erhardt,1,0,1
2025.11.05,01:30,01:45,Erhardt,0,1,1
2025.11.05,01:45,02:00,Erhardt,1,1,2
2025.11.05,02:00,02:15,Erhardt,0,1,1
2025.11.05,02:15,02:30,Erhardt,1,0,1
2025.11.05,02:30,02:45,Erhardt,1,0,1
2025.11.05,02:45,03:00,Erhardt,0,0,0
2025.11.05,03:00,03:15,Erhardt,0,1,1
2025.11.05,03:15,03:30,Erhardt,0,0,0
2025.11.05,03:30,03:45,Erhardt,0,0,0
2025.11.05,03:45,04:00,Erhardt,1,0,1
2025.11.05,04:00,04:15,Erhardt,0,0,0
2025.11.05,04:15,04:30,Erhardt,0,0,0
2025.11.05,04:30,04:45,Erhardt,1,0,1
2025.11.05,04:45,05:00,Erhardt,0,1,1
2025.11.05,05:00,05:15,Erhardt,0,0,0
2025.11.05,05:15,05:30,Erhardt,2,4,6
2025.11.05,05:30,05:45,Erhardt,7,3,10
2025.11.05,05:45,06:00,Erhardt,6,3,9
2025.11.05,06:00,06:15,Erhardt,5,4,9
2025.11.05,06:15,06:30,Erhardt,7,5,12
2025.11.05,06:30,06:45,Erhardt,9,5,14
2025.11.05,06:45,07:00,Erhardt,11,10,21
2025.11.05,07:00,07:15,Erhardt,19,13,32
2025.11.05,07:15,07:30,Erhardt,30,33,63
2025.11.05,07:30,07:45,Erhardt,31,33,64
2025.11.05,07:45,08:00,Erhardt,38,34,72
2025.11.05,08:00,08:15,Erhardt,37,35,72
2025.11.05,08:15,08:30,Erhardt,42,51,93
2025.11.05,08:30,08:45,Erhardt,61,64,125
2025.11.05,08:45,09:00,Erhardt,62,61,123
2025.11.05,09:00,09:15,Erhardt,38,42,80
2025.11.05,09:15,09:30,Erhardt,48,31,79
2025.11.05,09:30,09:45,Erhardt,33,27,60
2025.11.05,09:45,10:00,Erhardt,33,29,62
2025.11.05,10:00,10:15,Erhardt,28,28,56
2025.11.05,10:15,10:30,Erhardt,16,18,34
2025.11.05,10:30,10:45,Erhardt,8,15,23
2025.11.05,10:45,11:00,Erhardt,16,30,46
2025.11.05,11:00,11:15,Erhardt,21,14,35
2025.11.05,11:15,11:30,Erhardt,24,21,45
2025.11.05,11:30,11:45,Erhardt,28,23,51
2025.11.05,11:45,12:00,Erhardt,26,27,53
2025.11.05,12:00,12:15,Erhardt,26,31,57
2025.11.05,12:15,12:30,Erhardt,21,28,49
2025.11.05,12:30,12:45,Erhardt,30,23,53
2025.11.05,12:45,13:00,Erhardt,26,16,42
2025.11.05,13:00,13:15,Erhardt,20,33,53
2025.11.05,13:15,13:30,Erhardt,24,23,47
2025.11.05,13:30,13:45,Erhardt,29,24,53
2025.11.05,13:45,14:00,Erhardt,34,35,69
2025.11.05,14:00,14:15,Erhardt,30,21,51
2025.11.05,14:15,14:30,Erhardt,28,30,58
2025.11.05,14:30,14:45,Erhardt,28,24,52
2025.11.05,14:45,15:00,Erhardt,34,32,66
2025.11.05,15:00,15:15,Erhardt,36,25,61
2025.11.05,15:15,15:30,Erhardt,42,31,73
2025.11.05,15:30,15:45,Erhardt,36,22,58
2025.11.05,15:45,16:00,Erhardt,51,24,75
2025.11.05,16:00,16:15,Erhardt,50,25,75
2025.11.05,16:15,16:30,Erhardt,55,22,77
2025.11.05,16:30,16:45,Erhardt,49,23,72
2025.11.05,16:45,17:00,Erhardt,65,19,84
2025.11.05,17:00,17:15,Erhardt,43,36,79
2025.11.05,17:15,17:30,Erhardt,77,27,104
2025.11.05,17:30,17:45,Erhardt,54,41,95
2025.11.05,17:45,18:00,Erhardt,66,37,103
2025.11.05,18:00,18:15,Erhardt,53,29,82
2025.11.05,18:15,18:30,Erhardt,56,43,99
2025.11.05,18:30,18:45,Erhardt,52,16,68
2025.11.05,18:45,19:00,Erhardt,62,37,99
2025.11.05,19:00,19:15,Erhardt,57,32,89
2025.11.05,19:15,19:30,Erhardt,43,32,75
2025.11.05,19:30,19:45,Erhardt,34,18,52
2025.11.05,19:45,20:00,Erhardt,23,32,55
2025.11.05,20:00,20:15,Erhardt,30,20,50
2025.11.05,20:15,20:30,Erhardt,29,12,41
2025.11.05,20:30,20:45,Erhardt,10,11,21
2025.11.05,20:45,21:00,Erhardt,15,13,28
2025.11.05,21:00,21:15,Erhardt,14,11,25
2025.11.05,21:15,21:30,Erhardt,14,13,27
2025.11.05,21:30,21:45,Erhardt,16,18,34
2025.11.05,21:45,22:00,Erhardt,10,16,26
2025.11.05,22:00,22:15,Erhardt,21,10,31
2025.11.05,22:15,22:30,Erhardt,21,11,32
2025.11.05,22:30,22:45,Erhardt,15,13,28
2025.11.05,22:45,23:00,Erhardt,21,17,38
2025.11.05,23:00,23:15,Erhardt,8,12,20
2025.11.05,23:15,23:30,Erhardt,9,6,15
2025.11.05,23:30,23:45,Erhardt,3,10,13
2025.11.05,23:45,00:00,Erhardt,2,1,3
2025.11.06,00:00,00:15,Erhardt,4,6,10
2025.11.06,00:15,00:30,Erhardt,0,2,2
2025.11.06,00:30,00:45,Erhardt,2,5,7
2025.11.06,00:45,01:00,Erhardt,1,1,2
2025.11.06,01:00,01:15,Erhardt,3,1,4
2025.11.06,01:15,01:30,Erhardt,1,1,2
2025.11.06,01:30,01:45,Erhardt,0,0,0
2025.11.06,01:45,02:00,Erhardt,0,1,1
2025.11.06,02:00,02:15,Erhardt,0,1,1
2025.11.06,02:15,02:30,Erhardt,0,0,0
2025.11.06,02:30,02:45,Erhardt,0,3,3
2025.11.06,02:45,03:00,Erhardt,0,0,0
2025.11.06,03:00,03:15,Erhardt,0,0,0
2025.11.06,03:15,03:30,Erhardt,0,0,0
2025.11.06,03:30,03:45,Erhardt,0,1,1
2025.11.06,03:45,04:00,Erhardt,2,0,2
2025.11.06,04:00,04:15,Erhardt,0,0,0
2025.11.06,04:15,04:30,Erhardt,0,0,0
2025.11.06,04:30,04:45,Erhardt,0,1,1
2025.11.06,04:45,05:00,Erhardt,0,0,0
2025.11.06,05:00,05:15,Erhardt,0,1,1
2025.11.06,05:15,05:30,Erhardt,0,3,3
2025.11.06,05:30,05:45,Erhardt,6,3,9
2025.11.06,05:45,06:00,Erhardt,5,5,10
2025.11.06,06:00,06:15,Erhardt,10,4,14
2025.11.06,06:15,06:30,Erhardt,7,7,14
2025.11.06,06:30,06:45,Erhardt,7,7,14
2025.11.06,06:45,07:00,Erhardt,9,10,19
2025.11.06,07:00,07:15,Erhardt,20,14,34
2025.11.06,07:15,07:30,Erhardt,21,19,40
2025.11.06,07:30,07:45,Erhardt,31,26,57
2025.11.06,07:45,08:00,Erhardt,32,37,69
2025.11.06,08:00,08:15,Erhardt,46,35,81
2025.11.06,08:15,08:30,Erhardt,44,49,93
2025.11.06,08:30,08:45,Erhardt,63,41,104
2025.11.06,08:45,09:00,Erhardt,43,57,100
2025.11.06,09:00,09:15,Erhardt,46,37,83
2025.11.06,09:15,09:30,Erhardt,18,28,46
2025.11.06,09:30,09:45,Erhardt,24,34,58
2025.11.06,09:45,10:00,Erhardt,23,22,45
2025.11.06,10:00,10:15,Erhardt,17,16,33
2025.11.06,10:15,10:30,Erhardt,15,19,34
2025.11.06,10:30,10:45,Erhardt,18,22,40
2025.11.06,10:45,11:00,Erhardt,14,20,34
2025.11.06,11:00,11:15,Erhardt,7,19,26
2025.11.06,11:15,11:30,Erhardt,4,12,16
2025.11.06,11:30,11:45,Erhardt,21,24,45
2025.11.06,11:45,12:00,Erhardt,20,24,44
2025.11.06,12:00,12:15,Erhardt,19,19,38
2025.11.06,12:15,12:30,Erhardt,29,22,51
2025.11.06,12:30,12:45,Erhardt,23,12,35
2025.11.06,12:45,13:00,Erhardt,22,21,43
2025.11.06,13:00,13:15,Erhardt,24,12,36
2025.11.06,13:15,13:30,Erhardt,25,14,39
2025.11.06,13:30,13:45,Erhardt,24,21,45
2025.11.06,13:45,14:00,Erhardt,28,25,53
2025.11.06,14:00,14:15,Erhardt,14,18,32
2025.11.06,14:15,14:30,Erhardt,28,10,38
2025.11.06,14:30,14:45,Erhardt,28,11,39
2025.11.06,14:45,15:00,Erhardt,31,22,53
2025.11.06,15:00,15:15,Erhardt,25,17,42
2025.11.06,15:15,15:30,Erhardt,28,29,57
2025.11.06,15:30,15:45,Erhardt,23,35,58
2025.11.06,15:45,16:00,Erhardt,36,23,59
2025.11.06,16:00,16:15,Erhardt,35,16,51
2025.11.06,16:15,16:30,Erhardt,36,13,49
2025.11.06,16:30,16:45,Erhardt,39,24,63
2025.11.06,16:45,17:00,Erhardt,40,27,67
2025.11.06,17:00,17:15,Erhardt,41,32,73
2025.11.06,17:15,17:30,Erhardt,44,32,76
2025.11.06,17:30,17:45,Erhardt,61,17,78
2025.11.06,17:45,18:00,Erhardt,77,33,110
2025.11.06,18:00,18:15,Erhardt,59,29,88
2025.11.06,18:15,18:30,Erhardt,53,20,73
2025.11.06,18:30,18:45,Erhardt,51,28,79
2025.11.06,18:45,19:00,Erhardt,39,30,69
2025.11.06,19:00,19:15,Erhardt,30,25,55
2025.11.06,19:15,19:30,Erhardt,36,22,58
2025.11.06,19:30,19:45,Erhardt,33,20,53
2025.11.06,19:45,20:00,Erhardt,25,20,45
2025.11.06,20:00,20:15,Erhardt,16,17,33
2025.11.06,20:15,20:30,Erhardt,25,11,36
2025.11.06,20:30,20:45,Erhardt,14,9,23
2025.11.06,20:45,21:00,Erhardt,14,9,23
2025.11.06,21:00,21:15,Erhardt,10,14,24
2025.11.06,21:15,21:30,Erhardt,17,12,29
2025.11.06,21:30,21:45,Erhardt,9,9,18
2025.11.06,21:45,22:00,Erhardt,10,8,18
2025.11.06,22:00,22:15,Erhardt,8,13,21
2025.11.06,22:15,22:30,Erhardt,29,8,37
2025.11.06,22:30,22:45,Erhardt,3,7,10
2025.11.06,22:45,23:00,Erhardt,6,14,20
2025.11.06,23:00,23:15,Erhardt,7,14,21
2025.11.06,23:15,23:30,Erhardt,8,8,16
2025.11.06,23:30,23:45,Erhardt,4,4,8
2025.11.06,23:45,00:00,Erhardt,4,4,8
2025.11.07,00:00,00:15,Erhardt,3,7,10
2025.11.07,00:15,00:30,Erhardt,3,1,4
2025.11.07,00:30,00:45,Erhardt,3,2,5
2025.11.07,00:45,01:00,Erhardt,1,0,1
2025.11.07,01:00,01:15,Erhardt,5,3,8
2025.11.07,01:15,01:30,Erhardt,0,2,2
2025.11.07,01:30,01:45,Erhardt,2,1,3
2025.11.07,01:45,02:00,Erhardt,1,0,1
2025.11.07,02:00,02:15,Erhardt,1,0,1
2025.11.07,02:15,02:30,Erhardt,0,0,0
2025.11.07,02:30,02:45,Erhardt,1,0,1
2025.11.07,02:45,03:00,Erhardt,2,1,3
2025.11.07,03:00,03:15,Erhardt,1,0,1
2025.11.07,03:15,03:30,Erhardt,0,0,0
2025.11.07,03:30,03:45,Erhardt,0,0,0
2025.11.07,03:45,04:00,Erhardt,0,0,0
2025.11.07,04:00,04:15,Erhardt,0,0,0
2025.11.07,04:15,04:30,Erhardt,1,0,1
2025.11.07,04:30,04:45,Erhardt,0,1,1
2025.11.07,04:45,05:00,Erhardt,0,0,0
2025.11.07,05:00,05:15,Erhardt,0,0,0
2025.11.07,05:15,05:30,Erhardt,1,0,1
2025.11.07,05:30,05:45,Erhardt,6,2,8
2025.11.07,05:45,06:00,Erhardt,2,5,7
2025.11.07,06:00,06:15,Erhardt,5,1,6
2025.11.07,06:15,06:30,Erhardt,3,5,8
2025.11.07,06:30,06:45,Erhardt,6,8,14
2025.11.07,06:45,07:00,Erhardt,8,10,18
2025.11.07,07:00,07:15,Erhardt,10,8,18
2025.11.07,07:15,07:30,Erhardt,10,11,21
2025.11.07,07:30,07:45,Erhardt,25,13,38
2025.11.07,07:45,08:00,Erhardt,19,25,44
2025.11.07,08:00,08:15,Erhardt,33,27,60
2025.11.07,08:15,08:30,Erhardt,23,33,56
2025.11.07,08:30,08:45,Erhardt,41,29,70
2025.11.07,08:45,09:00,Erhardt,39,36,75
2025.11.07,09:00,09:15,Erhardt,26,28,54
2025.11.07,09:15,09:30,Erhardt,28,13,41
2025.11.07,09:30,09:45,Erhardt,13,18,31
2025.11.07,09:45,10:00,Erhardt,23,19,42
2025.11.07,10:00,10:15,Erhardt,19,18,37
2025.11.07,10:15,10:30,Erhardt,14,14,28
2025.11.07,10:30,10:45,Erhardt,11,12,23
2025.11.07,10:45,11:00,Erhardt,19,15,34
2025.11.07,11:00,11:15,Erhardt,13,8,21
2025.11.07,11:15,11:30,Erhardt,10,8,18
2025.11.07,11:30,11:45,Erhardt,12,10,22
2025.11.07,11:45,12:00,Erhardt,19,19,38
2025.11.07,12:00,12:15,Erhardt,26,12,38
2025.11.07,12:15,12:30,Erhardt,22,15,37
2025.11.07,12:30,12:45,Erhardt,24,19,43
2025.11.07,12:45,13:00,Erhardt,25,16,41
2025.11.07,13:00,13:15,Erhardt,15,10,25
2025.11.07,13:15,13:30,Erhardt,20,16,36
2025.11.07,13:30,13:45,Erhardt,17,17,34
2025.11.07,13:45,14:00,Erhardt,21,13,34
2025.11.07,14:00,14:15,Erhardt,29,9,38
2025.11.07,14:15,14:30,Erhardt,27,11,38
2025.11.07,14:30,14:45,Erhardt,27,11,38
2025.11.07,14:45,15:00,Erhardt,35,19,54
2025.11.07,15:00,15:15,Erhardt,28,24,52
2025.11.07,15:15,15:30,Erhardt,20,30,50
2025.11.07,15:30,15:45,Erhardt,25,23,48
2025.11.07,15:45,16:00,Erhardt,22,17,39
2025.11.07,16:00,16:15,Erhardt,29,12,41
2025.11.07,16:15,16:30,Erhardt,26,18,44
2025.11.07,16:30,16:45,Erhardt,20,19,39
2025.11.07,16:45,17:00,Erhardt,49,20,69
2025.11.07,17:00,17:15,Erhardt,29,16,45
2025.11.07,17:15,17:30,Erhardt,30,22,52
2025.11.07,17:30,17:45,Erhardt,41,16,57
2025.11.07,17:45,18:00,Erhardt,20,22,42
2025.11.07,18:00,18:15,Erhardt,19,26,45
2025.11.07,18:15,18:30,Erhardt,37,15,52
2025.11.07,18:30,18:45,Erhardt,43,26,69
2025.11.07,18:45,19:00,Erhardt,32,21,53
2025.11.07,19:00,19:15,Erhardt,29,19,48
2025.11.07,19:15,19:30,Erhardt,26,15,41
2025.11.07,19:30,19:45,Erhardt,22,21,43
2025.11.07,19:45,20:00,Erhardt,16,19,35
2025.11.07,20:00,20:15,Erhardt,16,13,29
2025.11.07,20:15,20:30,Erhardt,18,14,32
2025.11.07,20:30,20:45,Erhardt,17,9,26
2025.11.07,20:45,21:00,Erhardt,11,9,20
2025.11.07,21:00,21:15,Erhardt,7,6,13
2025.11.07,21:15,21:30,Erhardt,10,8,18
2025.11.07,21:30,21:45,Erhardt,5,10,15
2025.11.07,21:45,22:00,Erhardt,8,7,15
2025.11.07,22:00,22:15,Erhardt,9,4,13
2025.11.07,22:15,22:30,Erhardt,6,12,18
2025.11.07,22:30,22:45,Erhardt,13,14,27
2025.11.07,22:45,23:00,Erhardt,6,6,12
2025.11.07,23:00,23:15,Erhardt,20,4,24
2025.11.07,23:15,23:30,Erhardt,8,8,16
2025.11.07,23:30,23:45,Erhardt,3,2,5
2025.11.07,23:45,00:00,Erhardt,3,7,10
2025.11.08,00:00,00:15,Erhardt,2,4,6
2025.11.08,00:15,00:30,Erhardt,2,5,7
2025.11.08,00:30,00:45,Erhardt,3,4,7
2025.11.08,00:45,01:00,Erhardt,1,2,3
2025.11.08,01:00,01:15,Erhardt,4,4,8
2025.11.08,01:15,01:30,Erhardt,1,4,5
2025.11.08,01:30,01:45,Erhardt,2,2,4
2025.11.08,01:45,02:00,Erhardt,0,2,2
2025.11.08,02:00,02:15,Erhardt,1,5,6
2025.11.08,02:15,02:30,Erhardt,1,2,3
2025.11.08,02:30,02:45,Erhardt,1,1,2
2025.11.08,02:45,03:00,Erhardt,2,2,4
2025.11.08,03:00,03:15,Erhardt,1,1,2
2025.11.08,03:15,03:30,Erhardt,0,1,1
2025.11.08,03:30,03:45,Erhardt,1,1,2
2025.11.08,03:45,04:00,Erhardt,2,3,5
2025.11.08,04:00,04:15,Erhardt,0,0,0
2025.11.08,04:15,04:30,Erhardt,0,0,0
2025.11.08,04:30,04:45,Erhardt,0,0,0
2025.11.08,04:45,05:00,Erhardt,0,2,2
2025.11.08,05:00,05:15,Erhardt,1,0,1
2025.11.08,05:15,05:30,Erhardt,0,0,0
2025.11.08,05:30,05:45,Erhardt,1,1,2
2025.11.08,05:45,06:00,Erhardt,0,4,4
2025.11.08,06:00,06:15,Erhardt,2,1,3
2025.11.08,06:15,06:30,Erhardt,0,2,2
2025.11.08,06:30,06:45,Erhardt,0,1,1
2025.11.08,06:45,07:00,Erhardt,2,1,3
2025.11.08,07:00,07:15,Erhardt,1,3,4
2025.11.08,07:15,07:30,Erhardt,0,4,4
2025.11.08,07:30,07:45,Erhardt,1,7,8
2025.11.08,07:45,08:00,Erhardt,7,2,9
2025.11.08,08:00,08:15,Erhardt,2,5,7
2025.11.08,08:15,08:30,Erhardt,12,2,14
2025.11.08,08:30,08:45,Erhardt,7,5,12
2025.11.08,08:45,09:00,Erhardt,11,8,19
2025.11.08,09:00,09:15,Erhardt,8,3,11
2025.11.08,09:15,09:30,Erhardt,9,14,23
2025.11.08,09:30,09:45,Erhardt,12,7,19
2025.11.08,09:45,10:00,Erhardt,15,9,24
2025.11.08,10:00,10:15,Erhardt,15,18,33
2025.11.08,10:15,10:30,Erhardt,14,12,26
2025.11.08,10:30,10:45,Erhardt,18,12,30
2025.11.08,10:45,11:00,Erhardt,20,24,44
2025.11.08,11:00,11:15,Erhardt,20,13,33
2025.11.08,11:15,11:30,Erhardt,11,26,37
2025.11.08,11:30,11:45,Erhardt,11,24,35
2025.11.08,11:45,12:00,Erhardt,14,12,26
2025.11.08,12:00,12:15,Erhardt,23,17,40
2025.11.08,12:15,12:30,Erhardt,15,19,34
2025.11.08,12:30,12:45,Erhardt,21,24,45
2025.11.08,12:45,13:00,Erhardt,16,16,32
2025.11.08,13:00,13:15,Erhardt,16,18,34
2025.11.08,13:15,13:30,Erhardt,12,24,36
2025.11.08,13:30,13:45,Erhardt,21,12,33
2025.11.08,13:45,14:00,Erhardt,11,32,43
2025.11.08,14:00,14:15,Erhardt,16,14,30
2025.11.08,14:15,14:30,Erhardt,32,21,53
2025.11.08,14:30,14:45,Erhardt,22,12,34
2025.11.08,14:45,15:00,Erhardt,19,18,37
2025.11.08,15:00,15:15,Erhardt,20,20,40
2025.11.08,15:15,15:30,Erhardt,25,11,36
2025.11.08,15:30,15:45,Erhardt,17,24,41
2025.11.08,15:45,16:00,Erhardt,24,21,45
2025.11.08,16:00,16:15,Erhardt,10,29,39
2025.11.08,16:15,16:30,Erhardt,16,29,45
2025.11.08,16:30,16:45,Erhardt,15,7,22
2025.11.08,16:45,17:00,Erhardt,13,20,33
2025.11.08,17:00,17:15,Erhardt,19,16,35
2025.11.08,17:15,17:30,Erhardt,24,13,37
2025.11.08,17:30,17:45,Erhardt,18,13,31
2025.11.08,17:45,18:00,Erhardt,12,19,31
2025.11.08,18:00,18:15,Erhardt,15,11,26
2025.11.08,18:15,18:30,Erhardt,15,19,34
2025.11.08,18:30,18:45,Erhardt,13,22,35
2025.11.08,18:45,19:00,Erhardt,15,19,34
2025.11.08,19:00,19:15,Erhardt,11,18,29
2025.11.08,19:15,19:30,Erhardt,13,9,22
2025.11.08,19:30,19:45,Erhardt,20,18,38
2025.11.08,19:45,20:00,Erhardt,13,18,31
2025.11.08,20:00,20:15,Erhardt,18,5,23
2025.11.08,20:15,20:30,Erhardt,7,9,16
2025.11.08,20:30,20:45,Erhardt,11,6,17
2025.11.08,20:45,21:00,Erhardt,16,9,25
2025.11.08,21:00,21:15,Erhardt,7,5,12
2025.11.08,21:15,21:30,Erhardt,6,7,13
2025.11.08,21:30,21:45,Erhardt,11,5,16
2025.11.08,21:45,22:00,Erhardt,6,7,13
2025.11.08,22:00,22:15,Erhardt,15,8,23
2025.11.08,22:15,22:30,Erhardt,14,5,19
2025.11.08,22:30,22:45,Erhardt,5,6,11
2025.11.08,22:45,23:00,Erhardt,13,6,19
2025.11.08,23:00,23:15,Erhardt,7,1,8
2025.11.08,23:15,23:30,Erhardt,6,2,8
2025.11.08,23:30,23:45,Erhardt,8,8,16
2025.11.08,23:45,00:00,Erhardt,6,1,7
2025.11.09,00:00,00:15,Erhardt,6,7,13
2025.11.09,00:15,00:30,Erhardt,3,3,6
2025.11.09,00:30,00:45,Erhardt,5,10,15
2025.11.09,00:45,01:00,Erhardt,10,6,16
2025.11.09,01:00,01:15,Erhardt,2,6,8
2025.11.09,01:15,01:30,Erhardt,3,5,8
2025.11.09,01:30,01:45,Erhardt,8,8,16
2025.11.09,01:45,02:00,Erhardt,0,0,0
2025.11.09,02:00,02:15,Erhardt,3,4,7
2025.11.09,02:15,02:30,Erhardt,1,2,3
2025.11.09,02:30,02:45,Erhardt,0,3,3
2025.11.09,02:45,03:00,Erhardt,5,2,7
2025.11.09,03:00,03:15,Erhardt,1,2,3
2025.11.09,03:15,03:30,Erhardt,1,1,2
2025.11.09,03:30,03:45,Erhardt,2,1,3
2025.11.09,03:45,04:00,Erhardt,0,1,1
2025.11.09,04:00,04:15,Erhardt,0,2,2
2025.11.09,04:15,04:30,Erhardt,0,2,2
2025.11.09,04:30,04:45,Erhardt,4,1,5
2025.11.09,04:45,05:00,Erhardt,1,0,1
2025.11.09,05:00,05:15,Erhardt,0,0,0
2025.11.09,05:15,05:30,Erhardt,0,3,3
2025.11.09,05:30,05:45,Erhardt,1,0,1
2025.11.09,05:45,06:00,Erhardt,1,1,2
2025.11.09,06:00,06:15,Erhardt,0,0,0
2025.11.09,06:15,06:30,Erhardt,0,1,1
2025.11.09,06:30,06:45,Erhardt,0,0,0
2025.11.09,06:45,07:00,Erhardt,0,1,1
2025.11.09,07:00,07:15,Erhardt,0,2,2
2025.11.09,07:15,07:30,Erhardt,0,1,1
2025.11.09,07:30,07:45,Erhardt,3,4,7
2025.11.09,07:45,08:00,Erhardt,3,0,3
2025.11.09,08:00,08:15,Erhardt,4,2,6
2025.11.09,08:15,08:30,Erhardt,4,2,6
2025.11.09,08:30,08:45,Erhardt,3,2,5
2025.11.09,08:45,09:00,Erhardt,8,4,12
2025.11.09,09:00,09:15,Erhardt,3,11,14
2025.11.09,09:15,09:30,Erhardt,9,5,14
2025.11.09,09:30,09:45,Erhardt,18,7,25
2025.11.09,09:45,10:00,Erhardt,11,5,16
2025.11.09,10:00,10:15,Erhardt,11,8,19
2025.11.09,10:15,10:30,Erhardt,10,14,24
2025.11.09,10:30,10:45,Erhardt,11,15,26
2025.11.09,10:45,11:00,Erhardt,8,16,24
2025.11.09,11:00,11:15,Erhardt,12,16,28
2025.11.09,11:15,11:30,Erhardt,13,3,16
2025.11.09,11:30,11:45,Erhardt,10,9,19
2025.11.09,11:45,12:00,Erhardt,4,13,17
2025.11.09,12:00,12:15,Erhardt,2,8,10
2025.11.09,12:15,12:30,Erhardt,8,3,11
2025.11.09,12:30,12:45,Erhardt,15,16,31
2025.11.09,12:45,13:00,Erhardt,13,16,29
2025.11.09,13:00,13:15,Erhardt,13,16,29
2025.11.09,13:15,13:30,Erhardt,15,17,32
2025.11.09,13:30,13:45,Erhardt,13,25,38
2025.11.09,13:45,14:00,Erhardt,22,16,38
2025.11.09,14:00,14:15,Erhardt,17,14,31
2025.11.09,14:15,14:30,Erhardt,23,15,38
2025.11.09,14:30,14:45,Erhardt,26,14,40
2025.11.09,14:45,15:00,Erhardt,10,20,30
2025.11.09,15:00,15:15,Erhardt,20,22,42
2025.11.09,15:15,15:30,Erhardt,25,9,34
2025.11.09,15:30,15:45,Erhardt,14,15,29
2025.11.09,15:45,16:00,Erhardt,12,15,27
2025.11.09,16:00,16:15,Erhardt,12,6,18
2025.11.09,16:15,16:30,Erhardt,21,24,45
2025.11.09,16:30,16:45,Erhardt,16,17,33
2025.11.09,16:45,17:00,Erhardt,14,9,23
2025.11.09,17:00,17:15,Erhardt,18,8,26
2025.11.09,17:15,17:30,Erhardt,17,7,24
2025.11.09,17:30,17:45,Erhardt,14,9,23
2025.11.09,17:45,18:00,Erhardt,15,14,29
2025.11.09,18:00,18:15,Erhardt,14,11,25
2025.11.09,18:15,18:30,Erhardt,11,6,17
2025.11.09,18:30,18:45,Erhardt,10,5,15
2025.11.09,18:45,19:00,Erhardt,12,6,18
2025.11.09,19:00,19:15,Erhardt,10,3,13
2025.11.09,19:15,19:30,Erhardt,6,8,14
2025.11.09,19:30,19:45,Erhardt,4,11,15
2025.11.09,19:45,20:00,Erhardt,4,12,16
2025.11.09,20:00,20:15,Erhardt,8,11,19
2025.11.09,20:15,20:30,Erhardt,4,2,6
2025.11.09,20:30,20:45,Erhardt,12,0,12
2025.11.09,20:45,21:00,Erhardt,10,7,17
2025.11.09,21:00,21:15,Erhardt,4,7,11
2025.11.09,21:15,21:30,Erhardt,3,8,11
2025.11.09,21:30,21:45,Erhardt,3,2,5
2025.11.09,21:45,22:00,Erhardt,2,1,3
2025.11.09,22:00,22:15,Erhardt,6,4,10
2025.11.09,22:15,22:30,Erhardt,3,1,4
2025.11.09,22:30,22:45,Erhardt,5,3,8
2025.11.09,22:45,23:00,Erhardt,3,2,5
2025.11.09,23:00,23:15,Erhardt,3,3,6
2025.11.09,23:15,23:30,Erhardt,4,1,5
2025.11.09,23:30,23:45,Erhardt,0,1,1
2025.11.09,23:45,00:00,Erhardt,1,1,2
2025.11.10,00:00,00:15,Erhardt,1,1,2
2025.11.10,00:15,00:30,Erhardt,1,0,1
2025.11.10,00:30,00:45,Erhardt,0,2,2
2025.11.10,00:45,01:00,Erhardt,0,1,1
2025.11.10,01:00,01:15,Erhardt,1,0,1
2025.11.10,01:15,01:30,Erhardt,1,0,1
2025.11.10,01:30,01:45,Erhardt,0,0,0
2025.11.10,01:45,02:00,Erhardt,0,0,0
2025.11.10,02:00,02:15,Erhardt,0,1,1
2025.11.10,02:15,02:30,Erhardt,0,0,0
2025.11.10,02:30,02:45,Erhardt,0,0,0
2025.11.10,02:45,03:00,Erhardt,0,0,0
2025.11.10,03:00,03:15,Erhardt,0,0,0
2025.11.10,03:15,03:30,Erhardt,0,0,0
2025.11.10,03:30,03:45,Erhardt,0,0,0
2025.11.10,03:45,04:00,Erhardt,0,0,0
2025.11.10,04:00,04:15,Erhardt,0,0,0
2025.11.10,04:15,04:30,Erhardt,0,2,2
2025.11.10,04:30,04:45,Erhardt,0,0,0
2025.11.10,04:45,05:00,Erhardt,4,1,5
2025.11.10,05:00,05:15,Erhardt,1,1,2
2025.11.10,05:15,05:30,Erhardt,0,1,1
2025.11.10,05:30,05:45,Erhardt,6,3,9
2025.11.10,05:45,06:00,Erhardt,6,5,11
2025.11.10,06:00,06:15,Erhardt,8,7,15
2025.11.10,06:15,06:30,Erhardt,6,7,13
2025.11.10,06:30,06:45,Erhardt,11,11,22
2025.11.10,06:45,07:00,Erhardt,8,11,19
2025.11.10,07:00,07:15,Erhardt,20,16,36
2025.11.10,07:15,07:30,Erhardt,21,30,51
2025.11.10,07:30,07:45,Erhardt,41,41,82
2025.11.10,07:45,08:00,Erhardt,60,53,113
2025.11.10,08:00,08:15,Erhardt,55,41,96
2025.11.10,08:15,08:30,Erhardt,51,62,113
2025.11.10,08:30,08:45,Erhardt,50,51,101
2025.11.10,08:45,09:00,Erhardt,62,63,125
2025.11.10,09:00,09:15,Erhardt,47,38,85
2025.11.10,09:15,09:30,Erhardt,30,23,53
2025.11.10,09:30,09:45,Erhardt,18,31,49
2025.11.10,09:45,10:00,Erhardt,21,20,41
2025.11.10,10:00,10:15,Erhardt,17,26,43
2025.11.10,10:15,10:30,Erhardt,20,24,44
2025.11.10,10:30,10:45,Erhardt,14,19,33
2025.11.10,10:45,11:00,Erhardt,19,19,38
2025.11.10,11:00,11:15,Erhardt,16,16,32
2025.11.10,11:15,11:30,Erhardt,18,17,35
2025.11.10,11:30,11:45,Erhardt,29,19,48
2025.11.10,11:45,12:00,Erhardt,20,18,38
2025.11.10,12:00,12:15,Erhardt,20,17,37
2025.11.10,12:15,12:30,Erhardt,18,19,37
2025.11.10,12:30,12:45,Erhardt,16,15,31
2025.11.10,12:45,13:00,Erhardt,22,20,42
2025.11.10,13:00,13:15,Erhardt,16,22,38
2025.11.10,13:15,13:30,Erhardt,26,25,51
2025.11.10,13:30,13:45,Erhardt,16,25,41
2025.11.10,13:45,14:00,Erhardt,37,22,59
2025.11.10,14:00,14:15,Erhardt,24,20,44
2025.11.10,14:15,14:30,Erhardt,34,19,53
2025.11.10,14:30,14:45,Erhardt,23,22,45
2025.11.10,14:45,15:00,Erhardt,26,18,44
2025.11.10,15:00,15:15,Erhardt,31,32,63
2025.11.10,15:15,15:30,Erhardt,46,17,63
2025.11.10,15:30,15:45,Erhardt,41,36,77
2025.11.10,15:45,16:00,Erhardt,38,30,68
2025.11.10,16:00,16:15,Erhardt,45,31,76
2025.11.10,16:15,16:30,Erhardt,40,29,69
2025.11.10,16:30,16:45,Erhardt,39,32,71
2025.11.10,16:45,17:00,Erhardt,54,41,95
2025.11.10,17:00,17:15,Erhardt,38,36,74
2025.11.10,17:15,17:30,Erhardt,61,35,96
2025.11.10,17:30,17:45,Erhardt,48,42,90
2025.11.10,17:45,18:00,Erhardt,52,41,93
2025.11.10,18:00,18:15,Erhardt,50,35,85
2025.11.10,18:15,18:30,Erhardt,70,35,105
2025.11.10,18:30,18:45,Erhardt,47,40,87
2025.11.10,18:45,19:00,Erhardt,54,17,71
2025.11.10,19:00,19:15,Erhardt,50,22,72
2025.11.10,19:15,19:30,Erhardt,38,29,67
2025.11.10,19:30,19:45,Erhardt,41,25,66
2025.11.10,19:45,20:00,Erhardt,23,13,36
2025.11.10,20:00,20:15,Erhardt,24,21,45
2025.11.10,20:15,20:30,Erhardt,15,17,32
2025.11.10,20:30,20:45,Erhardt,16,5,21
2025.11.10,20:45,21:00,Erhardt,13,8,21
2025.11.10,21:00,21:15,Erhardt,18,11,29
2025.11.10,21:15,21:30,Erhardt,16,7,23
2025.11.10,21:30,21:45,Erhardt,18,8,26
2025.11.10,21:45,22:00,Erhardt,19,9,28
2025.11.10,22:00,22:15,Erhardt,16,13,29
2025.11.10,22:15,22:30,Erhardt,11,9,20
2025.11.10,22:30,22:45,Erhardt,11,6,17
2025.11.10,22:45,23:00,Erhardt,13,8,21
2025.11.10,23:00,23:15,Erhardt,5,9,14
2025.11.10,23:15,23:30,Erhardt,12,4,16
2025.11.10,23:30,23:45,Erhardt,3,1,4
2025.11.10,23:45,00:00,Erhardt,7,1,8
2025.11.11,00:00,00:15,Erhardt,2,3,5
2025.11.11,00:15,00:30,Erhardt,2,0,2
2025.11.11,00:30,00:45,Erhardt,1,0,1
2025.11.11,00:45,01:00,Erhardt,1,1,2
2025.11.11,01:00,01:15,Erhardt,0,0,0
2025.11.11,01:15,01:30,Erhardt,0,1,1
2025.11.11,01:30,01:45,Erhardt,0,0,0
2025.11.11,01:45,02:00,Erhardt,0,0,0
2025.11.11,02:00,02:15,Erhardt,0,0,0
2025.11.11,02:15,02:30,Erhardt,2,0,2
2025.11.11,02:30,02:45,Erhardt,0,0,0
2025.11.11,02:45,03:00,Erhardt,0,0,0
2025.11.11,03:00,03:15,Erhardt,0,1,1
2025.11.11,03:15,03:30,Erhardt,0,0,0
2025.11.11,03:30,03:45,Erhardt,0,0,0
2025.11.11,03:45,04:00,Erhardt,1,0,1
2025.11.11,04:00,04:15,Erhardt,0,1,1
2025.11.11,04:15,04:30,Erhardt,0,0,0
2025.11.11,04:30,04:45,Erhardt,0,1,1
2025.11.11,04:45,05:00,Erhardt,1,2,3
2025.11.11,05:00,05:15,Erhardt,2,0,2
2025.11.11,05:15,05:30,Erhardt,2,4,6
2025.11.11,05:30,05:45,Erhardt,3,5,8
2025.11.11,05:45,06:00,Erhardt,8,7,15
2025.11.11,06:00,06:15,Erhardt,7,5,12
2025.11.11,06:15,06:30,Erhardt,7,5,12
2025.11.11,06:30,06:45,Erhardt,11,10,21
2025.11.11,06:45,07:00,Erhardt,14,20,34
2025.11.11,07:00,07:15,Erhardt,28,22,50
2025.11.11,07:15,07:30,Erhardt,20,27,47
2025.11.11,07:30,07:45,Erhardt,59,31,90
2025.11.11,07:45,08:00,Erhardt,65,58,123
2025.11.11,08:00,08:15,Erhardt,63,60,123
2025.11.11,08:15,08:30,Erhardt,63,53,116
2025.11.11,08:30,08:45,Erhardt,68,47,115
2025.11.11,08:45,09:00,Erhardt,73,44,117
2025.11.11,09:00,09:15,Erhardt,44,39,83
2025.11.11,09:15,09:30,Erhardt,34,34,68
2025.11.11,09:30,09:45,Erhardt,20,34,54
2025.11.11,09:45,10:00,Erhardt,34,20,54
2025.11.11,10:00,10:15,Erhardt,15,24,39
2025.11.11,10:15,10:30,Erhardt,13,25,38
2025.11.11,10:30,10:45,Erhardt,18,15,33
2025.11.11,10:45,11:00,Erhardt,16,21,37
2025.11.11,11:00,11:15,Erhardt,9,16,25
2025.11.11,11:15,11:30,Erhardt,13,23,36
2025.11.11,11:30,11:45,Erhardt,18,20,38
2025.11.11,11:45,12:00,Erhardt,26,17,43
2025.11.11,12:00,12:15,Erhardt,23,19,42
2025.11.11,12:15,12:30,Erhardt,16,19,35
2025.11.11,12:30,12:45,Erhardt,18,15,33
2025.11.11,12:45,13:00,Erhardt,19,25,44
2025.11.11,13:00,13:15,Erhardt,24,20,44
2025.11.11,13:15,13:30,Erhardt,34,21,55
2025.11.11,13:30,13:45,Erhardt,36,31,67
2025.11.11,13:45,14:00,Erhardt,27,26,53
2025.11.11,14:00,14:15,Erhardt,41,26,67
2025.11.11,14:15,14:30,Erhardt,34,19,53
2025.11.11,14:30,14:45,Erhardt,25,35,60
2025.11.11,14:45,15:00,Erhardt,34,23,57
2025.11.11,15:00,15:15,Erhardt,27,19,46
2025.11.11,15:15,15:30,Erhardt,20,25,45
2025.11.11,15:30,15:45,Erhardt,43,24,67
2025.11.11,15:45,16:00,Erhardt,54,27,81
2025.11.11,16:00,16:15,Erhardt,58,41,99
2025.11.11,16:15,16:30,Erhardt,65,26,91
2025.11.11,16:30,16:45,Erhardt,47,27,74
2025.11.11,16:45,17:00,Erhardt,72,22,94
2025.11.11,17:00,17:15,Erhardt,60,35,95
2025.11.11,17:15,17:30,Erhardt,50,37,87
2025.11.11,17:30,17:45,Erhardt,57,43,100
2025.11.11,17:45,18:00,Erhardt,62,39,101
2025.11.11,18:00,18:15,Erhardt,77,44,121
2025.11.11,18:15,18:30,Erhardt,70,49,119
2025.11.11,18:30,18:45,Erhardt,63,43,106
2025.11.11,18:45,19:00,Erhardt,53,39,92
2025.11.11,19:00,19:15,Erhardt,46,28,74
2025.11.11,19:15,19:30,Erhardt,45,35,80
2025.11.11,19:30,19:45,Erhardt,24,25,49
2025.11.11,19:45,20:00,Erhardt,24,17,41
2025.11.11,20:00,20:15,Erhardt,21,16,37
2025.11.11,20:15,20:30,Erhardt,24,14,38
2025.11.11,20:30,20:45,Erhardt,23,11,34
2025.11.11,20:45,21:00,Erhardt,23,9,32
2025.11.11,21:00,21:15,Erhardt,18,18,36
2025.11.11,21:15,21:30,Erhardt,22,11,33
2025.11.11,21:30,21:45,Erhardt,17,13,30
2025.11.11,21:45,22:00,Erhardt,16,9,25
2025.11.11,22:00,22:15,Erhardt,24,9,33
2025.11.11,22:15,22:30,Erhardt,21,15,36
2025.11.11,22:30,22:45,Erhardt,20,8,28
2025.11.11,22:45,23:00,Erhardt,14,11,25
2025.11.11,23:00,23:15,Erhardt,18,17,35
2025.11.11,23:15,23:30,Erhardt,7,6,13
2025.11.11,23:30,23:45,Erhardt,3,1,4
2025.11.11,23:45,00:00,Erhardt,4,4,8
2025.11.12,00:00,00:15,Erhardt,8,6,14
2025.11.12,00:15,00:30,Erhardt,0,1,1
2025.11.12,00:30,00:45,Erhardt,1,1,2
2025.11.12,00:45,01:00,Erhardt,2,0,2
2025.11.12,01:00,01:15,Erhardt,0,2,2
2025.11.12,01:15,01:30,Erhardt,0,1,1
2025.11.12,01:30,01:45,Erhardt,0,0,0
2025.11.12,01:45,02:00,Erhardt,0,0,0
2025.11.12,02:00,02:15,Erhardt,0,0,0
2025.11.12,02:15,02:30,Erhardt,0,0,0
2025.11.12,02:30,02:45,Erhardt,0,0,0
2025.11.12,02:45,03:00,Erhardt,0,0,0
2025.11.12,03:00,03:15,Erhardt,1,0,1
2025.11.12,03:15,03:30,Erhardt,1,0,1
2025.11.12,03:30,03:45,Erhardt,0,0,0
2025.11.12,03:45,04:00,Erhardt,0,0,0
2025.11.12,04:00,04:15,Erhardt,0,1,1
2025.11.12,04:15,04:30,Erhardt,0,0,0
2025.11.12,04:30,04:45,Erhardt,0,3,3
2025.11.12,04:45,05:00,Erhardt,1,1,2
2025.11.12,05:00,05:15,Erhardt,0,2,2
2025.11.12,05:15,05:30,Erhardt,0,4,4
2025.11.12,05:30,05:45,Erhardt,6,3,9
2025.11.12,05:45,06:00,Erhardt,10,5,15
2025.11.12,06:00,06:15,Erhardt,9,5,14
2025.11.12,06:15,06:30,Erhardt,12,7,19
2025.11.12,06:30,06:45,Erhardt,10,17,27
2025.11.12,06:45,07:00,Erhardt,11,19,30
2025.11.12,07:00,07:15,Erhardt,29,23,52
2025.11.12,07:15,07:30,Erhardt,30,29,59
2025.11.12,07:30,07:45,Erhardt,56,35,91
2025.11.12,07:45,08:00,Erhardt,71,50,121
2025.11.12,08:00,08:15,Erhardt,56,40,96
2025.11.12,08:15,08:30,Erhardt,76,61,137
2025.11.12,08:30,08:45,Erhardt,67,86,153
2025.11.12,08:45,09:00,Erhardt,74,61,135
2025.11.12,09:00,09:15,Erhardt,58,44,102
2025.11.12,09:15,09:30,Erhardt,31,49,80
2025.11.12,09:30,09:45,Erhardt,29,33,62
2025.11.12,09:45,10:00,Erhardt,35,26,61
2025.11.12,10:00,10:15,Erhardt,25,33,58
2025.11.12,10:15,10:30,Erhardt,30,25,55
2025.11.12,10:30,10:45,Erhardt,15,22,37
2025.11.12,10:45,11:00,Erhardt,22,16,38
2025.11.12,11:00,11:15,Erhardt,17,26,43
2025.11.12,11:15,11:30,Erhardt,15,20,35
2025.11.12,11:30,11:45,Erhardt,28,19,47
2025.11.12,11:45,12:00,Erhardt,19,23,42
2025.11.12,12:00,12:15,Erhardt,20,28,48
2025.11.12,12:15,12:30,Erhardt,22,19,41
2025.11.12,12:30,12:45,Erhardt,26,18,44
2025.11.12,12:45,13:00,Erhardt,22,23,45
2025.11.12,13:00,13:15,Erhardt,21,20,41
2025.11.12,13:15,13:30,Erhardt,45,35,80
2025.11.12,13:30,13:45,Erhardt,23,24,47
2025.11.12,13:45,14:00,Erhardt,39,31,70
2025.11.12,14:00,14:15,Erhardt,31,18,49
2025.11.12,14:15,14:30,Erhardt,28,23,51
2025.11.12,14:30,14:45,Erhardt,44,29,73
2025.11.12,14:45,15:00,Erhardt,36,41,77
2025.11.12,15:00,15:15,Erhardt,30,25,55
2025.11.12,15:15,15:30,Erhardt,48,28,76
2025.11.12,15:30,15:45,Erhardt,46,34,80
2025.11.12,15:45,16:00,Erhardt,41,21,62
2025.11.12,16:00,16:15,Erhardt,53,30,83
2025.11.12,16:15,16:30,Erhardt,62,33,95
2025.11.12,16:30,16:45,Erhardt,69,32,101
2025.11.12,16:45,17:00,Erhardt,59,49,108
2025.11.12,17:00,17:15,Erhardt,54,36,90
2025.11.12,17:15,17:30,Erhardt,49,39,88
2025.11.12,17:30,17:45,Erhardt,55,49,104
2025.11.12,17:45,18:00,Erhardt,61,37,98
2025.11.12,18:00,18:15,Erhardt,72,29,101
2025.11.12,18:15,18:30,Erhardt,75,46,121
2025.11.12,18:30,18:45,Erhardt,78,43,121
2025.11.12,18:45,19:00,Erhardt,54,41,95
2025.11.12,19:00,19:15,Erhardt,38,30,68
2025.11.12,19:15,19:30,Erhardt,52,21,73
2025.11.12,19:30,19:45,Erhardt,31,37,68
2025.11.12,19:45,20:00,Erhardt,36,22,58
2025.11.12,20:00,20:15,Erhardt,11,24,35
2025.11.12,20:15,20:30,Erhardt,22,17,39
2025.11.12,20:30,20:45,Erhardt,20,13,33
2025.11.12,20:45,21:00,Erhardt,27,21,48
2025.11.12,21:00,21:15,Erhardt,23,21,44
2025.11.12,21:15,21:30,Erhardt,14,9,23
2025.11.12,21:30,21:45,Erhardt,14,16,30
2025.11.12,21:45,22:00,Erhardt,22,18,40
2025.11.12,22:00,22:15,Erhardt,15,9,24
2025.11.12,22:15,22:30,Erhardt,16,10,26
2025.11.12,22:30,22:45,Erhardt,19,10,29
2025.11.12,22:45,23:00,Erhardt,9,7,16
2025.11.12,23:00,23:15,Erhardt,12,3,15
2025.11.12,23:15,23:30,Erhardt,15,6,21
2025.11.12,23:30,23:45,Erhardt,6,7,13
2025.11.12,23:45,00:00,Erhardt,8,3,11
2025.11.13,00:00,00:15,Erhardt,6,3,9
2025.11.13,00:15,00:30,Erhardt,6,3,9
2025.11.13,00:30,00:45,Erhardt,3,0,3
2025.11.13,00:45,01:00,Erhardt,4,1,5
2025.11.13,01:00,01:15,Erhardt,5,0,5
2025.11.13,01:15,01:30,Erhardt,2,0,2
2025.11.13,01:30,01:45,Erhardt,3,0,3
2025.11.13,01:45,02:00,Erhardt,3,0,3
2025.11.13,02:00,02:15,Erhardt,0,0,0
2025.11.13,02:15,02:30,Erhardt,0,0,0
2025.11.13,02:30,02:45,Erhardt,1,0,1
2025.11.13,02:45,03:00,Erhardt,0,1,1
2025.11.13,03:00,03:15,Erhardt,0,0,0
2025.11.13,03:15,03:30,Erhardt,1,0,1
2025.11.13,03:30,03:45,Erhardt,0,0,0
2025.11.13,03:45,04:00,Erhardt,1,0,1
2025.11.13,04:00,04:15,Erhardt,0,0,0
2025.11.13,04:15,04:30,Erhardt,0,0,0
2025.11.13,04:30,04:45,Erhardt,0,2,2
2025.11.13,04:45,05:00,Erhardt,1,0,1
2025.11.13,05:00,05:15,Erhardt,1,1,2
2025.11.13,05:15,05:30,Erhardt,0,2,2
2025.11.13,05:30,05:45,Erhardt,9,1,10
2025.11.13,05:45,06:00,Erhardt,4,4,8
2025.11.13,06:00,06:15,Erhardt,3,3,6
2025.11.13,06:15,06:30,Erhardt,13,6,19
2025.11.13,06:30,06:45,Erhardt,14,11,25
2025.11.13,06:45,07:00,Erhardt,15,14,29
2025.11.13,07:00,07:15,Erhardt,24,20,44
2025.11.13,07:15,07:30,Erhardt,29,25,54
2025.11.13,07:30,07:45,Erhardt,44,42,86
2025.11.13,07:45,08:00,Erhardt,65,58,123
2025.11.13,08:00,08:15,Erhardt,68,59,127
2025.11.13,08:15,08:30,Erhardt,56,74,130
2025.11.13,08:30,08:45,Erhardt,75,70,145
2025.11.13,08:45,09:00,Erhardt,58,65,123
2025.11.13,09:00,09:15,Erhardt,46,56,102
2025.11.13,09:15,09:30,Erhardt,29,33,62
2025.11.13,09:30,09:45,Erhardt,41,24,65
2025.11.13,09:45,10:00,Erhardt,26,26,52
2025.11.13,10:00,10:15,Erhardt,28,27,55
2025.11.13,10:15,10:30,Erhardt,23,30,53
2025.11.13,10:30,10:45,Erhardt,28,15,43
2025.11.13,10:45,11:00,Erhardt,33,29,62
2025.11.13,11:00,11:15,Erhardt,20,14,34
2025.11.13,11:15,11:30,Erhardt,18,26,44
2025.11.13,11:30,11:45,Erhardt,28,16,44
2025.11.13,11:45,12:00,Erhardt,28,24,52
2025.11.13,12:00,12:15,Erhardt,31,25,56
2025.11.13,12:15,12:30,Erhardt,34,26,60
2025.11.13,12:30,12:45,Erhardt,24,38,62
2025.11.13,12:45,13:00,Erhardt,18,16,34
2025.11.13,13:00,13:15,Erhardt,24,23,47
2025.11.13,13:15,13:30,Erhardt,35,41,76
2025.11.13,13:30,13:45,Erhardt,26,28,54
2025.11.13,13:45,14:00,Erhardt,39,39,78
2025.11.13,14:00,14:15,Erhardt,37,26,63
2025.11.13,14:15,14:30,Erhardt,37,39,76
2025.11.13,14:30,14:45,Erhardt,38,43,81
2025.11.13,14:45,15:00,Erhardt,48,34,82
2025.11.13,15:00,15:15,Erhardt,41,33,74
2025.11.13,15:15,15:30,Erhardt,35,27,62
2025.11.13,15:30,15:45,Erhardt,34,35,69
2025.11.13,15:45,16:00,Erhardt,54,39,93
2025.11.13,16:00,16:15,Erhardt,52,41,93
2025.11.13,16:15,16:30,Erhardt,64,41,105
2025.11.13,16:30,16:45,Erhardt,52,29,81
2025.11.13,16:45,17:00,Erhardt,61,41,102
2025.11.13,17:00,17:15,Erhardt,69,35,104
2025.11.13,17:15,17:30,Erhardt,74,42,116
2025.11.13,17:30,17:45,Erhardt,54,33,87
2025.11.13,17:45,18:00,Erhardt,79,52,131
2025.11.13,18:00,18:15,Erhardt,85,38,123
2025.11.13,18:15,18:30,Erhardt,65,35,100
2025.11.13,18:30,18:45,Erhardt,78,38,116
2025.11.13,18:45,19:00,Erhardt,62,38,100
2025.11.13,19:00,19:15,Erhardt,48,28,76
2025.11.13,19:15,19:30,Erhardt,49,27,76
2025.11.13,19:30,19:45,Erhardt,31,30,61
2025.11.13,19:45,20:00,Erhardt,30,16,46
2025.11.13,20:00,20:15,Erhardt,35,16,51
2025.11.13,20:15,20:30,Erhardt,22,21,43
2025.11.13,20:30,20:45,Erhardt,22,16,38
2025.11.13,20:45,21:00,Erhardt,18,16,34
2025.11.13,21:00,21:15,Erhardt,21,15,36
2025.11.13,21:15,21:30,Erhardt,15,15,30
2025.11.13,21:30,21:45,Erhardt,23,16,39
2025.11.13,21:45,22:00,Erhardt,22,13,35
2025.11.13,22:00,22:15,Erhardt,23,14,37
2025.11.13,22:15,22:30,Erhardt,17,19,36
2025.11.13,22:30,22:45,Erhardt,21,12,33
2025.11.13,22:45,23:00,Erhardt,11,9,20
2025.11.13,23:00,23:15,Erhardt,11,15,26
2025.11.13,23:15,23:30,Erhardt,9,9,18
2025.11.13,23:30,23:45,Erhardt,8,5,13
2025.11.13,23:45,00:00,Erhardt,7,8,15
2025.11.14,00:00,00:15,Erhardt,9,2,11
2025.11.14,00:15,00:30,Erhardt,6,3,9
2025.11.14,00:30,00:45,Erhardt,3,0,3
2025.11.14,00:45,01:00,Erhardt,3,5,8
2025.11.14,01:00,01:15,Erhardt,2,1,3
2025.11.14,01:15,01:30,Erhardt,0,0,0
2025.11.14,01:30,01:45,Erhardt,3,2,5
2025.11.14,01:45,02:00,Erhardt,4,1,5
2025.11.14,02:00,02:15,Erhardt,1,1,2
2025.11.14,02:15,02:30,Erhardt,2,2,4
2025.11.14,02:30,02:45,Erhardt,1,0,1
2025.11.14,02:45,03:00,Erhardt,1,0,1
2025.11.14,03:00,03:15,Erhardt,0,0,0
2025.11.14,03:15,03:30,Erhardt,0,0,0
2025.11.14,03:30,03:45,Erhardt,1,0,1
2025.11.14,03:45,04:00,Erhardt,0,0,0
2025.11.14,04:00,04:15,Erhardt,0,0,0
2025.11.14,04:15,04:30,Erhardt,0,0,0
2025.11.14,04:30,04:45,Erhardt,0,1,1
2025.11.14,04:45,05:00,Erhardt,1,1,2
2025.11.14,05:00,05:15,Erhardt,0,0,0
2025.11.14,05:15,05:30,Erhardt,0,3,3
2025.11.14,05:30,05:45,Erhardt,5,7,12
2025.11.14,05:45,06:00,Erhardt,6,4,10
2025.11.14,06:00,06:15,Erhardt,9,2,11
2025.11.14,06:15,06:30,Erhardt,7,7,14
2025.11.14,06:30,06:45,Erhardt,7,5,12
2025.11.14,06:45,07:00,Erhardt,15,20,35
2025.11.14,07:00,07:15,Erhardt,10,22,32
2025.11.14,07:15,07:30,Erhardt,26,21,47
2025.11.14,07:30,07:45,Erhardt,43,31,74
2025.11.14,07:45,08:00,Erhardt,47,36,83
2025.11.14,08:00,08:15,Erhardt,49,47,96
2025.11.14,08:15,08:30,Erhardt,50,51,101
2025.11.14,08:30,08:45,Erhardt,37,38,75
2025.11.14,08:45,09:00,Erhardt,54,48,102
2025.11.14,09:00,09:15,Erhardt,41,37,78
2025.11.14,09:15,09:30,Erhardt,31,37,68
2025.11.14,09:30,09:45,Erhardt,39,31,70
2025.11.14,09:45,10:00,Erhardt,22,35,57
2025.11.14,10:00,10:15,Erhardt,22,32,54
2025.11.14,10:15,10:30,Erhardt,20,25,45
2025.11.14,10:30,10:45,Erhardt,23,27,50
2025.11.14,10:45,11:00,Erhardt,31,32,63
2025.11.14,11:00,11:15,Erhardt,32,18,50
2025.11.14,11:15,11:30,Erhardt,24,27,51
2025.11.14,11:30,11:45,Erhardt,21,28,49
2025.11.14,11:45,12:00,Erhardt,34,40,74
2025.11.14,12:00,12:15,Erhardt,32,19,51
2025.11.14,12:15,12:30,Erhardt,57,33,90
2025.11.14,12:30,12:45,Erhardt,24,44,68
2025.11.14,12:45,13:00,Erhardt,37,41,78
2025.11.14,13:00,13:15,Erhardt,31,28,59
2025.11.14,13:15,13:30,Erhardt,40,44,84
2025.11.14,13:30,13:45,Erhardt,39,41,80
2025.11.14,13:45,14:00,Erhardt,53,44,97
2025.11.14,14:00,14:15,Erhardt,39,50,89
2025.11.14,14:15,14:30,Erhardt,34,46,80
2025.11.14,14:30,14:45,Erhardt,45,50,95
2025.11.14,14:45,15:00,Erhardt,61,42,103
2025.11.14,15:00,15:15,Erhardt,44,56,100
2025.11.14,15:15,15:30,Erhardt,64,34,98
2025.11.14,15:30,15:45,Erhardt,51,40,91
2025.11.14,15:45,16:00,Erhardt,51,54,105
2025.11.14,16:00,16:15,Erhardt,62,36,98
2025.11.14,16:15,16:30,Erhardt,47,48,95
2025.11.14,16:30,16:45,Erhardt,58,32,90
2025.11.14,16:45,17:00,Erhardt,54,47,101
2025.11.14,17:00,17:15,Erhardt,49,32,81
2025.11.14,17:15,17:30,Erhardt,65,27,92
2025.11.14,17:30,17:45,Erhardt,47,23,70
2025.11.14,17:45,18:00,Erhardt,48,42,90
2025.11.14,18:00,18:15,Erhardt,42,44,86
2025.11.14,18:15,18:30,Erhardt,46,46,92
2025.11.14,18:30,18:45,Erhardt,20,28,48
2025.11.14,18:45,19:00,Erhardt,44,34,78
2025.11.14,19:00,19:15,Erhardt,31,21,52
2025.11.14,19:15,19:30,Erhardt,38,33,71
2025.11.14,19:30,19:45,Erhardt,31,27,58
2025.11.14,19:45,20:00,Erhardt,28,30,58
2025.11.14,20:00,20:15,Erhardt,22,16,38
2025.11.14,20:15,20:30,Erhardt,23,16,39
2025.11.14,20:30,20:45,Erhardt,15,16,31
2025.11.14,20:45,21:00,Erhardt,14,10,24
2025.11.14,21:00,21:15,Erhardt,17,11,28
2025.11.14,21:15,21:30,Erhardt,15,11,26
2025.11.14,21:30,21:45,Erhardt,12,15,27
2025.11.14,21:45,22:00,Erhardt,21,11,32
2025.11.14,22:00,22:15,Erhardt,12,11,23
2025.11.14,22:15,22:30,Erhardt,16,14,30
2025.11.14,22:30,22:45,Erhardt,12,8,20
2025.11.14,22:45,23:00,Erhardt,8,11,19
2025.11.14,23:00,23:15,Erhardt,10,6,16
2025.11.14,23:15,23:30,Erhardt,15,11,26
2025.11.14,23:30,23:45,Erhardt,8,18,26
2025.11.14,23:45,00:00,Erhardt,11,9,20
2025.11.15,00:00,00:15,Erhardt,4,9,13
2025.11.15,00:15,00:30,Erhardt,10,9,19
2025.11.15,00:30,00:45,Erhardt,9,5,14
2025.11.15,00:45,01:00,Erhardt,9,6,15
2025.11.15,01:00,01:15,Erhardt,8,2,10
2025.11.15,01:15,01:30,Erhardt,4,6,10
2025.11.15,01:30,01:45,Erhardt,4,1,5
2025.11.15,01:45,02:00,Erhardt,3,4,7
2025.11.15,02:00,02:15,Erhardt,3,5,8
2025.11.15,02:15,02:30,Erhardt,2,3,5
2025.11.15,02:30,02:45,Erhardt,3,3,6
2025.11.15,02:45,03:00,Erhardt,2,0,2
2025.11.15,03:00,03:15,Erhardt,5,4,9
2025.11.15,03:15,03:30,Erhardt,3,0,3
2025.11.15,03:30,03:45,Erhardt,1,1,2
2025.11.15,03:45,04:00,Erhardt,2,0,2
2025.11.15,04:00,04:15,Erhardt,1,1,2
2025.11.15,04:15,04:30,Erhardt,1,3,4
2025.11.15,04:30,04:45,Erhardt,0,1,1
2025.11.15,04:45,05:00,Erhardt,0,1,1
2025.11.15,05:00,05:15,Erhardt,0,0,0
2025.11.15,05:15,05:30,Erhardt,0,1,1
2025.11.15,05:30,05:45,Erhardt,1,0,1
2025.11.15,05:45,06:00,Erhardt,2,3,5
2025.11.15,06:00,06:15,Erhardt,1,2,3
2025.11.15,06:15,06:30,Erhardt,3,0,3
2025.11.15,06:30,06:45,Erhardt,3,4,7
2025.11.15,06:45,07:00,Erhardt,0,1,1
2025.11.15,07:00,07:15,Erhardt,1,2,3
2025.11.15,07:15,07:30,Erhardt,2,4,6
2025.11.15,07:30,07:45,Erhardt,7,3,10
2025.11.15,07:45,08:00,Erhardt,7,1,8
2025.11.15,08:00,08:15,Erhardt,2,6,8
2025.11.15,08:15,08:30,Erhardt,6,5,11
2025.11.15,08:30,08:45,Erhardt,8,5,13
2025.11.15,08:45,09:00,Erhardt,17,12,29
2025.11.15,09:00,09:15,Erhardt,9,17,26
2025.11.15,09:15,09:30,Erhardt,11,18,29
2025.11.15,09:30,09:45,Erhardt,22,21,43
2025.11.15,09:45,10:00,Erhardt,25,22,47
2025.11.15,10:00,10:15,Erhardt,20,15,35
2025.11.15,10:15,10:30,Erhardt,20,22,42
2025.11.15,10:30,10:45,Erhardt,25,31,56
2025.11.15,10:45,11:00,Erhardt,33,34,67
2025.11.15,11:00,11:15,Erhardt,24,23,47
2025.11.15,11:15,11:30,Erhardt,23,19,42
2025.11.15,11:30,11:45,Erhardt,28,33,61
2025.11.15,11:45,12:00,Erhardt,34,29,63
2025.11.15,12:00,12:15,Erhardt,32,21,53
2025.11.15,12:15,12:30,Erhardt,33,33,66
2025.11.15,12:30,12:45,Erhardt,41,40,81
2025.11.15,12:45,13:00,Erhardt,31,40,71
2025.11.15,13:00,13:15,Erhardt,27,43,70
2025.11.15,13:15,13:30,Erhardt,31,39,70
2025.11.15,13:30,13:45,Erhardt,31,37,68
2025.11.15,13:45,14:00,Erhardt,40,40,80
2025.11.15,14:00,14:15,Erhardt,40,43,83
2025.11.15,14:15,14:30,Erhardt,46,51,97
2025.11.15,14:30,14:45,Erhardt,38,55,93
2025.11.15,14:45,15:00,Erhardt,40,48,88
2025.11.15,15:00,15:15,Erhardt,38,31,69
2025.11.15,15:15,15:30,Erhardt,46,66,112
2025.11.15,15:30,15:45,Erhardt,41,32,73
2025.11.15,15:45,16:00,Erhardt,31,35,66
2025.11.15,16:00,16:15,Erhardt,33,47,80
2025.11.15,16:15,16:30,Erhardt,40,43,83
2025.11.15,16:30,16:45,Erhardt,25,38,63
2025.11.15,16:45,17:00,Erhardt,33,24,57
2025.11.15,17:00,17:15,Erhardt,15,26,41
2025.11.15,17:15,17:30,Erhardt,29,21,50
2025.11.15,17:30,17:45,Erhardt,16,27,43
2025.11.15,17:45,18:00,Erhardt,22,27,49
2025.11.15,18:00,18:15,Erhardt,17,15,32
2025.11.15,18:15,18:30,Erhardt,33,19,52
2025.11.15,18:30,18:45,Erhardt,13,19,32
2025.11.15,18:45,19:00,Erhardt,40,22,62
2025.11.15,19:00,19:15,Erhardt,21,20,41
2025.11.15,19:15,19:30,Erhardt,15,16,31
2025.11.15,19:30,19:45,Erhardt,18,22,40
2025.11.15,19:45,20:00,Erhardt,15,17,32
2025.11.15,20:00,20:15,Erhardt,13,23,36
2025.11.15,20:15,20:30,Erhardt,13,12,25
2025.11.15,20:30,20:45,Erhardt,10,10,20
2025.11.15,20:45,21:00,Erhardt,17,8,25
2025.11.15,21:00,21:15,Erhardt,14,5,19
2025.11.15,21:15,21:30,Erhardt,9,8,17
2025.11.15,21:30,21:45,Erhardt,13,15,28
2025.11.15,21:45,22:00,Erhardt,8,7,15
2025.11.15,22:00,22:15,Erhardt,13,10,23
2025.11.15,22:15,22:30,Erhardt,16,15,31
2025.11.15,22:30,22:45,Erhardt,12,9,21
2025.11.15,22:45,23:00,Erhardt,14,3,17
2025.11.15,23:00,23:15,Erhardt,8,11,19
2025.11.15,23:15,23:30,Erhardt,8,7,15
2025.11.15,23:30,23:45,Erhardt,13,7,20
2025.11.15,23:45,00:00,Erhardt,8,7,15
2025.11.16,00:00,00:15,Erhardt,8,11,19
2025.11.16,00:15,00:30,Erhardt,13,4,17
2025.11.16,00:30,00:45,Erhardt,5,3,8
2025.11.16,00:45,01:00,Erhardt,4,6,10
2025.11.16,01:00,01:15,Erhardt,8,6,14
2025.11.16,01:15,01:30,Erhardt,4,3,7
2025.11.16,01:30,01:45,Erhardt,6,4,10
2025.11.16,01:45,02:00,Erhardt,2,7,9
2025.11.16,02:00,02:15,Erhardt,2,1,3
2025.11.16,02:15,02:30,Erhardt,5,3,8
2025.11.16,02:30,02:45,Erhardt,2,3,5
2025.11.16,02:45,03:00,Erhardt,1,1,2
2025.11.16,03:00,03:15,Erhardt,2,2,4
2025.11.16,03:15,03:30,Erhardt,3,0,3
2025.11.16,03:30,03:45,Erhardt,2,3,5
2025.11.16,03:45,04:00,Erhardt,1,0,1
2025.11.16,04:00,04:15,Erhardt,1,2,3
2025.11.16,04:15,04:30,Erhardt,0,4,4
2025.11.16,04:30,04:45,Erhardt,3,0,3
2025.11.16,04:45,05:00,Erhardt,0,3,3
2025.11.16,05:00,05:15,Erhardt,0,0,0
2025.11.16,05:15,05:30,Erhardt,0,1,1
2025.11.16,05:30,05:45,Erhardt,0,1,1
2025.11.16,05:45,06:00,Erhardt,0,2,2
2025.11.16,06:00,06:15,Erhardt,0,0,0
2025.11.16,06:15,06:30,Erhardt,1,1,2
2025.11.16,06:30,06:45,Erhardt,1,2,3
2025.11.16,06:45,07:00,Erhardt,2,2,4
2025.11.16,07:00,07:15,Erhardt,0,1,1
2025.11.16,07:15,07:30,Erhardt,4,1,5
2025.11.16,07:30,07:45,Erhardt,1,5,6
2025.11.16,07:45,08:00,Erhardt,7,3,10
2025.11.16,08:00,08:15,Erhardt,3,5,8
2025.11.16,08:15,08:30,Erhardt,8,5,13
2025.11.16,08:30,08:45,Erhardt,5,4,9
2025.11.16,08:45,09:00,Erhardt,4,8,12
2025.11.16,09:00,09:15,Erhardt,7,8,15
2025.11.16,09:15,09:30,Erhardt,19,7,26
2025.11.16,09:30,09:45,Erhardt,27,19,46
2025.11.16,09:45,10:00,Erhardt,38,17,55
2025.11.16,10:00,10:15,Erhardt,10,20,30
2025.11.16,10:15,10:30,Erhardt,42,24,66
2025.11.16,10:30,10:45,Erhardt,36,21,57
2025.11.16,10:45,11:00,Erhardt,29,21,50
2025.11.16,11:00,11:15,Erhardt,13,24,37
2025.11.16,11:15,11:30,Erhardt,28,30,58
2025.11.16,11:30,11:45,Erhardt,23,28,51
2025.11.16,11:45,12:00,Erhardt,30,33,63
2025.11.16,12:00,12:15,Erhardt,22,25,47
2025.11.16,12:15,12:30,Erhardt,17,35,52
2025.11.16,12:30,12:45,Erhardt,41,31,72
2025.11.16,12:45,13:00,Erhardt,41,16,57
2025.11.16,13:00,13:15,Erhardt,37,37,74
2025.11.16,13:15,13:30,Erhardt,24,33,57
2025.11.16,13:30,13:45,Erhardt,40,45,85
2025.11.16,13:45,14:00,Erhardt,33,48,81
2025.11.16,14:00,14:15,Erhardt,41,39,80
2025.11.16,14:15,14:30,Erhardt,31,50,81
2025.11.16,14:30,14:45,Erhardt,33,55,88
2025.11.16,14:45,15:00,Erhardt,30,49,79
2025.11.16,15:00,15:15,Erhardt,37,30,67
2025.11.16,15:15,15:30,Erhardt,39,34,73
2025.11.16,15:30,15:45,Erhardt,33,38,71
2025.11.16,15:45,16:00,Erhardt,31,34,65
2025.11.16,16:00,16:15,Erhardt,17,31,48
2025.11.16,16:15,16:30,Erhardt,29,26,55
2025.11.16,16:30,16:45,Erhardt,17,43,60
2025.11.16,16:45,17:00,Erhardt,16,17,33
2025.11.16,17:00,17:15,Erhardt,28,26,54
2025.11.16,17:15,17:30,Erhardt,13,28,41
2025.11.16,17:30,17:45,Erhardt,21,29,50
2025.11.16,17:45,18:00,Erhardt,19,13,32
2025.11.16,18:00,18:15,Erhardt,31,11,42
2025.11.16,18:15,18:30,Erhardt,20,26,46
2025.11.16,18:30,18:45,Erhardt,25,15,40
2025.11.16,18:45,19:00,Erhardt,15,17,32
2025.11.16,19:00,19:15,Erhardt,13,21,34
2025.11.16,19:15,19:30,Erhardt,13,14,27
2025.11.16,19:30,19:45,Erhardt,22,10,32
2025.11.16,19:45,20:00,Erhardt,6,9,15
2025.11.16,20:00,20:15,Erhardt,7,9,16
2025.11.16,20:15,20:30,Erhardt,4,25,29
2025.11.16,20:30,20:45,Erhardt,15,4,19
2025.11.16,20:45,21:00,Erhardt,2,15,17
2025.11.16,21:00,21:15,Erhardt,7,7,14
2025.11.16,21:15,21:30,Erhardt,6,5,11
2025.11.16,21:30,21:45,Erhardt,3,1,4
2025.11.16,21:45,22:00,Erhardt,9,11,20
2025.11.16,22:00,22:15,Erhardt,10,11,21
2025.11.16,22:15,22:30,Erhardt,3,6,9
2025.11.16,22:30,22:45,Erhardt,12,7,19
2025.11.16,22:45,23:00,Erhardt,3,1,4
2025.11.16,23:00,23:15,Erhardt,7,2,9
2025.11.16,23:15,23:30,Erhardt,1,5,6
2025.11.16,23:30,23:45,Erhardt,0,4,4
2025.11.16,23:45,00:00,Erhardt,2,1,3
2025.11.17,00:00,00:15,Erhardt,1,1,2
2025.11.17,00:15,00:30,Erhardt,1,1,2
2025.11.17,00:30,00:45,Erhardt,0,3,3
2025.11.17,00:45,01:00,Erhardt,1,0,1
2025.11.17,01:00,01:15,Erhardt,1,0,1
2025.11.17,01:15,01:30,Erhardt,1,0,1
2025.11.17,01:30,01:45,Erhardt,0,1,1
2025.11.17,01:45,02:00,Erhardt,1,1,2
2025.11.17,02:00,02:15,Erhardt,0,0,0
2025.11.17,02:15,02:30,Erhardt,0,1,1
2025.11.17,02:30,02:45,Erhardt,1,1,2
2025.11.17,02:45,03:00,Erhardt,0,0,0
2025.11.17,03:00,03:15,Erhardt,1,0,1
2025.11.17,03:15,03:30,Erhardt,0,0,0
2025.11.17,03:30,03:45,Erhardt,1,0,1
2025.11.17,03:45,04:00,Erhardt,0,0,0
2025.11.17,04:00,04:15,Erhardt,0,0,0
2025.11.17,04:15,04:30,Erhardt,0,0,0
2025.11.17,04:30,04:45,Erhardt,0,2,2
2025.11.17,04:45,05:00,Erhardt,0,0,0
2025.11.17,05:00,05:15,Erhardt,2,0,2
2025.11.17,05:15,05:30,Erhardt,2,1,3
2025.11.17,05:30,05:45,Erhardt,4,2,6
2025.11.17,05:45,06:00,Erhardt,4,3,7
2025.11.17,06:00,06:15,Erhardt,7,3,10
2025.11.17,06:15,06:30,Erhardt,10,4,14
2025.11.17,06:30,06:45,Erhardt,8,10,18
2025.11.17,06:45,07:00,Erhardt,12,7,19
2025.11.17,07:00,07:15,Erhardt,12,18,30
2025.11.17,07:15,07:30,Erhardt,16,28,44
2025.11.17,07:30,07:45,Erhardt,42,22,64
2025.11.17,07:45,08:00,Erhardt,40,48,88
2025.11.17,08:00,08:15,Erhardt,53,43,96
2025.11.17,08:15,08:30,Erhardt,40,28,68
2025.11.17,08:30,08:45,Erhardt,56,34,90
2025.11.17,08:45,09:00,Erhardt,42,44,86
2025.11.17,09:00,09:15,Erhardt,41,13,54
2025.11.17,09:15,09:30,Erhardt,14,11,25
2025.11.17,09:30,09:45,Erhardt,5,12,17
2025.11.17,09:45,10:00,Erhardt,17,8,25
2025.11.17,10:00,10:15,Erhardt,4,8,12
2025.11.17,10:15,10:30,Erhardt,11,2,13
2025.11.17,10:30,10:45,Erhardt,9,6,15
2025.11.17,10:45,11:00,Erhardt,8,4,12
2025.11.17,11:00,11:15,Erhardt,5,4,9
2025.11.17,11:15,11:30,Erhardt,9,8,17
2025.11.17,11:30,11:45,Erhardt,14,6,20
2025.11.17,11:45,12:00,Erhardt,10,5,15
2025.11.17,12:00,12:15,Erhardt,10,14,24
2025.11.17,12:15,12:30,Erhardt,11,3,14
2025.11.17,12:30,12:45,Erhardt,9,6,15
2025.11.17,12:45,13:00,Erhardt,7,8,15
2025.11.17,13:00,13:15,Erhardt,9,14,23
2025.11.17,13:15,13:30,Erhardt,11,9,20
2025.11.17,13:30,13:45,Erhardt,8,10,18
2025.11.17,13:45,14:00,Erhardt,15,10,25
2025.11.17,14:00,14:15,Erhardt,16,11,27
2025.11.17,14:15,14:30,Erhardt,18,12,30
2025.11.17,14:30,14:45,Erhardt,14,20,34
2025.11.17,14:45,15:00,Erhardt,24,12,36
2025.11.17,15:00,15:15,Erhardt,25,16,41
2025.11.17,15:15,15:30,Erhardt,11,10,21
2025.11.17,15:30,15:45,Erhardt,24,18,42
2025.11.17,15:45,16:00,Erhardt,27,13,40
2025.11.17,16:00,16:15,Erhardt,21,12,33
2025.11.17,16:15,16:30,Erhardt,25,25,50
2025.11.17,16:30,16:45,Erhardt,26,25,51
2025.11.17,16:45,17:00,Erhardt,32,19,51
2025.11.17,17:00,17:15,Erhardt,29,19,48
2025.11.17,17:15,17:30,Erhardt,37,17,54
2025.11.17,17:30,17:45,Erhardt,36,13,49
2025.11.17,17:45,18:00,Erhardt,46,28,74
2025.11.17,18:00,18:15,Erhardt,36,20,56
2025.11.17,18:15,18:30,Erhardt,33,32,65
2025.11.17,18:30,18:45,Erhardt,27,21,48
2025.11.17,18:45,19:00,Erhardt,35,23,58
2025.11.17,19:00,19:15,Erhardt,23,18,41
2025.11.17,19:15,19:30,Erhardt,20,21,41
2025.11.17,19:30,19:45,Erhardt,18,14,32
2025.11.17,19:45,20:00,Erhardt,15,13,28
2025.11.17,20:00,20:15,Erhardt,14,13,27
2025.11.17,20:15,20:30,Erhardt,17,7,24
2025.11.17,20:30,20:45,Erhardt,13,14,27
2025.11.17,20:45,21:00,Erhardt,4,8,12
2025.11.17,21:00,21:15,Erhardt,10,8,18
2025.11.17,21:15,21:30,Erhardt,8,11,19
2025.11.17,21:30,21:45,Erhardt,7,5,12
2025.11.17,21:45,22:00,Erhardt,11,4,15
2025.11.17,22:00,22:15,Erhardt,8,9,17
2025.11.17,22:15,22:30,Erhardt,8,4,12
2025.11.17,22:30,22:45,Erhardt,5,6,11
2025.11.17,22:45,23:00,Erhardt,3,8,11
2025.11.17,23:00,23:15,Erhardt,4,2,6
2025.11.17,23:15,23:30,Erhardt,1,6,7
2025.11.17,23:30,23:45,Erhardt,3,1,4
2025.11.17,23:45,00:00,Erhardt,2,2,4
2025.11.18,00:00,00:15,Erhardt,2,5,7
2025.11.18,00:15,00:30,Erhardt,1,0,1
2025.11.18,00:30,00:45,Erhardt,0,2,2
2025.11.18,00:45,01:00,Erhardt,0,0,0
2025.11.18,01:00,01:15,Erhardt,1,0,1
2025.11.18,01:15,01:30,Erhardt,2,1,3
2025.11.18,01:30,01:45,Erhardt,0,0,0
2025.11.18,01:45,02:00,Erhardt,0,0,0
2025.11.18,02:00,02:15,Erhardt,0,0,0
2025.11.18,02:15,02:30,Erhardt,0,0,0
2025.11.18,02:30,02:45,Erhardt,0,0,0
2025.11.18,02:45,03:00,Erhardt,0,1,1
2025.11.18,03:00,03:15,Erhardt,0,0,0
2025.11.18,03:15,03:30,Erhardt,0,0,0
2025.11.18,03:30,03:45,Erhardt,0,0,0
2025.11.18,03:45,04:00,Erhardt,0,0,0
2025.11.18,04:00,04:15,Erhardt,0,0,0
2025.11.18,04:15,04:30,Erhardt,0,0,0
2025.11.18,04:30,04:45,Erhardt,0,0,0
2025.11.18,04:45,05:00,Erhardt,0,2,2
2025.11.18,05:00,05:15,Erhardt,2,0,2
2025.11.18,05:15,05:30,Erhardt,0,0,0
2025.11.18,05:30,05:45,Erhardt,6,3,9
2025.11.18,05:45,06:00,Erhardt,3,3,6
2025.11.18,06:00,06:15,Erhardt,6,1,7
2025.11.18,06:15,06:30,Erhardt,11,5,16
2025.11.18,06:30,06:45,Erhardt,13,7,20
2025.11.18,06:45,07:00,Erhardt,12,16,28
2025.11.18,07:00,07:15,Erhardt,17,15,32
2025.11.18,07:15,07:30,Erhardt,26,18,44
2025.11.18,07:30,07:45,Erhardt,41,29,70
2025.11.18,07:45,08:00,Erhardt,70,37,107
2025.11.18,08:00,08:15,Erhardt,59,42,101
2025.11.18,08:15,08:30,Erhardt,58,54,112
2025.11.18,08:30,08:45,Erhardt,64,51,115
2025.11.18,08:45,09:00,Erhardt,52,39,91
2025.11.18,09:00,09:15,Erhardt,44,31,75
2025.11.18,09:15,09:30,Erhardt,33,30,63
2025.11.18,09:30,09:45,Erhardt,24,38,62
2025.11.18,09:45,10:00,Erhardt,20,27,47
2025.11.18,10:00,10:15,Erhardt,18,12,30
2025.11.18,10:15,10:30,Erhardt,13,25,38
2025.11.18,10:30,10:45,Erhardt,17,15,32
2025.11.18,10:45,11:00,Erhardt,28,10,38
2025.11.18,11:00,11:15,Erhardt,10,13,23
2025.11.18,11:15,11:30,Erhardt,15,13,28
2025.11.18,11:45,12:00,Erhardt,24,19,43
2025.11.18,12:00,12:15,Erhardt,17,15,32
2025.11.18,12:00,12:15,Erhardt,6,27,33
2025.11.18,12:15,12:30,Erhardt,22,11,33
2025.11.18,12:30,12:45,Erhardt,18,12,30
2025.11.18,12:45,13:00,Erhardt,19,13,32
2025.11.18,13:00,13:15,Erhardt,27,10,37
2025.11.18,13:15,13:30,Erhardt,22,18,40
2025.11.18,13:30,13:45,Erhardt,21,20,41
2025.11.18,13:45,14:00,Erhardt,22,13,35
2025.11.18,14:00,14:15,Erhardt,24,15,39
2025.11.18,14:15,14:30,Erhardt,15,16,31
2025.11.18,14:30,14:45,Erhardt,30,29,59
2025.11.18,14:45,15:00,Erhardt,63,69,132
2025.11.18,15:00,15:15,Erhardt,32,22,54
2025.11.18,15:15,15:30,Erhardt,30,23,53
2025.11.18,15:30,15:45,Erhardt,39,24,63
2025.11.18,15:45,16:00,Erhardt,38,27,65
2025.11.18,16:00,16:15,Erhardt,26,26,52
2025.11.18,16:15,16:30,Erhardt,36,33,69
2025.11.18,16:30,16:45,Erhardt,45,14,59
2025.11.18,16:45,17:00,Erhardt,44,22,66
2025.11.18,17:00,17:15,Erhardt,48,22,70
2025.11.18,17:15,17:30,Erhardt,57,48,105
2025.11.18,17:30,17:45,Erhardt,63,40,103
2025.11.18,17:45,18:00,Erhardt,72,35,107
2025.11.18,18:00,18:15,Erhardt,80,37,117
2025.11.18,18:15,18:30,Erhardt,59,39,98
2025.11.18,18:30,18:45,Erhardt,50,43,93
2025.11.18,18:45,19:00,Erhardt,46,31,77
2025.11.18,19:00,19:15,Erhardt,41,22,63
2025.11.18,19:15,19:30,Erhardt,33,24,57
2025.11.18,19:30,19:45,Erhardt,33,16,49
2025.11.18,19:45,20:00,Erhardt,28,15,43
2025.11.18,20:00,20:15,Erhardt,30,16,46
2025.11.18,20:15,20:30,Erhardt,19,22,41
2025.11.18,20:30,20:45,Erhardt,19,15,34
2025.11.18,20:45,21:00,Erhardt,17,6,23
2025.11.18,21:00,21:15,Erhardt,20,13,33
2025.11.18,21:15,21:30,Erhardt,12,7,19
2025.11.18,21:30,21:45,Erhardt,13,17,30
2025.11.18,21:45,22:00,Erhardt,25,15,40
2025.11.18,22:00,22:15,Erhardt,18,18,36
2025.11.18,22:15,22:30,Erhardt,24,9,33
2025.11.18,22:30,22:45,Erhardt,14,10,24
2025.11.18,22:45,23:00,Erhardt,9,6,15
2025.11.18,23:00,23:15,Erhardt,13,4,17
2025.11.18,23:15,23:30,Erhardt,7,8,15
2025.11.18,23:30,23:45,Erhardt,10,1,11
2025.11.18,23:45,00:00,Erhardt,5,4,9
2025.11.19,00:00,00:15,Erhardt,1,5,6
2025.11.19,00:15,00:30,Erhardt,1,2,3
2025.11.19,00:30,00:45,Erhardt,0,0,0
2025.11.19,00:45,01:00,Erhardt,2,3,5
2025.11.19,01:00,01:15,Erhardt,0,0,0
2025.11.19,01:15,01:30,Erhardt,1,0,1
2025.11.19,01:30,01:45,Erhardt,0,0,0
2025.11.19,01:45,02:00,Erhardt,1,1,2
2025.11.19,02:00,02:15,Erhardt,0,0,0
2025.11.19,02:15,02:30,Erhardt,0,1,1
2025.11.19,02:30,02:45,Erhardt,0,0,0
2025.11.19,02:45,03:00,Erhardt,0,0,0
2025.11.19,03:00,03:15,Erhardt,0,0,0
2025.11.19,03:15,03:30,Erhardt,0,0,0
2025.11.19,03:30,03:45,Erhardt,1,0,1
2025.11.19,03:45,04:00,Erhardt,0,0,0
2025.11.19,04:00,04:15,Erhardt,0,1,1
2025.11.19,04:15,04:30,Erhardt,0,0,0
2025.11.19,04:30,04:45,Erhardt,0,1,1
2025.11.19,04:45,05:00,Erhardt,1,0,1
2025.11.19,05:00,05:15,Erhardt,1,0,1
2025.11.19,05:15,05:30,Erhardt,0,1,1
2025.11.19,05:30,05:45,Erhardt,8,2,10
2025.11.19,05:45,06:00,Erhardt,4,5,9
2025.11.19,06:00,06:15,Erhardt,5,2,7
2025.11.19,06:15,06:30,Erhardt,9,4,13
2025.11.19,06:30,06:45,Erhardt,7,4,11
2025.11.19,06:45,07:00,Erhardt,15,14,29
2025.11.19,07:00,07:15,Erhardt,19,17,36
2025.11.19,07:15,07:30,Erhardt,17,11,28
2025.11.19,07:30,07:45,Erhardt,25,22,47
2025.11.19,07:45,08:00,Erhardt,37,52,89
2025.11.19,08:00,08:15,Erhardt,48,36,84
2025.11.19,08:15,08:30,Erhardt,54,31,85
2025.11.19,08:30,08:45,Erhardt,66,56,122
2025.11.19,08:45,09:00,Erhardt,61,40,101
2025.11.19,09:00,09:15,Erhardt,40,22,62
2025.11.19,09:15,09:30,Erhardt,27,29,56
2025.11.19,09:30,09:45,Erhardt,23,31,54
2025.11.19,09:45,10:00,Erhardt,23,28,51
2025.11.19,10:00,10:15,Erhardt,17,17,34
2025.11.19,10:15,10:30,Erhardt,16,16,32
2025.11.19,10:30,10:45,Erhardt,18,19,37
2025.11.19,10:45,11:00,Erhardt,23,19,42
2025.11.19,11:00,11:15,Erhardt,14,10,24
2025.11.19,11:15,11:30,Erhardt,19,12,31
2025.11.19,11:30,11:45,Erhardt,8,16,24
2025.11.19,11:45,12:00,Erhardt,24,19,43
2025.11.19,12:00,12:15,Erhardt,6,27,33
2025.11.19,12:15,12:30,Erhardt,26,17,43
2025.11.19,12:30,12:45,Erhardt,15,16,31
2025.11.19,12:45,13:00,Erhardt,17,17,34
2025.11.19,13:00,13:15,Erhardt,23,12,35
2025.11.19,13:15,13:30,Erhardt,15,14,29
2025.11.19,13:30,13:45,Erhardt,10,25,35
2025.11.19,13:45,14:00,Erhardt,25,22,47
2025.11.19,14:00,14:15,Erhardt,35,16,51
2025.11.19,14:15,14:30,Erhardt,32,13,45
2025.11.19,14:30,14:45,Erhardt,21,15,36
2025.11.19,14:45,15:00,Erhardt,25,40,65
2025.11.19,15:00,15:15,Erhardt,25,14,39
2025.11.19,15:15,15:30,Erhardt,28,17,45
2025.11.19,15:30,15:45,Erhardt,37,22,59
2025.11.19,15:45,16:00,Erhardt,27,18,45
2025.11.19,16:00,16:15,Erhardt,39,20,59
2025.11.19,16:15,16:30,Erhardt,43,18,61
2025.11.19,16:30,16:45,Erhardt,38,38,76
2025.11.19,16:45,17:00,Erhardt,36,24,60
2025.11.19,17:00,17:15,Erhardt,39,22,61
2025.11.19,17:15,17:30,Erhardt,52,29,81
2025.11.19,17:30,17:45,Erhardt,53,30,83
2025.11.19,17:45,18:00,Erhardt,60,26,86
2025.11.19,18:00,18:15,Erhardt,53,33,86
2025.11.19,18:15,18:30,Erhardt,55,35,90
2025.11.19,18:30,18:45,Erhardt,39,35,74
2025.11.19,18:45,19:00,Erhardt,37,28,65
2025.11.19,19:00,19:15,Erhardt,39,23,62
2025.11.19,19:15,19:30,Erhardt,38,23,61
2025.11.19,19:30,19:45,Erhardt,31,22,53
2025.11.19,19:45,20:00,Erhardt,19,24,43
2025.11.19,20:00,20:15,Erhardt,23,17,40
2025.11.19,20:15,20:30,Erhardt,20,12,32
2025.11.19,20:30,20:45,Erhardt,12,8,20
2025.11.19,20:45,21:00,Erhardt,11,6,17
2025.11.19,21:00,21:15,Erhardt,13,8,21
2025.11.19,21:15,21:30,Erhardt,11,9,20
2025.11.19,21:30,21:45,Erhardt,10,15,25
2025.11.19,21:45,22:00,Erhardt,12,4,16
2025.11.19,22:00,22:15,Erhardt,21,16,37
2025.11.19,22:15,22:30,Erhardt,25,9,34
2025.11.19,22:30,22:45,Erhardt,18,10,28
2025.11.19,22:45,23:00,Erhardt,12,11,23
2025.11.19,23:00,23:15,Erhardt,11,3,14
2025.11.19,23:15,23:30,Erhardt,5,7,12
2025.11.19,23:30,23:45,Erhardt,7,2,9
2025.11.19,23:45,00:00,Erhardt,0,6,6
2025.11.20,00:00,00:15,Erhardt,2,3,5
2025.11.20,00:15,00:30,Erhardt,1,1,2
2025.11.20,00:30,00:45,Erhardt,5,1,6
2025.11.20,00:45,01:00,Erhardt,0,2,2
2025.11.20,01:00,01:15,Erhardt,1,0,1
2025.11.20,01:15,01:30,Erhardt,1,0,1
2025.11.20,01:30,01:45,Erhardt,1,0,1
2025.11.20,01:45,02:00,Erhardt,0,0,0
2025.11.20,02:00,02:15,Erhardt,4,0,4
2025.11.20,02:15,02:30,Erhardt,0,0,0
2025.11.20,02:30,02:45,Erhardt,0,0,0
2025.11.20,02:45,03:00,Erhardt,0,0,0
2025.11.20,03:00,03:15,Erhardt,0,0,0
2025.11.20,03:15,03:30,Erhardt,0,0,0
2025.11.20,03:30,03:45,Erhardt,0,1,1
2025.11.20,03:45,04:00,Erhardt,0,0,0
2025.11.20,04:00,04:15,Erhardt,0,0,0
2025.11.20,04:15,04:30,Erhardt,0,2,2
2025.11.20,04:30,04:45,Erhardt,0,0,0
2025.11.20,04:45,05:00,Erhardt,0,1,1
2025.11.20,05:00,05:15,Erhardt,0,0,0
2025.11.20,05:15,05:30,Erhardt,1,0,1
2025.11.20,05:30,05:45,Erhardt,4,4,8
2025.11.20,05:45,06:00,Erhardt,5,1,6
2025.11.20,06:00,06:15,Erhardt,5,3,8
2025.11.20,06:15,06:30,Erhardt,3,1,4
2025.11.20,06:30,06:45,Erhardt,6,3,9
2025.11.20,06:45,07:00,Erhardt,15,5,20
2025.11.20,07:00,07:15,Erhardt,13,12,25
2025.11.20,07:15,07:30,Erhardt,20,22,42
2025.11.20,07:30,07:45,Erhardt,45,29,74
2025.11.20,07:45,08:00,Erhardt,58,40,98
2025.11.20,08:00,08:15,Erhardt,39,30,69
2025.11.20,08:15,08:30,Erhardt,35,44,79
2025.11.20,08:30,08:45,Erhardt,66,40,106
2025.11.20,08:45,09:00,Erhardt,52,31,83
2025.11.20,09:00,09:15,Erhardt,50,26,76
2025.11.20,09:15,09:30,Erhardt,18,19,37
2025.11.20,09:30,09:45,Erhardt,21,16,37
2025.11.20,09:45,10:00,Erhardt,19,26,45
2025.11.20,10:00,10:15,Erhardt,16,8,24
2025.11.20,10:15,10:30,Erhardt,20,14,34
2025.11.20,10:30,10:45,Erhardt,20,16,36
2025.11.20,10:45,11:00,Erhardt,10,12,22
2025.11.20,11:00,11:15,Erhardt,9,17,26
2025.11.20,11:15,11:30,Erhardt,14,14,28
2025.11.20,11:30,11:45,Erhardt,10,9,19
2025.11.20,11:45,12:00,Erhardt,10,8,18
2025.11.20,12:00,12:15,Erhardt,12,11,23
2025.11.20,12:15,12:30,Erhardt,11,10,21
2025.11.20,12:30,12:45,Erhardt,9,12,21
2025.11.20,12:45,13:00,Erhardt,18,13,31
2025.11.20,13:00,13:15,Erhardt,18,10,28
2025.11.20,13:15,13:30,Erhardt,16,18,34
2025.11.20,13:30,13:45,Erhardt,18,11,29
2025.11.20,13:45,14:00,Erhardt,17,15,32
2025.11.20,14:00,14:15,Erhardt,14,11,25
2025.11.20,14:15,14:30,Erhardt,23,17,40
2025.11.20,14:30,14:45,Erhardt,28,18,46
2025.11.20,14:45,15:00,Erhardt,20,25,45
2025.11.20,15:00,15:15,Erhardt,20,25,45
2025.11.20,15:15,15:30,Erhardt,22,21,43
2025.11.20,15:30,15:45,Erhardt,20,25,45
2025.11.20,15:45,16:00,Erhardt,31,15,46
2025.11.20,16:00,16:15,Erhardt,29,18,47
2025.11.20,16:15,16:30,Erhardt,35,20,55
2025.11.20,16:30,16:45,Erhardt,28,28,56
2025.11.20,16:45,17:00,Erhardt,33,14,47
2025.11.20,17:00,17:15,Erhardt,28,26,54
2025.11.20,17:15,17:30,Erhardt,48,22,70
2025.11.20,17:30,17:45,Erhardt,37,33,70
2025.11.20,17:45,18:00,Erhardt,47,26,73
2025.11.20,18:00,18:15,Erhardt,59,18,77
2025.11.20,18:15,18:30,Erhardt,42,27,69
2025.11.20,18:30,18:45,Erhardt,47,31,78
2025.11.20,18:45,19:00,Erhardt,51,32,83
2025.11.20,19:00,19:15,Erhardt,28,26,54
2025.11.20,19:15,19:30,Erhardt,19,25,44
2025.11.20,19:30,19:45,Erhardt,18,15,33
2025.11.20,19:45,20:00,Erhardt,18,12,30
2025.11.20,20:00,20:15,Erhardt,21,13,34
2025.11.20,20:15,20:30,Erhardt,16,12,28
2025.11.20,20:30,20:45,Erhardt,7,8,15
2025.11.20,20:45,21:00,Erhardt,8,14,22
2025.11.20,21:00,21:15,Erhardt,11,5,16
2025.11.20,21:15,21:30,Erhardt,8,17,25
2025.11.20,21:30,21:45,Erhardt,12,13,25
2025.11.20,21:45,22:00,Erhardt,8,9,17
2025.11.20,22:00,22:15,Erhardt,19,9,28
2025.11.20,22:15,22:30,Erhardt,13,8,21
2025.11.20,22:30,22:45,Erhardt,18,8,26
2025.11.20,22:45,23:00,Erhardt,9,14,23
2025.11.20,23:00,23:15,Erhardt,8,7,15
2025.11.20,23:15,23:30,Erhardt,13,8,21
2025.11.20,23:30,23:45,Erhardt,3,2,5
2025.11.20,23:45,00:00,Erhardt,7,7,14
2025.11.21,00:00,00:15,Erhardt,5,3,8
2025.11.21,00:15,00:30,Erhardt,1,1,2
2025.11.21,00:30,00:45,Erhardt,2,6,8
2025.11.21,00:45,01:00,Erhardt,2,2,4
2025.11.21,01:00,01:15,Erhardt,1,2,3
2025.11.21,01:15,01:30,Erhardt,0,0,0
2025.11.21,01:30,01:45,Erhardt,0,0,0
2025.11.21,01:45,02:00,Erhardt,1,2,3
2025.11.21,02:00,02:15,Erhardt,0,1,1
2025.11.21,02:15,02:30,Erhardt,0,0,0
2025.11.21,02:30,02:45,Erhardt,1,0,1
2025.11.21,02:45,03:00,Erhardt,0,0,0
2025.11.21,03:00,03:15,Erhardt,1,0,1
2025.11.21,03:15,03:30,Erhardt,0,0,0
2025.11.21,03:30,03:45,Erhardt,0,3,3
2025.11.21,03:45,04:00,Erhardt,0,0,0
2025.11.21,04:00,04:15,Erhardt,0,0,0
2025.11.21,04:15,04:30,Erhardt,0,0,0
2025.11.21,04:30,04:45,Erhardt,0,0,0
2025.11.21,04:45,05:00,Erhardt,0,1,1
2025.11.21,05:00,05:15,Erhardt,0,0,0
2025.11.21,05:15,05:30,Erhardt,1,1,2
2025.11.21,05:30,05:45,Erhardt,5,2,7
2025.11.21,05:45,06:00,Erhardt,3,5,8
2025.11.21,06:00,06:15,Erhardt,4,1,5
2025.11.21,06:15,06:30,Erhardt,5,3,8
2025.11.21,06:30,06:45,Erhardt,6,3,9
2025.11.21,06:45,07:00,Erhardt,5,9,14
2025.11.21,07:00,07:15,Erhardt,16,10,26
2025.11.21,07:15,07:30,Erhardt,17,10,27
2025.11.21,07:30,07:45,Erhardt,26,16,42
2025.11.21,07:45,08:00,Erhardt,44,33,77
2025.11.21,08:00,08:15,Erhardt,21,35,56
2025.11.21,08:15,08:30,Erhardt,41,19,60
2025.11.21,08:30,08:45,Erhardt,38,18,56
2025.11.21,08:45,09:00,Erhardt,37,33,70
2025.11.21,09:00,09:15,Erhardt,36,17,53
2025.11.21,09:15,09:30,Erhardt,17,16,33
2025.11.21,09:30,09:45,Erhardt,24,19,43
2025.11.21,09:45,10:00,Erhardt,15,21,36
2025.11.21,10:00,10:15,Erhardt,17,9,26
2025.11.21,10:15,10:30,Erhardt,12,19,31
2025.11.21,10:30,10:45,Erhardt,12,7,19
2025.11.21,10:45,11:00,Erhardt,16,7,23
2025.11.21,11:00,11:15,Erhardt,10,10,20
2025.11.21,11:15,11:30,Erhardt,13,11,24
2025.11.21,11:30,11:45,Erhardt,13,11,24
2025.11.21,11:45,12:00,Erhardt,17,18,35
2025.11.21,12:00,12:15,Erhardt,16,8,24
2025.11.21,12:15,12:30,Erhardt,15,17,32
2025.11.21,12:30,12:45,Erhardt,12,13,25
2025.11.21,12:45,13:00,Erhardt,25,14,39
2025.11.21,13:00,13:15,Erhardt,18,15,33
2025.11.21,13:15,13:30,Erhardt,23,26,49
2025.11.21,13:30,13:45,Erhardt,32,10,42
2025.11.21,13:45,14:00,Erhardt,14,16,30
2025.11.21,14:00,14:15,Erhardt,15,16,31
2025.11.21,14:15,14:30,Erhardt,14,14,28
2025.11.21,14:30,14:45,Erhardt,14,19,33
2025.11.21,14:45,15:00,Erhardt,21,16,37
2025.11.21,15:00,15:15,Erhardt,13,6,19
2025.11.21,15:15,15:30,Erhardt,21,23,44
2025.11.21,15:30,15:45,Erhardt,22,10,32
2025.11.21,15:45,16:00,Erhardt,23,14,37
2025.11.21,16:00,16:15,Erhardt,24,11,35
2025.11.21,16:15,16:30,Erhardt,18,29,47
2025.11.21,16:30,16:45,Erhardt,20,11,31
2025.11.21,16:45,17:00,Erhardt,17,14,31
2025.11.21,17:00,17:15,Erhardt,28,12,40
2025.11.21,17:15,17:30,Erhardt,23,12,35
2025.11.21,17:30,17:45,Erhardt,22,11,33
2025.11.21,17:45,18:00,Erhardt,30,17,47
2025.11.21,18:00,18:15,Erhardt,16,12,28
2025.11.21,18:15,18:30,Erhardt,21,17,38
2025.11.21,18:30,18:45,Erhardt,19,10,29
2025.11.21,18:45,19:00,Erhardt,17,14,31
2025.11.21,19:00,19:15,Erhardt,18,12,30
2025.11.21,19:15,19:30,Erhardt,20,11,31
2025.11.21,19:30,19:45,Erhardt,11,11,22
2025.11.21,19:45,20:00,Erhardt,15,14,29
2025.11.21,20:00,20:15,Erhardt,11,2,13
2025.11.21,20:15,20:30,Erhardt,4,10,14
2025.11.21,20:30,20:45,Erhardt,13,5,18
2025.11.21,20:45,21:00,Erhardt,4,11,15
2025.11.21,21:00,21:15,Erhardt,11,5,16
2025.11.21,21:15,21:30,Erhardt,7,7,14
2025.11.21,21:30,21:45,Erhardt,8,1,9
2025.11.21,21:45,22:00,Erhardt,10,3,13
2025.11.21,22:00,22:15,Erhardt,11,4,15
2025.11.21,22:15,22:30,Erhardt,6,8,14
2025.11.21,22:30,22:45,Erhardt,9,6,15
2025.11.21,22:45,23:00,Erhardt,12,8,20
2025.11.21,23:00,23:15,Erhardt,1,5,6
2025.11.21,23:15,23:30,Erhardt,3,9,12
2025.11.21,23:30,23:45,Erhardt,1,1,2
2025.11.21,23:45,00:00,Erhardt,1,9,10
2025.11.22,00:00,00:15,Erhardt,7,6,13
2025.11.22,00:15,00:30,Erhardt,1,1,2
2025.11.22,00:30,00:45,Erhardt,4,2,6
2025.11.22,00:45,01:00,Erhardt,3,2,5
2025.11.22,01:00,01:15,Erhardt,0,2,2
2025.11.22,01:15,01:30,Erhardt,3,0,3
2025.11.22,01:30,01:45,Erhardt,3,1,4
2025.11.22,01:45,02:00,Erhardt,7,2,9
2025.11.22,02:00,02:15,Erhardt,2,4,6
2025.11.22,02:15,02:30,Erhardt,2,0,2
2025.11.22,02:30,02:45,Erhardt,2,2,4
2025.11.22,02:45,03:00,Erhardt,0,0,0
2025.11.22,03:00,03:15,Erhardt,0,2,2
2025.11.22,03:15,03:30,Erhardt,0,3,3
2025.11.22,03:30,03:45,Erhardt,0,2,2
2025.11.22,03:45,04:00,Erhardt,0,0,0
2025.11.22,04:00,04:15,Erhardt,0,0,0
2025.11.22,04:15,04:30,Erhardt,1,0,1
2025.11.22,04:30,04:45,Erhardt,1,0,1
2025.11.22,04:45,05:00,Erhardt,0,0,0
2025.11.22,05:00,05:15,Erhardt,1,0,1
2025.11.22,05:15,05:30,Erhardt,2,0,2
2025.11.22,05:30,05:45,Erhardt,1,0,1
2025.11.22,05:45,06:00,Erhardt,1,2,3
2025.11.22,06:00,06:15,Erhardt,0,0,0
2025.11.22,06:15,06:30,Erhardt,2,1,3
2025.11.22,06:30,06:45,Erhardt,5,0,5
2025.11.22,06:45,07:00,Erhardt,2,1,3
2025.11.22,07:00,07:15,Erhardt,2,2,4
2025.11.22,07:15,07:30,Erhardt,0,1,1
2025.11.22,07:30,07:45,Erhardt,2,2,4
2025.11.22,07:45,08:00,Erhardt,4,2,6
2025.11.22,08:00,08:15,Erhardt,6,3,9
2025.11.22,08:15,08:30,Erhardt,6,4,10
2025.11.22,08:30,08:45,Erhardt,7,4,11
2025.11.22,08:45,09:00,Erhardt,7,7,14
2025.11.22,09:00,09:15,Erhardt,5,4,9
2025.11.22,09:15,09:30,Erhardt,8,11,19
2025.11.22,09:30,09:45,Erhardt,11,5,16
2025.11.22,09:45,10:00,Erhardt,12,15,27
2025.11.22,10:00,10:15,Erhardt,8,8,16
2025.11.22,10:15,10:30,Erhardt,8,7,15
2025.11.22,10:30,10:45,Erhardt,7,8,15
2025.11.22,10:45,11:00,Erhardt,9,7,16
2025.11.22,11:00,11:15,Erhardt,9,13,22
2025.11.22,11:15,11:30,Erhardt,14,13,27
2025.11.22,11:30,11:45,Erhardt,13,11,24
2025.11.22,11:45,12:00,Erhardt,8,5,13
2025.11.22,12:00,12:15,Erhardt,8,10,18
2025.11.22,12:15,12:30,Erhardt,4,6,10
2025.11.22,12:30,12:45,Erhardt,7,17,24
2025.11.22,12:45,13:00,Erhardt,12,6,18
2025.11.22,13:00,13:15,Erhardt,9,11,20
2025.11.22,13:15,13:30,Erhardt,12,18,30
2025.11.22,13:30,13:45,Erhardt,13,4,17
2025.11.22,13:45,14:00,Erhardt,6,13,19
2025.11.22,14:00,14:15,Erhardt,15,8,23
2025.11.22,14:15,14:30,Erhardt,15,31,46
2025.11.22,14:30,14:45,Erhardt,11,10,21
2025.11.22,14:45,15:00,Erhardt,19,14,33
2025.11.22,15:00,15:15,Erhardt,20,13,33
2025.11.22,15:15,15:30,Erhardt,15,11,26
2025.11.22,15:30,15:45,Erhardt,16,15,31
2025.11.22,15:45,16:00,Erhardt,13,10,23
2025.11.22,16:00,16:15,Erhardt,10,15,25
2025.11.22,16:15,16:30,Erhardt,14,13,27
2025.11.22,16:30,16:45,Erhardt,22,16,38
2025.11.22,16:45,17:00,Erhardt,9,16,25
2025.11.22,17:00,17:15,Erhardt,12,14,26
2025.11.22,17:15,17:30,Erhardt,10,12,22
2025.11.22,17:30,17:45,Erhardt,10,12,22
2025.11.22,17:45,18:00,Erhardt,18,16,34
2025.11.22,18:00,18:15,Erhardt,15,14,29
2025.11.22,18:15,18:30,Erhardt,14,6,20
2025.11.22,18:30,18:45,Erhardt,13,11,24
2025.11.22,18:45,19:00,Erhardt,15,15,30
2025.11.22,19:00,19:15,Erhardt,9,7,16
2025.11.22,19:15,19:30,Erhardt,8,10,18
2025.11.22,19:30,19:45,Erhardt,6,11,17
2025.11.22,19:45,20:00,Erhardt,6,5,11
2025.11.22,20:00,20:15,Erhardt,6,7,13
2025.11.22,20:15,20:30,Erhardt,8,7,15
2025.11.22,20:30,20:45,Erhardt,6,3,9
2025.11.22,20:45,21:00,Erhardt,7,2,9
2025.11.22,21:00,21:15,Erhardt,7,7,14
2025.11.22,21:15,21:30,Erhardt,8,3,11
2025.11.22,21:30,21:45,Erhardt,2,8,10
2025.11.22,21:45,22:00,Erhardt,5,4,9
2025.11.22,22:00,22:15,Erhardt,3,4,7
2025.11.22,22:15,22:30,Erhardt,7,4,11
2025.11.22,22:30,22:45,Erhardt,7,7,14
2025.11.22,22:45,23:00,Erhardt,10,0,10
2025.11.22,23:00,23:15,Erhardt,2,3,5
2025.11.22,23:15,23:30,Erhardt,7,2,9
2025.11.22,23:30,23:45,Erhardt,5,6,11
2025.11.22,23:45,00:00,Erhardt,1,3,4
2025.11.23,00:00,00:15,Erhardt,4,3,7
2025.11.23,00:15,00:30,Erhardt,3,4,7
2025.11.23,00:30,00:45,Erhardt,5,2,7
2025.11.23,00:45,01:00,Erhardt,3,4,7
2025.11.23,01:00,01:15,Erhardt,4,2,6
2025.11.23,01:15,01:30,Erhardt,2,3,5
2025.11.23,01:30,01:45,Erhardt,2,1,3
2025.11.23,01:45,02:00,Erhardt,0,2,2
2025.11.23,02:00,02:15,Erhardt,0,2,2
2025.11.23,02:15,02:30,Erhardt,0,0,0
2025.11.23,02:30,02:45,Erhardt,2,0,2
2025.11.23,02:45,03:00,Erhardt,0,2,2
2025.11.23,03:00,03:15,Erhardt,1,0,1
2025.11.23,03:15,03:30,Erhardt,1,0,1
2025.11.23,03:30,03:45,Erhardt,0,2,2
2025.11.23,03:45,04:00,Erhardt,0,1,1
2025.11.23,04:00,04:15,Erhardt,0,1,1
2025.11.23,04:15,04:30,Erhardt,0,2,2
2025.11.23,04:30,04:45,Erhardt,0,1,1
2025.11.23,04:45,05:00,Erhardt,0,0,0
2025.11.23,05:00,05:15,Erhardt,0,3,3
2025.11.23,05:15,05:30,Erhardt,0,0,0
2025.11.23,05:30,05:45,Erhardt,1,1,2
2025.11.23,05:45,06:00,Erhardt,0,0,0
2025.11.23,06:00,06:15,Erhardt,2,1,3
2025.11.23,06:15,06:30,Erhardt,0,1,1
2025.11.23,06:30,06:45,Erhardt,2,1,3
2025.11.23,06:45,07:00,Erhardt,1,0,1
2025.11.23,07:00,07:15,Erhardt,0,2,2
2025.11.23,07:15,07:30,Erhardt,1,0,1
2025.11.23,07:30,07:45,Erhardt,0,1,1
2025.11.23,07:45,08:00,Erhardt,3,1,4
2025.11.23,08:00,08:15,Erhardt,4,0,4
2025.11.23,08:15,08:30,Erhardt,2,3,5
2025.11.23,08:30,08:45,Erhardt,5,5,10
2025.11.23,08:45,09:00,Erhardt,6,3,9
2025.11.23,09:00,09:15,Erhardt,7,3,10
2025.11.23,09:15,09:30,Erhardt,6,1,7
2025.11.23,09:30,09:45,Erhardt,6,5,11
2025.11.23,09:45,10:00,Erhardt,15,8,23
2025.11.23,10:00,10:15,Erhardt,10,10,20
2025.11.23,10:15,10:30,Erhardt,6,12,18
2025.11.23,10:30,10:45,Erhardt,6,6,12
2025.11.23,10:45,11:00,Erhardt,15,12,27
2025.11.23,11:00,11:15,Erhardt,12,10,22
2025.11.23,11:15,11:30,Erhardt,11,12,23
2025.11.23,11:30,11:45,Erhardt,18,11,29
2025.11.23,11:45,12:00,Erhardt,15,16,31
2025.11.23,12:00,12:15,Erhardt,12,6,18
2025.11.23,12:15,12:30,Erhardt,19,13,32
2025.11.23,12:30,12:45,Erhardt,24,20,44
2025.11.23,12:45,13:00,Erhardt,20,12,32
2025.11.23,13:00,13:15,Erhardt,17,17,34
2025.11.23,13:15,13:30,Erhardt,18,22,40
2025.11.23,13:30,13:45,Erhardt,15,17,32
2025.11.23,13:45,14:00,Erhardt,29,29,58
2025.11.23,14:00,14:15,Erhardt,9,18,27
2025.11.23,14:15,14:30,Erhardt,23,28,51
2025.11.23,14:30,14:45,Erhardt,17,15,32
2025.11.23,14:45,15:00,Erhardt,19,12,31
2025.11.23,15:00,15:15,Erhardt,22,17,39
2025.11.23,15:15,15:30,Erhardt,15,14,29
2025.11.23,15:30,15:45,Erhardt,15,22,37
2025.11.23,15:45,16:00,Erhardt,11,24,35
2025.11.23,16:00,16:15,Erhardt,16,24,40
2025.11.23,16:15,16:30,Erhardt,12,13,25
2025.11.23,16:30,16:45,Erhardt,26,11,37
2025.11.23,16:45,17:00,Erhardt,8,11,19
2025.11.23,17:00,17:15,Erhardt,13,16,29
2025.11.23,17:15,17:30,Erhardt,11,11,22
2025.11.23,17:30,17:45,Erhardt,5,18,23
2025.11.23,17:45,18:00,Erhardt,13,15,28
2025.11.23,18:00,18:15,Erhardt,9,8,17
2025.11.23,18:15,18:30,Erhardt,5,12,17
2025.11.23,18:30,18:45,Erhardt,10,3,13
2025.11.23,18:45,19:00,Erhardt,9,8,17
2025.11.23,19:00,19:15,Erhardt,7,5,12
2025.11.23,19:15,19:30,Erhardt,6,10,16
2025.11.23,19:30,19:45,Erhardt,7,4,11
2025.11.23,19:45,20:00,Erhardt,7,7,14
2025.11.23,20:00,20:15,Erhardt,6,3,9
2025.11.23,20:15,20:30,Erhardt,3,6,9
2025.11.23,20:30,20:45,Erhardt,6,4,10
2025.11.23,20:45,21:00,Erhardt,3,2,5
2025.11.23,21:00,21:15,Erhardt,3,1,4
2025.11.23,21:15,21:30,Erhardt,1,4,5
2025.11.23,21:30,21:45,Erhardt,2,1,3
2025.11.23,21:45,22:00,Erhardt,4,2,6
2025.11.23,22:00,22:15,Erhardt,5,2,7
2025.11.23,22:15,22:30,Erhardt,7,4,11
2025.11.23,22:30,22:45,Erhardt,2,1,3
2025.11.23,22:45,23:00,Erhardt,0,1,1
2025.11.23,23:00,23:15,Erhardt,2,6,8
2025.11.23,23:15,23:30,Erhardt,0,6,6
2025.11.23,23:30,23:45,Erhardt,1,1,2
2025.11.23,23:45,00:00,Erhardt,0,0,0
2025.11.24,00:00,00:15,Erhardt,1,1,2
2025.11.24,00:15,00:30,Erhardt,1,1,2
2025.11.24,00:30,00:45,Erhardt,0,0,0
2025.11.24,00:45,01:00,Erhardt,0,0,0
2025.11.24,01:00,01:15,Erhardt,0,0,0
2025.11.24,01:15,01:30,Erhardt,0,0,0
2025.11.24,01:30,01:45,Erhardt,1,0,1
2025.11.24,01:45,02:00,Erhardt,0,0,0
2025.11.24,02:00,02:15,Erhardt,0,0,0
2025.11.24,02:15,02:30,Erhardt,0,0,0
2025.11.24,02:30,02:45,Erhardt,0,0,0
2025.11.24,02:45,03:00,Erhardt,0,0,0
2025.11.24,03:00,03:15,Erhardt,0,0,0
2025.11.24,03:15,03:30,Erhardt,0,0,0
2025.11.24,03:30,03:45,Erhardt,0,0,0
2025.11.24,03:45,04:00,Erhardt,0,0,0
2025.11.24,04:00,04:15,Erhardt,0,0,0
2025.11.24,04:15,04:30,Erhardt,0,0,0
2025.11.24,04:30,04:45,Erhardt,0,0,0
2025.11.24,04:45,05:00,Erhardt,1,2,3
2025.11.24,05:00,05:15,Erhardt,2,0,2
2025.11.24,05:15,05:30,Erhardt,0,0,0
2025.11.24,05:30,05:45,Erhardt,4,2,6
2025.11.24,05:45,06:00,Erhardt,4,1,5
2025.11.24,06:00,06:15,Erhardt,3,2,5
2025.11.24,06:15,06:30,Erhardt,5,3,8
2025.11.24,06:30,06:45,Erhardt,8,1,9
2025.11.24,06:45,07:00,Erhardt,4,10,14
2025.11.24,07:00,07:15,Erhardt,7,10,17
2025.11.24,07:15,07:30,Erhardt,13,16,29
2025.11.24,07:30,07:45,Erhardt,17,9,26
2025.11.24,07:45,08:00,Erhardt,24,26,50
2025.11.24,08:00,08:15,Erhardt,30,19,49
2025.11.24,08:15,08:30,Erhardt,28,27,55
2025.11.24,08:30,08:45,Erhardt,25,20,45
2025.11.24,08:45,09:00,Erhardt,21,19,40
2025.11.24,09:00,09:15,Erhardt,19,12,31
2025.11.24,09:15,09:30,Erhardt,16,9,25
2025.11.24,09:30,09:45,Erhardt,8,8,16
2025.11.24,09:45,10:00,Erhardt,9,14,23
2025.11.24,10:00,10:15,Erhardt,8,5,13
2025.11.24,10:15,10:30,Erhardt,7,3,10
2025.11.24,10:30,10:45,Erhardt,6,6,12
2025.11.24,10:45,11:00,Erhardt,7,9,16
2025.11.24,11:00,11:15,Erhardt,3,4,7
2025.11.24,11:15,11:30,Erhardt,7,4,11
2025.11.24,11:30,11:45,Erhardt,6,6,12
2025.11.24,11:45,12:00,Erhardt,5,10,15
2025.11.24,12:00,12:15,Erhardt,8,8,16
2025.11.24,12:15,12:30,Erhardt,10,3,13
2025.11.24,12:30,12:45,Erhardt,6,4,10
2025.11.24,12:45,13:00,Erhardt,7,11,18
2025.11.24,13:00,13:15,Erhardt,9,14,23
2025.11.24,13:15,13:30,Erhardt,8,7,15
2025.11.24,13:30,13:45,Erhardt,13,7,20
2025.11.24,13:45,14:00,Erhardt,11,11,22
2025.11.24,14:00,14:15,Erhardt,10,10,20
2025.11.24,14:15,14:30,Erhardt,11,6,17
2025.11.24,14:30,14:45,Erhardt,9,6,15
2025.11.24,14:45,15:00,Erhardt,12,7,19
2025.11.24,15:00,15:15,Erhardt,13,12,25
2025.11.24,15:15,15:30,Erhardt,15,6,21
2025.11.24,15:30,15:45,Erhardt,10,12,22
2025.11.24,15:45,16:00,Erhardt,17,15,32
2025.11.24,16:00,16:15,Erhardt,17,8,25
2025.11.24,16:15,16:30,Erhardt,20,21,41
2025.11.24,16:30,16:45,Erhardt,14,6,20
2025.11.24,16:45,17:00,Erhardt,11,17,28
2025.11.24,17:00,17:15,Erhardt,9,13,22
2025.11.24,17:15,17:30,Erhardt,17,9,26
2025.11.24,17:30,17:45,Erhardt,24,17,41
2025.11.24,17:45,18:00,Erhardt,15,22,37
2025.11.24,18:00,18:15,Erhardt,20,14,34
2025.11.24,18:15,18:30,Erhardt,16,21,37
2025.11.24,18:30,18:45,Erhardt,17,12,29
2025.11.24,18:45,19:00,Erhardt,25,12,37
2025.11.24,19:00,19:15,Erhardt,13,11,24
2025.11.24,19:15,19:30,Erhardt,22,14,36
2025.11.24,19:30,19:45,Erhardt,7,11,18
2025.11.24,19:45,20:00,Erhardt,9,12,21
2025.11.24,20:00,20:15,Erhardt,14,9,23
2025.11.24,20:15,20:30,Erhardt,8,3,11
2025.11.24,20:30,20:45,Erhardt,5,3,8
2025.11.24,20:45,21:00,Erhardt,3,5,8
2025.11.24,21:00,21:15,Erhardt,7,6,13
2025.11.24,21:15,21:30,Erhardt,6,5,11
2025.11.24,21:30,21:45,Erhardt,5,2,7
2025.11.24,21:45,22:00,Erhardt,4,3,7
2025.11.24,22:00,22:15,Erhardt,7,4,11
2025.11.24,22:15,22:30,Erhardt,5,4,9
2025.11.24,22:30,22:45,Erhardt,3,0,3
2025.11.24,22:45,23:00,Erhardt,5,2,7
2025.11.24,23:00,23:15,Erhardt,4,0,4
2025.11.24,23:15,23:30,Erhardt,5,5,10
2025.11.24,23:30,23:45,Erhardt,1,0,1
2025.11.24,23:45,00:00,Erhardt,1,0,1
2025.11.25,00:00,00:15,Erhardt,0,0,0
2025.11.25,00:15,00:30,Erhardt,0,0,0
2025.11.25,00:30,00:45,Erhardt,0,0,0
2025.11.25,00:45,01:00,Erhardt,0,0,0
2025.11.25,01:00,01:15,Erhardt,0,0,0
2025.11.25,01:15,01:30,Erhardt,0,0,0
2025.11.25,01:30,01:45,Erhardt,0,0,0
2025.11.25,01:45,02:00,Erhardt,1,0,1
2025.11.25,02:00,02:15,Erhardt,0,0,0
2025.11.25,02:15,02:30,Erhardt,0,0,0
2025.11.25,02:30,02:45,Erhardt,1,0,1
2025.11.25,02:45,03:00,Erhardt,0,0,0
2025.11.25,03:00,03:15,Erhardt,0,0,0
2025.11.25,03:15,03:30,Erhardt,0,0,0
2025.11.25,03:30,03:45,Erhardt,0,0,0
2025.11.25,03:45,04:00,Erhardt,0,0,0
2025.11.25,04:00,04:15,Erhardt,0,0,0
2025.11.25,04:15,04:30,Erhardt,0,0,0
2025.11.25,04:30,04:45,Erhardt,0,1,1
2025.11.25,04:45,05:00,Erhardt,1,0,1
2025.11.25,05:00,05:15,Erhardt,0,0,0
2025.11.25,05:15,05:30,Erhardt,0,0,0
2025.11.25,05:30,05:45,Erhardt,5,4,9
2025.11.25,05:45,06:00,Erhardt,5,3,8
2025.11.25,06:00,06:15,Erhardt,1,3,4
2025.11.25,06:15,06:30,Erhardt,3,4,7
2025.11.25,06:30,06:45,Erhardt,5,4,9
2025.11.25,06:45,07:00,Erhardt,7,9,16
2025.11.25,07:00,07:15,Erhardt,9,12,21
2025.11.25,07:15,07:30,Erhardt,14,13,27
2025.11.25,07:30,07:45,Erhardt,23,29,52
2025.11.25,07:45,08:00,Erhardt,37,21,58
2025.11.25,08:00,08:15,Erhardt,45,39,84
2025.11.25,08:15,08:30,Erhardt,43,37,80
2025.11.25,08:30,08:45,Erhardt,41,45,86
2025.11.25,08:45,09:00,Erhardt,32,35,67
2025.11.25,09:00,09:15,Erhardt,35,15,50
2025.11.25,09:15,09:30,Erhardt,21,27,48
2025.11.25,09:30,09:45,Erhardt,20,17,37
2025.11.25,09:45,10:00,Erhardt,15,22,37
2025.11.25,10:00,10:15,Erhardt,9,13,22
2025.11.25,10:15,10:30,Erhardt,9,15,24
2025.11.25,10:30,10:45,Erhardt,11,9,20
2025.11.25,10:45,11:00,Erhardt,9,7,16
2025.11.25,11:00,11:15,Erhardt,8,15,23
2025.11.25,11:15,11:30,Erhardt,8,12,20
2025.11.25,11:30,11:45,Erhardt,14,14,28
2025.11.25,11:45,12:00,Erhardt,12,12,24
2025.11.25,12:00,12:15,Erhardt,11,13,24
2025.11.25,12:15,12:30,Erhardt,14,12,26
2025.11.25,12:30,12:45,Erhardt,11,8,19
2025.11.25,12:45,13:00,Erhardt,15,8,23
2025.11.25,13:00,13:15,Erhardt,12,14,26
2025.11.25,13:15,13:30,Erhardt,14,15,29
2025.11.25,13:30,13:45,Erhardt,11,13,24
2025.11.25,13:45,14:00,Erhardt,13,13,26
2025.11.25,14:00,14:15,Erhardt,15,14,29
2025.11.25,14:15,14:30,Erhardt,13,13,26
2025.11.25,14:30,14:45,Erhardt,24,18,42
2025.11.25,14:45,15:00,Erhardt,23,12,35
2025.11.25,15:00,15:15,Erhardt,17,12,29
2025.11.25,15:15,15:30,Erhardt,19,13,32
2025.11.25,15:30,15:45,Erhardt,14,13,27
2025.11.25,15:45,16:00,Erhardt,14,23,37
2025.11.25,16:00,16:15,Erhardt,19,12,31
2025.11.25,16:15,16:30,Erhardt,25,21,46
2025.11.25,16:30,16:45,Erhardt,26,20,46
2025.11.25,16:45,17:00,Erhardt,28,17,45
2025.11.25,17:00,17:15,Erhardt,27,18,45
2025.11.25,17:15,17:30,Erhardt,35,19,54
2025.11.25,17:30,17:45,Erhardt,37,19,56
2025.11.25,17:45,18:00,Erhardt,36,35,71
2025.11.25,18:00,18:15,Erhardt,44,19,63
2025.11.25,18:15,18:30,Erhardt,46,26,72
2025.11.25,18:30,18:45,Erhardt,26,22,48
2025.11.25,18:45,19:00,Erhardt,34,21,55
2025.11.25,19:00,19:15,Erhardt,21,13,34
2025.11.25,19:15,19:30,Erhardt,29,15,44
2025.11.25,19:30,19:45,Erhardt,28,11,39
2025.11.25,19:45,20:00,Erhardt,17,15,32
2025.11.25,20:00,20:15,Erhardt,22,6,28
2025.11.25,20:15,20:30,Erhardt,10,17,27
2025.11.25,20:30,20:45,Erhardt,4,7,11
2025.11.25,20:45,21:00,Erhardt,22,7,29
2025.11.25,21:00,21:15,Erhardt,16,5,21
2025.11.25,21:15,21:30,Erhardt,8,7,15
2025.11.25,21:30,21:45,Erhardt,15,11,26
2025.11.25,21:45,22:00,Erhardt,7,5,12
2025.11.25,22:00,22:15,Erhardt,18,7,25
2025.11.25,22:15,22:30,Erhardt,13,4,17
2025.11.25,22:30,22:45,Erhardt,6,6,12
2025.11.25,22:45,23:00,Erhardt,11,4,15
2025.11.25,23:00,23:15,Erhardt,5,4,9
2025.11.25,23:15,23:30,Erhardt,3,5,8
2025.11.25,23:30,23:45,Erhardt,2,0,2
2025.11.25,23:45,00:00,Erhardt,2,5,7
2025.11.26,00:00,00:15,Erhardt,2,1,3
2025.11.26,00:15,00:30,Erhardt,0,1,1
2025.11.26,00:30,00:45,Erhardt,0,0,0
2025.11.26,00:45,01:00,Erhardt,2,1,3
2025.11.26,01:00,01:15,Erhardt,0,1,1
2025.11.26,01:15,01:30,Erhardt,0,0,0
2025.11.26,01:30,01:45,Erhardt,0,0,0
2025.11.26,01:45,02:00,Erhardt,0,0,0
2025.11.26,02:00,02:15,Erhardt,0,1,1
2025.11.26,02:15,02:30,Erhardt,0,0,0
2025.11.26,02:30,02:45,Erhardt,0,0,0
2025.11.26,02:45,03:00,Erhardt,0,0,0
2025.11.26,03:00,03:15,Erhardt,0,0,0
2025.11.26,03:15,03:30,Erhardt,1,0,1
2025.11.26,03:30,03:45,Erhardt,0,1,1
2025.11.26,03:45,04:00,Erhardt,0,0,0
2025.11.26,04:00,04:15,Erhardt,0,0,0
2025.11.26,04:15,04:30,Erhardt,0,0,0
2025.11.26,04:30,04:45,Erhardt,0,0,0
2025.11.26,04:45,05:00,Erhardt,2,0,2
2025.11.26,05:00,05:15,Erhardt,2,0,2
2025.11.26,05:15,05:30,Erhardt,1,1,2
2025.11.26,05:30,05:45,Erhardt,4,3,7
2025.11.26,05:45,06:00,Erhardt,3,4,7
2025.11.26,06:00,06:15,Erhardt,2,3,5
2025.11.26,06:15,06:30,Erhardt,5,7,12
2025.11.26,06:30,06:45,Erhardt,2,5,7
2025.11.26,06:45,07:00,Erhardt,6,10,16
2025.11.26,07:00,07:15,Erhardt,14,11,25
2025.11.26,07:15,07:30,Erhardt,22,10,32
2025.11.26,07:30,07:45,Erhardt,28,18,46
2025.11.26,07:45,08:00,Erhardt,33,35,68
2025.11.26,08:00,08:15,Erhardt,19,41,60
2025.11.26,08:15,08:30,Erhardt,19,37,56
2025.11.26,08:30,08:45,Erhardt,34,32,66
2025.11.26,08:45,09:00,Erhardt,41,23,64
2025.11.26,09:00,09:15,Erhardt,18,19,37
2025.11.26,09:15,09:30,Erhardt,12,18,30
2025.11.26,09:30,09:45,Erhardt,9,21,30
2025.11.26,09:45,10:00,Erhardt,17,24,41
2025.11.26,10:00,10:15,Erhardt,11,19,30
2025.11.26,10:15,10:30,Erhardt,10,8,18
2025.11.26,10:30,10:45,Erhardt,5,7,12
2025.11.26,10:45,11:00,Erhardt,6,8,14
2025.11.26,11:00,11:15,Erhardt,5,9,14
2025.11.26,11:15,11:30,Erhardt,12,9,21
2025.11.26,11:30,11:45,Erhardt,9,8,17
2025.11.26,11:45,12:00,Erhardt,8,14,22
2025.11.26,12:00,12:15,Erhardt,5,14,19
2025.11.26,12:15,12:30,Erhardt,11,9,20
2025.11.26,12:30,12:45,Erhardt,5,4,9
2025.11.26,12:45,13:00,Erhardt,14,15,29
2025.11.26,13:00,13:15,Erhardt,11,3,14
2025.11.26,13:15,13:30,Erhardt,5,18,23
2025.11.26,13:30,13:45,Erhardt,8,17,25
2025.11.26,13:45,14:00,Erhardt,17,12,29
2025.11.26,14:00,14:15,Erhardt,14,12,26
2025.11.26,14:15,14:30,Erhardt,13,13,26
2025.11.26,14:30,14:45,Erhardt,15,9,24
2025.11.26,14:45,15:00,Erhardt,15,13,28
2025.11.26,15:00,15:15,Erhardt,14,12,26
2025.11.26,15:15,15:30,Erhardt,10,21,31
2025.11.26,15:30,15:45,Erhardt,16,11,27
2025.11.26,15:45,16:00,Erhardt,24,6,30
2025.11.26,16:00,16:15,Erhardt,26,11,37
2025.11.26,16:15,16:30,Erhardt,12,20,32
2025.11.26,16:30,16:45,Erhardt,25,16,41
2025.11.26,16:45,17:00,Erhardt,30,14,44
2025.11.26,17:00,17:15,Erhardt,20,11,31
2025.11.26,17:15,17:30,Erhardt,28,11,39
2025.11.26,17:30,17:45,Erhardt,40,25,65
2025.11.26,17:45,18:00,Erhardt,35,25,60
2025.11.26,18:00,18:15,Erhardt,34,21,55
2025.11.26,18:15,18:30,Erhardt,33,18,51
2025.11.26,18:30,18:45,Erhardt,31,23,54
2025.11.26,18:45,19:00,Erhardt,30,24,54
2025.11.26,19:00,19:15,Erhardt,22,21,43
2025.11.26,19:15,19:30,Erhardt,13,16,29
2025.11.26,19:30,19:45,Erhardt,29,21,50
2025.11.26,19:45,20:00,Erhardt,18,13,31
2025.11.26,20:00,20:15,Erhardt,12,11,23
2025.11.26,20:15,20:30,Erhardt,14,8,22
2025.11.26,20:30,20:45,Erhardt,10,9,19
2025.11.26,20:45,21:00,Erhardt,9,9,18
2025.11.26,21:00,21:15,Erhardt,12,4,16
2025.11.26,21:15,21:30,Erhardt,6,0,6
2025.11.26,21:30,21:45,Erhardt,7,7,14
2025.11.26,21:45,22:00,Erhardt,13,4,17
2025.11.26,22:00,22:15,Erhardt,8,10,18
2025.11.26,22:15,22:30,Erhardt,12,9,21
2025.11.26,22:30,22:45,Erhardt,4,4,8
2025.11.26,22:45,23:00,Erhardt,9,10,19
2025.11.26,23:00,23:15,Erhardt,8,8,16
2025.11.26,23:15,23:30,Erhardt,10,5,15
2025.11.26,23:30,23:45,Erhardt,4,8,12
2025.11.26,23:45,00:00,Erhardt,1,5,6
2025.11.27,00:00,00:15,Erhardt,1,0,1
2025.11.27,00:15,00:30,Erhardt,1,2,3
2025.11.27,00:30,00:45,Erhardt,1,1,2
2025.11.27,00:45,01:00,Erhardt,1,1,2
2025.11.27,01:00,01:15,Erhardt,1,0,1
2025.11.27,01:15,01:30,Erhardt,1,0,1
2025.11.27,01:30,01:45,Erhardt,0,2,2
2025.11.27,01:45,02:00,Erhardt,0,1,1
2025.11.27,02:00,02:15,Erhardt,0,0,0
2025.11.27,02:15,02:30,Erhardt,1,0,1
2025.11.27,02:30,02:45,Erhardt,1,0,1
2025.11.27,02:45,03:00,Erhardt,0,0,0
2025.11.27,03:00,03:15,Erhardt,2,0,2
2025.11.27,03:15,03:30,Erhardt,0,0,0
2025.11.27,03:30,03:45,Erhardt,0,0,0
2025.11.27,03:45,04:00,Erhardt,0,1,1
2025.11.27,04:00,04:15,Erhardt,0,0,0
2025.11.27,04:15,04:30,Erhardt,0,1,1
2025.11.27,04:30,04:45,Erhardt,0,0,0
2025.11.27,04:45,05:00,Erhardt,1,2,3
2025.11.27,05:00,05:15,Erhardt,1,1,2
2025.11.27,05:15,05:30,Erhardt,0,1,1
2025.11.27,05:30,05:45,Erhardt,2,4,6
2025.11.27,05:45,06:00,Erhardt,7,2,9
2025.11.27,06:00,06:15,Erhardt,3,4,7
2025.11.27,06:15,06:30,Erhardt,4,4,8
2025.11.27,06:30,06:45,Erhardt,3,10,13
2025.11.27,06:45,07:00,Erhardt,5,11,16
2025.11.27,07:00,07:15,Erhardt,14,17,31
2025.11.27,07:15,07:30,Erhardt,10,26,36
2025.11.27,07:30,07:45,Erhardt,22,29,51
2025.11.27,07:45,08:00,Erhardt,29,51,80
2025.11.27,08:00,08:15,Erhardt,40,56,96
2025.11.27,08:15,08:30,Erhardt,37,63,100
2025.11.27,08:30,08:45,Erhardt,28,45,73
2025.11.27,08:45,09:00,Erhardt,60,36,96
2025.11.27,09:00,09:15,Erhardt,38,25,63
2025.11.27,09:15,09:30,Erhardt,24,20,44
2025.11.27,09:30,09:45,Erhardt,18,22,40
2025.11.27,09:45,10:00,Erhardt,24,22,46
2025.11.27,10:00,10:15,Erhardt,15,16,31
2025.11.27,10:15,10:30,Erhardt,19,9,28
2025.11.27,10:30,10:45,Erhardt,5,9,14
2025.11.27,10:45,11:00,Erhardt,10,18,28
2025.11.27,11:00,11:15,Erhardt,14,10,24
2025.11.27,11:15,11:30,Erhardt,7,10,17
2025.11.27,11:30,11:45,Erhardt,10,15,25
2025.11.27,11:45,12:00,Erhardt,13,14,27
2025.11.27,12:00,12:15,Erhardt,14,19,33
2025.11.27,12:15,12:30,Erhardt,9,15,24
2025.11.27,12:30,12:45,Erhardt,15,15,30
2025.11.27,12:45,13:00,Erhardt,11,12,23
2025.11.27,13:00,13:15,Erhardt,17,10,27
2025.11.27,13:15,13:30,Erhardt,20,22,42
2025.11.27,13:30,13:45,Erhardt,19,17,36
2025.11.27,13:45,14:00,Erhardt,22,22,44
2025.11.27,14:00,14:15,Erhardt,17,13,30
2025.11.27,14:15,14:30,Erhardt,21,13,34
2025.11.27,14:30,14:45,Erhardt,18,16,34
2025.11.27,14:45,15:00,Erhardt,24,20,44
2025.11.27,15:00,15:15,Erhardt,20,18,38
2025.11.27,15:15,15:30,Erhardt,22,13,35
2025.11.27,15:30,15:45,Erhardt,22,27,49
2025.11.27,15:45,16:00,Erhardt,40,15,55
2025.11.27,16:00,16:15,Erhardt,18,13,31
2025.11.27,16:15,16:30,Erhardt,32,27,59
2025.11.27,16:30,16:45,Erhardt,33,17,50
2025.11.27,16:45,17:00,Erhardt,40,29,69
2025.11.27,17:00,17:15,Erhardt,35,17,52
2025.11.27,17:15,17:30,Erhardt,40,26,66
2025.11.27,17:30,17:45,Erhardt,44,38,82
2025.11.27,17:45,18:00,Erhardt,44,42,86
2025.11.27,18:00,18:15,Erhardt,46,14,60
2025.11.27,18:15,18:30,Erhardt,44,29,73
2025.11.27,18:30,18:45,Erhardt,44,31,75
2025.11.27,18:45,19:00,Erhardt,36,37,73
2025.11.27,19:00,19:15,Erhardt,27,22,49
2025.11.27,19:15,19:30,Erhardt,31,18,49
2025.11.27,19:30,19:45,Erhardt,27,17,44
2025.11.27,19:45,20:00,Erhardt,23,20,43
2025.11.27,20:00,20:15,Erhardt,12,13,25
2025.11.27,20:15,20:30,Erhardt,17,8,25
2025.11.27,20:30,20:45,Erhardt,11,11,22
2025.11.27,20:45,21:00,Erhardt,13,9,22
2025.11.27,21:00,21:15,Erhardt,18,10,28
2025.11.27,21:15,21:30,Erhardt,7,9,16
2025.11.27,21:30,21:45,Erhardt,16,7,23
2025.11.27,21:45,22:00,Erhardt,8,9,17
2025.11.27,22:00,22:15,Erhardt,12,8,20
2025.11.27,22:15,22:30,Erhardt,9,8,17
2025.11.27,22:30,22:45,Erhardt,21,12,33
2025.11.27,22:45,23:00,Erhardt,9,7,16
2025.11.27,23:00,23:15,Erhardt,9,15,24
2025.11.27,23:15,23:30,Erhardt,6,3,9
2025.11.27,23:30,23:45,Erhardt,2,5,7
2025.11.27,23:45,00:00,Erhardt,5,6,11
2025.11.28,00:00,00:15,Erhardt,5,10,15
2025.11.28,00:15,00:30,Erhardt,4,4,8
2025.11.28,00:30,00:45,Erhardt,2,1,3
2025.11.28,00:45,01:00,Erhardt,1,0,1
2025.11.28,01:00,01:15,Erhardt,0,1,1
2025.11.28,01:15,01:30,Erhardt,1,1,2
2025.11.28,01:30,01:45,Erhardt,1,2,3
2025.11.28,01:45,02:00,Erhardt,1,1,2
2025.11.28,02:00,02:15,Erhardt,2,1,3
2025.11.28,02:15,02:30,Erhardt,0,0,0
2025.11.28,02:30,02:45,Erhardt,0,1,1
2025.11.28,02:45,03:00,Erhardt,0,0,0
2025.11.28,03:00,03:15,Erhardt,0,0,0
2025.11.28,03:15,03:30,Erhardt,1,0,1
2025.11.28,03:30,03:45,Erhardt,0,0,0
2025.11.28,03:45,04:00,Erhardt,0,0,0
2025.11.28,04:00,04:15,Erhardt,0,0,0
2025.11.28,04:15,04:30,Erhardt,0,1,1
2025.11.28,04:30,04:45,Erhardt,0,0,0
2025.11.28,04:45,05:00,Erhardt,2,1,3
2025.11.28,05:00,05:15,Erhardt,0,0,0
2025.11.28,05:15,05:30,Erhardt,0,0,0
2025.11.28,05:30,05:45,Erhardt,2,3,5
2025.11.28,05:45,06:00,Erhardt,3,8,11
2025.11.28,06:00,06:15,Erhardt,1,3,4
2025.11.28,06:15,06:30,Erhardt,2,2,4
2025.11.28,06:30,06:45,Erhardt,3,4,7
2025.11.28,06:45,07:00,Erhardt,11,8,19
2025.11.28,07:00,07:15,Erhardt,15,12,27
2025.11.28,07:15,07:30,Erhardt,12,16,28
2025.11.28,07:30,07:45,Erhardt,23,22,45
2025.11.28,07:45,08:00,Erhardt,30,39,69
2025.11.28,08:00,08:15,Erhardt,20,32,52
2025.11.28,08:15,08:30,Erhardt,24,31,55
2025.11.28,08:30,08:45,Erhardt,16,34,50
2025.11.28,08:45,09:00,Erhardt,36,35,71
2025.11.28,09:00,09:15,Erhardt,17,34,51
2025.11.28,09:15,09:30,Erhardt,22,19,41
2025.11.28,09:30,09:45,Erhardt,15,20,35
2025.11.28,09:45,10:00,Erhardt,12,24,36
2025.11.28,10:00,10:15,Erhardt,7,21,28
2025.11.28,10:15,10:30,Erhardt,15,14,29
2025.11.28,10:30,10:45,Erhardt,7,12,19
2025.11.28,10:45,11:00,Erhardt,15,21,36
2025.11.28,11:00,11:15,Erhardt,9,8,17
2025.11.28,11:15,11:30,Erhardt,17,19,36
2025.11.28,11:30,11:45,Erhardt,10,8,18
2025.11.28,11:45,12:00,Erhardt,11,22,33
2025.11.28,12:00,12:15,Erhardt,17,20,37
2025.11.28,12:15,12:30,Erhardt,20,8,28
2025.11.28,12:30,12:45,Erhardt,15,20,35
2025.11.28,12:45,13:00,Erhardt,17,24,41
2025.11.28,13:00,13:15,Erhardt,15,13,28
2025.11.28,13:15,13:30,Erhardt,31,23,54
2025.11.28,13:30,13:45,Erhardt,21,19,40
2025.11.28,13:45,14:00,Erhardt,29,10,39
2025.11.28,14:00,14:15,Erhardt,31,14,45
2025.11.28,14:15,14:30,Erhardt,28,17,45
2025.11.28,14:30,14:45,Erhardt,28,19,47
2025.11.28,14:45,15:00,Erhardt,23,22,45
2025.11.28,15:00,15:15,Erhardt,27,27,54
2025.11.28,15:15,15:30,Erhardt,18,21,39
2025.11.28,15:30,15:45,Erhardt,30,18,48
2025.11.28,15:45,16:00,Erhardt,25,19,44
2025.11.28,16:00,16:15,Erhardt,23,26,49
2025.11.28,16:15,16:30,Erhardt,27,30,57
2025.11.28,16:30,16:45,Erhardt,35,24,59
2025.11.28,16:45,17:00,Erhardt,26,21,47
2025.11.28,17:00,17:15,Erhardt,21,26,47
2025.11.28,17:15,17:30,Erhardt,25,21,46
2025.11.28,17:30,17:45,Erhardt,16,16,32
2025.11.28,17:45,18:00,Erhardt,35,24,59
2025.11.28,18:00,18:15,Erhardt,27,24,51
2025.11.28,18:15,18:30,Erhardt,31,25,56
2025.11.28,18:30,18:45,Erhardt,23,16,39
2025.11.28,18:45,19:00,Erhardt,30,25,55
2025.11.28,19:00,19:15,Erhardt,22,17,39
2025.11.28,19:15,19:30,Erhardt,17,20,37
2025.11.28,19:30,19:45,Erhardt,20,15,35
2025.11.28,19:45,20:00,Erhardt,16,17,33
2025.11.28,20:00,20:15,Erhardt,12,10,22
2025.11.28,20:15,20:30,Erhardt,10,12,22
2025.11.28,20:30,20:45,Erhardt,9,8,17
2025.11.28,20:45,21:00,Erhardt,13,8,21
2025.11.28,21:00,21:15,Erhardt,9,8,17
2025.11.28,21:15,21:30,Erhardt,10,7,17
2025.11.28,21:30,21:45,Erhardt,6,3,9
2025.11.28,21:45,22:00,Erhardt,6,9,15
2025.11.28,22:00,22:15,Erhardt,10,6,16
2025.11.28,22:15,22:30,Erhardt,14,6,20
2025.11.28,22:30,22:45,Erhardt,11,7,18
2025.11.28,22:45,23:00,Erhardt,6,8,14
2025.11.28,23:00,23:15,Erhardt,6,4,10
2025.11.28,23:15,23:30,Erhardt,10,6,16
2025.11.28,23:30,23:45,Erhardt,7,2,9
2025.11.28,23:45,00:00,Erhardt,9,1,10
2025.11.29,00:00,00:15,Erhardt,4,8,12
2025.11.29,00:15,00:30,Erhardt,6,4,10
2025.11.29,00:30,00:45,Erhardt,4,4,8
2025.11.29,00:45,01:00,Erhardt,2,2,4
2025.11.29,01:00,01:15,Erhardt,4,2,6
2025.11.29,01:15,01:30,Erhardt,0,3,3
2025.11.29,01:30,01:45,Erhardt,5,1,6
2025.11.29,01:45,02:00,Erhardt,3,2,5
2025.11.29,02:00,02:15,Erhardt,1,2,3
2025.11.29,02:15,02:30,Erhardt,1,1,2
2025.11.29,02:30,02:45,Erhardt,1,5,6
2025.11.29,02:45,03:00,Erhardt,0,1,1
2025.11.29,03:00,03:15,Erhardt,1,1,2
2025.11.29,03:15,03:30,Erhardt,1,0,1
2025.11.29,03:30,03:45,Erhardt,1,2,3
2025.11.29,03:45,04:00,Erhardt,0,0,0
2025.11.29,04:00,04:15,Erhardt,1,0,1
2025.11.29,04:15,04:30,Erhardt,1,0,1
2025.11.29,04:30,04:45,Erhardt,1,0,1
2025.11.29,04:45,05:00,Erhardt,0,0,0
2025.11.29,05:00,05:15,Erhardt,0,0,0
2025.11.29,05:15,05:30,Erhardt,0,0,0
2025.11.29,05:30,05:45,Erhardt,0,0,0
2025.11.29,05:45,06:00,Erhardt,2,2,4
2025.11.29,06:00,06:15,Erhardt,0,0,0
2025.11.29,06:15,06:30,Erhardt,1,0,1
2025.11.29,06:30,06:45,Erhardt,1,1,2
2025.11.29,06:45,07:00,Erhardt,0,0,0
2025.11.29,07:00,07:15,Erhardt,1,3,4
2025.11.29,07:15,07:30,Erhardt,1,1,2
2025.11.29,07:30,07:45,Erhardt,1,4,5
2025.11.29,07:45,08:00,Erhardt,7,2,9
2025.11.29,08:00,08:15,Erhardt,4,0,4
2025.11.29,08:15,08:30,Erhardt,0,6,6
2025.11.29,08:30,08:45,Erhardt,5,4,9
2025.11.29,08:45,09:00,Erhardt,3,9,12
2025.11.29,09:00,09:15,Erhardt,3,7,10
2025.11.29,09:15,09:30,Erhardt,4,4,8
2025.11.29,09:30,09:45,Erhardt,14,7,21
2025.11.29,09:45,10:00,Erhardt,15,10,25
2025.11.29,10:00,10:15,Erhardt,9,3,12
2025.11.29,10:15,10:30,Erhardt,7,8,15
2025.11.29,10:30,10:45,Erhardt,13,5,18
2025.11.29,10:45,11:00,Erhardt,17,11,28
2025.11.29,11:00,11:15,Erhardt,9,8,17
2025.11.29,11:15,11:30,Erhardt,10,9,19
2025.11.29,11:30,11:45,Erhardt,9,12,21
2025.11.29,11:45,12:00,Erhardt,15,10,25
2025.11.29,12:00,12:15,Erhardt,9,12,21
2025.11.29,12:15,12:30,Erhardt,10,12,22
2025.11.29,12:30,12:45,Erhardt,20,11,31
2025.11.29,12:45,13:00,Erhardt,11,9,20
2025.11.29,13:00,13:15,Erhardt,15,16,31
2025.11.29,13:15,13:30,Erhardt,19,21,40
2025.11.29,13:30,13:45,Erhardt,10,16,26
2025.11.29,13:45,14:00,Erhardt,21,12,33
2025.11.29,14:00,14:15,Erhardt,16,17,33
2025.11.29,14:15,14:30,Erhardt,19,11,30
2025.11.29,14:30,14:45,Erhardt,16,18,34
2025.11.29,14:45,15:00,Erhardt,14,24,38
2025.11.29,15:00,15:15,Erhardt,19,9,28
2025.11.29,15:15,15:30,Erhardt,15,10,25
2025.11.29,15:30,15:45,Erhardt,16,21,37
2025.11.29,15:45,16:00,Erhardt,10,15,25
2025.11.29,16:00,16:15,Erhardt,18,9,27
2025.11.29,16:15,16:30,Erhardt,10,17,27
2025.11.29,16:30,16:45,Erhardt,16,13,29
2025.11.29,16:45,17:00,Erhardt,18,7,25
2025.11.29,17:00,17:15,Erhardt,13,5,18
2025.11.29,17:15,17:30,Erhardt,12,13,25
2025.11.29,17:30,17:45,Erhardt,14,12,26
2025.11.29,17:45,18:00,Erhardt,22,12,34
2025.11.29,18:00,18:15,Erhardt,8,10,18
2025.11.29,18:15,18:30,Erhardt,25,13,38
2025.11.29,18:30,18:45,Erhardt,17,10,27
2025.11.29,18:45,19:00,Erhardt,15,13,28
2025.11.29,19:00,19:15,Erhardt,6,7,13
2025.11.29,19:15,19:30,Erhardt,7,19,26
2025.11.29,19:30,19:45,Erhardt,12,9,21
2025.11.29,19:45,20:00,Erhardt,10,6,16
2025.11.29,20:00,20:15,Erhardt,9,9,18
2025.11.29,20:15,20:30,Erhardt,9,8,17
2025.11.29,20:30,20:45,Erhardt,8,5,13
2025.11.29,20:45,21:00,Erhardt,8,2,10
2025.11.29,21:00,21:15,Erhardt,3,3,6
2025.11.29,21:15,21:30,Erhardt,2,4,6
2025.11.29,21:30,21:45,Erhardt,7,2,9
2025.11.29,21:45,22:00,Erhardt,4,6,10
2025.11.29,22:00,22:15,Erhardt,7,8,15
2025.11.29,22:15,22:30,Erhardt,4,7,11
2025.11.29,22:30,22:45,Erhardt,6,5,11
2025.11.29,22:45,23:00,Erhardt,2,3,5
2025.11.29,23:00,23:15,Erhardt,8,1,9
2025.11.29,23:15,23:30,Erhardt,8,4,12
2025.11.29,23:30,23:45,Erhardt,11,3,14
2025.11.29,23:45,00:00,Erhardt,6,16,22
2025.11.30,00:00,00:15,Erhardt,7,7,14
2025.11.30,00:15,00:30,Erhardt,5,7,12
2025.11.30,00:30,00:45,Erhardt,2,1,3
2025.11.30,00:45,01:00,Erhardt,2,4,6
2025.11.30,01:00,01:15,Erhardt,6,4,10
2025.11.30,01:15,01:30,Erhardt,1,4,5
2025.11.30,01:30,01:45,Erhardt,1,6,7
2025.11.30,01:45,02:00,Erhardt,4,7,11
2025.11.30,02:00,02:15,Erhardt,1,1,2
2025.11.30,02:15,02:30,Erhardt,0,1,1
2025.11.30,02:30,02:45,Erhardt,1,2,3
2025.11.30,02:45,03:00,Erhardt,0,0,0
2025.11.30,03:00,03:15,Erhardt,3,0,3
2025.11.30,03:15,03:30,Erhardt,1,1,2
2025.11.30,03:30,03:45,Erhardt,1,0,1
2025.11.30,03:45,04:00,Erhardt,2,2,4
2025.11.30,04:00,04:15,Erhardt,0,2,2
2025.11.30,04:15,04:30,Erhardt,0,1,1
2025.11.30,04:30,04:45,Erhardt,0,0,0
2025.11.30,04:45,05:00,Erhardt,1,3,4
2025.11.30,05:00,05:15,Erhardt,0,0,0
2025.11.30,05:15,05:30,Erhardt,0,1,1
2025.11.30,05:30,05:45,Erhardt,0,1,1
2025.11.30,05:45,06:00,Erhardt,1,1,2
2025.11.30,06:00,06:15,Erhardt,0,1,1
2025.11.30,06:15,06:30,Erhardt,0,0,0
2025.11.30,06:30,06:45,Erhardt,1,1,2
2025.11.30,06:45,07:00,Erhardt,0,0,0
2025.11.30,07:00,07:15,Erhardt,0,1,1
2025.11.30,07:15,07:30,Erhardt,1,1,2
2025.11.30,07:30,07:45,Erhardt,1,3,4
2025.11.30,07:45,08:00,Erhardt,2,2,4
2025.11.30,08:00,08:15,Erhardt,1,1,2
2025.11.30,08:15,08:30,Erhardt,4,2,6
2025.11.30,08:30,08:45,Erhardt,5,4,9
2025.11.30,08:45,09:00,Erhardt,1,4,5
2025.11.30,09:00,09:15,Erhardt,4,3,7
2025.11.30,09:15,09:30,Erhardt,4,7,11
2025.11.30,09:30,09:45,Erhardt,9,8,17
2025.11.30,09:45,10:00,Erhardt,17,13,30
2025.11.30,10:00,10:15,Erhardt,8,11,19
2025.11.30,10:15,10:30,Erhardt,13,17,30
2025.11.30,10:30,10:45,Erhardt,14,10,24
2025.11.30,10:45,11:00,Erhardt,11,15,26
2025.11.30,11:00,11:15,Erhardt,6,12,18
2025.11.30,11:15,11:30,Erhardt,13,15,28
2025.11.30,11:30,11:45,Erhardt,13,21,34
2025.11.30,11:45,12:00,Erhardt,8,19,27
2025.11.30,12:00,12:15,Erhardt,10,19,29
2025.11.30,12:15,12:30,Erhardt,22,12,34
2025.11.30,12:30,12:45,Erhardt,16,13,29
2025.11.30,12:45,13:00,Erhardt,20,20,40
2025.11.30,13:00,13:15,Erhardt,25,22,47
2025.11.30,13:15,13:30,Erhardt,14,22,36
2025.11.30,13:30,13:45,Erhardt,24,17,41
2025.11.30,13:45,14:00,Erhardt,26,39,65
2025.11.30,14:00,14:15,Erhardt,19,11,30
2025.11.30,14:15,14:30,Erhardt,17,16,33
2025.11.30,14:30,14:45,Erhardt,26,18,44
2025.11.30,14:45,15:00,Erhardt,25,23,48
2025.11.30,15:00,15:15,Erhardt,18,17,35
2025.11.30,15:15,15:30,Erhardt,16,19,35
2025.11.30,15:30,15:45,Erhardt,22,18,40
2025.11.30,15:45,16:00,Erhardt,23,19,42
2025.11.30,16:00,16:15,Erhardt,16,23,39
2025.11.30,16:15,16:30,Erhardt,20,23,43
2025.11.30,16:30,16:45,Erhardt,9,18,27
2025.11.30,16:45,17:00,Erhardt,18,16,34
2025.11.30,17:00,17:15,Erhardt,12,13,25
2025.11.30,17:15,17:30,Erhardt,12,13,25
2025.11.30,17:30,17:45,Erhardt,13,21,34
2025.11.30,17:45,18:00,Erhardt,14,15,29
2025.11.30,18:00,18:15,Erhardt,19,13,32
2025.11.30,18:15,18:30,Erhardt,16,16,32
2025.11.30,18:30,18:45,Erhardt,16,10,26
2025.11.30,18:45,19:00,Erhardt,16,16,32
2025.11.30,19:00,19:15,Erhardt,6,10,16
2025.11.30,19:15,19:30,Erhardt,7,7,14
2025.11.30,19:30,19:45,Erhardt,12,14,26
2025.11.30,19:45,20:00,Erhardt,8,8,16
2025.11.30,20:00,20:15,Erhardt,4,3,7
2025.11.30,20:15,20:30,Erhardt,3,6,9
2025.11.30,20:30,20:45,Erhardt,4,7,11
2025.11.30,20:45,21:00,Erhardt,6,6,12
2025.11.30,21:00,21:15,Erhardt,8,0,8
2025.11.30,21:15,21:30,Erhardt,5,6,11
2025.11.30,21:30,21:45,Erhardt,4,8,12
2025.11.30,21:45,22:00,Erhardt,2,2,4
2025.11.30,22:00,22:15,Erhardt,3,1,4
2025.11.30,22:15,22:30,Erhardt,3,1,4
2025.11.30,22:30,22:45,Erhardt,2,5,7
2025.11.30,22:45,23:00,Erhardt,1,0,1
2025.11.30,23:00,23:15,Erhardt,4,3,7
2025.11.30,23:15,23:30,Erhardt,1,1,2
2025.11.30,23:30,23:45,Erhardt,0,1,1
2025.11.30,23:45,00:00,Erhardt,2,0,2
