datum,uhrzeit_start,uhrzeit_ende,zaehlstelle,richtung_1,richtung_2,gesamt
2025.06.01,00:00,00:15,Arnulf,11,0,11
2025.06.01,00:15,00:30,Arnulf,3,2,5
2025.06.01,00:30,00:45,Arnulf,11,2,13
2025.06.01,00:45,01:00,Arnulf,4,2,6
2025.06.01,01:00,01:15,Arnulf,4,1,5
2025.06.01,01:15,01:30,Arnulf,6,2,8
2025.06.01,01:30,01:45,Arnulf,3,0,3
2025.06.01,01:45,02:00,Arnulf,3,2,5
2025.06.01,02:00,02:15,Arnulf,5,1,6
2025.06.01,02:15,02:30,Arnulf,2,0,2
2025.06.01,02:30,02:45,Arnulf,4,0,4
2025.06.01,02:45,03:00,Arnulf,1,1,2
2025.06.01,03:00,03:15,Arnulf,9,1,10
2025.06.01,03:15,03:30,Arnulf,2,2,4
2025.06.01,03:30,03:45,Arnulf,3,1,4
2025.06.01,03:45,04:00,Arnulf,2,0,2
2025.06.01,04:00,04:15,Arnulf,2,1,3
2025.06.01,04:15,04:30,Arnulf,3,0,3
2025.06.01,04:30,04:45,Arnulf,1,0,1
2025.06.01,04:45,05:00,Arnulf,3,0,3
2025.06.01,05:00,05:15,Arnulf,4,1,5
2025.06.01,05:15,05:30,Arnulf,2,0,2
2025.06.01,05:30,05:45,Arnulf,2,1,3
2025.06.01,05:45,06:00,Arnulf,3,2,5
2025.06.01,06:00,06:15,Arnulf,3,0,3
2025.06.01,06:15,06:30,Arnulf,3,0,3
2025.06.01,06:30,06:45,Arnulf,6,0,6
2025.06.01,06:45,07:00,Arnulf,5,0,5
2025.06.01,07:00,07:15,Arnulf,2,1,3
2025.06.01,07:15,07:30,Arnulf,4,2,6
2025.06.01,07:30,07:45,Arnulf,9,0,9
2025.06.01,07:45,08:00,Arnulf,6,0,6
2025.06.01,08:00,08:15,Arnulf,6,0,6
2025.06.01,08:15,08:30,Arnulf,2,0,2
2025.06.01,08:30,08:45,Arnulf,8,3,11
2025.06.01,08:45,09:00,Arnulf,15,0,15
2025.06.01,09:00,09:15,Arnulf,2,1,3
2025.06.01,09:15,09:30,Arnulf,5,0,5
2025.06.01,09:30,09:45,Arnulf,7,0,7
2025.06.01,09:45,10:00,Arnulf,23,4,27
2025.06.01,10:00,10:15,Arnulf,15,1,16
2025.06.01,10:15,10:30,Arnulf,9,0,9
2025.06.01,10:30,10:45,Arnulf,10,1,11
2025.06.01,10:45,11:00,Arnulf,15,0,15
2025.06.01,11:00,11:15,Arnulf,10,0,10
2025.06.01,11:15,11:30,Arnulf,13,3,16
2025.06.01,11:30,11:45,Arnulf,12,1,13
2025.06.01,11:45,12:00,Arnulf,22,4,26
2025.06.01,12:00,12:15,Arnulf,14,0,14
2025.06.01,12:15,12:30,Arnulf,18,0,18
2025.06.01,12:30,12:45,Arnulf,21,2,23
2025.06.01,12:45,13:00,Arnulf,19,3,22
2025.06.01,13:00,13:15,Arnulf,19,0,19
2025.06.01,13:15,13:30,Arnulf,17,1,18
2025.06.01,13:30,13:45,Arnulf,20,2,22
2025.06.01,13:45,14:00,Arnulf,23,1,24
2025.06.01,14:00,14:15,Arnulf,12,3,15
2025.06.01,14:15,14:30,Arnulf,21,3,24
2025.06.01,14:30,14:45,Arnulf,34,5,39
2025.06.01,14:45,15:00,Arnulf,28,5,33
2025.06.01,15:00,15:15,Arnulf,14,2,16
2025.06.01,15:15,15:30,Arnulf,20,1,21
2025.06.01,15:30,15:45,Arnulf,19,6,25
2025.06.01,15:45,16:00,Arnulf,19,3,22
2025.06.01,16:00,16:15,Arnulf,31,1,32
2025.06.01,16:15,16:30,Arnulf,45,2,47
2025.06.01,16:30,16:45,Arnulf,26,1,27
2025.06.01,16:45,17:00,Arnulf,30,2,32
2025.06.01,17:00,17:15,Arnulf,17,1,18
2025.06.01,17:15,17:30,Arnulf,20,1,21
2025.06.01,17:30,17:45,Arnulf,28,0,28
2025.06.01,17:45,18:00,Arnulf,19,4,23
2025.06.01,18:00,18:15,Arnulf,22,1,23
2025.06.01,18:15,18:30,Arnulf,11,3,14
2025.06.01,18:30,18:45,Arnulf,30,0,30
2025.06.01,18:45,19:00,Arnulf,27,1,28
2025.06.01,19:00,19:15,Arnulf,15,2,17
2025.06.01,19:15,19:30,Arnulf,18,1,19
2025.06.01,19:30,19:45,Arnulf,17,1,18
2025.06.01,19:45,20:00,Arnulf,19,0,19
2025.06.01,20:00,20:15,Arnulf,22,0,22
2025.06.01,20:15,20:30,Arnulf,13,0,13
2025.06.01,20:30,20:45,Arnulf,11,1,12
2025.06.01,20:45,21:00,Arnulf,25,0,25
2025.06.01,21:00,21:15,Arnulf,12,3,15
2025.06.01,21:15,21:30,Arnulf,8,8,16
2025.06.01,21:30,21:45,Arnulf,12,2,14
2025.06.01,21:45,22:00,Arnulf,10,1,11
2025.06.01,22:00,22:15,Arnulf,7,0,7
2025.06.01,22:15,22:30,Arnulf,18,1,19
2025.06.01,22:30,22:45,Arnulf,5,0,5
2025.06.01,22:45,23:00,Arnulf,13,0,13
2025.06.01,23:00,23:15,Arnulf,10,1,11
2025.06.01,23:15,23:30,Arnulf,6,1,7
2025.06.01,23:30,23:45,Arnulf,2,0,2
2025.06.01,23:45,00:00,Arnulf,4,1,5
2025.06.02,00:00,00:15,Arnulf,3,0,3
2025.06.02,00:15,00:30,Arnulf,7,0,7
2025.06.02,00:30,00:45,Arnulf,5,0,5
2025.06.02,00:45,01:00,Arnulf,1,0,1
2025.06.02,01:00,01:15,Arnulf,0,0,0
2025.06.02,01:15,01:30,Arnulf,0,0,0
2025.06.02,01:30,01:45,Arnulf,1,0,1
2025.06.02,01:45,02:00,Arnulf,1,0,1
2025.06.02,02:00,02:15,Arnulf,0,0,0
2025.06.02,02:15,02:30,Arnulf,3,0,3
2025.06.02,02:30,02:45,Arnulf,3,1,4
2025.06.02,02:45,03:00,Arnulf,1,0,1
2025.06.02,03:00,03:15,Arnulf,1,0,1
2025.06.02,03:15,03:30,Arnulf,0,0,0
2025.06.02,03:30,03:45,Arnulf,2,0,2
2025.06.02,03:45,04:00,Arnulf,2,0,2
2025.06.02,04:00,04:15,Arnulf,0,0,0
2025.06.02,04:15,04:30,Arnulf,1,0,1
2025.06.02,04:30,04:45,Arnulf,0,0,0
2025.06.02,04:45,05:00,Arnulf,1,2,3
2025.06.02,05:00,05:15,Arnulf,6,0,6
2025.06.02,05:15,05:30,Arnulf,2,0,2
2025.06.02,05:30,05:45,Arnulf,4,0,4
2025.06.02,05:45,06:00,Arnulf,5,1,6
2025.06.02,06:00,06:15,Arnulf,3,0,3
2025.06.02,06:15,06:30,Arnulf,4,1,5
2025.06.02,06:30,06:45,Arnulf,11,1,12
2025.06.02,06:45,07:00,Arnulf,20,0,20
2025.06.02,07:00,07:15,Arnulf,20,0,20
2025.06.02,07:15,07:30,Arnulf,25,1,26
2025.06.02,07:30,07:45,Arnulf,28,1,29
2025.06.02,07:45,08:00,Arnulf,48,1,49
2025.06.02,08:00,08:15,Arnulf,35,1,36
2025.06.02,08:15,08:30,Arnulf,43,0,43
2025.06.02,08:30,08:45,Arnulf,44,0,44
2025.06.02,08:45,09:00,Arnulf,46,0,46
2025.06.02,09:00,09:15,Arnulf,25,2,27
2025.06.02,09:15,09:30,Arnulf,24,1,25
2025.06.02,09:30,09:45,Arnulf,24,1,25
2025.06.02,09:45,10:00,Arnulf,22,0,22
2025.06.02,10:00,10:15,Arnulf,7,2,9
2025.06.02,10:15,10:30,Arnulf,17,1,18
2025.06.02,10:30,10:45,Arnulf,13,0,13
2025.06.02,10:45,11:00,Arnulf,18,0,18
2025.06.02,11:00,11:15,Arnulf,13,1,14
2025.06.02,11:15,11:30,Arnulf,14,3,17
2025.06.02,11:30,11:45,Arnulf,8,0,8
2025.06.02,11:45,12:00,Arnulf,11,0,11
2025.06.02,12:00,12:15,Arnulf,10,2,12
2025.06.02,12:15,12:30,Arnulf,15,4,19
2025.06.02,12:30,12:45,Arnulf,12,0,12
2025.06.02,12:45,13:00,Arnulf,14,0,14
2025.06.02,13:00,13:15,Arnulf,9,0,9
2025.06.02,13:15,13:30,Arnulf,15,1,16
2025.06.02,13:30,13:45,Arnulf,13,0,13
2025.06.02,13:45,14:00,Arnulf,19,1,20
2025.06.02,14:00,14:15,Arnulf,12,1,13
2025.06.02,14:15,14:30,Arnulf,7,1,8
2025.06.02,14:30,14:45,Arnulf,18,0,18
2025.06.02,14:45,15:00,Arnulf,25,3,28
2025.06.02,15:00,15:15,Arnulf,18,1,19
2025.06.02,15:15,15:30,Arnulf,17,1,18
2025.06.02,15:30,15:45,Arnulf,28,1,29
2025.06.02,15:45,16:00,Arnulf,19,1,20
2025.06.02,16:00,16:15,Arnulf,12,2,14
2025.06.02,16:15,16:30,Arnulf,24,1,25
2025.06.02,16:30,16:45,Arnulf,29,1,30
2025.06.02,16:45,17:00,Arnulf,26,0,26
2025.06.02,17:00,17:15,Arnulf,34,2,36
2025.06.02,17:15,17:30,Arnulf,37,0,37
2025.06.02,17:30,17:45,Arnulf,36,2,38
2025.06.02,17:45,18:00,Arnulf,22,2,24
2025.06.02,18:00,18:15,Arnulf,36,3,39
2025.06.02,18:15,18:30,Arnulf,24,4,28
2025.06.02,18:30,18:45,Arnulf,23,2,25
2025.06.02,18:45,19:00,Arnulf,12,0,12
2025.06.02,19:00,19:15,Arnulf,15,1,16
2025.06.02,19:15,19:30,Arnulf,11,2,13
2025.06.02,19:30,19:45,Arnulf,4,0,4
2025.06.02,19:45,20:00,Arnulf,5,2,7
2025.06.02,20:00,20:15,Arnulf,5,0,5
2025.06.02,20:15,20:30,Arnulf,13,0,13
2025.06.02,20:30,20:45,Arnulf,7,0,7
2025.06.02,20:45,21:00,Arnulf,8,1,9
2025.06.02,21:00,21:15,Arnulf,1,0,1
2025.06.02,21:15,21:30,Arnulf,4,0,4
2025.06.02,21:30,21:45,Arnulf,4,0,4
2025.06.02,21:45,22:00,Arnulf,6,0,6
2025.06.02,22:00,22:15,Arnulf,8,1,9
2025.06.02,22:15,22:30,Arnulf,3,1,4
2025.06.02,22:30,22:45,Arnulf,14,0,14
2025.06.02,22:45,23:00,Arnulf,5,0,5
2025.06.02,23:00,23:15,Arnulf,7,0,7
2025.06.02,23:15,23:30,Arnulf,2,0,2
2025.06.02,23:30,23:45,Arnulf,0,0,0
2025.06.02,23:45,00:00,Arnulf,1,2,3
2025.06.03,00:00,00:15,Arnulf,1,1,2
2025.06.03,00:15,00:30,Arnulf,2,0,2
2025.06.03,00:30,00:45,Arnulf,2,0,2
2025.06.03,00:45,01:00,Arnulf,1,0,1
2025.06.03,01:00,01:15,Arnulf,1,0,1
2025.06.03,01:15,01:30,Arnulf,1,0,1
2025.06.03,01:30,01:45,Arnulf,0,0,0
2025.06.03,01:45,02:00,Arnulf,0,0,0
2025.06.03,02:00,02:15,Arnulf,1,0,1
2025.06.03,02:15,02:30,Arnulf,1,0,1
2025.06.03,02:30,02:45,Arnulf,0,0,0
2025.06.03,02:45,03:00,Arnulf,0,0,0
2025.06.03,03:00,03:15,Arnulf,0,0,0
2025.06.03,03:15,03:30,Arnulf,1,0,1
2025.06.03,03:30,03:45,Arnulf,0,0,0
2025.06.03,03:45,04:00,Arnulf,0,0,0
2025.06.03,04:00,04:15,Arnulf,0,0,0
2025.06.03,04:15,04:30,Arnulf,1,0,1
2025.06.03,04:30,04:45,Arnulf,0,0,0
2025.06.03,04:45,05:00,Arnulf,2,0,2
2025.06.03,05:00,05:15,Arnulf,5,0,5
2025.06.03,05:15,05:30,Arnulf,1,0,1
2025.06.03,05:30,05:45,Arnulf,4,0,4
2025.06.03,05:45,06:00,Arnulf,3,0,3
2025.06.03,06:00,06:15,Arnulf,1,3,4
2025.06.03,06:15,06:30,Arnulf,5,0,5
2025.06.03,06:30,06:45,Arnulf,4,1,5
2025.06.03,06:45,07:00,Arnulf,16,0,16
2025.06.03,07:00,07:15,Arnulf,12,1,13
2025.06.03,07:15,07:30,Arnulf,20,0,20
2025.06.03,07:30,07:45,Arnulf,13,0,13
2025.06.03,07:45,08:00,Arnulf,26,0,26
2025.06.03,08:00,08:15,Arnulf,30,1,31
2025.06.03,08:15,08:30,Arnulf,41,1,42
2025.06.03,08:30,08:45,Arnulf,44,1,45
2025.06.03,08:45,09:00,Arnulf,40,1,41
2025.06.03,09:00,09:15,Arnulf,22,0,22
2025.06.03,09:15,09:30,Arnulf,23,1,24
2025.06.03,09:30,09:45,Arnulf,27,1,28
2025.06.03,09:45,10:00,Arnulf,21,1,22
2025.06.03,10:00,10:15,Arnulf,19,0,19
2025.06.03,10:15,10:30,Arnulf,26,0,26
2025.06.03,10:30,10:45,Arnulf,12,2,14
2025.06.03,10:45,11:00,Arnulf,21,0,21
2025.06.03,11:00,11:15,Arnulf,13,0,13
2025.06.03,11:15,11:30,Arnulf,14,1,15
2025.06.03,11:30,11:45,Arnulf,17,0,17
2025.06.03,11:45,12:00,Arnulf,14,1,15
2025.06.03,12:00,12:15,Arnulf,18,0,18
2025.06.03,12:15,12:30,Arnulf,13,1,14
2025.06.03,12:30,12:45,Arnulf,11,0,11
2025.06.03,12:45,13:00,Arnulf,12,4,16
2025.06.03,13:00,13:15,Arnulf,20,2,22
2025.06.03,13:15,13:30,Arnulf,13,1,14
2025.06.03,13:30,13:45,Arnulf,18,0,18
2025.06.03,13:45,14:00,Arnulf,29,4,33
2025.06.03,14:00,14:15,Arnulf,26,0,26
2025.06.03,14:15,14:30,Arnulf,19,2,21
2025.06.03,14:30,14:45,Arnulf,19,2,21
2025.06.03,14:45,15:00,Arnulf,22,2,24
2025.06.03,15:00,15:15,Arnulf,15,1,16
2025.06.03,15:15,15:30,Arnulf,13,0,13
2025.06.03,15:30,15:45,Arnulf,23,1,24
2025.06.03,15:45,16:00,Arnulf,22,1,23
2025.06.03,16:00,16:15,Arnulf,23,1,24
2025.06.03,16:15,16:30,Arnulf,18,2,20
2025.06.03,16:30,16:45,Arnulf,19,2,21
2025.06.03,16:45,17:00,Arnulf,31,3,34
2025.06.03,17:00,17:15,Arnulf,28,2,30
2025.06.03,17:15,17:30,Arnulf,28,3,31
2025.06.03,17:30,17:45,Arnulf,40,3,43
2025.06.03,17:45,18:00,Arnulf,34,0,34
2025.06.03,18:00,18:15,Arnulf,44,2,46
2025.06.03,18:15,18:30,Arnulf,22,1,23
2025.06.03,18:30,18:45,Arnulf,30,2,32
2025.06.03,18:45,19:00,Arnulf,15,3,18
2025.06.03,19:00,19:15,Arnulf,28,2,30
2025.06.03,19:15,19:30,Arnulf,30,2,32
2025.06.03,19:30,19:45,Arnulf,18,1,19
2025.06.03,19:45,20:00,Arnulf,14,2,16
2025.06.03,20:00,20:15,Arnulf,24,3,27
2025.06.03,20:15,20:30,Arnulf,16,0,16
2025.06.03,20:30,20:45,Arnulf,9,0,9
2025.06.03,20:45,21:00,Arnulf,18,0,18
2025.06.03,21:00,21:15,Arnulf,6,2,8
2025.06.03,21:15,21:30,Arnulf,13,5,18
2025.06.03,21:30,21:45,Arnulf,17,1,18
2025.06.03,21:45,22:00,Arnulf,8,0,8
2025.06.03,22:00,22:15,Arnulf,12,1,13
2025.06.03,22:15,22:30,Arnulf,9,0,9
2025.06.03,22:30,22:45,Arnulf,6,1,7
2025.06.03,22:45,23:00,Arnulf,10,0,10
2025.06.03,23:00,23:15,Arnulf,13,0,13
2025.06.03,23:15,23:30,Arnulf,5,3,8
2025.06.03,23:30,23:45,Arnulf,3,0,3
2025.06.03,23:45,00:00,Arnulf,1,0,1
2025.06.04,00:00,00:15,Arnulf,6,0,6
2025.06.04,00:15,00:30,Arnulf,2,0,2
2025.06.04,00:30,00:45,Arnulf,3,0,3
2025.06.04,00:45,01:00,Arnulf,0,0,0
2025.06.04,01:00,01:15,Arnulf,1,0,1
2025.06.04,01:15,01:30,Arnulf,0,0,0
2025.06.04,01:30,01:45,Arnulf,3,0,3
2025.06.04,01:45,02:00,Arnulf,1,0,1
2025.06.04,02:00,02:15,Arnulf,1,0,1
2025.06.04,02:15,02:30,Arnulf,1,0,1
2025.06.04,02:30,02:45,Arnulf,0,0,0
2025.06.04,02:45,03:00,Arnulf,2,0,2
2025.06.04,03:00,03:15,Arnulf,1,0,1
2025.06.04,03:15,03:30,Arnulf,0,0,0
2025.06.04,03:30,03:45,Arnulf,0,0,0
2025.06.04,03:45,04:00,Arnulf,1,0,1
2025.06.04,04:00,04:15,Arnulf,0,0,0
2025.06.04,04:15,04:30,Arnulf,2,0,2
2025.06.04,04:30,04:45,Arnulf,1,0,1
2025.06.04,04:45,05:00,Arnulf,1,2,3
2025.06.04,05:00,05:15,Arnulf,6,0,6
2025.06.04,05:15,05:30,Arnulf,7,1,8
2025.06.04,05:30,05:45,Arnulf,5,0,5
2025.06.04,05:45,06:00,Arnulf,6,0,6
2025.06.04,06:00,06:15,Arnulf,7,1,8
2025.06.04,06:15,06:30,Arnulf,5,0,5
2025.06.04,06:30,06:45,Arnulf,13,1,14
2025.06.04,06:45,07:00,Arnulf,20,1,21
2025.06.04,07:00,07:15,Arnulf,29,0,29
2025.06.04,07:15,07:30,Arnulf,33,2,35
2025.06.04,07:30,07:45,Arnulf,40,1,41
2025.06.04,07:45,08:00,Arnulf,57,2,59
2025.06.04,08:00,08:15,Arnulf,45,1,46
2025.06.04,08:15,08:30,Arnulf,80,2,82
2025.06.04,08:30,08:45,Arnulf,60,4,64
2025.06.04,08:45,09:00,Arnulf,54,1,55
2025.06.04,09:00,09:15,Arnulf,41,0,41
2025.06.04,09:15,09:30,Arnulf,25,2,27
2025.06.04,09:30,09:45,Arnulf,25,0,25
2025.06.04,09:45,10:00,Arnulf,32,1,33
2025.06.04,10:00,10:15,Arnulf,9,3,12
2025.06.04,10:15,10:30,Arnulf,20,0,20
2025.06.04,10:30,10:45,Arnulf,16,1,17
2025.06.04,10:45,11:00,Arnulf,18,1,19
2025.06.04,11:00,11:15,Arnulf,24,1,25
2025.06.04,11:15,11:30,Arnulf,16,0,16
2025.06.04,11:30,11:45,Arnulf,17,1,18
2025.06.04,11:45,12:00,Arnulf,24,0,24
2025.06.04,12:00,12:15,Arnulf,19,2,21
2025.06.04,12:15,12:30,Arnulf,23,1,24
2025.06.04,12:30,12:45,Arnulf,22,0,22
2025.06.04,12:45,13:00,Arnulf,28,2,30
2025.06.04,13:00,13:15,Arnulf,14,2,16
2025.06.04,13:15,13:30,Arnulf,25,2,27
2025.06.04,13:30,13:45,Arnulf,23,1,24
2025.06.04,13:45,14:00,Arnulf,18,0,18
2025.06.04,14:00,14:15,Arnulf,22,0,22
2025.06.04,14:15,14:30,Arnulf,15,2,17
2025.06.04,14:30,14:45,Arnulf,18,2,20
2025.06.04,14:45,15:00,Arnulf,12,3,15
2025.06.04,15:00,15:15,Arnulf,18,1,19
2025.06.04,15:15,15:30,Arnulf,21,1,22
2025.06.04,15:30,15:45,Arnulf,23,0,23
2025.06.04,15:45,16:00,Arnulf,40,1,41
2025.06.04,16:00,16:15,Arnulf,34,1,35
2025.06.04,16:15,16:30,Arnulf,25,9,34
2025.06.04,16:30,16:45,Arnulf,40,3,43
2025.06.04,16:45,17:00,Arnulf,36,2,38
2025.06.04,17:00,17:15,Arnulf,27,0,27
2025.06.04,17:15,17:30,Arnulf,43,4,47
2025.06.04,17:30,17:45,Arnulf,37,6,43
2025.06.04,17:45,18:00,Arnulf,35,1,36
2025.06.04,18:00,18:15,Arnulf,27,0,27
2025.06.04,18:15,18:30,Arnulf,31,0,31
2025.06.04,18:30,18:45,Arnulf,27,0,27
2025.06.04,18:45,19:00,Arnulf,21,7,28
2025.06.04,19:00,19:15,Arnulf,25,0,25
2025.06.04,19:15,19:30,Arnulf,25,0,25
2025.06.04,19:30,19:45,Arnulf,16,2,18
2025.06.04,19:45,20:00,Arnulf,21,1,22
2025.06.04,20:00,20:15,Arnulf,12,1,13
2025.06.04,20:15,20:30,Arnulf,6,1,7
2025.06.04,20:30,20:45,Arnulf,8,2,10
2025.06.04,20:45,21:00,Arnulf,9,2,11
2025.06.04,21:00,21:15,Arnulf,13,1,14
2025.06.04,21:15,21:30,Arnulf,7,0,7
2025.06.04,21:30,21:45,Arnulf,8,0,8
2025.06.04,21:45,22:00,Arnulf,8,3,11
2025.06.04,22:00,22:15,Arnulf,6,0,6
2025.06.04,22:15,22:30,Arnulf,5,0,5
2025.06.04,22:30,22:45,Arnulf,5,2,7
2025.06.04,22:45,23:00,Arnulf,4,1,5
2025.06.04,23:00,23:15,Arnulf,6,0,6
2025.06.04,23:15,23:30,Arnulf,3,0,3
2025.06.04,23:30,23:45,Arnulf,4,1,5
2025.06.04,23:45,00:00,Arnulf,2,1,3
2025.06.05,00:00,00:15,Arnulf,2,0,2
2025.06.05,00:15,00:30,Arnulf,0,2,2
2025.06.05,00:30,00:45,Arnulf,1,0,1
2025.06.05,00:45,01:00,Arnulf,2,0,2
2025.06.05,01:00,01:15,Arnulf,0,0,0
2025.06.05,01:15,01:30,Arnulf,1,0,1
2025.06.05,01:30,01:45,Arnulf,1,0,1
2025.06.05,01:45,02:00,Arnulf,0,2,2
2025.06.05,02:00,02:15,Arnulf,2,1,3
2025.06.05,02:15,02:30,Arnulf,1,1,2
2025.06.05,02:30,02:45,Arnulf,0,0,0
2025.06.05,02:45,03:00,Arnulf,0,0,0
2025.06.05,03:00,03:15,Arnulf,0,0,0
2025.06.05,03:15,03:30,Arnulf,0,0,0
2025.06.05,03:30,03:45,Arnulf,1,0,1
2025.06.05,03:45,04:00,Arnulf,1,0,1
2025.06.05,04:00,04:15,Arnulf,0,0,0
2025.06.05,04:15,04:30,Arnulf,0,0,0
2025.06.05,04:30,04:45,Arnulf,1,1,2
2025.06.05,04:45,05:00,Arnulf,3,1,4
2025.06.05,05:00,05:15,Arnulf,3,0,3
2025.06.05,05:15,05:30,Arnulf,0,0,0
2025.06.05,05:30,05:45,Arnulf,2,1,3
2025.06.05,05:45,06:00,Arnulf,5,0,5
2025.06.05,06:00,06:15,Arnulf,5,1,6
2025.06.05,06:15,06:30,Arnulf,2,1,3
2025.06.05,06:30,06:45,Arnulf,4,0,4
2025.06.05,06:45,07:00,Arnulf,9,0,9
2025.06.05,07:00,07:15,Arnulf,11,0,11
2025.06.05,07:15,07:30,Arnulf,23,1,24
2025.06.05,07:30,07:45,Arnulf,29,2,31
2025.06.05,07:45,08:00,Arnulf,30,0,30
2025.06.05,08:00,08:15,Arnulf,35,1,36
2025.06.05,08:15,08:30,Arnulf,29,0,29
2025.06.05,08:30,08:45,Arnulf,38,0,38
2025.06.05,08:45,09:00,Arnulf,29,0,29
2025.06.05,09:00,09:15,Arnulf,19,2,21
2025.06.05,09:15,09:30,Arnulf,16,0,16
2025.06.05,09:30,09:45,Arnulf,14,1,15
2025.06.05,09:45,10:00,Arnulf,15,2,17
2025.06.05,10:00,10:15,Arnulf,6,1,7
2025.06.05,10:15,10:30,Arnulf,12,0,12
2025.06.05,10:30,10:45,Arnulf,14,0,14
2025.06.05,10:45,11:00,Arnulf,11,1,12
2025.06.05,11:00,11:15,Arnulf,7,0,7
2025.06.05,11:15,11:30,Arnulf,4,0,4
2025.06.05,11:30,11:45,Arnulf,11,0,11
2025.06.05,11:45,12:00,Arnulf,7,0,7
2025.06.05,12:00,12:15,Arnulf,7,1,8
2025.06.05,12:15,12:30,Arnulf,7,1,8
2025.06.05,12:30,12:45,Arnulf,9,2,11
2025.06.05,12:45,13:00,Arnulf,7,0,7
2025.06.05,13:00,13:15,Arnulf,17,0,17
2025.06.05,13:15,13:30,Arnulf,15,4,19
2025.06.05,13:30,13:45,Arnulf,10,0,10
2025.06.05,13:45,14:00,Arnulf,12,2,14
2025.06.05,14:00,14:15,Arnulf,16,2,18
2025.06.05,14:15,14:30,Arnulf,15,1,16
2025.06.05,14:30,14:45,Arnulf,15,3,18
2025.06.05,14:45,15:00,Arnulf,11,0,11
2025.06.05,15:00,15:15,Arnulf,15,1,16
2025.06.05,15:15,15:30,Arnulf,17,6,23
2025.06.05,15:30,15:45,Arnulf,13,2,15
2025.06.05,15:45,16:00,Arnulf,11,2,13
2025.06.05,16:00,16:15,Arnulf,24,0,24
2025.06.05,16:15,16:30,Arnulf,25,6,31
2025.06.05,16:30,16:45,Arnulf,28,0,28
2025.06.05,16:45,17:00,Arnulf,22,1,23
2025.06.05,17:00,17:15,Arnulf,25,1,26
2025.06.05,17:15,17:30,Arnulf,32,2,34
2025.06.05,17:30,17:45,Arnulf,33,2,35
2025.06.05,17:45,18:00,Arnulf,34,1,35
2025.06.05,18:00,18:15,Arnulf,19,4,23
2025.06.05,18:15,18:30,Arnulf,26,3,29
2025.06.05,18:30,18:45,Arnulf,16,1,17
2025.06.05,18:45,19:00,Arnulf,30,1,31
2025.06.05,19:00,19:15,Arnulf,14,2,16
2025.06.05,19:15,19:30,Arnulf,15,0,15
2025.06.05,19:30,19:45,Arnulf,7,1,8
2025.06.05,19:45,20:00,Arnulf,11,3,14
2025.06.05,20:00,20:15,Arnulf,3,1,4
2025.06.05,20:15,20:30,Arnulf,8,0,8
2025.06.05,20:30,20:45,Arnulf,10,1,11
2025.06.05,20:45,21:00,Arnulf,14,0,14
2025.06.05,21:00,21:15,Arnulf,8,1,9
2025.06.05,21:15,21:30,Arnulf,9,1,10
2025.06.05,21:30,21:45,Arnulf,3,0,3
2025.06.05,21:45,22:00,Arnulf,11,1,12
2025.06.05,22:00,22:15,Arnulf,9,0,9
2025.06.05,22:15,22:30,Arnulf,1,0,1
2025.06.05,22:30,22:45,Arnulf,7,0,7
2025.06.05,22:45,23:00,Arnulf,15,0,15
2025.06.05,23:00,23:15,Arnulf,5,0,5
2025.06.05,23:15,23:30,Arnulf,10,0,10
2025.06.05,23:30,23:45,Arnulf,3,1,4
2025.06.05,23:45,00:00,Arnulf,6,0,6
2025.06.06,00:00,00:15,Arnulf,0,0,0
2025.06.06,00:15,00:30,Arnulf,1,2,3
2025.06.06,00:30,00:45,Arnulf,0,0,0
2025.06.06,00:45,01:00,Arnulf,1,0,1
2025.06.06,01:00,01:15,Arnulf,1,0,1
2025.06.06,01:15,01:30,Arnulf,1,1,2
2025.06.06,01:30,01:45,Arnulf,1,1,2
2025.06.06,01:45,02:00,Arnulf,1,0,1
2025.06.06,02:00,02:15,Arnulf,0,0,0
2025.06.06,02:15,02:30,Arnulf,1,0,1
2025.06.06,02:30,02:45,Arnulf,2,0,2
2025.06.06,02:45,03:00,Arnulf,0,0,0
2025.06.06,03:00,03:15,Arnulf,0,0,0
2025.06.06,03:15,03:30,Arnulf,0,0,0
2025.06.06,03:30,03:45,Arnulf,1,0,1
2025.06.06,03:45,04:00,Arnulf,0,0,0
2025.06.06,04:00,04:15,Arnulf,1,0,1
2025.06.06,04:15,04:30,Arnulf,2,0,2
2025.06.06,04:30,04:45,Arnulf,4,0,4
2025.06.06,04:45,05:00,Arnulf,2,0,2
2025.06.06,05:00,05:15,Arnulf,4,0,4
2025.06.06,05:15,05:30,Arnulf,3,0,3
2025.06.06,05:30,05:45,Arnulf,2,0,2
2025.06.06,05:45,06:00,Arnulf,4,0,4
2025.06.06,06:00,06:15,Arnulf,5,0,5
2025.06.06,06:15,06:30,Arnulf,12,0,12
2025.06.06,06:30,06:45,Arnulf,3,0,3
2025.06.06,06:45,07:00,Arnulf,20,1,21
2025.06.06,07:00,07:15,Arnulf,23,0,23
2025.06.06,07:15,07:30,Arnulf,19,0,19
2025.06.06,07:30,07:45,Arnulf,21,2,23
2025.06.06,07:45,08:00,Arnulf,34,1,35
2025.06.06,08:00,08:15,Arnulf,28,1,29
2025.06.06,08:15,08:30,Arnulf,39,1,40
2025.06.06,08:30,08:45,Arnulf,41,3,44
2025.06.06,08:45,09:00,Arnulf,38,0,38
2025.06.06,09:00,09:15,Arnulf,34,3,37
2025.06.06,09:15,09:30,Arnulf,34,0,34
2025.06.06,09:30,09:45,Arnulf,26,0,26
2025.06.06,09:45,10:00,Arnulf,28,5,33
2025.06.06,10:00,10:15,Arnulf,28,1,29
2025.06.06,10:15,10:30,Arnulf,22,1,23
2025.06.06,10:30,10:45,Arnulf,16,3,19
2025.06.06,10:45,11:00,Arnulf,26,1,27
2025.06.06,11:00,11:15,Arnulf,24,0,24
2025.06.06,11:15,11:30,Arnulf,11,1,12
2025.06.06,11:30,11:45,Arnulf,21,1,22
2025.06.06,11:45,12:00,Arnulf,29,1,30
2025.06.06,12:00,12:15,Arnulf,11,0,11
2025.06.06,12:15,12:30,Arnulf,26,1,27
2025.06.06,12:30,12:45,Arnulf,25,3,28
2025.06.06,12:45,13:00,Arnulf,30,1,31
2025.06.06,13:00,13:15,Arnulf,23,1,24
2025.06.06,13:15,13:30,Arnulf,29,2,31
2025.06.06,13:30,13:45,Arnulf,15,1,16
2025.06.06,13:45,14:00,Arnulf,28,3,31
2025.06.06,14:00,14:15,Arnulf,23,0,23
2025.06.06,14:15,14:30,Arnulf,20,2,22
2025.06.06,14:30,14:45,Arnulf,24,1,25
2025.06.06,14:45,15:00,Arnulf,34,0,34
2025.06.06,15:00,15:15,Arnulf,29,1,30
2025.06.06,15:15,15:30,Arnulf,26,4,30
2025.06.06,15:30,15:45,Arnulf,34,2,36
2025.06.06,15:45,16:00,Arnulf,34,3,37
2025.06.06,16:00,16:15,Arnulf,39,4,43
2025.06.06,16:15,16:30,Arnulf,33,1,34
2025.06.06,16:30,16:45,Arnulf,23,3,26
2025.06.06,16:45,17:00,Arnulf,32,0,32
2025.06.06,17:00,17:15,Arnulf,28,2,30
2025.06.06,17:15,17:30,Arnulf,25,2,27
2025.06.06,17:30,17:45,Arnulf,19,1,20
2025.06.06,17:45,18:00,Arnulf,9,1,10
2025.06.06,18:00,18:15,Arnulf,23,0,23
2025.06.06,18:15,18:30,Arnulf,22,4,26
2025.06.06,18:30,18:45,Arnulf,17,0,17
2025.06.06,18:45,19:00,Arnulf,25,2,27
2025.06.06,19:00,19:15,Arnulf,15,1,16
2025.06.06,19:15,19:30,Arnulf,21,0,21
2025.06.06,19:30,19:45,Arnulf,19,1,20
2025.06.06,19:45,20:00,Arnulf,9,0,9
2025.06.06,20:00,20:15,Arnulf,8,2,10
2025.06.06,20:15,20:30,Arnulf,10,0,10
2025.06.06,20:30,20:45,Arnulf,4,1,5
2025.06.06,20:45,21:00,Arnulf,16,0,16
2025.06.06,21:00,21:15,Arnulf,6,2,8
2025.06.06,21:15,21:30,Arnulf,6,1,7
2025.06.06,21:30,21:45,Arnulf,9,2,11
2025.06.06,21:45,22:00,Arnulf,13,2,15
2025.06.06,22:00,22:15,Arnulf,10,0,10
2025.06.06,22:15,22:30,Arnulf,14,0,14
2025.06.06,22:30,22:45,Arnulf,7,0,7
2025.06.06,22:45,23:00,Arnulf,23,0,23
2025.06.06,23:00,23:15,Arnulf,14,0,14
2025.06.06,23:15,23:30,Arnulf,7,2,9
2025.06.06,23:30,23:45,Arnulf,9,0,9
2025.06.06,23:45,00:00,Arnulf,12,1,13
2025.06.07,00:00,00:15,Arnulf,7,0,7
2025.06.07,00:15,00:30,Arnulf,5,2,7
2025.06.07,00:30,00:45,Arnulf,0,1,1
2025.06.07,00:45,01:00,Arnulf,5,2,7
2025.06.07,01:00,01:15,Arnulf,7,0,7
2025.06.07,01:15,01:30,Arnulf,1,0,1
2025.06.07,01:30,01:45,Arnulf,2,0,2
2025.06.07,01:45,02:00,Arnulf,5,0,5
2025.06.07,02:00,02:15,Arnulf,2,0,2
2025.06.07,02:15,02:30,Arnulf,0,0,0
2025.06.07,02:30,02:45,Arnulf,0,0,0
2025.06.07,02:45,03:00,Arnulf,0,1,1
2025.06.07,03:00,03:15,Arnulf,0,0,0
2025.06.07,03:15,03:30,Arnulf,3,0,3
2025.06.07,03:30,03:45,Arnulf,2,0,2
2025.06.07,03:45,04:00,Arnulf,3,0,3
2025.06.07,04:00,04:15,Arnulf,4,0,4
2025.06.07,04:15,04:30,Arnulf,0,0,0
2025.06.07,04:30,04:45,Arnulf,4,1,5
2025.06.07,04:45,05:00,Arnulf,3,0,3
2025.06.07,05:00,05:15,Arnulf,3,0,3
2025.06.07,05:15,05:30,Arnulf,2,0,2
2025.06.07,05:30,05:45,Arnulf,2,0,2
2025.06.07,05:45,06:00,Arnulf,2,0,2
2025.06.07,06:00,06:15,Arnulf,1,0,1
2025.06.07,06:15,06:30,Arnulf,5,0,5
2025.06.07,06:30,06:45,Arnulf,2,0,2
2025.06.07,06:45,07:00,Arnulf,5,0,5
2025.06.07,07:00,07:15,Arnulf,3,0,3
2025.06.07,07:15,07:30,Arnulf,5,0,5
2025.06.07,07:30,07:45,Arnulf,3,0,3
2025.06.07,07:45,08:00,Arnulf,3,0,3
2025.06.07,08:00,08:15,Arnulf,1,1,2
2025.06.07,08:15,08:30,Arnulf,2,1,3
2025.06.07,08:30,08:45,Arnulf,7,0,7
2025.06.07,08:45,09:00,Arnulf,4,0,4
2025.06.07,09:00,09:15,Arnulf,2,0,2
2025.06.07,09:15,09:30,Arnulf,5,0,5
2025.06.07,09:30,09:45,Arnulf,8,1,9
2025.06.07,09:45,10:00,Arnulf,14,0,14
2025.06.07,10:00,10:15,Arnulf,8,1,9
2025.06.07,10:15,10:30,Arnulf,13,2,15
2025.06.07,10:30,10:45,Arnulf,7,1,8
2025.06.07,10:45,11:00,Arnulf,9,0,9
2025.06.07,11:00,11:15,Arnulf,7,0,7
2025.06.07,11:15,11:30,Arnulf,5,0,5
2025.06.07,11:30,11:45,Arnulf,8,0,8
2025.06.07,11:45,12:00,Arnulf,5,1,6
2025.06.07,12:00,12:15,Arnulf,7,2,9
2025.06.07,12:15,12:30,Arnulf,4,1,5
2025.06.07,12:30,12:45,Arnulf,6,0,6
2025.06.07,12:45,13:00,Arnulf,2,0,2
2025.06.07,13:00,13:15,Arnulf,8,0,8
2025.06.07,13:15,13:30,Arnulf,15,0,15
2025.06.07,13:30,13:45,Arnulf,5,0,5
2025.06.07,13:45,14:00,Arnulf,4,0,4
2025.06.07,14:00,14:15,Arnulf,7,0,7
2025.06.07,14:15,14:30,Arnulf,12,1,13
2025.06.07,14:30,14:45,Arnulf,11,0,11
2025.06.07,14:45,15:00,Arnulf,15,1,16
2025.06.07,15:00,15:15,Arnulf,14,0,14
2025.06.07,15:15,15:30,Arnulf,12,0,12
2025.06.07,15:30,15:45,Arnulf,9,1,10
2025.06.07,15:45,16:00,Arnulf,19,1,20
2025.06.07,16:00,16:15,Arnulf,10,0,10
2025.06.07,16:15,16:30,Arnulf,3,1,4
2025.06.07,16:30,16:45,Arnulf,8,0,8
2025.06.07,16:45,17:00,Arnulf,9,1,10
2025.06.07,17:00,17:15,Arnulf,5,1,6
2025.06.07,17:15,17:30,Arnulf,5,0,5
2025.06.07,17:30,17:45,Arnulf,5,0,5
2025.06.07,17:45,18:00,Arnulf,3,2,5
2025.06.07,18:00,18:15,Arnulf,2,0,2
2025.06.07,18:15,18:30,Arnulf,8,1,9
2025.06.07,18:30,18:45,Arnulf,5,1,6
2025.06.07,18:45,19:00,Arnulf,4,0,4
2025.06.07,19:00,19:15,Arnulf,6,1,7
2025.06.07,19:15,19:30,Arnulf,7,1,8
2025.06.07,19:30,19:45,Arnulf,11,0,11
2025.06.07,19:45,20:00,Arnulf,6,0,6
2025.06.07,20:00,20:15,Arnulf,2,1,3
2025.06.07,20:15,20:30,Arnulf,2,0,2
2025.06.07,20:30,20:45,Arnulf,9,3,12
2025.06.07,20:45,21:00,Arnulf,7,1,8
2025.06.07,21:00,21:15,Arnulf,11,0,11
2025.06.07,21:15,21:30,Arnulf,8,1,9
2025.06.07,21:30,21:45,Arnulf,2,1,3
2025.06.07,21:45,22:00,Arnulf,4,1,5
2025.06.07,22:00,22:15,Arnulf,6,0,6
2025.06.07,22:15,22:30,Arnulf,7,0,7
2025.06.07,22:30,22:45,Arnulf,4,0,4
2025.06.07,22:45,23:00,Arnulf,2,0,2
2025.06.07,23:00,23:15,Arnulf,5,2,7
2025.06.07,23:15,23:30,Arnulf,9,0,9
2025.06.07,23:30,23:45,Arnulf,2,1,3
2025.06.07,23:45,00:00,Arnulf,2,0,2
2025.06.08,00:00,00:15,Arnulf,0,1,1
2025.06.08,00:15,00:30,Arnulf,0,0,0
2025.06.08,00:30,00:45,Arnulf,0,0,0
2025.06.08,00:45,01:00,Arnulf,2,0,2
2025.06.08,01:00,01:15,Arnulf,0,0,0
2025.06.08,01:15,01:30,Arnulf,4,1,5
2025.06.08,01:30,01:45,Arnulf,0,2,2
2025.06.08,01:45,02:00,Arnulf,0,0,0
2025.06.08,02:00,02:15,Arnulf,1,1,2
2025.06.08,02:15,02:30,Arnulf,0,0,0
2025.06.08,02:30,02:45,Arnulf,2,0,2
2025.06.08,02:45,03:00,Arnulf,2,0,2
2025.06.08,03:00,03:15,Arnulf,1,0,1
2025.06.08,03:15,03:30,Arnulf,2,0,2
2025.06.08,03:30,03:45,Arnulf,3,0,3
2025.06.08,03:45,04:00,Arnulf,1,1,2
2025.06.08,04:00,04:15,Arnulf,0,0,0
2025.06.08,04:15,04:30,Arnulf,0,0,0
2025.06.08,04:30,04:45,Arnulf,0,0,0
2025.06.08,04:45,05:00,Arnulf,4,0,4
2025.06.08,05:00,05:15,Arnulf,2,0,2
2025.06.08,05:15,05:30,Arnulf,1,0,1
2025.06.08,05:30,05:45,Arnulf,0,0,0
2025.06.08,05:45,06:00,Arnulf,1,0,1
2025.06.08,06:00,06:15,Arnulf,9,0,9
2025.06.08,06:15,06:30,Arnulf,1,1,2
2025.06.08,06:30,06:45,Arnulf,1,0,1
2025.06.08,06:45,07:00,Arnulf,3,0,3
2025.06.08,07:00,07:15,Arnulf,2,0,2
2025.06.08,07:15,07:30,Arnulf,3,0,3
2025.06.08,07:30,07:45,Arnulf,5,1,6
2025.06.08,07:45,08:00,Arnulf,2,0,2
2025.06.08,08:00,08:15,Arnulf,3,1,4
2025.06.08,08:15,08:30,Arnulf,6,2,8
2025.06.08,08:30,08:45,Arnulf,6,0,6
2025.06.08,08:45,09:00,Arnulf,6,0,6
2025.06.08,09:00,09:15,Arnulf,5,0,5
2025.06.08,09:15,09:30,Arnulf,10,0,10
2025.06.08,09:30,09:45,Arnulf,12,0,12
2025.06.08,09:45,10:00,Arnulf,4,1,5
2025.06.08,10:00,10:15,Arnulf,12,2,14
2025.06.08,10:15,10:30,Arnulf,11,0,11
2025.06.08,10:30,10:45,Arnulf,3,0,3
2025.06.08,10:45,11:00,Arnulf,10,0,10
2025.06.08,11:00,11:15,Arnulf,17,0,17
2025.06.08,11:15,11:30,Arnulf,8,0,8
2025.06.08,11:30,11:45,Arnulf,19,2,21
2025.06.08,11:45,12:00,Arnulf,18,0,18
2025.06.08,12:00,12:15,Arnulf,10,2,12
2025.06.08,12:15,12:30,Arnulf,6,1,7
2025.06.08,12:30,12:45,Arnulf,18,0,18
2025.06.08,12:45,13:00,Arnulf,17,1,18
2025.06.08,13:00,13:15,Arnulf,15,0,15
2025.06.08,13:15,13:30,Arnulf,11,2,13
2025.06.08,13:30,13:45,Arnulf,13,3,16
2025.06.08,13:45,14:00,Arnulf,12,1,13
2025.06.08,14:00,14:15,Arnulf,21,4,25
2025.06.08,14:15,14:30,Arnulf,18,0,18
2025.06.08,14:30,14:45,Arnulf,25,0,25
2025.06.08,14:45,15:00,Arnulf,17,1,18
2025.06.08,15:00,15:15,Arnulf,5,0,5
2025.06.08,15:15,15:30,Arnulf,16,2,18
2025.06.08,15:30,15:45,Arnulf,7,5,12
2025.06.08,15:45,16:00,Arnulf,9,1,10
2025.06.08,16:00,16:15,Arnulf,11,0,11
2025.06.08,16:15,16:30,Arnulf,24,1,25
2025.06.08,16:30,16:45,Arnulf,21,0,21
2025.06.08,16:45,17:00,Arnulf,12,2,14
2025.06.08,17:00,17:15,Arnulf,7,0,7
2025.06.08,17:15,17:30,Arnulf,15,0,15
2025.06.08,17:30,17:45,Arnulf,7,3,10
2025.06.08,17:45,18:00,Arnulf,7,1,8
2025.06.08,18:00,18:15,Arnulf,7,1,8
2025.06.08,18:15,18:30,Arnulf,11,0,11
2025.06.08,18:30,18:45,Arnulf,6,1,7
2025.06.08,18:45,19:00,Arnulf,3,1,4
2025.06.08,19:00,19:15,Arnulf,13,0,13
2025.06.08,19:15,19:30,Arnulf,12,2,14
2025.06.08,19:30,19:45,Arnulf,16,1,17
2025.06.08,19:45,20:00,Arnulf,11,1,12
2025.06.08,20:00,20:15,Arnulf,4,1,5
2025.06.08,20:15,20:30,Arnulf,7,0,7
2025.06.08,20:30,20:45,Arnulf,6,0,6
2025.06.08,20:45,21:00,Arnulf,11,1,12
2025.06.08,21:00,21:15,Arnulf,11,1,12
2025.06.08,21:15,21:30,Arnulf,6,0,6
2025.06.08,21:30,21:45,Arnulf,6,0,6
2025.06.08,21:45,22:00,Arnulf,8,0,8
2025.06.08,22:00,22:15,Arnulf,7,0,7
2025.06.08,22:15,22:30,Arnulf,6,0,6
2025.06.08,22:30,22:45,Arnulf,6,2,8
2025.06.08,22:45,23:00,Arnulf,4,1,5
2025.06.08,23:00,23:15,Arnulf,7,1,8
2025.06.08,23:15,23:30,Arnulf,3,0,3
2025.06.08,23:30,23:45,Arnulf,2,0,2
2025.06.08,23:45,00:00,Arnulf,2,0,2
2025.06.09,00:00,00:15,Arnulf,4,1,5
2025.06.09,00:15,00:30,Arnulf,2,2,4
2025.06.09,00:30,00:45,Arnulf,3,1,4
2025.06.09,00:45,01:00,Arnulf,2,1,3
2025.06.09,01:00,01:15,Arnulf,1,0,1
2025.06.09,01:15,01:30,Arnulf,2,0,2
2025.06.09,01:30,01:45,Arnulf,1,0,1
2025.06.09,01:45,02:00,Arnulf,0,0,0
2025.06.09,02:00,02:15,Arnulf,0,0,0
2025.06.09,02:15,02:30,Arnulf,4,0,4
2025.06.09,02:30,02:45,Arnulf,3,0,3
2025.06.09,02:45,03:00,Arnulf,2,1,3
2025.06.09,03:00,03:15,Arnulf,0,0,0
2025.06.09,03:15,03:30,Arnulf,0,1,1
2025.06.09,03:30,03:45,Arnulf,1,0,1
2025.06.09,03:45,04:00,Arnulf,0,1,1
2025.06.09,04:00,04:15,Arnulf,0,0,0
2025.06.09,04:15,04:30,Arnulf,1,0,1
2025.06.09,04:30,04:45,Arnulf,2,1,3
2025.06.09,04:45,05:00,Arnulf,1,0,1
2025.06.09,05:00,05:15,Arnulf,3,0,3
2025.06.09,05:15,05:30,Arnulf,3,0,3
2025.06.09,05:30,05:45,Arnulf,1,0,1
2025.06.09,05:45,06:00,Arnulf,1,1,2
2025.06.09,06:00,06:15,Arnulf,1,0,1
2025.06.09,06:15,06:30,Arnulf,5,0,5
2025.06.09,06:30,06:45,Arnulf,3,0,3
2025.06.09,06:45,07:00,Arnulf,10,1,11
2025.06.09,07:00,07:15,Arnulf,1,1,2
2025.06.09,07:15,07:30,Arnulf,5,0,5
2025.06.09,07:30,07:45,Arnulf,10,1,11
2025.06.09,07:45,08:00,Arnulf,8,0,8
2025.06.09,08:00,08:15,Arnulf,12,0,12
2025.06.09,08:15,08:30,Arnulf,17,1,18
2025.06.09,08:30,08:45,Arnulf,14,1,15
2025.06.09,08:45,09:00,Arnulf,11,0,11
2025.06.09,09:00,09:15,Arnulf,14,0,14
2025.06.09,09:15,09:30,Arnulf,18,0,18
2025.06.09,09:30,09:45,Arnulf,9,0,9
2025.06.09,09:45,10:00,Arnulf,16,1,17
2025.06.09,10:00,10:15,Arnulf,9,1,10
2025.06.09,10:15,10:30,Arnulf,14,0,14
2025.06.09,10:30,10:45,Arnulf,18,0,18
2025.06.09,10:45,11:00,Arnulf,13,0,13
2025.06.09,11:00,11:15,Arnulf,10,0,10
2025.06.09,11:15,11:30,Arnulf,20,0,20
2025.06.09,11:30,11:45,Arnulf,21,2,23
2025.06.09,11:45,12:00,Arnulf,19,1,20
2025.06.09,12:00,12:15,Arnulf,11,1,12
2025.06.09,12:15,12:30,Arnulf,22,3,25
2025.06.09,12:30,12:45,Arnulf,21,0,21
2025.06.09,12:45,13:00,Arnulf,17,0,17
2025.06.09,13:00,13:15,Arnulf,17,1,18
2025.06.09,13:15,13:30,Arnulf,29,4,33
2025.06.09,13:30,13:45,Arnulf,20,1,21
2025.06.09,13:45,14:00,Arnulf,24,1,25
2025.06.09,14:00,14:15,Arnulf,26,0,26
2025.06.09,14:15,14:30,Arnulf,35,4,39
2025.06.09,14:30,14:45,Arnulf,42,0,42
2025.06.09,14:45,15:00,Arnulf,20,1,21
2025.06.09,15:00,15:15,Arnulf,38,1,39
2025.06.09,15:15,15:30,Arnulf,22,0,22
2025.06.09,15:30,15:45,Arnulf,31,0,31
2025.06.09,15:45,16:00,Arnulf,29,0,29
2025.06.09,16:00,16:15,Arnulf,28,1,29
2025.06.09,16:15,16:30,Arnulf,19,0,19
2025.06.09,16:30,16:45,Arnulf,27,0,27
2025.06.09,16:45,17:00,Arnulf,23,2,25
2025.06.09,17:00,17:15,Arnulf,28,0,28
2025.06.09,17:15,17:30,Arnulf,35,0,35
2025.06.09,17:30,17:45,Arnulf,17,1,18
2025.06.09,17:45,18:00,Arnulf,14,1,15
2025.06.09,18:00,18:15,Arnulf,18,1,19
2025.06.09,18:15,18:30,Arnulf,21,0,21
2025.06.09,18:30,18:45,Arnulf,24,0,24
2025.06.09,18:45,19:00,Arnulf,19,1,20
2025.06.09,19:00,19:15,Arnulf,28,5,33
2025.06.09,19:15,19:30,Arnulf,24,1,25
2025.06.09,19:30,19:45,Arnulf,15,1,16
2025.06.09,19:45,20:00,Arnulf,21,0,21
2025.06.09,20:00,20:15,Arnulf,18,0,18
2025.06.09,20:15,20:30,Arnulf,24,0,24
2025.06.09,20:30,20:45,Arnulf,14,0,14
2025.06.09,20:45,21:00,Arnulf,15,2,17
2025.06.09,21:00,21:15,Arnulf,19,0,19
2025.06.09,21:15,21:30,Arnulf,10,1,11
2025.06.09,21:30,21:45,Arnulf,11,1,12
2025.06.09,21:45,22:00,Arnulf,13,2,15
2025.06.09,22:00,22:15,Arnulf,14,2,16
2025.06.09,22:15,22:30,Arnulf,11,0,11
2025.06.09,22:30,22:45,Arnulf,7,1,8
2025.06.09,22:45,23:00,Arnulf,2,0,2
2025.06.09,23:00,23:15,Arnulf,4,2,6
2025.06.09,23:15,23:30,Arnulf,2,0,2
2025.06.09,23:30,23:45,Arnulf,8,0,8
2025.06.09,23:45,00:00,Arnulf,4,0,4
2025.06.10,00:00,00:15,Arnulf,3,1,4
2025.06.10,00:15,00:30,Arnulf,5,0,5
2025.06.10,00:30,00:45,Arnulf,2,0,2
2025.06.10,00:45,01:00,Arnulf,3,0,3
2025.06.10,01:00,01:15,Arnulf,0,0,0
2025.06.10,01:15,01:30,Arnulf,0,0,0
2025.06.10,01:30,01:45,Arnulf,1,0,1
2025.06.10,01:45,02:00,Arnulf,0,0,0
2025.06.10,02:00,02:15,Arnulf,0,0,0
2025.06.10,02:15,02:30,Arnulf,0,0,0
2025.06.10,02:30,02:45,Arnulf,0,0,0
2025.06.10,02:45,03:00,Arnulf,3,0,3
2025.06.10,03:00,03:15,Arnulf,0,0,0
2025.06.10,03:15,03:30,Arnulf,0,0,0
2025.06.10,03:30,03:45,Arnulf,0,0,0
2025.06.10,03:45,04:00,Arnulf,0,0,0
2025.06.10,04:00,04:15,Arnulf,0,0,0
2025.06.10,04:15,04:30,Arnulf,1,0,1
2025.06.10,04:30,04:45,Arnulf,1,3,4
2025.06.10,04:45,05:00,Arnulf,3,0,3
2025.06.10,05:00,05:15,Arnulf,4,0,4
2025.06.10,05:15,05:30,Arnulf,5,1,6
2025.06.10,05:30,05:45,Arnulf,5,0,5
2025.06.10,05:45,06:00,Arnulf,5,0,5
2025.06.10,06:00,06:15,Arnulf,9,1,10
2025.06.10,06:15,06:30,Arnulf,7,2,9
2025.06.10,06:30,06:45,Arnulf,11,0,11
2025.06.10,06:45,07:00,Arnulf,23,2,25
2025.06.10,07:00,07:15,Arnulf,16,1,17
2025.06.10,07:15,07:30,Arnulf,36,0,36
2025.06.10,07:30,07:45,Arnulf,35,1,36
2025.06.10,07:45,08:00,Arnulf,45,0,45
2025.06.10,08:00,08:15,Arnulf,47,1,48
2025.06.10,08:15,08:30,Arnulf,55,0,55
2025.06.10,08:30,08:45,Arnulf,64,3,67
2025.06.10,08:45,09:00,Arnulf,67,3,70
2025.06.10,09:00,09:15,Arnulf,32,1,33
2025.06.10,09:15,09:30,Arnulf,40,0,40
2025.06.10,09:30,09:45,Arnulf,30,1,31
2025.06.10,09:45,10:00,Arnulf,32,3,35
2025.06.10,10:00,10:15,Arnulf,33,0,33
2025.06.10,10:15,10:30,Arnulf,22,0,22
2025.06.10,10:30,10:45,Arnulf,23,0,23
2025.06.10,10:45,11:00,Arnulf,17,0,17
2025.06.10,11:00,11:15,Arnulf,17,2,19
2025.06.10,11:15,11:30,Arnulf,15,1,16
2025.06.10,11:30,11:45,Arnulf,25,0,25
2025.06.10,11:45,12:00,Arnulf,21,0,21
2025.06.10,12:00,12:15,Arnulf,25,1,26
2025.06.10,12:15,12:30,Arnulf,18,1,19
2025.06.10,12:30,12:45,Arnulf,18,0,18
2025.06.10,12:45,13:00,Arnulf,19,1,20
2025.06.10,13:00,13:15,Arnulf,19,2,21
2025.06.10,13:15,13:30,Arnulf,22,3,25
2025.06.10,13:30,13:45,Arnulf,23,1,24
2025.06.10,13:45,14:00,Arnulf,25,0,25
2025.06.10,14:00,14:15,Arnulf,12,0,12
2025.06.10,14:15,14:30,Arnulf,17,2,19
2025.06.10,14:30,14:45,Arnulf,26,3,29
2025.06.10,14:45,15:00,Arnulf,20,4,24
2025.06.10,15:00,15:15,Arnulf,28,4,32
2025.06.10,15:15,15:30,Arnulf,18,1,19
2025.06.10,15:30,15:45,Arnulf,17,2,19
2025.06.10,15:45,16:00,Arnulf,36,1,37
2025.06.10,16:00,16:15,Arnulf,26,4,30
2025.06.10,16:15,16:30,Arnulf,32,3,35
2025.06.10,16:30,16:45,Arnulf,40,1,41
2025.06.10,16:45,17:00,Arnulf,35,4,39
2025.06.10,17:00,17:15,Arnulf,23,5,28
2025.06.10,17:15,17:30,Arnulf,36,2,38
2025.06.10,17:30,17:45,Arnulf,47,1,48
2025.06.10,17:45,18:00,Arnulf,70,2,72
2025.06.10,18:00,18:15,Arnulf,59,3,62
2025.06.10,18:15,18:30,Arnulf,59,6,65
2025.06.10,18:30,18:45,Arnulf,32,3,35
2025.06.10,18:45,19:00,Arnulf,43,4,47
2025.06.10,19:00,19:15,Arnulf,31,1,32
2025.06.10,19:15,19:30,Arnulf,22,0,22
2025.06.10,19:30,19:45,Arnulf,18,1,19
2025.06.10,19:45,20:00,Arnulf,25,1,26
2025.06.10,20:00,20:15,Arnulf,15,4,19
2025.06.10,20:15,20:30,Arnulf,20,2,22
2025.06.10,20:30,20:45,Arnulf,18,1,19
2025.06.10,20:45,21:00,Arnulf,19,5,24
2025.06.10,21:00,21:15,Arnulf,13,1,14
2025.06.10,21:15,21:30,Arnulf,18,0,18
2025.06.10,21:30,21:45,Arnulf,13,3,16
2025.06.10,21:45,22:00,Arnulf,7,3,10
2025.06.10,22:00,22:15,Arnulf,15,2,17
2025.06.10,22:15,22:30,Arnulf,14,1,15
2025.06.10,22:30,22:45,Arnulf,9,1,10
2025.06.10,22:45,23:00,Arnulf,9,0,9
2025.06.10,23:00,23:15,Arnulf,17,0,17
2025.06.10,23:15,23:30,Arnulf,4,1,5
2025.06.10,23:30,23:45,Arnulf,12,0,12
2025.06.10,23:45,00:00,Arnulf,2,0,2
2025.06.11,00:00,00:15,Arnulf,1,0,1
2025.06.11,00:15,00:30,Arnulf,4,0,4
2025.06.11,00:30,00:45,Arnulf,2,0,2
2025.06.11,00:45,01:00,Arnulf,2,0,2
2025.06.11,01:00,01:15,Arnulf,4,0,4
2025.06.11,01:15,01:30,Arnulf,3,0,3
2025.06.11,01:30,01:45,Arnulf,3,0,3
2025.06.11,01:45,02:00,Arnulf,1,0,1
2025.06.11,02:00,02:15,Arnulf,0,0,0
2025.06.11,02:15,02:30,Arnulf,1,0,1
2025.06.11,02:30,02:45,Arnulf,1,0,1
2025.06.11,02:45,03:00,Arnulf,0,0,0
2025.06.11,03:00,03:15,Arnulf,0,0,0
2025.06.11,03:15,03:30,Arnulf,0,0,0
2025.06.11,03:30,03:45,Arnulf,1,0,1
2025.06.11,03:45,04:00,Arnulf,0,0,0
2025.06.11,04:00,04:15,Arnulf,0,0,0
2025.06.11,04:15,04:30,Arnulf,1,0,1
2025.06.11,04:30,04:45,Arnulf,0,1,1
2025.06.11,04:45,05:00,Arnulf,2,0,2
2025.06.11,05:00,05:15,Arnulf,3,1,4
2025.06.11,05:15,05:30,Arnulf,1,0,1
2025.06.11,05:30,05:45,Arnulf,5,0,5
2025.06.11,05:45,06:00,Arnulf,6,1,7
2025.06.11,06:00,06:15,Arnulf,9,0,9
2025.06.11,06:15,06:30,Arnulf,5,0,5
2025.06.11,06:30,06:45,Arnulf,15,1,16
2025.06.11,06:45,07:00,Arnulf,28,1,29
2025.06.11,07:00,07:15,Arnulf,23,0,23
2025.06.11,07:15,07:30,Arnulf,30,1,31
2025.06.11,07:30,07:45,Arnulf,30,1,31
2025.06.11,07:45,08:00,Arnulf,50,0,50
2025.06.11,08:00,08:15,Arnulf,51,1,52
2025.06.11,08:15,08:30,Arnulf,67,0,67
2025.06.11,08:30,08:45,Arnulf,65,0,65
2025.06.11,08:45,09:00,Arnulf,56,3,59
2025.06.11,09:00,09:15,Arnulf,32,0,32
2025.06.11,09:15,09:30,Arnulf,32,1,33
2025.06.11,09:30,09:45,Arnulf,40,0,40
2025.06.11,09:45,10:00,Arnulf,21,1,22
2025.06.11,10:00,10:15,Arnulf,17,2,19
2025.06.11,10:15,10:30,Arnulf,23,2,25
2025.06.11,10:30,10:45,Arnulf,25,0,25
2025.06.11,10:45,11:00,Arnulf,21,0,21
2025.06.11,11:00,11:15,Arnulf,17,0,17
2025.06.11,11:15,11:30,Arnulf,14,0,14
2025.06.11,11:30,11:45,Arnulf,19,0,19
2025.06.11,11:45,12:00,Arnulf,29,2,31
2025.06.11,12:00,12:15,Arnulf,22,2,24
2025.06.11,12:15,12:30,Arnulf,16,0,16
2025.06.11,12:30,12:45,Arnulf,21,2,23
2025.06.11,12:45,13:00,Arnulf,18,1,19
2025.06.11,13:00,13:15,Arnulf,14,1,15
2025.06.11,13:15,13:30,Arnulf,21,1,22
2025.06.11,13:30,13:45,Arnulf,23,0,23
2025.06.11,13:45,14:00,Arnulf,18,1,19
2025.06.11,14:00,14:15,Arnulf,18,0,18
2025.06.11,14:15,14:30,Arnulf,18,1,19
2025.06.11,14:30,14:45,Arnulf,24,2,26
2025.06.11,14:45,15:00,Arnulf,14,3,17
2025.06.11,15:00,15:15,Arnulf,24,1,25
2025.06.11,15:15,15:30,Arnulf,39,1,40
2025.06.11,15:30,15:45,Arnulf,34,0,34
2025.06.11,15:45,16:00,Arnulf,23,4,27
2025.06.11,16:00,16:15,Arnulf,31,1,32
2025.06.11,16:15,16:30,Arnulf,41,0,41
2025.06.11,16:30,16:45,Arnulf,31,3,34
2025.06.11,16:45,17:00,Arnulf,36,2,38
2025.06.11,17:00,17:15,Arnulf,40,3,43
2025.06.11,17:15,17:30,Arnulf,48,2,50
2025.06.11,17:30,17:45,Arnulf,44,3,47
2025.06.11,17:45,18:00,Arnulf,55,2,57
2025.06.11,18:00,18:15,Arnulf,63,1,64
2025.06.11,18:15,18:30,Arnulf,55,1,56
2025.06.11,18:30,18:45,Arnulf,51,0,51
2025.06.11,18:45,19:00,Arnulf,37,0,37
2025.06.11,19:00,19:15,Arnulf,40,2,42
2025.06.11,19:15,19:30,Arnulf,38,1,39
2025.06.11,19:30,19:45,Arnulf,20,1,21
2025.06.11,19:45,20:00,Arnulf,29,0,29
2025.06.11,20:00,20:15,Arnulf,25,3,28
2025.06.11,20:15,20:30,Arnulf,18,0,18
2025.06.11,20:30,20:45,Arnulf,35,1,36
2025.06.11,20:45,21:00,Arnulf,22,2,24
2025.06.11,21:00,21:15,Arnulf,23,1,24
2025.06.11,21:15,21:30,Arnulf,25,2,27
2025.06.11,21:30,21:45,Arnulf,22,1,23
2025.06.11,21:45,22:00,Arnulf,15,0,15
2025.06.11,22:00,22:15,Arnulf,27,5,32
2025.06.11,22:15,22:30,Arnulf,17,2,19
2025.06.11,22:30,22:45,Arnulf,21,2,23
2025.06.11,22:45,23:00,Arnulf,18,1,19
2025.06.11,23:00,23:15,Arnulf,12,0,12
2025.06.11,23:15,23:30,Arnulf,13,0,13
2025.06.11,23:30,23:45,Arnulf,8,0,8
2025.06.11,23:45,00:00,Arnulf,2,0,2
2025.06.12,00:00,00:15,Arnulf,3,0,3
2025.06.12,00:15,00:30,Arnulf,1,1,2
2025.06.12,00:30,00:45,Arnulf,5,0,5
2025.06.12,00:45,01:00,Arnulf,1,0,1
2025.06.12,01:00,01:15,Arnulf,1,1,2
2025.06.12,01:15,01:30,Arnulf,0,0,0
2025.06.12,01:30,01:45,Arnulf,0,0,0
2025.06.12,01:45,02:00,Arnulf,0,0,0
2025.06.12,02:00,02:15,Arnulf,0,0,0
2025.06.12,02:15,02:30,Arnulf,1,0,1
2025.06.12,02:30,02:45,Arnulf,1,0,1
2025.06.12,02:45,03:00,Arnulf,1,0,1
2025.06.12,03:00,03:15,Arnulf,0,0,0
2025.06.12,03:15,03:30,Arnulf,1,0,1
2025.06.12,03:30,03:45,Arnulf,1,0,1
2025.06.12,03:45,04:00,Arnulf,1,0,1
2025.06.12,04:00,04:15,Arnulf,1,0,1
2025.06.12,04:15,04:30,Arnulf,0,0,0
2025.06.12,04:30,04:45,Arnulf,0,1,1
2025.06.12,04:45,05:00,Arnulf,1,0,1
2025.06.12,05:00,05:15,Arnulf,2,2,4
2025.06.12,05:15,05:30,Arnulf,4,1,5
2025.06.12,05:30,05:45,Arnulf,7,0,7
2025.06.12,05:45,06:00,Arnulf,2,0,2
2025.06.12,06:00,06:15,Arnulf,3,0,3
2025.06.12,06:15,06:30,Arnulf,10,0,10
2025.06.12,06:30,06:45,Arnulf,11,3,14
2025.06.12,06:45,07:00,Arnulf,21,2,23
2025.06.12,07:00,07:15,Arnulf,14,1,15
2025.06.12,07:15,07:30,Arnulf,30,2,32
2025.06.12,07:30,07:45,Arnulf,34,0,34
2025.06.12,07:45,08:00,Arnulf,66,2,68
2025.06.12,08:00,08:15,Arnulf,40,1,41
2025.06.12,08:15,08:30,Arnulf,43,0,43
2025.06.12,08:30,08:45,Arnulf,66,0,66
2025.06.12,08:45,09:00,Arnulf,70,0,70
2025.06.12,09:00,09:15,Arnulf,44,0,44
2025.06.12,09:15,09:30,Arnulf,30,2,32
2025.06.12,09:30,09:45,Arnulf,25,0,25
2025.06.12,09:45,10:00,Arnulf,24,0,24
2025.06.12,10:00,10:15,Arnulf,21,3,24
2025.06.12,10:15,10:30,Arnulf,15,0,15
2025.06.12,10:30,10:45,Arnulf,26,3,29
2025.06.12,10:45,11:00,Arnulf,24,0,24
2025.06.12,11:00,11:15,Arnulf,20,3,23
2025.06.12,11:15,11:30,Arnulf,21,1,22
2025.06.12,11:30,11:45,Arnulf,20,1,21
2025.06.12,11:45,12:00,Arnulf,33,3,36
2025.06.12,12:00,12:15,Arnulf,23,3,26
2025.06.12,12:15,12:30,Arnulf,17,0,17
2025.06.12,12:30,12:45,Arnulf,27,0,27
2025.06.12,12:45,13:00,Arnulf,26,2,28
2025.06.12,13:00,13:15,Arnulf,33,0,33
2025.06.12,13:15,13:30,Arnulf,23,0,23
2025.06.12,13:30,13:45,Arnulf,34,0,34
2025.06.12,13:45,14:00,Arnulf,27,0,27
2025.06.12,14:00,14:15,Arnulf,20,2,22
2025.06.12,14:15,14:30,Arnulf,24,2,26
2025.06.12,14:30,14:45,Arnulf,29,1,30
2025.06.12,14:45,15:00,Arnulf,17,3,20
2025.06.12,15:00,15:15,Arnulf,19,3,22
2025.06.12,15:15,15:30,Arnulf,25,3,28
2025.06.12,15:30,15:45,Arnulf,25,0,25
2025.06.12,15:45,16:00,Arnulf,27,2,29
2025.06.12,16:00,16:15,Arnulf,21,1,22
2025.06.12,16:15,16:30,Arnulf,37,0,37
2025.06.12,16:30,16:45,Arnulf,62,6,68
2025.06.12,16:45,17:00,Arnulf,55,2,57
2025.06.12,17:00,17:15,Arnulf,44,2,46
2025.06.12,17:15,17:30,Arnulf,46,7,53
2025.06.12,17:30,17:45,Arnulf,59,1,60
2025.06.12,17:45,18:00,Arnulf,59,2,61
2025.06.12,18:00,18:15,Arnulf,43,2,45
2025.06.12,18:15,18:30,Arnulf,60,0,60
2025.06.12,18:30,18:45,Arnulf,53,1,54
2025.06.12,18:45,19:00,Arnulf,29,1,30
2025.06.12,19:00,19:15,Arnulf,39,1,40
2025.06.12,19:15,19:30,Arnulf,45,2,47
2025.06.12,19:30,19:45,Arnulf,33,2,35
2025.06.12,19:45,20:00,Arnulf,17,0,17
2025.06.12,20:00,20:15,Arnulf,21,2,23
2025.06.12,20:15,20:30,Arnulf,28,1,29
2025.06.12,20:30,20:45,Arnulf,23,1,24
2025.06.12,20:45,21:00,Arnulf,20,2,22
2025.06.12,21:00,21:15,Arnulf,15,2,17
2025.06.12,21:15,21:30,Arnulf,22,0,22
2025.06.12,21:30,21:45,Arnulf,14,1,15
2025.06.12,21:45,22:00,Arnulf,29,3,32
2025.06.12,22:00,22:15,Arnulf,22,2,24
2025.06.12,22:15,22:30,Arnulf,25,2,27
2025.06.12,22:30,22:45,Arnulf,27,0,27
2025.06.12,22:45,23:00,Arnulf,25,0,25
2025.06.12,23:00,23:15,Arnulf,11,1,12
2025.06.12,23:15,23:30,Arnulf,14,0,14
2025.06.12,23:30,23:45,Arnulf,17,0,17
2025.06.12,23:45,00:00,Arnulf,10,0,10
2025.06.13,00:00,00:15,Arnulf,7,1,8
2025.06.13,00:15,00:30,Arnulf,4,1,5
2025.06.13,00:30,00:45,Arnulf,2,0,2
2025.06.13,00:45,01:00,Arnulf,1,0,1
2025.06.13,01:00,01:15,Arnulf,0,0,0
2025.06.13,01:15,01:30,Arnulf,2,0,2
2025.06.13,01:30,01:45,Arnulf,1,1,2
2025.06.13,01:45,02:00,Arnulf,0,0,0
2025.06.13,02:00,02:15,Arnulf,0,0,0
2025.06.13,02:15,02:30,Arnulf,4,0,4
2025.06.13,02:30,02:45,Arnulf,0,1,1
2025.06.13,02:45,03:00,Arnulf,1,0,1
2025.06.13,03:00,03:15,Arnulf,0,1,1
2025.06.13,03:15,03:30,Arnulf,0,0,0
2025.06.13,03:30,03:45,Arnulf,0,0,0
2025.06.13,03:45,04:00,Arnulf,2,0,2
2025.06.13,04:00,04:15,Arnulf,1,0,1
2025.06.13,04:15,04:30,Arnulf,1,2,3
2025.06.13,04:30,04:45,Arnulf,1,0,1
2025.06.13,04:45,05:00,Arnulf,1,1,2
2025.06.13,05:00,05:15,Arnulf,3,0,3
2025.06.13,05:15,05:30,Arnulf,1,0,1
2025.06.13,05:30,05:45,Arnulf,7,0,7
2025.06.13,05:45,06:00,Arnulf,7,1,8
2025.06.13,06:00,06:15,Arnulf,6,0,6
2025.06.13,06:15,06:30,Arnulf,9,0,9
2025.06.13,06:30,06:45,Arnulf,18,2,20
2025.06.13,06:45,07:00,Arnulf,22,2,24
2025.06.13,07:00,07:15,Arnulf,15,1,16
2025.06.13,07:15,07:30,Arnulf,22,0,22
2025.06.13,07:30,07:45,Arnulf,21,0,21
2025.06.13,07:45,08:00,Arnulf,30,1,31
2025.06.13,08:00,08:15,Arnulf,34,2,36
2025.06.13,08:15,08:30,Arnulf,30,1,31
2025.06.13,08:30,08:45,Arnulf,37,1,38
2025.06.13,08:45,09:00,Arnulf,34,2,36
2025.06.13,09:00,09:15,Arnulf,32,0,32
2025.06.13,09:15,09:30,Arnulf,32,1,33
2025.06.13,09:30,09:45,Arnulf,21,1,22
2025.06.13,09:45,10:00,Arnulf,27,2,29
2025.06.13,10:00,10:15,Arnulf,13,0,13
2025.06.13,10:15,10:30,Arnulf,23,0,23
2025.06.13,10:30,10:45,Arnulf,22,0,22
2025.06.13,10:45,11:00,Arnulf,18,0,18
2025.06.13,11:00,11:15,Arnulf,13,0,13
2025.06.13,11:15,11:30,Arnulf,27,1,28
2025.06.13,11:30,11:45,Arnulf,25,2,27
2025.06.13,11:45,12:00,Arnulf,21,0,21
2025.06.13,12:00,12:15,Arnulf,19,0,19
2025.06.13,12:15,12:30,Arnulf,19,0,19
2025.06.13,12:30,12:45,Arnulf,23,1,24
2025.06.13,12:45,13:00,Arnulf,15,0,15
2025.06.13,13:00,13:15,Arnulf,19,3,22
2025.06.13,13:15,13:30,Arnulf,22,0,22
2025.06.13,13:30,13:45,Arnulf,19,1,20
2025.06.13,13:45,14:00,Arnulf,14,0,14
2025.06.13,14:00,14:15,Arnulf,26,0,26
2025.06.13,14:15,14:30,Arnulf,15,5,20
2025.06.13,14:30,14:45,Arnulf,17,0,17
2025.06.13,14:45,15:00,Arnulf,29,2,31
2025.06.13,15:00,15:15,Arnulf,17,3,20
2025.06.13,15:15,15:30,Arnulf,23,2,25
2025.06.13,15:30,15:45,Arnulf,21,0,21
2025.06.13,15:45,16:00,Arnulf,24,2,26
2025.06.13,16:00,16:15,Arnulf,32,2,34
2025.06.13,16:15,16:30,Arnulf,31,1,32
2025.06.13,16:30,16:45,Arnulf,44,1,45
2025.06.13,16:45,17:00,Arnulf,44,2,46
2025.06.13,17:00,17:15,Arnulf,37,3,40
2025.06.13,17:15,17:30,Arnulf,48,3,51
2025.06.13,17:30,17:45,Arnulf,35,4,39
2025.06.13,17:45,18:00,Arnulf,47,1,48
2025.06.13,18:00,18:15,Arnulf,49,4,53
2025.06.13,18:15,18:30,Arnulf,43,2,45
2025.06.13,18:30,18:45,Arnulf,27,0,27
2025.06.13,18:45,19:00,Arnulf,30,2,32
2025.06.13,19:00,19:15,Arnulf,34,1,35
2025.06.13,19:15,19:30,Arnulf,29,1,30
2025.06.13,19:30,19:45,Arnulf,20,1,21
2025.06.13,19:45,20:00,Arnulf,30,1,31
2025.06.13,20:00,20:15,Arnulf,25,1,26
2025.06.13,20:15,20:30,Arnulf,14,3,17
2025.06.13,20:30,20:45,Arnulf,28,3,31
2025.06.13,20:45,21:00,Arnulf,21,0,21
2025.06.13,21:00,21:15,Arnulf,20,2,22
2025.06.13,21:15,21:30,Arnulf,14,0,14
2025.06.13,21:30,21:45,Arnulf,16,0,16
2025.06.13,21:45,22:00,Arnulf,22,0,22
2025.06.13,22:00,22:15,Arnulf,28,1,29
2025.06.13,22:15,22:30,Arnulf,15,1,16
2025.06.13,22:30,22:45,Arnulf,11,1,12
2025.06.13,22:45,23:00,Arnulf,17,0,17
2025.06.13,23:00,23:15,Arnulf,20,1,21
2025.06.13,23:15,23:30,Arnulf,11,0,11
2025.06.13,23:30,23:45,Arnulf,10,0,10
2025.06.13,23:45,00:00,Arnulf,17,0,17
2025.06.14,00:00,00:15,Arnulf,11,1,12
2025.06.14,00:15,00:30,Arnulf,8,1,9
2025.06.14,00:30,00:45,Arnulf,3,1,4
2025.06.14,00:45,01:00,Arnulf,13,2,15
2025.06.14,01:00,01:15,Arnulf,6,0,6
2025.06.14,01:15,01:30,Arnulf,1,0,1
2025.06.14,01:30,01:45,Arnulf,2,0,2
2025.06.14,01:45,02:00,Arnulf,1,0,1
2025.06.14,02:00,02:15,Arnulf,0,0,0
2025.06.14,02:15,02:30,Arnulf,1,1,2
2025.06.14,02:30,02:45,Arnulf,3,1,4
2025.06.14,02:45,03:00,Arnulf,1,0,1
2025.06.14,03:00,03:15,Arnulf,0,0,0
2025.06.14,03:15,03:30,Arnulf,0,0,0
2025.06.14,03:30,03:45,Arnulf,0,1,1
2025.06.14,03:45,04:00,Arnulf,0,0,0
2025.06.14,04:00,04:15,Arnulf,1,0,1
2025.06.14,04:15,04:30,Arnulf,0,0,0
2025.06.14,04:30,04:45,Arnulf,3,0,3
2025.06.14,04:45,05:00,Arnulf,0,0,0
2025.06.14,05:00,05:15,Arnulf,2,0,2
2025.06.14,05:15,05:30,Arnulf,4,0,4
2025.06.14,05:30,05:45,Arnulf,5,0,5
2025.06.14,05:45,06:00,Arnulf,2,0,2
2025.06.14,06:00,06:15,Arnulf,3,0,3
2025.06.14,06:15,06:30,Arnulf,4,0,4
2025.06.14,06:30,06:45,Arnulf,2,0,2
2025.06.14,06:45,07:00,Arnulf,7,1,8
2025.06.14,07:00,07:15,Arnulf,8,0,8
2025.06.14,07:15,07:30,Arnulf,8,1,9
2025.06.14,07:30,07:45,Arnulf,12,0,12
2025.06.14,07:45,08:00,Arnulf,10,0,10
2025.06.14,08:00,08:15,Arnulf,4,1,5
2025.06.14,08:15,08:30,Arnulf,15,0,15
2025.06.14,08:30,08:45,Arnulf,9,0,9
2025.06.14,08:45,09:00,Arnulf,9,0,9
2025.06.14,09:00,09:15,Arnulf,7,1,8
2025.06.14,09:15,09:30,Arnulf,18,0,18
2025.06.14,09:30,09:45,Arnulf,28,0,28
2025.06.14,09:45,10:00,Arnulf,18,0,18
2025.06.14,10:00,10:15,Arnulf,21,1,22
2025.06.14,10:15,10:30,Arnulf,24,0,24
2025.06.14,10:30,10:45,Arnulf,20,0,20
2025.06.14,10:45,11:00,Arnulf,18,0,18
2025.06.14,11:00,11:15,Arnulf,21,0,21
2025.06.14,11:15,11:30,Arnulf,17,0,17
2025.06.14,11:30,11:45,Arnulf,20,0,20
2025.06.14,11:45,12:00,Arnulf,48,0,48
2025.06.14,12:00,12:15,Arnulf,20,0,20
2025.06.14,12:15,12:30,Arnulf,44,2,46
2025.06.14,12:30,12:45,Arnulf,24,0,24
2025.06.14,12:45,13:00,Arnulf,16,2,18
2025.06.14,13:00,13:15,Arnulf,16,1,17
2025.06.14,13:15,13:30,Arnulf,23,1,24
2025.06.14,13:30,13:45,Arnulf,23,2,25
2025.06.14,13:45,14:00,Arnulf,27,0,27
2025.06.14,14:00,14:15,Arnulf,33,0,33
2025.06.14,14:15,14:30,Arnulf,16,2,18
2025.06.14,14:30,14:45,Arnulf,29,0,29
2025.06.14,14:45,15:00,Arnulf,32,0,32
2025.06.14,15:00,15:15,Arnulf,42,0,42
2025.06.14,15:15,15:30,Arnulf,49,0,49
2025.06.14,15:30,15:45,Arnulf,46,0,46
2025.06.14,15:45,16:00,Arnulf,18,0,18
2025.06.14,16:00,16:15,Arnulf,29,1,30
2025.06.14,16:15,16:30,Arnulf,18,0,18
2025.06.14,16:30,16:45,Arnulf,23,0,23
2025.06.14,16:45,17:00,Arnulf,21,1,22
2025.06.14,17:00,17:15,Arnulf,27,0,27
2025.06.14,17:15,17:30,Arnulf,17,0,17
2025.06.14,17:30,17:45,Arnulf,19,2,21
2025.06.14,17:45,18:00,Arnulf,9,1,10
2025.06.14,18:00,18:15,Arnulf,17,0,17
2025.06.14,18:15,18:30,Arnulf,27,0,27
2025.06.14,18:30,18:45,Arnulf,25,2,27
2025.06.14,18:45,19:00,Arnulf,10,1,11
2025.06.14,19:00,19:15,Arnulf,18,7,25
2025.06.14,19:15,19:30,Arnulf,22,0,22
2025.06.14,19:30,19:45,Arnulf,17,1,18
2025.06.14,19:45,20:00,Arnulf,18,0,18
2025.06.14,20:00,20:15,Arnulf,17,1,18
2025.06.14,20:15,20:30,Arnulf,18,1,19
2025.06.14,20:30,20:45,Arnulf,8,0,8
2025.06.14,20:45,21:00,Arnulf,16,0,16
2025.06.14,21:00,21:15,Arnulf,10,3,13
2025.06.14,21:15,21:30,Arnulf,15,2,17
2025.06.14,21:30,21:45,Arnulf,19,2,21
2025.06.14,21:45,22:00,Arnulf,16,0,16
2025.06.14,22:00,22:15,Arnulf,9,0,9
2025.06.14,22:15,22:30,Arnulf,21,0,21
2025.06.14,22:30,22:45,Arnulf,17,0,17
2025.06.14,22:45,23:00,Arnulf,15,1,16
2025.06.14,23:00,23:15,Arnulf,11,0,11
2025.06.14,23:15,23:30,Arnulf,15,1,16
2025.06.14,23:30,23:45,Arnulf,6,0,6
2025.06.14,23:45,00:00,Arnulf,9,1,10
2025.06.15,00:00,00:15,Arnulf,2,1,3
2025.06.15,00:15,00:30,Arnulf,6,1,7
2025.06.15,00:30,00:45,Arnulf,5,1,6
2025.06.15,00:45,01:00,Arnulf,2,0,2
2025.06.15,01:00,01:15,Arnulf,5,1,6
2025.06.15,01:15,01:30,Arnulf,4,0,4
2025.06.15,01:30,01:45,Arnulf,3,0,3
2025.06.15,01:45,02:00,Arnulf,4,0,4
2025.06.15,02:00,02:15,Arnulf,4,0,4
2025.06.15,02:15,02:30,Arnulf,2,0,2
2025.06.15,02:30,02:45,Arnulf,3,0,3
2025.06.15,02:45,03:00,Arnulf,8,0,8
2025.06.15,03:00,03:15,Arnulf,3,0,3
2025.06.15,03:15,03:30,Arnulf,2,0,2
2025.06.15,03:30,03:45,Arnulf,0,0,0
2025.06.15,03:45,04:00,Arnulf,0,0,0
2025.06.15,04:00,04:15,Arnulf,2,0,2
2025.06.15,04:15,04:30,Arnulf,2,1,3
2025.06.15,04:30,04:45,Arnulf,2,0,2
2025.06.15,04:45,05:00,Arnulf,1,0,1
2025.06.15,05:00,05:15,Arnulf,0,0,0
2025.06.15,05:15,05:30,Arnulf,4,1,5
2025.06.15,05:30,05:45,Arnulf,3,1,4
2025.06.15,05:45,06:00,Arnulf,4,0,4
2025.06.15,06:00,06:15,Arnulf,7,0,7
2025.06.15,06:15,06:30,Arnulf,5,0,5
2025.06.15,06:30,06:45,Arnulf,6,0,6
2025.06.15,06:45,07:00,Arnulf,2,0,2
2025.06.15,07:00,07:15,Arnulf,2,1,3
2025.06.15,07:15,07:30,Arnulf,6,1,7
2025.06.15,07:30,07:45,Arnulf,8,1,9
2025.06.15,07:45,08:00,Arnulf,1,0,1
2025.06.15,08:00,08:15,Arnulf,7,0,7
2025.06.15,08:15,08:30,Arnulf,10,0,10
2025.06.15,08:30,08:45,Arnulf,4,0,4
2025.06.15,08:45,09:00,Arnulf,9,0,9
2025.06.15,09:00,09:15,Arnulf,6,3,9
2025.06.15,09:15,09:30,Arnulf,12,2,14
2025.06.15,09:30,09:45,Arnulf,16,1,17
2025.06.15,09:45,10:00,Arnulf,12,5,17
2025.06.15,10:00,10:15,Arnulf,21,1,22
2025.06.15,10:15,10:30,Arnulf,15,0,15
2025.06.15,10:30,10:45,Arnulf,11,1,12
2025.06.15,10:45,11:00,Arnulf,15,0,15
2025.06.15,11:00,11:15,Arnulf,22,0,22
2025.06.15,11:15,11:30,Arnulf,22,0,22
2025.06.15,11:30,11:45,Arnulf,16,0,16
2025.06.15,11:45,12:00,Arnulf,17,0,17
2025.06.15,12:00,12:15,Arnulf,22,0,22
2025.06.15,12:15,12:30,Arnulf,26,0,26
2025.06.15,12:30,12:45,Arnulf,17,1,18
2025.06.15,12:45,13:00,Arnulf,19,2,21
2025.06.15,13:00,13:15,Arnulf,18,0,18
2025.06.15,13:15,13:30,Arnulf,14,0,14
2025.06.15,13:30,13:45,Arnulf,18,1,19
2025.06.15,13:45,14:00,Arnulf,28,1,29
2025.06.15,14:00,14:15,Arnulf,24,0,24
2025.06.15,14:15,14:30,Arnulf,23,1,24
2025.06.15,14:30,14:45,Arnulf,22,2,24
2025.06.15,14:45,15:00,Arnulf,19,5,24
2025.06.15,15:00,15:15,Arnulf,15,2,17
2025.06.15,15:15,15:30,Arnulf,32,0,32
2025.06.15,15:30,15:45,Arnulf,18,1,19
2025.06.15,15:45,16:00,Arnulf,24,2,26
2025.06.15,16:00,16:15,Arnulf,35,1,36
2025.06.15,16:15,16:30,Arnulf,20,2,22
2025.06.15,16:30,16:45,Arnulf,15,2,17
2025.06.15,16:45,17:00,Arnulf,24,0,24
2025.06.15,17:00,17:15,Arnulf,12,0,12
2025.06.15,17:15,17:30,Arnulf,14,1,15
2025.06.15,17:30,17:45,Arnulf,16,1,17
2025.06.15,17:45,18:00,Arnulf,12,1,13
2025.06.15,18:00,18:15,Arnulf,9,1,10
2025.06.15,18:15,18:30,Arnulf,14,2,16
2025.06.15,18:30,18:45,Arnulf,17,2,19
2025.06.15,18:45,19:00,Arnulf,22,5,27
2025.06.15,19:00,19:15,Arnulf,7,0,7
2025.06.15,19:15,19:30,Arnulf,7,0,7
2025.06.15,19:30,19:45,Arnulf,15,2,17
2025.06.15,19:45,20:00,Arnulf,12,0,12
2025.06.15,20:00,20:15,Arnulf,9,1,10
2025.06.15,20:15,20:30,Arnulf,15,0,15
2025.06.15,20:30,20:45,Arnulf,2,1,3
2025.06.15,20:45,21:00,Arnulf,9,1,10
2025.06.15,21:00,21:15,Arnulf,5,0,5
2025.06.15,21:15,21:30,Arnulf,4,1,5
2025.06.15,21:30,21:45,Arnulf,4,0,4
2025.06.15,21:45,22:00,Arnulf,2,0,2
2025.06.15,22:00,22:15,Arnulf,7,0,7
2025.06.15,22:15,22:30,Arnulf,7,1,8
2025.06.15,22:30,22:45,Arnulf,8,0,8
2025.06.15,22:45,23:00,Arnulf,6,1,7
2025.06.15,23:00,23:15,Arnulf,4,0,4
2025.06.15,23:15,23:30,Arnulf,5,0,5
2025.06.15,23:30,23:45,Arnulf,0,0,0
2025.06.15,23:45,00:00,Arnulf,1,0,1
2025.06.16,00:00,00:15,Arnulf,2,0,2
2025.06.16,00:15,00:30,Arnulf,0,0,0
2025.06.16,00:30,00:45,Arnulf,0,0,0
2025.06.16,00:45,01:00,Arnulf,0,0,0
2025.06.16,01:00,01:15,Arnulf,2,0,2
2025.06.16,01:15,01:30,Arnulf,0,0,0
2025.06.16,01:30,01:45,Arnulf,0,0,0
2025.06.16,01:45,02:00,Arnulf,3,0,3
2025.06.16,02:00,02:15,Arnulf,1,1,2
2025.06.16,02:15,02:30,Arnulf,0,0,0
2025.06.16,02:30,02:45,Arnulf,0,0,0
2025.06.16,02:45,03:00,Arnulf,0,0,0
2025.06.16,03:00,03:15,Arnulf,2,0,2
2025.06.16,03:15,03:30,Arnulf,0,0,0
2025.06.16,03:30,03:45,Arnulf,0,0,0
2025.06.16,03:45,04:00,Arnulf,0,0,0
2025.06.16,04:00,04:15,Arnulf,0,0,0
2025.06.16,04:15,04:30,Arnulf,0,0,0
2025.06.16,04:30,04:45,Arnulf,1,2,3
2025.06.16,04:45,05:00,Arnulf,0,0,0
2025.06.16,05:00,05:15,Arnulf,3,0,3
2025.06.16,05:15,05:30,Arnulf,3,1,4
2025.06.16,05:30,05:45,Arnulf,8,2,10
2025.06.16,05:45,06:00,Arnulf,8,0,8
2025.06.16,06:00,06:15,Arnulf,8,2,10
2025.06.16,06:15,06:30,Arnulf,9,0,9
2025.06.16,06:30,06:45,Arnulf,5,2,7
2025.06.16,06:45,07:00,Arnulf,16,0,16
2025.06.16,07:00,07:15,Arnulf,20,0,20
2025.06.16,07:15,07:30,Arnulf,22,0,22
2025.06.16,07:30,07:45,Arnulf,31,1,32
2025.06.16,07:45,08:00,Arnulf,44,1,45
2025.06.16,08:00,08:15,Arnulf,38,1,39
2025.06.16,08:15,08:30,Arnulf,31,1,32
2025.06.16,08:30,08:45,Arnulf,36,0,36
2025.06.16,08:45,09:00,Arnulf,27,2,29
2025.06.16,09:00,09:15,Arnulf,21,1,22
2025.06.16,09:15,09:30,Arnulf,22,0,22
2025.06.16,09:30,09:45,Arnulf,13,1,14
2025.06.16,09:45,10:00,Arnulf,19,1,20
2025.06.16,10:00,10:15,Arnulf,19,1,20
2025.06.16,10:15,10:30,Arnulf,19,1,20
2025.06.16,10:30,10:45,Arnulf,12,0,12
2025.06.16,10:45,11:00,Arnulf,17,2,19
2025.06.16,11:00,11:15,Arnulf,10,1,11
2025.06.16,11:15,11:30,Arnulf,20,0,20
2025.06.16,11:30,11:45,Arnulf,13,2,15
2025.06.16,11:45,12:00,Arnulf,22,2,24
2025.06.16,12:00,12:15,Arnulf,14,3,17
2025.06.16,12:15,12:30,Arnulf,25,0,25
2025.06.16,12:30,12:45,Arnulf,23,1,24
2025.06.16,12:45,13:00,Arnulf,13,1,14
2025.06.16,13:00,13:15,Arnulf,17,1,18
2025.06.16,13:15,13:30,Arnulf,19,3,22
2025.06.16,13:30,13:45,Arnulf,17,0,17
2025.06.16,13:45,14:00,Arnulf,17,0,17
2025.06.16,14:00,14:15,Arnulf,11,1,12
2025.06.16,14:15,14:30,Arnulf,17,0,17
2025.06.16,14:30,14:45,Arnulf,12,0,12
2025.06.16,14:45,15:00,Arnulf,20,3,23
2025.06.16,15:00,15:15,Arnulf,16,1,17
2025.06.16,15:15,15:30,Arnulf,17,1,18
2025.06.16,15:30,15:45,Arnulf,15,1,16
2025.06.16,15:45,16:00,Arnulf,18,1,19
2025.06.16,16:00,16:15,Arnulf,14,0,14
2025.06.16,16:15,16:30,Arnulf,25,2,27
2025.06.16,16:30,16:45,Arnulf,31,1,32
2025.06.16,16:45,17:00,Arnulf,22,2,24
2025.06.16,17:00,17:15,Arnulf,27,1,28
2025.06.16,17:15,17:30,Arnulf,36,3,39
2025.06.16,17:30,17:45,Arnulf,39,0,39
2025.06.16,17:45,18:00,Arnulf,40,1,41
2025.06.16,18:00,18:15,Arnulf,29,0,29
2025.06.16,18:15,18:30,Arnulf,42,2,44
2025.06.16,18:30,18:45,Arnulf,27,3,30
2025.06.16,18:45,19:00,Arnulf,41,1,42
2025.06.16,19:00,19:15,Arnulf,20,6,26
2025.06.16,19:15,19:30,Arnulf,23,1,24
2025.06.16,19:30,19:45,Arnulf,16,2,18
2025.06.16,19:45,20:00,Arnulf,16,1,17
2025.06.16,20:00,20:15,Arnulf,17,0,17
2025.06.16,20:15,20:30,Arnulf,13,0,13
2025.06.16,20:30,20:45,Arnulf,16,2,18
2025.06.16,20:45,21:00,Arnulf,9,1,10
2025.06.16,21:00,21:15,Arnulf,13,0,13
2025.06.16,21:15,21:30,Arnulf,11,2,13
2025.06.16,21:30,21:45,Arnulf,14,0,14
2025.06.16,21:45,22:00,Arnulf,10,0,10
2025.06.16,22:00,22:15,Arnulf,12,2,14
2025.06.16,22:15,22:30,Arnulf,18,0,18
2025.06.16,22:30,22:45,Arnulf,7,1,8
2025.06.16,22:45,23:00,Arnulf,7,0,7
2025.06.16,23:00,23:15,Arnulf,8,0,8
2025.06.16,23:15,23:30,Arnulf,6,0,6
2025.06.16,23:30,23:45,Arnulf,5,1,6
2025.06.16,23:45,00:00,Arnulf,1,0,1
2025.06.17,00:00,00:15,Arnulf,2,0,2
2025.06.17,00:15,00:30,Arnulf,3,0,3
2025.06.17,00:30,00:45,Arnulf,0,0,0
2025.06.17,00:45,01:00,Arnulf,2,0,2
2025.06.17,01:00,01:15,Arnulf,1,0,1
2025.06.17,01:15,01:30,Arnulf,1,0,1
2025.06.17,01:30,01:45,Arnulf,0,0,0
2025.06.17,01:45,02:00,Arnulf,0,0,0
2025.06.17,02:00,02:15,Arnulf,1,0,1
2025.06.17,02:15,02:30,Arnulf,0,0,0
2025.06.17,02:30,02:45,Arnulf,1,0,1
2025.06.17,02:45,03:00,Arnulf,0,0,0
2025.06.17,03:00,03:15,Arnulf,0,0,0
2025.06.17,03:15,03:30,Arnulf,1,0,1
2025.06.17,03:30,03:45,Arnulf,1,0,1
2025.06.17,03:45,04:00,Arnulf,0,0,0
2025.06.17,04:00,04:15,Arnulf,0,0,0
2025.06.17,04:15,04:30,Arnulf,3,0,3
2025.06.17,04:30,04:45,Arnulf,1,2,3
2025.06.17,04:45,05:00,Arnulf,3,0,3
2025.06.17,05:00,05:15,Arnulf,2,0,2
2025.06.17,05:15,05:30,Arnulf,1,0,1
2025.06.17,05:30,05:45,Arnulf,6,0,6
2025.06.17,05:45,06:00,Arnulf,10,0,10
2025.06.17,06:00,06:15,Arnulf,9,0,9
2025.06.17,06:15,06:30,Arnulf,10,0,10
2025.06.17,06:30,06:45,Arnulf,17,1,18
2025.06.17,06:45,07:00,Arnulf,22,2,24
2025.06.17,07:00,07:15,Arnulf,18,0,18
2025.06.17,07:15,07:30,Arnulf,23,0,23
2025.06.17,07:30,07:45,Arnulf,33,1,34
2025.06.17,07:45,08:00,Arnulf,53,1,54
2025.06.17,08:00,08:15,Arnulf,37,2,39
2025.06.17,08:15,08:30,Arnulf,49,2,51
2025.06.17,08:30,08:45,Arnulf,45,1,46
2025.06.17,08:45,09:00,Arnulf,52,1,53
2025.06.17,09:00,09:15,Arnulf,1,0,1
2025.06.17,09:15,09:30,Arnulf,0,0,0
2025.06.17,09:30,09:45,Arnulf,0,0,0
2025.06.17,09:45,10:00,Arnulf,2,0,2
2025.06.17,10:00,10:15,Arnulf,2,1,3
2025.06.17,10:15,10:30,Arnulf,9,0,9
2025.06.17,10:30,10:45,Arnulf,20,1,21
2025.06.17,10:45,11:00,Arnulf,27,0,27
2025.06.17,11:00,11:15,Arnulf,16,0,16
2025.06.17,11:15,11:30,Arnulf,18,1,19
2025.06.17,11:30,11:45,Arnulf,19,2,21
2025.06.17,11:45,12:00,Arnulf,26,1,27
2025.06.17,12:00,12:15,Arnulf,25,0,25
2025.06.17,12:15,12:30,Arnulf,31,1,32
2025.06.17,12:30,12:45,Arnulf,23,1,24
2025.06.17,12:45,13:00,Arnulf,22,2,24
2025.06.17,13:00,13:15,Arnulf,18,0,18
2025.06.17,13:15,13:30,Arnulf,25,1,26
2025.06.17,13:30,13:45,Arnulf,19,1,20
2025.06.17,13:45,14:00,Arnulf,31,1,32
2025.06.17,14:00,14:15,Arnulf,28,1,29
2025.06.17,14:15,14:30,Arnulf,15,0,15
2025.06.17,14:30,14:45,Arnulf,21,2,23
2025.06.17,14:45,15:00,Arnulf,34,1,35
2025.06.17,15:00,15:15,Arnulf,33,0,33
2025.06.17,15:15,15:30,Arnulf,30,0,30
2025.06.17,15:30,15:45,Arnulf,26,0,26
2025.06.17,15:45,16:00,Arnulf,35,6,41
2025.06.17,16:00,16:15,Arnulf,14,2,16
2025.06.17,16:15,16:30,Arnulf,35,1,36
2025.06.17,16:30,16:45,Arnulf,37,2,39
2025.06.17,16:45,17:00,Arnulf,34,4,38
2025.06.17,17:00,17:15,Arnulf,48,1,49
2025.06.17,17:15,17:30,Arnulf,42,1,43
2025.06.17,17:30,17:45,Arnulf,71,0,71
2025.06.17,17:45,18:00,Arnulf,49,2,51
2025.06.17,18:00,18:15,Arnulf,67,3,70
2025.06.17,18:15,18:30,Arnulf,62,1,63
2025.06.17,18:30,18:45,Arnulf,61,6,67
2025.06.17,18:45,19:00,Arnulf,26,1,27
2025.06.17,19:00,19:15,Arnulf,26,1,27
2025.06.17,19:15,19:30,Arnulf,28,2,30
2025.06.17,19:30,19:45,Arnulf,32,2,34
2025.06.17,19:45,20:00,Arnulf,34,3,37
2025.06.17,20:00,20:15,Arnulf,24,2,26
2025.06.17,20:15,20:30,Arnulf,19,1,20
2025.06.17,20:30,20:45,Arnulf,21,1,22
2025.06.17,20:45,21:00,Arnulf,16,3,19
2025.06.17,21:00,21:15,Arnulf,11,0,11
2025.06.17,21:15,21:30,Arnulf,21,0,21
2025.06.17,21:30,21:45,Arnulf,26,2,28
2025.06.17,21:45,22:00,Arnulf,22,0,22
2025.06.17,22:00,22:15,Arnulf,26,2,28
2025.06.17,22:15,22:30,Arnulf,18,2,20
2025.06.17,22:30,22:45,Arnulf,14,1,15
2025.06.17,22:45,23:00,Arnulf,10,0,10
2025.06.17,23:00,23:15,Arnulf,12,1,13
2025.06.17,23:15,23:30,Arnulf,11,0,11
2025.06.17,23:30,23:45,Arnulf,11,0,11
2025.06.17,23:45,00:00,Arnulf,6,0,6
2025.06.18,00:00,00:15,Arnulf,1,2,3
2025.06.18,00:15,00:30,Arnulf,0,0,0
2025.06.18,00:30,00:45,Arnulf,3,4,7
2025.06.18,00:45,01:00,Arnulf,0,3,3
2025.06.18,01:00,01:15,Arnulf,1,0,1
2025.06.18,01:15,01:30,Arnulf,0,0,0
2025.06.18,01:30,01:45,Arnulf,1,0,1
2025.06.18,01:45,02:00,Arnulf,0,0,0
2025.06.18,02:00,02:15,Arnulf,0,0,0
2025.06.18,02:15,02:30,Arnulf,0,0,0
2025.06.18,02:30,02:45,Arnulf,0,0,0
2025.06.18,02:45,03:00,Arnulf,1,0,1
2025.06.18,03:00,03:15,Arnulf,0,0,0
2025.06.18,03:15,03:30,Arnulf,0,0,0
2025.06.18,03:30,03:45,Arnulf,1,0,1
2025.06.18,03:45,04:00,Arnulf,1,0,1
2025.06.18,04:00,04:15,Arnulf,0,0,0
2025.06.18,04:15,04:30,Arnulf,2,0,2
2025.06.18,04:30,04:45,Arnulf,2,2,4
2025.06.18,04:45,05:00,Arnulf,0,0,0
2025.06.18,05:00,05:15,Arnulf,3,0,3
2025.06.18,05:15,05:30,Arnulf,1,0,1
2025.06.18,05:30,05:45,Arnulf,4,1,5
2025.06.18,05:45,06:00,Arnulf,7,0,7
2025.06.18,06:00,06:15,Arnulf,13,0,13
2025.06.18,06:15,06:30,Arnulf,11,1,12
2025.06.18,06:30,06:45,Arnulf,9,0,9
2025.06.18,06:45,07:00,Arnulf,20,0,20
2025.06.18,07:00,07:15,Arnulf,19,0,19
2025.06.18,07:15,07:30,Arnulf,22,0,22
2025.06.18,07:30,07:45,Arnulf,28,0,28
2025.06.18,07:45,08:00,Arnulf,37,3,40
2025.06.18,08:00,08:15,Arnulf,55,0,55
2025.06.18,08:15,08:30,Arnulf,48,1,49
2025.06.18,08:30,08:45,Arnulf,53,0,53
2025.06.18,08:45,09:00,Arnulf,44,2,46
2025.06.18,09:00,09:15,Arnulf,47,2,49
2025.06.18,09:15,09:30,Arnulf,23,2,25
2025.06.18,09:30,09:45,Arnulf,27,1,28
2025.06.18,09:45,10:00,Arnulf,28,1,29
2025.06.18,10:00,10:15,Arnulf,17,0,17
2025.06.18,10:15,10:30,Arnulf,20,0,20
2025.06.18,10:30,10:45,Arnulf,21,0,21
2025.06.18,10:45,11:00,Arnulf,29,0,29
2025.06.18,11:00,11:15,Arnulf,22,0,22
2025.06.18,11:15,11:30,Arnulf,19,0,19
2025.06.18,11:30,11:45,Arnulf,20,1,21
2025.06.18,11:45,12:00,Arnulf,18,1,19
2025.06.18,12:00,12:15,Arnulf,25,0,25
2025.06.18,12:15,12:30,Arnulf,20,0,20
2025.06.18,12:30,12:45,Arnulf,20,0,20
2025.06.18,12:45,13:00,Arnulf,15,1,16
2025.06.18,13:00,13:15,Arnulf,18,3,21
2025.06.18,13:15,13:30,Arnulf,25,0,25
2025.06.18,13:30,13:45,Arnulf,18,0,18
2025.06.18,13:45,14:00,Arnulf,24,2,26
2025.06.18,14:00,14:15,Arnulf,22,1,23
2025.06.18,14:15,14:30,Arnulf,20,2,22
2025.06.18,14:30,14:45,Arnulf,36,2,38
2025.06.18,14:45,15:00,Arnulf,30,3,33
2025.06.18,15:00,15:15,Arnulf,28,3,31
2025.06.18,15:15,15:30,Arnulf,30,5,35
2025.06.18,15:30,15:45,Arnulf,52,0,52
2025.06.18,15:45,16:00,Arnulf,35,1,36
2025.06.18,16:00,16:15,Arnulf,28,1,29
2025.06.18,16:15,16:30,Arnulf,29,0,29
2025.06.18,16:30,16:45,Arnulf,35,4,39
2025.06.18,16:45,17:00,Arnulf,40,1,41
2025.06.18,17:00,17:15,Arnulf,28,1,29
2025.06.18,17:15,17:30,Arnulf,26,0,26
2025.06.18,17:30,17:45,Arnulf,40,1,41
2025.06.18,17:45,18:00,Arnulf,45,1,46
2025.06.18,18:00,18:15,Arnulf,48,5,53
2025.06.18,18:15,18:30,Arnulf,48,0,48
2025.06.18,18:30,18:45,Arnulf,51,0,51
2025.06.18,18:45,19:00,Arnulf,50,0,50
2025.06.18,19:00,19:15,Arnulf,34,1,35
2025.06.18,19:15,19:30,Arnulf,46,1,47
2025.06.18,19:30,19:45,Arnulf,30,0,30
2025.06.18,19:45,20:00,Arnulf,30,3,33
2025.06.18,20:00,20:15,Arnulf,20,0,20
2025.06.18,20:15,20:30,Arnulf,24,1,25
2025.06.18,20:30,20:45,Arnulf,26,2,28
2025.06.18,20:45,21:00,Arnulf,16,0,16
2025.06.18,21:00,21:15,Arnulf,16,1,17
2025.06.18,21:15,21:30,Arnulf,19,3,22
2025.06.18,21:30,21:45,Arnulf,15,1,16
2025.06.18,21:45,22:00,Arnulf,12,1,13
2025.06.18,22:00,22:15,Arnulf,25,3,28
2025.06.18,22:15,22:30,Arnulf,15,1,16
2025.06.18,22:30,22:45,Arnulf,22,1,23
2025.06.18,22:45,23:00,Arnulf,18,0,18
2025.06.18,23:00,23:15,Arnulf,13,3,16
2025.06.18,23:15,23:30,Arnulf,9,0,9
2025.06.18,23:30,23:45,Arnulf,17,0,17
2025.06.18,23:45,00:00,Arnulf,17,0,17
2025.06.19,00:00,00:15,Arnulf,8,1,9
2025.06.19,00:15,00:30,Arnulf,12,1,13
2025.06.19,00:30,00:45,Arnulf,9,0,9
2025.06.19,00:45,01:00,Arnulf,1,1,2
2025.06.19,01:00,01:15,Arnulf,7,0,7
2025.06.19,01:15,01:30,Arnulf,4,1,5
2025.06.19,01:30,01:45,Arnulf,3,0,3
2025.06.19,01:45,02:00,Arnulf,2,0,2
2025.06.19,02:00,02:15,Arnulf,2,0,2
2025.06.19,02:15,02:30,Arnulf,4,0,4
2025.06.19,02:30,02:45,Arnulf,0,0,0
2025.06.19,02:45,03:00,Arnulf,2,0,2
2025.06.19,03:00,03:15,Arnulf,0,0,0
2025.06.19,03:15,03:30,Arnulf,1,0,1
2025.06.19,03:30,03:45,Arnulf,4,0,4
2025.06.19,03:45,04:00,Arnulf,0,0,0
2025.06.19,04:00,04:15,Arnulf,2,0,2
2025.06.19,04:15,04:30,Arnulf,1,0,1
2025.06.19,04:30,04:45,Arnulf,2,0,2
2025.06.19,04:45,05:00,Arnulf,1,0,1
2025.06.19,05:00,05:15,Arnulf,3,0,3
2025.06.19,05:15,05:30,Arnulf,6,0,6
2025.06.19,05:30,05:45,Arnulf,1,0,1
2025.06.19,05:45,06:00,Arnulf,5,0,5
2025.06.19,06:00,06:15,Arnulf,3,0,3
2025.06.19,06:15,06:30,Arnulf,2,1,3
2025.06.19,06:30,06:45,Arnulf,7,1,8
2025.06.19,06:45,07:00,Arnulf,9,0,9
2025.06.19,07:00,07:15,Arnulf,9,0,9
2025.06.19,07:15,07:30,Arnulf,11,0,11
2025.06.19,07:30,07:45,Arnulf,15,0,15
2025.06.19,07:45,08:00,Arnulf,11,0,11
2025.06.19,08:00,08:15,Arnulf,15,1,16
2025.06.19,08:15,08:30,Arnulf,11,0,11
2025.06.19,08:30,08:45,Arnulf,17,1,18
2025.06.19,08:45,09:00,Arnulf,13,1,14
2025.06.19,09:00,09:15,Arnulf,21,0,21
2025.06.19,09:15,09:30,Arnulf,19,0,19
2025.06.19,09:30,09:45,Arnulf,15,1,16
2025.06.19,09:45,10:00,Arnulf,16,0,16
2025.06.19,10:00,10:15,Arnulf,16,1,17
2025.06.19,10:15,10:30,Arnulf,23,0,23
2025.06.19,10:30,10:45,Arnulf,16,1,17
2025.06.19,10:45,11:00,Arnulf,12,1,13
2025.06.19,11:00,11:15,Arnulf,18,1,19
2025.06.19,11:15,11:30,Arnulf,7,0,7
2025.06.19,11:30,11:45,Arnulf,12,0,12
2025.06.19,11:45,12:00,Arnulf,20,2,22
2025.06.19,12:00,12:15,Arnulf,11,2,13
2025.06.19,12:15,12:30,Arnulf,24,1,25
2025.06.19,12:30,12:45,Arnulf,22,1,23
2025.06.19,12:45,13:00,Arnulf,24,2,26
2025.06.19,13:00,13:15,Arnulf,22,0,22
2025.06.19,13:15,13:30,Arnulf,25,0,25
2025.06.19,13:30,13:45,Arnulf,22,0,22
2025.06.19,13:45,14:00,Arnulf,18,4,22
2025.06.19,14:00,14:15,Arnulf,29,5,34
2025.06.19,14:15,14:30,Arnulf,21,1,22
2025.06.19,14:30,14:45,Arnulf,22,0,22
2025.06.19,14:45,15:00,Arnulf,25,5,30
2025.06.19,15:00,15:15,Arnulf,17,0,17
2025.06.19,15:15,15:30,Arnulf,44,0,44
2025.06.19,15:30,15:45,Arnulf,36,1,37
2025.06.19,15:45,16:00,Arnulf,30,0,30
2025.06.19,16:00,16:15,Arnulf,22,1,23
2025.06.19,16:15,16:30,Arnulf,8,3,11
2025.06.19,16:30,16:45,Arnulf,21,1,22
2025.06.19,16:45,17:00,Arnulf,32,1,33
2025.06.19,17:00,17:15,Arnulf,27,1,28
2025.06.19,17:15,17:30,Arnulf,25,4,29
2025.06.19,17:30,17:45,Arnulf,30,3,33
2025.06.19,17:45,18:00,Arnulf,15,2,17
2025.06.19,18:00,18:15,Arnulf,27,2,29
2025.06.19,18:15,18:30,Arnulf,20,3,23
2025.06.19,18:30,18:45,Arnulf,20,0,20
2025.06.19,18:45,19:00,Arnulf,30,0,30
2025.06.19,19:00,19:15,Arnulf,23,1,24
2025.06.19,19:15,19:30,Arnulf,16,2,18
2025.06.19,19:30,19:45,Arnulf,23,1,24
2025.06.19,19:45,20:00,Arnulf,16,0,16
2025.06.19,20:00,20:15,Arnulf,32,0,32
2025.06.19,20:15,20:30,Arnulf,22,2,24
2025.06.19,20:30,20:45,Arnulf,14,3,17
2025.06.19,20:45,21:00,Arnulf,33,1,34
2025.06.19,21:00,21:15,Arnulf,17,1,18
2025.06.19,21:15,21:30,Arnulf,9,2,11
2025.06.19,21:30,21:45,Arnulf,28,2,30
2025.06.19,21:45,22:00,Arnulf,26,3,29
2025.06.19,22:00,22:15,Arnulf,20,0,20
2025.06.19,22:15,22:30,Arnulf,20,0,20
2025.06.19,22:30,22:45,Arnulf,9,2,11
2025.06.19,22:45,23:00,Arnulf,4,2,6
2025.06.19,23:00,23:15,Arnulf,9,1,10
2025.06.19,23:15,23:30,Arnulf,18,0,18
2025.06.19,23:30,23:45,Arnulf,13,1,14
2025.06.19,23:45,00:00,Arnulf,6,0,6
2025.06.20,00:00,00:15,Arnulf,6,0,6
2025.06.20,00:15,00:30,Arnulf,6,0,6
2025.06.20,00:30,00:45,Arnulf,3,0,3
2025.06.20,00:45,01:00,Arnulf,1,0,1
2025.06.20,01:00,01:15,Arnulf,0,0,0
2025.06.20,01:15,01:30,Arnulf,1,0,1
2025.06.20,01:30,01:45,Arnulf,3,0,3
2025.06.20,01:45,02:00,Arnulf,2,0,2
2025.06.20,02:00,02:15,Arnulf,0,1,1
2025.06.20,02:15,02:30,Arnulf,1,1,2
2025.06.20,02:30,02:45,Arnulf,3,0,3
2025.06.20,02:45,03:00,Arnulf,0,0,0
2025.06.20,03:00,03:15,Arnulf,1,0,1
2025.06.20,03:15,03:30,Arnulf,1,0,1
2025.06.20,03:30,03:45,Arnulf,0,0,0
2025.06.20,03:45,04:00,Arnulf,1,0,1
2025.06.20,04:00,04:15,Arnulf,3,0,3
2025.06.20,04:15,04:30,Arnulf,0,0,0
2025.06.20,04:30,04:45,Arnulf,2,1,3
2025.06.20,04:45,05:00,Arnulf,1,0,1
2025.06.20,05:00,05:15,Arnulf,5,0,5
2025.06.20,05:15,05:30,Arnulf,4,0,4
2025.06.20,05:30,05:45,Arnulf,8,0,8
2025.06.20,05:45,06:00,Arnulf,1,0,1
2025.06.20,06:00,06:15,Arnulf,11,0,11
2025.06.20,06:15,06:30,Arnulf,8,0,8
2025.06.20,06:30,06:45,Arnulf,9,2,11
2025.06.20,06:45,07:00,Arnulf,11,2,13
2025.06.20,07:00,07:15,Arnulf,10,1,11
2025.06.20,07:15,07:30,Arnulf,15,0,15
2025.06.20,07:30,07:45,Arnulf,16,0,16
2025.06.20,07:45,08:00,Arnulf,25,0,25
2025.06.20,08:00,08:15,Arnulf,23,0,23
2025.06.20,08:15,08:30,Arnulf,30,0,30
2025.06.20,08:30,08:45,Arnulf,37,0,37
2025.06.20,08:45,09:00,Arnulf,33,4,37
2025.06.20,09:00,09:15,Arnulf,28,2,30
2025.06.20,09:15,09:30,Arnulf,13,1,14
2025.06.20,09:30,09:45,Arnulf,17,0,17
2025.06.20,09:45,10:00,Arnulf,30,0,30
2025.06.20,10:00,10:15,Arnulf,19,0,19
2025.06.20,10:15,10:30,Arnulf,19,0,19
2025.06.20,10:30,10:45,Arnulf,29,0,29
2025.06.20,10:45,11:00,Arnulf,26,0,26
2025.06.20,11:00,11:15,Arnulf,23,0,23
2025.06.20,11:15,11:30,Arnulf,30,0,30
2025.06.20,11:30,11:45,Arnulf,24,2,26
2025.06.20,11:45,12:00,Arnulf,29,0,29
2025.06.20,12:00,12:15,Arnulf,26,0,26
2025.06.20,12:15,12:30,Arnulf,32,2,34
2025.06.20,12:30,12:45,Arnulf,22,0,22
2025.06.20,12:45,13:00,Arnulf,23,0,23
2025.06.20,13:00,13:15,Arnulf,19,1,20
2025.06.20,13:15,13:30,Arnulf,26,2,28
2025.06.20,13:30,13:45,Arnulf,17,0,17
2025.06.20,13:45,14:00,Arnulf,24,1,25
2025.06.20,14:00,14:15,Arnulf,21,1,22
2025.06.20,14:15,14:30,Arnulf,25,3,28
2025.06.20,14:30,14:45,Arnulf,19,1,20
2025.06.20,14:45,15:00,Arnulf,27,2,29
2025.06.20,15:00,15:15,Arnulf,23,1,24
2025.06.20,15:15,15:30,Arnulf,22,1,23
2025.06.20,15:30,15:45,Arnulf,25,0,25
2025.06.20,15:45,16:00,Arnulf,25,0,25
2025.06.20,16:00,16:15,Arnulf,20,1,21
2025.06.20,16:15,16:30,Arnulf,42,2,44
2025.06.20,16:30,16:45,Arnulf,34,0,34
2025.06.20,16:45,17:00,Arnulf,59,1,60
2025.06.20,17:00,17:15,Arnulf,39,2,41
2025.06.20,17:15,17:30,Arnulf,21,1,22
2025.06.20,17:30,17:45,Arnulf,29,3,32
2025.06.20,17:45,18:00,Arnulf,43,0,43
2025.06.20,18:00,18:15,Arnulf,33,3,36
2025.06.20,18:15,18:30,Arnulf,32,0,32
2025.06.20,18:30,18:45,Arnulf,38,0,38
2025.06.20,18:45,19:00,Arnulf,31,2,33
2025.06.20,19:00,19:15,Arnulf,24,0,24
2025.06.20,19:15,19:30,Arnulf,16,2,18
2025.06.20,19:30,19:45,Arnulf,24,1,25
2025.06.20,19:45,20:00,Arnulf,23,1,24
2025.06.20,20:00,20:15,Arnulf,15,0,15
2025.06.20,20:15,20:30,Arnulf,21,0,21
2025.06.20,20:30,20:45,Arnulf,22,3,25
2025.06.20,20:45,21:00,Arnulf,19,2,21
2025.06.20,21:00,21:15,Arnulf,22,1,23
2025.06.20,21:15,21:30,Arnulf,21,0,21
2025.06.20,21:30,21:45,Arnulf,15,1,16
2025.06.20,21:45,22:00,Arnulf,10,3,13
2025.06.20,22:00,22:15,Arnulf,13,1,14
2025.06.20,22:15,22:30,Arnulf,11,1,12
2025.06.20,22:30,22:45,Arnulf,13,0,13
2025.06.20,22:45,23:00,Arnulf,18,2,20
2025.06.20,23:00,23:15,Arnulf,8,1,9
2025.06.20,23:15,23:30,Arnulf,6,1,7
2025.06.20,23:30,23:45,Arnulf,9,2,11
2025.06.20,23:45,00:00,Arnulf,13,1,14
2025.06.21,00:00,00:15,Arnulf,4,0,4
2025.06.21,00:15,00:30,Arnulf,8,0,8
2025.06.21,00:30,00:45,Arnulf,5,1,6
2025.06.21,00:45,01:00,Arnulf,10,0,10
2025.06.21,01:00,01:15,Arnulf,1,1,2
2025.06.21,01:15,01:30,Arnulf,1,0,1
2025.06.21,01:30,01:45,Arnulf,2,2,4
2025.06.21,01:45,02:00,Arnulf,2,1,3
2025.06.21,02:00,02:15,Arnulf,3,0,3
2025.06.21,02:15,02:30,Arnulf,0,0,0
2025.06.21,02:30,02:45,Arnulf,2,0,2
2025.06.21,02:45,03:00,Arnulf,0,0,0
2025.06.21,03:00,03:15,Arnulf,0,0,0
2025.06.21,03:15,03:30,Arnulf,4,1,5
2025.06.21,03:30,03:45,Arnulf,3,0,3
2025.06.21,03:45,04:00,Arnulf,7,0,7
2025.06.21,04:00,04:15,Arnulf,1,0,1
2025.06.21,04:15,04:30,Arnulf,0,0,0
2025.06.21,04:30,04:45,Arnulf,1,0,1
2025.06.21,04:45,05:00,Arnulf,0,0,0
2025.06.21,05:00,05:15,Arnulf,3,0,3
2025.06.21,05:15,05:30,Arnulf,2,0,2
2025.06.21,05:30,05:45,Arnulf,5,0,5
2025.06.21,05:45,06:00,Arnulf,3,0,3
2025.06.21,06:00,06:15,Arnulf,3,0,3
2025.06.21,06:15,06:30,Arnulf,6,0,6
2025.06.21,06:30,06:45,Arnulf,6,0,6
2025.06.21,06:45,07:00,Arnulf,13,0,13
2025.06.21,07:00,07:15,Arnulf,4,0,4
2025.06.21,07:15,07:30,Arnulf,8,0,8
2025.06.21,07:30,07:45,Arnulf,11,1,12
2025.06.21,07:45,08:00,Arnulf,12,1,13
2025.06.21,08:00,08:15,Arnulf,10,0,10
2025.06.21,08:15,08:30,Arnulf,17,0,17
2025.06.21,08:30,08:45,Arnulf,10,0,10
2025.06.21,08:45,09:00,Arnulf,14,0,14
2025.06.21,09:00,09:15,Arnulf,21,0,21
2025.06.21,09:15,09:30,Arnulf,20,1,21
2025.06.21,09:30,09:45,Arnulf,16,2,18
2025.06.21,09:45,10:00,Arnulf,19,0,19
2025.06.21,10:00,10:15,Arnulf,13,0,13
2025.06.21,10:15,10:30,Arnulf,22,0,22
2025.06.21,10:30,10:45,Arnulf,25,0,25
2025.06.21,10:45,11:00,Arnulf,29,1,30
2025.06.21,11:00,11:15,Arnulf,12,0,12
2025.06.21,11:15,11:30,Arnulf,23,0,23
2025.06.21,11:30,11:45,Arnulf,17,0,17
2025.06.21,11:45,12:00,Arnulf,16,1,17
2025.06.21,12:00,12:15,Arnulf,23,1,24
2025.06.21,12:15,12:30,Arnulf,26,1,27
2025.06.21,12:30,12:45,Arnulf,22,0,22
2025.06.21,12:45,13:00,Arnulf,24,0,24
2025.06.21,13:00,13:15,Arnulf,11,3,14
2025.06.21,13:15,13:30,Arnulf,33,1,34
2025.06.21,13:30,13:45,Arnulf,25,1,26
2025.06.21,13:45,14:00,Arnulf,35,1,36
2025.06.21,14:00,14:15,Arnulf,30,0,30
2025.06.21,14:15,14:30,Arnulf,11,1,12
2025.06.21,14:30,14:45,Arnulf,22,1,23
2025.06.21,14:45,15:00,Arnulf,17,1,18
2025.06.21,15:00,15:15,Arnulf,35,0,35
2025.06.21,15:15,15:30,Arnulf,30,0,30
2025.06.21,15:30,15:45,Arnulf,22,3,25
2025.06.21,15:45,16:00,Arnulf,13,1,14
2025.06.21,16:00,16:15,Arnulf,43,0,43
2025.06.21,16:15,16:30,Arnulf,60,1,61
2025.06.21,16:30,16:45,Arnulf,15,0,15
2025.06.21,16:45,17:00,Arnulf,18,0,18
2025.06.21,17:00,17:15,Arnulf,11,0,11
2025.06.21,17:15,17:30,Arnulf,25,4,29
2025.06.21,17:30,17:45,Arnulf,31,0,31
2025.06.21,17:45,18:00,Arnulf,22,0,22
2025.06.21,18:00,18:15,Arnulf,24,0,24
2025.06.21,18:15,18:30,Arnulf,25,0,25
2025.06.21,18:30,18:45,Arnulf,21,0,21
2025.06.21,18:45,19:00,Arnulf,9,0,9
2025.06.21,19:00,19:15,Arnulf,18,1,19
2025.06.21,19:15,19:30,Arnulf,21,0,21
2025.06.21,19:30,19:45,Arnulf,16,1,17
2025.06.21,19:45,20:00,Arnulf,11,3,14
2025.06.21,20:00,20:15,Arnulf,17,2,19
2025.06.21,20:15,20:30,Arnulf,16,4,20
2025.06.21,20:30,20:45,Arnulf,26,0,26
2025.06.21,20:45,21:00,Arnulf,25,0,25
2025.06.21,21:00,21:15,Arnulf,25,1,26
2025.06.21,21:15,21:30,Arnulf,18,0,18
2025.06.21,21:30,21:45,Arnulf,15,0,15
2025.06.21,21:45,22:00,Arnulf,17,1,18
2025.06.21,22:00,22:15,Arnulf,15,1,16
2025.06.21,22:15,22:30,Arnulf,11,4,15
2025.06.21,22:30,22:45,Arnulf,15,1,16
2025.06.21,22:45,23:00,Arnulf,14,0,14
2025.06.21,23:00,23:15,Arnulf,12,1,13
2025.06.21,23:15,23:30,Arnulf,8,0,8
2025.06.21,23:30,23:45,Arnulf,7,0,7
2025.06.21,23:45,00:00,Arnulf,8,1,9
2025.06.22,00:00,00:15,Arnulf,7,0,7
2025.06.22,00:15,00:30,Arnulf,9,0,9
2025.06.22,00:30,00:45,Arnulf,1,2,3
2025.06.22,00:45,01:00,Arnulf,4,0,4
2025.06.22,01:00,01:15,Arnulf,3,0,3
2025.06.22,01:15,01:30,Arnulf,3,0,3
2025.06.22,01:30,01:45,Arnulf,3,0,3
2025.06.22,01:45,02:00,Arnulf,2,0,2
2025.06.22,02:00,02:15,Arnulf,3,0,3
2025.06.22,02:15,02:30,Arnulf,2,0,2
2025.06.22,02:30,02:45,Arnulf,3,1,4
2025.06.22,02:45,03:00,Arnulf,4,0,4
2025.06.22,03:00,03:15,Arnulf,5,0,5
2025.06.22,03:15,03:30,Arnulf,1,0,1
2025.06.22,03:30,03:45,Arnulf,1,0,1
2025.06.22,03:45,04:00,Arnulf,3,1,4
2025.06.22,04:00,04:15,Arnulf,2,1,3
2025.06.22,04:15,04:30,Arnulf,0,0,0
2025.06.22,04:30,04:45,Arnulf,4,0,4
2025.06.22,04:45,05:00,Arnulf,0,1,1
2025.06.22,05:00,05:15,Arnulf,3,0,3
2025.06.22,05:15,05:30,Arnulf,5,0,5
2025.06.22,05:30,05:45,Arnulf,2,0,2
2025.06.22,05:45,06:00,Arnulf,0,0,0
2025.06.22,06:00,06:15,Arnulf,8,1,9
2025.06.22,06:15,06:30,Arnulf,4,1,5
2025.06.22,06:30,06:45,Arnulf,4,1,5
2025.06.22,06:45,07:00,Arnulf,6,0,6
2025.06.22,07:00,07:15,Arnulf,7,0,7
2025.06.22,07:15,07:30,Arnulf,7,0,7
2025.06.22,07:30,07:45,Arnulf,6,0,6
2025.06.22,07:45,08:00,Arnulf,5,1,6
2025.06.22,08:00,08:15,Arnulf,5,1,6
2025.06.22,08:15,08:30,Arnulf,8,0,8
2025.06.22,08:30,08:45,Arnulf,7,0,7
2025.06.22,08:45,09:00,Arnulf,11,0,11
2025.06.22,09:00,09:15,Arnulf,11,0,11
2025.06.22,09:15,09:30,Arnulf,7,1,8
2025.06.22,09:30,09:45,Arnulf,23,1,24
2025.06.22,09:45,10:00,Arnulf,19,3,22
2025.06.22,10:00,10:15,Arnulf,18,0,18
2025.06.22,10:15,10:30,Arnulf,18,0,18
2025.06.22,10:30,10:45,Arnulf,9,0,9
2025.06.22,10:45,11:00,Arnulf,17,0,17
2025.06.22,11:00,11:15,Arnulf,16,0,16
2025.06.22,11:15,11:30,Arnulf,4,1,5
2025.06.22,11:30,11:45,Arnulf,19,2,21
2025.06.22,11:45,12:00,Arnulf,30,1,31
2025.06.22,12:00,12:15,Arnulf,22,1,23
2025.06.22,12:15,12:30,Arnulf,15,0,15
2025.06.22,12:30,12:45,Arnulf,27,0,27
2025.06.22,12:45,13:00,Arnulf,20,0,20
2025.06.22,13:00,13:15,Arnulf,13,2,15
2025.06.22,13:15,13:30,Arnulf,20,1,21
2025.06.22,13:30,13:45,Arnulf,34,1,35
2025.06.22,13:45,14:00,Arnulf,24,1,25
2025.06.22,14:00,14:15,Arnulf,27,3,30
2025.06.22,14:15,14:30,Arnulf,23,0,23
2025.06.22,14:30,14:45,Arnulf,23,0,23
2025.06.22,14:45,15:00,Arnulf,41,2,43
2025.06.22,15:00,15:15,Arnulf,21,1,22
2025.06.22,15:15,15:30,Arnulf,22,0,22
2025.06.22,15:30,15:45,Arnulf,20,0,20
2025.06.22,15:45,16:00,Arnulf,45,0,45
2025.06.22,16:00,16:15,Arnulf,20,1,21
2025.06.22,16:15,16:30,Arnulf,28,3,31
2025.06.22,16:30,16:45,Arnulf,21,1,22
2025.06.22,16:45,17:00,Arnulf,12,3,15
2025.06.22,17:00,17:15,Arnulf,23,1,24
2025.06.22,17:15,17:30,Arnulf,19,0,19
2025.06.22,17:30,17:45,Arnulf,17,0,17
2025.06.22,17:45,18:00,Arnulf,13,1,14
2025.06.22,18:00,18:15,Arnulf,18,1,19
2025.06.22,18:15,18:30,Arnulf,13,2,15
2025.06.22,18:30,18:45,Arnulf,19,0,19
2025.06.22,18:45,19:00,Arnulf,27,1,28
2025.06.22,19:00,19:15,Arnulf,17,0,17
2025.06.22,19:15,19:30,Arnulf,16,1,17
2025.06.22,19:30,19:45,Arnulf,13,2,15
2025.06.22,19:45,20:00,Arnulf,20,1,21
2025.06.22,20:00,20:15,Arnulf,16,2,18
2025.06.22,20:15,20:30,Arnulf,20,0,20
2025.06.22,20:30,20:45,Arnulf,20,0,20
2025.06.22,20:45,21:00,Arnulf,16,1,17
2025.06.22,21:00,21:15,Arnulf,24,1,25
2025.06.22,21:15,21:30,Arnulf,20,0,20
2025.06.22,21:30,21:45,Arnulf,9,0,9
2025.06.22,21:45,22:00,Arnulf,15,2,17
2025.06.22,22:00,22:15,Arnulf,7,0,7
2025.06.22,22:15,22:30,Arnulf,8,0,8
2025.06.22,22:30,22:45,Arnulf,17,1,18
2025.06.22,22:45,23:00,Arnulf,5,0,5
2025.06.22,23:00,23:15,Arnulf,4,0,4
2025.06.22,23:15,23:30,Arnulf,7,2,9
2025.06.22,23:30,23:45,Arnulf,5,0,5
2025.06.22,23:45,00:00,Arnulf,7,0,7
2025.06.23,00:00,00:15,Arnulf,3,0,3
2025.06.23,00:15,00:30,Arnulf,2,1,3
2025.06.23,00:30,00:45,Arnulf,0,0,0
2025.06.23,00:45,01:00,Arnulf,4,1,5
2025.06.23,01:00,01:15,Arnulf,2,0,2
2025.06.23,01:15,01:30,Arnulf,0,0,0
2025.06.23,01:30,01:45,Arnulf,2,0,2
2025.06.23,01:45,02:00,Arnulf,0,0,0
2025.06.23,02:00,02:15,Arnulf,1,0,1
2025.06.23,02:15,02:30,Arnulf,0,0,0
2025.06.23,02:30,02:45,Arnulf,3,0,3
2025.06.23,02:45,03:00,Arnulf,3,0,3
2025.06.23,03:00,03:15,Arnulf,2,0,2
2025.06.23,03:15,03:30,Arnulf,0,0,0
2025.06.23,03:30,03:45,Arnulf,0,0,0
2025.06.23,03:45,04:00,Arnulf,1,0,1
2025.06.23,04:00,04:15,Arnulf,0,0,0
2025.06.23,04:15,04:30,Arnulf,1,0,1
2025.06.23,04:30,04:45,Arnulf,1,0,1
2025.06.23,04:45,05:00,Arnulf,1,0,1
2025.06.23,05:00,05:15,Arnulf,7,0,7
2025.06.23,05:15,05:30,Arnulf,4,0,4
2025.06.23,05:30,05:45,Arnulf,2,1,3
2025.06.23,05:45,06:00,Arnulf,8,1,9
2025.06.23,06:00,06:15,Arnulf,5,0,5
2025.06.23,06:15,06:30,Arnulf,13,0,13
2025.06.23,06:30,06:45,Arnulf,15,3,18
2025.06.23,06:45,07:00,Arnulf,22,1,23
2025.06.23,07:00,07:15,Arnulf,24,1,25
2025.06.23,07:15,07:30,Arnulf,20,1,21
2025.06.23,07:30,07:45,Arnulf,28,1,29
2025.06.23,07:45,08:00,Arnulf,48,1,49
2025.06.23,08:00,08:15,Arnulf,52,0,52
2025.06.23,08:15,08:30,Arnulf,61,1,62
2025.06.23,08:30,08:45,Arnulf,45,0,45
2025.06.23,08:45,09:00,Arnulf,52,1,53
2025.06.23,09:00,09:15,Arnulf,39,1,40
2025.06.23,09:15,09:30,Arnulf,47,1,48
2025.06.23,09:30,09:45,Arnulf,20,1,21
2025.06.23,09:45,10:00,Arnulf,25,0,25
2025.06.23,10:00,10:15,Arnulf,22,5,27
2025.06.23,10:15,10:30,Arnulf,23,1,24
2025.06.23,10:30,10:45,Arnulf,22,1,23
2025.06.23,10:45,11:00,Arnulf,16,3,19
2025.06.23,11:00,11:15,Arnulf,25,4,29
2025.06.23,11:15,11:30,Arnulf,16,2,18
2025.06.23,11:30,11:45,Arnulf,19,0,19
2025.06.23,11:45,12:00,Arnulf,13,0,13
2025.06.23,12:00,12:15,Arnulf,12,2,14
2025.06.23,12:15,12:30,Arnulf,16,0,16
2025.06.23,12:30,12:45,Arnulf,15,0,15
2025.06.23,12:45,13:00,Arnulf,22,1,23
2025.06.23,13:00,13:15,Arnulf,24,1,25
2025.06.23,13:15,13:30,Arnulf,26,0,26
2025.06.23,13:30,13:45,Arnulf,20,3,23
2025.06.23,13:45,14:00,Arnulf,17,1,18
2025.06.23,14:00,14:15,Arnulf,15,2,17
2025.06.23,14:15,14:30,Arnulf,16,0,16
2025.06.23,14:30,14:45,Arnulf,14,0,14
2025.06.23,14:45,15:00,Arnulf,12,4,16
2025.06.23,15:00,15:15,Arnulf,19,1,20
2025.06.23,15:15,15:30,Arnulf,16,2,18
2025.06.23,15:30,15:45,Arnulf,18,1,19
2025.06.23,15:45,16:00,Arnulf,14,1,15
2025.06.23,16:00,16:15,Arnulf,26,0,26
2025.06.23,16:15,16:30,Arnulf,22,6,28
2025.06.23,16:30,16:45,Arnulf,23,1,24
2025.06.23,16:45,17:00,Arnulf,12,4,16
2025.06.23,17:00,17:15,Arnulf,37,1,38
2025.06.23,17:15,17:30,Arnulf,40,2,42
2025.06.23,17:30,17:45,Arnulf,39,1,40
2025.06.23,17:45,18:00,Arnulf,31,1,32
2025.06.23,18:00,18:15,Arnulf,32,2,34
2025.06.23,18:15,18:30,Arnulf,28,2,30
2025.06.23,18:30,18:45,Arnulf,30,1,31
2025.06.23,18:45,19:00,Arnulf,29,2,31
2025.06.23,19:00,19:15,Arnulf,20,1,21
2025.06.23,19:15,19:30,Arnulf,24,2,26
2025.06.23,19:30,19:45,Arnulf,24,1,25
2025.06.23,19:45,20:00,Arnulf,16,1,17
2025.06.23,20:00,20:15,Arnulf,18,2,20
2025.06.23,20:15,20:30,Arnulf,12,1,13
2025.06.23,20:30,20:45,Arnulf,13,1,14
2025.06.23,20:45,21:00,Arnulf,13,0,13
2025.06.23,21:00,21:15,Arnulf,11,1,12
2025.06.23,21:15,21:30,Arnulf,14,2,16
2025.06.23,21:30,21:45,Arnulf,15,1,16
2025.06.23,21:45,22:00,Arnulf,8,2,10
2025.06.23,22:00,22:15,Arnulf,12,1,13
2025.06.23,22:15,22:30,Arnulf,12,2,14
2025.06.23,22:30,22:45,Arnulf,8,0,8
2025.06.23,22:45,23:00,Arnulf,17,5,22
2025.06.23,23:00,23:15,Arnulf,6,0,6
2025.06.23,23:15,23:30,Arnulf,9,0,9
2025.06.23,23:30,23:45,Arnulf,11,0,11
2025.06.23,23:45,00:00,Arnulf,5,0,5
2025.06.24,00:00,00:15,Arnulf,3,1,4
2025.06.24,00:15,00:30,Arnulf,1,0,1
2025.06.24,00:30,00:45,Arnulf,3,0,3
2025.06.24,00:45,01:00,Arnulf,0,0,0
2025.06.24,01:00,01:15,Arnulf,1,0,1
2025.06.24,01:15,01:30,Arnulf,1,0,1
2025.06.24,01:30,01:45,Arnulf,3,0,3
2025.06.24,01:45,02:00,Arnulf,3,0,3
2025.06.24,02:00,02:15,Arnulf,1,0,1
2025.06.24,02:15,02:30,Arnulf,0,0,0
2025.06.24,02:30,02:45,Arnulf,1,0,1
2025.06.24,02:45,03:00,Arnulf,2,0,2
2025.06.24,03:00,03:15,Arnulf,2,0,2
2025.06.24,03:15,03:30,Arnulf,0,0,0
2025.06.24,03:30,03:45,Arnulf,1,0,1
2025.06.24,03:45,04:00,Arnulf,1,0,1
2025.06.24,04:00,04:15,Arnulf,0,0,0
2025.06.24,04:15,04:30,Arnulf,1,1,2
2025.06.24,04:30,04:45,Arnulf,1,0,1
2025.06.24,04:45,05:00,Arnulf,6,0,6
2025.06.24,05:00,05:15,Arnulf,4,0,4
2025.06.24,05:15,05:30,Arnulf,2,1,3
2025.06.24,05:30,05:45,Arnulf,8,0,8
2025.06.24,05:45,06:00,Arnulf,10,1,11
2025.06.24,06:00,06:15,Arnulf,11,1,12
2025.06.24,06:15,06:30,Arnulf,13,2,15
2025.06.24,06:30,06:45,Arnulf,21,1,22
2025.06.24,06:45,07:00,Arnulf,24,2,26
2025.06.24,07:00,07:15,Arnulf,29,0,29
2025.06.24,07:15,07:30,Arnulf,31,1,32
2025.06.24,07:30,07:45,Arnulf,74,1,75
2025.06.24,07:45,08:00,Arnulf,68,1,69
2025.06.24,08:00,08:15,Arnulf,76,0,76
2025.06.24,08:15,08:30,Arnulf,82,1,83
2025.06.24,08:30,08:45,Arnulf,68,0,68
2025.06.24,08:45,09:00,Arnulf,73,4,77
2025.06.24,09:00,09:15,Arnulf,37,0,37
2025.06.24,09:15,09:30,Arnulf,32,1,33
2025.06.24,09:30,09:45,Arnulf,40,1,41
2025.06.24,09:45,10:00,Arnulf,44,0,44
2025.06.24,10:00,10:15,Arnulf,20,0,20
2025.06.24,10:15,10:30,Arnulf,14,1,15
2025.06.24,10:30,10:45,Arnulf,23,1,24
2025.06.24,10:45,11:00,Arnulf,23,0,23
2025.06.24,11:00,11:15,Arnulf,16,2,18
2025.06.24,11:15,11:30,Arnulf,26,0,26
2025.06.24,11:30,11:45,Arnulf,8,0,8
2025.06.24,11:45,12:00,Arnulf,12,0,12
2025.06.24,12:00,12:15,Arnulf,26,1,27
2025.06.24,12:15,12:30,Arnulf,36,0,36
2025.06.24,12:30,12:45,Arnulf,26,3,29
2025.06.24,12:45,13:00,Arnulf,22,0,22
2025.06.24,13:00,13:15,Arnulf,19,1,20
2025.06.24,13:15,13:30,Arnulf,21,0,21
2025.06.24,13:30,13:45,Arnulf,20,2,22
2025.06.24,13:45,14:00,Arnulf,30,1,31
2025.06.24,14:00,14:15,Arnulf,31,0,31
2025.06.24,14:15,14:30,Arnulf,22,0,22
2025.06.24,14:30,14:45,Arnulf,19,0,19
2025.06.24,14:45,15:00,Arnulf,22,3,25
2025.06.24,15:00,15:15,Arnulf,15,1,16
2025.06.24,15:15,15:30,Arnulf,30,2,32
2025.06.24,15:30,15:45,Arnulf,32,0,32
2025.06.24,15:45,16:00,Arnulf,18,2,20
2025.06.24,16:00,16:15,Arnulf,26,2,28
2025.06.24,16:15,16:30,Arnulf,37,3,40
2025.06.24,16:30,16:45,Arnulf,36,2,38
2025.06.24,16:45,17:00,Arnulf,39,4,43
2025.06.24,17:00,17:15,Arnulf,22,2,24
2025.06.24,17:15,17:30,Arnulf,52,2,54
2025.06.24,17:30,17:45,Arnulf,45,3,48
2025.06.24,17:45,18:00,Arnulf,48,4,52
2025.06.24,18:00,18:15,Arnulf,67,0,67
2025.06.24,18:15,18:30,Arnulf,61,1,62
2025.06.24,18:30,18:45,Arnulf,50,5,55
2025.06.24,18:45,19:00,Arnulf,52,2,54
2025.06.24,19:00,19:15,Arnulf,39,2,41
2025.06.24,19:15,19:30,Arnulf,40,3,43
2025.06.24,19:30,19:45,Arnulf,34,1,35
2025.06.24,19:45,20:00,Arnulf,27,0,27
2025.06.24,20:00,20:15,Arnulf,19,3,22
2025.06.24,20:15,20:30,Arnulf,25,2,27
2025.06.24,20:30,20:45,Arnulf,10,1,11
2025.06.24,20:45,21:00,Arnulf,14,1,15
2025.06.24,21:00,21:15,Arnulf,22,1,23
2025.06.24,21:15,21:30,Arnulf,14,1,15
2025.06.24,21:30,21:45,Arnulf,23,1,24
2025.06.24,21:45,22:00,Arnulf,19,1,20
2025.06.24,22:00,22:15,Arnulf,33,1,34
2025.06.24,22:15,22:30,Arnulf,32,0,32
2025.06.24,22:30,22:45,Arnulf,10,0,10
2025.06.24,22:45,23:00,Arnulf,17,2,19
2025.06.24,23:00,23:15,Arnulf,18,1,19
2025.06.24,23:15,23:30,Arnulf,12,0,12
2025.06.24,23:30,23:45,Arnulf,4,0,4
2025.06.24,23:45,00:00,Arnulf,11,0,11
2025.06.25,00:00,00:15,Arnulf,3,1,4
2025.06.25,00:15,00:30,Arnulf,3,0,3
2025.06.25,00:30,00:45,Arnulf,5,0,5
2025.06.25,00:45,01:00,Arnulf,0,0,0
2025.06.25,01:00,01:15,Arnulf,1,1,2
2025.06.25,01:15,01:30,Arnulf,1,0,1
2025.06.25,01:30,01:45,Arnulf,3,0,3
2025.06.25,01:45,02:00,Arnulf,1,1,2
2025.06.25,02:00,02:15,Arnulf,1,0,1
2025.06.25,02:15,02:30,Arnulf,1,0,1
2025.06.25,02:30,02:45,Arnulf,2,0,2
2025.06.25,02:45,03:00,Arnulf,0,0,0
2025.06.25,03:00,03:15,Arnulf,0,1,1
2025.06.25,03:15,03:30,Arnulf,1,1,2
2025.06.25,03:30,03:45,Arnulf,0,0,0
2025.06.25,03:45,04:00,Arnulf,0,0,0
2025.06.25,04:00,04:15,Arnulf,2,0,2
2025.06.25,04:15,04:30,Arnulf,1,0,1
2025.06.25,04:30,04:45,Arnulf,2,0,2
2025.06.25,04:45,05:00,Arnulf,2,0,2
2025.06.25,05:00,05:15,Arnulf,5,0,5
2025.06.25,05:15,05:30,Arnulf,2,2,4
2025.06.25,05:30,05:45,Arnulf,5,0,5
2025.06.25,05:45,06:00,Arnulf,7,0,7
2025.06.25,06:00,06:15,Arnulf,6,0,6
2025.06.25,06:15,06:30,Arnulf,10,0,10
2025.06.25,06:30,06:45,Arnulf,20,1,21
2025.06.25,06:45,07:00,Arnulf,17,2,19
2025.06.25,07:00,07:15,Arnulf,21,0,21
2025.06.25,07:15,07:30,Arnulf,40,1,41
2025.06.25,07:30,07:45,Arnulf,55,0,55
2025.06.25,07:45,08:00,Arnulf,79,1,80
2025.06.25,08:00,08:15,Arnulf,57,1,58
2025.06.25,08:15,08:30,Arnulf,85,0,85
2025.06.25,08:30,08:45,Arnulf,71,0,71
2025.06.25,08:45,09:00,Arnulf,61,1,62
2025.06.25,09:00,09:15,Arnulf,43,3,46
2025.06.25,09:15,09:30,Arnulf,33,2,35
2025.06.25,09:30,09:45,Arnulf,36,1,37
2025.06.25,09:45,10:00,Arnulf,36,1,37
2025.06.25,10:00,10:15,Arnulf,26,1,27
2025.06.25,10:15,10:30,Arnulf,29,0,29
2025.06.25,10:30,10:45,Arnulf,33,0,33
2025.06.25,10:45,11:00,Arnulf,17,0,17
2025.06.25,11:00,11:15,Arnulf,18,1,19
2025.06.25,11:15,11:30,Arnulf,19,0,19
2025.06.25,11:30,11:45,Arnulf,23,1,24
2025.06.25,11:45,12:00,Arnulf,39,0,39
2025.06.25,12:00,12:15,Arnulf,39,1,40
2025.06.25,12:15,12:30,Arnulf,31,1,32
2025.06.25,12:30,12:45,Arnulf,23,1,24
2025.06.25,12:45,13:00,Arnulf,16,0,16
2025.06.25,13:00,13:15,Arnulf,18,3,21
2025.06.25,13:15,13:30,Arnulf,16,3,19
2025.06.25,13:30,13:45,Arnulf,20,0,20
2025.06.25,13:45,14:00,Arnulf,18,1,19
2025.06.25,14:00,14:15,Arnulf,21,0,21
2025.06.25,14:15,14:30,Arnulf,14,0,14
2025.06.25,14:30,14:45,Arnulf,20,2,22
2025.06.25,14:45,15:00,Arnulf,22,3,25
2025.06.25,15:00,15:15,Arnulf,28,1,29
2025.06.25,15:15,15:30,Arnulf,22,0,22
2025.06.25,15:30,15:45,Arnulf,33,3,36
2025.06.25,15:45,16:00,Arnulf,31,2,33
2025.06.25,16:00,16:15,Arnulf,28,3,31
2025.06.25,16:15,16:30,Arnulf,33,1,34
2025.06.25,16:30,16:45,Arnulf,32,2,34
2025.06.25,16:45,17:00,Arnulf,41,5,46
2025.06.25,17:00,17:15,Arnulf,42,2,44
2025.06.25,17:15,17:30,Arnulf,56,2,58
2025.06.25,17:30,17:45,Arnulf,63,3,66
2025.06.25,17:45,18:00,Arnulf,52,3,55
2025.06.25,18:00,18:15,Arnulf,59,1,60
2025.06.25,18:15,18:30,Arnulf,65,3,68
2025.06.25,18:30,18:45,Arnulf,50,1,51
2025.06.25,18:45,19:00,Arnulf,61,0,61
2025.06.25,19:00,19:15,Arnulf,38,2,40
2025.06.25,19:15,19:30,Arnulf,33,3,36
2025.06.25,19:30,19:45,Arnulf,29,0,29
2025.06.25,19:45,20:00,Arnulf,30,1,31
2025.06.25,20:00,20:15,Arnulf,22,1,23
2025.06.25,20:15,20:30,Arnulf,23,0,23
2025.06.25,20:30,20:45,Arnulf,16,1,17
2025.06.25,20:45,21:00,Arnulf,19,2,21
2025.06.25,21:00,21:15,Arnulf,27,2,29
2025.06.25,21:15,21:30,Arnulf,14,1,15
2025.06.25,21:30,21:45,Arnulf,27,0,27
2025.06.25,21:45,22:00,Arnulf,27,1,28
2025.06.25,22:00,22:15,Arnulf,21,4,25
2025.06.25,22:15,22:30,Arnulf,28,2,30
2025.06.25,22:30,22:45,Arnulf,28,2,30
2025.06.25,22:45,23:00,Arnulf,28,2,30
2025.06.25,23:00,23:15,Arnulf,20,0,20
2025.06.25,23:15,23:30,Arnulf,8,1,9
2025.06.25,23:30,23:45,Arnulf,11,6,17
2025.06.25,23:45,00:00,Arnulf,10,0,10
2025.06.26,00:00,00:15,Arnulf,4,0,4
2025.06.26,00:15,00:30,Arnulf,4,0,4
2025.06.26,00:30,00:45,Arnulf,14,0,14
2025.06.26,00:45,01:00,Arnulf,1,1,2
2025.06.26,01:00,01:15,Arnulf,1,1,2
2025.06.26,01:15,01:30,Arnulf,0,0,0
2025.06.26,01:30,01:45,Arnulf,4,0,4
2025.06.26,01:45,02:00,Arnulf,1,1,2
2025.06.26,02:00,02:15,Arnulf,1,0,1
2025.06.26,02:15,02:30,Arnulf,0,1,1
2025.06.26,02:30,02:45,Arnulf,0,0,0
2025.06.26,02:45,03:00,Arnulf,0,0,0
2025.06.26,03:00,03:15,Arnulf,0,0,0
2025.06.26,03:15,03:30,Arnulf,0,0,0
2025.06.26,03:30,03:45,Arnulf,1,0,1
2025.06.26,03:45,04:00,Arnulf,1,0,1
2025.06.26,04:00,04:15,Arnulf,1,0,1
2025.06.26,04:15,04:30,Arnulf,0,0,0
2025.06.26,04:30,04:45,Arnulf,3,0,3
2025.06.26,04:45,05:00,Arnulf,3,1,4
2025.06.26,05:00,05:15,Arnulf,7,0,7
2025.06.26,05:15,05:30,Arnulf,3,2,5
2025.06.26,05:30,05:45,Arnulf,8,1,9
2025.06.26,05:45,06:00,Arnulf,8,0,8
2025.06.26,06:00,06:15,Arnulf,9,1,10
2025.06.26,06:15,06:30,Arnulf,13,0,13
2025.06.26,06:30,06:45,Arnulf,13,0,13
2025.06.26,06:45,07:00,Arnulf,24,3,27
2025.06.26,07:00,07:15,Arnulf,16,1,17
2025.06.26,07:15,07:30,Arnulf,31,0,31
2025.06.26,07:30,07:45,Arnulf,29,1,30
2025.06.26,07:45,08:00,Arnulf,44,0,44
2025.06.26,08:00,08:15,Arnulf,62,0,62
2025.06.26,08:15,08:30,Arnulf,49,2,51
2025.06.26,08:30,08:45,Arnulf,51,2,53
2025.06.26,08:45,09:00,Arnulf,47,3,50
2025.06.26,09:00,09:15,Arnulf,34,1,35
2025.06.26,09:15,09:30,Arnulf,25,2,27
2025.06.26,09:30,09:45,Arnulf,26,0,26
2025.06.26,09:45,10:00,Arnulf,26,0,26
2025.06.26,10:00,10:15,Arnulf,27,1,28
2025.06.26,10:15,10:30,Arnulf,20,0,20
2025.06.26,10:30,10:45,Arnulf,16,0,16
2025.06.26,10:45,11:00,Arnulf,20,0,20
2025.06.26,11:00,11:15,Arnulf,16,0,16
2025.06.26,11:15,11:30,Arnulf,27,1,28
2025.06.26,11:30,11:45,Arnulf,18,0,18
2025.06.26,11:45,12:00,Arnulf,25,1,26
2025.06.26,12:00,12:15,Arnulf,19,2,21
2025.06.26,12:15,12:30,Arnulf,24,1,25
2025.06.26,12:30,12:45,Arnulf,23,3,26
2025.06.26,12:45,13:00,Arnulf,29,2,31
2025.06.26,13:00,13:15,Arnulf,25,1,26
2025.06.26,13:15,13:30,Arnulf,32,0,32
2025.06.26,13:30,13:45,Arnulf,28,2,30
2025.06.26,13:45,14:00,Arnulf,16,0,16
2025.06.26,14:00,14:15,Arnulf,14,3,17
2025.06.26,14:15,14:30,Arnulf,13,0,13
2025.06.26,14:30,14:45,Arnulf,9,2,11
2025.06.26,14:45,15:00,Arnulf,14,0,14
2025.06.26,15:00,15:15,Arnulf,11,3,14
2025.06.26,15:15,15:30,Arnulf,21,1,22
2025.06.26,15:30,15:45,Arnulf,23,0,23
2025.06.26,15:45,16:00,Arnulf,31,3,34
2025.06.26,16:00,16:15,Arnulf,23,1,24
2025.06.26,16:15,16:30,Arnulf,42,1,43
2025.06.26,16:30,16:45,Arnulf,23,1,24
2025.06.26,16:45,17:00,Arnulf,24,5,29
2025.06.26,17:00,17:15,Arnulf,23,4,27
2025.06.26,17:15,17:30,Arnulf,21,1,22
2025.06.26,17:30,17:45,Arnulf,22,4,26
2025.06.26,17:45,18:00,Arnulf,27,2,29
2025.06.26,18:00,18:15,Arnulf,10,4,14
2025.06.26,18:15,18:30,Arnulf,9,2,11
2025.06.26,18:30,18:45,Arnulf,24,0,24
2025.06.26,18:45,19:00,Arnulf,15,2,17
2025.06.26,19:00,19:15,Arnulf,15,2,17
2025.06.26,19:15,19:30,Arnulf,11,1,12
2025.06.26,19:30,19:45,Arnulf,8,0,8
2025.06.26,19:45,20:00,Arnulf,12,3,15
2025.06.26,20:00,20:15,Arnulf,9,2,11
2025.06.26,20:15,20:30,Arnulf,9,0,9
2025.06.26,20:30,20:45,Arnulf,14,0,14
2025.06.26,20:45,21:00,Arnulf,10,0,10
2025.06.26,21:00,21:15,Arnulf,9,0,9
2025.06.26,21:15,21:30,Arnulf,9,0,9
2025.06.26,21:30,21:45,Arnulf,11,1,12
2025.06.26,21:45,22:00,Arnulf,11,0,11
2025.06.26,22:00,22:15,Arnulf,13,1,14
2025.06.26,22:15,22:30,Arnulf,7,1,8
2025.06.26,22:30,22:45,Arnulf,13,0,13
2025.06.26,22:45,23:00,Arnulf,4,1,5
2025.06.26,23:00,23:15,Arnulf,7,0,7
2025.06.26,23:15,23:30,Arnulf,10,1,11
2025.06.26,23:30,23:45,Arnulf,4,0,4
2025.06.26,23:45,00:00,Arnulf,4,0,4
2025.06.27,00:00,00:15,Arnulf,1,0,1
2025.06.27,00:15,00:30,Arnulf,1,0,1
2025.06.27,00:30,00:45,Arnulf,4,0,4
2025.06.27,00:45,01:00,Arnulf,3,0,3
2025.06.27,01:00,01:15,Arnulf,0,0,0
2025.06.27,01:15,01:30,Arnulf,1,1,2
2025.06.27,01:30,01:45,Arnulf,2,4,6
2025.06.27,01:45,02:00,Arnulf,2,2,4
2025.06.27,02:00,02:15,Arnulf,2,0,2
2025.06.27,02:15,02:30,Arnulf,1,0,1
2025.06.27,02:30,02:45,Arnulf,1,0,1
2025.06.27,02:45,03:00,Arnulf,0,0,0
2025.06.27,03:00,03:15,Arnulf,0,1,1
2025.06.27,03:15,03:30,Arnulf,0,0,0
2025.06.27,03:30,03:45,Arnulf,0,0,0
2025.06.27,03:45,04:00,Arnulf,0,0,0
2025.06.27,04:00,04:15,Arnulf,2,0,2
2025.06.27,04:15,04:30,Arnulf,0,1,1
2025.06.27,04:30,04:45,Arnulf,3,0,3
2025.06.27,04:45,05:00,Arnulf,2,0,2
2025.06.27,05:00,05:15,Arnulf,4,0,4
2025.06.27,05:15,05:30,Arnulf,2,0,2
2025.06.27,05:30,05:45,Arnulf,6,0,6
2025.06.27,05:45,06:00,Arnulf,6,0,6
2025.06.27,06:00,06:15,Arnulf,6,2,8
2025.06.27,06:15,06:30,Arnulf,8,0,8
2025.06.27,06:30,06:45,Arnulf,12,0,12
2025.06.27,06:45,07:00,Arnulf,17,2,19
2025.06.27,07:00,07:15,Arnulf,16,0,16
2025.06.27,07:15,07:30,Arnulf,17,2,19
2025.06.27,07:30,07:45,Arnulf,37,2,39
2025.06.27,07:45,08:00,Arnulf,39,1,40
2025.06.27,08:00,08:15,Arnulf,36,1,37
2025.06.27,08:15,08:30,Arnulf,31,0,31
2025.06.27,08:30,08:45,Arnulf,38,0,38
2025.06.27,08:45,09:00,Arnulf,31,0,31
2025.06.27,09:00,09:15,Arnulf,21,0,21
2025.06.27,09:15,09:30,Arnulf,20,1,21
2025.06.27,09:30,09:45,Arnulf,29,0,29
2025.06.27,09:45,10:00,Arnulf,33,0,33
2025.06.27,10:00,10:15,Arnulf,19,0,19
2025.06.27,10:15,10:30,Arnulf,19,1,20
2025.06.27,10:30,10:45,Arnulf,22,1,23
2025.06.27,10:45,11:00,Arnulf,21,3,24
2025.06.27,11:00,11:15,Arnulf,17,1,18
2025.06.27,11:15,11:30,Arnulf,18,0,18
2025.06.27,11:30,11:45,Arnulf,29,0,29
2025.06.27,11:45,12:00,Arnulf,19,2,21
2025.06.27,12:00,12:15,Arnulf,15,3,18
2025.06.27,12:15,12:30,Arnulf,19,1,20
2025.06.27,12:30,12:45,Arnulf,23,1,24
2025.06.27,12:45,13:00,Arnulf,18,1,19
2025.06.27,13:00,13:15,Arnulf,24,1,25
2025.06.27,13:15,13:30,Arnulf,27,0,27
2025.06.27,13:30,13:45,Arnulf,23,2,25
2025.06.27,13:45,14:00,Arnulf,24,0,24
2025.06.27,14:00,14:15,Arnulf,16,3,19
2025.06.27,14:15,14:30,Arnulf,21,1,22
2025.06.27,14:30,14:45,Arnulf,20,2,22
2025.06.27,14:45,15:00,Arnulf,53,1,54
2025.06.27,15:00,15:15,Arnulf,18,1,19
2025.06.27,15:15,15:30,Arnulf,41,0,41
2025.06.27,15:30,15:45,Arnulf,29,1,30
2025.06.27,15:45,16:00,Arnulf,30,0,30
2025.06.27,16:00,16:15,Arnulf,21,2,23
2025.06.27,16:15,16:30,Arnulf,24,6,30
2025.06.27,16:30,16:45,Arnulf,27,1,28
2025.06.27,16:45,17:00,Arnulf,28,1,29
2025.06.27,17:00,17:15,Arnulf,14,2,16
2025.06.27,17:15,17:30,Arnulf,41,4,45
2025.06.27,17:30,17:45,Arnulf,20,1,21
2025.06.27,17:45,18:00,Arnulf,37,3,40
2025.06.27,18:00,18:15,Arnulf,28,3,31
2025.06.27,18:15,18:30,Arnulf,29,1,30
2025.06.27,18:30,18:45,Arnulf,29,2,31
2025.06.27,18:45,19:00,Arnulf,33,3,36
2025.06.27,19:00,19:15,Arnulf,26,1,27
2025.06.27,19:15,19:30,Arnulf,36,0,36
2025.06.27,19:30,19:45,Arnulf,21,1,22
2025.06.27,19:45,20:00,Arnulf,34,1,35
2025.06.27,20:00,20:15,Arnulf,27,2,29
2025.06.27,20:15,20:30,Arnulf,16,4,20
2025.06.27,20:30,20:45,Arnulf,13,1,14
2025.06.27,20:45,21:00,Arnulf,20,0,20
2025.06.27,21:00,21:15,Arnulf,15,0,15
2025.06.27,21:15,21:30,Arnulf,13,2,15
2025.06.27,21:30,21:45,Arnulf,13,0,13
2025.06.27,21:45,22:00,Arnulf,13,1,14
2025.06.27,22:00,22:15,Arnulf,14,1,15
2025.06.27,22:15,22:30,Arnulf,20,0,20
2025.06.27,22:30,22:45,Arnulf,18,2,20
2025.06.27,22:45,23:00,Arnulf,19,1,20
2025.06.27,23:00,23:15,Arnulf,4,0,4
2025.06.27,23:15,23:30,Arnulf,11,1,12
2025.06.27,23:30,23:45,Arnulf,12,1,13
2025.06.27,23:45,00:00,Arnulf,8,0,8
2025.06.28,00:00,00:15,Arnulf,4,1,5
2025.06.28,00:15,00:30,Arnulf,3,0,3
2025.06.28,00:30,00:45,Arnulf,4,0,4
2025.06.28,00:45,01:00,Arnulf,4,1,5
2025.06.28,01:00,01:15,Arnulf,3,0,3
2025.06.28,01:15,01:30,Arnulf,4,0,4
2025.06.28,01:30,01:45,Arnulf,2,1,3
2025.06.28,01:45,02:00,Arnulf,5,0,5
2025.06.28,02:00,02:15,Arnulf,8,1,9
2025.06.28,02:15,02:30,Arnulf,0,2,2
2025.06.28,02:30,02:45,Arnulf,1,0,1
2025.06.28,02:45,03:00,Arnulf,6,1,7
2025.06.28,03:00,03:15,Arnulf,2,0,2
2025.06.28,03:15,03:30,Arnulf,1,0,1
2025.06.28,03:30,03:45,Arnulf,0,1,1
2025.06.28,03:45,04:00,Arnulf,0,0,0
2025.06.28,04:00,04:15,Arnulf,1,0,1
2025.06.28,04:15,04:30,Arnulf,2,0,2
2025.06.28,04:30,04:45,Arnulf,3,0,3
2025.06.28,04:45,05:00,Arnulf,1,0,1
2025.06.28,05:00,05:15,Arnulf,2,0,2
2025.06.28,05:15,05:30,Arnulf,2,0,2
2025.06.28,05:30,05:45,Arnulf,4,0,4
2025.06.28,05:45,06:00,Arnulf,7,1,8
2025.06.28,06:00,06:15,Arnulf,8,0,8
2025.06.28,06:15,06:30,Arnulf,4,0,4
2025.06.28,06:30,06:45,Arnulf,2,0,2
2025.06.28,06:45,07:00,Arnulf,7,0,7
2025.06.28,07:00,07:15,Arnulf,6,0,6
2025.06.28,07:15,07:30,Arnulf,9,0,9
2025.06.28,07:30,07:45,Arnulf,8,0,8
2025.06.28,07:45,08:00,Arnulf,9,0,9
2025.06.28,08:00,08:15,Arnulf,8,1,9
2025.06.28,08:15,08:30,Arnulf,9,0,9
2025.06.28,08:30,08:45,Arnulf,10,0,10
2025.06.28,08:45,09:00,Arnulf,17,0,17
2025.06.28,09:00,09:15,Arnulf,14,0,14
2025.06.28,09:15,09:30,Arnulf,22,0,22
2025.06.28,09:30,09:45,Arnulf,28,2,30
2025.06.28,09:45,10:00,Arnulf,25,0,25
2025.06.28,10:00,10:15,Arnulf,27,0,27
2025.06.28,10:15,10:30,Arnulf,30,2,32
2025.06.28,10:30,10:45,Arnulf,19,0,19
2025.06.28,10:45,11:00,Arnulf,31,0,31
2025.06.28,11:00,11:15,Arnulf,24,0,24
2025.06.28,11:15,11:30,Arnulf,27,0,27
2025.06.28,11:30,11:45,Arnulf,41,0,41
2025.06.28,11:45,12:00,Arnulf,29,1,30
2025.06.28,12:00,12:15,Arnulf,34,0,34
2025.06.28,12:15,12:30,Arnulf,26,0,26
2025.06.28,12:30,12:45,Arnulf,26,1,27
2025.06.28,12:45,13:00,Arnulf,33,0,33
2025.06.28,13:00,13:15,Arnulf,33,0,33
2025.06.28,13:15,13:30,Arnulf,42,0,42
2025.06.28,13:30,13:45,Arnulf,18,2,20
2025.06.28,13:45,14:00,Arnulf,42,1,43
2025.06.28,14:00,14:15,Arnulf,30,1,31
2025.06.28,14:15,14:30,Arnulf,43,1,44
2025.06.28,14:30,14:45,Arnulf,28,2,30
2025.06.28,14:45,15:00,Arnulf,35,0,35
2025.06.28,15:00,15:15,Arnulf,38,0,38
2025.06.28,15:15,15:30,Arnulf,54,2,56
2025.06.28,15:30,15:45,Arnulf,31,4,35
2025.06.28,15:45,16:00,Arnulf,35,0,35
2025.06.28,16:00,16:15,Arnulf,20,0,20
2025.06.28,16:15,16:30,Arnulf,20,0,20
2025.06.28,16:30,16:45,Arnulf,22,1,23
2025.06.28,16:45,17:00,Arnulf,29,4,33
2025.06.28,17:00,17:15,Arnulf,23,2,25
2025.06.28,17:15,17:30,Arnulf,23,3,26
2025.06.28,17:30,17:45,Arnulf,29,3,32
2025.06.28,17:45,18:00,Arnulf,24,1,25
2025.06.28,18:00,18:15,Arnulf,14,0,14
2025.06.28,18:15,18:30,Arnulf,27,1,28
2025.06.28,18:30,18:45,Arnulf,21,0,21
2025.06.28,18:45,19:00,Arnulf,19,1,20
2025.06.28,19:00,19:15,Arnulf,19,0,19
2025.06.28,19:15,19:30,Arnulf,20,3,23
2025.06.28,19:30,19:45,Arnulf,12,1,13
2025.06.28,19:45,20:00,Arnulf,19,4,23
2025.06.28,20:00,20:15,Arnulf,28,0,28
2025.06.28,20:15,20:30,Arnulf,9,0,9
2025.06.28,20:30,20:45,Arnulf,25,2,27
2025.06.28,20:45,21:00,Arnulf,18,3,21
2025.06.28,21:00,21:15,Arnulf,16,2,18
2025.06.28,21:15,21:30,Arnulf,26,1,27
2025.06.28,21:30,21:45,Arnulf,15,0,15
2025.06.28,21:45,22:00,Arnulf,16,0,16
2025.06.28,22:00,22:15,Arnulf,15,0,15
2025.06.28,22:15,22:30,Arnulf,19,2,21
2025.06.28,22:30,22:45,Arnulf,16,0,16
2025.06.28,22:45,23:00,Arnulf,26,0,26
2025.06.28,23:00,23:15,Arnulf,15,1,16
2025.06.28,23:15,23:30,Arnulf,12,1,13
2025.06.28,23:30,23:45,Arnulf,13,1,14
2025.06.28,23:45,00:00,Arnulf,8,0,8
2025.06.29,00:00,00:15,Arnulf,4,0,4
2025.06.29,00:15,00:30,Arnulf,3,3,6
2025.06.29,00:30,00:45,Arnulf,5,0,5
2025.06.29,00:45,01:00,Arnulf,4,1,5
2025.06.29,01:00,01:15,Arnulf,6,0,6
2025.06.29,01:15,01:30,Arnulf,1,2,3
2025.06.29,01:30,01:45,Arnulf,4,1,5
2025.06.29,01:45,02:00,Arnulf,10,1,11
2025.06.29,02:00,02:15,Arnulf,5,0,5
2025.06.29,02:15,02:30,Arnulf,5,0,5
2025.06.29,02:30,02:45,Arnulf,4,0,4
2025.06.29,02:45,03:00,Arnulf,2,1,3
2025.06.29,03:00,03:15,Arnulf,3,0,3
2025.06.29,03:15,03:30,Arnulf,2,0,2
2025.06.29,03:30,03:45,Arnulf,4,0,4
2025.06.29,03:45,04:00,Arnulf,2,0,2
2025.06.29,04:00,04:15,Arnulf,3,0,3
2025.06.29,04:15,04:30,Arnulf,0,0,0
2025.06.29,04:30,04:45,Arnulf,1,1,2
2025.06.29,04:45,05:00,Arnulf,2,0,2
2025.06.29,05:00,05:15,Arnulf,2,0,2
2025.06.29,05:15,05:30,Arnulf,3,0,3
2025.06.29,05:30,05:45,Arnulf,9,0,9
2025.06.29,05:45,06:00,Arnulf,0,1,1
2025.06.29,06:00,06:15,Arnulf,6,0,6
2025.06.29,06:15,06:30,Arnulf,4,1,5
2025.06.29,06:30,06:45,Arnulf,4,1,5
2025.06.29,06:45,07:00,Arnulf,3,0,3
2025.06.29,07:00,07:15,Arnulf,6,1,7
2025.06.29,07:15,07:30,Arnulf,5,0,5
2025.06.29,07:30,07:45,Arnulf,8,1,9
2025.06.29,07:45,08:00,Arnulf,9,0,9
2025.06.29,08:00,08:15,Arnulf,9,0,9
2025.06.29,08:15,08:30,Arnulf,6,0,6
2025.06.29,08:30,08:45,Arnulf,6,1,7
2025.06.29,08:45,09:00,Arnulf,24,1,25
2025.06.29,09:00,09:15,Arnulf,11,1,12
2025.06.29,09:15,09:30,Arnulf,14,2,16
2025.06.29,09:30,09:45,Arnulf,12,3,15
2025.06.29,09:45,10:00,Arnulf,21,0,21
2025.06.29,10:00,10:15,Arnulf,13,0,13
2025.06.29,10:15,10:30,Arnulf,19,0,19
2025.06.29,10:30,10:45,Arnulf,13,0,13
2025.06.29,10:45,11:00,Arnulf,22,0,22
2025.06.29,11:00,11:15,Arnulf,23,0,23
2025.06.29,11:15,11:30,Arnulf,15,1,16
2025.06.29,11:30,11:45,Arnulf,21,1,22
2025.06.29,11:45,12:00,Arnulf,31,3,34
2025.06.29,12:00,12:15,Arnulf,20,2,22
2025.06.29,12:15,12:30,Arnulf,17,0,17
2025.06.29,12:30,12:45,Arnulf,23,0,23
2025.06.29,12:45,13:00,Arnulf,25,1,26
2025.06.29,13:00,13:15,Arnulf,18,3,21
2025.06.29,13:15,13:30,Arnulf,22,0,22
2025.06.29,13:30,13:45,Arnulf,24,0,24
2025.06.29,13:45,14:00,Arnulf,32,1,33
2025.06.29,14:00,14:15,Arnulf,22,1,23
2025.06.29,14:15,14:30,Arnulf,29,0,29
2025.06.29,14:30,14:45,Arnulf,30,0,30
2025.06.29,14:45,15:00,Arnulf,26,2,28
2025.06.29,15:00,15:15,Arnulf,28,3,31
2025.06.29,15:15,15:30,Arnulf,22,0,22
2025.06.29,15:30,15:45,Arnulf,39,0,39
2025.06.29,15:45,16:00,Arnulf,46,1,47
2025.06.29,16:00,16:15,Arnulf,27,0,27
2025.06.29,16:15,16:30,Arnulf,26,3,29
2025.06.29,16:30,16:45,Arnulf,26,1,27
2025.06.29,16:45,17:00,Arnulf,41,2,43
2025.06.29,17:00,17:15,Arnulf,31,1,32
2025.06.29,17:15,17:30,Arnulf,24,0,24
2025.06.29,17:30,17:45,Arnulf,24,0,24
2025.06.29,17:45,18:00,Arnulf,25,1,26
2025.06.29,18:00,18:15,Arnulf,23,1,24
2025.06.29,18:15,18:30,Arnulf,14,2,16
2025.06.29,18:30,18:45,Arnulf,20,3,23
2025.06.29,18:45,19:00,Arnulf,22,0,22
2025.06.29,19:00,19:15,Arnulf,14,5,19
2025.06.29,19:15,19:30,Arnulf,26,0,26
2025.06.29,19:30,19:45,Arnulf,36,0,36
2025.06.29,19:45,20:00,Arnulf,29,0,29
2025.06.29,20:00,20:15,Arnulf,16,1,17
2025.06.29,20:15,20:30,Arnulf,21,0,21
2025.06.29,20:30,20:45,Arnulf,18,1,19
2025.06.29,20:45,21:00,Arnulf,18,2,20
2025.06.29,21:00,21:15,Arnulf,15,0,15
2025.06.29,21:15,21:30,Arnulf,15,0,15
2025.06.29,21:30,21:45,Arnulf,21,2,23
2025.06.29,21:45,22:00,Arnulf,22,1,23
2025.06.29,22:00,22:15,Arnulf,20,0,20
2025.06.29,22:15,22:30,Arnulf,11,1,12
2025.06.29,22:30,22:45,Arnulf,12,0,12
2025.06.29,22:45,23:00,Arnulf,9,1,10
2025.06.29,23:00,23:15,Arnulf,11,1,12
2025.06.29,23:15,23:30,Arnulf,12,0,12
2025.06.29,23:30,23:45,Arnulf,16,1,17
2025.06.29,23:45,00:00,Arnulf,5,1,6
2025.06.30,00:00,00:15,Arnulf,4,0,4
2025.06.30,00:15,00:30,Arnulf,5,1,6
2025.06.30,00:30,00:45,Arnulf,4,1,5
2025.06.30,00:45,01:00,Arnulf,1,0,1
2025.06.30,01:00,01:15,Arnulf,5,0,5
2025.06.30,01:15,01:30,Arnulf,2,0,2
2025.06.30,01:30,01:45,Arnulf,0,0,0
2025.06.30,01:45,02:00,Arnulf,1,0,1
2025.06.30,02:00,02:15,Arnulf,2,0,2
2025.06.30,02:15,02:30,Arnulf,0,0,0
2025.06.30,02:30,02:45,Arnulf,1,0,1
2025.06.30,02:45,03:00,Arnulf,7,0,7
2025.06.30,03:00,03:15,Arnulf,2,1,3
2025.06.30,03:15,03:30,Arnulf,2,0,2
2025.06.30,03:30,03:45,Arnulf,1,0,1
2025.06.30,03:45,04:00,Arnulf,1,0,1
2025.06.30,04:00,04:15,Arnulf,1,0,1
2025.06.30,04:15,04:30,Arnulf,0,0,0
2025.06.30,04:30,04:45,Arnulf,3,0,3
2025.06.30,04:45,05:00,Arnulf,3,0,3
2025.06.30,05:00,05:15,Arnulf,3,1,4
2025.06.30,05:15,05:30,Arnulf,2,0,2
2025.06.30,05:30,05:45,Arnulf,7,0,7
2025.06.30,05:45,06:00,Arnulf,5,0,5
2025.06.30,06:00,06:15,Arnulf,7,0,7
2025.06.30,06:15,06:30,Arnulf,11,1,12
2025.06.30,06:30,06:45,Arnulf,20,4,24
2025.06.30,06:45,07:00,Arnulf,28,0,28
2025.06.30,07:00,07:15,Arnulf,24,0,24
2025.06.30,07:15,07:30,Arnulf,33,1,34
2025.06.30,07:30,07:45,Arnulf,50,2,52
2025.06.30,07:45,08:00,Arnulf,70,2,72
2025.06.30,08:00,08:15,Arnulf,66,1,67
2025.06.30,08:15,08:30,Arnulf,83,2,85
2025.06.30,08:30,08:45,Arnulf,77,1,78
2025.06.30,08:45,09:00,Arnulf,62,4,66
2025.06.30,09:00,09:15,Arnulf,39,1,40
2025.06.30,09:15,09:30,Arnulf,45,1,46
2025.06.30,09:30,09:45,Arnulf,22,3,25
2025.06.30,09:45,10:00,Arnulf,27,0,27
2025.06.30,10:00,10:15,Arnulf,26,0,26
2025.06.30,10:15,10:30,Arnulf,23,0,23
2025.06.30,10:30,10:45,Arnulf,19,1,20
2025.06.30,10:45,11:00,Arnulf,19,3,22
2025.06.30,11:00,11:15,Arnulf,14,0,14
2025.06.30,11:15,11:30,Arnulf,16,2,18
2025.06.30,11:30,11:45,Arnulf,22,0,22
2025.06.30,11:45,12:00,Arnulf,29,0,29
2025.06.30,12:00,12:15,Arnulf,22,0,22
2025.06.30,12:15,12:30,Arnulf,30,1,31
2025.06.30,12:30,12:45,Arnulf,22,2,24
2025.06.30,12:45,13:00,Arnulf,22,0,22
2025.06.30,13:00,13:15,Arnulf,20,0,20
2025.06.30,13:15,13:30,Arnulf,23,1,24
2025.06.30,13:30,13:45,Arnulf,20,0,20
2025.06.30,13:45,14:00,Arnulf,15,1,16
2025.06.30,14:00,14:15,Arnulf,19,1,20
2025.06.30,14:15,14:30,Arnulf,13,0,13
2025.06.30,14:30,14:45,Arnulf,25,1,26
2025.06.30,14:45,15:00,Arnulf,25,1,26
2025.06.30,15:00,15:15,Arnulf,24,4,28
2025.06.30,15:15,15:30,Arnulf,20,2,22
2025.06.30,15:30,15:45,Arnulf,21,1,22
2025.06.30,15:45,16:00,Arnulf,36,1,37
2025.06.30,16:00,16:15,Arnulf,29,4,33
2025.06.30,16:15,16:30,Arnulf,36,0,36
2025.06.30,16:30,16:45,Arnulf,54,0,54
2025.06.30,16:45,17:00,Arnulf,54,3,57
2025.06.30,17:00,17:15,Arnulf,20,2,22
2025.06.30,17:15,17:30,Arnulf,37,6,43
2025.06.30,17:30,17:45,Arnulf,42,4,46
2025.06.30,17:45,18:00,Arnulf,58,2,60
2025.06.30,18:00,18:15,Arnulf,54,1,55
2025.06.30,18:15,18:30,Arnulf,58,1,59
2025.06.30,18:30,18:45,Arnulf,53,2,55
2025.06.30,18:45,19:00,Arnulf,34,1,35
2025.06.30,19:00,19:15,Arnulf,44,1,45
2025.06.30,19:15,19:30,Arnulf,32,4,36
2025.06.30,19:30,19:45,Arnulf,28,3,31
2025.06.30,19:45,20:00,Arnulf,27,2,29
2025.06.30,20:00,20:15,Arnulf,14,4,18
2025.06.30,20:15,20:30,Arnulf,25,3,28
2025.06.30,20:30,20:45,Arnulf,21,0,21
2025.06.30,20:45,21:00,Arnulf,13,0,13
2025.06.30,21:00,21:15,Arnulf,24,0,24
2025.06.30,21:15,21:30,Arnulf,22,2,24
2025.06.30,21:30,21:45,Arnulf,19,1,20
2025.06.30,21:45,22:00,Arnulf,20,0,20
2025.06.30,22:00,22:15,Arnulf,26,4,30
2025.06.30,22:15,22:30,Arnulf,22,0,22
2025.06.30,22:30,22:45,Arnulf,18,0,18
2025.06.30,22:45,23:00,Arnulf,16,2,18
2025.06.30,23:00,23:15,Arnulf,26,1,27
2025.06.30,23:15,23:30,Arnulf,12,0,12
2025.06.30,23:30,23:45,Arnulf,15,1,16
2025.06.30,23:45,00:00,Arnulf,7,2,9
2025.06.01,00:00,00:15,Olympia,3,9,12
2025.06.01,00:15,00:30,Olympia,0,2,2
2025.06.01,00:30,00:45,Olympia,3,6,9
2025.06.01,00:45,01:00,Olympia,0,4,4
2025.06.01,01:00,01:15,Olympia,3,0,3
2025.06.01,01:15,01:30,Olympia,3,0,3
2025.06.01,01:30,01:45,Olympia,3,0,3
2025.06.01,01:45,02:00,Olympia,5,2,7
2025.06.01,02:00,02:15,Olympia,3,0,3
2025.06.01,02:15,02:30,Olympia,4,0,4
2025.06.01,02:30,02:45,Olympia,0,0,0
2025.06.01,02:45,03:00,Olympia,0,2,2
2025.06.01,03:00,03:15,Olympia,0,0,0
2025.06.01,03:15,03:30,Olympia,2,2,4
2025.06.01,03:30,03:45,Olympia,1,0,1
2025.06.01,03:45,04:00,Olympia,0,0,0
2025.06.01,04:00,04:15,Olympia,0,0,0
2025.06.01,04:15,04:30,Olympia,0,1,1
2025.06.01,04:30,04:45,Olympia,3,0,3
2025.06.01,04:45,05:00,Olympia,1,0,1
2025.06.01,05:00,05:15,Olympia,0,0,0
2025.06.01,05:15,05:30,Olympia,1,1,2
2025.06.01,05:30,05:45,Olympia,0,0,0
2025.06.01,05:45,06:00,Olympia,1,2,3
2025.06.01,06:00,06:15,Olympia,3,1,4
2025.06.01,06:15,06:30,Olympia,0,0,0
2025.06.01,06:30,06:45,Olympia,2,1,3
2025.06.01,06:45,07:00,Olympia,2,0,2
2025.06.01,07:00,07:15,Olympia,1,1,2
2025.06.01,07:15,07:30,Olympia,0,0,0
2025.06.01,07:30,07:45,Olympia,0,4,4
2025.06.01,07:45,08:00,Olympia,4,4,8
2025.06.01,08:00,08:15,Olympia,1,4,5
2025.06.01,08:15,08:30,Olympia,4,5,9
2025.06.01,08:30,08:45,Olympia,7,6,13
2025.06.01,08:45,09:00,Olympia,12,4,16
2025.06.01,09:00,09:15,Olympia,10,1,11
2025.06.01,09:15,09:30,Olympia,12,3,15
2025.06.01,09:30,09:45,Olympia,16,3,19
2025.06.01,09:45,10:00,Olympia,14,9,23
2025.06.01,10:00,10:15,Olympia,10,7,17
2025.06.01,10:15,10:30,Olympia,13,4,17
2025.06.01,10:30,10:45,Olympia,10,1,11
2025.06.01,10:45,11:00,Olympia,23,9,32
2025.06.01,11:00,11:15,Olympia,10,9,19
2025.06.01,11:15,11:30,Olympia,26,14,40
2025.06.01,11:30,11:45,Olympia,5,5,10
2025.06.01,11:45,12:00,Olympia,9,8,17
2025.06.01,12:00,12:15,Olympia,13,10,23
2025.06.01,12:15,12:30,Olympia,24,7,31
2025.06.01,12:30,12:45,Olympia,26,12,38
2025.06.01,12:45,13:00,Olympia,29,33,62
2025.06.01,13:00,13:15,Olympia,22,31,53
2025.06.01,13:15,13:30,Olympia,24,11,35
2025.06.01,13:30,13:45,Olympia,29,12,41
2025.06.01,13:45,14:00,Olympia,44,12,56
2025.06.01,14:00,14:15,Olympia,25,23,48
2025.06.01,14:15,14:30,Olympia,34,22,56
2025.06.01,14:30,14:45,Olympia,32,19,51
2025.06.01,14:45,15:00,Olympia,43,18,61
2025.06.01,15:00,15:15,Olympia,58,17,75
2025.06.01,15:15,15:30,Olympia,58,12,70
2025.06.01,15:30,15:45,Olympia,77,20,97
2025.06.01,15:45,16:00,Olympia,80,27,107
2025.06.01,16:00,16:15,Olympia,71,23,94
2025.06.01,16:15,16:30,Olympia,69,26,95
2025.06.01,16:30,16:45,Olympia,68,18,86
2025.06.01,16:45,17:00,Olympia,37,31,68
2025.06.01,17:00,17:15,Olympia,40,35,75
2025.06.01,17:15,17:30,Olympia,37,31,68
2025.06.01,17:30,17:45,Olympia,30,37,67
2025.06.01,17:45,18:00,Olympia,43,29,72
2025.06.01,18:00,18:15,Olympia,44,42,86
2025.06.01,18:15,18:30,Olympia,41,38,79
2025.06.01,18:30,18:45,Olympia,36,46,82
2025.06.01,18:45,19:00,Olympia,47,32,79
2025.06.01,19:00,19:15,Olympia,46,21,67
2025.06.01,19:15,19:30,Olympia,49,30,79
2025.06.01,19:30,19:45,Olympia,34,35,69
2025.06.01,19:45,20:00,Olympia,21,14,35
2025.06.01,20:00,20:15,Olympia,30,17,47
2025.06.01,20:15,20:30,Olympia,30,17,47
2025.06.01,20:30,20:45,Olympia,22,26,48
2025.06.01,20:45,21:00,Olympia,24,21,45
2025.06.01,21:00,21:15,Olympia,15,19,34
2025.06.01,21:15,21:30,Olympia,20,22,42
2025.06.01,21:30,21:45,Olympia,8,11,19
2025.06.01,21:45,22:00,Olympia,7,3,10
2025.06.01,22:00,22:15,Olympia,10,12,22
2025.06.01,22:15,22:30,Olympia,6,13,19
2025.06.01,22:30,22:45,Olympia,5,67,72
2025.06.01,22:45,23:00,Olympia,0,35,35
2025.06.01,23:00,23:15,Olympia,2,20,22
2025.06.01,23:15,23:30,Olympia,1,12,13
2025.06.01,23:30,23:45,Olympia,2,4,6
2025.06.01,23:45,00:00,Olympia,4,3,7
2025.06.02,00:00,00:15,Olympia,0,0,0
2025.06.02,00:15,00:30,Olympia,0,0,0
2025.06.02,00:30,00:45,Olympia,0,0,0
2025.06.02,00:45,01:00,Olympia,0,0,0
2025.06.02,01:00,01:15,Olympia,0,1,1
2025.06.02,01:15,01:30,Olympia,3,0,3
2025.06.02,01:30,01:45,Olympia,0,0,0
2025.06.02,01:45,02:00,Olympia,0,1,1
2025.06.02,02:00,02:15,Olympia,0,0,0
2025.06.02,02:15,02:30,Olympia,0,0,0
2025.06.02,02:30,02:45,Olympia,0,0,0
2025.06.02,02:45,03:00,Olympia,2,2,4
2025.06.02,03:00,03:15,Olympia,0,0,0
2025.06.02,03:15,03:30,Olympia,0,2,2
2025.06.02,03:30,03:45,Olympia,1,0,1
2025.06.02,03:45,04:00,Olympia,0,2,2
2025.06.02,04:00,04:15,Olympia,0,0,0
2025.06.02,04:15,04:30,Olympia,0,0,0
2025.06.02,04:30,04:45,Olympia,1,1,2
2025.06.02,04:45,05:00,Olympia,2,0,2
2025.06.02,05:00,05:15,Olympia,1,2,3
2025.06.02,05:15,05:30,Olympia,2,0,2
2025.06.02,05:30,05:45,Olympia,5,4,9
2025.06.02,05:45,06:00,Olympia,6,2,8
2025.06.02,06:00,06:15,Olympia,3,2,5
2025.06.02,06:15,06:30,Olympia,6,9,15
2025.06.02,06:30,06:45,Olympia,10,8,18
2025.06.02,06:45,07:00,Olympia,14,6,20
2025.06.02,07:00,07:15,Olympia,12,19,31
2025.06.02,07:15,07:30,Olympia,24,15,39
2025.06.02,07:30,07:45,Olympia,23,23,46
2025.06.02,07:45,08:00,Olympia,29,23,52
2025.06.02,08:00,08:15,Olympia,34,20,54
2025.06.02,08:15,08:30,Olympia,25,21,46
2025.06.02,08:30,08:45,Olympia,28,14,42
2025.06.02,08:45,09:00,Olympia,25,26,51
2025.06.02,09:00,09:15,Olympia,11,12,23
2025.06.02,09:15,09:30,Olympia,16,11,27
2025.06.02,09:30,09:45,Olympia,6,13,19
2025.06.02,09:45,10:00,Olympia,8,8,16
2025.06.02,10:00,10:15,Olympia,18,8,26
2025.06.02,10:15,10:30,Olympia,6,6,12
2025.06.02,10:30,10:45,Olympia,7,7,14
2025.06.02,10:45,11:00,Olympia,9,5,14
2025.06.02,11:00,11:15,Olympia,4,9,13
2025.06.02,11:15,11:30,Olympia,9,2,11
2025.06.02,11:30,11:45,Olympia,10,6,16
2025.06.02,11:45,12:00,Olympia,5,9,14
2025.06.02,12:00,12:15,Olympia,17,6,23
2025.06.02,12:15,12:30,Olympia,3,2,5
2025.06.02,12:30,12:45,Olympia,2,2,4
2025.06.02,12:45,13:00,Olympia,7,11,18
2025.06.02,13:00,13:15,Olympia,8,3,11
2025.06.02,13:15,13:30,Olympia,13,7,20
2025.06.02,13:30,13:45,Olympia,7,4,11
2025.06.02,13:45,14:00,Olympia,10,12,22
2025.06.02,14:00,14:15,Olympia,17,6,23
2025.06.02,14:15,14:30,Olympia,13,7,20
2025.06.02,14:30,14:45,Olympia,13,6,19
2025.06.02,14:45,15:00,Olympia,13,5,18
2025.06.02,15:00,15:15,Olympia,15,7,22
2025.06.02,15:15,15:30,Olympia,15,12,27
2025.06.02,15:30,15:45,Olympia,18,12,30
2025.06.02,15:45,16:00,Olympia,21,9,30
2025.06.02,16:00,16:15,Olympia,35,19,54
2025.06.02,16:15,16:30,Olympia,16,17,33
2025.06.02,16:30,16:45,Olympia,29,14,43
2025.06.02,16:45,17:00,Olympia,48,18,66
2025.06.02,17:00,17:15,Olympia,43,25,68
2025.06.02,17:15,17:30,Olympia,35,23,58
2025.06.02,17:30,17:45,Olympia,29,25,54
2025.06.02,17:45,18:00,Olympia,51,28,79
2025.06.02,18:00,18:15,Olympia,44,51,95
2025.06.02,18:15,18:30,Olympia,40,38,78
2025.06.02,18:30,18:45,Olympia,40,37,77
2025.06.02,18:45,19:00,Olympia,30,31,61
2025.06.02,19:00,19:15,Olympia,14,14,28
2025.06.02,19:15,19:30,Olympia,11,20,31
2025.06.02,19:30,19:45,Olympia,14,19,33
2025.06.02,19:45,20:00,Olympia,13,17,30
2025.06.02,20:00,20:15,Olympia,9,21,30
2025.06.02,20:15,20:30,Olympia,11,24,35
2025.06.02,20:30,20:45,Olympia,12,10,22
2025.06.02,20:45,21:00,Olympia,11,11,22
2025.06.02,21:00,21:15,Olympia,10,17,27
2025.06.02,21:15,21:30,Olympia,5,18,23
2025.06.02,21:30,21:45,Olympia,2,16,18
2025.06.02,21:45,22:00,Olympia,1,10,11
2025.06.02,22:00,22:15,Olympia,5,17,22
2025.06.02,22:15,22:30,Olympia,5,4,9
2025.06.02,22:30,22:45,Olympia,2,9,11
2025.06.02,22:45,23:00,Olympia,3,5,8
2025.06.02,23:00,23:15,Olympia,2,2,4
2025.06.02,23:15,23:30,Olympia,2,11,13
2025.06.02,23:30,23:45,Olympia,0,0,0
2025.06.02,23:45,00:00,Olympia,0,1,1
2025.06.03,00:00,00:15,Olympia,1,3,4
2025.06.03,00:15,00:30,Olympia,0,0,0
2025.06.03,00:30,00:45,Olympia,1,0,1
2025.06.03,00:45,01:00,Olympia,0,0,0
2025.06.03,01:00,01:15,Olympia,0,0,0
2025.06.03,01:15,01:30,Olympia,0,1,1
2025.06.03,01:30,01:45,Olympia,3,0,3
2025.06.03,01:45,02:00,Olympia,0,0,0
2025.06.03,02:00,02:15,Olympia,0,0,0
2025.06.03,02:15,02:30,Olympia,0,0,0
2025.06.03,02:30,02:45,Olympia,2,1,3
2025.06.03,02:45,03:00,Olympia,1,0,1
2025.06.03,03:00,03:15,Olympia,0,0,0
2025.06.03,03:15,03:30,Olympia,0,0,0
2025.06.03,03:30,03:45,Olympia,0,0,0
2025.06.03,03:45,04:00,Olympia,0,0,0
2025.06.03,04:00,04:15,Olympia,0,0,0
2025.06.03,04:15,04:30,Olympia,0,0,0
2025.06.03,04:30,04:45,Olympia,0,1,1
2025.06.03,04:45,05:00,Olympia,1,1,2
2025.06.03,05:00,05:15,Olympia,0,0,0
2025.06.03,05:15,05:30,Olympia,3,1,4
2025.06.03,05:30,05:45,Olympia,1,5,6
2025.06.03,05:45,06:00,Olympia,4,2,6
2025.06.03,06:00,06:15,Olympia,5,3,8
2025.06.03,06:15,06:30,Olympia,6,5,11
2025.06.03,06:30,06:45,Olympia,7,6,13
2025.06.03,06:45,07:00,Olympia,8,3,11
2025.06.03,07:00,07:15,Olympia,9,3,12
2025.06.03,07:15,07:30,Olympia,17,14,31
2025.06.03,07:30,07:45,Olympia,19,18,37
2025.06.03,07:45,08:00,Olympia,24,18,42
2025.06.03,08:00,08:15,Olympia,25,23,48
2025.06.03,08:15,08:30,Olympia,40,28,68
2025.06.03,08:30,08:45,Olympia,25,21,46
2025.06.03,08:45,09:00,Olympia,41,20,61
2025.06.03,09:00,09:15,Olympia,18,16,34
2025.06.03,09:15,09:30,Olympia,16,14,30
2025.06.03,09:30,09:45,Olympia,16,9,25
2025.06.03,09:45,10:00,Olympia,21,22,43
2025.06.03,10:00,10:15,Olympia,14,17,31
2025.06.03,10:15,10:30,Olympia,9,8,17
2025.06.03,10:30,10:45,Olympia,8,10,18
2025.06.03,10:45,11:00,Olympia,11,6,17
2025.06.03,11:00,11:15,Olympia,7,9,16
2025.06.03,11:15,11:30,Olympia,11,8,19
2025.06.03,11:30,11:45,Olympia,11,13,24
2025.06.03,11:45,12:00,Olympia,12,8,20
2025.06.03,12:00,12:15,Olympia,19,8,27
2025.06.03,12:15,12:30,Olympia,13,10,23
2025.06.03,12:30,12:45,Olympia,19,18,37
2025.06.03,12:45,13:00,Olympia,17,10,27
2025.06.03,13:00,13:15,Olympia,18,8,26
2025.06.03,13:15,13:30,Olympia,12,18,30
2025.06.03,13:30,13:45,Olympia,27,14,41
2025.06.03,13:45,14:00,Olympia,23,8,31
2025.06.03,14:00,14:15,Olympia,15,12,27
2025.06.03,14:15,14:30,Olympia,15,20,35
2025.06.03,14:30,14:45,Olympia,18,12,30
2025.06.03,14:45,15:00,Olympia,23,13,36
2025.06.03,15:00,15:15,Olympia,12,13,25
2025.06.03,15:15,15:30,Olympia,27,22,49
2025.06.03,15:30,15:45,Olympia,25,21,46
2025.06.03,15:45,16:00,Olympia,28,24,52
2025.06.03,16:00,16:15,Olympia,23,24,47
2025.06.03,16:15,16:30,Olympia,22,31,53
2025.06.03,16:30,16:45,Olympia,40,28,68
2025.06.03,16:45,17:00,Olympia,47,18,65
2025.06.03,17:00,17:15,Olympia,50,27,77
2025.06.03,17:15,17:30,Olympia,20,37,57
2025.06.03,17:30,17:45,Olympia,56,41,97
2025.06.03,17:45,18:00,Olympia,52,43,95
2025.06.03,18:00,18:15,Olympia,50,40,90
2025.06.03,18:15,18:30,Olympia,66,55,121
2025.06.03,18:30,18:45,Olympia,42,50,92
2025.06.03,18:45,19:00,Olympia,43,45,88
2025.06.03,19:00,19:15,Olympia,31,39,70
2025.06.03,19:15,19:30,Olympia,37,33,70
2025.06.03,19:30,19:45,Olympia,30,29,59
2025.06.03,19:45,20:00,Olympia,45,37,82
2025.06.03,20:00,20:15,Olympia,26,43,69
2025.06.03,20:15,20:30,Olympia,19,36,55
2025.06.03,20:30,20:45,Olympia,23,21,44
2025.06.03,20:45,21:00,Olympia,23,29,52
2025.06.03,21:00,21:15,Olympia,11,13,24
2025.06.03,21:15,21:30,Olympia,20,33,53
2025.06.03,21:30,21:45,Olympia,11,23,34
2025.06.03,21:45,22:00,Olympia,3,40,43
2025.06.03,22:00,22:15,Olympia,10,28,38
2025.06.03,22:15,22:30,Olympia,8,11,19
2025.06.03,22:30,22:45,Olympia,6,8,14
2025.06.03,22:45,23:00,Olympia,8,3,11
2025.06.03,23:00,23:15,Olympia,3,4,7
2025.06.03,23:15,23:30,Olympia,4,5,9
2025.06.03,23:30,23:45,Olympia,1,1,2
2025.06.03,23:45,00:00,Olympia,1,0,1
2025.06.04,00:00,00:15,Olympia,2,5,7
2025.06.04,00:15,00:30,Olympia,0,3,3
2025.06.04,00:30,00:45,Olympia,2,1,3
2025.06.04,00:45,01:00,Olympia,1,0,1
2025.06.04,01:00,01:15,Olympia,0,0,0
2025.06.04,01:15,01:30,Olympia,0,0,0
2025.06.04,01:30,01:45,Olympia,2,0,2
2025.06.04,01:45,02:00,Olympia,0,1,1
2025.06.04,02:00,02:15,Olympia,0,0,0
2025.06.04,02:15,02:30,Olympia,0,0,0
2025.06.04,02:30,02:45,Olympia,0,0,0
2025.06.04,02:45,03:00,Olympia,0,1,1
2025.06.04,03:00,03:15,Olympia,0,0,0
2025.06.04,03:15,03:30,Olympia,0,0,0
2025.06.04,03:30,03:45,Olympia,0,0,0
2025.06.04,03:45,04:00,Olympia,0,0,0
2025.06.04,04:00,04:15,Olympia,0,0,0
2025.06.04,04:15,04:30,Olympia,2,0,2
2025.06.04,04:30,04:45,Olympia,2,1,3
2025.06.04,04:45,05:00,Olympia,2,0,2
2025.06.04,05:00,05:15,Olympia,2,0,2
2025.06.04,05:15,05:30,Olympia,4,1,5
2025.06.04,05:30,05:45,Olympia,3,7,10
2025.06.04,05:45,06:00,Olympia,8,2,10
2025.06.04,06:00,06:15,Olympia,9,3,12
2025.06.04,06:15,06:30,Olympia,4,5,9
2025.06.04,06:30,06:45,Olympia,16,8,24
2025.06.04,06:45,07:00,Olympia,22,8,30
2025.06.04,07:00,07:15,Olympia,18,7,25
2025.06.04,07:15,07:30,Olympia,28,28,56
2025.06.04,07:30,07:45,Olympia,40,33,73
2025.06.04,07:45,08:00,Olympia,44,43,87
2025.06.04,08:00,08:15,Olympia,59,42,101
2025.06.04,08:15,08:30,Olympia,33,46,79
2025.06.04,08:30,08:45,Olympia,25,43,68
2025.06.04,08:45,09:00,Olympia,28,30,58
2025.06.04,09:00,09:15,Olympia,35,15,50
2025.06.04,09:15,09:30,Olympia,24,25,49
2025.06.04,09:30,09:45,Olympia,25,19,44
2025.06.04,09:45,10:00,Olympia,17,21,38
2025.06.04,10:00,10:15,Olympia,22,21,43
2025.06.04,10:15,10:30,Olympia,13,9,22
2025.06.04,10:30,10:45,Olympia,13,5,18
2025.06.04,10:45,11:00,Olympia,29,16,45
2025.06.04,11:00,11:15,Olympia,11,11,22
2025.06.04,11:15,11:30,Olympia,4,16,20
2025.06.04,11:30,11:45,Olympia,26,18,44
2025.06.04,11:45,12:00,Olympia,14,18,32
2025.06.04,12:00,12:15,Olympia,12,14,26
2025.06.04,12:15,12:30,Olympia,13,22,35
2025.06.04,12:30,12:45,Olympia,23,18,41
2025.06.04,12:45,13:00,Olympia,16,21,37
2025.06.04,13:00,13:15,Olympia,9,15,24
2025.06.04,13:15,13:30,Olympia,16,18,34
2025.06.04,13:30,13:45,Olympia,17,16,33
2025.06.04,13:45,14:00,Olympia,23,18,41
2025.06.04,14:00,14:15,Olympia,23,22,45
2025.06.04,14:15,14:30,Olympia,12,19,31
2025.06.04,14:30,14:45,Olympia,17,18,35
2025.06.04,14:45,15:00,Olympia,16,27,43
2025.06.04,15:00,15:15,Olympia,30,18,48
2025.06.04,15:15,15:30,Olympia,31,25,56
2025.06.04,15:30,15:45,Olympia,30,23,53
2025.06.04,15:45,16:00,Olympia,31,28,59
2025.06.04,16:00,16:15,Olympia,44,34,78
2025.06.04,16:15,16:30,Olympia,48,48,96
2025.06.04,16:30,16:45,Olympia,45,37,82
2025.06.04,16:45,17:00,Olympia,75,24,99
2025.06.04,17:00,17:15,Olympia,45,31,76
2025.06.04,17:15,17:30,Olympia,54,63,117
2025.06.04,17:30,17:45,Olympia,43,49,92
2025.06.04,17:45,18:00,Olympia,36,43,79
2025.06.04,18:00,18:15,Olympia,45,59,104
2025.06.04,18:15,18:30,Olympia,40,39,79
2025.06.04,18:30,18:45,Olympia,38,54,92
2025.06.04,18:45,19:00,Olympia,31,40,71
2025.06.04,19:00,19:15,Olympia,32,26,58
2025.06.04,19:15,19:30,Olympia,15,23,38
2025.06.04,19:30,19:45,Olympia,30,37,67
2025.06.04,19:45,20:00,Olympia,17,29,46
2025.06.04,20:00,20:15,Olympia,11,24,35
2025.06.04,20:15,20:30,Olympia,4,43,47
2025.06.04,20:30,20:45,Olympia,7,16,23
2025.06.04,20:45,21:00,Olympia,7,10,17
2025.06.04,21:00,21:15,Olympia,5,14,19
2025.06.04,21:15,21:30,Olympia,9,8,17
2025.06.04,21:30,21:45,Olympia,2,10,12
2025.06.04,21:45,22:00,Olympia,4,10,14
2025.06.04,22:00,22:15,Olympia,4,12,16
2025.06.04,22:15,22:30,Olympia,5,10,15
2025.06.04,22:30,22:45,Olympia,2,11,13
2025.06.04,22:45,23:00,Olympia,3,4,7
2025.06.04,23:00,23:15,Olympia,4,12,16
2025.06.04,23:15,23:30,Olympia,6,11,17
2025.06.04,23:30,23:45,Olympia,2,5,7
2025.06.04,23:45,00:00,Olympia,2,3,5
2025.06.05,00:00,00:15,Olympia,1,4,5
2025.06.05,00:15,00:30,Olympia,1,1,2
2025.06.05,00:30,00:45,Olympia,1,1,2
2025.06.05,00:45,01:00,Olympia,0,0,0
2025.06.05,01:00,01:15,Olympia,2,0,2
2025.06.05,01:15,01:30,Olympia,0,1,1
2025.06.05,01:30,01:45,Olympia,2,0,2
2025.06.05,01:45,02:00,Olympia,0,0,0
2025.06.05,02:00,02:15,Olympia,0,0,0
2025.06.05,02:15,02:30,Olympia,1,2,3
2025.06.05,02:30,02:45,Olympia,0,0,0
2025.06.05,02:45,03:00,Olympia,0,0,0
2025.06.05,03:00,03:15,Olympia,0,0,0
2025.06.05,03:15,03:30,Olympia,0,0,0
2025.06.05,03:30,03:45,Olympia,0,0,0
2025.06.05,03:45,04:00,Olympia,0,0,0
2025.06.05,04:00,04:15,Olympia,0,0,0
2025.06.05,04:15,04:30,Olympia,0,0,0
2025.06.05,04:30,04:45,Olympia,2,1,3
2025.06.05,04:45,05:00,Olympia,1,1,2
2025.06.05,05:00,05:15,Olympia,0,0,0
2025.06.05,05:15,05:30,Olympia,5,3,8
2025.06.05,05:30,05:45,Olympia,3,4,7
2025.06.05,05:45,06:00,Olympia,4,1,5
2025.06.05,06:00,06:15,Olympia,5,1,6
2025.06.05,06:15,06:30,Olympia,1,5,6
2025.06.05,06:30,06:45,Olympia,9,7,16
2025.06.05,06:45,07:00,Olympia,9,2,11
2025.06.05,07:00,07:15,Olympia,19,6,25
2025.06.05,07:15,07:30,Olympia,16,9,25
2025.06.05,07:30,07:45,Olympia,20,20,40
2025.06.05,07:45,08:00,Olympia,34,25,59
2025.06.05,08:00,08:15,Olympia,37,32,69
2025.06.05,08:15,08:30,Olympia,22,28,50
2025.06.05,08:30,08:45,Olympia,25,20,45
2025.06.05,08:45,09:00,Olympia,31,31,62
2025.06.05,09:00,09:15,Olympia,22,6,28
2025.06.05,09:15,09:30,Olympia,14,13,27
2025.06.05,09:30,09:45,Olympia,9,8,17
2025.06.05,09:45,10:00,Olympia,8,5,13
2025.06.05,10:00,10:15,Olympia,7,5,12
2025.06.05,10:15,10:30,Olympia,6,8,14
2025.06.05,10:30,10:45,Olympia,4,5,9
2025.06.05,10:45,11:00,Olympia,2,4,6
2025.06.05,11:00,11:15,Olympia,4,3,7
2025.06.05,11:15,11:30,Olympia,4,7,11
2025.06.05,11:30,11:45,Olympia,1,7,8
2025.06.05,11:45,12:00,Olympia,6,10,16
2025.06.05,12:00,12:15,Olympia,12,8,20
2025.06.05,12:15,12:30,Olympia,7,2,9
2025.06.05,12:30,12:45,Olympia,9,9,18
2025.06.05,12:45,13:00,Olympia,6,10,16
2025.06.05,13:00,13:15,Olympia,6,11,17
2025.06.05,13:15,13:30,Olympia,10,7,17
2025.06.05,13:30,13:45,Olympia,8,7,15
2025.06.05,13:45,14:00,Olympia,11,9,20
2025.06.05,14:00,14:15,Olympia,14,4,18
2025.06.05,14:15,14:30,Olympia,10,17,27
2025.06.05,14:30,14:45,Olympia,10,11,21
2025.06.05,14:45,15:00,Olympia,9,12,21
2025.06.05,15:00,15:15,Olympia,12,10,22
2025.06.05,15:15,15:30,Olympia,12,15,27
2025.06.05,15:30,15:45,Olympia,13,12,25
2025.06.05,15:45,16:00,Olympia,13,15,28
2025.06.05,16:00,16:15,Olympia,17,27,44
2025.06.05,16:15,16:30,Olympia,24,16,40
2025.06.05,16:30,16:45,Olympia,31,29,60
2025.06.05,16:45,17:00,Olympia,43,17,60
2025.06.05,17:00,17:15,Olympia,33,16,49
2025.06.05,17:15,17:30,Olympia,21,17,38
2025.06.05,17:30,17:45,Olympia,37,29,66
2025.06.05,17:45,18:00,Olympia,34,33,67
2025.06.05,18:00,18:15,Olympia,34,30,64
2025.06.05,18:15,18:30,Olympia,38,26,64
2025.06.05,18:30,18:45,Olympia,29,38,67
2025.06.05,18:45,19:00,Olympia,31,27,58
2025.06.05,19:00,19:15,Olympia,19,25,44
2025.06.05,19:15,19:30,Olympia,15,19,34
2025.06.05,19:30,19:45,Olympia,12,24,36
2025.06.05,19:45,20:00,Olympia,19,15,34
2025.06.05,20:00,20:15,Olympia,8,16,24
2025.06.05,20:15,20:30,Olympia,9,38,47
2025.06.05,20:30,20:45,Olympia,10,15,25
2025.06.05,20:45,21:00,Olympia,23,9,32
2025.06.05,21:00,21:15,Olympia,15,16,31
2025.06.05,21:15,21:30,Olympia,13,9,22
2025.06.05,21:30,21:45,Olympia,5,12,17
2025.06.05,21:45,22:00,Olympia,7,15,22
2025.06.05,22:00,22:15,Olympia,2,10,12
2025.06.05,22:15,22:30,Olympia,7,12,19
2025.06.05,22:30,22:45,Olympia,1,7,8
2025.06.05,22:45,23:00,Olympia,0,18,18
2025.06.05,23:00,23:15,Olympia,2,7,9
2025.06.05,23:15,23:30,Olympia,2,8,10
2025.06.05,23:30,23:45,Olympia,4,3,7
2025.06.05,23:45,00:00,Olympia,1,2,3
2025.06.06,00:00,00:15,Olympia,0,5,5
2025.06.06,00:15,00:30,Olympia,1,1,2
2025.06.06,00:30,00:45,Olympia,1,0,1
2025.06.06,00:45,01:00,Olympia,2,1,3
2025.06.06,01:00,01:15,Olympia,0,0,0
2025.06.06,01:15,01:30,Olympia,0,0,0
2025.06.06,01:30,01:45,Olympia,3,1,4
2025.06.06,01:45,02:00,Olympia,1,3,4
2025.06.06,02:00,02:15,Olympia,0,1,1
2025.06.06,02:15,02:30,Olympia,0,0,0
2025.06.06,02:30,02:45,Olympia,0,0,0
2025.06.06,02:45,03:00,Olympia,2,0,2
2025.06.06,03:00,03:15,Olympia,0,0,0
2025.06.06,03:15,03:30,Olympia,0,0,0
2025.06.06,03:30,03:45,Olympia,2,1,3
2025.06.06,03:45,04:00,Olympia,0,1,1
2025.06.06,04:00,04:15,Olympia,0,0,0
2025.06.06,04:15,04:30,Olympia,0,0,0
2025.06.06,04:30,04:45,Olympia,0,1,1
2025.06.06,04:45,05:00,Olympia,0,1,1
2025.06.06,05:00,05:15,Olympia,4,0,4
2025.06.06,05:15,05:30,Olympia,7,1,8
2025.06.06,05:30,05:45,Olympia,1,4,5
2025.06.06,05:45,06:00,Olympia,3,3,6
2025.06.06,06:00,06:15,Olympia,7,6,13
2025.06.06,06:15,06:30,Olympia,4,3,7
2025.06.06,06:30,06:45,Olympia,12,4,16
2025.06.06,06:45,07:00,Olympia,13,3,16
2025.06.06,07:00,07:15,Olympia,15,10,25
2025.06.06,07:15,07:30,Olympia,24,14,38
2025.06.06,07:30,07:45,Olympia,17,30,47
2025.06.06,07:45,08:00,Olympia,42,24,66
2025.06.06,08:00,08:15,Olympia,26,26,52
2025.06.06,08:15,08:30,Olympia,33,23,56
2025.06.06,08:30,08:45,Olympia,24,17,41
2025.06.06,08:45,09:00,Olympia,21,19,40
2025.06.06,09:00,09:15,Olympia,24,26,50
2025.06.06,09:15,09:30,Olympia,17,19,36
2025.06.06,09:30,09:45,Olympia,12,14,26
2025.06.06,09:45,10:00,Olympia,19,10,29
2025.06.06,10:00,10:15,Olympia,16,11,27
2025.06.06,10:15,10:30,Olympia,18,14,32
2025.06.06,10:30,10:45,Olympia,14,12,26
2025.06.06,10:45,11:00,Olympia,22,11,33
2025.06.06,11:00,11:15,Olympia,8,15,23
2025.06.06,11:15,11:30,Olympia,8,17,25
2025.06.06,11:30,11:45,Olympia,8,17,25
2025.06.06,11:45,12:00,Olympia,19,26,45
2025.06.06,12:00,12:15,Olympia,22,16,38
2025.06.06,12:15,12:30,Olympia,12,24,36
2025.06.06,12:30,12:45,Olympia,14,19,33
2025.06.06,12:45,13:00,Olympia,18,32,50
2025.06.06,13:00,13:15,Olympia,20,24,44
2025.06.06,13:15,13:30,Olympia,21,22,43
2025.06.06,13:30,13:45,Olympia,24,25,49
2025.06.06,13:45,14:00,Olympia,23,15,38
2025.06.06,14:00,14:15,Olympia,26,22,48
2025.06.06,14:15,14:30,Olympia,29,28,57
2025.06.06,14:30,14:45,Olympia,18,15,33
2025.06.06,14:45,15:00,Olympia,35,21,56
2025.06.06,15:00,15:15,Olympia,30,24,54
2025.06.06,15:15,15:30,Olympia,40,23,63
2025.06.06,15:30,15:45,Olympia,42,37,79
2025.06.06,15:45,16:00,Olympia,39,27,66
2025.06.06,16:00,16:15,Olympia,28,27,55
2025.06.06,16:15,16:30,Olympia,26,43,69
2025.06.06,16:30,16:45,Olympia,57,28,85
2025.06.06,16:45,17:00,Olympia,64,33,97
2025.06.06,17:00,17:15,Olympia,29,40,69
2025.06.06,17:15,17:30,Olympia,17,33,50
2025.06.06,17:30,17:45,Olympia,32,40,72
2025.06.06,17:45,18:00,Olympia,28,42,70
2025.06.06,18:00,18:15,Olympia,28,34,62
2025.06.06,18:15,18:30,Olympia,33,30,63
2025.06.06,18:30,18:45,Olympia,26,33,59
2025.06.06,18:45,19:00,Olympia,26,35,61
2025.06.06,19:00,19:15,Olympia,37,33,70
2025.06.06,19:15,19:30,Olympia,20,20,40
2025.06.06,19:30,19:45,Olympia,20,25,45
2025.06.06,19:45,20:00,Olympia,35,19,54
2025.06.06,20:00,20:15,Olympia,27,27,54
2025.06.06,20:15,20:30,Olympia,24,23,47
2025.06.06,20:30,20:45,Olympia,20,13,33
2025.06.06,20:45,21:00,Olympia,16,30,46
2025.06.06,21:00,21:15,Olympia,22,15,37
2025.06.06,21:15,21:30,Olympia,6,24,30
2025.06.06,21:30,21:45,Olympia,6,21,27
2025.06.06,21:45,22:00,Olympia,11,22,33
2025.06.06,22:00,22:15,Olympia,5,10,15
2025.06.06,22:15,22:30,Olympia,9,15,24
2025.06.06,22:30,22:45,Olympia,1,9,10
2025.06.06,22:45,23:00,Olympia,8,44,52
2025.06.06,23:00,23:15,Olympia,7,15,22
2025.06.06,23:15,23:30,Olympia,5,5,10
2025.06.06,23:30,23:45,Olympia,3,0,3
2025.06.06,23:45,00:00,Olympia,4,2,6
2025.06.07,00:00,00:15,Olympia,2,8,10
2025.06.07,00:15,00:30,Olympia,1,2,3
2025.06.07,00:30,00:45,Olympia,0,2,2
2025.06.07,00:45,01:00,Olympia,3,2,5
2025.06.07,01:00,01:15,Olympia,2,1,3
2025.06.07,01:15,01:30,Olympia,2,2,4
2025.06.07,01:30,01:45,Olympia,3,0,3
2025.06.07,01:45,02:00,Olympia,2,2,4
2025.06.07,02:00,02:15,Olympia,0,1,1
2025.06.07,02:15,02:30,Olympia,0,0,0
2025.06.07,02:30,02:45,Olympia,1,0,1
2025.06.07,02:45,03:00,Olympia,0,0,0
2025.06.07,03:00,03:15,Olympia,0,0,0
2025.06.07,03:15,03:30,Olympia,0,0,0
2025.06.07,03:30,03:45,Olympia,1,1,2
2025.06.07,03:45,04:00,Olympia,1,0,1
2025.06.07,04:00,04:15,Olympia,1,0,1
2025.06.07,04:15,04:30,Olympia,1,0,1
2025.06.07,04:30,04:45,Olympia,0,0,0
2025.06.07,04:45,05:00,Olympia,2,0,2
2025.06.07,05:00,05:15,Olympia,1,0,1
2025.06.07,05:15,05:30,Olympia,4,0,4
2025.06.07,05:30,05:45,Olympia,1,0,1
2025.06.07,05:45,06:00,Olympia,2,0,2
2025.06.07,06:00,06:15,Olympia,1,1,2
2025.06.07,06:15,06:30,Olympia,1,2,3
2025.06.07,06:30,06:45,Olympia,1,2,3
2025.06.07,06:45,07:00,Olympia,1,2,3
2025.06.07,07:00,07:15,Olympia,3,0,3
2025.06.07,07:15,07:30,Olympia,4,0,4
2025.06.07,07:30,07:45,Olympia,0,1,1
2025.06.07,07:45,08:00,Olympia,1,0,1
2025.06.07,08:00,08:15,Olympia,1,2,3
2025.06.07,08:15,08:30,Olympia,0,5,5
2025.06.07,08:30,08:45,Olympia,2,2,4
2025.06.07,08:45,09:00,Olympia,2,2,4
2025.06.07,09:00,09:15,Olympia,2,2,4
2025.06.07,09:15,09:30,Olympia,2,4,6
2025.06.07,09:30,09:45,Olympia,6,1,7
2025.06.07,09:45,10:00,Olympia,8,1,9
2025.06.07,10:00,10:15,Olympia,9,0,9
2025.06.07,10:15,10:30,Olympia,3,3,6
2025.06.07,10:30,10:45,Olympia,8,4,12
2025.06.07,10:45,11:00,Olympia,14,6,20
2025.06.07,11:00,11:15,Olympia,9,3,12
2025.06.07,11:15,11:30,Olympia,10,3,13
2025.06.07,11:30,11:45,Olympia,11,9,20
2025.06.07,11:45,12:00,Olympia,14,6,20
2025.06.07,12:00,12:15,Olympia,1,5,6
2025.06.07,12:15,12:30,Olympia,9,1,10
2025.06.07,12:30,12:45,Olympia,3,7,10
2025.06.07,12:45,13:00,Olympia,5,10,15
2025.06.07,13:00,13:15,Olympia,9,14,23
2025.06.07,13:15,13:30,Olympia,1,2,3
2025.06.07,13:30,13:45,Olympia,8,8,16
2025.06.07,13:45,14:00,Olympia,6,4,10
2025.06.07,14:00,14:15,Olympia,20,6,26
2025.06.07,14:15,14:30,Olympia,9,8,17
2025.06.07,14:30,14:45,Olympia,19,3,22
2025.06.07,14:45,15:00,Olympia,13,4,17
2025.06.07,15:00,15:15,Olympia,12,9,21
2025.06.07,15:15,15:30,Olympia,14,9,23
2025.06.07,15:30,15:45,Olympia,18,22,40
2025.06.07,15:45,16:00,Olympia,25,13,38
2025.06.07,16:00,16:15,Olympia,16,13,29
2025.06.07,16:15,16:30,Olympia,11,9,20
2025.06.07,16:30,16:45,Olympia,8,8,16
2025.06.07,16:45,17:00,Olympia,8,14,22
2025.06.07,17:00,17:15,Olympia,12,4,16
2025.06.07,17:15,17:30,Olympia,3,10,13
2025.06.07,17:30,17:45,Olympia,7,23,30
2025.06.07,17:45,18:00,Olympia,2,12,14
2025.06.07,18:00,18:15,Olympia,5,7,12
2025.06.07,18:15,18:30,Olympia,3,9,12
2025.06.07,18:30,18:45,Olympia,3,4,7
2025.06.07,18:45,19:00,Olympia,9,3,12
2025.06.07,19:00,19:15,Olympia,13,12,25
2025.06.07,19:15,19:30,Olympia,20,8,28
2025.06.07,19:30,19:45,Olympia,18,8,26
2025.06.07,19:45,20:00,Olympia,6,7,13
2025.06.07,20:00,20:15,Olympia,13,5,18
2025.06.07,20:15,20:30,Olympia,21,8,29
2025.06.07,20:30,20:45,Olympia,7,7,14
2025.06.07,20:45,21:00,Olympia,13,5,18
2025.06.07,21:00,21:15,Olympia,16,6,22
2025.06.07,21:15,21:30,Olympia,6,11,17
2025.06.07,21:30,21:45,Olympia,4,8,12
2025.06.07,21:45,22:00,Olympia,2,13,15
2025.06.07,22:00,22:15,Olympia,4,17,21
2025.06.07,22:15,22:30,Olympia,5,29,34
2025.06.07,22:30,22:45,Olympia,2,25,27
2025.06.07,22:45,23:00,Olympia,0,7,7
2025.06.07,23:00,23:15,Olympia,1,8,9
2025.06.07,23:15,23:30,Olympia,0,6,6
2025.06.07,23:30,23:45,Olympia,1,1,2
2025.06.07,23:45,00:00,Olympia,0,1,1
2025.06.08,00:00,00:15,Olympia,6,3,9
2025.06.08,00:15,00:30,Olympia,0,0,0
2025.06.08,00:30,00:45,Olympia,0,0,0
2025.06.08,00:45,01:00,Olympia,1,0,1
2025.06.08,01:00,01:15,Olympia,0,0,0
2025.06.08,01:15,01:30,Olympia,0,0,0
2025.06.08,01:30,01:45,Olympia,0,0,0
2025.06.08,01:45,02:00,Olympia,0,1,1
2025.06.08,02:00,02:15,Olympia,0,0,0
2025.06.08,02:15,02:30,Olympia,2,0,2
2025.06.08,02:30,02:45,Olympia,0,0,0
2025.06.08,02:45,03:00,Olympia,0,0,0
2025.06.08,03:00,03:15,Olympia,0,0,0
2025.06.08,03:15,03:30,Olympia,0,1,1
2025.06.08,03:30,03:45,Olympia,0,0,0
2025.06.08,03:45,04:00,Olympia,0,0,0
2025.06.08,04:00,04:15,Olympia,0,0,0
2025.06.08,04:15,04:30,Olympia,0,0,0
2025.06.08,04:30,04:45,Olympia,0,0,0
2025.06.08,04:45,05:00,Olympia,0,3,3
2025.06.08,05:00,05:15,Olympia,0,0,0
2025.06.08,05:15,05:30,Olympia,3,0,3
2025.06.08,05:30,05:45,Olympia,1,1,2
2025.06.08,05:45,06:00,Olympia,1,0,1
2025.06.08,06:00,06:15,Olympia,0,1,1
2025.06.08,06:15,06:30,Olympia,0,0,0
2025.06.08,06:30,06:45,Olympia,2,0,2
2025.06.08,06:45,07:00,Olympia,0,1,1
2025.06.08,07:00,07:15,Olympia,0,1,1
2025.06.08,07:15,07:30,Olympia,1,0,1
2025.06.08,07:30,07:45,Olympia,0,0,0
2025.06.08,07:45,08:00,Olympia,0,1,1
2025.06.08,08:00,08:15,Olympia,4,0,4
2025.06.08,08:15,08:30,Olympia,0,1,1
2025.06.08,08:30,08:45,Olympia,8,4,12
2025.06.08,08:45,09:00,Olympia,9,1,10
2025.06.08,09:00,09:15,Olympia,12,2,14
2025.06.08,09:15,09:30,Olympia,10,0,10
2025.06.08,09:30,09:45,Olympia,9,5,14
2025.06.08,09:45,10:00,Olympia,10,7,17
2025.06.08,10:00,10:15,Olympia,9,8,17
2025.06.08,10:15,10:30,Olympia,18,8,26
2025.06.08,10:30,10:45,Olympia,10,6,16
2025.06.08,10:45,11:00,Olympia,10,10,20
2025.06.08,11:00,11:15,Olympia,22,5,27
2025.06.08,11:15,11:30,Olympia,20,10,30
2025.06.08,11:30,11:45,Olympia,15,14,29
2025.06.08,11:45,12:00,Olympia,35,21,56
2025.06.08,12:00,12:15,Olympia,12,20,32
2025.06.08,12:15,12:30,Olympia,34,8,42
2025.06.08,12:30,12:45,Olympia,7,29,36
2025.06.08,12:45,13:00,Olympia,15,15,30
2025.06.08,13:00,13:15,Olympia,13,18,31
2025.06.08,13:15,13:30,Olympia,25,19,44
2025.06.08,13:30,13:45,Olympia,24,33,57
2025.06.08,13:45,14:00,Olympia,21,34,55
2025.06.08,14:00,14:15,Olympia,30,29,59
2025.06.08,14:15,14:30,Olympia,24,16,40
2025.06.08,14:30,14:45,Olympia,26,24,50
2025.06.08,14:45,15:00,Olympia,31,25,56
2025.06.08,15:00,15:15,Olympia,18,22,40
2025.06.08,15:15,15:30,Olympia,17,9,26
2025.06.08,15:30,15:45,Olympia,7,12,19
2025.06.08,15:45,16:00,Olympia,15,13,28
2025.06.08,16:00,16:15,Olympia,19,29,48
2025.06.08,16:15,16:30,Olympia,19,7,26
2025.06.08,16:30,16:45,Olympia,22,23,45
2025.06.08,16:45,17:00,Olympia,21,18,39
2025.06.08,17:00,17:15,Olympia,15,13,28
2025.06.08,17:15,17:30,Olympia,19,12,31
2025.06.08,17:30,17:45,Olympia,27,9,36
2025.06.08,17:45,18:00,Olympia,28,17,45
2025.06.08,18:00,18:15,Olympia,21,17,38
2025.06.08,18:15,18:30,Olympia,24,21,45
2025.06.08,18:30,18:45,Olympia,20,15,35
2025.06.08,18:45,19:00,Olympia,31,13,44
2025.06.08,19:00,19:15,Olympia,17,21,38
2025.06.08,19:15,19:30,Olympia,23,24,47
2025.06.08,19:30,19:45,Olympia,27,25,52
2025.06.08,19:45,20:00,Olympia,18,16,34
2025.06.08,20:00,20:15,Olympia,13,16,29
2025.06.08,20:15,20:30,Olympia,16,20,36
2025.06.08,20:30,20:45,Olympia,9,26,35
2025.06.08,20:45,21:00,Olympia,8,26,34
2025.06.08,21:00,21:15,Olympia,3,13,16
2025.06.08,21:15,21:30,Olympia,4,15,19
2025.06.08,21:30,21:45,Olympia,8,28,36
2025.06.08,21:45,22:00,Olympia,7,12,19
2025.06.08,22:00,22:15,Olympia,3,8,11
2025.06.08,22:15,22:30,Olympia,2,14,16
2025.06.08,22:30,22:45,Olympia,1,4,5
2025.06.08,22:45,23:00,Olympia,2,9,11
2025.06.08,23:00,23:15,Olympia,1,8,9
2025.06.08,23:15,23:30,Olympia,0,3,3
2025.06.08,23:30,23:45,Olympia,4,2,6
2025.06.08,23:45,00:00,Olympia,4,0,4
2025.06.09,00:00,00:15,Olympia,3,2,5
2025.06.09,00:15,00:30,Olympia,1,2,3
2025.06.09,00:30,00:45,Olympia,0,2,2
2025.06.09,00:45,01:00,Olympia,0,3,3
2025.06.09,01:00,01:15,Olympia,0,2,2
2025.06.09,01:15,01:30,Olympia,0,6,6
2025.06.09,01:30,01:45,Olympia,1,1,2
2025.06.09,01:45,02:00,Olympia,0,1,1
2025.06.09,02:00,02:15,Olympia,0,0,0
2025.06.09,02:15,02:30,Olympia,1,2,3
2025.06.09,02:30,02:45,Olympia,0,0,0
2025.06.09,02:45,03:00,Olympia,0,1,1
2025.06.09,03:00,03:15,Olympia,0,0,0
2025.06.09,03:15,03:30,Olympia,0,0,0
2025.06.09,03:30,03:45,Olympia,0,0,0
2025.06.09,03:45,04:00,Olympia,1,0,1
2025.06.09,04:00,04:15,Olympia,0,2,2
2025.06.09,04:15,04:30,Olympia,0,0,0
2025.06.09,04:30,04:45,Olympia,0,1,1
2025.06.09,04:45,05:00,Olympia,0,0,0
2025.06.09,05:00,05:15,Olympia,0,0,0
2025.06.09,05:15,05:30,Olympia,0,0,0
2025.06.09,05:30,05:45,Olympia,2,0,2
2025.06.09,05:45,06:00,Olympia,0,1,1
2025.06.09,06:00,06:15,Olympia,1,0,1
2025.06.09,06:15,06:30,Olympia,3,0,3
2025.06.09,06:30,06:45,Olympia,1,2,3
2025.06.09,06:45,07:00,Olympia,2,1,3
2025.06.09,07:00,07:15,Olympia,3,2,5
2025.06.09,07:15,07:30,Olympia,4,1,5
2025.06.09,07:30,07:45,Olympia,4,2,6
2025.06.09,07:45,08:00,Olympia,9,2,11
2025.06.09,08:00,08:15,Olympia,3,4,7
2025.06.09,08:15,08:30,Olympia,4,4,8
2025.06.09,08:30,08:45,Olympia,2,4,6
2025.06.09,08:45,09:00,Olympia,8,9,17
2025.06.09,09:00,09:15,Olympia,9,7,16
2025.06.09,09:15,09:30,Olympia,12,2,14
2025.06.09,09:30,09:45,Olympia,10,14,24
2025.06.09,09:45,10:00,Olympia,12,9,21
2025.06.09,10:00,10:15,Olympia,14,16,30
2025.06.09,10:15,10:30,Olympia,27,6,33
2025.06.09,10:30,10:45,Olympia,26,14,40
2025.06.09,10:45,11:00,Olympia,23,17,40
2025.06.09,11:00,11:15,Olympia,16,17,33
2025.06.09,11:15,11:30,Olympia,33,18,51
2025.06.09,11:30,11:45,Olympia,21,20,41
2025.06.09,11:45,12:00,Olympia,59,18,77
2025.06.09,12:00,12:15,Olympia,33,22,55
2025.06.09,12:15,12:30,Olympia,41,28,69
2025.06.09,12:30,12:45,Olympia,30,32,62
2025.06.09,12:45,13:00,Olympia,39,23,62
2025.06.09,13:00,13:15,Olympia,58,27,85
2025.06.09,13:15,13:30,Olympia,31,25,56
2025.06.09,13:30,13:45,Olympia,30,30,60
2025.06.09,13:45,14:00,Olympia,49,29,78
2025.06.09,14:00,14:15,Olympia,44,42,86
2025.06.09,14:15,14:30,Olympia,66,38,104
2025.06.09,14:30,14:45,Olympia,50,43,93
2025.06.09,14:45,15:00,Olympia,37,33,70
2025.06.09,15:00,15:15,Olympia,78,35,113
2025.06.09,15:15,15:30,Olympia,53,52,105
2025.06.09,15:30,15:45,Olympia,61,39,100
2025.06.09,15:45,16:00,Olympia,75,35,110
2025.06.09,16:00,16:15,Olympia,79,43,122
2025.06.09,16:15,16:30,Olympia,59,41,100
2025.06.09,16:30,16:45,Olympia,64,45,109
2025.06.09,16:45,17:00,Olympia,73,37,110
2025.06.09,17:00,17:15,Olympia,51,64,115
2025.06.09,17:15,17:30,Olympia,54,62,116
2025.06.09,17:30,17:45,Olympia,54,60,114
2025.06.09,17:45,18:00,Olympia,60,62,122
2025.06.09,18:00,18:15,Olympia,45,56,101
2025.06.09,18:15,18:30,Olympia,36,30,66
2025.06.09,18:30,18:45,Olympia,29,58,87
2025.06.09,18:45,19:00,Olympia,50,53,103
2025.06.09,19:00,19:15,Olympia,38,47,85
2025.06.09,19:15,19:30,Olympia,55,53,108
2025.06.09,19:30,19:45,Olympia,36,53,89
2025.06.09,19:45,20:00,Olympia,46,43,89
2025.06.09,20:00,20:15,Olympia,19,48,67
2025.06.09,20:15,20:30,Olympia,33,39,72
2025.06.09,20:30,20:45,Olympia,19,61,80
2025.06.09,20:45,21:00,Olympia,19,39,58
2025.06.09,21:00,21:15,Olympia,12,31,43
2025.06.09,21:15,21:30,Olympia,14,31,45
2025.06.09,21:30,21:45,Olympia,6,37,43
2025.06.09,21:45,22:00,Olympia,2,26,28
2025.06.09,22:00,22:15,Olympia,8,45,53
2025.06.09,22:15,22:30,Olympia,6,34,40
2025.06.09,22:30,22:45,Olympia,5,23,28
2025.06.09,22:45,23:00,Olympia,3,9,12
2025.06.09,23:00,23:15,Olympia,1,5,6
2025.06.09,23:15,23:30,Olympia,1,2,3
2025.06.09,23:30,23:45,Olympia,2,3,5
2025.06.09,23:45,00:00,Olympia,0,1,1
2025.06.10,00:00,00:15,Olympia,0,2,2
2025.06.10,00:15,00:30,Olympia,1,2,3
2025.06.10,00:30,00:45,Olympia,3,0,3
2025.06.10,00:45,01:00,Olympia,0,0,0
2025.06.10,01:00,01:15,Olympia,0,0,0
2025.06.10,01:15,01:30,Olympia,2,0,2
2025.06.10,01:30,01:45,Olympia,1,0,1
2025.06.10,01:45,02:00,Olympia,0,0,0
2025.06.10,02:00,02:15,Olympia,2,1,3
2025.06.10,02:15,02:30,Olympia,0,0,0
2025.06.10,02:30,02:45,Olympia,0,0,0
2025.06.10,02:45,03:00,Olympia,0,0,0
2025.06.10,03:00,03:15,Olympia,0,0,0
2025.06.10,03:15,03:30,Olympia,0,0,0
2025.06.10,03:30,03:45,Olympia,0,0,0
2025.06.10,03:45,04:00,Olympia,0,0,0
2025.06.10,04:00,04:15,Olympia,0,0,0
2025.06.10,04:15,04:30,Olympia,0,0,0
2025.06.10,04:30,04:45,Olympia,1,1,2
2025.06.10,04:45,05:00,Olympia,2,1,3
2025.06.10,05:00,05:15,Olympia,3,0,3
2025.06.10,05:15,05:30,Olympia,5,3,8
2025.06.10,05:30,05:45,Olympia,4,4,8
2025.06.10,05:45,06:00,Olympia,2,2,4
2025.06.10,06:00,06:15,Olympia,4,9,13
2025.06.10,06:15,06:30,Olympia,1,10,11
2025.06.10,06:30,06:45,Olympia,14,7,21
2025.06.10,06:45,07:00,Olympia,20,7,27
2025.06.10,07:00,07:15,Olympia,17,14,31
2025.06.10,07:15,07:30,Olympia,21,16,37
2025.06.10,07:30,07:45,Olympia,24,19,43
2025.06.10,07:45,08:00,Olympia,28,26,54
2025.06.10,08:00,08:15,Olympia,34,33,67
2025.06.10,08:15,08:30,Olympia,36,37,73
2025.06.10,08:30,08:45,Olympia,38,29,67
2025.06.10,08:45,09:00,Olympia,32,34,66
2025.06.10,09:00,09:15,Olympia,28,18,46
2025.06.10,09:15,09:30,Olympia,20,20,40
2025.06.10,09:30,09:45,Olympia,14,11,25
2025.06.10,09:45,10:00,Olympia,14,15,29
2025.06.10,10:00,10:15,Olympia,16,10,26
2025.06.10,10:15,10:30,Olympia,17,15,32
2025.06.10,10:30,10:45,Olympia,17,7,24
2025.06.10,10:45,11:00,Olympia,15,6,21
2025.06.10,11:00,11:15,Olympia,11,14,25
2025.06.10,11:15,11:30,Olympia,10,20,30
2025.06.10,11:30,11:45,Olympia,11,9,20
2025.06.10,11:45,12:00,Olympia,22,15,37
2025.06.10,12:00,12:15,Olympia,21,13,34
2025.06.10,12:15,12:30,Olympia,23,16,39
2025.06.10,12:30,12:45,Olympia,18,12,30
2025.06.10,12:45,13:00,Olympia,15,10,25
2025.06.10,13:00,13:15,Olympia,11,16,27
2025.06.10,13:15,13:30,Olympia,21,17,38
2025.06.10,13:30,13:45,Olympia,22,12,34
2025.06.10,13:45,14:00,Olympia,12,26,38
2025.06.10,14:00,14:15,Olympia,20,6,26
2025.06.10,14:15,14:30,Olympia,12,19,31
2025.06.10,14:30,14:45,Olympia,22,15,37
2025.06.10,14:45,15:00,Olympia,29,19,48
2025.06.10,15:00,15:15,Olympia,13,14,27
2025.06.10,15:15,15:30,Olympia,18,20,38
2025.06.10,15:30,15:45,Olympia,25,24,49
2025.06.10,15:45,16:00,Olympia,28,27,55
2025.06.10,16:00,16:15,Olympia,26,31,57
2025.06.10,16:15,16:30,Olympia,28,30,58
2025.06.10,16:30,16:45,Olympia,46,36,82
2025.06.10,16:45,17:00,Olympia,44,37,81
2025.06.10,17:00,17:15,Olympia,30,32,62
2025.06.10,17:15,17:30,Olympia,36,37,73
2025.06.10,17:30,17:45,Olympia,39,33,72
2025.06.10,17:45,18:00,Olympia,47,41,88
2025.06.10,18:00,18:15,Olympia,48,41,89
2025.06.10,18:15,18:30,Olympia,62,46,108
2025.06.10,18:30,18:45,Olympia,59,39,98
2025.06.10,18:45,19:00,Olympia,45,69,114
2025.06.10,19:00,19:15,Olympia,29,44,73
2025.06.10,19:15,19:30,Olympia,40,35,75
2025.06.10,19:30,19:45,Olympia,36,31,67
2025.06.10,19:45,20:00,Olympia,55,32,87
2025.06.10,20:00,20:15,Olympia,26,30,56
2025.06.10,20:15,20:30,Olympia,19,54,73
2025.06.10,20:30,20:45,Olympia,18,31,49
2025.06.10,20:45,21:00,Olympia,26,41,67
2025.06.10,21:00,21:15,Olympia,25,36,61
2025.06.10,21:15,21:30,Olympia,16,23,39
2025.06.10,21:30,21:45,Olympia,15,35,50
2025.06.10,21:45,22:00,Olympia,18,42,60
2025.06.10,22:00,22:15,Olympia,6,19,25
2025.06.10,22:15,22:30,Olympia,4,11,15
2025.06.10,22:30,22:45,Olympia,8,16,24
2025.06.10,22:45,23:00,Olympia,5,9,14
2025.06.10,23:00,23:15,Olympia,6,4,10
2025.06.10,23:15,23:30,Olympia,5,11,16
2025.06.10,23:30,23:45,Olympia,0,3,3
2025.06.10,23:45,00:00,Olympia,3,3,6
2025.06.11,00:00,00:15,Olympia,1,2,3
2025.06.11,00:15,00:30,Olympia,1,3,4
2025.06.11,00:30,00:45,Olympia,1,1,2
2025.06.11,00:45,01:00,Olympia,0,1,1
2025.06.11,01:00,01:15,Olympia,0,1,1
2025.06.11,01:15,01:30,Olympia,1,0,1
2025.06.11,01:30,01:45,Olympia,2,0,2
2025.06.11,01:45,02:00,Olympia,0,0,0
2025.06.11,02:00,02:15,Olympia,0,0,0
2025.06.11,02:15,02:30,Olympia,1,0,1
2025.06.11,02:30,02:45,Olympia,0,0,0
2025.06.11,02:45,03:00,Olympia,0,1,1
2025.06.11,03:00,03:15,Olympia,0,0,0
2025.06.11,03:15,03:30,Olympia,0,0,0
2025.06.11,03:30,03:45,Olympia,0,0,0
2025.06.11,03:45,04:00,Olympia,1,0,1
2025.06.11,04:00,04:15,Olympia,0,1,1
2025.06.11,04:15,04:30,Olympia,0,0,0
2025.06.11,04:30,04:45,Olympia,1,0,1
2025.06.11,04:45,05:00,Olympia,1,0,1
2025.06.11,05:00,05:15,Olympia,1,4,5
2025.06.11,05:15,05:30,Olympia,5,1,6
2025.06.11,05:30,05:45,Olympia,3,7,10
2025.06.11,05:45,06:00,Olympia,5,3,8
2025.06.11,06:00,06:15,Olympia,4,3,7
2025.06.11,06:15,06:30,Olympia,7,13,20
2025.06.11,06:30,06:45,Olympia,9,11,20
2025.06.11,06:45,07:00,Olympia,20,2,22
2025.06.11,07:00,07:15,Olympia,18,9,27
2025.06.11,07:15,07:30,Olympia,24,19,43
2025.06.11,07:30,07:45,Olympia,38,40,78
2025.06.11,07:45,08:00,Olympia,45,35,80
2025.06.11,08:00,08:15,Olympia,45,31,76
2025.06.11,08:15,08:30,Olympia,40,33,73
2025.06.11,08:30,08:45,Olympia,27,47,74
2025.06.11,08:45,09:00,Olympia,30,27,57
2025.06.11,09:00,09:15,Olympia,31,26,57
2025.06.11,09:15,09:30,Olympia,28,27,55
2025.06.11,09:30,09:45,Olympia,16,15,31
2025.06.11,09:45,10:00,Olympia,16,16,32
2025.06.11,10:00,10:15,Olympia,24,19,43
2025.06.11,10:15,10:30,Olympia,19,21,40
2025.06.11,10:30,10:45,Olympia,15,17,32
2025.06.11,10:45,11:00,Olympia,15,15,30
2025.06.11,11:00,11:15,Olympia,18,13,31
2025.06.11,11:15,11:30,Olympia,29,27,56
2025.06.11,11:30,11:45,Olympia,22,17,39
2025.06.11,11:45,12:00,Olympia,12,11,23
2025.06.11,12:00,12:15,Olympia,18,18,36
2025.06.11,12:15,12:30,Olympia,36,13,49
2025.06.11,12:30,12:45,Olympia,20,17,37
2025.06.11,12:45,13:00,Olympia,24,17,41
2025.06.11,13:00,13:15,Olympia,19,19,38
2025.06.11,13:15,13:30,Olympia,19,16,35
2025.06.11,13:30,13:45,Olympia,21,27,48
2025.06.11,13:45,14:00,Olympia,30,20,50
2025.06.11,14:00,14:15,Olympia,21,25,46
2025.06.11,14:15,14:30,Olympia,22,19,41
2025.06.11,14:30,14:45,Olympia,24,22,46
2025.06.11,14:45,15:00,Olympia,18,28,46
2025.06.11,15:00,15:15,Olympia,29,17,46
2025.06.11,15:15,15:30,Olympia,19,23,42
2025.06.11,15:30,15:45,Olympia,29,23,52
2025.06.11,15:45,16:00,Olympia,35,30,65
2025.06.11,16:00,16:15,Olympia,25,41,66
2025.06.11,16:15,16:30,Olympia,35,29,64
2025.06.11,16:30,16:45,Olympia,36,31,67
2025.06.11,16:45,17:00,Olympia,53,31,84
2025.06.11,17:00,17:15,Olympia,54,34,88
2025.06.11,17:15,17:30,Olympia,44,58,102
2025.06.11,17:30,17:45,Olympia,53,46,99
2025.06.11,17:45,18:00,Olympia,69,63,132
2025.06.11,18:00,18:15,Olympia,57,59,116
2025.06.11,18:15,18:30,Olympia,84,50,134
2025.06.11,18:30,18:45,Olympia,59,51,110
2025.06.11,18:45,19:00,Olympia,63,46,109
2025.06.11,19:00,19:15,Olympia,57,45,102
2025.06.11,19:15,19:30,Olympia,57,48,105
2025.06.11,19:30,19:45,Olympia,58,47,105
2025.06.11,19:45,20:00,Olympia,58,30,88
2025.06.11,20:00,20:15,Olympia,45,82,127
2025.06.11,20:15,20:30,Olympia,41,46,87
2025.06.11,20:30,20:45,Olympia,31,38,69
2025.06.11,20:45,21:00,Olympia,28,50,78
2025.06.11,21:00,21:15,Olympia,35,49,84
2025.06.11,21:15,21:30,Olympia,26,28,54
2025.06.11,21:30,21:45,Olympia,15,33,48
2025.06.11,21:45,22:00,Olympia,19,42,61
2025.06.11,22:00,22:15,Olympia,10,21,31
2025.06.11,22:15,22:30,Olympia,16,20,36
2025.06.11,22:30,22:45,Olympia,19,37,56
2025.06.11,22:45,23:00,Olympia,14,68,82
2025.06.11,23:00,23:15,Olympia,10,25,35
2025.06.11,23:15,23:30,Olympia,13,18,31
2025.06.11,23:30,23:45,Olympia,6,13,19
2025.06.11,23:45,00:00,Olympia,3,3,6
2025.06.12,00:00,00:15,Olympia,6,2,8
2025.06.12,00:15,00:30,Olympia,4,9,13
2025.06.12,00:30,00:45,Olympia,7,0,7
2025.06.12,00:45,01:00,Olympia,4,4,8
2025.06.12,01:00,01:15,Olympia,1,3,4
2025.06.12,01:15,01:30,Olympia,1,0,1
2025.06.12,01:30,01:45,Olympia,2,1,3
2025.06.12,01:45,02:00,Olympia,1,0,1
2025.06.12,02:00,02:15,Olympia,0,0,0
2025.06.12,02:15,02:30,Olympia,0,1,1
2025.06.12,02:30,02:45,Olympia,0,4,4
2025.06.12,02:45,03:00,Olympia,0,2,2
2025.06.12,03:00,03:15,Olympia,0,4,4
2025.06.12,03:15,03:30,Olympia,0,0,0
2025.06.12,03:30,03:45,Olympia,0,1,1
2025.06.12,03:45,04:00,Olympia,0,0,0
2025.06.12,04:00,04:15,Olympia,0,0,0
2025.06.12,04:15,04:30,Olympia,0,0,0
2025.06.12,04:30,04:45,Olympia,0,1,1
2025.06.12,04:45,05:00,Olympia,3,0,3
2025.06.12,05:00,05:15,Olympia,1,0,1
2025.06.12,05:15,05:30,Olympia,6,4,10
2025.06.12,05:30,05:45,Olympia,2,6,8
2025.06.12,05:45,06:00,Olympia,8,6,14
2025.06.12,06:00,06:15,Olympia,2,7,9
2025.06.12,06:15,06:30,Olympia,7,2,9
2025.06.12,06:30,06:45,Olympia,10,10,20
2025.06.12,06:45,07:00,Olympia,22,7,29
2025.06.12,07:00,07:15,Olympia,24,11,35
2025.06.12,07:15,07:30,Olympia,26,14,40
2025.06.12,07:30,07:45,Olympia,40,25,65
2025.06.12,07:45,08:00,Olympia,54,35,89
2025.06.12,08:00,08:15,Olympia,49,32,81
2025.06.12,08:15,08:30,Olympia,32,43,75
2025.06.12,08:30,08:45,Olympia,35,32,67
2025.06.12,08:45,09:00,Olympia,36,27,63
2025.06.12,09:00,09:15,Olympia,30,29,59
2025.06.12,09:15,09:30,Olympia,17,24,41
2025.06.12,09:30,09:45,Olympia,16,20,36
2025.06.12,09:45,10:00,Olympia,21,21,42
2025.06.12,10:00,10:15,Olympia,14,12,26
2025.06.12,10:15,10:30,Olympia,13,5,18
2025.06.12,10:30,10:45,Olympia,7,14,21
2025.06.12,10:45,11:00,Olympia,12,12,24
2025.06.12,11:00,11:15,Olympia,13,10,23
2025.06.12,11:15,11:30,Olympia,10,11,21
2025.06.12,11:30,11:45,Olympia,11,19,30
2025.06.12,11:45,12:00,Olympia,14,17,31
2025.06.12,12:00,12:15,Olympia,10,18,28
2025.06.12,12:15,12:30,Olympia,9,13,22
2025.06.12,12:30,12:45,Olympia,18,15,33
2025.06.12,12:45,13:00,Olympia,13,13,26
2025.06.12,13:00,13:15,Olympia,14,13,27
2025.06.12,13:15,13:30,Olympia,13,14,27
2025.06.12,13:30,13:45,Olympia,14,17,31
2025.06.12,13:45,14:00,Olympia,15,14,29
2025.06.12,14:00,14:15,Olympia,19,13,32
2025.06.12,14:15,14:30,Olympia,14,21,35
2025.06.12,14:30,14:45,Olympia,19,9,28
2025.06.12,14:45,15:00,Olympia,26,29,55
2025.06.12,15:00,15:15,Olympia,22,15,37
2025.06.12,15:15,15:30,Olympia,35,20,55
2025.06.12,15:30,15:45,Olympia,35,29,64
2025.06.12,15:45,16:00,Olympia,32,19,51
2025.06.12,16:00,16:15,Olympia,42,28,70
2025.06.12,16:15,16:30,Olympia,34,37,71
2025.06.12,16:30,16:45,Olympia,35,40,75
2025.06.12,16:45,17:00,Olympia,49,32,81
2025.06.12,17:00,17:15,Olympia,31,50,81
2025.06.12,17:15,17:30,Olympia,34,40,74
2025.06.12,17:30,17:45,Olympia,52,48,100
2025.06.12,17:45,18:00,Olympia,59,47,106
2025.06.12,18:00,18:15,Olympia,49,59,108
2025.06.12,18:15,18:30,Olympia,92,66,158
2025.06.12,18:30,18:45,Olympia,64,39,103
2025.06.12,18:45,19:00,Olympia,54,59,113
2025.06.12,19:00,19:15,Olympia,49,44,93
2025.06.12,19:15,19:30,Olympia,43,44,87
2025.06.12,19:30,19:45,Olympia,34,34,68
2025.06.12,19:45,20:00,Olympia,54,41,95
2025.06.12,20:00,20:15,Olympia,27,49,76
2025.06.12,20:15,20:30,Olympia,24,74,98
2025.06.12,20:30,20:45,Olympia,27,37,64
2025.06.12,20:45,21:00,Olympia,21,63,84
2025.06.12,21:00,21:15,Olympia,28,36,64
2025.06.12,21:15,21:30,Olympia,20,42,62
2025.06.12,21:30,21:45,Olympia,5,40,45
2025.06.12,21:45,22:00,Olympia,13,21,34
2025.06.12,22:00,22:15,Olympia,13,22,35
2025.06.12,22:15,22:30,Olympia,8,20,28
2025.06.12,22:30,22:45,Olympia,13,17,30
2025.06.12,22:45,23:00,Olympia,7,15,22
2025.06.12,23:00,23:15,Olympia,5,14,19
2025.06.12,23:15,23:30,Olympia,6,11,17
2025.06.12,23:30,23:45,Olympia,6,3,9
2025.06.12,23:45,00:00,Olympia,1,3,4
2025.06.13,00:00,00:15,Olympia,0,2,2
2025.06.13,00:15,00:30,Olympia,1,0,1
2025.06.13,00:30,00:45,Olympia,1,0,1
2025.06.13,00:45,01:00,Olympia,0,1,1
2025.06.13,01:00,01:15,Olympia,3,2,5
2025.06.13,01:15,01:30,Olympia,0,2,2
2025.06.13,01:30,01:45,Olympia,5,0,5
2025.06.13,01:45,02:00,Olympia,1,1,2
2025.06.13,02:00,02:15,Olympia,2,0,2
2025.06.13,02:15,02:30,Olympia,1,0,1
2025.06.13,02:30,02:45,Olympia,0,0,0
2025.06.13,02:45,03:00,Olympia,1,0,1
2025.06.13,03:00,03:15,Olympia,0,0,0
2025.06.13,03:15,03:30,Olympia,0,0,0
2025.06.13,03:30,03:45,Olympia,0,0,0
2025.06.13,03:45,04:00,Olympia,0,0,0
2025.06.13,04:00,04:15,Olympia,0,0,0
2025.06.13,04:15,04:30,Olympia,0,0,0
2025.06.13,04:30,04:45,Olympia,0,1,1
2025.06.13,04:45,05:00,Olympia,0,0,0
2025.06.13,05:00,05:15,Olympia,4,0,4
2025.06.13,05:15,05:30,Olympia,6,0,6
2025.06.13,05:30,05:45,Olympia,1,6,7
2025.06.13,05:45,06:00,Olympia,5,5,10
2025.06.13,06:00,06:15,Olympia,5,6,11
2025.06.13,06:15,06:30,Olympia,5,5,10
2025.06.13,06:30,06:45,Olympia,5,7,12
2025.06.13,06:45,07:00,Olympia,18,12,30
2025.06.13,07:00,07:15,Olympia,11,6,17
2025.06.13,07:15,07:30,Olympia,19,10,29
2025.06.13,07:30,07:45,Olympia,30,9,39
2025.06.13,07:45,08:00,Olympia,32,32,64
2025.06.13,08:00,08:15,Olympia,28,28,56
2025.06.13,08:15,08:30,Olympia,18,31,49
2025.06.13,08:30,08:45,Olympia,18,25,43
2025.06.13,08:45,09:00,Olympia,26,26,52
2025.06.13,09:00,09:15,Olympia,15,32,47
2025.06.13,09:15,09:30,Olympia,16,28,44
2025.06.13,09:30,09:45,Olympia,24,17,41
2025.06.13,09:45,10:00,Olympia,15,16,31
2025.06.13,10:00,10:15,Olympia,17,13,30
2025.06.13,10:15,10:30,Olympia,22,16,38
2025.06.13,10:30,10:45,Olympia,14,11,25
2025.06.13,10:45,11:00,Olympia,13,14,27
2025.06.13,11:00,11:15,Olympia,26,17,43
2025.06.13,11:15,11:30,Olympia,15,15,30
2025.06.13,11:30,11:45,Olympia,24,24,48
2025.06.13,11:45,12:00,Olympia,28,19,47
2025.06.13,12:00,12:15,Olympia,19,30,49
2025.06.13,12:15,12:30,Olympia,24,25,49
2025.06.13,12:30,12:45,Olympia,15,23,38
2025.06.13,12:45,13:00,Olympia,11,22,33
2025.06.13,13:00,13:15,Olympia,17,17,34
2025.06.13,13:15,13:30,Olympia,24,19,43
2025.06.13,13:30,13:45,Olympia,24,18,42
2025.06.13,13:45,14:00,Olympia,23,18,41
2025.06.13,14:00,14:15,Olympia,22,20,42
2025.06.13,14:15,14:30,Olympia,17,21,38
2025.06.13,14:30,14:45,Olympia,27,21,48
2025.06.13,14:45,15:00,Olympia,26,19,45
2025.06.13,15:00,15:15,Olympia,27,23,50
2025.06.13,15:15,15:30,Olympia,24,12,36
2025.06.13,15:30,15:45,Olympia,35,32,67
2025.06.13,15:45,16:00,Olympia,30,32,62
2025.06.13,16:00,16:15,Olympia,28,31,59
2025.06.13,16:15,16:30,Olympia,31,35,66
2025.06.13,16:30,16:45,Olympia,20,23,43
2025.06.13,16:45,17:00,Olympia,43,30,73
2025.06.13,17:00,17:15,Olympia,34,36,70
2025.06.13,17:15,17:30,Olympia,36,31,67
2025.06.13,17:30,17:45,Olympia,34,37,71
2025.06.13,17:45,18:00,Olympia,46,31,77
2025.06.13,18:00,18:15,Olympia,41,33,74
2025.06.13,18:15,18:30,Olympia,52,38,90
2025.06.13,18:30,18:45,Olympia,30,31,61
2025.06.13,18:45,19:00,Olympia,48,38,86
2025.06.13,19:00,19:15,Olympia,28,41,69
2025.06.13,19:15,19:30,Olympia,41,22,63
2025.06.13,19:30,19:45,Olympia,29,23,52
2025.06.13,19:45,20:00,Olympia,31,33,64
2025.06.13,20:00,20:15,Olympia,25,37,62
2025.06.13,20:15,20:30,Olympia,18,40,58
2025.06.13,20:30,20:45,Olympia,35,41,76
2025.06.13,20:45,21:00,Olympia,23,51,74
2025.06.13,21:00,21:15,Olympia,19,37,56
2025.06.13,21:15,21:30,Olympia,18,22,40
2025.06.13,21:30,21:45,Olympia,14,32,46
2025.06.13,21:45,22:00,Olympia,11,35,46
2025.06.13,22:00,22:15,Olympia,7,19,26
2025.06.13,22:15,22:30,Olympia,9,23,32
2025.06.13,22:30,22:45,Olympia,5,12,17
2025.06.13,22:45,23:00,Olympia,9,11,20
2025.06.13,23:00,23:15,Olympia,3,13,16
2025.06.13,23:15,23:30,Olympia,11,2,13
2025.06.13,23:30,23:45,Olympia,2,10,12
2025.06.13,23:45,00:00,Olympia,3,8,11
2025.06.14,00:00,00:15,Olympia,3,3,6
2025.06.14,00:15,00:30,Olympia,4,3,7
2025.06.14,00:30,00:45,Olympia,5,1,6
2025.06.14,00:45,01:00,Olympia,3,0,3
2025.06.14,01:00,01:15,Olympia,4,0,4
2025.06.14,01:15,01:30,Olympia,2,1,3
2025.06.14,01:30,01:45,Olympia,0,2,2
2025.06.14,01:45,02:00,Olympia,0,0,0
2025.06.14,02:00,02:15,Olympia,0,0,0
2025.06.14,02:15,02:30,Olympia,2,0,2
2025.06.14,02:30,02:45,Olympia,0,0,0
2025.06.14,02:45,03:00,Olympia,2,1,3
2025.06.14,03:00,03:15,Olympia,1,0,1
2025.06.14,03:15,03:30,Olympia,0,0,0
2025.06.14,03:30,03:45,Olympia,1,1,2
2025.06.14,03:45,04:00,Olympia,1,1,2
2025.06.14,04:00,04:15,Olympia,1,1,2
2025.06.14,04:15,04:30,Olympia,0,3,3
2025.06.14,04:30,04:45,Olympia,1,0,1
2025.06.14,04:45,05:00,Olympia,0,0,0
2025.06.14,05:00,05:15,Olympia,0,0,0
2025.06.14,05:15,05:30,Olympia,1,0,1
2025.06.14,05:30,05:45,Olympia,1,3,4
2025.06.14,05:45,06:00,Olympia,0,3,3
2025.06.14,06:00,06:15,Olympia,1,0,1
2025.06.14,06:15,06:30,Olympia,0,3,3
2025.06.14,06:30,06:45,Olympia,3,2,5
2025.06.14,06:45,07:00,Olympia,1,0,1
2025.06.14,07:00,07:15,Olympia,2,2,4
2025.06.14,07:15,07:30,Olympia,5,2,7
2025.06.14,07:30,07:45,Olympia,5,4,9
2025.06.14,07:45,08:00,Olympia,7,3,10
2025.06.14,08:00,08:15,Olympia,4,0,4
2025.06.14,08:15,08:30,Olympia,4,3,7
2025.06.14,08:30,08:45,Olympia,14,9,23
2025.06.14,08:45,09:00,Olympia,27,12,39
2025.06.14,09:00,09:15,Olympia,17,6,23
2025.06.14,09:15,09:30,Olympia,18,9,27
2025.06.14,09:30,09:45,Olympia,25,6,31
2025.06.14,09:45,10:00,Olympia,22,16,38
2025.06.14,10:00,10:15,Olympia,27,9,36
2025.06.14,10:15,10:30,Olympia,20,24,44
2025.06.14,10:30,10:45,Olympia,18,22,40
2025.06.14,10:45,11:00,Olympia,19,21,40
2025.06.14,11:00,11:15,Olympia,32,11,43
2025.06.14,11:15,11:30,Olympia,10,16,26
2025.06.14,11:30,11:45,Olympia,22,24,46
2025.06.14,11:45,12:00,Olympia,13,24,37
2025.06.14,12:00,12:15,Olympia,26,25,51
2025.06.14,12:15,12:30,Olympia,14,15,29
2025.06.14,12:30,12:45,Olympia,22,27,49
2025.06.14,12:45,13:00,Olympia,23,15,38
2025.06.14,13:00,13:15,Olympia,22,21,43
2025.06.14,13:15,13:30,Olympia,11,14,25
2025.06.14,13:30,13:45,Olympia,22,30,52
2025.06.14,13:45,14:00,Olympia,17,16,33
2025.06.14,14:00,14:15,Olympia,26,17,43
2025.06.14,14:15,14:30,Olympia,21,25,46
2025.06.14,14:30,14:45,Olympia,22,18,40
2025.06.14,14:45,15:00,Olympia,20,20,40
2025.06.14,15:00,15:15,Olympia,19,19,38
2025.06.14,15:15,15:30,Olympia,21,14,35
2025.06.14,15:30,15:45,Olympia,24,18,42
2025.06.14,15:45,16:00,Olympia,23,33,56
2025.06.14,16:00,16:15,Olympia,20,31,51
2025.06.14,16:15,16:30,Olympia,26,21,47
2025.06.14,16:30,16:45,Olympia,23,16,39
2025.06.14,16:45,17:00,Olympia,19,24,43
2025.06.14,17:00,17:15,Olympia,29,32,61
2025.06.14,17:15,17:30,Olympia,21,21,42
2025.06.14,17:30,17:45,Olympia,19,29,48
2025.06.14,17:45,18:00,Olympia,20,17,37
2025.06.14,18:00,18:15,Olympia,17,18,35
2025.06.14,18:15,18:30,Olympia,16,30,46
2025.06.14,18:30,18:45,Olympia,30,26,56
2025.06.14,18:45,19:00,Olympia,27,29,56
2025.06.14,19:00,19:15,Olympia,17,20,37
2025.06.14,19:15,19:30,Olympia,16,25,41
2025.06.14,19:30,19:45,Olympia,17,40,57
2025.06.14,19:45,20:00,Olympia,31,23,54
2025.06.14,20:00,20:15,Olympia,20,29,49
2025.06.14,20:15,20:30,Olympia,36,31,67
2025.06.14,20:30,20:45,Olympia,41,33,74
2025.06.14,20:45,21:00,Olympia,21,33,54
2025.06.14,21:00,21:15,Olympia,28,26,54
2025.06.14,21:15,21:30,Olympia,18,28,46
2025.06.14,21:30,21:45,Olympia,4,17,21
2025.06.14,21:45,22:00,Olympia,15,23,38
2025.06.14,22:00,22:15,Olympia,12,19,31
2025.06.14,22:15,22:30,Olympia,7,17,24
2025.06.14,22:30,22:45,Olympia,6,10,16
2025.06.14,22:45,23:00,Olympia,2,11,13
2025.06.14,23:00,23:15,Olympia,5,6,11
2025.06.14,23:15,23:30,Olympia,6,8,14
2025.06.14,23:30,23:45,Olympia,3,5,8
2025.06.14,23:45,00:00,Olympia,3,8,11
2025.06.15,00:00,00:15,Olympia,2,18,20
2025.06.15,00:15,00:30,Olympia,2,22,24
2025.06.15,00:30,00:45,Olympia,0,2,2
2025.06.15,00:45,01:00,Olympia,2,1,3
2025.06.15,01:00,01:15,Olympia,9,2,11
2025.06.15,01:15,01:30,Olympia,3,3,6
2025.06.15,01:30,01:45,Olympia,0,5,5
2025.06.15,01:45,02:00,Olympia,0,0,0
2025.06.15,02:00,02:15,Olympia,4,1,5
2025.06.15,02:15,02:30,Olympia,2,1,3
2025.06.15,02:30,02:45,Olympia,0,1,1
2025.06.15,02:45,03:00,Olympia,0,2,2
2025.06.15,03:00,03:15,Olympia,3,1,4
2025.06.15,03:15,03:30,Olympia,1,0,1
2025.06.15,03:30,03:45,Olympia,1,1,2
2025.06.15,03:45,04:00,Olympia,0,0,0
2025.06.15,04:00,04:15,Olympia,1,0,1
2025.06.15,04:15,04:30,Olympia,0,0,0
2025.06.15,04:30,04:45,Olympia,1,1,2
2025.06.15,04:45,05:00,Olympia,1,1,2
2025.06.15,05:00,05:15,Olympia,0,0,0
2025.06.15,05:15,05:30,Olympia,1,0,1
2025.06.15,05:30,05:45,Olympia,3,2,5
2025.06.15,05:45,06:00,Olympia,1,2,3
2025.06.15,06:00,06:15,Olympia,0,0,0
2025.06.15,06:15,06:30,Olympia,0,3,3
2025.06.15,06:30,06:45,Olympia,2,0,2
2025.06.15,06:45,07:00,Olympia,2,1,3
2025.06.15,07:00,07:15,Olympia,2,0,2
2025.06.15,07:15,07:30,Olympia,2,0,2
2025.06.15,07:30,07:45,Olympia,3,0,3
2025.06.15,07:45,08:00,Olympia,4,1,5
2025.06.15,08:00,08:15,Olympia,8,2,10
2025.06.15,08:15,08:30,Olympia,9,4,13
2025.06.15,08:30,08:45,Olympia,7,10,17
2025.06.15,08:45,09:00,Olympia,22,4,26
2025.06.15,09:00,09:15,Olympia,12,7,19
2025.06.15,09:15,09:30,Olympia,20,6,26
2025.06.15,09:30,09:45,Olympia,26,10,36
2025.06.15,09:45,10:00,Olympia,36,10,46
2025.06.15,10:00,10:15,Olympia,39,13,52
2025.06.15,10:15,10:30,Olympia,29,20,49
2025.06.15,10:30,10:45,Olympia,25,24,49
2025.06.15,10:45,11:00,Olympia,35,31,66
2025.06.15,11:00,11:15,Olympia,26,23,49
2025.06.15,11:15,11:30,Olympia,24,18,42
2025.06.15,11:30,11:45,Olympia,26,18,44
2025.06.15,11:45,12:00,Olympia,32,20,52
2025.06.15,12:00,12:15,Olympia,31,12,43
2025.06.15,12:15,12:30,Olympia,31,34,65
2025.06.15,12:30,12:45,Olympia,22,36,58
2025.06.15,12:45,13:00,Olympia,26,29,55
2025.06.15,13:00,13:15,Olympia,27,30,57
2025.06.15,13:15,13:30,Olympia,37,25,62
2025.06.15,13:30,13:45,Olympia,32,33,65
2025.06.15,13:45,14:00,Olympia,32,30,62
2025.06.15,14:00,14:15,Olympia,17,19,36
2025.06.15,14:15,14:30,Olympia,27,23,50
2025.06.15,14:30,14:45,Olympia,16,22,38
2025.06.15,14:45,15:00,Olympia,27,31,58
2025.06.15,15:00,15:15,Olympia,28,24,52
2025.06.15,15:15,15:30,Olympia,31,21,52
2025.06.15,15:30,15:45,Olympia,38,38,76
2025.06.15,15:45,16:00,Olympia,19,42,61
2025.06.15,16:00,16:15,Olympia,24,22,46
2025.06.15,16:15,16:30,Olympia,34,34,68
2025.06.15,16:30,16:45,Olympia,28,30,58
2025.06.15,16:45,17:00,Olympia,31,24,55
2025.06.15,17:00,17:15,Olympia,24,24,48
2025.06.15,17:15,17:30,Olympia,41,23,64
2025.06.15,17:30,17:45,Olympia,25,22,47
2025.06.15,17:45,18:00,Olympia,24,17,41
2025.06.15,18:00,18:15,Olympia,21,21,42
2025.06.15,18:15,18:30,Olympia,25,14,39
2025.06.15,18:30,18:45,Olympia,12,20,32
2025.06.15,18:45,19:00,Olympia,7,16,23
2025.06.15,19:00,19:15,Olympia,12,13,25
2025.06.15,19:15,19:30,Olympia,15,25,40
2025.06.15,19:30,19:45,Olympia,16,21,37
2025.06.15,19:45,20:00,Olympia,14,17,31
2025.06.15,20:00,20:15,Olympia,10,42,52
2025.06.15,20:15,20:30,Olympia,13,34,47
2025.06.15,20:30,20:45,Olympia,2,6,8
2025.06.15,20:45,21:00,Olympia,5,3,8
2025.06.15,21:00,21:15,Olympia,2,9,11
2025.06.15,21:15,21:30,Olympia,5,7,12
2025.06.15,21:30,21:45,Olympia,0,4,4
2025.06.15,21:45,22:00,Olympia,2,1,3
2025.06.15,22:00,22:15,Olympia,0,2,2
2025.06.15,22:15,22:30,Olympia,1,0,1
2025.06.15,22:30,22:45,Olympia,0,1,1
2025.06.15,22:45,23:00,Olympia,1,1,2
2025.06.15,23:00,23:15,Olympia,0,1,1
2025.06.15,23:15,23:30,Olympia,0,2,2
2025.06.15,23:30,23:45,Olympia,4,1,5
2025.06.15,23:45,00:00,Olympia,0,1,1
2025.06.16,00:00,00:15,Olympia,2,0,2
2025.06.16,00:15,00:30,Olympia,0,0,0
2025.06.16,00:30,00:45,Olympia,0,1,1
2025.06.16,00:45,01:00,Olympia,0,0,0
2025.06.16,01:00,01:15,Olympia,0,0,0
2025.06.16,01:15,01:30,Olympia,0,0,0
2025.06.16,01:30,01:45,Olympia,2,0,2
2025.06.16,01:45,02:00,Olympia,0,0,0
2025.06.16,02:00,02:15,Olympia,0,0,0
2025.06.16,02:15,02:30,Olympia,0,0,0
2025.06.16,02:30,02:45,Olympia,0,0,0
2025.06.16,02:45,03:00,Olympia,0,0,0
2025.06.16,03:00,03:15,Olympia,0,0,0
2025.06.16,03:15,03:30,Olympia,0,0,0
2025.06.16,03:30,03:45,Olympia,0,0,0
2025.06.16,03:45,04:00,Olympia,0,0,0
2025.06.16,04:00,04:15,Olympia,0,0,0
2025.06.16,04:15,04:30,Olympia,0,0,0
2025.06.16,04:30,04:45,Olympia,1,0,1
2025.06.16,04:45,05:00,Olympia,1,0,1
2025.06.16,05:00,05:15,Olympia,0,0,0
2025.06.16,05:15,05:30,Olympia,5,3,8
2025.06.16,05:30,05:45,Olympia,5,2,7
2025.06.16,05:45,06:00,Olympia,3,3,6
2025.06.16,06:00,06:15,Olympia,3,6,9
2025.06.16,06:15,06:30,Olympia,6,4,10
2025.06.16,06:30,06:45,Olympia,10,6,16
2025.06.16,06:45,07:00,Olympia,18,4,22
2025.06.16,07:00,07:15,Olympia,12,11,23
2025.06.16,07:15,07:30,Olympia,19,10,29
2025.06.16,07:30,07:45,Olympia,24,19,43
2025.06.16,07:45,08:00,Olympia,26,24,50
2025.06.16,08:00,08:15,Olympia,38,21,59
2025.06.16,08:15,08:30,Olympia,30,35,65
2025.06.16,08:30,08:45,Olympia,24,18,42
2025.06.16,08:45,09:00,Olympia,31,24,55
2025.06.16,09:00,09:15,Olympia,16,16,32
2025.06.16,09:15,09:30,Olympia,4,15,19
2025.06.16,09:30,09:45,Olympia,11,11,22
2025.06.16,09:45,10:00,Olympia,19,10,29
2025.06.16,10:00,10:15,Olympia,24,9,33
2025.06.16,10:15,10:30,Olympia,11,7,18
2025.06.16,10:30,10:45,Olympia,13,13,26
2025.06.16,10:45,11:00,Olympia,7,7,14
2025.06.16,11:00,11:15,Olympia,8,12,20
2025.06.16,11:15,11:30,Olympia,8,17,25
2025.06.16,11:30,11:45,Olympia,5,10,15
2025.06.16,11:45,12:00,Olympia,12,14,26
2025.06.16,12:00,12:15,Olympia,8,15,23
2025.06.16,12:15,12:30,Olympia,14,14,28
2025.06.16,12:30,12:45,Olympia,13,10,23
2025.06.16,12:45,13:00,Olympia,26,8,34
2025.06.16,13:00,13:15,Olympia,17,15,32
2025.06.16,13:15,13:30,Olympia,13,18,31
2025.06.16,13:30,13:45,Olympia,14,19,33
2025.06.16,13:45,14:00,Olympia,28,14,42
2025.06.16,14:00,14:15,Olympia,14,9,23
2025.06.16,14:15,14:30,Olympia,12,21,33
2025.06.16,14:30,14:45,Olympia,19,15,34
2025.06.16,14:45,15:00,Olympia,16,9,25
2025.06.16,15:00,15:15,Olympia,20,22,42
2025.06.16,15:15,15:30,Olympia,18,14,32
2025.06.16,15:30,15:45,Olympia,16,15,31
2025.06.16,15:45,16:00,Olympia,28,18,46
2025.06.16,16:00,16:15,Olympia,24,24,48
2025.06.16,16:15,16:30,Olympia,14,25,39
2025.06.16,16:30,16:45,Olympia,32,21,53
2025.06.16,16:45,17:00,Olympia,65,27,92
2025.06.16,17:00,17:15,Olympia,29,31,60
2025.06.16,17:15,17:30,Olympia,34,37,71
2025.06.16,17:30,17:45,Olympia,36,33,69
2025.06.16,17:45,18:00,Olympia,43,51,94
2025.06.16,18:00,18:15,Olympia,60,47,107
2025.06.16,18:15,18:30,Olympia,67,46,113
2025.06.16,18:30,18:45,Olympia,35,61,96
2025.06.16,18:45,19:00,Olympia,65,38,103
2025.06.16,19:00,19:15,Olympia,50,51,101
2025.06.16,19:15,19:30,Olympia,26,28,54
2025.06.16,19:30,19:45,Olympia,34,39,73
2025.06.16,19:45,20:00,Olympia,42,47,89
2025.06.16,20:00,20:15,Olympia,20,61,81
2025.06.16,20:15,20:30,Olympia,29,47,76
2025.06.16,20:30,20:45,Olympia,28,32,60
2025.06.16,20:45,21:00,Olympia,15,26,41
2025.06.16,21:00,21:15,Olympia,18,25,43
2025.06.16,21:15,21:30,Olympia,17,20,37
2025.06.16,21:30,21:45,Olympia,9,33,42
2025.06.16,21:45,22:00,Olympia,11,18,29
2025.06.16,22:00,22:15,Olympia,12,21,33
2025.06.16,22:15,22:30,Olympia,8,19,27
2025.06.16,22:30,22:45,Olympia,10,13,23
2025.06.16,22:45,23:00,Olympia,5,13,18
2025.06.16,23:00,23:15,Olympia,7,14,21
2025.06.16,23:15,23:30,Olympia,1,4,5
2025.06.16,23:30,23:45,Olympia,1,1,2
2025.06.16,23:45,00:00,Olympia,3,2,5
2025.06.17,00:00,00:15,Olympia,1,2,3
2025.06.17,00:15,00:30,Olympia,2,1,3
2025.06.17,00:30,00:45,Olympia,3,0,3
2025.06.17,00:45,01:00,Olympia,1,1,2
2025.06.17,01:00,01:15,Olympia,1,2,3
2025.06.17,01:15,01:30,Olympia,0,0,0
2025.06.17,01:30,01:45,Olympia,2,1,3
2025.06.17,01:45,02:00,Olympia,0,0,0
2025.06.17,02:00,02:15,Olympia,1,1,2
2025.06.17,02:15,02:30,Olympia,0,0,0
2025.06.17,02:30,02:45,Olympia,1,0,1
2025.06.17,02:45,03:00,Olympia,0,0,0
2025.06.17,03:00,03:15,Olympia,2,0,2
2025.06.17,03:15,03:30,Olympia,0,0,0
2025.06.17,03:30,03:45,Olympia,0,0,0
2025.06.17,03:45,04:00,Olympia,0,0,0
2025.06.17,04:00,04:15,Olympia,0,0,0
2025.06.17,04:15,04:30,Olympia,0,0,0
2025.06.17,04:30,04:45,Olympia,0,0,0
2025.06.17,04:45,05:00,Olympia,2,1,3
2025.06.17,05:00,05:15,Olympia,1,0,1
2025.06.17,05:15,05:30,Olympia,2,3,5
2025.06.17,05:30,05:45,Olympia,3,7,10
2025.06.17,05:45,06:00,Olympia,5,1,6
2025.06.17,06:00,06:15,Olympia,5,5,10
2025.06.17,06:15,06:30,Olympia,4,9,13
2025.06.17,06:30,06:45,Olympia,16,11,27
2025.06.17,06:45,07:00,Olympia,26,13,39
2025.06.17,07:00,07:15,Olympia,25,16,41
2025.06.17,07:15,07:30,Olympia,22,14,36
2025.06.17,07:30,07:45,Olympia,27,26,53
2025.06.17,07:45,08:00,Olympia,44,38,82
2025.06.17,08:00,08:15,Olympia,42,47,89
2025.06.17,08:15,08:30,Olympia,47,40,87
2025.06.17,08:30,08:45,Olympia,38,37,75
2025.06.17,08:45,09:00,Olympia,53,34,87
2025.06.17,09:00,09:15,Olympia,31,29,60
2025.06.17,09:15,09:30,Olympia,16,30,46
2025.06.17,09:30,09:45,Olympia,15,19,34
2025.06.17,09:45,10:00,Olympia,24,38,62
2025.06.17,10:00,10:15,Olympia,27,29,56
2025.06.17,10:15,10:30,Olympia,25,17,42
2025.06.17,10:30,10:45,Olympia,7,13,20
2025.06.17,10:45,11:00,Olympia,11,10,21
2025.06.17,11:00,11:15,Olympia,13,23,36
2025.06.17,11:15,11:30,Olympia,19,18,37
2025.06.17,11:30,11:45,Olympia,12,11,23
2025.06.17,11:45,12:00,Olympia,16,23,39
2025.06.17,12:00,12:15,Olympia,15,22,37
2025.06.17,12:15,12:30,Olympia,26,17,43
2025.06.17,12:30,12:45,Olympia,14,30,44
2025.06.17,12:45,13:00,Olympia,21,20,41
2025.06.17,13:00,13:15,Olympia,23,9,32
2025.06.17,13:15,13:30,Olympia,18,15,33
2025.06.17,13:30,13:45,Olympia,28,15,43
2025.06.17,13:45,14:00,Olympia,22,20,42
2025.06.17,14:00,14:15,Olympia,19,11,30
2025.06.17,14:15,14:30,Olympia,18,18,36
2025.06.17,14:30,14:45,Olympia,18,18,36
2025.06.17,14:45,15:00,Olympia,27,25,52
2025.06.17,15:00,15:15,Olympia,24,20,44
2025.06.17,15:15,15:30,Olympia,25,38,63
2025.06.17,15:30,15:45,Olympia,17,25,42
2025.06.17,15:45,16:00,Olympia,33,20,53
2025.06.17,16:00,16:15,Olympia,29,34,63
2025.06.17,16:15,16:30,Olympia,38,29,67
2025.06.17,16:30,16:45,Olympia,44,26,70
2025.06.17,16:45,17:00,Olympia,68,36,104
2025.06.17,17:00,17:15,Olympia,37,28,65
2025.06.17,17:15,17:30,Olympia,48,46,94
2025.06.17,17:30,17:45,Olympia,53,58,111
2025.06.17,17:45,18:00,Olympia,58,45,103
2025.06.17,18:00,18:15,Olympia,52,51,103
2025.06.17,18:15,18:30,Olympia,87,66,153
2025.06.17,18:30,18:45,Olympia,67,72,139
2025.06.17,18:45,19:00,Olympia,51,48,99
2025.06.17,19:00,19:15,Olympia,50,48,98
2025.06.17,19:15,19:30,Olympia,51,51,102
2025.06.17,19:30,19:45,Olympia,47,47,94
2025.06.17,19:45,20:00,Olympia,60,45,105
2025.06.17,20:00,20:15,Olympia,33,42,75
2025.06.17,20:15,20:30,Olympia,30,53,83
2025.06.17,20:30,20:45,Olympia,27,59,86
2025.06.17,20:45,21:00,Olympia,23,29,52
2025.06.17,21:00,21:15,Olympia,39,60,99
2025.06.17,21:15,21:30,Olympia,26,44,70
2025.06.17,21:30,21:45,Olympia,21,50,71
2025.06.17,21:45,22:00,Olympia,18,48,66
2025.06.17,22:00,22:15,Olympia,17,25,42
2025.06.17,22:15,22:30,Olympia,8,21,29
2025.06.17,22:30,22:45,Olympia,6,12,18
2025.06.17,22:45,23:00,Olympia,4,11,15
2025.06.17,23:00,23:15,Olympia,4,12,16
2025.06.17,23:15,23:30,Olympia,6,9,15
2025.06.17,23:30,23:45,Olympia,4,1,5
2025.06.17,23:45,00:00,Olympia,2,1,3
2025.06.18,00:00,00:15,Olympia,0,1,1
2025.06.18,00:15,00:30,Olympia,1,1,2
2025.06.18,00:30,00:45,Olympia,0,3,3
2025.06.18,00:45,01:00,Olympia,1,0,1
2025.06.18,01:00,01:15,Olympia,0,1,1
2025.06.18,01:15,01:30,Olympia,0,1,1
2025.06.18,01:30,01:45,Olympia,3,3,6
2025.06.18,01:45,02:00,Olympia,0,0,0
2025.06.18,02:00,02:15,Olympia,0,1,1
2025.06.18,02:15,02:30,Olympia,0,1,1
2025.06.18,02:30,02:45,Olympia,1,0,1
2025.06.18,02:45,03:00,Olympia,0,1,1
2025.06.18,03:00,03:15,Olympia,0,0,0
2025.06.18,03:15,03:30,Olympia,0,0,0
2025.06.18,03:30,03:45,Olympia,0,0,0
2025.06.18,03:45,04:00,Olympia,0,2,2
2025.06.18,04:00,04:15,Olympia,0,0,0
2025.06.18,04:15,04:30,Olympia,0,0,0
2025.06.18,04:30,04:45,Olympia,2,0,2
2025.06.18,04:45,05:00,Olympia,1,2,3
2025.06.18,05:00,05:15,Olympia,1,2,3
2025.06.18,05:15,05:30,Olympia,3,3,6
2025.06.18,05:30,05:45,Olympia,5,8,13
2025.06.18,05:45,06:00,Olympia,3,2,5
2025.06.18,06:00,06:15,Olympia,5,3,8
2025.06.18,06:15,06:30,Olympia,4,7,11
2025.06.18,06:30,06:45,Olympia,11,9,20
2025.06.18,06:45,07:00,Olympia,17,12,29
2025.06.18,07:00,07:15,Olympia,18,14,32
2025.06.18,07:15,07:30,Olympia,23,19,42
2025.06.18,07:30,07:45,Olympia,27,28,55
2025.06.18,07:45,08:00,Olympia,39,30,69
2025.06.18,08:00,08:15,Olympia,40,37,77
2025.06.18,08:15,08:30,Olympia,28,35,63
2025.06.18,08:30,08:45,Olympia,40,33,73
2025.06.18,08:45,09:00,Olympia,28,37,65
2025.06.18,09:00,09:15,Olympia,32,28,60
2025.06.18,09:15,09:30,Olympia,13,21,34
2025.06.18,09:30,09:45,Olympia,16,21,37
2025.06.18,09:45,10:00,Olympia,19,20,39
2025.06.18,10:00,10:15,Olympia,23,11,34
2025.06.18,10:15,10:30,Olympia,20,9,29
2025.06.18,10:30,10:45,Olympia,18,20,38
2025.06.18,10:45,11:00,Olympia,23,9,32
2025.06.18,11:00,11:15,Olympia,23,19,42
2025.06.18,11:15,11:30,Olympia,18,12,30
2025.06.18,11:30,11:45,Olympia,13,31,44
2025.06.18,11:45,12:00,Olympia,13,23,36
2025.06.18,12:00,12:15,Olympia,18,17,35
2025.06.18,12:15,12:30,Olympia,18,16,34
2025.06.18,12:30,12:45,Olympia,21,20,41
2025.06.18,12:45,13:00,Olympia,12,21,33
2025.06.18,13:00,13:15,Olympia,5,16,21
2025.06.18,13:15,13:30,Olympia,18,19,37
2025.06.18,13:30,13:45,Olympia,17,20,37
2025.06.18,13:45,14:00,Olympia,21,15,36
2025.06.18,14:00,14:15,Olympia,20,23,43
2025.06.18,14:15,14:30,Olympia,16,16,32
2025.06.18,14:30,14:45,Olympia,14,23,37
2025.06.18,14:45,15:00,Olympia,22,19,41
2025.06.18,15:00,15:15,Olympia,21,22,43
2025.06.18,15:15,15:30,Olympia,38,25,63
2025.06.18,15:30,15:45,Olympia,18,22,40
2025.06.18,15:45,16:00,Olympia,37,26,63
2025.06.18,16:00,16:15,Olympia,26,23,49
2025.06.18,16:15,16:30,Olympia,34,41,75
2025.06.18,16:30,16:45,Olympia,44,43,87
2025.06.18,16:45,17:00,Olympia,57,40,97
2025.06.18,17:00,17:15,Olympia,42,35,77
2025.06.18,17:15,17:30,Olympia,56,38,94
2025.06.18,17:30,17:45,Olympia,39,39,78
2025.06.18,17:45,18:00,Olympia,66,51,117
2025.06.18,18:00,18:15,Olympia,73,41,114
2025.06.18,18:15,18:30,Olympia,72,50,122
2025.06.18,18:30,18:45,Olympia,42,38,80
2025.06.18,18:45,19:00,Olympia,51,42,93
2025.06.18,19:00,19:15,Olympia,64,38,102
2025.06.18,19:15,19:30,Olympia,96,50,146
2025.06.18,19:30,19:45,Olympia,76,46,122
2025.06.18,19:45,20:00,Olympia,56,44,100
2025.06.18,20:00,20:15,Olympia,33,48,81
2025.06.18,20:15,20:30,Olympia,28,48,76
2025.06.18,20:30,20:45,Olympia,33,41,74
2025.06.18,20:45,21:00,Olympia,29,59,88
2025.06.18,21:00,21:15,Olympia,16,41,57
2025.06.18,21:15,21:30,Olympia,29,34,63
2025.06.18,21:30,21:45,Olympia,9,29,38
2025.06.18,21:45,22:00,Olympia,14,23,37
2025.06.18,22:00,22:15,Olympia,8,39,47
2025.06.18,22:15,22:30,Olympia,7,21,28
2025.06.18,22:30,22:45,Olympia,6,15,21
2025.06.18,22:45,23:00,Olympia,22,16,38
2025.06.18,23:00,23:15,Olympia,7,23,30
2025.06.18,23:15,23:30,Olympia,7,126,133
2025.06.18,23:30,23:45,Olympia,6,87,93
2025.06.18,23:45,00:00,Olympia,7,18,25
2025.06.19,00:00,00:15,Olympia,6,15,21
2025.06.19,00:15,00:30,Olympia,2,1,3
2025.06.19,00:30,00:45,Olympia,2,0,2
2025.06.19,00:45,01:00,Olympia,4,4,8
2025.06.19,01:00,01:15,Olympia,0,5,5
2025.06.19,01:15,01:30,Olympia,1,0,1
2025.06.19,01:30,01:45,Olympia,4,4,8
2025.06.19,01:45,02:00,Olympia,1,1,2
2025.06.19,02:00,02:15,Olympia,0,2,2
2025.06.19,02:15,02:30,Olympia,1,0,1
2025.06.19,02:30,02:45,Olympia,1,1,2
2025.06.19,02:45,03:00,Olympia,0,1,1
2025.06.19,03:00,03:15,Olympia,0,0,0
2025.06.19,03:15,03:30,Olympia,0,0,0
2025.06.19,03:30,03:45,Olympia,0,0,0
2025.06.19,03:45,04:00,Olympia,0,0,0
2025.06.19,04:00,04:15,Olympia,0,0,0
2025.06.19,04:15,04:30,Olympia,0,0,0
2025.06.19,04:30,04:45,Olympia,0,0,0
2025.06.19,04:45,05:00,Olympia,1,0,1
2025.06.19,05:00,05:15,Olympia,0,0,0
2025.06.19,05:15,05:30,Olympia,0,1,1
2025.06.19,05:30,05:45,Olympia,1,1,2
2025.06.19,05:45,06:00,Olympia,3,0,3
2025.06.19,06:00,06:15,Olympia,0,2,2
2025.06.19,06:15,06:30,Olympia,0,0,0
2025.06.19,06:30,06:45,Olympia,4,0,4
2025.06.19,06:45,07:00,Olympia,6,1,7
2025.06.19,07:00,07:15,Olympia,3,1,4
2025.06.19,07:15,07:30,Olympia,6,1,7
2025.06.19,07:30,07:45,Olympia,2,5,7
2025.06.19,07:45,08:00,Olympia,10,13,23
2025.06.19,08:00,08:15,Olympia,10,2,12
2025.06.19,08:15,08:30,Olympia,5,5,10
2025.06.19,08:30,08:45,Olympia,9,4,13
2025.06.19,08:45,09:00,Olympia,10,12,22
2025.06.19,09:00,09:15,Olympia,15,13,28
2025.06.19,09:15,09:30,Olympia,25,13,38
2025.06.19,09:30,09:45,Olympia,17,11,28
2025.06.19,09:45,10:00,Olympia,22,18,40
2025.06.19,10:00,10:15,Olympia,26,15,41
2025.06.19,10:15,10:30,Olympia,30,17,47
2025.06.19,10:30,10:45,Olympia,30,30,60
2025.06.19,10:45,11:00,Olympia,36,11,47
2025.06.19,11:00,11:15,Olympia,32,30,62
2025.06.19,11:15,11:30,Olympia,26,16,42
2025.06.19,11:30,11:45,Olympia,29,25,54
2025.06.19,11:45,12:00,Olympia,41,20,61
2025.06.19,12:00,12:15,Olympia,27,24,51
2025.06.19,12:15,12:30,Olympia,25,34,59
2025.06.19,12:30,12:45,Olympia,30,29,59
2025.06.19,12:45,13:00,Olympia,45,26,71
2025.06.19,13:00,13:15,Olympia,33,32,65
2025.06.19,13:15,13:30,Olympia,27,27,54
2025.06.19,13:30,13:45,Olympia,34,28,62
2025.06.19,13:45,14:00,Olympia,35,31,66
2025.06.19,14:00,14:15,Olympia,32,48,80
2025.06.19,14:15,14:30,Olympia,29,38,67
2025.06.19,14:30,14:45,Olympia,42,23,65
2025.06.19,14:45,15:00,Olympia,35,22,57
2025.06.19,15:00,15:15,Olympia,38,32,70
2025.06.19,15:15,15:30,Olympia,37,23,60
2025.06.19,15:30,15:45,Olympia,33,35,68
2025.06.19,15:45,16:00,Olympia,41,50,91
2025.06.19,16:00,16:15,Olympia,36,34,70
2025.06.19,16:15,16:30,Olympia,39,34,73
2025.06.19,16:30,16:45,Olympia,30,36,66
2025.06.19,16:45,17:00,Olympia,29,35,64
2025.06.19,17:00,17:15,Olympia,36,44,80
2025.06.19,17:15,17:30,Olympia,41,47,88
2025.06.19,17:30,17:45,Olympia,34,53,87
2025.06.19,17:45,18:00,Olympia,37,56,93
2025.06.19,18:00,18:15,Olympia,35,33,68
2025.06.19,18:15,18:30,Olympia,38,64,102
2025.06.19,18:30,18:45,Olympia,37,49,86
2025.06.19,18:45,19:00,Olympia,48,47,95
2025.06.19,19:00,19:15,Olympia,50,44,94
2025.06.19,19:15,19:30,Olympia,44,48,92
2025.06.19,19:30,19:45,Olympia,84,34,118
2025.06.19,19:45,20:00,Olympia,43,28,71
2025.06.19,20:00,20:15,Olympia,28,37,65
2025.06.19,20:15,20:30,Olympia,29,33,62
2025.06.19,20:30,20:45,Olympia,34,20,54
2025.06.19,20:45,21:00,Olympia,31,35,66
2025.06.19,21:00,21:15,Olympia,32,26,58
2025.06.19,21:15,21:30,Olympia,45,30,75
2025.06.19,21:30,21:45,Olympia,26,23,49
2025.06.19,21:45,22:00,Olympia,24,12,36
2025.06.19,22:00,22:15,Olympia,28,10,38
2025.06.19,22:15,22:30,Olympia,28,12,40
2025.06.19,22:30,22:45,Olympia,16,17,33
2025.06.19,22:45,23:00,Olympia,13,22,35
2025.06.19,23:00,23:15,Olympia,15,131,146
2025.06.19,23:15,23:30,Olympia,13,39,52
2025.06.19,23:30,23:45,Olympia,11,10,21
2025.06.19,23:45,00:00,Olympia,16,13,29
2025.06.20,00:00,00:15,Olympia,5,3,8
2025.06.20,00:15,00:30,Olympia,2,4,6
2025.06.20,00:30,00:45,Olympia,5,2,7
2025.06.20,00:45,01:00,Olympia,3,0,3
2025.06.20,01:00,01:15,Olympia,1,2,3
2025.06.20,01:15,01:30,Olympia,1,0,1
2025.06.20,01:30,01:45,Olympia,0,1,1
2025.06.20,01:45,02:00,Olympia,2,0,2
2025.06.20,02:00,02:15,Olympia,0,1,1
2025.06.20,02:15,02:30,Olympia,0,1,1
2025.06.20,02:30,02:45,Olympia,0,0,0
2025.06.20,02:45,03:00,Olympia,0,0,0
2025.06.20,03:00,03:15,Olympia,1,2,3
2025.06.20,03:15,03:30,Olympia,0,0,0
2025.06.20,03:30,03:45,Olympia,0,1,1
2025.06.20,03:45,04:00,Olympia,0,0,0
2025.06.20,04:00,04:15,Olympia,0,0,0
2025.06.20,04:15,04:30,Olympia,0,0,0
2025.06.20,04:30,04:45,Olympia,0,0,0
2025.06.20,04:45,05:00,Olympia,2,0,2
2025.06.20,05:00,05:15,Olympia,0,0,0
2025.06.20,05:15,05:30,Olympia,3,1,4
2025.06.20,05:30,05:45,Olympia,1,2,3
2025.06.20,05:45,06:00,Olympia,5,0,5
2025.06.20,06:00,06:15,Olympia,1,1,2
2025.06.20,06:15,06:30,Olympia,5,4,9
2025.06.20,06:30,06:45,Olympia,7,3,10
2025.06.20,06:45,07:00,Olympia,11,5,16
2025.06.20,07:00,07:15,Olympia,8,9,17
2025.06.20,07:15,07:30,Olympia,13,4,17
2025.06.20,07:30,07:45,Olympia,7,8,15
2025.06.20,07:45,08:00,Olympia,31,18,49
2025.06.20,08:00,08:15,Olympia,8,22,30
2025.06.20,08:15,08:30,Olympia,17,19,36
2025.06.20,08:30,08:45,Olympia,20,17,37
2025.06.20,08:45,09:00,Olympia,22,22,44
2025.06.20,09:00,09:15,Olympia,14,15,29
2025.06.20,09:15,09:30,Olympia,16,16,32
2025.06.20,09:30,09:45,Olympia,15,9,24
2025.06.20,09:45,10:00,Olympia,16,17,33
2025.06.20,10:00,10:15,Olympia,22,14,36
2025.06.20,10:15,10:30,Olympia,13,13,26
2025.06.20,10:30,10:45,Olympia,24,26,50
2025.06.20,10:45,11:00,Olympia,13,24,37
2025.06.20,11:00,11:15,Olympia,16,13,29
2025.06.20,11:15,11:30,Olympia,23,20,43
2025.06.20,11:30,11:45,Olympia,26,15,41
2025.06.20,11:45,12:00,Olympia,18,24,42
2025.06.20,12:00,12:15,Olympia,17,23,40
2025.06.20,12:15,12:30,Olympia,5,29,34
2025.06.20,12:30,12:45,Olympia,12,28,40
2025.06.20,12:45,13:00,Olympia,15,34,49
2025.06.20,13:00,13:15,Olympia,25,15,40
2025.06.20,13:15,13:30,Olympia,25,19,44
2025.06.20,13:30,13:45,Olympia,22,16,38
2025.06.20,13:45,14:00,Olympia,22,29,51
2025.06.20,14:00,14:15,Olympia,30,15,45
2025.06.20,14:15,14:30,Olympia,32,30,62
2025.06.20,14:30,14:45,Olympia,21,18,39
2025.06.20,14:45,15:00,Olympia,26,26,52
2025.06.20,15:00,15:15,Olympia,28,16,44
2025.06.20,15:15,15:30,Olympia,21,23,44
2025.06.20,15:30,15:45,Olympia,32,29,61
2025.06.20,15:45,16:00,Olympia,26,29,55
2025.06.20,16:00,16:15,Olympia,33,31,64
2025.06.20,16:15,16:30,Olympia,27,28,55
2025.06.20,16:30,16:45,Olympia,30,26,56
2025.06.20,16:45,17:00,Olympia,25,31,56
2025.06.20,17:00,17:15,Olympia,32,27,59
2025.06.20,17:15,17:30,Olympia,40,14,54
2025.06.20,17:30,17:45,Olympia,47,45,92
2025.06.20,17:45,18:00,Olympia,50,26,76
2025.06.20,18:00,18:15,Olympia,63,54,117
2025.06.20,18:15,18:30,Olympia,57,42,99
2025.06.20,18:30,18:45,Olympia,56,36,92
2025.06.20,18:45,19:00,Olympia,52,52,104
2025.06.20,19:00,19:15,Olympia,61,49,110
2025.06.20,19:15,19:30,Olympia,65,28,93
2025.06.20,19:30,19:45,Olympia,70,32,102
2025.06.20,19:45,20:00,Olympia,39,43,82
2025.06.20,20:00,20:15,Olympia,24,28,52
2025.06.20,20:15,20:30,Olympia,27,37,64
2025.06.20,20:30,20:45,Olympia,43,36,79
2025.06.20,20:45,21:00,Olympia,47,27,74
2025.06.20,21:00,21:15,Olympia,19,28,47
2025.06.20,21:15,21:30,Olympia,30,28,58
2025.06.20,21:30,21:45,Olympia,33,31,64
2025.06.20,21:45,22:00,Olympia,26,25,51
2025.06.20,22:00,22:15,Olympia,27,30,57
2025.06.20,22:15,22:30,Olympia,21,19,40
2025.06.20,22:30,22:45,Olympia,20,7,27
2025.06.20,22:45,23:00,Olympia,13,30,43
2025.06.20,23:00,23:15,Olympia,12,17,29
2025.06.20,23:15,23:30,Olympia,19,108,127
2025.06.20,23:30,23:45,Olympia,5,55,60
2025.06.20,23:45,00:00,Olympia,11,5,16
2025.06.21,00:00,00:15,Olympia,10,8,18
2025.06.21,00:15,00:30,Olympia,2,4,6
2025.06.21,00:30,00:45,Olympia,3,30,33
2025.06.21,00:45,01:00,Olympia,3,8,11
2025.06.21,01:00,01:15,Olympia,1,0,1
2025.06.21,01:15,01:30,Olympia,2,3,5
2025.06.21,01:30,01:45,Olympia,4,0,4
2025.06.21,01:45,02:00,Olympia,0,0,0
2025.06.21,02:00,02:15,Olympia,0,1,1
2025.06.21,02:15,02:30,Olympia,3,0,3
2025.06.21,02:30,02:45,Olympia,2,0,2
2025.06.21,02:45,03:00,Olympia,0,0,0
2025.06.21,03:00,03:15,Olympia,0,1,1
2025.06.21,03:15,03:30,Olympia,1,1,2
2025.06.21,03:30,03:45,Olympia,1,0,1
2025.06.21,03:45,04:00,Olympia,2,0,2
2025.06.21,04:00,04:15,Olympia,0,0,0
2025.06.21,04:15,04:30,Olympia,0,0,0
2025.06.21,04:30,04:45,Olympia,0,0,0
2025.06.21,04:45,05:00,Olympia,1,0,1
2025.06.21,05:00,05:15,Olympia,2,1,3
2025.06.21,05:15,05:30,Olympia,1,1,2
2025.06.21,05:30,05:45,Olympia,3,1,4
2025.06.21,05:45,06:00,Olympia,7,7,14
2025.06.21,06:00,06:15,Olympia,1,2,3
2025.06.21,06:15,06:30,Olympia,1,0,1
2025.06.21,06:30,06:45,Olympia,4,1,5
2025.06.21,06:45,07:00,Olympia,2,2,4
2025.06.21,07:00,07:15,Olympia,8,3,11
2025.06.21,07:15,07:30,Olympia,5,4,9
2025.06.21,07:30,07:45,Olympia,3,5,8
2025.06.21,07:45,08:00,Olympia,8,3,11
2025.06.21,08:00,08:15,Olympia,6,4,10
2025.06.21,08:15,08:30,Olympia,1,9,10
2025.06.21,08:30,08:45,Olympia,17,8,25
2025.06.21,08:45,09:00,Olympia,17,7,24
2025.06.21,09:00,09:15,Olympia,19,8,27
2025.06.21,09:15,09:30,Olympia,10,9,19
2025.06.21,09:30,09:45,Olympia,24,17,41
2025.06.21,09:45,10:00,Olympia,24,17,41
2025.06.21,10:00,10:15,Olympia,22,11,33
2025.06.21,10:15,10:30,Olympia,16,25,41
2025.06.21,10:30,10:45,Olympia,25,19,44
2025.06.21,10:45,11:00,Olympia,32,23,55
2025.06.21,11:00,11:15,Olympia,23,28,51
2025.06.21,11:15,11:30,Olympia,23,21,44
2025.06.21,11:30,11:45,Olympia,23,12,35
2025.06.21,11:45,12:00,Olympia,27,23,50
2025.06.21,12:00,12:15,Olympia,21,27,48
2025.06.21,12:15,12:30,Olympia,18,25,43
2025.06.21,12:30,12:45,Olympia,30,31,61
2025.06.21,12:45,13:00,Olympia,14,21,35
2025.06.21,13:00,13:15,Olympia,27,21,48
2025.06.21,13:15,13:30,Olympia,34,36,70
2025.06.21,13:30,13:45,Olympia,25,35,60
2025.06.21,13:45,14:00,Olympia,26,33,59
2025.06.21,14:00,14:15,Olympia,27,26,53
2025.06.21,14:15,14:30,Olympia,30,19,49
2025.06.21,14:30,14:45,Olympia,25,16,41
2025.06.21,14:45,15:00,Olympia,31,37,68
2025.06.21,15:00,15:15,Olympia,24,34,58
2025.06.21,15:15,15:30,Olympia,29,21,50
2025.06.21,15:30,15:45,Olympia,32,27,59
2025.06.21,15:45,16:00,Olympia,39,29,68
2025.06.21,16:00,16:15,Olympia,28,45,73
2025.06.21,16:15,16:30,Olympia,28,34,62
2025.06.21,16:30,16:45,Olympia,19,32,51
2025.06.21,16:45,17:00,Olympia,48,24,72
2025.06.21,17:00,17:15,Olympia,43,44,87
2025.06.21,17:15,17:30,Olympia,35,38,73
2025.06.21,17:30,17:45,Olympia,22,29,51
2025.06.21,17:45,18:00,Olympia,30,33,63
2025.06.21,18:00,18:15,Olympia,38,36,74
2025.06.21,18:15,18:30,Olympia,50,49,99
2025.06.21,18:30,18:45,Olympia,34,28,62
2025.06.21,18:45,19:00,Olympia,71,41,112
2025.06.21,19:00,19:15,Olympia,67,25,92
2025.06.21,19:15,19:30,Olympia,114,52,166
2025.06.21,19:30,19:45,Olympia,70,30,100
2025.06.21,19:45,20:00,Olympia,51,38,89
2025.06.21,20:00,20:15,Olympia,39,45,84
2025.06.21,20:15,20:30,Olympia,28,39,67
2025.06.21,20:30,20:45,Olympia,42,35,77
2025.06.21,20:45,21:00,Olympia,31,30,61
2025.06.21,21:00,21:15,Olympia,22,34,56
2025.06.21,21:15,21:30,Olympia,36,30,66
2025.06.21,21:30,21:45,Olympia,30,36,66
2025.06.21,21:45,22:00,Olympia,20,20,40
2025.06.21,22:00,22:15,Olympia,24,28,52
2025.06.21,22:15,22:30,Olympia,26,30,56
2025.06.21,22:30,22:45,Olympia,30,8,38
2025.06.21,22:45,23:00,Olympia,15,13,28
2025.06.21,23:00,23:15,Olympia,15,27,42
2025.06.21,23:15,23:30,Olympia,11,89,100
2025.06.21,23:30,23:45,Olympia,14,29,43
2025.06.21,23:45,00:00,Olympia,18,35,53
2025.06.22,00:00,00:15,Olympia,8,16,24
2025.06.22,00:15,00:30,Olympia,4,7,11
2025.06.22,00:30,00:45,Olympia,5,8,13
2025.06.22,00:45,01:00,Olympia,8,1,9
2025.06.22,01:00,01:15,Olympia,1,0,1
2025.06.22,01:15,01:30,Olympia,1,1,2
2025.06.22,01:30,01:45,Olympia,2,3,5
2025.06.22,01:45,02:00,Olympia,0,0,0
2025.06.22,02:00,02:15,Olympia,0,2,2
2025.06.22,02:15,02:30,Olympia,1,1,2
2025.06.22,02:30,02:45,Olympia,1,2,3
2025.06.22,02:45,03:00,Olympia,4,1,5
2025.06.22,03:00,03:15,Olympia,0,1,1
2025.06.22,03:15,03:30,Olympia,1,1,2
2025.06.22,03:30,03:45,Olympia,3,0,3
2025.06.22,03:45,04:00,Olympia,0,3,3
2025.06.22,04:00,04:15,Olympia,1,0,1
2025.06.22,04:15,04:30,Olympia,2,0,2
2025.06.22,04:30,04:45,Olympia,0,1,1
2025.06.22,04:45,05:00,Olympia,1,2,3
2025.06.22,05:00,05:15,Olympia,0,0,0
2025.06.22,05:15,05:30,Olympia,0,0,0
2025.06.22,05:30,05:45,Olympia,0,0,0
2025.06.22,05:45,06:00,Olympia,0,1,1
2025.06.22,06:00,06:15,Olympia,0,1,1
2025.06.22,06:15,06:30,Olympia,0,1,1
2025.06.22,06:30,06:45,Olympia,1,1,2
2025.06.22,06:45,07:00,Olympia,3,4,7
2025.06.22,07:00,07:15,Olympia,3,1,4
2025.06.22,07:15,07:30,Olympia,5,2,7
2025.06.22,07:30,07:45,Olympia,4,1,5
2025.06.22,07:45,08:00,Olympia,11,4,15
2025.06.22,08:00,08:15,Olympia,6,4,10
2025.06.22,08:15,08:30,Olympia,7,8,15
2025.06.22,08:30,08:45,Olympia,14,7,21
2025.06.22,08:45,09:00,Olympia,25,12,37
2025.06.22,09:00,09:15,Olympia,11,9,20
2025.06.22,09:15,09:30,Olympia,21,7,28
2025.06.22,09:30,09:45,Olympia,13,13,26
2025.06.22,09:45,10:00,Olympia,22,16,38
2025.06.22,10:00,10:15,Olympia,21,13,34
2025.06.22,10:15,10:30,Olympia,23,20,43
2025.06.22,10:30,10:45,Olympia,21,27,48
2025.06.22,10:45,11:00,Olympia,31,18,49
2025.06.22,11:00,11:15,Olympia,33,26,59
2025.06.22,11:15,11:30,Olympia,20,20,40
2025.06.22,11:30,11:45,Olympia,22,28,50
2025.06.22,11:45,12:00,Olympia,35,15,50
2025.06.22,12:00,12:15,Olympia,27,14,41
2025.06.22,12:15,12:30,Olympia,23,29,52
2025.06.22,12:30,12:45,Olympia,24,25,49
2025.06.22,12:45,13:00,Olympia,29,30,59
2025.06.22,13:00,13:15,Olympia,35,37,72
2025.06.22,13:15,13:30,Olympia,30,20,50
2025.06.22,13:30,13:45,Olympia,19,37,56
2025.06.22,13:45,14:00,Olympia,34,28,62
2025.06.22,14:00,14:15,Olympia,38,17,55
2025.06.22,14:15,14:30,Olympia,36,27,63
2025.06.22,14:30,14:45,Olympia,17,23,40
2025.06.22,14:45,15:00,Olympia,31,25,56
2025.06.22,15:00,15:15,Olympia,26,36,62
2025.06.22,15:15,15:30,Olympia,20,17,37
2025.06.22,15:30,15:45,Olympia,30,17,47
2025.06.22,15:45,16:00,Olympia,15,27,42
2025.06.22,16:00,16:15,Olympia,28,21,49
2025.06.22,16:15,16:30,Olympia,25,25,50
2025.06.22,16:30,16:45,Olympia,28,27,55
2025.06.22,16:45,17:00,Olympia,40,35,75
2025.06.22,17:00,17:15,Olympia,25,34,59
2025.06.22,17:15,17:30,Olympia,20,30,50
2025.06.22,17:30,17:45,Olympia,30,44,74
2025.06.22,17:45,18:00,Olympia,32,41,73
2025.06.22,18:00,18:15,Olympia,33,30,63
2025.06.22,18:15,18:30,Olympia,35,38,73
2025.06.22,18:30,18:45,Olympia,16,30,46
2025.06.22,18:45,19:00,Olympia,35,43,78
2025.06.22,19:00,19:15,Olympia,39,30,69
2025.06.22,19:15,19:30,Olympia,30,39,69
2025.06.22,19:30,19:45,Olympia,26,40,66
2025.06.22,19:45,20:00,Olympia,33,49,82
2025.06.22,20:00,20:15,Olympia,25,36,61
2025.06.22,20:15,20:30,Olympia,33,42,75
2025.06.22,20:30,20:45,Olympia,32,33,65
2025.06.22,20:45,21:00,Olympia,16,29,45
2025.06.22,21:00,21:15,Olympia,38,28,66
2025.06.22,21:15,21:30,Olympia,26,34,60
2025.06.22,21:30,21:45,Olympia,22,25,47
2025.06.22,21:45,22:00,Olympia,18,18,36
2025.06.22,22:00,22:15,Olympia,25,17,42
2025.06.22,22:15,22:30,Olympia,30,16,46
2025.06.22,22:30,22:45,Olympia,15,10,25
2025.06.22,22:45,23:00,Olympia,8,11,19
2025.06.22,23:00,23:15,Olympia,4,4,8
2025.06.22,23:15,23:30,Olympia,12,6,18
2025.06.22,23:30,23:45,Olympia,6,3,9
2025.06.22,23:45,00:00,Olympia,5,1,6
2025.06.23,00:00,00:15,Olympia,2,0,2
2025.06.23,00:15,00:30,Olympia,2,3,5
2025.06.23,00:30,00:45,Olympia,0,1,1
2025.06.23,00:45,01:00,Olympia,0,0,0
2025.06.23,01:00,01:15,Olympia,1,0,1
2025.06.23,01:15,01:30,Olympia,0,2,2
2025.06.23,01:30,01:45,Olympia,3,1,4
2025.06.23,01:45,02:00,Olympia,0,0,0
2025.06.23,02:00,02:15,Olympia,2,1,3
2025.06.23,02:15,02:30,Olympia,0,1,1
2025.06.23,02:30,02:45,Olympia,0,0,0
2025.06.23,02:45,03:00,Olympia,0,0,0
2025.06.23,03:00,03:15,Olympia,1,3,4
2025.06.23,03:15,03:30,Olympia,0,0,0
2025.06.23,03:30,03:45,Olympia,1,0,1
2025.06.23,03:45,04:00,Olympia,1,0,1
2025.06.23,04:00,04:15,Olympia,0,0,0
2025.06.23,04:15,04:30,Olympia,0,0,0
2025.06.23,04:30,04:45,Olympia,1,1,2
2025.06.23,04:45,05:00,Olympia,1,2,3
2025.06.23,05:00,05:15,Olympia,1,2,3
2025.06.23,05:15,05:30,Olympia,3,1,4
2025.06.23,05:30,05:45,Olympia,5,5,10
2025.06.23,05:45,06:00,Olympia,6,1,7
2025.06.23,06:00,06:15,Olympia,7,10,17
2025.06.23,06:15,06:30,Olympia,10,4,14
2025.06.23,06:30,06:45,Olympia,13,8,21
2025.06.23,06:45,07:00,Olympia,22,9,31
2025.06.23,07:00,07:15,Olympia,14,13,27
2025.06.23,07:15,07:30,Olympia,24,14,38
2025.06.23,07:30,07:45,Olympia,35,22,57
2025.06.23,07:45,08:00,Olympia,38,37,75
2025.06.23,08:00,08:15,Olympia,38,35,73
2025.06.23,08:15,08:30,Olympia,46,37,83
2025.06.23,08:30,08:45,Olympia,23,27,50
2025.06.23,08:45,09:00,Olympia,28,31,59
2025.06.23,09:00,09:15,Olympia,33,37,70
2025.06.23,09:15,09:30,Olympia,14,16,30
2025.06.23,09:30,09:45,Olympia,16,20,36
2025.06.23,09:45,10:00,Olympia,12,23,35
2025.06.23,10:00,10:15,Olympia,23,15,38
2025.06.23,10:15,10:30,Olympia,8,12,20
2025.06.23,10:30,10:45,Olympia,8,14,22
2025.06.23,10:45,11:00,Olympia,8,9,17
2025.06.23,11:00,11:15,Olympia,14,12,26
2025.06.23,11:15,11:30,Olympia,9,7,16
2025.06.23,11:30,11:45,Olympia,9,8,17
2025.06.23,11:45,12:00,Olympia,9,16,25
2025.06.23,12:00,12:15,Olympia,16,14,30
2025.06.23,12:15,12:30,Olympia,15,9,24
2025.06.23,12:30,12:45,Olympia,6,16,22
2025.06.23,12:45,13:00,Olympia,18,16,34
2025.06.23,13:00,13:15,Olympia,14,9,23
2025.06.23,13:15,13:30,Olympia,22,14,36
2025.06.23,13:30,13:45,Olympia,13,15,28
2025.06.23,13:45,14:00,Olympia,17,25,42
2025.06.23,14:00,14:15,Olympia,17,15,32
2025.06.23,14:15,14:30,Olympia,18,20,38
2025.06.23,14:30,14:45,Olympia,20,22,42
2025.06.23,14:45,15:00,Olympia,14,21,35
2025.06.23,15:00,15:15,Olympia,19,14,33
2025.06.23,15:15,15:30,Olympia,23,24,47
2025.06.23,15:30,15:45,Olympia,23,22,45
2025.06.23,15:45,16:00,Olympia,50,23,73
2025.06.23,16:00,16:15,Olympia,47,33,80
2025.06.23,16:15,16:30,Olympia,27,17,44
2025.06.23,16:30,16:45,Olympia,32,25,57
2025.06.23,16:45,17:00,Olympia,48,23,71
2025.06.23,17:00,17:15,Olympia,47,28,75
2025.06.23,17:15,17:30,Olympia,30,30,60
2025.06.23,17:30,17:45,Olympia,31,39,70
2025.06.23,17:45,18:00,Olympia,41,41,82
2025.06.23,18:00,18:15,Olympia,38,36,74
2025.06.23,18:15,18:30,Olympia,65,32,97
2025.06.23,18:30,18:45,Olympia,47,38,85
2025.06.23,18:45,19:00,Olympia,63,54,117
2025.06.23,19:00,19:15,Olympia,27,32,59
2025.06.23,19:15,19:30,Olympia,38,36,74
2025.06.23,19:30,19:45,Olympia,33,41,74
2025.06.23,19:45,20:00,Olympia,34,36,70
2025.06.23,20:00,20:15,Olympia,32,56,88
2025.06.23,20:15,20:30,Olympia,42,57,99
2025.06.23,20:30,20:45,Olympia,33,27,60
2025.06.23,20:45,21:00,Olympia,32,32,64
2025.06.23,21:00,21:15,Olympia,20,46,66
2025.06.23,21:15,21:30,Olympia,25,49,74
2025.06.23,21:30,21:45,Olympia,33,39,72
2025.06.23,21:45,22:00,Olympia,13,28,41
2025.06.23,22:00,22:15,Olympia,23,13,36
2025.06.23,22:15,22:30,Olympia,19,12,31
2025.06.23,22:30,22:45,Olympia,7,26,33
2025.06.23,22:45,23:00,Olympia,7,21,28
2025.06.23,23:00,23:15,Olympia,10,12,22
2025.06.23,23:15,23:30,Olympia,6,5,11
2025.06.23,23:30,23:45,Olympia,7,3,10
2025.06.23,23:45,00:00,Olympia,4,3,7
2025.06.24,00:00,00:15,Olympia,7,1,8
2025.06.24,00:15,00:30,Olympia,0,2,2
2025.06.24,00:30,00:45,Olympia,4,0,4
2025.06.24,00:45,01:00,Olympia,0,0,0
2025.06.24,01:00,01:15,Olympia,1,0,1
2025.06.24,01:15,01:30,Olympia,0,0,0
2025.06.24,01:30,01:45,Olympia,2,1,3
2025.06.24,01:45,02:00,Olympia,0,0,0
2025.06.24,02:00,02:15,Olympia,0,0,0
2025.06.24,02:15,02:30,Olympia,1,0,1
2025.06.24,02:30,02:45,Olympia,0,0,0
2025.06.24,02:45,03:00,Olympia,0,0,0
2025.06.24,03:00,03:15,Olympia,0,0,0
2025.06.24,03:15,03:30,Olympia,0,0,0
2025.06.24,03:30,03:45,Olympia,0,0,0
2025.06.24,03:45,04:00,Olympia,0,0,0
2025.06.24,04:00,04:15,Olympia,0,0,0
2025.06.24,04:15,04:30,Olympia,0,0,0
2025.06.24,04:30,04:45,Olympia,1,1,2
2025.06.24,04:45,05:00,Olympia,1,0,1
2025.06.24,05:00,05:15,Olympia,2,0,2
2025.06.24,05:15,05:30,Olympia,5,2,7
2025.06.24,05:30,05:45,Olympia,5,5,10
2025.06.24,05:45,06:00,Olympia,7,3,10
2025.06.24,06:00,06:15,Olympia,5,8,13
2025.06.24,06:15,06:30,Olympia,10,12,22
2025.06.24,06:30,06:45,Olympia,12,14,26
2025.06.24,06:45,07:00,Olympia,27,12,39
2025.06.24,07:00,07:15,Olympia,29,19,48
2025.06.24,07:15,07:30,Olympia,47,16,63
2025.06.24,07:30,07:45,Olympia,38,50,88
2025.06.24,07:45,08:00,Olympia,76,54,130
2025.06.24,08:00,08:15,Olympia,57,53,110
2025.06.24,08:15,08:30,Olympia,37,40,77
2025.06.24,08:30,08:45,Olympia,51,55,106
2025.06.24,08:45,09:00,Olympia,58,48,106
2025.06.24,09:00,09:15,Olympia,22,33,55
2025.06.24,09:15,09:30,Olympia,31,25,56
2025.06.24,09:30,09:45,Olympia,18,27,45
2025.06.24,09:45,10:00,Olympia,18,21,39
2025.06.24,10:00,10:15,Olympia,19,14,33
2025.06.24,10:15,10:30,Olympia,16,18,34
2025.06.24,10:30,10:45,Olympia,14,13,27
2025.06.24,10:45,11:00,Olympia,12,17,29
2025.06.24,11:00,11:15,Olympia,12,17,29
2025.06.24,11:15,11:30,Olympia,17,13,30
2025.06.24,11:30,11:45,Olympia,13,16,29
2025.06.24,11:45,12:00,Olympia,22,21,43
2025.06.24,12:00,12:15,Olympia,29,23,52
2025.06.24,12:15,12:30,Olympia,19,25,44
2025.06.24,12:30,12:45,Olympia,17,21,38
2025.06.24,12:45,13:00,Olympia,40,20,60
2025.06.24,13:00,13:15,Olympia,12,20,32
2025.06.24,13:15,13:30,Olympia,22,29,51
2025.06.24,13:30,13:45,Olympia,20,29,49
2025.06.24,13:45,14:00,Olympia,15,27,42
2025.06.24,14:00,14:15,Olympia,13,14,27
2025.06.24,14:15,14:30,Olympia,25,19,44
2025.06.24,14:30,14:45,Olympia,29,21,50
2025.06.24,14:45,15:00,Olympia,29,30,59
2025.06.24,15:00,15:15,Olympia,24,22,46
2025.06.24,15:15,15:30,Olympia,26,30,56
2025.06.24,15:30,15:45,Olympia,36,27,63
2025.06.24,15:45,16:00,Olympia,37,34,71
2025.06.24,16:00,16:15,Olympia,41,48,89
2025.06.24,16:15,16:30,Olympia,46,54,100
2025.06.24,16:30,16:45,Olympia,57,32,89
2025.06.24,16:45,17:00,Olympia,57,54,111
2025.06.24,17:00,17:15,Olympia,53,51,104
2025.06.24,17:15,17:30,Olympia,58,58,116
2025.06.24,17:30,17:45,Olympia,86,72,158
2025.06.24,17:45,18:00,Olympia,82,56,138
2025.06.24,18:00,18:15,Olympia,73,60,133
2025.06.24,18:15,18:30,Olympia,70,88,158
2025.06.24,18:30,18:45,Olympia,70,71,141
2025.06.24,18:45,19:00,Olympia,74,66,140
2025.06.24,19:00,19:15,Olympia,61,53,114
2025.06.24,19:15,19:30,Olympia,48,60,108
2025.06.24,19:30,19:45,Olympia,51,48,99
2025.06.24,19:45,20:00,Olympia,77,70,147
2025.06.24,20:00,20:15,Olympia,33,63,96
2025.06.24,20:15,20:30,Olympia,32,48,80
2025.06.24,20:30,20:45,Olympia,40,47,87
2025.06.24,20:45,21:00,Olympia,33,47,80
2025.06.24,21:00,21:15,Olympia,56,49,105
2025.06.24,21:15,21:30,Olympia,40,60,100
2025.06.24,21:30,21:45,Olympia,30,48,78
2025.06.24,21:45,22:00,Olympia,18,52,70
2025.06.24,22:00,22:15,Olympia,30,38,68
2025.06.24,22:15,22:30,Olympia,23,33,56
2025.06.24,22:30,22:45,Olympia,20,14,34
2025.06.24,22:45,23:00,Olympia,14,29,43
2025.06.24,23:00,23:15,Olympia,22,25,47
2025.06.24,23:15,23:30,Olympia,11,21,32
2025.06.24,23:30,23:45,Olympia,14,10,24
2025.06.24,23:45,00:00,Olympia,9,2,11
2025.06.25,00:00,00:15,Olympia,5,5,10
2025.06.25,00:15,00:30,Olympia,1,4,5
2025.06.25,00:30,00:45,Olympia,4,6,10
2025.06.25,00:45,01:00,Olympia,0,1,1
2025.06.25,01:00,01:15,Olympia,4,1,5
2025.06.25,01:15,01:30,Olympia,1,2,3
2025.06.25,01:30,01:45,Olympia,2,2,4
2025.06.25,01:45,02:00,Olympia,0,0,0
2025.06.25,02:00,02:15,Olympia,0,0,0
2025.06.25,02:15,02:30,Olympia,0,0,0
2025.06.25,02:30,02:45,Olympia,0,0,0
2025.06.25,02:45,03:00,Olympia,1,1,2
2025.06.25,03:00,03:15,Olympia,0,1,1
2025.06.25,03:15,03:30,Olympia,0,0,0
2025.06.25,03:30,03:45,Olympia,0,1,1
2025.06.25,03:45,04:00,Olympia,0,1,1
2025.06.25,04:00,04:15,Olympia,2,1,3
2025.06.25,04:15,04:30,Olympia,0,0,0
2025.06.25,04:30,04:45,Olympia,0,2,2
2025.06.25,04:45,05:00,Olympia,4,0,4
2025.06.25,05:00,05:15,Olympia,1,0,1
2025.06.25,05:15,05:30,Olympia,6,2,8
2025.06.25,05:30,05:45,Olympia,5,5,10
2025.06.25,05:45,06:00,Olympia,10,4,14
2025.06.25,06:00,06:15,Olympia,6,6,12
2025.06.25,06:15,06:30,Olympia,6,11,17
2025.06.25,06:30,06:45,Olympia,14,19,33
2025.06.25,06:45,07:00,Olympia,35,14,49
2025.06.25,07:00,07:15,Olympia,37,21,58
2025.06.25,07:15,07:30,Olympia,20,20,40
2025.06.25,07:30,07:45,Olympia,48,35,83
2025.06.25,07:45,08:00,Olympia,64,64,128
2025.06.25,08:00,08:15,Olympia,56,39,95
2025.06.25,08:15,08:30,Olympia,51,62,113
2025.06.25,08:30,08:45,Olympia,46,49,95
2025.06.25,08:45,09:00,Olympia,47,46,93
2025.06.25,09:00,09:15,Olympia,46,42,88
2025.06.25,09:15,09:30,Olympia,18,27,45
2025.06.25,09:30,09:45,Olympia,19,15,34
2025.06.25,09:45,10:00,Olympia,24,27,51
2025.06.25,10:00,10:15,Olympia,27,16,43
2025.06.25,10:15,10:30,Olympia,14,19,33
2025.06.25,10:30,10:45,Olympia,19,12,31
2025.06.25,10:45,11:00,Olympia,11,13,24
2025.06.25,11:00,11:15,Olympia,12,25,37
2025.06.25,11:15,11:30,Olympia,17,15,32
2025.06.25,11:30,11:45,Olympia,15,16,31
2025.06.25,11:45,12:00,Olympia,14,21,35
2025.06.25,12:00,12:15,Olympia,15,22,37
2025.06.25,12:15,12:30,Olympia,12,14,26
2025.06.25,12:30,12:45,Olympia,16,19,35
2025.06.25,12:45,13:00,Olympia,18,20,38
2025.06.25,13:00,13:15,Olympia,21,21,42
2025.06.25,13:15,13:30,Olympia,24,29,53
2025.06.25,13:30,13:45,Olympia,26,18,44
2025.06.25,13:45,14:00,Olympia,14,19,33
2025.06.25,14:00,14:15,Olympia,22,19,41
2025.06.25,14:15,14:30,Olympia,27,21,48
2025.06.25,14:30,14:45,Olympia,27,15,42
2025.06.25,14:45,15:00,Olympia,28,30,58
2025.06.25,15:00,15:15,Olympia,26,30,56
2025.06.25,15:15,15:30,Olympia,36,28,64
2025.06.25,15:30,15:45,Olympia,46,33,79
2025.06.25,15:45,16:00,Olympia,29,31,60
2025.06.25,16:00,16:15,Olympia,34,34,68
2025.06.25,16:15,16:30,Olympia,52,33,85
2025.06.25,16:30,16:45,Olympia,44,42,86
2025.06.25,16:45,17:00,Olympia,56,45,101
2025.06.25,17:00,17:15,Olympia,70,59,129
2025.06.25,17:15,17:30,Olympia,48,58,106
2025.06.25,17:30,17:45,Olympia,46,58,104
2025.06.25,17:45,18:00,Olympia,70,64,134
2025.06.25,18:00,18:15,Olympia,85,54,139
2025.06.25,18:15,18:30,Olympia,71,71,142
2025.06.25,18:30,18:45,Olympia,64,63,127
2025.06.25,18:45,19:00,Olympia,59,60,119
2025.06.25,19:00,19:15,Olympia,58,44,102
2025.06.25,19:15,19:30,Olympia,57,58,115
2025.06.25,19:30,19:45,Olympia,60,42,102
2025.06.25,19:45,20:00,Olympia,52,57,109
2025.06.25,20:00,20:15,Olympia,42,64,106
2025.06.25,20:15,20:30,Olympia,55,54,109
2025.06.25,20:30,20:45,Olympia,39,47,86
2025.06.25,20:45,21:00,Olympia,29,54,83
2025.06.25,21:00,21:15,Olympia,43,58,101
2025.06.25,21:15,21:30,Olympia,31,54,85
2025.06.25,21:30,21:45,Olympia,24,63,87
2025.06.25,21:45,22:00,Olympia,35,37,72
2025.06.25,22:00,22:15,Olympia,41,44,85
2025.06.25,22:15,22:30,Olympia,31,28,59
2025.06.25,22:30,22:45,Olympia,22,44,66
2025.06.25,22:45,23:00,Olympia,22,32,54
2025.06.25,23:00,23:15,Olympia,19,12,31
2025.06.25,23:15,23:30,Olympia,10,11,21
2025.06.25,23:30,23:45,Olympia,20,10,30
2025.06.25,23:45,00:00,Olympia,13,20,33
2025.06.26,00:00,00:15,Olympia,8,6,14
2025.06.26,00:15,00:30,Olympia,5,7,12
2025.06.26,00:30,00:45,Olympia,1,1,2
2025.06.26,00:45,01:00,Olympia,1,4,5
2025.06.26,01:00,01:15,Olympia,2,1,3
2025.06.26,01:15,01:30,Olympia,2,2,4
2025.06.26,01:30,01:45,Olympia,2,1,3
2025.06.26,01:45,02:00,Olympia,1,1,2
2025.06.26,02:00,02:15,Olympia,0,0,0
2025.06.26,02:15,02:30,Olympia,0,0,0
2025.06.26,02:30,02:45,Olympia,1,0,1
2025.06.26,02:45,03:00,Olympia,4,0,4
2025.06.26,03:00,03:15,Olympia,1,0,1
2025.06.26,03:15,03:30,Olympia,0,0,0
2025.06.26,03:30,03:45,Olympia,0,0,0
2025.06.26,03:45,04:00,Olympia,1,0,1
2025.06.26,04:00,04:15,Olympia,0,0,0
2025.06.26,04:15,04:30,Olympia,1,0,1
2025.06.26,04:30,04:45,Olympia,2,1,3
2025.06.26,04:45,05:00,Olympia,1,0,1
2025.06.26,05:00,05:15,Olympia,3,0,3
2025.06.26,05:15,05:30,Olympia,6,3,9
2025.06.26,05:30,05:45,Olympia,5,5,10
2025.06.26,05:45,06:00,Olympia,7,3,10
2025.06.26,06:00,06:15,Olympia,10,5,15
2025.06.26,06:15,06:30,Olympia,11,6,17
2025.06.26,06:30,06:45,Olympia,13,7,20
2025.06.26,06:45,07:00,Olympia,24,9,33
2025.06.26,07:00,07:15,Olympia,22,18,40
2025.06.26,07:15,07:30,Olympia,28,18,46
2025.06.26,07:30,07:45,Olympia,40,29,69
2025.06.26,07:45,08:00,Olympia,52,53,105
2025.06.26,08:00,08:15,Olympia,61,41,102
2025.06.26,08:15,08:30,Olympia,37,34,71
2025.06.26,08:30,08:45,Olympia,34,38,72
2025.06.26,08:45,09:00,Olympia,41,28,69
2025.06.26,09:00,09:15,Olympia,28,27,55
2025.06.26,09:15,09:30,Olympia,17,21,38
2025.06.26,09:30,09:45,Olympia,12,13,25
2025.06.26,09:45,10:00,Olympia,15,23,38
2025.06.26,10:00,10:15,Olympia,27,19,46
2025.06.26,10:15,10:30,Olympia,10,11,21
2025.06.26,10:30,10:45,Olympia,14,24,38
2025.06.26,10:45,11:00,Olympia,18,13,31
2025.06.26,11:00,11:15,Olympia,6,15,21
2025.06.26,11:15,11:30,Olympia,17,14,31
2025.06.26,11:30,11:45,Olympia,15,19,34
2025.06.26,11:45,12:00,Olympia,16,17,33
2025.06.26,12:00,12:15,Olympia,15,19,34
2025.06.26,12:15,12:30,Olympia,12,15,27
2025.06.26,12:30,12:45,Olympia,13,19,32
2025.06.26,12:45,13:00,Olympia,15,19,34
2025.06.26,13:00,13:15,Olympia,27,26,53
2025.06.26,13:15,13:30,Olympia,36,19,55
2025.06.26,13:30,13:45,Olympia,25,24,49
2025.06.26,13:45,14:00,Olympia,14,15,29
2025.06.26,14:00,14:15,Olympia,22,16,38
2025.06.26,14:15,14:30,Olympia,13,19,32
2025.06.26,14:30,14:45,Olympia,24,11,35
2025.06.26,14:45,15:00,Olympia,13,11,24
2025.06.26,15:00,15:15,Olympia,22,19,41
2025.06.26,15:15,15:30,Olympia,16,27,43
2025.06.26,15:30,15:45,Olympia,24,35,59
2025.06.26,15:45,16:00,Olympia,34,23,57
2025.06.26,16:00,16:15,Olympia,24,31,55
2025.06.26,16:15,16:30,Olympia,38,31,69
2025.06.26,16:30,16:45,Olympia,30,32,62
2025.06.26,16:45,17:00,Olympia,28,33,61
2025.06.26,17:00,17:15,Olympia,24,31,55
2025.06.26,17:15,17:30,Olympia,23,35,58
2025.06.26,17:30,17:45,Olympia,32,31,63
2025.06.26,17:45,18:00,Olympia,24,27,51
2025.06.26,18:00,18:15,Olympia,18,15,33
2025.06.26,18:15,18:30,Olympia,12,12,24
2025.06.26,18:30,18:45,Olympia,32,32,64
2025.06.26,18:45,19:00,Olympia,21,20,41
2025.06.26,19:00,19:15,Olympia,29,25,54
2025.06.26,19:15,19:30,Olympia,49,10,59
2025.06.26,19:30,19:45,Olympia,35,13,48
2025.06.26,19:45,20:00,Olympia,22,5,27
2025.06.26,20:00,20:15,Olympia,12,12,24
2025.06.26,20:15,20:30,Olympia,18,22,40
2025.06.26,20:30,20:45,Olympia,12,7,19
2025.06.26,20:45,21:00,Olympia,19,17,36
2025.06.26,21:00,21:15,Olympia,12,12,24
2025.06.26,21:15,21:30,Olympia,4,14,18
2025.06.26,21:30,21:45,Olympia,10,13,23
2025.06.26,21:45,22:00,Olympia,9,7,16
2025.06.26,22:00,22:15,Olympia,5,3,8
2025.06.26,22:15,22:30,Olympia,7,9,16
2025.06.26,22:30,22:45,Olympia,6,10,16
2025.06.26,22:45,23:00,Olympia,4,28,32
2025.06.26,23:00,23:15,Olympia,6,9,15
2025.06.26,23:15,23:30,Olympia,6,13,19
2025.06.26,23:30,23:45,Olympia,7,9,16
2025.06.26,23:45,00:00,Olympia,3,7,10
2025.06.27,00:00,00:15,Olympia,4,0,4
2025.06.27,00:15,00:30,Olympia,2,7,9
2025.06.27,00:30,00:45,Olympia,1,1,2
2025.06.27,00:45,01:00,Olympia,1,0,1
2025.06.27,01:00,01:15,Olympia,0,0,0
2025.06.27,01:15,01:30,Olympia,2,0,2
2025.06.27,01:30,01:45,Olympia,2,0,2
2025.06.27,01:45,02:00,Olympia,1,0,1
2025.06.27,02:00,02:15,Olympia,0,0,0
2025.06.27,02:15,02:30,Olympia,2,1,3
2025.06.27,02:30,02:45,Olympia,1,0,1
2025.06.27,02:45,03:00,Olympia,1,0,1
2025.06.27,03:00,03:15,Olympia,0,1,1
2025.06.27,03:15,03:30,Olympia,1,1,2
2025.06.27,03:30,03:45,Olympia,0,0,0
2025.06.27,03:45,04:00,Olympia,0,0,0
2025.06.27,04:00,04:15,Olympia,0,0,0
2025.06.27,04:15,04:30,Olympia,0,0,0
2025.06.27,04:30,04:45,Olympia,1,1,2
2025.06.27,04:45,05:00,Olympia,2,0,2
2025.06.27,05:00,05:15,Olympia,1,0,1
2025.06.27,05:15,05:30,Olympia,5,0,5
2025.06.27,05:30,05:45,Olympia,7,4,11
2025.06.27,05:45,06:00,Olympia,4,2,6
2025.06.27,06:00,06:15,Olympia,7,3,10
2025.06.27,06:15,06:30,Olympia,6,2,8
2025.06.27,06:30,06:45,Olympia,8,6,14
2025.06.27,06:45,07:00,Olympia,13,8,21
2025.06.27,07:00,07:15,Olympia,19,9,28
2025.06.27,07:15,07:30,Olympia,16,18,34
2025.06.27,07:30,07:45,Olympia,23,34,57
2025.06.27,07:45,08:00,Olympia,42,34,76
2025.06.27,08:00,08:15,Olympia,27,23,50
2025.06.27,08:15,08:30,Olympia,26,30,56
2025.06.27,08:30,08:45,Olympia,21,22,43
2025.06.27,08:45,09:00,Olympia,32,32,64
2025.06.27,09:00,09:15,Olympia,21,15,36
2025.06.27,09:15,09:30,Olympia,11,10,21
2025.06.27,09:30,09:45,Olympia,15,11,26
2025.06.27,09:45,10:00,Olympia,21,14,35
2025.06.27,10:00,10:15,Olympia,17,22,39
2025.06.27,10:15,10:30,Olympia,17,13,30
2025.06.27,10:30,10:45,Olympia,11,19,30
2025.06.27,10:45,11:00,Olympia,16,8,24
2025.06.27,11:00,11:15,Olympia,29,22,51
2025.06.27,11:15,11:30,Olympia,8,18,26
2025.06.27,11:30,11:45,Olympia,27,24,51
2025.06.27,11:45,12:00,Olympia,19,12,31
2025.06.27,12:00,12:15,Olympia,11,21,32
2025.06.27,12:15,12:30,Olympia,16,20,36
2025.06.27,12:30,12:45,Olympia,31,27,58
2025.06.27,12:45,13:00,Olympia,22,18,40
2025.06.27,13:00,13:15,Olympia,16,23,39
2025.06.27,13:15,13:30,Olympia,20,27,47
2025.06.27,13:30,13:45,Olympia,39,29,68
2025.06.27,13:45,14:00,Olympia,24,26,50
2025.06.27,14:00,14:15,Olympia,27,21,48
2025.06.27,14:15,14:30,Olympia,18,22,40
2025.06.27,14:30,14:45,Olympia,23,23,46
2025.06.27,14:45,15:00,Olympia,32,26,58
2025.06.27,15:00,15:15,Olympia,24,18,42
2025.06.27,15:15,15:30,Olympia,47,13,60
2025.06.27,15:30,15:45,Olympia,36,21,57
2025.06.27,15:45,16:00,Olympia,26,12,38
2025.06.27,16:00,16:15,Olympia,24,29,53
2025.06.27,16:15,16:30,Olympia,30,40,70
2025.06.27,16:30,16:45,Olympia,39,30,69
2025.06.27,16:45,17:00,Olympia,52,38,90
2025.06.27,17:00,17:15,Olympia,64,27,91
2025.06.27,17:15,17:30,Olympia,43,39,82
2025.06.27,17:30,17:45,Olympia,63,36,99
2025.06.27,17:45,18:00,Olympia,36,37,73
2025.06.27,18:00,18:15,Olympia,20,31,51
2025.06.27,18:15,18:30,Olympia,42,66,108
2025.06.27,18:30,18:45,Olympia,34,50,84
2025.06.27,18:45,19:00,Olympia,46,45,91
2025.06.27,19:00,19:15,Olympia,24,46,70
2025.06.27,19:15,19:30,Olympia,34,37,71
2025.06.27,19:30,19:45,Olympia,35,21,56
2025.06.27,19:45,20:00,Olympia,37,29,66
2025.06.27,20:00,20:15,Olympia,31,27,58
2025.06.27,20:15,20:30,Olympia,14,34,48
2025.06.27,20:30,20:45,Olympia,28,29,57
2025.06.27,20:45,21:00,Olympia,26,28,54
2025.06.27,21:00,21:15,Olympia,27,35,62
2025.06.27,21:15,21:30,Olympia,17,38,55
2025.06.27,21:30,21:45,Olympia,21,29,50
2025.06.27,21:45,22:00,Olympia,15,18,33
2025.06.27,22:00,22:15,Olympia,31,16,47
2025.06.27,22:15,22:30,Olympia,15,24,39
2025.06.27,22:30,22:45,Olympia,14,15,29
2025.06.27,22:45,23:00,Olympia,19,20,39
2025.06.27,23:00,23:15,Olympia,19,10,29
2025.06.27,23:15,23:30,Olympia,4,17,21
2025.06.27,23:30,23:45,Olympia,10,4,14
2025.06.27,23:45,00:00,Olympia,16,4,20
2025.06.28,00:00,00:15,Olympia,10,6,16
2025.06.28,00:15,00:30,Olympia,1,9,10
2025.06.28,00:30,00:45,Olympia,5,4,9
2025.06.28,00:45,01:00,Olympia,3,0,3
2025.06.28,01:00,01:15,Olympia,2,3,5
2025.06.28,01:15,01:30,Olympia,4,5,9
2025.06.28,01:30,01:45,Olympia,7,5,12
2025.06.28,01:45,02:00,Olympia,2,5,7
2025.06.28,02:00,02:15,Olympia,3,1,4
2025.06.28,02:15,02:30,Olympia,2,7,9
2025.06.28,02:30,02:45,Olympia,3,2,5
2025.06.28,02:45,03:00,Olympia,4,1,5
2025.06.28,03:00,03:15,Olympia,2,1,3
2025.06.28,03:15,03:30,Olympia,2,0,2
2025.06.28,03:30,03:45,Olympia,0,2,2
2025.06.28,03:45,04:00,Olympia,1,1,2
2025.06.28,04:00,04:15,Olympia,1,0,1
2025.06.28,04:15,04:30,Olympia,0,0,0
2025.06.28,04:30,04:45,Olympia,0,0,0
2025.06.28,04:45,05:00,Olympia,0,0,0
2025.06.28,05:00,05:15,Olympia,2,2,4
2025.06.28,05:15,05:30,Olympia,1,0,1
2025.06.28,05:30,05:45,Olympia,2,2,4
2025.06.28,05:45,06:00,Olympia,2,2,4
2025.06.28,06:00,06:15,Olympia,2,2,4
2025.06.28,06:15,06:30,Olympia,0,3,3
2025.06.28,06:30,06:45,Olympia,2,2,4
2025.06.28,06:45,07:00,Olympia,8,2,10
2025.06.28,07:00,07:15,Olympia,5,1,6
2025.06.28,07:15,07:30,Olympia,1,1,2
2025.06.28,07:30,07:45,Olympia,1,2,3
2025.06.28,07:45,08:00,Olympia,6,6,12
2025.06.28,08:00,08:15,Olympia,7,8,15
2025.06.28,08:15,08:30,Olympia,6,6,12
2025.06.28,08:30,08:45,Olympia,17,7,24
2025.06.28,08:45,09:00,Olympia,20,15,35
2025.06.28,09:00,09:15,Olympia,20,13,33
2025.06.28,09:15,09:30,Olympia,26,16,42
2025.06.28,09:30,09:45,Olympia,26,15,41
2025.06.28,09:45,10:00,Olympia,27,15,42
2025.06.28,10:00,10:15,Olympia,19,21,40
2025.06.28,10:15,10:30,Olympia,27,11,38
2025.06.28,10:30,10:45,Olympia,22,35,57
2025.06.28,10:45,11:00,Olympia,47,21,68
2025.06.28,11:00,11:15,Olympia,30,26,56
2025.06.28,11:15,11:30,Olympia,41,25,66
2025.06.28,11:30,11:45,Olympia,27,24,51
2025.06.28,11:45,12:00,Olympia,39,18,57
2025.06.28,12:00,12:15,Olympia,15,35,50
2025.06.28,12:15,12:30,Olympia,36,40,76
2025.06.28,12:30,12:45,Olympia,32,30,62
2025.06.28,12:45,13:00,Olympia,39,39,78
2025.06.28,13:00,13:15,Olympia,32,20,52
2025.06.28,13:15,13:30,Olympia,37,29,66
2025.06.28,13:30,13:45,Olympia,25,34,59
2025.06.28,13:45,14:00,Olympia,40,27,67
2025.06.28,14:00,14:15,Olympia,50,27,77
2025.06.28,14:15,14:30,Olympia,44,41,85
2025.06.28,14:30,14:45,Olympia,50,13,63
2025.06.28,14:45,15:00,Olympia,75,16,91
2025.06.28,15:00,15:15,Olympia,61,50,111
2025.06.28,15:15,15:30,Olympia,66,43,109
2025.06.28,15:30,15:45,Olympia,65,45,110
2025.06.28,15:45,16:00,Olympia,60,47,107
2025.06.28,16:00,16:15,Olympia,78,30,108
2025.06.28,16:15,16:30,Olympia,54,22,76
2025.06.28,16:30,16:45,Olympia,75,42,117
2025.06.28,16:45,17:00,Olympia,70,37,107
2025.06.28,17:00,17:15,Olympia,46,49,95
2025.06.28,17:15,17:30,Olympia,62,45,107
2025.06.28,17:30,17:45,Olympia,56,36,92
2025.06.28,17:45,18:00,Olympia,67,71,138
2025.06.28,18:00,18:15,Olympia,55,58,113
2025.06.28,18:15,18:30,Olympia,54,45,99
2025.06.28,18:30,18:45,Olympia,63,40,103
2025.06.28,18:45,19:00,Olympia,50,33,83
2025.06.28,19:00,19:15,Olympia,52,39,91
2025.06.28,19:15,19:30,Olympia,45,44,89
2025.06.28,19:30,19:45,Olympia,49,41,90
2025.06.28,19:45,20:00,Olympia,51,44,95
2025.06.28,20:00,20:15,Olympia,34,55,89
2025.06.28,20:15,20:30,Olympia,34,68,102
2025.06.28,20:30,20:45,Olympia,46,70,116
2025.06.28,20:45,21:00,Olympia,33,89,122
2025.06.28,21:00,21:15,Olympia,25,100,125
2025.06.28,21:15,21:30,Olympia,37,57,94
2025.06.28,21:30,21:45,Olympia,35,67,102
2025.06.28,21:45,22:00,Olympia,24,32,56
2025.06.28,22:00,22:15,Olympia,14,31,45
2025.06.28,22:15,22:30,Olympia,39,22,61
2025.06.28,22:30,22:45,Olympia,20,35,55
2025.06.28,22:45,23:00,Olympia,32,22,54
2025.06.28,23:00,23:15,Olympia,25,12,37
2025.06.28,23:15,23:30,Olympia,13,15,28
2025.06.28,23:30,23:45,Olympia,17,21,38
2025.06.28,23:45,00:00,Olympia,24,27,51
2025.06.29,00:00,00:15,Olympia,12,19,31
2025.06.29,00:15,00:30,Olympia,4,9,13
2025.06.29,00:30,00:45,Olympia,15,12,27
2025.06.29,00:45,01:00,Olympia,3,9,12
2025.06.29,01:00,01:15,Olympia,1,7,8
2025.06.29,01:15,01:30,Olympia,4,3,7
2025.06.29,01:30,01:45,Olympia,5,9,14
2025.06.29,01:45,02:00,Olympia,1,5,6
2025.06.29,02:00,02:15,Olympia,1,2,3
2025.06.29,02:15,02:30,Olympia,3,4,7
2025.06.29,02:30,02:45,Olympia,6,2,8
2025.06.29,02:45,03:00,Olympia,0,2,2
2025.06.29,03:00,03:15,Olympia,2,0,2
2025.06.29,03:15,03:30,Olympia,0,3,3
2025.06.29,03:30,03:45,Olympia,1,3,4
2025.06.29,03:45,04:00,Olympia,0,0,0
2025.06.29,04:00,04:15,Olympia,0,0,0
2025.06.29,04:15,04:30,Olympia,0,1,1
2025.06.29,04:30,04:45,Olympia,1,3,4
2025.06.29,04:45,05:00,Olympia,2,3,5
2025.06.29,05:00,05:15,Olympia,0,0,0
2025.06.29,05:15,05:30,Olympia,1,1,2
2025.06.29,05:30,05:45,Olympia,2,1,3
2025.06.29,05:45,06:00,Olympia,4,1,5
2025.06.29,06:00,06:15,Olympia,3,3,6
2025.06.29,06:15,06:30,Olympia,3,1,4
2025.06.29,06:30,06:45,Olympia,1,2,3
2025.06.29,06:45,07:00,Olympia,2,1,3
2025.06.29,07:00,07:15,Olympia,2,1,3
2025.06.29,07:15,07:30,Olympia,4,1,5
2025.06.29,07:30,07:45,Olympia,4,1,5
2025.06.29,07:45,08:00,Olympia,8,3,11
2025.06.29,08:00,08:15,Olympia,7,9,16
2025.06.29,08:15,08:30,Olympia,13,7,20
2025.06.29,08:30,08:45,Olympia,11,7,18
2025.06.29,08:45,09:00,Olympia,18,9,27
2025.06.29,09:00,09:15,Olympia,17,13,30
2025.06.29,09:15,09:30,Olympia,19,11,30
2025.06.29,09:30,09:45,Olympia,23,14,37
2025.06.29,09:45,10:00,Olympia,16,18,34
2025.06.29,10:00,10:15,Olympia,27,12,39
2025.06.29,10:15,10:30,Olympia,32,17,49
2025.06.29,10:30,10:45,Olympia,18,30,48
2025.06.29,10:45,11:00,Olympia,20,22,42
2025.06.29,11:00,11:15,Olympia,36,18,54
2025.06.29,11:15,11:30,Olympia,47,21,68
2025.06.29,11:30,11:45,Olympia,35,28,63
2025.06.29,11:45,12:00,Olympia,19,26,45
2025.06.29,12:00,12:15,Olympia,35,21,56
2025.06.29,12:15,12:30,Olympia,21,21,42
2025.06.29,12:30,12:45,Olympia,37,17,54
2025.06.29,12:45,13:00,Olympia,49,24,73
2025.06.29,13:00,13:15,Olympia,27,18,45
2025.06.29,13:15,13:30,Olympia,42,18,60
2025.06.29,13:30,13:45,Olympia,61,36,97
2025.06.29,13:45,14:00,Olympia,66,25,91
2025.06.29,14:00,14:15,Olympia,66,19,85
2025.06.29,14:15,14:30,Olympia,72,30,102
2025.06.29,14:30,14:45,Olympia,44,30,74
2025.06.29,14:45,15:00,Olympia,73,47,120
2025.06.29,15:00,15:15,Olympia,55,26,81
2025.06.29,15:15,15:30,Olympia,80,34,114
2025.06.29,15:30,15:45,Olympia,56,25,81
2025.06.29,15:45,16:00,Olympia,47,43,90
2025.06.29,16:00,16:15,Olympia,45,26,71
2025.06.29,16:15,16:30,Olympia,29,27,56
2025.06.29,16:30,16:45,Olympia,34,55,89
2025.06.29,16:45,17:00,Olympia,66,102,168
2025.06.29,17:00,17:15,Olympia,58,56,114
2025.06.29,17:15,17:30,Olympia,38,36,74
2025.06.29,17:30,17:45,Olympia,56,44,100
2025.06.29,17:45,18:00,Olympia,38,54,92
2025.06.29,18:00,18:15,Olympia,28,79,107
2025.06.29,18:15,18:30,Olympia,52,122,174
2025.06.29,18:30,18:45,Olympia,35,77,112
2025.06.29,18:45,19:00,Olympia,26,45,71
2025.06.29,19:00,19:15,Olympia,26,40,66
2025.06.29,19:15,19:30,Olympia,33,53,86
2025.06.29,19:30,19:45,Olympia,25,40,65
2025.06.29,19:45,20:00,Olympia,31,43,74
2025.06.29,20:00,20:15,Olympia,25,34,59
2025.06.29,20:15,20:30,Olympia,21,45,66
2025.06.29,20:30,20:45,Olympia,28,39,67
2025.06.29,20:45,21:00,Olympia,26,39,65
2025.06.29,21:00,21:15,Olympia,32,30,62
2025.06.29,21:15,21:30,Olympia,30,45,75
2025.06.29,21:30,21:45,Olympia,36,34,70
2025.06.29,21:45,22:00,Olympia,22,22,44
2025.06.29,22:00,22:15,Olympia,15,17,32
2025.06.29,22:15,22:30,Olympia,10,22,32
2025.06.29,22:30,22:45,Olympia,6,15,21
2025.06.29,22:45,23:00,Olympia,12,5,17
2025.06.29,23:00,23:15,Olympia,4,7,11
2025.06.29,23:15,23:30,Olympia,8,7,15
2025.06.29,23:30,23:45,Olympia,9,9,18
2025.06.29,23:45,00:00,Olympia,4,14,18
2025.06.30,00:00,00:15,Olympia,6,1,7
2025.06.30,00:15,00:30,Olympia,1,1,2
2025.06.30,00:30,00:45,Olympia,3,3,6
2025.06.30,00:45,01:00,Olympia,1,0,1
2025.06.30,01:00,01:15,Olympia,3,1,4
2025.06.30,01:15,01:30,Olympia,2,0,2
2025.06.30,01:30,01:45,Olympia,0,0,0
2025.06.30,01:45,02:00,Olympia,1,0,1
2025.06.30,02:00,02:15,Olympia,2,2,4
2025.06.30,02:15,02:30,Olympia,1,1,2
2025.06.30,02:30,02:45,Olympia,1,1,2
2025.06.30,02:45,03:00,Olympia,0,0,0
2025.06.30,03:00,03:15,Olympia,0,0,0
2025.06.30,03:15,03:30,Olympia,0,0,0
2025.06.30,03:30,03:45,Olympia,0,0,0
2025.06.30,03:45,04:00,Olympia,0,0,0
2025.06.30,04:00,04:15,Olympia,0,0,0
2025.06.30,04:15,04:30,Olympia,2,0,2
2025.06.30,04:30,04:45,Olympia,0,1,1
2025.06.30,04:45,05:00,Olympia,2,0,2
2025.06.30,05:00,05:15,Olympia,1,2,3
2025.06.30,05:15,05:30,Olympia,6,1,7
2025.06.30,05:30,05:45,Olympia,10,5,15
2025.06.30,05:45,06:00,Olympia,6,5,11
2025.06.30,06:00,06:15,Olympia,8,7,15
2025.06.30,06:15,06:30,Olympia,9,2,11
2025.06.30,06:30,06:45,Olympia,14,10,24
2025.06.30,06:45,07:00,Olympia,16,12,28
2025.06.30,07:00,07:15,Olympia,21,18,39
2025.06.30,07:15,07:30,Olympia,43,22,65
2025.06.30,07:30,07:45,Olympia,40,41,81
2025.06.30,07:45,08:00,Olympia,46,56,102
2025.06.30,08:00,08:15,Olympia,48,41,89
2025.06.30,08:15,08:30,Olympia,61,49,110
2025.06.30,08:30,08:45,Olympia,47,46,93
2025.06.30,08:45,09:00,Olympia,40,36,76
2025.06.30,09:00,09:15,Olympia,27,33,60
2025.06.30,09:15,09:30,Olympia,23,26,49
2025.06.30,09:30,09:45,Olympia,22,20,42
2025.06.30,09:45,10:00,Olympia,22,27,49
2025.06.30,10:00,10:15,Olympia,22,18,40
2025.06.30,10:15,10:30,Olympia,14,18,32
2025.06.30,10:30,10:45,Olympia,15,8,23
2025.06.30,10:45,11:00,Olympia,18,16,34
2025.06.30,11:00,11:15,Olympia,13,16,29
2025.06.30,11:15,11:30,Olympia,16,24,40
2025.06.30,11:30,11:45,Olympia,9,22,31
2025.06.30,11:45,12:00,Olympia,24,19,43
2025.06.30,12:00,12:15,Olympia,22,12,34
2025.06.30,12:15,12:30,Olympia,13,14,27
2025.06.30,12:30,12:45,Olympia,13,19,32
2025.06.30,12:45,13:00,Olympia,13,15,28
2025.06.30,13:00,13:15,Olympia,17,14,31
2025.06.30,13:15,13:30,Olympia,13,16,29
2025.06.30,13:30,13:45,Olympia,19,19,38
2025.06.30,13:45,14:00,Olympia,21,19,40
2025.06.30,14:00,14:15,Olympia,24,28,52
2025.06.30,14:15,14:30,Olympia,23,10,33
2025.06.30,14:30,14:45,Olympia,15,11,26
2025.06.30,14:45,15:00,Olympia,18,21,39
2025.06.30,15:00,15:15,Olympia,24,23,47
2025.06.30,15:15,15:30,Olympia,31,33,64
2025.06.30,15:30,15:45,Olympia,38,23,61
2025.06.30,15:45,16:00,Olympia,46,40,86
2025.06.30,16:00,16:15,Olympia,31,39,70
2025.06.30,16:15,16:30,Olympia,43,42,85
2025.06.30,16:30,16:45,Olympia,52,39,91
2025.06.30,16:45,17:00,Olympia,66,39,105
2025.06.30,17:00,17:15,Olympia,53,39,92
2025.06.30,17:15,17:30,Olympia,58,55,113
2025.06.30,17:30,17:45,Olympia,68,60,128
2025.06.30,17:45,18:00,Olympia,70,57,127
2025.06.30,18:00,18:15,Olympia,85,53,138
2025.06.30,18:15,18:30,Olympia,87,80,167
2025.06.30,18:30,18:45,Olympia,75,52,127
2025.06.30,18:45,19:00,Olympia,71,84,155
2025.06.30,19:00,19:15,Olympia,69,43,112
2025.06.30,19:15,19:30,Olympia,42,57,99
2025.06.30,19:30,19:45,Olympia,55,68,123
2025.06.30,19:45,20:00,Olympia,62,69,131
2025.06.30,20:00,20:15,Olympia,43,76,119
2025.06.30,20:15,20:30,Olympia,40,62,102
2025.06.30,20:30,20:45,Olympia,16,48,64
2025.06.30,20:45,21:00,Olympia,65,33,98
2025.06.30,21:00,21:15,Olympia,32,59,91
2025.06.30,21:15,21:30,Olympia,24,66,90
2025.06.30,21:30,21:45,Olympia,48,58,106
2025.06.30,21:45,22:00,Olympia,30,48,78
2025.06.30,22:00,22:15,Olympia,35,29,64
2025.06.30,22:15,22:30,Olympia,16,23,39
2025.06.30,22:30,22:45,Olympia,29,23,52
2025.06.30,22:45,23:00,Olympia,13,22,35
2025.06.30,23:00,23:15,Olympia,18,9,27
2025.06.30,23:15,23:30,Olympia,13,6,19
2025.06.30,23:30,23:45,Olympia,10,11,21
2025.06.30,23:45,00:00,Olympia,4,5,9
2025.06.01,00:00,00:15,Hirsch,3,0,3
2025.06.01,00:15,00:30,Hirsch,3,1,4
2025.06.01,00:30,00:45,Hirsch,2,0,2
2025.06.01,00:45,01:00,Hirsch,1,0,1
2025.06.01,01:00,01:15,Hirsch,0,1,1
2025.06.01,01:15,01:30,Hirsch,0,1,1
2025.06.01,01:30,01:45,Hirsch,1,0,1
2025.06.01,01:45,02:00,Hirsch,3,1,4
2025.06.01,02:00,02:15,Hirsch,1,0,1
2025.06.01,02:15,02:30,Hirsch,0,2,2
2025.06.01,02:30,02:45,Hirsch,2,0,2
2025.06.01,02:45,03:00,Hirsch,0,0,0
2025.06.01,03:00,03:15,Hirsch,1,0,1
2025.06.01,03:15,03:30,Hirsch,0,0,0
2025.06.01,03:30,03:45,Hirsch,2,0,2
2025.06.01,03:45,04:00,Hirsch,0,0,0
2025.06.01,04:00,04:15,Hirsch,3,0,3
2025.06.01,04:15,04:30,Hirsch,0,0,0
2025.06.01,04:30,04:45,Hirsch,0,0,0
2025.06.01,04:45,05:00,Hirsch,1,0,1
2025.06.01,05:00,05:15,Hirsch,1,0,1
2025.06.01,05:15,05:30,Hirsch,0,0,0
2025.06.01,05:30,05:45,Hirsch,0,0,0
2025.06.01,05:45,06:00,Hirsch,1,0,1
2025.06.01,06:00,06:15,Hirsch,1,1,2
2025.06.01,06:15,06:30,Hirsch,0,4,4
2025.06.01,06:30,06:45,Hirsch,1,1,2
2025.06.01,06:45,07:00,Hirsch,2,0,2
2025.06.01,07:00,07:15,Hirsch,0,2,2
2025.06.01,07:15,07:30,Hirsch,0,1,1
2025.06.01,07:30,07:45,Hirsch,4,2,6
2025.06.01,07:45,08:00,Hirsch,0,0,0
2025.06.01,08:00,08:15,Hirsch,0,0,0
2025.06.01,08:15,08:30,Hirsch,0,6,6
2025.06.01,08:30,08:45,Hirsch,5,2,7
2025.06.01,08:45,09:00,Hirsch,1,3,4
2025.06.01,09:00,09:15,Hirsch,0,3,3
2025.06.01,09:15,09:30,Hirsch,0,6,6
2025.06.01,09:30,09:45,Hirsch,4,7,11
2025.06.01,09:45,10:00,Hirsch,6,10,16
2025.06.01,10:00,10:15,Hirsch,1,3,4
2025.06.01,10:15,10:30,Hirsch,6,11,17
2025.06.01,10:30,10:45,Hirsch,10,9,19
2025.06.01,10:45,11:00,Hirsch,3,11,14
2025.06.01,11:00,11:15,Hirsch,6,4,10
2025.06.01,11:15,11:30,Hirsch,6,0,6
2025.06.01,11:30,11:45,Hirsch,12,6,18
2025.06.01,11:45,12:00,Hirsch,7,3,10
2025.06.01,12:00,12:15,Hirsch,2,4,6
2025.06.01,12:15,12:30,Hirsch,5,8,13
2025.06.01,12:30,12:45,Hirsch,7,19,26
2025.06.01,12:45,13:00,Hirsch,7,12,19
2025.06.01,13:00,13:15,Hirsch,19,8,27
2025.06.01,13:15,13:30,Hirsch,5,9,14
2025.06.01,13:30,13:45,Hirsch,17,7,24
2025.06.01,13:45,14:00,Hirsch,14,16,30
2025.06.01,14:00,14:15,Hirsch,14,17,31
2025.06.01,14:15,14:30,Hirsch,12,11,23
2025.06.01,14:30,14:45,Hirsch,20,17,37
2025.06.01,14:45,15:00,Hirsch,22,21,43
2025.06.01,15:00,15:15,Hirsch,14,10,24
2025.06.01,15:15,15:30,Hirsch,12,20,32
2025.06.01,15:30,15:45,Hirsch,22,16,38
2025.06.01,15:45,16:00,Hirsch,22,17,39
2025.06.01,16:00,16:15,Hirsch,11,22,33
2025.06.01,16:15,16:30,Hirsch,14,10,24
2025.06.01,16:30,16:45,Hirsch,15,11,26
2025.06.01,16:45,17:00,Hirsch,18,14,32
2025.06.01,17:00,17:15,Hirsch,10,14,24
2025.06.01,17:15,17:30,Hirsch,6,19,25
2025.06.01,17:30,17:45,Hirsch,7,13,20
2025.06.01,17:45,18:00,Hirsch,12,22,34
2025.06.01,18:00,18:15,Hirsch,16,11,27
2025.06.01,18:15,18:30,Hirsch,18,7,25
2025.06.01,18:30,18:45,Hirsch,5,17,22
2025.06.01,18:45,19:00,Hirsch,11,11,22
2025.06.01,19:00,19:15,Hirsch,5,3,8
2025.06.01,19:15,19:30,Hirsch,7,8,15
2025.06.01,19:30,19:45,Hirsch,13,11,24
2025.06.01,19:45,20:00,Hirsch,23,10,33
2025.06.01,20:00,20:15,Hirsch,7,5,12
2025.06.01,20:15,20:30,Hirsch,2,3,5
2025.06.01,20:30,20:45,Hirsch,3,4,7
2025.06.01,20:45,21:00,Hirsch,7,6,13
2025.06.01,21:00,21:15,Hirsch,7,6,13
2025.06.01,21:15,21:30,Hirsch,3,7,10
2025.06.01,21:30,21:45,Hirsch,1,1,2
2025.06.01,21:45,22:00,Hirsch,6,4,10
2025.06.01,22:00,22:15,Hirsch,5,1,6
2025.06.01,22:15,22:30,Hirsch,6,0,6
2025.06.01,22:30,22:45,Hirsch,3,1,4
2025.06.01,22:45,23:00,Hirsch,4,0,4
2025.06.01,23:00,23:15,Hirsch,1,0,1
2025.06.01,23:15,23:30,Hirsch,2,1,3
2025.06.01,23:30,23:45,Hirsch,1,0,1
2025.06.01,23:45,00:00,Hirsch,1,0,1
2025.06.02,00:00,00:15,Hirsch,1,0,1
2025.06.02,00:15,00:30,Hirsch,0,0,0
2025.06.02,00:30,00:45,Hirsch,0,1,1
2025.06.02,00:45,01:00,Hirsch,3,0,3
2025.06.02,01:00,01:15,Hirsch,0,0,0
2025.06.02,01:15,01:30,Hirsch,0,0,0
2025.06.02,01:30,01:45,Hirsch,1,0,1
2025.06.02,01:45,02:00,Hirsch,0,0,0
2025.06.02,02:00,02:15,Hirsch,1,0,1
2025.06.02,02:15,02:30,Hirsch,0,0,0
2025.06.02,02:30,02:45,Hirsch,0,1,1
2025.06.02,02:45,03:00,Hirsch,0,0,0
2025.06.02,03:00,03:15,Hirsch,0,0,0
2025.06.02,03:15,03:30,Hirsch,1,1,2
2025.06.02,03:30,03:45,Hirsch,0,1,1
2025.06.02,03:45,04:00,Hirsch,0,0,0
2025.06.02,04:00,04:15,Hirsch,0,0,0
2025.06.02,04:15,04:30,Hirsch,0,0,0
2025.06.02,04:30,04:45,Hirsch,0,0,0
2025.06.02,04:45,05:00,Hirsch,0,1,1
2025.06.02,05:00,05:15,Hirsch,1,3,4
2025.06.02,05:15,05:30,Hirsch,0,2,2
2025.06.02,05:30,05:45,Hirsch,1,6,7
2025.06.02,05:45,06:00,Hirsch,1,5,6
2025.06.02,06:00,06:15,Hirsch,0,9,9
2025.06.02,06:15,06:30,Hirsch,2,14,16
2025.06.02,06:30,06:45,Hirsch,4,21,25
2025.06.02,06:45,07:00,Hirsch,3,19,22
2025.06.02,07:00,07:15,Hirsch,8,24,32
2025.06.02,07:15,07:30,Hirsch,7,33,40
2025.06.02,07:30,07:45,Hirsch,10,43,53
2025.06.02,07:45,08:00,Hirsch,6,62,68
2025.06.02,08:00,08:15,Hirsch,7,62,69
2025.06.02,08:15,08:30,Hirsch,11,59,70
2025.06.02,08:30,08:45,Hirsch,9,63,72
2025.06.02,08:45,09:00,Hirsch,8,48,56
2025.06.02,09:00,09:15,Hirsch,10,27,37
2025.06.02,09:15,09:30,Hirsch,4,31,35
2025.06.02,09:30,09:45,Hirsch,9,19,28
2025.06.02,09:45,10:00,Hirsch,1,15,16
2025.06.02,10:00,10:15,Hirsch,2,17,19
2025.06.02,10:15,10:30,Hirsch,6,10,16
2025.06.02,10:30,10:45,Hirsch,8,10,18
2025.06.02,10:45,11:00,Hirsch,4,2,6
2025.06.02,11:00,11:15,Hirsch,4,7,11
2025.06.02,11:15,11:30,Hirsch,6,6,12
2025.06.02,11:30,11:45,Hirsch,4,4,8
2025.06.02,11:45,12:00,Hirsch,3,4,7
2025.06.02,12:00,12:15,Hirsch,8,6,14
2025.06.02,12:15,12:30,Hirsch,5,4,9
2025.06.02,12:30,12:45,Hirsch,6,4,10
2025.06.02,12:45,13:00,Hirsch,7,3,10
2025.06.02,13:00,13:15,Hirsch,4,1,5
2025.06.02,13:15,13:30,Hirsch,9,3,12
2025.06.02,13:30,13:45,Hirsch,11,4,15
2025.06.02,13:45,14:00,Hirsch,15,2,17
2025.06.02,14:00,14:15,Hirsch,12,4,16
2025.06.02,14:15,14:30,Hirsch,15,2,17
2025.06.02,14:30,14:45,Hirsch,12,15,27
2025.06.02,14:45,15:00,Hirsch,14,3,17
2025.06.02,15:00,15:15,Hirsch,16,4,20
2025.06.02,15:15,15:30,Hirsch,10,7,17
2025.06.02,15:30,15:45,Hirsch,15,9,24
2025.06.02,15:45,16:00,Hirsch,19,12,31
2025.06.02,16:00,16:15,Hirsch,32,11,43
2025.06.02,16:15,16:30,Hirsch,22,14,36
2025.06.02,16:30,16:45,Hirsch,23,14,37
2025.06.02,16:45,17:00,Hirsch,30,14,44
2025.06.02,17:00,17:15,Hirsch,38,11,49
2025.06.02,17:15,17:30,Hirsch,40,6,46
2025.06.02,17:30,17:45,Hirsch,43,8,51
2025.06.02,17:45,18:00,Hirsch,39,5,44
2025.06.02,18:00,18:15,Hirsch,28,13,41
2025.06.02,18:15,18:30,Hirsch,32,15,47
2025.06.02,18:30,18:45,Hirsch,32,15,47
2025.06.02,18:45,19:00,Hirsch,17,9,26
2025.06.02,19:00,19:15,Hirsch,17,5,22
2025.06.02,19:15,19:30,Hirsch,16,10,26
2025.06.02,19:30,19:45,Hirsch,9,6,15
2025.06.02,19:45,20:00,Hirsch,10,1,11
2025.06.02,20:00,20:15,Hirsch,12,1,13
2025.06.02,20:15,20:30,Hirsch,4,4,8
2025.06.02,20:30,20:45,Hirsch,7,1,8
2025.06.02,20:45,21:00,Hirsch,7,2,9
2025.06.02,21:00,21:15,Hirsch,3,1,4
2025.06.02,21:15,21:30,Hirsch,8,2,10
2025.06.02,21:30,21:45,Hirsch,4,0,4
2025.06.02,21:45,22:00,Hirsch,2,0,2
2025.06.02,22:00,22:15,Hirsch,5,2,7
2025.06.02,22:15,22:30,Hirsch,8,6,14
2025.06.02,22:30,22:45,Hirsch,5,4,9
2025.06.02,22:45,23:00,Hirsch,2,1,3
2025.06.02,23:00,23:15,Hirsch,2,0,2
2025.06.02,23:15,23:30,Hirsch,5,0,5
2025.06.02,23:30,23:45,Hirsch,1,0,1
2025.06.02,23:45,00:00,Hirsch,1,0,1
2025.06.03,00:00,00:15,Hirsch,0,1,1
2025.06.03,00:15,00:30,Hirsch,3,0,3
2025.06.03,00:30,00:45,Hirsch,1,0,1
2025.06.03,00:45,01:00,Hirsch,0,1,1
2025.06.03,01:00,01:15,Hirsch,0,0,0
2025.06.03,01:15,01:30,Hirsch,1,0,1
2025.06.03,01:30,01:45,Hirsch,0,0,0
2025.06.03,01:45,02:00,Hirsch,0,0,0
2025.06.03,02:00,02:15,Hirsch,0,0,0
2025.06.03,02:15,02:30,Hirsch,0,0,0
2025.06.03,02:30,02:45,Hirsch,0,0,0
2025.06.03,02:45,03:00,Hirsch,0,0,0
2025.06.03,03:00,03:15,Hirsch,0,1,1
2025.06.03,03:15,03:30,Hirsch,0,0,0
2025.06.03,03:30,03:45,Hirsch,0,0,0
2025.06.03,03:45,04:00,Hirsch,0,0,0
2025.06.03,04:00,04:15,Hirsch,0,0,0
2025.06.03,04:15,04:30,Hirsch,0,0,0
2025.06.03,04:30,04:45,Hirsch,0,0,0
2025.06.03,04:45,05:00,Hirsch,0,0,0
2025.06.03,05:00,05:15,Hirsch,1,1,2
2025.06.03,05:15,05:30,Hirsch,0,2,2
2025.06.03,05:30,05:45,Hirsch,1,2,3
2025.06.03,05:45,06:00,Hirsch,0,5,5
2025.06.03,06:00,06:15,Hirsch,0,7,7
2025.06.03,06:15,06:30,Hirsch,2,10,12
2025.06.03,06:30,06:45,Hirsch,2,8,10
2025.06.03,06:45,07:00,Hirsch,11,13,24
2025.06.03,07:00,07:15,Hirsch,5,13,18
2025.06.03,07:15,07:30,Hirsch,5,17,22
2025.06.03,07:30,07:45,Hirsch,7,25,32
2025.06.03,07:45,08:00,Hirsch,10,49,59
2025.06.03,08:00,08:15,Hirsch,3,79,82
2025.06.03,08:15,08:30,Hirsch,10,58,68
2025.06.03,08:30,08:45,Hirsch,14,62,76
2025.06.03,08:45,09:00,Hirsch,6,53,59
2025.06.03,09:00,09:15,Hirsch,8,31,39
2025.06.03,09:15,09:30,Hirsch,5,27,32
2025.06.03,09:30,09:45,Hirsch,12,25,37
2025.06.03,09:45,10:00,Hirsch,4,14,18
2025.06.03,10:00,10:15,Hirsch,2,25,27
2025.06.03,10:15,10:30,Hirsch,8,11,19
2025.06.03,10:30,10:45,Hirsch,7,18,25
2025.06.03,10:45,11:00,Hirsch,5,11,16
2025.06.03,11:00,11:15,Hirsch,9,7,16
2025.06.03,11:15,11:30,Hirsch,10,10,20
2025.06.03,11:30,11:45,Hirsch,7,8,15
2025.06.03,11:45,12:00,Hirsch,3,6,9
2025.06.03,12:00,12:15,Hirsch,6,9,15
2025.06.03,12:15,12:30,Hirsch,5,6,11
2025.06.03,12:30,12:45,Hirsch,6,6,12
2025.06.03,12:45,13:00,Hirsch,5,10,15
2025.06.03,13:00,13:15,Hirsch,12,5,17
2025.06.03,13:15,13:30,Hirsch,13,14,27
2025.06.03,13:30,13:45,Hirsch,13,12,25
2025.06.03,13:45,14:00,Hirsch,10,9,19
2025.06.03,14:00,14:15,Hirsch,6,2,8
2025.06.03,14:15,14:30,Hirsch,22,13,35
2025.06.03,14:30,14:45,Hirsch,15,7,22
2025.06.03,14:45,15:00,Hirsch,20,8,28
2025.06.03,15:00,15:15,Hirsch,22,7,29
2025.06.03,15:15,15:30,Hirsch,17,3,20
2025.06.03,15:30,15:45,Hirsch,27,13,40
2025.06.03,15:45,16:00,Hirsch,40,12,52
2025.06.03,16:00,16:15,Hirsch,28,11,39
2025.06.03,16:15,16:30,Hirsch,27,11,38
2025.06.03,16:30,16:45,Hirsch,30,8,38
2025.06.03,16:45,17:00,Hirsch,39,17,56
2025.06.03,17:00,17:15,Hirsch,45,19,64
2025.06.03,17:15,17:30,Hirsch,38,15,53
2025.06.03,17:30,17:45,Hirsch,40,18,58
2025.06.03,17:45,18:00,Hirsch,47,10,57
2025.06.03,18:00,18:15,Hirsch,29,20,49
2025.06.03,18:15,18:30,Hirsch,32,16,48
2025.06.03,18:30,18:45,Hirsch,39,13,52
2025.06.03,18:45,19:00,Hirsch,26,16,42
2025.06.03,19:00,19:15,Hirsch,19,15,34
2025.06.03,19:15,19:30,Hirsch,21,19,40
2025.06.03,19:30,19:45,Hirsch,18,7,25
2025.06.03,19:45,20:00,Hirsch,15,5,20
2025.06.03,20:00,20:15,Hirsch,18,11,29
2025.06.03,20:15,20:30,Hirsch,10,5,15
2025.06.03,20:30,20:45,Hirsch,6,2,8
2025.06.03,20:45,21:00,Hirsch,8,4,12
2025.06.03,21:00,21:15,Hirsch,12,6,18
2025.06.03,21:15,21:30,Hirsch,9,8,17
2025.06.03,21:30,21:45,Hirsch,12,4,16
2025.06.03,21:45,22:00,Hirsch,9,3,12
2025.06.03,22:00,22:15,Hirsch,9,1,10
2025.06.03,22:15,22:30,Hirsch,10,6,16
2025.06.03,22:30,22:45,Hirsch,1,1,2
2025.06.03,22:45,23:00,Hirsch,5,4,9
2025.06.03,23:00,23:15,Hirsch,5,1,6
2025.06.03,23:15,23:30,Hirsch,6,0,6
2025.06.03,23:30,23:45,Hirsch,10,0,10
2025.06.03,23:45,00:00,Hirsch,4,1,5
2025.06.04,00:00,00:15,Hirsch,0,0,0
2025.06.04,00:15,00:30,Hirsch,2,0,2
2025.06.04,00:30,00:45,Hirsch,2,0,2
2025.06.04,00:45,01:00,Hirsch,2,1,3
2025.06.04,01:00,01:15,Hirsch,1,0,1
2025.06.04,01:15,01:30,Hirsch,0,0,0
2025.06.04,01:30,01:45,Hirsch,0,0,0
2025.06.04,01:45,02:00,Hirsch,0,0,0
2025.06.04,02:00,02:15,Hirsch,0,0,0
2025.06.04,02:15,02:30,Hirsch,0,0,0
2025.06.04,02:30,02:45,Hirsch,0,0,0
2025.06.04,02:45,03:00,Hirsch,0,1,1
2025.06.04,03:00,03:15,Hirsch,0,0,0
2025.06.04,03:15,03:30,Hirsch,0,0,0
2025.06.04,03:30,03:45,Hirsch,0,0,0
2025.06.04,03:45,04:00,Hirsch,0,0,0
2025.06.04,04:00,04:15,Hirsch,0,0,0
2025.06.04,04:15,04:30,Hirsch,0,3,3
2025.06.04,04:30,04:45,Hirsch,0,0,0
2025.06.04,04:45,05:00,Hirsch,1,2,3
2025.06.04,05:00,05:15,Hirsch,1,4,5
2025.06.04,05:15,05:30,Hirsch,1,0,1
2025.06.04,05:30,05:45,Hirsch,2,4,6
2025.06.04,05:45,06:00,Hirsch,3,5,8
2025.06.04,06:00,06:15,Hirsch,5,10,15
2025.06.04,06:15,06:30,Hirsch,1,15,16
2025.06.04,06:30,06:45,Hirsch,6,18,24
2025.06.04,06:45,07:00,Hirsch,9,28,37
2025.06.04,07:00,07:15,Hirsch,4,33,37
2025.06.04,07:15,07:30,Hirsch,11,40,51
2025.06.04,07:30,07:45,Hirsch,14,69,83
2025.06.04,07:45,08:00,Hirsch,13,101,114
2025.06.04,08:00,08:15,Hirsch,10,104,114
2025.06.04,08:15,08:30,Hirsch,8,100,108
2025.06.04,08:30,08:45,Hirsch,11,75,86
2025.06.04,08:45,09:00,Hirsch,14,53,67
2025.06.04,09:00,09:15,Hirsch,9,41,50
2025.06.04,09:15,09:30,Hirsch,8,41,49
2025.06.04,09:30,09:45,Hirsch,5,32,37
2025.06.04,09:45,10:00,Hirsch,1,11,12
2025.06.04,10:00,10:15,Hirsch,3,19,22
2025.06.04,10:15,10:30,Hirsch,11,13,24
2025.06.04,10:30,10:45,Hirsch,12,16,28
2025.06.04,10:45,11:00,Hirsch,6,7,13
2025.06.04,11:00,11:15,Hirsch,3,7,10
2025.06.04,11:15,11:30,Hirsch,10,11,21
2025.06.04,11:30,11:45,Hirsch,5,8,13
2025.06.04,11:45,12:00,Hirsch,9,11,20
2025.06.04,12:00,12:15,Hirsch,10,9,19
2025.06.04,12:15,12:30,Hirsch,8,7,15
2025.06.04,12:30,12:45,Hirsch,14,12,26
2025.06.04,12:45,13:00,Hirsch,10,6,16
2025.06.04,13:00,13:15,Hirsch,11,3,14
2025.06.04,13:15,13:30,Hirsch,18,10,28
2025.06.04,13:30,13:45,Hirsch,20,5,25
2025.06.04,13:45,14:00,Hirsch,14,6,20
2025.06.04,14:00,14:15,Hirsch,22,3,25
2025.06.04,14:15,14:30,Hirsch,24,6,30
2025.06.04,14:30,14:45,Hirsch,19,10,29
2025.06.04,14:45,15:00,Hirsch,26,3,29
2025.06.04,15:00,15:15,Hirsch,13,4,17
2025.06.04,15:15,15:30,Hirsch,24,16,40
2025.06.04,15:30,15:45,Hirsch,30,14,44
2025.06.04,15:45,16:00,Hirsch,30,10,40
2025.06.04,16:00,16:15,Hirsch,35,7,42
2025.06.04,16:15,16:30,Hirsch,40,16,56
2025.06.04,16:30,16:45,Hirsch,53,13,66
2025.06.04,16:45,17:00,Hirsch,47,10,57
2025.06.04,17:00,17:15,Hirsch,42,13,55
2025.06.04,17:15,17:30,Hirsch,45,13,58
2025.06.04,17:30,17:45,Hirsch,49,14,63
2025.06.04,17:45,18:00,Hirsch,49,25,74
2025.06.04,18:00,18:15,Hirsch,49,10,59
2025.06.04,18:15,18:30,Hirsch,37,9,46
2025.06.04,18:30,18:45,Hirsch,27,10,37
2025.06.04,18:45,19:00,Hirsch,33,8,41
2025.06.04,19:00,19:15,Hirsch,15,11,26
2025.06.04,19:15,19:30,Hirsch,30,10,40
2025.06.04,19:30,19:45,Hirsch,22,8,30
2025.06.04,19:45,20:00,Hirsch,18,9,27
2025.06.04,20:00,20:15,Hirsch,6,3,9
2025.06.04,20:15,20:30,Hirsch,4,1,5
2025.06.04,20:30,20:45,Hirsch,8,1,9
2025.06.04,20:45,21:00,Hirsch,8,2,10
2025.06.04,21:00,21:15,Hirsch,7,0,7
2025.06.04,21:15,21:30,Hirsch,10,3,13
2025.06.04,21:30,21:45,Hirsch,7,2,9
2025.06.04,21:45,22:00,Hirsch,7,4,11
2025.06.04,22:00,22:15,Hirsch,7,1,8
2025.06.04,22:15,22:30,Hirsch,9,3,12
2025.06.04,22:30,22:45,Hirsch,5,0,5
2025.06.04,22:45,23:00,Hirsch,3,0,3
2025.06.04,23:00,23:15,Hirsch,5,2,7
2025.06.04,23:15,23:30,Hirsch,6,1,7
2025.06.04,23:30,23:45,Hirsch,1,4,5
2025.06.04,23:45,00:00,Hirsch,4,1,5
2025.06.05,00:00,00:15,Hirsch,2,0,2
2025.06.05,00:15,00:30,Hirsch,2,0,2
2025.06.05,00:30,00:45,Hirsch,4,0,4
2025.06.05,00:45,01:00,Hirsch,1,1,2
2025.06.05,01:00,01:15,Hirsch,1,1,2
2025.06.05,01:15,01:30,Hirsch,0,0,0
2025.06.05,01:30,01:45,Hirsch,0,0,0
2025.06.05,01:45,02:00,Hirsch,0,0,0
2025.06.05,02:00,02:15,Hirsch,0,0,0
2025.06.05,02:15,02:30,Hirsch,0,0,0
2025.06.05,02:30,02:45,Hirsch,0,0,0
2025.06.05,02:45,03:00,Hirsch,1,1,2
2025.06.05,03:00,03:15,Hirsch,2,0,2
2025.06.05,03:15,03:30,Hirsch,0,0,0
2025.06.05,03:30,03:45,Hirsch,0,0,0
2025.06.05,03:45,04:00,Hirsch,0,0,0
2025.06.05,04:00,04:15,Hirsch,0,0,0
2025.06.05,04:15,04:30,Hirsch,0,1,1
2025.06.05,04:30,04:45,Hirsch,0,2,2
2025.06.05,04:45,05:00,Hirsch,0,0,0
2025.06.05,05:00,05:15,Hirsch,1,2,3
2025.06.05,05:15,05:30,Hirsch,0,0,0
2025.06.05,05:30,05:45,Hirsch,1,4,5
2025.06.05,05:45,06:00,Hirsch,1,5,6
2025.06.05,06:00,06:15,Hirsch,0,5,5
2025.06.05,06:15,06:30,Hirsch,3,9,12
2025.06.05,06:30,06:45,Hirsch,0,7,7
2025.06.05,06:45,07:00,Hirsch,3,12,15
2025.06.05,07:00,07:15,Hirsch,6,20,26
2025.06.05,07:15,07:30,Hirsch,8,22,30
2025.06.05,07:30,07:45,Hirsch,6,44,50
2025.06.05,07:45,08:00,Hirsch,8,58,66
2025.06.05,08:00,08:15,Hirsch,3,47,50
2025.06.05,08:15,08:30,Hirsch,9,58,67
2025.06.05,08:30,08:45,Hirsch,10,50,60
2025.06.05,08:45,09:00,Hirsch,5,31,36
2025.06.05,09:00,09:15,Hirsch,6,20,26
2025.06.05,09:15,09:30,Hirsch,5,17,22
2025.06.05,09:30,09:45,Hirsch,4,8,12
2025.06.05,09:45,10:00,Hirsch,5,10,15
2025.06.05,10:00,10:15,Hirsch,0,3,3
2025.06.05,10:15,10:30,Hirsch,2,4,6
2025.06.05,10:30,10:45,Hirsch,3,4,7
2025.06.05,10:45,11:00,Hirsch,0,2,2
2025.06.05,11:00,11:15,Hirsch,0,0,0
2025.06.05,11:15,11:30,Hirsch,4,4,8
2025.06.05,11:30,11:45,Hirsch,2,0,2
2025.06.05,11:45,12:00,Hirsch,2,7,9
2025.06.05,12:00,12:15,Hirsch,6,4,10
2025.06.05,12:15,12:30,Hirsch,4,4,8
2025.06.05,12:30,12:45,Hirsch,2,3,5
2025.06.05,12:45,13:00,Hirsch,2,4,6
2025.06.05,13:00,13:15,Hirsch,2,2,4
2025.06.05,13:15,13:30,Hirsch,7,5,12
2025.06.05,13:30,13:45,Hirsch,6,7,13
2025.06.05,13:45,14:00,Hirsch,8,6,14
2025.06.05,14:00,14:15,Hirsch,7,5,12
2025.06.05,14:15,14:30,Hirsch,12,3,15
2025.06.05,14:30,14:45,Hirsch,22,8,30
2025.06.05,14:45,15:00,Hirsch,10,5,15
2025.06.05,15:00,15:15,Hirsch,16,6,22
2025.06.05,15:15,15:30,Hirsch,18,7,25
2025.06.05,15:30,15:45,Hirsch,13,9,22
2025.06.05,15:45,16:00,Hirsch,16,7,23
2025.06.05,16:00,16:15,Hirsch,12,6,18
2025.06.05,16:15,16:30,Hirsch,14,11,25
2025.06.05,16:30,16:45,Hirsch,24,13,37
2025.06.05,16:45,17:00,Hirsch,23,8,31
2025.06.05,17:00,17:15,Hirsch,34,9,43
2025.06.05,17:15,17:30,Hirsch,26,12,38
2025.06.05,17:30,17:45,Hirsch,30,10,40
2025.06.05,17:45,18:00,Hirsch,42,7,49
2025.06.05,18:00,18:15,Hirsch,28,8,36
2025.06.05,18:15,18:30,Hirsch,29,10,39
2025.06.05,18:30,18:45,Hirsch,26,11,37
2025.06.05,18:45,19:00,Hirsch,17,0,17
2025.06.05,19:00,19:15,Hirsch,12,10,22
2025.06.05,19:15,19:30,Hirsch,9,3,12
2025.06.05,19:30,19:45,Hirsch,11,5,16
2025.06.05,19:45,20:00,Hirsch,9,2,11
2025.06.05,20:00,20:15,Hirsch,9,5,14
2025.06.05,20:15,20:30,Hirsch,12,2,14
2025.06.05,20:30,20:45,Hirsch,9,3,12
2025.06.05,20:45,21:00,Hirsch,6,1,7
2025.06.05,21:00,21:15,Hirsch,5,1,6
2025.06.05,21:15,21:30,Hirsch,8,3,11
2025.06.05,21:30,21:45,Hirsch,5,0,5
2025.06.05,21:45,22:00,Hirsch,7,3,10
2025.06.05,22:00,22:15,Hirsch,7,1,8
2025.06.05,22:15,22:30,Hirsch,4,4,8
2025.06.05,22:30,22:45,Hirsch,3,2,5
2025.06.05,22:45,23:00,Hirsch,4,1,5
2025.06.05,23:00,23:15,Hirsch,8,1,9
2025.06.05,23:15,23:30,Hirsch,4,2,6
2025.06.05,23:30,23:45,Hirsch,1,0,1
2025.06.05,23:45,00:00,Hirsch,2,0,2
2025.06.06,00:00,00:15,Hirsch,2,0,2
2025.06.06,00:15,00:30,Hirsch,1,0,1
2025.06.06,00:30,00:45,Hirsch,2,1,3
2025.06.06,00:45,01:00,Hirsch,2,2,4
2025.06.06,01:00,01:15,Hirsch,1,0,1
2025.06.06,01:15,01:30,Hirsch,0,0,0
2025.06.06,01:30,01:45,Hirsch,2,0,2
2025.06.06,01:45,02:00,Hirsch,0,0,0
2025.06.06,02:00,02:15,Hirsch,1,0,1
2025.06.06,02:15,02:30,Hirsch,1,0,1
2025.06.06,02:30,02:45,Hirsch,0,0,0
2025.06.06,02:45,03:00,Hirsch,1,0,1
2025.06.06,03:00,03:15,Hirsch,0,0,0
2025.06.06,03:15,03:30,Hirsch,0,1,1
2025.06.06,03:30,03:45,Hirsch,0,0,0
2025.06.06,03:45,04:00,Hirsch,0,0,0
2025.06.06,04:00,04:15,Hirsch,0,0,0
2025.06.06,04:15,04:30,Hirsch,0,1,1
2025.06.06,04:30,04:45,Hirsch,0,0,0
2025.06.06,04:45,05:00,Hirsch,0,1,1
2025.06.06,05:00,05:15,Hirsch,0,3,3
2025.06.06,05:15,05:30,Hirsch,1,2,3
2025.06.06,05:30,05:45,Hirsch,1,2,3
2025.06.06,05:45,06:00,Hirsch,1,4,5
2025.06.06,06:00,06:15,Hirsch,0,10,10
2025.06.06,06:15,06:30,Hirsch,1,10,11
2025.06.06,06:30,06:45,Hirsch,4,14,18
2025.06.06,06:45,07:00,Hirsch,8,18,26
2025.06.06,07:00,07:15,Hirsch,3,18,21
2025.06.06,07:15,07:30,Hirsch,10,41,51
2025.06.06,07:30,07:45,Hirsch,9,49,58
2025.06.06,07:45,08:00,Hirsch,12,41,53
2025.06.06,08:00,08:15,Hirsch,5,51,56
2025.06.06,08:15,08:30,Hirsch,9,61,70
2025.06.06,08:30,08:45,Hirsch,5,43,48
2025.06.06,08:45,09:00,Hirsch,6,36,42
2025.06.06,09:00,09:15,Hirsch,3,19,22
2025.06.06,09:15,09:30,Hirsch,9,26,35
2025.06.06,09:30,09:45,Hirsch,6,26,32
2025.06.06,09:45,10:00,Hirsch,7,22,29
2025.06.06,10:00,10:15,Hirsch,7,12,19
2025.06.06,10:15,10:30,Hirsch,5,8,13
2025.06.06,10:30,10:45,Hirsch,11,19,30
2025.06.06,10:45,11:00,Hirsch,9,9,18
2025.06.06,11:00,11:15,Hirsch,4,15,19
2025.06.06,11:15,11:30,Hirsch,8,10,18
2025.06.06,11:30,11:45,Hirsch,8,12,20
2025.06.06,11:45,12:00,Hirsch,13,9,22
2025.06.06,12:00,12:15,Hirsch,10,6,16
2025.06.06,12:15,12:30,Hirsch,10,8,18
2025.06.06,12:30,12:45,Hirsch,17,14,31
2025.06.06,12:45,13:00,Hirsch,13,11,24
2025.06.06,13:00,13:15,Hirsch,17,6,23
2025.06.06,13:15,13:30,Hirsch,12,13,25
2025.06.06,13:30,13:45,Hirsch,18,13,31
2025.06.06,13:45,14:00,Hirsch,13,16,29
2025.06.06,14:00,14:15,Hirsch,18,14,32
2025.06.06,14:15,14:30,Hirsch,20,5,25
2025.06.06,14:30,14:45,Hirsch,17,11,28
2025.06.06,14:45,15:00,Hirsch,26,11,37
2025.06.06,15:00,15:15,Hirsch,26,10,36
2025.06.06,15:15,15:30,Hirsch,26,12,38
2025.06.06,15:30,15:45,Hirsch,33,13,46
2025.06.06,15:45,16:00,Hirsch,22,12,34
2025.06.06,16:00,16:15,Hirsch,28,8,36
2025.06.06,16:15,16:30,Hirsch,26,8,34
2025.06.06,16:30,16:45,Hirsch,35,11,46
2025.06.06,16:45,17:00,Hirsch,25,12,37
2025.06.06,17:00,17:15,Hirsch,34,18,52
2025.06.06,17:15,17:30,Hirsch,33,19,52
2025.06.06,17:30,17:45,Hirsch,33,21,54
2025.06.06,17:45,18:00,Hirsch,32,12,44
2025.06.06,18:00,18:15,Hirsch,16,7,23
2025.06.06,18:15,18:30,Hirsch,22,4,26
2025.06.06,18:30,18:45,Hirsch,20,8,28
2025.06.06,18:45,19:00,Hirsch,16,11,27
2025.06.06,19:00,19:15,Hirsch,16,7,23
2025.06.06,19:15,19:30,Hirsch,11,13,24
2025.06.06,19:30,19:45,Hirsch,13,8,21
2025.06.06,19:45,20:00,Hirsch,9,3,12
2025.06.06,20:00,20:15,Hirsch,11,5,16
2025.06.06,20:15,20:30,Hirsch,8,6,14
2025.06.06,20:30,20:45,Hirsch,1,3,4
2025.06.06,20:45,21:00,Hirsch,11,9,20
2025.06.06,21:00,21:15,Hirsch,4,4,8
2025.06.06,21:15,21:30,Hirsch,10,7,17
2025.06.06,21:30,21:45,Hirsch,6,1,7
2025.06.06,21:45,22:00,Hirsch,2,8,10
2025.06.06,22:00,22:15,Hirsch,3,0,3
2025.06.06,22:15,22:30,Hirsch,8,3,11
2025.06.06,22:30,22:45,Hirsch,9,1,10
2025.06.06,22:45,23:00,Hirsch,3,3,6
2025.06.06,23:00,23:15,Hirsch,4,0,4
2025.06.06,23:15,23:30,Hirsch,2,2,4
2025.06.06,23:30,23:45,Hirsch,4,2,6
2025.06.06,23:45,00:00,Hirsch,8,1,9
2025.06.07,00:00,00:15,Hirsch,3,1,4
2025.06.07,00:15,00:30,Hirsch,2,0,2
2025.06.07,00:30,00:45,Hirsch,0,0,0
2025.06.07,00:45,01:00,Hirsch,4,0,4
2025.06.07,01:00,01:15,Hirsch,3,1,4
2025.06.07,01:15,01:30,Hirsch,3,0,3
2025.06.07,01:30,01:45,Hirsch,2,2,4
2025.06.07,01:45,02:00,Hirsch,2,1,3
2025.06.07,02:00,02:15,Hirsch,0,0,0
2025.06.07,02:15,02:30,Hirsch,4,0,4
2025.06.07,02:30,02:45,Hirsch,0,0,0
2025.06.07,02:45,03:00,Hirsch,1,0,1
2025.06.07,03:00,03:15,Hirsch,0,0,0
2025.06.07,03:15,03:30,Hirsch,1,1,2
2025.06.07,03:30,03:45,Hirsch,0,1,1
2025.06.07,03:45,04:00,Hirsch,1,0,1
2025.06.07,04:00,04:15,Hirsch,0,0,0
2025.06.07,04:15,04:30,Hirsch,0,0,0
2025.06.07,04:30,04:45,Hirsch,0,0,0
2025.06.07,04:45,05:00,Hirsch,1,0,1
2025.06.07,05:00,05:15,Hirsch,0,1,1
2025.06.07,05:15,05:30,Hirsch,0,0,0
2025.06.07,05:30,05:45,Hirsch,0,3,3
2025.06.07,05:45,06:00,Hirsch,2,2,4
2025.06.07,06:00,06:15,Hirsch,1,1,2
2025.06.07,06:15,06:30,Hirsch,0,0,0
2025.06.07,06:30,06:45,Hirsch,0,0,0
2025.06.07,06:45,07:00,Hirsch,2,3,5
2025.06.07,07:00,07:15,Hirsch,0,2,2
2025.06.07,07:15,07:30,Hirsch,0,2,2
2025.06.07,07:30,07:45,Hirsch,1,0,1
2025.06.07,07:45,08:00,Hirsch,0,0,0
2025.06.07,08:00,08:15,Hirsch,0,1,1
2025.06.07,08:15,08:30,Hirsch,0,1,1
2025.06.07,08:30,08:45,Hirsch,2,1,3
2025.06.07,08:45,09:00,Hirsch,1,1,2
2025.06.07,09:00,09:15,Hirsch,0,0,0
2025.06.07,09:15,09:30,Hirsch,0,4,4
2025.06.07,09:30,09:45,Hirsch,0,4,4
2025.06.07,09:45,10:00,Hirsch,1,2,3
2025.06.07,10:00,10:15,Hirsch,0,11,11
2025.06.07,10:15,10:30,Hirsch,0,2,2
2025.06.07,10:30,10:45,Hirsch,4,3,7
2025.06.07,10:45,11:00,Hirsch,1,6,7
2025.06.07,11:00,11:15,Hirsch,4,4,8
2025.06.07,11:15,11:30,Hirsch,3,2,5
2025.06.07,11:30,11:45,Hirsch,5,5,10
2025.06.07,11:45,12:00,Hirsch,4,6,10
2025.06.07,12:00,12:15,Hirsch,3,4,7
2025.06.07,12:15,12:30,Hirsch,2,2,4
2025.06.07,12:30,12:45,Hirsch,2,1,3
2025.06.07,12:45,13:00,Hirsch,1,4,5
2025.06.07,13:00,13:15,Hirsch,2,1,3
2025.06.07,13:15,13:30,Hirsch,2,5,7
2025.06.07,13:30,13:45,Hirsch,8,2,10
2025.06.07,13:45,14:00,Hirsch,3,2,5
2025.06.07,14:00,14:15,Hirsch,4,6,10
2025.06.07,14:15,14:30,Hirsch,6,4,10
2025.06.07,14:30,14:45,Hirsch,5,2,7
2025.06.07,14:45,15:00,Hirsch,2,5,7
2025.06.07,15:00,15:15,Hirsch,6,7,13
2025.06.07,15:15,15:30,Hirsch,9,5,14
2025.06.07,15:30,15:45,Hirsch,8,8,16
2025.06.07,15:45,16:00,Hirsch,7,10,17
2025.06.07,16:00,16:15,Hirsch,6,1,7
2025.06.07,16:15,16:30,Hirsch,3,2,5
2025.06.07,16:30,16:45,Hirsch,0,5,5
2025.06.07,16:45,17:00,Hirsch,3,5,8
2025.06.07,17:00,17:15,Hirsch,3,4,7
2025.06.07,17:15,17:30,Hirsch,4,4,8
2025.06.07,17:30,17:45,Hirsch,3,4,7
2025.06.07,17:45,18:00,Hirsch,2,1,3
2025.06.07,18:00,18:15,Hirsch,0,1,1
2025.06.07,18:15,18:30,Hirsch,1,1,2
2025.06.07,18:30,18:45,Hirsch,4,0,4
2025.06.07,18:45,19:00,Hirsch,1,6,7
2025.06.07,19:00,19:15,Hirsch,2,2,4
2025.06.07,19:15,19:30,Hirsch,1,0,1
2025.06.07,19:30,19:45,Hirsch,0,1,1
2025.06.07,19:45,20:00,Hirsch,1,2,3
2025.06.07,20:00,20:15,Hirsch,4,1,5
2025.06.07,20:15,20:30,Hirsch,3,3,6
2025.06.07,20:30,20:45,Hirsch,0,2,2
2025.06.07,20:45,21:00,Hirsch,5,1,6
2025.06.07,21:00,21:15,Hirsch,2,2,4
2025.06.07,21:15,21:30,Hirsch,6,3,9
2025.06.07,21:30,21:45,Hirsch,1,0,1
2025.06.07,21:45,22:00,Hirsch,1,1,2
2025.06.07,22:00,22:15,Hirsch,2,2,4
2025.06.07,22:15,22:30,Hirsch,0,0,0
2025.06.07,22:30,22:45,Hirsch,1,1,2
2025.06.07,22:45,23:00,Hirsch,2,0,2
2025.06.07,23:00,23:15,Hirsch,5,2,7
2025.06.07,23:15,23:30,Hirsch,0,0,0
2025.06.07,23:30,23:45,Hirsch,0,1,1
2025.06.07,23:45,00:00,Hirsch,1,0,1
2025.06.08,00:00,00:15,Hirsch,0,0,0
2025.06.08,00:15,00:30,Hirsch,0,1,1
2025.06.08,00:30,00:45,Hirsch,0,0,0
2025.06.08,00:45,01:00,Hirsch,1,1,2
2025.06.08,01:00,01:15,Hirsch,0,0,0
2025.06.08,01:15,01:30,Hirsch,0,0,0
2025.06.08,01:30,01:45,Hirsch,0,0,0
2025.06.08,01:45,02:00,Hirsch,0,0,0
2025.06.08,02:00,02:15,Hirsch,1,0,1
2025.06.08,02:15,02:30,Hirsch,0,0,0
2025.06.08,02:30,02:45,Hirsch,1,1,2
2025.06.08,02:45,03:00,Hirsch,1,0,1
2025.06.08,03:00,03:15,Hirsch,0,0,0
2025.06.08,03:15,03:30,Hirsch,0,0,0
2025.06.08,03:30,03:45,Hirsch,0,1,1
2025.06.08,03:45,04:00,Hirsch,0,0,0
2025.06.08,04:00,04:15,Hirsch,1,0,1
2025.06.08,04:15,04:30,Hirsch,0,0,0
2025.06.08,04:30,04:45,Hirsch,0,0,0
2025.06.08,04:45,05:00,Hirsch,0,0,0
2025.06.08,05:00,05:15,Hirsch,1,0,1
2025.06.08,05:15,05:30,Hirsch,0,0,0
2025.06.08,05:30,05:45,Hirsch,0,0,0
2025.06.08,05:45,06:00,Hirsch,0,1,1
2025.06.08,06:00,06:15,Hirsch,0,1,1
2025.06.08,06:15,06:30,Hirsch,1,0,1
2025.06.08,06:30,06:45,Hirsch,1,0,1
2025.06.08,06:45,07:00,Hirsch,0,1,1
2025.06.08,07:00,07:15,Hirsch,1,0,1
2025.06.08,07:15,07:30,Hirsch,3,2,5
2025.06.08,07:30,07:45,Hirsch,1,0,1
2025.06.08,07:45,08:00,Hirsch,0,1,1
2025.06.08,08:00,08:15,Hirsch,0,0,0
2025.06.08,08:15,08:30,Hirsch,1,2,3
2025.06.08,08:30,08:45,Hirsch,3,1,4
2025.06.08,08:45,09:00,Hirsch,2,0,2
2025.06.08,09:00,09:15,Hirsch,1,5,6
2025.06.08,09:15,09:30,Hirsch,1,6,7
2025.06.08,09:30,09:45,Hirsch,1,8,9
2025.06.08,09:45,10:00,Hirsch,3,5,8
2025.06.08,10:00,10:15,Hirsch,4,4,8
2025.06.08,10:15,10:30,Hirsch,3,5,8
2025.06.08,10:30,10:45,Hirsch,6,6,12
2025.06.08,10:45,11:00,Hirsch,3,4,7
2025.06.08,11:00,11:15,Hirsch,3,7,10
2025.06.08,11:15,11:30,Hirsch,9,7,16
2025.06.08,11:30,11:45,Hirsch,2,7,9
2025.06.08,11:45,12:00,Hirsch,6,5,11
2025.06.08,12:00,12:15,Hirsch,8,11,19
2025.06.08,12:15,12:30,Hirsch,10,9,19
2025.06.08,12:30,12:45,Hirsch,3,10,13
2025.06.08,12:45,13:00,Hirsch,6,9,15
2025.06.08,13:00,13:15,Hirsch,3,6,9
2025.06.08,13:15,13:30,Hirsch,6,8,14
2025.06.08,13:30,13:45,Hirsch,6,6,12
2025.06.08,13:45,14:00,Hirsch,5,2,7
2025.06.08,14:00,14:15,Hirsch,6,7,13
2025.06.08,14:15,14:30,Hirsch,4,13,17
2025.06.08,14:30,14:45,Hirsch,1,1,2
2025.06.08,14:45,15:00,Hirsch,8,2,10
2025.06.08,15:00,15:15,Hirsch,7,3,10
2025.06.08,15:15,15:30,Hirsch,11,3,14
2025.06.08,15:30,15:45,Hirsch,3,2,5
2025.06.08,15:45,16:00,Hirsch,2,5,7
2025.06.08,16:00,16:15,Hirsch,11,6,17
2025.06.08,16:15,16:30,Hirsch,3,6,9
2025.06.08,16:30,16:45,Hirsch,4,3,7
2025.06.08,16:45,17:00,Hirsch,0,8,8
2025.06.08,17:00,17:15,Hirsch,6,3,9
2025.06.08,17:15,17:30,Hirsch,5,7,12
2025.06.08,17:30,17:45,Hirsch,8,0,8
2025.06.08,17:45,18:00,Hirsch,1,6,7
2025.06.08,18:00,18:15,Hirsch,10,7,17
2025.06.08,18:15,18:30,Hirsch,4,2,6
2025.06.08,18:30,18:45,Hirsch,6,3,9
2025.06.08,18:45,19:00,Hirsch,5,1,6
2025.06.08,19:00,19:15,Hirsch,0,5,5
2025.06.08,19:15,19:30,Hirsch,2,3,5
2025.06.08,19:30,19:45,Hirsch,5,6,11
2025.06.08,19:45,20:00,Hirsch,1,4,5
2025.06.08,20:00,20:15,Hirsch,3,6,9
2025.06.08,20:15,20:30,Hirsch,7,5,12
2025.06.08,20:30,20:45,Hirsch,3,3,6
2025.06.08,20:45,21:00,Hirsch,2,1,3
2025.06.08,21:00,21:15,Hirsch,0,1,1
2025.06.08,21:15,21:30,Hirsch,5,1,6
2025.06.08,21:30,21:45,Hirsch,0,5,5
2025.06.08,21:45,22:00,Hirsch,1,0,1
2025.06.08,22:00,22:15,Hirsch,1,0,1
2025.06.08,22:15,22:30,Hirsch,0,0,0
2025.06.08,22:30,22:45,Hirsch,2,0,2
2025.06.08,22:45,23:00,Hirsch,2,0,2
2025.06.08,23:00,23:15,Hirsch,4,0,4
2025.06.08,23:15,23:30,Hirsch,1,0,1
2025.06.08,23:30,23:45,Hirsch,0,1,1
2025.06.08,23:45,00:00,Hirsch,2,1,3
2025.06.09,00:00,00:15,Hirsch,1,0,1
2025.06.09,00:15,00:30,Hirsch,4,1,5
2025.06.09,00:30,00:45,Hirsch,0,3,3
2025.06.09,00:45,01:00,Hirsch,0,0,0
2025.06.09,01:00,01:15,Hirsch,3,0,3
2025.06.09,01:15,01:30,Hirsch,0,0,0
2025.06.09,01:30,01:45,Hirsch,0,0,0
2025.06.09,01:45,02:00,Hirsch,0,0,0
2025.06.09,02:00,02:15,Hirsch,0,0,0
2025.06.09,02:15,02:30,Hirsch,1,0,1
2025.06.09,02:30,02:45,Hirsch,0,1,1
2025.06.09,02:45,03:00,Hirsch,1,0,1
2025.06.09,03:00,03:15,Hirsch,0,0,0
2025.06.09,03:15,03:30,Hirsch,0,0,0
2025.06.09,03:30,03:45,Hirsch,0,0,0
2025.06.09,03:45,04:00,Hirsch,1,0,1
2025.06.09,04:00,04:15,Hirsch,0,0,0
2025.06.09,04:15,04:30,Hirsch,1,0,1
2025.06.09,04:30,04:45,Hirsch,1,0,1
2025.06.09,04:45,05:00,Hirsch,0,0,0
2025.06.09,05:00,05:15,Hirsch,0,1,1
2025.06.09,05:15,05:30,Hirsch,0,3,3
2025.06.09,05:30,05:45,Hirsch,0,0,0
2025.06.09,05:45,06:00,Hirsch,2,1,3
2025.06.09,06:00,06:15,Hirsch,1,2,3
2025.06.09,06:15,06:30,Hirsch,1,1,2
2025.06.09,06:30,06:45,Hirsch,0,3,3
2025.06.09,06:45,07:00,Hirsch,0,0,0
2025.06.09,07:00,07:15,Hirsch,0,4,4
2025.06.09,07:15,07:30,Hirsch,3,1,4
2025.06.09,07:30,07:45,Hirsch,0,2,2
2025.06.09,07:45,08:00,Hirsch,0,1,1
2025.06.09,08:00,08:15,Hirsch,1,1,2
2025.06.09,08:15,08:30,Hirsch,4,3,7
2025.06.09,08:30,08:45,Hirsch,6,4,10
2025.06.09,08:45,09:00,Hirsch,4,5,9
2025.06.09,09:00,09:15,Hirsch,4,2,6
2025.06.09,09:15,09:30,Hirsch,5,13,18
2025.06.09,09:30,09:45,Hirsch,4,6,10
2025.06.09,09:45,10:00,Hirsch,1,6,7
2025.06.09,10:00,10:15,Hirsch,14,3,17
2025.06.09,10:15,10:30,Hirsch,6,13,19
2025.06.09,10:30,10:45,Hirsch,26,9,35
2025.06.09,10:45,11:00,Hirsch,7,11,18
2025.06.09,11:00,11:15,Hirsch,6,18,24
2025.06.09,11:15,11:30,Hirsch,11,12,23
2025.06.09,11:30,11:45,Hirsch,20,10,30
2025.06.09,11:45,12:00,Hirsch,8,20,28
2025.06.09,12:00,12:15,Hirsch,4,6,10
2025.06.09,12:15,12:30,Hirsch,16,9,25
2025.06.09,12:30,12:45,Hirsch,12,15,27
2025.06.09,12:45,13:00,Hirsch,15,15,30
2025.06.09,13:00,13:15,Hirsch,10,18,28
2025.06.09,13:15,13:30,Hirsch,16,15,31
2025.06.09,13:30,13:45,Hirsch,30,28,58
2025.06.09,13:45,14:00,Hirsch,28,15,43
2025.06.09,14:00,14:15,Hirsch,11,11,22
2025.06.09,14:15,14:30,Hirsch,27,34,61
2025.06.09,14:30,14:45,Hirsch,21,15,36
2025.06.09,14:45,15:00,Hirsch,28,27,55
2025.06.09,15:00,15:15,Hirsch,21,15,36
2025.06.09,15:15,15:30,Hirsch,26,19,45
2025.06.09,15:30,15:45,Hirsch,12,9,21
2025.06.09,15:45,16:00,Hirsch,22,7,29
2025.06.09,16:00,16:15,Hirsch,31,24,55
2025.06.09,16:15,16:30,Hirsch,11,16,27
2025.06.09,16:30,16:45,Hirsch,24,24,48
2025.06.09,16:45,17:00,Hirsch,7,22,29
2025.06.09,17:00,17:15,Hirsch,9,24,33
2025.06.09,17:15,17:30,Hirsch,16,21,37
2025.06.09,17:30,17:45,Hirsch,21,21,42
2025.06.09,17:45,18:00,Hirsch,11,17,28
2025.06.09,18:00,18:15,Hirsch,14,26,40
2025.06.09,18:15,18:30,Hirsch,25,18,43
2025.06.09,18:30,18:45,Hirsch,11,16,27
2025.06.09,18:45,19:00,Hirsch,23,12,35
2025.06.09,19:00,19:15,Hirsch,21,16,37
2025.06.09,19:15,19:30,Hirsch,17,13,30
2025.06.09,19:30,19:45,Hirsch,20,13,33
2025.06.09,19:45,20:00,Hirsch,21,13,34
2025.06.09,20:00,20:15,Hirsch,5,9,14
2025.06.09,20:15,20:30,Hirsch,8,6,14
2025.06.09,20:30,20:45,Hirsch,11,7,18
2025.06.09,20:45,21:00,Hirsch,9,3,12
2025.06.09,21:00,21:15,Hirsch,4,7,11
2025.06.09,21:15,21:30,Hirsch,6,1,7
2025.06.09,21:30,21:45,Hirsch,5,1,6
2025.06.09,21:45,22:00,Hirsch,7,3,10
2025.06.09,22:00,22:15,Hirsch,1,2,3
2025.06.09,22:15,22:30,Hirsch,3,2,5
2025.06.09,22:30,22:45,Hirsch,0,2,2
2025.06.09,22:45,23:00,Hirsch,1,0,1
2025.06.09,23:00,23:15,Hirsch,0,1,1
2025.06.09,23:15,23:30,Hirsch,2,0,2
2025.06.09,23:30,23:45,Hirsch,1,0,1
2025.06.09,23:45,00:00,Hirsch,0,0,0
2025.06.10,00:00,00:15,Hirsch,1,0,1
2025.06.10,00:15,00:30,Hirsch,1,1,2
2025.06.10,00:30,00:45,Hirsch,1,0,1
2025.06.10,00:45,01:00,Hirsch,0,0,0
2025.06.10,01:00,01:15,Hirsch,0,0,0
2025.06.10,01:15,01:30,Hirsch,0,0,0
2025.06.10,01:30,01:45,Hirsch,0,0,0
2025.06.10,01:45,02:00,Hirsch,0,0,0
2025.06.10,02:00,02:15,Hirsch,0,0,0
2025.06.10,02:15,02:30,Hirsch,0,0,0
2025.06.10,02:30,02:45,Hirsch,0,0,0
2025.06.10,02:45,03:00,Hirsch,0,0,0
2025.06.10,03:00,03:15,Hirsch,0,0,0
2025.06.10,03:15,03:30,Hirsch,0,0,0
2025.06.10,03:30,03:45,Hirsch,0,0,0
2025.06.10,03:45,04:00,Hirsch,0,0,0
2025.06.10,04:00,04:15,Hirsch,0,0,0
2025.06.10,04:15,04:30,Hirsch,1,0,1
2025.06.10,04:30,04:45,Hirsch,0,0,0
2025.06.10,04:45,05:00,Hirsch,0,0,0
2025.06.10,05:00,05:15,Hirsch,0,5,5
2025.06.10,05:15,05:30,Hirsch,0,5,5
2025.06.10,05:30,05:45,Hirsch,1,10,11
2025.06.10,05:45,06:00,Hirsch,0,7,7
2025.06.10,06:00,06:15,Hirsch,4,13,17
2025.06.10,06:15,06:30,Hirsch,3,13,16
2025.06.10,06:30,06:45,Hirsch,7,18,25
2025.06.10,06:45,07:00,Hirsch,6,23,29
2025.06.10,07:00,07:15,Hirsch,4,33,37
2025.06.10,07:15,07:30,Hirsch,7,51,58
2025.06.10,07:30,07:45,Hirsch,4,54,58
2025.06.10,07:45,08:00,Hirsch,19,84,103
2025.06.10,08:00,08:15,Hirsch,5,77,82
2025.06.10,08:15,08:30,Hirsch,9,84,93
2025.06.10,08:30,08:45,Hirsch,14,83,97
2025.06.10,08:45,09:00,Hirsch,11,53,64
2025.06.10,09:00,09:15,Hirsch,9,45,54
2025.06.10,09:15,09:30,Hirsch,8,38,46
2025.06.10,09:30,09:45,Hirsch,12,27,39
2025.06.10,09:45,10:00,Hirsch,6,20,26
2025.06.10,10:00,10:15,Hirsch,6,15,21
2025.06.10,10:15,10:30,Hirsch,2,16,18
2025.06.10,10:30,10:45,Hirsch,6,12,18
2025.06.10,10:45,11:00,Hirsch,6,16,22
2025.06.10,11:00,11:15,Hirsch,5,11,16
2025.06.10,11:15,11:30,Hirsch,4,11,15
2025.06.10,11:30,11:45,Hirsch,6,5,11
2025.06.10,11:45,12:00,Hirsch,4,7,11
2025.06.10,12:00,12:15,Hirsch,5,5,10
2025.06.10,12:15,12:30,Hirsch,11,11,22
2025.06.10,12:30,12:45,Hirsch,9,7,16
2025.06.10,12:45,13:00,Hirsch,9,6,15
2025.06.10,13:00,13:15,Hirsch,11,6,17
2025.06.10,13:15,13:30,Hirsch,15,8,23
2025.06.10,13:30,13:45,Hirsch,15,11,26
2025.06.10,13:45,14:00,Hirsch,22,4,26
2025.06.10,14:00,14:15,Hirsch,18,6,24
2025.06.10,14:15,14:30,Hirsch,11,14,25
2025.06.10,14:30,14:45,Hirsch,13,8,21
2025.06.10,14:45,15:00,Hirsch,16,11,27
2025.06.10,15:00,15:15,Hirsch,18,4,22
2025.06.10,15:15,15:30,Hirsch,22,5,27
2025.06.10,15:30,15:45,Hirsch,26,15,41
2025.06.10,15:45,16:00,Hirsch,29,3,32
2025.06.10,16:00,16:15,Hirsch,28,11,39
2025.06.10,16:15,16:30,Hirsch,42,12,54
2025.06.10,16:30,16:45,Hirsch,39,15,54
2025.06.10,16:45,17:00,Hirsch,38,10,48
2025.06.10,17:00,17:15,Hirsch,52,11,63
2025.06.10,17:15,17:30,Hirsch,43,15,58
2025.06.10,17:30,17:45,Hirsch,41,19,60
2025.06.10,17:45,18:00,Hirsch,67,12,79
2025.06.10,18:00,18:15,Hirsch,45,19,64
2025.06.10,18:15,18:30,Hirsch,57,20,77
2025.06.10,18:30,18:45,Hirsch,45,22,67
2025.06.10,18:45,19:00,Hirsch,32,23,55
2025.06.10,19:00,19:15,Hirsch,26,20,46
2025.06.10,19:15,19:30,Hirsch,30,9,39
2025.06.10,19:30,19:45,Hirsch,22,11,33
2025.06.10,19:45,20:00,Hirsch,27,9,36
2025.06.10,20:00,20:15,Hirsch,25,4,29
2025.06.10,20:15,20:30,Hirsch,13,5,18
2025.06.10,20:30,20:45,Hirsch,10,8,18
2025.06.10,20:45,21:00,Hirsch,18,8,26
2025.06.10,21:00,21:15,Hirsch,9,6,15
2025.06.10,21:15,21:30,Hirsch,18,5,23
2025.06.10,21:30,21:45,Hirsch,5,3,8
2025.06.10,21:45,22:00,Hirsch,11,2,13
2025.06.10,22:00,22:15,Hirsch,4,3,7
2025.06.10,22:15,22:30,Hirsch,6,2,8
2025.06.10,22:30,22:45,Hirsch,11,1,12
2025.06.10,22:45,23:00,Hirsch,6,1,7
2025.06.10,23:00,23:15,Hirsch,9,2,11
2025.06.10,23:15,23:30,Hirsch,9,0,9
2025.06.10,23:30,23:45,Hirsch,5,3,8
2025.06.10,23:45,00:00,Hirsch,1,0,1
2025.06.11,00:00,00:15,Hirsch,3,1,4
2025.06.11,00:15,00:30,Hirsch,2,1,3
2025.06.11,00:30,00:45,Hirsch,2,1,3
2025.06.11,00:45,01:00,Hirsch,1,0,1
2025.06.11,01:00,01:15,Hirsch,0,1,1
2025.06.11,01:15,01:30,Hirsch,1,0,1
2025.06.11,01:30,01:45,Hirsch,0,0,0
2025.06.11,01:45,02:00,Hirsch,0,0,0
2025.06.11,02:00,02:15,Hirsch,0,0,0
2025.06.11,02:15,02:30,Hirsch,0,0,0
2025.06.11,02:30,02:45,Hirsch,1,0,1
2025.06.11,02:45,03:00,Hirsch,0,0,0
2025.06.11,03:00,03:15,Hirsch,1,0,1
2025.06.11,03:15,03:30,Hirsch,0,0,0
2025.06.11,03:30,03:45,Hirsch,0,0,0
2025.06.11,03:45,04:00,Hirsch,0,0,0
2025.06.11,04:00,04:15,Hirsch,0,0,0
2025.06.11,04:15,04:30,Hirsch,0,1,1
2025.06.11,04:30,04:45,Hirsch,0,0,0
2025.06.11,04:45,05:00,Hirsch,0,0,0
2025.06.11,05:00,05:15,Hirsch,0,3,3
2025.06.11,05:15,05:30,Hirsch,0,2,2
2025.06.11,05:30,05:45,Hirsch,1,9,10
2025.06.11,05:45,06:00,Hirsch,0,10,10
2025.06.11,06:00,06:15,Hirsch,4,9,13
2025.06.11,06:15,06:30,Hirsch,3,19,22
2025.06.11,06:30,06:45,Hirsch,8,18,26
2025.06.11,06:45,07:00,Hirsch,7,29,36
2025.06.11,07:00,07:15,Hirsch,3,28,31
2025.06.11,07:15,07:30,Hirsch,5,54,59
2025.06.11,07:30,07:45,Hirsch,16,56,72
2025.06.11,07:45,08:00,Hirsch,16,82,98
2025.06.11,08:00,08:15,Hirsch,16,88,104
2025.06.11,08:15,08:30,Hirsch,13,85,98
2025.06.11,08:30,08:45,Hirsch,12,78,90
2025.06.11,08:45,09:00,Hirsch,7,77,84
2025.06.11,09:00,09:15,Hirsch,12,44,56
2025.06.11,09:15,09:30,Hirsch,5,44,49
2025.06.11,09:30,09:45,Hirsch,7,27,34
2025.06.11,09:45,10:00,Hirsch,9,21,30
2025.06.11,10:00,10:15,Hirsch,6,14,20
2025.06.11,10:15,10:30,Hirsch,8,14,22
2025.06.11,10:30,10:45,Hirsch,11,14,25
2025.06.11,10:45,11:00,Hirsch,8,11,19
2025.06.11,11:00,11:15,Hirsch,5,9,14
2025.06.11,11:15,11:30,Hirsch,10,13,23
2025.06.11,11:30,11:45,Hirsch,2,13,15
2025.06.11,11:45,12:00,Hirsch,7,7,14
2025.06.11,12:00,12:15,Hirsch,10,10,20
2025.06.11,12:15,12:30,Hirsch,8,9,17
2025.06.11,12:30,12:45,Hirsch,11,9,20
2025.06.11,12:45,13:00,Hirsch,15,8,23
2025.06.11,13:00,13:15,Hirsch,12,4,16
2025.06.11,13:15,13:30,Hirsch,17,12,29
2025.06.11,13:30,13:45,Hirsch,9,7,16
2025.06.11,13:45,14:00,Hirsch,10,10,20
2025.06.11,14:00,14:15,Hirsch,12,7,19
2025.06.11,14:15,14:30,Hirsch,17,11,28
2025.06.11,14:30,14:45,Hirsch,23,7,30
2025.06.11,14:45,15:00,Hirsch,13,12,25
2025.06.11,15:00,15:15,Hirsch,27,5,32
2025.06.11,15:15,15:30,Hirsch,24,7,31
2025.06.11,15:30,15:45,Hirsch,17,12,29
2025.06.11,15:45,16:00,Hirsch,38,15,53
2025.06.11,16:00,16:15,Hirsch,32,6,38
2025.06.11,16:15,16:30,Hirsch,50,14,64
2025.06.11,16:30,16:45,Hirsch,45,19,64
2025.06.11,16:45,17:00,Hirsch,42,20,62
2025.06.11,17:00,17:15,Hirsch,43,22,65
2025.06.11,17:15,17:30,Hirsch,42,16,58
2025.06.11,17:30,17:45,Hirsch,72,23,95
2025.06.11,17:45,18:00,Hirsch,70,20,90
2025.06.11,18:00,18:15,Hirsch,65,24,89
2025.06.11,18:15,18:30,Hirsch,45,21,66
2025.06.11,18:30,18:45,Hirsch,39,14,53
2025.06.11,18:45,19:00,Hirsch,36,19,55
2025.06.11,19:00,19:15,Hirsch,40,11,51
2025.06.11,19:15,19:30,Hirsch,33,25,58
2025.06.11,19:30,19:45,Hirsch,24,16,40
2025.06.11,19:45,20:00,Hirsch,26,16,42
2025.06.11,20:00,20:15,Hirsch,20,10,30
2025.06.11,20:15,20:30,Hirsch,26,16,42
2025.06.11,20:30,20:45,Hirsch,23,9,32
2025.06.11,20:45,21:00,Hirsch,11,13,24
2025.06.11,21:00,21:15,Hirsch,17,7,24
2025.06.11,21:15,21:30,Hirsch,19,10,29
2025.06.11,21:30,21:45,Hirsch,13,8,21
2025.06.11,21:45,22:00,Hirsch,13,3,16
2025.06.11,22:00,22:15,Hirsch,16,3,19
2025.06.11,22:15,22:30,Hirsch,12,4,16
2025.06.11,22:30,22:45,Hirsch,16,3,19
2025.06.11,22:45,23:00,Hirsch,9,1,10
2025.06.11,23:00,23:15,Hirsch,13,3,16
2025.06.11,23:15,23:30,Hirsch,2,1,3
2025.06.11,23:30,23:45,Hirsch,5,3,8
2025.06.11,23:45,00:00,Hirsch,3,0,3
2025.06.12,00:00,00:15,Hirsch,2,1,3
2025.06.12,00:15,00:30,Hirsch,3,0,3
2025.06.12,00:30,00:45,Hirsch,0,1,1
2025.06.12,00:45,01:00,Hirsch,0,0,0
2025.06.12,01:00,01:15,Hirsch,4,0,4
2025.06.12,01:15,01:30,Hirsch,0,0,0
2025.06.12,01:30,01:45,Hirsch,0,0,0
2025.06.12,01:45,02:00,Hirsch,1,0,1
2025.06.12,02:00,02:15,Hirsch,0,1,1
2025.06.12,02:15,02:30,Hirsch,0,0,0
2025.06.12,02:30,02:45,Hirsch,0,1,1
2025.06.12,02:45,03:00,Hirsch,0,0,0
2025.06.12,03:00,03:15,Hirsch,0,0,0
2025.06.12,03:15,03:30,Hirsch,0,0,0
2025.06.12,03:30,03:45,Hirsch,0,0,0
2025.06.12,03:45,04:00,Hirsch,0,1,1
2025.06.12,04:00,04:15,Hirsch,0,0,0
2025.06.12,04:15,04:30,Hirsch,0,0,0
2025.06.12,04:30,04:45,Hirsch,0,0,0
2025.06.12,04:45,05:00,Hirsch,0,0,0
2025.06.12,05:00,05:15,Hirsch,0,3,3
2025.06.12,05:15,05:30,Hirsch,0,4,4
2025.06.12,05:30,05:45,Hirsch,0,11,11
2025.06.12,05:45,06:00,Hirsch,1,9,10
2025.06.12,06:00,06:15,Hirsch,1,7,8
2025.06.12,06:15,06:30,Hirsch,1,16,17
2025.06.12,06:30,06:45,Hirsch,2,15,17
2025.06.12,06:45,07:00,Hirsch,9,29,38
2025.06.12,07:00,07:15,Hirsch,6,30,36
2025.06.12,07:15,07:30,Hirsch,9,51,60
2025.06.12,07:30,07:45,Hirsch,13,67,80
2025.06.12,07:45,08:00,Hirsch,15,80,95
2025.06.12,08:00,08:15,Hirsch,8,80,88
2025.06.12,08:15,08:30,Hirsch,10,88,98
2025.06.12,08:30,08:45,Hirsch,7,79,86
2025.06.12,08:45,09:00,Hirsch,15,59,74
2025.06.12,09:00,09:15,Hirsch,7,37,44
2025.06.12,09:15,09:30,Hirsch,8,42,50
2025.06.12,09:30,09:45,Hirsch,9,27,36
2025.06.12,09:45,10:00,Hirsch,6,23,29
2025.06.12,10:00,10:15,Hirsch,13,18,31
2025.06.12,10:15,10:30,Hirsch,5,15,20
2025.06.12,10:30,10:45,Hirsch,11,16,27
2025.06.12,10:45,11:00,Hirsch,5,16,21
2025.06.12,11:00,11:15,Hirsch,8,20,28
2025.06.12,11:15,11:30,Hirsch,2,4,6
2025.06.12,11:30,11:45,Hirsch,7,16,23
2025.06.12,11:45,12:00,Hirsch,6,9,15
2025.06.12,12:00,12:15,Hirsch,11,5,16
2025.06.12,12:15,12:30,Hirsch,13,8,21
2025.06.12,12:30,12:45,Hirsch,10,13,23
2025.06.12,12:45,13:00,Hirsch,10,6,16
2025.06.12,13:00,13:15,Hirsch,13,7,20
2025.06.12,13:15,13:30,Hirsch,9,12,21
2025.06.12,13:30,13:45,Hirsch,11,6,17
2025.06.12,13:45,14:00,Hirsch,8,6,14
2025.06.12,14:00,14:15,Hirsch,18,5,23
2025.06.12,14:15,14:30,Hirsch,17,8,25
2025.06.12,14:30,14:45,Hirsch,12,7,19
2025.06.12,14:45,15:00,Hirsch,17,3,20
2025.06.12,15:00,15:15,Hirsch,19,11,30
2025.06.12,15:15,15:30,Hirsch,29,9,38
2025.06.12,15:30,15:45,Hirsch,27,6,33
2025.06.12,15:45,16:00,Hirsch,27,9,36
2025.06.12,16:00,16:15,Hirsch,24,10,34
2025.06.12,16:15,16:30,Hirsch,41,10,51
2025.06.12,16:30,16:45,Hirsch,34,15,49
2025.06.12,16:45,17:00,Hirsch,43,9,52
2025.06.12,17:00,17:15,Hirsch,39,17,56
2025.06.12,17:15,17:30,Hirsch,59,14,73
2025.06.12,17:30,17:45,Hirsch,45,22,67
2025.06.12,17:45,18:00,Hirsch,57,17,74
2025.06.12,18:00,18:15,Hirsch,66,29,95
2025.06.12,18:15,18:30,Hirsch,57,16,73
2025.06.12,18:30,18:45,Hirsch,43,17,60
2025.06.12,18:45,19:00,Hirsch,45,17,62
2025.06.12,19:00,19:15,Hirsch,33,24,57
2025.06.12,19:15,19:30,Hirsch,28,11,39
2025.06.12,19:30,19:45,Hirsch,23,10,33
2025.06.12,19:45,20:00,Hirsch,22,15,37
2025.06.12,20:00,20:15,Hirsch,23,14,37
2025.06.12,20:15,20:30,Hirsch,21,6,27
2025.06.12,20:30,20:45,Hirsch,18,14,32
2025.06.12,20:45,21:00,Hirsch,16,7,23
2025.06.12,21:00,21:15,Hirsch,15,7,22
2025.06.12,21:15,21:30,Hirsch,14,10,24
2025.06.12,21:30,21:45,Hirsch,16,4,20
2025.06.12,21:45,22:00,Hirsch,9,3,12
2025.06.12,22:00,22:15,Hirsch,11,4,15
2025.06.12,22:15,22:30,Hirsch,12,3,15
2025.06.12,22:30,22:45,Hirsch,20,5,25
2025.06.12,22:45,23:00,Hirsch,11,6,17
2025.06.12,23:00,23:15,Hirsch,9,0,9
2025.06.12,23:15,23:30,Hirsch,6,1,7
2025.06.12,23:30,23:45,Hirsch,4,0,4
2025.06.12,23:45,00:00,Hirsch,2,1,3
2025.06.13,00:00,00:15,Hirsch,6,0,6
2025.06.13,00:15,00:30,Hirsch,4,0,4
2025.06.13,00:30,00:45,Hirsch,4,1,5
2025.06.13,00:45,01:00,Hirsch,1,1,2
2025.06.13,01:00,01:15,Hirsch,1,0,1
2025.06.13,01:15,01:30,Hirsch,0,0,0
2025.06.13,01:30,01:45,Hirsch,2,0,2
2025.06.13,01:45,02:00,Hirsch,0,0,0
2025.06.13,02:00,02:15,Hirsch,0,1,1
2025.06.13,02:15,02:30,Hirsch,0,0,0
2025.06.13,02:30,02:45,Hirsch,0,0,0
2025.06.13,02:45,03:00,Hirsch,1,1,2
2025.06.13,03:00,03:15,Hirsch,2,0,2
2025.06.13,03:15,03:30,Hirsch,1,0,1
2025.06.13,03:30,03:45,Hirsch,0,0,0
2025.06.13,03:45,04:00,Hirsch,0,1,1
2025.06.13,04:00,04:15,Hirsch,0,0,0
2025.06.13,04:15,04:30,Hirsch,0,1,1
2025.06.13,04:30,04:45,Hirsch,0,0,0
2025.06.13,04:45,05:00,Hirsch,0,1,1
2025.06.13,05:00,05:15,Hirsch,0,2,2
2025.06.13,05:15,05:30,Hirsch,0,4,4
2025.06.13,05:30,05:45,Hirsch,1,8,9
2025.06.13,05:45,06:00,Hirsch,1,12,13
2025.06.13,06:00,06:15,Hirsch,1,7,8
2025.06.13,06:15,06:30,Hirsch,2,12,14
2025.06.13,06:30,06:45,Hirsch,2,19,21
2025.06.13,06:45,07:00,Hirsch,6,18,24
2025.06.13,07:00,07:15,Hirsch,4,21,25
2025.06.13,07:15,07:30,Hirsch,13,31,44
2025.06.13,07:30,07:45,Hirsch,6,34,40
2025.06.13,07:45,08:00,Hirsch,9,36,45
2025.06.13,08:00,08:15,Hirsch,15,49,64
2025.06.13,08:15,08:30,Hirsch,6,52,58
2025.06.13,08:30,08:45,Hirsch,14,40,54
2025.06.13,08:45,09:00,Hirsch,8,46,54
2025.06.13,09:00,09:15,Hirsch,11,32,43
2025.06.13,09:15,09:30,Hirsch,10,30,40
2025.06.13,09:30,09:45,Hirsch,1,18,19
2025.06.13,09:45,10:00,Hirsch,11,15,26
2025.06.13,10:00,10:15,Hirsch,4,15,19
2025.06.13,10:15,10:30,Hirsch,6,15,21
2025.06.13,10:30,10:45,Hirsch,6,14,20
2025.06.13,10:45,11:00,Hirsch,4,9,13
2025.06.13,11:00,11:15,Hirsch,6,13,19
2025.06.13,11:15,11:30,Hirsch,5,16,21
2025.06.13,11:30,11:45,Hirsch,9,7,16
2025.06.13,11:45,12:00,Hirsch,9,10,19
2025.06.13,12:00,12:15,Hirsch,15,5,20
2025.06.13,12:15,12:30,Hirsch,15,7,22
2025.06.13,12:30,12:45,Hirsch,20,14,34
2025.06.13,12:45,13:00,Hirsch,10,5,15
2025.06.13,13:00,13:15,Hirsch,12,10,22
2025.06.13,13:15,13:30,Hirsch,14,6,20
2025.06.13,13:30,13:45,Hirsch,9,10,19
2025.06.13,13:45,14:00,Hirsch,13,6,19
2025.06.13,14:00,14:15,Hirsch,14,4,18
2025.06.13,14:15,14:30,Hirsch,20,5,25
2025.06.13,14:30,14:45,Hirsch,12,8,20
2025.06.13,14:45,15:00,Hirsch,27,8,35
2025.06.13,15:00,15:15,Hirsch,18,9,27
2025.06.13,15:15,15:30,Hirsch,16,14,30
2025.06.13,15:30,15:45,Hirsch,30,12,42
2025.06.13,15:45,16:00,Hirsch,26,6,32
2025.06.13,16:00,16:15,Hirsch,25,9,34
2025.06.13,16:15,16:30,Hirsch,39,12,51
2025.06.13,16:30,16:45,Hirsch,19,15,34
2025.06.13,16:45,17:00,Hirsch,34,15,49
2025.06.13,17:00,17:15,Hirsch,21,13,34
2025.06.13,17:15,17:30,Hirsch,35,14,49
2025.06.13,17:30,17:45,Hirsch,40,28,68
2025.06.13,17:45,18:00,Hirsch,32,18,50
2025.06.13,18:00,18:15,Hirsch,29,21,50
2025.06.13,18:15,18:30,Hirsch,26,25,51
2025.06.13,18:30,18:45,Hirsch,34,12,46
2025.06.13,18:45,19:00,Hirsch,25,14,39
2025.06.13,19:00,19:15,Hirsch,20,18,38
2025.06.13,19:15,19:30,Hirsch,18,10,28
2025.06.13,19:30,19:45,Hirsch,9,7,16
2025.06.13,19:45,20:00,Hirsch,13,14,27
2025.06.13,20:00,20:15,Hirsch,11,8,19
2025.06.13,20:15,20:30,Hirsch,14,6,20
2025.06.13,20:30,20:45,Hirsch,12,8,20
2025.06.13,20:45,21:00,Hirsch,12,9,21
2025.06.13,21:00,21:15,Hirsch,13,14,27
2025.06.13,21:15,21:30,Hirsch,15,4,19
2025.06.13,21:30,21:45,Hirsch,7,11,18
2025.06.13,21:45,22:00,Hirsch,7,3,10
2025.06.13,22:00,22:15,Hirsch,12,5,17
2025.06.13,22:15,22:30,Hirsch,5,13,18
2025.06.13,22:30,22:45,Hirsch,14,2,16
2025.06.13,22:45,23:00,Hirsch,7,1,8
2025.06.13,23:00,23:15,Hirsch,8,1,9
2025.06.13,23:15,23:30,Hirsch,0,3,3
2025.06.13,23:30,23:45,Hirsch,4,1,5
2025.06.13,23:45,00:00,Hirsch,8,1,9
2025.06.14,00:00,00:15,Hirsch,4,0,4
2025.06.14,00:15,00:30,Hirsch,2,3,5
2025.06.14,00:30,00:45,Hirsch,3,0,3
2025.06.14,00:45,01:00,Hirsch,3,1,4
2025.06.14,01:00,01:15,Hirsch,2,0,2
2025.06.14,01:15,01:30,Hirsch,2,0,2
2025.06.14,01:30,01:45,Hirsch,3,0,3
2025.06.14,01:45,02:00,Hirsch,2,0,2
2025.06.14,02:00,02:15,Hirsch,2,0,2
2025.06.14,02:15,02:30,Hirsch,0,0,0
2025.06.14,02:30,02:45,Hirsch,0,0,0
2025.06.14,02:45,03:00,Hirsch,2,0,2
2025.06.14,03:00,03:15,Hirsch,2,0,2
2025.06.14,03:15,03:30,Hirsch,0,0,0
2025.06.14,03:30,03:45,Hirsch,0,0,0
2025.06.14,03:45,04:00,Hirsch,1,0,1
2025.06.14,04:00,04:15,Hirsch,0,0,0
2025.06.14,04:15,04:30,Hirsch,0,0,0
2025.06.14,04:30,04:45,Hirsch,0,0,0
2025.06.14,04:45,05:00,Hirsch,0,0,0
2025.06.14,05:00,05:15,Hirsch,0,1,1
2025.06.14,05:15,05:30,Hirsch,1,2,3
2025.06.14,05:30,05:45,Hirsch,0,1,1
2025.06.14,05:45,06:00,Hirsch,0,0,0
2025.06.14,06:00,06:15,Hirsch,1,0,1
2025.06.14,06:15,06:30,Hirsch,0,1,1
2025.06.14,06:30,06:45,Hirsch,2,4,6
2025.06.14,06:45,07:00,Hirsch,1,3,4
2025.06.14,07:00,07:15,Hirsch,0,9,9
2025.06.14,07:15,07:30,Hirsch,1,4,5
2025.06.14,07:30,07:45,Hirsch,1,4,5
2025.06.14,07:45,08:00,Hirsch,3,2,5
2025.06.14,08:00,08:15,Hirsch,3,4,7
2025.06.14,08:15,08:30,Hirsch,2,7,9
2025.06.14,08:30,08:45,Hirsch,5,11,16
2025.06.14,08:45,09:00,Hirsch,4,6,10
2025.06.14,09:00,09:15,Hirsch,3,12,15
2025.06.14,09:15,09:30,Hirsch,3,10,13
2025.06.14,09:30,09:45,Hirsch,6,5,11
2025.06.14,09:45,10:00,Hirsch,11,10,21
2025.06.14,10:00,10:15,Hirsch,4,9,13
2025.06.14,10:15,10:30,Hirsch,9,11,20
2025.06.14,10:30,10:45,Hirsch,8,9,17
2025.06.14,10:45,11:00,Hirsch,13,3,16
2025.06.14,11:00,11:15,Hirsch,9,8,17
2025.06.14,11:15,11:30,Hirsch,10,20,30
2025.06.14,11:30,11:45,Hirsch,6,23,29
2025.06.14,11:45,12:00,Hirsch,9,12,21
2025.06.14,12:00,12:15,Hirsch,13,7,20
2025.06.14,12:15,12:30,Hirsch,6,14,20
2025.06.14,12:30,12:45,Hirsch,12,5,17
2025.06.14,12:45,13:00,Hirsch,14,10,24
2025.06.14,13:00,13:15,Hirsch,19,11,30
2025.06.14,13:15,13:30,Hirsch,14,20,34
2025.06.14,13:30,13:45,Hirsch,12,10,22
2025.06.14,13:45,14:00,Hirsch,22,9,31
2025.06.14,14:00,14:15,Hirsch,15,8,23
2025.06.14,14:15,14:30,Hirsch,12,13,25
2025.06.14,14:30,14:45,Hirsch,15,9,24
2025.06.14,14:45,15:00,Hirsch,10,10,20
2025.06.14,15:00,15:15,Hirsch,10,4,14
2025.06.14,15:15,15:30,Hirsch,12,14,26
2025.06.14,15:30,15:45,Hirsch,10,7,17
2025.06.14,15:45,16:00,Hirsch,11,11,22
2025.06.14,16:00,16:15,Hirsch,12,7,19
2025.06.14,16:15,16:30,Hirsch,13,8,21
2025.06.14,16:30,16:45,Hirsch,15,9,24
2025.06.14,16:45,17:00,Hirsch,9,13,22
2025.06.14,17:00,17:15,Hirsch,10,7,17
2025.06.14,17:15,17:30,Hirsch,8,10,18
2025.06.14,17:30,17:45,Hirsch,6,16,22
2025.06.14,17:45,18:00,Hirsch,9,8,17
2025.06.14,18:00,18:15,Hirsch,6,14,20
2025.06.14,18:15,18:30,Hirsch,7,14,21
2025.06.14,18:30,18:45,Hirsch,19,13,32
2025.06.14,18:45,19:00,Hirsch,5,19,24
2025.06.14,19:00,19:15,Hirsch,15,16,31
2025.06.14,19:15,19:30,Hirsch,12,14,26
2025.06.14,19:30,19:45,Hirsch,7,11,18
2025.06.14,19:45,20:00,Hirsch,13,9,22
2025.06.14,20:00,20:15,Hirsch,11,18,29
2025.06.14,20:15,20:30,Hirsch,8,7,15
2025.06.14,20:30,20:45,Hirsch,7,10,17
2025.06.14,20:45,21:00,Hirsch,3,12,15
2025.06.14,21:00,21:15,Hirsch,6,5,11
2025.06.14,21:15,21:30,Hirsch,7,0,7
2025.06.14,21:30,21:45,Hirsch,11,9,20
2025.06.14,21:45,22:00,Hirsch,9,2,11
2025.06.14,22:00,22:15,Hirsch,13,6,19
2025.06.14,22:15,22:30,Hirsch,8,11,19
2025.06.14,22:30,22:45,Hirsch,5,0,5
2025.06.14,22:45,23:00,Hirsch,9,2,11
2025.06.14,23:00,23:15,Hirsch,5,2,7
2025.06.14,23:15,23:30,Hirsch,6,3,9
2025.06.14,23:30,23:45,Hirsch,5,0,5
2025.06.14,23:45,00:00,Hirsch,3,1,4
2025.06.15,00:00,00:15,Hirsch,6,0,6
2025.06.15,00:15,00:30,Hirsch,4,0,4
2025.06.15,00:30,00:45,Hirsch,3,2,5
2025.06.15,00:45,01:00,Hirsch,2,0,2
2025.06.15,01:00,01:15,Hirsch,2,1,3
2025.06.15,01:15,01:30,Hirsch,0,0,0
2025.06.15,01:30,01:45,Hirsch,3,1,4
2025.06.15,01:45,02:00,Hirsch,2,0,2
2025.06.15,02:00,02:15,Hirsch,1,1,2
2025.06.15,02:15,02:30,Hirsch,1,0,1
2025.06.15,02:30,02:45,Hirsch,4,0,4
2025.06.15,02:45,03:00,Hirsch,0,0,0
2025.06.15,03:00,03:15,Hirsch,1,2,3
2025.06.15,03:15,03:30,Hirsch,0,0,0
2025.06.15,03:30,03:45,Hirsch,0,0,0
2025.06.15,03:45,04:00,Hirsch,0,0,0
2025.06.15,04:00,04:15,Hirsch,1,0,1
2025.06.15,04:15,04:30,Hirsch,0,0,0
2025.06.15,04:30,04:45,Hirsch,0,0,0
2025.06.15,04:45,05:00,Hirsch,0,0,0
2025.06.15,05:00,05:15,Hirsch,0,0,0
2025.06.15,05:15,05:30,Hirsch,0,1,1
2025.06.15,05:30,05:45,Hirsch,0,2,2
2025.06.15,05:45,06:00,Hirsch,1,0,1
2025.06.15,06:00,06:15,Hirsch,0,4,4
2025.06.15,06:15,06:30,Hirsch,2,0,2
2025.06.15,06:30,06:45,Hirsch,0,2,2
2025.06.15,06:45,07:00,Hirsch,1,2,3
2025.06.15,07:00,07:15,Hirsch,1,1,2
2025.06.15,07:15,07:30,Hirsch,2,0,2
2025.06.15,07:30,07:45,Hirsch,0,1,1
2025.06.15,07:45,08:00,Hirsch,3,3,6
2025.06.15,08:00,08:15,Hirsch,5,2,7
2025.06.15,08:15,08:30,Hirsch,3,5,8
2025.06.15,08:30,08:45,Hirsch,2,6,8
2025.06.15,08:45,09:00,Hirsch,3,6,9
2025.06.15,09:00,09:15,Hirsch,7,5,12
2025.06.15,09:15,09:30,Hirsch,7,6,13
2025.06.15,09:30,09:45,Hirsch,4,7,11
2025.06.15,09:45,10:00,Hirsch,11,11,22
2025.06.15,10:00,10:15,Hirsch,12,6,18
2025.06.15,10:15,10:30,Hirsch,6,14,20
2025.06.15,10:30,10:45,Hirsch,21,13,34
2025.06.15,10:45,11:00,Hirsch,11,8,19
2025.06.15,11:00,11:15,Hirsch,8,9,17
2025.06.15,11:15,11:30,Hirsch,6,5,11
2025.06.15,11:30,11:45,Hirsch,8,11,19
2025.06.15,11:45,12:00,Hirsch,19,12,31
2025.06.15,12:00,12:15,Hirsch,5,12,17
2025.06.15,12:15,12:30,Hirsch,13,9,22
2025.06.15,12:30,12:45,Hirsch,9,16,25
2025.06.15,12:45,13:00,Hirsch,11,12,23
2025.06.15,13:00,13:15,Hirsch,11,3,14
2025.06.15,13:15,13:30,Hirsch,24,11,35
2025.06.15,13:30,13:45,Hirsch,5,11,16
2025.06.15,13:45,14:00,Hirsch,4,17,21
2025.06.15,14:00,14:15,Hirsch,10,7,17
2025.06.15,14:15,14:30,Hirsch,11,12,23
2025.06.15,14:30,14:45,Hirsch,16,13,29
2025.06.15,14:45,15:00,Hirsch,8,7,15
2025.06.15,15:00,15:15,Hirsch,9,11,20
2025.06.15,15:15,15:30,Hirsch,13,3,16
2025.06.15,15:30,15:45,Hirsch,11,18,29
2025.06.15,15:45,16:00,Hirsch,14,11,25
2025.06.15,16:00,16:15,Hirsch,9,8,17
2025.06.15,16:15,16:30,Hirsch,10,10,20
2025.06.15,16:30,16:45,Hirsch,9,11,20
2025.06.15,16:45,17:00,Hirsch,13,7,20
2025.06.15,17:00,17:15,Hirsch,15,7,22
2025.06.15,17:15,17:30,Hirsch,5,2,7
2025.06.15,17:30,17:45,Hirsch,6,3,9
2025.06.15,17:45,18:00,Hirsch,7,6,13
2025.06.15,18:00,18:15,Hirsch,7,2,9
2025.06.15,18:15,18:30,Hirsch,9,14,23
2025.06.15,18:30,18:45,Hirsch,9,4,13
2025.06.15,18:45,19:00,Hirsch,5,6,11
2025.06.15,19:00,19:15,Hirsch,8,3,11
2025.06.15,19:15,19:30,Hirsch,5,13,18
2025.06.15,19:30,19:45,Hirsch,5,3,8
2025.06.15,19:45,20:00,Hirsch,4,8,12
2025.06.15,20:00,20:15,Hirsch,4,7,11
2025.06.15,20:15,20:30,Hirsch,3,9,12
2025.06.15,20:30,20:45,Hirsch,2,2,4
2025.06.15,20:45,21:00,Hirsch,4,1,5
2025.06.15,21:00,21:15,Hirsch,0,0,0
2025.06.15,21:15,21:30,Hirsch,4,1,5
2025.06.15,21:30,21:45,Hirsch,0,0,0
2025.06.15,21:45,22:00,Hirsch,0,1,1
2025.06.15,22:00,22:15,Hirsch,1,0,1
2025.06.15,22:15,22:30,Hirsch,0,0,0
2025.06.15,22:30,22:45,Hirsch,1,0,1
2025.06.15,22:45,23:00,Hirsch,3,1,4
2025.06.15,23:00,23:15,Hirsch,0,1,1
2025.06.15,23:15,23:30,Hirsch,1,0,1
2025.06.15,23:30,23:45,Hirsch,1,0,1
2025.06.15,23:45,00:00,Hirsch,5,0,5
2025.06.16,00:00,00:15,Hirsch,1,0,1
2025.06.16,00:15,00:30,Hirsch,2,0,2
2025.06.16,00:30,00:45,Hirsch,0,0,0
2025.06.16,00:45,01:00,Hirsch,0,0,0
2025.06.16,01:00,01:15,Hirsch,0,0,0
2025.06.16,01:15,01:30,Hirsch,0,0,0
2025.06.16,01:30,01:45,Hirsch,0,0,0
2025.06.16,01:45,02:00,Hirsch,0,0,0
2025.06.16,02:00,02:15,Hirsch,0,0,0
2025.06.16,02:15,02:30,Hirsch,0,0,0
2025.06.16,02:30,02:45,Hirsch,0,0,0
2025.06.16,02:45,03:00,Hirsch,0,0,0
2025.06.16,03:00,03:15,Hirsch,0,0,0
2025.06.16,03:15,03:30,Hirsch,0,0,0
2025.06.16,03:30,03:45,Hirsch,0,0,0
2025.06.16,03:45,04:00,Hirsch,0,0,0
2025.06.16,04:00,04:15,Hirsch,0,0,0
2025.06.16,04:15,04:30,Hirsch,0,0,0
2025.06.16,04:30,04:45,Hirsch,0,1,1
2025.06.16,04:45,05:00,Hirsch,0,0,0
2025.06.16,05:00,05:15,Hirsch,0,1,1
2025.06.16,05:15,05:30,Hirsch,1,2,3
2025.06.16,05:30,05:45,Hirsch,0,6,6
2025.06.16,05:45,06:00,Hirsch,0,5,5
2025.06.16,06:00,06:15,Hirsch,1,5,6
2025.06.16,06:15,06:30,Hirsch,1,10,11
2025.06.16,06:30,06:45,Hirsch,4,11,15
2025.06.16,06:45,07:00,Hirsch,4,15,19
2025.06.16,07:00,07:15,Hirsch,2,28,30
2025.06.16,07:15,07:30,Hirsch,12,36,48
2025.06.16,07:30,07:45,Hirsch,11,47,58
2025.06.16,07:45,08:00,Hirsch,10,62,72
2025.06.16,08:00,08:15,Hirsch,7,53,60
2025.06.16,08:15,08:30,Hirsch,7,35,42
2025.06.16,08:30,08:45,Hirsch,14,32,46
2025.06.16,08:45,09:00,Hirsch,11,25,36
2025.06.16,09:00,09:15,Hirsch,4,34,38
2025.06.16,09:15,09:30,Hirsch,5,28,33
2025.06.16,09:30,09:45,Hirsch,6,11,17
2025.06.16,09:45,10:00,Hirsch,3,10,13
2025.06.16,10:00,10:15,Hirsch,1,7,8
2025.06.16,10:15,10:30,Hirsch,5,9,14
2025.06.16,10:30,10:45,Hirsch,6,10,16
2025.06.16,10:45,11:00,Hirsch,3,14,17
2025.06.16,11:00,11:15,Hirsch,4,6,10
2025.06.16,11:15,11:30,Hirsch,1,7,8
2025.06.16,11:30,11:45,Hirsch,3,10,13
2025.06.16,11:45,12:00,Hirsch,3,10,13
2025.06.16,12:00,12:15,Hirsch,5,6,11
2025.06.16,12:15,12:30,Hirsch,9,8,17
2025.06.16,12:30,12:45,Hirsch,4,13,17
2025.06.16,12:45,13:00,Hirsch,7,8,15
2025.06.16,13:00,13:15,Hirsch,15,5,20
2025.06.16,13:15,13:30,Hirsch,12,7,19
2025.06.16,13:30,13:45,Hirsch,9,5,14
2025.06.16,13:45,14:00,Hirsch,13,7,20
2025.06.16,14:00,14:15,Hirsch,16,7,23
2025.06.16,14:15,14:30,Hirsch,9,5,14
2025.06.16,14:30,14:45,Hirsch,9,11,20
2025.06.16,14:45,15:00,Hirsch,10,6,16
2025.06.16,15:00,15:15,Hirsch,8,11,19
2025.06.16,15:15,15:30,Hirsch,17,6,23
2025.06.16,15:30,15:45,Hirsch,13,16,29
2025.06.16,15:45,16:00,Hirsch,29,11,40
2025.06.16,16:00,16:15,Hirsch,17,8,25
2025.06.16,16:15,16:30,Hirsch,27,10,37
2025.06.16,16:30,16:45,Hirsch,25,9,34
2025.06.16,16:45,17:00,Hirsch,36,10,46
2025.06.16,17:00,17:15,Hirsch,43,8,51
2025.06.16,17:15,17:30,Hirsch,40,9,49
2025.06.16,17:30,17:45,Hirsch,29,21,50
2025.06.16,17:45,18:00,Hirsch,27,12,39
2025.06.16,18:00,18:15,Hirsch,42,10,52
2025.06.16,18:15,18:30,Hirsch,33,11,44
2025.06.16,18:30,18:45,Hirsch,35,12,47
2025.06.16,18:45,19:00,Hirsch,26,12,38
2025.06.16,19:00,19:15,Hirsch,18,12,30
2025.06.16,19:15,19:30,Hirsch,30,9,39
2025.06.16,19:30,19:45,Hirsch,22,13,35
2025.06.16,19:45,20:00,Hirsch,16,12,28
2025.06.16,20:00,20:15,Hirsch,21,12,33
2025.06.16,20:15,20:30,Hirsch,14,7,21
2025.06.16,20:30,20:45,Hirsch,14,13,27
2025.06.16,20:45,21:00,Hirsch,9,8,17
2025.06.16,21:00,21:15,Hirsch,9,9,18
2025.06.16,21:15,21:30,Hirsch,9,5,14
2025.06.16,21:30,21:45,Hirsch,9,3,12
2025.06.16,21:45,22:00,Hirsch,11,2,13
2025.06.16,22:00,22:15,Hirsch,7,6,13
2025.06.16,22:15,22:30,Hirsch,6,4,10
2025.06.16,22:30,22:45,Hirsch,8,1,9
2025.06.16,22:45,23:00,Hirsch,6,0,6
2025.06.16,23:00,23:15,Hirsch,4,3,7
2025.06.16,23:15,23:30,Hirsch,4,1,5
2025.06.16,23:30,23:45,Hirsch,4,0,4
2025.06.16,23:45,00:00,Hirsch,2,0,2
2025.06.17,00:00,00:15,Hirsch,3,0,3
2025.06.17,00:15,00:30,Hirsch,0,1,1
2025.06.17,00:30,00:45,Hirsch,1,0,1
2025.06.17,00:45,01:00,Hirsch,1,1,2
2025.06.17,01:00,01:15,Hirsch,0,0,0
2025.06.17,01:15,01:30,Hirsch,0,0,0
2025.06.17,01:30,01:45,Hirsch,0,0,0
2025.06.17,01:45,02:00,Hirsch,0,0,0
2025.06.17,02:00,02:15,Hirsch,0,0,0
2025.06.17,02:15,02:30,Hirsch,1,1,2
2025.06.17,02:30,02:45,Hirsch,1,0,1
2025.06.17,02:45,03:00,Hirsch,0,0,0
2025.06.17,03:00,03:15,Hirsch,0,0,0
2025.06.17,03:15,03:30,Hirsch,0,0,0
2025.06.17,03:30,03:45,Hirsch,0,0,0
2025.06.17,03:45,04:00,Hirsch,0,0,0
2025.06.17,04:00,04:15,Hirsch,0,0,0
2025.06.17,04:15,04:30,Hirsch,0,0,0
2025.06.17,04:30,04:45,Hirsch,0,0,0
2025.06.17,04:45,05:00,Hirsch,0,0,0
2025.06.17,05:00,05:15,Hirsch,0,1,1
2025.06.17,05:15,05:30,Hirsch,1,2,3
2025.06.17,05:30,05:45,Hirsch,1,9,10
2025.06.17,05:45,06:00,Hirsch,2,9,11
2025.06.17,06:00,06:15,Hirsch,2,14,16
2025.06.17,06:15,06:30,Hirsch,6,18,24
2025.06.17,06:30,06:45,Hirsch,3,18,21
2025.06.17,06:45,07:00,Hirsch,6,34,40
2025.06.17,07:00,07:15,Hirsch,10,47,57
2025.06.17,07:15,07:30,Hirsch,10,44,54
2025.06.17,07:30,07:45,Hirsch,6,62,68
2025.06.17,07:45,08:00,Hirsch,23,92,115
2025.06.17,08:00,08:15,Hirsch,10,82,92
2025.06.17,08:15,08:30,Hirsch,11,77,88
2025.06.17,08:30,08:45,Hirsch,14,75,89
2025.06.17,08:45,09:00,Hirsch,7,56,63
2025.06.17,09:00,09:15,Hirsch,8,56,64
2025.06.17,09:15,09:30,Hirsch,5,41,46
2025.06.17,09:30,09:45,Hirsch,10,33,43
2025.06.17,09:45,10:00,Hirsch,8,32,40
2025.06.17,10:00,10:15,Hirsch,8,14,22
2025.06.17,10:15,10:30,Hirsch,4,10,14
2025.06.17,10:30,10:45,Hirsch,7,24,31
2025.06.17,10:45,11:00,Hirsch,8,13,21
2025.06.17,11:00,11:15,Hirsch,6,10,16
2025.06.17,11:15,11:30,Hirsch,20,10,30
2025.06.17,11:30,11:45,Hirsch,5,7,12
2025.06.17,11:45,12:00,Hirsch,13,11,24
2025.06.17,12:00,12:15,Hirsch,5,5,10
2025.06.17,12:15,12:30,Hirsch,10,10,20
2025.06.17,12:30,12:45,Hirsch,14,10,24
2025.06.17,12:45,13:00,Hirsch,9,8,17
2025.06.17,13:00,13:15,Hirsch,12,11,23
2025.06.17,13:15,13:30,Hirsch,13,7,20
2025.06.17,13:30,13:45,Hirsch,9,8,17
2025.06.17,13:45,14:00,Hirsch,18,3,21
2025.06.17,14:00,14:15,Hirsch,12,2,14
2025.06.17,14:15,14:30,Hirsch,15,10,25
2025.06.17,14:30,14:45,Hirsch,20,12,32
2025.06.17,14:45,15:00,Hirsch,11,8,19
2025.06.17,15:00,15:15,Hirsch,19,10,29
2025.06.17,15:15,15:30,Hirsch,31,9,40
2025.06.17,15:30,15:45,Hirsch,22,11,33
2025.06.17,15:45,16:00,Hirsch,42,9,51
2025.06.17,16:00,16:15,Hirsch,48,17,65
2025.06.17,16:15,16:30,Hirsch,32,19,51
2025.06.17,16:30,16:45,Hirsch,41,14,55
2025.06.17,16:45,17:00,Hirsch,51,11,62
2025.06.17,17:00,17:15,Hirsch,41,26,67
2025.06.17,17:15,17:30,Hirsch,53,17,70
2025.06.17,17:30,17:45,Hirsch,44,23,67
2025.06.17,17:45,18:00,Hirsch,55,32,87
2025.06.17,18:00,18:15,Hirsch,63,24,87
2025.06.17,18:15,18:30,Hirsch,54,22,76
2025.06.17,18:30,18:45,Hirsch,46,26,72
2025.06.17,18:45,19:00,Hirsch,45,17,62
2025.06.17,19:00,19:15,Hirsch,47,19,66
2025.06.17,19:15,19:30,Hirsch,27,18,45
2025.06.17,19:30,19:45,Hirsch,23,11,34
2025.06.17,19:45,20:00,Hirsch,23,12,35
2025.06.17,20:00,20:15,Hirsch,25,16,41
2025.06.17,20:15,20:30,Hirsch,26,18,44
2025.06.17,20:30,20:45,Hirsch,23,11,34
2025.06.17,20:45,21:00,Hirsch,24,13,37
2025.06.17,21:00,21:15,Hirsch,22,9,31
2025.06.17,21:15,21:30,Hirsch,14,4,18
2025.06.17,21:30,21:45,Hirsch,18,4,22
2025.06.17,21:45,22:00,Hirsch,14,5,19
2025.06.17,22:00,22:15,Hirsch,10,9,19
2025.06.17,22:15,22:30,Hirsch,13,0,13
2025.06.17,22:30,22:45,Hirsch,3,2,5
2025.06.17,22:45,23:00,Hirsch,7,4,11
2025.06.17,23:00,23:15,Hirsch,9,1,10
2025.06.17,23:15,23:30,Hirsch,6,3,9
2025.06.17,23:30,23:45,Hirsch,6,0,6
2025.06.17,23:45,00:00,Hirsch,3,0,3
2025.06.18,00:00,00:15,Hirsch,2,0,2
2025.06.18,00:15,00:30,Hirsch,4,0,4
2025.06.18,00:30,00:45,Hirsch,1,0,1
2025.06.18,00:45,01:00,Hirsch,1,1,2
2025.06.18,01:00,01:15,Hirsch,1,0,1
2025.06.18,01:15,01:30,Hirsch,1,0,1
2025.06.18,01:30,01:45,Hirsch,0,0,0
2025.06.18,01:45,02:00,Hirsch,2,0,2
2025.06.18,02:00,02:15,Hirsch,0,0,0
2025.06.18,02:15,02:30,Hirsch,1,0,1
2025.06.18,02:30,02:45,Hirsch,0,0,0
2025.06.18,02:45,03:00,Hirsch,0,0,0
2025.06.18,03:00,03:15,Hirsch,0,0,0
2025.06.18,03:15,03:30,Hirsch,0,0,0
2025.06.18,03:30,03:45,Hirsch,0,0,0
2025.06.18,03:45,04:00,Hirsch,0,0,0
2025.06.18,04:00,04:15,Hirsch,0,0,0
2025.06.18,04:15,04:30,Hirsch,0,0,0
2025.06.18,04:30,04:45,Hirsch,0,0,0
2025.06.18,04:45,05:00,Hirsch,0,0,0
2025.06.18,05:00,05:15,Hirsch,0,3,3
2025.06.18,05:15,05:30,Hirsch,0,1,1
2025.06.18,05:30,05:45,Hirsch,1,10,11
2025.06.18,05:45,06:00,Hirsch,1,13,14
2025.06.18,06:00,06:15,Hirsch,1,6,7
2025.06.18,06:15,06:30,Hirsch,3,10,13
2025.06.18,06:30,06:45,Hirsch,3,11,14
2025.06.18,06:45,07:00,Hirsch,8,34,42
2025.06.18,07:00,07:15,Hirsch,8,33,41
2025.06.18,07:15,07:30,Hirsch,11,36,47
2025.06.18,07:30,07:45,Hirsch,12,62,74
2025.06.18,07:45,08:00,Hirsch,9,69,78
2025.06.18,08:00,08:15,Hirsch,16,62,78
2025.06.18,08:15,08:30,Hirsch,12,67,79
2025.06.18,08:30,08:45,Hirsch,8,69,77
2025.06.18,08:45,09:00,Hirsch,20,73,93
2025.06.18,09:00,09:15,Hirsch,10,38,48
2025.06.18,09:15,09:30,Hirsch,9,35,44
2025.06.18,09:30,09:45,Hirsch,12,27,39
2025.06.18,09:45,10:00,Hirsch,8,20,28
2025.06.18,10:00,10:15,Hirsch,3,12,15
2025.06.18,10:15,10:30,Hirsch,10,16,26
2025.06.18,10:30,10:45,Hirsch,11,10,21
2025.06.18,10:45,11:00,Hirsch,6,13,19
2025.06.18,11:00,11:15,Hirsch,2,14,16
2025.06.18,11:15,11:30,Hirsch,8,12,20
2025.06.18,11:30,11:45,Hirsch,10,15,25
2025.06.18,11:45,12:00,Hirsch,8,11,19
2025.06.18,12:00,12:15,Hirsch,7,4,11
2025.06.18,12:15,12:30,Hirsch,12,10,22
2025.06.18,12:30,12:45,Hirsch,12,14,26
2025.06.18,12:45,13:00,Hirsch,13,5,18
2025.06.18,13:00,13:15,Hirsch,15,13,28
2025.06.18,13:15,13:30,Hirsch,11,7,18
2025.06.18,13:30,13:45,Hirsch,15,11,26
2025.06.18,13:45,14:00,Hirsch,16,8,24
2025.06.18,14:00,14:15,Hirsch,7,10,17
2025.06.18,14:15,14:30,Hirsch,25,7,32
2025.06.18,14:30,14:45,Hirsch,15,15,30
2025.06.18,14:45,15:00,Hirsch,14,13,27
2025.06.18,15:00,15:15,Hirsch,19,8,27
2025.06.18,15:15,15:30,Hirsch,23,12,35
2025.06.18,15:30,15:45,Hirsch,29,13,42
2025.06.18,15:45,16:00,Hirsch,29,5,34
2025.06.18,16:00,16:15,Hirsch,29,14,43
2025.06.18,16:15,16:30,Hirsch,34,6,40
2025.06.18,16:30,16:45,Hirsch,37,13,50
2025.06.18,16:45,17:00,Hirsch,33,15,48
2025.06.18,17:00,17:15,Hirsch,33,10,43
2025.06.18,17:15,17:30,Hirsch,51,19,70
2025.06.18,17:30,17:45,Hirsch,45,21,66
2025.06.18,17:45,18:00,Hirsch,42,15,57
2025.06.18,18:00,18:15,Hirsch,58,20,78
2025.06.18,18:15,18:30,Hirsch,52,17,69
2025.06.18,18:30,18:45,Hirsch,38,19,57
2025.06.18,18:45,19:00,Hirsch,30,11,41
2025.06.18,19:00,19:15,Hirsch,27,15,42
2025.06.18,19:15,19:30,Hirsch,30,15,45
2025.06.18,19:30,19:45,Hirsch,15,14,29
2025.06.18,19:45,20:00,Hirsch,20,14,34
2025.06.18,20:00,20:15,Hirsch,9,7,16
2025.06.18,20:15,20:30,Hirsch,17,7,24
2025.06.18,20:30,20:45,Hirsch,10,8,18
2025.06.18,20:45,21:00,Hirsch,11,6,17
2025.06.18,21:00,21:15,Hirsch,16,7,23
2025.06.18,21:15,21:30,Hirsch,13,9,22
2025.06.18,21:30,21:45,Hirsch,5,5,10
2025.06.18,21:45,22:00,Hirsch,15,3,18
2025.06.18,22:00,22:15,Hirsch,11,4,15
2025.06.18,22:15,22:30,Hirsch,10,0,10
2025.06.18,22:30,22:45,Hirsch,8,5,13
2025.06.18,22:45,23:00,Hirsch,8,2,10
2025.06.18,23:00,23:15,Hirsch,2,2,4
2025.06.18,23:15,23:30,Hirsch,5,4,9
2025.06.18,23:30,23:45,Hirsch,6,0,6
2025.06.18,23:45,00:00,Hirsch,2,2,4
2025.06.19,00:00,00:15,Hirsch,5,2,7
2025.06.19,00:15,00:30,Hirsch,5,0,5
2025.06.19,00:30,00:45,Hirsch,0,0,0
2025.06.19,00:45,01:00,Hirsch,4,0,4
2025.06.19,01:00,01:15,Hirsch,3,0,3
2025.06.19,01:15,01:30,Hirsch,3,1,4
2025.06.19,01:30,01:45,Hirsch,2,0,2
2025.06.19,01:45,02:00,Hirsch,0,0,0
2025.06.19,02:00,02:15,Hirsch,0,0,0
2025.06.19,02:15,02:30,Hirsch,3,0,3
2025.06.19,02:30,02:45,Hirsch,1,1,2
2025.06.19,02:45,03:00,Hirsch,0,0,0
2025.06.19,03:00,03:15,Hirsch,0,0,0
2025.06.19,03:15,03:30,Hirsch,1,0,1
2025.06.19,03:30,03:45,Hirsch,0,0,0
2025.06.19,03:45,04:00,Hirsch,1,0,1
2025.06.19,04:00,04:15,Hirsch,0,1,1
2025.06.19,04:15,04:30,Hirsch,0,0,0
2025.06.19,04:30,04:45,Hirsch,0,0,0
2025.06.19,04:45,05:00,Hirsch,0,0,0
2025.06.19,05:00,05:15,Hirsch,0,0,0
2025.06.19,05:15,05:30,Hirsch,0,2,2
2025.06.19,05:30,05:45,Hirsch,0,1,1
2025.06.19,05:45,06:00,Hirsch,0,0,0
2025.06.19,06:00,06:15,Hirsch,2,0,2
2025.06.19,06:15,06:30,Hirsch,2,2,4
2025.06.19,06:30,06:45,Hirsch,0,2,2
2025.06.19,06:45,07:00,Hirsch,2,2,4
2025.06.19,07:00,07:15,Hirsch,1,2,3
2025.06.19,07:15,07:30,Hirsch,1,5,6
2025.06.19,07:30,07:45,Hirsch,1,6,7
2025.06.19,07:45,08:00,Hirsch,5,2,7
2025.06.19,08:00,08:15,Hirsch,3,6,9
2025.06.19,08:15,08:30,Hirsch,1,3,4
2025.06.19,08:30,08:45,Hirsch,3,4,7
2025.06.19,08:45,09:00,Hirsch,1,7,8
2025.06.19,09:00,09:15,Hirsch,11,8,19
2025.06.19,09:15,09:30,Hirsch,4,10,14
2025.06.19,09:30,09:45,Hirsch,9,4,13
2025.06.19,09:45,10:00,Hirsch,3,8,11
2025.06.19,10:00,10:15,Hirsch,10,7,17
2025.06.19,10:15,10:30,Hirsch,10,12,22
2025.06.19,10:30,10:45,Hirsch,12,10,22
2025.06.19,10:45,11:00,Hirsch,11,9,20
2025.06.19,11:00,11:15,Hirsch,15,11,26
2025.06.19,11:15,11:30,Hirsch,12,10,22
2025.06.19,11:30,11:45,Hirsch,6,11,17
2025.06.19,11:45,12:00,Hirsch,4,15,19
2025.06.19,12:00,12:15,Hirsch,12,7,19
2025.06.19,12:15,12:30,Hirsch,7,6,13
2025.06.19,12:30,12:45,Hirsch,9,8,17
2025.06.19,12:45,13:00,Hirsch,9,9,18
2025.06.19,13:00,13:15,Hirsch,8,9,17
2025.06.19,13:15,13:30,Hirsch,23,7,30
2025.06.19,13:30,13:45,Hirsch,11,16,27
2025.06.19,13:45,14:00,Hirsch,15,16,31
2025.06.19,14:00,14:15,Hirsch,10,10,20
2025.06.19,14:15,14:30,Hirsch,12,10,22
2025.06.19,14:30,14:45,Hirsch,8,19,27
2025.06.19,14:45,15:00,Hirsch,6,8,14
2025.06.19,15:00,15:15,Hirsch,11,13,24
2025.06.19,15:15,15:30,Hirsch,11,15,26
2025.06.19,15:30,15:45,Hirsch,14,10,24
2025.06.19,15:45,16:00,Hirsch,10,2,12
2025.06.19,16:00,16:15,Hirsch,9,10,19
2025.06.19,16:15,16:30,Hirsch,10,8,18
2025.06.19,16:30,16:45,Hirsch,22,8,30
2025.06.19,16:45,17:00,Hirsch,11,10,21
2025.06.19,17:00,17:15,Hirsch,21,5,26
2025.06.19,17:15,17:30,Hirsch,11,6,17
2025.06.19,17:30,17:45,Hirsch,18,12,30
2025.06.19,17:45,18:00,Hirsch,18,12,30
2025.06.19,18:00,18:15,Hirsch,12,15,27
2025.06.19,18:15,18:30,Hirsch,6,20,26
2025.06.19,18:30,18:45,Hirsch,11,15,26
2025.06.19,18:45,19:00,Hirsch,9,15,24
2025.06.19,19:00,19:15,Hirsch,13,7,20
2025.06.19,19:15,19:30,Hirsch,7,15,22
2025.06.19,19:30,19:45,Hirsch,9,14,23
2025.06.19,19:45,20:00,Hirsch,14,9,23
2025.06.19,20:00,20:15,Hirsch,10,11,21
2025.06.19,20:15,20:30,Hirsch,13,17,30
2025.06.19,20:30,20:45,Hirsch,10,10,20
2025.06.19,20:45,21:00,Hirsch,8,3,11
2025.06.19,21:00,21:15,Hirsch,7,7,14
2025.06.19,21:15,21:30,Hirsch,10,14,24
2025.06.19,21:30,21:45,Hirsch,3,3,6
2025.06.19,21:45,22:00,Hirsch,0,6,6
2025.06.19,22:00,22:15,Hirsch,10,5,15
2025.06.19,22:15,22:30,Hirsch,2,2,4
2025.06.19,22:30,22:45,Hirsch,4,4,8
2025.06.19,22:45,23:00,Hirsch,5,8,13
2025.06.19,23:00,23:15,Hirsch,5,3,8
2025.06.19,23:15,23:30,Hirsch,9,0,9
2025.06.19,23:30,23:45,Hirsch,0,3,3
2025.06.19,23:45,00:00,Hirsch,0,0,0
2025.06.20,00:00,00:15,Hirsch,0,0,0
2025.06.20,00:15,00:30,Hirsch,0,0,0
2025.06.20,00:30,00:45,Hirsch,1,0,1
2025.06.20,00:45,01:00,Hirsch,4,1,5
2025.06.20,01:00,01:15,Hirsch,2,0,2
2025.06.20,01:15,01:30,Hirsch,1,1,2
2025.06.20,01:30,01:45,Hirsch,0,0,0
2025.06.20,01:45,02:00,Hirsch,0,2,2
2025.06.20,02:00,02:15,Hirsch,0,0,0
2025.06.20,02:15,02:30,Hirsch,0,0,0
2025.06.20,02:30,02:45,Hirsch,1,0,1
2025.06.20,02:45,03:00,Hirsch,1,0,1
2025.06.20,03:00,03:15,Hirsch,0,0,0
2025.06.20,03:15,03:30,Hirsch,0,0,0
2025.06.20,03:30,03:45,Hirsch,0,0,0
2025.06.20,03:45,04:00,Hirsch,0,0,0
2025.06.20,04:00,04:15,Hirsch,0,0,0
2025.06.20,04:15,04:30,Hirsch,0,0,0
2025.06.20,04:30,04:45,Hirsch,0,0,0
2025.06.20,04:45,05:00,Hirsch,0,0,0
2025.06.20,05:00,05:15,Hirsch,0,1,1
2025.06.20,05:15,05:30,Hirsch,0,2,2
2025.06.20,05:30,05:45,Hirsch,0,1,1
2025.06.20,05:45,06:00,Hirsch,2,4,6
2025.06.20,06:00,06:15,Hirsch,1,4,5
2025.06.20,06:15,06:30,Hirsch,0,9,9
2025.06.20,06:30,06:45,Hirsch,1,8,9
2025.06.20,06:45,07:00,Hirsch,5,13,18
2025.06.20,07:00,07:15,Hirsch,2,12,14
2025.06.20,07:15,07:30,Hirsch,8,15,23
2025.06.20,07:30,07:45,Hirsch,3,25,28
2025.06.20,07:45,08:00,Hirsch,4,25,29
2025.06.20,08:00,08:15,Hirsch,4,23,27
2025.06.20,08:15,08:30,Hirsch,3,29,32
2025.06.20,08:30,08:45,Hirsch,4,34,38
2025.06.20,08:45,09:00,Hirsch,5,26,31
2025.06.20,09:00,09:15,Hirsch,5,20,25
2025.06.20,09:15,09:30,Hirsch,8,15,23
2025.06.20,09:30,09:45,Hirsch,8,13,21
2025.06.20,09:45,10:00,Hirsch,10,17,27
2025.06.20,10:00,10:15,Hirsch,8,8,16
2025.06.20,10:15,10:30,Hirsch,4,12,16
2025.06.20,10:30,10:45,Hirsch,12,10,22
2025.06.20,10:45,11:00,Hirsch,6,23,29
2025.06.20,11:00,11:15,Hirsch,9,14,23
2025.06.20,11:15,11:30,Hirsch,13,14,27
2025.06.20,11:30,11:45,Hirsch,4,15,19
2025.06.20,11:45,12:00,Hirsch,10,10,20
2025.06.20,12:00,12:15,Hirsch,11,9,20
2025.06.20,12:15,12:30,Hirsch,6,6,12
2025.06.20,12:30,12:45,Hirsch,8,13,21
2025.06.20,12:45,13:00,Hirsch,13,17,30
2025.06.20,13:00,13:15,Hirsch,15,13,28
2025.06.20,13:15,13:30,Hirsch,11,6,17
2025.06.20,13:30,13:45,Hirsch,17,13,30
2025.06.20,13:45,14:00,Hirsch,13,5,18
2025.06.20,14:00,14:15,Hirsch,7,9,16
2025.06.20,14:15,14:30,Hirsch,21,9,30
2025.06.20,14:30,14:45,Hirsch,14,3,17
2025.06.20,14:45,15:00,Hirsch,13,7,20
2025.06.20,15:00,15:15,Hirsch,13,14,27
2025.06.20,15:15,15:30,Hirsch,22,15,37
2025.06.20,15:30,15:45,Hirsch,24,6,30
2025.06.20,15:45,16:00,Hirsch,16,11,27
2025.06.20,16:00,16:15,Hirsch,18,13,31
2025.06.20,16:15,16:30,Hirsch,23,11,34
2025.06.20,16:30,16:45,Hirsch,29,19,48
2025.06.20,16:45,17:00,Hirsch,23,16,39
2025.06.20,17:00,17:15,Hirsch,23,7,30
2025.06.20,17:15,17:30,Hirsch,26,21,47
2025.06.20,17:30,17:45,Hirsch,26,20,46
2025.06.20,17:45,18:00,Hirsch,13,18,31
2025.06.20,18:00,18:15,Hirsch,25,13,38
2025.06.20,18:15,18:30,Hirsch,21,8,29
2025.06.20,18:30,18:45,Hirsch,21,16,37
2025.06.20,18:45,19:00,Hirsch,22,17,39
2025.06.20,19:00,19:15,Hirsch,16,13,29
2025.06.20,19:15,19:30,Hirsch,17,13,30
2025.06.20,19:30,19:45,Hirsch,11,9,20
2025.06.20,19:45,20:00,Hirsch,13,10,23
2025.06.20,20:00,20:15,Hirsch,14,8,22
2025.06.20,20:15,20:30,Hirsch,8,10,18
2025.06.20,20:30,20:45,Hirsch,14,7,21
2025.06.20,20:45,21:00,Hirsch,11,12,23
2025.06.20,21:00,21:15,Hirsch,12,5,17
2025.06.20,21:15,21:30,Hirsch,15,6,21
2025.06.20,21:30,21:45,Hirsch,8,1,9
2025.06.20,21:45,22:00,Hirsch,7,2,9
2025.06.20,22:00,22:15,Hirsch,8,6,14
2025.06.20,22:15,22:30,Hirsch,7,2,9
2025.06.20,22:30,22:45,Hirsch,8,4,12
2025.06.20,22:45,23:00,Hirsch,9,3,12
2025.06.20,23:00,23:15,Hirsch,4,0,4
2025.06.20,23:15,23:30,Hirsch,4,0,4
2025.06.20,23:30,23:45,Hirsch,6,4,10
2025.06.20,23:45,00:00,Hirsch,4,2,6
2025.06.21,00:00,00:15,Hirsch,3,2,5
2025.06.21,00:15,00:30,Hirsch,4,0,4
2025.06.21,00:30,00:45,Hirsch,6,1,7
2025.06.21,00:45,01:00,Hirsch,4,0,4
2025.06.21,01:00,01:15,Hirsch,1,1,2
2025.06.21,01:15,01:30,Hirsch,1,0,1
2025.06.21,01:30,01:45,Hirsch,2,1,3
2025.06.21,01:45,02:00,Hirsch,0,0,0
2025.06.21,02:00,02:15,Hirsch,1,0,1
2025.06.21,02:15,02:30,Hirsch,1,0,1
2025.06.21,02:30,02:45,Hirsch,1,1,2
2025.06.21,02:45,03:00,Hirsch,0,2,2
2025.06.21,03:00,03:15,Hirsch,1,0,1
2025.06.21,03:15,03:30,Hirsch,0,0,0
2025.06.21,03:30,03:45,Hirsch,0,0,0
2025.06.21,03:45,04:00,Hirsch,0,0,0
2025.06.21,04:00,04:15,Hirsch,1,0,1
2025.06.21,04:15,04:30,Hirsch,0,0,0
2025.06.21,04:30,04:45,Hirsch,0,0,0
2025.06.21,04:45,05:00,Hirsch,0,0,0
2025.06.21,05:00,05:15,Hirsch,0,0,0
2025.06.21,05:15,05:30,Hirsch,0,0,0
2025.06.21,05:30,05:45,Hirsch,1,1,2
2025.06.21,05:45,06:00,Hirsch,0,1,1
2025.06.21,06:00,06:15,Hirsch,3,0,3
2025.06.21,06:15,06:30,Hirsch,1,1,2
2025.06.21,06:30,06:45,Hirsch,0,2,2
2025.06.21,06:45,07:00,Hirsch,1,2,3
2025.06.21,07:00,07:15,Hirsch,1,3,4
2025.06.21,07:15,07:30,Hirsch,4,1,5
2025.06.21,07:30,07:45,Hirsch,4,0,4
2025.06.21,07:45,08:00,Hirsch,2,3,5
2025.06.21,08:00,08:15,Hirsch,3,2,5
2025.06.21,08:15,08:30,Hirsch,1,6,7
2025.06.21,08:30,08:45,Hirsch,6,7,13
2025.06.21,08:45,09:00,Hirsch,4,6,10
2025.06.21,09:00,09:15,Hirsch,2,10,12
2025.06.21,09:15,09:30,Hirsch,5,5,10
2025.06.21,09:30,09:45,Hirsch,3,17,20
2025.06.21,09:45,10:00,Hirsch,5,9,14
2025.06.21,10:00,10:15,Hirsch,9,6,15
2025.06.21,10:15,10:30,Hirsch,6,15,21
2025.06.21,10:30,10:45,Hirsch,6,9,15
2025.06.21,10:45,11:00,Hirsch,6,10,16
2025.06.21,11:00,11:15,Hirsch,5,8,13
2025.06.21,11:15,11:30,Hirsch,14,11,25
2025.06.21,11:30,11:45,Hirsch,4,7,11
2025.06.21,11:45,12:00,Hirsch,10,8,18
2025.06.21,12:00,12:15,Hirsch,18,9,27
2025.06.21,12:15,12:30,Hirsch,5,7,12
2025.06.21,12:30,12:45,Hirsch,9,16,25
2025.06.21,12:45,13:00,Hirsch,10,8,18
2025.06.21,13:00,13:15,Hirsch,13,13,26
2025.06.21,13:15,13:30,Hirsch,14,7,21
2025.06.21,13:30,13:45,Hirsch,12,10,22
2025.06.21,13:45,14:00,Hirsch,4,8,12
2025.06.21,14:00,14:15,Hirsch,6,9,15
2025.06.21,14:15,14:30,Hirsch,9,3,12
2025.06.21,14:30,14:45,Hirsch,10,17,27
2025.06.21,14:45,15:00,Hirsch,10,18,28
2025.06.21,15:00,15:15,Hirsch,5,13,18
2025.06.21,15:15,15:30,Hirsch,13,7,20
2025.06.21,15:30,15:45,Hirsch,7,3,10
2025.06.21,15:45,16:00,Hirsch,12,10,22
2025.06.21,16:00,16:15,Hirsch,10,6,16
2025.06.21,16:15,16:30,Hirsch,9,4,13
2025.06.21,16:30,16:45,Hirsch,10,13,23
2025.06.21,16:45,17:00,Hirsch,8,6,14
2025.06.21,17:00,17:15,Hirsch,13,12,25
2025.06.21,17:15,17:30,Hirsch,14,14,28
2025.06.21,17:30,17:45,Hirsch,3,5,8
2025.06.21,17:45,18:00,Hirsch,7,7,14
2025.06.21,18:00,18:15,Hirsch,14,12,26
2025.06.21,18:15,18:30,Hirsch,14,17,31
2025.06.21,18:30,18:45,Hirsch,12,10,22
2025.06.21,18:45,19:00,Hirsch,13,5,18
2025.06.21,19:00,19:15,Hirsch,7,15,22
2025.06.21,19:15,19:30,Hirsch,6,6,12
2025.06.21,19:30,19:45,Hirsch,14,11,25
2025.06.21,19:45,20:00,Hirsch,11,9,20
2025.06.21,20:00,20:15,Hirsch,15,18,33
2025.06.21,20:15,20:30,Hirsch,8,11,19
2025.06.21,20:30,20:45,Hirsch,8,5,13
2025.06.21,20:45,21:00,Hirsch,10,7,17
2025.06.21,21:00,21:15,Hirsch,8,3,11
2025.06.21,21:15,21:30,Hirsch,6,11,17
2025.06.21,21:30,21:45,Hirsch,7,6,13
2025.06.21,21:45,22:00,Hirsch,3,7,10
2025.06.21,22:00,22:15,Hirsch,8,10,18
2025.06.21,22:15,22:30,Hirsch,7,1,8
2025.06.21,22:30,22:45,Hirsch,9,1,10
2025.06.21,22:45,23:00,Hirsch,2,2,4
2025.06.21,23:00,23:15,Hirsch,0,7,7
2025.06.21,23:15,23:30,Hirsch,10,2,12
2025.06.21,23:30,23:45,Hirsch,3,0,3
2025.06.21,23:45,00:00,Hirsch,3,5,8
2025.06.22,00:00,00:15,Hirsch,8,0,8
2025.06.22,00:15,00:30,Hirsch,0,0,0
2025.06.22,00:30,00:45,Hirsch,1,0,1
2025.06.22,00:45,01:00,Hirsch,3,0,3
2025.06.22,01:00,01:15,Hirsch,4,0,4
2025.06.22,01:15,01:30,Hirsch,1,0,1
2025.06.22,01:30,01:45,Hirsch,2,1,3
2025.06.22,01:45,02:00,Hirsch,1,0,1
2025.06.22,02:00,02:15,Hirsch,0,2,2
2025.06.22,02:15,02:30,Hirsch,1,0,1
2025.06.22,02:30,02:45,Hirsch,0,0,0
2025.06.22,02:45,03:00,Hirsch,0,1,1
2025.06.22,03:00,03:15,Hirsch,0,1,1
2025.06.22,03:15,03:30,Hirsch,0,0,0
2025.06.22,03:30,03:45,Hirsch,0,0,0
2025.06.22,03:45,04:00,Hirsch,0,0,0
2025.06.22,04:00,04:15,Hirsch,0,0,0
2025.06.22,04:15,04:30,Hirsch,0,1,1
2025.06.22,04:30,04:45,Hirsch,0,0,0
2025.06.22,04:45,05:00,Hirsch,0,0,0
2025.06.22,05:00,05:15,Hirsch,0,3,3
2025.06.22,05:15,05:30,Hirsch,0,0,0
2025.06.22,05:30,05:45,Hirsch,0,2,2
2025.06.22,05:45,06:00,Hirsch,1,1,2
2025.06.22,06:00,06:15,Hirsch,1,1,2
2025.06.22,06:15,06:30,Hirsch,0,3,3
2025.06.22,06:30,06:45,Hirsch,0,0,0
2025.06.22,06:45,07:00,Hirsch,0,1,1
2025.06.22,07:00,07:15,Hirsch,2,5,7
2025.06.22,07:15,07:30,Hirsch,5,1,6
2025.06.22,07:30,07:45,Hirsch,1,2,3
2025.06.22,07:45,08:00,Hirsch,2,0,2
2025.06.22,08:00,08:15,Hirsch,0,0,0
2025.06.22,08:15,08:30,Hirsch,1,2,3
2025.06.22,08:30,08:45,Hirsch,2,2,4
2025.06.22,08:45,09:00,Hirsch,4,12,16
2025.06.22,09:00,09:15,Hirsch,5,13,18
2025.06.22,09:15,09:30,Hirsch,11,14,25
2025.06.22,09:30,09:45,Hirsch,9,11,20
2025.06.22,09:45,10:00,Hirsch,15,5,20
2025.06.22,10:00,10:15,Hirsch,8,9,17
2025.06.22,10:15,10:30,Hirsch,8,10,18
2025.06.22,10:30,10:45,Hirsch,9,18,27
2025.06.22,10:45,11:00,Hirsch,8,7,15
2025.06.22,11:00,11:15,Hirsch,6,5,11
2025.06.22,11:15,11:30,Hirsch,9,10,19
2025.06.22,11:30,11:45,Hirsch,13,6,19
2025.06.22,11:45,12:00,Hirsch,11,3,14
2025.06.22,12:00,12:15,Hirsch,14,2,16
2025.06.22,12:15,12:30,Hirsch,24,5,29
2025.06.22,12:30,12:45,Hirsch,24,4,28
2025.06.22,12:45,13:00,Hirsch,18,9,27
2025.06.22,13:00,13:15,Hirsch,12,8,20
2025.06.22,13:15,13:30,Hirsch,22,14,36
2025.06.22,13:30,13:45,Hirsch,9,5,14
2025.06.22,13:45,14:00,Hirsch,15,12,27
2025.06.22,14:00,14:15,Hirsch,11,13,24
2025.06.22,14:15,14:30,Hirsch,16,18,34
2025.06.22,14:30,14:45,Hirsch,17,6,23
2025.06.22,14:45,15:00,Hirsch,7,12,19
2025.06.22,15:00,15:15,Hirsch,12,15,27
2025.06.22,15:15,15:30,Hirsch,11,13,24
2025.06.22,15:30,15:45,Hirsch,16,4,20
2025.06.22,15:45,16:00,Hirsch,4,5,9
2025.06.22,16:00,16:15,Hirsch,16,9,25
2025.06.22,16:15,16:30,Hirsch,7,13,20
2025.06.22,16:30,16:45,Hirsch,13,6,19
2025.06.22,16:45,17:00,Hirsch,10,8,18
2025.06.22,17:00,17:15,Hirsch,7,19,26
2025.06.22,17:15,17:30,Hirsch,8,13,21
2025.06.22,17:30,17:45,Hirsch,11,9,20
2025.06.22,17:45,18:00,Hirsch,11,7,18
2025.06.22,18:00,18:15,Hirsch,16,10,26
2025.06.22,18:15,18:30,Hirsch,7,10,17
2025.06.22,18:30,18:45,Hirsch,9,20,29
2025.06.22,18:45,19:00,Hirsch,9,25,34
2025.06.22,19:00,19:15,Hirsch,18,9,27
2025.06.22,19:15,19:30,Hirsch,5,11,16
2025.06.22,19:30,19:45,Hirsch,15,12,27
2025.06.22,19:45,20:00,Hirsch,9,15,24
2025.06.22,20:00,20:15,Hirsch,6,16,22
2025.06.22,20:15,20:30,Hirsch,15,22,37
2025.06.22,20:30,20:45,Hirsch,7,4,11
2025.06.22,20:45,21:00,Hirsch,4,11,15
2025.06.22,21:00,21:15,Hirsch,9,9,18
2025.06.22,21:15,21:30,Hirsch,0,2,2
2025.06.22,21:30,21:45,Hirsch,16,4,20
2025.06.22,21:45,22:00,Hirsch,4,1,5
2025.06.22,22:00,22:15,Hirsch,5,5,10
2025.06.22,22:15,22:30,Hirsch,0,0,0
2025.06.22,22:30,22:45,Hirsch,4,1,5
2025.06.22,22:45,23:00,Hirsch,7,0,7
2025.06.22,23:00,23:15,Hirsch,3,1,4
2025.06.22,23:15,23:30,Hirsch,4,2,6
2025.06.22,23:30,23:45,Hirsch,3,0,3
2025.06.22,23:45,00:00,Hirsch,3,0,3
2025.06.23,00:00,00:15,Hirsch,3,0,3
2025.06.23,00:15,00:30,Hirsch,2,0,2
2025.06.23,00:30,00:45,Hirsch,0,0,0
2025.06.23,00:45,01:00,Hirsch,1,0,1
2025.06.23,01:00,01:15,Hirsch,0,0,0
2025.06.23,01:15,01:30,Hirsch,0,0,0
2025.06.23,01:30,01:45,Hirsch,1,0,1
2025.06.23,01:45,02:00,Hirsch,0,0,0
2025.06.23,02:00,02:15,Hirsch,0,0,0
2025.06.23,02:15,02:30,Hirsch,0,0,0
2025.06.23,02:30,02:45,Hirsch,0,0,0
2025.06.23,02:45,03:00,Hirsch,0,0,0
2025.06.23,03:00,03:15,Hirsch,1,0,1
2025.06.23,03:15,03:30,Hirsch,0,0,0
2025.06.23,03:30,03:45,Hirsch,0,0,0
2025.06.23,03:45,04:00,Hirsch,0,0,0
2025.06.23,04:00,04:15,Hirsch,0,0,0
2025.06.23,04:15,04:30,Hirsch,0,0,0
2025.06.23,04:30,04:45,Hirsch,0,0,0
2025.06.23,04:45,05:00,Hirsch,0,0,0
2025.06.23,05:00,05:15,Hirsch,0,2,2
2025.06.23,05:15,05:30,Hirsch,0,6,6
2025.06.23,05:30,05:45,Hirsch,2,4,6
2025.06.23,05:45,06:00,Hirsch,2,5,7
2025.06.23,06:00,06:15,Hirsch,0,11,11
2025.06.23,06:15,06:30,Hirsch,2,12,14
2025.06.23,06:30,06:45,Hirsch,1,24,25
2025.06.23,06:45,07:00,Hirsch,3,27,30
2025.06.23,07:00,07:15,Hirsch,6,37,43
2025.06.23,07:15,07:30,Hirsch,10,40,50
2025.06.23,07:30,07:45,Hirsch,15,58,73
2025.06.23,07:45,08:00,Hirsch,8,74,82
2025.06.23,08:00,08:15,Hirsch,9,92,101
2025.06.23,08:15,08:30,Hirsch,9,89,98
2025.06.23,08:30,08:45,Hirsch,11,82,93
2025.06.23,08:45,09:00,Hirsch,12,63,75
2025.06.23,09:00,09:15,Hirsch,16,41,57
2025.06.23,09:15,09:30,Hirsch,4,25,29
2025.06.23,09:30,09:45,Hirsch,10,40,50
2025.06.23,09:45,10:00,Hirsch,6,16,22
2025.06.23,10:00,10:15,Hirsch,8,8,16
2025.06.23,10:15,10:30,Hirsch,8,11,19
2025.06.23,10:30,10:45,Hirsch,5,11,16
2025.06.23,10:45,11:00,Hirsch,10,14,24
2025.06.23,11:00,11:15,Hirsch,7,10,17
2025.06.23,11:15,11:30,Hirsch,3,10,13
2025.06.23,11:30,11:45,Hirsch,2,7,9
2025.06.23,11:45,12:00,Hirsch,9,11,20
2025.06.23,12:00,12:15,Hirsch,12,10,22
2025.06.23,12:15,12:30,Hirsch,6,4,10
2025.06.23,12:30,12:45,Hirsch,7,13,20
2025.06.23,12:45,13:00,Hirsch,5,7,12
2025.06.23,13:00,13:15,Hirsch,7,10,17
2025.06.23,13:15,13:30,Hirsch,15,12,27
2025.06.23,13:30,13:45,Hirsch,15,4,19
2025.06.23,13:45,14:00,Hirsch,17,3,20
2025.06.23,14:00,14:15,Hirsch,12,13,25
2025.06.23,14:15,14:30,Hirsch,22,6,28
2025.06.23,14:30,14:45,Hirsch,16,7,23
2025.06.23,14:45,15:00,Hirsch,11,6,17
2025.06.23,15:00,15:15,Hirsch,20,12,32
2025.06.23,15:15,15:30,Hirsch,34,7,41
2025.06.23,15:30,15:45,Hirsch,25,4,29
2025.06.23,15:45,16:00,Hirsch,32,9,41
2025.06.23,16:00,16:15,Hirsch,32,6,38
2025.06.23,16:15,16:30,Hirsch,20,24,44
2025.06.23,16:30,16:45,Hirsch,29,6,35
2025.06.23,16:45,17:00,Hirsch,33,11,44
2025.06.23,17:00,17:15,Hirsch,38,2,40
2025.06.23,17:15,17:30,Hirsch,38,11,49
2025.06.23,17:30,17:45,Hirsch,50,10,60
2025.06.23,17:45,18:00,Hirsch,39,9,48
2025.06.23,18:00,18:15,Hirsch,35,14,49
2025.06.23,18:15,18:30,Hirsch,35,11,46
2025.06.23,18:30,18:45,Hirsch,38,19,57
2025.06.23,18:45,19:00,Hirsch,27,17,44
2025.06.23,19:00,19:15,Hirsch,36,10,46
2025.06.23,19:15,19:30,Hirsch,34,7,41
2025.06.23,19:30,19:45,Hirsch,19,10,29
2025.06.23,19:45,20:00,Hirsch,16,5,21
2025.06.23,20:00,20:15,Hirsch,24,5,29
2025.06.23,20:15,20:30,Hirsch,15,8,23
2025.06.23,20:30,20:45,Hirsch,13,10,23
2025.06.23,20:45,21:00,Hirsch,9,5,14
2025.06.23,21:00,21:15,Hirsch,15,3,18
2025.06.23,21:15,21:30,Hirsch,11,2,13
2025.06.23,21:30,21:45,Hirsch,7,8,15
2025.06.23,21:45,22:00,Hirsch,9,3,12
2025.06.23,22:00,22:15,Hirsch,18,5,23
2025.06.23,22:15,22:30,Hirsch,9,6,15
2025.06.23,22:30,22:45,Hirsch,12,2,14
2025.06.23,22:45,23:00,Hirsch,5,2,7
2025.06.23,23:00,23:15,Hirsch,4,1,5
2025.06.23,23:15,23:30,Hirsch,7,4,11
2025.06.23,23:30,23:45,Hirsch,1,0,1
2025.06.23,23:45,00:00,Hirsch,7,0,7
2025.06.24,00:00,00:15,Hirsch,6,2,8
2025.06.24,00:15,00:30,Hirsch,1,1,2
2025.06.24,00:30,00:45,Hirsch,1,0,1
2025.06.24,00:45,01:00,Hirsch,2,0,2
2025.06.24,01:00,01:15,Hirsch,0,0,0
2025.06.24,01:15,01:30,Hirsch,1,0,1
2025.06.24,01:30,01:45,Hirsch,0,0,0
2025.06.24,01:45,02:00,Hirsch,0,0,0
2025.06.24,02:00,02:15,Hirsch,0,0,0
2025.06.24,02:15,02:30,Hirsch,0,0,0
2025.06.24,02:30,02:45,Hirsch,1,0,1
2025.06.24,02:45,03:00,Hirsch,0,1,1
2025.06.24,03:00,03:15,Hirsch,0,0,0
2025.06.24,03:15,03:30,Hirsch,0,0,0
2025.06.24,03:30,03:45,Hirsch,0,1,1
2025.06.24,03:45,04:00,Hirsch,0,0,0
2025.06.24,04:00,04:15,Hirsch,0,0,0
2025.06.24,04:15,04:30,Hirsch,0,0,0
2025.06.24,04:30,04:45,Hirsch,0,1,1
2025.06.24,04:45,05:00,Hirsch,3,0,3
2025.06.24,05:00,05:15,Hirsch,0,1,1
2025.06.24,05:15,05:30,Hirsch,0,7,7
2025.06.24,05:30,05:45,Hirsch,0,12,12
2025.06.24,05:45,06:00,Hirsch,1,13,14
2025.06.24,06:00,06:15,Hirsch,1,17,18
2025.06.24,06:15,06:30,Hirsch,2,15,17
2025.06.24,06:30,06:45,Hirsch,3,26,29
2025.06.24,06:45,07:00,Hirsch,7,40,47
2025.06.24,07:00,07:15,Hirsch,14,43,57
2025.06.24,07:15,07:30,Hirsch,7,56,63
2025.06.24,07:30,07:45,Hirsch,11,123,134
2025.06.24,07:45,08:00,Hirsch,8,127,135
2025.06.24,08:00,08:15,Hirsch,15,115,130
2025.06.24,08:15,08:30,Hirsch,22,129,151
2025.06.24,08:30,08:45,Hirsch,16,107,123
2025.06.24,08:45,09:00,Hirsch,7,91,98
2025.06.24,09:00,09:15,Hirsch,16,42,58
2025.06.24,09:15,09:30,Hirsch,13,48,61
2025.06.24,09:30,09:45,Hirsch,17,32,49
2025.06.24,09:45,10:00,Hirsch,9,28,37
2025.06.24,10:00,10:15,Hirsch,11,18,29
2025.06.24,10:15,10:30,Hirsch,2,19,21
2025.06.24,10:30,10:45,Hirsch,8,14,22
2025.06.24,10:45,11:00,Hirsch,10,19,29
2025.06.24,11:00,11:15,Hirsch,10,20,30
2025.06.24,11:15,11:30,Hirsch,13,9,22
2025.06.24,11:30,11:45,Hirsch,4,10,14
2025.06.24,11:45,12:00,Hirsch,10,13,23
2025.06.24,12:00,12:15,Hirsch,10,20,30
2025.06.24,12:15,12:30,Hirsch,13,12,25
2025.06.24,12:30,12:45,Hirsch,16,11,27
2025.06.24,12:45,13:00,Hirsch,14,9,23
2025.06.24,13:00,13:15,Hirsch,12,12,24
2025.06.24,13:15,13:30,Hirsch,24,15,39
2025.06.24,13:30,13:45,Hirsch,20,10,30
2025.06.24,13:45,14:00,Hirsch,19,17,36
2025.06.24,14:00,14:15,Hirsch,18,10,28
2025.06.24,14:15,14:30,Hirsch,15,10,25
2025.06.24,14:30,14:45,Hirsch,27,4,31
2025.06.24,14:45,15:00,Hirsch,21,6,27
2025.06.24,15:00,15:15,Hirsch,24,16,40
2025.06.24,15:15,15:30,Hirsch,29,8,37
2025.06.24,15:30,15:45,Hirsch,30,8,38
2025.06.24,15:45,16:00,Hirsch,49,10,59
2025.06.24,16:00,16:15,Hirsch,37,11,48
2025.06.24,16:15,16:30,Hirsch,52,16,68
2025.06.24,16:30,16:45,Hirsch,43,13,56
2025.06.24,16:45,17:00,Hirsch,46,11,57
2025.06.24,17:00,17:15,Hirsch,57,15,72
2025.06.24,17:15,17:30,Hirsch,77,19,96
2025.06.24,17:30,17:45,Hirsch,54,36,90
2025.06.24,17:45,18:00,Hirsch,66,24,90
2025.06.24,18:00,18:15,Hirsch,63,23,86
2025.06.24,18:15,18:30,Hirsch,65,27,92
2025.06.24,18:30,18:45,Hirsch,58,19,77
2025.06.24,18:45,19:00,Hirsch,53,15,68
2025.06.24,19:00,19:15,Hirsch,45,19,64
2025.06.24,19:15,19:30,Hirsch,49,21,70
2025.06.24,19:30,19:45,Hirsch,27,9,36
2025.06.24,19:45,20:00,Hirsch,31,16,47
2025.06.24,20:00,20:15,Hirsch,23,14,37
2025.06.24,20:15,20:30,Hirsch,27,9,36
2025.06.24,20:30,20:45,Hirsch,19,7,26
2025.06.24,20:45,21:00,Hirsch,17,5,22
2025.06.24,21:00,21:15,Hirsch,17,5,22
2025.06.24,21:15,21:30,Hirsch,18,10,28
2025.06.24,21:30,21:45,Hirsch,27,6,33
2025.06.24,21:45,22:00,Hirsch,16,9,25
2025.06.24,22:00,22:15,Hirsch,22,3,25
2025.06.24,22:15,22:30,Hirsch,24,10,34
2025.06.24,22:30,22:45,Hirsch,8,3,11
2025.06.24,22:45,23:00,Hirsch,17,4,21
2025.06.24,23:00,23:15,Hirsch,20,1,21
2025.06.24,23:15,23:30,Hirsch,6,5,11
2025.06.24,23:30,23:45,Hirsch,8,0,8
2025.06.24,23:45,00:00,Hirsch,10,1,11
2025.06.25,00:00,00:15,Hirsch,3,0,3
2025.06.25,00:15,00:30,Hirsch,5,0,5
2025.06.25,00:30,00:45,Hirsch,2,0,2
2025.06.25,00:45,01:00,Hirsch,1,0,1
2025.06.25,01:00,01:15,Hirsch,2,1,3
2025.06.25,01:15,01:30,Hirsch,2,0,2
2025.06.25,01:30,01:45,Hirsch,1,0,1
2025.06.25,01:45,02:00,Hirsch,2,0,2
2025.06.25,02:00,02:15,Hirsch,1,0,1
2025.06.25,02:15,02:30,Hirsch,0,0,0
2025.06.25,02:30,02:45,Hirsch,0,0,0
2025.06.25,02:45,03:00,Hirsch,0,0,0
2025.06.25,03:00,03:15,Hirsch,0,0,0
2025.06.25,03:15,03:30,Hirsch,0,0,0
2025.06.25,03:30,03:45,Hirsch,0,0,0
2025.06.25,03:45,04:00,Hirsch,0,0,0
2025.06.25,04:00,04:15,Hirsch,0,0,0
2025.06.25,04:15,04:30,Hirsch,0,0,0
2025.06.25,04:30,04:45,Hirsch,0,1,1
2025.06.25,04:45,05:00,Hirsch,1,1,2
2025.06.25,05:00,05:15,Hirsch,0,2,2
2025.06.25,05:15,05:30,Hirsch,0,3,3
2025.06.25,05:30,05:45,Hirsch,1,11,12
2025.06.25,05:45,06:00,Hirsch,3,14,17
2025.06.25,06:00,06:15,Hirsch,3,10,13
2025.06.25,06:15,06:30,Hirsch,0,15,15
2025.06.25,06:30,06:45,Hirsch,1,24,25
2025.06.25,06:45,07:00,Hirsch,8,32,40
2025.06.25,07:00,07:15,Hirsch,4,42,46
2025.06.25,07:15,07:30,Hirsch,13,74,87
2025.06.25,07:30,07:45,Hirsch,14,96,110
2025.06.25,07:45,08:00,Hirsch,12,112,124
2025.06.25,08:00,08:15,Hirsch,17,113,130
2025.06.25,08:15,08:30,Hirsch,18,117,135
2025.06.25,08:30,08:45,Hirsch,17,101,118
2025.06.25,08:45,09:00,Hirsch,15,59,74
2025.06.25,09:00,09:15,Hirsch,15,46,61
2025.06.25,09:15,09:30,Hirsch,12,41,53
2025.06.25,09:30,09:45,Hirsch,10,34,44
2025.06.25,09:45,10:00,Hirsch,7,22,29
2025.06.25,10:00,10:15,Hirsch,10,8,18
2025.06.25,10:15,10:30,Hirsch,6,16,22
2025.06.25,10:30,10:45,Hirsch,7,13,20
2025.06.25,10:45,11:00,Hirsch,10,15,25
2025.06.25,11:00,11:15,Hirsch,8,11,19
2025.06.25,11:15,11:30,Hirsch,6,5,11
2025.06.25,11:30,11:45,Hirsch,4,11,15
2025.06.25,11:45,12:00,Hirsch,11,7,18
2025.06.25,12:00,12:15,Hirsch,6,8,14
2025.06.25,12:15,12:30,Hirsch,15,11,26
2025.06.25,12:30,12:45,Hirsch,12,12,24
2025.06.25,12:45,13:00,Hirsch,7,4,11
2025.06.25,13:00,13:15,Hirsch,13,8,21
2025.06.25,13:15,13:30,Hirsch,15,8,23
2025.06.25,13:30,13:45,Hirsch,27,7,34
2025.06.25,13:45,14:00,Hirsch,15,11,26
2025.06.25,14:00,14:15,Hirsch,15,8,23
2025.06.25,14:15,14:30,Hirsch,15,6,21
2025.06.25,14:30,14:45,Hirsch,24,11,35
2025.06.25,14:45,15:00,Hirsch,22,8,30
2025.06.25,15:00,15:15,Hirsch,24,5,29
2025.06.25,15:15,15:30,Hirsch,19,14,33
2025.06.25,15:30,15:45,Hirsch,32,11,43
2025.06.25,15:45,16:00,Hirsch,36,7,43
2025.06.25,16:00,16:15,Hirsch,46,8,54
2025.06.25,16:15,16:30,Hirsch,47,11,58
2025.06.25,16:30,16:45,Hirsch,44,11,55
2025.06.25,16:45,17:00,Hirsch,42,11,53
2025.06.25,17:00,17:15,Hirsch,58,17,75
2025.06.25,17:15,17:30,Hirsch,59,18,77
2025.06.25,17:30,17:45,Hirsch,63,21,84
2025.06.25,17:45,18:00,Hirsch,60,29,89
2025.06.25,18:00,18:15,Hirsch,66,24,90
2025.06.25,18:15,18:30,Hirsch,67,19,86
2025.06.25,18:30,18:45,Hirsch,64,25,89
2025.06.25,18:45,19:00,Hirsch,52,21,73
2025.06.25,19:00,19:15,Hirsch,30,14,44
2025.06.25,19:15,19:30,Hirsch,25,20,45
2025.06.25,19:30,19:45,Hirsch,36,12,48
2025.06.25,19:45,20:00,Hirsch,19,6,25
2025.06.25,20:00,20:15,Hirsch,30,16,46
2025.06.25,20:15,20:30,Hirsch,19,3,22
2025.06.25,20:30,20:45,Hirsch,21,10,31
2025.06.25,20:45,21:00,Hirsch,15,6,21
2025.06.25,21:00,21:15,Hirsch,20,5,25
2025.06.25,21:15,21:30,Hirsch,19,3,22
2025.06.25,21:30,21:45,Hirsch,8,11,19
2025.06.25,21:45,22:00,Hirsch,13,5,18
2025.06.25,22:00,22:15,Hirsch,14,8,22
2025.06.25,22:15,22:30,Hirsch,13,11,24
2025.06.25,22:30,22:45,Hirsch,20,4,24
2025.06.25,22:45,23:00,Hirsch,10,3,13
2025.06.25,23:00,23:15,Hirsch,11,0,11
2025.06.25,23:15,23:30,Hirsch,15,3,18
2025.06.25,23:30,23:45,Hirsch,7,2,9
2025.06.25,23:45,00:00,Hirsch,5,0,5
2025.06.26,00:00,00:15,Hirsch,4,4,8
2025.06.26,00:15,00:30,Hirsch,3,1,4
2025.06.26,00:30,00:45,Hirsch,1,0,1
2025.06.26,00:45,01:00,Hirsch,4,0,4
2025.06.26,01:00,01:15,Hirsch,2,1,3
2025.06.26,01:15,01:30,Hirsch,1,0,1
2025.06.26,01:30,01:45,Hirsch,0,0,0
2025.06.26,01:45,02:00,Hirsch,1,0,1
2025.06.26,02:00,02:15,Hirsch,2,0,2
2025.06.26,02:15,02:30,Hirsch,0,0,0
2025.06.26,02:30,02:45,Hirsch,0,0,0
2025.06.26,02:45,03:00,Hirsch,0,1,1
2025.06.26,03:00,03:15,Hirsch,0,0,0
2025.06.26,03:15,03:30,Hirsch,1,1,2
2025.06.26,03:30,03:45,Hirsch,0,1,1
2025.06.26,03:45,04:00,Hirsch,0,1,1
2025.06.26,04:00,04:15,Hirsch,0,0,0
2025.06.26,04:15,04:30,Hirsch,0,0,0
2025.06.26,04:30,04:45,Hirsch,0,1,1
2025.06.26,04:45,05:00,Hirsch,1,0,1
2025.06.26,05:00,05:15,Hirsch,0,5,5
2025.06.26,05:15,05:30,Hirsch,0,7,7
2025.06.26,05:30,05:45,Hirsch,1,5,6
2025.06.26,05:45,06:00,Hirsch,3,9,12
2025.06.26,06:00,06:15,Hirsch,2,9,11
2025.06.26,06:15,06:30,Hirsch,2,15,17
2025.06.26,06:30,06:45,Hirsch,0,22,22
2025.06.26,06:45,07:00,Hirsch,5,24,29
2025.06.26,07:00,07:15,Hirsch,9,36,45
2025.06.26,07:15,07:30,Hirsch,13,48,61
2025.06.26,07:30,07:45,Hirsch,7,69,76
2025.06.26,07:45,08:00,Hirsch,12,82,94
2025.06.26,08:00,08:15,Hirsch,8,88,96
2025.06.26,08:15,08:30,Hirsch,12,86,98
2025.06.26,08:30,08:45,Hirsch,12,72,84
2025.06.26,08:45,09:00,Hirsch,9,43,52
2025.06.26,09:00,09:15,Hirsch,9,41,50
2025.06.26,09:15,09:30,Hirsch,4,44,48
2025.06.26,09:30,09:45,Hirsch,4,25,29
2025.06.26,09:45,10:00,Hirsch,5,15,20
2025.06.26,10:00,10:15,Hirsch,7,16,23
2025.06.26,10:15,10:30,Hirsch,8,8,16
2025.06.26,10:30,10:45,Hirsch,3,18,21
2025.06.26,10:45,11:00,Hirsch,6,10,16
2025.06.26,11:00,11:15,Hirsch,14,4,18
2025.06.26,11:15,11:30,Hirsch,8,14,22
2025.06.26,11:30,11:45,Hirsch,10,9,19
2025.06.26,11:45,12:00,Hirsch,9,12,21
2025.06.26,12:00,12:15,Hirsch,13,9,22
2025.06.26,12:15,12:30,Hirsch,7,11,18
2025.06.26,12:30,12:45,Hirsch,13,9,22
2025.06.26,12:45,13:00,Hirsch,13,4,17
2025.06.26,13:00,13:15,Hirsch,14,6,20
2025.06.26,13:15,13:30,Hirsch,13,5,18
2025.06.26,13:30,13:45,Hirsch,15,6,21
2025.06.26,13:45,14:00,Hirsch,21,8,29
2025.06.26,14:00,14:15,Hirsch,18,9,27
2025.06.26,14:15,14:30,Hirsch,19,1,20
2025.06.26,14:30,14:45,Hirsch,13,6,19
2025.06.26,14:45,15:00,Hirsch,16,4,20
2025.06.26,15:00,15:15,Hirsch,17,7,24
2025.06.26,15:15,15:30,Hirsch,17,7,24
2025.06.26,15:30,15:45,Hirsch,25,5,30
2025.06.26,15:45,16:00,Hirsch,42,13,55
2025.06.26,16:00,16:15,Hirsch,38,4,42
2025.06.26,16:15,16:30,Hirsch,32,9,41
2025.06.26,16:30,16:45,Hirsch,31,6,37
2025.06.26,16:45,17:00,Hirsch,43,10,53
2025.06.26,17:00,17:15,Hirsch,41,8,49
2025.06.26,17:15,17:30,Hirsch,34,15,49
2025.06.26,17:30,17:45,Hirsch,31,15,46
2025.06.26,17:45,18:00,Hirsch,35,6,41
2025.06.26,18:00,18:15,Hirsch,13,2,15
2025.06.26,18:15,18:30,Hirsch,14,3,17
2025.06.26,18:30,18:45,Hirsch,25,4,29
2025.06.26,18:45,19:00,Hirsch,15,5,20
2025.06.26,19:00,19:15,Hirsch,22,6,28
2025.06.26,19:15,19:30,Hirsch,26,5,31
2025.06.26,19:30,19:45,Hirsch,15,4,19
2025.06.26,19:45,20:00,Hirsch,15,2,17
2025.06.26,20:00,20:15,Hirsch,16,3,19
2025.06.26,20:15,20:30,Hirsch,7,5,12
2025.06.26,20:30,20:45,Hirsch,6,7,13
2025.06.26,20:45,21:00,Hirsch,13,4,17
2025.06.26,21:00,21:15,Hirsch,7,0,7
2025.06.26,21:15,21:30,Hirsch,4,2,6
2025.06.26,21:30,21:45,Hirsch,8,1,9
2025.06.26,21:45,22:00,Hirsch,5,2,7
2025.06.26,22:00,22:15,Hirsch,10,3,13
2025.06.26,22:15,22:30,Hirsch,5,3,8
2025.06.26,22:30,22:45,Hirsch,10,0,10
2025.06.26,22:45,23:00,Hirsch,3,2,5
2025.06.26,23:00,23:15,Hirsch,8,0,8
2025.06.26,23:15,23:30,Hirsch,3,1,4
2025.06.26,23:30,23:45,Hirsch,3,0,3
2025.06.26,23:45,00:00,Hirsch,1,0,1
2025.06.27,00:00,00:15,Hirsch,3,1,4
2025.06.27,00:15,00:30,Hirsch,3,1,4
2025.06.27,00:30,00:45,Hirsch,0,1,1
2025.06.27,00:45,01:00,Hirsch,2,0,2
2025.06.27,01:00,01:15,Hirsch,1,0,1
2025.06.27,01:15,01:30,Hirsch,1,0,1
2025.06.27,01:30,01:45,Hirsch,0,0,0
2025.06.27,01:45,02:00,Hirsch,2,0,2
2025.06.27,02:00,02:15,Hirsch,0,0,0
2025.06.27,02:15,02:30,Hirsch,1,0,1
2025.06.27,02:30,02:45,Hirsch,2,0,2
2025.06.27,02:45,03:00,Hirsch,0,0,0
2025.06.27,03:00,03:15,Hirsch,0,0,0
2025.06.27,03:15,03:30,Hirsch,0,0,0
2025.06.27,03:30,03:45,Hirsch,0,0,0
2025.06.27,03:45,04:00,Hirsch,0,0,0
2025.06.27,04:00,04:15,Hirsch,0,0,0
2025.06.27,04:15,04:30,Hirsch,1,0,1
2025.06.27,04:30,04:45,Hirsch,0,0,0
2025.06.27,04:45,05:00,Hirsch,0,2,2
2025.06.27,05:00,05:15,Hirsch,0,3,3
2025.06.27,05:15,05:30,Hirsch,0,3,3
2025.06.27,05:30,05:45,Hirsch,0,5,5
2025.06.27,05:45,06:00,Hirsch,0,8,8
2025.06.27,06:00,06:15,Hirsch,1,10,11
2025.06.27,06:15,06:30,Hirsch,3,13,16
2025.06.27,06:30,06:45,Hirsch,3,8,11
2025.06.27,06:45,07:00,Hirsch,4,17,21
2025.06.27,07:00,07:15,Hirsch,4,20,24
2025.06.27,07:15,07:30,Hirsch,9,29,38
2025.06.27,07:30,07:45,Hirsch,11,46,57
2025.06.27,07:45,08:00,Hirsch,7,44,51
2025.06.27,08:00,08:15,Hirsch,7,68,75
2025.06.27,08:15,08:30,Hirsch,7,41,48
2025.06.27,08:30,08:45,Hirsch,3,49,52
2025.06.27,08:45,09:00,Hirsch,7,25,32
2025.06.27,09:00,09:15,Hirsch,12,27,39
2025.06.27,09:15,09:30,Hirsch,8,22,30
2025.06.27,09:30,09:45,Hirsch,7,26,33
2025.06.27,09:45,10:00,Hirsch,7,10,17
2025.06.27,10:00,10:15,Hirsch,12,10,22
2025.06.27,10:15,10:30,Hirsch,13,14,27
2025.06.27,10:30,10:45,Hirsch,7,14,21
2025.06.27,10:45,11:00,Hirsch,6,11,17
2025.06.27,11:00,11:15,Hirsch,2,10,12
2025.06.27,11:15,11:30,Hirsch,8,7,15
2025.06.27,11:30,11:45,Hirsch,8,12,20
2025.06.27,11:45,12:00,Hirsch,9,9,18
2025.06.27,12:00,12:15,Hirsch,12,13,25
2025.06.27,12:15,12:30,Hirsch,9,10,19
2025.06.27,12:30,12:45,Hirsch,5,13,18
2025.06.27,12:45,13:00,Hirsch,18,8,26
2025.06.27,13:00,13:15,Hirsch,13,7,20
2025.06.27,13:15,13:30,Hirsch,22,10,32
2025.06.27,13:30,13:45,Hirsch,26,9,35
2025.06.27,13:45,14:00,Hirsch,10,5,15
2025.06.27,14:00,14:15,Hirsch,15,6,21
2025.06.27,14:15,14:30,Hirsch,19,4,23
2025.06.27,14:30,14:45,Hirsch,26,8,34
2025.06.27,14:45,15:00,Hirsch,29,7,36
2025.06.27,15:00,15:15,Hirsch,21,7,28
2025.06.27,15:15,15:30,Hirsch,19,10,29
2025.06.27,15:30,15:45,Hirsch,24,11,35
2025.06.27,15:45,16:00,Hirsch,25,5,30
2025.06.27,16:00,16:15,Hirsch,18,12,30
2025.06.27,16:15,16:30,Hirsch,30,10,40
2025.06.27,16:30,16:45,Hirsch,29,13,42
2025.06.27,16:45,17:00,Hirsch,28,14,42
2025.06.27,17:00,17:15,Hirsch,42,16,58
2025.06.27,17:15,17:30,Hirsch,24,19,43
2025.06.27,17:30,17:45,Hirsch,19,26,45
2025.06.27,17:45,18:00,Hirsch,22,17,39
2025.06.27,18:00,18:15,Hirsch,33,19,52
2025.06.27,18:15,18:30,Hirsch,21,14,35
2025.06.27,18:30,18:45,Hirsch,23,11,34
2025.06.27,18:45,19:00,Hirsch,28,11,39
2025.06.27,19:00,19:15,Hirsch,20,14,34
2025.06.27,19:15,19:30,Hirsch,14,20,34
2025.06.27,19:30,19:45,Hirsch,17,7,24
2025.06.27,19:45,20:00,Hirsch,11,12,23
2025.06.27,20:00,20:15,Hirsch,12,10,22
2025.06.27,20:15,20:30,Hirsch,8,13,21
2025.06.27,20:30,20:45,Hirsch,13,6,19
2025.06.27,20:45,21:00,Hirsch,7,7,14
2025.06.27,21:00,21:15,Hirsch,5,6,11
2025.06.27,21:15,21:30,Hirsch,7,8,15
2025.06.27,21:30,21:45,Hirsch,11,1,12
2025.06.27,21:45,22:00,Hirsch,8,5,13
2025.06.27,22:00,22:15,Hirsch,15,6,21
2025.06.27,22:15,22:30,Hirsch,4,2,6
2025.06.27,22:30,22:45,Hirsch,11,3,14
2025.06.27,22:45,23:00,Hirsch,7,1,8
2025.06.27,23:00,23:15,Hirsch,17,1,18
2025.06.27,23:15,23:30,Hirsch,4,1,5
2025.06.27,23:30,23:45,Hirsch,8,1,9
2025.06.27,23:45,00:00,Hirsch,8,1,9
2025.06.28,00:00,00:15,Hirsch,9,0,9
2025.06.28,00:15,00:30,Hirsch,10,1,11
2025.06.28,00:30,00:45,Hirsch,1,0,1
2025.06.28,00:45,01:00,Hirsch,4,1,5
2025.06.28,01:00,01:15,Hirsch,2,0,2
2025.06.28,01:15,01:30,Hirsch,4,0,4
2025.06.28,01:30,01:45,Hirsch,2,0,2
2025.06.28,01:45,02:00,Hirsch,4,0,4
2025.06.28,02:00,02:15,Hirsch,1,0,1
2025.06.28,02:15,02:30,Hirsch,0,0,0
2025.06.28,02:30,02:45,Hirsch,1,0,1
2025.06.28,02:45,03:00,Hirsch,2,0,2
2025.06.28,03:00,03:15,Hirsch,0,0,0
2025.06.28,03:15,03:30,Hirsch,2,0,2
2025.06.28,03:30,03:45,Hirsch,0,0,0
2025.06.28,03:45,04:00,Hirsch,0,0,0
2025.06.28,04:00,04:15,Hirsch,0,0,0
2025.06.28,04:15,04:30,Hirsch,1,0,1
2025.06.28,04:30,04:45,Hirsch,0,0,0
2025.06.28,04:45,05:00,Hirsch,0,0,0
2025.06.28,05:00,05:15,Hirsch,0,0,0
2025.06.28,05:15,05:30,Hirsch,0,1,1
2025.06.28,05:30,05:45,Hirsch,2,1,3
2025.06.28,05:45,06:00,Hirsch,1,2,3
2025.06.28,06:00,06:15,Hirsch,0,1,1
2025.06.28,06:15,06:30,Hirsch,1,0,1
2025.06.28,06:30,06:45,Hirsch,0,1,1
2025.06.28,06:45,07:00,Hirsch,2,1,3
2025.06.28,07:00,07:15,Hirsch,0,2,2
2025.06.28,07:15,07:30,Hirsch,3,3,6
2025.06.28,07:30,07:45,Hirsch,3,9,12
2025.06.28,07:45,08:00,Hirsch,4,6,10
2025.06.28,08:00,08:15,Hirsch,2,4,6
2025.06.28,08:15,08:30,Hirsch,4,7,11
2025.06.28,08:30,08:45,Hirsch,5,9,14
2025.06.28,08:45,09:00,Hirsch,7,13,20
2025.06.28,09:00,09:15,Hirsch,3,17,20
2025.06.28,09:15,09:30,Hirsch,3,13,16
2025.06.28,09:30,09:45,Hirsch,3,11,14
2025.06.28,09:45,10:00,Hirsch,6,15,21
2025.06.28,10:00,10:15,Hirsch,4,17,21
2025.06.28,10:15,10:30,Hirsch,11,16,27
2025.06.28,10:30,10:45,Hirsch,12,13,25
2025.06.28,10:45,11:00,Hirsch,10,24,34
2025.06.28,11:00,11:15,Hirsch,11,21,32
2025.06.28,11:15,11:30,Hirsch,15,15,30
2025.06.28,11:30,11:45,Hirsch,8,19,27
2025.06.28,11:45,12:00,Hirsch,11,11,22
2025.06.28,12:00,12:15,Hirsch,11,22,33
2025.06.28,12:15,12:30,Hirsch,10,17,27
2025.06.28,12:30,12:45,Hirsch,10,19,29
2025.06.28,12:45,13:00,Hirsch,11,15,26
2025.06.28,13:00,13:15,Hirsch,14,12,26
2025.06.28,13:15,13:30,Hirsch,12,17,29
2025.06.28,13:30,13:45,Hirsch,13,25,38
2025.06.28,13:45,14:00,Hirsch,14,9,23
2025.06.28,14:00,14:15,Hirsch,11,22,33
2025.06.28,14:15,14:30,Hirsch,15,14,29
2025.06.28,14:30,14:45,Hirsch,20,10,30
2025.06.28,14:45,15:00,Hirsch,9,14,23
2025.06.28,15:00,15:15,Hirsch,12,16,28
2025.06.28,15:15,15:30,Hirsch,17,16,33
2025.06.28,15:30,15:45,Hirsch,22,15,37
2025.06.28,15:45,16:00,Hirsch,14,9,23
2025.06.28,16:00,16:15,Hirsch,17,11,28
2025.06.28,16:15,16:30,Hirsch,14,11,25
2025.06.28,16:30,16:45,Hirsch,14,11,25
2025.06.28,16:45,17:00,Hirsch,15,9,24
2025.06.28,17:00,17:15,Hirsch,10,11,21
2025.06.28,17:15,17:30,Hirsch,30,17,47
2025.06.28,17:30,17:45,Hirsch,17,14,31
2025.06.28,17:45,18:00,Hirsch,12,6,18
2025.06.28,18:00,18:15,Hirsch,7,13,20
2025.06.28,18:15,18:30,Hirsch,19,21,40
2025.06.28,18:30,18:45,Hirsch,25,23,48
2025.06.28,18:45,19:00,Hirsch,18,19,37
2025.06.28,19:00,19:15,Hirsch,15,20,35
2025.06.28,19:15,19:30,Hirsch,10,24,34
2025.06.28,19:30,19:45,Hirsch,12,4,16
2025.06.28,19:45,20:00,Hirsch,5,14,19
2025.06.28,20:00,20:15,Hirsch,17,5,22
2025.06.28,20:15,20:30,Hirsch,12,5,17
2025.06.28,20:30,20:45,Hirsch,9,13,22
2025.06.28,20:45,21:00,Hirsch,11,7,18
2025.06.28,21:00,21:15,Hirsch,8,5,13
2025.06.28,21:15,21:30,Hirsch,8,6,14
2025.06.28,21:30,21:45,Hirsch,16,12,28
2025.06.28,21:45,22:00,Hirsch,7,11,18
2025.06.28,22:00,22:15,Hirsch,9,1,10
2025.06.28,22:15,22:30,Hirsch,6,4,10
2025.06.28,22:30,22:45,Hirsch,7,1,8
2025.06.28,22:45,23:00,Hirsch,10,7,17
2025.06.28,23:00,23:15,Hirsch,7,4,11
2025.06.28,23:15,23:30,Hirsch,11,2,13
2025.06.28,23:30,23:45,Hirsch,14,4,18
2025.06.28,23:45,00:00,Hirsch,7,1,8
2025.06.29,00:00,00:15,Hirsch,6,1,7
2025.06.29,00:15,00:30,Hirsch,9,4,13
2025.06.29,00:30,00:45,Hirsch,3,3,6
2025.06.29,00:45,01:00,Hirsch,2,1,3
2025.06.29,01:00,01:15,Hirsch,3,2,5
2025.06.29,01:15,01:30,Hirsch,0,1,1
2025.06.29,01:30,01:45,Hirsch,3,0,3
2025.06.29,01:45,02:00,Hirsch,3,0,3
2025.06.29,02:00,02:15,Hirsch,1,0,1
2025.06.29,02:15,02:30,Hirsch,0,0,0
2025.06.29,02:30,02:45,Hirsch,1,0,1
2025.06.29,02:45,03:00,Hirsch,0,0,0
2025.06.29,03:00,03:15,Hirsch,0,0,0
2025.06.29,03:15,03:30,Hirsch,0,0,0
2025.06.29,03:30,03:45,Hirsch,2,1,3
2025.06.29,03:45,04:00,Hirsch,4,0,4
2025.06.29,04:00,04:15,Hirsch,0,0,0
2025.06.29,04:15,04:30,Hirsch,0,0,0
2025.06.29,04:30,04:45,Hirsch,0,0,0
2025.06.29,04:45,05:00,Hirsch,1,0,1
2025.06.29,05:00,05:15,Hirsch,2,0,2
2025.06.29,05:15,05:30,Hirsch,1,4,5
2025.06.29,05:30,05:45,Hirsch,2,0,2
2025.06.29,05:45,06:00,Hirsch,0,1,1
2025.06.29,06:00,06:15,Hirsch,1,0,1
2025.06.29,06:15,06:30,Hirsch,1,0,1
2025.06.29,06:30,06:45,Hirsch,0,1,1
2025.06.29,06:45,07:00,Hirsch,1,2,3
2025.06.29,07:00,07:15,Hirsch,1,1,2
2025.06.29,07:15,07:30,Hirsch,2,6,8
2025.06.29,07:30,07:45,Hirsch,4,3,7
2025.06.29,07:45,08:00,Hirsch,3,2,5
2025.06.29,08:00,08:15,Hirsch,5,2,7
2025.06.29,08:15,08:30,Hirsch,7,3,10
2025.06.29,08:30,08:45,Hirsch,6,8,14
2025.06.29,08:45,09:00,Hirsch,4,7,11
2025.06.29,09:00,09:15,Hirsch,8,9,17
2025.06.29,09:15,09:30,Hirsch,8,1,9
2025.06.29,09:30,09:45,Hirsch,8,11,19
2025.06.29,09:45,10:00,Hirsch,15,20,35
2025.06.29,10:00,10:15,Hirsch,4,9,13
2025.06.29,10:15,10:30,Hirsch,12,4,16
2025.06.29,10:30,10:45,Hirsch,18,5,23
2025.06.29,10:45,11:00,Hirsch,17,13,30
2025.06.29,11:00,11:15,Hirsch,9,7,16
2025.06.29,11:15,11:30,Hirsch,15,10,25
2025.06.29,11:30,11:45,Hirsch,11,10,21
2025.06.29,11:45,12:00,Hirsch,11,10,21
2025.06.29,12:00,12:15,Hirsch,13,6,19
2025.06.29,12:15,12:30,Hirsch,6,9,15
2025.06.29,12:30,12:45,Hirsch,11,11,22
2025.06.29,12:45,13:00,Hirsch,5,8,13
2025.06.29,13:00,13:15,Hirsch,8,8,16
2025.06.29,13:15,13:30,Hirsch,17,7,24
2025.06.29,13:30,13:45,Hirsch,12,11,23
2025.06.29,13:45,14:00,Hirsch,18,7,25
2025.06.29,14:00,14:15,Hirsch,4,15,19
2025.06.29,14:15,14:30,Hirsch,11,10,21
2025.06.29,14:30,14:45,Hirsch,10,7,17
2025.06.29,14:45,15:00,Hirsch,18,9,27
2025.06.29,15:00,15:15,Hirsch,8,11,19
2025.06.29,15:15,15:30,Hirsch,13,13,26
2025.06.29,15:30,15:45,Hirsch,7,13,20
2025.06.29,15:45,16:00,Hirsch,8,9,17
2025.06.29,16:00,16:15,Hirsch,4,9,13
2025.06.29,16:15,16:30,Hirsch,11,4,15
2025.06.29,16:30,16:45,Hirsch,12,15,27
2025.06.29,16:45,17:00,Hirsch,8,14,22
2025.06.29,17:00,17:15,Hirsch,9,14,23
2025.06.29,17:15,17:30,Hirsch,21,11,32
2025.06.29,17:30,17:45,Hirsch,9,11,20
2025.06.29,17:45,18:00,Hirsch,17,11,28
2025.06.29,18:00,18:15,Hirsch,7,10,17
2025.06.29,18:15,18:30,Hirsch,13,13,26
2025.06.29,18:30,18:45,Hirsch,17,22,39
2025.06.29,18:45,19:00,Hirsch,8,17,25
2025.06.29,19:00,19:15,Hirsch,17,11,28
2025.06.29,19:15,19:30,Hirsch,12,7,19
2025.06.29,19:30,19:45,Hirsch,6,17,23
2025.06.29,19:45,20:00,Hirsch,9,6,15
2025.06.29,20:00,20:15,Hirsch,11,14,25
2025.06.29,20:15,20:30,Hirsch,16,14,30
2025.06.29,20:30,20:45,Hirsch,14,8,22
2025.06.29,20:45,21:00,Hirsch,8,4,12
2025.06.29,21:00,21:15,Hirsch,11,5,16
2025.06.29,21:15,21:30,Hirsch,10,4,14
2025.06.29,21:30,21:45,Hirsch,5,9,14
2025.06.29,21:45,22:00,Hirsch,17,1,18
2025.06.29,22:00,22:15,Hirsch,4,1,5
2025.06.29,22:15,22:30,Hirsch,3,4,7
2025.06.29,22:30,22:45,Hirsch,9,7,16
2025.06.29,22:45,23:00,Hirsch,5,3,8
2025.06.29,23:00,23:15,Hirsch,4,0,4
2025.06.29,23:15,23:30,Hirsch,5,2,7
2025.06.29,23:30,23:45,Hirsch,2,0,2
2025.06.29,23:45,00:00,Hirsch,3,0,3
2025.06.30,00:00,00:15,Hirsch,4,0,4
2025.06.30,00:15,00:30,Hirsch,1,0,1
2025.06.30,00:30,00:45,Hirsch,2,0,2
2025.06.30,00:45,01:00,Hirsch,5,0,5
2025.06.30,01:00,01:15,Hirsch,0,0,0
2025.06.30,01:15,01:30,Hirsch,0,0,0
2025.06.30,01:30,01:45,Hirsch,0,1,1
2025.06.30,01:45,02:00,Hirsch,0,0,0
2025.06.30,02:00,02:15,Hirsch,1,0,1
2025.06.30,02:15,02:30,Hirsch,0,0,0
2025.06.30,02:30,02:45,Hirsch,0,0,0
2025.06.30,02:45,03:00,Hirsch,1,0,1
2025.06.30,03:00,03:15,Hirsch,1,0,1
2025.06.30,03:15,03:30,Hirsch,0,0,0
2025.06.30,03:30,03:45,Hirsch,0,0,0
2025.06.30,03:45,04:00,Hirsch,0,0,0
2025.06.30,04:00,04:15,Hirsch,0,0,0
2025.06.30,04:15,04:30,Hirsch,0,0,0
2025.06.30,04:30,04:45,Hirsch,0,1,1
2025.06.30,04:45,05:00,Hirsch,0,0,0
2025.06.30,05:00,05:15,Hirsch,1,4,5
2025.06.30,05:15,05:30,Hirsch,2,5,7
2025.06.30,05:30,05:45,Hirsch,1,10,11
2025.06.30,05:45,06:00,Hirsch,1,12,13
2025.06.30,06:00,06:15,Hirsch,2,13,15
2025.06.30,06:15,06:30,Hirsch,1,17,18
2025.06.30,06:30,06:45,Hirsch,3,24,27
2025.06.30,06:45,07:00,Hirsch,9,43,52
2025.06.30,07:00,07:15,Hirsch,6,41,47
2025.06.30,07:15,07:30,Hirsch,14,67,81
2025.06.30,07:30,07:45,Hirsch,13,98,111
2025.06.30,07:45,08:00,Hirsch,25,105,130
2025.06.30,08:00,08:15,Hirsch,8,108,116
2025.06.30,08:15,08:30,Hirsch,21,116,137
2025.06.30,08:30,08:45,Hirsch,15,105,120
2025.06.30,08:45,09:00,Hirsch,23,71,94
2025.06.30,09:00,09:15,Hirsch,12,54,66
2025.06.30,09:15,09:30,Hirsch,10,43,53
2025.06.30,09:30,09:45,Hirsch,6,28,34
2025.06.30,09:45,10:00,Hirsch,8,29,37
2025.06.30,10:00,10:15,Hirsch,4,11,15
2025.06.30,10:15,10:30,Hirsch,8,18,26
2025.06.30,10:30,10:45,Hirsch,14,13,27
2025.06.30,10:45,11:00,Hirsch,7,16,23
2025.06.30,11:00,11:15,Hirsch,9,8,17
2025.06.30,11:15,11:30,Hirsch,12,13,25
2025.06.30,11:30,11:45,Hirsch,11,12,23
2025.06.30,11:45,12:00,Hirsch,12,13,25
2025.06.30,12:00,12:15,Hirsch,7,5,12
2025.06.30,12:15,12:30,Hirsch,8,9,17
2025.06.30,12:30,12:45,Hirsch,17,10,27
2025.06.30,12:45,13:00,Hirsch,11,2,13
2025.06.30,13:00,13:15,Hirsch,14,5,19
2025.06.30,13:15,13:30,Hirsch,15,10,25
2025.06.30,13:30,13:45,Hirsch,15,8,23
2025.06.30,13:45,14:00,Hirsch,15,4,19
2025.06.30,14:00,14:15,Hirsch,11,7,18
2025.06.30,14:15,14:30,Hirsch,15,11,26
2025.06.30,14:30,14:45,Hirsch,16,7,23
2025.06.30,14:45,15:00,Hirsch,24,10,34
2025.06.30,15:00,15:15,Hirsch,20,16,36
2025.06.30,15:15,15:30,Hirsch,34,3,37
2025.06.30,15:30,15:45,Hirsch,35,9,44
2025.06.30,15:45,16:00,Hirsch,42,11,53
2025.06.30,16:00,16:15,Hirsch,33,9,42
2025.06.30,16:15,16:30,Hirsch,37,19,56
2025.06.30,16:30,16:45,Hirsch,47,16,63
2025.06.30,16:45,17:00,Hirsch,38,10,48
2025.06.30,17:00,17:15,Hirsch,61,14,75
2025.06.30,17:15,17:30,Hirsch,58,21,79
2025.06.30,17:30,17:45,Hirsch,65,19,84
2025.06.30,17:45,18:00,Hirsch,56,23,79
2025.06.30,18:00,18:15,Hirsch,64,22,86
2025.06.30,18:15,18:30,Hirsch,66,25,91
2025.06.30,18:30,18:45,Hirsch,59,20,79
2025.06.30,18:45,19:00,Hirsch,50,22,72
2025.06.30,19:00,19:15,Hirsch,43,17,60
2025.06.30,19:15,19:30,Hirsch,46,12,58
2025.06.30,19:30,19:45,Hirsch,27,8,35
2025.06.30,19:45,20:00,Hirsch,38,17,55
2025.06.30,20:00,20:15,Hirsch,27,6,33
2025.06.30,20:15,20:30,Hirsch,19,16,35
2025.06.30,20:30,20:45,Hirsch,16,12,28
2025.06.30,20:45,21:00,Hirsch,12,6,18
2025.06.30,21:00,21:15,Hirsch,10,10,20
2025.06.30,21:15,21:30,Hirsch,8,19,27
2025.06.30,21:30,21:45,Hirsch,16,7,23
2025.06.30,21:45,22:00,Hirsch,15,6,21
2025.06.30,22:00,22:15,Hirsch,12,11,23
2025.06.30,22:15,22:30,Hirsch,13,8,21
2025.06.30,22:30,22:45,Hirsch,12,1,13
2025.06.30,22:45,23:00,Hirsch,20,13,33
2025.06.30,23:00,23:15,Hirsch,7,2,9
2025.06.30,23:15,23:30,Hirsch,6,3,9
2025.06.30,23:30,23:45,Hirsch,6,0,6
2025.06.30,23:45,00:00,Hirsch,5,1,6
2025.06.01,00:00,00:15,Erhardt,10,16,26
2025.06.01,00:15,00:30,Erhardt,11,16,27
2025.06.01,00:30,00:45,Erhardt,3,10,13
2025.06.01,00:45,01:00,Erhardt,9,11,20
2025.06.01,01:00,01:15,Erhardt,2,9,11
2025.06.01,01:15,01:30,Erhardt,7,1,8
2025.06.01,01:30,01:45,Erhardt,4,8,12
2025.06.01,01:45,02:00,Erhardt,5,10,15
2025.06.01,02:00,02:15,Erhardt,2,4,6
2025.06.01,02:15,02:30,Erhardt,3,8,11
2025.06.01,02:30,02:45,Erhardt,3,7,10
2025.06.01,02:45,03:00,Erhardt,1,8,9
2025.06.01,03:00,03:15,Erhardt,3,2,5
2025.06.01,03:15,03:30,Erhardt,3,5,8
2025.06.01,03:30,03:45,Erhardt,2,5,7
2025.06.01,03:45,04:00,Erhardt,2,1,3
2025.06.01,04:00,04:15,Erhardt,0,3,3
2025.06.01,04:15,04:30,Erhardt,0,2,2
2025.06.01,04:30,04:45,Erhardt,0,0,0
2025.06.01,04:45,05:00,Erhardt,1,0,1
2025.06.01,05:00,05:15,Erhardt,2,0,2
2025.06.01,05:15,05:30,Erhardt,1,1,2
2025.06.01,05:30,05:45,Erhardt,1,0,1
2025.06.01,05:45,06:00,Erhardt,1,0,1
2025.06.01,06:00,06:15,Erhardt,1,7,8
2025.06.01,06:15,06:30,Erhardt,1,2,3
2025.06.01,06:30,06:45,Erhardt,2,4,6
2025.06.01,06:45,07:00,Erhardt,0,2,2
2025.06.01,07:00,07:15,Erhardt,3,2,5
2025.06.01,07:15,07:30,Erhardt,4,5,9
2025.06.01,07:30,07:45,Erhardt,3,4,7
2025.06.01,07:45,08:00,Erhardt,11,3,14
2025.06.01,08:00,08:15,Erhardt,5,1,6
2025.06.01,08:15,08:30,Erhardt,11,5,16
2025.06.01,08:30,08:45,Erhardt,12,15,27
2025.06.01,08:45,09:00,Erhardt,11,10,21
2025.06.01,09:00,09:15,Erhardt,8,11,19
2025.06.01,09:15,09:30,Erhardt,21,14,35
2025.06.01,09:30,09:45,Erhardt,13,14,27
2025.06.01,09:45,10:00,Erhardt,36,26,62
2025.06.01,10:00,10:15,Erhardt,23,23,46
2025.06.01,10:15,10:30,Erhardt,25,21,46
2025.06.01,10:30,10:45,Erhardt,18,14,32
2025.06.01,10:45,11:00,Erhardt,31,16,47
2025.06.01,11:00,11:15,Erhardt,15,26,41
2025.06.01,11:15,11:30,Erhardt,34,20,54
2025.06.01,11:30,11:45,Erhardt,30,34,64
2025.06.01,11:45,12:00,Erhardt,41,35,76
2025.06.01,12:00,12:15,Erhardt,31,24,55
2025.06.01,12:15,12:30,Erhardt,35,51,86
2025.06.01,12:30,12:45,Erhardt,34,36,70
2025.06.01,12:45,13:00,Erhardt,47,40,87
2025.06.01,13:00,13:15,Erhardt,31,38,69
2025.06.01,13:15,13:30,Erhardt,36,47,83
2025.06.01,13:30,13:45,Erhardt,46,57,103
2025.06.01,13:45,14:00,Erhardt,43,57,100
2025.06.01,14:00,14:15,Erhardt,42,47,89
2025.06.01,14:15,14:30,Erhardt,43,75,118
2025.06.01,14:30,14:45,Erhardt,50,58,108
2025.06.01,14:45,15:00,Erhardt,59,50,109
2025.06.01,15:00,15:15,Erhardt,36,47,83
2025.06.01,15:15,15:30,Erhardt,66,71,137
2025.06.01,15:30,15:45,Erhardt,62,45,107
2025.06.01,15:45,16:00,Erhardt,55,39,94
2025.06.01,16:00,16:15,Erhardt,34,63,97
2025.06.01,16:15,16:30,Erhardt,46,70,116
2025.06.01,16:30,16:45,Erhardt,65,52,117
2025.06.01,16:45,17:00,Erhardt,50,58,108
2025.06.01,17:00,17:15,Erhardt,38,48,86
2025.06.01,17:15,17:30,Erhardt,48,54,102
2025.06.01,17:30,17:45,Erhardt,64,49,113
2025.06.01,17:45,18:00,Erhardt,52,49,101
2025.06.01,18:00,18:15,Erhardt,62,47,109
2025.06.01,18:15,18:30,Erhardt,41,71,112
2025.06.01,18:30,18:45,Erhardt,46,44,90
2025.06.01,18:45,19:00,Erhardt,48,38,86
2025.06.01,19:00,19:15,Erhardt,49,44,93
2025.06.01,19:15,19:30,Erhardt,21,39,60
2025.06.01,19:30,19:45,Erhardt,30,41,71
2025.06.01,19:45,20:00,Erhardt,35,30,65
2025.06.01,20:00,20:15,Erhardt,28,27,55
2025.06.01,20:15,20:30,Erhardt,27,36,63
2025.06.01,20:30,20:45,Erhardt,23,12,35
2025.06.01,20:45,21:00,Erhardt,20,19,39
2025.06.01,21:00,21:15,Erhardt,25,20,45
2025.06.01,21:15,21:30,Erhardt,12,19,31
2025.06.01,21:30,21:45,Erhardt,17,11,28
2025.06.01,21:45,22:00,Erhardt,13,10,23
2025.06.01,22:00,22:15,Erhardt,19,19,38
2025.06.01,22:15,22:30,Erhardt,12,11,23
2025.06.01,22:30,22:45,Erhardt,7,9,16
2025.06.01,22:45,23:00,Erhardt,14,20,34
2025.06.01,23:00,23:15,Erhardt,12,9,21
2025.06.01,23:15,23:30,Erhardt,11,4,15
2025.06.01,23:30,23:45,Erhardt,3,6,9
2025.06.01,23:45,00:00,Erhardt,3,5,8
2025.06.02,00:00,00:15,Erhardt,0,0,0
2025.06.02,00:15,00:30,Erhardt,1,1,2
2025.06.02,00:30,00:45,Erhardt,3,7,10
2025.06.02,00:45,01:00,Erhardt,0,1,1
2025.06.02,01:00,01:15,Erhardt,0,2,2
2025.06.02,01:15,01:30,Erhardt,0,0,0
2025.06.02,01:30,01:45,Erhardt,1,0,1
2025.06.02,01:45,02:00,Erhardt,0,2,2
2025.06.02,02:00,02:15,Erhardt,0,1,1
2025.06.02,02:15,02:30,Erhardt,0,1,1
2025.06.02,02:30,02:45,Erhardt,0,0,0
2025.06.02,02:45,03:00,Erhardt,0,0,0
2025.06.02,03:00,03:15,Erhardt,0,0,0
2025.06.02,03:15,03:30,Erhardt,0,0,0
2025.06.02,03:30,03:45,Erhardt,0,0,0
2025.06.02,03:45,04:00,Erhardt,0,0,0
2025.06.02,04:00,04:15,Erhardt,0,0,0
2025.06.02,04:15,04:30,Erhardt,1,0,1
2025.06.02,04:30,04:45,Erhardt,3,3,6
2025.06.02,04:45,05:00,Erhardt,2,0,2
2025.06.02,05:00,05:15,Erhardt,2,0,2
2025.06.02,05:15,05:30,Erhardt,1,3,4
2025.06.02,05:30,05:45,Erhardt,6,1,7
2025.06.02,05:45,06:00,Erhardt,4,6,10
2025.06.02,06:00,06:15,Erhardt,8,2,10
2025.06.02,06:15,06:30,Erhardt,16,10,26
2025.06.02,06:30,06:45,Erhardt,11,9,20
2025.06.02,06:45,07:00,Erhardt,17,20,37
2025.06.02,07:00,07:15,Erhardt,15,23,38
2025.06.02,07:15,07:30,Erhardt,39,23,62
2025.06.02,07:30,07:45,Erhardt,45,43,88
2025.06.02,07:45,08:00,Erhardt,68,46,114
2025.06.02,08:00,08:15,Erhardt,49,41,90
2025.06.02,08:15,08:30,Erhardt,60,54,114
2025.06.02,08:30,08:45,Erhardt,62,45,107
2025.06.02,08:45,09:00,Erhardt,69,49,118
2025.06.02,09:00,09:15,Erhardt,52,20,72
2025.06.02,09:15,09:30,Erhardt,27,21,48
2025.06.02,09:30,09:45,Erhardt,11,31,42
2025.06.02,09:45,10:00,Erhardt,35,20,55
2025.06.02,10:00,10:15,Erhardt,26,13,39
2025.06.02,10:15,10:30,Erhardt,16,12,28
2025.06.02,10:30,10:45,Erhardt,9,16,25
2025.06.02,10:45,11:00,Erhardt,21,15,36
2025.06.02,11:00,11:15,Erhardt,15,9,24
2025.06.02,11:15,11:30,Erhardt,25,16,41
2025.06.02,11:30,11:45,Erhardt,13,19,32
2025.06.02,11:45,12:00,Erhardt,20,16,36
2025.06.02,12:00,12:15,Erhardt,22,7,29
2025.06.02,12:15,12:30,Erhardt,18,14,32
2025.06.02,12:30,12:45,Erhardt,19,15,34
2025.06.02,12:45,13:00,Erhardt,19,18,37
2025.06.02,13:00,13:15,Erhardt,12,13,25
2025.06.02,13:15,13:30,Erhardt,32,17,49
2025.06.02,13:30,13:45,Erhardt,23,20,43
2025.06.02,13:45,14:00,Erhardt,24,14,38
2025.06.02,14:00,14:15,Erhardt,27,9,36
2025.06.02,14:15,14:30,Erhardt,15,23,38
2025.06.02,14:30,14:45,Erhardt,26,15,41
2025.06.02,14:45,15:00,Erhardt,35,12,47
2025.06.02,15:00,15:15,Erhardt,33,11,44
2025.06.02,15:15,15:30,Erhardt,32,21,53
2025.06.02,15:30,15:45,Erhardt,38,26,64
2025.06.02,15:45,16:00,Erhardt,39,24,63
2025.06.02,16:00,16:15,Erhardt,57,21,78
2025.06.02,16:15,16:30,Erhardt,39,29,68
2025.06.02,16:30,16:45,Erhardt,48,27,75
2025.06.02,16:45,17:00,Erhardt,52,30,82
2025.06.02,17:00,17:15,Erhardt,60,24,84
2025.06.02,17:15,17:30,Erhardt,51,31,82
2025.06.02,17:30,17:45,Erhardt,54,38,92
2025.06.02,17:45,18:00,Erhardt,71,36,107
2025.06.02,18:00,18:15,Erhardt,67,46,113
2025.06.02,18:15,18:30,Erhardt,52,40,92
2025.06.02,18:30,18:45,Erhardt,68,21,89
2025.06.02,18:45,19:00,Erhardt,29,21,50
2025.06.02,19:00,19:15,Erhardt,20,14,34
2025.06.02,19:15,19:30,Erhardt,21,21,42
2025.06.02,19:30,19:45,Erhardt,19,25,44
2025.06.02,19:45,20:00,Erhardt,21,11,32
2025.06.02,20:00,20:15,Erhardt,19,9,28
2025.06.02,20:15,20:30,Erhardt,17,9,26
2025.06.02,20:30,20:45,Erhardt,9,11,20
2025.06.02,20:45,21:00,Erhardt,10,17,27
2025.06.02,21:00,21:15,Erhardt,14,11,25
2025.06.02,21:15,21:30,Erhardt,8,4,12
2025.06.02,21:30,21:45,Erhardt,9,10,19
2025.06.02,21:45,22:00,Erhardt,7,6,13
2025.06.02,22:00,22:15,Erhardt,9,5,14
2025.06.02,22:15,22:30,Erhardt,8,9,17
2025.06.02,22:30,22:45,Erhardt,8,5,13
2025.06.02,22:45,23:00,Erhardt,4,5,9
2025.06.02,23:00,23:15,Erhardt,5,13,18
2025.06.02,23:15,23:30,Erhardt,4,3,7
2025.06.02,23:30,23:45,Erhardt,1,0,1
2025.06.02,23:45,00:00,Erhardt,0,4,4
2025.06.03,00:00,00:15,Erhardt,1,1,2
2025.06.03,00:15,00:30,Erhardt,3,2,5
2025.06.03,00:30,00:45,Erhardt,1,0,1
2025.06.03,00:45,01:00,Erhardt,0,1,1
2025.06.03,01:00,01:15,Erhardt,0,0,0
2025.06.03,01:15,01:30,Erhardt,0,0,0
2025.06.03,01:30,01:45,Erhardt,0,1,1
2025.06.03,01:45,02:00,Erhardt,0,1,1
2025.06.03,02:00,02:15,Erhardt,2,1,3
2025.06.03,02:15,02:30,Erhardt,0,0,0
2025.06.03,02:30,02:45,Erhardt,1,1,2
2025.06.03,02:45,03:00,Erhardt,0,0,0
2025.06.03,03:00,03:15,Erhardt,0,0,0
2025.06.03,03:15,03:30,Erhardt,2,0,2
2025.06.03,03:30,03:45,Erhardt,0,0,0
2025.06.03,03:45,04:00,Erhardt,1,0,1
2025.06.03,04:00,04:15,Erhardt,0,0,0
2025.06.03,04:15,04:30,Erhardt,0,0,0
2025.06.03,04:30,04:45,Erhardt,1,0,1
2025.06.03,04:45,05:00,Erhardt,1,0,1
2025.06.03,05:00,05:15,Erhardt,1,0,1
2025.06.03,05:15,05:30,Erhardt,2,0,2
2025.06.03,05:30,05:45,Erhardt,2,3,5
2025.06.03,05:45,06:00,Erhardt,5,0,5
2025.06.03,06:00,06:15,Erhardt,7,3,10
2025.06.03,06:15,06:30,Erhardt,7,7,14
2025.06.03,06:30,06:45,Erhardt,5,11,16
2025.06.03,06:45,07:00,Erhardt,13,15,28
2025.06.03,07:00,07:15,Erhardt,11,21,32
2025.06.03,07:15,07:30,Erhardt,20,21,41
2025.06.03,07:30,07:45,Erhardt,39,27,66
2025.06.03,07:45,08:00,Erhardt,48,44,92
2025.06.03,08:00,08:15,Erhardt,60,42,102
2025.06.03,08:15,08:30,Erhardt,73,43,116
2025.06.03,08:30,08:45,Erhardt,63,66,129
2025.06.03,08:45,09:00,Erhardt,68,37,105
2025.06.03,09:00,09:15,Erhardt,48,43,91
2025.06.03,09:15,09:30,Erhardt,45,28,73
2025.06.03,09:30,09:45,Erhardt,42,33,75
2025.06.03,09:45,10:00,Erhardt,30,23,53
2025.06.03,10:00,10:15,Erhardt,22,31,53
2025.06.03,10:15,10:30,Erhardt,26,26,52
2025.06.03,10:30,10:45,Erhardt,26,13,39
2025.06.03,10:45,11:00,Erhardt,28,18,46
2025.06.03,11:00,11:15,Erhardt,10,21,31
2025.06.03,11:15,11:30,Erhardt,20,18,38
2025.06.03,11:30,11:45,Erhardt,19,20,39
2025.06.03,11:45,12:00,Erhardt,19,14,33
2025.06.03,12:00,12:15,Erhardt,35,19,54
2025.06.03,12:15,12:30,Erhardt,35,12,47
2025.06.03,12:30,12:45,Erhardt,33,23,56
2025.06.03,12:45,13:00,Erhardt,33,20,53
2025.06.03,13:00,13:15,Erhardt,25,17,42
2025.06.03,13:15,13:30,Erhardt,39,26,65
2025.06.03,13:30,13:45,Erhardt,35,26,61
2025.06.03,13:45,14:00,Erhardt,20,31,51
2025.06.03,14:00,14:15,Erhardt,38,24,62
2025.06.03,14:15,14:30,Erhardt,37,24,61
2025.06.03,14:30,14:45,Erhardt,33,44,77
2025.06.03,14:45,15:00,Erhardt,36,42,78
2025.06.03,15:00,15:15,Erhardt,36,32,68
2025.06.03,15:15,15:30,Erhardt,43,33,76
2025.06.03,15:30,15:45,Erhardt,45,37,82
2025.06.03,15:45,16:00,Erhardt,43,31,74
2025.06.03,16:00,16:15,Erhardt,38,32,70
2025.06.03,16:15,16:30,Erhardt,52,35,87
2025.06.03,16:30,16:45,Erhardt,57,41,98
2025.06.03,16:45,17:00,Erhardt,56,31,87
2025.06.03,17:00,17:15,Erhardt,74,28,102
2025.06.03,17:15,17:30,Erhardt,84,53,137
2025.06.03,17:30,17:45,Erhardt,64,37,101
2025.06.03,17:45,18:00,Erhardt,101,59,160
2025.06.03,18:00,18:15,Erhardt,82,42,124
2025.06.03,18:15,18:30,Erhardt,84,52,136
2025.06.03,18:30,18:45,Erhardt,71,48,119
2025.06.03,18:45,19:00,Erhardt,82,49,131
2025.06.03,19:00,19:15,Erhardt,73,39,112
2025.06.03,19:15,19:30,Erhardt,60,44,104
2025.06.03,19:30,19:45,Erhardt,67,32,99
2025.06.03,19:45,20:00,Erhardt,54,26,80
2025.06.03,20:00,20:15,Erhardt,55,28,83
2025.06.03,20:15,20:30,Erhardt,25,31,56
2025.06.03,20:30,20:45,Erhardt,21,19,40
2025.06.03,20:45,21:00,Erhardt,27,16,43
2025.06.03,21:00,21:15,Erhardt,18,27,45
2025.06.03,21:15,21:30,Erhardt,23,27,50
2025.06.03,21:30,21:45,Erhardt,32,29,61
2025.06.03,21:45,22:00,Erhardt,41,14,55
2025.06.03,22:00,22:15,Erhardt,20,14,34
2025.06.03,22:15,22:30,Erhardt,24,13,37
2025.06.03,22:30,22:45,Erhardt,12,12,24
2025.06.03,22:45,23:00,Erhardt,17,14,31
2025.06.03,23:00,23:15,Erhardt,11,8,19
2025.06.03,23:15,23:30,Erhardt,16,11,27
2025.06.03,23:30,23:45,Erhardt,10,9,19
2025.06.03,23:45,00:00,Erhardt,6,7,13
2025.06.04,00:00,00:15,Erhardt,9,5,14
2025.06.04,00:15,00:30,Erhardt,2,2,4
2025.06.04,00:30,00:45,Erhardt,2,2,4
2025.06.04,00:45,01:00,Erhardt,3,0,3
2025.06.04,01:00,01:15,Erhardt,1,0,1
2025.06.04,01:15,01:30,Erhardt,0,0,0
2025.06.04,01:30,01:45,Erhardt,1,1,2
2025.06.04,01:45,02:00,Erhardt,1,1,2
2025.06.04,02:00,02:15,Erhardt,1,1,2
2025.06.04,02:15,02:30,Erhardt,0,0,0
2025.06.04,02:30,02:45,Erhardt,0,0,0
2025.06.04,02:45,03:00,Erhardt,0,0,0
2025.06.04,03:00,03:15,Erhardt,0,0,0
2025.06.04,03:15,03:30,Erhardt,0,0,0
2025.06.04,03:30,03:45,Erhardt,0,0,0
2025.06.04,03:45,04:00,Erhardt,0,0,0
2025.06.04,04:00,04:15,Erhardt,0,0,0
2025.06.04,04:15,04:30,Erhardt,0,1,1
2025.06.04,04:30,04:45,Erhardt,1,1,2
2025.06.04,04:45,05:00,Erhardt,1,2,3
2025.06.04,05:00,05:15,Erhardt,1,0,1
2025.06.04,05:15,05:30,Erhardt,3,2,5
2025.06.04,05:30,05:45,Erhardt,5,2,7
2025.06.04,05:45,06:00,Erhardt,1,11,12
2025.06.04,06:00,06:15,Erhardt,19,5,24
2025.06.04,06:15,06:30,Erhardt,13,12,25
2025.06.04,06:30,06:45,Erhardt,25,18,43
2025.06.04,06:45,07:00,Erhardt,27,25,52
2025.06.04,07:00,07:15,Erhardt,26,28,54
2025.06.04,07:15,07:30,Erhardt,37,33,70
2025.06.04,07:30,07:45,Erhardt,66,44,110
2025.06.04,07:45,08:00,Erhardt,72,67,139
2025.06.04,08:00,08:15,Erhardt,80,48,128
2025.06.04,08:15,08:30,Erhardt,80,75,155
2025.06.04,08:30,08:45,Erhardt,85,75,160
2025.06.04,08:45,09:00,Erhardt,83,69,152
2025.06.04,09:00,09:15,Erhardt,67,45,112
2025.06.04,09:15,09:30,Erhardt,39,38,77
2025.06.04,09:30,09:45,Erhardt,47,42,89
2025.06.04,09:45,10:00,Erhardt,38,38,76
2025.06.04,10:00,10:15,Erhardt,37,22,59
2025.06.04,10:15,10:30,Erhardt,18,34,52
2025.06.04,10:30,10:45,Erhardt,29,30,59
2025.06.04,10:45,11:00,Erhardt,35,28,63
2025.06.04,11:00,11:15,Erhardt,31,22,53
2025.06.04,11:15,11:30,Erhardt,25,23,48
2025.06.04,11:30,11:45,Erhardt,36,27,63
2025.06.04,11:45,12:00,Erhardt,28,38,66
2025.06.04,12:00,12:15,Erhardt,24,36,60
2025.06.04,12:15,12:30,Erhardt,35,42,77
2025.06.04,12:30,12:45,Erhardt,33,32,65
2025.06.04,12:45,13:00,Erhardt,23,27,50
2025.06.04,13:00,13:15,Erhardt,37,28,65
2025.06.04,13:15,13:30,Erhardt,49,16,65
2025.06.04,13:30,13:45,Erhardt,39,29,68
2025.06.04,13:45,14:00,Erhardt,36,30,66
2025.06.04,14:00,14:15,Erhardt,30,33,63
2025.06.04,14:15,14:30,Erhardt,38,40,78
2025.06.04,14:30,14:45,Erhardt,42,32,74
2025.06.04,14:45,15:00,Erhardt,43,35,78
2025.06.04,15:00,15:15,Erhardt,48,34,82
2025.06.04,15:15,15:30,Erhardt,49,37,86
2025.06.04,15:30,15:45,Erhardt,54,50,104
2025.06.04,15:45,16:00,Erhardt,50,35,85
2025.06.04,16:00,16:15,Erhardt,56,61,117
2025.06.04,16:15,16:30,Erhardt,50,45,95
2025.06.04,16:30,16:45,Erhardt,73,45,118
2025.06.04,16:45,17:00,Erhardt,91,35,126
2025.06.04,17:00,17:15,Erhardt,78,44,122
2025.06.04,17:15,17:30,Erhardt,84,44,128
2025.06.04,17:30,17:45,Erhardt,105,61,166
2025.06.04,17:45,18:00,Erhardt,104,43,147
2025.06.04,18:00,18:15,Erhardt,84,44,128
2025.06.04,18:15,18:30,Erhardt,82,59,141
2025.06.04,18:30,18:45,Erhardt,55,40,95
2025.06.04,18:45,19:00,Erhardt,54,36,90
2025.06.04,19:00,19:15,Erhardt,54,25,79
2025.06.04,19:15,19:30,Erhardt,41,46,87
2025.06.04,19:30,19:45,Erhardt,53,26,79
2025.06.04,19:45,20:00,Erhardt,34,31,65
2025.06.04,20:00,20:15,Erhardt,36,28,64
2025.06.04,20:15,20:30,Erhardt,14,17,31
2025.06.04,20:30,20:45,Erhardt,18,9,27
2025.06.04,20:45,21:00,Erhardt,16,9,25
2025.06.04,21:00,21:15,Erhardt,14,13,27
2025.06.04,21:15,21:30,Erhardt,12,13,25
2025.06.04,21:30,21:45,Erhardt,18,11,29
2025.06.04,21:45,22:00,Erhardt,13,19,32
2025.06.04,22:00,22:15,Erhardt,13,11,24
2025.06.04,22:15,22:30,Erhardt,10,13,23
2025.06.04,22:30,22:45,Erhardt,14,15,29
2025.06.04,22:45,23:00,Erhardt,12,10,22
2025.06.04,23:00,23:15,Erhardt,7,5,12
2025.06.04,23:15,23:30,Erhardt,5,13,18
2025.06.04,23:30,23:45,Erhardt,13,3,16
2025.06.04,23:45,00:00,Erhardt,5,7,12
2025.06.05,00:00,00:15,Erhardt,7,6,13
2025.06.05,00:15,00:30,Erhardt,6,8,14
2025.06.05,00:30,00:45,Erhardt,2,2,4
2025.06.05,00:45,01:00,Erhardt,3,5,8
2025.06.05,01:00,01:15,Erhardt,0,1,1
2025.06.05,01:15,01:30,Erhardt,4,1,5
2025.06.05,01:30,01:45,Erhardt,1,0,1
2025.06.05,01:45,02:00,Erhardt,0,2,2
2025.06.05,02:00,02:15,Erhardt,0,0,0
2025.06.05,02:15,02:30,Erhardt,0,0,0
2025.06.05,02:30,02:45,Erhardt,0,0,0
2025.06.05,02:45,03:00,Erhardt,0,0,0
2025.06.05,03:00,03:15,Erhardt,0,0,0
2025.06.05,03:15,03:30,Erhardt,0,1,1
2025.06.05,03:30,03:45,Erhardt,0,2,2
2025.06.05,03:45,04:00,Erhardt,0,0,0
2025.06.05,04:00,04:15,Erhardt,0,0,0
2025.06.05,04:15,04:30,Erhardt,0,0,0
2025.06.05,04:30,04:45,Erhardt,0,0,0
2025.06.05,04:45,05:00,Erhardt,1,1,2
2025.06.05,05:00,05:15,Erhardt,0,0,0
2025.06.05,05:15,05:30,Erhardt,2,1,3
2025.06.05,05:30,05:45,Erhardt,3,4,7
2025.06.05,05:45,06:00,Erhardt,3,4,7
2025.06.05,06:00,06:15,Erhardt,6,1,7
2025.06.05,06:15,06:30,Erhardt,6,3,9
2025.06.05,06:30,06:45,Erhardt,11,4,15
2025.06.05,06:45,07:00,Erhardt,8,12,20
2025.06.05,07:00,07:15,Erhardt,17,15,32
2025.06.05,07:15,07:30,Erhardt,22,17,39
2025.06.05,07:30,07:45,Erhardt,39,27,66
2025.06.05,07:45,08:00,Erhardt,83,38,121
2025.06.05,08:00,08:15,Erhardt,47,53,100
2025.06.05,08:15,08:30,Erhardt,56,34,90
2025.06.05,08:30,08:45,Erhardt,45,43,88
2025.06.05,08:45,09:00,Erhardt,44,46,90
2025.06.05,09:00,09:15,Erhardt,35,31,66
2025.06.05,09:15,09:30,Erhardt,31,28,59
2025.06.05,09:30,09:45,Erhardt,16,19,35
2025.06.05,09:45,10:00,Erhardt,23,10,33
2025.06.05,10:00,10:15,Erhardt,15,13,28
2025.06.05,10:15,10:30,Erhardt,14,6,20
2025.06.05,10:30,10:45,Erhardt,12,13,25
2025.06.05,10:45,11:00,Erhardt,14,17,31
2025.06.05,11:00,11:15,Erhardt,5,12,17
2025.06.05,11:15,11:30,Erhardt,8,9,17
2025.06.05,11:30,11:45,Erhardt,11,11,22
2025.06.05,11:45,12:00,Erhardt,16,6,22
2025.06.05,12:00,12:15,Erhardt,8,20,28
2025.06.05,12:15,12:30,Erhardt,15,15,30
2025.06.05,12:30,12:45,Erhardt,22,17,39
2025.06.05,12:45,13:00,Erhardt,12,14,26
2025.06.05,13:00,13:15,Erhardt,16,20,36
2025.06.05,13:15,13:30,Erhardt,15,17,32
2025.06.05,13:30,13:45,Erhardt,13,21,34
2025.06.05,13:45,14:00,Erhardt,20,15,35
2025.06.05,14:00,14:15,Erhardt,19,14,33
2025.06.05,14:15,14:30,Erhardt,16,11,27
2025.06.05,14:30,14:45,Erhardt,23,25,48
2025.06.05,14:45,15:00,Erhardt,25,18,43
2025.06.05,15:00,15:15,Erhardt,28,16,44
2025.06.05,15:15,15:30,Erhardt,28,24,52
2025.06.05,15:30,15:45,Erhardt,41,12,53
2025.06.05,15:45,16:00,Erhardt,28,33,61
2025.06.05,16:00,16:15,Erhardt,27,17,44
2025.06.05,16:15,16:30,Erhardt,41,25,66
2025.06.05,16:30,16:45,Erhardt,33,23,56
2025.06.05,16:45,17:00,Erhardt,51,27,78
2025.06.05,17:00,17:15,Erhardt,45,23,68
2025.06.05,17:15,17:30,Erhardt,52,57,109
2025.06.05,17:30,17:45,Erhardt,48,25,73
2025.06.05,17:45,18:00,Erhardt,54,28,82
2025.06.05,18:00,18:15,Erhardt,59,37,96
2025.06.05,18:15,18:30,Erhardt,58,34,92
2025.06.05,18:30,18:45,Erhardt,55,34,89
2025.06.05,18:45,19:00,Erhardt,46,18,64
2025.06.05,19:00,19:15,Erhardt,41,30,71
2025.06.05,19:15,19:30,Erhardt,35,18,53
2025.06.05,19:30,19:45,Erhardt,23,18,41
2025.06.05,19:45,20:00,Erhardt,25,14,39
2025.06.05,20:00,20:15,Erhardt,22,17,39
2025.06.05,20:15,20:30,Erhardt,28,14,42
2025.06.05,20:30,20:45,Erhardt,20,23,43
2025.06.05,20:45,21:00,Erhardt,14,11,25
2025.06.05,21:00,21:15,Erhardt,19,10,29
2025.06.05,21:15,21:30,Erhardt,15,7,22
2025.06.05,21:30,21:45,Erhardt,12,11,23
2025.06.05,21:45,22:00,Erhardt,22,20,42
2025.06.05,22:00,22:15,Erhardt,13,13,26
2025.06.05,22:15,22:30,Erhardt,11,10,21
2025.06.05,22:30,22:45,Erhardt,15,8,23
2025.06.05,22:45,23:00,Erhardt,13,9,22
2025.06.05,23:00,23:15,Erhardt,12,10,22
2025.06.05,23:15,23:30,Erhardt,6,12,18
2025.06.05,23:30,23:45,Erhardt,12,5,17
2025.06.05,23:45,00:00,Erhardt,5,3,8
2025.06.06,00:00,00:15,Erhardt,4,5,9
2025.06.06,00:15,00:30,Erhardt,6,2,8
2025.06.06,00:30,00:45,Erhardt,3,3,6
2025.06.06,00:45,01:00,Erhardt,2,5,7
2025.06.06,01:00,01:15,Erhardt,1,3,4
2025.06.06,01:15,01:30,Erhardt,4,2,6
2025.06.06,01:30,01:45,Erhardt,2,1,3
2025.06.06,01:45,02:00,Erhardt,1,2,3
2025.06.06,02:00,02:15,Erhardt,0,0,0
2025.06.06,02:15,02:30,Erhardt,1,0,1
2025.06.06,02:30,02:45,Erhardt,0,2,2
2025.06.06,02:45,03:00,Erhardt,0,0,0
2025.06.06,03:00,03:15,Erhardt,0,0,0
2025.06.06,03:15,03:30,Erhardt,0,0,0
2025.06.06,03:30,03:45,Erhardt,0,0,0
2025.06.06,03:45,04:00,Erhardt,0,0,0
2025.06.06,04:00,04:15,Erhardt,0,1,1
2025.06.06,04:15,04:30,Erhardt,0,1,1
2025.06.06,04:30,04:45,Erhardt,0,0,0
2025.06.06,04:45,05:00,Erhardt,1,0,1
2025.06.06,05:00,05:15,Erhardt,1,0,1
2025.06.06,05:15,05:30,Erhardt,0,0,0
2025.06.06,05:30,05:45,Erhardt,6,5,11
2025.06.06,05:45,06:00,Erhardt,3,4,7
2025.06.06,06:00,06:15,Erhardt,13,5,18
2025.06.06,06:15,06:30,Erhardt,10,7,17
2025.06.06,06:30,06:45,Erhardt,12,6,18
2025.06.06,06:45,07:00,Erhardt,15,16,31
2025.06.06,07:00,07:15,Erhardt,22,27,49
2025.06.06,07:15,07:30,Erhardt,19,12,31
2025.06.06,07:30,07:45,Erhardt,35,56,91
2025.06.06,07:45,08:00,Erhardt,57,47,104
2025.06.06,08:00,08:15,Erhardt,62,32,94
2025.06.06,08:15,08:30,Erhardt,44,48,92
2025.06.06,08:30,08:45,Erhardt,53,52,105
2025.06.06,08:45,09:00,Erhardt,51,50,101
2025.06.06,09:00,09:15,Erhardt,47,29,76
2025.06.06,09:15,09:30,Erhardt,36,25,61
2025.06.06,09:30,09:45,Erhardt,45,35,80
2025.06.06,09:45,10:00,Erhardt,37,17,54
2025.06.06,10:00,10:15,Erhardt,28,25,53
2025.06.06,10:15,10:30,Erhardt,18,33,51
2025.06.06,10:30,10:45,Erhardt,23,27,50
2025.06.06,10:45,11:00,Erhardt,27,29,56
2025.06.06,11:00,11:15,Erhardt,16,23,39
2025.06.06,11:15,11:30,Erhardt,33,24,57
2025.06.06,11:30,11:45,Erhardt,28,41,69
2025.06.06,11:45,12:00,Erhardt,33,45,78
2025.06.06,12:00,12:15,Erhardt,25,29,54
2025.06.06,12:15,12:30,Erhardt,31,31,62
2025.06.06,12:30,12:45,Erhardt,35,29,64
2025.06.06,12:45,13:00,Erhardt,34,35,69
2025.06.06,13:00,13:15,Erhardt,42,35,77
2025.06.06,13:15,13:30,Erhardt,62,39,101
2025.06.06,13:30,13:45,Erhardt,40,26,66
2025.06.06,13:45,14:00,Erhardt,51,32,83
2025.06.06,14:00,14:15,Erhardt,48,38,86
2025.06.06,14:15,14:30,Erhardt,48,25,73
2025.06.06,14:30,14:45,Erhardt,59,39,98
2025.06.06,14:45,15:00,Erhardt,47,45,92
2025.06.06,15:00,15:15,Erhardt,45,26,71
2025.06.06,15:15,15:30,Erhardt,51,51,102
2025.06.06,15:30,15:45,Erhardt,70,37,107
2025.06.06,15:45,16:00,Erhardt,55,48,103
2025.06.06,16:00,16:15,Erhardt,55,45,100
2025.06.06,16:15,16:30,Erhardt,74,36,110
2025.06.06,16:30,16:45,Erhardt,57,71,128
2025.06.06,16:45,17:00,Erhardt,60,57,117
2025.06.06,17:00,17:15,Erhardt,74,57,131
2025.06.06,17:15,17:30,Erhardt,61,42,103
2025.06.06,17:30,17:45,Erhardt,82,58,140
2025.06.06,17:45,18:00,Erhardt,79,40,119
2025.06.06,18:00,18:15,Erhardt,38,31,69
2025.06.06,18:15,18:30,Erhardt,58,25,83
2025.06.06,18:30,18:45,Erhardt,61,30,91
2025.06.06,18:45,19:00,Erhardt,49,49,98
2025.06.06,19:00,19:15,Erhardt,51,43,94
2025.06.06,19:15,19:30,Erhardt,41,49,90
2025.06.06,19:30,19:45,Erhardt,39,29,68
2025.06.06,19:45,20:00,Erhardt,41,24,65
2025.06.06,20:00,20:15,Erhardt,39,26,65
2025.06.06,20:15,20:30,Erhardt,35,31,66
2025.06.06,20:30,20:45,Erhardt,35,18,53
2025.06.06,20:45,21:00,Erhardt,26,8,34
2025.06.06,21:00,21:15,Erhardt,31,20,51
2025.06.06,21:15,21:30,Erhardt,21,17,38
2025.06.06,21:30,21:45,Erhardt,20,20,40
2025.06.06,21:45,22:00,Erhardt,12,15,27
2025.06.06,22:00,22:15,Erhardt,27,23,50
2025.06.06,22:15,22:30,Erhardt,25,21,46
2025.06.06,22:30,22:45,Erhardt,12,23,35
2025.06.06,22:45,23:00,Erhardt,32,15,47
2025.06.06,23:00,23:15,Erhardt,20,18,38
2025.06.06,23:15,23:30,Erhardt,15,9,24
2025.06.06,23:30,23:45,Erhardt,8,15,23
2025.06.06,23:45,00:00,Erhardt,15,12,27
2025.06.07,00:00,00:15,Erhardt,8,15,23
2025.06.07,00:15,00:30,Erhardt,10,10,20
2025.06.07,00:30,00:45,Erhardt,8,8,16
2025.06.07,00:45,01:00,Erhardt,8,8,16
2025.06.07,01:00,01:15,Erhardt,8,7,15
2025.06.07,01:15,01:30,Erhardt,5,6,11
2025.06.07,01:30,01:45,Erhardt,8,5,13
2025.06.07,01:45,02:00,Erhardt,1,13,14
2025.06.07,02:00,02:15,Erhardt,4,4,8
2025.06.07,02:15,02:30,Erhardt,3,4,7
2025.06.07,02:30,02:45,Erhardt,0,1,1
2025.06.07,02:45,03:00,Erhardt,1,8,9
2025.06.07,03:00,03:15,Erhardt,1,0,1
2025.06.07,03:15,03:30,Erhardt,1,1,2
2025.06.07,03:30,03:45,Erhardt,1,1,2
2025.06.07,03:45,04:00,Erhardt,0,2,2
2025.06.07,04:00,04:15,Erhardt,0,1,1
2025.06.07,04:15,04:30,Erhardt,1,1,2
2025.06.07,04:30,04:45,Erhardt,1,2,3
2025.06.07,04:45,05:00,Erhardt,3,0,3
2025.06.07,05:00,05:15,Erhardt,0,1,1
2025.06.07,05:15,05:30,Erhardt,0,0,0
2025.06.07,05:30,05:45,Erhardt,2,1,3
2025.06.07,05:45,06:00,Erhardt,0,3,3
2025.06.07,06:00,06:15,Erhardt,4,0,4
2025.06.07,06:15,06:30,Erhardt,1,1,2
2025.06.07,06:30,06:45,Erhardt,3,1,4
2025.06.07,06:45,07:00,Erhardt,1,1,2
2025.06.07,07:00,07:15,Erhardt,2,0,2
2025.06.07,07:15,07:30,Erhardt,2,0,2
2025.06.07,07:30,07:45,Erhardt,1,2,3
2025.06.07,07:45,08:00,Erhardt,1,2,3
2025.06.07,08:00,08:15,Erhardt,1,3,4
2025.06.07,08:15,08:30,Erhardt,1,6,7
2025.06.07,08:30,08:45,Erhardt,2,4,6
2025.06.07,08:45,09:00,Erhardt,3,11,14
2025.06.07,09:00,09:15,Erhardt,4,5,9
2025.06.07,09:15,09:30,Erhardt,1,3,4
2025.06.07,09:30,09:45,Erhardt,5,4,9
2025.06.07,09:45,10:00,Erhardt,9,7,16
2025.06.07,10:00,10:15,Erhardt,8,6,14
2025.06.07,10:15,10:30,Erhardt,8,11,19
2025.06.07,10:30,10:45,Erhardt,2,11,13
2025.06.07,10:45,11:00,Erhardt,9,16,25
2025.06.07,11:00,11:15,Erhardt,6,6,12
2025.06.07,11:15,11:30,Erhardt,8,10,18
2025.06.07,11:30,11:45,Erhardt,13,9,22
2025.06.07,11:45,12:00,Erhardt,5,14,19
2025.06.07,12:00,12:15,Erhardt,8,11,19
2025.06.07,12:15,12:30,Erhardt,10,10,20
2025.06.07,12:30,12:45,Erhardt,9,9,18
2025.06.07,12:45,13:00,Erhardt,5,8,13
2025.06.07,13:00,13:15,Erhardt,9,14,23
2025.06.07,13:15,13:30,Erhardt,8,10,18
2025.06.07,13:30,13:45,Erhardt,7,16,23
2025.06.07,13:45,14:00,Erhardt,11,8,19
2025.06.07,14:00,14:15,Erhardt,12,11,23
2025.06.07,14:15,14:30,Erhardt,14,12,26
2025.06.07,14:30,14:45,Erhardt,13,13,26
2025.06.07,14:45,15:00,Erhardt,16,12,28
2025.06.07,15:00,15:15,Erhardt,8,7,15
2025.06.07,15:15,15:30,Erhardt,15,9,24
2025.06.07,15:30,15:45,Erhardt,13,21,34
2025.06.07,15:45,16:00,Erhardt,29,16,45
2025.06.07,16:00,16:15,Erhardt,20,12,32
2025.06.07,16:15,16:30,Erhardt,8,8,16
2025.06.07,16:30,16:45,Erhardt,8,6,14
2025.06.07,16:45,17:00,Erhardt,6,9,15
2025.06.07,17:00,17:15,Erhardt,12,18,30
2025.06.07,17:15,17:30,Erhardt,8,20,28
2025.06.07,17:30,17:45,Erhardt,11,7,18
2025.06.07,17:45,18:00,Erhardt,7,5,12
2025.06.07,18:00,18:15,Erhardt,13,7,20
2025.06.07,18:15,18:30,Erhardt,6,11,17
2025.06.07,18:30,18:45,Erhardt,5,5,10
2025.06.07,18:45,19:00,Erhardt,6,14,20
2025.06.07,19:00,19:15,Erhardt,3,6,9
2025.06.07,19:15,19:30,Erhardt,11,10,21
2025.06.07,19:30,19:45,Erhardt,8,7,15
2025.06.07,19:45,20:00,Erhardt,5,6,11
2025.06.07,20:00,20:15,Erhardt,4,9,13
2025.06.07,20:15,20:30,Erhardt,7,10,17
2025.06.07,20:30,20:45,Erhardt,0,3,3
2025.06.07,20:45,21:00,Erhardt,8,3,11
2025.06.07,21:00,21:15,Erhardt,0,6,6
2025.06.07,21:15,21:30,Erhardt,7,8,15
2025.06.07,21:30,21:45,Erhardt,7,1,8
2025.06.07,21:45,22:00,Erhardt,5,8,13
2025.06.07,22:00,22:15,Erhardt,4,8,12
2025.06.07,22:15,22:30,Erhardt,9,7,16
2025.06.07,22:30,22:45,Erhardt,4,6,10
2025.06.07,22:45,23:00,Erhardt,2,6,8
2025.06.07,23:00,23:15,Erhardt,2,9,11
2025.06.07,23:15,23:30,Erhardt,11,3,14
2025.06.07,23:30,23:45,Erhardt,5,2,7
2025.06.07,23:45,00:00,Erhardt,1,1,2
2025.06.08,00:00,00:15,Erhardt,3,5,8
2025.06.08,00:15,00:30,Erhardt,1,1,2
2025.06.08,00:30,00:45,Erhardt,3,2,5
2025.06.08,00:45,01:00,Erhardt,2,6,8
2025.06.08,01:00,01:15,Erhardt,1,4,5
2025.06.08,01:15,01:30,Erhardt,0,4,4
2025.06.08,01:30,01:45,Erhardt,2,0,2
2025.06.08,01:45,02:00,Erhardt,3,2,5
2025.06.08,02:00,02:15,Erhardt,1,6,7
2025.06.08,02:15,02:30,Erhardt,3,5,8
2025.06.08,02:30,02:45,Erhardt,2,2,4
2025.06.08,02:45,03:00,Erhardt,0,1,1
2025.06.08,03:00,03:15,Erhardt,0,1,1
2025.06.08,03:15,03:30,Erhardt,2,2,4
2025.06.08,03:30,03:45,Erhardt,0,1,1
2025.06.08,03:45,04:00,Erhardt,2,0,2
2025.06.08,04:00,04:15,Erhardt,0,0,0
2025.06.08,04:15,04:30,Erhardt,0,1,1
2025.06.08,04:30,04:45,Erhardt,0,1,1
2025.06.08,04:45,05:00,Erhardt,2,2,4
2025.06.08,05:00,05:15,Erhardt,0,0,0
2025.06.08,05:15,05:30,Erhardt,0,0,0
2025.06.08,05:30,05:45,Erhardt,1,0,1
2025.06.08,05:45,06:00,Erhardt,0,2,2
2025.06.08,06:00,06:15,Erhardt,1,0,1
2025.06.08,06:15,06:30,Erhardt,0,0,0
2025.06.08,06:30,06:45,Erhardt,0,1,1
2025.06.08,06:45,07:00,Erhardt,0,1,1
2025.06.08,07:00,07:15,Erhardt,1,0,1
2025.06.08,07:15,07:30,Erhardt,2,3,5
2025.06.08,07:30,07:45,Erhardt,2,0,2
2025.06.08,07:45,08:00,Erhardt,3,4,7
2025.06.08,08:00,08:15,Erhardt,3,2,5
2025.06.08,08:15,08:30,Erhardt,2,2,4
2025.06.08,08:30,08:45,Erhardt,1,6,7
2025.06.08,08:45,09:00,Erhardt,7,3,10
2025.06.08,09:00,09:15,Erhardt,4,6,10
2025.06.08,09:15,09:30,Erhardt,11,8,19
2025.06.08,09:30,09:45,Erhardt,12,8,20
2025.06.08,09:45,10:00,Erhardt,22,14,36
2025.06.08,10:00,10:15,Erhardt,12,11,23
2025.06.08,10:15,10:30,Erhardt,20,11,31
2025.06.08,10:30,10:45,Erhardt,11,9,20
2025.06.08,10:45,11:00,Erhardt,26,37,63
2025.06.08,11:00,11:15,Erhardt,15,20,35
2025.06.08,11:15,11:30,Erhardt,19,19,38
2025.06.08,11:30,11:45,Erhardt,22,19,41
2025.06.08,11:45,12:00,Erhardt,17,28,45
2025.06.08,12:00,12:15,Erhardt,34,11,45
2025.06.08,12:15,12:30,Erhardt,15,16,31
2025.06.08,12:30,12:45,Erhardt,19,17,36
2025.06.08,12:45,13:00,Erhardt,23,25,48
2025.06.08,13:00,13:15,Erhardt,17,26,43
2025.06.08,13:15,13:30,Erhardt,26,43,69
2025.06.08,13:30,13:45,Erhardt,28,33,61
2025.06.08,13:45,14:00,Erhardt,23,31,54
2025.06.08,14:00,14:15,Erhardt,21,22,43
2025.06.08,14:15,14:30,Erhardt,33,45,78
2025.06.08,14:30,14:45,Erhardt,33,25,58
2025.06.08,14:45,15:00,Erhardt,25,28,53
2025.06.08,15:00,15:15,Erhardt,14,19,33
2025.06.08,15:15,15:30,Erhardt,16,28,44
2025.06.08,15:30,15:45,Erhardt,19,19,38
2025.06.08,15:45,16:00,Erhardt,20,13,33
2025.06.08,16:00,16:15,Erhardt,10,13,23
2025.06.08,16:15,16:30,Erhardt,20,18,38
2025.06.08,16:30,16:45,Erhardt,17,18,35
2025.06.08,16:45,17:00,Erhardt,27,15,42
2025.06.08,17:00,17:15,Erhardt,17,36,53
2025.06.08,17:15,17:30,Erhardt,18,17,35
2025.06.08,17:30,17:45,Erhardt,42,14,56
2025.06.08,17:45,18:00,Erhardt,22,23,45
2025.06.08,18:00,18:15,Erhardt,9,12,21
2025.06.08,18:15,18:30,Erhardt,11,18,29
2025.06.08,18:30,18:45,Erhardt,19,17,36
2025.06.08,18:45,19:00,Erhardt,15,27,42
2025.06.08,19:00,19:15,Erhardt,14,13,27
2025.06.08,19:15,19:30,Erhardt,14,15,29
2025.06.08,19:30,19:45,Erhardt,18,12,30
2025.06.08,19:45,20:00,Erhardt,21,14,35
2025.06.08,20:00,20:15,Erhardt,6,6,12
2025.06.08,20:15,20:30,Erhardt,16,15,31
2025.06.08,20:30,20:45,Erhardt,8,9,17
2025.06.08,20:45,21:00,Erhardt,6,8,14
2025.06.08,21:00,21:15,Erhardt,5,11,16
2025.06.08,21:15,21:30,Erhardt,5,5,10
2025.06.08,21:30,21:45,Erhardt,9,3,12
2025.06.08,21:45,22:00,Erhardt,5,17,22
2025.06.08,22:00,22:15,Erhardt,4,6,10
2025.06.08,22:15,22:30,Erhardt,6,5,11
2025.06.08,22:30,22:45,Erhardt,5,0,5
2025.06.08,22:45,23:00,Erhardt,7,6,13
2025.06.08,23:00,23:15,Erhardt,5,10,15
2025.06.08,23:15,23:30,Erhardt,7,3,10
2025.06.08,23:30,23:45,Erhardt,5,1,6
2025.06.08,23:45,00:00,Erhardt,5,6,11
2025.06.09,00:00,00:15,Erhardt,3,7,10
2025.06.09,00:15,00:30,Erhardt,1,8,9
2025.06.09,00:30,00:45,Erhardt,3,7,10
2025.06.09,00:45,01:00,Erhardt,6,5,11
2025.06.09,01:00,01:15,Erhardt,1,0,1
2025.06.09,01:15,01:30,Erhardt,1,1,2
2025.06.09,01:30,01:45,Erhardt,3,9,12
2025.06.09,01:45,02:00,Erhardt,0,1,1
2025.06.09,02:00,02:15,Erhardt,1,2,3
2025.06.09,02:15,02:30,Erhardt,0,0,0
2025.06.09,02:30,02:45,Erhardt,0,1,1
2025.06.09,02:45,03:00,Erhardt,0,0,0
2025.06.09,03:00,03:15,Erhardt,0,1,1
2025.06.09,03:15,03:30,Erhardt,0,0,0
2025.06.09,03:30,03:45,Erhardt,0,0,0
2025.06.09,03:45,04:00,Erhardt,0,2,2
2025.06.09,04:00,04:15,Erhardt,0,0,0
2025.06.09,04:15,04:30,Erhardt,0,1,1
2025.06.09,04:30,04:45,Erhardt,0,1,1
2025.06.09,04:45,05:00,Erhardt,1,1,2
2025.06.09,05:00,05:15,Erhardt,1,1,2
2025.06.09,05:15,05:30,Erhardt,1,3,4
2025.06.09,05:30,05:45,Erhardt,1,1,2
2025.06.09,05:45,06:00,Erhardt,0,5,5
2025.06.09,06:00,06:15,Erhardt,1,0,1
2025.06.09,06:15,06:30,Erhardt,2,1,3
2025.06.09,06:30,06:45,Erhardt,0,1,1
2025.06.09,06:45,07:00,Erhardt,5,1,6
2025.06.09,07:00,07:15,Erhardt,3,2,5
2025.06.09,07:15,07:30,Erhardt,2,4,6
2025.06.09,07:30,07:45,Erhardt,5,1,6
2025.06.09,07:45,08:00,Erhardt,6,4,10
2025.06.09,08:00,08:15,Erhardt,6,4,10
2025.06.09,08:15,08:30,Erhardt,12,7,19
2025.06.09,08:30,08:45,Erhardt,9,10,19
2025.06.09,08:45,09:00,Erhardt,33,12,45
2025.06.09,09:00,09:15,Erhardt,30,18,48
2025.06.09,09:15,09:30,Erhardt,19,20,39
2025.06.09,09:30,09:45,Erhardt,26,26,52
2025.06.09,09:45,10:00,Erhardt,42,38,80
2025.06.09,10:00,10:15,Erhardt,33,18,51
2025.06.09,10:15,10:30,Erhardt,48,37,85
2025.06.09,10:30,10:45,Erhardt,27,28,55
2025.06.09,10:45,11:00,Erhardt,36,38,74
2025.06.09,11:00,11:15,Erhardt,46,61,107
2025.06.09,11:15,11:30,Erhardt,61,47,108
2025.06.09,11:30,11:45,Erhardt,52,65,117
2025.06.09,11:45,12:00,Erhardt,48,49,97
2025.06.09,12:00,12:15,Erhardt,46,57,103
2025.06.09,12:15,12:30,Erhardt,45,45,90
2025.06.09,12:30,12:45,Erhardt,62,56,118
2025.06.09,12:45,13:00,Erhardt,62,62,124
2025.06.09,13:00,13:15,Erhardt,48,59,107
2025.06.09,13:15,13:30,Erhardt,86,47,133
2025.06.09,13:30,13:45,Erhardt,74,81,155
2025.06.09,13:45,14:00,Erhardt,73,92,165
2025.06.09,14:00,14:15,Erhardt,71,85,156
2025.06.09,14:15,14:30,Erhardt,70,73,143
2025.06.09,14:30,14:45,Erhardt,81,71,152
2025.06.09,14:45,15:00,Erhardt,65,69,134
2025.06.09,15:00,15:15,Erhardt,73,76,149
2025.06.09,15:15,15:30,Erhardt,79,82,161
2025.06.09,15:30,15:45,Erhardt,76,84,160
2025.06.09,15:45,16:00,Erhardt,96,69,165
2025.06.09,16:00,16:15,Erhardt,64,59,123
2025.06.09,16:15,16:30,Erhardt,60,69,129
2025.06.09,16:30,16:45,Erhardt,73,66,139
2025.06.09,16:45,17:00,Erhardt,65,75,140
2025.06.09,17:00,17:15,Erhardt,62,83,145
2025.06.09,17:15,17:30,Erhardt,70,75,145
2025.06.09,17:30,17:45,Erhardt,59,85,144
2025.06.09,17:45,18:00,Erhardt,57,64,121
2025.06.09,18:00,18:15,Erhardt,57,68,125
2025.06.09,18:15,18:30,Erhardt,47,69,116
2025.06.09,18:30,18:45,Erhardt,54,69,123
2025.06.09,18:45,19:00,Erhardt,43,50,93
2025.06.09,19:00,19:15,Erhardt,43,48,91
2025.06.09,19:15,19:30,Erhardt,33,37,70
2025.06.09,19:30,19:45,Erhardt,39,44,83
2025.06.09,19:45,20:00,Erhardt,18,41,59
2025.06.09,20:00,20:15,Erhardt,33,34,67
2025.06.09,20:15,20:30,Erhardt,29,38,67
2025.06.09,20:30,20:45,Erhardt,32,25,57
2025.06.09,20:45,21:00,Erhardt,25,23,48
2025.06.09,21:00,21:15,Erhardt,26,21,47
2025.06.09,21:15,21:30,Erhardt,22,23,45
2025.06.09,21:30,21:45,Erhardt,22,22,44
2025.06.09,21:45,22:00,Erhardt,15,11,26
2025.06.09,22:00,22:15,Erhardt,10,12,22
2025.06.09,22:15,22:30,Erhardt,12,19,31
2025.06.09,22:30,22:45,Erhardt,10,2,12
2025.06.09,22:45,23:00,Erhardt,7,5,12
2025.06.09,23:00,23:15,Erhardt,2,10,12
2025.06.09,23:15,23:30,Erhardt,7,9,16
2025.06.09,23:30,23:45,Erhardt,5,4,9
2025.06.09,23:45,00:00,Erhardt,2,5,7
2025.06.10,00:00,00:15,Erhardt,2,4,6
2025.06.10,00:15,00:30,Erhardt,1,6,7
2025.06.10,00:30,00:45,Erhardt,6,5,11
2025.06.10,00:45,01:00,Erhardt,3,0,3
2025.06.10,01:00,01:15,Erhardt,0,1,1
2025.06.10,01:15,01:30,Erhardt,0,2,2
2025.06.10,01:30,01:45,Erhardt,0,1,1
2025.06.10,01:45,02:00,Erhardt,1,0,1
2025.06.10,02:00,02:15,Erhardt,0,0,0
2025.06.10,02:15,02:30,Erhardt,0,0,0
2025.06.10,02:30,02:45,Erhardt,0,1,1
2025.06.10,02:45,03:00,Erhardt,0,0,0
2025.06.10,03:00,03:15,Erhardt,0,0,0
2025.06.10,03:15,03:30,Erhardt,0,1,1
2025.06.10,03:30,03:45,Erhardt,0,1,1
2025.06.10,03:45,04:00,Erhardt,0,0,0
2025.06.10,04:00,04:15,Erhardt,0,0,0
2025.06.10,04:15,04:30,Erhardt,0,0,0
2025.06.10,04:30,04:45,Erhardt,1,1,2
2025.06.10,04:45,05:00,Erhardt,0,1,1
2025.06.10,05:00,05:15,Erhardt,3,0,3
2025.06.10,05:15,05:30,Erhardt,4,4,8
2025.06.10,05:30,05:45,Erhardt,3,2,5
2025.06.10,05:45,06:00,Erhardt,5,9,14
2025.06.10,06:00,06:15,Erhardt,5,8,13
2025.06.10,06:15,06:30,Erhardt,18,7,25
2025.06.10,06:30,06:45,Erhardt,11,12,23
2025.06.10,06:45,07:00,Erhardt,26,22,48
2025.06.10,07:00,07:15,Erhardt,35,30,65
2025.06.10,07:15,07:30,Erhardt,29,30,59
2025.06.10,07:30,07:45,Erhardt,56,58,114
2025.06.10,07:45,08:00,Erhardt,66,41,107
2025.06.10,08:00,08:15,Erhardt,86,45,131
2025.06.10,08:15,08:30,Erhardt,60,83,143
2025.06.10,08:30,08:45,Erhardt,79,92,171
2025.06.10,08:45,09:00,Erhardt,62,77,139
2025.06.10,09:00,09:15,Erhardt,66,41,107
2025.06.10,09:15,09:30,Erhardt,48,37,85
2025.06.10,09:30,09:45,Erhardt,42,29,71
2025.06.10,09:45,10:00,Erhardt,23,39,62
2025.06.10,10:00,10:15,Erhardt,28,20,48
2025.06.10,10:15,10:30,Erhardt,27,27,54
2025.06.10,10:30,10:45,Erhardt,24,25,49
2025.06.10,10:45,11:00,Erhardt,31,29,60
2025.06.10,11:00,11:15,Erhardt,20,14,34
2025.06.10,11:15,11:30,Erhardt,23,20,43
2025.06.10,11:30,11:45,Erhardt,19,22,41
2025.06.10,11:45,12:00,Erhardt,29,31,60
2025.06.10,12:00,12:15,Erhardt,30,37,67
2025.06.10,12:15,12:30,Erhardt,30,29,59
2025.06.10,12:30,12:45,Erhardt,38,33,71
2025.06.10,12:45,13:00,Erhardt,35,37,72
2025.06.10,13:00,13:15,Erhardt,22,19,41
2025.06.10,13:15,13:30,Erhardt,28,27,55
2025.06.10,13:30,13:45,Erhardt,21,29,50
2025.06.10,13:45,14:00,Erhardt,32,27,59
2025.06.10,14:00,14:15,Erhardt,30,36,66
2025.06.10,14:15,14:30,Erhardt,41,27,68
2025.06.10,14:30,14:45,Erhardt,38,25,63
2025.06.10,14:45,15:00,Erhardt,35,45,80
2025.06.10,15:00,15:15,Erhardt,52,30,82
2025.06.10,15:15,15:30,Erhardt,59,31,90
2025.06.10,15:30,15:45,Erhardt,43,36,79
2025.06.10,15:45,16:00,Erhardt,52,32,84
2025.06.10,16:00,16:15,Erhardt,53,48,101
2025.06.10,16:15,16:30,Erhardt,51,32,83
2025.06.10,16:30,16:45,Erhardt,61,38,99
2025.06.10,16:45,17:00,Erhardt,74,41,115
2025.06.10,17:00,17:15,Erhardt,82,48,130
2025.06.10,17:15,17:30,Erhardt,93,56,149
2025.06.10,17:30,17:45,Erhardt,93,79,172
2025.06.10,17:45,18:00,Erhardt,111,55,166
2025.06.10,18:00,18:15,Erhardt,112,71,183
2025.06.10,18:15,18:30,Erhardt,123,71,194
2025.06.10,18:30,18:45,Erhardt,84,87,171
2025.06.10,18:45,19:00,Erhardt,73,93,166
2025.06.10,19:00,19:15,Erhardt,90,54,144
2025.06.10,19:15,19:30,Erhardt,95,39,134
2025.06.10,19:30,19:45,Erhardt,53,47,100
2025.06.10,19:45,20:00,Erhardt,51,25,76
2025.06.10,20:00,20:15,Erhardt,52,21,73
2025.06.10,20:15,20:30,Erhardt,53,35,88
2025.06.10,20:30,20:45,Erhardt,40,33,73
2025.06.10,20:45,21:00,Erhardt,29,37,66
2025.06.10,21:00,21:15,Erhardt,27,26,53
2025.06.10,21:15,21:30,Erhardt,31,24,55
2025.06.10,21:30,21:45,Erhardt,28,17,45
2025.06.10,21:45,22:00,Erhardt,38,21,59
2025.06.10,22:00,22:15,Erhardt,33,28,61
2025.06.10,22:15,22:30,Erhardt,25,27,52
2025.06.10,22:30,22:45,Erhardt,19,16,35
2025.06.10,22:45,23:00,Erhardt,14,17,31
2025.06.10,23:00,23:15,Erhardt,7,18,25
2025.06.10,23:15,23:30,Erhardt,11,13,24
2025.06.10,23:30,23:45,Erhardt,9,5,14
2025.06.10,23:45,00:00,Erhardt,5,4,9
2025.06.11,00:00,00:15,Erhardt,2,3,5
2025.06.11,00:15,00:30,Erhardt,5,3,8
2025.06.11,00:30,00:45,Erhardt,4,2,6
2025.06.11,00:45,01:00,Erhardt,4,2,6
2025.06.11,01:00,01:15,Erhardt,1,0,1
2025.06.11,01:15,01:30,Erhardt,1,3,4
2025.06.11,01:30,01:45,Erhardt,2,1,3
2025.06.11,01:45,02:00,Erhardt,0,3,3
2025.06.11,02:00,02:15,Erhardt,0,2,2
2025.06.11,02:15,02:30,Erhardt,0,0,0
2025.06.11,02:30,02:45,Erhardt,1,0,1
2025.06.11,02:45,03:00,Erhardt,0,0,0
2025.06.11,03:00,03:15,Erhardt,0,0,0
2025.06.11,03:15,03:30,Erhardt,0,0,0
2025.06.11,03:30,03:45,Erhardt,0,0,0
2025.06.11,03:45,04:00,Erhardt,0,0,0
2025.06.11,04:00,04:15,Erhardt,0,0,0
2025.06.11,04:15,04:30,Erhardt,0,0,0
2025.06.11,04:30,04:45,Erhardt,0,2,2
2025.06.11,04:45,05:00,Erhardt,0,4,4
2025.06.11,05:00,05:15,Erhardt,8,0,8
2025.06.11,05:15,05:30,Erhardt,2,6,8
2025.06.11,05:30,05:45,Erhardt,2,5,7
2025.06.11,05:45,06:00,Erhardt,6,8,14
2025.06.11,06:00,06:15,Erhardt,11,7,18
2025.06.11,06:15,06:30,Erhardt,22,7,29
2025.06.11,06:30,06:45,Erhardt,14,7,21
2025.06.11,06:45,07:00,Erhardt,23,17,40
2025.06.11,07:00,07:15,Erhardt,28,26,54
2025.06.11,07:15,07:30,Erhardt,58,18,76
2025.06.11,07:30,07:45,Erhardt,63,35,98
2025.06.11,07:45,08:00,Erhardt,73,51,124
2025.06.11,08:00,08:15,Erhardt,77,57,134
2025.06.11,08:15,08:30,Erhardt,91,54,145
2025.06.11,08:30,08:45,Erhardt,75,80,155
2025.06.11,08:45,09:00,Erhardt,91,63,154
2025.06.11,09:00,09:15,Erhardt,56,43,99
2025.06.11,09:15,09:30,Erhardt,41,40,81
2025.06.11,09:30,09:45,Erhardt,37,36,73
2025.06.11,09:45,10:00,Erhardt,35,30,65
2025.06.11,10:00,10:15,Erhardt,33,44,77
2025.06.11,10:15,10:30,Erhardt,26,33,59
2025.06.11,10:30,10:45,Erhardt,31,22,53
2025.06.11,10:45,11:00,Erhardt,25,31,56
2025.06.11,11:00,11:15,Erhardt,17,28,45
2025.06.11,11:15,11:30,Erhardt,19,31,50
2025.06.11,11:30,11:45,Erhardt,26,28,54
2025.06.11,11:45,12:00,Erhardt,37,29,66
2025.06.11,12:00,12:15,Erhardt,45,23,68
2025.06.11,12:15,12:30,Erhardt,34,23,57
2025.06.11,12:30,12:45,Erhardt,18,28,46
2025.06.11,12:45,13:00,Erhardt,28,29,57
2025.06.11,13:00,13:15,Erhardt,26,40,66
2025.06.11,13:15,13:30,Erhardt,36,38,74
2025.06.11,13:30,13:45,Erhardt,42,31,73
2025.06.11,13:45,14:00,Erhardt,30,22,52
2025.06.11,14:00,14:15,Erhardt,29,33,62
2025.06.11,14:15,14:30,Erhardt,43,42,85
2025.06.11,14:30,14:45,Erhardt,45,33,78
2025.06.11,14:45,15:00,Erhardt,35,40,75
2025.06.11,15:00,15:15,Erhardt,37,30,67
2025.06.11,15:15,15:30,Erhardt,38,43,81
2025.06.11,15:30,15:45,Erhardt,41,33,74
2025.06.11,15:45,16:00,Erhardt,63,43,106
2025.06.11,16:00,16:15,Erhardt,51,42,93
2025.06.11,16:15,16:30,Erhardt,73,33,106
2025.06.11,16:30,16:45,Erhardt,65,47,112
2025.06.11,16:45,17:00,Erhardt,79,66,145
2025.06.11,17:00,17:15,Erhardt,79,41,120
2025.06.11,17:15,17:30,Erhardt,103,58,161
2025.06.11,17:30,17:45,Erhardt,122,56,178
2025.06.11,17:45,18:00,Erhardt,123,80,203
2025.06.11,18:00,18:15,Erhardt,123,65,188
2025.06.11,18:15,18:30,Erhardt,95,98,193
2025.06.11,18:30,18:45,Erhardt,116,88,204
2025.06.11,18:45,19:00,Erhardt,95,111,206
2025.06.11,19:00,19:15,Erhardt,88,82,170
2025.06.11,19:15,19:30,Erhardt,75,65,140
2025.06.11,19:30,19:45,Erhardt,64,67,131
2025.06.11,19:45,20:00,Erhardt,56,55,111
2025.06.11,20:00,20:15,Erhardt,58,32,90
2025.06.11,20:15,20:30,Erhardt,61,33,94
2025.06.11,20:30,20:45,Erhardt,62,41,103
2025.06.11,20:45,21:00,Erhardt,37,45,82
2025.06.11,21:00,21:15,Erhardt,40,46,86
2025.06.11,21:15,21:30,Erhardt,47,35,82
2025.06.11,21:30,21:45,Erhardt,53,20,73
2025.06.11,21:45,22:00,Erhardt,39,38,77
2025.06.11,22:00,22:15,Erhardt,39,23,62
2025.06.11,22:15,22:30,Erhardt,50,28,78
2025.06.11,22:30,22:45,Erhardt,45,20,65
2025.06.11,22:45,23:00,Erhardt,23,22,45
2025.06.11,23:00,23:15,Erhardt,15,18,33
2025.06.11,23:15,23:30,Erhardt,16,16,32
2025.06.11,23:30,23:45,Erhardt,8,10,18
2025.06.11,23:45,00:00,Erhardt,4,12,16
2025.06.12,00:00,00:15,Erhardt,5,7,12
2025.06.12,00:15,00:30,Erhardt,5,0,5
2025.06.12,00:30,00:45,Erhardt,2,2,4
2025.06.12,00:45,01:00,Erhardt,2,2,4
2025.06.12,01:00,01:15,Erhardt,3,3,6
2025.06.12,01:15,01:30,Erhardt,3,7,10
2025.06.12,01:30,01:45,Erhardt,1,1,2
2025.06.12,01:45,02:00,Erhardt,0,1,1
2025.06.12,02:00,02:15,Erhardt,0,0,0
2025.06.12,02:15,02:30,Erhardt,2,0,2
2025.06.12,02:30,02:45,Erhardt,0,1,1
2025.06.12,02:45,03:00,Erhardt,0,0,0
2025.06.12,03:00,03:15,Erhardt,0,0,0
2025.06.12,03:15,03:30,Erhardt,0,0,0
2025.06.12,03:30,03:45,Erhardt,0,0,0
2025.06.12,03:45,04:00,Erhardt,0,0,0
2025.06.12,04:00,04:15,Erhardt,0,0,0
2025.06.12,04:15,04:30,Erhardt,0,0,0
2025.06.12,04:30,04:45,Erhardt,0,2,2
2025.06.12,04:45,05:00,Erhardt,1,2,3
2025.06.12,05:00,05:15,Erhardt,4,1,5
2025.06.12,05:15,05:30,Erhardt,6,9,15
2025.06.12,05:30,05:45,Erhardt,4,4,8
2025.06.12,05:45,06:00,Erhardt,10,8,18
2025.06.12,06:00,06:15,Erhardt,14,9,23
2025.06.12,06:15,06:30,Erhardt,19,13,32
2025.06.12,06:30,06:45,Erhardt,17,9,26
2025.06.12,06:45,07:00,Erhardt,30,19,49
2025.06.12,07:00,07:15,Erhardt,39,29,68
2025.06.12,07:15,07:30,Erhardt,43,29,72
2025.06.12,07:30,07:45,Erhardt,65,44,109
2025.06.12,07:45,08:00,Erhardt,86,54,140
2025.06.12,08:00,08:15,Erhardt,90,56,146
2025.06.12,08:15,08:30,Erhardt,84,51,135
2025.06.12,08:30,08:45,Erhardt,96,65,161
2025.06.12,08:45,09:00,Erhardt,78,68,146
2025.06.12,09:00,09:15,Erhardt,52,71,123
2025.06.12,09:15,09:30,Erhardt,43,34,77
2025.06.12,09:30,09:45,Erhardt,51,45,96
2025.06.12,09:45,10:00,Erhardt,41,57,98
2025.06.12,10:00,10:15,Erhardt,35,36,71
2025.06.12,10:15,10:30,Erhardt,22,31,53
2025.06.12,10:30,10:45,Erhardt,27,35,62
2025.06.12,10:45,11:00,Erhardt,26,35,61
2025.06.12,11:00,11:15,Erhardt,23,31,54
2025.06.12,11:15,11:30,Erhardt,33,34,67
2025.06.12,11:30,11:45,Erhardt,23,36,59
2025.06.12,11:45,12:00,Erhardt,27,31,58
2025.06.12,12:00,12:15,Erhardt,29,32,61
2025.06.12,12:15,12:30,Erhardt,22,43,65
2025.06.12,12:30,12:45,Erhardt,38,43,81
2025.06.12,12:45,13:00,Erhardt,39,40,79
2025.06.12,13:00,13:15,Erhardt,27,31,58
2025.06.12,13:15,13:30,Erhardt,38,18,56
2025.06.12,13:30,13:45,Erhardt,32,31,63
2025.06.12,13:45,14:00,Erhardt,42,26,68
2025.06.12,14:00,14:15,Erhardt,33,36,69
2025.06.12,14:15,14:30,Erhardt,40,29,69
2025.06.12,14:30,14:45,Erhardt,43,31,74
2025.06.12,14:45,15:00,Erhardt,51,20,71
2025.06.12,15:00,15:15,Erhardt,71,46,117
2025.06.12,15:15,15:30,Erhardt,61,44,105
2025.06.12,15:30,15:45,Erhardt,67,66,133
2025.06.12,15:45,16:00,Erhardt,57,47,104
2025.06.12,16:00,16:15,Erhardt,95,34,129
2025.06.12,16:15,16:30,Erhardt,58,56,114
2025.06.12,16:30,16:45,Erhardt,81,51,132
2025.06.12,16:45,17:00,Erhardt,77,63,140
2025.06.12,17:00,17:15,Erhardt,79,69,148
2025.06.12,17:15,17:30,Erhardt,132,59,191
2025.06.12,17:30,17:45,Erhardt,94,73,167
2025.06.12,17:45,18:00,Erhardt,121,89,210
2025.06.12,18:00,18:15,Erhardt,127,86,213
2025.06.12,18:15,18:30,Erhardt,134,70,204
2025.06.12,18:30,18:45,Erhardt,156,110,266
2025.06.12,18:45,19:00,Erhardt,112,72,184
2025.06.12,19:00,19:15,Erhardt,69,60,129
2025.06.12,19:15,19:30,Erhardt,89,87,176
2025.06.12,19:30,19:45,Erhardt,72,55,127
2025.06.12,19:45,20:00,Erhardt,76,45,121
2025.06.12,20:00,20:15,Erhardt,56,64,120
2025.06.12,20:15,20:30,Erhardt,47,47,94
2025.06.12,20:30,20:45,Erhardt,45,58,103
2025.06.12,20:45,21:00,Erhardt,68,47,115
2025.06.12,21:00,21:15,Erhardt,49,37,86
2025.06.12,21:15,21:30,Erhardt,43,49,92
2025.06.12,21:30,21:45,Erhardt,52,36,88
2025.06.12,21:45,22:00,Erhardt,58,30,88
2025.06.12,22:00,22:15,Erhardt,37,39,76
2025.06.12,22:15,22:30,Erhardt,44,30,74
2025.06.12,22:30,22:45,Erhardt,36,43,79
2025.06.12,22:45,23:00,Erhardt,29,31,60
2025.06.12,23:00,23:15,Erhardt,32,24,56
2025.06.12,23:15,23:30,Erhardt,28,27,55
2025.06.12,23:30,23:45,Erhardt,9,16,25
2025.06.12,23:45,00:00,Erhardt,11,10,21
2025.06.13,00:00,00:15,Erhardt,6,10,16
2025.06.13,00:15,00:30,Erhardt,3,6,9
2025.06.13,00:30,00:45,Erhardt,4,4,8
2025.06.13,00:45,01:00,Erhardt,3,3,6
2025.06.13,01:00,01:15,Erhardt,5,3,8
2025.06.13,01:15,01:30,Erhardt,0,2,2
2025.06.13,01:30,01:45,Erhardt,3,1,4
2025.06.13,01:45,02:00,Erhardt,4,1,5
2025.06.13,02:00,02:15,Erhardt,2,4,6
2025.06.13,02:15,02:30,Erhardt,2,2,4
2025.06.13,02:30,02:45,Erhardt,2,0,2
2025.06.13,02:45,03:00,Erhardt,1,1,2
2025.06.13,03:00,03:15,Erhardt,1,4,5
2025.06.13,03:15,03:30,Erhardt,0,2,2
2025.06.13,03:30,03:45,Erhardt,1,0,1
2025.06.13,03:45,04:00,Erhardt,0,1,1
2025.06.13,04:00,04:15,Erhardt,1,1,2
2025.06.13,04:15,04:30,Erhardt,0,2,2
2025.06.13,04:30,04:45,Erhardt,0,1,1
2025.06.13,04:45,05:00,Erhardt,1,1,2
2025.06.13,05:00,05:15,Erhardt,4,1,5
2025.06.13,05:15,05:30,Erhardt,4,2,6
2025.06.13,05:30,05:45,Erhardt,1,5,6
2025.06.13,05:45,06:00,Erhardt,6,13,19
2025.06.13,06:00,06:15,Erhardt,10,4,14
2025.06.13,06:15,06:30,Erhardt,11,8,19
2025.06.13,06:30,06:45,Erhardt,25,11,36
2025.06.13,06:45,07:00,Erhardt,24,15,39
2025.06.13,07:00,07:15,Erhardt,24,23,47
2025.06.13,07:15,07:30,Erhardt,29,27,56
2025.06.13,07:30,07:45,Erhardt,29,22,51
2025.06.13,07:45,08:00,Erhardt,57,33,90
2025.06.13,08:00,08:15,Erhardt,44,34,78
2025.06.13,08:15,08:30,Erhardt,46,37,83
2025.06.13,08:30,08:45,Erhardt,56,49,105
2025.06.13,08:45,09:00,Erhardt,55,45,100
2025.06.13,09:00,09:15,Erhardt,45,40,85
2025.06.13,09:15,09:30,Erhardt,42,35,77
2025.06.13,09:30,09:45,Erhardt,42,31,73
2025.06.13,09:45,10:00,Erhardt,39,45,84
2025.06.13,10:00,10:15,Erhardt,23,23,46
2025.06.13,10:15,10:30,Erhardt,22,29,51
2025.06.13,10:30,10:45,Erhardt,19,36,55
2025.06.13,10:45,11:00,Erhardt,28,29,57
2025.06.13,11:00,11:15,Erhardt,29,29,58
2025.06.13,11:15,11:30,Erhardt,43,32,75
2025.06.13,11:30,11:45,Erhardt,39,20,59
2025.06.13,11:45,12:00,Erhardt,37,27,64
2025.06.13,12:00,12:15,Erhardt,26,40,66
2025.06.13,12:15,12:30,Erhardt,38,26,64
2025.06.13,12:30,12:45,Erhardt,49,29,78
2025.06.13,12:45,13:00,Erhardt,38,33,71
2025.06.13,13:00,13:15,Erhardt,27,39,66
2025.06.13,13:15,13:30,Erhardt,51,31,82
2025.06.13,13:30,13:45,Erhardt,48,35,83
2025.06.13,13:45,14:00,Erhardt,47,52,99
2025.06.13,14:00,14:15,Erhardt,35,52,87
2025.06.13,14:15,14:30,Erhardt,56,37,93
2025.06.13,14:30,14:45,Erhardt,60,27,87
2025.06.13,14:45,15:00,Erhardt,79,51,130
2025.06.13,15:00,15:15,Erhardt,41,50,91
2025.06.13,15:15,15:30,Erhardt,67,48,115
2025.06.13,15:30,15:45,Erhardt,57,61,118
2025.06.13,15:45,16:00,Erhardt,55,59,114
2025.06.13,16:00,16:15,Erhardt,62,58,120
2025.06.13,16:15,16:30,Erhardt,70,57,127
2025.06.13,16:30,16:45,Erhardt,61,68,129
2025.06.13,16:45,17:00,Erhardt,78,57,135
2025.06.13,17:00,17:15,Erhardt,82,64,146
2025.06.13,17:15,17:30,Erhardt,77,56,133
2025.06.13,17:30,17:45,Erhardt,110,75,185
2025.06.13,17:45,18:00,Erhardt,108,73,181
2025.06.13,18:00,18:15,Erhardt,64,98,162
2025.06.13,18:15,18:30,Erhardt,98,70,168
2025.06.13,18:30,18:45,Erhardt,100,82,182
2025.06.13,18:45,19:00,Erhardt,63,79,142
2025.06.13,19:00,19:15,Erhardt,91,70,161
2025.06.13,19:15,19:30,Erhardt,71,78,149
2025.06.13,19:30,19:45,Erhardt,69,47,116
2025.06.13,19:45,20:00,Erhardt,52,62,114
2025.06.13,20:00,20:15,Erhardt,44,48,92
2025.06.13,20:15,20:30,Erhardt,48,43,91
2025.06.13,20:30,20:45,Erhardt,39,39,78
2025.06.13,20:45,21:00,Erhardt,45,31,76
2025.06.13,21:00,21:15,Erhardt,47,36,83
2025.06.13,21:15,21:30,Erhardt,39,35,74
2025.06.13,21:30,21:45,Erhardt,32,24,56
2025.06.13,21:45,22:00,Erhardt,29,29,58
2025.06.13,22:00,22:15,Erhardt,45,28,73
2025.06.13,22:15,22:30,Erhardt,39,30,69
2025.06.13,22:30,22:45,Erhardt,31,30,61
2025.06.13,22:45,23:00,Erhardt,29,42,71
2025.06.13,23:00,23:15,Erhardt,39,26,65
2025.06.13,23:15,23:30,Erhardt,27,26,53
2025.06.13,23:30,23:45,Erhardt,31,29,60
2025.06.13,23:45,00:00,Erhardt,18,15,33
2025.06.14,00:00,00:15,Erhardt,22,17,39
2025.06.14,00:15,00:30,Erhardt,20,16,36
2025.06.14,00:30,00:45,Erhardt,4,15,19
2025.06.14,00:45,01:00,Erhardt,7,14,21
2025.06.14,01:00,01:15,Erhardt,7,2,9
2025.06.14,01:15,01:30,Erhardt,9,7,16
2025.06.14,01:30,01:45,Erhardt,11,8,19
2025.06.14,01:45,02:00,Erhardt,2,6,8
2025.06.14,02:00,02:15,Erhardt,0,6,6
2025.06.14,02:15,02:30,Erhardt,3,10,13
2025.06.14,02:30,02:45,Erhardt,2,5,7
2025.06.14,02:45,03:00,Erhardt,1,1,2
2025.06.14,03:00,03:15,Erhardt,0,3,3
2025.06.14,03:15,03:30,Erhardt,3,3,6
2025.06.14,03:30,03:45,Erhardt,2,1,3
2025.06.14,03:45,04:00,Erhardt,2,6,8
2025.06.14,04:00,04:15,Erhardt,1,1,2
2025.06.14,04:15,04:30,Erhardt,2,1,3
2025.06.14,04:30,04:45,Erhardt,0,2,2
2025.06.14,04:45,05:00,Erhardt,0,1,1
2025.06.14,05:00,05:15,Erhardt,2,4,6
2025.06.14,05:15,05:30,Erhardt,2,0,2
2025.06.14,05:30,05:45,Erhardt,3,4,7
2025.06.14,05:45,06:00,Erhardt,2,4,6
2025.06.14,06:00,06:15,Erhardt,0,8,8
2025.06.14,06:15,06:30,Erhardt,5,1,6
2025.06.14,06:30,06:45,Erhardt,3,3,6
2025.06.14,06:45,07:00,Erhardt,2,3,5
2025.06.14,07:00,07:15,Erhardt,3,2,5
2025.06.14,07:15,07:30,Erhardt,5,3,8
2025.06.14,07:30,07:45,Erhardt,12,7,19
2025.06.14,07:45,08:00,Erhardt,13,10,23
2025.06.14,08:00,08:15,Erhardt,13,8,21
2025.06.14,08:15,08:30,Erhardt,21,14,35
2025.06.14,08:30,08:45,Erhardt,37,12,49
2025.06.14,08:45,09:00,Erhardt,26,23,49
2025.06.14,09:00,09:15,Erhardt,25,27,52
2025.06.14,09:15,09:30,Erhardt,40,32,72
2025.06.14,09:30,09:45,Erhardt,39,47,86
2025.06.14,09:45,10:00,Erhardt,41,30,71
2025.06.14,10:00,10:15,Erhardt,40,37,77
2025.06.14,10:15,10:30,Erhardt,44,33,77
2025.06.14,10:30,10:45,Erhardt,52,46,98
2025.06.14,10:45,11:00,Erhardt,61,43,104
2025.06.14,11:00,11:15,Erhardt,48,42,90
2025.06.14,11:15,11:30,Erhardt,47,24,71
2025.06.14,11:30,11:45,Erhardt,58,46,104
2025.06.14,11:45,12:00,Erhardt,48,39,87
2025.06.14,12:00,12:15,Erhardt,50,47,97
2025.06.14,12:15,12:30,Erhardt,55,57,112
2025.06.14,12:30,12:45,Erhardt,61,41,102
2025.06.14,12:45,13:00,Erhardt,65,33,98
2025.06.14,13:00,13:15,Erhardt,71,49,120
2025.06.14,13:15,13:30,Erhardt,42,70,112
2025.06.14,13:30,13:45,Erhardt,67,64,131
2025.06.14,13:45,14:00,Erhardt,67,82,149
2025.06.14,14:00,14:15,Erhardt,59,100,159
2025.06.14,14:15,14:30,Erhardt,70,56,126
2025.06.14,14:30,14:45,Erhardt,51,72,123
2025.06.14,14:45,15:00,Erhardt,69,71,140
2025.06.14,15:00,15:15,Erhardt,58,85,143
2025.06.14,15:15,15:30,Erhardt,79,62,141
2025.06.14,15:30,15:45,Erhardt,57,58,115
2025.06.14,15:45,16:00,Erhardt,53,58,111
2025.06.14,16:00,16:15,Erhardt,46,68,114
2025.06.14,16:15,16:30,Erhardt,47,57,104
2025.06.14,16:30,16:45,Erhardt,68,68,136
2025.06.14,16:45,17:00,Erhardt,72,79,151
2025.06.14,17:00,17:15,Erhardt,54,66,120
2025.06.14,17:15,17:30,Erhardt,68,56,124
2025.06.14,17:30,17:45,Erhardt,52,48,100
2025.06.14,17:45,18:00,Erhardt,75,53,128
2025.06.14,18:00,18:15,Erhardt,62,78,140
2025.06.14,18:15,18:30,Erhardt,66,47,113
2025.06.14,18:30,18:45,Erhardt,76,68,144
2025.06.14,18:45,19:00,Erhardt,56,58,114
2025.06.14,19:00,19:15,Erhardt,74,63,137
2025.06.14,19:15,19:30,Erhardt,81,55,136
2025.06.14,19:30,19:45,Erhardt,45,68,113
2025.06.14,19:45,20:00,Erhardt,70,32,102
2025.06.14,20:00,20:15,Erhardt,45,55,100
2025.06.14,20:15,20:30,Erhardt,42,34,76
2025.06.14,20:30,20:45,Erhardt,51,36,87
2025.06.14,20:45,21:00,Erhardt,27,56,83
2025.06.14,21:00,21:15,Erhardt,43,35,78
2025.06.14,21:15,21:30,Erhardt,47,36,83
2025.06.14,21:30,21:45,Erhardt,27,37,64
2025.06.14,21:45,22:00,Erhardt,35,33,68
2025.06.14,22:00,22:15,Erhardt,38,34,72
2025.06.14,22:15,22:30,Erhardt,29,28,57
2025.06.14,22:30,22:45,Erhardt,22,32,54
2025.06.14,22:45,23:00,Erhardt,21,33,54
2025.06.14,23:00,23:15,Erhardt,19,25,44
2025.06.14,23:15,23:30,Erhardt,17,21,38
2025.06.14,23:30,23:45,Erhardt,21,17,38
2025.06.14,23:45,00:00,Erhardt,13,19,32
2025.06.15,00:00,00:15,Erhardt,24,18,42
2025.06.15,00:15,00:30,Erhardt,13,18,31
2025.06.15,00:30,00:45,Erhardt,10,18,28
2025.06.15,00:45,01:00,Erhardt,13,18,31
2025.06.15,01:00,01:15,Erhardt,7,7,14
2025.06.15,01:15,01:30,Erhardt,1,12,13
2025.06.15,01:30,01:45,Erhardt,3,11,14
2025.06.15,01:45,02:00,Erhardt,4,8,12
2025.06.15,02:00,02:15,Erhardt,2,6,8
2025.06.15,02:15,02:30,Erhardt,6,4,10
2025.06.15,02:30,02:45,Erhardt,2,9,11
2025.06.15,02:45,03:00,Erhardt,2,2,4
2025.06.15,03:00,03:15,Erhardt,3,3,6
2025.06.15,03:15,03:30,Erhardt,2,1,3
2025.06.15,03:30,03:45,Erhardt,3,4,7
2025.06.15,03:45,04:00,Erhardt,1,3,4
2025.06.15,04:00,04:15,Erhardt,1,0,1
2025.06.15,04:15,04:30,Erhardt,1,1,2
2025.06.15,04:30,04:45,Erhardt,1,5,6
2025.06.15,04:45,05:00,Erhardt,3,1,4
2025.06.15,05:00,05:15,Erhardt,0,1,1
2025.06.15,05:15,05:30,Erhardt,1,2,3
2025.06.15,05:30,05:45,Erhardt,0,4,4
2025.06.15,05:45,06:00,Erhardt,3,3,6
2025.06.15,06:00,06:15,Erhardt,3,1,4
2025.06.15,06:15,06:30,Erhardt,0,2,2
2025.06.15,06:30,06:45,Erhardt,3,4,7
2025.06.15,06:45,07:00,Erhardt,2,2,4
2025.06.15,07:00,07:15,Erhardt,7,4,11
2025.06.15,07:15,07:30,Erhardt,10,2,12
2025.06.15,07:30,07:45,Erhardt,7,8,15
2025.06.15,07:45,08:00,Erhardt,5,12,17
2025.06.15,08:00,08:15,Erhardt,9,7,16
2025.06.15,08:15,08:30,Erhardt,20,14,34
2025.06.15,08:30,08:45,Erhardt,20,10,30
2025.06.15,08:45,09:00,Erhardt,31,22,53
2025.06.15,09:00,09:15,Erhardt,19,36,55
2025.06.15,09:15,09:30,Erhardt,42,24,66
2025.06.15,09:30,09:45,Erhardt,34,32,66
2025.06.15,09:45,10:00,Erhardt,47,44,91
2025.06.15,10:00,10:15,Erhardt,31,27,58
2025.06.15,10:15,10:30,Erhardt,35,42,77
2025.06.15,10:30,10:45,Erhardt,40,37,77
2025.06.15,10:45,11:00,Erhardt,42,50,92
2025.06.15,11:00,11:15,Erhardt,60,40,100
2025.06.15,11:15,11:30,Erhardt,50,44,94
2025.06.15,11:30,11:45,Erhardt,59,53,112
2025.06.15,11:45,12:00,Erhardt,56,40,96
2025.06.15,12:00,12:15,Erhardt,50,53,103
2025.06.15,12:15,12:30,Erhardt,44,48,92
2025.06.15,12:30,12:45,Erhardt,44,54,98
2025.06.15,12:45,13:00,Erhardt,69,37,106
2025.06.15,13:00,13:15,Erhardt,51,59,110
2025.06.15,13:15,13:30,Erhardt,51,44,95
2025.06.15,13:30,13:45,Erhardt,58,33,91
2025.06.15,13:45,14:00,Erhardt,63,57,120
2025.06.15,14:00,14:15,Erhardt,65,65,130
2025.06.15,14:15,14:30,Erhardt,42,61,103
2025.06.15,14:30,14:45,Erhardt,57,44,101
2025.06.15,14:45,15:00,Erhardt,45,58,103
2025.06.15,15:00,15:15,Erhardt,61,57,118
2025.06.15,15:15,15:30,Erhardt,57,32,89
2025.06.15,15:30,15:45,Erhardt,58,50,108
2025.06.15,15:45,16:00,Erhardt,67,49,116
2025.06.15,16:00,16:15,Erhardt,59,62,121
2025.06.15,16:15,16:30,Erhardt,67,51,118
2025.06.15,16:30,16:45,Erhardt,51,62,113
2025.06.15,16:45,17:00,Erhardt,43,56,99
2025.06.15,17:00,17:15,Erhardt,68,43,111
2025.06.15,17:15,17:30,Erhardt,49,32,81
2025.06.15,17:30,17:45,Erhardt,23,29,52
2025.06.15,17:45,18:00,Erhardt,31,30,61
2025.06.15,18:00,18:15,Erhardt,16,23,39
2025.06.15,18:15,18:30,Erhardt,31,18,49
2025.06.15,18:30,18:45,Erhardt,28,34,62
2025.06.15,18:45,19:00,Erhardt,26,28,54
2025.06.15,19:00,19:15,Erhardt,24,25,49
2025.06.15,19:15,19:30,Erhardt,31,34,65
2025.06.15,19:30,19:45,Erhardt,24,28,52
2025.06.15,19:45,20:00,Erhardt,19,19,38
2025.06.15,20:00,20:15,Erhardt,26,22,48
2025.06.15,20:15,20:30,Erhardt,22,16,38
2025.06.15,20:30,20:45,Erhardt,13,7,20
2025.06.15,20:45,21:00,Erhardt,6,10,16
2025.06.15,21:00,21:15,Erhardt,5,6,11
2025.06.15,21:15,21:30,Erhardt,6,7,13
2025.06.15,21:30,21:45,Erhardt,8,8,16
2025.06.15,21:45,22:00,Erhardt,6,8,14
2025.06.15,22:00,22:15,Erhardt,3,10,13
2025.06.15,22:15,22:30,Erhardt,5,11,16
2025.06.15,22:30,22:45,Erhardt,3,10,13
2025.06.15,22:45,23:00,Erhardt,3,11,14
2025.06.15,23:00,23:15,Erhardt,4,5,9
2025.06.15,23:15,23:30,Erhardt,1,6,7
2025.06.15,23:30,23:45,Erhardt,4,1,5
2025.06.15,23:45,00:00,Erhardt,0,0,0
2025.06.16,00:00,00:15,Erhardt,1,1,2
2025.06.16,00:15,00:30,Erhardt,0,1,1
2025.06.16,00:30,00:45,Erhardt,0,0,0
2025.06.16,00:45,01:00,Erhardt,0,1,1
2025.06.16,01:00,01:15,Erhardt,0,1,1
2025.06.16,01:15,01:30,Erhardt,0,0,0
2025.06.16,01:30,01:45,Erhardt,0,1,1
2025.06.16,01:45,02:00,Erhardt,0,0,0
2025.06.16,02:00,02:15,Erhardt,0,0,0
2025.06.16,02:15,02:30,Erhardt,0,0,0
2025.06.16,02:30,02:45,Erhardt,0,0,0
2025.06.16,02:45,03:00,Erhardt,0,0,0
2025.06.16,03:00,03:15,Erhardt,0,0,0
2025.06.16,03:15,03:30,Erhardt,0,0,0
2025.06.16,03:30,03:45,Erhardt,0,0,0
2025.06.16,03:45,04:00,Erhardt,0,0,0
2025.06.16,04:00,04:15,Erhardt,1,0,1
2025.06.16,04:15,04:30,Erhardt,1,0,1
2025.06.16,04:30,04:45,Erhardt,0,0,0
2025.06.16,04:45,05:00,Erhardt,1,0,1
2025.06.16,05:00,05:15,Erhardt,3,0,3
2025.06.16,05:15,05:30,Erhardt,3,4,7
2025.06.16,05:30,05:45,Erhardt,1,6,7
2025.06.16,05:45,06:00,Erhardt,1,7,8
2025.06.16,06:00,06:15,Erhardt,8,5,13
2025.06.16,06:15,06:30,Erhardt,4,7,11
2025.06.16,06:30,06:45,Erhardt,8,8,16
2025.06.16,06:45,07:00,Erhardt,15,13,28
2025.06.16,07:00,07:15,Erhardt,21,12,33
2025.06.16,07:15,07:30,Erhardt,41,26,67
2025.06.16,07:30,07:45,Erhardt,40,25,65
2025.06.16,07:45,08:00,Erhardt,43,52,95
2025.06.16,08:00,08:15,Erhardt,56,48,104
2025.06.16,08:15,08:30,Erhardt,69,34,103
2025.06.16,08:30,08:45,Erhardt,66,34,100
2025.06.16,08:45,09:00,Erhardt,52,48,100
2025.06.16,09:00,09:15,Erhardt,34,41,75
2025.06.16,09:15,09:30,Erhardt,34,20,54
2025.06.16,09:30,09:45,Erhardt,26,22,48
2025.06.16,09:45,10:00,Erhardt,20,24,44
2025.06.16,10:00,10:15,Erhardt,14,13,27
2025.06.16,10:15,10:30,Erhardt,13,20,33
2025.06.16,10:30,10:45,Erhardt,20,15,35
2025.06.16,10:45,11:00,Erhardt,14,20,34
2025.06.16,11:00,11:15,Erhardt,13,13,26
2025.06.16,11:15,11:30,Erhardt,17,8,25
2025.06.16,11:30,11:45,Erhardt,17,11,28
2025.06.16,11:45,12:00,Erhardt,14,15,29
2025.06.16,12:00,12:15,Erhardt,17,24,41
2025.06.16,12:15,12:30,Erhardt,21,18,39
2025.06.16,12:30,12:45,Erhardt,18,21,39
2025.06.16,12:45,13:00,Erhardt,14,20,34
2025.06.16,13:00,13:15,Erhardt,20,18,38
2025.06.16,13:15,13:30,Erhardt,19,25,44
2025.06.16,13:30,13:45,Erhardt,31,11,42
2025.06.16,13:45,14:00,Erhardt,25,19,44
2025.06.16,14:00,14:15,Erhardt,27,28,55
2025.06.16,14:15,14:30,Erhardt,24,22,46
2025.06.16,14:30,14:45,Erhardt,35,22,57
2025.06.16,14:45,15:00,Erhardt,40,12,52
2025.06.16,15:00,15:15,Erhardt,25,27,52
2025.06.16,15:15,15:30,Erhardt,37,15,52
2025.06.16,15:30,15:45,Erhardt,45,28,73
2025.06.16,15:45,16:00,Erhardt,37,32,69
2025.06.16,16:00,16:15,Erhardt,34,29,63
2025.06.16,16:15,16:30,Erhardt,46,26,72
2025.06.16,16:30,16:45,Erhardt,39,33,72
2025.06.16,16:45,17:00,Erhardt,57,36,93
2025.06.16,17:00,17:15,Erhardt,48,28,76
2025.06.16,17:15,17:30,Erhardt,74,28,102
2025.06.16,17:30,17:45,Erhardt,68,34,102
2025.06.16,17:45,18:00,Erhardt,87,46,133
2025.06.16,18:00,18:15,Erhardt,75,45,120
2025.06.16,18:15,18:30,Erhardt,89,50,139
2025.06.16,18:30,18:45,Erhardt,67,46,113
2025.06.16,18:45,19:00,Erhardt,57,44,101
2025.06.16,19:00,19:15,Erhardt,76,42,118
2025.06.16,19:15,19:30,Erhardt,62,44,106
2025.06.16,19:30,19:45,Erhardt,33,40,73
2025.06.16,19:45,20:00,Erhardt,31,27,58
2025.06.16,20:00,20:15,Erhardt,51,19,70
2025.06.16,20:15,20:30,Erhardt,25,37,62
2025.06.16,20:30,20:45,Erhardt,29,20,49
2025.06.16,20:45,21:00,Erhardt,13,20,33
2025.06.16,21:00,21:15,Erhardt,22,18,40
2025.06.16,21:15,21:30,Erhardt,28,17,45
2025.06.16,21:30,21:45,Erhardt,33,18,51
2025.06.16,21:45,22:00,Erhardt,14,23,37
2025.06.16,22:00,22:15,Erhardt,19,15,34
2025.06.16,22:15,22:30,Erhardt,21,18,39
2025.06.16,22:30,22:45,Erhardt,12,12,24
2025.06.16,22:45,23:00,Erhardt,10,15,25
2025.06.16,23:00,23:15,Erhardt,6,16,22
2025.06.16,23:15,23:30,Erhardt,7,13,20
2025.06.16,23:30,23:45,Erhardt,6,6,12
2025.06.16,23:45,00:00,Erhardt,3,5,8
2025.06.17,00:00,00:15,Erhardt,3,2,5
2025.06.17,00:15,00:30,Erhardt,3,5,8
2025.06.17,00:30,00:45,Erhardt,2,6,8
2025.06.17,00:45,01:00,Erhardt,4,4,8
2025.06.17,01:00,01:15,Erhardt,1,0,1
2025.06.17,01:15,01:30,Erhardt,1,0,1
2025.06.17,01:30,01:45,Erhardt,0,2,2
2025.06.17,01:45,02:00,Erhardt,1,0,1
2025.06.17,02:00,02:15,Erhardt,0,0,0
2025.06.17,02:15,02:30,Erhardt,1,2,3
2025.06.17,02:30,02:45,Erhardt,0,1,1
2025.06.17,02:45,03:00,Erhardt,2,0,2
2025.06.17,03:00,03:15,Erhardt,0,0,0
2025.06.17,03:15,03:30,Erhardt,0,0,0
2025.06.17,03:30,03:45,Erhardt,0,0,0
2025.06.17,03:45,04:00,Erhardt,0,0,0
2025.06.17,04:00,04:15,Erhardt,0,0,0
2025.06.17,04:15,04:30,Erhardt,0,0,0
2025.06.17,04:30,04:45,Erhardt,0,0,0
2025.06.17,04:45,05:00,Erhardt,0,0,0
2025.06.17,05:00,05:15,Erhardt,2,1,3
2025.06.17,05:15,05:30,Erhardt,2,3,5
2025.06.17,05:30,05:45,Erhardt,6,4,10
2025.06.17,05:45,06:00,Erhardt,8,12,20
2025.06.17,06:00,06:15,Erhardt,10,8,18
2025.06.17,06:15,06:30,Erhardt,11,10,21
2025.06.17,06:30,06:45,Erhardt,23,11,34
2025.06.17,06:45,07:00,Erhardt,28,14,42
2025.06.17,07:00,07:15,Erhardt,32,40,72
2025.06.17,07:15,07:30,Erhardt,53,25,78
2025.06.17,07:30,07:45,Erhardt,56,26,82
2025.06.17,07:45,08:00,Erhardt,71,53,124
2025.06.17,08:00,08:15,Erhardt,85,55,140
2025.06.17,08:15,08:30,Erhardt,87,57,144
2025.06.17,08:30,08:45,Erhardt,102,58,160
2025.06.17,08:45,09:00,Erhardt,76,73,149
2025.06.17,09:00,09:15,Erhardt,65,36,101
2025.06.17,09:15,09:30,Erhardt,44,51,95
2025.06.17,09:30,09:45,Erhardt,40,39,79
2025.06.17,09:45,10:00,Erhardt,43,35,78
2025.06.17,10:00,10:15,Erhardt,35,25,60
2025.06.17,10:15,10:30,Erhardt,25,33,58
2025.06.17,10:30,10:45,Erhardt,27,37,64
2025.06.17,10:45,11:00,Erhardt,25,27,52
2025.06.17,11:00,11:15,Erhardt,21,30,51
2025.06.17,11:15,11:30,Erhardt,21,30,51
2025.06.17,11:30,11:45,Erhardt,21,31,52
2025.06.17,11:45,12:00,Erhardt,35,43,78
2025.06.17,12:00,12:15,Erhardt,34,31,65
2025.06.17,12:15,12:30,Erhardt,22,19,41
2025.06.17,12:30,12:45,Erhardt,42,33,75
2025.06.17,12:45,13:00,Erhardt,36,27,63
2025.06.17,13:00,13:15,Erhardt,25,31,56
2025.06.17,13:15,13:30,Erhardt,22,45,67
2025.06.17,13:30,13:45,Erhardt,28,28,56
2025.06.17,13:45,14:00,Erhardt,41,19,60
2025.06.17,14:00,14:15,Erhardt,35,17,52
2025.06.17,14:15,14:30,Erhardt,35,43,78
2025.06.17,14:30,14:45,Erhardt,52,24,76
2025.06.17,14:45,15:00,Erhardt,52,46,98
2025.06.17,15:00,15:15,Erhardt,42,29,71
2025.06.17,15:15,15:30,Erhardt,45,29,74
2025.06.17,15:30,15:45,Erhardt,53,23,76
2025.06.17,15:45,16:00,Erhardt,34,56,90
2025.06.17,16:00,16:15,Erhardt,80,32,112
2025.06.17,16:15,16:30,Erhardt,64,39,103
2025.06.17,16:30,16:45,Erhardt,65,57,122
2025.06.17,16:45,17:00,Erhardt,80,39,119
2025.06.17,17:00,17:15,Erhardt,88,53,141
2025.06.17,17:15,17:30,Erhardt,114,61,175
2025.06.17,17:30,17:45,Erhardt,121,71,192
2025.06.17,17:45,18:00,Erhardt,129,71,200
2025.06.17,18:00,18:15,Erhardt,110,81,191
2025.06.17,18:15,18:30,Erhardt,140,90,230
2025.06.17,18:30,18:45,Erhardt,116,94,210
2025.06.17,18:45,19:00,Erhardt,99,93,192
2025.06.17,19:00,19:15,Erhardt,75,91,166
2025.06.17,19:15,19:30,Erhardt,96,74,170
2025.06.17,19:30,19:45,Erhardt,67,68,135
2025.06.17,19:45,20:00,Erhardt,57,46,103
2025.06.17,20:00,20:15,Erhardt,82,55,137
2025.06.17,20:15,20:30,Erhardt,54,50,104
2025.06.17,20:30,20:45,Erhardt,43,37,80
2025.06.17,20:45,21:00,Erhardt,56,52,108
2025.06.17,21:00,21:15,Erhardt,45,40,85
2025.06.17,21:15,21:30,Erhardt,38,41,79
2025.06.17,21:30,21:45,Erhardt,39,41,80
2025.06.17,21:45,22:00,Erhardt,34,45,79
2025.06.17,22:00,22:15,Erhardt,44,36,80
2025.06.17,22:15,22:30,Erhardt,20,38,58
2025.06.17,22:30,22:45,Erhardt,28,31,59
2025.06.17,22:45,23:00,Erhardt,21,19,40
2025.06.17,23:00,23:15,Erhardt,19,16,35
2025.06.17,23:15,23:30,Erhardt,27,14,41
2025.06.17,23:30,23:45,Erhardt,12,15,27
2025.06.17,23:45,00:00,Erhardt,13,4,17
2025.06.18,00:00,00:15,Erhardt,4,7,11
2025.06.18,00:15,00:30,Erhardt,7,1,8
2025.06.18,00:30,00:45,Erhardt,2,5,7
2025.06.18,00:45,01:00,Erhardt,1,3,4
2025.06.18,01:00,01:15,Erhardt,4,4,8
2025.06.18,01:15,01:30,Erhardt,4,1,5
2025.06.18,01:30,01:45,Erhardt,2,1,3
2025.06.18,01:45,02:00,Erhardt,0,3,3
2025.06.18,02:00,02:15,Erhardt,3,1,4
2025.06.18,02:15,02:30,Erhardt,2,0,2
2025.06.18,02:30,02:45,Erhardt,0,0,0
2025.06.18,02:45,03:00,Erhardt,2,0,2
2025.06.18,03:00,03:15,Erhardt,0,0,0
2025.06.18,03:15,03:30,Erhardt,1,2,3
2025.06.18,03:30,03:45,Erhardt,0,0,0
2025.06.18,03:45,04:00,Erhardt,0,0,0
2025.06.18,04:00,04:15,Erhardt,0,2,2
2025.06.18,04:15,04:30,Erhardt,0,0,0
2025.06.18,04:30,04:45,Erhardt,0,0,0
2025.06.18,04:45,05:00,Erhardt,1,3,4
2025.06.18,05:00,05:15,Erhardt,1,0,1
2025.06.18,05:15,05:30,Erhardt,3,5,8
2025.06.18,05:30,05:45,Erhardt,2,5,7
2025.06.18,05:45,06:00,Erhardt,7,4,11
2025.06.18,06:00,06:15,Erhardt,16,6,22
2025.06.18,06:15,06:30,Erhardt,8,9,17
2025.06.18,06:30,06:45,Erhardt,16,19,35
2025.06.18,06:45,07:00,Erhardt,29,17,46
2025.06.18,07:00,07:15,Erhardt,26,23,49
2025.06.18,07:15,07:30,Erhardt,48,30,78
2025.06.18,07:30,07:45,Erhardt,54,33,87
2025.06.18,07:45,08:00,Erhardt,54,43,97
2025.06.18,08:00,08:15,Erhardt,86,35,121
2025.06.18,08:15,08:30,Erhardt,84,58,142
2025.06.18,08:30,08:45,Erhardt,104,49,153
2025.06.18,08:45,09:00,Erhardt,79,66,145
2025.06.18,09:00,09:15,Erhardt,63,45,108
2025.06.18,09:15,09:30,Erhardt,41,40,81
2025.06.18,09:30,09:45,Erhardt,38,37,75
2025.06.18,09:45,10:00,Erhardt,38,57,95
2025.06.18,10:00,10:15,Erhardt,32,24,56
2025.06.18,10:15,10:30,Erhardt,22,33,55
2025.06.18,10:30,10:45,Erhardt,42,20,62
2025.06.18,10:45,11:00,Erhardt,35,31,66
2025.06.18,11:00,11:15,Erhardt,34,32,66
2025.06.18,11:15,11:30,Erhardt,29,25,54
2025.06.18,11:30,11:45,Erhardt,20,32,52
2025.06.18,11:45,12:00,Erhardt,31,34,65
2025.06.18,12:00,12:15,Erhardt,36,32,68
2025.06.18,12:15,12:30,Erhardt,36,24,60
2025.06.18,12:30,12:45,Erhardt,32,34,66
2025.06.18,12:45,13:00,Erhardt,45,27,72
2025.06.18,13:00,13:15,Erhardt,46,37,83
2025.06.18,13:15,13:30,Erhardt,35,29,64
2025.06.18,13:30,13:45,Erhardt,49,21,70
2025.06.18,13:45,14:00,Erhardt,37,37,74
2025.06.18,14:00,14:15,Erhardt,36,24,60
2025.06.18,14:15,14:30,Erhardt,39,17,56
2025.06.18,14:30,14:45,Erhardt,46,35,81
2025.06.18,14:45,15:00,Erhardt,53,42,95
2025.06.18,15:00,15:15,Erhardt,44,37,81
2025.06.18,15:15,15:30,Erhardt,51,34,85
2025.06.18,15:30,15:45,Erhardt,42,43,85
2025.06.18,15:45,16:00,Erhardt,72,38,110
2025.06.18,16:00,16:15,Erhardt,51,45,96
2025.06.18,16:15,16:30,Erhardt,56,60,116
2025.06.18,16:30,16:45,Erhardt,70,47,117
2025.06.18,16:45,17:00,Erhardt,66,58,124
2025.06.18,17:00,17:15,Erhardt,80,49,129
2025.06.18,17:15,17:30,Erhardt,94,53,147
2025.06.18,17:30,17:45,Erhardt,110,59,169
2025.06.18,17:45,18:00,Erhardt,127,58,185
2025.06.18,18:00,18:15,Erhardt,121,88,209
2025.06.18,18:15,18:30,Erhardt,119,74,193
2025.06.18,18:30,18:45,Erhardt,108,58,166
2025.06.18,18:45,19:00,Erhardt,117,52,169
2025.06.18,19:00,19:15,Erhardt,81,84,165
2025.06.18,19:15,19:30,Erhardt,73,60,133
2025.06.18,19:30,19:45,Erhardt,63,44,107
2025.06.18,19:45,20:00,Erhardt,70,49,119
2025.06.18,20:00,20:15,Erhardt,62,53,115
2025.06.18,20:15,20:30,Erhardt,70,38,108
2025.06.18,20:30,20:45,Erhardt,46,30,76
2025.06.18,20:45,21:00,Erhardt,43,37,80
2025.06.18,21:00,21:15,Erhardt,54,34,88
2025.06.18,21:15,21:30,Erhardt,33,39,72
2025.06.18,21:30,21:45,Erhardt,31,28,59
2025.06.18,21:45,22:00,Erhardt,35,33,68
2025.06.18,22:00,22:15,Erhardt,34,38,72
2025.06.18,22:15,22:30,Erhardt,32,37,69
2025.06.18,22:30,22:45,Erhardt,52,30,82
2025.06.18,22:45,23:00,Erhardt,39,32,71
2025.06.18,23:00,23:15,Erhardt,23,25,48
2025.06.18,23:15,23:30,Erhardt,23,32,55
2025.06.18,23:30,23:45,Erhardt,16,18,34
2025.06.18,23:45,00:00,Erhardt,20,21,41
2025.06.19,00:00,00:15,Erhardt,13,17,30
2025.06.19,00:15,00:30,Erhardt,16,19,35
2025.06.19,00:30,00:45,Erhardt,8,18,26
2025.06.19,00:45,01:00,Erhardt,5,6,11
2025.06.19,01:00,01:15,Erhardt,10,10,20
2025.06.19,01:15,01:30,Erhardt,3,15,18
2025.06.19,01:30,01:45,Erhardt,4,13,17
2025.06.19,01:45,02:00,Erhardt,6,5,11
2025.06.19,02:00,02:15,Erhardt,3,2,5
2025.06.19,02:15,02:30,Erhardt,1,5,6
2025.06.19,02:30,02:45,Erhardt,1,2,3
2025.06.19,02:45,03:00,Erhardt,3,4,7
2025.06.19,03:00,03:15,Erhardt,3,1,4
2025.06.19,03:15,03:30,Erhardt,1,1,2
2025.06.19,03:30,03:45,Erhardt,1,2,3
2025.06.19,03:45,04:00,Erhardt,1,2,3
2025.06.19,04:00,04:15,Erhardt,1,3,4
2025.06.19,04:15,04:30,Erhardt,2,0,2
2025.06.19,04:30,04:45,Erhardt,2,1,3
2025.06.19,04:45,05:00,Erhardt,0,0,0
2025.06.19,05:00,05:15,Erhardt,2,1,3
2025.06.19,05:15,05:30,Erhardt,1,2,3
2025.06.19,05:30,05:45,Erhardt,1,2,3
2025.06.19,05:45,06:00,Erhardt,1,7,8
2025.06.19,06:00,06:15,Erhardt,2,4,6
2025.06.19,06:15,06:30,Erhardt,2,4,6
2025.06.19,06:30,06:45,Erhardt,5,6,11
2025.06.19,06:45,07:00,Erhardt,7,5,12
2025.06.19,07:00,07:15,Erhardt,8,5,13
2025.06.19,07:15,07:30,Erhardt,5,10,15
2025.06.19,07:30,07:45,Erhardt,11,11,22
2025.06.19,07:45,08:00,Erhardt,7,16,23
2025.06.19,08:00,08:15,Erhardt,21,13,34
2025.06.19,08:15,08:30,Erhardt,16,9,25
2025.06.19,08:30,08:45,Erhardt,30,25,55
2025.06.19,08:45,09:00,Erhardt,30,30,60
2025.06.19,09:00,09:15,Erhardt,21,30,51
2025.06.19,09:15,09:30,Erhardt,58,19,77
2025.06.19,09:30,09:45,Erhardt,37,22,59
2025.06.19,09:45,10:00,Erhardt,39,47,86
2025.06.19,10:00,10:15,Erhardt,54,20,74
2025.06.19,10:15,10:30,Erhardt,86,46,132
2025.06.19,10:30,10:45,Erhardt,48,30,78
2025.06.19,10:45,11:00,Erhardt,61,47,108
2025.06.19,11:00,11:15,Erhardt,60,54,114
2025.06.19,11:15,11:30,Erhardt,62,51,113
2025.06.19,11:30,11:45,Erhardt,42,43,85
2025.06.19,11:45,12:00,Erhardt,53,62,115
2025.06.19,12:00,12:15,Erhardt,53,44,97
2025.06.19,12:15,12:30,Erhardt,75,52,127
2025.06.19,12:30,12:45,Erhardt,57,79,136
2025.06.19,12:45,13:00,Erhardt,73,79,152
2025.06.19,13:00,13:15,Erhardt,55,62,117
2025.06.19,13:15,13:30,Erhardt,72,58,130
2025.06.19,13:30,13:45,Erhardt,76,44,120
2025.06.19,13:45,14:00,Erhardt,82,60,142
2025.06.19,14:00,14:15,Erhardt,70,50,120
2025.06.19,14:15,14:30,Erhardt,63,62,125
2025.06.19,14:30,14:45,Erhardt,54,60,114
2025.06.19,14:45,15:00,Erhardt,58,83,141
2025.06.19,15:00,15:15,Erhardt,74,74,148
2025.06.19,15:15,15:30,Erhardt,63,69,132
2025.06.19,15:30,15:45,Erhardt,91,61,152
2025.06.19,15:45,16:00,Erhardt,99,72,171
2025.06.19,16:00,16:15,Erhardt,60,80,140
2025.06.19,16:15,16:30,Erhardt,54,63,117
2025.06.19,16:30,16:45,Erhardt,58,53,111
2025.06.19,16:45,17:00,Erhardt,78,59,137
2025.06.19,17:00,17:15,Erhardt,55,62,117
2025.06.19,17:15,17:30,Erhardt,74,71,145
2025.06.19,17:30,17:45,Erhardt,61,87,148
2025.06.19,17:45,18:00,Erhardt,71,72,143
2025.06.19,18:00,18:15,Erhardt,55,86,141
2025.06.19,18:15,18:30,Erhardt,59,86,145
2025.06.19,18:30,18:45,Erhardt,72,48,120
2025.06.19,18:45,19:00,Erhardt,64,67,131
2025.06.19,19:00,19:15,Erhardt,59,74,133
2025.06.19,19:15,19:30,Erhardt,60,72,132
2025.06.19,19:30,19:45,Erhardt,49,84,133
2025.06.19,19:45,20:00,Erhardt,49,46,95
2025.06.19,20:00,20:15,Erhardt,50,36,86
2025.06.19,20:15,20:30,Erhardt,38,48,86
2025.06.19,20:30,20:45,Erhardt,32,39,71
2025.06.19,20:45,21:00,Erhardt,31,36,67
2025.06.19,21:00,21:15,Erhardt,33,42,75
2025.06.19,21:15,21:30,Erhardt,33,43,76
2025.06.19,21:30,21:45,Erhardt,41,30,71
2025.06.19,21:45,22:00,Erhardt,31,26,57
2025.06.19,22:00,22:15,Erhardt,35,33,68
2025.06.19,22:15,22:30,Erhardt,23,38,61
2025.06.19,22:30,22:45,Erhardt,11,25,36
2025.06.19,22:45,23:00,Erhardt,12,20,32
2025.06.19,23:00,23:15,Erhardt,21,17,38
2025.06.19,23:15,23:30,Erhardt,9,26,35
2025.06.19,23:30,23:45,Erhardt,11,4,15
2025.06.19,23:45,00:00,Erhardt,15,7,22
2025.06.20,00:00,00:15,Erhardt,12,10,22
2025.06.20,00:15,00:30,Erhardt,9,6,15
2025.06.20,00:30,00:45,Erhardt,8,5,13
2025.06.20,00:45,01:00,Erhardt,1,10,11
2025.06.20,01:00,01:15,Erhardt,1,1,2
2025.06.20,01:15,01:30,Erhardt,2,4,6
2025.06.20,01:30,01:45,Erhardt,4,6,10
2025.06.20,01:45,02:00,Erhardt,0,1,1
2025.06.20,02:00,02:15,Erhardt,1,0,1
2025.06.20,02:15,02:30,Erhardt,0,1,1
2025.06.20,02:30,02:45,Erhardt,0,0,0
2025.06.20,02:45,03:00,Erhardt,0,0,0
2025.06.20,03:00,03:15,Erhardt,0,0,0
2025.06.20,03:15,03:30,Erhardt,1,0,1
2025.06.20,03:30,03:45,Erhardt,0,1,1
2025.06.20,03:45,04:00,Erhardt,0,0,0
2025.06.20,04:00,04:15,Erhardt,3,0,3
2025.06.20,04:15,04:30,Erhardt,0,0,0
2025.06.20,04:30,04:45,Erhardt,0,1,1
2025.06.20,04:45,05:00,Erhardt,1,2,3
2025.06.20,05:00,05:15,Erhardt,2,0,2
2025.06.20,05:15,05:30,Erhardt,1,3,4
2025.06.20,05:30,05:45,Erhardt,3,1,4
2025.06.20,05:45,06:00,Erhardt,3,7,10
2025.06.20,06:00,06:15,Erhardt,2,5,7
2025.06.20,06:15,06:30,Erhardt,10,6,16
2025.06.20,06:30,06:45,Erhardt,12,6,18
2025.06.20,06:45,07:00,Erhardt,20,22,42
2025.06.20,07:00,07:15,Erhardt,23,21,44
2025.06.20,07:15,07:30,Erhardt,24,13,37
2025.06.20,07:30,07:45,Erhardt,24,23,47
2025.06.20,07:45,08:00,Erhardt,40,22,62
2025.06.20,08:00,08:15,Erhardt,31,28,59
2025.06.20,08:15,08:30,Erhardt,26,45,71
2025.06.20,08:30,08:45,Erhardt,34,28,62
2025.06.20,08:45,09:00,Erhardt,34,40,74
2025.06.20,09:00,09:15,Erhardt,27,32,59
2025.06.20,09:15,09:30,Erhardt,29,35,64
2025.06.20,09:30,09:45,Erhardt,38,38,76
2025.06.20,09:45,10:00,Erhardt,29,38,67
2025.06.20,10:00,10:15,Erhardt,31,47,78
2025.06.20,10:15,10:30,Erhardt,27,33,60
2025.06.20,10:30,10:45,Erhardt,22,22,44
2025.06.20,10:45,11:00,Erhardt,41,37,78
2025.06.20,11:00,11:15,Erhardt,42,31,73
2025.06.20,11:15,11:30,Erhardt,29,20,49
2025.06.20,11:30,11:45,Erhardt,21,31,52
2025.06.20,11:45,12:00,Erhardt,35,32,67
2025.06.20,12:00,12:15,Erhardt,28,26,54
2025.06.20,12:15,12:30,Erhardt,31,47,78
2025.06.20,12:30,12:45,Erhardt,46,35,81
2025.06.20,12:45,13:00,Erhardt,37,38,75
2025.06.20,13:00,13:15,Erhardt,37,43,80
2025.06.20,13:15,13:30,Erhardt,39,46,85
2025.06.20,13:30,13:45,Erhardt,44,38,82
2025.06.20,13:45,14:00,Erhardt,46,39,85
2025.06.20,14:00,14:15,Erhardt,48,43,91
2025.06.20,14:15,14:30,Erhardt,29,43,72
2025.06.20,14:30,14:45,Erhardt,51,29,80
2025.06.20,14:45,15:00,Erhardt,43,36,79
2025.06.20,15:00,15:15,Erhardt,60,37,97
2025.06.20,15:15,15:30,Erhardt,72,34,106
2025.06.20,15:30,15:45,Erhardt,55,48,103
2025.06.20,15:45,16:00,Erhardt,46,46,92
2025.06.20,16:00,16:15,Erhardt,51,63,114
2025.06.20,16:15,16:30,Erhardt,73,43,116
2025.06.20,16:30,16:45,Erhardt,63,53,116
2025.06.20,16:45,17:00,Erhardt,64,64,128
2025.06.20,17:00,17:15,Erhardt,49,51,100
2025.06.20,17:15,17:30,Erhardt,81,46,127
2025.06.20,17:30,17:45,Erhardt,51,50,101
2025.06.20,17:45,18:00,Erhardt,90,70,160
2025.06.20,18:00,18:15,Erhardt,67,62,129
2025.06.20,18:15,18:30,Erhardt,68,65,133
2025.06.20,18:30,18:45,Erhardt,62,47,109
2025.06.20,18:45,19:00,Erhardt,74,42,116
2025.06.20,19:00,19:15,Erhardt,67,53,120
2025.06.20,19:15,19:30,Erhardt,47,78,125
2025.06.20,19:30,19:45,Erhardt,63,53,116
2025.06.20,19:45,20:00,Erhardt,48,35,83
2025.06.20,20:00,20:15,Erhardt,34,69,103
2025.06.20,20:15,20:30,Erhardt,47,46,93
2025.06.20,20:30,20:45,Erhardt,28,30,58
2025.06.20,20:45,21:00,Erhardt,26,40,66
2025.06.20,21:00,21:15,Erhardt,53,35,88
2025.06.20,21:15,21:30,Erhardt,29,34,63
2025.06.20,21:30,21:45,Erhardt,30,25,55
2025.06.20,21:45,22:00,Erhardt,34,31,65
2025.06.20,22:00,22:15,Erhardt,32,23,55
2025.06.20,22:15,22:30,Erhardt,32,31,63
2025.06.20,22:30,22:45,Erhardt,25,13,38
2025.06.20,22:45,23:00,Erhardt,22,26,48
2025.06.20,23:00,23:15,Erhardt,42,25,67
2025.06.20,23:15,23:30,Erhardt,15,30,45
2025.06.20,23:30,23:45,Erhardt,38,13,51
2025.06.20,23:45,00:00,Erhardt,24,25,49
2025.06.21,00:00,00:15,Erhardt,23,18,41
2025.06.21,00:15,00:30,Erhardt,14,11,25
2025.06.21,00:30,00:45,Erhardt,3,16,19
2025.06.21,00:45,01:00,Erhardt,6,8,14
2025.06.21,01:00,01:15,Erhardt,6,7,13
2025.06.21,01:15,01:30,Erhardt,6,7,13
2025.06.21,01:30,01:45,Erhardt,3,1,4
2025.06.21,01:45,02:00,Erhardt,3,7,10
2025.06.21,02:00,02:15,Erhardt,6,5,11
2025.06.21,02:15,02:30,Erhardt,7,3,10
2025.06.21,02:30,02:45,Erhardt,1,3,4
2025.06.21,02:45,03:00,Erhardt,3,2,5
2025.06.21,03:00,03:15,Erhardt,5,5,10
2025.06.21,03:15,03:30,Erhardt,3,4,7
2025.06.21,03:30,03:45,Erhardt,2,5,7
2025.06.21,03:45,04:00,Erhardt,2,3,5
2025.06.21,04:00,04:15,Erhardt,0,0,0
2025.06.21,04:15,04:30,Erhardt,0,2,2
2025.06.21,04:30,04:45,Erhardt,1,0,1
2025.06.21,04:45,05:00,Erhardt,0,0,0
2025.06.21,05:00,05:15,Erhardt,2,1,3
2025.06.21,05:15,05:30,Erhardt,0,0,0
2025.06.21,05:30,05:45,Erhardt,3,2,5
2025.06.21,05:45,06:00,Erhardt,4,3,7
2025.06.21,06:00,06:15,Erhardt,2,3,5
2025.06.21,06:15,06:30,Erhardt,1,2,3
2025.06.21,06:30,06:45,Erhardt,5,2,7
2025.06.21,06:45,07:00,Erhardt,6,2,8
2025.06.21,07:00,07:15,Erhardt,4,7,11
2025.06.21,07:15,07:30,Erhardt,6,5,11
2025.06.21,07:30,07:45,Erhardt,18,3,21
2025.06.21,07:45,08:00,Erhardt,13,13,26
2025.06.21,08:00,08:15,Erhardt,14,7,21
2025.06.21,08:15,08:30,Erhardt,9,8,17
2025.06.21,08:30,08:45,Erhardt,18,24,42
2025.06.21,08:45,09:00,Erhardt,33,16,49
2025.06.21,09:00,09:15,Erhardt,23,15,38
2025.06.21,09:15,09:30,Erhardt,29,16,45
2025.06.21,09:30,09:45,Erhardt,33,24,57
2025.06.21,09:45,10:00,Erhardt,47,30,77
2025.06.21,10:00,10:15,Erhardt,26,24,50
2025.06.21,10:15,10:30,Erhardt,44,42,86
2025.06.21,10:30,10:45,Erhardt,44,30,74
2025.06.21,10:45,11:00,Erhardt,37,39,76
2025.06.21,11:00,11:15,Erhardt,40,39,79
2025.06.21,11:15,11:30,Erhardt,34,35,69
2025.06.21,11:30,11:45,Erhardt,43,38,81
2025.06.21,11:45,12:00,Erhardt,24,41,65
2025.06.21,12:00,12:15,Erhardt,54,30,84
2025.06.21,12:15,12:30,Erhardt,33,46,79
2025.06.21,12:30,12:45,Erhardt,44,58,102
2025.06.21,12:45,13:00,Erhardt,60,39,99
2025.06.21,13:00,13:15,Erhardt,65,44,109
2025.06.21,13:15,13:30,Erhardt,46,52,98
2025.06.21,13:30,13:45,Erhardt,50,50,100
2025.06.21,13:45,14:00,Erhardt,50,61,111
2025.06.21,14:00,14:15,Erhardt,58,57,115
2025.06.21,14:15,14:30,Erhardt,62,39,101
2025.06.21,14:30,14:45,Erhardt,45,53,98
2025.06.21,14:45,15:00,Erhardt,46,63,109
2025.06.21,15:00,15:15,Erhardt,50,48,98
2025.06.21,15:15,15:30,Erhardt,61,36,97
2025.06.21,15:30,15:45,Erhardt,77,52,129
2025.06.21,15:45,16:00,Erhardt,65,56,121
2025.06.21,16:00,16:15,Erhardt,54,51,105
2025.06.21,16:15,16:30,Erhardt,55,60,115
2025.06.21,16:30,16:45,Erhardt,55,47,102
2025.06.21,16:45,17:00,Erhardt,65,51,116
2025.06.21,17:00,17:15,Erhardt,58,68,126
2025.06.21,17:15,17:30,Erhardt,51,100,151
2025.06.21,17:30,17:45,Erhardt,54,82,136
2025.06.21,17:45,18:00,Erhardt,57,60,117
2025.06.21,18:00,18:15,Erhardt,57,53,110
2025.06.21,18:15,18:30,Erhardt,80,61,141
2025.06.21,18:30,18:45,Erhardt,51,78,129
2025.06.21,18:45,19:00,Erhardt,60,54,114
2025.06.21,19:00,19:15,Erhardt,60,64,124
2025.06.21,19:15,19:30,Erhardt,59,89,148
2025.06.21,19:30,19:45,Erhardt,46,55,101
2025.06.21,19:45,20:00,Erhardt,32,46,78
2025.06.21,20:00,20:15,Erhardt,41,44,85
2025.06.21,20:15,20:30,Erhardt,49,23,72
2025.06.21,20:30,20:45,Erhardt,32,41,73
2025.06.21,20:45,21:00,Erhardt,34,39,73
2025.06.21,21:00,21:15,Erhardt,44,22,66
2025.06.21,21:15,21:30,Erhardt,35,41,76
2025.06.21,21:30,21:45,Erhardt,29,20,49
2025.06.21,21:45,22:00,Erhardt,38,29,67
2025.06.21,22:00,22:15,Erhardt,41,37,78
2025.06.21,22:15,22:30,Erhardt,22,25,47
2025.06.21,22:30,22:45,Erhardt,43,22,65
2025.06.21,22:45,23:00,Erhardt,28,26,54
2025.06.21,23:00,23:15,Erhardt,25,32,57
2025.06.21,23:15,23:30,Erhardt,13,21,34
2025.06.21,23:30,23:45,Erhardt,23,25,48
2025.06.21,23:45,00:00,Erhardt,16,11,27
2025.06.22,00:00,00:15,Erhardt,20,6,26
2025.06.22,00:15,00:30,Erhardt,18,19,37
2025.06.22,00:30,00:45,Erhardt,14,13,27
2025.06.22,00:45,01:00,Erhardt,16,18,34
2025.06.22,01:00,01:15,Erhardt,6,18,24
2025.06.22,01:15,01:30,Erhardt,5,6,11
2025.06.22,01:30,01:45,Erhardt,5,9,14
2025.06.22,01:45,02:00,Erhardt,6,3,9
2025.06.22,02:00,02:15,Erhardt,5,6,11
2025.06.22,02:15,02:30,Erhardt,6,3,9
2025.06.22,02:30,02:45,Erhardt,0,6,6
2025.06.22,02:45,03:00,Erhardt,4,0,4
2025.06.22,03:00,03:15,Erhardt,0,1,1
2025.06.22,03:15,03:30,Erhardt,6,2,8
2025.06.22,03:30,03:45,Erhardt,1,3,4
2025.06.22,03:45,04:00,Erhardt,2,5,7
2025.06.22,04:00,04:15,Erhardt,2,2,4
2025.06.22,04:15,04:30,Erhardt,0,5,5
2025.06.22,04:30,04:45,Erhardt,1,1,2
2025.06.22,04:45,05:00,Erhardt,2,1,3
2025.06.22,05:00,05:15,Erhardt,1,3,4
2025.06.22,05:15,05:30,Erhardt,0,1,1
2025.06.22,05:30,05:45,Erhardt,0,2,2
2025.06.22,05:45,06:00,Erhardt,3,0,3
2025.06.22,06:00,06:15,Erhardt,1,1,2
2025.06.22,06:15,06:30,Erhardt,3,1,4
2025.06.22,06:30,06:45,Erhardt,1,2,3
2025.06.22,06:45,07:00,Erhardt,1,1,2
2025.06.22,07:00,07:15,Erhardt,4,5,9
2025.06.22,07:15,07:30,Erhardt,13,2,15
2025.06.22,07:30,07:45,Erhardt,11,6,17
2025.06.22,07:45,08:00,Erhardt,12,10,22
2025.06.22,08:00,08:15,Erhardt,11,13,24
2025.06.22,08:15,08:30,Erhardt,17,10,27
2025.06.22,08:30,08:45,Erhardt,25,15,40
2025.06.22,08:45,09:00,Erhardt,20,14,34
2025.06.22,09:00,09:15,Erhardt,22,23,45
2025.06.22,09:15,09:30,Erhardt,38,26,64
2025.06.22,09:30,09:45,Erhardt,41,19,60
2025.06.22,09:45,10:00,Erhardt,29,37,66
2025.06.22,10:00,10:15,Erhardt,40,33,73
2025.06.22,10:15,10:30,Erhardt,33,34,67
2025.06.22,10:30,10:45,Erhardt,35,42,77
2025.06.22,10:45,11:00,Erhardt,26,26,52
2025.06.22,11:00,11:15,Erhardt,44,40,84
2025.06.22,11:15,11:30,Erhardt,56,35,91
2025.06.22,11:30,11:45,Erhardt,64,38,102
2025.06.22,11:45,12:00,Erhardt,55,55,110
2025.06.22,12:00,12:15,Erhardt,53,37,90
2025.06.22,12:15,12:30,Erhardt,38,40,78
2025.06.22,12:30,12:45,Erhardt,58,63,121
2025.06.22,12:45,13:00,Erhardt,54,63,117
2025.06.22,13:00,13:15,Erhardt,70,54,124
2025.06.22,13:15,13:30,Erhardt,54,54,108
2025.06.22,13:30,13:45,Erhardt,69,71,140
2025.06.22,13:45,14:00,Erhardt,52,49,101
2025.06.22,14:00,14:15,Erhardt,50,54,104
2025.06.22,14:15,14:30,Erhardt,78,41,119
2025.06.22,14:30,14:45,Erhardt,59,67,126
2025.06.22,14:45,15:00,Erhardt,59,66,125
2025.06.22,15:00,15:15,Erhardt,45,82,127
2025.06.22,15:15,15:30,Erhardt,51,79,130
2025.06.22,15:30,15:45,Erhardt,56,51,107
2025.06.22,15:45,16:00,Erhardt,60,62,122
2025.06.22,16:00,16:15,Erhardt,63,66,129
2025.06.22,16:15,16:30,Erhardt,52,46,98
2025.06.22,16:30,16:45,Erhardt,82,48,130
2025.06.22,16:45,17:00,Erhardt,78,54,132
2025.06.22,17:00,17:15,Erhardt,73,76,149
2025.06.22,17:15,17:30,Erhardt,81,68,149
2025.06.22,17:30,17:45,Erhardt,78,87,165
2025.06.22,17:45,18:00,Erhardt,74,82,156
2025.06.22,18:00,18:15,Erhardt,72,63,135
2025.06.22,18:15,18:30,Erhardt,62,65,127
2025.06.22,18:30,18:45,Erhardt,60,67,127
2025.06.22,18:45,19:00,Erhardt,54,64,118
2025.06.22,19:00,19:15,Erhardt,89,76,165
2025.06.22,19:15,19:30,Erhardt,33,43,76
2025.06.22,19:30,19:45,Erhardt,59,70,129
2025.06.22,19:45,20:00,Erhardt,54,48,102
2025.06.22,20:00,20:15,Erhardt,46,45,91
2025.06.22,20:15,20:30,Erhardt,51,35,86
2025.06.22,20:30,20:45,Erhardt,43,37,80
2025.06.22,20:45,21:00,Erhardt,33,33,66
2025.06.22,21:00,21:15,Erhardt,56,31,87
2025.06.22,21:15,21:30,Erhardt,37,25,62
2025.06.22,21:30,21:45,Erhardt,29,29,58
2025.06.22,21:45,22:00,Erhardt,21,21,42
2025.06.22,22:00,22:15,Erhardt,17,25,42
2025.06.22,22:15,22:30,Erhardt,15,26,41
2025.06.22,22:30,22:45,Erhardt,4,20,24
2025.06.22,22:45,23:00,Erhardt,7,20,27
2025.06.22,23:00,23:15,Erhardt,7,8,15
2025.06.22,23:15,23:30,Erhardt,6,2,8
2025.06.22,23:30,23:45,Erhardt,8,7,15
2025.06.22,23:45,00:00,Erhardt,5,5,10
2025.06.23,00:00,00:15,Erhardt,2,9,11
2025.06.23,00:15,00:30,Erhardt,4,2,6
2025.06.23,00:30,00:45,Erhardt,1,2,3
2025.06.23,00:45,01:00,Erhardt,1,2,3
2025.06.23,01:00,01:15,Erhardt,1,4,5
2025.06.23,01:15,01:30,Erhardt,1,1,2
2025.06.23,01:30,01:45,Erhardt,0,1,1
2025.06.23,01:45,02:00,Erhardt,0,2,2
2025.06.23,02:00,02:15,Erhardt,1,0,1
2025.06.23,02:15,02:30,Erhardt,0,0,0
2025.06.23,02:30,02:45,Erhardt,0,0,0
2025.06.23,02:45,03:00,Erhardt,0,0,0
2025.06.23,03:00,03:15,Erhardt,0,0,0
2025.06.23,03:15,03:30,Erhardt,0,1,1
2025.06.23,03:30,03:45,Erhardt,0,0,0
2025.06.23,03:45,04:00,Erhardt,0,1,1
2025.06.23,04:00,04:15,Erhardt,0,0,0
2025.06.23,04:15,04:30,Erhardt,0,0,0
2025.06.23,04:30,04:45,Erhardt,0,3,3
2025.06.23,04:45,05:00,Erhardt,1,0,1
2025.06.23,05:00,05:15,Erhardt,6,0,6
2025.06.23,05:15,05:30,Erhardt,2,2,4
2025.06.23,05:30,05:45,Erhardt,7,5,12
2025.06.23,05:45,06:00,Erhardt,5,5,10
2025.06.23,06:00,06:15,Erhardt,16,5,21
2025.06.23,06:15,06:30,Erhardt,20,5,25
2025.06.23,06:30,06:45,Erhardt,15,13,28
2025.06.23,06:45,07:00,Erhardt,16,20,36
2025.06.23,07:00,07:15,Erhardt,23,23,46
2025.06.23,07:15,07:30,Erhardt,45,25,70
2025.06.23,07:30,07:45,Erhardt,58,46,104
2025.06.23,07:45,08:00,Erhardt,68,40,108
2025.06.23,08:00,08:15,Erhardt,89,60,149
2025.06.23,08:15,08:30,Erhardt,77,38,115
2025.06.23,08:30,08:45,Erhardt,75,78,153
2025.06.23,08:45,09:00,Erhardt,79,67,146
2025.06.23,09:00,09:15,Erhardt,53,54,107
2025.06.23,09:15,09:30,Erhardt,36,35,71
2025.06.23,09:30,09:45,Erhardt,29,46,75
2025.06.23,09:45,10:00,Erhardt,30,34,64
2025.06.23,10:00,10:15,Erhardt,25,33,58
2025.06.23,10:15,10:30,Erhardt,20,30,50
2025.06.23,10:30,10:45,Erhardt,14,37,51
2025.06.23,10:45,11:00,Erhardt,22,21,43
2025.06.23,11:00,11:15,Erhardt,26,23,49
2025.06.23,11:15,11:30,Erhardt,22,20,42
2025.06.23,11:30,11:45,Erhardt,25,28,53
2025.06.23,11:45,12:00,Erhardt,27,22,49
2025.06.23,12:00,12:15,Erhardt,34,31,65
2025.06.23,12:15,12:30,Erhardt,40,38,78
2025.06.23,12:30,12:45,Erhardt,29,28,57
2025.06.23,12:45,13:00,Erhardt,28,24,52
2025.06.23,13:00,13:15,Erhardt,42,21,63
2025.06.23,13:15,13:30,Erhardt,42,27,69
2025.06.23,13:30,13:45,Erhardt,32,20,52
2025.06.23,13:45,14:00,Erhardt,27,51,78
2025.06.23,14:00,14:15,Erhardt,38,21,59
2025.06.23,14:15,14:30,Erhardt,37,24,61
2025.06.23,14:30,14:45,Erhardt,55,18,73
2025.06.23,14:45,15:00,Erhardt,43,25,68
2025.06.23,15:00,15:15,Erhardt,52,32,84
2025.06.23,15:15,15:30,Erhardt,41,17,58
2025.06.23,15:30,15:45,Erhardt,48,28,76
2025.06.23,15:45,16:00,Erhardt,65,31,96
2025.06.23,16:00,16:15,Erhardt,52,46,98
2025.06.23,16:15,16:30,Erhardt,64,47,111
2025.06.23,16:30,16:45,Erhardt,57,20,77
2025.06.23,16:45,17:00,Erhardt,41,29,70
2025.06.23,17:00,17:15,Erhardt,50,32,82
2025.06.23,17:15,17:30,Erhardt,66,35,101
2025.06.23,17:30,17:45,Erhardt,71,24,95
2025.06.23,17:45,18:00,Erhardt,89,27,116
2025.06.23,18:00,18:15,Erhardt,70,40,110
2025.06.23,18:15,18:30,Erhardt,50,42,92
2025.06.23,18:30,18:45,Erhardt,73,34,107
2025.06.23,18:45,19:00,Erhardt,67,28,95
2025.06.23,19:00,19:15,Erhardt,89,31,120
2025.06.23,19:15,19:30,Erhardt,64,44,108
2025.06.23,19:30,19:45,Erhardt,49,33,82
2025.06.23,19:45,20:00,Erhardt,39,37,76
2025.06.23,20:00,20:15,Erhardt,35,34,69
2025.06.23,20:15,20:30,Erhardt,42,20,62
2025.06.23,20:30,20:45,Erhardt,34,25,59
2025.06.23,20:45,21:00,Erhardt,17,18,35
2025.06.23,21:00,21:15,Erhardt,24,16,40
2025.06.23,21:15,21:30,Erhardt,19,25,44
2025.06.23,21:30,21:45,Erhardt,23,23,46
2025.06.23,21:45,22:00,Erhardt,21,18,39
2025.06.23,22:00,22:15,Erhardt,22,16,38
2025.06.23,22:15,22:30,Erhardt,12,28,40
2025.06.23,22:30,22:45,Erhardt,13,11,24
2025.06.23,22:45,23:00,Erhardt,12,14,26
2025.06.23,23:00,23:15,Erhardt,9,11,20
2025.06.23,23:15,23:30,Erhardt,6,6,12
2025.06.23,23:30,23:45,Erhardt,7,4,11
2025.06.23,23:45,00:00,Erhardt,6,3,9
2025.06.24,00:00,00:15,Erhardt,6,5,11
2025.06.24,00:15,00:30,Erhardt,1,1,2
2025.06.24,00:30,00:45,Erhardt,1,3,4
2025.06.24,00:45,01:00,Erhardt,2,0,2
2025.06.24,01:00,01:15,Erhardt,1,1,2
2025.06.24,01:15,01:30,Erhardt,1,3,4
2025.06.24,01:30,01:45,Erhardt,2,2,4
2025.06.24,01:45,02:00,Erhardt,2,1,3
2025.06.24,02:00,02:15,Erhardt,0,0,0
2025.06.24,02:15,02:30,Erhardt,0,2,2
2025.06.24,02:30,02:45,Erhardt,0,0,0
2025.06.24,02:45,03:00,Erhardt,0,0,0
2025.06.24,03:00,03:15,Erhardt,0,0,0
2025.06.24,03:15,03:30,Erhardt,0,0,0
2025.06.24,03:30,03:45,Erhardt,0,0,0
2025.06.24,03:45,04:00,Erhardt,0,0,0
2025.06.24,04:00,04:15,Erhardt,0,0,0
2025.06.24,04:15,04:30,Erhardt,1,0,1
2025.06.24,04:30,04:45,Erhardt,0,2,2
2025.06.24,04:45,05:00,Erhardt,1,0,1
2025.06.24,05:00,05:15,Erhardt,3,0,3
2025.06.24,05:15,05:30,Erhardt,3,5,8
2025.06.24,05:30,05:45,Erhardt,11,7,18
2025.06.24,05:45,06:00,Erhardt,11,4,15
2025.06.24,06:00,06:15,Erhardt,22,8,30
2025.06.24,06:15,06:30,Erhardt,10,7,17
2025.06.24,06:30,06:45,Erhardt,19,23,42
2025.06.24,06:45,07:00,Erhardt,24,34,58
2025.06.24,07:00,07:15,Erhardt,35,39,74
2025.06.24,07:15,07:30,Erhardt,54,39,93
2025.06.24,07:30,07:45,Erhardt,88,53,141
2025.06.24,07:45,08:00,Erhardt,128,80,208
2025.06.24,08:00,08:15,Erhardt,105,78,183
2025.06.24,08:15,08:30,Erhardt,123,68,191
2025.06.24,08:30,08:45,Erhardt,117,84,201
2025.06.24,08:45,09:00,Erhardt,112,75,187
2025.06.24,09:00,09:15,Erhardt,80,40,120
2025.06.24,09:15,09:30,Erhardt,66,50,116
2025.06.24,09:30,09:45,Erhardt,53,51,104
2025.06.24,09:45,10:00,Erhardt,35,40,75
2025.06.24,10:00,10:15,Erhardt,37,33,70
2025.06.24,10:15,10:30,Erhardt,48,45,93
2025.06.24,10:30,10:45,Erhardt,41,28,69
2025.06.24,10:45,11:00,Erhardt,28,37,65
2025.06.24,11:00,11:15,Erhardt,21,31,52
2025.06.24,11:15,11:30,Erhardt,25,30,55
2025.06.24,11:30,11:45,Erhardt,25,38,63
2025.06.24,11:45,12:00,Erhardt,23,39,62
2025.06.24,12:00,12:15,Erhardt,39,32,71
2025.06.24,12:15,12:30,Erhardt,43,28,71
2025.06.24,12:30,12:45,Erhardt,50,42,92
2025.06.24,12:45,13:00,Erhardt,29,42,71
2025.06.24,13:00,13:15,Erhardt,43,32,75
2025.06.24,13:15,13:30,Erhardt,56,27,83
2025.06.24,13:30,13:45,Erhardt,45,40,85
2025.06.24,13:45,14:00,Erhardt,42,33,75
2025.06.24,14:00,14:15,Erhardt,45,33,78
2025.06.24,14:15,14:30,Erhardt,43,40,83
2025.06.24,14:30,14:45,Erhardt,46,30,76
2025.06.24,14:45,15:00,Erhardt,50,47,97
2025.06.24,15:00,15:15,Erhardt,43,52,95
2025.06.24,15:15,15:30,Erhardt,73,35,108
2025.06.24,15:30,15:45,Erhardt,78,49,127
2025.06.24,15:45,16:00,Erhardt,77,36,113
2025.06.24,16:00,16:15,Erhardt,103,44,147
2025.06.24,16:15,16:30,Erhardt,80,56,136
2025.06.24,16:30,16:45,Erhardt,93,43,136
2025.06.24,16:45,17:00,Erhardt,99,54,153
2025.06.24,17:00,17:15,Erhardt,119,61,180
2025.06.24,17:15,17:30,Erhardt,93,76,169
2025.06.24,17:30,17:45,Erhardt,152,63,215
2025.06.24,17:45,18:00,Erhardt,137,81,218
2025.06.24,18:00,18:15,Erhardt,150,79,229
2025.06.24,18:15,18:30,Erhardt,116,100,216
2025.06.24,18:30,18:45,Erhardt,154,93,247
2025.06.24,18:45,19:00,Erhardt,123,86,209
2025.06.24,19:00,19:15,Erhardt,104,70,174
2025.06.24,19:15,19:30,Erhardt,106,58,164
2025.06.24,19:30,19:45,Erhardt,99,54,153
2025.06.24,19:45,20:00,Erhardt,78,52,130
2025.06.24,20:00,20:15,Erhardt,85,49,134
2025.06.24,20:15,20:30,Erhardt,65,56,121
2025.06.24,20:30,20:45,Erhardt,54,39,93
2025.06.24,20:45,21:00,Erhardt,55,37,92
2025.06.24,21:00,21:15,Erhardt,47,40,87
2025.06.24,21:15,21:30,Erhardt,55,30,85
2025.06.24,21:30,21:45,Erhardt,58,31,89
2025.06.24,21:45,22:00,Erhardt,44,29,73
2025.06.24,22:00,22:15,Erhardt,42,36,78
2025.06.24,22:15,22:30,Erhardt,50,40,90
2025.06.24,22:30,22:45,Erhardt,37,44,81
2025.06.24,22:45,23:00,Erhardt,37,22,59
2025.06.24,23:00,23:15,Erhardt,28,26,54
2025.06.24,23:15,23:30,Erhardt,24,10,34
2025.06.24,23:30,23:45,Erhardt,15,16,31
2025.06.24,23:45,00:00,Erhardt,15,12,27
2025.06.25,00:00,00:15,Erhardt,8,7,15
2025.06.25,00:15,00:30,Erhardt,8,6,14
2025.06.25,00:30,00:45,Erhardt,4,3,7
2025.06.25,00:45,01:00,Erhardt,3,0,3
2025.06.25,01:00,01:15,Erhardt,2,5,7
2025.06.25,01:15,01:30,Erhardt,3,0,3
2025.06.25,01:30,01:45,Erhardt,2,0,2
2025.06.25,01:45,02:00,Erhardt,0,1,1
2025.06.25,02:00,02:15,Erhardt,1,2,3
2025.06.25,02:15,02:30,Erhardt,0,1,1
2025.06.25,02:30,02:45,Erhardt,0,0,0
2025.06.25,02:45,03:00,Erhardt,1,1,2
2025.06.25,03:00,03:15,Erhardt,1,0,1
2025.06.25,03:15,03:30,Erhardt,0,1,1
2025.06.25,03:30,03:45,Erhardt,0,0,0
2025.06.25,03:45,04:00,Erhardt,1,0,1
2025.06.25,04:00,04:15,Erhardt,0,0,0
2025.06.25,04:15,04:30,Erhardt,0,0,0
2025.06.25,04:30,04:45,Erhardt,0,2,2
2025.06.25,04:45,05:00,Erhardt,0,0,0
2025.06.25,05:00,05:15,Erhardt,4,2,6
2025.06.25,05:15,05:30,Erhardt,5,5,10
2025.06.25,05:30,05:45,Erhardt,10,8,18
2025.06.25,05:45,06:00,Erhardt,11,10,21
2025.06.25,06:00,06:15,Erhardt,12,11,23
2025.06.25,06:15,06:30,Erhardt,13,19,32
2025.06.25,06:30,06:45,Erhardt,25,20,45
2025.06.25,06:45,07:00,Erhardt,36,22,58
2025.06.25,07:00,07:15,Erhardt,48,32,80
2025.06.25,07:15,07:30,Erhardt,55,59,114
2025.06.25,07:30,07:45,Erhardt,77,66,143
2025.06.25,07:45,08:00,Erhardt,119,46,165
2025.06.25,08:00,08:15,Erhardt,121,78,199
2025.06.25,08:15,08:30,Erhardt,105,88,193
2025.06.25,08:30,08:45,Erhardt,113,106,219
2025.06.25,08:45,09:00,Erhardt,79,92,171
2025.06.25,09:00,09:15,Erhardt,64,65,129
2025.06.25,09:15,09:30,Erhardt,50,54,104
2025.06.25,09:30,09:45,Erhardt,38,43,81
2025.06.25,09:45,10:00,Erhardt,41,57,98
2025.06.25,10:00,10:15,Erhardt,35,41,76
2025.06.25,10:15,10:30,Erhardt,30,35,65
2025.06.25,10:30,10:45,Erhardt,31,43,74
2025.06.25,10:45,11:00,Erhardt,41,30,71
2025.06.25,11:00,11:15,Erhardt,37,34,71
2025.06.25,11:15,11:30,Erhardt,34,24,58
2025.06.25,11:30,11:45,Erhardt,42,40,82
2025.06.25,11:45,12:00,Erhardt,30,30,60
2025.06.25,12:00,12:15,Erhardt,29,42,71
2025.06.25,12:15,12:30,Erhardt,44,33,77
2025.06.25,12:30,12:45,Erhardt,38,20,58
2025.06.25,12:45,13:00,Erhardt,43,22,65
2025.06.25,13:00,13:15,Erhardt,49,33,82
2025.06.25,13:15,13:30,Erhardt,70,26,96
2025.06.25,13:30,13:45,Erhardt,54,48,102
2025.06.25,13:45,14:00,Erhardt,35,47,82
2025.06.25,14:00,14:15,Erhardt,52,32,84
2025.06.25,14:15,14:30,Erhardt,63,28,91
2025.06.25,14:30,14:45,Erhardt,38,37,75
2025.06.25,14:45,15:00,Erhardt,58,37,95
2025.06.25,15:00,15:15,Erhardt,70,32,102
2025.06.25,15:15,15:30,Erhardt,76,36,112
2025.06.25,15:30,15:45,Erhardt,56,45,101
2025.06.25,15:45,16:00,Erhardt,77,32,109
2025.06.25,16:00,16:15,Erhardt,77,35,112
2025.06.25,16:15,16:30,Erhardt,70,65,135
2025.06.25,16:30,16:45,Erhardt,82,61,143
2025.06.25,16:45,17:00,Erhardt,99,61,160
2025.06.25,17:00,17:15,Erhardt,88,67,155
2025.06.25,17:15,17:30,Erhardt,100,100,200
2025.06.25,17:30,17:45,Erhardt,130,94,224
2025.06.25,17:45,18:00,Erhardt,137,103,240
2025.06.25,18:00,18:15,Erhardt,168,74,242
2025.06.25,18:15,18:30,Erhardt,142,166,308
2025.06.25,18:30,18:45,Erhardt,128,107,235
2025.06.25,18:45,19:00,Erhardt,126,103,229
2025.06.25,19:00,19:15,Erhardt,105,93,198
2025.06.25,19:15,19:30,Erhardt,86,98,184
2025.06.25,19:30,19:45,Erhardt,86,74,160
2025.06.25,19:45,20:00,Erhardt,87,66,153
2025.06.25,20:00,20:15,Erhardt,67,65,132
2025.06.25,20:15,20:30,Erhardt,93,62,155
2025.06.25,20:30,20:45,Erhardt,67,64,131
2025.06.25,20:45,21:00,Erhardt,68,59,127
2025.06.25,21:00,21:15,Erhardt,60,60,120
2025.06.25,21:15,21:30,Erhardt,50,46,96
2025.06.25,21:30,21:45,Erhardt,80,49,129
2025.06.25,21:45,22:00,Erhardt,44,50,94
2025.06.25,22:00,22:15,Erhardt,50,45,95
2025.06.25,22:15,22:30,Erhardt,53,48,101
2025.06.25,22:30,22:45,Erhardt,40,34,74
2025.06.25,22:45,23:00,Erhardt,34,30,64
2025.06.25,23:00,23:15,Erhardt,40,28,68
2025.06.25,23:15,23:30,Erhardt,35,22,57
2025.06.25,23:30,23:45,Erhardt,25,24,49
2025.06.25,23:45,00:00,Erhardt,11,16,27
2025.06.26,00:00,00:15,Erhardt,10,12,22
2025.06.26,00:15,00:30,Erhardt,7,3,10
2025.06.26,00:30,00:45,Erhardt,2,10,12
2025.06.26,00:45,01:00,Erhardt,1,7,8
2025.06.26,01:00,01:15,Erhardt,3,2,5
2025.06.26,01:15,01:30,Erhardt,2,2,4
2025.06.26,01:30,01:45,Erhardt,4,1,5
2025.06.26,01:45,02:00,Erhardt,1,5,6
2025.06.26,02:00,02:15,Erhardt,3,0,3
2025.06.26,02:15,02:30,Erhardt,2,0,2
2025.06.26,02:30,02:45,Erhardt,0,2,2
2025.06.26,02:45,03:00,Erhardt,1,1,2
2025.06.26,03:00,03:15,Erhardt,0,0,0
2025.06.26,03:15,03:30,Erhardt,0,0,0
2025.06.26,03:30,03:45,Erhardt,0,0,0
2025.06.26,03:45,04:00,Erhardt,0,1,1
2025.06.26,04:00,04:15,Erhardt,0,0,0
2025.06.26,04:15,04:30,Erhardt,1,2,3
2025.06.26,04:30,04:45,Erhardt,0,2,2
2025.06.26,04:45,05:00,Erhardt,3,0,3
2025.06.26,05:00,05:15,Erhardt,1,0,1
2025.06.26,05:15,05:30,Erhardt,7,5,12
2025.06.26,05:30,05:45,Erhardt,6,6,12
2025.06.26,05:45,06:00,Erhardt,6,9,15
2025.06.26,06:00,06:15,Erhardt,11,7,18
2025.06.26,06:15,06:30,Erhardt,15,10,25
2025.06.26,06:30,06:45,Erhardt,21,20,41
2025.06.26,06:45,07:00,Erhardt,39,22,61
2025.06.26,07:00,07:15,Erhardt,41,28,69
2025.06.26,07:15,07:30,Erhardt,44,19,63
2025.06.26,07:30,07:45,Erhardt,64,41,105
2025.06.26,07:45,08:00,Erhardt,89,62,151
2025.06.26,08:00,08:15,Erhardt,79,64,143
2025.06.26,08:15,08:30,Erhardt,97,66,163
2025.06.26,08:30,08:45,Erhardt,105,64,169
2025.06.26,08:45,09:00,Erhardt,73,65,138
2025.06.26,09:00,09:15,Erhardt,48,59,107
2025.06.26,09:15,09:30,Erhardt,59,36,95
2025.06.26,09:30,09:45,Erhardt,36,37,73
2025.06.26,09:45,10:00,Erhardt,39,42,81
2025.06.26,10:00,10:15,Erhardt,36,40,76
2025.06.26,10:15,10:30,Erhardt,21,27,48
2025.06.26,10:30,10:45,Erhardt,36,20,56
2025.06.26,10:45,11:00,Erhardt,38,25,63
2025.06.26,11:00,11:15,Erhardt,27,19,46
2025.06.26,11:15,11:30,Erhardt,34,28,62
2025.06.26,11:30,11:45,Erhardt,40,23,63
2025.06.26,11:45,12:00,Erhardt,31,38,69
2025.06.26,12:00,12:15,Erhardt,26,35,61
2025.06.26,12:15,12:30,Erhardt,37,26,63
2025.06.26,12:30,12:45,Erhardt,27,34,61
2025.06.26,12:45,13:00,Erhardt,35,39,74
2025.06.26,13:00,13:15,Erhardt,29,28,57
2025.06.26,13:15,13:30,Erhardt,47,24,71
2025.06.26,13:30,13:45,Erhardt,38,51,89
2025.06.26,13:45,14:00,Erhardt,39,40,79
2025.06.26,14:00,14:15,Erhardt,56,37,93
2025.06.26,14:15,14:30,Erhardt,33,24,57
2025.06.26,14:30,14:45,Erhardt,32,25,57
2025.06.26,14:45,15:00,Erhardt,21,21,42
2025.06.26,15:00,15:15,Erhardt,37,14,51
2025.06.26,15:15,15:30,Erhardt,43,22,65
2025.06.26,15:30,15:45,Erhardt,49,41,90
2025.06.26,15:45,16:00,Erhardt,51,29,80
2025.06.26,16:00,16:15,Erhardt,49,44,93
2025.06.26,16:15,16:30,Erhardt,64,27,91
2025.06.26,16:30,16:45,Erhardt,54,33,87
2025.06.26,16:45,17:00,Erhardt,72,40,112
2025.06.26,17:00,17:15,Erhardt,47,25,72
2025.06.26,17:15,17:30,Erhardt,63,30,93
2025.06.26,17:30,17:45,Erhardt,54,40,94
2025.06.26,17:45,18:00,Erhardt,47,21,68
2025.06.26,18:00,18:15,Erhardt,42,24,66
2025.06.26,18:15,18:30,Erhardt,32,19,51
2025.06.26,18:30,18:45,Erhardt,36,22,58
2025.06.26,18:45,19:00,Erhardt,31,33,64
2025.06.26,19:00,19:15,Erhardt,24,26,50
2025.06.26,19:15,19:30,Erhardt,31,25,56
2025.06.26,19:30,19:45,Erhardt,22,21,43
2025.06.26,19:45,20:00,Erhardt,20,16,36
2025.06.26,20:00,20:15,Erhardt,30,20,50
2025.06.26,20:15,20:30,Erhardt,15,22,37
2025.06.26,20:30,20:45,Erhardt,10,12,22
2025.06.26,20:45,21:00,Erhardt,15,12,27
2025.06.26,21:00,21:15,Erhardt,18,16,34
2025.06.26,21:15,21:30,Erhardt,12,7,19
2025.06.26,21:30,21:45,Erhardt,10,17,27
2025.06.26,21:45,22:00,Erhardt,10,9,19
2025.06.26,22:00,22:15,Erhardt,17,17,34
2025.06.26,22:15,22:30,Erhardt,17,9,26
2025.06.26,22:30,22:45,Erhardt,10,12,22
2025.06.26,22:45,23:00,Erhardt,10,7,17
2025.06.26,23:00,23:15,Erhardt,6,4,10
2025.06.26,23:15,23:30,Erhardt,8,5,13
2025.06.26,23:30,23:45,Erhardt,11,7,18
2025.06.26,23:45,00:00,Erhardt,7,12,19
2025.06.27,00:00,00:15,Erhardt,3,7,10
2025.06.27,00:15,00:30,Erhardt,3,3,6
2025.06.27,00:30,00:45,Erhardt,3,2,5
2025.06.27,00:45,01:00,Erhardt,0,3,3
2025.06.27,01:00,01:15,Erhardt,1,1,2
2025.06.27,01:15,01:30,Erhardt,5,3,8
2025.06.27,01:30,01:45,Erhardt,1,3,4
2025.06.27,01:45,02:00,Erhardt,1,1,2
2025.06.27,02:00,02:15,Erhardt,2,2,4
2025.06.27,02:15,02:30,Erhardt,0,0,0
2025.06.27,02:30,02:45,Erhardt,0,1,1
2025.06.27,02:45,03:00,Erhardt,0,0,0
2025.06.27,03:00,03:15,Erhardt,2,0,2
2025.06.27,03:15,03:30,Erhardt,0,1,1
2025.06.27,03:30,03:45,Erhardt,0,2,2
2025.06.27,03:45,04:00,Erhardt,0,0,0
2025.06.27,04:00,04:15,Erhardt,0,0,0
2025.06.27,04:15,04:30,Erhardt,1,2,3
2025.06.27,04:30,04:45,Erhardt,0,0,0
2025.06.27,04:45,05:00,Erhardt,1,3,4
2025.06.27,05:00,05:15,Erhardt,2,0,2
2025.06.27,05:15,05:30,Erhardt,2,0,2
2025.06.27,05:30,05:45,Erhardt,5,4,9
2025.06.27,05:45,06:00,Erhardt,6,10,16
2025.06.27,06:00,06:15,Erhardt,6,9,15
2025.06.27,06:15,06:30,Erhardt,14,9,23
2025.06.27,06:30,06:45,Erhardt,17,13,30
2025.06.27,06:45,07:00,Erhardt,19,12,31
2025.06.27,07:00,07:15,Erhardt,22,15,37
2025.06.27,07:15,07:30,Erhardt,24,26,50
2025.06.27,07:30,07:45,Erhardt,38,45,83
2025.06.27,07:45,08:00,Erhardt,79,47,126
2025.06.27,08:00,08:15,Erhardt,41,35,76
2025.06.27,08:15,08:30,Erhardt,64,46,110
2025.06.27,08:30,08:45,Erhardt,53,46,99
2025.06.27,08:45,09:00,Erhardt,49,45,94
2025.06.27,09:00,09:15,Erhardt,34,30,64
2025.06.27,09:15,09:30,Erhardt,34,32,66
2025.06.27,09:30,09:45,Erhardt,31,36,67
2025.06.27,09:45,10:00,Erhardt,36,22,58
2025.06.27,10:00,10:15,Erhardt,21,21,42
2025.06.27,10:15,10:30,Erhardt,23,30,53
2025.06.27,10:30,10:45,Erhardt,27,25,52
2025.06.27,10:45,11:00,Erhardt,30,22,52
2025.06.27,11:00,11:15,Erhardt,28,24,52
2025.06.27,11:15,11:30,Erhardt,26,29,55
2025.06.27,11:30,11:45,Erhardt,24,30,54
2025.06.27,11:45,12:00,Erhardt,23,30,53
2025.06.27,12:00,12:15,Erhardt,44,35,79
2025.06.27,12:15,12:30,Erhardt,44,26,70
2025.06.27,12:30,12:45,Erhardt,50,28,78
2025.06.27,12:45,13:00,Erhardt,37,33,70
2025.06.27,13:00,13:15,Erhardt,52,35,87
2025.06.27,13:15,13:30,Erhardt,75,33,108
2025.06.27,13:30,13:45,Erhardt,38,38,76
2025.06.27,13:45,14:00,Erhardt,41,37,78
2025.06.27,14:00,14:15,Erhardt,35,33,68
2025.06.27,14:15,14:30,Erhardt,34,23,57
2025.06.27,14:30,14:45,Erhardt,28,35,63
2025.06.27,14:45,15:00,Erhardt,52,28,80
2025.06.27,15:00,15:15,Erhardt,49,27,76
2025.06.27,15:15,15:30,Erhardt,39,26,65
2025.06.27,15:30,15:45,Erhardt,52,40,92
2025.06.27,15:45,16:00,Erhardt,69,36,105
2025.06.27,16:00,16:15,Erhardt,72,26,98
2025.06.27,16:15,16:30,Erhardt,63,26,89
2025.06.27,16:30,16:45,Erhardt,50,45,95
2025.06.27,16:45,17:00,Erhardt,49,38,87
2025.06.27,17:00,17:15,Erhardt,58,53,111
2025.06.27,17:15,17:30,Erhardt,77,44,121
2025.06.27,17:30,17:45,Erhardt,53,47,100
2025.06.27,17:45,18:00,Erhardt,86,38,124
2025.06.27,18:00,18:15,Erhardt,57,36,93
2025.06.27,18:15,18:30,Erhardt,49,42,91
2025.06.27,18:30,18:45,Erhardt,50,51,101
2025.06.27,18:45,19:00,Erhardt,69,44,113
2025.06.27,19:00,19:15,Erhardt,71,39,110
2025.06.27,19:15,19:30,Erhardt,50,39,89
2025.06.27,19:30,19:45,Erhardt,47,40,87
2025.06.27,19:45,20:00,Erhardt,47,41,88
2025.06.27,20:00,20:15,Erhardt,37,35,72
2025.06.27,20:15,20:30,Erhardt,33,30,63
2025.06.27,20:30,20:45,Erhardt,22,23,45
2025.06.27,20:45,21:00,Erhardt,18,25,43
2025.06.27,21:00,21:15,Erhardt,41,22,63
2025.06.27,21:15,21:30,Erhardt,20,25,45
2025.06.27,21:30,21:45,Erhardt,36,20,56
2025.06.27,21:45,22:00,Erhardt,32,16,48
2025.06.27,22:00,22:15,Erhardt,35,23,58
2025.06.27,22:15,22:30,Erhardt,27,25,52
2025.06.27,22:30,22:45,Erhardt,23,21,44
2025.06.27,22:45,23:00,Erhardt,28,21,49
2025.06.27,23:00,23:15,Erhardt,26,15,41
2025.06.27,23:15,23:30,Erhardt,20,17,37
2025.06.27,23:30,23:45,Erhardt,30,13,43
2025.06.27,23:45,00:00,Erhardt,26,22,48
2025.06.28,00:00,00:15,Erhardt,25,11,36
2025.06.28,00:15,00:30,Erhardt,17,13,30
2025.06.28,00:30,00:45,Erhardt,24,15,39
2025.06.28,00:45,01:00,Erhardt,19,11,30
2025.06.28,01:00,01:15,Erhardt,11,11,22
2025.06.28,01:15,01:30,Erhardt,11,9,20
2025.06.28,01:30,01:45,Erhardt,5,8,13
2025.06.28,01:45,02:00,Erhardt,5,1,6
2025.06.28,02:00,02:15,Erhardt,4,7,11
2025.06.28,02:15,02:30,Erhardt,5,8,13
2025.06.28,02:30,02:45,Erhardt,5,4,9
2025.06.28,02:45,03:00,Erhardt,2,1,3
2025.06.28,03:00,03:15,Erhardt,1,2,3
2025.06.28,03:15,03:30,Erhardt,1,3,4
2025.06.28,03:30,03:45,Erhardt,2,6,8
2025.06.28,03:45,04:00,Erhardt,1,3,4
2025.06.28,04:00,04:15,Erhardt,5,0,5
2025.06.28,04:15,04:30,Erhardt,0,5,5
2025.06.28,04:30,04:45,Erhardt,0,2,2
2025.06.28,04:45,05:00,Erhardt,1,1,2
2025.06.28,05:00,05:15,Erhardt,1,1,2
2025.06.28,05:15,05:30,Erhardt,2,3,5
2025.06.28,05:30,05:45,Erhardt,3,1,4
2025.06.28,05:45,06:00,Erhardt,3,2,5
2025.06.28,06:00,06:15,Erhardt,3,3,6
2025.06.28,06:15,06:30,Erhardt,4,1,5
2025.06.28,06:30,06:45,Erhardt,4,6,10
2025.06.28,06:45,07:00,Erhardt,9,6,15
2025.06.28,07:00,07:15,Erhardt,2,7,9
2025.06.28,07:15,07:30,Erhardt,13,8,21
2025.06.28,07:30,07:45,Erhardt,12,8,20
2025.06.28,07:45,08:00,Erhardt,16,14,30
2025.06.28,08:00,08:15,Erhardt,15,15,30
2025.06.28,08:15,08:30,Erhardt,25,16,41
2025.06.28,08:30,08:45,Erhardt,28,22,50
2025.06.28,08:45,09:00,Erhardt,37,31,68
2025.06.28,09:00,09:15,Erhardt,30,32,62
2025.06.28,09:15,09:30,Erhardt,38,20,58
2025.06.28,09:30,09:45,Erhardt,55,39,94
2025.06.28,09:45,10:00,Erhardt,32,35,67
2025.06.28,10:00,10:15,Erhardt,40,39,79
2025.06.28,10:15,10:30,Erhardt,36,42,78
2025.06.28,10:30,10:45,Erhardt,39,51,90
2025.06.28,10:45,11:00,Erhardt,41,53,94
2025.06.28,11:00,11:15,Erhardt,53,36,89
2025.06.28,11:15,11:30,Erhardt,78,45,123
2025.06.28,11:30,11:45,Erhardt,80,42,122
2025.06.28,11:45,12:00,Erhardt,87,47,134
2025.06.28,12:00,12:15,Erhardt,67,52,119
2025.06.28,12:15,12:30,Erhardt,101,33,134
2025.06.28,12:30,12:45,Erhardt,71,37,108
2025.06.28,12:45,13:00,Erhardt,87,39,126
2025.06.28,13:00,13:15,Erhardt,56,61,117
2025.06.28,13:15,13:30,Erhardt,65,63,128
2025.06.28,13:30,13:45,Erhardt,74,75,149
2025.06.28,13:45,14:00,Erhardt,73,51,124
2025.06.28,14:00,14:15,Erhardt,68,71,139
2025.06.28,14:15,14:30,Erhardt,76,76,152
2025.06.28,14:30,14:45,Erhardt,54,74,128
2025.06.28,14:45,15:00,Erhardt,82,83,165
2025.06.28,15:00,15:15,Erhardt,69,73,142
2025.06.28,15:15,15:30,Erhardt,61,59,120
2025.06.28,15:30,15:45,Erhardt,57,81,138
2025.06.28,15:45,16:00,Erhardt,54,83,137
2025.06.28,16:00,16:15,Erhardt,54,75,129
2025.06.28,16:15,16:30,Erhardt,46,78,124
2025.06.28,16:30,16:45,Erhardt,52,49,101
2025.06.28,16:45,17:00,Erhardt,52,76,128
2025.06.28,17:00,17:15,Erhardt,76,78,154
2025.06.28,17:15,17:30,Erhardt,76,80,156
2025.06.28,17:30,17:45,Erhardt,78,50,128
2025.06.28,17:45,18:00,Erhardt,87,62,149
2025.06.28,18:00,18:15,Erhardt,73,47,120
2025.06.28,18:15,18:30,Erhardt,48,80,128
2025.06.28,18:30,18:45,Erhardt,73,76,149
2025.06.28,18:45,19:00,Erhardt,77,90,167
2025.06.28,19:00,19:15,Erhardt,75,79,154
2025.06.28,19:15,19:30,Erhardt,82,40,122
2025.06.28,19:30,19:45,Erhardt,60,58,118
2025.06.28,19:45,20:00,Erhardt,37,37,74
2025.06.28,20:00,20:15,Erhardt,58,43,101
2025.06.28,20:15,20:30,Erhardt,50,43,93
2025.06.28,20:30,20:45,Erhardt,51,43,94
2025.06.28,20:45,21:00,Erhardt,37,32,69
2025.06.28,21:00,21:15,Erhardt,26,30,56
2025.06.28,21:15,21:30,Erhardt,45,32,77
2025.06.28,21:30,21:45,Erhardt,45,26,71
2025.06.28,21:45,22:00,Erhardt,45,24,69
2025.06.28,22:00,22:15,Erhardt,37,21,58
2025.06.28,22:15,22:30,Erhardt,63,37,100
2025.06.28,22:30,22:45,Erhardt,31,23,54
2025.06.28,22:45,23:00,Erhardt,36,37,73
2025.06.28,23:00,23:15,Erhardt,19,20,39
2025.06.28,23:15,23:30,Erhardt,21,27,48
2025.06.28,23:30,23:45,Erhardt,34,21,55
2025.06.28,23:45,00:00,Erhardt,34,25,59
2025.06.29,00:00,00:15,Erhardt,20,15,35
2025.06.29,00:15,00:30,Erhardt,36,13,49
2025.06.29,00:30,00:45,Erhardt,11,23,34
2025.06.29,00:45,01:00,Erhardt,13,22,35
2025.06.29,01:00,01:15,Erhardt,17,19,36
2025.06.29,01:15,01:30,Erhardt,13,7,20
2025.06.29,01:30,01:45,Erhardt,5,12,17
2025.06.29,01:45,02:00,Erhardt,12,17,29
2025.06.29,02:00,02:15,Erhardt,6,20,26
2025.06.29,02:15,02:30,Erhardt,2,6,8
2025.06.29,02:30,02:45,Erhardt,8,8,16
2025.06.29,02:45,03:00,Erhardt,7,13,20
2025.06.29,03:00,03:15,Erhardt,3,10,13
2025.06.29,03:15,03:30,Erhardt,3,3,6
2025.06.29,03:30,03:45,Erhardt,4,6,10
2025.06.29,03:45,04:00,Erhardt,5,10,15
2025.06.29,04:00,04:15,Erhardt,0,1,1
2025.06.29,04:15,04:30,Erhardt,2,3,5
2025.06.29,04:30,04:45,Erhardt,0,0,0
2025.06.29,04:45,05:00,Erhardt,1,1,2
2025.06.29,05:00,05:15,Erhardt,1,3,4
2025.06.29,05:15,05:30,Erhardt,2,1,3
2025.06.29,05:30,05:45,Erhardt,4,3,7
2025.06.29,05:45,06:00,Erhardt,1,4,5
2025.06.29,06:00,06:15,Erhardt,1,5,6
2025.06.29,06:15,06:30,Erhardt,3,2,5
2025.06.29,06:30,06:45,Erhardt,4,5,9
2025.06.29,06:45,07:00,Erhardt,6,7,13
2025.06.29,07:00,07:15,Erhardt,9,4,13
2025.06.29,07:15,07:30,Erhardt,8,8,16
2025.06.29,07:30,07:45,Erhardt,7,5,12
2025.06.29,07:45,08:00,Erhardt,11,8,19
2025.06.29,08:00,08:15,Erhardt,12,7,19
2025.06.29,08:15,08:30,Erhardt,27,21,48
2025.06.29,08:30,08:45,Erhardt,24,16,40
2025.06.29,08:45,09:00,Erhardt,31,23,54
2025.06.29,09:00,09:15,Erhardt,27,24,51
2025.06.29,09:15,09:30,Erhardt,40,18,58
2025.06.29,09:30,09:45,Erhardt,43,23,66
2025.06.29,09:45,10:00,Erhardt,37,62,99
2025.06.29,10:00,10:15,Erhardt,41,40,81
2025.06.29,10:15,10:30,Erhardt,45,28,73
2025.06.29,10:30,10:45,Erhardt,44,44,88
2025.06.29,10:45,11:00,Erhardt,58,56,114
2025.06.29,11:00,11:15,Erhardt,48,39,87
2025.06.29,11:15,11:30,Erhardt,57,42,99
2025.06.29,11:30,11:45,Erhardt,54,51,105
2025.06.29,11:45,12:00,Erhardt,81,47,128
2025.06.29,12:00,12:15,Erhardt,53,49,102
2025.06.29,12:15,12:30,Erhardt,64,56,120
2025.06.29,12:30,12:45,Erhardt,54,81,135
2025.06.29,12:45,13:00,Erhardt,54,72,126
2025.06.29,13:00,13:15,Erhardt,68,66,134
2025.06.29,13:15,13:30,Erhardt,62,69,131
2025.06.29,13:30,13:45,Erhardt,52,64,116
2025.06.29,13:45,14:00,Erhardt,62,55,117
2025.06.29,14:00,14:15,Erhardt,85,73,158
2025.06.29,14:15,14:30,Erhardt,67,71,138
2025.06.29,14:30,14:45,Erhardt,61,72,133
2025.06.29,14:45,15:00,Erhardt,85,82,167
2025.06.29,15:00,15:15,Erhardt,73,73,146
2025.06.29,15:15,15:30,Erhardt,69,76,145
2025.06.29,15:30,15:45,Erhardt,62,61,123
2025.06.29,15:45,16:00,Erhardt,55,49,104
2025.06.29,16:00,16:15,Erhardt,58,74,132
2025.06.29,16:15,16:30,Erhardt,68,54,122
2025.06.29,16:30,16:45,Erhardt,76,95,171
2025.06.29,16:45,17:00,Erhardt,57,88,145
2025.06.29,17:00,17:15,Erhardt,95,55,150
2025.06.29,17:15,17:30,Erhardt,56,86,142
2025.06.29,17:30,17:45,Erhardt,81,98,179
2025.06.29,17:45,18:00,Erhardt,92,105,197
2025.06.29,18:00,18:15,Erhardt,94,71,165
2025.06.29,18:15,18:30,Erhardt,72,70,142
2025.06.29,18:30,18:45,Erhardt,76,104,180
2025.06.29,18:45,19:00,Erhardt,77,66,143
2025.06.29,19:00,19:15,Erhardt,58,72,130
2025.06.29,19:15,19:30,Erhardt,52,61,113
2025.06.29,19:30,19:45,Erhardt,60,63,123
2025.06.29,19:45,20:00,Erhardt,81,62,143
2025.06.29,20:00,20:15,Erhardt,45,56,101
2025.06.29,20:15,20:30,Erhardt,57,37,94
2025.06.29,20:30,20:45,Erhardt,44,50,94
2025.06.29,20:45,21:00,Erhardt,52,46,98
2025.06.29,21:00,21:15,Erhardt,31,33,64
2025.06.29,21:15,21:30,Erhardt,35,53,88
2025.06.29,21:30,21:45,Erhardt,46,57,103
2025.06.29,21:45,22:00,Erhardt,32,41,73
2025.06.29,22:00,22:15,Erhardt,34,28,62
2025.06.29,22:15,22:30,Erhardt,45,25,70
2025.06.29,22:30,22:45,Erhardt,34,19,53
2025.06.29,22:45,23:00,Erhardt,27,18,45
2025.06.29,23:00,23:15,Erhardt,4,12,16
2025.06.29,23:15,23:30,Erhardt,15,10,25
2025.06.29,23:30,23:45,Erhardt,20,6,26
2025.06.29,23:45,00:00,Erhardt,8,10,18
2025.06.30,00:00,00:15,Erhardt,4,1,5
2025.06.30,00:15,00:30,Erhardt,6,6,12
2025.06.30,00:30,00:45,Erhardt,3,3,6
2025.06.30,00:45,01:00,Erhardt,4,1,5
2025.06.30,01:00,01:15,Erhardt,1,1,2
2025.06.30,01:15,01:30,Erhardt,1,6,7
2025.06.30,01:30,01:45,Erhardt,1,1,2
2025.06.30,01:45,02:00,Erhardt,3,0,3
2025.06.30,02:00,02:15,Erhardt,0,2,2
2025.06.30,02:15,02:30,Erhardt,2,4,6
2025.06.30,02:30,02:45,Erhardt,1,0,1
2025.06.30,02:45,03:00,Erhardt,0,0,0
2025.06.30,03:00,03:15,Erhardt,0,0,0
2025.06.30,03:15,03:30,Erhardt,0,0,0
2025.06.30,03:30,03:45,Erhardt,0,0,0
2025.06.30,03:45,04:00,Erhardt,0,0,0
2025.06.30,04:00,04:15,Erhardt,0,0,0
2025.06.30,04:15,04:30,Erhardt,2,0,2
2025.06.30,04:30,04:45,Erhardt,0,2,2
2025.06.30,04:45,05:00,Erhardt,1,0,1
2025.06.30,05:00,05:15,Erhardt,0,0,0
2025.06.30,05:15,05:30,Erhardt,4,3,7
2025.06.30,05:30,05:45,Erhardt,8,9,17
2025.06.30,05:45,06:00,Erhardt,7,11,18
2025.06.30,06:00,06:15,Erhardt,17,10,27
2025.06.30,06:15,06:30,Erhardt,24,10,34
2025.06.30,06:30,06:45,Erhardt,21,13,34
2025.06.30,06:45,07:00,Erhardt,26,23,49
2025.06.30,07:00,07:15,Erhardt,33,35,68
2025.06.30,07:15,07:30,Erhardt,55,48,103
2025.06.30,07:30,07:45,Erhardt,75,58,133
2025.06.30,07:45,08:00,Erhardt,74,66,140
2025.06.30,08:00,08:15,Erhardt,101,56,157
2025.06.30,08:15,08:30,Erhardt,105,62,167
2025.06.30,08:30,08:45,Erhardt,115,78,193
2025.06.30,08:45,09:00,Erhardt,88,83,171
2025.06.30,09:00,09:15,Erhardt,72,64,136
2025.06.30,09:15,09:30,Erhardt,36,50,86
2025.06.30,09:30,09:45,Erhardt,43,34,77
2025.06.30,09:45,10:00,Erhardt,47,41,88
2025.06.30,10:00,10:15,Erhardt,31,26,57
2025.06.30,10:15,10:30,Erhardt,29,29,58
2025.06.30,10:30,10:45,Erhardt,47,32,79
2025.06.30,10:45,11:00,Erhardt,29,33,62
2025.06.30,11:00,11:15,Erhardt,30,36,66
2025.06.30,11:15,11:30,Erhardt,34,26,60
2025.06.30,11:30,11:45,Erhardt,31,30,61
2025.06.30,11:45,12:00,Erhardt,41,33,74
2025.06.30,12:00,12:15,Erhardt,45,40,85
2025.06.30,12:15,12:30,Erhardt,49,34,83
2025.06.30,12:30,12:45,Erhardt,44,25,69
2025.06.30,12:45,13:00,Erhardt,49,38,87
2025.06.30,13:00,13:15,Erhardt,55,18,73
2025.06.30,13:15,13:30,Erhardt,60,31,91
2025.06.30,13:30,13:45,Erhardt,39,41,80
2025.06.30,13:45,14:00,Erhardt,55,25,80
2025.06.30,14:00,14:15,Erhardt,44,41,85
2025.06.30,14:15,14:30,Erhardt,45,41,86
2025.06.30,14:30,14:45,Erhardt,49,44,93
2025.06.30,14:45,15:00,Erhardt,56,46,102
2025.06.30,15:00,15:15,Erhardt,55,30,85
2025.06.30,15:15,15:30,Erhardt,63,52,115
2025.06.30,15:30,15:45,Erhardt,71,34,105
2025.06.30,15:45,16:00,Erhardt,55,52,107
2025.06.30,16:00,16:15,Erhardt,61,48,109
2025.06.30,16:15,16:30,Erhardt,82,60,142
2025.06.30,16:30,16:45,Erhardt,99,60,159
2025.06.30,16:45,17:00,Erhardt,73,73,146
2025.06.30,17:00,17:15,Erhardt,102,63,165
2025.06.30,17:15,17:30,Erhardt,110,75,185
2025.06.30,17:30,17:45,Erhardt,97,87,184
2025.06.30,17:45,18:00,Erhardt,150,76,226
2025.06.30,18:00,18:15,Erhardt,164,62,226
2025.06.30,18:15,18:30,Erhardt,127,96,223
2025.06.30,18:30,18:45,Erhardt,104,97,201
2025.06.30,18:45,19:00,Erhardt,122,90,212
2025.06.30,19:00,19:15,Erhardt,103,74,177
2025.06.30,19:15,19:30,Erhardt,90,85,175
2025.06.30,19:30,19:45,Erhardt,96,67,163
2025.06.30,19:45,20:00,Erhardt,69,59,128
2025.06.30,20:00,20:15,Erhardt,65,54,119
2025.06.30,20:15,20:30,Erhardt,56,37,93
2025.06.30,20:30,20:45,Erhardt,45,44,89
2025.06.30,20:45,21:00,Erhardt,59,36,95
2025.06.30,21:00,21:15,Erhardt,55,45,100
2025.06.30,21:15,21:30,Erhardt,47,42,89
2025.06.30,21:30,21:45,Erhardt,57,56,113
2025.06.30,21:45,22:00,Erhardt,55,30,85
2025.06.30,22:00,22:15,Erhardt,47,48,95
2025.06.30,22:15,22:30,Erhardt,40,41,81
2025.06.30,22:30,22:45,Erhardt,32,38,70
2025.06.30,22:45,23:00,Erhardt,40,30,70
2025.06.30,23:00,23:15,Erhardt,20,9,29
2025.06.30,23:15,23:30,Erhardt,20,22,42
2025.06.30,23:30,23:45,Erhardt,15,10,25
2025.06.30,23:45,00:00,Erhardt,6,16,22
